step,loss,val_loss,lr,grad_norm,proj_grad_norm,tokens_per_s
0,12.52182,12.51974,3.000e-06,0.928,0.686,6738
1,12.52499,12.51974,6.000e-06,1.043,0.759,15520
2,12.50757,12.51974,9.000e-06,0.971,0.723,15344
3,12.50822,12.51974,1.200e-05,0.937,0.686,15338
4,12.49870,12.51974,1.500e-05,0.963,0.705,15351
5,12.47967,12.51974,1.800e-05,0.988,0.724,15368
6,12.47437,12.51974,2.100e-05,1.067,0.771,15338
7,12.46101,12.51974,2.400e-05,1.016,0.736,15341
8,12.43282,12.51974,2.700e-05,0.958,0.696,15352
9,12.41171,12.51974,3.000e-05,0.963,0.697,15338
10,12.38632,12.51974,3.300e-05,0.947,0.680,15349
11,12.35633,12.51974,3.600e-05,0.955,0.686,15349
12,12.32623,12.51974,3.900e-05,0.986,0.680,15382
13,12.29678,12.51974,4.200e-05,0.949,0.648,15362
14,12.26474,12.51974,4.500e-05,0.990,0.641,15353
15,12.21873,12.51974,4.800e-05,0.963,0.619,15339
16,12.18849,12.51974,5.100e-05,0.937,0.591,15338
17,12.15572,12.51974,5.400e-05,0.956,0.548,15345
18,12.10047,12.51974,5.700e-05,0.981,0.533,15341
19,12.05438,12.51974,6.000e-05,1.033,0.511,15363
20,12.01421,12.51974,6.300e-05,0.947,0.450,15317
21,11.97802,12.51974,6.600e-05,0.955,0.420,15298
22,11.90779,12.51974,6.900e-05,0.991,0.412,15295
23,11.85667,12.51974,7.200e-05,1.037,0.359,15284
24,11.81734,12.51974,7.500e-05,1.051,0.325,15280
25,11.76710,12.51974,7.800e-05,1.094,0.296,15272
26,11.69936,12.51974,8.100e-05,1.133,0.279,15295
27,11.65473,12.51974,8.400e-05,1.064,0.257,15308
28,11.59958,12.51974,8.700e-05,1.116,0.242,15293
29,11.53867,12.51974,9.000e-05,1.113,0.241,15308
30,11.49657,12.51974,9.300e-05,1.096,0.216,15274
31,11.43493,12.51974,9.600e-05,1.154,0.202,15288
32,11.39764,12.51974,9.900e-05,1.099,0.192,15278
33,11.32813,12.51974,1.020e-04,1.151,0.172,15276
34,11.26778,12.51974,1.050e-04,1.269,0.183,15299
35,11.22478,12.51974,1.080e-04,1.173,0.157,15288
36,11.15923,12.51974,1.110e-04,1.148,0.142,15283
37,11.07786,12.51974,1.140e-04,1.168,0.148,15294
38,11.01876,12.51974,1.170e-04,1.236,0.144,15286
39,10.97278,12.51974,1.200e-04,1.216,0.131,15288
40,10.88927,12.51974,1.230e-04,1.214,0.129,15316
41,10.84180,12.51974,1.260e-04,1.165,0.145,15301
42,10.76915,12.51974,1.290e-04,1.133,0.128,15298
43,10.69983,12.51974,1.320e-04,1.266,0.155,15293
44,10.64891,12.51974,1.350e-04,1.215,0.117,15297
45,10.55601,12.51974,1.380e-04,1.163,0.109,15280
46,10.47635,12.51974,1.410e-04,1.171,0.095,15288
47,10.40056,12.51974,1.440e-04,1.211,0.087,15285
48,10.34760,12.51974,1.470e-04,1.126,0.086,15311
49,10.24766,12.51974,1.500e-04,1.196,0.084,15288
50,10.15848,12.51974,1.530e-04,1.196,0.091,15300
51,10.12381,12.51974,1.560e-04,1.433,0.090,15293
52,10.01836,12.51974,1.590e-04,1.274,0.089,15297
53,9.89499,12.51974,1.620e-04,1.187,0.096,15292
54,9.85840,12.51974,1.650e-04,1.229,0.096,15291
55,9.77818,12.51974,1.680e-04,1.120,0.134,15329
56,9.65564,12.51974,1.710e-04,1.175,0.126,15305
57,9.63387,12.51974,1.740e-04,1.337,0.142,15287
58,9.47015,12.51974,1.770e-04,1.139,0.086,15293
59,9.48325,12.51974,1.800e-04,1.130,0.094,15279
60,9.37417,12.51974,1.830e-04,1.110,0.073,15304
61,9.29665,12.51974,1.860e-04,1.161,0.067,15284
62,9.17478,12.51974,1.890e-04,1.125,0.068,15324
63,9.11928,12.51974,1.920e-04,1.146,0.072,15298
64,9.03242,12.51974,1.950e-04,1.228,0.074,15290
65,8.91920,12.51974,1.980e-04,1.159,0.073,15281
66,8.88141,12.51974,2.010e-04,1.165,0.070,15287
67,8.82538,12.51974,2.040e-04,1.184,0.078,15287
68,8.72603,12.51974,2.070e-04,1.215,0.071,15277
69,8.63816,12.51974,2.100e-04,1.147,0.067,15309
70,8.64578,12.51974,2.130e-04,1.323,0.087,15321
71,8.46952,12.51974,2.160e-04,1.091,0.071,15284
72,8.41069,12.51974,2.190e-04,1.056,0.082,15293
73,8.32614,12.51974,2.220e-04,1.097,0.090,15284
74,8.27921,12.51974,2.250e-04,1.099,0.073,15306
75,8.17120,12.51974,2.280e-04,0.979,0.089,15286
76,8.15577,12.51974,2.310e-04,1.103,0.087,15323
77,8.06222,12.51974,2.340e-04,1.112,0.093,15303
78,7.97912,12.51974,2.370e-04,0.994,0.078,15294
79,7.99739,12.51974,2.400e-04,1.109,0.083,15303
80,7.72848,12.51974,2.430e-04,0.887,0.130,15284
81,7.87813,12.51974,2.460e-04,0.944,0.093,15278
82,7.63364,12.51974,2.490e-04,0.870,0.171,15286
83,7.78303,12.51974,2.520e-04,0.903,0.121,15329
84,7.71067,12.51974,2.550e-04,0.892,0.126,15293
85,7.61721,12.51974,2.580e-04,0.882,0.101,15290
86,7.66455,12.51974,2.610e-04,0.868,0.120,15274
87,7.59632,12.51974,2.640e-04,0.862,0.124,15306
88,7.40314,12.51974,2.670e-04,0.770,0.122,15296
89,7.39746,12.51974,2.700e-04,0.811,0.103,15290
90,7.42770,12.51974,2.730e-04,0.778,0.168,15331
91,7.47163,12.51974,2.760e-04,0.748,0.158,15296
92,7.29850,12.51974,2.790e-04,0.614,0.155,15294
93,7.23070,12.51974,2.820e-04,0.576,0.156,15303
94,7.18218,12.51974,2.850e-04,0.532,0.119,15297
95,7.22006,12.51974,2.880e-04,0.570,0.212,15267
96,7.19849,12.51974,2.910e-04,0.514,0.150,15279
97,7.13664,12.51974,2.940e-04,0.554,0.205,15301
98,7.12342,12.51974,2.970e-04,0.424,0.100,15298
99,7.08569,12.51974,3.000e-04,0.490,0.199,15273
100,7.14471,12.51974,3.030e-04,0.439,0.206,15274
101,7.05589,12.51974,3.060e-04,0.445,0.219,15289
102,7.08538,12.51974,3.090e-04,0.368,0.153,15277
103,7.02335,12.51974,3.120e-04,0.412,0.191,15280
104,6.98619,12.51974,3.150e-04,0.390,0.229,15309
105,7.11318,12.51974,3.180e-04,0.411,0.201,15293
106,6.95664,12.51974,3.210e-04,0.557,0.357,15282
107,7.03112,12.51974,3.240e-04,0.398,0.184,15292
108,6.95961,12.51974,3.270e-04,0.433,0.296,15288
109,6.96082,12.51974,3.300e-04,0.322,0.145,15303
110,6.94139,12.51974,3.330e-04,0.959,0.734,15273
111,6.87852,12.51974,3.360e-04,0.516,0.361,15335
112,6.80711,12.51974,3.390e-04,0.586,0.436,15294
113,6.96403,12.51974,3.420e-04,0.426,0.288,15294
114,6.84846,12.51974,3.450e-04,0.667,0.457,15291
115,6.97837,12.51974,3.480e-04,0.802,0.517,15279
116,6.94122,12.51974,3.510e-04,0.358,0.210,15278
117,6.78303,12.51974,3.540e-04,0.474,0.321,15276
118,6.85955,12.51974,3.570e-04,0.481,0.324,15316
119,6.72735,12.51974,3.600e-04,0.375,0.242,15291
120,6.83285,12.51974,3.630e-04,0.534,0.365,15298
121,6.82798,12.51974,3.660e-04,0.444,0.310,15283
122,6.71111,12.51974,3.690e-04,0.300,0.163,15278
123,6.78523,12.51974,3.720e-04,0.460,0.327,15282
124,6.85176,12.51974,3.750e-04,0.419,0.266,15285
125,6.58369,12.51974,3.780e-04,0.353,0.248,15322
126,6.76376,12.51974,3.810e-04,0.649,0.502,15284
127,6.83343,12.51974,3.840e-04,0.525,0.403,15304
128,6.71982,12.51974,3.870e-04,0.410,0.285,15276
129,6.77155,12.51974,3.900e-04,0.597,0.485,15285
130,6.64949,12.51974,3.930e-04,0.334,0.226,15273
131,6.71741,12.51974,3.960e-04,0.506,0.380,15301
132,6.80097,12.51974,3.990e-04,0.349,0.235,15294
133,6.64377,12.51974,4.020e-04,0.356,0.256,15288
134,6.66360,12.51974,4.050e-04,0.335,0.237,15291
135,6.72911,12.51974,4.080e-04,0.386,0.278,15294
136,6.57892,12.51974,4.110e-04,0.412,0.270,15272
137,6.41623,12.51974,4.140e-04,0.495,0.389,15290
138,6.55491,12.51974,4.170e-04,0.399,0.310,15292
139,6.80948,12.51974,4.200e-04,0.520,0.420,15328
140,6.66215,12.51974,4.230e-04,0.420,0.267,15308
141,6.49879,12.51974,4.260e-04,0.493,0.370,15269
142,6.59522,12.51974,4.290e-04,0.324,0.182,15304
143,6.58426,12.51974,4.320e-04,0.513,0.402,15256
144,6.42096,12.51974,4.350e-04,0.389,0.297,15280
145,6.51633,12.51974,4.380e-04,0.560,0.425,15296
146,6.45568,12.51974,4.410e-04,0.374,0.287,15326
147,6.56437,12.51974,4.440e-04,0.548,0.416,15292
148,6.55188,12.51974,4.470e-04,0.383,0.278,15296
149,6.50595,12.51974,4.500e-04,0.830,0.694,15314
150,6.45592,12.51974,4.530e-04,0.491,0.409,15285
151,6.38602,12.51974,4.560e-04,0.553,0.469,15273
152,6.41071,12.51974,4.590e-04,0.412,0.328,15288
153,6.30278,12.51974,4.620e-04,0.525,0.409,15310
154,6.56976,12.51974,4.650e-04,0.501,0.402,15298
155,6.53200,12.51974,4.680e-04,0.490,0.373,15306
156,6.35302,12.51974,4.710e-04,0.474,0.390,15281
157,6.64999,12.51974,4.740e-04,0.479,0.370,15287
158,6.44142,12.51974,4.770e-04,0.573,0.469,15281
159,6.33039,12.51974,4.800e-04,0.585,0.503,15297
160,6.32390,12.51974,4.830e-04,0.801,0.702,15336
161,6.50686,12.51974,4.860e-04,0.631,0.513,15302
162,6.34185,12.51974,4.890e-04,0.548,0.397,15290
163,6.34624,12.51974,4.920e-04,0.916,0.792,15279
164,6.26027,12.51974,4.950e-04,0.490,0.414,15300
165,6.22305,12.51974,4.980e-04,0.763,0.646,15294
166,6.46922,12.51974,5.010e-04,0.564,0.478,15303
167,6.35446,12.51974,5.040e-04,0.790,0.648,15325
168,6.24385,12.51974,5.070e-04,0.464,0.388,15273
169,6.25037,12.51974,5.100e-04,0.640,0.531,15279
170,6.53567,12.51974,5.130e-04,0.598,0.466,15289
171,6.37825,12.51974,5.160e-04,0.628,0.519,15304
172,6.21470,12.51974,5.190e-04,0.616,0.520,15284
173,6.33712,12.51974,5.220e-04,0.505,0.413,15289
174,6.33234,12.51974,5.250e-04,0.560,0.480,15312
175,6.09020,12.51974,5.280e-04,0.740,0.668,15294
176,6.18481,12.51974,5.310e-04,0.608,0.531,15293
177,6.21939,12.51974,5.340e-04,0.541,0.462,15290
178,6.27887,12.51974,5.370e-04,0.527,0.463,15288
179,6.42643,12.51974,5.400e-04,0.444,0.372,15290
180,6.22700,12.51974,5.430e-04,0.540,0.445,15298
181,6.33677,12.51974,5.460e-04,0.503,0.419,15311
182,6.17198,12.51974,5.490e-04,0.608,0.544,15298
183,6.36418,12.51974,5.520e-04,0.466,0.358,15290
184,6.13488,12.51974,5.550e-04,0.493,0.392,15290
185,6.26327,12.51974,5.580e-04,0.522,0.429,15297
186,6.09120,12.51974,5.610e-04,0.617,0.542,15297
187,6.28501,12.51974,5.640e-04,0.489,0.383,15287
188,6.08038,12.51974,5.670e-04,0.572,0.501,15324
189,6.13949,12.51974,5.700e-04,0.566,0.483,15303
190,6.06927,12.51974,5.730e-04,0.631,0.563,15295
191,6.25916,12.51974,5.760e-04,0.772,0.721,15286
192,5.98138,12.51974,5.790e-04,0.827,0.766,15282
193,6.09947,12.51974,5.820e-04,0.743,0.684,15288
194,6.04599,12.51974,5.850e-04,0.697,0.642,15282
195,6.08400,12.51974,5.880e-04,0.745,0.688,15325
196,6.25769,12.51974,5.910e-04,0.757,0.702,15301
197,6.15720,12.51974,5.940e-04,0.675,0.614,15285
198,6.22034,12.51974,5.970e-04,0.592,0.510,15278
199,6.02729,12.51974,6.000e-04,0.659,0.591,15282
200,6.12701,12.51974,6.000e-04,0.617,0.547,15278
201,6.22698,12.51974,6.000e-04,0.627,0.553,15270
202,6.18640,12.51974,6.000e-04,0.681,0.588,15308
203,6.16189,12.51974,6.000e-04,0.605,0.522,15292
204,5.83380,12.51974,6.000e-04,0.778,0.729,15295
205,6.15334,12.51974,6.000e-04,0.670,0.606,15301
206,6.04803,12.51974,6.000e-04,0.609,0.544,15288
207,6.14793,12.51974,6.000e-04,0.758,0.704,15297
208,6.13514,12.51974,6.000e-04,0.604,0.534,15292
209,6.12053,12.51974,6.000e-04,0.658,0.589,15318
210,6.06260,12.51974,6.000e-04,0.686,0.631,15303
211,6.09840,12.51974,6.000e-04,0.610,0.550,15291
212,6.36781,12.51974,6.000e-04,0.551,0.445,15298
213,6.16024,12.51974,6.000e-04,0.647,0.566,15284
214,6.05828,12.51974,6.000e-04,0.665,0.585,15298
215,5.79055,12.51974,6.000e-04,0.588,0.517,15294
216,5.99642,12.51974,6.000e-04,0.567,0.483,15323
217,5.95448,12.51974,6.000e-04,0.641,0.572,15312
218,5.99121,12.51974,5.999e-04,0.540,0.470,15279
219,6.06733,12.51974,5.999e-04,0.494,0.408,15287
220,5.90504,12.51974,5.999e-04,0.558,0.478,15292
221,5.92905,12.51974,5.999e-04,0.557,0.494,15290
222,5.90571,12.51974,5.999e-04,0.532,0.457,15290
223,5.93307,12.51974,5.999e-04,0.548,0.473,15302
224,6.15020,12.51974,5.999e-04,0.550,0.477,15302
225,5.89017,12.51974,5.999e-04,0.819,0.758,15294
226,5.97930,12.51974,5.999e-04,0.639,0.560,15290
227,5.92501,12.51974,5.999e-04,0.714,0.649,15292
228,5.88576,12.51974,5.999e-04,0.724,0.655,15300
229,6.14596,12.51974,5.999e-04,0.617,0.550,15267
230,5.68983,12.51974,5.998e-04,0.708,0.645,15321
231,6.03051,12.51974,5.998e-04,0.686,0.619,15298
232,5.94755,12.51974,5.998e-04,0.621,0.552,15287
233,5.85904,12.51974,5.998e-04,0.647,0.578,15295
234,5.83048,12.51974,5.998e-04,0.603,0.534,15267
235,5.96335,12.51974,5.998e-04,0.845,0.780,15297
236,5.90132,12.51974,5.998e-04,0.611,0.552,15285
237,5.94030,12.51974,5.998e-04,0.637,0.572,15314
238,6.03001,12.51974,5.998e-04,0.639,0.563,15295
239,5.81891,12.51974,5.997e-04,0.596,0.505,15280
240,5.94116,12.51974,5.997e-04,0.551,0.483,15286
241,5.92135,12.51974,5.997e-04,0.693,0.617,15296
242,6.06678,12.51974,5.997e-04,0.729,0.662,15291
243,5.88883,12.51974,5.997e-04,0.751,0.696,15290
244,6.07222,12.51974,5.997e-04,0.577,0.502,15304
245,5.96398,12.51974,5.997e-04,0.717,0.651,15312
246,5.92274,12.51974,5.996e-04,0.801,0.715,15287
247,6.00972,12.51974,5.996e-04,0.628,0.532,15287
248,5.79967,12.51974,5.996e-04,0.708,0.650,15289
249,5.87034,12.51974,5.996e-04,0.688,0.605,15298
250,5.71708,5.81426,5.996e-04,0.799,0.741,7083
251,5.73522,5.81426,5.996e-04,0.695,0.631,15478
252,5.74928,5.81426,5.995e-04,0.833,0.773,15305
253,5.94086,5.81426,5.995e-04,0.618,0.535,15297
254,5.66940,5.81426,5.995e-04,0.723,0.671,15288
255,5.92877,5.81426,5.995e-04,0.706,0.623,15315
256,6.07359,5.81426,5.995e-04,0.555,0.464,15316
257,5.65847,5.81426,5.994e-04,0.758,0.705,15276
258,5.71837,5.81426,5.994e-04,0.666,0.603,15275
259,5.87391,5.81426,5.994e-04,0.545,0.471,15313
260,5.89739,5.81426,5.994e-04,0.590,0.521,15268
261,5.72274,5.81426,5.994e-04,0.583,0.515,15278
262,5.65651,5.81426,5.993e-04,0.671,0.605,15313
263,5.72261,5.81426,5.993e-04,0.575,0.514,15291
264,5.65459,5.81426,5.993e-04,0.733,0.679,15271
265,5.79773,5.81426,5.993e-04,0.535,0.464,15299
266,5.72715,5.81426,5.993e-04,0.719,0.672,15280
267,5.94102,5.81426,5.992e-04,0.542,0.455,15286
268,5.85565,5.81426,5.992e-04,0.734,0.677,15290
269,5.82584,5.81426,5.992e-04,0.535,0.448,15311
270,5.54701,5.81426,5.992e-04,0.802,0.748,15285
271,5.80618,5.81426,5.991e-04,0.592,0.522,15284
272,6.02468,5.81426,5.991e-04,0.661,0.598,15290
273,5.65073,5.81426,5.991e-04,0.735,0.670,15296
274,6.04594,5.81426,5.991e-04,0.603,0.508,15276
275,5.94472,5.81426,5.990e-04,0.695,0.630,15290
276,5.98406,5.81426,5.990e-04,0.591,0.498,15317
277,5.83326,5.81426,5.990e-04,0.811,0.751,15294
278,5.62206,5.81426,5.990e-04,0.518,0.445,15301
279,6.03866,5.81426,5.989e-04,0.611,0.524,15279
280,5.83128,5.81426,5.989e-04,0.619,0.527,15303
281,5.63737,5.81426,5.989e-04,0.589,0.523,15283
282,5.68187,5.81426,5.989e-04,0.599,0.530,15281
283,6.12426,5.81426,5.988e-04,0.571,0.497,15323
284,6.01839,5.81426,5.988e-04,0.625,0.536,15300
285,6.04691,5.81426,5.988e-04,0.553,0.490,15270
286,5.69723,5.81426,5.987e-04,0.613,0.560,15279
287,5.71111,5.81426,5.987e-04,0.560,0.500,15267
288,5.80709,5.81426,5.987e-04,0.606,0.547,15293
289,5.81585,5.81426,5.987e-04,0.597,0.512,15275
290,5.47795,5.81426,5.986e-04,0.572,0.512,15324
291,5.79684,5.81426,5.986e-04,0.550,0.487,15299
292,5.90892,5.81426,5.986e-04,0.560,0.486,15286
293,5.97026,5.81426,5.985e-04,0.583,0.518,15277
294,5.71369,5.81426,5.985e-04,0.623,0.545,15284
295,5.53544,5.81426,5.985e-04,0.633,0.568,15276
296,5.79014,5.81426,5.984e-04,0.540,0.467,15287
297,5.96491,5.81426,5.984e-04,0.614,0.536,15331
298,5.87218,5.81426,5.984e-04,0.589,0.509,15278
299,5.68713,5.81426,5.983e-04,0.661,0.594,15296
300,5.78677,5.81426,5.983e-04,0.630,0.550,15290
301,5.80703,5.81426,5.983e-04,0.636,0.578,15291
302,5.76101,5.81426,5.982e-04,0.696,0.609,15278
303,5.71666,5.81426,5.982e-04,0.758,0.687,15300
304,5.87111,5.81426,5.982e-04,0.652,0.579,15316
305,5.67691,5.81426,5.981e-04,0.941,0.890,15306
306,5.74382,5.81426,5.981e-04,0.696,0.614,15287
307,5.87430,5.81426,5.981e-04,0.709,0.644,15282
308,5.56466,5.81426,5.980e-04,0.658,0.591,15285
309,5.62916,5.81426,5.980e-04,0.618,0.550,15308
310,5.68755,5.81426,5.979e-04,0.675,0.604,15288
311,5.69834,5.81426,5.979e-04,0.681,0.615,15292
312,5.90986,5.81426,5.979e-04,0.610,0.547,15296
313,5.65025,5.81426,5.978e-04,0.664,0.597,15306
314,5.61422,5.81426,5.978e-04,0.599,0.513,15287
315,5.50422,5.81426,5.978e-04,0.550,0.484,15292
316,5.71853,5.81426,5.977e-04,0.584,0.510,15275
317,5.59260,5.81426,5.977e-04,0.697,0.631,15295
318,5.68612,5.81426,5.976e-04,0.673,0.598,15311
319,5.73226,5.81426,5.976e-04,0.601,0.543,15294
320,5.48976,5.81426,5.976e-04,0.585,0.519,15295
321,5.63171,5.81426,5.975e-04,0.616,0.555,15271
322,5.60486,5.81426,5.975e-04,0.586,0.508,15289
323,5.90778,5.81426,5.974e-04,0.554,0.474,15287
324,5.60873,5.81426,5.974e-04,0.604,0.540,15295
325,5.66151,5.81426,5.973e-04,0.579,0.512,15338
326,5.59861,5.81426,5.973e-04,0.585,0.519,15302
327,5.71739,5.81426,5.973e-04,0.643,0.577,15277
328,5.69330,5.81426,5.972e-04,0.650,0.581,15293
329,5.50930,5.81426,5.972e-04,0.559,0.493,15268
330,5.77454,5.81426,5.971e-04,0.627,0.570,15299
331,5.66710,5.81426,5.971e-04,0.556,0.490,15286
332,5.71852,5.81426,5.970e-04,0.702,0.628,15319
333,5.85916,5.81426,5.970e-04,0.603,0.535,15307
334,5.63350,5.81426,5.970e-04,0.548,0.480,15287
335,5.56713,5.81426,5.969e-04,0.755,0.693,15300
336,5.78674,5.81426,5.969e-04,0.568,0.501,15270
337,5.56286,5.81426,5.968e-04,0.714,0.657,15284
338,5.77215,5.81426,5.968e-04,0.661,0.594,15274
339,5.55507,5.81426,5.967e-04,0.533,0.466,15306
340,5.63975,5.81426,5.967e-04,0.818,0.757,15296
341,5.74443,5.81426,5.966e-04,0.583,0.511,15287
342,5.25341,5.81426,5.966e-04,0.629,0.572,15285
343,5.52155,5.81426,5.965e-04,0.756,0.692,15304
344,5.49792,5.81426,5.965e-04,0.668,0.608,15279
345,5.59125,5.81426,5.964e-04,0.591,0.524,15306
346,5.66157,5.81426,5.964e-04,0.556,0.495,15329
347,5.57441,5.81426,5.963e-04,0.565,0.491,15296
348,5.36744,5.81426,5.963e-04,0.575,0.512,15276
349,5.37469,5.81426,5.962e-04,0.609,0.542,15274
350,5.58545,5.81426,5.962e-04,0.603,0.531,15307
351,5.45603,5.81426,5.961e-04,0.611,0.541,15304
352,5.48260,5.81426,5.961e-04,0.596,0.525,15291
353,5.47746,5.81426,5.960e-04,0.613,0.544,15318
354,5.64983,5.81426,5.960e-04,0.572,0.493,15293
355,5.68213,5.81426,5.959e-04,0.489,0.426,15288
356,5.45041,5.81426,5.959e-04,0.887,0.825,15277
357,5.73764,5.81426,5.958e-04,0.672,0.582,15288
358,5.81941,5.81426,5.958e-04,0.531,0.461,15292
359,5.81114,5.81426,5.957e-04,0.594,0.523,15305
360,5.56420,5.81426,5.957e-04,0.562,0.505,15307
361,5.50895,5.81426,5.956e-04,0.648,0.584,15291
362,5.69651,5.81426,5.956e-04,0.590,0.534,15297
363,5.65833,5.81426,5.955e-04,0.539,0.471,15290
364,5.51173,5.81426,5.954e-04,0.609,0.536,15302
365,5.72280,5.81426,5.954e-04,0.544,0.471,15278
366,5.54686,5.81426,5.953e-04,0.565,0.505,15291
367,5.35142,5.81426,5.953e-04,0.645,0.589,15313
368,5.55314,5.81426,5.952e-04,0.680,0.621,15305
369,5.66895,5.81426,5.952e-04,0.631,0.559,15288
370,5.57873,5.81426,5.951e-04,0.649,0.584,15295
371,5.69200,5.81426,5.950e-04,0.507,0.436,15304
372,6.08408,5.81426,5.950e-04,1.254,1.119,15305
373,5.37118,5.81426,5.949e-04,0.851,0.771,15278
374,5.50775,5.81426,5.949e-04,0.691,0.631,15315
375,5.46845,5.81426,5.948e-04,0.644,0.578,15308
376,5.63477,5.81426,5.948e-04,0.674,0.597,15302
377,5.47136,5.81426,5.947e-04,0.810,0.740,15293
378,5.50931,5.81426,5.946e-04,0.731,0.664,15279
379,5.62733,5.81426,5.946e-04,0.656,0.582,15277
380,5.36893,5.81426,5.945e-04,0.709,0.639,15281
381,5.76840,5.81426,5.945e-04,0.568,0.495,15289
382,5.51606,5.81426,5.944e-04,0.692,0.633,15306
383,5.53611,5.81426,5.943e-04,0.603,0.535,15272
384,5.70505,5.81426,5.943e-04,0.538,0.458,15277
385,5.36037,5.81426,5.942e-04,0.800,0.740,15301
386,5.55242,5.81426,5.941e-04,0.599,0.535,15282
387,5.66332,5.81426,5.941e-04,0.793,0.706,15285
388,5.55883,5.81426,5.940e-04,0.542,0.475,15326
389,5.68720,5.81426,5.940e-04,0.692,0.612,15296
390,5.53965,5.81426,5.939e-04,0.680,0.621,15293
391,5.63991,5.81426,5.938e-04,0.657,0.578,15287
392,5.60150,5.81426,5.938e-04,0.595,0.527,15291
393,5.52893,5.81426,5.937e-04,0.529,0.455,15297
394,5.42179,5.81426,5.936e-04,0.616,0.540,15279
395,5.58830,5.81426,5.936e-04,0.524,0.453,15335
396,5.48720,5.81426,5.935e-04,0.625,0.536,15311
397,5.70670,5.81426,5.934e-04,0.573,0.502,15281
398,5.72473,5.81426,5.934e-04,0.613,0.522,15293
399,5.48984,5.81426,5.933e-04,0.555,0.486,15292
400,5.64921,5.81426,5.932e-04,0.694,0.615,15289
401,5.57249,5.81426,5.932e-04,0.553,0.474,15277
402,5.54081,5.81426,5.931e-04,0.663,0.586,15321
403,5.63450,5.81426,5.930e-04,0.621,0.564,15308
404,5.71239,5.81426,5.930e-04,0.666,0.579,15278
405,5.53223,5.81426,5.929e-04,0.722,0.667,15304
406,5.70316,5.81426,5.928e-04,0.693,0.636,15286
407,5.53747,5.81426,5.928e-04,0.641,0.579,15293
408,5.59311,5.81426,5.927e-04,0.774,0.715,15280
409,5.49537,5.81426,5.926e-04,0.596,0.530,15309
410,5.57076,5.81426,5.925e-04,0.630,0.570,15322
411,5.55047,5.81426,5.925e-04,0.766,0.707,15295
412,5.29074,5.81426,5.924e-04,0.561,0.492,15312
413,5.42422,5.81426,5.923e-04,0.636,0.562,15284
414,5.76074,5.81426,5.923e-04,0.515,0.444,15276
415,5.61603,5.81426,5.922e-04,0.662,0.592,15282
416,5.75261,5.81426,5.921e-04,0.579,0.506,15311
417,5.45941,5.81426,5.920e-04,0.581,0.506,15300
418,5.46570,5.81426,5.920e-04,0.701,0.620,15220
419,5.50399,5.81426,5.919e-04,0.660,0.594,15286
420,5.51280,5.81426,5.918e-04,0.652,0.576,15284
421,5.63500,5.81426,5.917e-04,0.571,0.496,15275
422,5.55333,5.81426,5.917e-04,0.712,0.645,15282
423,5.47916,5.81426,5.916e-04,0.557,0.487,15316
424,5.54356,5.81426,5.915e-04,0.692,0.627,15316
425,5.45579,5.81426,5.914e-04,0.590,0.520,15277
426,5.63177,5.81426,5.914e-04,0.567,0.498,15281
427,5.69504,5.81426,5.913e-04,0.690,0.608,15284
428,5.67302,5.81426,5.912e-04,0.526,0.457,15292
429,5.64468,5.81426,5.911e-04,0.564,0.484,15283
430,5.79149,5.81426,5.911e-04,0.560,0.479,15320
431,5.61374,5.81426,5.910e-04,0.574,0.503,15292
432,5.53448,5.81426,5.909e-04,0.659,0.577,15286
433,5.45947,5.81426,5.908e-04,0.665,0.582,15293
434,5.48923,5.81426,5.907e-04,0.593,0.521,15289
435,5.52381,5.81426,5.907e-04,0.590,0.523,15271
436,5.63854,5.81426,5.906e-04,0.631,0.555,15279
437,5.54114,5.81426,5.905e-04,0.562,0.489,15311
438,5.62319,5.81426,5.904e-04,0.653,0.581,15306
439,5.40964,5.81426,5.904e-04,0.557,0.489,15283
440,5.75379,5.81426,5.903e-04,0.659,0.588,15292
441,5.71894,5.81426,5.902e-04,0.706,0.613,15297
442,5.75994,5.81426,5.901e-04,0.613,0.543,15292
443,5.51930,5.81426,5.900e-04,0.615,0.536,15273
444,5.35331,5.81426,5.899e-04,0.588,0.523,15325
445,5.84902,5.81426,5.899e-04,0.725,0.633,15299
446,5.20143,5.81426,5.898e-04,0.635,0.561,15295
447,5.33261,5.81426,5.897e-04,0.680,0.608,15293
448,5.44748,5.81426,5.896e-04,0.609,0.536,15290
449,5.13415,5.81426,5.895e-04,0.712,0.648,15278
450,5.54917,5.81426,5.894e-04,0.609,0.518,15292
451,5.43507,5.81426,5.894e-04,0.649,0.562,15310
452,5.36260,5.81426,5.893e-04,0.608,0.540,15300
453,5.46569,5.81426,5.892e-04,0.575,0.505,15288
454,5.58900,5.81426,5.891e-04,0.538,0.456,15282
455,5.66350,5.81426,5.890e-04,0.562,0.492,15287
456,5.24024,5.81426,5.889e-04,0.632,0.564,15259
457,5.42020,5.81426,5.889e-04,0.607,0.541,15286
458,5.39361,5.81426,5.888e-04,0.634,0.566,15308
459,5.61923,5.81426,5.887e-04,0.692,0.624,15308
460,5.41063,5.81426,5.886e-04,0.609,0.541,15279
461,5.44532,5.81426,5.885e-04,0.644,0.575,15281
462,5.41262,5.81426,5.884e-04,0.610,0.539,15269
463,5.68290,5.81426,5.883e-04,0.559,0.476,15272
464,5.52250,5.81426,5.882e-04,0.641,0.562,15279
465,5.51192,5.81426,5.882e-04,0.583,0.512,15306
466,5.44204,5.81426,5.881e-04,0.567,0.488,15281
467,5.48853,5.81426,5.880e-04,0.549,0.480,15280
468,5.33430,5.81426,5.879e-04,0.652,0.573,15282
469,5.63460,5.81426,5.878e-04,0.596,0.516,15276
470,5.56176,5.81426,5.877e-04,0.616,0.530,15278
471,5.60323,5.81426,5.876e-04,0.593,0.509,15277
472,5.29321,5.81426,5.875e-04,0.613,0.545,15322
473,5.65214,5.81426,5.874e-04,0.523,0.451,15307
474,5.29601,5.81426,5.873e-04,0.586,0.515,15275
475,5.56890,5.81426,5.872e-04,0.634,0.562,15273
476,5.46035,5.81426,5.872e-04,0.601,0.529,15293
477,5.41833,5.81426,5.871e-04,0.752,0.695,15287
478,5.53072,5.81426,5.870e-04,0.556,0.486,15296
479,5.47053,5.81426,5.869e-04,0.900,0.834,15316
480,5.62529,5.81426,5.868e-04,0.526,0.445,15312
481,5.30231,5.81426,5.867e-04,0.764,0.687,15280
482,5.41763,5.81426,5.866e-04,0.590,0.511,15289
483,5.72003,5.81426,5.865e-04,0.675,0.585,15268
484,5.58931,5.81426,5.864e-04,0.619,0.529,15277
485,5.39106,5.81426,5.863e-04,0.668,0.587,15307
486,5.30998,5.81426,5.862e-04,0.633,0.564,15327
487,5.48539,5.81426,5.861e-04,0.761,0.683,15304
488,5.53974,5.81426,5.860e-04,0.665,0.596,15312
489,5.64441,5.81426,5.859e-04,0.609,0.525,15280
490,5.60234,5.81426,5.858e-04,0.683,0.607,15295
491,5.45980,5.81426,5.857e-04,0.604,0.547,15288
492,5.54464,5.81426,5.856e-04,0.587,0.507,15281
493,5.46389,5.81426,5.855e-04,0.600,0.527,15318
494,5.31371,5.81426,5.854e-04,0.689,0.605,15298
495,5.61404,5.81426,5.853e-04,0.595,0.525,15305
496,5.39665,5.81426,5.852e-04,0.589,0.517,15294
497,5.59490,5.81426,5.851e-04,0.586,0.519,15276
498,5.52816,5.81426,5.850e-04,0.541,0.478,15256
499,5.30921,5.81426,5.849e-04,0.553,0.485,15300
500,5.56987,5.42373,5.848e-04,0.540,0.465,7073
501,5.44399,5.42373,5.847e-04,0.524,0.458,15461
502,5.47181,5.42373,5.846e-04,0.559,0.483,15279
503,5.31597,5.42373,5.845e-04,0.595,0.530,15309
504,5.64520,5.42373,5.844e-04,0.625,0.548,15312
505,5.52117,5.42373,5.843e-04,0.569,0.492,15282
506,5.56552,5.42373,5.842e-04,0.575,0.498,15294
507,5.50232,5.42373,5.841e-04,0.563,0.495,15282
508,5.34140,5.42373,5.840e-04,0.646,0.570,15290
509,5.22091,5.42373,5.839e-04,0.637,0.564,15270
510,5.74249,5.42373,5.838e-04,0.748,0.677,15303
511,5.50046,5.42373,5.837e-04,0.744,0.671,15297
512,5.43107,5.42373,5.836e-04,0.782,0.714,15289
513,5.49582,5.42373,5.835e-04,0.687,0.614,15296
514,5.46542,5.42373,5.834e-04,0.686,0.618,15299
515,5.47237,5.42373,5.833e-04,0.653,0.569,15287
516,5.54663,5.42373,5.832e-04,0.761,0.683,15297
517,5.53455,5.42373,5.831e-04,0.654,0.578,15288
518,5.46374,5.42373,5.830e-04,0.590,0.518,15327
519,5.53468,5.42373,5.829e-04,0.615,0.541,15301
520,5.76336,5.42373,5.828e-04,0.668,0.569,15285
521,5.48080,5.42373,5.827e-04,0.562,0.483,15284
522,5.48330,5.42373,5.826e-04,0.591,0.513,15287
523,5.50331,5.42373,5.825e-04,0.628,0.554,15295
524,5.17310,5.42373,5.824e-04,0.664,0.600,15271
525,5.35723,5.42373,5.822e-04,0.567,0.488,15328
526,5.12314,5.42373,5.821e-04,0.573,0.499,15290
527,5.47998,5.42373,5.820e-04,0.601,0.520,15283
528,5.57310,5.42373,5.819e-04,0.547,0.474,15276
529,5.58013,5.42373,5.818e-04,0.541,0.448,15298
530,5.34962,5.42373,5.817e-04,0.632,0.560,15291
531,5.46178,5.42373,5.816e-04,0.621,0.538,15296
532,5.36644,5.42373,5.815e-04,0.676,0.618,15312
533,5.28497,5.42373,5.814e-04,0.727,0.656,15289
534,5.56391,5.42373,5.813e-04,0.737,0.659,15306
535,5.53286,5.42373,5.812e-04,0.698,0.612,15289
536,5.57581,5.42373,5.810e-04,0.636,0.551,15280
537,5.73797,5.42373,5.809e-04,0.592,0.517,15280
538,5.40723,5.42373,5.808e-04,0.618,0.541,15299
539,5.64620,5.42373,5.807e-04,0.589,0.500,15326
540,5.68341,5.42373,5.806e-04,0.520,0.437,15297
541,5.34268,5.42373,5.805e-04,0.789,0.722,15289
542,5.25971,5.42373,5.804e-04,0.631,0.564,15292
543,5.40680,5.42373,5.803e-04,0.723,0.654,15287
544,5.47124,5.42373,5.801e-04,0.693,0.605,15295
545,5.35437,5.42373,5.800e-04,0.740,0.675,15287
546,5.33690,5.42373,5.799e-04,0.588,0.522,15323
547,5.06642,5.42373,5.798e-04,0.610,0.541,15300
548,5.49247,5.42373,5.797e-04,0.704,0.620,15286
549,5.46494,5.42373,5.796e-04,0.600,0.527,15293
550,5.69080,5.42373,5.794e-04,0.571,0.500,15280
551,5.42673,5.42373,5.793e-04,0.717,0.647,15290
552,5.20552,5.42373,5.792e-04,0.682,0.609,15300
553,5.37407,5.42373,5.791e-04,0.596,0.520,15325
554,5.54820,5.42373,5.790e-04,0.564,0.486,15296
555,5.54532,5.42373,5.789e-04,0.564,0.494,15287
556,5.58411,5.42373,5.787e-04,0.598,0.518,15280
557,5.35826,5.42373,5.786e-04,0.575,0.492,15291
558,5.29435,5.42373,5.785e-04,0.606,0.535,15288
559,5.38528,5.42373,5.784e-04,0.620,0.546,15301
560,5.21288,5.42373,5.783e-04,0.526,0.457,15329
561,5.38227,5.42373,5.782e-04,0.571,0.502,15290
562,5.44300,5.42373,5.780e-04,0.595,0.525,15288
563,5.39393,5.42373,5.779e-04,0.631,0.564,15296
564,5.28667,5.42373,5.778e-04,0.611,0.536,15284
565,5.40404,5.42373,5.777e-04,0.553,0.481,15296
566,5.18295,5.42373,5.776e-04,0.684,0.610,15293
567,5.56459,5.42373,5.774e-04,0.760,0.680,15321
568,5.45547,5.42373,5.773e-04,0.562,0.487,15299
569,5.32879,5.42373,5.772e-04,0.689,0.612,15291
570,5.24554,5.42373,5.771e-04,0.646,0.565,15282
571,5.49060,5.42373,5.769e-04,0.581,0.504,15301
572,5.19367,5.42373,5.768e-04,0.592,0.504,15280
573,5.52619,5.42373,5.767e-04,0.599,0.523,15295
574,5.26091,5.42373,5.766e-04,0.631,0.536,15310
575,5.30712,5.42373,5.765e-04,0.534,0.449,15282
576,5.21591,5.42373,5.763e-04,0.557,0.480,15282
577,5.49058,5.42373,5.762e-04,0.598,0.509,15281
578,5.42673,5.42373,5.761e-04,0.573,0.481,15279
579,5.72379,5.42373,5.760e-04,0.618,0.544,15291
580,5.44601,5.42373,5.758e-04,0.580,0.497,15304
581,5.45376,5.42373,5.757e-04,0.613,0.515,15312
582,5.53756,5.42373,5.756e-04,0.554,0.472,15294
583,5.28948,5.42373,5.755e-04,0.661,0.585,15288
584,5.37046,5.42373,5.753e-04,0.555,0.488,15296
585,5.32901,5.42373,5.752e-04,0.651,0.576,15282
586,5.21907,5.42373,5.751e-04,0.616,0.549,15286
587,5.43049,5.42373,5.749e-04,0.646,0.567,15284
588,5.42660,5.42373,5.748e-04,0.517,0.443,15313
589,5.43397,5.42373,5.747e-04,0.650,0.567,15307
590,5.43435,5.42373,5.746e-04,0.546,0.473,15280
591,5.54558,5.42373,5.744e-04,0.575,0.495,15264
592,5.31149,5.42373,5.743e-04,0.749,0.678,15286
593,5.39785,5.42373,5.742e-04,0.564,0.487,15278
594,5.41940,5.42373,5.740e-04,0.661,0.576,15292
595,5.25269,5.42373,5.739e-04,0.642,0.573,15320
596,5.30512,5.42373,5.738e-04,0.638,0.568,15304
597,5.63271,5.42373,5.737e-04,0.545,0.468,15281
598,5.25058,5.42373,5.735e-04,0.798,0.731,15293
599,5.48969,5.42373,5.734e-04,0.671,0.591,15266
600,5.41168,5.42373,5.733e-04,0.690,0.626,15279
601,5.36839,5.42373,5.731e-04,0.679,0.613,15268
602,5.50460,5.42373,5.730e-04,0.741,0.670,15323
603,5.17559,5.42373,5.729e-04,0.717,0.655,15302
604,5.39190,5.42373,5.727e-04,0.567,0.488,15283
605,5.21522,5.42373,5.726e-04,0.681,0.612,15279
606,5.59179,5.42373,5.725e-04,0.586,0.500,15302
607,5.23498,5.42373,5.723e-04,0.609,0.541,15296
608,5.22916,5.42373,5.722e-04,0.644,0.567,15286
609,5.68454,5.42373,5.721e-04,0.567,0.470,15300
610,5.37775,5.42373,5.719e-04,0.593,0.521,15284
611,5.24673,5.42373,5.718e-04,0.608,0.529,15278
612,5.38878,5.42373,5.717e-04,0.535,0.456,15292
613,5.28750,5.42373,5.715e-04,0.563,0.486,15294
614,5.47479,5.42373,5.714e-04,0.559,0.482,15286
615,5.08722,5.42373,5.713e-04,0.660,0.595,15288
616,5.42938,5.42373,5.711e-04,0.546,0.468,15317
617,5.29244,5.42373,5.710e-04,0.863,0.795,15285
618,5.50782,5.42373,5.708e-04,0.537,0.456,15292
619,5.36125,5.42373,5.707e-04,0.702,0.625,15264
620,5.34626,5.42373,5.706e-04,0.582,0.509,15273
621,5.34470,5.42373,5.704e-04,0.606,0.530,15279
622,5.24137,5.42373,5.703e-04,0.644,0.568,15290
623,5.47223,5.42373,5.702e-04,0.593,0.517,15328
624,5.35604,5.42373,5.700e-04,0.594,0.506,15306
625,5.53622,5.42373,5.699e-04,0.575,0.498,15287
626,5.39787,5.42373,5.697e-04,0.543,0.471,15292
627,5.54583,5.42373,5.696e-04,0.565,0.475,15287
628,5.36175,5.42373,5.695e-04,0.608,0.524,15292
629,5.42358,5.42373,5.693e-04,0.565,0.489,15291
630,5.45680,5.42373,5.692e-04,0.600,0.528,15319
631,5.41533,5.42373,5.690e-04,0.600,0.505,15299
632,5.41540,5.42373,5.689e-04,0.580,0.495,15270
633,5.42782,5.42373,5.688e-04,0.663,0.585,15284
634,5.30032,5.42373,5.686e-04,0.592,0.507,15289
635,5.34378,5.42373,5.685e-04,0.559,0.485,15301
636,5.37885,5.42373,5.683e-04,0.705,0.628,15305
637,5.36091,5.42373,5.682e-04,0.566,0.491,15315
638,5.40091,5.42373,5.680e-04,0.531,0.451,15305
639,5.48507,5.42373,5.679e-04,0.587,0.514,15271
640,5.31788,5.42373,5.678e-04,0.548,0.468,15282
641,5.37036,5.42373,5.676e-04,0.560,0.476,15280
642,5.34753,5.42373,5.675e-04,0.584,0.500,15292
643,5.22942,5.42373,5.673e-04,0.552,0.476,15290
644,5.57927,5.42373,5.672e-04,0.590,0.514,15318
645,5.36845,5.42373,5.670e-04,0.616,0.530,15296
646,5.23470,5.42373,5.669e-04,0.563,0.489,15278
647,5.10673,5.42373,5.667e-04,0.651,0.576,15281
648,5.23220,5.42373,5.666e-04,0.647,0.575,15304
649,5.13661,5.42373,5.665e-04,0.650,0.575,15280
650,5.29945,5.42373,5.663e-04,0.599,0.519,15291
651,5.62132,5.42373,5.662e-04,0.598,0.507,15321
652,5.47371,5.42373,5.660e-04,0.571,0.486,15296
653,5.76070,5.42373,5.659e-04,0.526,0.432,15296
654,5.35140,5.42373,5.657e-04,0.533,0.449,15279
655,5.48003,5.42373,5.656e-04,0.584,0.506,15296
656,5.26693,5.42373,5.654e-04,0.598,0.527,15310
657,5.38691,5.42373,5.653e-04,0.535,0.452,15277
658,5.53710,5.42373,5.651e-04,0.580,0.509,15306
659,5.29796,5.42373,5.650e-04,0.590,0.519,15292
660,5.38339,5.42373,5.648e-04,0.551,0.478,15285
661,5.37516,5.42373,5.647e-04,0.661,0.583,15274
662,5.09172,5.42373,5.645e-04,0.669,0.604,15264
663,5.26727,5.42373,5.644e-04,0.532,0.459,15294
664,5.49020,5.42373,5.642e-04,0.574,0.493,15291
665,5.59441,5.42373,5.641e-04,0.566,0.489,15308
666,5.45173,5.42373,5.639e-04,0.504,0.428,15301
667,5.45182,5.42373,5.638e-04,0.564,0.485,15297
668,5.19798,5.42373,5.636e-04,0.575,0.499,15295
669,5.46048,5.42373,5.635e-04,0.571,0.486,15283
670,5.29195,5.42373,5.633e-04,0.548,0.466,15293
671,5.21636,5.42373,5.632e-04,0.639,0.550,15285
672,5.17498,5.42373,5.630e-04,0.559,0.481,15319
673,5.19576,5.42373,5.629e-04,0.703,0.628,15285
674,5.33889,5.42373,5.627e-04,0.702,0.593,15288
675,5.38671,5.42373,5.626e-04,0.573,0.495,15289
676,5.34601,5.42373,5.624e-04,0.599,0.517,15282
677,5.18679,5.42373,5.622e-04,0.586,0.513,15277
678,4.95836,5.42373,5.621e-04,0.630,0.550,15284
679,5.24790,5.42373,5.619e-04,0.620,0.538,15319
680,5.27261,5.42373,5.618e-04,0.623,0.534,15306
681,5.32446,5.42373,5.616e-04,0.564,0.478,15279
682,5.19242,5.42373,5.615e-04,0.612,0.528,15289
683,5.31356,5.42373,5.613e-04,0.554,0.473,15287
684,5.49889,5.42373,5.612e-04,0.604,0.514,15299
685,5.47419,5.42373,5.610e-04,0.566,0.487,15279
686,5.14980,5.42373,5.608e-04,0.644,0.569,15316
687,5.14986,5.42373,5.607e-04,0.556,0.479,15315
688,5.22288,5.42373,5.605e-04,0.593,0.520,15311
689,5.20195,5.42373,5.604e-04,0.621,0.541,15275
690,5.35508,5.42373,5.602e-04,0.626,0.555,15298
691,5.44081,5.42373,5.601e-04,0.535,0.453,15277
692,5.34585,5.42373,5.599e-04,0.593,0.511,15290
693,5.25458,5.42373,5.597e-04,0.570,0.500,15321
694,5.03683,5.42373,5.596e-04,0.604,0.533,15283
695,5.41309,5.42373,5.594e-04,0.582,0.502,15280
696,5.31592,5.42373,5.593e-04,0.627,0.551,15305
697,5.26667,5.42373,5.591e-04,0.592,0.508,15298
698,5.43369,5.42373,5.589e-04,0.613,0.520,15280
699,5.28924,5.42373,5.588e-04,0.604,0.519,15294
700,5.58149,5.42373,5.586e-04,0.644,0.552,15319
701,5.15965,5.42373,5.585e-04,0.555,0.483,15277
702,5.57126,5.42373,5.583e-04,0.690,0.587,15264
703,5.40956,5.42373,5.581e-04,0.557,0.463,15287
704,5.34465,5.42373,5.580e-04,0.612,0.532,15295
705,5.48801,5.42373,5.578e-04,0.618,0.542,15295
706,5.15619,5.42373,5.576e-04,0.631,0.529,15286
707,5.42996,5.42373,5.575e-04,0.608,0.523,15311
708,5.33364,5.42373,5.573e-04,0.593,0.513,15307
709,5.38175,5.42373,5.572e-04,0.608,0.505,15299
710,5.19587,5.42373,5.570e-04,0.552,0.474,15275
711,5.39102,5.42373,5.568e-04,0.577,0.493,15292
712,5.12882,5.42373,5.567e-04,0.675,0.590,15302
713,4.95925,5.42373,5.565e-04,0.641,0.566,15307
714,5.27421,5.42373,5.563e-04,0.621,0.523,15309
715,5.35256,5.42373,5.562e-04,0.599,0.508,15306
716,5.33510,5.42373,5.560e-04,0.619,0.542,15293
717,5.35357,5.42373,5.558e-04,0.566,0.496,15286
718,5.32105,5.42373,5.557e-04,0.685,0.601,15283
719,5.17290,5.42373,5.555e-04,0.645,0.572,15291
720,5.55731,5.42373,5.553e-04,0.580,0.495,15311
721,5.41764,5.42373,5.552e-04,0.604,0.538,15320
722,5.06258,5.42373,5.550e-04,0.611,0.537,15292
723,5.46215,5.42373,5.548e-04,0.760,0.673,15281
724,5.35773,5.42373,5.547e-04,0.686,0.605,15291
725,5.21633,5.42373,5.545e-04,0.563,0.479,15280
726,5.48200,5.42373,5.543e-04,0.656,0.574,15295
727,5.49435,5.42373,5.542e-04,0.567,0.490,15284
728,4.99124,5.42373,5.540e-04,0.665,0.593,15317
729,5.28272,5.42373,5.538e-04,0.590,0.505,15287
730,5.25385,5.42373,5.537e-04,0.637,0.567,15298
731,5.20912,5.42373,5.535e-04,0.563,0.493,15281
732,5.40649,5.42373,5.533e-04,0.570,0.494,15290
733,5.26798,5.42373,5.531e-04,0.588,0.504,15302
734,5.07225,5.42373,5.530e-04,0.638,0.561,15276
735,5.19609,5.42373,5.528e-04,0.588,0.513,15305
736,5.06705,5.42373,5.526e-04,0.608,0.538,15293
737,5.40757,5.42373,5.525e-04,0.528,0.450,15286
738,5.28125,5.42373,5.523e-04,0.613,0.544,15281
739,4.96487,5.42373,5.521e-04,0.587,0.509,15296
740,5.32052,5.42373,5.519e-04,0.614,0.542,15287
741,5.23259,5.42373,5.518e-04,0.615,0.539,15293
742,5.19975,5.42373,5.516e-04,0.598,0.518,15314
743,5.40303,5.42373,5.514e-04,0.640,0.567,15303
744,5.36980,5.42373,5.512e-04,0.560,0.476,15291
745,5.17294,5.42373,5.511e-04,0.627,0.548,15300
746,5.26131,5.42373,5.509e-04,0.628,0.545,15288
747,5.00973,5.42373,5.507e-04,0.645,0.572,15300
748,5.41190,5.42373,5.506e-04,0.596,0.517,15294
749,5.34237,5.42373,5.504e-04,0.626,0.534,15315
750,5.24863,5.24812,5.502e-04,0.637,0.572,7077
751,5.38186,5.24812,5.500e-04,0.576,0.499,15487
752,5.13515,5.24812,5.499e-04,0.675,0.601,15288
753,5.36791,5.24812,5.497e-04,0.562,0.488,15329
754,5.21724,5.24812,5.495e-04,0.560,0.479,15310
755,5.52724,5.24812,5.493e-04,0.557,0.477,15292
756,5.27586,5.24812,5.491e-04,0.643,0.561,15276
757,5.44621,5.24812,5.490e-04,0.782,0.698,15293
758,5.22086,5.24812,5.488e-04,0.586,0.505,15286
759,5.43938,5.24812,5.486e-04,0.617,0.532,15287
760,5.14960,5.24812,5.484e-04,0.730,0.649,15324
761,5.35946,5.24812,5.483e-04,0.539,0.459,15285
762,5.27439,5.24812,5.481e-04,0.592,0.502,15293
763,4.98863,5.24812,5.479e-04,0.541,0.460,15272
764,5.42926,5.24812,5.477e-04,0.603,0.514,15289
765,5.45953,5.24812,5.475e-04,0.551,0.477,15276
766,5.01539,5.24812,5.474e-04,0.621,0.546,15301
767,5.34229,5.24812,5.472e-04,0.553,0.475,15312
768,5.01441,5.24812,5.470e-04,0.671,0.597,15299
769,5.38526,5.24812,5.468e-04,0.569,0.485,15277
770,5.28992,5.24812,5.466e-04,0.624,0.546,15296
771,5.05066,5.24812,5.465e-04,0.722,0.650,15275
772,5.21590,5.24812,5.463e-04,0.561,0.479,15284
773,5.23666,5.24812,5.461e-04,0.646,0.574,15294
774,5.39689,5.24812,5.459e-04,0.614,0.540,15311
775,5.21959,5.24812,5.457e-04,0.594,0.520,15288
776,5.45377,5.24812,5.456e-04,0.612,0.524,15298
777,5.08957,5.24812,5.454e-04,0.726,0.657,15275
778,5.23794,5.24812,5.452e-04,0.606,0.525,15284
779,5.32670,5.24812,5.450e-04,0.736,0.665,15275
780,5.19814,5.24812,5.448e-04,0.691,0.612,15306
781,5.20354,5.24812,5.446e-04,0.626,0.556,15319
782,5.43070,5.24812,5.445e-04,0.643,0.561,15289
783,5.23951,5.24812,5.443e-04,0.606,0.530,15285
784,5.18749,5.24812,5.441e-04,0.604,0.528,15283
785,5.13612,5.24812,5.439e-04,0.594,0.516,15279
786,5.38001,5.24812,5.437e-04,0.617,0.522,15291
787,5.16554,5.24812,5.435e-04,0.628,0.549,15294
788,5.28012,5.24812,5.433e-04,0.584,0.505,15323
789,5.29052,5.24812,5.432e-04,0.567,0.490,15313
790,5.23979,5.24812,5.430e-04,0.615,0.536,15284
791,5.22430,5.24812,5.428e-04,0.637,0.551,15299
792,5.20807,5.24812,5.426e-04,0.608,0.530,15295
793,5.11322,5.24812,5.424e-04,0.595,0.520,15286
794,5.28623,5.24812,5.422e-04,0.570,0.479,15297
795,5.15894,5.24812,5.420e-04,0.625,0.548,15317
796,5.26485,5.24812,5.418e-04,0.669,0.581,15294
797,5.37996,5.24812,5.417e-04,0.564,0.488,15277
798,5.08094,5.24812,5.415e-04,0.693,0.618,15286
799,5.40060,5.24812,5.413e-04,0.696,0.619,15288
800,5.13334,5.24812,5.411e-04,0.630,0.557,15271
801,5.22209,5.24812,5.409e-04,0.629,0.551,15268
802,5.22446,5.24812,5.407e-04,0.676,0.602,15335
803,5.38762,5.24812,5.405e-04,0.603,0.521,15299
804,5.23354,5.24812,5.403e-04,0.598,0.522,15275
805,5.12473,5.24812,5.401e-04,0.709,0.640,15299
806,5.14568,5.24812,5.400e-04,0.558,0.480,15294
807,5.22175,5.24812,5.398e-04,0.631,0.556,15290
808,5.32056,5.24812,5.396e-04,0.611,0.530,15295
809,5.15877,5.24812,5.394e-04,0.577,0.497,15308
810,5.17270,5.24812,5.392e-04,0.614,0.528,15324
811,5.19960,5.24812,5.390e-04,0.574,0.502,15268
812,5.26164,5.24812,5.388e-04,0.581,0.503,15295
813,5.26293,5.24812,5.386e-04,0.654,0.581,15283
814,5.23118,5.24812,5.384e-04,0.686,0.615,15304
815,5.25591,5.24812,5.382e-04,0.598,0.523,15276
816,5.33763,5.24812,5.380e-04,0.821,0.747,15318
817,5.17868,5.24812,5.378e-04,0.554,0.477,15291
818,5.15741,5.24812,5.377e-04,0.634,0.557,15292
819,5.22610,5.24812,5.375e-04,0.658,0.573,15278
820,5.25150,5.24812,5.373e-04,0.710,0.637,15278
821,5.33300,5.24812,5.371e-04,0.631,0.552,15272
822,5.20221,5.24812,5.369e-04,0.644,0.566,15286
823,5.07285,5.24812,5.367e-04,0.708,0.637,15322
824,5.08058,5.24812,5.365e-04,0.648,0.567,15303
825,5.15084,5.24812,5.363e-04,0.612,0.537,15299
826,5.29461,5.24812,5.361e-04,0.639,0.559,15294
827,5.21686,5.24812,5.359e-04,0.678,0.590,15276
828,5.51015,5.24812,5.357e-04,0.627,0.544,15280
829,5.25613,5.24812,5.355e-04,0.661,0.582,15308
830,5.42353,5.24812,5.353e-04,0.764,0.686,15333
831,5.29028,5.24812,5.351e-04,0.638,0.551,15294
832,5.18115,5.24812,5.349e-04,0.738,0.657,15277
833,5.12041,5.24812,5.347e-04,0.739,0.655,15288
834,5.04905,5.24812,5.345e-04,0.594,0.516,15298
835,5.35031,5.24812,5.343e-04,0.568,0.476,15293
836,5.32802,5.24812,5.341e-04,0.593,0.510,15294
837,5.04414,5.24812,5.339e-04,0.748,0.675,15320
838,5.12787,5.24812,5.337e-04,0.626,0.549,15298
839,5.04917,5.24812,5.335e-04,0.574,0.499,15295
840,4.81820,5.24812,5.333e-04,0.787,0.717,15274
841,5.28127,5.24812,5.331e-04,0.695,0.623,15290
842,5.15480,5.24812,5.329e-04,0.606,0.531,15281
843,5.19784,5.24812,5.327e-04,0.664,0.580,15286
844,4.93673,5.24812,5.325e-04,0.689,0.607,15328
845,5.15364,5.24812,5.323e-04,0.646,0.571,15295
846,5.25475,5.24812,5.321e-04,0.649,0.555,15308
847,5.32233,5.24812,5.319e-04,0.599,0.510,15286
848,5.60243,5.24812,5.317e-04,0.618,0.529,15296
849,5.39242,5.24812,5.315e-04,0.615,0.524,15269
850,5.43286,5.24812,5.313e-04,0.624,0.533,15291
851,5.39170,5.24812,5.311e-04,0.590,0.505,15321
852,5.26411,5.24812,5.309e-04,0.561,0.478,15303
853,5.37858,5.24812,5.307e-04,0.596,0.512,15291
854,5.14431,5.24812,5.305e-04,0.554,0.478,15301
855,5.12663,5.24812,5.303e-04,0.590,0.505,15293
856,5.24890,5.24812,5.301e-04,0.669,0.581,15279
857,5.29040,5.24812,5.299e-04,0.619,0.544,15309
858,5.37373,5.24812,5.297e-04,0.719,0.635,15320
859,5.08046,5.24812,5.295e-04,0.837,0.757,15297
860,5.14873,5.24812,5.293e-04,0.634,0.562,15292
861,5.15701,5.24812,5.291e-04,0.679,0.604,15270
862,5.06431,5.24812,5.289e-04,0.725,0.650,15283
863,5.05202,5.24812,5.287e-04,0.725,0.651,15286
864,5.01952,5.24812,5.285e-04,0.774,0.694,15287
865,5.34398,5.24812,5.283e-04,0.625,0.539,15315
866,5.06478,5.24812,5.281e-04,0.747,0.674,15302
867,5.17239,5.24812,5.279e-04,0.537,0.457,15301
868,5.17811,5.24812,5.276e-04,0.732,0.642,15281
869,4.98596,5.24812,5.274e-04,0.665,0.591,15259
870,5.34560,5.24812,5.272e-04,0.637,0.529,15283
871,5.26809,5.24812,5.270e-04,0.573,0.490,15293
872,5.09135,5.24812,5.268e-04,0.678,0.606,15323
873,5.05822,5.24812,5.266e-04,0.602,0.529,15293
874,5.34475,5.24812,5.264e-04,0.650,0.565,15288
875,5.07455,5.24812,5.262e-04,0.626,0.544,15294
876,5.18027,5.24812,5.260e-04,0.595,0.505,15287
877,5.13782,5.24812,5.258e-04,0.643,0.556,15299
878,5.25290,5.24812,5.256e-04,0.582,0.504,15280
879,5.05179,5.24812,5.254e-04,0.628,0.550,15316
880,5.19236,5.24812,5.252e-04,0.619,0.545,15306
881,5.27662,5.24812,5.249e-04,0.616,0.531,15282
882,5.15112,5.24812,5.247e-04,0.615,0.532,15293
883,5.10094,5.24812,5.245e-04,0.604,0.526,15287
884,5.33188,5.24812,5.243e-04,0.634,0.545,15282
885,5.22724,5.24812,5.241e-04,0.550,0.472,15293
886,5.14127,5.24812,5.239e-04,0.646,0.565,15315
887,5.14642,5.24812,5.237e-04,0.620,0.532,15301
888,5.14309,5.24812,5.235e-04,0.631,0.549,15286
889,5.43804,5.24812,5.233e-04,0.695,0.617,15277
890,5.09198,5.24812,5.230e-04,0.684,0.606,15293
891,5.24698,5.24812,5.228e-04,0.790,0.720,15310
892,4.95837,5.24812,5.226e-04,0.602,0.507,15289
893,4.90666,5.24812,5.224e-04,0.651,0.579,15322
894,5.23983,5.24812,5.222e-04,0.709,0.630,15306
895,5.09507,5.24812,5.220e-04,0.639,0.554,15289
896,5.06060,5.24812,5.218e-04,0.591,0.504,15292
897,5.39560,5.24812,5.216e-04,0.657,0.565,15308
898,5.03051,5.24812,5.213e-04,0.655,0.575,15288
899,5.31526,5.24812,5.211e-04,0.588,0.506,15270
900,5.13666,5.24812,5.209e-04,0.660,0.576,15324
901,5.12881,5.24812,5.207e-04,0.581,0.499,15322
902,5.28032,5.24812,5.205e-04,0.560,0.470,15302
903,5.28550,5.24812,5.203e-04,0.627,0.545,15287
904,5.02576,5.24812,5.201e-04,0.737,0.669,15292
905,5.02899,5.24812,5.198e-04,0.601,0.518,15287
906,5.01783,5.24812,5.196e-04,0.675,0.600,15310
907,5.44601,5.24812,5.194e-04,0.577,0.494,15297
908,5.22034,5.24812,5.192e-04,0.678,0.604,15323
909,5.07735,5.24812,5.190e-04,0.819,0.752,15285
910,5.38678,5.24812,5.188e-04,0.657,0.569,15301
911,5.07853,5.24812,5.185e-04,0.884,0.815,15306
912,5.01309,5.24812,5.183e-04,0.712,0.639,15291
913,5.07894,5.24812,5.181e-04,0.697,0.631,15294
914,5.06191,5.24812,5.179e-04,0.764,0.685,15316
915,5.15152,5.24812,5.177e-04,0.657,0.565,15312
916,5.30098,5.24812,5.175e-04,0.636,0.555,15292
917,5.16922,5.24812,5.172e-04,0.593,0.513,15288
918,5.03725,5.24812,5.170e-04,0.657,0.586,15283
919,5.07377,5.24812,5.168e-04,0.660,0.577,15287
920,5.28288,5.24812,5.166e-04,0.722,0.645,15296
921,4.97156,5.24812,5.164e-04,0.672,0.593,15299
922,5.11488,5.24812,5.161e-04,0.677,0.603,15310
923,5.25980,5.24812,5.159e-04,0.619,0.531,15294
924,5.18832,5.24812,5.157e-04,0.662,0.583,15266
925,5.16161,5.24812,5.155e-04,0.634,0.555,15285
926,5.21066,5.24812,5.153e-04,0.671,0.595,15284
927,5.36321,5.24812,5.150e-04,0.615,0.511,15263
928,4.95317,5.24812,5.148e-04,0.651,0.575,15322
929,5.34124,5.24812,5.146e-04,0.620,0.541,15313
930,4.97725,5.24812,5.144e-04,0.682,0.614,15284
931,5.35652,5.24812,5.142e-04,0.655,0.569,15287
932,5.09637,5.24812,5.139e-04,0.674,0.590,15275
933,5.27121,5.24812,5.137e-04,0.766,0.687,15285
934,5.30305,5.24812,5.135e-04,0.762,0.690,15303
935,5.18604,5.24812,5.133e-04,0.642,0.559,15305
936,4.93759,5.24812,5.131e-04,0.728,0.648,15316
937,5.13758,5.24812,5.128e-04,0.712,0.625,15282
938,5.13805,5.24812,5.126e-04,0.647,0.570,15286
939,5.10816,5.24812,5.124e-04,0.628,0.550,15266
940,5.12626,5.24812,5.122e-04,0.839,0.767,15277
941,5.15907,5.24812,5.119e-04,0.667,0.583,15285
942,5.06949,5.24812,5.117e-04,0.742,0.675,15298
943,5.06013,5.24812,5.115e-04,0.586,0.506,15309
944,5.31872,5.24812,5.113e-04,0.628,0.545,15281
945,5.15205,5.24812,5.110e-04,0.694,0.619,15292
946,5.05963,5.24812,5.108e-04,0.598,0.520,15289
947,5.04646,5.24812,5.106e-04,0.598,0.519,15284
948,4.98613,5.24812,5.104e-04,0.642,0.562,15293
949,5.37689,5.24812,5.101e-04,0.738,0.672,15310
950,5.25984,5.24812,5.099e-04,0.910,0.851,15282
951,4.91718,5.24812,5.097e-04,0.566,0.490,15276
952,5.20588,5.24812,5.095e-04,0.688,0.618,15273
953,5.38660,5.24812,5.092e-04,0.678,0.595,15286
954,5.06192,5.24812,5.090e-04,0.657,0.575,15284
955,5.37407,5.24812,5.088e-04,0.685,0.608,15290
956,5.24721,5.24812,5.086e-04,0.650,0.581,15292
957,5.30336,5.24812,5.083e-04,0.648,0.572,15295
958,5.23823,5.24812,5.081e-04,0.732,0.663,15282
959,5.16694,5.24812,5.079e-04,0.767,0.692,15306
960,4.94490,5.24812,5.076e-04,0.744,0.679,15295
961,5.16974,5.24812,5.074e-04,0.737,0.657,15280
962,5.25296,5.24812,5.072e-04,0.732,0.657,15309
963,5.07428,5.24812,5.070e-04,0.722,0.650,15305
964,5.11241,5.24812,5.067e-04,0.804,0.731,15299
965,4.88712,5.24812,5.065e-04,0.623,0.541,15299
966,5.14678,5.24812,5.063e-04,0.649,0.561,15286
967,5.13216,5.24812,5.060e-04,1.100,1.033,15298
968,5.45383,5.24812,5.058e-04,0.866,0.795,15268
969,5.21267,5.24812,5.056e-04,0.633,0.539,15284
970,5.32154,5.24812,5.054e-04,0.733,0.656,15299
971,5.29546,5.24812,5.051e-04,0.647,0.553,15326
972,5.12093,5.24812,5.049e-04,0.588,0.505,15269
973,5.21406,5.24812,5.047e-04,0.674,0.592,15274
974,5.23982,5.24812,5.044e-04,0.627,0.536,15301
975,5.25444,5.24812,5.042e-04,0.738,0.666,15285
976,5.22880,5.24812,5.040e-04,0.623,0.539,15274
977,5.30393,5.24812,5.037e-04,0.716,0.646,15319
978,5.22535,5.24812,5.035e-04,0.730,0.649,15315
979,5.20841,5.24812,5.033e-04,0.628,0.546,15289
980,4.97430,5.24812,5.030e-04,0.674,0.596,15291
981,5.23265,5.24812,5.028e-04,0.753,0.673,15272
982,5.02321,5.24812,5.026e-04,0.643,0.555,15267
983,5.24520,5.24812,5.023e-04,0.687,0.583,15277
984,5.06111,5.24812,5.021e-04,0.684,0.614,15306
985,5.15192,5.24812,5.019e-04,0.591,0.498,15292
986,5.17112,5.24812,5.016e-04,0.857,0.784,15300
987,5.10943,5.24812,5.014e-04,0.823,0.754,15296
988,5.09507,5.24812,5.012e-04,0.655,0.579,15296
989,5.00138,5.24812,5.009e-04,0.818,0.741,15281
990,5.27770,5.24812,5.007e-04,1.207,1.162,15287
991,5.16954,5.24812,5.005e-04,0.643,0.560,15313
992,5.13717,5.24812,5.002e-04,1.158,1.100,15302
993,4.94117,5.24812,5.000e-04,0.726,0.651,15305
994,5.34118,5.24812,4.998e-04,0.748,0.684,15296
995,5.11404,5.24812,4.995e-04,0.976,0.914,15299
996,5.16742,5.24812,4.993e-04,0.744,0.667,15275
997,5.23026,5.24812,4.991e-04,0.638,0.556,15301
998,5.01563,5.24812,4.988e-04,0.696,0.617,15295
999,5.24830,5.24812,4.986e-04,0.906,0.835,15309
1000,5.06033,5.11018,4.983e-04,0.649,0.568,7067
1001,5.18894,5.11018,4.981e-04,0.771,0.694,15462
1002,5.26856,5.11018,4.979e-04,0.589,0.486,15325
1003,5.29606,5.11018,4.976e-04,0.708,0.627,15304
1004,5.25256,5.11018,4.974e-04,0.729,0.624,15297
1005,5.08898,5.11018,4.972e-04,0.718,0.654,15272
1006,5.18562,5.11018,4.969e-04,0.858,0.787,15290
1007,5.26030,5.11018,4.967e-04,0.922,0.865,15278
1008,5.12024,5.11018,4.964e-04,0.765,0.688,15291
1009,5.30971,5.11018,4.962e-04,1.070,1.013,15309
1010,4.90423,5.11018,4.960e-04,1.080,1.033,15284
1011,5.33715,5.11018,4.957e-04,0.747,0.677,15287
1012,4.91755,5.11018,4.955e-04,1.217,1.166,15284
1013,5.14807,5.11018,4.952e-04,0.864,0.805,15291
1014,5.19697,5.11018,4.950e-04,1.331,1.279,15296
1015,5.24404,5.11018,4.948e-04,1.067,1.013,15292
1016,5.22046,5.11018,4.945e-04,1.143,1.086,15316
1017,5.41481,5.11018,4.943e-04,1.511,1.465,15317
1018,5.11568,5.11018,4.940e-04,1.148,1.077,15288
1019,4.86853,5.11018,4.938e-04,0.823,0.755,15278
1020,5.08820,5.11018,4.936e-04,0.959,0.906,15303
1021,5.14020,5.11018,4.933e-04,0.758,0.679,15280
1022,5.08919,5.11018,4.931e-04,1.096,1.039,15291
1023,5.13619,5.11018,4.928e-04,0.707,0.634,15330
1024,4.98211,5.11018,4.926e-04,0.755,0.682,15289
1025,4.99158,5.11018,4.924e-04,0.733,0.663,15307
1026,4.98316,5.11018,4.921e-04,0.739,0.663,15282
1027,5.19620,5.11018,4.919e-04,0.716,0.630,15280
1028,5.17249,5.11018,4.916e-04,0.614,0.537,15282
1029,4.94859,5.11018,4.914e-04,0.808,0.710,15286
1030,5.46854,5.11018,4.911e-04,0.702,0.624,15317
1031,4.77158,5.11018,4.909e-04,0.726,0.616,15302
1032,5.10966,5.11018,4.907e-04,0.650,0.561,15280
1033,5.15729,5.11018,4.904e-04,0.719,0.635,15274
1034,5.08027,5.11018,4.902e-04,0.645,0.564,15287
1035,4.90553,5.11018,4.899e-04,0.805,0.732,15266
1036,5.09509,5.11018,4.897e-04,0.680,0.598,15276
1037,4.96266,5.11018,4.894e-04,0.853,0.782,15311
1038,4.93067,5.11018,4.892e-04,0.656,0.584,15303
1039,5.29802,5.11018,4.889e-04,0.833,0.761,15281
1040,5.00463,5.11018,4.887e-04,0.741,0.666,15291
1041,5.04689,5.11018,4.885e-04,0.863,0.803,15276
1042,4.91334,5.11018,4.882e-04,0.707,0.637,15302
1043,5.04246,5.11018,4.880e-04,0.641,0.561,15281
1044,4.94915,5.11018,4.877e-04,0.830,0.762,15328
1045,5.15262,5.11018,4.875e-04,0.618,0.537,15299
1046,5.31723,5.11018,4.872e-04,0.642,0.566,15272
1047,5.11323,5.11018,4.870e-04,0.821,0.758,15288
1048,4.91351,5.11018,4.867e-04,0.846,0.787,15288
1049,5.22898,5.11018,4.865e-04,0.968,0.899,15299
1050,5.10343,5.11018,4.862e-04,1.200,1.156,15292
1051,5.11895,5.11018,4.860e-04,0.848,0.780,15331
1052,4.89740,5.11018,4.857e-04,0.734,0.662,15322
1053,5.04402,5.11018,4.855e-04,0.774,0.702,15287
1054,4.99362,5.11018,4.853e-04,0.737,0.656,15286
1055,5.32774,5.11018,4.850e-04,0.658,0.581,15296
1056,4.86445,5.11018,4.848e-04,0.652,0.572,15294
1057,5.15790,5.11018,4.845e-04,1.174,1.125,15305
1058,5.17155,5.11018,4.843e-04,0.679,0.576,15311
1059,5.19463,5.11018,4.840e-04,1.092,1.036,15309
1060,5.39318,5.11018,4.838e-04,1.100,1.032,15307
1061,5.16861,5.11018,4.835e-04,0.598,0.518,15291
1062,4.98586,5.11018,4.833e-04,0.783,0.722,15282
1063,5.15382,5.11018,4.830e-04,0.873,0.810,15287
1064,4.71193,5.11018,4.828e-04,1.750,1.715,15278
1065,5.19574,5.11018,4.825e-04,1.097,1.044,15302
1066,5.00054,5.11018,4.823e-04,2.283,2.245,15322
1067,4.90230,5.11018,4.820e-04,2.092,2.056,15271
1068,5.05993,5.11018,4.818e-04,1.425,1.360,15287
1069,4.99493,5.11018,4.815e-04,1.199,1.139,15268
1070,5.07208,5.11018,4.813e-04,1.640,1.596,15283
1071,5.25681,5.11018,4.810e-04,0.929,0.854,15278
1072,4.86647,5.11018,4.808e-04,1.161,1.098,15316
1073,4.92863,5.11018,4.805e-04,0.724,0.645,15310
1074,5.20609,5.11018,4.803e-04,0.865,0.778,15290
1075,4.93747,5.11018,4.800e-04,1.286,1.234,15281
1076,4.89877,5.11018,4.798e-04,1.636,1.594,15303
1077,5.12831,5.11018,4.795e-04,0.987,0.916,15287
1078,5.10279,5.11018,4.792e-04,1.526,1.482,15295
1079,5.02285,5.11018,4.790e-04,1.683,1.639,15317
1080,4.83466,5.11018,4.787e-04,1.913,1.871,15298
1081,5.11611,5.11018,4.785e-04,1.254,1.189,15281
1082,5.13384,5.11018,4.782e-04,0.929,0.865,15287
1083,5.06816,5.11018,4.780e-04,0.903,0.841,15286
1084,4.97960,5.11018,4.777e-04,0.831,0.766,15272
1085,5.21097,5.11018,4.775e-04,0.784,0.702,15294
1086,5.19576,5.11018,4.772e-04,0.677,0.599,15303
1087,4.84773,5.11018,4.770e-04,0.866,0.792,15316
1088,4.91002,5.11018,4.767e-04,0.746,0.668,15301
1089,5.23900,5.11018,4.765e-04,0.735,0.645,15282
1090,4.88699,5.11018,4.762e-04,0.961,0.898,15278
1091,5.21222,5.11018,4.759e-04,0.864,0.794,15294
1092,4.85935,5.11018,4.757e-04,1.086,1.029,15291
1093,5.05000,5.11018,4.754e-04,1.083,1.021,15310
1094,5.07581,5.11018,4.752e-04,0.902,0.823,15328
1095,5.09547,5.11018,4.749e-04,1.005,0.932,15300
1096,5.16738,5.11018,4.747e-04,1.000,0.939,15273
1097,5.07515,5.11018,4.744e-04,1.060,0.995,15293
1098,4.87585,5.11018,4.742e-04,0.809,0.735,15298
1099,5.23300,5.11018,4.739e-04,0.801,0.727,15296
1100,5.25468,5.11018,4.736e-04,1.051,0.982,15314
1101,5.35212,5.11018,4.734e-04,0.807,0.738,15288
1102,5.21676,5.11018,4.731e-04,0.741,0.654,15294
1103,5.03034,5.11018,4.729e-04,0.931,0.873,15288
1104,4.91416,5.11018,4.726e-04,0.921,0.857,15281
1105,5.03686,5.11018,4.724e-04,0.702,0.624,15287
1106,5.21669,5.11018,4.721e-04,0.862,0.805,15292
1107,4.85216,5.11018,4.718e-04,1.036,0.985,15290
1108,5.22589,5.11018,4.716e-04,0.700,0.606,15297
1109,5.03868,5.11018,4.713e-04,1.365,1.319,15276
1110,5.11740,5.11018,4.711e-04,1.374,1.325,15301
1111,5.06944,5.11018,4.708e-04,0.687,0.607,15285
1112,5.01194,5.11018,4.706e-04,1.377,1.330,15261
1113,5.22181,5.11018,4.703e-04,1.336,1.264,15288
1114,5.18340,5.11018,4.700e-04,0.726,0.650,15304
1115,5.06937,5.11018,4.698e-04,1.003,0.942,15309
1116,5.00056,5.11018,4.695e-04,1.050,0.989,15305
1117,5.04635,5.11018,4.693e-04,0.968,0.901,15274
1118,5.02203,5.11018,4.690e-04,1.443,1.401,15294
1119,4.85196,5.11018,4.687e-04,1.004,0.936,15277
1120,4.91141,5.11018,4.685e-04,0.757,0.688,15298
1121,5.04267,5.11018,4.682e-04,0.856,0.793,15297
1122,5.00645,5.11018,4.680e-04,1.021,0.970,15297
1123,5.02320,5.11018,4.677e-04,0.780,0.702,15295
1124,5.10723,5.11018,4.674e-04,0.763,0.678,15299
1125,5.14093,5.11018,4.672e-04,0.666,0.588,15310
1126,5.10497,5.11018,4.669e-04,0.751,0.664,15289
1127,4.95652,5.11018,4.667e-04,0.928,0.867,15303
1128,4.80932,5.11018,4.664e-04,0.639,0.560,15309
1129,5.05081,5.11018,4.661e-04,1.096,1.039,15299
1130,5.01012,5.11018,4.659e-04,1.185,1.132,15295
1131,4.94940,5.11018,4.656e-04,0.760,0.681,15295
1132,5.04455,5.11018,4.653e-04,0.650,0.568,15292
1133,5.25719,5.11018,4.651e-04,0.843,0.772,15263
1134,5.22791,5.11018,4.648e-04,1.223,1.172,15301
1135,5.05290,5.11018,4.646e-04,0.776,0.705,15335
1136,5.13966,5.11018,4.643e-04,0.867,0.798,15298
1137,5.20001,5.11018,4.640e-04,1.521,1.477,15301
1138,5.02753,5.11018,4.638e-04,0.967,0.891,15297
1139,4.93420,5.11018,4.635e-04,1.466,1.415,15291
1140,4.98233,5.11018,4.632e-04,0.702,0.615,15273
1141,5.07127,5.11018,4.630e-04,0.964,0.899,15292
1142,5.07621,5.11018,4.627e-04,0.675,0.590,15309
1143,5.04732,5.11018,4.625e-04,1.020,0.958,15305
1144,5.01187,5.11018,4.622e-04,0.967,0.901,15289
1145,4.80365,5.11018,4.619e-04,0.808,0.734,15288
1146,4.96814,5.11018,4.617e-04,1.210,1.159,15295
1147,4.87250,5.11018,4.614e-04,0.964,0.883,15283
1148,4.96597,5.11018,4.611e-04,0.940,0.883,15286
1149,5.04927,5.11018,4.609e-04,1.494,1.450,15308
1150,5.04247,5.11018,4.606e-04,0.744,0.661,15307
1151,5.09311,5.11018,4.603e-04,0.881,0.798,15300
1152,4.98761,5.11018,4.601e-04,0.721,0.639,15291
1153,5.23254,5.11018,4.598e-04,1.736,1.694,15289
1154,5.13950,5.11018,4.595e-04,0.911,0.824,15285
1155,5.14820,5.11018,4.593e-04,1.506,1.459,15276
1156,4.91392,5.11018,4.590e-04,0.900,0.834,15295
1157,5.20979,5.11018,4.587e-04,0.831,0.764,15303
1158,5.01440,5.11018,4.585e-04,0.635,0.542,15280
1159,5.05128,5.11018,4.582e-04,0.950,0.884,15285
1160,5.12303,5.11018,4.579e-04,1.064,1.008,15288
1161,4.88752,5.11018,4.577e-04,0.931,0.846,15281
1162,4.91480,5.11018,4.574e-04,1.274,1.225,15296
1163,5.20635,5.11018,4.571e-04,0.782,0.672,15307
1164,5.14094,5.11018,4.569e-04,2.018,1.977,15320
1165,5.04837,5.11018,4.566e-04,1.156,1.098,15280
1166,4.85597,5.11018,4.563e-04,2.706,2.669,15299
1167,4.97871,5.11018,4.561e-04,2.424,2.382,15281
1168,5.01052,5.11018,4.558e-04,1.907,1.849,15306
1169,4.94478,5.11018,4.555e-04,1.366,1.310,15281
1170,4.94003,5.11018,4.553e-04,1.191,1.136,15310
1171,5.07833,5.11018,4.550e-04,0.946,0.884,15326
1172,5.07208,5.11018,4.547e-04,1.234,1.183,15282
1173,5.02957,5.11018,4.545e-04,0.792,0.710,15279
1174,5.15962,5.11018,4.542e-04,0.714,0.629,15271
1175,5.15973,5.11018,4.539e-04,0.775,0.698,15294
1176,4.98038,5.11018,4.537e-04,0.922,0.843,15288
1177,5.22819,5.11018,4.534e-04,0.737,0.660,15303
1178,5.14155,5.11018,4.531e-04,0.956,0.883,15307
1179,5.13177,5.11018,4.528e-04,1.237,1.178,15285
1180,5.00155,5.11018,4.526e-04,1.667,1.622,15282
1181,4.98415,5.11018,4.523e-04,0.854,0.777,15285
1182,5.28127,5.11018,4.520e-04,0.715,0.626,15280
1183,4.98937,5.11018,4.518e-04,0.878,0.804,15293
1184,4.99879,5.11018,4.515e-04,1.227,1.169,15300
1185,5.03190,5.11018,4.512e-04,0.744,0.666,15305
1186,4.88873,5.11018,4.510e-04,1.502,1.458,15305
1187,4.97468,5.11018,4.507e-04,1.000,0.930,15286
1188,5.11575,5.11018,4.504e-04,0.791,0.710,15292
1189,4.97672,5.11018,4.501e-04,0.745,0.667,15285
1190,4.93629,5.11018,4.499e-04,0.847,0.759,15284
1191,5.04138,5.11018,4.496e-04,1.113,1.048,15320
1192,4.85086,5.11018,4.493e-04,0.938,0.852,15307
1193,4.87186,5.11018,4.491e-04,0.806,0.723,15299
1194,5.18837,5.11018,4.488e-04,0.883,0.796,15290
1195,4.87386,5.11018,4.485e-04,0.677,0.590,15292
1196,5.12072,5.11018,4.482e-04,0.891,0.816,15288
1197,4.96523,5.11018,4.480e-04,0.923,0.848,15300
1198,4.96499,5.11018,4.477e-04,1.011,0.941,15300
1199,5.11217,5.11018,4.474e-04,1.421,1.365,15308
1200,5.10604,5.11018,4.471e-04,1.300,1.236,15284
1201,4.82716,5.11018,4.469e-04,0.754,0.668,15275
1202,5.10415,5.11018,4.466e-04,1.401,1.352,15302
1203,4.98823,5.11018,4.463e-04,1.674,1.626,15260
1204,4.89672,5.11018,4.461e-04,0.907,0.832,15317
1205,5.11091,5.11018,4.458e-04,1.460,1.412,15302
1206,5.11497,5.11018,4.455e-04,0.867,0.786,15306
1207,5.01136,5.11018,4.452e-04,1.214,1.162,15302
1208,4.74343,5.11018,4.450e-04,1.835,1.791,15296
1209,5.01159,5.11018,4.447e-04,0.843,0.757,15288
1210,4.87221,5.11018,4.444e-04,1.074,1.019,15277
1211,5.09204,5.11018,4.441e-04,0.934,0.869,15293
1212,4.96868,5.11018,4.439e-04,2.281,2.241,15316
1213,5.30106,5.11018,4.436e-04,1.204,1.132,15306
1214,5.08996,5.11018,4.433e-04,1.978,1.932,15303
1215,5.38723,5.11018,4.430e-04,1.710,1.658,15281
1216,5.18433,5.11018,4.428e-04,1.824,1.771,15290
1217,5.18495,5.11018,4.425e-04,1.011,0.933,15275
1218,4.83510,5.11018,4.422e-04,1.545,1.497,15296
1219,4.73755,5.11018,4.419e-04,0.802,0.718,15300
1220,4.94751,5.11018,4.417e-04,1.374,1.326,15326
1221,5.18676,5.11018,4.414e-04,0.753,0.668,15290
1222,5.00611,5.11018,4.411e-04,0.972,0.908,15294
1223,5.05324,5.11018,4.408e-04,1.046,0.982,15271
1224,5.03337,5.11018,4.406e-04,0.861,0.782,15277
1225,4.90864,5.11018,4.403e-04,1.050,0.993,15277
1226,5.07314,5.11018,4.400e-04,1.294,1.240,15312
1227,4.88355,5.11018,4.397e-04,0.765,0.678,15317
1228,5.16077,5.11018,4.394e-04,1.030,0.965,15291
1229,5.19492,5.11018,4.392e-04,1.023,0.954,15298
1230,4.91251,5.11018,4.389e-04,0.894,0.822,15294
1231,4.80411,5.11018,4.386e-04,1.598,1.548,15287
1232,4.81234,5.11018,4.383e-04,0.757,0.673,15293
1233,4.86132,5.11018,4.381e-04,1.233,1.173,15310
1234,4.85629,5.11018,4.378e-04,0.719,0.638,15320
1235,4.88993,5.11018,4.375e-04,1.483,1.437,15283
1236,4.89207,5.11018,4.372e-04,1.040,0.970,15290
1237,5.15818,5.11018,4.370e-04,0.806,0.732,15279
1238,4.95444,5.11018,4.367e-04,0.945,0.874,15287
1239,5.07071,5.11018,4.364e-04,0.921,0.841,15281
1240,4.88049,5.11018,4.361e-04,0.850,0.771,15301
1241,5.00063,5.11018,4.358e-04,1.022,0.964,15324
1242,5.15841,5.11018,4.356e-04,1.402,1.341,15293
1243,5.10425,5.11018,4.353e-04,1.053,0.987,15285
1244,4.92649,5.11018,4.350e-04,1.038,0.973,15291
1245,5.11771,5.11018,4.347e-04,0.753,0.659,15302
1246,5.41556,5.11018,4.344e-04,2.090,2.040,15277
1247,5.11062,5.11018,4.342e-04,1.253,1.186,15298
1248,5.00558,5.11018,4.339e-04,1.203,1.148,15298
1249,4.98266,5.11018,4.336e-04,1.015,0.954,15288
1250,4.98997,4.96013,4.333e-04,0.917,0.846,7076
1251,4.94350,4.96013,4.330e-04,1.350,1.300,15497
1252,5.06170,4.96013,4.328e-04,0.831,0.747,15309
1253,5.09691,4.96013,4.325e-04,1.409,1.362,15294
1254,5.24633,4.96013,4.322e-04,0.774,0.671,15276
1255,5.25078,4.96013,4.319e-04,1.040,0.979,15289
1256,4.89929,4.96013,4.316e-04,0.939,0.870,15285
1257,4.79950,4.96013,4.314e-04,0.757,0.673,15285
1258,4.99471,4.96013,4.311e-04,0.626,0.529,15297
1259,4.70976,4.96013,4.308e-04,0.892,0.828,15308
1260,5.23027,4.96013,4.305e-04,0.843,0.737,15270
1261,5.23202,4.96013,4.302e-04,1.184,1.117,15277
1262,5.10607,4.96013,4.300e-04,2.510,2.470,15281
1263,4.90499,4.96013,4.297e-04,1.066,0.985,15289
1264,5.02552,4.96013,4.294e-04,2.089,2.044,15281
1265,4.81967,4.96013,4.291e-04,2.568,2.529,15309
1266,5.00419,4.96013,4.288e-04,1.862,1.803,15310
1267,5.23352,4.96013,4.285e-04,2.013,1.964,15308
1268,5.13406,4.96013,4.283e-04,1.529,1.472,15266
1269,4.88126,4.96013,4.280e-04,1.579,1.521,15276
1270,4.97122,4.96013,4.277e-04,1.150,1.085,15264
1271,4.98081,4.96013,4.274e-04,0.747,0.662,15284
1272,5.07111,4.96013,4.271e-04,0.934,0.859,15307
1273,5.12179,4.96013,4.269e-04,0.920,0.842,15303
1274,5.15404,4.96013,4.266e-04,0.864,0.793,15287
1275,4.82437,4.96013,4.263e-04,1.420,1.367,15273
1276,5.21037,4.96013,4.260e-04,1.174,1.111,15277
1277,4.98120,4.96013,4.257e-04,1.168,1.114,15301
1278,4.97947,4.96013,4.254e-04,1.018,0.941,15268
1279,4.96125,4.96013,4.252e-04,1.220,1.160,15306
1280,5.04427,4.96013,4.249e-04,0.970,0.906,15314
1281,4.94620,4.96013,4.246e-04,0.936,0.867,15287
1282,5.10263,4.96013,4.243e-04,1.274,1.221,15257
1283,4.86450,4.96013,4.240e-04,1.127,1.057,15286
1284,5.03305,4.96013,4.237e-04,1.314,1.264,15270
1285,5.03593,4.96013,4.235e-04,1.748,1.705,15302
1286,4.89231,4.96013,4.232e-04,1.376,1.316,15298
1287,5.02315,4.96013,4.229e-04,2.320,2.276,15295
1288,4.97371,4.96013,4.226e-04,1.315,1.256,15312
1289,4.86844,4.96013,4.223e-04,1.562,1.516,15270
1290,5.15309,4.96013,4.220e-04,1.802,1.761,15298
1291,4.96068,4.96013,4.217e-04,1.527,1.477,15280
1292,5.04831,4.96013,4.215e-04,1.000,0.927,15290
1293,4.96874,4.96013,4.212e-04,1.236,1.177,15309
1294,4.87229,4.96013,4.209e-04,0.990,0.915,15293
1295,4.92927,4.96013,4.206e-04,1.407,1.356,15277
1296,5.17697,4.96013,4.203e-04,0.952,0.839,15292
1297,5.01371,4.96013,4.200e-04,0.749,0.660,15277
1298,5.05683,4.96013,4.197e-04,1.003,0.925,15299
1299,4.94556,4.96013,4.195e-04,2.330,2.284,15279
1300,4.93068,4.96013,4.192e-04,0.906,0.811,15317
1301,4.73923,4.96013,4.189e-04,1.511,1.469,15284
1302,4.90994,4.96013,4.186e-04,0.770,0.677,15296
1303,4.73709,4.96013,4.183e-04,2.125,2.081,15295
1304,5.04103,4.96013,4.180e-04,1.180,1.099,15272
1305,4.84842,4.96013,4.177e-04,0.917,0.854,15287
1306,5.04868,4.96013,4.175e-04,1.666,1.621,15288
1307,4.94653,4.96013,4.172e-04,0.854,0.750,15315
1308,5.01989,4.96013,4.169e-04,1.196,1.130,15286
1309,5.07862,4.96013,4.166e-04,0.832,0.742,15291
1310,4.98938,4.96013,4.163e-04,0.894,0.797,15278
1311,5.03583,4.96013,4.160e-04,1.124,1.023,15298
1312,4.93288,4.96013,4.157e-04,1.397,1.343,15287
1313,4.77097,4.96013,4.154e-04,0.720,0.636,15296
1314,4.95347,4.96013,4.152e-04,1.096,1.029,15298
1315,4.89654,4.96013,4.149e-04,2.071,2.034,15301
1316,4.99726,4.96013,4.146e-04,0.899,0.820,15285
1317,4.91466,4.96013,4.143e-04,0.994,0.930,15274
1318,4.91818,4.96013,4.140e-04,1.093,1.035,15278
1319,5.13679,4.96013,4.137e-04,1.041,0.963,15288
1320,4.90601,4.96013,4.134e-04,1.239,1.181,15286
1321,4.96689,4.96013,4.131e-04,1.848,1.808,15319
1322,4.78003,4.96013,4.129e-04,1.292,1.232,15310
1323,4.89179,4.96013,4.126e-04,2.254,2.211,15293
1324,5.14869,4.96013,4.123e-04,1.407,1.343,15291
1325,5.21344,4.96013,4.120e-04,3.765,3.724,15265
1326,4.77400,4.96013,4.117e-04,2.852,2.814,15303
1327,4.87973,4.96013,4.114e-04,1.137,1.058,15286
1328,4.86722,4.96013,4.111e-04,1.793,1.744,15323
1329,4.61385,4.96013,4.108e-04,2.048,2.008,15297
1330,5.03691,4.96013,4.105e-04,1.103,1.036,15299
1331,5.03740,4.96013,4.103e-04,1.903,1.832,15292
1332,5.09922,4.96013,4.100e-04,1.264,1.193,15294
1333,4.94175,4.96013,4.097e-04,1.670,1.619,15275
1334,4.97384,4.96013,4.094e-04,1.549,1.496,15292
1335,4.91396,4.96013,4.091e-04,1.255,1.197,15310
1336,4.74879,4.96013,4.088e-04,1.031,0.955,15325
1337,5.00931,4.96013,4.085e-04,1.653,1.606,15288
1338,4.90504,4.96013,4.082e-04,0.968,0.883,15286
1339,5.16877,4.96013,4.079e-04,0.822,0.733,15295
1340,5.18103,4.96013,4.077e-04,1.342,1.277,15291
1341,4.84974,4.96013,4.074e-04,1.274,1.205,15272
1342,5.17552,4.96013,4.071e-04,0.893,0.789,15289
1343,5.05471,4.96013,4.068e-04,1.072,0.998,15282
1344,4.76634,4.96013,4.065e-04,1.213,1.148,15292
1345,4.94139,4.96013,4.062e-04,2.299,2.246,15280
1346,4.86565,4.96013,4.059e-04,1.415,1.355,15292
1347,4.87809,4.96013,4.056e-04,2.902,2.863,15283
1348,5.06770,4.96013,4.053e-04,2.769,2.729,15294
1349,5.28786,4.96013,4.050e-04,1.253,1.174,15317
1350,4.57446,4.96013,4.047e-04,1.347,1.290,15297
1351,4.69376,4.96013,4.045e-04,1.163,1.082,15295
1352,4.66271,4.96013,4.042e-04,1.052,0.978,15315
1353,5.13412,4.96013,4.039e-04,1.104,1.039,15292
1354,4.87197,4.96013,4.036e-04,0.765,0.667,15272
1355,4.88961,4.96013,4.033e-04,1.252,1.191,15304
1356,4.68563,4.96013,4.030e-04,0.768,0.678,15298
1357,4.88198,4.96013,4.027e-04,0.963,0.882,15311
1358,5.15798,4.96013,4.024e-04,0.950,0.872,15283
1359,5.17737,4.96013,4.021e-04,1.261,1.186,15295
1360,4.85955,4.96013,4.018e-04,1.361,1.298,15293
1361,4.89546,4.96013,4.015e-04,1.310,1.241,15286
1362,5.02464,4.96013,4.012e-04,0.815,0.718,15278
1363,4.76697,4.96013,4.010e-04,1.365,1.311,15316
1364,5.05675,4.96013,4.007e-04,0.954,0.856,15296
1365,5.18945,4.96013,4.004e-04,1.501,1.433,15292
1366,4.97392,4.96013,4.001e-04,1.312,1.253,15293
1367,5.09346,4.96013,3.998e-04,1.164,1.093,15296
1368,5.04407,4.96013,3.995e-04,1.379,1.331,15296
1369,5.00748,4.96013,3.992e-04,0.892,0.810,15298
1370,4.90743,4.96013,3.989e-04,1.002,0.914,15280
1371,4.99789,4.96013,3.986e-04,1.445,1.393,15275
1372,5.11909,4.96013,3.983e-04,0.804,0.704,15276
1373,4.84306,4.96013,3.980e-04,1.311,1.253,15289
1374,4.85438,4.96013,3.977e-04,0.931,0.845,15270
1375,5.00931,4.96013,3.974e-04,3.024,2.985,15291
1376,4.86951,4.96013,3.971e-04,2.002,1.947,15274
1377,4.91064,4.96013,3.969e-04,2.630,2.582,15311
1378,5.11758,4.96013,3.966e-04,2.339,2.294,15300
1379,4.88523,4.96013,3.963e-04,0.932,0.848,15286
1380,5.04574,4.96013,3.960e-04,1.977,1.934,15280
1381,4.83720,4.96013,3.957e-04,1.242,1.185,15289
1382,4.56178,4.96013,3.954e-04,1.736,1.690,15285
1383,5.03698,4.96013,3.951e-04,1.306,1.236,15299
1384,5.04374,4.96013,3.948e-04,1.423,1.366,15299
1385,4.97365,4.96013,3.945e-04,1.084,1.010,15314
1386,4.80698,4.96013,3.942e-04,1.852,1.802,15298
1387,4.95112,4.96013,3.939e-04,1.123,1.049,15273
1388,4.80694,4.96013,3.936e-04,2.306,2.268,15295
1389,4.90361,4.96013,3.933e-04,1.312,1.246,15301
1390,4.74984,4.96013,3.930e-04,2.195,2.148,15299
1391,5.20336,4.96013,3.927e-04,1.899,1.848,15315
1392,4.83982,4.96013,3.924e-04,2.113,2.069,15312
1393,4.82604,4.96013,3.921e-04,1.894,1.843,15299
1394,4.92409,4.96013,3.919e-04,1.067,0.995,15277
1395,4.95336,4.96013,3.916e-04,1.203,1.145,15286
1396,5.17546,4.96013,3.913e-04,0.962,0.863,15293
1397,5.09657,4.96013,3.910e-04,1.174,1.109,15297
1398,4.67578,4.96013,3.907e-04,1.509,1.452,15306
1399,4.85930,4.96013,3.904e-04,1.036,0.941,15299
1400,4.90745,4.96013,3.901e-04,1.301,1.236,15296
1401,4.95951,4.96013,3.898e-04,0.969,0.883,15289
1402,4.86252,4.96013,3.895e-04,1.170,1.099,15309
1403,4.87166,4.96013,3.892e-04,0.852,0.763,15279
1404,4.78563,4.96013,3.889e-04,0.841,0.753,15287
1405,4.89277,4.96013,3.886e-04,0.903,0.793,15312
1406,4.95477,4.96013,3.883e-04,1.186,1.120,15304
1407,4.94865,4.96013,3.880e-04,1.575,1.516,15312
1408,5.11733,4.96013,3.877e-04,1.133,1.043,15285
1409,4.76155,4.96013,3.874e-04,1.270,1.204,15295
1410,4.90401,4.96013,3.871e-04,1.589,1.524,15283
1411,5.06358,4.96013,3.868e-04,1.180,1.108,15292
1412,5.11236,4.96013,3.865e-04,1.150,1.074,15314
1413,5.03852,4.96013,3.862e-04,0.949,0.859,15312
1414,4.90928,4.96013,3.859e-04,1.096,1.033,15283
1415,5.20946,4.96013,3.856e-04,0.980,0.889,15264
1416,4.90919,4.96013,3.853e-04,1.145,1.073,15291
1417,4.92770,4.96013,3.850e-04,1.271,1.194,15293
1418,4.73572,4.96013,3.848e-04,0.869,0.768,15301
1419,4.90451,4.96013,3.845e-04,1.461,1.409,15317
1420,4.89830,4.96013,3.842e-04,1.184,1.115,15306
1421,4.80749,4.96013,3.839e-04,1.025,0.929,15286
1422,4.92321,4.96013,3.836e-04,1.617,1.565,15283
1423,4.93854,4.96013,3.833e-04,1.121,1.043,15309
1424,4.79032,4.96013,3.830e-04,2.227,2.182,15272
1425,4.75423,4.96013,3.827e-04,0.918,0.830,15290
1426,4.95856,4.96013,3.824e-04,2.698,2.653,15313
1427,4.94614,4.96013,3.821e-04,1.983,1.925,15296
1428,4.86142,4.96013,3.818e-04,2.268,2.217,15278
1429,4.92401,4.96013,3.815e-04,2.373,2.326,15293
1430,4.74913,4.96013,3.812e-04,1.115,1.050,15302
1431,5.07834,4.96013,3.809e-04,1.315,1.260,15278
1432,4.86876,4.96013,3.806e-04,1.401,1.341,15277
1433,4.95476,4.96013,3.803e-04,0.802,0.712,15313
1434,4.80273,4.96013,3.800e-04,0.967,0.878,15341
1435,5.16843,4.96013,3.797e-04,1.315,1.251,15291
1436,4.84862,4.96013,3.794e-04,0.954,0.870,15287
1437,5.11951,4.96013,3.791e-04,1.031,0.940,15273
1438,4.76124,4.96013,3.788e-04,1.012,0.936,15276
1439,4.87121,4.96013,3.785e-04,1.389,1.326,15280
1440,4.80571,4.96013,3.782e-04,0.811,0.714,15307
1441,4.65288,4.96013,3.779e-04,1.582,1.522,15303
1442,5.06956,4.96013,3.776e-04,1.464,1.396,15285
1443,4.73899,4.96013,3.773e-04,0.905,0.812,15295
1444,5.04944,4.96013,3.770e-04,2.189,2.134,15285
1445,4.90927,4.96013,3.767e-04,1.290,1.204,15279
1446,4.70447,4.96013,3.764e-04,2.524,2.476,15286
1447,4.76817,4.96013,3.761e-04,2.501,2.451,15311
1448,4.72187,4.96013,3.758e-04,1.844,1.786,15307
1449,5.01258,4.96013,3.755e-04,1.669,1.606,15275
1450,4.93112,4.96013,3.752e-04,1.241,1.175,15302
1451,4.93851,4.96013,3.749e-04,0.835,0.741,15287
1452,4.87108,4.96013,3.746e-04,1.472,1.417,15285
1453,4.65670,4.96013,3.743e-04,1.398,1.320,15285
1454,4.86133,4.96013,3.740e-04,0.820,0.717,15300
1455,4.85989,4.96013,3.737e-04,1.143,1.065,15301
1456,4.68103,4.96013,3.734e-04,1.602,1.545,15284
1457,5.05602,4.96013,3.731e-04,0.964,0.867,15287
1458,4.75696,4.96013,3.728e-04,0.862,0.758,15305
1459,5.08940,4.96013,3.725e-04,0.864,0.752,15286
1460,4.93324,4.96013,3.722e-04,0.926,0.831,15301
1461,4.75799,4.96013,3.719e-04,1.032,0.951,15296
1462,4.87852,4.96013,3.716e-04,0.772,0.670,15314
1463,4.76922,4.96013,3.713e-04,1.004,0.909,15307
1464,4.80146,4.96013,3.710e-04,1.202,1.131,15275
1465,4.97826,4.96013,3.707e-04,1.020,0.932,15296
1466,4.94967,4.96013,3.704e-04,0.991,0.916,15270
1467,5.05777,4.96013,3.701e-04,0.968,0.886,15293
1468,4.71609,4.96013,3.698e-04,1.916,1.865,15318
1469,4.78854,4.96013,3.695e-04,1.220,1.136,15309
1470,4.93024,4.96013,3.692e-04,0.814,0.706,15286
1471,4.83318,4.96013,3.689e-04,1.443,1.379,15290
1472,4.76484,4.96013,3.686e-04,1.570,1.507,15288
1473,4.72204,4.96013,3.683e-04,0.948,0.846,15288
1474,5.02514,4.96013,3.680e-04,1.222,1.145,15292
1475,4.86875,4.96013,3.677e-04,1.190,1.112,15305
1476,4.85600,4.96013,3.674e-04,0.859,0.760,15319
1477,4.81236,4.96013,3.671e-04,1.560,1.503,15278
1478,4.88007,4.96013,3.668e-04,1.276,1.202,15300
1479,4.82894,4.96013,3.665e-04,0.823,0.723,15296
1480,4.68824,4.96013,3.662e-04,0.849,0.756,15288
1481,5.24240,4.96013,3.659e-04,0.964,0.869,15280
1482,4.68081,4.96013,3.656e-04,1.687,1.631,15306
1483,4.98064,4.96013,3.653e-04,1.174,1.088,15309
1484,4.65183,4.96013,3.650e-04,0.917,0.817,15293
1485,4.80496,4.96013,3.647e-04,0.925,0.842,15289
1486,4.75262,4.96013,3.644e-04,0.987,0.895,15296
1487,4.89713,4.96013,3.641e-04,0.921,0.835,15271
1488,4.79290,4.96013,3.638e-04,1.377,1.305,15276
1489,5.03184,4.96013,3.635e-04,1.342,1.268,15316
1490,5.06790,4.96013,3.632e-04,1.067,0.985,15309
1491,4.85075,4.96013,3.629e-04,0.870,0.768,15281
1492,4.83474,4.96013,3.626e-04,0.873,0.764,15289
1493,5.11752,4.96013,3.623e-04,1.348,1.278,15305
1494,4.76597,4.96013,3.620e-04,0.925,0.830,15291
1495,4.75668,4.96013,3.617e-04,0.891,0.798,15300
1496,4.95167,4.96013,3.614e-04,0.920,0.826,15291
1497,4.90603,4.96013,3.611e-04,0.898,0.807,15332
1498,4.85507,4.96013,3.608e-04,0.948,0.865,15296
1499,4.96226,4.96013,3.605e-04,0.962,0.881,15273
1500,4.91802,4.82983,3.602e-04,1.155,1.073,7077
1501,4.68877,4.82983,3.599e-04,1.309,1.228,15473
1502,4.78952,4.82983,3.596e-04,1.021,0.922,15286
1503,4.75908,4.82983,3.593e-04,0.879,0.777,15132
1504,4.75751,4.82983,3.590e-04,1.076,0.984,15303
1505,4.84209,4.82983,3.587e-04,0.893,0.792,15277
1506,5.07345,4.82983,3.584e-04,1.095,1.018,15281
1507,4.83819,4.82983,3.581e-04,1.519,1.455,15300
1508,4.99966,4.82983,3.578e-04,0.962,0.857,15293
1509,4.80462,4.82983,3.575e-04,1.441,1.378,15282
1510,4.61054,4.82983,3.572e-04,2.062,2.015,15293
1511,4.60859,4.82983,3.569e-04,0.996,0.894,15285
1512,4.89154,4.82983,3.566e-04,1.619,1.556,15299
1513,4.97085,4.82983,3.563e-04,0.899,0.778,15275
1514,4.81311,4.82983,3.560e-04,1.172,1.091,15333
1515,5.04529,4.82983,3.557e-04,1.101,1.023,15300
1516,4.68316,4.82983,3.554e-04,0.909,0.815,15289
1517,4.91832,4.82983,3.551e-04,1.792,1.731,15297
1518,4.81865,4.82983,3.548e-04,0.941,0.845,15274
1519,5.09260,4.82983,3.545e-04,1.991,1.947,15297
1520,4.59405,4.82983,3.542e-04,1.217,1.136,15288
1521,4.93584,4.82983,3.539e-04,2.564,2.510,15302
1522,4.81752,4.82983,3.536e-04,2.444,2.400,15286
1523,4.84965,4.82983,3.533e-04,1.539,1.476,15295
1524,4.95777,4.82983,3.530e-04,2.230,2.179,15284
1525,4.70995,4.82983,3.527e-04,1.614,1.549,15287
1526,4.74418,4.82983,3.524e-04,1.166,1.087,15275
1527,5.32702,4.82983,3.521e-04,1.533,1.468,15288
1528,4.80290,4.82983,3.518e-04,1.228,1.157,15314
1529,4.94102,4.82983,3.515e-04,2.366,2.317,15292
1530,4.98494,4.82983,3.512e-04,1.591,1.528,15276
1531,4.74617,4.82983,3.509e-04,2.009,1.962,15278
1532,4.96584,4.82983,3.506e-04,2.113,2.063,15290
1533,4.91683,4.82983,3.503e-04,1.686,1.620,15300
1534,4.88787,4.82983,3.500e-04,1.754,1.696,15286
1535,5.15526,4.82983,3.497e-04,1.849,1.797,15324
1536,4.72342,4.82983,3.494e-04,1.686,1.617,15296
1537,4.99283,4.82983,3.491e-04,1.518,1.451,15272
1538,4.74311,4.82983,3.488e-04,1.122,1.023,15294
1539,4.71670,4.82983,3.485e-04,1.334,1.267,15277
1540,4.92628,4.82983,3.482e-04,1.086,0.996,15291
1541,4.95561,4.82983,3.479e-04,1.212,1.145,15285
1542,4.84124,4.82983,3.476e-04,0.941,0.854,15322
1543,4.94638,4.82983,3.473e-04,1.781,1.719,15286
1544,4.82520,4.82983,3.470e-04,0.975,0.853,15305
1545,5.04101,4.82983,3.467e-04,0.982,0.892,15289
1546,4.70399,4.82983,3.463e-04,1.251,1.168,15289
1547,4.67827,4.82983,3.460e-04,0.960,0.862,15292
1548,5.04303,4.82983,3.457e-04,0.811,0.710,15301
1549,5.00394,4.82983,3.454e-04,1.027,0.918,15321
1550,4.97171,4.82983,3.451e-04,1.095,1.014,15315
1551,4.79914,4.82983,3.448e-04,1.807,1.741,15275
1552,4.83384,4.82983,3.445e-04,1.090,0.995,15305
1553,4.69326,4.82983,3.442e-04,2.160,2.107,15293
1554,4.63377,4.82983,3.439e-04,0.908,0.801,15276
1555,4.90385,4.82983,3.436e-04,1.031,0.940,15285
1556,5.00830,4.82983,3.433e-04,0.981,0.882,15328
1557,4.75065,4.82983,3.430e-04,0.807,0.712,15322
1558,4.86195,4.82983,3.427e-04,1.103,1.008,15287
1559,4.96199,4.82983,3.424e-04,1.427,1.355,15282
1560,4.91484,4.82983,3.421e-04,1.011,0.908,15286
1561,4.73664,4.82983,3.418e-04,0.949,0.860,15299
1562,4.64724,4.82983,3.415e-04,1.446,1.380,15278
1563,4.94280,4.82983,3.412e-04,1.068,0.984,15309
1564,4.73249,4.82983,3.409e-04,0.833,0.729,15305
1565,5.11573,4.82983,3.406e-04,1.096,0.982,15289
1566,4.96363,4.82983,3.403e-04,1.461,1.390,15290
1567,4.81634,4.82983,3.400e-04,0.995,0.869,15291
1568,4.74666,4.82983,3.397e-04,3.915,3.873,15288
1569,4.73278,4.82983,3.394e-04,2.281,2.225,15294
1570,4.81161,4.82983,3.391e-04,2.698,2.637,15318
1571,4.80333,4.82983,3.388e-04,2.455,2.398,15307
1572,4.95086,4.82983,3.385e-04,0.964,0.846,15288
1573,4.92163,4.82983,3.382e-04,2.880,2.835,15286
1574,4.80151,4.82983,3.379e-04,1.235,1.150,15284
1575,5.00634,4.82983,3.376e-04,1.864,1.803,15304
1576,4.86055,4.82983,3.373e-04,1.671,1.591,15291
1577,4.68494,4.82983,3.370e-04,2.332,2.278,15315
1578,4.70841,4.82983,3.367e-04,1.680,1.615,15315
1579,4.88353,4.82983,3.364e-04,1.540,1.472,15281
1580,4.91064,4.82983,3.361e-04,1.247,1.152,15284
1581,4.92104,4.82983,3.358e-04,1.390,1.321,15297
1582,5.06018,4.82983,3.355e-04,1.023,0.932,15286
1583,4.85695,4.82983,3.351e-04,1.032,0.948,15282
1584,4.70115,4.82983,3.348e-04,1.041,0.957,15318
1585,4.90847,4.82983,3.345e-04,0.802,0.689,15306
1586,4.54172,4.82983,3.342e-04,1.254,1.171,15289
1587,4.81529,4.82983,3.339e-04,1.427,1.357,15285
1588,4.82292,4.82983,3.336e-04,1.203,1.113,15284
1589,4.70745,4.82983,3.333e-04,1.001,0.902,15295
1590,4.69724,4.82983,3.330e-04,1.120,1.039,15297
1591,4.72792,4.82983,3.327e-04,1.311,1.234,15316
1592,4.89896,4.82983,3.324e-04,1.240,1.148,15306
1593,4.97264,4.82983,3.321e-04,1.167,1.096,15288
1594,4.88836,4.82983,3.318e-04,0.909,0.809,15284
1595,5.02143,4.82983,3.315e-04,1.043,0.949,15294
1596,4.67885,4.82983,3.312e-04,2.002,1.952,15296
1597,4.78627,4.82983,3.309e-04,1.083,0.988,15290
1598,4.58044,4.82983,3.306e-04,2.134,2.080,15324
1599,4.87537,4.82983,3.303e-04,1.274,1.174,15306
1600,4.51609,4.82983,3.300e-04,2.307,2.256,15278
1601,4.81523,4.82983,3.297e-04,1.920,1.861,15282
1602,4.72326,4.82983,3.294e-04,2.528,2.474,15288
1603,4.84282,4.82983,3.291e-04,2.260,2.200,15311
1604,4.51218,4.82983,3.288e-04,1.150,1.049,15304
1605,4.85601,4.82983,3.285e-04,1.950,1.884,15297
1606,4.65981,4.82983,3.282e-04,1.161,1.073,15311
1607,4.65136,4.82983,3.279e-04,1.161,1.067,15281
1608,4.84807,4.82983,3.276e-04,1.920,1.862,15291
1609,4.68330,4.82983,3.273e-04,1.169,1.070,15284
1610,4.73674,4.82983,3.270e-04,1.932,1.872,15280
1611,4.74946,4.82983,3.267e-04,1.450,1.375,15285
1612,4.76173,4.82983,3.264e-04,2.835,2.789,15310
1613,4.68548,4.82983,3.261e-04,2.690,2.634,15319
1614,4.95841,4.82983,3.258e-04,1.781,1.704,15289
1615,4.86582,4.82983,3.255e-04,1.742,1.679,15290
1616,4.96104,4.82983,3.252e-04,1.187,1.105,15286
1617,4.91631,4.82983,3.249e-04,1.462,1.398,15278
1618,4.75142,4.82983,3.245e-04,1.235,1.148,15296
1619,4.48379,4.82983,3.242e-04,1.343,1.269,15312
1620,4.90011,4.82983,3.239e-04,1.814,1.752,15309
1621,4.83341,4.82983,3.236e-04,1.673,1.616,15268
1622,4.75246,4.82983,3.233e-04,1.502,1.416,15282
1623,4.82578,4.82983,3.230e-04,1.189,1.113,15293
1624,4.93243,4.82983,3.227e-04,1.565,1.509,15271
1625,4.59323,4.82983,3.224e-04,1.896,1.839,15293
1626,4.80501,4.82983,3.221e-04,1.961,1.892,15311
1627,4.67706,4.82983,3.218e-04,1.696,1.617,15298
1628,4.70983,4.82983,3.215e-04,1.221,1.148,15299
1629,4.61186,4.82983,3.212e-04,1.455,1.377,15288
1630,4.75714,4.82983,3.209e-04,1.172,1.088,15288
1631,4.70055,4.82983,3.206e-04,1.058,0.962,15288
1632,4.68973,4.82983,3.203e-04,1.254,1.165,15282
1633,4.95348,4.82983,3.200e-04,0.987,0.889,15296
1634,4.83124,4.82983,3.197e-04,1.136,1.041,15316
1635,4.67090,4.82983,3.194e-04,1.080,0.990,15282
1636,4.76244,4.82983,3.191e-04,0.950,0.846,15288
1637,4.55540,4.82983,3.188e-04,1.152,1.044,15269
1638,4.86395,4.82983,3.185e-04,1.040,0.934,15278
1639,4.68030,4.82983,3.182e-04,1.039,0.944,15287
1640,4.85523,4.82983,3.179e-04,1.034,0.920,15313
1641,4.85403,4.82983,3.176e-04,0.987,0.893,15274
1642,4.79134,4.82983,3.173e-04,1.051,0.944,15306
1643,4.63098,4.82983,3.170e-04,1.002,0.891,15258
1644,4.89889,4.82983,3.167e-04,1.305,1.193,15293
1645,4.43887,4.82983,3.164e-04,1.765,1.689,15285
1646,4.50984,4.82983,3.161e-04,1.249,1.159,15297
1647,4.48060,4.82983,3.158e-04,1.319,1.233,15324
1648,4.62512,4.82983,3.155e-04,1.789,1.712,15307
1649,4.78898,4.82983,3.152e-04,1.463,1.388,15274
1650,4.87985,4.82983,3.149e-04,1.137,1.047,15294
1651,4.72402,4.82983,3.146e-04,0.912,0.802,15284
1652,5.01103,4.82983,3.143e-04,0.967,0.848,15276
1653,4.76175,4.82983,3.140e-04,1.334,1.235,15305
1654,4.74112,4.82983,3.137e-04,1.044,0.915,15304
1655,4.76322,4.82983,3.133e-04,1.161,1.073,15307
1656,4.77139,4.82983,3.130e-04,1.404,1.307,15303
1657,4.93143,4.82983,3.127e-04,1.341,1.229,15277
1658,4.78113,4.82983,3.124e-04,0.939,0.833,15295
1659,4.62651,4.82983,3.121e-04,1.070,0.965,15283
1660,4.86287,4.82983,3.118e-04,1.610,1.531,15287
1661,4.49494,4.82983,3.115e-04,1.091,0.978,15294
1662,4.84420,4.82983,3.112e-04,1.725,1.668,15290
1663,4.63993,4.82983,3.109e-04,0.970,0.870,15309
1664,4.60981,4.82983,3.106e-04,1.498,1.421,15272
1665,4.98590,4.82983,3.103e-04,1.061,0.942,15288
1666,4.72637,4.82983,3.100e-04,2.436,2.383,15291
1667,4.65612,4.82983,3.097e-04,1.236,1.128,15280
1668,4.74730,4.82983,3.094e-04,2.257,2.195,15310
1669,4.89444,4.82983,3.091e-04,1.075,0.964,15304
1670,4.82616,4.82983,3.088e-04,1.767,1.708,15273
1671,4.78577,4.82983,3.085e-04,0.914,0.793,15272
1672,4.88043,4.82983,3.082e-04,2.208,2.150,15305
1673,4.81675,4.82983,3.079e-04,1.489,1.410,15283
1674,4.98724,4.82983,3.076e-04,3.326,3.274,15280
1675,4.74966,4.82983,3.073e-04,3.451,3.392,15305
1676,4.67905,4.82983,3.070e-04,1.173,1.061,15310
1677,5.02966,4.82983,3.067e-04,1.941,1.881,15281
1678,4.84275,4.82983,3.064e-04,1.255,1.165,15267
1679,4.70430,4.82983,3.061e-04,1.362,1.274,15274
1680,4.70826,4.82983,3.058e-04,1.815,1.738,15299
1681,4.63524,4.82983,3.055e-04,1.340,1.251,15284
1682,4.82743,4.82983,3.052e-04,3.649,3.603,15309
1683,4.73452,4.82983,3.049e-04,2.327,2.259,15312
1684,4.73740,4.82983,3.046e-04,1.352,1.268,15280
1685,4.88313,4.82983,3.043e-04,1.699,1.622,15290
1686,4.51811,4.82983,3.040e-04,1.131,1.030,15277
1687,4.88021,4.82983,3.037e-04,2.055,1.997,15299
1688,4.81498,4.82983,3.034e-04,1.171,1.056,15285
1689,4.77997,4.82983,3.031e-04,1.960,1.892,15309
1690,4.80876,4.82983,3.028e-04,1.827,1.745,15319
1691,4.65824,4.82983,3.025e-04,1.876,1.797,15288
1692,4.63497,4.82983,3.022e-04,1.711,1.640,15302
1693,4.71525,4.82983,3.019e-04,1.494,1.413,15290
1694,4.82155,4.82983,3.016e-04,1.309,1.217,15296
1695,4.89557,4.82983,3.013e-04,1.250,1.152,15290
1696,4.85051,4.82983,3.010e-04,1.739,1.676,15303
1697,4.68339,4.82983,3.007e-04,1.110,0.975,15321
1698,4.84427,4.82983,3.004e-04,0.984,0.872,15282
1699,4.72196,4.82983,3.001e-04,1.017,0.914,15300
1700,4.70052,4.82983,2.998e-04,1.342,1.252,15277
1701,4.83577,4.82983,2.995e-04,1.083,0.965,15289
1702,4.65862,4.82983,2.992e-04,1.985,1.924,15292
1703,4.46518,4.82983,2.989e-04,1.088,0.969,15306
1704,4.44533,4.82983,2.986e-04,1.723,1.646,15294
1705,4.51403,4.82983,2.983e-04,1.147,1.029,15291
1706,4.73171,4.82983,2.980e-04,0.973,0.850,15281
1707,4.55172,4.82983,2.977e-04,0.914,0.794,15303
1708,4.82121,4.82983,2.974e-04,1.219,1.123,15300
1709,4.49443,4.82983,2.971e-04,1.207,1.122,15275
1710,4.78189,4.82983,2.968e-04,1.232,1.137,15319
1711,5.05117,4.82983,2.965e-04,1.015,0.904,15313
1712,4.73862,4.82983,2.962e-04,1.279,1.202,15290
1713,4.55312,4.82983,2.959e-04,1.037,0.928,15305
1714,4.89218,4.82983,2.956e-04,1.109,1.006,15290
1715,4.82714,4.82983,2.953e-04,1.241,1.163,15300
1716,4.83319,4.82983,2.950e-04,1.794,1.729,15285
1717,4.83694,4.82983,2.947e-04,1.537,1.454,15322
1718,4.64695,4.82983,2.944e-04,2.163,2.093,15303
1719,4.71077,4.82983,2.941e-04,2.101,2.026,15294
1720,5.05153,4.82983,2.938e-04,1.791,1.705,15286
1721,4.64766,4.82983,2.935e-04,1.859,1.787,15294
1722,4.80245,4.82983,2.932e-04,1.764,1.698,15307
1723,4.70523,4.82983,2.929e-04,1.694,1.616,15290
1724,4.79224,4.82983,2.926e-04,1.748,1.684,15314
1725,4.56229,4.82983,2.923e-04,1.478,1.409,15299
1726,5.13224,4.82983,2.920e-04,1.693,1.617,15290
1727,4.74803,4.82983,2.917e-04,1.408,1.332,15292
1728,4.79184,4.82983,2.914e-04,1.573,1.500,15296
1729,4.81681,4.82983,2.911e-04,1.892,1.820,15294
1730,4.49862,4.82983,2.908e-04,1.088,0.960,15304
1731,4.70244,4.82983,2.905e-04,1.237,1.155,15294
1732,4.63282,4.82983,2.902e-04,1.338,1.243,15311
1733,4.73317,4.82983,2.899e-04,1.035,0.932,15276
1734,4.93420,4.82983,2.896e-04,1.189,1.106,15299
1735,4.57388,4.82983,2.893e-04,1.939,1.884,15309
1736,4.38025,4.82983,2.890e-04,1.347,1.247,15284
1737,4.76989,4.82983,2.887e-04,2.192,2.125,15314
1738,4.69121,4.82983,2.884e-04,2.018,1.947,15299
1739,4.45070,4.82983,2.881e-04,1.504,1.423,15319
1740,4.61270,4.82983,2.878e-04,1.641,1.550,15291
1741,4.66141,4.82983,2.875e-04,1.419,1.332,15284
1742,4.86540,4.82983,2.872e-04,1.309,1.180,15295
1743,4.69641,4.82983,2.869e-04,1.331,1.234,15290
1744,4.70020,4.82983,2.866e-04,0.973,0.859,15305
1745,4.85411,4.82983,2.863e-04,1.249,1.160,15304
1746,4.80865,4.82983,2.860e-04,1.068,0.965,15314
1747,4.68902,4.82983,2.857e-04,0.929,0.823,15296
1748,5.00047,4.82983,2.854e-04,1.065,0.960,15289
1749,4.59998,4.82983,2.851e-04,1.078,0.983,15298
1750,4.72126,4.70247,2.848e-04,1.207,1.103,7088
1751,4.67749,4.70247,2.845e-04,1.351,1.273,15479
1752,5.01072,4.70247,2.842e-04,1.494,1.409,15286
1753,4.64566,4.70247,2.839e-04,1.445,1.364,15292
1754,4.89606,4.70247,2.836e-04,1.530,1.431,15300
1755,4.67388,4.70247,2.833e-04,2.491,2.437,15291
1756,4.63140,4.70247,2.830e-04,1.204,1.098,15319
1757,4.70918,4.70247,2.827e-04,1.373,1.278,15300
1758,4.76129,4.70247,2.824e-04,1.354,1.271,15297
1759,4.65027,4.70247,2.821e-04,1.317,1.215,15276
1760,4.71332,4.70247,2.818e-04,1.692,1.617,15291
1761,4.60890,4.70247,2.815e-04,1.200,1.108,15283
1762,4.63768,4.70247,2.812e-04,1.955,1.872,15292
1763,4.76886,4.70247,2.809e-04,1.736,1.655,15314
1764,4.87628,4.70247,2.806e-04,1.143,1.048,15303
1765,4.74905,4.70247,2.803e-04,2.172,2.111,15299
1766,4.84585,4.70247,2.800e-04,1.535,1.455,15286
1767,5.04243,4.70247,2.797e-04,1.446,1.358,15297
1768,4.77495,4.70247,2.794e-04,1.329,1.238,15284
1769,4.85474,4.70247,2.791e-04,1.579,1.501,15294
1770,4.78844,4.70247,2.788e-04,1.879,1.812,15316
1771,4.60683,4.70247,2.785e-04,1.203,1.087,15304
1772,4.44733,4.70247,2.782e-04,2.260,2.198,15281
1773,5.10688,4.70247,2.779e-04,0.972,0.838,15293
1774,4.90777,4.70247,2.776e-04,0.982,0.879,15288
1775,4.74781,4.70247,2.773e-04,0.990,0.883,15292
1776,4.79552,4.70247,2.770e-04,1.085,0.975,15279
1777,4.60652,4.70247,2.767e-04,1.165,1.065,15317
1778,4.88799,4.70247,2.764e-04,0.927,0.810,15310
1779,4.69279,4.70247,2.761e-04,1.165,1.077,15303
1780,4.58858,4.70247,2.758e-04,1.241,1.150,15277
1781,4.77530,4.70247,2.755e-04,1.080,0.962,15291
1782,4.66095,4.70247,2.752e-04,1.268,1.175,15288
1783,4.57288,4.70247,2.750e-04,1.007,0.892,15292
1784,4.83132,4.70247,2.747e-04,2.031,1.966,15300
1785,4.73361,4.70247,2.744e-04,1.070,0.944,15312
1786,4.89416,4.70247,2.741e-04,1.606,1.528,15294
1787,4.65227,4.70247,2.738e-04,1.227,1.131,15298
1788,4.76268,4.70247,2.735e-04,1.720,1.642,15296
1789,4.46296,4.70247,2.732e-04,1.726,1.662,15280
1790,4.67100,4.70247,2.729e-04,1.960,1.885,15299
1791,4.41134,4.70247,2.726e-04,2.392,2.332,15305
1792,4.72038,4.70247,2.723e-04,1.188,1.096,15301
1793,4.72630,4.70247,2.720e-04,1.362,1.283,15287
1794,4.72010,4.70247,2.717e-04,1.478,1.394,15299
1795,4.68154,4.70247,2.714e-04,1.174,1.083,15288
1796,4.77989,4.70247,2.711e-04,2.219,2.163,15286
1797,4.64545,4.70247,2.708e-04,2.209,2.134,15285
1798,4.75466,4.70247,2.705e-04,1.725,1.651,15305
1799,4.76577,4.70247,2.702e-04,2.076,2.019,15310
1800,4.78361,4.70247,2.699e-04,0.959,0.839,15294
1801,4.61909,4.70247,2.696e-04,2.468,2.415,15276
1802,4.63876,4.70247,2.693e-04,1.448,1.367,15269
1803,4.92904,4.70247,2.690e-04,2.060,1.990,15297
1804,4.89445,4.70247,2.687e-04,2.170,2.106,15286
1805,4.58711,4.70247,2.684e-04,1.092,0.985,15304
1806,4.70081,4.70247,2.681e-04,2.645,2.596,15320
1807,4.54264,4.70247,2.679e-04,1.744,1.673,15286
1808,4.73489,4.70247,2.676e-04,1.904,1.830,15301
1809,5.10734,4.70247,2.673e-04,1.426,1.339,15284
1810,4.59733,4.70247,2.670e-04,1.060,0.925,15278
1811,4.71561,4.70247,2.667e-04,2.192,2.132,15284
1812,4.74194,4.70247,2.664e-04,1.313,1.199,15306
1813,4.99970,4.70247,2.661e-04,2.208,2.146,15328
1814,4.66080,4.70247,2.658e-04,1.852,1.766,15288
1815,4.77084,4.70247,2.655e-04,1.241,1.114,15297
1816,4.63996,4.70247,2.652e-04,1.815,1.746,15297
1817,4.78809,4.70247,2.649e-04,1.006,0.877,15295
1818,4.75195,4.70247,2.646e-04,1.347,1.246,15274
1819,4.68708,4.70247,2.643e-04,1.095,0.980,15304
1820,4.52176,4.70247,2.640e-04,1.689,1.623,15323
1821,4.78595,4.70247,2.637e-04,1.028,0.904,15288
1822,4.98063,4.70247,2.634e-04,1.360,1.277,15293
1823,4.67438,4.70247,2.631e-04,1.133,1.003,15288
1824,4.45208,4.70247,2.629e-04,1.744,1.672,15289
1825,4.55833,4.70247,2.626e-04,1.119,1.003,15280
1826,4.78047,4.70247,2.623e-04,1.571,1.496,15317
1827,4.66461,4.70247,2.620e-04,1.031,0.901,15316
1828,4.76719,4.70247,2.617e-04,1.054,0.956,15285
1829,4.41071,4.70247,2.614e-04,1.691,1.612,15289
1830,4.92804,4.70247,2.611e-04,1.430,1.336,15302
1831,4.77234,4.70247,2.608e-04,1.287,1.189,15284
1832,4.72493,4.70247,2.605e-04,2.122,2.057,15287
1833,4.54753,4.70247,2.602e-04,1.971,1.885,15318
1834,4.40529,4.70247,2.599e-04,1.374,1.275,15323
1835,4.66894,4.70247,2.596e-04,1.499,1.419,15304
1836,4.51650,4.70247,2.593e-04,1.307,1.225,15289
1837,4.71789,4.70247,2.590e-04,1.027,0.897,15274
1838,4.88440,4.70247,2.588e-04,1.228,1.141,15308
1839,4.80000,4.70247,2.585e-04,0.938,0.813,15286
1840,4.73418,4.70247,2.582e-04,1.099,0.993,15295
1841,4.57460,4.70247,2.579e-04,1.070,0.943,15321
1842,4.89428,4.70247,2.576e-04,1.048,0.926,15268
1843,4.66671,4.70247,2.573e-04,1.103,0.984,15297
1844,4.62763,4.70247,2.570e-04,1.773,1.685,15280
1845,5.00016,4.70247,2.567e-04,1.557,1.446,15290
1846,4.85290,4.70247,2.564e-04,1.636,1.544,15286
1847,4.80477,4.70247,2.561e-04,1.508,1.415,15286
1848,4.46641,4.70247,2.558e-04,1.961,1.895,15313
1849,4.89848,4.70247,2.555e-04,1.143,0.996,15302
1850,4.53009,4.70247,2.553e-04,1.165,1.062,15261
1851,4.83889,4.70247,2.550e-04,1.343,1.248,15290
1852,4.77757,4.70247,2.547e-04,1.174,1.051,15282
1853,4.72772,4.70247,2.544e-04,1.434,1.329,15292
1854,5.03907,4.70247,2.541e-04,1.137,1.029,15308
1855,4.57442,4.70247,2.538e-04,1.019,0.876,15317
1856,4.68692,4.70247,2.535e-04,0.974,0.851,15301
1857,4.77068,4.70247,2.532e-04,0.982,0.869,15287
1858,4.62614,4.70247,2.529e-04,1.099,1.005,15296
1859,4.64765,4.70247,2.526e-04,1.951,1.879,15286
1860,4.62240,4.70247,2.523e-04,1.031,0.905,15285
1861,4.83475,4.70247,2.521e-04,1.262,1.156,15310
1862,4.95091,4.70247,2.518e-04,0.967,0.853,15315
1863,4.70442,4.70247,2.515e-04,1.601,1.512,15288
1864,4.64770,4.70247,2.512e-04,1.263,1.143,15275
1865,4.68800,4.70247,2.509e-04,2.238,2.175,15287
1866,4.71930,4.70247,2.506e-04,1.789,1.704,15279
1867,4.69164,4.70247,2.503e-04,2.049,1.965,15298
1868,4.69555,4.70247,2.500e-04,1.559,1.474,15297
1869,4.73168,4.70247,2.497e-04,1.010,0.896,15328
1870,4.70650,4.70247,2.495e-04,1.495,1.412,15297
1871,4.91203,4.70247,2.492e-04,1.039,0.910,15289
1872,4.93265,4.70247,2.489e-04,0.941,0.809,15298
1873,4.23961,4.70247,2.486e-04,0.993,0.857,15278
1874,4.46529,4.70247,2.483e-04,0.984,0.853,15294
1875,4.62042,4.70247,2.480e-04,1.220,1.117,15291
1876,4.55741,4.70247,2.477e-04,1.256,1.157,15317
1877,4.57748,4.70247,2.474e-04,0.943,0.822,15308
1878,4.62211,4.70247,2.471e-04,1.473,1.394,15276
1879,4.98514,4.70247,2.469e-04,1.141,1.039,15305
1880,4.33186,4.70247,2.466e-04,1.499,1.388,15276
1881,4.72288,4.70247,2.463e-04,2.252,2.196,15286
1882,4.78514,4.70247,2.460e-04,1.126,1.024,15293
1883,4.69633,4.70247,2.457e-04,1.883,1.806,15309
1884,4.70850,4.70247,2.454e-04,1.502,1.411,15289
1885,4.79030,4.70247,2.451e-04,1.984,1.914,15299
1886,4.68087,4.70247,2.448e-04,1.823,1.751,15290
1887,4.81624,4.70247,2.446e-04,1.204,1.089,15290
1888,4.59789,4.70247,2.443e-04,1.623,1.538,15292
1889,4.76187,4.70247,2.440e-04,1.267,1.163,15296
1890,4.74100,4.70247,2.437e-04,1.564,1.488,15323
1891,4.60759,4.70247,2.434e-04,1.103,0.992,15301
1892,4.55737,4.70247,2.431e-04,1.386,1.290,15289
1893,4.48321,4.70247,2.428e-04,1.164,1.045,15286
1894,4.80105,4.70247,2.425e-04,1.261,1.172,15291
1895,4.72997,4.70247,2.423e-04,1.057,0.956,15305
1896,4.64479,4.70247,2.420e-04,1.293,1.180,15289
1897,4.88735,4.70247,2.417e-04,1.191,1.098,15312
1898,4.89558,4.70247,2.414e-04,1.050,0.949,15314
1899,4.61627,4.70247,2.411e-04,1.284,1.175,15275
1900,4.44231,4.70247,2.408e-04,1.887,1.810,15302
1901,4.55329,4.70247,2.405e-04,1.061,0.938,15273
1902,4.46083,4.70247,2.403e-04,1.270,1.171,15298
1903,4.78216,4.70247,2.400e-04,0.919,0.802,15289
1904,4.77783,4.70247,2.397e-04,1.676,1.597,15318
1905,4.82212,4.70247,2.394e-04,1.099,0.980,15296
1906,4.53436,4.70247,2.391e-04,1.670,1.578,15293
1907,4.65877,4.70247,2.388e-04,1.332,1.239,15294
1908,4.68284,4.70247,2.385e-04,2.154,2.084,15296
1909,4.64993,4.70247,2.383e-04,1.739,1.660,15291
1910,4.90127,4.70247,2.380e-04,1.399,1.308,15287
1911,4.60482,4.70247,2.377e-04,1.683,1.596,15323
1912,5.05328,4.70247,2.374e-04,1.181,1.085,15298
1913,4.50924,4.70247,2.371e-04,1.602,1.524,15292
1914,4.62644,4.70247,2.368e-04,1.060,0.929,15299
1915,4.59954,4.70247,2.365e-04,1.774,1.705,15300
1916,4.62514,4.70247,2.363e-04,1.007,0.869,15275
1917,4.88242,4.70247,2.360e-04,1.211,1.120,15294
1918,4.76450,4.70247,2.357e-04,1.069,0.955,15327
1919,4.76115,4.70247,2.354e-04,1.482,1.394,15312
1920,4.47724,4.70247,2.351e-04,1.151,1.031,15274
1921,4.80061,4.70247,2.348e-04,1.838,1.757,15287
1922,4.53491,4.70247,2.346e-04,1.675,1.593,15286
1923,4.86193,4.70247,2.343e-04,1.894,1.806,15294
1924,4.69877,4.70247,2.340e-04,1.930,1.855,15290
1925,4.39591,4.70247,2.337e-04,1.112,1.001,15300
1926,4.56758,4.70247,2.334e-04,1.287,1.187,15314
1927,4.64654,4.70247,2.331e-04,0.893,0.765,15283
1928,4.92199,4.70247,2.329e-04,1.672,1.600,15272
1929,4.68205,4.70247,2.326e-04,1.293,1.202,15307
1930,4.75374,4.70247,2.323e-04,1.809,1.740,15293
1931,4.72132,4.70247,2.320e-04,1.217,1.112,15285
1932,4.84981,4.70247,2.317e-04,1.659,1.575,15317
1933,4.56643,4.70247,2.315e-04,1.598,1.506,15288
1934,4.53982,4.70247,2.312e-04,1.114,0.992,15268
1935,4.79800,4.70247,2.309e-04,1.572,1.492,15287
1936,4.66356,4.70247,2.306e-04,1.066,0.934,15293
1937,4.63357,4.70247,2.303e-04,1.415,1.321,15287
1938,4.67914,4.70247,2.300e-04,1.103,0.998,15288
1939,4.48145,4.70247,2.298e-04,1.419,1.336,15314
1940,4.87500,4.70247,2.295e-04,1.174,1.076,15293
1941,4.59028,4.70247,2.292e-04,1.176,1.046,15284
1942,4.70410,4.70247,2.289e-04,1.056,0.909,15279
1943,4.56805,4.70247,2.286e-04,1.214,1.113,15274
1944,4.58579,4.70247,2.284e-04,1.329,1.230,15280
1945,4.64588,4.70247,2.281e-04,1.029,0.896,15284
1946,4.77971,4.70247,2.278e-04,1.591,1.495,15317
1947,4.59100,4.70247,2.275e-04,1.145,1.010,15300
1948,4.62449,4.70247,2.272e-04,1.766,1.694,15275
1949,4.68072,4.70247,2.270e-04,1.096,0.964,15265
1950,4.47666,4.70247,2.267e-04,1.156,1.040,15280
1951,4.96009,4.70247,2.264e-04,1.200,1.072,15280
1952,4.69600,4.70247,2.261e-04,1.509,1.413,15298
1953,4.86807,4.70247,2.258e-04,1.064,0.919,15322
1954,4.65098,4.70247,2.256e-04,1.432,1.317,15300
1955,4.67675,4.70247,2.253e-04,1.156,1.037,15302
1956,4.69226,4.70247,2.250e-04,2.256,2.193,15287
1957,4.59998,4.70247,2.247e-04,1.580,1.476,15270
1958,4.69758,4.70247,2.244e-04,1.520,1.425,15288
1959,4.67949,4.70247,2.242e-04,1.502,1.413,15304
1960,4.70553,4.70247,2.239e-04,1.183,1.053,15316
1961,4.74701,4.70247,2.236e-04,1.615,1.524,15293
1962,4.51170,4.70247,2.233e-04,1.207,1.087,15284
1963,4.56709,4.70247,2.230e-04,1.243,1.122,15300
1964,4.59816,4.70247,2.228e-04,1.514,1.421,15309
1965,4.54937,4.70247,2.225e-04,1.107,0.978,15292
1966,4.73502,4.70247,2.222e-04,1.212,1.099,15291
1967,4.61821,4.70247,2.219e-04,1.035,0.900,15322
1968,4.49040,4.70247,2.217e-04,1.725,1.644,15288
1969,4.51773,4.70247,2.214e-04,1.199,1.061,15291
1970,4.42516,4.70247,2.211e-04,1.705,1.628,15279
1971,4.67488,4.70247,2.208e-04,1.121,0.998,15294
1972,4.77247,4.70247,2.206e-04,2.008,1.931,15286
1973,4.63938,4.70247,2.203e-04,1.385,1.290,15299
1974,4.65706,4.70247,2.200e-04,1.429,1.342,15328
1975,4.78296,4.70247,2.197e-04,1.482,1.395,15298
1976,4.24162,4.70247,2.194e-04,1.449,1.350,15311
1977,4.73941,4.70247,2.192e-04,1.563,1.476,15271
1978,4.70745,4.70247,2.189e-04,1.084,0.962,15284
1979,4.52020,4.70247,2.186e-04,1.315,1.223,15272
1980,4.66606,4.70247,2.183e-04,1.150,1.031,15305
1981,4.49448,4.70247,2.181e-04,1.047,0.914,15323
1982,4.82912,4.70247,2.178e-04,1.392,1.296,15304
1983,4.85305,4.70247,2.175e-04,0.997,0.876,15285
1984,4.73464,4.70247,2.172e-04,1.407,1.317,15284
1985,4.60968,4.70247,2.170e-04,1.102,0.993,15294
1986,4.74288,4.70247,2.167e-04,1.083,0.970,15296
1987,4.67562,4.70247,2.164e-04,1.042,0.913,15281
1988,4.66450,4.70247,2.161e-04,1.127,0.994,15327
1989,4.52775,4.70247,2.159e-04,1.520,1.422,15286
1990,4.74102,4.70247,2.156e-04,1.055,0.920,15285
1991,4.44925,4.70247,2.153e-04,1.386,1.294,15289
1992,4.48343,4.70247,2.150e-04,1.143,1.015,15289
1993,4.79193,4.70247,2.148e-04,1.170,1.053,15295
1994,4.73886,4.70247,2.145e-04,1.246,1.141,15298
1995,4.56484,4.70247,2.142e-04,0.980,0.844,15303
1996,4.68645,4.70247,2.139e-04,1.119,1.006,15311
1997,4.59188,4.70247,2.137e-04,1.200,1.076,15300
1998,4.74166,4.70247,2.134e-04,1.339,1.240,15277
1999,4.54783,4.70247,2.131e-04,1.465,1.372,15283
2000,4.60448,4.61030,2.129e-04,1.936,1.841,7081
2001,4.58157,4.61030,2.126e-04,1.141,1.015,15474
2002,4.60450,4.61030,2.123e-04,1.411,1.307,15272
2003,4.43580,4.61030,2.120e-04,1.293,1.176,15285
2004,4.79252,4.61030,2.118e-04,1.202,1.094,15151
2005,4.81136,4.61030,2.115e-04,1.054,0.930,15306
2006,4.55420,4.61030,2.112e-04,1.554,1.455,15309
2007,4.51947,4.61030,2.109e-04,1.263,1.144,15279
2008,4.87079,4.61030,2.107e-04,1.065,0.947,15291
2009,4.75883,4.61030,2.104e-04,1.018,0.890,15282
2010,4.93034,4.61030,2.101e-04,1.837,1.759,15287
2011,4.65662,4.61030,2.099e-04,1.272,1.155,15294
2012,4.51789,4.61030,2.096e-04,1.770,1.700,15301
2013,4.54560,4.61030,2.093e-04,1.268,1.154,15333
2014,4.80858,4.61030,2.090e-04,1.272,1.153,15271
2015,4.75299,4.61030,2.088e-04,1.350,1.258,15296
2016,4.64930,4.61030,2.085e-04,1.042,0.914,15285
2017,4.42306,4.61030,2.082e-04,1.306,1.209,15300
2018,4.54503,4.61030,2.080e-04,1.113,1.006,15276
2019,4.64738,4.61030,2.077e-04,1.112,0.998,15294
2020,4.60902,4.61030,2.074e-04,1.395,1.300,15307
2021,4.56670,4.61030,2.072e-04,1.629,1.540,15299
2022,4.69998,4.61030,2.069e-04,1.362,1.273,15276
2023,4.59164,4.61030,2.066e-04,1.266,1.163,15299
2024,4.45397,4.61030,2.063e-04,1.057,0.927,15277
2025,4.54648,4.61030,2.061e-04,1.070,0.951,15291
2026,4.76658,4.61030,2.058e-04,1.118,1.001,15275
2027,4.67229,4.61030,2.055e-04,1.329,1.230,15339
2028,4.90220,4.61030,2.053e-04,0.934,0.806,15299
2029,4.58235,4.61030,2.050e-04,1.509,1.400,15282
2030,4.52849,4.61030,2.047e-04,1.375,1.270,15300
2031,4.77876,4.61030,2.045e-04,1.025,0.881,15279
2032,4.71721,4.61030,2.042e-04,1.264,1.157,15296
2033,4.72340,4.61030,2.039e-04,1.088,0.961,15294
2034,4.64315,4.61030,2.037e-04,1.275,1.171,15321
2035,4.92759,4.61030,2.034e-04,1.000,0.875,15302
2036,4.72308,4.61030,2.031e-04,1.666,1.574,15289
2037,4.64753,4.61030,2.029e-04,1.108,0.969,15292
2038,4.47056,4.61030,2.026e-04,1.354,1.248,15280
2039,4.44252,4.61030,2.023e-04,1.104,0.978,15277
2040,4.74675,4.61030,2.021e-04,1.514,1.418,15285
2041,4.78900,4.61030,2.018e-04,1.188,1.054,15329
2042,4.55537,4.61030,2.015e-04,1.503,1.416,15292
2043,4.69385,4.61030,2.013e-04,1.146,1.021,15286
2044,4.61335,4.61030,2.010e-04,1.935,1.854,15304
2045,4.43593,4.61030,2.007e-04,1.601,1.514,15287
2046,4.52754,4.61030,2.005e-04,2.053,1.974,15298
2047,4.68306,4.61030,2.002e-04,1.931,1.855,15298
2048,4.73296,4.61030,1.999e-04,1.001,0.869,15319
2049,4.37790,4.61030,1.997e-04,2.224,2.166,15302
2050,4.95181,4.61030,1.994e-04,1.169,1.054,15288
2051,4.93294,4.61030,1.991e-04,1.488,1.377,15308
2052,4.44296,4.61030,1.989e-04,1.416,1.322,15264
2053,4.62631,4.61030,1.986e-04,1.591,1.484,15309
2054,4.73156,4.61030,1.983e-04,1.097,0.970,15299
2055,4.54936,4.61030,1.981e-04,1.352,1.247,15312
2056,4.61806,4.61030,1.978e-04,1.064,0.950,15275
2057,4.58752,4.61030,1.975e-04,1.276,1.174,15276
2058,4.56942,4.61030,1.973e-04,1.315,1.196,15297
2059,4.56670,4.61030,1.970e-04,1.692,1.610,15273
2060,4.76812,4.61030,1.968e-04,1.337,1.237,15292
2061,4.63740,4.61030,1.965e-04,1.797,1.699,15311
2062,4.50959,4.61030,1.962e-04,1.581,1.495,15323
2063,4.61861,4.61030,1.960e-04,1.325,1.225,15281
2064,4.74896,4.61030,1.957e-04,1.207,1.089,15296
2065,4.68336,4.61030,1.954e-04,1.034,0.906,15303
2066,4.49184,4.61030,1.952e-04,2.340,2.247,15279
2067,4.53187,4.61030,1.949e-04,1.825,1.714,15284
2068,4.34670,4.61030,1.947e-04,1.544,1.440,15282
2069,4.64818,4.61030,1.944e-04,1.573,1.477,15312
2070,4.76953,4.61030,1.941e-04,1.238,1.147,15288
2071,4.49530,4.61030,1.939e-04,1.213,1.098,15289
2072,4.37170,4.61030,1.936e-04,1.016,0.893,15282
2073,4.66602,4.61030,1.933e-04,1.300,1.184,15300
2074,4.63352,4.61030,1.931e-04,1.085,0.962,15281
2075,4.46646,4.61030,1.928e-04,1.188,1.069,15305
2076,4.54252,4.61030,1.926e-04,1.450,1.348,15325
2077,4.81937,4.61030,1.923e-04,1.109,0.988,15290
2078,4.46145,4.61030,1.920e-04,1.108,0.954,15286
2079,4.47180,4.61030,1.918e-04,1.034,0.893,15290
2080,4.46566,4.61030,1.915e-04,1.231,1.094,15290
2081,4.49342,4.61030,1.913e-04,1.139,0.997,15277
2082,4.78245,4.61030,1.910e-04,1.042,0.930,15293
2083,4.65843,4.61030,1.907e-04,1.357,1.254,15324
2084,4.67107,4.61030,1.905e-04,1.203,1.076,15296
2085,4.55428,4.61030,1.902e-04,1.503,1.417,15303
2086,4.80730,4.61030,1.900e-04,1.084,0.963,15282
2087,4.72016,4.61030,1.897e-04,1.831,1.758,15284
2088,4.71199,4.61030,1.894e-04,1.414,1.304,15292
2089,4.65680,4.61030,1.892e-04,1.491,1.397,15303
2090,4.49811,4.61030,1.889e-04,1.126,1.012,15312
2091,4.49940,4.61030,1.887e-04,1.791,1.713,15323
2092,4.61436,4.61030,1.884e-04,1.652,1.566,15289
2093,4.39379,4.61030,1.882e-04,2.160,2.085,15272
2094,4.88006,4.61030,1.879e-04,1.820,1.745,15282
2095,4.64706,4.61030,1.876e-04,1.204,1.091,15298
2096,4.69724,4.61030,1.874e-04,1.605,1.519,15299
2097,4.61611,4.61030,1.871e-04,1.246,1.132,15311
2098,4.48940,4.61030,1.869e-04,1.152,1.031,15291
2099,4.59549,4.61030,1.866e-04,1.248,1.121,15290
2100,4.39106,4.61030,1.864e-04,1.033,0.891,15294
2101,4.55097,4.61030,1.861e-04,1.120,1.005,15291
2102,4.62997,4.61030,1.858e-04,1.054,0.918,15290
2103,4.53533,4.61030,1.856e-04,0.986,0.863,15291
2104,4.65801,4.61030,1.853e-04,1.015,0.870,15303
2105,4.71031,4.61030,1.851e-04,1.196,1.075,15284
2106,4.70318,4.61030,1.848e-04,1.201,1.089,15279
2107,4.68607,4.61030,1.846e-04,1.237,1.090,15296
2108,4.52957,4.61030,1.843e-04,1.099,0.972,15277
2109,4.62015,4.61030,1.841e-04,1.165,1.019,15284
2110,4.66137,4.61030,1.838e-04,1.361,1.253,15298
2111,4.53313,4.61030,1.835e-04,1.111,0.978,15315
2112,4.63555,4.61030,1.833e-04,1.262,1.148,15312
2113,4.60584,4.61030,1.830e-04,1.131,1.002,15264
2114,4.54537,4.61030,1.828e-04,1.238,1.129,15292
2115,4.55027,4.61030,1.825e-04,1.026,0.892,15288
2116,4.32607,4.61030,1.823e-04,1.260,1.145,15292
2117,4.29766,4.61030,1.820e-04,1.284,1.158,15308
2118,4.59319,4.61030,1.818e-04,1.151,1.009,15321
2119,4.47584,4.61030,1.815e-04,0.997,0.863,15298
2120,4.42686,4.61030,1.813e-04,1.030,0.884,15291
2121,4.59695,4.61030,1.810e-04,1.247,1.119,15281
2122,4.69607,4.61030,1.808e-04,1.001,0.856,15277
2123,4.53197,4.61030,1.805e-04,1.745,1.654,15288
2124,4.44988,4.61030,1.802e-04,1.119,0.963,15291
2125,4.53834,4.61030,1.800e-04,1.886,1.791,15304
2126,4.77594,4.61030,1.797e-04,1.526,1.419,15296
2127,4.56164,4.61030,1.795e-04,2.433,2.360,15292
2128,4.80980,4.61030,1.792e-04,1.890,1.809,15296
2129,4.79385,4.61030,1.790e-04,1.021,0.878,15277
2130,4.40224,4.61030,1.787e-04,2.380,2.301,15277
2131,4.68700,4.61030,1.785e-04,1.465,1.372,15289
2132,4.82872,4.61030,1.782e-04,1.571,1.471,15320
2133,4.50410,4.61030,1.780e-04,2.357,2.289,15292
2134,4.48875,4.61030,1.777e-04,1.095,0.945,15290
2135,4.58840,4.61030,1.775e-04,2.043,1.966,15291
2136,4.68209,4.61030,1.772e-04,1.565,1.474,15293
2137,4.71520,4.61030,1.770e-04,1.247,1.125,15287
2138,4.48439,4.61030,1.767e-04,1.674,1.592,15292
2139,4.59471,4.61030,1.765e-04,1.055,0.917,15327
2140,4.41443,4.61030,1.762e-04,1.654,1.554,15308
2141,4.59378,4.61030,1.760e-04,1.139,1.018,15285
2142,4.74104,4.61030,1.757e-04,1.027,0.895,15284
2143,4.43838,4.61030,1.755e-04,1.135,1.017,15293
2144,4.55213,4.61030,1.752e-04,1.155,1.035,15287
2145,4.32881,4.61030,1.750e-04,1.064,0.931,15300
2146,4.67034,4.61030,1.747e-04,1.023,0.896,15320
2147,4.64723,4.61030,1.745e-04,1.301,1.181,15287
2148,4.65934,4.61030,1.743e-04,1.100,0.956,15292
2149,4.70338,4.61030,1.740e-04,1.105,0.973,15285
2150,4.64460,4.61030,1.738e-04,1.042,0.890,15294
2151,4.66734,4.61030,1.735e-04,1.259,1.131,15264
2152,4.84870,4.61030,1.733e-04,1.122,0.980,15318
2153,4.63189,4.61030,1.730e-04,0.989,0.859,15311
2154,4.55072,4.61030,1.728e-04,1.258,1.139,15298
2155,4.49224,4.61030,1.725e-04,1.092,0.948,15293
2156,4.58360,4.61030,1.723e-04,1.059,0.923,15285
2157,4.55852,4.61030,1.720e-04,1.110,0.979,15292
2158,4.50289,4.61030,1.718e-04,1.183,1.052,15293
2159,4.51677,4.61030,1.715e-04,1.183,1.066,15292
2160,4.56543,4.61030,1.713e-04,1.224,1.104,15331
2161,4.52128,4.61030,1.711e-04,1.252,1.123,15299
2162,4.72463,4.61030,1.708e-04,1.280,1.164,15293
2163,4.71684,4.61030,1.706e-04,1.377,1.268,15287
2164,4.68689,4.61030,1.703e-04,1.080,0.963,15305
2165,4.74509,4.61030,1.701e-04,1.530,1.436,15280
2166,4.35165,4.61030,1.698e-04,1.172,1.024,15292
2167,4.54867,4.61030,1.696e-04,2.164,2.082,15309
2168,4.51359,4.61030,1.693e-04,1.515,1.403,15289
2169,4.69834,4.61030,1.691e-04,1.267,1.150,15282
2170,4.68534,4.61030,1.689e-04,1.616,1.521,15268
2171,4.33998,4.61030,1.686e-04,0.972,0.842,15281
2172,4.44573,4.61030,1.684e-04,1.109,0.981,15303
2173,4.61488,4.61030,1.681e-04,1.125,0.999,15282
2174,4.42809,4.61030,1.679e-04,1.069,0.938,15321
2175,4.63434,4.61030,1.676e-04,1.025,0.904,15289
2176,4.61566,4.61030,1.674e-04,1.078,0.942,15285
2177,4.53214,4.61030,1.672e-04,1.037,0.907,15288
2178,4.42949,4.61030,1.669e-04,1.092,0.970,15289
2179,4.39922,4.61030,1.667e-04,1.006,0.881,15289
2180,4.37292,4.61030,1.664e-04,1.190,1.060,15279
2181,4.57753,4.61030,1.662e-04,1.139,1.022,15320
2182,4.61867,4.61030,1.660e-04,1.046,0.916,15290
2183,4.80103,4.61030,1.657e-04,1.091,0.940,15289
2184,4.60662,4.61030,1.655e-04,1.655,1.574,15271
2185,4.47072,4.61030,1.652e-04,1.115,0.986,15293
2186,4.68911,4.61030,1.650e-04,1.373,1.257,15282
2187,4.61637,4.61030,1.648e-04,1.904,1.827,15308
2188,4.47349,4.61030,1.645e-04,1.265,1.112,15313
2189,4.77462,4.61030,1.643e-04,1.804,1.698,15300
2190,4.95671,4.61030,1.640e-04,1.122,0.987,15290
2191,4.58764,4.61030,1.638e-04,1.360,1.207,15277
2192,4.26246,4.61030,1.636e-04,1.758,1.650,15285
2193,4.27262,4.61030,1.633e-04,1.235,1.098,15298
2194,4.30091,4.61030,1.631e-04,1.715,1.613,15304
2195,4.50649,4.61030,1.628e-04,1.097,0.947,15309
2196,4.50212,4.61030,1.626e-04,1.435,1.333,15313
2197,4.60380,4.61030,1.624e-04,1.168,1.038,15300
2198,4.71066,4.61030,1.621e-04,1.284,1.151,15287
2199,4.71020,4.61030,1.619e-04,1.265,1.133,15292
2200,4.92284,4.61030,1.617e-04,1.212,1.087,15285
2201,4.43633,4.61030,1.614e-04,1.260,1.124,15286
2202,4.36043,4.61030,1.612e-04,1.237,1.108,15323
2203,4.45440,4.61030,1.609e-04,1.141,1.023,15296
2204,4.74393,4.61030,1.607e-04,1.213,1.078,15276
2205,4.49530,4.61030,1.605e-04,1.276,1.144,15269
2206,4.49937,4.61030,1.602e-04,1.242,1.119,15285
2207,4.45260,4.61030,1.600e-04,1.419,1.304,15288
2208,4.48799,4.61030,1.598e-04,1.095,0.961,15300
2209,4.94985,4.61030,1.595e-04,0.964,0.825,15326
2210,4.44119,4.61030,1.593e-04,1.163,1.047,15309
2211,4.45205,4.61030,1.591e-04,1.162,1.032,15302
2212,4.46548,4.61030,1.588e-04,1.165,1.037,15273
2213,4.32322,4.61030,1.586e-04,1.453,1.334,15297
2214,4.62439,4.61030,1.584e-04,1.064,0.930,15280
2215,4.67369,4.61030,1.581e-04,1.181,1.078,15301
2216,4.64922,4.61030,1.579e-04,1.213,1.103,15318
2217,4.44754,4.61030,1.577e-04,1.632,1.504,15314
2218,4.48609,4.61030,1.574e-04,1.683,1.586,15299
2219,4.71769,4.61030,1.572e-04,1.260,1.142,15294
2220,4.74540,4.61030,1.570e-04,1.060,0.929,15277
2221,4.43795,4.61030,1.567e-04,1.078,0.933,15284
2222,4.64997,4.61030,1.565e-04,1.403,1.301,15289
2223,4.59353,4.61030,1.563e-04,1.151,0.999,15321
2224,4.52391,4.61030,1.560e-04,1.569,1.487,15304
2225,4.39653,4.61030,1.558e-04,1.282,1.162,15294
2226,4.65453,4.61030,1.556e-04,1.312,1.197,15303
2227,4.68369,4.61030,1.553e-04,1.295,1.184,15294
2228,4.63153,4.61030,1.551e-04,1.152,1.011,15281
2229,4.63118,4.61030,1.549e-04,1.191,1.071,15291
2230,4.91966,4.61030,1.546e-04,1.141,1.004,15321
2231,4.64765,4.61030,1.544e-04,1.107,0.975,15298
2232,4.30315,4.61030,1.542e-04,1.305,1.152,15273
2233,4.55389,4.61030,1.540e-04,1.327,1.197,15296
2234,4.38493,4.61030,1.537e-04,1.486,1.370,15287
2235,4.52828,4.61030,1.535e-04,1.368,1.257,15281
2236,4.83812,4.61030,1.533e-04,1.197,1.043,15310
2237,4.48981,4.61030,1.530e-04,1.944,1.856,15317
2238,4.25129,4.61030,1.528e-04,1.203,1.022,15302
2239,4.42686,4.61030,1.526e-04,1.485,1.371,15295
2240,4.61380,4.61030,1.524e-04,1.367,1.205,15270
2241,4.72420,4.61030,1.521e-04,1.172,1.050,15279
2242,4.55732,4.61030,1.519e-04,1.725,1.635,15287
2243,4.62640,4.61030,1.517e-04,1.279,1.142,15291
2244,4.47030,4.61030,1.514e-04,1.514,1.398,15303
2245,4.44174,4.61030,1.512e-04,1.080,0.944,15304
2246,4.60384,4.61030,1.510e-04,1.332,1.233,15280
2247,4.54869,4.61030,1.508e-04,1.351,1.204,15296
2248,4.62690,4.61030,1.505e-04,1.395,1.270,15289
2249,4.60485,4.61030,1.503e-04,1.158,1.032,15279
2250,4.52393,4.52665,1.501e-04,1.316,1.206,7089
2251,4.80410,4.52665,1.499e-04,1.227,1.071,15491
2252,4.35172,4.52665,1.496e-04,1.250,1.086,15284
2253,4.80025,4.52665,1.494e-04,1.145,1.019,15287
2254,4.51390,4.52665,1.492e-04,1.171,1.022,15295
2255,4.66814,4.52665,1.490e-04,1.230,1.043,15317
2256,4.48847,4.52665,1.487e-04,1.177,1.025,15296
2257,4.67204,4.52665,1.485e-04,1.293,1.174,15285
2258,4.45457,4.52665,1.483e-04,1.294,1.159,15297
2259,4.37700,4.52665,1.481e-04,1.721,1.600,15279
2260,4.43717,4.52665,1.478e-04,1.707,1.586,15291
2261,4.70078,4.52665,1.476e-04,1.283,1.122,15277
2262,4.51443,4.52665,1.474e-04,1.452,1.352,15327
2263,4.82881,4.52665,1.472e-04,1.114,0.964,15308
2264,4.66679,4.52665,1.469e-04,1.318,1.190,15285
2265,4.57693,4.52665,1.467e-04,1.106,0.958,15302
2266,4.72223,4.52665,1.465e-04,1.074,0.935,15281
2267,4.67985,4.52665,1.463e-04,1.110,0.961,15284
2268,4.58183,4.52665,1.461e-04,1.532,1.404,15290
2269,4.72899,4.52665,1.458e-04,1.085,0.944,15309
2270,4.48492,4.52665,1.456e-04,1.271,1.170,15310
2271,4.30584,4.52665,1.454e-04,1.149,0.999,15288
2272,4.47253,4.52665,1.452e-04,1.429,1.319,15283
2273,4.56773,4.52665,1.450e-04,1.257,1.122,15291
2274,4.59815,4.52665,1.447e-04,1.352,1.221,15293
2275,4.33380,4.52665,1.445e-04,1.754,1.655,15298
2276,4.70078,4.52665,1.443e-04,1.035,0.879,15331
2277,4.72862,4.52665,1.441e-04,2.053,1.982,15291
2278,4.33204,4.52665,1.439e-04,1.544,1.456,15287
2279,4.34828,4.52665,1.436e-04,1.685,1.595,15277
2280,4.43559,4.52665,1.434e-04,1.920,1.841,15284
2281,4.40279,4.52665,1.432e-04,1.087,0.958,15271
2282,4.57642,4.52665,1.430e-04,1.888,1.806,15290
2283,4.75212,4.52665,1.428e-04,1.790,1.703,15312
2284,4.34664,4.52665,1.425e-04,1.433,1.302,15303
2285,4.54870,4.52665,1.423e-04,1.310,1.186,15273
2286,4.62385,4.52665,1.421e-04,1.247,1.114,15281
2287,4.38688,4.52665,1.419e-04,1.228,1.095,15305
2288,4.50673,4.52665,1.417e-04,1.147,0.985,15276
2289,4.31008,4.52665,1.415e-04,1.271,1.132,15282
2290,4.57843,4.52665,1.412e-04,1.120,0.971,15311
2291,4.86323,4.52665,1.410e-04,1.093,0.960,15294
2292,4.38919,4.52665,1.408e-04,1.324,1.208,15281
2293,4.35164,4.52665,1.406e-04,1.497,1.379,15282
2294,4.34422,4.52665,1.404e-04,1.198,1.056,15280
2295,4.44242,4.52665,1.402e-04,1.341,1.230,15283
2296,4.73381,4.52665,1.399e-04,0.990,0.853,15277
2297,4.45881,4.52665,1.397e-04,1.485,1.373,15320
2298,4.52237,4.52665,1.395e-04,1.374,1.247,15282
2299,4.75078,4.52665,1.393e-04,1.309,1.164,15298
2300,4.59921,4.52665,1.391e-04,1.429,1.324,15288
2301,4.57349,4.52665,1.389e-04,1.364,1.250,15286
2302,4.45520,4.52665,1.387e-04,1.433,1.333,15274
2303,4.59720,4.52665,1.384e-04,1.223,1.064,15296
2304,4.53554,4.52665,1.382e-04,1.484,1.378,15319
2305,4.40842,4.52665,1.380e-04,1.077,0.921,15300
2306,4.41255,4.52665,1.378e-04,1.415,1.254,15288
2307,4.44727,4.52665,1.376e-04,1.185,1.051,15282
2308,4.71021,4.52665,1.374e-04,1.423,1.320,15278
2309,4.68083,4.52665,1.372e-04,1.126,0.967,15289
2310,4.48645,4.52665,1.370e-04,1.947,1.840,15282
2311,4.61690,4.52665,1.367e-04,1.131,0.981,15309
2312,4.53183,4.52665,1.365e-04,1.218,1.094,15296
2313,4.27009,4.52665,1.363e-04,1.067,0.922,15274
2314,4.54734,4.52665,1.361e-04,1.112,0.968,15296
2315,4.57587,4.52665,1.359e-04,1.162,1.010,15289
2316,4.64223,4.52665,1.357e-04,1.262,1.128,15285
2317,4.86494,4.52665,1.355e-04,1.245,1.119,15292
2318,4.45649,4.52665,1.353e-04,1.080,0.938,15318
2319,4.57089,4.52665,1.351e-04,1.048,0.902,15312
2320,4.36546,4.52665,1.348e-04,1.306,1.166,15302
2321,4.46136,4.52665,1.346e-04,1.156,1.025,15281
2322,4.66533,4.52665,1.344e-04,1.090,0.950,15279
2323,4.69186,4.52665,1.342e-04,1.133,0.993,15281
2324,4.46486,4.52665,1.340e-04,1.115,0.986,15294
2325,4.42625,4.52665,1.338e-04,1.270,1.117,15319
2326,4.35384,4.52665,1.336e-04,1.863,1.766,15295
2327,4.51241,4.52665,1.334e-04,1.238,1.077,15283
2328,4.72504,4.52665,1.332e-04,1.514,1.406,15289
2329,4.62385,4.52665,1.330e-04,1.356,1.199,15296
2330,4.60334,4.52665,1.328e-04,1.316,1.181,15294
2331,4.55822,4.52665,1.326e-04,1.533,1.428,15288
2332,4.51828,4.52665,1.324e-04,1.091,0.944,15339
2333,4.31471,4.52665,1.321e-04,1.556,1.450,15310
2334,4.37349,4.52665,1.319e-04,1.240,1.086,15289
2335,4.45441,4.52665,1.317e-04,1.816,1.714,15294
2336,4.74021,4.52665,1.315e-04,1.429,1.308,15284
2337,4.39840,4.52665,1.313e-04,1.064,0.927,15297
2338,4.45486,4.52665,1.311e-04,1.248,1.113,15299
2339,4.84035,4.52665,1.309e-04,1.035,0.888,15306
2340,4.60236,4.52665,1.307e-04,1.636,1.530,15288
2341,4.48610,4.52665,1.305e-04,1.269,1.113,15294
2342,4.39473,4.52665,1.303e-04,1.416,1.315,15267
2343,4.54648,4.52665,1.301e-04,1.447,1.358,15274
2344,4.16930,4.52665,1.299e-04,1.216,1.059,15279
2345,4.57554,4.52665,1.297e-04,1.570,1.467,15282
2346,4.36555,4.52665,1.295e-04,1.563,1.459,15312
2347,4.53868,4.52665,1.293e-04,1.281,1.153,15302
2348,4.47332,4.52665,1.291e-04,1.482,1.381,15286
2349,4.34812,4.52665,1.289e-04,1.097,0.963,15274
2350,4.55144,4.52665,1.287e-04,1.232,1.074,15291
2351,4.51018,4.52665,1.285e-04,1.395,1.265,15280
2352,4.72512,4.52665,1.283e-04,1.026,0.870,15297
2353,4.44601,4.52665,1.281e-04,1.649,1.551,15317
2354,4.41603,4.52665,1.279e-04,1.240,1.066,15306
2355,4.46484,4.52665,1.277e-04,1.217,1.062,15304
2356,4.52463,4.52665,1.275e-04,1.131,0.966,15282
2357,4.47086,4.52665,1.273e-04,1.292,1.152,15313
2358,4.54619,4.52665,1.271e-04,1.420,1.303,15294
2359,4.42941,4.52665,1.269e-04,1.279,1.150,15295
2360,4.53560,4.52665,1.267e-04,1.146,1.004,15312
2361,4.61528,4.52665,1.265e-04,1.280,1.124,15293
2362,4.77263,4.52665,1.263e-04,1.237,1.102,15293
2363,4.48577,4.52665,1.261e-04,1.247,1.125,15295
2364,4.42513,4.52665,1.259e-04,1.512,1.396,15288
2365,4.70747,4.52665,1.257e-04,1.113,0.963,15288
2366,4.28800,4.52665,1.255e-04,1.490,1.365,15282
2367,4.45890,4.52665,1.253e-04,1.309,1.185,15318
2368,4.33822,4.52665,1.251e-04,1.199,1.054,15295
2369,4.43075,4.52665,1.249e-04,1.490,1.381,15282
2370,4.67390,4.52665,1.247e-04,1.165,1.025,15298
2371,4.62956,4.52665,1.245e-04,1.281,1.145,15290
2372,4.60588,4.52665,1.243e-04,1.143,1.016,15284
2373,4.56058,4.52665,1.241e-04,1.104,0.973,15292
2374,4.56973,4.52665,1.239e-04,1.056,0.919,15298
2375,4.49221,4.52665,1.237e-04,1.285,1.157,15304
2376,4.43983,4.52665,1.235e-04,1.217,1.060,15267
2377,4.27612,4.52665,1.233e-04,1.076,0.930,15293
2378,4.39707,4.52665,1.231e-04,1.191,1.026,15282
2379,4.35329,4.52665,1.229e-04,1.202,1.065,15293
2380,4.53948,4.52665,1.227e-04,1.161,1.024,15287
2381,4.56202,4.52665,1.225e-04,1.081,0.906,15322
2382,4.19762,4.52665,1.223e-04,1.240,1.108,15318
2383,4.44024,4.52665,1.222e-04,1.243,1.116,15293
2384,4.51226,4.52665,1.220e-04,1.440,1.297,15279
2385,4.17024,4.52665,1.218e-04,1.121,0.988,15282
2386,4.45141,4.52665,1.216e-04,1.902,1.816,15280
2387,4.70532,4.52665,1.214e-04,1.276,1.147,15295
2388,4.70718,4.52665,1.212e-04,1.381,1.248,15305
2389,4.52255,4.52665,1.210e-04,1.690,1.583,15309
2390,4.54672,4.52665,1.208e-04,1.240,1.090,15289
2391,4.29042,4.52665,1.206e-04,1.480,1.371,15295
2392,4.53016,4.52665,1.204e-04,1.386,1.272,15293
2393,4.46296,4.52665,1.202e-04,1.283,1.166,15286
2394,4.57890,4.52665,1.200e-04,1.348,1.242,15299
2395,4.65952,4.52665,1.199e-04,1.065,0.939,15320
2396,4.56553,4.52665,1.197e-04,1.213,1.086,15302
2397,4.86648,4.52665,1.195e-04,1.060,0.922,15295
2398,4.50319,4.52665,1.193e-04,1.142,1.004,15291
2399,4.58899,4.52665,1.191e-04,1.303,1.187,15293
2400,4.53805,4.52665,1.189e-04,1.058,0.902,15297
2401,4.61739,4.52665,1.187e-04,1.602,1.495,15275
2402,4.50959,4.52665,1.185e-04,1.224,1.100,15313
2403,4.39467,4.52665,1.183e-04,1.415,1.290,15301
2404,4.73022,4.52665,1.182e-04,1.169,1.033,15288
2405,4.51495,4.52665,1.180e-04,1.169,1.034,15290
2406,4.47367,4.52665,1.178e-04,1.011,0.867,15294
2407,4.60244,4.52665,1.176e-04,1.106,0.973,15303
2408,4.66734,4.52665,1.174e-04,1.103,0.959,15300
2409,4.58643,4.52665,1.172e-04,1.825,1.731,15300
2410,4.52555,4.52665,1.170e-04,1.235,1.124,15325
2411,4.43054,4.52665,1.168e-04,1.372,1.253,15299
2412,4.43825,4.52665,1.167e-04,1.354,1.236,15282
2413,4.32122,4.52665,1.165e-04,1.063,0.912,15265
2414,4.45424,4.52665,1.163e-04,1.215,1.069,15303
2415,4.34520,4.52665,1.161e-04,1.077,0.936,15288
2416,4.46702,4.52665,1.159e-04,1.028,0.878,15307
2417,4.44519,4.52665,1.157e-04,1.280,1.136,15316
2418,4.83347,4.52665,1.155e-04,1.144,1.004,15294
2419,4.46890,4.52665,1.154e-04,1.429,1.302,15287
2420,4.51942,4.52665,1.152e-04,1.060,0.919,15286
2421,4.39804,4.52665,1.150e-04,1.304,1.186,15289
2422,4.44749,4.52665,1.148e-04,1.151,1.030,15278
2423,4.42792,4.52665,1.146e-04,1.443,1.316,15314
2424,4.39527,4.52665,1.144e-04,1.242,1.096,15308
2425,4.45118,4.52665,1.143e-04,1.541,1.429,15302
2426,4.72407,4.52665,1.141e-04,1.121,0.978,15294
2427,4.59330,4.52665,1.139e-04,1.322,1.182,15282
2428,4.36631,4.52665,1.137e-04,1.296,1.189,15297
2429,4.46847,4.52665,1.135e-04,1.103,0.938,15270
2430,4.46285,4.52665,1.134e-04,1.145,0.992,15308
2431,4.29424,4.52665,1.132e-04,1.411,1.268,15323
2432,4.77210,4.52665,1.130e-04,1.167,1.037,15295
2433,4.45643,4.52665,1.128e-04,1.230,1.092,15264
2434,4.51252,4.52665,1.126e-04,1.325,1.195,15269
2435,4.45808,4.52665,1.125e-04,1.108,0.955,15281
2436,4.48173,4.52665,1.123e-04,1.215,1.074,15286
2437,4.36988,4.52665,1.121e-04,1.220,1.085,15297
2438,4.45908,4.52665,1.119e-04,1.221,1.100,15329
2439,4.67878,4.52665,1.117e-04,1.424,1.311,15314
2440,4.54576,4.52665,1.116e-04,1.031,0.881,15312
2441,4.53108,4.52665,1.114e-04,1.713,1.616,15293
2442,4.59078,4.52665,1.112e-04,1.465,1.356,15295
2443,4.69187,4.52665,1.110e-04,1.148,1.023,15287
2444,4.21913,4.52665,1.109e-04,2.129,2.048,15318
2445,4.57065,4.52665,1.107e-04,1.081,0.954,15305
2446,4.20309,4.52665,1.105e-04,1.262,1.144,15284
2447,4.31379,4.52665,1.103e-04,1.524,1.422,15291
2448,4.39280,4.52665,1.101e-04,1.178,1.049,15282
2449,4.53232,4.52665,1.100e-04,1.680,1.589,15295
2450,4.43842,4.52665,1.098e-04,1.420,1.320,15296
2451,4.43172,4.52665,1.096e-04,1.027,0.888,15301
2452,4.25631,4.52665,1.094e-04,1.470,1.367,15313
2453,4.40285,4.52665,1.093e-04,1.126,0.988,15299
2454,4.76056,4.52665,1.091e-04,1.114,0.985,15294
2455,4.41009,4.52665,1.089e-04,1.076,0.932,15283
2456,4.35044,4.52665,1.088e-04,1.188,1.050,15284
2457,4.54497,4.52665,1.086e-04,1.396,1.279,15290
2458,4.33934,4.52665,1.084e-04,1.147,1.002,15323
2459,4.68713,4.52665,1.082e-04,1.319,1.188,15306
2460,4.57058,4.52665,1.081e-04,1.347,1.233,15289
2461,4.67580,4.52665,1.079e-04,1.298,1.178,15274
2462,4.18660,4.52665,1.077e-04,1.300,1.154,15286
2463,4.61875,4.52665,1.075e-04,1.101,0.953,15297
2464,4.41463,4.52665,1.074e-04,1.047,0.903,15286
2465,4.28715,4.52665,1.072e-04,1.367,1.256,15304
2466,4.26644,4.52665,1.070e-04,1.116,0.965,15291
2467,4.57349,4.52665,1.069e-04,1.099,0.949,15289
2468,4.67852,4.52665,1.067e-04,1.253,1.142,15270
2469,4.48173,4.52665,1.065e-04,1.073,0.931,15292
2470,4.67806,4.52665,1.063e-04,1.216,1.062,15287
2471,4.50806,4.52665,1.062e-04,1.138,0.982,15287
2472,4.21746,4.52665,1.060e-04,1.214,1.066,15315
2473,4.49688,4.52665,1.058e-04,1.409,1.288,15306
2474,4.54231,4.52665,1.057e-04,1.142,0.993,15293
2475,4.59305,4.52665,1.055e-04,1.285,1.160,15290
2476,4.64499,4.52665,1.053e-04,1.152,1.015,15291
2477,4.58050,4.52665,1.052e-04,1.339,1.216,15278
2478,4.69376,4.52665,1.050e-04,1.205,1.074,15289
2479,4.30776,4.52665,1.048e-04,1.066,0.912,15309
2480,4.74357,4.52665,1.047e-04,1.174,0.993,15316
2481,4.54468,4.52665,1.045e-04,1.253,1.118,15281
2482,4.64217,4.52665,1.043e-04,1.029,0.892,15275
2483,4.74365,4.52665,1.042e-04,1.138,0.986,15271
2484,4.33344,4.52665,1.040e-04,1.231,1.086,15295
2485,4.32559,4.52665,1.038e-04,1.244,1.105,15303
2486,4.63780,4.52665,1.037e-04,1.118,0.958,15293
2487,4.67870,4.52665,1.035e-04,1.133,0.966,15300
2488,4.66930,4.52665,1.033e-04,1.043,0.905,15290
2489,4.50429,4.52665,1.032e-04,1.219,1.092,15279
2490,4.50600,4.52665,1.030e-04,1.173,1.016,15301
2491,4.46163,4.52665,1.028e-04,1.042,0.890,15296
2492,4.46006,4.52665,1.027e-04,1.051,0.908,15279
2493,4.42819,4.52665,1.025e-04,1.212,1.068,15304
2494,4.46627,4.52665,1.024e-04,1.610,1.503,15323
2495,4.53644,4.52665,1.022e-04,1.231,1.076,15295
2496,4.09737,4.52665,1.020e-04,1.850,1.742,15297
2497,4.62084,4.52665,1.019e-04,1.557,1.465,15303
2498,4.47399,4.52665,1.017e-04,1.247,1.117,15289
2499,4.34658,4.52665,1.015e-04,2.114,2.036,15284
2500,4.54240,4.46916,1.014e-04,1.294,1.142,7079
2501,4.47755,4.46916,1.012e-04,1.081,0.934,15468
2502,4.43738,4.46916,1.011e-04,2.486,2.411,15293
2503,4.38817,4.46916,1.009e-04,1.672,1.569,15263
2504,4.45070,4.46916,1.007e-04,1.234,1.094,15304
2505,4.36345,4.46916,1.006e-04,2.158,2.081,15290
2506,4.63777,4.46916,1.004e-04,1.147,0.993,15292
2507,4.27762,4.46916,1.003e-04,1.089,0.941,15288
2508,4.52105,4.46916,1.001e-04,1.149,1.028,15278
2509,4.65097,4.46916,9.995e-05,1.180,1.051,15281
2510,4.45493,4.46916,9.979e-05,1.025,0.881,15273
2511,4.34548,4.46916,9.963e-05,1.207,1.062,15314
2512,4.53762,4.46916,9.947e-05,1.138,1.010,15293
2513,4.55421,4.46916,9.931e-05,1.119,0.978,15280
2514,4.65246,4.46916,9.916e-05,1.117,0.957,15271
2515,4.55001,4.46916,9.900e-05,1.121,0.961,15285
2516,4.28598,4.46916,9.884e-05,1.260,1.122,15292
2517,4.32085,4.46916,9.869e-05,1.184,0.985,15288
2518,4.55653,4.46916,9.853e-05,1.282,1.139,15302
2519,4.51686,4.46916,9.837e-05,1.164,1.019,15296
2520,4.58998,4.46916,9.822e-05,1.184,1.039,15302
2521,4.51105,4.46916,9.806e-05,1.099,0.953,15282
2522,4.65298,4.46916,9.791e-05,1.088,0.946,15300
2523,4.38531,4.46916,9.775e-05,1.324,1.181,15294
2524,4.57178,4.46916,9.760e-05,1.239,1.095,15293
2525,4.56241,4.46916,9.745e-05,1.285,1.148,15308
2526,4.52171,4.46916,9.729e-05,1.228,1.104,15309
2527,4.24977,4.46916,9.714e-05,1.459,1.329,15303
2528,4.60057,4.46916,9.699e-05,1.162,1.031,15290
2529,4.25556,4.46916,9.683e-05,1.455,1.314,15293
2530,4.45965,4.46916,9.668e-05,1.423,1.309,15284
2531,4.56794,4.46916,9.653e-05,1.155,1.016,15288
2532,4.46399,4.46916,9.638e-05,1.590,1.487,15323
2533,4.51231,4.46916,9.622e-05,1.265,1.107,15302
2534,4.24881,4.46916,9.607e-05,1.291,1.131,15290
2535,4.37996,4.46916,9.592e-05,1.544,1.444,15294
2536,4.44687,4.46916,9.577e-05,1.784,1.693,15286
2537,4.57839,4.46916,9.562e-05,1.053,0.906,15295
2538,4.13279,4.46916,9.547e-05,1.898,1.804,15281
2539,4.72771,4.46916,9.532e-05,1.684,1.588,15300
2540,4.35706,4.46916,9.517e-05,1.145,1.018,15313
2541,4.26643,4.46916,9.502e-05,1.727,1.622,15288
2542,4.58918,4.46916,9.487e-05,1.464,1.351,15293
2543,4.38126,4.46916,9.472e-05,1.101,0.949,15283
2544,4.60540,4.46916,9.457e-05,1.360,1.225,15287
2545,4.55053,4.46916,9.443e-05,1.168,1.049,15308
2546,4.29893,4.46916,9.428e-05,1.222,1.065,15306
2547,4.08488,4.46916,9.413e-05,1.268,1.118,15323
2548,4.48087,4.46916,9.398e-05,1.126,0.993,15276
2549,4.45184,4.46916,9.384e-05,1.106,0.965,15294
2550,4.33109,4.46916,9.369e-05,1.056,0.908,15295
2551,4.75690,4.46916,9.354e-05,1.195,1.072,15287
2552,4.66008,4.46916,9.340e-05,1.100,0.938,15295
2553,4.69418,4.46916,9.325e-05,1.061,0.905,15297
2554,4.89484,4.46916,9.311e-05,1.025,0.874,15322
2555,4.62060,4.46916,9.296e-05,1.048,0.905,15307
2556,4.58434,4.46916,9.282e-05,1.257,1.135,15279
2557,4.61501,4.46916,9.267e-05,1.154,1.022,15287
2558,4.55014,4.46916,9.253e-05,1.079,0.933,15290
2559,4.37853,4.46916,9.238e-05,1.056,0.907,15287
2560,4.48510,4.46916,9.224e-05,1.056,0.918,15304
2561,4.53366,4.46916,9.210e-05,1.473,1.366,15318
2562,4.51271,4.46916,9.195e-05,1.288,1.143,15302
2563,4.52525,4.46916,9.181e-05,1.205,1.069,15278
2564,4.53147,4.46916,9.167e-05,1.162,1.019,15275
2565,4.39309,4.46916,9.153e-05,1.184,1.043,15266
2566,4.42843,4.46916,9.138e-05,1.125,0.979,15318
2567,4.45481,4.46916,9.124e-05,1.099,0.969,15321
2568,4.80926,4.46916,9.110e-05,1.070,0.908,15316
2569,4.53637,4.46916,9.096e-05,1.657,1.530,15293
2570,4.55376,4.46916,9.082e-05,1.163,1.005,15288
2571,4.79490,4.46916,9.068e-05,1.173,1.028,15289
2572,4.56433,4.46916,9.054e-05,1.157,1.025,15276
2573,4.22162,4.46916,9.040e-05,1.109,0.934,15288
2574,4.68126,4.46916,9.026e-05,1.268,1.095,15306
2575,4.44127,4.46916,9.012e-05,1.149,1.005,15326
2576,4.41209,4.46916,8.998e-05,1.063,0.908,15289
2577,4.59190,4.46916,8.984e-05,1.202,1.033,15277
2578,4.51804,4.46916,8.970e-05,1.316,1.157,15295
2579,4.39301,4.46916,8.957e-05,1.596,1.472,15285
2580,4.61112,4.46916,8.943e-05,1.093,0.952,15299
2581,4.50286,4.46916,8.929e-05,1.342,1.200,15295
2582,4.45782,4.46916,8.915e-05,1.314,1.186,15321
2583,4.58831,4.46916,8.902e-05,1.065,0.906,15299
2584,4.59332,4.46916,8.888e-05,1.521,1.401,15286
2585,4.51100,4.46916,8.874e-05,1.269,1.124,15289
2586,4.65195,4.46916,8.861e-05,1.090,0.926,15288
2587,4.41092,4.46916,8.847e-05,1.875,1.782,15293
2588,4.33017,4.46916,8.834e-05,1.340,1.211,15304
2589,4.48219,4.46916,8.820e-05,1.336,1.208,15319
2590,4.69105,4.46916,8.807e-05,1.504,1.375,15297
2591,4.42270,4.46916,8.793e-05,1.180,1.026,15280
2592,4.53367,4.46916,8.780e-05,1.171,1.051,15307
2593,4.60006,4.46916,8.767e-05,1.120,0.962,15288
2594,4.59842,4.46916,8.753e-05,1.256,1.096,15289
2595,4.30952,4.46916,8.740e-05,1.467,1.312,15295
2596,4.29720,4.46916,8.727e-05,1.462,1.349,15303
2597,4.28253,4.46916,8.713e-05,1.373,1.259,15284
2598,4.54517,4.46916,8.700e-05,1.424,1.307,15301
2599,4.53629,4.46916,8.687e-05,1.191,1.036,15294
2600,4.53114,4.46916,8.674e-05,1.162,1.034,15282
2601,4.68439,4.46916,8.661e-05,1.219,1.067,15287
2602,4.43074,4.46916,8.648e-05,1.180,1.033,15313
2603,4.38445,4.46916,8.635e-05,1.212,1.059,15319
2604,4.82318,4.46916,8.622e-05,1.116,0.962,15292
2605,4.68747,4.46916,8.609e-05,1.235,1.098,15287
2606,4.44611,4.46916,8.596e-05,1.140,1.002,15284
2607,4.82271,4.46916,8.583e-05,1.124,0.973,15291
2608,4.48789,4.46916,8.570e-05,1.091,0.960,15298
2609,4.50955,4.46916,8.557e-05,1.223,1.048,15316
2610,4.37070,4.46916,8.544e-05,1.235,1.091,15297
2611,4.48427,4.46916,8.531e-05,1.194,1.055,15295
2612,4.25976,4.46916,8.518e-05,1.346,1.187,15285
2613,4.47058,4.46916,8.506e-05,1.243,1.088,15282
2614,4.04245,4.46916,8.493e-05,1.179,1.036,15293
2615,4.55960,4.46916,8.480e-05,1.321,1.179,15289
2616,4.56951,4.46916,8.467e-05,1.288,1.126,15302
2617,4.67078,4.46916,8.455e-05,1.057,0.900,15316
2618,4.21819,4.46916,8.442e-05,1.144,0.997,15289
2619,4.35883,4.46916,8.430e-05,1.166,1.006,15287
2620,4.34909,4.46916,8.417e-05,1.098,0.951,15293
2621,4.43671,4.46916,8.405e-05,1.043,0.883,15289
2622,4.46291,4.46916,8.392e-05,1.077,0.937,15286
2623,4.37831,4.46916,8.380e-05,1.057,0.911,15299
2624,4.25907,4.46916,8.367e-05,1.271,1.131,15314
2625,4.36263,4.46916,8.355e-05,1.188,1.027,15280
2626,4.25078,4.46916,8.342e-05,1.140,0.985,15282
2627,4.49632,4.46916,8.330e-05,1.278,1.150,15285
2628,4.33151,4.46916,8.318e-05,1.273,1.132,15281
2629,4.48538,4.46916,8.306e-05,1.190,1.044,15288
2630,4.37521,4.46916,8.293e-05,1.086,0.947,15307
2631,4.26536,4.46916,8.281e-05,1.168,1.035,15296
2632,4.31946,4.46916,8.269e-05,1.249,1.113,15301
2633,4.26089,4.46916,8.257e-05,1.283,1.144,15297
2634,4.45702,4.46916,8.245e-05,1.173,1.031,15288
2635,4.41804,4.46916,8.233e-05,1.678,1.575,15292
2636,4.46657,4.46916,8.221e-05,1.206,1.062,15282
2637,4.62964,4.46916,8.209e-05,1.179,1.045,15296
2638,4.47903,4.46916,8.197e-05,1.576,1.480,15335
2639,4.33466,4.46916,8.185e-05,1.139,0.997,15280
2640,4.42991,4.46916,8.173e-05,1.183,1.066,15296
2641,4.57611,4.46916,8.161e-05,1.111,0.980,15271
2642,4.74908,4.46916,8.149e-05,1.229,1.096,15271
2643,4.56258,4.46916,8.137e-05,1.284,1.163,15290
2644,4.59022,4.46916,8.125e-05,1.059,0.912,15304
2645,4.43651,4.46916,8.114e-05,1.268,1.160,15313
2646,4.72670,4.46916,8.102e-05,1.002,0.860,15295
2647,4.72800,4.46916,8.090e-05,1.509,1.389,15276
2648,4.50775,4.46916,8.079e-05,1.196,1.038,15295
2649,4.63617,4.46916,8.067e-05,1.209,1.059,15289
2650,4.59906,4.46916,8.055e-05,1.127,0.960,15290
2651,4.56392,4.46916,8.044e-05,1.669,1.560,15297
2652,4.22909,4.46916,8.032e-05,1.334,1.200,15325
2653,4.57926,4.46916,8.021e-05,1.225,1.098,15297
2654,4.07639,4.46916,8.009e-05,1.338,1.200,15279
2655,4.64265,4.46916,7.998e-05,1.300,1.168,15293
2656,4.29941,4.46916,7.986e-05,1.626,1.524,15265
2657,4.61087,4.46916,7.975e-05,1.409,1.301,15270
2658,4.44300,4.46916,7.964e-05,1.241,1.091,15307
2659,4.53134,4.46916,7.952e-05,1.083,0.921,15300
2660,4.26119,4.46916,7.941e-05,1.298,1.152,15293
2661,4.46926,4.46916,7.930e-05,1.203,1.063,15282
2662,4.39874,4.46916,7.918e-05,1.357,1.236,15295
2663,4.51047,4.46916,7.907e-05,1.429,1.315,15295
2664,4.47268,4.46916,7.896e-05,1.086,0.928,15287
2665,4.46510,4.46916,7.885e-05,1.765,1.659,15299
2666,4.59200,4.46916,7.874e-05,1.237,1.089,15332
2667,4.48797,4.46916,7.863e-05,1.194,1.038,15290
2668,4.42848,4.46916,7.852e-05,1.412,1.292,15286
2669,4.71318,4.46916,7.841e-05,1.509,1.376,15289
2670,4.35016,4.46916,7.830e-05,1.210,1.057,15296
2671,4.28917,4.46916,7.819e-05,1.186,1.037,15284
2672,4.31751,4.46916,7.808e-05,1.156,1.024,15301
2673,4.27375,4.46916,7.797e-05,1.369,1.236,15325
2674,4.50650,4.46916,7.786e-05,1.272,1.107,15281
2675,4.67059,4.46916,7.775e-05,1.301,1.171,15290
2676,4.50002,4.46916,7.764e-05,1.291,1.162,15270
2677,4.33674,4.46916,7.754e-05,1.176,1.030,15272
2678,4.39919,4.46916,7.743e-05,1.716,1.588,15300
2679,4.38685,4.46916,7.732e-05,1.191,1.012,15298
2680,4.51783,4.46916,7.722e-05,1.246,1.108,15304
2681,4.24333,4.46916,7.711e-05,1.367,1.227,15294
2682,4.30467,4.46916,7.700e-05,1.203,1.073,15274
2683,4.17545,4.46916,7.690e-05,1.312,1.171,15302
2684,4.49881,4.46916,7.679e-05,1.134,0.979,15276
2685,4.54792,4.46916,7.669e-05,1.176,0.994,15287
2686,4.60625,4.46916,7.658e-05,1.243,1.090,15312
2687,4.33721,4.46916,7.648e-05,1.323,1.177,15322
2688,4.61891,4.46916,7.638e-05,1.128,0.959,15289
2689,4.57235,4.46916,7.627e-05,1.122,0.960,15287
2690,4.19275,4.46916,7.617e-05,1.114,0.945,15306
2691,4.46647,4.46916,7.606e-05,1.144,1.012,15295
2692,4.48823,4.46916,7.596e-05,1.062,0.921,15289
2693,4.50389,4.46916,7.586e-05,1.184,1.038,15295
2694,4.51737,4.46916,7.576e-05,1.099,0.950,15313
2695,4.52503,4.46916,7.566e-05,1.391,1.247,15295
2696,4.32283,4.46916,7.555e-05,1.200,1.059,15280
2697,4.30233,4.46916,7.545e-05,1.289,1.156,15301
2698,4.62581,4.46916,7.535e-05,1.198,1.039,15278
2699,4.39918,4.46916,7.525e-05,1.061,0.920,15301
2700,4.58266,4.46916,7.515e-05,1.137,0.981,15297
2701,4.37835,4.46916,7.505e-05,1.400,1.283,15307
2702,4.61038,4.46916,7.495e-05,1.199,1.048,15311
2703,4.34811,4.46916,7.485e-05,1.168,1.037,15279
2704,4.29280,4.46916,7.475e-05,1.739,1.629,15305
2705,4.49550,4.46916,7.466e-05,1.090,0.936,15272
2706,4.54622,4.46916,7.456e-05,1.262,1.115,15305
2707,4.22632,4.46916,7.446e-05,1.331,1.177,15293
2708,4.21603,4.46916,7.436e-05,1.228,1.063,15314
2709,4.62444,4.46916,7.426e-05,1.213,1.071,15277
2710,4.51551,4.46916,7.417e-05,1.214,1.043,15291
2711,4.66220,4.46916,7.407e-05,1.218,1.056,15277
2712,4.46830,4.46916,7.397e-05,1.154,1.020,15283
2713,4.59486,4.46916,7.388e-05,1.367,1.232,15303
2714,4.32984,4.46916,7.378e-05,1.011,0.864,15305
2715,4.47129,4.46916,7.369e-05,1.108,0.961,15333
2716,4.50740,4.46916,7.359e-05,1.113,0.971,15304
2717,4.40975,4.46916,7.350e-05,1.257,1.102,15272
2718,4.37242,4.46916,7.340e-05,1.211,1.059,15295
2719,4.59759,4.46916,7.331e-05,1.057,0.900,15293
2720,4.44731,4.46916,7.321e-05,1.389,1.256,15308
2721,4.39877,4.46916,7.312e-05,1.154,1.000,15282
2722,4.31849,4.46916,7.303e-05,1.201,1.039,15310
2723,4.49658,4.46916,7.294e-05,1.608,1.510,15297
2724,4.60999,4.46916,7.284e-05,1.286,1.144,15303
2725,4.42460,4.46916,7.275e-05,1.189,1.031,15276
2726,4.72483,4.46916,7.266e-05,1.359,1.231,15281
2727,4.71783,4.46916,7.257e-05,1.166,1.025,15299
2728,4.58213,4.46916,7.248e-05,1.116,0.962,15303
2729,4.42209,4.46916,7.239e-05,1.237,1.115,15308
2730,4.44385,4.46916,7.229e-05,1.284,1.138,15307
2731,4.36647,4.46916,7.220e-05,1.257,1.105,15287
2732,4.51891,4.46916,7.211e-05,1.595,1.488,15296
2733,4.58156,4.46916,7.203e-05,1.189,1.049,15276
2734,4.25452,4.46916,7.194e-05,1.216,1.071,15300
2735,4.34486,4.46916,7.185e-05,1.321,1.212,15275
2736,4.41556,4.46916,7.176e-05,1.731,1.630,15310
2737,4.45257,4.46916,7.167e-05,1.187,1.057,15273
2738,4.76506,4.46916,7.158e-05,1.264,1.133,15304
2739,4.54109,4.46916,7.149e-05,1.770,1.669,15280
2740,4.38827,4.46916,7.141e-05,1.229,1.096,15283
2741,4.17486,4.46916,7.132e-05,1.450,1.317,15270
2742,4.63728,4.46916,7.123e-05,1.140,0.984,15302
2743,4.63986,4.46916,7.115e-05,1.229,1.080,15317
2744,4.43937,4.46916,7.106e-05,1.164,1.008,15301
2745,4.44402,4.46916,7.098e-05,1.698,1.609,15294
2746,4.35272,4.46916,7.089e-05,1.414,1.286,15292
2747,4.35948,4.46916,7.081e-05,1.252,1.114,15278
2748,4.34829,4.46916,7.072e-05,1.695,1.584,15284
2749,4.32407,4.46916,7.064e-05,2.032,1.941,15311
2750,4.55705,4.42807,7.055e-05,1.400,1.239,7076
2751,4.52647,4.42807,7.047e-05,1.243,1.104,15491
2752,4.64515,4.42807,7.039e-05,1.703,1.596,15278
2753,4.58818,4.42807,7.030e-05,1.715,1.608,15321
2754,4.29984,4.42807,7.022e-05,1.162,1.009,15310
2755,4.49860,4.42807,7.014e-05,1.348,1.216,15283
2756,4.38162,4.42807,7.006e-05,1.343,1.202,15284
2757,4.57419,4.42807,6.997e-05,1.059,0.916,15288
2758,4.64125,4.42807,6.989e-05,1.201,1.066,15287
2759,4.43212,4.42807,6.981e-05,1.363,1.233,15281
2760,4.34754,4.42807,6.973e-05,1.345,1.208,15300
2761,4.21381,4.42807,6.965e-05,1.183,1.027,15318
2762,4.79756,4.42807,6.957e-05,1.469,1.312,15299
2763,4.36657,4.42807,6.949e-05,1.175,1.018,15299
2764,4.72167,4.42807,6.941e-05,1.217,1.058,15278
2765,4.43025,4.42807,6.933e-05,1.619,1.511,15278
2766,4.55316,4.42807,6.925e-05,1.197,1.043,15281
2767,4.36754,4.42807,6.917e-05,1.107,0.936,15299
2768,4.35712,4.42807,6.910e-05,1.287,1.161,15315
2769,4.56351,4.42807,6.902e-05,1.410,1.276,15281
2770,4.30713,4.42807,6.894e-05,1.199,1.053,15287
2771,4.49288,4.42807,6.886e-05,1.642,1.521,15305
2772,4.22885,4.42807,6.879e-05,1.758,1.633,15286
2773,4.53814,4.42807,6.871e-05,1.205,1.068,15286
2774,4.34878,4.42807,6.863e-05,1.369,1.243,15311
2775,4.64636,4.42807,6.856e-05,1.084,0.933,15338
2776,4.54402,4.42807,6.848e-05,1.201,1.043,15290
2777,4.52889,4.42807,6.841e-05,1.065,0.900,15285
2778,4.48512,4.42807,6.833e-05,1.288,1.132,15256
2779,4.68112,4.42807,6.826e-05,1.311,1.140,15285
2780,4.45439,4.42807,6.818e-05,1.067,0.918,15276
2781,4.58406,4.42807,6.811e-05,1.146,0.993,15302
2782,4.64111,4.42807,6.804e-05,1.080,0.920,15299
2783,4.25512,4.42807,6.796e-05,1.131,0.982,15293
2784,4.37909,4.42807,6.789e-05,1.181,1.027,15268
2785,4.41533,4.42807,6.782e-05,1.274,1.133,15277
2786,4.43075,4.42807,6.775e-05,1.104,0.951,15279
2787,4.15102,4.42807,6.767e-05,1.502,1.316,15298
2788,4.07106,4.42807,6.760e-05,1.403,1.249,15295
2789,4.31709,4.42807,6.753e-05,1.240,1.087,15325
2790,4.21314,4.42807,6.746e-05,1.311,1.171,15309
2791,4.25865,4.42807,6.739e-05,1.409,1.277,15275
2792,4.56430,4.42807,6.732e-05,1.289,1.137,15285
2793,4.28848,4.42807,6.725e-05,1.617,1.502,15286
2794,4.37679,4.42807,6.718e-05,1.113,0.936,15282
2795,4.39263,4.42807,6.711e-05,1.494,1.376,15298
2796,4.41479,4.42807,6.704e-05,1.168,1.004,15315
2797,4.44150,4.42807,6.697e-05,1.244,1.096,15289
2798,4.40870,4.42807,6.690e-05,1.130,0.990,15276
2799,4.44527,4.42807,6.684e-05,1.065,0.912,15272
2800,4.58919,4.42807,6.677e-05,1.068,0.920,15284
2801,4.22304,4.42807,6.670e-05,1.165,1.026,15281
2802,4.70540,4.42807,6.664e-05,1.086,0.927,15311
2803,4.57194,4.42807,6.657e-05,1.131,0.983,15307
2804,4.59400,4.42807,6.650e-05,1.201,1.051,15289
2805,4.37382,4.42807,6.644e-05,1.125,0.971,15294
2806,4.57867,4.42807,6.637e-05,1.051,0.897,15284
2807,4.62437,4.42807,6.631e-05,1.167,0.991,15288
2808,4.59116,4.42807,6.624e-05,1.028,0.885,15286
2809,4.25414,4.42807,6.618e-05,1.314,1.190,15297
2810,4.42415,4.42807,6.611e-05,1.188,1.013,15304
2811,4.40170,4.42807,6.605e-05,1.152,0.994,15294
2812,4.69639,4.42807,6.598e-05,1.192,1.051,15287
2813,4.50302,4.42807,6.592e-05,1.194,1.016,15277
2814,4.41067,4.42807,6.586e-05,1.146,1.001,15262
2815,4.25582,4.42807,6.580e-05,1.231,1.079,15302
2816,4.66957,4.42807,6.573e-05,1.154,0.977,15286
2817,4.62803,4.42807,6.567e-05,1.487,1.346,15323
2818,4.71101,4.42807,6.561e-05,1.247,1.041,15294
2819,4.60109,4.42807,6.555e-05,1.178,1.040,15260
2820,4.38289,4.42807,6.549e-05,1.160,1.007,15284
2821,4.54647,4.42807,6.543e-05,1.368,1.244,15280
2822,4.54021,4.42807,6.537e-05,1.307,1.171,15287
2823,4.33684,4.42807,6.531e-05,1.405,1.262,15292
2824,4.28742,4.42807,6.525e-05,1.584,1.467,15320
2825,4.86827,4.42807,6.519e-05,1.031,0.844,15292
2826,4.71391,4.42807,6.513e-05,1.051,0.898,15286
2827,4.53744,4.42807,6.507e-05,1.396,1.280,15280
2828,4.66169,4.42807,6.501e-05,1.157,0.972,15307
2829,4.33941,4.42807,6.495e-05,1.671,1.556,15288
2830,4.53717,4.42807,6.490e-05,1.327,1.184,15317
2831,4.35064,4.42807,6.484e-05,1.239,1.083,15309
2832,4.32795,4.42807,6.478e-05,1.313,1.191,15292
2833,4.60128,4.42807,6.473e-05,1.254,1.124,15295
2834,4.51780,4.42807,6.467e-05,1.022,0.871,15295
2835,4.38153,4.42807,6.461e-05,1.218,1.081,15290
2836,4.43154,4.42807,6.456e-05,1.190,1.029,15282
2837,4.64567,4.42807,6.450e-05,1.149,1.002,15304
2838,4.21320,4.42807,6.445e-05,1.298,1.143,15307
2839,4.77536,4.42807,6.439e-05,1.062,0.919,15262
2840,4.65580,4.42807,6.434e-05,1.120,0.954,15279
2841,4.49819,4.42807,6.429e-05,1.015,0.861,15284
2842,4.46941,4.42807,6.423e-05,1.323,1.191,15278
2843,4.44745,4.42807,6.418e-05,1.171,1.026,15285
2844,4.46269,4.42807,6.413e-05,1.202,1.055,15304
2845,4.45167,4.42807,6.407e-05,1.108,0.970,15324
2846,4.21030,4.42807,6.402e-05,1.174,1.025,15299
2847,4.81031,4.42807,6.397e-05,1.084,0.925,15273
2848,4.59185,4.42807,6.392e-05,1.136,0.972,15303
2849,4.50609,4.42807,6.387e-05,1.140,1.007,15287
2850,4.42242,4.42807,6.381e-05,1.162,0.997,15299
2851,4.65422,4.42807,6.376e-05,1.106,0.941,15310
2852,4.35118,4.42807,6.371e-05,1.080,0.927,15302
2853,4.31866,4.42807,6.366e-05,1.195,1.040,15296
2854,4.32030,4.42807,6.361e-05,1.108,0.940,15281
2855,4.35278,4.42807,6.357e-05,1.118,0.947,15293
2856,4.32629,4.42807,6.352e-05,1.282,1.120,15298
2857,4.36329,4.42807,6.347e-05,1.124,0.964,15292
2858,4.59192,4.42807,6.342e-05,1.108,0.945,15307
2859,4.39458,4.42807,6.337e-05,1.180,1.026,15304
2860,4.46984,4.42807,6.332e-05,1.084,0.928,15296
2861,4.26832,4.42807,6.328e-05,1.172,1.020,15282
2862,4.25348,4.42807,6.323e-05,1.162,1.005,15308
2863,4.53098,4.42807,6.318e-05,1.216,1.075,15304
2864,4.24128,4.42807,6.314e-05,1.248,1.091,15284
2865,4.36069,4.42807,6.309e-05,1.184,1.031,15315
2866,4.47393,4.42807,6.305e-05,1.152,0.974,15307
2867,4.56382,4.42807,6.300e-05,1.150,1.001,15297
2868,4.46322,4.42807,6.296e-05,1.305,1.172,15270
2869,4.74732,4.42807,6.291e-05,1.162,0.981,15289
2870,4.35123,4.42807,6.287e-05,1.069,0.902,15279
2871,4.20614,4.42807,6.282e-05,1.214,1.056,15288
2872,4.59306,4.42807,6.278e-05,1.166,1.002,15280
2873,4.42472,4.42807,6.274e-05,1.124,0.962,15323
2874,4.55156,4.42807,6.269e-05,1.078,0.929,15275
2875,4.54834,4.42807,6.265e-05,1.146,1.006,15286
2876,4.59064,4.42807,6.261e-05,1.091,0.935,15282
2877,4.58627,4.42807,6.257e-05,1.360,1.211,15281
2878,4.10578,4.42807,6.253e-05,1.246,1.082,15280
2879,4.35948,4.42807,6.248e-05,1.279,1.108,15304
2880,4.15457,4.42807,6.244e-05,1.104,0.950,15316
2881,4.22488,4.42807,6.240e-05,1.346,1.199,15297
2882,4.70247,4.42807,6.236e-05,1.150,0.948,15305
2883,4.33752,4.42807,6.232e-05,1.185,1.035,15308
2884,4.34102,4.42807,6.228e-05,1.191,1.041,15288
2885,4.29323,4.42807,6.224e-05,1.171,1.005,15291
2886,4.19731,4.42807,6.221e-05,1.175,1.034,15309
2887,4.52242,4.42807,6.217e-05,1.105,0.942,15340
2888,4.36662,4.42807,6.213e-05,1.220,1.070,15303
2889,4.28259,4.42807,6.209e-05,1.231,1.084,15283
2890,4.75188,4.42807,6.205e-05,1.209,1.052,15301
2891,4.60324,4.42807,6.202e-05,1.132,0.951,15312
2892,4.58503,4.42807,6.198e-05,1.354,1.220,15258
2893,4.45610,4.42807,6.194e-05,1.167,1.019,15301
2894,4.39102,4.42807,6.191e-05,1.275,1.127,15313
2895,4.62647,4.42807,6.187e-05,1.421,1.277,15275
2896,4.48584,4.42807,6.184e-05,1.124,0.959,15299
2897,4.38936,4.42807,6.180e-05,1.220,1.066,15306
2898,4.47493,4.42807,6.177e-05,1.188,1.046,15307
2899,4.14688,4.42807,6.173e-05,1.272,1.113,15300
2900,4.47921,4.42807,6.170e-05,1.320,1.186,15295
2901,4.28192,4.42807,6.166e-05,1.136,0.974,15291
2902,4.47583,4.42807,6.163e-05,1.129,0.971,15299
2903,4.39347,4.42807,6.160e-05,1.348,1.197,15280
2904,4.36238,4.42807,6.156e-05,1.253,1.098,15295
2905,4.41143,4.42807,6.153e-05,1.156,1.002,15288
2906,4.41556,4.42807,6.150e-05,1.287,1.164,15290
2907,4.46417,4.42807,6.147e-05,1.418,1.285,15299
2908,4.28184,4.42807,6.144e-05,1.191,1.004,15316
2909,4.45508,4.42807,6.141e-05,1.292,1.153,15299
2910,4.35323,4.42807,6.138e-05,1.935,1.848,15288
2911,4.30139,4.42807,6.135e-05,1.272,1.118,15294
2912,4.52400,4.42807,6.132e-05,1.152,0.995,15292
2913,4.58486,4.42807,6.129e-05,1.496,1.389,15298
2914,4.41944,4.42807,6.126e-05,1.554,1.436,15298
2915,4.50833,4.42807,6.123e-05,1.597,1.492,15317
2916,4.52415,4.42807,6.120e-05,1.223,1.078,15303
2917,4.35618,4.42807,6.117e-05,2.122,2.032,15274
2918,4.47650,4.42807,6.114e-05,1.856,1.757,15297
2919,4.64599,4.42807,6.111e-05,1.149,1.015,15289
2920,4.44761,4.42807,6.109e-05,1.476,1.355,15296
2921,4.37845,4.42807,6.106e-05,1.418,1.304,15301
2922,4.57270,4.42807,6.103e-05,1.364,1.243,15311
2923,4.41956,4.42807,6.101e-05,1.067,0.915,15296
2924,4.49597,4.42807,6.098e-05,1.516,1.361,15279
2925,4.63163,4.42807,6.096e-05,1.377,1.251,15298
2926,4.33882,4.42807,6.093e-05,1.152,0.986,15277
2927,4.33917,4.42807,6.091e-05,1.289,1.118,15291
2928,4.50786,4.42807,6.088e-05,1.507,1.382,15299
2929,4.17838,4.42807,6.086e-05,1.344,1.204,15303
2930,4.54051,4.42807,6.083e-05,1.206,1.047,15303
2931,4.28553,4.42807,6.081e-05,1.832,1.734,15292
2932,4.51989,4.42807,6.079e-05,1.193,1.050,15296
2933,4.46291,4.42807,6.076e-05,1.169,1.035,15293
2934,4.32651,4.42807,6.074e-05,1.295,1.155,15290
2935,4.40328,4.42807,6.072e-05,1.474,1.339,15295
2936,4.27144,4.42807,6.070e-05,1.400,1.270,15322
2937,4.53638,4.42807,6.067e-05,1.152,0.998,15312
2938,4.25038,4.42807,6.065e-05,1.489,1.368,15274
2939,4.47082,4.42807,6.063e-05,1.589,1.475,15285
2940,4.29760,4.42807,6.061e-05,1.246,1.093,15296
2941,4.35371,4.42807,6.059e-05,1.414,1.287,15290
2942,4.24296,4.42807,6.057e-05,1.730,1.636,15300
2943,4.43679,4.42807,6.055e-05,1.158,1.008,15316
2944,4.46607,4.42807,6.053e-05,1.230,1.081,15322
2945,4.41994,4.42807,6.051e-05,1.123,0.963,15291
2946,4.41227,4.42807,6.050e-05,1.140,0.969,15291
2947,4.58878,4.42807,6.048e-05,1.096,0.946,15272
2948,4.49808,4.42807,6.046e-05,1.194,1.061,15311
2949,4.23790,4.42807,6.044e-05,1.145,0.998,15300
2950,4.65205,4.42807,6.042e-05,1.158,0.994,15317
2951,4.55629,4.42807,6.041e-05,1.193,1.019,15306
2952,4.49903,4.42807,6.039e-05,1.132,0.993,15302
2953,4.54071,4.42807,6.038e-05,1.195,1.039,15288
2954,4.55737,4.42807,6.036e-05,1.268,1.125,15296
2955,4.11425,4.42807,6.034e-05,1.312,1.163,15279
2956,4.34597,4.42807,6.033e-05,1.356,1.187,15308
2957,4.35985,4.42807,6.031e-05,1.224,1.024,15314
2958,4.43903,4.42807,6.030e-05,1.151,0.980,15299
2959,4.44644,4.42807,6.029e-05,1.265,1.128,15302
2960,4.37748,4.42807,6.027e-05,1.367,1.232,15294
2961,4.36297,4.42807,6.026e-05,1.259,1.086,15290
2962,4.44829,4.42807,6.025e-05,1.192,1.011,15277
2963,4.38681,4.42807,6.023e-05,1.224,1.067,15286
2964,4.12659,4.42807,6.022e-05,1.290,1.129,15319
2965,4.69316,4.42807,6.021e-05,1.230,1.060,15303
2966,4.20910,4.42807,6.020e-05,1.810,1.675,15282
2967,4.55227,4.42807,6.019e-05,1.228,1.065,15278
2968,4.39260,4.42807,6.017e-05,1.257,1.095,15282
2969,4.26717,4.42807,6.016e-05,1.275,1.123,15301
2970,4.44174,4.42807,6.015e-05,1.245,1.076,15303
2971,4.51568,4.42807,6.014e-05,1.226,1.070,15316
2972,4.59901,4.42807,6.013e-05,1.335,1.183,15300
2973,4.54587,4.42807,6.012e-05,1.338,1.201,15295
2974,4.45969,4.42807,6.011e-05,1.336,1.191,15288
2975,4.63877,4.42807,6.011e-05,1.263,1.128,15290
2976,4.35820,4.42807,6.010e-05,1.452,1.309,15258
2977,4.41764,4.42807,6.009e-05,1.307,1.158,15296
2978,4.67905,4.42807,6.008e-05,1.409,1.260,15313
2979,4.64473,4.42807,6.007e-05,1.231,1.049,15286
2980,4.36252,4.42807,6.007e-05,1.153,0.990,15286
2981,4.60748,4.42807,6.006e-05,1.149,0.991,15286
2982,4.60049,4.42807,6.006e-05,1.169,1.018,15280
2983,4.40762,4.42807,6.005e-05,1.139,0.976,15295
2984,4.72541,4.42807,6.004e-05,1.229,1.069,15291
2985,4.34506,4.42807,6.004e-05,1.324,1.155,15333
2986,4.18760,4.42807,6.003e-05,1.171,1.002,15292
2987,4.36033,4.42807,6.003e-05,1.131,0.960,15278
2988,4.43919,4.42807,6.002e-05,1.766,1.624,15278
2989,4.43057,4.42807,6.002e-05,1.465,1.319,15268
2990,4.41068,4.42807,6.002e-05,1.543,1.389,15299
2991,4.51626,4.42807,6.001e-05,1.645,1.525,15297
2992,4.39065,4.42807,6.001e-05,1.260,1.113,15305
2993,4.36897,4.42807,6.001e-05,1.287,1.124,15291
2994,4.28084,4.42807,6.001e-05,1.738,1.623,15304
2995,4.40598,4.42807,6.000e-05,1.280,1.104,15292
2996,4.50465,4.42807,6.000e-05,1.230,1.090,15282
2997,4.43845,4.42807,6.000e-05,1.155,1.003,15285
2998,4.34839,4.42807,6.000e-05,1.192,1.052,15304
2999,4.45367,4.40278,6.000e-05,1.215,1.076,7072
