step,loss,val_loss,lr,grad_norm,proj_grad_norm,tokens_per_s
0,11.85435,11.82892,3.000e-06,5.339,1.058,7529
1,11.83223,11.82892,6.000e-06,5.233,0.978,26893
2,11.78357,11.82892,9.000e-06,4.520,0.899,26404
3,11.71740,11.82892,1.200e-05,3.892,0.730,26708
4,11.64683,11.82892,1.500e-05,3.419,0.494,26313
5,11.62245,11.82892,1.800e-05,2.634,0.392,26102
6,11.53097,11.82892,2.100e-05,2.735,0.335,26285
7,11.49208,11.82892,2.400e-05,2.236,0.219,26597
8,11.45379,11.82892,2.700e-05,2.014,0.202,26301
9,11.48374,11.82892,3.000e-05,1.634,0.191,26251
10,11.40735,11.82892,3.300e-05,1.574,0.153,26207
11,11.39737,11.82892,3.600e-05,1.376,0.114,26875
12,11.32131,11.82892,3.900e-05,1.687,0.185,26192
13,11.29594,11.82892,4.200e-05,1.515,0.096,26030
14,11.26166,11.82892,4.500e-05,1.509,0.079,26159
15,11.31048,11.82892,4.800e-05,1.271,0.122,26749
16,11.28271,11.82892,5.100e-05,1.286,0.103,26039
17,11.22409,11.82892,5.400e-05,1.291,0.088,26340
18,11.18465,11.82892,5.700e-05,1.323,0.067,26227
19,11.17625,11.82892,6.000e-05,1.432,0.174,26784
20,11.10483,11.82892,6.300e-05,1.482,0.111,26059
21,11.17236,11.82892,6.600e-05,1.155,0.098,26425
22,11.06957,11.82892,6.900e-05,1.344,0.095,26238
23,11.02547,11.82892,7.200e-05,1.328,0.067,26511
24,11.04935,11.82892,7.500e-05,1.119,0.047,26279
25,10.96816,11.82892,7.800e-05,1.330,0.058,26859
26,10.93562,11.82892,8.100e-05,1.260,0.089,26316
27,10.89473,11.82892,8.400e-05,1.288,0.044,26660
28,10.87764,11.82892,8.700e-05,1.211,0.086,26485
29,10.80286,11.82892,9.000e-05,1.201,0.034,26199
30,10.82043,11.82892,9.300e-05,1.067,0.054,26173
31,10.76371,11.82892,9.600e-05,1.093,0.052,26493
32,10.70769,11.82892,9.900e-05,1.172,0.059,26596
33,10.60648,11.82892,1.020e-04,1.341,0.070,26202
34,10.57353,11.82892,1.050e-04,1.220,0.084,26187
35,10.52190,11.82892,1.080e-04,1.163,0.043,26497
36,10.48353,11.82892,1.110e-04,1.333,0.079,26616
37,10.42488,11.82892,1.140e-04,1.231,0.065,26039
38,10.35180,11.82892,1.170e-04,1.225,0.044,26078
39,10.31955,11.82892,1.200e-04,1.230,0.033,26547
40,10.25769,11.82892,1.230e-04,1.193,0.061,26572
41,10.21535,11.82892,1.260e-04,1.301,0.077,26618
42,10.14457,11.82892,1.290e-04,1.146,0.038,26561
43,10.06248,11.82892,1.320e-04,1.327,0.082,26063
44,10.02891,11.82892,1.350e-04,1.187,0.057,26625
45,9.96331,11.82892,1.380e-04,1.181,0.086,26157
46,9.90843,11.82892,1.410e-04,1.142,0.047,26088
47,9.82726,11.82892,1.440e-04,1.196,0.092,26245
48,9.74772,11.82892,1.470e-04,1.202,0.058,27398
49,9.70256,11.82892,1.500e-04,1.234,0.079,26366
50,9.63995,11.82892,1.530e-04,1.204,0.061,26214
51,9.55962,11.82892,1.560e-04,1.246,0.076,26188
52,9.49806,11.82892,1.590e-04,1.103,0.057,26729
53,9.45536,11.82892,1.620e-04,1.112,0.035,26264
54,9.38823,11.82892,1.650e-04,1.138,0.039,26121
55,9.34564,11.82892,1.680e-04,1.175,0.055,26158
56,9.25175,11.82892,1.710e-04,1.071,0.054,26746
57,9.22390,11.82892,1.740e-04,1.134,0.047,26352
58,9.17569,11.82892,1.770e-04,1.139,0.047,26052
59,9.16153,11.82892,1.800e-04,1.174,0.045,26657
60,9.06103,11.82892,1.830e-04,1.190,0.074,26603
61,9.03518,11.82892,1.860e-04,1.292,0.051,26517
62,8.91309,11.82892,1.890e-04,1.239,0.072,26766
63,8.84190,11.82892,1.920e-04,1.004,0.046,26132
64,8.84982,11.82892,1.950e-04,1.022,0.082,26607
65,8.68549,11.82892,1.980e-04,1.051,0.068,26717
66,8.68637,11.82892,2.010e-04,1.154,0.087,26179
67,8.67494,11.82892,2.040e-04,1.023,0.066,25839
68,8.54703,11.82892,2.070e-04,1.128,0.069,26372
69,8.52701,11.82892,2.100e-04,1.150,0.053,27096
70,8.43558,11.82892,2.130e-04,0.975,0.097,25886
71,8.47336,11.82892,2.160e-04,1.073,0.049,26478
72,8.38758,11.82892,2.190e-04,1.003,0.064,26099
73,8.31092,11.82892,2.220e-04,0.959,0.065,26780
74,8.30256,11.82892,2.250e-04,0.918,0.038,25913
75,8.15230,11.82892,2.280e-04,0.924,0.075,26370
76,8.16441,11.82892,2.310e-04,0.945,0.093,26195
77,8.19857,11.82892,2.340e-04,0.966,0.045,26872
78,8.17342,11.82892,2.370e-04,1.193,0.208,26172
79,8.09935,11.82892,2.400e-04,1.082,0.141,26294
80,8.11298,11.82892,2.430e-04,0.882,0.094,26152
81,8.00566,11.82892,2.460e-04,1.118,0.137,26409
82,7.95733,11.82892,2.490e-04,0.934,0.082,26840
83,7.98058,11.82892,2.520e-04,0.849,0.105,26272
84,7.91712,11.82892,2.550e-04,0.838,0.096,26464
85,7.82081,11.82892,2.580e-04,0.820,0.090,26628
86,7.96419,11.82892,2.610e-04,0.912,0.109,26264
87,7.88997,11.82892,2.640e-04,0.689,0.060,26274
88,7.78864,11.82892,2.670e-04,0.766,0.102,26573
89,7.84373,11.82892,2.700e-04,0.578,0.064,26492
90,7.66562,11.82892,2.730e-04,0.885,0.090,26551
91,7.68059,11.82892,2.760e-04,0.689,0.099,26352
92,7.67777,11.82892,2.790e-04,0.636,0.091,26192
93,7.63304,11.82892,2.820e-04,0.545,0.081,26635
94,7.64414,11.82892,2.850e-04,0.705,0.104,26740
95,7.62213,11.82892,2.880e-04,0.584,0.106,26413
96,7.61776,11.82892,2.910e-04,0.646,0.183,26291
97,7.56582,11.82892,2.940e-04,0.495,0.118,26538
98,7.43796,11.82892,2.970e-04,0.580,0.121,26645
99,7.58708,11.82892,3.000e-04,0.489,0.097,26093
100,7.46176,11.82892,3.030e-04,0.529,0.133,26182
101,7.54037,11.82892,3.060e-04,0.398,0.078,26527
102,7.46439,11.82892,3.090e-04,0.451,0.120,26606
103,7.52283,11.82892,3.120e-04,0.641,0.145,26168
104,7.49743,11.82892,3.150e-04,0.897,0.234,26210
105,7.51089,11.82892,3.180e-04,0.965,0.237,26211
106,7.39003,11.82892,3.210e-04,0.392,0.080,26773
107,7.51903,11.82892,3.240e-04,0.558,0.107,26332
108,7.35645,11.82892,3.270e-04,0.600,0.162,26156
109,7.37690,11.82892,3.300e-04,0.467,0.113,26570
110,7.41073,11.82892,3.330e-04,0.509,0.134,26598
111,7.39996,11.82892,3.360e-04,0.465,0.102,26609
112,7.41481,11.82892,3.390e-04,0.419,0.103,26759
113,7.39527,11.82892,3.420e-04,0.507,0.158,26288
114,7.38152,11.82892,3.450e-04,0.405,0.112,26196
115,7.42147,11.82892,3.480e-04,0.391,0.092,26495
116,7.25171,11.82892,3.510e-04,0.516,0.138,26151
117,7.33479,11.82892,3.540e-04,0.468,0.171,26550
118,7.34309,11.82892,3.570e-04,0.447,0.111,26619
119,7.31156,11.82892,3.600e-04,0.580,0.216,26809
120,7.33737,11.82892,3.630e-04,0.404,0.105,26542
121,7.33052,11.82892,3.660e-04,0.421,0.096,26037
122,7.21556,11.82892,3.690e-04,0.712,0.205,26726
123,7.19403,11.82892,3.720e-04,0.499,0.155,26978
124,7.19310,11.82892,3.750e-04,0.515,0.152,26834
125,7.15150,11.82892,3.780e-04,0.480,0.153,26342
126,7.26575,11.82892,3.810e-04,0.588,0.147,26368
127,7.23040,11.82892,3.840e-04,0.587,0.182,26530
128,7.23882,11.82892,3.870e-04,0.489,0.158,26445
129,7.28453,11.82892,3.900e-04,0.421,0.110,26769
130,7.23324,11.82892,3.930e-04,0.537,0.166,26458
131,7.14380,11.82892,3.960e-04,0.383,0.112,26454
132,7.05394,11.82892,3.990e-04,0.441,0.127,26601
133,7.21400,11.82892,4.020e-04,0.499,0.133,26462
134,7.13740,11.82892,4.050e-04,0.659,0.188,26494
135,7.15486,11.82892,4.080e-04,0.784,0.295,26869
136,7.10894,11.82892,4.110e-04,0.550,0.182,26823
137,6.99570,11.82892,4.140e-04,0.567,0.225,26671
138,7.09595,11.82892,4.170e-04,0.555,0.155,26216
139,7.02799,11.82892,4.200e-04,0.463,0.134,26168
140,6.96485,11.82892,4.230e-04,0.485,0.158,26969
141,7.15665,11.82892,4.260e-04,0.545,0.195,26460
142,7.07423,11.82892,4.290e-04,0.516,0.137,26724
143,7.00302,11.82892,4.320e-04,0.428,0.128,26024
144,7.01002,11.82892,4.350e-04,0.692,0.239,26711
145,7.09272,11.82892,4.380e-04,0.902,0.365,26390
146,7.09666,11.82892,4.410e-04,0.768,0.320,26163
147,6.97053,11.82892,4.440e-04,0.825,0.304,26131
148,7.08485,11.82892,4.470e-04,0.852,0.306,26553
149,7.02369,11.82892,4.500e-04,1.053,0.434,26600
150,7.09727,11.82892,4.530e-04,0.478,0.157,26265
151,6.96237,11.82892,4.560e-04,0.575,0.212,26008
152,7.05187,11.82892,4.590e-04,0.405,0.114,27125
153,6.92304,11.82892,4.620e-04,0.780,0.293,26686
154,6.90978,11.82892,4.650e-04,0.440,0.148,26368
155,6.97253,11.82892,4.680e-04,0.609,0.219,26346
156,7.04152,11.82892,4.710e-04,0.442,0.131,26292
157,6.96509,11.82892,4.740e-04,0.686,0.248,26563
158,6.97266,11.82892,4.770e-04,0.591,0.183,26155
159,6.98399,11.82892,4.800e-04,0.702,0.269,26219
160,6.98780,11.82892,4.830e-04,0.755,0.237,26401
161,6.97398,11.82892,4.860e-04,0.855,0.310,26285
162,7.07686,11.82892,4.890e-04,0.539,0.173,26868
163,6.76378,11.82892,4.920e-04,0.526,0.175,26156
164,6.97606,11.82892,4.950e-04,0.507,0.190,26166
165,7.02356,11.82892,4.980e-04,0.501,0.175,26940
166,6.86080,11.82892,5.010e-04,0.593,0.196,26360
167,6.98483,11.82892,5.040e-04,0.496,0.210,26233
168,6.87009,11.82892,5.070e-04,0.468,0.162,26049
169,6.90832,11.82892,5.100e-04,0.489,0.157,26554
170,6.78896,11.82892,5.130e-04,0.378,0.133,26527
171,6.82773,11.82892,5.160e-04,0.539,0.191,26070
172,6.87962,11.82892,5.190e-04,0.591,0.242,26168
173,6.88373,11.82892,5.220e-04,0.609,0.243,27187
174,6.85374,11.82892,5.250e-04,0.761,0.340,26444
175,6.80739,11.82892,5.280e-04,0.665,0.300,26037
176,6.85577,11.82892,5.310e-04,0.665,0.251,26191
177,7.04937,11.82892,5.340e-04,0.593,0.199,26595
178,6.93758,11.82892,5.370e-04,0.743,0.342,26396
179,6.88305,11.82892,5.400e-04,0.798,0.343,26096
180,6.76327,11.82892,5.430e-04,0.530,0.215,26208
181,6.81478,11.82892,5.460e-04,0.517,0.218,26624
182,7.02300,11.82892,5.490e-04,0.617,0.243,26306
183,6.84189,11.82892,5.520e-04,0.443,0.146,26289
184,6.84543,11.82892,5.550e-04,0.592,0.211,26084
185,6.69990,11.82892,5.580e-04,0.454,0.212,26594
186,6.83900,11.82892,5.610e-04,0.547,0.208,26710
187,6.90021,11.82892,5.640e-04,0.537,0.242,26019
188,6.84215,11.82892,5.670e-04,1.069,0.556,26151
189,6.86094,11.82892,5.700e-04,0.803,0.349,26557
190,6.75789,11.82892,5.730e-04,0.525,0.182,26708
191,6.83189,11.82892,5.760e-04,0.605,0.210,25942
192,6.65190,11.82892,5.790e-04,0.581,0.243,26159
193,6.76202,11.82892,5.820e-04,0.779,0.303,26413
194,6.77853,11.82892,5.850e-04,0.594,0.276,26838
195,6.80951,11.82892,5.880e-04,0.547,0.212,26328
196,6.84073,11.82892,5.910e-04,0.585,0.237,26669
197,6.73713,11.82892,5.940e-04,0.604,0.232,26532
198,6.72366,11.82892,5.970e-04,0.606,0.262,26830
199,6.73271,11.82892,6.000e-04,0.706,0.290,26364
200,6.62577,11.82892,6.000e-04,0.663,0.271,26346
201,6.77398,11.82892,6.000e-04,0.580,0.234,26619
202,6.75677,11.82892,6.000e-04,0.615,0.243,26551
203,6.67786,11.82892,6.000e-04,0.464,0.189,26345
204,6.67783,11.82892,6.000e-04,0.570,0.232,26327
205,6.54688,11.82892,6.000e-04,0.458,0.167,26217
206,6.83021,11.82892,6.000e-04,0.574,0.235,26422
207,6.69612,11.82892,6.000e-04,0.804,0.322,26476
208,6.74644,11.82892,6.000e-04,0.931,0.369,26373
209,6.56574,11.82892,6.000e-04,0.456,0.175,26181
210,6.70616,11.82892,6.000e-04,0.473,0.164,26517
211,6.68778,11.82892,6.000e-04,0.476,0.174,26635
212,6.63653,11.82892,6.000e-04,0.701,0.293,26163
213,6.70134,11.82892,6.000e-04,0.665,0.282,26189
214,6.62943,11.82892,6.000e-04,0.556,0.238,26428
215,6.64401,11.82892,6.000e-04,0.588,0.210,26626
216,6.69256,11.82892,6.000e-04,0.491,0.227,26869
217,6.59668,11.82892,6.000e-04,0.671,0.248,26273
218,6.74035,11.82892,5.999e-04,0.655,0.250,26188
219,6.63782,11.82892,5.999e-04,0.605,0.246,26585
220,6.75415,11.82892,5.999e-04,0.546,0.207,26192
221,6.70985,11.82892,5.999e-04,0.556,0.244,26179
222,6.59621,11.82892,5.999e-04,0.673,0.320,26387
223,6.64827,11.82892,5.999e-04,0.461,0.173,26909
224,6.72981,11.82892,5.999e-04,0.652,0.252,26497
225,6.75106,11.82892,5.999e-04,0.641,0.271,26216
226,6.51398,11.82892,5.999e-04,0.566,0.251,26098
227,6.65368,11.82892,5.999e-04,0.506,0.197,26575
228,6.66139,11.82892,5.999e-04,0.491,0.180,26441
229,6.70138,11.82892,5.999e-04,0.491,0.181,26155
230,6.68495,11.82892,5.998e-04,0.481,0.180,26279
231,6.68203,11.82892,5.998e-04,0.503,0.196,26538
232,6.61415,11.82892,5.998e-04,0.607,0.239,26492
233,6.64168,11.82892,5.998e-04,0.624,0.212,26027
234,6.60658,11.82892,5.998e-04,0.506,0.207,26411
235,6.79125,11.82892,5.998e-04,0.559,0.227,26359
236,6.69831,11.82892,5.998e-04,0.620,0.272,26473
237,6.66639,11.82892,5.998e-04,0.738,0.351,26805
238,6.74821,11.82892,5.998e-04,0.693,0.315,26204
239,6.66292,11.82892,5.997e-04,0.728,0.335,26335
240,6.70858,11.82892,5.997e-04,0.529,0.201,26694
241,6.75282,11.82892,5.997e-04,0.609,0.256,26573
242,6.69893,11.82892,5.997e-04,0.529,0.199,26641
243,6.61484,11.82892,5.997e-04,0.546,0.228,26247
244,6.57827,11.82892,5.997e-04,0.617,0.263,26884
245,6.62753,11.82892,5.997e-04,0.569,0.241,26243
246,6.58245,11.82892,5.996e-04,0.532,0.203,26374
247,6.53331,11.82892,5.996e-04,0.542,0.226,26192
248,6.62369,11.82892,5.996e-04,0.528,0.205,26792
249,6.53696,11.82892,5.996e-04,0.540,0.239,26471
250,6.41913,6.53944,5.996e-04,0.507,0.200,7901
251,6.64434,6.53944,5.996e-04,0.531,0.226,26932
252,6.61468,6.53944,5.995e-04,0.495,0.203,26410
253,6.66264,6.53944,5.995e-04,0.499,0.196,26518
254,6.55573,6.53944,5.995e-04,0.502,0.193,26228
255,6.56507,6.53944,5.995e-04,0.428,0.162,26327
256,6.62271,6.53944,5.995e-04,0.423,0.160,26478
257,6.57402,6.53944,5.994e-04,0.454,0.176,26488
258,6.52579,6.53944,5.994e-04,0.503,0.201,26529
259,6.59038,6.53944,5.994e-04,0.523,0.220,26324
260,6.47254,6.53944,5.994e-04,0.558,0.224,26129
261,6.46920,6.53944,5.994e-04,0.473,0.202,26223
262,6.53922,6.53944,5.993e-04,0.551,0.202,26974
263,6.45053,6.53944,5.993e-04,0.580,0.231,26332
264,6.47466,6.53944,5.993e-04,0.546,0.234,26253
265,6.46669,6.53944,5.993e-04,0.526,0.256,26787
266,6.59318,6.53944,5.993e-04,0.628,0.281,26491
267,6.53619,6.53944,5.992e-04,0.776,0.356,26151
268,6.49233,6.53944,5.992e-04,0.738,0.329,26224
269,6.51945,6.53944,5.992e-04,0.538,0.219,26574
270,6.43408,6.53944,5.992e-04,0.582,0.249,26605
271,6.51818,6.53944,5.991e-04,0.764,0.346,26430
272,6.58582,6.53944,5.991e-04,0.488,0.181,26310
273,6.44529,6.53944,5.991e-04,0.609,0.234,26485
274,6.57957,6.53944,5.991e-04,0.690,0.298,26540
275,6.68305,6.53944,5.990e-04,0.476,0.165,26201
276,6.55300,6.53944,5.990e-04,0.597,0.238,26141
277,6.36445,6.53944,5.990e-04,0.649,0.281,26335
278,6.52919,6.53944,5.990e-04,0.567,0.205,26781
279,6.54540,6.53944,5.989e-04,0.482,0.162,26385
280,6.47992,6.53944,5.989e-04,0.463,0.152,26204
281,6.45893,6.53944,5.989e-04,0.502,0.199,26681
282,6.50640,6.53944,5.989e-04,0.538,0.198,26582
283,6.45756,6.53944,5.988e-04,0.514,0.207,26145
284,6.67025,6.53944,5.988e-04,0.555,0.191,26021
285,6.34140,6.53944,5.988e-04,0.571,0.233,26126
286,6.48732,6.53944,5.987e-04,0.508,0.184,26857
287,6.52485,6.53944,5.987e-04,0.571,0.236,26194
288,6.68935,6.53944,5.987e-04,0.523,0.215,26177
289,6.43504,6.53944,5.987e-04,0.517,0.228,26087
290,6.43564,6.53944,5.986e-04,0.551,0.243,26609
291,6.53971,6.53944,5.986e-04,0.478,0.195,26002
292,6.41744,6.53944,5.986e-04,0.587,0.272,26551
293,6.49747,6.53944,5.985e-04,0.601,0.260,26137
294,6.53543,6.53944,5.985e-04,0.552,0.232,26755
295,6.47645,6.53944,5.985e-04,0.539,0.240,26419
296,6.46523,6.53944,5.984e-04,0.737,0.315,26396
297,6.54064,6.53944,5.984e-04,0.587,0.256,26224
298,6.41344,6.53944,5.984e-04,0.540,0.216,27175
299,6.51834,6.53944,5.983e-04,0.599,0.251,26234
300,6.35053,6.53944,5.983e-04,0.523,0.218,26022
301,6.43328,6.53944,5.983e-04,0.501,0.192,26595
302,6.44462,6.53944,5.982e-04,0.509,0.198,26539
303,6.43022,6.53944,5.982e-04,0.448,0.138,26511
304,6.49116,6.53944,5.982e-04,0.451,0.163,26157
305,6.39915,6.53944,5.981e-04,0.503,0.196,26349
306,6.25615,6.53944,5.981e-04,0.511,0.185,26481
307,6.48458,6.53944,5.981e-04,0.539,0.203,26341
308,6.35758,6.53944,5.980e-04,0.608,0.253,26232
309,6.53600,6.53944,5.980e-04,0.425,0.162,26157
310,6.45011,6.53944,5.979e-04,0.453,0.168,26424
311,6.57878,6.53944,5.979e-04,0.467,0.188,26556
312,6.39408,6.53944,5.979e-04,0.430,0.145,26083
313,6.38773,6.53944,5.978e-04,0.483,0.189,26071
314,6.30798,6.53944,5.978e-04,0.468,0.194,26306
315,6.45007,6.53944,5.978e-04,0.503,0.184,26528
316,6.55828,6.53944,5.977e-04,0.489,0.183,26466
317,6.40093,6.53944,5.977e-04,0.662,0.287,25963
318,6.36968,6.53944,5.976e-04,0.536,0.207,26397
319,6.33340,6.53944,5.976e-04,0.487,0.180,26908
320,6.39847,6.53944,5.976e-04,0.460,0.196,26200
321,6.33635,6.53944,5.975e-04,0.512,0.192,26353
322,6.21740,6.53944,5.975e-04,0.630,0.284,26333
323,6.52590,6.53944,5.974e-04,0.530,0.230,26867
324,6.43424,6.53944,5.974e-04,0.557,0.226,26207
325,6.44369,6.53944,5.973e-04,0.542,0.231,26268
326,6.50555,6.53944,5.973e-04,0.536,0.217,26140
327,6.31553,6.53944,5.973e-04,0.518,0.209,26896
328,6.30218,6.53944,5.972e-04,0.741,0.364,26013
329,6.42877,6.53944,5.972e-04,0.620,0.237,26368
330,6.40559,6.53944,5.971e-04,0.683,0.293,26192
331,6.36343,6.53944,5.971e-04,0.629,0.256,26715
332,6.31617,6.53944,5.970e-04,0.547,0.193,26542
333,6.45835,6.53944,5.970e-04,0.588,0.209,26153
334,6.37652,6.53944,5.970e-04,0.541,0.209,26275
335,6.43946,6.53944,5.969e-04,0.534,0.188,26670
336,6.53262,6.53944,5.969e-04,0.494,0.189,26419
337,6.42925,6.53944,5.968e-04,0.543,0.213,26085
338,6.39058,6.53944,5.968e-04,0.515,0.203,25914
339,6.41920,6.53944,5.967e-04,0.507,0.211,26550
340,6.22724,6.53944,5.967e-04,0.584,0.243,26563
341,6.23666,6.53944,5.966e-04,0.441,0.181,26425
342,6.46391,6.53944,5.966e-04,0.615,0.260,26589
343,6.19308,6.53944,5.965e-04,0.698,0.353,26691
344,6.38922,6.53944,5.965e-04,0.639,0.314,26669
345,6.50841,6.53944,5.964e-04,0.525,0.211,26081
346,6.31772,6.53944,5.964e-04,0.563,0.251,26288
347,6.42222,6.53944,5.963e-04,0.549,0.248,26270
348,6.29921,6.53944,5.963e-04,0.420,0.154,26655
349,6.25783,6.53944,5.962e-04,0.721,0.332,26221
350,6.27989,6.53944,5.962e-04,0.520,0.241,26007
351,6.43377,6.53944,5.961e-04,0.465,0.158,26237
352,6.32556,6.53944,5.961e-04,0.546,0.226,26874
353,6.35564,6.53944,5.960e-04,0.452,0.164,26040
354,6.28741,6.53944,5.960e-04,0.575,0.252,26385
355,6.39324,6.53944,5.959e-04,0.427,0.159,26384
356,6.37983,6.53944,5.959e-04,0.450,0.166,26920
357,6.42190,6.53944,5.958e-04,0.466,0.171,26360
358,6.37259,6.53944,5.958e-04,0.562,0.238,26105
359,6.37546,6.53944,5.957e-04,0.426,0.148,26047
360,6.29045,6.53944,5.957e-04,0.532,0.218,26854
361,6.46446,6.53944,5.956e-04,0.505,0.181,26746
362,6.34224,6.53944,5.956e-04,0.543,0.203,26621
363,6.29640,6.53944,5.955e-04,0.439,0.166,26187
364,6.31519,6.53944,5.954e-04,0.424,0.160,26592
365,6.50951,6.53944,5.954e-04,0.494,0.156,26265
366,6.27282,6.53944,5.953e-04,0.555,0.236,25863
367,6.30947,6.53944,5.953e-04,0.572,0.262,26379
368,6.37928,6.53944,5.952e-04,0.594,0.251,26370
369,6.36339,6.53944,5.952e-04,0.567,0.215,26593
370,6.21929,6.53944,5.951e-04,0.509,0.212,26386
371,6.15199,6.53944,5.950e-04,0.545,0.220,26204
372,6.23865,6.53944,5.950e-04,0.456,0.171,26627
373,6.29993,6.53944,5.949e-04,0.514,0.182,26578
374,6.26766,6.53944,5.949e-04,0.543,0.233,26445
375,6.23636,6.53944,5.948e-04,0.459,0.186,26166
376,6.33690,6.53944,5.948e-04,0.566,0.245,26498
377,6.31465,6.53944,5.947e-04,0.469,0.183,26740
378,6.27044,6.53944,5.946e-04,0.525,0.215,26363
379,6.27288,6.53944,5.946e-04,0.445,0.169,26281
380,6.29540,6.53944,5.945e-04,0.456,0.159,26477
381,6.19416,6.53944,5.945e-04,0.548,0.225,26196
382,6.19287,6.53944,5.944e-04,0.523,0.188,26676
383,6.32231,6.53944,5.943e-04,0.489,0.196,26761
384,6.12916,6.53944,5.943e-04,0.731,0.334,26131
385,6.39884,6.53944,5.942e-04,0.571,0.201,27388
386,6.37936,6.53944,5.941e-04,0.565,0.224,26512
387,6.36229,6.53944,5.941e-04,0.479,0.157,26213
388,6.24729,6.53944,5.940e-04,0.481,0.195,26388
389,6.24418,6.53944,5.940e-04,0.574,0.214,26686
390,6.13648,6.53944,5.939e-04,0.530,0.217,26372
391,6.28247,6.53944,5.938e-04,0.508,0.194,26399
392,6.21717,6.53944,5.938e-04,0.488,0.177,26331
393,6.22739,6.53944,5.937e-04,0.519,0.210,26454
394,6.34082,6.53944,5.936e-04,0.464,0.154,26467
395,6.20775,6.53944,5.936e-04,0.413,0.154,26202
396,6.17033,6.53944,5.935e-04,0.466,0.164,26136
397,6.20465,6.53944,5.934e-04,0.491,0.202,26486
398,6.21288,6.53944,5.934e-04,0.502,0.204,26580
399,6.30199,6.53944,5.933e-04,0.463,0.164,26266
400,6.31942,6.53944,5.932e-04,0.434,0.163,26215
401,6.21176,6.53944,5.932e-04,0.500,0.175,26637
402,6.19444,6.53944,5.931e-04,0.485,0.182,26577
403,6.14352,6.53944,5.930e-04,0.520,0.219,26087
404,6.24498,6.53944,5.930e-04,0.617,0.196,26312
405,6.19806,6.53944,5.929e-04,0.491,0.209,26452
406,6.25046,6.53944,5.928e-04,0.533,0.216,27034
407,6.24970,6.53944,5.928e-04,0.535,0.234,26367
408,6.12762,6.53944,5.927e-04,0.486,0.202,26158
409,6.20896,6.53944,5.926e-04,0.581,0.239,26206
410,6.31039,6.53944,5.925e-04,0.476,0.187,26503
411,6.16473,6.53944,5.925e-04,0.595,0.248,26266
412,6.25180,6.53944,5.924e-04,0.420,0.143,26015
413,6.28655,6.53944,5.923e-04,0.455,0.164,26335
414,6.20433,6.53944,5.923e-04,1.111,0.278,26759
415,6.25306,6.53944,5.922e-04,0.426,0.152,26439
416,6.11795,6.53944,5.921e-04,0.601,0.243,26082
417,6.22558,6.53944,5.920e-04,0.543,0.223,26275
418,6.24460,6.53944,5.920e-04,0.523,0.217,26634
419,6.23407,6.53944,5.919e-04,0.635,0.257,26236
420,6.30136,6.53944,5.918e-04,0.444,0.177,26331
421,6.10084,6.53944,5.917e-04,0.568,0.243,26539
422,6.13365,6.53944,5.917e-04,0.535,0.251,26418
423,6.24029,6.53944,5.916e-04,0.589,0.248,26545
424,6.21117,6.53944,5.915e-04,0.519,0.176,26392
425,6.08107,6.53944,5.914e-04,0.483,0.195,26619
426,6.17809,6.53944,5.914e-04,0.514,0.184,26529
427,6.30902,6.53944,5.913e-04,0.545,0.186,26509
428,6.21173,6.53944,5.912e-04,0.524,0.202,26312
429,6.32315,6.53944,5.911e-04,0.567,0.189,26365
430,6.24074,6.53944,5.911e-04,0.574,0.241,26175
431,6.24500,6.53944,5.910e-04,0.462,0.171,26651
432,6.24586,6.53944,5.909e-04,0.443,0.145,26190
433,6.31483,6.53944,5.908e-04,0.505,0.166,26312
434,6.11512,6.53944,5.907e-04,0.470,0.173,26222
435,6.16874,6.53944,5.907e-04,0.450,0.168,26635
436,6.12621,6.53944,5.906e-04,0.489,0.203,26228
437,6.19609,6.53944,5.905e-04,0.469,0.175,26303
438,6.04854,6.53944,5.904e-04,0.450,0.172,26168
439,6.11433,6.53944,5.904e-04,0.528,0.213,26763
440,6.05944,6.53944,5.903e-04,0.499,0.155,26434
441,6.23928,6.53944,5.902e-04,0.470,0.183,26735
442,6.15679,6.53944,5.901e-04,0.442,0.157,26539
443,6.03479,6.53944,5.900e-04,0.525,0.219,26509
444,6.26813,6.53944,5.899e-04,0.536,0.178,26468
445,6.00037,6.53944,5.899e-04,0.509,0.168,26369
446,6.22993,6.53944,5.898e-04,0.512,0.164,26177
447,6.16465,6.53944,5.897e-04,0.637,0.214,26402
448,6.12603,6.53944,5.896e-04,0.496,0.174,26629
449,6.06627,6.53944,5.895e-04,0.494,0.181,26579
450,6.10009,6.53944,5.894e-04,0.522,0.190,26206
451,6.23785,6.53944,5.894e-04,0.456,0.166,26403
452,6.06342,6.53944,5.893e-04,0.541,0.211,26866
453,6.28101,6.53944,5.892e-04,0.566,0.240,26240
454,6.12877,6.53944,5.891e-04,0.698,0.276,26284
455,6.02558,6.53944,5.890e-04,0.517,0.206,26271
456,6.24720,6.53944,5.889e-04,0.627,0.234,26856
457,6.11281,6.53944,5.889e-04,0.637,0.268,26283
458,6.23550,6.53944,5.888e-04,0.523,0.203,26074
459,6.22015,6.53944,5.887e-04,0.593,0.234,26108
460,6.09973,6.53944,5.886e-04,0.443,0.164,26841
461,6.15270,6.53944,5.885e-04,0.469,0.182,26618
462,6.04875,6.53944,5.884e-04,0.699,0.206,26667
463,6.22842,6.53944,5.883e-04,0.445,0.172,25980
464,6.19118,6.53944,5.882e-04,0.492,0.180,26762
465,6.29219,6.53944,5.882e-04,0.441,0.149,26233
466,5.97281,6.53944,5.881e-04,0.606,0.259,26140
467,6.21425,6.53944,5.880e-04,0.758,0.381,26175
468,5.99384,6.53944,5.879e-04,0.636,0.280,26657
469,6.25487,6.53944,5.878e-04,0.575,0.219,26337
470,6.08525,6.53944,5.877e-04,0.602,0.232,26355
471,6.19286,6.53944,5.876e-04,0.539,0.192,26208
472,6.09652,6.53944,5.875e-04,0.503,0.182,26615
473,6.12629,6.53944,5.874e-04,0.538,0.206,26410
474,6.16434,6.53944,5.873e-04,0.497,0.193,26075
475,6.15099,6.53944,5.872e-04,0.578,0.232,26333
476,6.13635,6.53944,5.872e-04,0.571,0.202,26526
477,6.00743,6.53944,5.871e-04,0.523,0.200,26549
478,5.98165,6.53944,5.870e-04,0.592,0.230,26239
479,6.04262,6.53944,5.869e-04,0.453,0.155,25986
480,6.25850,6.53944,5.868e-04,0.506,0.168,26657
481,5.98619,6.53944,5.867e-04,0.517,0.210,26276
482,6.07283,6.53944,5.866e-04,0.526,0.205,26912
483,6.24971,6.53944,5.865e-04,0.461,0.155,25863
484,6.27702,6.53944,5.864e-04,0.415,0.135,26370
485,6.17230,6.53944,5.863e-04,0.530,0.183,26865
486,6.02156,6.53944,5.862e-04,0.442,0.161,26160
487,6.04390,6.53944,5.861e-04,0.455,0.165,26137
488,6.16498,6.53944,5.860e-04,0.497,0.194,26244
489,6.24978,6.53944,5.859e-04,0.437,0.140,27268
490,6.11741,6.53944,5.858e-04,0.584,0.205,26030
491,6.25339,6.53944,5.857e-04,0.491,0.168,26054
492,6.09768,6.53944,5.856e-04,0.519,0.193,26218
493,6.12276,6.53944,5.855e-04,0.560,0.218,26826
494,6.12979,6.53944,5.854e-04,0.505,0.200,26451
495,6.44901,6.53944,5.853e-04,0.575,0.201,26232
496,6.13040,6.53944,5.852e-04,0.563,0.216,26145
497,6.13571,6.53944,5.851e-04,0.484,0.160,26634
498,6.06360,6.53944,5.850e-04,0.496,0.195,26438
499,6.02107,6.53944,5.849e-04,0.513,0.204,26000
500,6.15613,6.01247,5.848e-04,0.513,0.175,7944
501,6.14130,6.01247,5.847e-04,0.578,0.170,27275
502,5.94828,6.01247,5.846e-04,0.600,0.270,26683
503,6.02066,6.01247,5.845e-04,0.677,0.321,26075
504,6.01395,6.01247,5.844e-04,0.517,0.215,26208
505,5.96292,6.01247,5.843e-04,0.496,0.184,26232
506,6.11791,6.01247,5.842e-04,0.509,0.162,26844
507,6.12027,6.01247,5.841e-04,0.474,0.160,26319
508,6.08345,6.01247,5.840e-04,0.473,0.169,26397
509,6.03734,6.01247,5.839e-04,0.432,0.143,26161
510,6.15164,6.01247,5.838e-04,0.483,0.170,27277
511,5.86909,6.01247,5.837e-04,0.527,0.216,25913
512,5.96647,6.01247,5.836e-04,0.524,0.196,26196
513,5.88684,6.01247,5.835e-04,0.530,0.150,26147
514,6.06639,6.01247,5.834e-04,0.476,0.170,26673
515,6.02018,6.01247,5.833e-04,0.473,0.156,26414
516,6.02047,6.01247,5.832e-04,0.469,0.168,26227
517,6.00713,6.01247,5.831e-04,0.441,0.157,26221
518,5.97617,6.01247,5.830e-04,0.473,0.165,26652
519,6.01408,6.01247,5.829e-04,0.470,0.184,26484
520,6.03819,6.01247,5.828e-04,0.545,0.189,26227
521,6.14105,6.01247,5.827e-04,0.583,0.225,26495
522,5.87874,6.01247,5.826e-04,0.520,0.183,26487
523,5.97064,6.01247,5.825e-04,0.530,0.204,26606
524,6.10979,6.01247,5.824e-04,0.494,0.181,26124
525,6.00636,6.01247,5.822e-04,0.505,0.186,26038
526,5.92535,6.01247,5.821e-04,0.527,0.210,26575
527,5.95985,6.01247,5.820e-04,0.510,0.208,26782
528,5.97157,6.01247,5.819e-04,0.486,0.186,26112
529,6.01576,6.01247,5.818e-04,0.465,0.160,26182
530,5.99823,6.01247,5.817e-04,0.517,0.198,26369
531,5.93251,6.01247,5.816e-04,0.463,0.171,27103
532,6.00009,6.01247,5.815e-04,0.498,0.189,26012
533,6.00632,6.01247,5.814e-04,0.487,0.167,26380
534,6.08231,6.01247,5.813e-04,0.464,0.178,26175
535,5.85024,6.01247,5.812e-04,0.480,0.166,26834
536,6.04881,6.01247,5.810e-04,0.469,0.165,26321
537,6.05402,6.01247,5.809e-04,0.477,0.165,26158
538,5.88188,6.01247,5.808e-04,0.486,0.169,25995
539,6.09464,6.01247,5.807e-04,0.528,0.181,26961
540,5.97218,6.01247,5.806e-04,0.563,0.220,26363
541,5.99458,6.01247,5.805e-04,0.535,0.175,26548
542,5.93435,6.01247,5.804e-04,0.487,0.182,26343
543,5.93590,6.01247,5.803e-04,0.594,0.231,26620
544,5.99825,6.01247,5.801e-04,0.428,0.151,26352
545,6.01319,6.01247,5.800e-04,0.568,0.195,26115
546,6.17659,6.01247,5.799e-04,0.900,0.296,26194
547,6.19397,6.01247,5.798e-04,0.674,0.239,26642
548,6.06899,6.01247,5.797e-04,0.547,0.187,26394
549,5.91978,6.01247,5.796e-04,0.484,0.199,26250
550,5.96196,6.01247,5.794e-04,0.479,0.183,26633
551,5.95531,6.01247,5.793e-04,0.551,0.202,26622
552,5.90897,6.01247,5.792e-04,0.494,0.192,27250
553,5.78830,6.01247,5.791e-04,0.549,0.225,26273
554,6.06426,6.01247,5.790e-04,0.479,0.175,26230
555,5.98551,6.01247,5.789e-04,0.556,0.215,26328
556,6.04766,6.01247,5.787e-04,0.480,0.177,26904
557,5.93753,6.01247,5.786e-04,0.500,0.181,26255
558,5.86022,6.01247,5.785e-04,0.514,0.172,26174
559,5.98361,6.01247,5.784e-04,0.540,0.228,26164
560,5.88744,6.01247,5.783e-04,0.507,0.189,27007
561,6.02320,6.01247,5.782e-04,0.527,0.212,26454
562,5.86828,6.01247,5.780e-04,0.679,0.307,26549
563,5.93639,6.01247,5.779e-04,0.546,0.193,26002
564,6.05338,6.01247,5.778e-04,0.516,0.177,26782
565,5.83174,6.01247,5.777e-04,0.531,0.196,26189
566,5.91120,6.01247,5.776e-04,0.510,0.191,26212
567,5.95578,6.01247,5.774e-04,0.462,0.150,26243
568,5.83465,6.01247,5.773e-04,0.438,0.142,26692
569,6.02650,6.01247,5.772e-04,0.483,0.165,26659
570,5.90848,6.01247,5.771e-04,0.488,0.176,26245
571,5.91289,6.01247,5.769e-04,0.607,0.238,26447
572,5.98707,6.01247,5.768e-04,0.524,0.194,26566
573,6.06579,6.01247,5.767e-04,0.535,0.191,26405
574,6.01487,6.01247,5.766e-04,0.549,0.180,26872
575,5.79653,6.01247,5.765e-04,0.695,0.279,26423
576,5.99946,6.01247,5.763e-04,0.575,0.179,26214
577,5.80674,6.01247,5.762e-04,0.723,0.291,26803
578,5.91304,6.01247,5.761e-04,0.537,0.191,25910
579,5.96152,6.01247,5.760e-04,0.578,0.189,25913
580,5.98698,6.01247,5.758e-04,0.481,0.157,26284
581,5.92611,6.01247,5.757e-04,0.535,0.181,26382
582,5.73270,6.01247,5.756e-04,0.520,0.175,26746
583,6.04480,6.01247,5.755e-04,0.532,0.159,26277
584,5.78153,6.01247,5.753e-04,0.610,0.223,26327
585,5.91341,6.01247,5.752e-04,0.498,0.177,26915
586,5.93823,6.01247,5.751e-04,0.599,0.211,26160
587,5.86946,6.01247,5.749e-04,0.476,0.149,26195
588,5.98090,6.01247,5.748e-04,0.513,0.177,26091
589,5.97707,6.01247,5.747e-04,0.474,0.148,26677
590,6.12958,6.01247,5.746e-04,0.592,0.172,26113
591,5.98471,6.01247,5.744e-04,0.495,0.171,26236
592,6.09725,6.01247,5.743e-04,0.525,0.153,26129
593,6.04912,6.01247,5.742e-04,0.573,0.200,26676
594,5.91461,6.01247,5.740e-04,0.437,0.141,26130
595,5.81347,6.01247,5.739e-04,0.548,0.204,26576
596,5.92971,6.01247,5.738e-04,0.442,0.150,26149
597,5.85816,6.01247,5.737e-04,0.540,0.191,26745
598,5.93537,6.01247,5.735e-04,0.475,0.154,26345
599,5.94368,6.01247,5.734e-04,0.601,0.203,26023
600,5.86760,6.01247,5.733e-04,0.548,0.217,26529
601,5.83619,6.01247,5.731e-04,0.495,0.185,26548
602,6.04500,6.01247,5.730e-04,0.494,0.174,26922
603,6.08674,6.01247,5.729e-04,0.591,0.203,26316
604,5.93396,6.01247,5.727e-04,0.533,0.181,26253
605,5.90330,6.01247,5.726e-04,0.548,0.185,26300
606,5.99365,6.01247,5.725e-04,0.463,0.155,26599
607,5.99767,6.01247,5.723e-04,0.598,0.193,26217
608,5.88046,6.01247,5.722e-04,0.555,0.165,26149
609,5.99468,6.01247,5.721e-04,0.555,0.174,26462
610,5.92107,6.01247,5.719e-04,0.507,0.164,26629
611,5.92280,6.01247,5.718e-04,0.598,0.190,26412
612,5.93816,6.01247,5.717e-04,0.619,0.237,26171
613,6.15102,6.01247,5.715e-04,0.609,0.193,26406
614,5.98092,6.01247,5.714e-04,0.494,0.151,27368
615,5.96453,6.01247,5.713e-04,0.503,0.150,26057
616,6.00590,6.01247,5.711e-04,0.490,0.147,26325
617,5.99470,6.01247,5.710e-04,0.525,0.182,26055
618,5.87943,6.01247,5.708e-04,0.459,0.159,26781
619,5.83871,6.01247,5.707e-04,0.454,0.149,26363
620,5.89684,6.01247,5.706e-04,0.457,0.160,26296
621,5.83230,6.01247,5.704e-04,0.513,0.174,26701
622,5.75235,6.01247,5.703e-04,0.487,0.165,26477
623,6.00885,6.01247,5.702e-04,0.532,0.168,26535
624,5.74905,6.01247,5.700e-04,0.463,0.156,26023
625,5.85593,6.01247,5.699e-04,0.514,0.173,26146
626,5.63932,6.01247,5.697e-04,0.664,0.213,26667
627,5.82892,6.01247,5.696e-04,0.598,0.200,26593
628,5.75451,6.01247,5.695e-04,0.452,0.164,26266
629,5.97488,6.01247,5.693e-04,0.547,0.199,26146
630,5.91981,6.01247,5.692e-04,0.511,0.146,26376
631,5.90430,6.01247,5.690e-04,0.623,0.209,26482
632,5.71850,6.01247,5.689e-04,0.603,0.241,26262
633,5.75744,6.01247,5.688e-04,0.549,0.193,26333
634,5.73781,6.01247,5.686e-04,0.570,0.206,26201
635,5.80170,6.01247,5.685e-04,0.527,0.170,26919
636,5.95981,6.01247,5.683e-04,0.570,0.187,26232
637,5.74808,6.01247,5.682e-04,0.461,0.152,26669
638,5.77230,6.01247,5.680e-04,0.570,0.180,26476
639,5.95833,6.01247,5.679e-04,0.472,0.161,26813
640,5.88037,6.01247,5.678e-04,0.568,0.172,26223
641,5.94094,6.01247,5.676e-04,0.646,0.192,26521
642,5.71031,6.01247,5.675e-04,0.785,0.334,26263
643,5.86628,6.01247,5.673e-04,0.688,0.231,26704
644,5.86846,6.01247,5.672e-04,0.557,0.188,26495
645,5.84529,6.01247,5.670e-04,0.547,0.166,26235
646,5.84446,6.01247,5.669e-04,0.610,0.226,26276
647,5.62524,6.01247,5.667e-04,0.581,0.183,26690
648,5.83240,6.01247,5.666e-04,0.520,0.182,26427
649,5.90544,6.01247,5.665e-04,0.618,0.197,26025
650,5.89304,6.01247,5.663e-04,0.506,0.153,26139
651,5.83596,6.01247,5.662e-04,0.608,0.213,26696
652,6.04496,6.01247,5.660e-04,0.497,0.137,26446
653,5.80401,6.01247,5.659e-04,0.539,0.187,26416
654,5.71064,6.01247,5.657e-04,0.543,0.190,26081
655,5.68551,6.01247,5.656e-04,0.587,0.185,26628
656,5.83776,6.01247,5.654e-04,0.511,0.167,26508
657,5.90588,6.01247,5.653e-04,0.547,0.160,26278
658,5.83659,6.01247,5.651e-04,0.508,0.157,26255
659,5.97304,6.01247,5.650e-04,0.499,0.155,26536
660,5.75260,6.01247,5.648e-04,0.552,0.177,26625
661,5.75862,6.01247,5.647e-04,0.503,0.166,26548
662,5.92665,6.01247,5.645e-04,0.553,0.163,26718
663,5.89077,6.01247,5.644e-04,0.519,0.154,26086
664,5.96677,6.01247,5.642e-04,0.510,0.155,26618
665,5.97806,6.01247,5.641e-04,0.479,0.149,26176
666,5.71431,6.01247,5.639e-04,0.533,0.165,26328
667,5.89501,6.01247,5.638e-04,0.528,0.161,26239
668,5.77340,6.01247,5.636e-04,0.480,0.152,26765
669,5.91785,6.01247,5.635e-04,0.568,0.168,26292
670,5.71501,6.01247,5.633e-04,0.565,0.198,26156
671,5.81325,6.01247,5.632e-04,0.499,0.164,26120
672,5.91523,6.01247,5.630e-04,0.503,0.161,26926
673,5.92206,6.01247,5.629e-04,0.502,0.173,26231
674,5.86793,6.01247,5.627e-04,0.584,0.197,26345
675,5.82495,6.01247,5.626e-04,0.530,0.159,26182
676,5.74424,6.01247,5.624e-04,0.551,0.180,26651
677,5.92159,6.01247,5.622e-04,0.527,0.154,26388
678,5.86952,6.01247,5.621e-04,0.615,0.196,26442
679,5.79652,6.01247,5.619e-04,0.528,0.174,26149
680,5.85998,6.01247,5.618e-04,0.578,0.181,27155
681,5.74165,6.01247,5.616e-04,0.594,0.211,26699
682,5.87280,6.01247,5.615e-04,0.706,0.225,26685
683,5.75255,6.01247,5.613e-04,0.526,0.148,26066
684,5.88088,6.01247,5.612e-04,0.618,0.192,26354
685,5.77509,6.01247,5.610e-04,0.518,0.151,26752
686,5.80455,6.01247,5.608e-04,0.530,0.166,26245
687,5.59959,6.01247,5.607e-04,0.518,0.162,26085
688,5.81859,6.01247,5.605e-04,0.564,0.179,26200
689,5.77080,6.01247,5.604e-04,0.524,0.158,26764
690,5.94948,6.01247,5.602e-04,0.498,0.139,26158
691,5.60764,6.01247,5.601e-04,0.505,0.154,26207
692,6.05706,6.01247,5.599e-04,0.520,0.139,26456
693,5.68099,6.01247,5.597e-04,0.584,0.191,26890
694,5.81686,6.01247,5.596e-04,0.536,0.161,26170
695,6.01523,6.01247,5.594e-04,0.601,0.167,26164
696,5.70569,6.01247,5.593e-04,0.522,0.173,26178
697,5.80375,6.01247,5.591e-04,0.601,0.184,26778
698,5.90499,6.01247,5.589e-04,0.490,0.131,26309
699,5.83066,6.01247,5.588e-04,0.504,0.155,25999
700,5.91115,6.01247,5.586e-04,0.548,0.152,26101
701,5.72224,6.01247,5.585e-04,0.500,0.169,26254
702,5.60404,6.01247,5.583e-04,0.593,0.210,27122
703,5.77749,6.01247,5.581e-04,0.504,0.147,26246
704,5.74423,6.01247,5.580e-04,0.600,0.206,26155
705,5.80778,6.01247,5.578e-04,0.472,0.147,26590
706,5.83253,6.01247,5.576e-04,0.531,0.184,26503
707,5.80081,6.01247,5.575e-04,0.513,0.155,25876
708,5.89994,6.01247,5.573e-04,0.497,0.142,26262
709,5.74067,6.01247,5.572e-04,0.527,0.160,26674
710,5.61965,6.01247,5.570e-04,0.515,0.163,26313
711,5.74530,6.01247,5.568e-04,0.535,0.173,26052
712,5.64022,6.01247,5.567e-04,0.513,0.169,26206
713,5.71370,6.01247,5.565e-04,0.515,0.156,26787
714,5.65409,6.01247,5.563e-04,0.516,0.163,26487
715,5.57621,6.01247,5.562e-04,0.582,0.183,26034
716,5.57406,6.01247,5.560e-04,0.535,0.193,26160
717,5.82056,6.01247,5.558e-04,0.514,0.159,26443
718,5.61187,6.01247,5.557e-04,0.575,0.215,26529
719,5.87508,6.01247,5.555e-04,0.588,0.180,26211
720,5.72231,6.01247,5.553e-04,0.515,0.177,26715
721,5.65471,6.01247,5.552e-04,0.632,0.218,26746
722,5.68855,6.01247,5.550e-04,0.555,0.169,27212
723,5.82874,6.01247,5.548e-04,0.581,0.190,26089
724,5.75753,6.01247,5.547e-04,0.591,0.199,26179
725,5.80508,6.01247,5.545e-04,0.733,0.196,26263
726,5.68454,6.01247,5.543e-04,0.580,0.175,26925
727,5.84058,6.01247,5.542e-04,0.694,0.176,26093
728,6.05979,6.01247,5.540e-04,0.775,0.257,26504
729,5.79350,6.01247,5.538e-04,0.642,0.203,26211
730,5.63491,6.01247,5.537e-04,0.636,0.222,26764
731,5.73727,6.01247,5.535e-04,0.638,0.184,26365
732,5.80216,6.01247,5.533e-04,0.590,0.163,26142
733,5.71315,6.01247,5.531e-04,0.645,0.206,26396
734,5.88616,6.01247,5.530e-04,0.545,0.165,26669
735,5.83974,6.01247,5.528e-04,0.555,0.180,26461
736,5.77240,6.01247,5.526e-04,0.514,0.149,25977
737,5.54202,6.01247,5.525e-04,0.696,0.178,26392
738,5.76962,6.01247,5.523e-04,0.554,0.172,26480
739,5.76805,6.01247,5.521e-04,0.532,0.146,26608
740,5.71562,6.01247,5.519e-04,0.494,0.150,26193
741,5.76088,6.01247,5.518e-04,0.498,0.143,26525
742,5.75596,6.01247,5.516e-04,0.533,0.149,26570
743,5.77025,6.01247,5.514e-04,0.611,0.181,26450
744,5.60621,6.01247,5.512e-04,0.522,0.156,26948
745,5.66727,6.01247,5.511e-04,0.548,0.180,26027
746,5.78135,6.01247,5.509e-04,0.527,0.142,26244
747,5.90542,6.01247,5.507e-04,0.561,0.161,26696
748,5.75068,6.01247,5.506e-04,0.594,0.189,26261
749,5.73874,6.01247,5.504e-04,0.566,0.170,26447
750,5.95327,5.67523,5.502e-04,0.473,0.133,7896
751,5.77004,5.67523,5.500e-04,0.556,0.184,26799
752,5.75195,5.67523,5.499e-04,0.521,0.152,27024
753,5.76223,5.67523,5.497e-04,0.528,0.155,26192
754,5.63609,5.67523,5.495e-04,0.560,0.172,26189
755,5.55142,5.67523,5.493e-04,0.538,0.161,26481
756,5.72148,5.67523,5.491e-04,0.503,0.145,26581
757,5.60268,5.67523,5.490e-04,0.633,0.192,26148
758,5.79852,5.67523,5.488e-04,0.700,0.207,26215
759,5.71761,5.67523,5.486e-04,0.619,0.146,26497
760,5.73021,5.67523,5.484e-04,0.643,0.183,26821
761,5.72161,5.67523,5.483e-04,0.575,0.162,26532
762,5.99877,5.67523,5.481e-04,0.593,0.151,26740
763,5.55820,5.67523,5.479e-04,0.675,0.232,26249
764,5.51516,5.67523,5.477e-04,0.681,0.257,26900
765,5.72582,5.67523,5.475e-04,0.508,0.151,26147
766,5.69442,5.67523,5.474e-04,0.592,0.218,26332
767,5.77700,5.67523,5.472e-04,0.545,0.150,26097
768,5.72284,5.67523,5.470e-04,0.552,0.181,26723
769,5.53437,5.67523,5.468e-04,0.526,0.157,26329
770,5.57224,5.67523,5.466e-04,0.572,0.164,26301
771,5.83753,5.67523,5.465e-04,0.483,0.132,26336
772,5.74117,5.67523,5.463e-04,0.499,0.142,26548
773,5.75588,5.67523,5.461e-04,0.540,0.159,26409
774,5.56536,5.67523,5.459e-04,0.594,0.182,26351
775,5.72864,5.67523,5.457e-04,0.509,0.153,26321
776,5.79814,5.67523,5.456e-04,0.561,0.139,26459
777,5.59633,5.67523,5.454e-04,0.647,0.185,26504
778,5.60478,5.67523,5.452e-04,0.576,0.147,26225
779,5.74687,5.67523,5.450e-04,0.578,0.142,26207
780,5.77619,5.67523,5.448e-04,0.577,0.151,26509
781,5.69832,5.67523,5.446e-04,0.567,0.156,26453
782,5.57010,5.67523,5.445e-04,0.604,0.178,26969
783,5.64456,5.67523,5.443e-04,0.507,0.129,26125
784,5.77405,5.67523,5.441e-04,0.559,0.164,26443
785,5.49765,5.67523,5.439e-04,0.548,0.174,26607
786,5.67339,5.67523,5.437e-04,0.554,0.157,26355
787,5.76569,5.67523,5.435e-04,0.472,0.137,26278
788,5.65023,5.67523,5.433e-04,0.577,0.181,26302
789,5.81970,5.67523,5.432e-04,0.503,0.151,26809
790,5.69024,5.67523,5.430e-04,0.564,0.172,26120
791,5.81017,5.67523,5.428e-04,0.539,0.163,26360
792,5.55975,5.67523,5.426e-04,0.628,0.203,26319
793,5.78570,5.67523,5.424e-04,0.551,0.153,26817
794,5.62254,5.67523,5.422e-04,0.610,0.186,26515
795,5.97670,5.67523,5.420e-04,0.651,0.170,26379
796,5.85893,5.67523,5.418e-04,0.745,0.179,26217
797,5.62765,5.67523,5.417e-04,0.522,0.145,26671
798,5.65489,5.67523,5.415e-04,0.574,0.136,26374
799,5.79091,5.67523,5.413e-04,0.588,0.166,26160
800,5.68939,5.67523,5.411e-04,0.594,0.157,26240
801,5.68505,5.67523,5.409e-04,0.560,0.158,26458
802,5.80401,5.67523,5.407e-04,0.556,0.152,26951
803,5.64160,5.67523,5.405e-04,0.558,0.178,26433
804,5.46373,5.67523,5.403e-04,0.510,0.146,26350
805,5.71995,5.67523,5.401e-04,0.624,0.165,26999
806,5.74271,5.67523,5.400e-04,0.541,0.160,26736
807,5.61874,5.67523,5.398e-04,0.566,0.167,26090
808,5.59527,5.67523,5.396e-04,0.513,0.163,26209
809,5.63748,5.67523,5.394e-04,0.589,0.185,26452
810,5.59195,5.67523,5.392e-04,0.547,0.174,26788
811,5.69660,5.67523,5.390e-04,0.574,0.152,26226
812,5.70920,5.67523,5.388e-04,0.533,0.166,26320
813,5.60023,5.67523,5.386e-04,0.543,0.162,26324
814,5.74954,5.67523,5.384e-04,0.510,0.145,26880
815,5.83147,5.67523,5.382e-04,0.658,0.186,26323
816,5.74635,5.67523,5.380e-04,0.509,0.142,26210
817,5.56497,5.67523,5.378e-04,0.655,0.191,26198
818,5.58966,5.67523,5.377e-04,0.532,0.159,26505
819,5.69054,5.67523,5.375e-04,0.533,0.147,26294
820,5.78751,5.67523,5.373e-04,0.514,0.131,26358
821,5.67190,5.67523,5.371e-04,0.467,0.126,26680
822,5.67789,5.67523,5.369e-04,0.541,0.157,26628
823,5.72992,5.67523,5.367e-04,0.489,0.129,26487
824,5.56995,5.67523,5.365e-04,0.539,0.147,26268
825,5.70742,5.67523,5.363e-04,0.506,0.138,26382
826,5.65623,5.67523,5.361e-04,0.506,0.152,26761
827,5.80881,5.67523,5.359e-04,0.647,0.151,26349
828,5.65062,5.67523,5.357e-04,0.734,0.212,26467
829,5.68862,5.67523,5.355e-04,0.557,0.155,26215
830,5.71532,5.67523,5.353e-04,0.566,0.156,26432
831,5.70819,5.67523,5.351e-04,0.570,0.150,26694
832,5.77026,5.67523,5.349e-04,0.669,0.168,26241
833,5.68723,5.67523,5.347e-04,0.657,0.186,26162
834,5.75635,5.67523,5.345e-04,0.593,0.149,26251
835,5.66782,5.67523,5.343e-04,0.559,0.156,26653
836,5.72467,5.67523,5.341e-04,0.522,0.146,26228
837,5.63091,5.67523,5.339e-04,0.536,0.153,26295
838,5.57529,5.67523,5.337e-04,0.612,0.166,26290
839,5.81971,5.67523,5.335e-04,0.605,0.143,26998
840,5.41786,5.67523,5.333e-04,0.637,0.214,26405
841,5.58221,5.67523,5.331e-04,0.555,0.154,26184
842,5.68682,5.67523,5.329e-04,0.541,0.137,26232
843,5.66597,5.67523,5.327e-04,0.576,0.165,26610
844,5.67010,5.67523,5.325e-04,0.512,0.142,26468
845,5.47728,5.67523,5.323e-04,0.522,0.151,26514
846,5.59573,5.67523,5.321e-04,0.546,0.162,26565
847,5.64674,5.67523,5.319e-04,0.573,0.147,26580
848,5.76770,5.67523,5.317e-04,0.516,0.134,26555
849,5.63957,5.67523,5.315e-04,0.594,0.156,26471
850,5.61200,5.67523,5.313e-04,0.574,0.171,26246
851,5.55179,5.67523,5.311e-04,0.624,0.166,26481
852,5.71575,5.67523,5.309e-04,0.529,0.143,26582
853,5.62289,5.67523,5.307e-04,0.578,0.157,26208
854,5.66353,5.67523,5.305e-04,0.530,0.143,26158
855,5.57153,5.67523,5.303e-04,0.550,0.158,26397
856,5.54302,5.67523,5.301e-04,0.521,0.145,26735
857,5.72679,5.67523,5.299e-04,0.552,0.155,26023
858,5.68275,5.67523,5.297e-04,0.505,0.139,26062
859,5.64839,5.67523,5.295e-04,0.536,0.133,26532
860,5.64499,5.67523,5.293e-04,0.585,0.154,26815
861,5.68560,5.67523,5.291e-04,0.530,0.161,26531
862,5.48483,5.67523,5.289e-04,0.510,0.151,26344
863,5.33017,5.67523,5.287e-04,0.621,0.205,26260
864,5.40252,5.67523,5.285e-04,0.589,0.168,26707
865,5.50649,5.67523,5.283e-04,0.577,0.186,25844
866,5.60180,5.67523,5.281e-04,0.544,0.145,26159
867,5.57380,5.67523,5.279e-04,0.535,0.158,26161
868,5.56259,5.67523,5.276e-04,0.548,0.147,26759
869,5.59781,5.67523,5.274e-04,0.545,0.157,26617
870,5.69243,5.67523,5.272e-04,0.542,0.136,26364
871,5.60508,5.67523,5.270e-04,0.512,0.136,26218
872,5.66706,5.67523,5.268e-04,0.533,0.150,26500
873,5.76468,5.67523,5.266e-04,0.571,0.148,26242
874,5.50220,5.67523,5.264e-04,0.650,0.218,26164
875,5.59684,5.67523,5.262e-04,0.626,0.184,26174
876,5.67148,5.67523,5.260e-04,0.666,0.201,26587
877,5.46102,5.67523,5.258e-04,0.635,0.197,26192
878,5.51316,5.67523,5.256e-04,0.578,0.164,26021
879,5.75704,5.67523,5.254e-04,0.682,0.169,26384
880,5.48602,5.67523,5.252e-04,0.576,0.179,26471
881,5.87560,5.67523,5.249e-04,0.570,0.152,26562
882,5.46483,5.67523,5.247e-04,0.724,0.242,26752
883,5.49709,5.67523,5.245e-04,0.580,0.173,26196
884,5.41641,5.67523,5.243e-04,0.541,0.167,26533
885,5.70645,5.67523,5.241e-04,0.601,0.157,26386
886,5.68499,5.67523,5.239e-04,0.550,0.154,25969
887,5.57908,5.67523,5.237e-04,0.652,0.182,26220
888,5.69141,5.67523,5.235e-04,0.554,0.152,26587
889,5.51971,5.67523,5.233e-04,0.570,0.164,26359
890,5.65707,5.67523,5.230e-04,0.543,0.144,26319
891,5.68300,5.67523,5.228e-04,0.545,0.136,26276
892,5.74983,5.67523,5.226e-04,0.565,0.128,26532
893,5.61289,5.67523,5.224e-04,0.557,0.134,26475
894,5.45557,5.67523,5.222e-04,0.546,0.140,26074
895,5.62842,5.67523,5.220e-04,0.566,0.134,26156
896,5.50463,5.67523,5.218e-04,0.564,0.166,26285
897,5.57618,5.67523,5.216e-04,0.553,0.137,26893
898,5.37792,5.67523,5.213e-04,0.569,0.176,25857
899,5.50795,5.67523,5.211e-04,0.593,0.162,26158
900,5.63527,5.67523,5.209e-04,0.551,0.137,26264
901,5.64954,5.67523,5.207e-04,0.518,0.127,26237
902,5.63172,5.67523,5.205e-04,0.557,0.142,26705
903,5.62243,5.67523,5.203e-04,0.545,0.145,26231
904,5.67876,5.67523,5.201e-04,0.629,0.162,26136
905,5.44404,5.67523,5.198e-04,0.578,0.160,26796
906,5.46399,5.67523,5.196e-04,0.599,0.151,26212
907,5.52880,5.67523,5.194e-04,0.603,0.179,26382
908,5.46532,5.67523,5.192e-04,0.543,0.150,26203
909,5.59186,5.67523,5.190e-04,0.599,0.157,27356
910,5.51354,5.67523,5.188e-04,0.596,0.151,26191
911,5.55640,5.67523,5.185e-04,0.551,0.145,26077
912,5.55600,5.67523,5.183e-04,0.651,0.163,26239
913,5.59717,5.67523,5.181e-04,0.591,0.163,26731
914,5.66926,5.67523,5.179e-04,0.590,0.153,26245
915,5.71576,5.67523,5.177e-04,0.647,0.152,26311
916,5.52288,5.67523,5.175e-04,0.727,0.199,26245
917,5.53151,5.67523,5.172e-04,0.567,0.129,26665
918,5.48839,5.67523,5.170e-04,0.608,0.158,26398
919,5.58984,5.67523,5.168e-04,0.556,0.145,26164
920,5.52736,5.67523,5.166e-04,0.576,0.139,26378
921,5.54004,5.67523,5.164e-04,0.588,0.150,26544
922,5.59456,5.67523,5.161e-04,0.696,0.177,27046
923,5.38506,5.67523,5.159e-04,0.622,0.155,26188
924,5.64297,5.67523,5.157e-04,0.577,0.154,26157
925,5.50280,5.67523,5.155e-04,0.586,0.162,26306
926,5.49932,5.67523,5.153e-04,0.511,0.136,26587
927,5.52786,5.67523,5.150e-04,0.613,0.175,26271
928,5.54669,5.67523,5.148e-04,0.648,0.170,26203
929,5.48331,5.67523,5.146e-04,0.521,0.130,26464
930,5.52509,5.67523,5.144e-04,0.611,0.149,26882
931,5.51132,5.67523,5.142e-04,0.501,0.136,26143
932,5.52311,5.67523,5.139e-04,0.590,0.147,26635
933,5.60543,5.67523,5.137e-04,0.533,0.126,26429
934,5.63294,5.67523,5.135e-04,0.566,0.132,26755
935,5.39962,5.67523,5.133e-04,0.638,0.170,26521
936,5.34271,5.67523,5.131e-04,0.640,0.153,26213
937,5.59147,5.67523,5.128e-04,0.604,0.155,26198
938,5.60214,5.67523,5.126e-04,0.542,0.132,26686
939,5.57987,5.67523,5.124e-04,0.656,0.172,26262
940,5.56268,5.67523,5.122e-04,0.563,0.146,26226
941,5.50634,5.67523,5.119e-04,0.548,0.134,26840
942,5.53729,5.67523,5.117e-04,0.605,0.160,26677
943,5.57970,5.67523,5.115e-04,0.618,0.145,26483
944,5.77260,5.67523,5.113e-04,0.660,0.155,26177
945,5.53283,5.67523,5.110e-04,0.647,0.161,26165
946,5.60700,5.67523,5.108e-04,0.540,0.134,26413
947,5.60376,5.67523,5.106e-04,0.597,0.143,26560
948,5.62928,5.67523,5.104e-04,0.644,0.143,26312
949,5.41793,5.67523,5.101e-04,0.604,0.172,26021
950,5.55773,5.67523,5.099e-04,0.543,0.133,26431
951,5.64552,5.67523,5.097e-04,0.582,0.150,26527
952,5.63395,5.67523,5.095e-04,0.590,0.143,26273
953,5.61969,5.67523,5.092e-04,0.583,0.140,26195
954,5.62972,5.67523,5.090e-04,0.635,0.147,26652
955,5.70491,5.67523,5.088e-04,0.653,0.185,26656
956,5.60724,5.67523,5.086e-04,0.673,0.176,26298
957,5.52546,5.67523,5.083e-04,0.619,0.170,26382
958,5.55657,5.67523,5.081e-04,0.649,0.165,26377
959,5.54436,5.67523,5.079e-04,0.642,0.164,26849
960,5.43010,5.67523,5.076e-04,0.678,0.167,26141
961,5.85652,5.67523,5.074e-04,0.694,0.180,26484
962,5.50460,5.67523,5.072e-04,0.686,0.166,26394
963,5.58279,5.67523,5.070e-04,0.619,0.151,26517
964,5.55196,5.67523,5.067e-04,0.569,0.143,26337
965,5.61863,5.67523,5.065e-04,0.639,0.154,26223
966,5.49437,5.67523,5.063e-04,0.603,0.167,26331
967,5.55599,5.67523,5.060e-04,0.573,0.144,26814
968,5.49561,5.67523,5.058e-04,0.602,0.173,26552
969,5.51113,5.67523,5.056e-04,0.598,0.144,26148
970,5.42709,5.67523,5.054e-04,0.596,0.150,26225
971,5.60461,5.67523,5.051e-04,0.570,0.139,26379
972,5.72070,5.67523,5.049e-04,0.603,0.172,26684
973,5.43064,5.67523,5.047e-04,0.626,0.161,26706
974,5.46309,5.67523,5.044e-04,0.605,0.166,26254
975,5.56043,5.67523,5.042e-04,0.544,0.134,26445
976,5.65476,5.67523,5.040e-04,0.606,0.164,26780
977,5.57163,5.67523,5.037e-04,0.633,0.143,26213
978,5.40670,5.67523,5.035e-04,0.617,0.202,26038
979,5.62379,5.67523,5.033e-04,0.650,0.143,26372
980,5.43876,5.67523,5.030e-04,0.580,0.154,26718
981,5.39777,5.67523,5.028e-04,0.611,0.151,26655
982,5.35181,5.67523,5.026e-04,0.579,0.175,26617
983,5.63737,5.67523,5.023e-04,0.629,0.131,26041
984,5.48589,5.67523,5.021e-04,0.553,0.139,26796
985,5.52203,5.67523,5.019e-04,0.608,0.143,26165
986,5.43660,5.67523,5.016e-04,0.584,0.138,26218
987,5.42891,5.67523,5.014e-04,0.637,0.158,26102
988,5.50807,5.67523,5.012e-04,0.629,0.168,26837
989,5.53049,5.67523,5.009e-04,0.612,0.161,26230
990,5.67907,5.67523,5.007e-04,0.561,0.128,26225
991,5.50741,5.67523,5.005e-04,0.538,0.131,26074
992,5.48256,5.67523,5.002e-04,0.527,0.145,26521
993,5.34685,5.67523,5.000e-04,0.569,0.157,26367
994,5.44864,5.67523,4.998e-04,0.565,0.133,26516
995,5.59654,5.67523,4.995e-04,0.617,0.154,26257
996,5.37116,5.67523,4.993e-04,0.545,0.134,27174
997,5.40811,5.67523,4.991e-04,0.580,0.144,26448
998,5.39381,5.67523,4.988e-04,0.591,0.148,26125
999,5.42938,5.67523,4.986e-04,0.526,0.143,26440
1000,5.50216,5.45636,4.983e-04,0.591,0.135,7969
1001,5.46687,5.45636,4.981e-04,0.733,0.226,26794
1002,5.54263,5.45636,4.979e-04,0.579,0.123,27020
1003,5.56236,5.45636,4.976e-04,0.740,0.177,26206
1004,5.40356,5.45636,4.974e-04,0.707,0.158,26179
1005,5.56011,5.45636,4.972e-04,0.677,0.150,26422
1006,5.52639,5.45636,4.969e-04,0.658,0.156,26470
1007,5.37532,5.45636,4.967e-04,0.683,0.177,26177
1008,5.46680,5.45636,4.964e-04,0.586,0.141,26375
1009,5.27044,5.45636,4.962e-04,0.580,0.143,26460
1010,5.42229,5.45636,4.960e-04,0.575,0.134,26468
1011,5.56791,5.45636,4.957e-04,0.578,0.133,26220
1012,5.56331,5.45636,4.955e-04,0.582,0.127,26367
1013,5.50046,5.45636,4.952e-04,0.535,0.131,26502
1014,5.38093,5.45636,4.950e-04,0.574,0.133,26582
1015,5.29062,5.45636,4.948e-04,0.598,0.152,26397
1016,5.33341,5.45636,4.945e-04,0.533,0.128,26220
1017,5.49778,5.45636,4.943e-04,0.607,0.143,26394
1018,5.25645,5.45636,4.940e-04,0.520,0.122,26683
1019,5.46079,5.45636,4.938e-04,0.675,0.161,26184
1020,5.54200,5.45636,4.936e-04,0.568,0.133,26318
1021,5.45918,5.45636,4.933e-04,0.568,0.132,26692
1022,5.45467,5.45636,4.931e-04,0.595,0.136,26676
1023,5.38109,5.45636,4.928e-04,0.550,0.143,26247
1024,5.49135,5.45636,4.926e-04,0.643,0.155,26552
1025,5.36322,5.45636,4.924e-04,0.553,0.126,26386
1026,5.47500,5.45636,4.921e-04,0.679,0.166,26665
1027,5.46234,5.45636,4.919e-04,0.578,0.152,26473
1028,5.35930,5.45636,4.916e-04,0.619,0.157,26280
1029,5.53204,5.45636,4.914e-04,0.581,0.126,26419
1030,5.70167,5.45636,4.911e-04,0.554,0.130,26606
1031,5.56231,5.45636,4.909e-04,0.625,0.160,26507
1032,5.54583,5.45636,4.907e-04,0.546,0.141,26191
1033,5.50800,5.45636,4.904e-04,0.601,0.141,25997
1034,5.35225,5.45636,4.902e-04,0.544,0.137,27093
1035,5.50318,5.45636,4.899e-04,0.568,0.146,26576
1036,5.53135,5.45636,4.897e-04,0.571,0.132,26478
1037,5.39226,5.45636,4.894e-04,0.526,0.125,26015
1038,5.35778,5.45636,4.892e-04,0.611,0.169,26235
1039,5.35645,5.45636,4.889e-04,0.569,0.139,26827
1040,5.50591,5.45636,4.887e-04,0.601,0.140,26140
1041,5.29445,5.45636,4.885e-04,0.568,0.137,26517
1042,5.38599,5.45636,4.882e-04,0.615,0.154,26538
1043,5.33701,5.45636,4.880e-04,0.636,0.146,26696
1044,5.51403,5.45636,4.877e-04,0.642,0.158,26066
1045,5.48707,5.45636,4.875e-04,0.561,0.114,26351
1046,5.47277,5.45636,4.872e-04,0.576,0.135,26319
1047,5.34868,5.45636,4.870e-04,0.609,0.146,26781
1048,5.34556,5.45636,4.867e-04,0.721,0.185,26203
1049,5.40339,5.45636,4.865e-04,0.625,0.149,26162
1050,5.48329,5.45636,4.862e-04,0.587,0.155,26206
1051,5.43880,5.45636,4.860e-04,0.714,0.195,26753
1052,5.36473,5.45636,4.857e-04,0.516,0.129,26464
1053,5.41400,5.45636,4.855e-04,0.616,0.167,25948
1054,5.35786,5.45636,4.853e-04,0.565,0.129,26431
1055,5.39374,5.45636,4.850e-04,0.666,0.179,26869
1056,5.40579,5.45636,4.848e-04,0.629,0.141,26629
1057,5.14872,5.45636,4.845e-04,0.622,0.196,26178
1058,5.57046,5.45636,4.843e-04,0.672,0.154,26390
1059,5.34792,5.45636,4.840e-04,0.713,0.228,26584
1060,5.36832,5.45636,4.838e-04,0.601,0.146,26537
1061,5.49237,5.45636,4.835e-04,0.587,0.175,26632
1062,5.33479,5.45636,4.833e-04,0.551,0.120,26580
1063,5.51564,5.45636,4.830e-04,0.538,0.124,26228
1064,5.49527,5.45636,4.828e-04,0.554,0.118,26599
1065,5.55682,5.45636,4.825e-04,0.536,0.120,26307
1066,5.50021,5.45636,4.823e-04,0.568,0.136,26410
1067,5.45703,5.45636,4.820e-04,0.535,0.110,26195
1068,5.25748,5.45636,4.818e-04,0.591,0.145,26893
1069,5.48035,5.45636,4.815e-04,0.592,0.123,25847
1070,5.33744,5.45636,4.813e-04,0.575,0.134,26295
1071,5.43053,5.45636,4.810e-04,0.559,0.127,26248
1072,5.41277,5.45636,4.808e-04,0.543,0.130,26857
1073,5.46826,5.45636,4.805e-04,0.576,0.119,25956
1074,5.46622,5.45636,4.803e-04,0.722,0.138,26361
1075,5.35495,5.45636,4.800e-04,0.594,0.131,26258
1076,5.34824,5.45636,4.798e-04,0.540,0.121,26949
1077,5.48975,5.45636,4.795e-04,0.565,0.126,26273
1078,5.26292,5.45636,4.792e-04,0.541,0.129,26400
1079,5.51419,5.45636,4.790e-04,0.579,0.118,26595
1080,5.41776,5.45636,4.787e-04,0.599,0.144,26668
1081,5.67874,5.45636,4.785e-04,0.667,0.127,26499
1082,5.29910,5.45636,4.782e-04,0.656,0.162,26806
1083,5.50213,5.45636,4.780e-04,0.615,0.137,26146
1084,5.39022,5.45636,4.777e-04,0.590,0.139,26485
1085,5.36588,5.45636,4.775e-04,0.614,0.143,26714
1086,5.48856,5.45636,4.772e-04,0.623,0.132,26426
1087,5.46168,5.45636,4.770e-04,0.592,0.137,26203
1088,5.24654,5.45636,4.767e-04,0.642,0.132,26219
1089,5.49447,5.45636,4.765e-04,0.640,0.142,26679
1090,5.26432,5.45636,4.762e-04,0.642,0.146,26363
1091,5.33180,5.45636,4.759e-04,0.590,0.131,26364
1092,5.39284,5.45636,4.757e-04,0.632,0.150,26174
1093,5.39694,5.45636,4.754e-04,0.557,0.130,25673
1094,5.30936,5.45636,4.752e-04,0.666,0.157,26223
1095,5.51261,5.45636,4.749e-04,0.631,0.135,26039
1096,5.44203,5.45636,4.747e-04,0.607,0.158,26489
1097,5.63898,5.45636,4.744e-04,0.644,0.149,26758
1098,5.33015,5.45636,4.742e-04,0.577,0.145,26744
1099,5.18254,5.45636,4.739e-04,0.560,0.137,26172
1100,5.36510,5.45636,4.736e-04,0.576,0.130,26339
1101,5.43309,5.45636,4.734e-04,0.567,0.125,26339
1102,5.26884,5.45636,4.731e-04,0.583,0.139,27147
1103,5.27122,5.45636,4.729e-04,0.621,0.151,26273
1104,5.56209,5.45636,4.726e-04,0.639,0.130,26209
1105,5.45327,5.45636,4.724e-04,0.709,0.155,26605
1106,5.38642,5.45636,4.721e-04,0.587,0.151,26415
1107,5.47796,5.45636,4.718e-04,0.633,0.140,26239
1108,5.37030,5.45636,4.716e-04,0.578,0.129,26573
1109,5.34669,5.45636,4.713e-04,0.632,0.143,26678
1110,5.30399,5.45636,4.711e-04,0.583,0.141,26516
1111,5.37627,5.45636,4.708e-04,0.648,0.143,26215
1112,5.57047,5.45636,4.706e-04,0.712,0.184,26399
1113,5.35700,5.45636,4.703e-04,0.677,0.173,26495
1114,5.45076,5.45636,4.700e-04,0.626,0.149,26554
1115,5.31217,5.45636,4.698e-04,0.730,0.181,26223
1116,5.36554,5.45636,4.695e-04,0.618,0.148,26007
1117,5.31866,5.45636,4.693e-04,0.633,0.151,26536
1118,5.40664,5.45636,4.690e-04,0.627,0.155,26699
1119,5.32957,5.45636,4.687e-04,0.619,0.169,26525
1120,5.53016,5.45636,4.685e-04,0.729,0.152,26313
1121,5.45898,5.45636,4.682e-04,0.653,0.139,26788
1122,5.22319,5.45636,4.680e-04,0.650,0.163,26375
1123,5.44177,5.45636,4.677e-04,0.625,0.156,26169
1124,5.36716,5.45636,4.674e-04,0.706,0.164,26405
1125,5.42242,5.45636,4.672e-04,0.617,0.135,26178
1126,5.38366,5.45636,4.669e-04,0.621,0.151,26776
1127,5.46669,5.45636,4.667e-04,0.638,0.129,26370
1128,5.59987,5.45636,4.664e-04,0.637,0.146,26356
1129,5.34167,5.45636,4.661e-04,0.679,0.169,26213
1130,5.31436,5.45636,4.659e-04,0.597,0.132,26585
1131,5.42616,5.45636,4.656e-04,0.621,0.135,26381
1132,5.33484,5.45636,4.653e-04,0.602,0.137,26134
1133,5.52241,5.45636,4.651e-04,0.667,0.137,26199
1134,5.44675,5.45636,4.648e-04,0.624,0.139,26715
1135,5.32345,5.45636,4.646e-04,0.628,0.162,26365
1136,5.39936,5.45636,4.643e-04,0.598,0.118,26157
1137,5.45482,5.45636,4.640e-04,0.595,0.132,26253
1138,5.28254,5.45636,4.638e-04,0.571,0.135,26448
1139,5.31214,5.45636,4.635e-04,0.579,0.133,26636
1140,5.36616,5.45636,4.632e-04,0.579,0.125,26214
1141,5.33797,5.45636,4.630e-04,0.605,0.144,26592
1142,5.19500,5.45636,4.627e-04,0.564,0.121,26788
1143,5.33965,5.45636,4.625e-04,0.612,0.138,26728
1144,5.56922,5.45636,4.622e-04,0.652,0.149,26423
1145,5.35837,5.45636,4.619e-04,0.680,0.136,26290
1146,5.41471,5.45636,4.617e-04,0.580,0.131,26203
1147,5.39163,5.45636,4.614e-04,0.631,0.127,26818
1148,5.29908,5.45636,4.611e-04,0.548,0.114,26162
1149,5.46484,5.45636,4.609e-04,0.538,0.117,26215
1150,5.39988,5.45636,4.606e-04,0.607,0.128,26058
1151,5.34290,5.45636,4.603e-04,0.552,0.130,26825
1152,5.25074,5.45636,4.601e-04,0.593,0.125,26059
1153,5.60715,5.45636,4.598e-04,0.622,0.136,26279
1154,5.41587,5.45636,4.595e-04,0.678,0.136,26301
1155,5.47072,5.45636,4.593e-04,0.605,0.133,26908
1156,5.39242,5.45636,4.590e-04,0.635,0.134,26341
1157,5.59374,5.45636,4.587e-04,0.630,0.122,26351
1158,5.21018,5.45636,4.585e-04,0.609,0.141,26359
1159,5.43200,5.45636,4.582e-04,0.615,0.114,26637
1160,5.28548,5.45636,4.579e-04,0.652,0.127,26407
1161,5.66477,5.45636,4.577e-04,0.592,0.121,26481
1162,5.40140,5.45636,4.574e-04,0.594,0.118,26488
1163,5.25921,5.45636,4.571e-04,0.562,0.123,26552
1164,5.38693,5.45636,4.569e-04,0.594,0.124,26435
1165,5.35846,5.45636,4.566e-04,0.584,0.123,26278
1166,5.36743,5.45636,4.563e-04,0.610,0.137,26063
1167,5.34231,5.45636,4.561e-04,0.598,0.133,26241
1168,5.38283,5.45636,4.558e-04,0.632,0.141,26395
1169,5.25448,5.45636,4.555e-04,0.580,0.124,26326
1170,5.41979,5.45636,4.553e-04,0.635,0.140,26161
1171,5.45843,5.45636,4.550e-04,0.565,0.115,26339
1172,5.34392,5.45636,4.547e-04,0.586,0.142,26570
1173,5.18188,5.45636,4.545e-04,0.634,0.160,26190
1174,5.33923,5.45636,4.542e-04,0.624,0.138,26322
1175,5.52130,5.45636,4.539e-04,0.622,0.123,26308
1176,5.53081,5.45636,4.537e-04,0.646,0.131,26597
1177,5.38942,5.45636,4.534e-04,0.716,0.146,26222
1178,5.65922,5.45636,4.531e-04,0.695,0.137,26427
1179,5.20132,5.45636,4.528e-04,0.643,0.146,26273
1180,5.26362,5.45636,4.526e-04,0.604,0.138,26803
1181,5.32422,5.45636,4.523e-04,0.635,0.128,26479
1182,5.31758,5.45636,4.520e-04,0.636,0.142,26773
1183,5.55076,5.45636,4.518e-04,0.580,0.114,26525
1184,5.43628,5.45636,4.515e-04,0.757,0.150,26638
1185,5.50101,5.45636,4.512e-04,0.660,0.134,26336
1186,5.20053,5.45636,4.510e-04,0.631,0.149,26025
1187,5.17607,5.45636,4.507e-04,0.643,0.147,26335
1188,5.41846,5.45636,4.504e-04,0.584,0.110,26767
1189,5.27294,5.45636,4.501e-04,0.636,0.138,26136
1190,5.44975,5.45636,4.499e-04,0.610,0.123,26107
1191,5.27430,5.45636,4.496e-04,0.610,0.138,26284
1192,5.36069,5.45636,4.493e-04,0.598,0.137,26640
1193,5.30282,5.45636,4.491e-04,0.545,0.122,26406
1194,5.48684,5.45636,4.488e-04,0.650,0.138,25890
1195,5.41103,5.45636,4.485e-04,0.628,0.127,26394
1196,5.21475,5.45636,4.482e-04,0.672,0.185,26639
1197,5.46689,5.45636,4.480e-04,0.761,0.180,26466
1198,5.33467,5.45636,4.477e-04,0.646,0.140,26198
1199,5.46967,5.45636,4.474e-04,0.580,0.121,26160
1200,5.39308,5.45636,4.471e-04,0.595,0.138,26518
1201,5.41208,5.45636,4.469e-04,0.634,0.141,26573
1202,5.45515,5.45636,4.466e-04,0.585,0.114,26651
1203,5.34479,5.45636,4.463e-04,0.635,0.134,26102
1204,5.42983,5.45636,4.461e-04,0.618,0.131,26383
1205,5.44077,5.45636,4.458e-04,0.669,0.118,26708
1206,5.40454,5.45636,4.455e-04,0.585,0.116,26227
1207,5.45819,5.45636,4.452e-04,0.645,0.128,26189
1208,5.30348,5.45636,4.450e-04,0.677,0.146,26393
1209,5.36834,5.45636,4.447e-04,0.643,0.130,26802
1210,5.26231,5.45636,4.444e-04,0.606,0.123,26109
1211,5.39320,5.45636,4.441e-04,0.656,0.134,26201
1212,5.35297,5.45636,4.439e-04,0.640,0.133,26162
1213,5.38579,5.45636,4.436e-04,0.640,0.137,26891
1214,5.47013,5.45636,4.433e-04,0.646,0.128,26272
1215,5.22372,5.45636,4.430e-04,0.647,0.148,26258
1216,5.36262,5.45636,4.428e-04,0.639,0.133,26178
1217,5.43949,5.45636,4.425e-04,0.712,0.150,26803
1218,5.48860,5.45636,4.422e-04,0.632,0.139,26150
1219,5.12462,5.45636,4.419e-04,0.589,0.126,26251
1220,5.46030,5.45636,4.417e-04,0.633,0.132,26198
1221,5.46556,5.45636,4.414e-04,0.659,0.128,26511
1222,5.43815,5.45636,4.411e-04,0.586,0.114,26899
1223,5.18888,5.45636,4.408e-04,0.647,0.154,26120
1224,5.34798,5.45636,4.406e-04,0.636,0.152,26245
1225,5.33367,5.45636,4.403e-04,0.569,0.125,26960
1226,5.36320,5.45636,4.400e-04,0.575,0.116,26301
1227,5.39677,5.45636,4.397e-04,0.661,0.146,26347
1228,5.34311,5.45636,4.394e-04,0.598,0.128,26252
1229,5.50687,5.45636,4.392e-04,0.718,0.146,26307
1230,5.40439,5.45636,4.389e-04,0.627,0.129,26358
1231,5.44155,5.45636,4.386e-04,0.694,0.144,26272
1232,5.23359,5.45636,4.383e-04,0.592,0.132,26172
1233,5.22887,5.45636,4.381e-04,0.655,0.129,26409
1234,5.55132,5.45636,4.378e-04,0.727,0.141,26358
1235,5.41906,5.45636,4.375e-04,0.652,0.127,26231
1236,5.27049,5.45636,4.372e-04,0.631,0.135,25927
1237,5.30733,5.45636,4.370e-04,0.626,0.132,26500
1238,5.23919,5.45636,4.367e-04,0.631,0.129,26601
1239,5.35287,5.45636,4.364e-04,0.649,0.134,26174
1240,5.23090,5.45636,4.361e-04,0.675,0.146,26225
1241,5.33907,5.45636,4.358e-04,0.616,0.113,26567
1242,5.46357,5.45636,4.356e-04,0.712,0.143,26486
1243,5.26647,5.45636,4.353e-04,0.600,0.143,26338
1244,5.29937,5.45636,4.350e-04,0.652,0.127,26067
1245,5.29563,5.45636,4.347e-04,0.711,0.182,26405
1246,5.52530,5.45636,4.344e-04,0.667,0.136,27037
1247,5.35479,5.45636,4.342e-04,0.614,0.141,26143
1248,5.39926,5.45636,4.339e-04,0.652,0.120,26539
1249,5.33042,5.45636,4.336e-04,0.610,0.150,26490
1250,5.27152,5.27706,4.333e-04,0.656,0.120,7930
1251,5.29437,5.27706,4.330e-04,0.599,0.130,26878
1252,5.37433,5.27706,4.328e-04,0.613,0.140,26862
1253,5.37781,5.27706,4.325e-04,0.617,0.131,26240
1254,5.12230,5.27706,4.322e-04,0.605,0.143,26221
1255,5.14164,5.27706,4.319e-04,0.635,0.141,26776
1256,5.27568,5.27706,4.316e-04,0.655,0.141,25998
1257,5.28897,5.27706,4.314e-04,0.675,0.158,26248
1258,5.35604,5.27706,4.311e-04,0.645,0.126,26425
1259,5.26508,5.27706,4.308e-04,0.627,0.138,26837
1260,5.22985,5.27706,4.305e-04,0.718,0.133,26011
1261,5.31642,5.27706,4.302e-04,0.591,0.115,26436
1262,5.31948,5.27706,4.300e-04,0.690,0.144,26451
1263,5.28665,5.27706,4.297e-04,0.595,0.121,26681
1264,5.29365,5.27706,4.294e-04,0.650,0.136,26402
1265,5.39543,5.27706,4.291e-04,0.739,0.156,26191
1266,5.15023,5.27706,4.288e-04,0.670,0.129,26187
1267,5.48773,5.27706,4.285e-04,0.712,0.150,26768
1268,5.27551,5.27706,4.283e-04,0.616,0.114,26439
1269,5.25185,5.27706,4.280e-04,0.715,0.159,26126
1270,5.26169,5.27706,4.277e-04,0.647,0.128,26257
1271,5.12811,5.27706,4.274e-04,0.680,0.171,26569
1272,5.42030,5.27706,4.271e-04,0.623,0.145,26508
1273,5.31479,5.27706,4.269e-04,0.673,0.154,26187
1274,5.40360,5.27706,4.266e-04,0.584,0.119,26358
1275,5.33821,5.27706,4.263e-04,0.646,0.141,26668
1276,5.43190,5.27706,4.260e-04,0.612,0.121,26535
1277,5.26993,5.27706,4.257e-04,0.761,0.136,26232
1278,5.22492,5.27706,4.254e-04,0.622,0.144,26250
1279,5.55130,5.27706,4.252e-04,0.703,0.130,26482
1280,5.27031,5.27706,4.249e-04,0.638,0.127,26766
1281,5.24679,5.27706,4.246e-04,0.604,0.130,26879
1282,5.27531,5.27706,4.243e-04,0.629,0.125,26403
1283,5.33145,5.27706,4.240e-04,0.612,0.131,26192
1284,5.34913,5.27706,4.237e-04,0.622,0.125,26842
1285,5.35341,5.27706,4.235e-04,0.645,0.123,26054
1286,5.45476,5.27706,4.232e-04,0.629,0.124,26601
1287,5.18193,5.27706,4.229e-04,0.678,0.154,26366
1288,5.25814,5.27706,4.226e-04,0.645,0.134,26839
1289,5.29457,5.27706,4.223e-04,0.689,0.137,26316
1290,5.34785,5.27706,4.220e-04,0.617,0.125,26199
1291,5.33883,5.27706,4.217e-04,0.642,0.127,26113
1292,5.32080,5.27706,4.215e-04,0.611,0.109,26491
1293,5.45465,5.27706,4.212e-04,0.624,0.115,26278
1294,5.15663,5.27706,4.209e-04,0.588,0.119,26208
1295,5.34394,5.27706,4.206e-04,0.653,0.116,26300
1296,5.27741,5.27706,4.203e-04,0.621,0.127,26658
1297,5.29918,5.27706,4.200e-04,0.655,0.123,26303
1298,5.20143,5.27706,4.197e-04,0.626,0.125,25933
1299,4.92911,5.27706,4.195e-04,0.649,0.136,26247
1300,5.24994,5.27706,4.192e-04,0.679,0.129,26635
1301,5.18996,5.27706,4.189e-04,0.610,0.125,26468
1302,5.35348,5.27706,4.186e-04,0.621,0.119,26381
1303,5.29028,5.27706,4.183e-04,0.644,0.139,26213
1304,5.18302,5.27706,4.180e-04,0.608,0.123,26494
1305,5.27314,5.27706,4.177e-04,0.694,0.132,26579
1306,5.23142,5.27706,4.175e-04,0.763,0.159,26248
1307,5.32786,5.27706,4.172e-04,0.611,0.113,26185
1308,5.30947,5.27706,4.169e-04,0.662,0.133,26678
1309,5.26354,5.27706,4.166e-04,0.656,0.126,26820
1310,5.30400,5.27706,4.163e-04,0.738,0.129,26929
1311,5.30352,5.27706,4.160e-04,0.684,0.123,26139
1312,5.30915,5.27706,4.157e-04,0.673,0.143,26169
1313,5.20516,5.27706,4.154e-04,0.679,0.131,26945
1314,5.30146,5.27706,4.152e-04,0.597,0.118,26187
1315,5.31633,5.27706,4.149e-04,0.783,0.148,26182
1316,5.39830,5.27706,4.146e-04,0.603,0.123,26287
1317,5.29150,5.27706,4.143e-04,0.703,0.135,26755
1318,5.11089,5.27706,4.140e-04,0.702,0.140,26386
1319,5.27614,5.27706,4.137e-04,0.703,0.146,26342
1320,5.26049,5.27706,4.134e-04,0.654,0.131,26265
1321,5.30300,5.27706,4.131e-04,0.670,0.144,26546
1322,5.24942,5.27706,4.129e-04,0.695,0.123,26554
1323,5.18384,5.27706,4.126e-04,0.693,0.159,26317
1324,5.17482,5.27706,4.123e-04,0.721,0.152,26305
1325,5.36022,5.27706,4.120e-04,0.770,0.169,26364
1326,5.22874,5.27706,4.117e-04,0.596,0.135,26278
1327,5.18738,5.27706,4.114e-04,0.647,0.147,26146
1328,5.28315,5.27706,4.111e-04,0.729,0.137,26431
1329,5.56579,5.27706,4.108e-04,0.676,0.129,26191
1330,5.52768,5.27706,4.105e-04,0.802,0.154,26507
1331,5.28050,5.27706,4.103e-04,0.701,0.138,26362
1332,5.27254,5.27706,4.100e-04,0.696,0.145,26239
1333,5.30270,5.27706,4.097e-04,0.715,0.138,26477
1334,5.32832,5.27706,4.094e-04,0.669,0.119,26559
1335,5.38971,5.27706,4.091e-04,0.697,0.126,26439
1336,5.35470,5.27706,4.088e-04,0.734,0.129,26181
1337,5.10768,5.27706,4.085e-04,0.657,0.131,26259
1338,5.36692,5.27706,4.082e-04,0.639,0.118,26723
1339,5.36497,5.27706,4.079e-04,0.642,0.122,26299
1340,5.14577,5.27706,4.077e-04,0.643,0.113,26190
1341,5.22489,5.27706,4.074e-04,0.642,0.126,26268
1342,5.29874,5.27706,4.071e-04,0.618,0.109,26605
1343,5.24035,5.27706,4.068e-04,0.655,0.120,26376
1344,5.06726,5.27706,4.065e-04,0.639,0.118,26159
1345,5.26884,5.27706,4.062e-04,0.667,0.135,26216
1346,5.34917,5.27706,4.059e-04,0.683,0.130,26634
1347,5.34408,5.27706,4.056e-04,0.706,0.131,26100
1348,5.20820,5.27706,4.053e-04,0.667,0.139,26277
1349,5.15603,5.27706,4.050e-04,0.648,0.134,26063
1350,5.05706,5.27706,4.047e-04,0.661,0.146,27326
1351,5.38047,5.27706,4.045e-04,0.575,0.109,26399
1352,5.36605,5.27706,4.042e-04,0.654,0.152,26095
1353,5.39645,5.27706,4.039e-04,0.586,0.118,26162
1354,5.31390,5.27706,4.036e-04,0.618,0.114,26811
1355,5.21352,5.27706,4.033e-04,0.586,0.111,26251
1356,5.46593,5.27706,4.030e-04,0.645,0.113,25960
1357,5.28807,5.27706,4.027e-04,0.628,0.127,26383
1358,5.16015,5.27706,4.024e-04,0.627,0.120,26561
1359,4.96835,5.27706,4.021e-04,0.677,0.183,26589
1360,5.24062,5.27706,4.018e-04,0.733,0.157,26193
1361,5.43353,5.27706,4.015e-04,0.650,0.108,26470
1362,5.15521,5.27706,4.012e-04,0.679,0.147,26442
1363,5.20056,5.27706,4.010e-04,0.668,0.115,26676
1364,5.30775,5.27706,4.007e-04,0.722,0.152,26244
1365,5.23828,5.27706,4.004e-04,0.714,0.126,26120
1366,5.22932,5.27706,4.001e-04,0.661,0.124,26462
1367,5.14648,5.27706,3.998e-04,0.687,0.134,26682
1368,5.24602,5.27706,3.995e-04,0.692,0.128,26334
1369,5.15406,5.27706,3.992e-04,0.754,0.145,26074
1370,5.20790,5.27706,3.989e-04,0.678,0.129,26515
1371,5.41531,5.27706,3.986e-04,0.705,0.128,26902
1372,5.26836,5.27706,3.983e-04,0.580,0.120,26151
1373,5.39413,5.27706,3.980e-04,0.741,0.138,26642
1374,5.02711,5.27706,3.977e-04,0.681,0.146,26575
1375,5.39117,5.27706,3.974e-04,0.708,0.142,26806
1376,5.02044,5.27706,3.971e-04,0.681,0.145,26322
1377,5.27068,5.27706,3.969e-04,0.672,0.131,26092
1378,5.38162,5.27706,3.966e-04,0.691,0.133,26157
1379,5.17160,5.27706,3.963e-04,0.636,0.149,26609
1380,5.19481,5.27706,3.960e-04,0.636,0.128,26315
1381,5.32190,5.27706,3.957e-04,0.698,0.150,26710
1382,5.00133,5.27706,3.954e-04,0.614,0.127,26251
1383,5.12324,5.27706,3.951e-04,0.720,0.139,26514
1384,4.93144,5.27706,3.948e-04,0.657,0.149,26511
1385,5.25923,5.27706,3.945e-04,0.658,0.126,26254
1386,5.21068,5.27706,3.942e-04,0.634,0.120,26250
1387,5.45915,5.27706,3.939e-04,0.639,0.103,26508
1388,5.29650,5.27706,3.936e-04,0.747,0.138,26573
1389,5.05921,5.27706,3.933e-04,0.601,0.130,26291
1390,5.27011,5.27706,3.930e-04,0.640,0.115,26303
1391,5.29069,5.27706,3.927e-04,0.679,0.128,26385
1392,5.13163,5.27706,3.924e-04,0.650,0.136,26540
1393,5.23016,5.27706,3.921e-04,0.665,0.144,26975
1394,5.33049,5.27706,3.919e-04,0.719,0.149,26789
1395,5.19831,5.27706,3.916e-04,0.659,0.160,26530
1396,5.11384,5.27706,3.913e-04,0.748,0.153,26726
1397,5.12437,5.27706,3.910e-04,0.684,0.165,26255
1398,5.26237,5.27706,3.907e-04,0.703,0.127,26265
1399,5.19667,5.27706,3.904e-04,0.754,0.169,26297
1400,5.24822,5.27706,3.901e-04,0.718,0.129,26773
1401,5.22423,5.27706,3.898e-04,0.687,0.151,26334
1402,5.33702,5.27706,3.895e-04,0.765,0.132,26223
1403,5.30242,5.27706,3.892e-04,0.684,0.124,26211
1404,5.33334,5.27706,3.889e-04,0.731,0.147,26738
1405,5.20876,5.27706,3.886e-04,0.762,0.138,26483
1406,5.29809,5.27706,3.883e-04,0.775,0.137,26275
1407,5.17577,5.27706,3.880e-04,0.648,0.113,26194
1408,5.23004,5.27706,3.877e-04,0.723,0.139,26608
1409,5.16862,5.27706,3.874e-04,0.638,0.136,26477
1410,5.19334,5.27706,3.871e-04,0.608,0.111,26203
1411,5.32250,5.27706,3.868e-04,0.695,0.134,26177
1412,5.12310,5.27706,3.865e-04,0.604,0.118,26585
1413,5.25636,5.27706,3.862e-04,0.659,0.135,26488
1414,5.23400,5.27706,3.859e-04,0.604,0.125,26194
1415,5.21453,5.27706,3.856e-04,0.630,0.125,26220
1416,5.12052,5.27706,3.853e-04,0.639,0.131,26525
1417,5.30595,5.27706,3.850e-04,0.666,0.141,26481
1418,5.25686,5.27706,3.848e-04,0.641,0.121,26447
1419,5.14114,5.27706,3.845e-04,0.636,0.126,26335
1420,5.32630,5.27706,3.842e-04,0.616,0.118,26449
1421,5.22209,5.27706,3.839e-04,0.694,0.130,26309
1422,5.14002,5.27706,3.836e-04,0.679,0.127,26251
1423,5.08855,5.27706,3.833e-04,0.651,0.136,26191
1424,5.14506,5.27706,3.830e-04,0.656,0.119,26244
1425,5.29299,5.27706,3.827e-04,0.610,0.109,26867
1426,5.27959,5.27706,3.824e-04,0.630,0.124,26186
1427,5.24433,5.27706,3.821e-04,0.657,0.127,26352
1428,5.31978,5.27706,3.818e-04,0.738,0.120,26403
1429,5.21378,5.27706,3.815e-04,0.713,0.137,26739
1430,5.30092,5.27706,3.812e-04,0.664,0.119,26482
1431,4.87774,5.27706,3.809e-04,0.757,0.155,26422
1432,5.22006,5.27706,3.806e-04,0.661,0.123,26348
1433,5.36950,5.27706,3.803e-04,0.755,0.137,26596
1434,5.20652,5.27706,3.800e-04,0.733,0.143,26323
1435,5.25403,5.27706,3.797e-04,0.680,0.122,26126
1436,5.06417,5.27706,3.794e-04,0.670,0.122,26427
1437,5.38558,5.27706,3.791e-04,0.651,0.114,26955
1438,5.26375,5.27706,3.788e-04,0.659,0.122,26364
1439,5.09780,5.27706,3.785e-04,0.675,0.128,26456
1440,5.12944,5.27706,3.782e-04,0.664,0.150,26270
1441,5.20710,5.27706,3.779e-04,0.699,0.126,26339
1442,5.28295,5.27706,3.776e-04,0.707,0.128,26435
1443,4.99877,5.27706,3.773e-04,0.713,0.133,26065
1444,5.18013,5.27706,3.770e-04,0.629,0.123,26078
1445,5.19712,5.27706,3.767e-04,0.705,0.119,26298
1446,5.29145,5.27706,3.764e-04,0.836,0.142,26622
1447,5.27865,5.27706,3.761e-04,0.831,0.136,26255
1448,5.14760,5.27706,3.758e-04,0.676,0.121,26013
1449,5.11740,5.27706,3.755e-04,0.682,0.125,26371
1450,5.10559,5.27706,3.752e-04,0.671,0.158,26508
1451,5.22355,5.27706,3.749e-04,0.685,0.129,26191
1452,5.28570,5.27706,3.746e-04,0.676,0.113,25969
1453,5.11949,5.27706,3.743e-04,0.769,0.156,26554
1454,5.28404,5.27706,3.740e-04,0.658,0.125,26558
1455,5.17836,5.27706,3.737e-04,0.685,0.130,26159
1456,5.24441,5.27706,3.734e-04,0.712,0.129,26667
1457,5.29145,5.27706,3.731e-04,0.651,0.119,26574
1458,5.26137,5.27706,3.728e-04,0.660,0.120,26646
1459,5.27742,5.27706,3.725e-04,0.685,0.120,26050
1460,5.16894,5.27706,3.722e-04,0.668,0.119,26194
1461,5.21501,5.27706,3.719e-04,0.693,0.119,26381
1462,5.29188,5.27706,3.716e-04,0.673,0.122,26537
1463,5.34539,5.27706,3.713e-04,0.697,0.130,26191
1464,5.12934,5.27706,3.710e-04,0.650,0.136,26217
1465,5.19297,5.27706,3.707e-04,0.700,0.132,26227
1466,5.04427,5.27706,3.704e-04,0.603,0.110,26718
1467,5.28077,5.27706,3.701e-04,0.681,0.112,26347
1468,5.14412,5.27706,3.698e-04,0.638,0.125,26189
1469,5.18579,5.27706,3.695e-04,0.763,0.127,26216
1470,5.19091,5.27706,3.692e-04,0.657,0.132,26431
1471,5.18810,5.27706,3.689e-04,0.801,0.166,26288
1472,5.16147,5.27706,3.686e-04,0.632,0.114,26201
1473,5.06110,5.27706,3.683e-04,0.677,0.138,26176
1474,5.09952,5.27706,3.680e-04,0.737,0.122,26595
1475,5.33655,5.27706,3.677e-04,0.652,0.133,26316
1476,5.17909,5.27706,3.674e-04,0.683,0.126,26325
1477,5.26751,5.27706,3.671e-04,0.748,0.174,26303
1478,5.24767,5.27706,3.668e-04,0.626,0.112,26669
1479,5.18796,5.27706,3.665e-04,0.716,0.143,26537
1480,5.38900,5.27706,3.662e-04,0.685,0.125,26721
1481,5.39611,5.27706,3.659e-04,0.620,0.116,26390
1482,5.13369,5.27706,3.656e-04,0.787,0.153,26426
1483,5.01075,5.27706,3.653e-04,0.686,0.126,26504
1484,5.29311,5.27706,3.650e-04,0.731,0.126,26213
1485,5.06301,5.27706,3.647e-04,0.644,0.144,25855
1486,5.29556,5.27706,3.644e-04,0.706,0.137,26217
1487,5.19897,5.27706,3.641e-04,0.726,0.157,26787
1488,5.09690,5.27706,3.638e-04,0.691,0.131,26251
1489,5.28092,5.27706,3.635e-04,0.757,0.135,26011
1490,5.25209,5.27706,3.632e-04,0.606,0.106,26257
1491,5.15577,5.27706,3.629e-04,0.704,0.130,26628
1492,5.11008,5.27706,3.626e-04,0.634,0.122,26254
1493,5.29442,5.27706,3.623e-04,0.707,0.124,26158
1494,5.14281,5.27706,3.620e-04,0.656,0.117,26182
1495,5.20602,5.27706,3.617e-04,0.643,0.109,26837
1496,5.11257,5.27706,3.614e-04,0.628,0.108,26204
1497,5.34885,5.27706,3.611e-04,0.689,0.116,26173
1498,5.15723,5.27706,3.608e-04,0.748,0.137,26166
1499,5.29943,5.27706,3.605e-04,0.673,0.112,26845
1500,5.14812,5.14737,3.602e-04,0.721,0.110,7946
1501,5.18708,5.14737,3.599e-04,0.749,0.128,27204
1502,5.06815,5.14737,3.596e-04,0.687,0.129,26143
1503,5.23927,5.14737,3.593e-04,0.664,0.106,26428
1504,5.24762,5.14737,3.590e-04,0.764,0.118,26642
1505,5.34785,5.14737,3.587e-04,0.712,0.114,26066
1506,5.29145,5.14737,3.584e-04,0.675,0.118,26309
1507,5.12947,5.14737,3.581e-04,0.689,0.125,26126
1508,5.25299,5.14737,3.578e-04,0.722,0.124,26749
1509,5.10201,5.14737,3.575e-04,0.659,0.123,26195
1510,5.14869,5.14737,3.572e-04,0.664,0.121,26337
1511,4.96021,5.14737,3.569e-04,0.726,0.136,26268
1512,5.30908,5.14737,3.566e-04,0.714,0.114,26789
1513,5.31449,5.14737,3.563e-04,0.707,0.132,26360
1514,4.94783,5.14737,3.560e-04,0.702,0.133,26233
1515,5.39522,5.14737,3.557e-04,0.761,0.134,26184
1516,5.09013,5.14737,3.554e-04,0.590,0.120,26803
1517,5.32692,5.14737,3.551e-04,0.833,0.137,26478
1518,5.06780,5.14737,3.548e-04,0.665,0.114,26146
1519,5.17707,5.14737,3.545e-04,0.740,0.131,26047
1520,5.05006,5.14737,3.542e-04,0.676,0.131,27274
1521,5.26166,5.14737,3.539e-04,0.720,0.124,26592
1522,5.01910,5.14737,3.536e-04,0.639,0.124,26178
1523,4.99398,5.14737,3.533e-04,0.711,0.140,26279
1524,5.02897,5.14737,3.530e-04,0.638,0.122,26277
1525,5.09828,5.14737,3.527e-04,0.630,0.112,26482
1526,5.23538,5.14737,3.524e-04,0.617,0.112,26203
1527,5.02400,5.14737,3.521e-04,0.606,0.110,26431
1528,5.06606,5.14737,3.518e-04,0.617,0.114,26302
1529,4.97964,5.14737,3.515e-04,0.675,0.123,26599
1530,5.31939,5.14737,3.512e-04,0.746,0.130,26211
1531,5.25686,5.14737,3.509e-04,0.633,0.117,26177
1532,5.11426,5.14737,3.506e-04,0.653,0.112,26404
1533,5.23820,5.14737,3.503e-04,0.664,0.123,26575
1534,5.18179,5.14737,3.500e-04,0.675,0.120,26171
1535,5.12664,5.14737,3.497e-04,0.631,0.114,26037
1536,5.03220,5.14737,3.494e-04,0.701,0.139,26349
1537,5.31494,5.14737,3.491e-04,0.687,0.117,26646
1538,5.10983,5.14737,3.488e-04,0.675,0.128,26239
1539,5.12781,5.14737,3.485e-04,0.620,0.115,26101
1540,5.18766,5.14737,3.482e-04,0.661,0.119,26188
1541,5.28175,5.14737,3.479e-04,0.712,0.125,26625
1542,5.11142,5.14737,3.476e-04,0.701,0.122,26466
1543,5.22369,5.14737,3.473e-04,0.730,0.158,26276
1544,4.99574,5.14737,3.470e-04,0.699,0.148,26228
1545,5.12176,5.14737,3.467e-04,0.666,0.122,26857
1546,5.07240,5.14737,3.463e-04,0.659,0.123,26038
1547,5.05995,5.14737,3.460e-04,0.654,0.121,26371
1548,5.06209,5.14737,3.457e-04,0.699,0.134,26174
1549,5.24357,5.14737,3.454e-04,0.639,0.104,26910
1550,5.15944,5.14737,3.451e-04,0.634,0.107,26342
1551,5.22835,5.14737,3.448e-04,0.616,0.119,26251
1552,5.23819,5.14737,3.445e-04,0.700,0.119,26174
1553,5.11743,5.14737,3.442e-04,0.655,0.111,26645
1554,5.15941,5.14737,3.439e-04,0.736,0.129,26670
1555,5.08946,5.14737,3.436e-04,0.631,0.111,26365
1556,5.12054,5.14737,3.433e-04,0.681,0.123,26210
1557,5.17791,5.14737,3.430e-04,0.664,0.127,26617
1558,5.20433,5.14737,3.427e-04,0.716,0.146,26470
1559,5.18272,5.14737,3.424e-04,0.675,0.117,26251
1560,5.11571,5.14737,3.421e-04,0.706,0.116,26893
1561,5.05926,5.14737,3.418e-04,0.681,0.125,26534
1562,5.19618,5.14737,3.415e-04,0.645,0.112,26701
1563,5.13215,5.14737,3.412e-04,0.668,0.114,26425
1564,4.97461,5.14737,3.409e-04,0.674,0.125,25949
1565,5.11060,5.14737,3.406e-04,0.749,0.124,26337
1566,5.10996,5.14737,3.403e-04,0.704,0.140,26584
1567,5.11864,5.14737,3.400e-04,0.690,0.126,26194
1568,5.09317,5.14737,3.397e-04,0.735,0.130,26160
1569,5.13382,5.14737,3.394e-04,0.629,0.112,26237
1570,5.18898,5.14737,3.391e-04,0.722,0.119,26872
1571,5.07046,5.14737,3.388e-04,0.703,0.137,26194
1572,5.07953,5.14737,3.385e-04,0.680,0.107,26233
1573,5.17871,5.14737,3.382e-04,0.783,0.132,26215
1574,5.23321,5.14737,3.379e-04,0.709,0.128,26953
1575,5.20759,5.14737,3.376e-04,0.728,0.147,26264
1576,4.98530,5.14737,3.373e-04,0.688,0.138,26219
1577,5.20872,5.14737,3.370e-04,0.732,0.132,26391
1578,5.12996,5.14737,3.367e-04,0.755,0.133,26575
1579,5.11913,5.14737,3.364e-04,0.748,0.135,26528
1580,4.84468,5.14737,3.361e-04,0.692,0.156,26197
1581,5.06960,5.14737,3.358e-04,0.810,0.160,26822
1582,5.09929,5.14737,3.355e-04,0.777,0.146,26453
1583,5.00117,5.14737,3.351e-04,0.701,0.135,26552
1584,5.15159,5.14737,3.348e-04,0.732,0.112,26976
1585,5.13127,5.14737,3.345e-04,0.730,0.133,26674
1586,5.20204,5.14737,3.342e-04,0.683,0.115,26489
1587,5.03337,5.14737,3.339e-04,0.710,0.111,26804
1588,5.06673,5.14737,3.336e-04,0.663,0.115,26242
1589,5.09269,5.14737,3.333e-04,0.685,0.117,26208
1590,4.89722,5.14737,3.330e-04,0.713,0.130,26301
1591,5.22498,5.14737,3.327e-04,0.732,0.117,26830
1592,5.03833,5.14737,3.324e-04,0.778,0.141,26185
1593,5.24344,5.14737,3.321e-04,0.725,0.115,26210
1594,5.26290,5.14737,3.318e-04,0.714,0.126,26368
1595,5.09307,5.14737,3.315e-04,0.756,0.139,26888
1596,5.36710,5.14737,3.312e-04,0.696,0.120,26335
1597,5.05667,5.14737,3.309e-04,0.744,0.149,26185
1598,5.02601,5.14737,3.306e-04,0.710,0.122,26241
1599,5.18557,5.14737,3.303e-04,0.729,0.136,26737
1600,5.06358,5.14737,3.300e-04,0.752,0.126,26508
1601,5.06776,5.14737,3.297e-04,0.647,0.116,26760
1602,5.16765,5.14737,3.294e-04,0.701,0.133,26213
1603,5.21896,5.14737,3.291e-04,0.678,0.121,26487
1604,4.95151,5.14737,3.288e-04,0.658,0.124,26522
1605,5.00452,5.14737,3.285e-04,0.745,0.108,26311
1606,5.06923,5.14737,3.282e-04,0.683,0.134,26228
1607,5.31503,5.14737,3.279e-04,0.921,0.176,26286
1608,5.09447,5.14737,3.276e-04,0.748,0.124,26529
1609,5.22271,5.14737,3.273e-04,0.717,0.148,26162
1610,5.00945,5.14737,3.270e-04,0.802,0.175,26234
1611,5.07239,5.14737,3.267e-04,0.762,0.147,26544
1612,4.93055,5.14737,3.264e-04,0.755,0.168,26690
1613,5.25444,5.14737,3.261e-04,0.736,0.133,26391
1614,5.07789,5.14737,3.258e-04,0.723,0.127,26337
1615,4.97378,5.14737,3.255e-04,0.698,0.127,26158
1616,5.12977,5.14737,3.252e-04,0.781,0.134,26611
1617,5.10631,5.14737,3.249e-04,0.651,0.117,26034
1618,5.41164,5.14737,3.245e-04,0.821,0.133,26187
1619,4.88860,5.14737,3.242e-04,0.642,0.134,26358
1620,5.16663,5.14737,3.239e-04,0.726,0.121,26835
1621,5.17418,5.14737,3.236e-04,0.650,0.112,26814
1622,5.21002,5.14737,3.233e-04,0.753,0.121,26371
1623,5.22235,5.14737,3.230e-04,0.644,0.116,26017
1624,5.33825,5.14737,3.227e-04,0.793,0.127,27409
1625,5.09910,5.14737,3.224e-04,0.729,0.112,26257
1626,5.02500,5.14737,3.221e-04,0.625,0.114,25986
1627,5.09693,5.14737,3.218e-04,0.711,0.113,26233
1628,4.96122,5.14737,3.215e-04,0.686,0.113,26556
1629,5.19451,5.14737,3.212e-04,0.702,0.121,26396
1630,5.05902,5.14737,3.209e-04,0.669,0.115,26448
1631,5.06867,5.14737,3.206e-04,0.661,0.112,26254
1632,5.08322,5.14737,3.203e-04,0.616,0.104,26577
1633,5.23791,5.14737,3.200e-04,0.651,0.106,26371
1634,5.02618,5.14737,3.197e-04,0.688,0.125,26829
1635,5.19821,5.14737,3.194e-04,0.634,0.103,26206
1636,5.11152,5.14737,3.191e-04,0.678,0.113,26466
1637,5.18190,5.14737,3.188e-04,0.668,0.102,26605
1638,5.19246,5.14737,3.185e-04,0.692,0.118,26255
1639,5.15915,5.14737,3.182e-04,0.677,0.117,26142
1640,5.07018,5.14737,3.179e-04,0.700,0.111,26435
1641,5.29929,5.14737,3.176e-04,0.696,0.107,26501
1642,5.08397,5.14737,3.173e-04,0.731,0.125,26191
1643,5.05364,5.14737,3.170e-04,0.735,0.140,26218
1644,5.19631,5.14737,3.167e-04,0.677,0.111,26171
1645,5.23267,5.14737,3.164e-04,0.780,0.147,26894
1646,5.10865,5.14737,3.161e-04,0.725,0.129,26164
1647,5.00951,5.14737,3.158e-04,0.896,0.176,26648
1648,5.07003,5.14737,3.155e-04,0.767,0.137,26314
1649,4.90380,5.14737,3.152e-04,0.713,0.156,26698
1650,5.17083,5.14737,3.149e-04,0.749,0.135,26294
1651,5.10347,5.14737,3.146e-04,0.751,0.134,26141
1652,5.16483,5.14737,3.143e-04,0.659,0.112,26172
1653,5.20306,5.14737,3.140e-04,0.698,0.126,26789
1654,5.02807,5.14737,3.137e-04,0.792,0.134,26335
1655,4.98874,5.14737,3.133e-04,0.679,0.134,26181
1656,5.07618,5.14737,3.130e-04,0.730,0.117,26226
1657,5.21293,5.14737,3.127e-04,0.678,0.111,26571
1658,5.19229,5.14737,3.124e-04,0.688,0.127,26516
1659,5.24446,5.14737,3.121e-04,0.739,0.135,26299
1660,5.15796,5.14737,3.118e-04,0.724,0.128,26541
1661,5.08177,5.14737,3.115e-04,0.635,0.116,26563
1662,5.08185,5.14737,3.112e-04,0.723,0.124,26569
1663,5.25519,5.14737,3.109e-04,0.722,0.117,26401
1664,5.19369,5.14737,3.106e-04,0.698,0.118,26265
1665,5.07947,5.14737,3.103e-04,0.675,0.115,26321
1666,5.15271,5.14737,3.100e-04,0.739,0.132,26702
1667,5.30266,5.14737,3.097e-04,0.712,0.113,26270
1668,5.08512,5.14737,3.094e-04,0.722,0.131,26449
1669,5.15940,5.14737,3.091e-04,0.677,0.118,26491
1670,4.90576,5.14737,3.088e-04,0.702,0.142,26674
1671,5.18550,5.14737,3.085e-04,0.716,0.121,26039
1672,4.99498,5.14737,3.082e-04,0.708,0.138,26269
1673,5.05415,5.14737,3.079e-04,0.685,0.116,26348
1674,5.07053,5.14737,3.076e-04,0.726,0.133,26827
1675,5.31952,5.14737,3.073e-04,0.772,0.129,26271
1676,5.07045,5.14737,3.070e-04,0.739,0.153,26198
1677,5.08745,5.14737,3.067e-04,0.674,0.116,26161
1678,5.18171,5.14737,3.064e-04,0.765,0.134,26726
1679,5.26230,5.14737,3.061e-04,0.731,0.120,26231
1680,5.24774,5.14737,3.058e-04,0.763,0.121,26214
1681,5.16134,5.14737,3.055e-04,0.718,0.120,26328
1682,5.22241,5.14737,3.052e-04,0.668,0.114,27381
1683,5.05749,5.14737,3.049e-04,0.760,0.139,26441
1684,5.05877,5.14737,3.046e-04,0.711,0.121,26416
1685,4.92147,5.14737,3.043e-04,0.717,0.121,26113
1686,5.06966,5.14737,3.040e-04,0.705,0.113,26281
1687,4.87381,5.14737,3.037e-04,0.712,0.146,26550
1688,5.04579,5.14737,3.034e-04,0.696,0.121,27011
1689,5.13726,5.14737,3.031e-04,0.670,0.120,26220
1690,5.33037,5.14737,3.028e-04,0.714,0.114,26499
1691,4.95707,5.14737,3.025e-04,0.692,0.132,26845
1692,5.15956,5.14737,3.022e-04,0.665,0.112,26056
1693,5.15862,5.14737,3.019e-04,0.620,0.106,26274
1694,5.17521,5.14737,3.016e-04,0.705,0.112,26346
1695,5.22050,5.14737,3.013e-04,0.652,0.101,26821
1696,5.05398,5.14737,3.010e-04,0.660,0.107,26125
1697,5.04568,5.14737,3.007e-04,0.670,0.103,26230
1698,5.06633,5.14737,3.004e-04,0.676,0.121,26072
1699,5.22460,5.14737,3.001e-04,0.755,0.117,26759
1700,5.05419,5.14737,2.998e-04,0.704,0.130,26235
1701,5.21507,5.14737,2.995e-04,0.720,0.112,26727
1702,4.92001,5.14737,2.992e-04,0.802,0.157,26228
1703,5.21498,5.14737,2.989e-04,0.700,0.120,26673
1704,5.03526,5.14737,2.986e-04,0.685,0.129,26512
1705,5.13162,5.14737,2.983e-04,0.688,0.144,26158
1706,5.03764,5.14737,2.980e-04,0.729,0.164,26292
1707,5.25759,5.14737,2.977e-04,0.796,0.112,26629
1708,5.39190,5.14737,2.974e-04,0.813,0.127,26306
1709,5.02470,5.14737,2.971e-04,0.743,0.123,26576
1710,5.11349,5.14737,2.968e-04,0.734,0.122,26469
1711,5.09324,5.14737,2.965e-04,0.702,0.117,27096
1712,5.25112,5.14737,2.962e-04,0.760,0.129,26816
1713,5.18041,5.14737,2.959e-04,0.710,0.119,26265
1714,5.11674,5.14737,2.956e-04,0.778,0.116,26364
1715,4.97741,5.14737,2.953e-04,0.664,0.118,26363
1716,4.94787,5.14737,2.950e-04,0.727,0.114,26945
1717,5.16674,5.14737,2.947e-04,0.731,0.122,26037
1718,5.18808,5.14737,2.944e-04,0.723,0.123,26347
1719,5.11462,5.14737,2.941e-04,0.734,0.132,26236
1720,5.04445,5.14737,2.938e-04,0.671,0.105,26866
1721,5.09958,5.14737,2.935e-04,0.678,0.123,26834
1722,5.03013,5.14737,2.932e-04,0.777,0.114,26276
1723,5.17720,5.14737,2.929e-04,0.730,0.122,26325
1724,5.04362,5.14737,2.926e-04,0.758,0.114,26603
1725,5.09061,5.14737,2.923e-04,0.754,0.119,26491
1726,5.22546,5.14737,2.920e-04,0.729,0.115,26186
1727,5.13599,5.14737,2.917e-04,0.737,0.117,26219
1728,5.01134,5.14737,2.914e-04,0.755,0.121,26273
1729,5.05870,5.14737,2.911e-04,0.733,0.105,26250
1730,5.02260,5.14737,2.908e-04,0.708,0.130,26608
1731,5.00957,5.14737,2.905e-04,0.701,0.102,26520
1732,4.96531,5.14737,2.902e-04,0.775,0.134,26898
1733,5.08756,5.14737,2.899e-04,0.710,0.115,26501
1734,5.06197,5.14737,2.896e-04,0.750,0.141,26127
1735,5.11607,5.14737,2.893e-04,0.722,0.113,26195
1736,5.02824,5.14737,2.890e-04,0.682,0.124,26306
1737,5.13794,5.14737,2.887e-04,0.708,0.120,26730
1738,5.05812,5.14737,2.884e-04,0.707,0.113,26195
1739,5.05929,5.14737,2.881e-04,0.710,0.116,26019
1740,5.10627,5.14737,2.878e-04,0.658,0.102,26404
1741,5.00838,5.14737,2.875e-04,0.690,0.114,26530
1742,4.98357,5.14737,2.872e-04,0.640,0.104,26186
1743,5.08419,5.14737,2.869e-04,0.626,0.107,26003
1744,5.00849,5.14737,2.866e-04,0.645,0.101,26459
1745,4.98426,5.14737,2.863e-04,0.689,0.106,26667
1746,4.91694,5.14737,2.860e-04,0.690,0.112,26074
1747,4.98114,5.14737,2.857e-04,0.673,0.106,26088
1748,5.06292,5.14737,2.854e-04,0.672,0.108,26281
1749,5.27012,5.14737,2.851e-04,0.686,0.104,26648
1750,5.22450,5.03891,2.848e-04,0.700,0.118,7943
1751,5.13317,5.03891,2.845e-04,0.701,0.108,27248
1752,4.98190,5.03891,2.842e-04,0.650,0.103,26153
1753,5.27094,5.03891,2.839e-04,0.734,0.126,26323
1754,5.06474,5.03891,2.836e-04,0.778,0.125,26606
1755,5.02033,5.03891,2.833e-04,0.707,0.114,26157
1756,5.19666,5.03891,2.830e-04,0.750,0.113,26110
1757,4.97513,5.03891,2.827e-04,0.758,0.136,26185
1758,5.11813,5.03891,2.824e-04,0.801,0.125,26704
1759,5.04914,5.03891,2.821e-04,0.749,0.124,26212
1760,5.11277,5.03891,2.818e-04,0.793,0.119,26166
1761,5.03746,5.03891,2.815e-04,0.802,0.148,26455
1762,4.88413,5.03891,2.812e-04,0.727,0.116,26514
1763,4.99615,5.03891,2.809e-04,0.733,0.135,25891
1764,5.13897,5.03891,2.806e-04,0.728,0.123,26206
1765,5.06659,5.03891,2.803e-04,0.742,0.122,26434
1766,4.98288,5.03891,2.800e-04,0.728,0.119,26621
1767,5.09063,5.03891,2.797e-04,0.723,0.127,26102
1768,4.98048,5.03891,2.794e-04,0.778,0.132,26233
1769,5.06237,5.03891,2.791e-04,0.711,0.119,26139
1770,5.15073,5.03891,2.788e-04,0.829,0.130,27317
1771,4.98380,5.03891,2.785e-04,0.713,0.121,26191
1772,5.12915,5.03891,2.782e-04,0.746,0.119,26129
1773,4.90639,5.03891,2.779e-04,0.716,0.119,26201
1774,5.05369,5.03891,2.776e-04,0.747,0.139,26773
1775,5.14345,5.03891,2.773e-04,0.733,0.115,26364
1776,4.99787,5.03891,2.770e-04,0.745,0.134,26613
1777,5.02128,5.03891,2.767e-04,0.708,0.102,26658
1778,4.97550,5.03891,2.764e-04,0.799,0.137,26719
1779,5.20851,5.03891,2.761e-04,0.748,0.114,26344
1780,5.16612,5.03891,2.758e-04,0.827,0.137,26381
1781,5.05078,5.03891,2.755e-04,0.739,0.127,26368
1782,5.20081,5.03891,2.752e-04,0.839,0.139,26510
1783,5.02662,5.03891,2.750e-04,0.672,0.115,26587
1784,5.04044,5.03891,2.747e-04,0.711,0.117,26182
1785,5.12770,5.03891,2.744e-04,0.748,0.114,26083
1786,5.00142,5.03891,2.741e-04,0.679,0.115,26447
1787,5.01284,5.03891,2.738e-04,0.717,0.125,26634
1788,5.00749,5.03891,2.735e-04,0.724,0.124,26157
1789,5.13978,5.03891,2.732e-04,0.753,0.132,26158
1790,5.11050,5.03891,2.729e-04,0.753,0.125,26392
1791,5.16708,5.03891,2.726e-04,0.714,0.127,26840
1792,4.95783,5.03891,2.723e-04,0.723,0.125,25929
1793,5.15622,5.03891,2.720e-04,0.707,0.109,26426
1794,4.71119,5.03891,2.717e-04,0.669,0.122,26424
1795,5.07939,5.03891,2.714e-04,0.719,0.106,26781
1796,5.10720,5.03891,2.711e-04,0.732,0.118,26201
1797,4.95961,5.03891,2.708e-04,0.823,0.147,26288
1798,5.28167,5.03891,2.705e-04,0.753,0.109,26109
1799,5.04643,5.03891,2.702e-04,0.720,0.119,26806
1800,5.00130,5.03891,2.699e-04,0.813,0.137,26422
1801,4.87090,5.03891,2.696e-04,0.742,0.145,26603
1802,5.07288,5.03891,2.693e-04,0.701,0.107,26374
1803,5.14012,5.03891,2.690e-04,0.822,0.134,26547
1804,4.87477,5.03891,2.687e-04,0.737,0.141,26362
1805,5.26708,5.03891,2.684e-04,0.748,0.123,25972
1806,4.98383,5.03891,2.681e-04,0.769,0.132,26366
1807,5.08731,5.03891,2.679e-04,0.752,0.107,26474
1808,5.12569,5.03891,2.676e-04,0.734,0.120,26291
1809,4.92143,5.03891,2.673e-04,0.702,0.127,26391
1810,4.98252,5.03891,2.670e-04,0.804,0.138,26204
1811,4.99498,5.03891,2.667e-04,0.717,0.126,26389
1812,5.07983,5.03891,2.664e-04,0.807,0.130,26558
1813,5.17119,5.03891,2.661e-04,0.737,0.111,26885
1814,5.09866,5.03891,2.658e-04,0.730,0.139,26287
1815,5.09087,5.03891,2.655e-04,0.741,0.121,26423
1816,4.99948,5.03891,2.652e-04,0.722,0.127,26569
1817,5.01779,5.03891,2.649e-04,0.688,0.119,26184
1818,4.79401,5.03891,2.646e-04,0.737,0.139,26253
1819,5.08783,5.03891,2.643e-04,0.759,0.133,26384
1820,5.10714,5.03891,2.640e-04,0.749,0.127,26633
1821,5.04202,5.03891,2.637e-04,0.744,0.132,26679
1822,4.87785,5.03891,2.634e-04,0.744,0.125,26393
1823,5.04304,5.03891,2.631e-04,0.676,0.111,25904
1824,5.05088,5.03891,2.629e-04,0.751,0.123,26580
1825,5.04192,5.03891,2.626e-04,0.719,0.109,26178
1826,4.90585,5.03891,2.623e-04,0.723,0.131,26282
1827,4.95905,5.03891,2.620e-04,0.731,0.129,26384
1828,4.85251,5.03891,2.617e-04,0.678,0.111,26602
1829,5.10509,5.03891,2.614e-04,0.693,0.117,26088
1830,5.08881,5.03891,2.611e-04,0.706,0.120,26287
1831,5.09785,5.03891,2.608e-04,0.691,0.112,26136
1832,5.13906,5.03891,2.605e-04,0.745,0.128,26729
1833,5.06613,5.03891,2.602e-04,0.693,0.119,26464
1834,5.06114,5.03891,2.599e-04,0.708,0.114,26443
1835,5.01497,5.03891,2.596e-04,0.723,0.119,26435
1836,5.05408,5.03891,2.593e-04,0.778,0.118,27113
1837,5.20316,5.03891,2.590e-04,0.778,0.145,26671
1838,4.85595,5.03891,2.588e-04,0.690,0.132,26404
1839,5.08102,5.03891,2.585e-04,0.820,0.154,26225
1840,5.05350,5.03891,2.582e-04,0.730,0.125,26294
1841,4.96769,5.03891,2.579e-04,0.844,0.143,26355
1842,5.02487,5.03891,2.576e-04,0.717,0.114,26197
1843,5.18660,5.03891,2.573e-04,0.712,0.108,26131
1844,4.89413,5.03891,2.570e-04,0.733,0.131,26375
1845,4.98710,5.03891,2.567e-04,0.788,0.135,26498
1846,5.11508,5.03891,2.564e-04,0.695,0.108,26208
1847,5.01910,5.03891,2.561e-04,0.764,0.132,25940
1848,4.91204,5.03891,2.558e-04,0.708,0.130,26425
1849,4.83950,5.03891,2.555e-04,0.722,0.137,26620
1850,5.04414,5.03891,2.553e-04,0.788,0.138,26113
1851,4.95731,5.03891,2.550e-04,0.743,0.123,25994
1852,5.01847,5.03891,2.547e-04,0.711,0.123,26390
1853,5.06618,5.03891,2.544e-04,0.732,0.127,26730
1854,5.08678,5.03891,2.541e-04,0.752,0.123,26309
1855,4.96296,5.03891,2.538e-04,0.779,0.123,26228
1856,5.07894,5.03891,2.535e-04,0.801,0.148,26298
1857,5.19314,5.03891,2.532e-04,0.788,0.125,27194
1858,5.00947,5.03891,2.529e-04,0.787,0.132,26186
1859,4.89237,5.03891,2.526e-04,0.858,0.164,26264
1860,5.09302,5.03891,2.523e-04,0.701,0.122,26079
1861,4.96747,5.03891,2.521e-04,0.820,0.164,26805
1862,4.93869,5.03891,2.518e-04,0.729,0.117,26318
1863,4.83036,5.03891,2.515e-04,0.748,0.129,26048
1864,5.04761,5.03891,2.512e-04,0.679,0.114,26147
1865,5.08139,5.03891,2.509e-04,0.694,0.106,26718
1866,5.03364,5.03891,2.506e-04,0.718,0.119,26244
1867,4.97131,5.03891,2.503e-04,0.722,0.114,26421
1868,4.91181,5.03891,2.500e-04,0.690,0.108,26463
1869,4.97849,5.03891,2.497e-04,0.670,0.108,26789
1870,4.93108,5.03891,2.495e-04,0.749,0.116,26458
1871,5.11940,5.03891,2.492e-04,0.692,0.109,26630
1872,5.17192,5.03891,2.489e-04,0.708,0.114,26537
1873,4.81346,5.03891,2.486e-04,0.669,0.111,26244
1874,5.05206,5.03891,2.483e-04,0.768,0.120,26553
1875,5.07633,5.03891,2.480e-04,0.848,0.138,26120
1876,5.12678,5.03891,2.477e-04,0.715,0.118,26590
1877,4.99787,5.03891,2.474e-04,0.717,0.112,26626
1878,4.90377,5.03891,2.471e-04,0.740,0.123,26795
1879,5.02943,5.03891,2.469e-04,0.726,0.122,26209
1880,5.01731,5.03891,2.466e-04,0.740,0.110,26158
1881,4.86272,5.03891,2.463e-04,0.733,0.131,26467
1882,5.05537,5.03891,2.460e-04,0.725,0.118,26886
1883,5.20918,5.03891,2.457e-04,0.759,0.136,26319
1884,4.70158,5.03891,2.454e-04,0.714,0.129,26014
1885,5.11584,5.03891,2.451e-04,0.776,0.126,26153
1886,5.03202,5.03891,2.448e-04,0.713,0.112,26811
1887,5.14385,5.03891,2.446e-04,0.757,0.120,26457
1888,4.76038,5.03891,2.443e-04,0.802,0.140,26223
1889,4.81781,5.03891,2.440e-04,0.779,0.131,26288
1890,5.05947,5.03891,2.437e-04,0.714,0.120,26700
1891,4.69604,5.03891,2.434e-04,0.680,0.131,26316
1892,4.88688,5.03891,2.431e-04,0.747,0.132,26180
1893,5.02052,5.03891,2.428e-04,0.740,0.125,26200
1894,5.22593,5.03891,2.425e-04,0.728,0.108,26600
1895,4.97867,5.03891,2.423e-04,0.812,0.142,26540
1896,4.90364,5.03891,2.420e-04,0.740,0.113,26087
1897,4.88978,5.03891,2.417e-04,0.703,0.127,26579
1898,5.01546,5.03891,2.414e-04,0.778,0.122,26704
1899,5.06450,5.03891,2.411e-04,0.696,0.107,26409
1900,4.95123,5.03891,2.408e-04,0.786,0.119,25984
1901,4.88772,5.03891,2.405e-04,0.661,0.108,26716
1902,4.88404,5.03891,2.403e-04,0.737,0.120,26480
1903,4.83546,5.03891,2.400e-04,0.881,0.143,26819
1904,5.02075,5.03891,2.397e-04,0.770,0.112,26308
1905,4.93923,5.03891,2.394e-04,0.730,0.115,26263
1906,5.13903,5.03891,2.391e-04,0.767,0.110,26115
1907,4.97874,5.03891,2.388e-04,0.742,0.117,26765
1908,4.86996,5.03891,2.385e-04,0.680,0.109,26235
1909,5.12044,5.03891,2.383e-04,0.761,0.117,26396
1910,4.82003,5.03891,2.380e-04,0.731,0.116,26289
1911,4.98515,5.03891,2.377e-04,0.702,0.106,26949
1912,5.04680,5.03891,2.374e-04,0.746,0.106,26464
1913,5.18928,5.03891,2.371e-04,0.744,0.116,26270
1914,4.79571,5.03891,2.368e-04,0.786,0.140,26381
1915,5.01657,5.03891,2.365e-04,0.753,0.132,26491
1916,4.98286,5.03891,2.363e-04,0.754,0.134,26238
1917,5.13554,5.03891,2.360e-04,0.756,0.116,26175
1918,4.99187,5.03891,2.357e-04,0.747,0.113,26241
1919,4.89128,5.03891,2.354e-04,0.738,0.117,26696
1920,5.00745,5.03891,2.351e-04,0.824,0.130,26408
1921,4.94692,5.03891,2.348e-04,0.762,0.120,26950
1922,4.95674,5.03891,2.346e-04,0.762,0.109,26797
1923,5.09239,5.03891,2.343e-04,0.782,0.119,26265
1924,5.02223,5.03891,2.340e-04,0.710,0.101,26596
1925,5.05561,5.03891,2.337e-04,0.736,0.118,26259
1926,4.95252,5.03891,2.334e-04,0.700,0.118,26352
1927,4.95997,5.03891,2.331e-04,0.714,0.118,26271
1928,4.97057,5.03891,2.329e-04,0.684,0.111,26668
1929,5.08004,5.03891,2.326e-04,0.731,0.116,26254
1930,4.94329,5.03891,2.323e-04,0.739,0.133,26132
1931,5.00408,5.03891,2.320e-04,0.770,0.122,26484
1932,5.14763,5.03891,2.317e-04,0.693,0.112,26865
1933,5.05305,5.03891,2.315e-04,0.748,0.125,26083
1934,4.97038,5.03891,2.312e-04,0.729,0.117,26285
1935,5.01802,5.03891,2.309e-04,0.760,0.116,26165
1936,4.92661,5.03891,2.306e-04,0.696,0.112,26896
1937,5.14235,5.03891,2.303e-04,0.755,0.113,26378
1938,4.91859,5.03891,2.300e-04,0.660,0.111,26381
1939,5.03384,5.03891,2.298e-04,0.733,0.108,26138
1940,4.80211,5.03891,2.295e-04,0.715,0.110,26554
1941,4.83826,5.03891,2.292e-04,0.655,0.102,26326
1942,5.08392,5.03891,2.289e-04,0.697,0.112,26117
1943,5.02031,5.03891,2.286e-04,0.772,0.116,26188
1944,4.81619,5.03891,2.284e-04,0.752,0.139,26813
1945,5.02597,5.03891,2.281e-04,0.865,0.122,26340
1946,4.90476,5.03891,2.278e-04,0.813,0.131,26130
1947,5.17306,5.03891,2.275e-04,0.794,0.118,26184
1948,4.93102,5.03891,2.272e-04,0.734,0.135,26478
1949,5.07362,5.03891,2.270e-04,0.845,0.130,26623
1950,4.92295,5.03891,2.267e-04,0.832,0.125,26202
1951,4.94707,5.03891,2.264e-04,0.769,0.136,26190
1952,4.95120,5.03891,2.261e-04,0.752,0.113,26530
1953,5.12943,5.03891,2.258e-04,0.822,0.118,26381
1954,5.00720,5.03891,2.256e-04,0.719,0.113,26315
1955,5.00592,5.03891,2.253e-04,0.907,0.140,26249
1956,4.96060,5.03891,2.250e-04,0.805,0.119,26424
1957,4.89018,5.03891,2.247e-04,0.776,0.138,26564
1958,4.89909,5.03891,2.244e-04,0.807,0.114,26282
1959,5.03083,5.03891,2.242e-04,0.797,0.124,26195
1960,5.14728,5.03891,2.239e-04,0.790,0.118,26453
1961,4.83403,5.03891,2.236e-04,0.778,0.134,27119
1962,4.96373,5.03891,2.233e-04,0.780,0.117,26250
1963,5.01748,5.03891,2.230e-04,0.780,0.139,26375
1964,5.05204,5.03891,2.228e-04,0.779,0.119,26105
1965,4.95168,5.03891,2.225e-04,0.740,0.132,26952
1966,4.83045,5.03891,2.222e-04,0.725,0.118,26033
1967,5.07983,5.03891,2.219e-04,0.740,0.110,26224
1968,4.94328,5.03891,2.217e-04,0.796,0.134,26317
1969,4.82194,5.03891,2.214e-04,0.753,0.127,26779
1970,4.86562,5.03891,2.211e-04,0.720,0.114,27102
1971,4.88412,5.03891,2.208e-04,0.805,0.139,25972
1972,4.95600,5.03891,2.206e-04,0.694,0.101,26243
1973,4.90364,5.03891,2.203e-04,0.716,0.116,26613
1974,4.97181,5.03891,2.200e-04,0.714,0.107,26323
1975,5.13833,5.03891,2.197e-04,0.784,0.121,26222
1976,5.21779,5.03891,2.194e-04,0.706,0.109,26305
1977,4.81050,5.03891,2.192e-04,0.749,0.124,26548
1978,4.95282,5.03891,2.189e-04,0.833,0.131,26528
1979,4.85040,5.03891,2.186e-04,0.707,0.109,26573
1980,4.89882,5.03891,2.183e-04,0.743,0.111,26186
1981,4.98742,5.03891,2.181e-04,0.811,0.132,26515
1982,5.01974,5.03891,2.178e-04,0.785,0.116,26748
1983,4.90204,5.03891,2.175e-04,0.701,0.104,26232
1984,5.14777,5.03891,2.172e-04,0.769,0.112,26463
1985,4.98849,5.03891,2.170e-04,0.718,0.117,26404
1986,5.05680,5.03891,2.167e-04,0.794,0.130,26926
1987,4.95777,5.03891,2.164e-04,0.765,0.123,26161
1988,4.97548,5.03891,2.161e-04,0.716,0.127,26410
1989,5.01367,5.03891,2.159e-04,0.752,0.115,26094
1990,4.97899,5.03891,2.156e-04,0.749,0.118,26764
1991,4.86398,5.03891,2.153e-04,0.685,0.105,26229
1992,4.91441,5.03891,2.150e-04,0.750,0.111,26350
1993,4.90328,5.03891,2.148e-04,0.771,0.113,26166
1994,4.88623,5.03891,2.145e-04,0.806,0.110,26692
1995,4.91772,5.03891,2.142e-04,0.710,0.113,26460
1996,5.17158,5.03891,2.139e-04,0.765,0.121,26202
1997,4.94546,5.03891,2.137e-04,0.783,0.129,26255
1998,5.09093,5.03891,2.134e-04,0.736,0.111,26735
1999,4.99328,5.03891,2.131e-04,0.733,0.107,26466
2000,5.10314,4.94759,2.129e-04,0.709,0.104,7901
2001,4.95670,4.94759,2.126e-04,0.741,0.125,27590
2002,4.93954,4.94759,2.123e-04,0.793,0.113,26419
2003,4.85209,4.94759,2.120e-04,0.734,0.111,26829
2004,5.04744,4.94759,2.118e-04,0.742,0.124,26354
2005,5.05586,4.94759,2.115e-04,0.776,0.117,26154
2006,5.10241,4.94759,2.112e-04,0.776,0.117,26078
2007,5.05481,4.94759,2.109e-04,0.710,0.110,26647
2008,4.90210,4.94759,2.107e-04,0.788,0.124,26480
2009,4.85047,4.94759,2.104e-04,0.739,0.124,26170
2010,5.00065,4.94759,2.101e-04,0.783,0.123,26508
2011,4.96202,4.94759,2.099e-04,0.724,0.118,26481
2012,4.77663,4.94759,2.096e-04,0.804,0.138,26443
2013,4.93572,4.94759,2.093e-04,0.797,0.119,26420
2014,5.02773,4.94759,2.090e-04,0.785,0.135,26245
2015,4.95661,4.94759,2.088e-04,0.788,0.120,26534
2016,4.96124,4.94759,2.085e-04,0.758,0.119,27334
2017,4.93602,4.94759,2.082e-04,0.735,0.119,26238
2018,4.84539,4.94759,2.080e-04,0.792,0.139,26413
2019,5.01430,4.94759,2.077e-04,0.753,0.116,26290
2020,5.02187,4.94759,2.074e-04,0.750,0.119,26870
2021,4.89121,4.94759,2.072e-04,0.735,0.121,26973
2022,4.88810,4.94759,2.069e-04,0.771,0.113,26408
2023,5.00083,4.94759,2.066e-04,0.687,0.110,26520
2024,4.89909,4.94759,2.063e-04,0.746,0.113,26617
2025,4.69494,4.94759,2.061e-04,0.678,0.115,26268
2026,4.95289,4.94759,2.058e-04,0.805,0.125,26149
2027,5.06535,4.94759,2.055e-04,0.747,0.113,26198
2028,5.00378,4.94759,2.053e-04,0.718,0.105,26741
2029,4.76449,4.94759,2.050e-04,0.736,0.108,26530
2030,4.98678,4.94759,2.047e-04,0.800,0.118,26174
2031,5.02428,4.94759,2.045e-04,0.729,0.105,26306
2032,4.96707,4.94759,2.042e-04,0.738,0.118,26418
2033,4.87757,4.94759,2.039e-04,0.790,0.117,26563
2034,4.90203,4.94759,2.037e-04,0.739,0.109,26254
2035,4.92959,4.94759,2.034e-04,0.715,0.115,25979
2036,4.82386,4.94759,2.031e-04,0.740,0.116,26409
2037,4.97863,4.94759,2.029e-04,0.759,0.117,26359
2038,4.98312,4.94759,2.026e-04,0.710,0.109,26397
2039,4.92103,4.94759,2.023e-04,0.740,0.107,26147
2040,5.11771,4.94759,2.021e-04,0.776,0.112,26536
2041,4.68448,4.94759,2.018e-04,0.753,0.117,26249
2042,4.80181,4.94759,2.015e-04,0.803,0.153,26156
2043,5.03171,4.94759,2.013e-04,0.746,0.113,25973
2044,4.91835,4.94759,2.010e-04,0.866,0.132,26656
2045,5.09055,4.94759,2.007e-04,0.723,0.127,26711
2046,4.84164,4.94759,2.005e-04,0.777,0.121,26691
2047,4.91630,4.94759,2.002e-04,0.781,0.119,26179
2048,5.05722,4.94759,1.999e-04,0.814,0.138,26331
2049,4.91131,4.94759,1.997e-04,0.816,0.134,26610
2050,5.00959,4.94759,1.994e-04,0.740,0.118,25891
2051,4.93015,4.94759,1.991e-04,0.789,0.118,26200
2052,4.96909,4.94759,1.989e-04,0.783,0.112,26257
2053,4.91162,4.94759,1.986e-04,0.740,0.131,26642
2054,4.66484,4.94759,1.983e-04,0.694,0.113,26088
2055,4.99332,4.94759,1.981e-04,0.761,0.122,26088
2056,5.04582,4.94759,1.978e-04,0.719,0.111,26209
2057,4.90971,4.94759,1.975e-04,0.708,0.111,26743
2058,4.90422,4.94759,1.973e-04,0.816,0.146,26187
2059,5.08653,4.94759,1.970e-04,0.779,0.106,26071
2060,4.89492,4.94759,1.968e-04,0.838,0.151,26148
2061,5.01349,4.94759,1.965e-04,0.735,0.105,26847
2062,4.85362,4.94759,1.962e-04,0.750,0.115,26190
2063,4.90172,4.94759,1.960e-04,0.729,0.123,26245
2064,4.78208,4.94759,1.957e-04,0.745,0.110,26747
2065,4.99838,4.94759,1.954e-04,0.802,0.113,26686
2066,4.94641,4.94759,1.952e-04,0.735,0.116,26411
2067,5.09563,4.94759,1.949e-04,0.728,0.109,26382
2068,4.79684,4.94759,1.947e-04,0.816,0.128,26363
2069,4.88393,4.94759,1.944e-04,0.694,0.103,26634
2070,4.73444,4.94759,1.941e-04,0.719,0.121,26636
2071,4.76395,4.94759,1.939e-04,0.709,0.109,26211
2072,4.89221,4.94759,1.936e-04,0.753,0.118,26313
2073,4.94910,4.94759,1.933e-04,0.733,0.108,26631
2074,4.83955,4.94759,1.931e-04,0.743,0.111,26652
2075,4.98800,4.94759,1.928e-04,0.764,0.115,26274
2076,4.98657,4.94759,1.926e-04,0.736,0.109,26177
2077,4.94185,4.94759,1.923e-04,0.690,0.102,26538
2078,5.05156,4.94759,1.920e-04,0.763,0.109,26529
2079,5.06826,4.94759,1.918e-04,0.734,0.125,26157
2080,5.00883,4.94759,1.915e-04,0.761,0.119,26274
2081,4.90811,4.94759,1.913e-04,0.937,0.175,26397
2082,4.82674,4.94759,1.910e-04,0.809,0.136,26641
2083,4.83421,4.94759,1.907e-04,0.818,0.125,26009
2084,4.86789,4.94759,1.905e-04,0.716,0.116,26230
2085,4.85665,4.94759,1.902e-04,0.796,0.128,26404
2086,4.90832,4.94759,1.900e-04,0.820,0.127,27380
2087,5.14769,4.94759,1.897e-04,0.826,0.115,26150
2088,4.99898,4.94759,1.894e-04,0.804,0.149,26283
2089,4.93653,4.94759,1.892e-04,0.799,0.107,26317
2090,5.07577,4.94759,1.889e-04,0.758,0.129,26661
2091,4.92670,4.94759,1.887e-04,0.760,0.119,26096
2092,4.85469,4.94759,1.884e-04,0.714,0.104,26154
2093,4.96611,4.94759,1.882e-04,0.687,0.106,26234
2094,5.02152,4.94759,1.879e-04,0.751,0.104,26776
2095,4.90615,4.94759,1.876e-04,0.726,0.111,26270
2096,4.91261,4.94759,1.874e-04,0.818,0.113,26101
2097,5.03199,4.94759,1.871e-04,0.792,0.117,26116
2098,4.90607,4.94759,1.869e-04,0.824,0.126,26688
2099,4.97610,4.94759,1.866e-04,0.738,0.104,26467
2100,4.96690,4.94759,1.864e-04,0.782,0.110,26038
2101,4.99798,4.94759,1.861e-04,0.785,0.113,26445
2102,4.87298,4.94759,1.858e-04,0.712,0.126,26501
2103,4.95708,4.94759,1.856e-04,0.772,0.117,26382
2104,4.90106,4.94759,1.853e-04,0.778,0.111,26247
2105,4.94608,4.94759,1.851e-04,0.742,0.122,26563
2106,4.80172,4.94759,1.848e-04,0.764,0.126,26483
2107,4.94054,4.94759,1.846e-04,0.802,0.114,26801
2108,4.95575,4.94759,1.843e-04,0.787,0.126,26213
2109,4.70899,4.94759,1.841e-04,0.774,0.128,26564
2110,4.89934,4.94759,1.838e-04,0.735,0.105,26556
2111,4.86548,4.94759,1.835e-04,0.788,0.125,26671
2112,4.89776,4.94759,1.833e-04,0.730,0.116,26231
2113,4.78584,4.94759,1.830e-04,0.803,0.131,26705
2114,4.70867,4.94759,1.828e-04,0.789,0.136,26224
2115,4.99227,4.94759,1.825e-04,0.709,0.107,26718
2116,5.08414,4.94759,1.823e-04,0.783,0.129,26309
2117,5.02376,4.94759,1.820e-04,0.700,0.106,26329
2118,4.98344,4.94759,1.818e-04,0.773,0.119,26157
2119,4.92364,4.94759,1.815e-04,0.788,0.127,26692
2120,5.01714,4.94759,1.813e-04,0.794,0.110,26361
2121,4.98233,4.94759,1.810e-04,0.744,0.111,26613
2122,5.05052,4.94759,1.808e-04,0.823,0.118,26161
2123,5.09552,4.94759,1.805e-04,0.792,0.113,26597
2124,4.91489,4.94759,1.802e-04,0.762,0.113,26495
2125,5.01600,4.94759,1.800e-04,0.763,0.125,26219
2126,4.94052,4.94759,1.797e-04,0.761,0.115,26201
2127,4.89812,4.94759,1.795e-04,0.789,0.129,26352
2128,5.12582,4.94759,1.792e-04,0.736,0.111,26486
2129,4.78784,4.94759,1.790e-04,0.909,0.203,26859
2130,4.64512,4.94759,1.787e-04,0.792,0.114,26132
2131,4.86465,4.94759,1.785e-04,0.833,0.137,26664
2132,4.70869,4.94759,1.782e-04,0.752,0.127,26586
2133,4.77072,4.94759,1.780e-04,0.781,0.135,26393
2134,4.86814,4.94759,1.777e-04,0.808,0.113,26173
2135,4.91979,4.94759,1.775e-04,0.750,0.113,26256
2136,4.90252,4.94759,1.772e-04,0.801,0.124,26647
2137,4.88421,4.94759,1.770e-04,0.806,0.115,26058
2138,5.00675,4.94759,1.767e-04,0.744,0.119,26210
2139,5.09169,4.94759,1.765e-04,0.759,0.117,26259
2140,4.98436,4.94759,1.762e-04,0.823,0.124,26624
2141,5.04028,4.94759,1.760e-04,0.757,0.103,26805
2142,4.70312,4.94759,1.757e-04,0.727,0.117,26331
2143,5.05689,4.94759,1.755e-04,0.805,0.129,26205
2144,5.01967,4.94759,1.752e-04,0.767,0.108,26769
2145,4.77433,4.94759,1.750e-04,0.784,0.129,26324
2146,4.73542,4.94759,1.747e-04,0.718,0.103,26102
2147,4.83223,4.94759,1.745e-04,0.811,0.141,26450
2148,5.08577,4.94759,1.743e-04,0.755,0.112,26662
2149,4.79208,4.94759,1.740e-04,0.755,0.110,26475
2150,4.85555,4.94759,1.738e-04,0.793,0.119,26582
2151,4.98987,4.94759,1.735e-04,0.808,0.122,26134
2152,4.84426,4.94759,1.733e-04,0.752,0.113,26504
2153,4.88402,4.94759,1.730e-04,0.768,0.112,26576
2154,4.81891,4.94759,1.728e-04,0.754,0.112,26059
2155,4.86202,4.94759,1.725e-04,0.761,0.113,26289
2156,5.00596,4.94759,1.723e-04,0.718,0.106,26370
2157,4.93298,4.94759,1.720e-04,0.747,0.114,26380
2158,4.87895,4.94759,1.718e-04,0.757,0.119,26344
2159,4.88100,4.94759,1.715e-04,0.722,0.110,26112
2160,4.96870,4.94759,1.713e-04,0.830,0.121,26426
2161,4.95571,4.94759,1.711e-04,0.754,0.109,27401
2162,4.90102,4.94759,1.708e-04,0.730,0.111,26170
2163,4.74363,4.94759,1.706e-04,0.777,0.123,26370
2164,4.95339,4.94759,1.703e-04,0.749,0.117,26389
2165,4.92464,4.94759,1.701e-04,0.704,0.107,26857
2166,5.15152,4.94759,1.698e-04,0.734,0.105,26175
2167,4.91994,4.94759,1.696e-04,0.829,0.137,26274
2168,5.03376,4.94759,1.693e-04,0.861,0.133,26206
2169,4.90760,4.94759,1.691e-04,0.737,0.123,26801
2170,4.95543,4.94759,1.689e-04,0.790,0.119,26265
2171,5.01231,4.94759,1.686e-04,0.795,0.136,26380
2172,4.95436,4.94759,1.684e-04,0.786,0.112,26178
2173,4.72623,4.94759,1.681e-04,0.782,0.130,27370
2174,5.10669,4.94759,1.679e-04,0.772,0.118,26441
2175,4.89591,4.94759,1.676e-04,0.721,0.116,26221
2176,5.02403,4.94759,1.674e-04,0.749,0.109,26342
2177,4.81942,4.94759,1.672e-04,0.747,0.118,26435
2178,5.03156,4.94759,1.669e-04,0.797,0.112,26482
2179,5.05408,4.94759,1.667e-04,0.730,0.108,26374
2180,4.89879,4.94759,1.664e-04,0.839,0.141,26166
2181,4.96976,4.94759,1.662e-04,0.782,0.114,26685
2182,5.05158,4.94759,1.660e-04,0.738,0.108,26513
2183,4.96942,4.94759,1.657e-04,0.738,0.123,26294
2184,4.93387,4.94759,1.655e-04,0.786,0.114,26121
2185,4.65109,4.94759,1.652e-04,1.000,0.135,26403
2186,4.78010,4.94759,1.650e-04,0.761,0.114,26625
2187,4.90666,4.94759,1.648e-04,0.731,0.112,26245
2188,4.92223,4.94759,1.645e-04,0.766,0.109,26090
2189,5.03389,4.94759,1.643e-04,0.815,0.116,26167
2190,4.95201,4.94759,1.640e-04,0.729,0.103,26712
2191,4.92221,4.94759,1.638e-04,0.713,0.106,26201
2192,4.92845,4.94759,1.636e-04,0.729,0.111,26264
2193,4.94424,4.94759,1.633e-04,0.787,0.110,26415
2194,4.95464,4.94759,1.631e-04,0.730,0.102,26998
2195,4.88623,4.94759,1.628e-04,0.757,0.115,26490
2196,4.92626,4.94759,1.626e-04,0.732,0.100,26117
2197,4.92736,4.94759,1.624e-04,0.765,0.106,26186
2198,4.83777,4.94759,1.621e-04,0.771,0.118,26868
2199,4.87464,4.94759,1.619e-04,0.824,0.113,26509
2200,4.91870,4.94759,1.617e-04,0.827,0.113,26223
2201,5.18620,4.94759,1.614e-04,0.831,0.117,26567
2202,4.87043,4.94759,1.612e-04,0.790,0.107,26482
2203,4.80196,4.94759,1.609e-04,0.793,0.118,26447
2204,4.75700,4.94759,1.607e-04,0.753,0.121,26015
2205,5.01514,4.94759,1.605e-04,0.774,0.114,26237
2206,4.88061,4.94759,1.602e-04,0.776,0.119,26366
2207,5.00961,4.94759,1.600e-04,0.743,0.108,26520
2208,4.94837,4.94759,1.598e-04,0.789,0.113,26407
2209,5.05408,4.94759,1.595e-04,0.716,0.102,26908
2210,4.67043,4.94759,1.593e-04,0.738,0.105,26643
2211,4.89731,4.94759,1.591e-04,0.748,0.113,26711
2212,4.99194,4.94759,1.588e-04,0.744,0.105,26273
2213,4.68430,4.94759,1.586e-04,0.910,0.151,26217
2214,4.83549,4.94759,1.584e-04,0.797,0.110,26600
2215,4.76984,4.94759,1.581e-04,0.763,0.122,26838
2216,4.78114,4.94759,1.579e-04,0.812,0.129,25996
2217,4.79141,4.94759,1.577e-04,0.786,0.111,26404
2218,4.80940,4.94759,1.574e-04,0.713,0.110,26192
2219,4.70859,4.94759,1.572e-04,0.727,0.109,26921
2220,4.94799,4.94759,1.570e-04,0.755,0.111,26350
2221,4.89075,4.94759,1.567e-04,0.753,0.103,26711
2222,4.90099,4.94759,1.565e-04,0.718,0.110,26380
2223,4.81281,4.94759,1.563e-04,0.712,0.102,26656
2224,5.00657,4.94759,1.560e-04,0.802,0.111,26418
2225,4.70835,4.94759,1.558e-04,0.735,0.115,26059
2226,4.91282,4.94759,1.556e-04,0.820,0.116,26222
2227,4.94201,4.94759,1.553e-04,0.777,0.120,26618
2228,4.66175,4.94759,1.551e-04,0.715,0.102,26689
2229,4.89352,4.94759,1.549e-04,0.819,0.129,26126
2230,4.82694,4.94759,1.546e-04,0.782,0.115,26212
2231,4.84320,4.94759,1.544e-04,0.770,0.111,26722
2232,4.88646,4.94759,1.542e-04,0.728,0.101,26517
2233,5.01815,4.94759,1.540e-04,0.786,0.114,26247
2234,4.91688,4.94759,1.537e-04,0.786,0.122,26329
2235,4.95800,4.94759,1.535e-04,0.733,0.107,26467
2236,4.70176,4.94759,1.533e-04,0.725,0.115,26875
2237,4.81625,4.94759,1.530e-04,0.753,0.112,26318
2238,5.02507,4.94759,1.528e-04,0.800,0.113,26409
2239,4.97164,4.94759,1.526e-04,0.760,0.116,26392
2240,4.96677,4.94759,1.524e-04,0.769,0.112,26903
2241,4.89315,4.94759,1.521e-04,0.938,0.135,26829
2242,4.91518,4.94759,1.519e-04,0.715,0.111,26188
2243,5.08732,4.94759,1.517e-04,0.808,0.108,26355
2244,4.80683,4.94759,1.514e-04,0.816,0.138,26479
2245,4.71484,4.94759,1.512e-04,0.742,0.114,26362
2246,4.83007,4.94759,1.510e-04,0.797,0.113,26165
2247,4.89260,4.94759,1.508e-04,0.906,0.157,26340
2248,4.97141,4.94759,1.505e-04,0.729,0.114,26708
2249,5.02082,4.94759,1.503e-04,0.838,0.122,26608
2250,5.05849,4.87928,1.501e-04,0.860,0.134,7921
2251,5.00440,4.87928,1.499e-04,0.840,0.123,27309
2252,4.86239,4.87928,1.496e-04,0.823,0.132,26166
2253,5.02606,4.87928,1.494e-04,0.802,0.112,26800
2254,4.90772,4.87928,1.492e-04,0.756,0.110,27020
2255,4.88292,4.87928,1.490e-04,0.807,0.111,26570
2256,4.92603,4.87928,1.487e-04,0.815,0.119,26775
2257,4.91930,4.87928,1.485e-04,0.789,0.110,26444
2258,5.06997,4.87928,1.483e-04,0.800,0.111,26483
2259,4.69544,4.87928,1.481e-04,0.900,0.142,26112
2260,4.72211,4.87928,1.478e-04,0.741,0.114,26296
2261,4.96881,4.87928,1.476e-04,0.778,0.118,26540
2262,4.80032,4.87928,1.474e-04,0.795,0.118,26762
2263,4.88419,4.87928,1.472e-04,0.785,0.102,26274
2264,4.97073,4.87928,1.469e-04,0.940,0.148,26149
2265,4.89854,4.87928,1.467e-04,0.793,0.111,26389
2266,4.83650,4.87928,1.465e-04,0.753,0.112,26699
2267,4.85144,4.87928,1.463e-04,0.694,0.105,26003
2268,4.93081,4.87928,1.461e-04,0.785,0.124,26345
2269,4.81887,4.87928,1.458e-04,0.779,0.117,26288
2270,5.02823,4.87928,1.456e-04,0.717,0.098,26936
2271,5.04326,4.87928,1.454e-04,0.724,0.109,26143
2272,4.99101,4.87928,1.452e-04,0.753,0.117,26364
2273,4.85751,4.87928,1.450e-04,0.756,0.115,26368
2274,4.95394,4.87928,1.447e-04,0.736,0.110,26791
2275,4.89285,4.87928,1.445e-04,0.709,0.104,26670
2276,5.02886,4.87928,1.443e-04,0.787,0.116,26297
2277,4.91550,4.87928,1.441e-04,0.750,0.108,26953
2278,4.94799,4.87928,1.439e-04,0.727,0.108,26616
2279,4.97152,4.87928,1.436e-04,0.840,0.133,26445
2280,4.72825,4.87928,1.434e-04,0.856,0.145,26180
2281,4.79333,4.87928,1.432e-04,0.747,0.118,26514
2282,4.98624,4.87928,1.430e-04,0.838,0.143,26536
2283,4.87488,4.87928,1.428e-04,0.829,0.112,26743
2284,4.98711,4.87928,1.425e-04,0.759,0.106,26277
2285,4.81942,4.87928,1.423e-04,0.775,0.113,26018
2286,4.90050,4.87928,1.421e-04,0.774,0.107,26232
2287,4.88471,4.87928,1.419e-04,0.792,0.111,26689
2288,4.95729,4.87928,1.417e-04,0.770,0.107,26241
2289,4.87856,4.87928,1.415e-04,0.758,0.111,26197
2290,4.89144,4.87928,1.412e-04,0.801,0.115,26285
2291,4.92314,4.87928,1.410e-04,0.817,0.126,26771
2292,4.82323,4.87928,1.408e-04,0.809,0.111,26028
2293,4.66410,4.87928,1.406e-04,0.758,0.127,26326
2294,4.71592,4.87928,1.404e-04,0.784,0.124,26149
2295,4.79891,4.87928,1.402e-04,0.829,0.125,26808
2296,4.70125,4.87928,1.399e-04,0.785,0.137,26399
2297,4.95576,4.87928,1.397e-04,0.786,0.120,26200
2298,4.90476,4.87928,1.395e-04,0.779,0.114,26520
2299,4.97661,4.87928,1.393e-04,0.845,0.126,26774
2300,5.15808,4.87928,1.391e-04,0.782,0.108,26320
2301,4.79141,4.87928,1.389e-04,0.855,0.120,26690
2302,4.73883,4.87928,1.387e-04,0.777,0.121,26382
2303,4.88717,4.87928,1.384e-04,0.824,0.133,26389
2304,5.01370,4.87928,1.382e-04,0.793,0.110,27108
2305,4.93451,4.87928,1.380e-04,0.881,0.127,26230
2306,5.00840,4.87928,1.378e-04,0.794,0.125,26135
2307,4.75368,4.87928,1.376e-04,0.841,0.131,26512
2308,4.99111,4.87928,1.374e-04,0.821,0.123,26452
2309,4.91329,4.87928,1.372e-04,0.799,0.125,26167
2310,4.81784,4.87928,1.370e-04,0.798,0.126,26174
2311,4.84755,4.87928,1.367e-04,0.809,0.126,26294
2312,4.76860,4.87928,1.365e-04,0.840,0.123,26709
2313,4.91688,4.87928,1.363e-04,0.810,0.120,26303
2314,4.92649,4.87928,1.361e-04,0.801,0.116,26074
2315,4.97026,4.87928,1.359e-04,0.804,0.109,26278
2316,4.78603,4.87928,1.357e-04,0.799,0.126,26621
2317,4.94942,4.87928,1.355e-04,0.752,0.102,26493
2318,4.90628,4.87928,1.353e-04,0.755,0.100,26917
2319,4.82687,4.87928,1.351e-04,0.746,0.121,26137
2320,4.86607,4.87928,1.348e-04,0.818,0.117,26839
2321,4.78598,4.87928,1.346e-04,0.759,0.110,26997
2322,4.87547,4.87928,1.344e-04,0.818,0.105,26099
2323,4.82982,4.87928,1.342e-04,0.783,0.104,26031
2324,4.98486,4.87928,1.340e-04,0.727,0.107,26679
2325,4.88266,4.87928,1.338e-04,0.787,0.111,26234
2326,5.03936,4.87928,1.336e-04,0.758,0.099,26163
2327,4.96153,4.87928,1.334e-04,0.704,0.097,25869
2328,4.82129,4.87928,1.332e-04,0.727,0.100,26560
2329,4.88759,4.87928,1.330e-04,0.783,0.116,26195
2330,4.93004,4.87928,1.328e-04,0.794,0.111,26175
2331,4.82729,4.87928,1.326e-04,0.761,0.116,26196
2332,4.89622,4.87928,1.324e-04,0.833,0.124,26604
2333,4.77867,4.87928,1.321e-04,0.738,0.102,26409
2334,4.93445,4.87928,1.319e-04,0.767,0.105,26234
2335,4.93215,4.87928,1.317e-04,0.748,0.103,26224
2336,4.90078,4.87928,1.315e-04,0.785,0.111,26607
2337,4.90445,4.87928,1.313e-04,0.830,0.114,26491
2338,4.85230,4.87928,1.311e-04,0.737,0.102,26165
2339,4.87916,4.87928,1.309e-04,0.756,0.119,26382
2340,4.74666,4.87928,1.307e-04,0.853,0.122,26545
2341,4.88687,4.87928,1.305e-04,0.816,0.133,27165
2342,4.70114,4.87928,1.303e-04,0.900,0.160,26179
2343,4.89128,4.87928,1.301e-04,0.783,0.109,26100
2344,4.80692,4.87928,1.299e-04,0.787,0.122,26271
2345,4.87133,4.87928,1.297e-04,0.890,0.148,26853
2346,4.92847,4.87928,1.295e-04,0.794,0.135,26012
2347,5.04771,4.87928,1.293e-04,0.835,0.120,26221
2348,4.76004,4.87928,1.291e-04,0.846,0.124,26514
2349,4.76207,4.87928,1.289e-04,0.745,0.111,26887
2350,4.93974,4.87928,1.287e-04,0.805,0.111,26260
2351,4.84556,4.87928,1.285e-04,0.845,0.109,26004
2352,5.03776,4.87928,1.283e-04,0.814,0.111,26723
2353,4.81592,4.87928,1.281e-04,0.758,0.101,26740
2354,4.95625,4.87928,1.279e-04,0.803,0.109,26132
2355,4.76573,4.87928,1.277e-04,0.794,0.113,26193
2356,4.74438,4.87928,1.275e-04,0.837,0.122,25949
2357,4.82197,4.87928,1.273e-04,0.750,0.103,26626
2358,4.70988,4.87928,1.271e-04,0.883,0.133,26483
2359,4.82947,4.87928,1.269e-04,0.753,0.108,26114
2360,4.85634,4.87928,1.267e-04,0.791,0.111,26190
2361,4.79701,4.87928,1.265e-04,0.739,0.106,26474
2362,4.72856,4.87928,1.263e-04,0.801,0.132,26422
2363,4.89046,4.87928,1.261e-04,0.877,0.112,26195
2364,4.79657,4.87928,1.259e-04,0.828,0.113,26589
2365,4.92866,4.87928,1.257e-04,0.754,0.107,26563
2366,5.07234,4.87928,1.255e-04,0.880,0.134,26672
2367,4.78622,4.87928,1.253e-04,0.901,0.145,26020
2368,4.73350,4.87928,1.251e-04,0.730,0.098,26042
2369,4.87658,4.87928,1.249e-04,0.817,0.126,26518
2370,4.76768,4.87928,1.247e-04,0.756,0.111,26550
2371,5.09829,4.87928,1.245e-04,0.840,0.110,26325
2372,4.80647,4.87928,1.243e-04,0.784,0.107,26093
2373,4.99286,4.87928,1.241e-04,0.781,0.102,26540
2374,4.91055,4.87928,1.239e-04,0.854,0.111,26631
2375,4.93822,4.87928,1.237e-04,0.779,0.116,26108
2376,4.86595,4.87928,1.235e-04,0.741,0.107,26143
2377,4.91820,4.87928,1.233e-04,0.747,0.104,26239
2378,4.74316,4.87928,1.231e-04,0.780,0.118,26565
2379,4.82969,4.87928,1.229e-04,0.735,0.112,26146
2380,4.76700,4.87928,1.227e-04,0.745,0.114,26193
2381,4.75347,4.87928,1.225e-04,0.733,0.106,26962
2382,4.76819,4.87928,1.223e-04,0.819,0.124,26817
2383,4.83787,4.87928,1.222e-04,0.773,0.118,25909
2384,4.86728,4.87928,1.220e-04,0.788,0.109,26168
2385,5.01574,4.87928,1.218e-04,0.785,0.115,26354
2386,4.74512,4.87928,1.216e-04,0.793,0.113,26866
2387,5.01261,4.87928,1.214e-04,0.861,0.124,26262
2388,4.83633,4.87928,1.212e-04,0.779,0.112,26421
2389,4.94347,4.87928,1.210e-04,0.805,0.111,26130
2390,4.95713,4.87928,1.208e-04,0.796,0.120,26738
2391,4.82521,4.87928,1.206e-04,0.788,0.107,26327
2392,4.80664,4.87928,1.204e-04,0.900,0.122,26056
2393,4.97692,4.87928,1.202e-04,0.804,0.114,26031
2394,4.66726,4.87928,1.200e-04,0.803,0.119,26559
2395,4.91498,4.87928,1.199e-04,0.755,0.098,26345
2396,4.81198,4.87928,1.197e-04,0.801,0.125,26157
2397,4.86044,4.87928,1.195e-04,0.948,0.139,26218
2398,4.66406,4.87928,1.193e-04,0.742,0.105,26707
2399,4.88942,4.87928,1.191e-04,0.766,0.110,26224
2400,4.87556,4.87928,1.189e-04,0.752,0.114,26563
2401,4.84240,4.87928,1.187e-04,0.790,0.104,26646
2402,4.75618,4.87928,1.185e-04,0.786,0.105,26667
2403,4.86281,4.87928,1.183e-04,0.757,0.110,26658
2404,4.70385,4.87928,1.182e-04,0.854,0.114,26604
2405,4.98859,4.87928,1.180e-04,0.790,0.102,26823
2406,4.71432,4.87928,1.178e-04,0.774,0.110,26293
2407,4.92135,4.87928,1.176e-04,0.759,0.106,26592
2408,4.76823,4.87928,1.174e-04,0.831,0.120,26135
2409,4.81962,4.87928,1.172e-04,0.743,0.111,26445
2410,4.70560,4.87928,1.170e-04,0.814,0.109,26273
2411,4.84656,4.87928,1.168e-04,0.783,0.113,26968
2412,4.98580,4.87928,1.167e-04,0.813,0.124,26101
2413,4.98272,4.87928,1.165e-04,0.842,0.118,26254
2414,4.86325,4.87928,1.163e-04,0.753,0.103,26140
2415,4.75006,4.87928,1.161e-04,0.841,0.131,26749
2416,4.85613,4.87928,1.159e-04,0.822,0.118,26106
2417,4.90359,4.87928,1.157e-04,0.750,0.113,26344
2418,4.99908,4.87928,1.155e-04,0.748,0.107,26260
2419,4.88783,4.87928,1.154e-04,0.821,0.108,26832
2420,4.92448,4.87928,1.152e-04,0.781,0.109,26373
2421,4.83707,4.87928,1.150e-04,0.795,0.119,26627
2422,4.95507,4.87928,1.148e-04,0.772,0.110,26324
2423,4.79332,4.87928,1.146e-04,0.724,0.098,26415
2424,4.95502,4.87928,1.144e-04,0.811,0.119,26518
2425,4.83100,4.87928,1.143e-04,0.813,0.122,26378
2426,4.89167,4.87928,1.141e-04,0.768,0.117,26219
2427,4.69073,4.87928,1.139e-04,0.798,0.141,26377
2428,4.79491,4.87928,1.137e-04,0.755,0.109,26362
2429,4.94027,4.87928,1.135e-04,0.725,0.108,26482
2430,4.70404,4.87928,1.134e-04,0.798,0.125,26181
2431,4.98626,4.87928,1.132e-04,0.758,0.110,26435
2432,4.87358,4.87928,1.130e-04,0.759,0.106,26413
2433,4.75391,4.87928,1.128e-04,0.808,0.109,26135
2434,4.90050,4.87928,1.126e-04,0.821,0.125,26167
2435,5.06965,4.87928,1.125e-04,0.778,0.123,26414
2436,4.50851,4.87928,1.123e-04,0.853,0.136,26332
2437,5.00478,4.87928,1.121e-04,0.753,0.109,26181
2438,4.88498,4.87928,1.119e-04,0.821,0.147,26234
2439,4.97048,4.87928,1.117e-04,0.778,0.112,26288
2440,4.93804,4.87928,1.116e-04,0.758,0.110,26662
2441,4.82132,4.87928,1.114e-04,0.774,0.113,26909
2442,4.99433,4.87928,1.112e-04,0.862,0.131,26341
2443,4.72024,4.87928,1.110e-04,0.763,0.104,25876
2444,4.85999,4.87928,1.109e-04,0.775,0.103,26906
2445,4.83882,4.87928,1.107e-04,0.792,0.119,26840
2446,4.90946,4.87928,1.105e-04,0.815,0.114,26282
2447,4.89962,4.87928,1.103e-04,0.745,0.109,26153
2448,4.79841,4.87928,1.101e-04,0.771,0.113,26766
2449,4.76710,4.87928,1.100e-04,0.791,0.107,27058
2450,4.79617,4.87928,1.098e-04,0.810,0.114,26164
2451,4.95969,4.87928,1.096e-04,0.785,0.107,26372
2452,4.97072,4.87928,1.094e-04,0.830,0.116,26574
2453,4.88955,4.87928,1.093e-04,0.749,0.106,26515
2454,4.76439,4.87928,1.091e-04,0.793,0.107,26418
2455,5.02714,4.87928,1.089e-04,0.842,0.114,26220
2456,4.81737,4.87928,1.088e-04,0.749,0.107,26315
2457,4.91126,4.87928,1.086e-04,0.866,0.114,26733
2458,4.71738,4.87928,1.084e-04,0.833,0.112,26166
2459,4.84836,4.87928,1.082e-04,0.750,0.113,26182
2460,4.80837,4.87928,1.081e-04,0.785,0.107,26349
2461,4.84446,4.87928,1.079e-04,0.810,0.104,26503
2462,4.68397,4.87928,1.077e-04,0.743,0.110,26197
2463,4.81616,4.87928,1.075e-04,0.813,0.110,26123
2464,4.88968,4.87928,1.074e-04,0.845,0.112,26299
2465,4.79658,4.87928,1.072e-04,0.786,0.107,26594
2466,4.83241,4.87928,1.070e-04,0.752,0.101,26771
2467,4.73542,4.87928,1.069e-04,0.822,0.114,26298
2468,5.10959,4.87928,1.067e-04,0.802,0.099,26957
2469,4.94722,4.87928,1.065e-04,0.768,0.107,26782
2470,4.91813,4.87928,1.063e-04,0.775,0.116,26265
2471,4.63189,4.87928,1.062e-04,0.806,0.116,26194
2472,4.95824,4.87928,1.060e-04,0.774,0.098,26194
2473,4.90788,4.87928,1.058e-04,0.837,0.106,26748
2474,4.80102,4.87928,1.057e-04,0.751,0.107,26596
2475,4.78177,4.87928,1.055e-04,0.869,0.116,26198
2476,4.88469,4.87928,1.053e-04,0.793,0.111,26174
2477,4.69442,4.87928,1.052e-04,0.765,0.116,26563
2478,4.83875,4.87928,1.050e-04,0.743,0.104,26337
2479,4.69827,4.87928,1.048e-04,0.817,0.122,26092
2480,4.77628,4.87928,1.047e-04,0.826,0.112,26109
2481,4.81135,4.87928,1.045e-04,0.808,0.118,26455
2482,4.81353,4.87928,1.043e-04,0.887,0.120,26650
2483,4.71100,4.87928,1.042e-04,0.772,0.125,26139
2484,4.91125,4.87928,1.040e-04,0.825,0.105,26079
2485,4.87343,4.87928,1.038e-04,0.745,0.112,26663
2486,4.89491,4.87928,1.037e-04,0.798,0.112,26625
2487,4.80793,4.87928,1.035e-04,0.845,0.119,26186
2488,4.73980,4.87928,1.033e-04,0.763,0.107,26142
2489,5.00539,4.87928,1.032e-04,0.769,0.115,26482
2490,4.72847,4.87928,1.030e-04,0.871,0.126,26807
2491,4.74648,4.87928,1.028e-04,0.747,0.107,26347
2492,4.94208,4.87928,1.027e-04,0.744,0.108,26176
2493,4.79127,4.87928,1.025e-04,0.832,0.131,26291
2494,4.69799,4.87928,1.024e-04,0.811,0.122,26873
2495,4.79050,4.87928,1.022e-04,0.763,0.116,26169
2496,5.00355,4.87928,1.020e-04,0.854,0.115,26270
2497,4.86803,4.87928,1.019e-04,0.762,0.115,26928
2498,4.71403,4.87928,1.017e-04,0.722,0.110,26679
2499,4.88212,4.87928,1.015e-04,0.786,0.124,26502
2500,4.81023,4.82297,1.014e-04,0.758,0.105,7952
2501,4.84328,4.82297,1.012e-04,0.786,0.114,27163
2502,4.87370,4.82297,1.011e-04,0.820,0.125,26328
2503,4.71623,4.82297,1.009e-04,0.789,0.111,26950
2504,4.89783,4.82297,1.007e-04,0.892,0.131,26296
2505,4.79945,4.82297,1.006e-04,0.792,0.107,26367
2506,4.77999,4.82297,1.004e-04,0.826,0.119,26594
2507,4.82873,4.82297,1.003e-04,0.839,0.114,26829
2508,4.85704,4.82297,1.001e-04,0.773,0.108,27123
2509,4.68283,4.82297,9.995e-05,0.749,0.108,26298
2510,5.01431,4.82297,9.979e-05,0.824,0.120,26128
2511,4.79220,4.82297,9.963e-05,0.818,0.113,26553
2512,4.80063,4.82297,9.947e-05,0.864,0.126,26469
2513,4.57677,4.82297,9.931e-05,0.732,0.102,26423
2514,4.97114,4.82297,9.916e-05,0.837,0.116,26215
2515,4.90317,4.82297,9.900e-05,0.770,0.105,26686
2516,4.85424,4.82297,9.884e-05,0.793,0.115,26747
2517,4.95310,4.82297,9.869e-05,0.794,0.105,26351
2518,4.76821,4.82297,9.853e-05,0.847,0.108,26155
2519,4.83698,4.82297,9.837e-05,0.843,0.122,26359
2520,4.89928,4.82297,9.822e-05,0.854,0.120,26834
2521,4.70879,4.82297,9.806e-05,0.756,0.116,26793
2522,4.87587,4.82297,9.791e-05,0.782,0.108,26308
2523,4.90120,4.82297,9.775e-05,0.802,0.107,25990
2524,4.83641,4.82297,9.760e-05,0.760,0.110,26944
2525,4.75738,4.82297,9.745e-05,0.763,0.106,26367
2526,4.89206,4.82297,9.729e-05,0.790,0.110,26227
2527,4.80183,4.82297,9.714e-05,0.850,0.108,26334
2528,4.63446,4.82297,9.699e-05,0.799,0.114,26772
2529,4.74178,4.82297,9.683e-05,0.761,0.109,26475
2530,4.68500,4.82297,9.668e-05,0.755,0.103,26685
2531,4.90013,4.82297,9.653e-05,0.755,0.108,26328
2532,4.78247,4.82297,9.638e-05,0.839,0.122,26475
2533,4.86408,4.82297,9.622e-05,0.821,0.111,26608
2534,4.89826,4.82297,9.607e-05,0.754,0.109,26108
2535,4.71288,4.82297,9.592e-05,0.807,0.116,26393
2536,4.78228,4.82297,9.577e-05,0.854,0.110,26362
2537,4.90817,4.82297,9.562e-05,0.853,0.114,26518
2538,4.88805,4.82297,9.547e-05,0.756,0.105,26097
2539,4.83166,4.82297,9.532e-05,0.818,0.129,26139
2540,4.66722,4.82297,9.517e-05,0.795,0.109,26493
2541,4.98495,4.82297,9.502e-05,0.857,0.118,26750
2542,4.92518,4.82297,9.487e-05,0.771,0.108,26346
2543,4.78445,4.82297,9.472e-05,0.936,0.139,26653
2544,5.00749,4.82297,9.457e-05,0.791,0.114,26515
2545,4.79529,4.82297,9.443e-05,0.826,0.123,26856
2546,4.89811,4.82297,9.428e-05,0.854,0.120,26244
2547,4.89491,4.82297,9.413e-05,0.805,0.113,26309
2548,5.08345,4.82297,9.398e-05,0.804,0.104,26197
2549,4.79154,4.82297,9.384e-05,0.814,0.122,26790
2550,4.88594,4.82297,9.369e-05,0.768,0.107,26527
2551,4.88106,4.82297,9.354e-05,0.833,0.114,26102
2552,4.65396,4.82297,9.340e-05,0.863,0.122,26437
2553,4.94112,4.82297,9.325e-05,0.778,0.122,26782
2554,4.81013,4.82297,9.311e-05,0.858,0.120,26497
2555,4.91346,4.82297,9.296e-05,0.842,0.130,26287
2556,4.78356,4.82297,9.282e-05,0.815,0.119,26388
2557,5.05010,4.82297,9.267e-05,0.806,0.104,26572
2558,4.77851,4.82297,9.253e-05,0.808,0.110,26653
2559,4.82311,4.82297,9.238e-05,0.791,0.106,26139
2560,4.79755,4.82297,9.224e-05,0.764,0.106,26114
2561,4.80676,4.82297,9.210e-05,0.849,0.118,26665
2562,4.90962,4.82297,9.195e-05,0.804,0.111,26697
2563,4.78506,4.82297,9.181e-05,0.761,0.104,26184
2564,4.92047,4.82297,9.167e-05,0.832,0.109,26327
2565,4.64190,4.82297,9.153e-05,0.768,0.105,26488
2566,4.75368,4.82297,9.138e-05,0.776,0.110,26782
2567,5.00479,4.82297,9.124e-05,0.794,0.110,26157
2568,4.72052,4.82297,9.110e-05,0.786,0.113,26404
2569,4.89922,4.82297,9.096e-05,0.782,0.121,26063
2570,4.65183,4.82297,9.082e-05,0.785,0.113,27476
2571,4.91224,4.82297,9.068e-05,0.763,0.103,26195
2572,4.84671,4.82297,9.054e-05,0.731,0.109,26207
2573,4.89483,4.82297,9.040e-05,0.803,0.116,26207
2574,4.73251,4.82297,9.026e-05,0.773,0.109,26792
2575,4.80843,4.82297,9.012e-05,0.766,0.103,26258
2576,4.98752,4.82297,8.998e-05,0.811,0.115,26183
2577,4.78094,4.82297,8.984e-05,0.807,0.108,26337
2578,4.80775,4.82297,8.970e-05,0.870,0.108,26775
2579,4.81382,4.82297,8.957e-05,0.803,0.116,26599
2580,4.77649,4.82297,8.943e-05,0.760,0.118,26397
2581,4.70009,4.82297,8.929e-05,0.760,0.106,26596
2582,4.84110,4.82297,8.915e-05,0.848,0.136,26423
2583,4.86320,4.82297,8.902e-05,0.796,0.116,26759
2584,4.97723,4.82297,8.888e-05,0.790,0.102,25992
2585,4.81690,4.82297,8.874e-05,0.835,0.110,26018
2586,4.78965,4.82297,8.861e-05,0.808,0.112,26506
2587,4.76432,4.82297,8.847e-05,0.793,0.113,26568
2588,4.90359,4.82297,8.834e-05,0.744,0.109,26203
2589,4.89447,4.82297,8.820e-05,0.804,0.110,25994
2590,4.75295,4.82297,8.807e-05,0.810,0.109,26504
2591,4.74157,4.82297,8.793e-05,0.774,0.101,26785
2592,4.97366,4.82297,8.780e-05,0.838,0.120,26701
2593,4.57341,4.82297,8.767e-05,0.763,0.106,26805
2594,4.82583,4.82297,8.753e-05,0.780,0.105,26692
2595,4.85085,4.82297,8.740e-05,0.789,0.105,26673
2596,4.89831,4.82297,8.727e-05,0.808,0.113,26406
2597,5.07504,4.82297,8.713e-05,0.794,0.106,26410
2598,4.84547,4.82297,8.700e-05,0.827,0.117,26249
2599,4.88110,4.82297,8.687e-05,0.778,0.111,26675
2600,4.73603,4.82297,8.674e-05,0.747,0.104,26666
2601,4.85402,4.82297,8.661e-05,0.836,0.124,26750
2602,4.92247,4.82297,8.648e-05,0.850,0.120,26164
2603,4.68650,4.82297,8.635e-05,0.792,0.109,26454
2604,4.83762,4.82297,8.622e-05,0.874,0.140,26790
2605,4.55112,4.82297,8.609e-05,0.790,0.112,26241
2606,4.65033,4.82297,8.596e-05,0.781,0.123,26212
2607,4.74942,4.82297,8.583e-05,0.813,0.120,26210
2608,4.95376,4.82297,8.570e-05,0.819,0.105,26773
2609,4.97437,4.82297,8.557e-05,0.800,0.108,26212
2610,4.84425,4.82297,8.544e-05,0.787,0.120,26301
2611,4.76238,4.82297,8.531e-05,0.779,0.107,26157
2612,4.61403,4.82297,8.518e-05,0.798,0.104,26978
2613,4.65261,4.82297,8.506e-05,0.858,0.126,26265
2614,4.83220,4.82297,8.493e-05,0.895,0.130,26401
2615,4.69645,4.82297,8.480e-05,0.835,0.108,26520
2616,4.92150,4.82297,8.467e-05,0.841,0.125,26570
2617,4.82562,4.82297,8.455e-05,0.863,0.130,26538
2618,4.54591,4.82297,8.442e-05,0.852,0.108,26019
2619,4.77254,4.82297,8.430e-05,0.787,0.110,26162
2620,4.94569,4.82297,8.417e-05,0.834,0.115,26662
2621,4.83774,4.82297,8.405e-05,0.793,0.119,26480
2622,4.97196,4.82297,8.392e-05,0.788,0.104,26035
2623,4.98360,4.82297,8.380e-05,0.846,0.114,26325
2624,4.69317,4.82297,8.367e-05,0.797,0.112,26679
2625,4.83623,4.82297,8.355e-05,0.800,0.107,26533
2626,4.69138,4.82297,8.342e-05,0.726,0.098,26268
2627,4.65582,4.82297,8.330e-05,0.833,0.113,26139
2628,4.67947,4.82297,8.318e-05,0.805,0.118,26529
2629,4.76671,4.82297,8.306e-05,0.803,0.111,26821
2630,4.80886,4.82297,8.293e-05,0.770,0.101,26255
2631,4.89432,4.82297,8.281e-05,0.814,0.107,25942
2632,4.79470,4.82297,8.269e-05,0.769,0.120,26398
2633,4.75655,4.82297,8.257e-05,0.790,0.112,26668
2634,4.82393,4.82297,8.245e-05,0.823,0.112,26888
2635,4.79756,4.82297,8.233e-05,0.757,0.104,26024
2636,4.73479,4.82297,8.221e-05,0.766,0.108,26448
2637,4.82591,4.82297,8.209e-05,0.830,0.116,26793
2638,4.92667,4.82297,8.197e-05,0.772,0.104,26268
2639,4.73735,4.82297,8.185e-05,0.787,0.106,26163
2640,4.86098,4.82297,8.173e-05,0.832,0.116,26770
2641,4.92867,4.82297,8.161e-05,0.791,0.109,26716
2642,4.81760,4.82297,8.149e-05,0.827,0.116,26307
2643,4.68743,4.82297,8.137e-05,0.852,0.155,26031
2644,4.75948,4.82297,8.125e-05,0.842,0.127,26268
2645,4.79043,4.82297,8.114e-05,0.781,0.104,26588
2646,4.92265,4.82297,8.102e-05,0.879,0.155,26298
2647,4.80792,4.82297,8.090e-05,0.862,0.151,26063
2648,4.90983,4.82297,8.079e-05,0.751,0.097,26251
2649,4.87746,4.82297,8.067e-05,0.823,0.125,26672
2650,4.74565,4.82297,8.055e-05,0.778,0.120,26324
2651,4.84996,4.82297,8.044e-05,0.820,0.116,26036
2652,4.86214,4.82297,8.032e-05,0.807,0.109,26177
2653,4.79471,4.82297,8.021e-05,0.835,0.111,26661
2654,4.74415,4.82297,8.009e-05,0.774,0.109,26526
2655,4.91204,4.82297,7.998e-05,0.826,0.108,26646
2656,4.85089,4.82297,7.986e-05,0.787,0.110,26175
2657,4.81236,4.82297,7.975e-05,0.785,0.100,26469
2658,4.78903,4.82297,7.964e-05,0.797,0.113,26612
2659,4.86018,4.82297,7.952e-05,0.778,0.102,26133
2660,4.98057,4.82297,7.941e-05,0.847,0.116,26002
2661,4.70329,4.82297,7.930e-05,0.802,0.104,26521
2662,4.70062,4.82297,7.918e-05,0.754,0.104,26844
2663,4.77002,4.82297,7.907e-05,0.848,0.119,26186
2664,4.87863,4.82297,7.896e-05,0.809,0.109,25994
2665,4.75850,4.82297,7.885e-05,0.891,0.120,26498
2666,4.77161,4.82297,7.874e-05,0.790,0.108,26605
2667,4.76131,4.82297,7.863e-05,0.796,0.114,26313
2668,4.78457,4.82297,7.852e-05,0.903,0.139,26192
2669,4.76440,4.82297,7.841e-05,0.811,0.122,26344
2670,4.77070,4.82297,7.830e-05,0.807,0.110,26881
2671,4.80140,4.82297,7.819e-05,0.781,0.113,26156
2672,4.68419,4.82297,7.808e-05,0.802,0.118,26265
2673,5.01739,4.82297,7.797e-05,0.771,0.104,26255
2674,4.89074,4.82297,7.786e-05,0.776,0.101,26851
2675,4.78179,4.82297,7.775e-05,0.807,0.116,26266
2676,4.70910,4.82297,7.764e-05,0.717,0.098,26300
2677,4.57055,4.82297,7.754e-05,0.785,0.119,26109
2678,4.83525,4.82297,7.743e-05,0.810,0.113,27115
2679,4.74792,4.82297,7.732e-05,0.760,0.103,26208
2680,4.89408,4.82297,7.722e-05,0.792,0.107,26088
2681,4.80169,4.82297,7.711e-05,0.845,0.136,26545
2682,4.86389,4.82297,7.700e-05,0.765,0.105,26466
2683,4.66864,4.82297,7.690e-05,0.788,0.099,26436
2684,4.78892,4.82297,7.679e-05,0.838,0.112,26255
2685,4.77944,4.82297,7.669e-05,0.793,0.109,26306
2686,4.84675,4.82297,7.658e-05,0.836,0.115,26644
2687,4.96423,4.82297,7.648e-05,0.767,0.105,26509
2688,4.69598,4.82297,7.638e-05,0.742,0.098,26429
2689,4.84034,4.82297,7.627e-05,0.760,0.104,26525
2690,4.63903,4.82297,7.617e-05,0.782,0.103,26391
2691,4.62098,4.82297,7.606e-05,0.769,0.103,26647
2692,4.86612,4.82297,7.596e-05,0.800,0.106,26080
2693,4.83282,4.82297,7.586e-05,0.766,0.101,26319
2694,4.81431,4.82297,7.576e-05,0.777,0.109,26515
2695,4.77775,4.82297,7.566e-05,0.820,0.124,26815
2696,4.61857,4.82297,7.555e-05,0.818,0.105,26173
2697,4.85124,4.82297,7.545e-05,0.772,0.102,26229
2698,4.73825,4.82297,7.535e-05,0.803,0.106,26199
2699,4.81819,4.82297,7.525e-05,0.790,0.109,26975
2700,4.80337,4.82297,7.515e-05,0.760,0.101,26178
2701,4.83235,4.82297,7.505e-05,0.784,0.108,26632
2702,4.78394,4.82297,7.495e-05,0.851,0.120,26324
2703,4.67926,4.82297,7.485e-05,0.835,0.122,26692
2704,4.78107,4.82297,7.475e-05,0.810,0.113,26457
2705,4.88117,4.82297,7.466e-05,0.797,0.108,26025
2706,4.70452,4.82297,7.456e-05,0.803,0.114,26129
2707,4.70984,4.82297,7.446e-05,0.808,0.111,26860
2708,4.85288,4.82297,7.436e-05,0.821,0.114,26497
2709,4.73596,4.82297,7.426e-05,0.796,0.107,26197
2710,4.81291,4.82297,7.417e-05,0.805,0.109,26197
2711,4.66345,4.82297,7.407e-05,0.813,0.120,26487
2712,4.69206,4.82297,7.397e-05,0.805,0.122,26239
2713,4.74242,4.82297,7.388e-05,0.814,0.118,26197
2714,4.55345,4.82297,7.378e-05,0.774,0.108,26205
2715,4.80486,4.82297,7.369e-05,0.848,0.123,26454
2716,4.73710,4.82297,7.359e-05,0.865,0.126,26328
2717,4.81495,4.82297,7.350e-05,0.787,0.106,26157
2718,4.98572,4.82297,7.340e-05,0.853,0.119,26448
2719,4.78735,4.82297,7.331e-05,0.799,0.112,26512
2720,4.92078,4.82297,7.321e-05,0.836,0.120,26590
2721,4.88638,4.82297,7.312e-05,0.755,0.099,26739
2722,4.92962,4.82297,7.303e-05,0.814,0.116,26374
2723,4.78099,4.82297,7.294e-05,0.813,0.111,26342
2724,4.67300,4.82297,7.284e-05,0.757,0.104,26742
2725,5.04818,4.82297,7.275e-05,0.862,0.117,26065
2726,4.91253,4.82297,7.266e-05,0.834,0.122,26318
2727,4.80819,4.82297,7.257e-05,0.811,0.110,26075
2728,4.90722,4.82297,7.248e-05,0.814,0.114,26738
2729,4.78829,4.82297,7.239e-05,0.795,0.100,25979
2730,4.82162,4.82297,7.229e-05,0.802,0.106,26192
2731,4.86305,4.82297,7.220e-05,0.839,0.105,26267
2732,4.85223,4.82297,7.211e-05,0.763,0.100,26895
2733,4.79246,4.82297,7.203e-05,0.901,0.120,26039
2734,4.64517,4.82297,7.194e-05,0.851,0.112,26264
2735,4.74815,4.82297,7.185e-05,0.812,0.111,26322
2736,4.83357,4.82297,7.176e-05,0.806,0.114,26624
2737,4.81480,4.82297,7.167e-05,0.849,0.117,26928
2738,4.86880,4.82297,7.158e-05,0.819,0.109,25978
2739,4.68988,4.82297,7.149e-05,0.798,0.111,26383
2740,4.80260,4.82297,7.141e-05,0.877,0.132,26611
2741,4.94847,4.82297,7.132e-05,0.816,0.110,26495
2742,4.80342,4.82297,7.123e-05,0.815,0.113,26895
2743,4.84417,4.82297,7.115e-05,0.866,0.123,26007
2744,4.77793,4.82297,7.106e-05,0.859,0.119,26377
2745,4.85920,4.82297,7.098e-05,0.820,0.106,26518
2746,4.74983,4.82297,7.089e-05,0.801,0.110,26277
2747,4.74202,4.82297,7.081e-05,0.814,0.107,26176
2748,4.86919,4.82297,7.072e-05,0.798,0.101,26381
2749,4.96165,4.82297,7.064e-05,0.852,0.109,26603
2750,4.80459,4.78463,7.055e-05,0.806,0.122,7896
2751,4.84273,4.78463,7.047e-05,0.847,0.113,26988
2752,4.61780,4.78463,7.039e-05,0.783,0.122,26461
2753,4.68936,4.78463,7.030e-05,0.863,0.122,26655
2754,4.61356,4.78463,7.022e-05,0.850,0.120,26479
2755,4.89652,4.78463,7.014e-05,0.789,0.108,26154
2756,4.86339,4.78463,7.006e-05,0.869,0.117,26239
2757,4.68980,4.78463,6.997e-05,0.768,0.113,26562
2758,4.71330,4.78463,6.989e-05,0.831,0.117,26208
2759,4.79537,4.78463,6.981e-05,0.847,0.109,26173
2760,4.75019,4.78463,6.973e-05,0.779,0.111,26375
2761,4.90976,4.78463,6.965e-05,0.750,0.104,26551
2762,4.60699,4.78463,6.957e-05,0.813,0.117,26416
2763,4.89330,4.78463,6.949e-05,0.801,0.103,26156
2764,4.64998,4.78463,6.941e-05,0.803,0.112,26185
2765,4.75569,4.78463,6.933e-05,0.863,0.118,26631
2766,4.80767,4.78463,6.925e-05,0.821,0.112,26596
2767,4.72812,4.78463,6.917e-05,0.789,0.114,26355
2768,5.02305,4.78463,6.910e-05,0.827,0.113,26381
2769,4.76937,4.78463,6.902e-05,0.843,0.111,26473
2770,4.90446,4.78463,6.894e-05,0.808,0.110,26793
2771,4.90297,4.78463,6.886e-05,0.786,0.107,26153
2772,4.73360,4.78463,6.879e-05,0.815,0.105,26398
2773,4.71543,4.78463,6.871e-05,0.819,0.107,26434
2774,4.88141,4.78463,6.863e-05,0.937,0.118,26697
2775,4.77798,4.78463,6.856e-05,0.796,0.108,26175
2776,4.88587,4.78463,6.848e-05,0.797,0.099,26307
2777,4.67471,4.78463,6.841e-05,0.786,0.105,25936
2778,4.76009,4.78463,6.833e-05,0.867,0.132,26752
2779,4.90845,4.78463,6.826e-05,0.882,0.120,26333
2780,4.85218,4.78463,6.818e-05,0.816,0.108,26869
2781,4.74688,4.78463,6.811e-05,0.782,0.111,26591
2782,4.70416,4.78463,6.804e-05,0.857,0.129,26419
2783,4.77478,4.78463,6.796e-05,0.843,0.114,27353
2784,4.74579,4.78463,6.789e-05,0.811,0.104,26228
2785,4.72153,4.78463,6.782e-05,0.861,0.120,26035
2786,4.68912,4.78463,6.775e-05,0.919,0.127,26526
2787,4.82690,4.78463,6.767e-05,0.829,0.121,26571
2788,4.66867,4.78463,6.760e-05,0.770,0.104,26540
2789,4.80330,4.78463,6.753e-05,0.843,0.125,26228
2790,4.70234,4.78463,6.746e-05,0.805,0.111,26421
2791,4.77494,4.78463,6.739e-05,0.812,0.107,26641
2792,4.90858,4.78463,6.732e-05,0.803,0.106,26291
2793,4.86405,4.78463,6.725e-05,0.850,0.115,26316
2794,4.71042,4.78463,6.718e-05,0.825,0.108,26259
2795,4.99813,4.78463,6.711e-05,0.829,0.118,26940
2796,4.77842,4.78463,6.704e-05,0.774,0.103,26387
2797,4.98607,4.78463,6.697e-05,0.808,0.105,26214
2798,4.71343,4.78463,6.690e-05,0.832,0.113,26241
2799,4.85979,4.78463,6.684e-05,0.796,0.119,26653
2800,4.77540,4.78463,6.677e-05,0.817,0.109,26417
2801,4.79098,4.78463,6.670e-05,0.809,0.115,26674
2802,4.66463,4.78463,6.664e-05,0.890,0.130,26214
2803,4.81055,4.78463,6.657e-05,0.796,0.111,27351
2804,4.72131,4.78463,6.650e-05,0.779,0.107,26474
2805,4.83154,4.78463,6.644e-05,0.881,0.124,26181
2806,4.75160,4.78463,6.637e-05,0.833,0.118,26373
2807,4.61975,4.78463,6.631e-05,0.814,0.111,26334
2808,4.63133,4.78463,6.624e-05,0.806,0.106,26797
2809,4.87264,4.78463,6.618e-05,0.864,0.113,26203
2810,4.71642,4.78463,6.611e-05,0.820,0.118,26146
2811,4.68419,4.78463,6.605e-05,0.796,0.111,26322
2812,4.58199,4.78463,6.598e-05,0.803,0.112,26563
2813,4.58223,4.78463,6.592e-05,0.809,0.103,26241
2814,4.83806,4.78463,6.586e-05,0.826,0.105,26375
2815,4.75105,4.78463,6.580e-05,0.830,0.115,26209
2816,4.81550,4.78463,6.573e-05,0.826,0.112,26820
2817,4.86233,4.78463,6.567e-05,0.794,0.111,26287
2818,4.95106,4.78463,6.561e-05,0.789,0.106,26348
2819,4.73504,4.78463,6.555e-05,0.767,0.104,26172
2820,4.66415,4.78463,6.549e-05,0.759,0.118,26840
2821,4.73339,4.78463,6.543e-05,0.815,0.104,27038
2822,4.73581,4.78463,6.537e-05,0.814,0.109,26308
2823,4.80954,4.78463,6.531e-05,0.796,0.119,26247
2824,4.61091,4.78463,6.525e-05,0.758,0.108,26922
2825,4.76899,4.78463,6.519e-05,0.786,0.103,26485
2826,4.94964,4.78463,6.513e-05,0.869,0.119,26194
2827,4.73006,4.78463,6.507e-05,0.826,0.110,26259
2828,4.87036,4.78463,6.501e-05,0.803,0.111,26538
2829,4.63898,4.78463,6.495e-05,0.868,0.131,26493
2830,4.85383,4.78463,6.490e-05,0.870,0.114,26232
2831,4.72825,4.78463,6.484e-05,0.817,0.110,26629
2832,4.83712,4.78463,6.478e-05,0.919,0.136,26575
2833,4.77597,4.78463,6.473e-05,0.871,0.112,26630
2834,4.84868,4.78463,6.467e-05,0.849,0.118,26331
2835,4.74631,4.78463,6.461e-05,0.822,0.106,26240
2836,4.88975,4.78463,6.456e-05,0.778,0.098,26438
2837,4.75849,4.78463,6.450e-05,0.800,0.111,26641
2838,4.88748,4.78463,6.445e-05,0.819,0.123,26223
2839,4.69103,4.78463,6.439e-05,0.841,0.111,26331
2840,4.53978,4.78463,6.434e-05,0.858,0.127,26168
2841,4.87663,4.78463,6.429e-05,0.821,0.112,26769
2842,4.89919,4.78463,6.423e-05,0.827,0.101,26385
2843,4.76453,4.78463,6.418e-05,0.818,0.112,26565
2844,4.63667,4.78463,6.413e-05,0.825,0.116,26475
2845,4.84029,4.78463,6.407e-05,0.865,0.122,26880
2846,4.90826,4.78463,6.402e-05,0.778,0.099,26599
2847,4.57578,4.78463,6.397e-05,0.815,0.107,26206
2848,4.88827,4.78463,6.392e-05,0.822,0.102,26173
2849,4.60632,4.78463,6.387e-05,0.786,0.102,26748
2850,4.94655,4.78463,6.381e-05,0.838,0.109,26511
2851,4.75759,4.78463,6.376e-05,0.836,0.117,26214
2852,4.74479,4.78463,6.371e-05,0.828,0.116,26188
2853,4.81492,4.78463,6.366e-05,0.804,0.105,26487
2854,4.86725,4.78463,6.361e-05,0.902,0.121,26667
2855,4.80193,4.78463,6.357e-05,0.817,0.116,26182
2856,4.88047,4.78463,6.352e-05,0.841,0.115,26150
2857,4.64679,4.78463,6.347e-05,0.801,0.104,26456
2858,4.74318,4.78463,6.342e-05,0.842,0.109,26939
2859,4.76674,4.78463,6.337e-05,0.845,0.113,26266
2860,4.62415,4.78463,6.332e-05,0.814,0.119,26208
2861,4.90606,4.78463,6.328e-05,0.817,0.115,26414
2862,4.77396,4.78463,6.323e-05,0.737,0.098,26696
2863,4.86272,4.78463,6.318e-05,0.800,0.106,26363
2864,4.87534,4.78463,6.314e-05,0.810,0.109,26298
2865,4.76131,4.78463,6.309e-05,0.813,0.115,26277
2866,4.59936,4.78463,6.305e-05,0.819,0.109,26969
2867,4.80193,4.78463,6.300e-05,0.804,0.103,27147
2868,4.72332,4.78463,6.296e-05,0.799,0.112,26071
2869,4.78155,4.78463,6.291e-05,0.779,0.108,26499
2870,4.75692,4.78463,6.287e-05,0.870,0.121,26602
2871,4.87835,4.78463,6.282e-05,0.847,0.123,26506
2872,4.78868,4.78463,6.278e-05,0.859,0.115,26438
2873,4.83321,4.78463,6.274e-05,0.869,0.113,26314
2874,4.85899,4.78463,6.269e-05,0.820,0.109,26627
2875,4.75733,4.78463,6.265e-05,0.772,0.111,26497
2876,4.77562,4.78463,6.261e-05,0.780,0.109,26147
2877,4.86643,4.78463,6.257e-05,0.838,0.113,26368
2878,4.81341,4.78463,6.253e-05,0.796,0.107,26210
2879,4.71682,4.78463,6.248e-05,0.856,0.111,26571
2880,4.90272,4.78463,6.244e-05,0.858,0.123,26822
2881,4.71774,4.78463,6.240e-05,0.797,0.105,26435
2882,4.65666,4.78463,6.236e-05,0.839,0.110,26416
2883,4.77911,4.78463,6.232e-05,0.873,0.114,26626
2884,4.86756,4.78463,6.228e-05,0.900,0.119,26389
2885,4.69669,4.78463,6.224e-05,0.805,0.106,26216
2886,4.65827,4.78463,6.221e-05,0.805,0.109,26141
2887,4.80344,4.78463,6.217e-05,0.783,0.109,26533
2888,4.74490,4.78463,6.213e-05,0.853,0.115,26638
2889,4.75028,4.78463,6.209e-05,0.843,0.108,26245
2890,4.72330,4.78463,6.205e-05,0.784,0.108,26169
2891,4.74306,4.78463,6.202e-05,0.763,0.104,26401
2892,4.78137,4.78463,6.198e-05,0.845,0.124,26420
2893,4.72895,4.78463,6.194e-05,0.833,0.119,26178
2894,4.76770,4.78463,6.191e-05,0.799,0.104,26232
2895,4.75698,4.78463,6.187e-05,0.831,0.112,26703
2896,4.70148,4.78463,6.184e-05,0.876,0.110,26555
2897,4.80732,4.78463,6.180e-05,0.820,0.113,26243
2898,4.92130,4.78463,6.177e-05,0.780,0.100,26199
2899,4.78253,4.78463,6.173e-05,0.848,0.121,26459
2900,4.80213,4.78463,6.170e-05,0.827,0.113,26569
2901,4.83384,4.78463,6.166e-05,0.790,0.107,26932
2902,4.75618,4.78463,6.163e-05,0.789,0.113,25987
2903,4.89769,4.78463,6.160e-05,0.822,0.110,26528
2904,4.80752,4.78463,6.156e-05,0.884,0.128,26801
2905,4.71536,4.78463,6.153e-05,0.916,0.134,26266
2906,4.64870,4.78463,6.150e-05,0.797,0.101,26087
2907,4.72643,4.78463,6.147e-05,0.771,0.098,27077
2908,4.76687,4.78463,6.144e-05,0.879,0.125,26942
2909,4.83378,4.78463,6.141e-05,0.881,0.118,26408
2910,4.80491,4.78463,6.138e-05,0.839,0.115,26028
2911,4.63852,4.78463,6.135e-05,0.824,0.126,26030
2912,4.94112,4.78463,6.132e-05,0.795,0.110,26800
2913,4.51579,4.78463,6.129e-05,0.818,0.114,26448
2914,4.82798,4.78463,6.126e-05,0.868,0.129,26206
2915,4.89018,4.78463,6.123e-05,0.865,0.130,26073
2916,4.82686,4.78463,6.120e-05,0.835,0.111,26736
2917,4.92717,4.78463,6.117e-05,0.861,0.115,26151
2918,4.84796,4.78463,6.114e-05,0.846,0.126,26345
2919,4.70575,4.78463,6.111e-05,0.803,0.110,26307
2920,4.77021,4.78463,6.109e-05,0.813,0.108,26636
2921,4.82253,4.78463,6.106e-05,0.791,0.104,26371
2922,4.70731,4.78463,6.103e-05,0.840,0.111,26004
2923,4.75717,4.78463,6.101e-05,0.871,0.115,26135
2924,4.70684,4.78463,6.098e-05,0.792,0.102,26693
2925,4.68171,4.78463,6.096e-05,0.797,0.114,26456
2926,4.85264,4.78463,6.093e-05,0.824,0.117,26180
2927,4.89168,4.78463,6.091e-05,0.783,0.110,26211
2928,4.81013,4.78463,6.088e-05,0.828,0.115,26975
2929,4.65167,4.78463,6.086e-05,0.867,0.122,26638
2930,4.63935,4.78463,6.083e-05,0.882,0.133,26425
2931,4.81922,4.78463,6.081e-05,0.824,0.117,26522
2932,4.83919,4.78463,6.079e-05,0.779,0.101,26276
2933,4.72406,4.78463,6.076e-05,0.904,0.126,26750
2934,4.77302,4.78463,6.074e-05,0.789,0.113,26094
2935,4.72101,4.78463,6.072e-05,0.835,0.110,26336
2936,4.76639,4.78463,6.070e-05,0.812,0.116,26282
2937,4.70098,4.78463,6.067e-05,0.813,0.120,26690
2938,4.89784,4.78463,6.065e-05,0.813,0.105,26093
2939,4.83029,4.78463,6.063e-05,0.843,0.110,26278
2940,4.86009,4.78463,6.061e-05,0.799,0.106,26234
2941,5.02179,4.78463,6.059e-05,0.833,0.110,26801
2942,4.73464,4.78463,6.057e-05,0.842,0.113,26372
2943,4.66603,4.78463,6.055e-05,0.817,0.106,26055
2944,4.84654,4.78463,6.053e-05,0.879,0.119,26161
2945,4.63942,4.78463,6.051e-05,0.837,0.117,26793
2946,4.68761,4.78463,6.050e-05,0.821,0.116,26368
2947,4.86109,4.78463,6.048e-05,0.793,0.115,26180
2948,4.87930,4.78463,6.046e-05,0.832,0.104,25978
2949,4.87821,4.78463,6.044e-05,0.783,0.103,26812
2950,4.81910,4.78463,6.042e-05,0.811,0.113,26290
2951,4.63211,4.78463,6.041e-05,0.858,0.115,26215
2952,5.03776,4.78463,6.039e-05,0.820,0.110,26333
2953,4.95577,4.78463,6.038e-05,0.847,0.122,26585
2954,4.76786,4.78463,6.036e-05,0.834,0.108,26347
2955,4.85470,4.78463,6.034e-05,0.792,0.103,26198
2956,4.72630,4.78463,6.033e-05,0.801,0.107,26445
2957,4.65850,4.78463,6.031e-05,0.860,0.111,26320
2958,4.85785,4.78463,6.030e-05,0.850,0.109,26696
2959,4.69903,4.78463,6.029e-05,0.833,0.116,26543
2960,4.66265,4.78463,6.027e-05,0.846,0.117,26557
2961,4.89703,4.78463,6.026e-05,0.905,0.109,26506
2962,4.71523,4.78463,6.025e-05,0.806,0.105,26755
2963,4.75087,4.78463,6.023e-05,0.844,0.111,26095
2964,4.74535,4.78463,6.022e-05,0.787,0.101,26640
2965,4.67746,4.78463,6.021e-05,0.823,0.106,26258
2966,4.92958,4.78463,6.020e-05,0.934,0.124,26810
2967,4.89800,4.78463,6.019e-05,0.783,0.106,26142
2968,4.65780,4.78463,6.017e-05,0.866,0.113,26292
2969,4.63280,4.78463,6.016e-05,0.844,0.109,25926
2970,4.80709,4.78463,6.015e-05,0.870,0.118,26959
2971,4.78097,4.78463,6.014e-05,0.766,0.100,26935
2972,4.74079,4.78463,6.013e-05,0.832,0.114,25989
2973,4.86499,4.78463,6.012e-05,0.875,0.114,26096
2974,4.61137,4.78463,6.011e-05,0.894,0.114,26596
2975,4.78273,4.78463,6.011e-05,0.801,0.107,26444
2976,4.79993,4.78463,6.010e-05,0.810,0.104,26327
2977,4.75927,4.78463,6.009e-05,0.882,0.134,26532
2978,4.57410,4.78463,6.008e-05,0.853,0.107,26615
2979,4.81806,4.78463,6.007e-05,0.819,0.115,26387
2980,4.56369,4.78463,6.007e-05,0.844,0.116,25979
2981,4.66445,4.78463,6.006e-05,0.816,0.117,26264
2982,4.79800,4.78463,6.006e-05,0.905,0.115,26723
2983,4.90411,4.78463,6.005e-05,0.850,0.114,26567
2984,4.72608,4.78463,6.004e-05,1.025,0.145,26523
2985,4.77346,4.78463,6.004e-05,0.852,0.106,26692
2986,4.77698,4.78463,6.003e-05,0.881,0.118,26655
2987,4.90114,4.78463,6.003e-05,0.799,0.100,26596
2988,4.88792,4.78463,6.002e-05,0.889,0.119,26041
2989,4.76577,4.78463,6.002e-05,0.785,0.106,26152
2990,4.79689,4.78463,6.002e-05,0.844,0.104,26149
2991,4.66268,4.78463,6.001e-05,0.859,0.114,26613
2992,4.82880,4.78463,6.001e-05,0.828,0.109,26196
2993,4.62607,4.78463,6.001e-05,0.784,0.110,26192
2994,4.80354,4.78463,6.001e-05,0.828,0.114,26790
2995,4.76507,4.78463,6.000e-05,1.024,0.167,26888
2996,4.85940,4.78463,6.000e-05,0.822,0.114,26291
2997,4.86557,4.78463,6.000e-05,0.849,0.109,26223
2998,4.83122,4.78463,6.000e-05,0.847,0.115,26449
2999,4.70491,4.76002,6.000e-05,0.904,0.124,7967
