step,loss,val_loss,lr,grad_norm,proj_grad_norm,tokens_per_s
0,11.84432,11.84842,3.000e-06,0.955,0.692,8226
1,11.84334,11.84842,6.000e-06,0.935,0.685,29504
2,11.83885,11.84842,9.000e-06,0.938,0.679,29164
3,11.83232,11.84842,1.200e-05,0.850,0.616,29142
4,11.82502,11.84842,1.500e-05,0.901,0.656,29142
5,11.81212,11.84842,1.800e-05,0.856,0.623,29162
6,11.79750,11.84842,2.100e-05,0.870,0.634,29142
7,11.78421,11.84842,2.400e-05,0.867,0.628,29166
8,11.77072,11.84842,2.700e-05,0.892,0.646,29154
9,11.73665,11.84842,3.000e-05,0.951,0.672,29146
10,11.71406,11.84842,3.300e-05,0.965,0.674,29185
11,11.68950,11.84842,3.600e-05,0.975,0.670,29131
12,11.67453,11.84842,3.900e-05,0.882,0.592,29162
13,11.63858,11.84842,4.200e-05,0.878,0.582,29155
14,11.60259,11.84842,4.500e-05,0.966,0.601,29166
15,11.55798,11.84842,4.800e-05,0.951,0.573,29160
16,11.53073,11.84842,5.100e-05,0.972,0.544,29150
17,11.49690,11.84842,5.400e-05,0.890,0.486,29183
18,11.45420,11.84842,5.700e-05,0.919,0.473,29145
19,11.38377,11.84842,6.000e-05,1.055,0.465,29150
20,11.36057,11.84842,6.300e-05,0.977,0.417,29158
21,11.29565,11.84842,6.600e-05,1.078,0.381,29120
22,11.25209,11.84842,6.900e-05,1.040,0.336,29170
23,11.23725,11.84842,7.200e-05,1.011,0.307,29150
24,11.18743,11.84842,7.500e-05,1.027,0.263,29177
25,11.13026,11.84842,7.800e-05,1.078,0.242,29154
26,11.05985,11.84842,8.100e-05,1.159,0.213,29183
27,11.04404,11.84842,8.400e-05,1.092,0.208,29133
28,11.00094,11.84842,8.700e-05,1.180,0.172,29165
29,10.94722,11.84842,9.000e-05,1.104,0.175,29160
30,10.92549,11.84842,9.300e-05,1.048,0.173,29161
31,10.85417,11.84842,9.600e-05,1.105,0.174,29159
32,10.80260,11.84842,9.900e-05,1.156,0.140,29156
33,10.75318,11.84842,1.020e-04,1.129,0.156,29152
34,10.69052,11.84842,1.050e-04,1.242,0.127,29180
35,10.64427,11.84842,1.080e-04,1.131,0.144,29158
36,10.57731,11.84842,1.110e-04,1.203,0.126,29188
37,10.56771,11.84842,1.140e-04,1.096,0.117,29155
38,10.48496,11.84842,1.170e-04,1.139,0.117,29139
39,10.45074,11.84842,1.200e-04,1.118,0.110,29155
40,10.38618,11.84842,1.230e-04,1.106,0.103,29148
41,10.33686,11.84842,1.260e-04,1.120,0.087,29127
42,10.22012,11.84842,1.290e-04,1.205,0.081,29165
43,10.22225,11.84842,1.320e-04,1.057,0.084,29165
44,10.13481,11.84842,1.350e-04,1.114,0.071,29169
45,10.05905,11.84842,1.380e-04,1.151,0.120,29174
46,10.00650,11.84842,1.410e-04,1.188,0.108,29128
47,9.97403,11.84842,1.440e-04,1.090,0.078,29159
48,9.90062,11.84842,1.470e-04,1.222,0.076,29190
49,9.81264,11.84842,1.500e-04,1.214,0.076,29138
50,9.76300,11.84842,1.530e-04,1.054,0.055,29184
51,9.70383,11.84842,1.560e-04,1.040,0.054,29160
52,9.61990,11.84842,1.590e-04,1.139,0.056,29146
53,9.59440,11.84842,1.620e-04,1.049,0.057,29183
54,9.51925,11.84842,1.650e-04,1.093,0.055,29152
55,9.41857,11.84842,1.680e-04,1.064,0.060,29181
56,9.39319,11.84842,1.710e-04,1.094,0.057,29138
57,9.36758,11.84842,1.740e-04,1.133,0.061,29170
58,9.26066,11.84842,1.770e-04,1.101,0.071,29187
59,9.22894,11.84842,1.800e-04,1.132,0.055,29177
60,9.12404,11.84842,1.830e-04,1.048,0.048,29154
61,9.11102,11.84842,1.860e-04,0.998,0.061,29128
62,9.05373,11.84842,1.890e-04,1.153,0.059,29159
63,8.94561,11.84842,1.920e-04,1.143,0.056,29158
64,8.88595,11.84842,1.950e-04,1.100,0.060,29174
65,8.82752,11.84842,1.980e-04,0.962,0.051,29165
66,8.76749,11.84842,2.010e-04,0.987,0.053,29178
67,8.74790,11.84842,2.040e-04,1.018,0.055,29174
68,8.70111,11.84842,2.070e-04,0.990,0.058,29132
69,8.53606,11.84842,2.100e-04,0.982,0.063,29191
70,8.56631,11.84842,2.130e-04,1.078,0.064,29178
71,8.48847,11.84842,2.160e-04,0.921,0.070,29143
72,8.48343,11.84842,2.190e-04,0.941,0.074,29175
73,8.33666,11.84842,2.220e-04,0.873,0.069,29135
74,8.39846,11.84842,2.250e-04,0.911,0.067,29156
75,8.34420,11.84842,2.280e-04,0.806,0.068,29163
76,8.33328,11.84842,2.310e-04,0.806,0.085,29154
77,8.20810,11.84842,2.340e-04,0.806,0.077,29166
78,8.21058,11.84842,2.370e-04,0.755,0.082,29166
79,8.20838,11.84842,2.400e-04,0.752,0.060,29146
80,8.17914,11.84842,2.430e-04,0.807,0.064,29172
81,8.08023,11.84842,2.460e-04,0.677,0.059,29100
82,8.03116,11.84842,2.490e-04,0.750,0.070,29165
83,8.00165,11.84842,2.520e-04,0.706,0.069,29185
84,7.96413,11.84842,2.550e-04,0.636,0.088,29153
85,7.92406,11.84842,2.580e-04,0.662,0.078,29178
86,7.90803,11.84842,2.610e-04,0.617,0.126,29142
87,7.87221,11.84842,2.640e-04,0.589,0.109,29166
88,7.91662,11.84842,2.670e-04,0.522,0.082,29183
89,7.82388,11.84842,2.700e-04,0.603,0.124,29162
90,7.80537,11.84842,2.730e-04,0.504,0.089,29163
91,7.77886,11.84842,2.760e-04,0.497,0.086,29148
92,7.73211,11.84842,2.790e-04,0.493,0.117,29158
93,7.76932,11.84842,2.820e-04,0.448,0.135,29164
94,7.72214,11.84842,2.850e-04,0.423,0.107,29168
95,7.63893,11.84842,2.880e-04,0.443,0.150,29142
96,7.70415,11.84842,2.910e-04,0.434,0.168,29175
97,7.63833,11.84842,2.940e-04,0.360,0.095,29151
98,7.66616,11.84842,2.970e-04,0.359,0.132,29161
99,7.61208,11.84842,3.000e-04,0.622,0.390,29150
100,7.60666,11.84842,3.030e-04,0.644,0.522,29144
101,7.56627,11.84842,3.060e-04,0.431,0.263,29095
102,7.57624,11.84842,3.090e-04,0.837,0.583,29146
103,7.56345,11.84842,3.120e-04,0.338,0.135,29160
104,7.46043,11.84842,3.150e-04,0.404,0.254,29175
105,7.48828,11.84842,3.180e-04,0.469,0.335,29160
106,7.44301,11.84842,3.210e-04,0.313,0.164,29182
107,7.42224,11.84842,3.240e-04,0.579,0.454,29169
108,7.45348,11.84842,3.270e-04,0.430,0.308,29135
109,7.38319,11.84842,3.300e-04,0.295,0.174,29183
110,7.42817,11.84842,3.330e-04,0.483,0.362,29162
111,7.48785,11.84842,3.360e-04,0.335,0.188,29149
112,7.42568,11.84842,3.390e-04,0.604,0.473,29176
113,7.34002,11.84842,3.420e-04,0.341,0.198,29159
114,7.42985,11.84842,3.450e-04,0.479,0.339,29152
115,7.32343,11.84842,3.480e-04,0.384,0.267,29165
116,7.30728,11.84842,3.510e-04,0.483,0.343,29184
117,7.31145,11.84842,3.540e-04,0.422,0.318,29129
118,7.28117,11.84842,3.570e-04,0.316,0.203,29184
119,7.26766,11.84842,3.600e-04,0.484,0.395,29152
120,7.20795,11.84842,3.630e-04,0.341,0.204,29157
121,7.41069,11.84842,3.660e-04,0.389,0.304,29134
122,7.36559,11.84842,3.690e-04,0.432,0.263,29146
123,7.23646,11.84842,3.720e-04,0.357,0.237,29165
124,7.31465,11.84842,3.750e-04,0.449,0.331,29160
125,7.22788,11.84842,3.780e-04,0.372,0.256,29171
126,7.14449,11.84842,3.810e-04,0.495,0.357,29153
127,7.37342,11.84842,3.840e-04,0.437,0.338,29162
128,7.22602,11.84842,3.870e-04,0.284,0.178,29155
129,7.29992,11.84842,3.900e-04,0.494,0.372,29175
130,7.13699,11.84842,3.930e-04,0.458,0.375,29153
131,7.23420,11.84842,3.960e-04,0.446,0.327,29169
132,7.23435,11.84842,3.990e-04,0.474,0.345,29175
133,7.10976,11.84842,4.020e-04,0.380,0.277,29160
134,7.13781,11.84842,4.050e-04,0.509,0.415,29151
135,7.10313,11.84842,4.080e-04,0.348,0.241,29171
136,7.13983,11.84842,4.110e-04,0.573,0.459,29165
137,7.13495,11.84842,4.140e-04,0.588,0.471,29166
138,7.13970,11.84842,4.170e-04,0.352,0.251,29153
139,7.07200,11.84842,4.200e-04,0.623,0.477,29146
140,7.08081,11.84842,4.230e-04,0.546,0.465,29167
141,7.02417,11.84842,4.260e-04,0.418,0.306,29125
142,7.08784,11.84842,4.290e-04,0.466,0.359,29153
143,6.92120,11.84842,4.320e-04,0.439,0.336,29146
144,6.94789,11.84842,4.350e-04,0.551,0.458,29161
145,7.02944,11.84842,4.380e-04,0.564,0.487,29164
146,7.02567,11.84842,4.410e-04,0.451,0.327,29148
147,7.15459,11.84842,4.440e-04,0.492,0.409,29153
148,7.08694,11.84842,4.470e-04,0.394,0.290,29167
149,6.94260,11.84842,4.500e-04,0.381,0.265,29144
150,6.92871,11.84842,4.530e-04,0.379,0.286,29159
151,6.93058,11.84842,4.560e-04,0.385,0.306,29151
152,7.03551,11.84842,4.590e-04,0.541,0.446,29176
153,6.91924,11.84842,4.620e-04,0.449,0.342,29173
154,7.01040,11.84842,4.650e-04,0.835,0.745,29147
155,6.99311,11.84842,4.680e-04,0.517,0.426,29181
156,6.91997,11.84842,4.710e-04,0.861,0.751,29166
157,6.82614,11.84842,4.740e-04,0.573,0.477,29136
158,6.95513,11.84842,4.770e-04,0.664,0.580,29173
159,6.95276,11.84842,4.800e-04,0.639,0.554,29176
160,6.95915,11.84842,4.830e-04,0.545,0.454,29136
161,6.89386,11.84842,4.860e-04,0.720,0.654,29117
162,6.88098,11.84842,4.890e-04,0.462,0.371,29168
163,6.92447,11.84842,4.920e-04,0.800,0.737,29149
164,6.86027,11.84842,4.950e-04,0.458,0.385,29189
165,6.93007,11.84842,4.980e-04,0.626,0.559,29148
166,6.75311,11.84842,5.010e-04,0.531,0.434,29176
167,6.84665,11.84842,5.040e-04,0.618,0.550,29162
168,6.73970,11.84842,5.070e-04,0.557,0.433,29161
169,6.73108,11.84842,5.100e-04,0.556,0.473,29162
170,6.73050,11.84842,5.130e-04,0.517,0.396,29163
171,6.84753,11.84842,5.160e-04,0.601,0.530,29176
172,6.88079,11.84842,5.190e-04,0.446,0.362,29147
173,6.85616,11.84842,5.220e-04,0.733,0.642,29174
174,6.76124,11.84842,5.250e-04,0.613,0.516,29176
175,6.66358,11.84842,5.280e-04,0.461,0.382,29137
176,6.86166,11.84842,5.310e-04,0.677,0.547,29142
177,6.86845,11.84842,5.340e-04,0.606,0.530,29173
178,6.80053,11.84842,5.370e-04,0.609,0.524,29145
179,6.76733,11.84842,5.400e-04,0.745,0.646,29154
180,6.81231,11.84842,5.430e-04,0.529,0.453,29159
181,6.74769,11.84842,5.460e-04,0.487,0.408,29097
182,6.73998,11.84842,5.490e-04,0.529,0.467,29182
183,6.66272,11.84842,5.520e-04,0.766,0.697,29148
184,6.75818,11.84842,5.550e-04,0.463,0.375,29152
185,6.69109,11.84842,5.580e-04,0.553,0.475,29155
186,6.78633,11.84842,5.610e-04,0.450,0.368,29161
187,6.78824,11.84842,5.640e-04,0.590,0.516,29169
188,6.91429,11.84842,5.670e-04,0.503,0.386,29172
189,6.67286,11.84842,5.700e-04,0.576,0.504,29140
190,6.66249,11.84842,5.730e-04,0.603,0.536,29187
191,6.83325,11.84842,5.760e-04,0.599,0.531,29122
192,6.63981,11.84842,5.790e-04,0.520,0.450,29177
193,6.67775,11.84842,5.820e-04,0.456,0.364,29142
194,6.58782,11.84842,5.850e-04,0.630,0.575,29186
195,6.77624,11.84842,5.880e-04,0.608,0.543,29171
196,6.60888,11.84842,5.910e-04,0.680,0.611,29143
197,6.79855,11.84842,5.940e-04,0.571,0.487,29173
198,6.68636,11.84842,5.970e-04,0.654,0.587,29156
199,6.58369,11.84842,6.000e-04,0.551,0.469,29119
200,6.64015,11.84842,6.000e-04,0.603,0.519,29157
201,6.58141,11.84842,6.000e-04,0.724,0.669,29106
202,6.76509,11.84842,6.000e-04,0.570,0.496,29154
203,6.57101,11.84842,6.000e-04,0.824,0.773,29152
204,6.60547,11.84842,6.000e-04,0.605,0.541,29165
205,6.62406,11.84842,6.000e-04,0.617,0.536,29154
206,6.65892,11.84842,6.000e-04,0.749,0.698,29153
207,6.57980,11.84842,6.000e-04,0.539,0.449,29172
208,6.49315,11.84842,6.000e-04,0.736,0.668,29155
209,6.63545,11.84842,6.000e-04,0.645,0.583,29137
210,6.63874,11.84842,6.000e-04,0.552,0.479,29152
211,6.56944,11.84842,6.000e-04,0.579,0.514,29153
212,6.53754,11.84842,6.000e-04,0.604,0.547,29150
213,6.54365,11.84842,6.000e-04,0.445,0.378,29169
214,6.45442,11.84842,6.000e-04,0.598,0.536,29160
215,6.67923,11.84842,6.000e-04,0.611,0.558,29137
216,6.42171,11.84842,6.000e-04,0.522,0.461,29183
217,6.57142,11.84842,6.000e-04,0.756,0.700,29182
218,6.51754,11.84842,5.999e-04,0.684,0.602,29160
219,6.43131,11.84842,5.999e-04,0.644,0.595,29166
220,6.52314,11.84842,5.999e-04,0.582,0.509,29166
221,6.44132,11.84842,5.999e-04,0.720,0.653,29105
222,6.46769,11.84842,5.999e-04,0.634,0.560,29173
223,6.57361,11.84842,5.999e-04,0.578,0.509,29155
224,6.43095,11.84842,5.999e-04,0.708,0.646,29156
225,6.43173,11.84842,5.999e-04,0.580,0.511,29170
226,6.59112,11.84842,5.999e-04,0.567,0.489,29171
227,6.61586,11.84842,5.999e-04,0.509,0.441,29153
228,6.57916,11.84842,5.999e-04,0.607,0.541,29192
229,6.47406,11.84842,5.999e-04,0.482,0.407,29141
230,6.47471,11.84842,5.998e-04,0.642,0.565,29161
231,6.33943,11.84842,5.998e-04,0.734,0.684,29166
232,6.54223,11.84842,5.998e-04,0.537,0.442,29138
233,6.44501,11.84842,5.998e-04,0.555,0.470,29176
234,6.49711,11.84842,5.998e-04,0.515,0.449,29145
235,6.50917,11.84842,5.998e-04,0.476,0.400,29162
236,6.60215,11.84842,5.998e-04,0.545,0.477,29177
237,6.48136,11.84842,5.998e-04,0.592,0.510,29136
238,6.40250,11.84842,5.998e-04,0.637,0.575,29154
239,6.49231,11.84842,5.997e-04,0.674,0.605,29175
240,6.55665,11.84842,5.997e-04,0.704,0.620,29162
241,6.44507,11.84842,5.997e-04,0.539,0.464,29122
242,6.35463,11.84842,5.997e-04,0.756,0.674,29155
243,6.34022,11.84842,5.997e-04,0.583,0.515,29160
244,6.48444,11.84842,5.997e-04,0.960,0.896,29161
245,6.36451,11.84842,5.997e-04,0.780,0.723,29149
246,6.28997,11.84842,5.996e-04,0.730,0.675,29158
247,6.50997,11.84842,5.996e-04,0.670,0.576,29174
248,6.46270,11.84842,5.996e-04,0.627,0.570,29154
249,6.40595,11.84842,5.996e-04,0.687,0.564,29153
250,6.33317,6.33833,5.996e-04,0.598,0.538,8830
251,6.41373,6.33833,5.996e-04,0.879,0.815,29483
252,6.39487,6.33833,5.995e-04,0.625,0.559,29167
253,6.30473,6.33833,5.995e-04,0.822,0.754,29164
254,6.21326,6.33833,5.995e-04,1.028,0.965,29145
255,6.27400,6.33833,5.995e-04,0.613,0.550,29157
256,6.36106,6.33833,5.995e-04,0.805,0.739,29164
257,6.37652,6.33833,5.994e-04,0.816,0.754,29174
258,6.26817,6.33833,5.994e-04,0.704,0.642,29139
259,6.44919,6.33833,5.994e-04,0.699,0.624,29180
260,6.42602,6.33833,5.994e-04,0.608,0.541,29162
261,6.42159,6.33833,5.994e-04,0.652,0.583,29096
262,6.44873,6.33833,5.993e-04,0.554,0.477,29161
263,6.25467,6.33833,5.993e-04,0.805,0.729,29157
264,6.35598,6.33833,5.993e-04,0.641,0.579,29164
265,6.35905,6.33833,5.993e-04,0.669,0.609,29131
266,6.27362,6.33833,5.993e-04,0.603,0.531,29166
267,6.31573,6.33833,5.992e-04,0.787,0.724,29168
268,6.49589,6.33833,5.992e-04,0.585,0.518,29158
269,6.39816,6.33833,5.992e-04,0.587,0.517,29184
270,6.12217,6.33833,5.992e-04,0.746,0.672,29169
271,6.42444,6.33833,5.991e-04,0.617,0.537,29145
272,6.19795,6.33833,5.991e-04,0.577,0.510,29184
273,6.36088,6.33833,5.991e-04,0.548,0.469,29157
274,6.17772,6.33833,5.991e-04,0.647,0.586,29166
275,6.23352,6.33833,5.990e-04,0.527,0.465,29165
276,6.16168,6.33833,5.990e-04,0.736,0.663,29138
277,6.18110,6.33833,5.990e-04,0.642,0.578,29180
278,6.37052,6.33833,5.990e-04,0.608,0.539,29158
279,6.15169,6.33833,5.989e-04,0.640,0.570,29158
280,6.14044,6.33833,5.989e-04,0.565,0.506,29167
281,6.23147,6.33833,5.989e-04,0.586,0.511,29104
282,6.22275,6.33833,5.989e-04,0.565,0.505,29158
283,6.33972,6.33833,5.988e-04,0.558,0.492,29170
284,6.31016,6.33833,5.988e-04,0.532,0.444,29122
285,6.30255,6.33833,5.988e-04,0.586,0.525,29173
286,6.25273,6.33833,5.987e-04,0.654,0.598,29176
287,6.23079,6.33833,5.987e-04,0.599,0.547,29174
288,6.26376,6.33833,5.987e-04,0.556,0.473,29161
289,6.24095,6.33833,5.987e-04,0.704,0.619,29169
290,5.98822,6.33833,5.986e-04,0.694,0.629,29149
291,6.14578,6.33833,5.986e-04,0.582,0.505,29178
292,6.38966,6.33833,5.986e-04,0.638,0.530,29152
293,6.23220,6.33833,5.985e-04,0.816,0.753,29162
294,6.25456,6.33833,5.985e-04,0.644,0.565,29172
295,6.24973,6.33833,5.985e-04,0.553,0.489,29140
296,6.45378,6.33833,5.984e-04,0.663,0.588,29173
297,6.25470,6.33833,5.984e-04,0.713,0.652,29153
298,6.02073,6.33833,5.984e-04,0.721,0.668,29176
299,6.25872,6.33833,5.983e-04,0.684,0.625,29171
300,6.27966,6.33833,5.983e-04,0.620,0.558,29149
301,6.17879,6.33833,5.983e-04,0.589,0.514,29128
302,6.17207,6.33833,5.982e-04,0.713,0.646,29150
303,6.10621,6.33833,5.982e-04,0.700,0.628,29173
304,6.00436,6.33833,5.982e-04,0.723,0.638,29143
305,6.12423,6.33833,5.981e-04,0.611,0.546,29154
306,6.27212,6.33833,5.981e-04,0.627,0.571,29135
307,6.44543,6.33833,5.981e-04,0.634,0.569,29161
308,6.16111,6.33833,5.980e-04,0.607,0.543,29151
309,6.26186,6.33833,5.980e-04,0.522,0.455,29186
310,6.29004,6.33833,5.979e-04,0.561,0.496,29151
311,6.19210,6.33833,5.979e-04,0.562,0.488,29152
312,6.27057,6.33833,5.979e-04,0.623,0.544,29176
313,6.18294,6.33833,5.978e-04,0.613,0.533,29155
314,6.10916,6.33833,5.978e-04,0.694,0.635,29177
315,6.21621,6.33833,5.978e-04,0.689,0.622,29161
316,6.19182,6.33833,5.977e-04,0.548,0.480,29155
317,6.05528,6.33833,5.977e-04,0.710,0.636,29150
318,6.27563,6.33833,5.976e-04,0.590,0.524,29175
319,6.17119,6.33833,5.976e-04,0.577,0.503,29141
320,6.24667,6.33833,5.976e-04,0.561,0.498,29161
321,6.13536,6.33833,5.975e-04,0.656,0.586,29095
322,6.30113,6.33833,5.975e-04,0.560,0.502,29159
323,6.12792,6.33833,5.974e-04,0.611,0.554,29167
324,6.21471,6.33833,5.974e-04,0.538,0.475,29145
325,6.21312,6.33833,5.973e-04,0.546,0.482,29156
326,6.23657,6.33833,5.973e-04,0.649,0.575,29169
327,6.20092,6.33833,5.973e-04,0.559,0.498,29160
328,6.21531,6.33833,5.972e-04,0.568,0.491,29162
329,6.08739,6.33833,5.972e-04,0.638,0.571,29165
330,6.15459,6.33833,5.971e-04,0.635,0.567,29139
331,6.17382,6.33833,5.971e-04,0.687,0.618,29155
332,6.13321,6.33833,5.970e-04,0.676,0.619,29174
333,6.10351,6.33833,5.970e-04,0.942,0.889,29160
334,6.10016,6.33833,5.970e-04,0.649,0.582,29135
335,6.02855,6.33833,5.969e-04,0.766,0.701,29172
336,6.34559,6.33833,5.969e-04,0.727,0.664,29147
337,6.20479,6.33833,5.968e-04,0.609,0.530,29178
338,6.14780,6.33833,5.968e-04,0.614,0.545,29157
339,6.00142,6.33833,5.967e-04,0.642,0.563,29174
340,5.95405,6.33833,5.967e-04,0.681,0.623,29158
341,6.19119,6.33833,5.966e-04,0.748,0.686,29097
342,6.20448,6.33833,5.966e-04,0.696,0.637,29150
343,5.96444,6.33833,5.965e-04,0.758,0.701,29161
344,6.11625,6.33833,5.965e-04,0.589,0.525,29162
345,6.16154,6.33833,5.964e-04,0.720,0.655,29160
346,6.19548,6.33833,5.964e-04,0.628,0.563,29155
347,6.12910,6.33833,5.963e-04,0.588,0.521,29152
348,6.27680,6.33833,5.963e-04,0.658,0.587,29171
349,5.96257,6.33833,5.962e-04,0.626,0.561,29157
350,6.14919,6.33833,5.962e-04,0.771,0.699,29172
351,6.13771,6.33833,5.961e-04,0.598,0.526,29157
352,6.01531,6.33833,5.961e-04,0.973,0.907,29166
353,6.26048,6.33833,5.960e-04,0.556,0.482,29164
354,5.92354,6.33833,5.960e-04,1.082,1.009,29134
355,6.03902,6.33833,5.959e-04,0.554,0.490,29166
356,6.03338,6.33833,5.959e-04,0.817,0.755,29167
357,6.23827,6.33833,5.958e-04,0.569,0.499,29133
358,6.19167,6.33833,5.958e-04,0.533,0.457,29166
359,6.04746,6.33833,5.957e-04,0.777,0.715,29156
360,6.01930,6.33833,5.957e-04,0.684,0.630,29171
361,6.03306,6.33833,5.956e-04,0.748,0.697,29115
362,6.09494,6.33833,5.956e-04,0.585,0.518,29157
363,6.16717,6.33833,5.955e-04,0.589,0.526,29147
364,6.15942,6.33833,5.954e-04,0.666,0.603,29176
365,6.00369,6.33833,5.954e-04,0.552,0.489,29170
366,6.03166,6.33833,5.953e-04,0.530,0.454,29165
367,6.08619,6.33833,5.953e-04,0.568,0.504,29165
368,5.91629,6.33833,5.952e-04,0.688,0.630,29173
369,6.02620,6.33833,5.952e-04,0.543,0.479,29163
370,5.86966,6.33833,5.951e-04,0.675,0.609,29156
371,5.88917,6.33833,5.950e-04,0.729,0.673,29196
372,6.03707,6.33833,5.950e-04,0.599,0.531,29172
373,6.17525,6.33833,5.949e-04,0.739,0.683,29147
374,6.09749,6.33833,5.949e-04,0.704,0.639,29164
375,6.09610,6.33833,5.948e-04,0.640,0.582,29168
376,6.14187,6.33833,5.948e-04,0.594,0.519,29148
377,6.07326,6.33833,5.947e-04,0.824,0.764,29189
378,6.12043,6.33833,5.946e-04,0.577,0.501,29183
379,6.07224,6.33833,5.946e-04,0.564,0.487,29160
380,6.13318,6.33833,5.945e-04,0.640,0.571,29164
381,6.13559,6.33833,5.945e-04,0.660,0.582,29115
382,6.16361,6.33833,5.944e-04,0.661,0.586,29174
383,5.96980,6.33833,5.943e-04,0.785,0.724,29160
384,5.97683,6.33833,5.943e-04,0.558,0.485,29172
385,6.18525,6.33833,5.942e-04,0.619,0.538,29156
386,6.20370,6.33833,5.941e-04,0.573,0.500,29180
387,5.90091,6.33833,5.941e-04,0.633,0.537,29163
388,6.05731,6.33833,5.940e-04,0.631,0.550,29157
389,5.89184,6.33833,5.940e-04,0.594,0.528,29152
390,6.15677,6.33833,5.939e-04,0.586,0.502,29179
391,6.02030,6.33833,5.938e-04,0.543,0.463,29174
392,6.08941,6.33833,5.938e-04,0.643,0.579,29138
393,6.01417,6.33833,5.937e-04,0.562,0.498,29190
394,6.09999,6.33833,5.936e-04,0.682,0.609,29159
395,6.06213,6.33833,5.936e-04,0.598,0.535,29158
396,5.83086,6.33833,5.935e-04,0.633,0.573,29168
397,6.02264,6.33833,5.934e-04,0.581,0.513,29157
398,6.10728,6.33833,5.934e-04,0.621,0.548,29157
399,5.90031,6.33833,5.933e-04,0.649,0.584,29151
400,6.07469,6.33833,5.932e-04,0.629,0.566,29160
401,6.19235,6.33833,5.932e-04,0.637,0.562,29121
402,5.87582,6.33833,5.931e-04,0.837,0.772,29169
403,6.12799,6.33833,5.930e-04,0.604,0.543,29161
404,6.11611,6.33833,5.930e-04,0.666,0.606,29169
405,6.07119,6.33833,5.929e-04,0.659,0.591,29159
406,5.93190,6.33833,5.928e-04,0.689,0.632,29163
407,6.07541,6.33833,5.928e-04,0.715,0.654,29141
408,5.92556,6.33833,5.927e-04,0.577,0.513,29148
409,5.98631,6.33833,5.926e-04,0.721,0.668,29177
410,5.89048,6.33833,5.925e-04,0.595,0.521,29133
411,5.86764,6.33833,5.925e-04,0.707,0.638,29175
412,6.12873,6.33833,5.924e-04,0.596,0.516,29147
413,5.85974,6.33833,5.923e-04,0.590,0.521,29167
414,6.15140,6.33833,5.923e-04,0.659,0.575,29153
415,5.83189,6.33833,5.922e-04,0.708,0.640,29165
416,5.94096,6.33833,5.921e-04,0.634,0.560,29130
417,5.79082,6.33833,5.920e-04,0.660,0.592,29168
418,6.15158,6.33833,5.920e-04,0.688,0.610,29162
419,5.97055,6.33833,5.919e-04,0.701,0.637,29163
420,6.06103,6.33833,5.918e-04,0.797,0.712,29138
421,6.10664,6.33833,5.917e-04,0.528,0.458,29105
422,5.74160,6.33833,5.917e-04,0.725,0.657,29167
423,6.01583,6.33833,5.916e-04,0.644,0.558,29161
424,5.84830,6.33833,5.915e-04,0.701,0.625,29146
425,5.80949,6.33833,5.914e-04,0.687,0.604,29151
426,6.03137,6.33833,5.914e-04,0.831,0.749,29173
427,5.88687,6.33833,5.913e-04,0.605,0.534,29164
428,5.85674,6.33833,5.912e-04,0.607,0.530,29143
429,5.89010,6.33833,5.911e-04,0.679,0.609,29160
430,5.96003,6.33833,5.911e-04,0.666,0.599,29145
431,5.91358,6.33833,5.910e-04,0.679,0.616,29137
432,5.80596,6.33833,5.909e-04,0.586,0.520,29165
433,5.96800,6.33833,5.908e-04,0.623,0.551,29165
434,6.15262,6.33833,5.907e-04,0.553,0.482,29151
435,5.83937,6.33833,5.907e-04,0.689,0.618,29174
436,6.04202,6.33833,5.906e-04,0.714,0.650,29171
437,6.11811,6.33833,5.905e-04,0.608,0.538,29166
438,6.13065,6.33833,5.904e-04,0.706,0.633,29161
439,5.80540,6.33833,5.904e-04,0.821,0.758,29170
440,6.01515,6.33833,5.903e-04,0.794,0.728,29169
441,5.92478,6.33833,5.902e-04,0.666,0.610,29130
442,5.94411,6.33833,5.901e-04,0.602,0.530,29157
443,5.98225,6.33833,5.900e-04,0.635,0.574,29133
444,5.82483,6.33833,5.899e-04,0.696,0.636,29168
445,5.83757,6.33833,5.899e-04,0.598,0.528,29159
446,6.20800,6.33833,5.898e-04,0.591,0.506,29177
447,6.09193,6.33833,5.897e-04,0.622,0.551,29157
448,5.95089,6.33833,5.896e-04,0.625,0.557,29164
449,6.00029,6.33833,5.895e-04,0.604,0.535,29173
450,5.86942,6.33833,5.894e-04,0.659,0.599,29168
451,5.73877,6.33833,5.894e-04,0.814,0.757,29162
452,5.70392,6.33833,5.893e-04,0.775,0.714,29159
453,5.98113,6.33833,5.892e-04,0.720,0.654,29161
454,6.01017,6.33833,5.891e-04,0.723,0.653,29152
455,5.94883,6.33833,5.890e-04,0.745,0.680,29145
456,6.08110,6.33833,5.889e-04,0.609,0.529,29184
457,5.98940,6.33833,5.889e-04,0.692,0.619,29143
458,5.95403,6.33833,5.888e-04,0.739,0.669,29154
459,5.96190,6.33833,5.887e-04,0.665,0.585,29138
460,5.89708,6.33833,5.886e-04,0.753,0.677,29171
461,5.84762,6.33833,5.885e-04,0.808,0.750,29135
462,5.93930,6.33833,5.884e-04,0.591,0.517,29154
463,5.79964,6.33833,5.883e-04,0.657,0.585,29152
464,5.97692,6.33833,5.882e-04,0.655,0.574,29157
465,5.88755,6.33833,5.882e-04,0.588,0.503,29148
466,5.80836,6.33833,5.881e-04,0.594,0.527,29172
467,5.70434,6.33833,5.880e-04,0.667,0.591,29144
468,5.82447,6.33833,5.879e-04,0.636,0.558,29180
469,5.77483,6.33833,5.878e-04,0.743,0.677,29140
470,5.99791,6.33833,5.877e-04,0.663,0.593,29142
471,5.86180,6.33833,5.876e-04,0.761,0.702,29179
472,5.81993,6.33833,5.875e-04,0.709,0.645,29133
473,5.90336,6.33833,5.874e-04,0.625,0.551,29163
474,5.90494,6.33833,5.873e-04,0.692,0.629,29186
475,5.85174,6.33833,5.872e-04,0.631,0.564,29160
476,5.73460,6.33833,5.872e-04,0.676,0.613,29151
477,5.88372,6.33833,5.871e-04,0.691,0.624,29164
478,5.90340,6.33833,5.870e-04,0.745,0.671,29165
479,6.02177,6.33833,5.869e-04,0.674,0.601,29158
480,6.15808,6.33833,5.868e-04,0.766,0.649,29172
481,5.98292,6.33833,5.867e-04,0.558,0.486,29122
482,5.91372,6.33833,5.866e-04,0.664,0.588,29140
483,6.03943,6.33833,5.865e-04,0.658,0.585,29173
484,5.80834,6.33833,5.864e-04,0.696,0.625,29152
485,5.93349,6.33833,5.863e-04,0.648,0.574,29179
486,5.93761,6.33833,5.862e-04,0.702,0.637,29159
487,5.67647,6.33833,5.861e-04,0.675,0.609,29174
488,5.83295,6.33833,5.860e-04,0.738,0.681,29167
489,5.79807,6.33833,5.859e-04,0.619,0.549,29176
490,5.90574,6.33833,5.858e-04,0.647,0.571,29185
491,5.89659,6.33833,5.857e-04,0.645,0.575,29146
492,5.84028,6.33833,5.856e-04,0.583,0.507,29168
493,5.58558,6.33833,5.855e-04,0.612,0.515,29153
494,5.93138,6.33833,5.854e-04,0.583,0.501,29144
495,5.91225,6.33833,5.853e-04,0.556,0.475,29162
496,5.86338,6.33833,5.852e-04,0.564,0.491,29155
497,5.83024,6.33833,5.851e-04,0.626,0.554,29140
498,5.86185,6.33833,5.850e-04,0.629,0.558,29177
499,5.81289,6.33833,5.849e-04,0.685,0.612,29147
500,5.83327,5.80264,5.848e-04,0.732,0.647,8828
501,5.65502,5.80264,5.847e-04,0.617,0.550,29505
502,5.84225,5.80264,5.846e-04,0.729,0.650,29163
503,5.55753,5.80264,5.845e-04,0.674,0.594,29141
504,5.76487,5.80264,5.844e-04,0.562,0.490,29170
505,5.82247,5.80264,5.843e-04,0.697,0.620,29143
506,5.84216,5.80264,5.842e-04,0.546,0.472,29173
507,5.83562,5.80264,5.841e-04,0.713,0.649,29162
508,5.68481,5.80264,5.840e-04,0.673,0.600,29150
509,5.96452,5.80264,5.839e-04,0.605,0.526,29171
510,5.80319,5.80264,5.838e-04,0.714,0.649,29151
511,6.22564,5.80264,5.837e-04,0.598,0.514,28906
512,5.82157,5.80264,5.836e-04,0.817,0.748,29145
513,5.86477,5.80264,5.835e-04,0.627,0.538,29173
514,5.84507,5.80264,5.834e-04,0.847,0.780,29156
515,5.85341,5.80264,5.833e-04,0.603,0.515,29150
516,5.96076,5.80264,5.832e-04,0.715,0.635,29128
517,5.79305,5.80264,5.831e-04,0.661,0.596,29196
518,5.87965,5.80264,5.830e-04,0.606,0.534,29161
519,5.81333,5.80264,5.829e-04,0.744,0.664,29154
520,5.87753,5.80264,5.828e-04,0.651,0.576,29165
521,5.73815,5.80264,5.827e-04,0.859,0.787,29111
522,5.55442,5.80264,5.826e-04,0.764,0.705,29163
523,5.71403,5.80264,5.825e-04,0.620,0.547,29166
524,5.87670,5.80264,5.824e-04,0.631,0.548,29158
525,5.72836,5.80264,5.822e-04,0.608,0.540,29162
526,5.82745,5.80264,5.821e-04,0.725,0.654,29190
527,5.93216,5.80264,5.820e-04,0.621,0.542,29133
528,5.79684,5.80264,5.819e-04,0.623,0.550,29179
529,5.85171,5.80264,5.818e-04,0.659,0.586,29156
530,5.90317,5.80264,5.817e-04,0.630,0.555,29170
531,6.05823,5.80264,5.816e-04,0.598,0.517,29153
532,5.68829,5.80264,5.815e-04,0.615,0.549,29155
533,5.72684,5.80264,5.814e-04,0.623,0.546,29178
534,5.83659,5.80264,5.813e-04,0.657,0.584,29176
535,5.91265,5.80264,5.812e-04,0.691,0.610,29158
536,6.02800,5.80264,5.810e-04,0.736,0.663,29156
537,5.75214,5.80264,5.809e-04,0.611,0.548,29168
538,5.71182,5.80264,5.808e-04,0.793,0.724,29143
539,5.84988,5.80264,5.807e-04,0.687,0.604,29167
540,5.78665,5.80264,5.806e-04,0.840,0.775,29159
541,5.79278,5.80264,5.805e-04,0.720,0.649,29125
542,5.83125,5.80264,5.804e-04,0.670,0.603,29141
543,5.62585,5.80264,5.803e-04,0.686,0.618,29172
544,5.79621,5.80264,5.801e-04,0.667,0.602,29148
545,5.82257,5.80264,5.800e-04,0.670,0.601,29174
546,5.85234,5.80264,5.799e-04,0.681,0.607,29166
547,5.81720,5.80264,5.798e-04,0.639,0.561,29140
548,5.81750,5.80264,5.797e-04,0.728,0.657,29145
549,6.07809,5.80264,5.796e-04,0.638,0.555,29181
550,5.99355,5.80264,5.794e-04,0.782,0.710,29161
551,5.75160,5.80264,5.793e-04,0.709,0.628,29162
552,5.79483,5.80264,5.792e-04,0.716,0.645,29167
553,5.81349,5.80264,5.791e-04,0.717,0.636,29173
554,5.74779,5.80264,5.790e-04,0.789,0.709,29178
555,5.88924,5.80264,5.789e-04,0.638,0.549,29164
556,5.82295,5.80264,5.787e-04,0.649,0.574,29180
557,5.84215,5.80264,5.786e-04,0.606,0.530,29171
558,5.74067,5.80264,5.785e-04,0.650,0.568,29174
559,5.71235,5.80264,5.784e-04,0.712,0.625,29145
560,5.84636,5.80264,5.783e-04,0.685,0.601,29156
561,5.71771,5.80264,5.782e-04,0.674,0.601,29135
562,5.99390,5.80264,5.780e-04,0.708,0.634,29160
563,5.77893,5.80264,5.779e-04,0.553,0.481,29160
564,5.91265,5.80264,5.778e-04,0.890,0.811,29160
565,5.73463,5.80264,5.777e-04,0.630,0.550,29166
566,5.82213,5.80264,5.776e-04,0.629,0.547,29133
567,5.89373,5.80264,5.774e-04,0.577,0.478,29164
568,5.61597,5.80264,5.773e-04,0.639,0.552,29142
569,5.81716,5.80264,5.772e-04,0.615,0.536,29163
570,5.82518,5.80264,5.771e-04,0.659,0.577,29138
571,5.81435,5.80264,5.769e-04,0.634,0.548,29167
572,5.88994,5.80264,5.768e-04,0.578,0.505,29178
573,5.82480,5.80264,5.767e-04,0.608,0.526,29145
574,5.74269,5.80264,5.766e-04,0.629,0.556,29175
575,5.80073,5.80264,5.765e-04,0.676,0.603,29159
576,5.47787,5.80264,5.763e-04,0.726,0.661,29156
577,5.86391,5.80264,5.762e-04,0.630,0.559,29181
578,5.78605,5.80264,5.761e-04,0.718,0.642,29146
579,5.85385,5.80264,5.760e-04,0.617,0.542,29179
580,5.81203,5.80264,5.758e-04,0.602,0.532,29164
581,5.94831,5.80264,5.757e-04,0.642,0.570,29117
582,5.78660,5.80264,5.756e-04,0.589,0.509,29138
583,5.87897,5.80264,5.755e-04,0.614,0.527,29169
584,5.74495,5.80264,5.753e-04,0.671,0.595,29149
585,5.67186,5.80264,5.752e-04,0.664,0.597,29170
586,5.79419,5.80264,5.751e-04,0.684,0.612,29167
587,5.85590,5.80264,5.749e-04,0.628,0.560,29158
588,5.80049,5.80264,5.748e-04,0.692,0.621,29149
589,5.74807,5.80264,5.747e-04,0.640,0.570,29179
590,5.75578,5.80264,5.746e-04,0.626,0.556,29172
591,5.68688,5.80264,5.744e-04,0.770,0.701,29159
592,5.57360,5.80264,5.743e-04,0.679,0.609,29156
593,5.75565,5.80264,5.742e-04,0.603,0.540,29165
594,5.76371,5.80264,5.740e-04,0.626,0.552,29162
595,5.69360,5.80264,5.739e-04,0.607,0.534,29167
596,5.66746,5.80264,5.738e-04,0.568,0.495,29168
597,5.90261,5.80264,5.737e-04,0.691,0.597,29151
598,5.74886,5.80264,5.735e-04,0.590,0.519,29151
599,5.76463,5.80264,5.734e-04,0.654,0.579,29191
600,6.02469,5.80264,5.733e-04,0.678,0.603,29134
601,5.81073,5.80264,5.731e-04,0.627,0.548,29130
602,5.86840,5.80264,5.730e-04,0.617,0.543,29142
603,5.69700,5.80264,5.729e-04,0.666,0.594,29157
604,5.73279,5.80264,5.727e-04,0.577,0.502,29167
605,5.70079,5.80264,5.726e-04,0.665,0.588,29167
606,5.65866,5.80264,5.725e-04,0.631,0.556,29179
607,5.63724,5.80264,5.723e-04,0.663,0.588,29168
608,5.77193,5.80264,5.722e-04,0.606,0.528,29148
609,5.57261,5.80264,5.721e-04,0.744,0.656,29176
610,5.63747,5.80264,5.719e-04,0.868,0.797,29143
611,5.81096,5.80264,5.718e-04,0.599,0.520,29160
612,5.69925,5.80264,5.717e-04,0.640,0.554,29186
613,5.73414,5.80264,5.715e-04,0.686,0.610,29149
614,5.88152,5.80264,5.714e-04,0.670,0.586,29155
615,5.78493,5.80264,5.713e-04,0.675,0.601,29154
616,5.95712,5.80264,5.711e-04,0.814,0.735,29158
617,5.90079,5.80264,5.710e-04,0.674,0.587,29184
618,5.70754,5.80264,5.708e-04,0.675,0.602,29175
619,5.84902,5.80264,5.707e-04,0.633,0.543,29178
620,5.75170,5.80264,5.706e-04,0.705,0.625,29156
621,5.72787,5.80264,5.704e-04,0.654,0.573,29119
622,5.73837,5.80264,5.703e-04,0.756,0.684,29154
623,5.91749,5.80264,5.702e-04,0.618,0.541,29171
624,5.86659,5.80264,5.700e-04,0.606,0.527,29142
625,5.72396,5.80264,5.699e-04,0.653,0.573,29169
626,5.79782,5.80264,5.697e-04,0.691,0.612,29163
627,5.73715,5.80264,5.696e-04,0.538,0.464,29154
628,5.50996,5.80264,5.695e-04,0.731,0.658,29168
629,5.71132,5.80264,5.693e-04,0.648,0.569,29187
630,5.95585,5.80264,5.692e-04,0.613,0.538,29144
631,5.88962,5.80264,5.690e-04,0.663,0.581,29155
632,5.57165,5.80264,5.689e-04,0.802,0.735,29139
633,5.72501,5.80264,5.688e-04,0.595,0.517,29156
634,5.77412,5.80264,5.686e-04,0.632,0.561,29147
635,5.73547,5.80264,5.685e-04,0.712,0.624,29176
636,5.59545,5.80264,5.683e-04,0.629,0.559,29148
637,5.74418,5.80264,5.682e-04,0.689,0.605,29172
638,5.74233,5.80264,5.680e-04,0.702,0.632,29144
639,5.62817,5.80264,5.679e-04,0.668,0.584,29178
640,5.54128,5.80264,5.678e-04,0.661,0.589,29174
641,5.74794,5.80264,5.676e-04,0.628,0.549,29123
642,5.51426,5.80264,5.675e-04,0.707,0.632,29179
643,5.54863,5.80264,5.673e-04,0.591,0.510,29160
644,5.65898,5.80264,5.672e-04,0.591,0.514,29174
645,5.83173,5.80264,5.670e-04,0.621,0.542,29142
646,5.55179,5.80264,5.669e-04,0.628,0.549,29151
647,5.67238,5.80264,5.667e-04,0.766,0.695,29176
648,5.73877,5.80264,5.666e-04,0.607,0.529,29163
649,5.88821,5.80264,5.665e-04,0.623,0.545,29157
650,5.75337,5.80264,5.663e-04,0.732,0.652,29169
651,5.49603,5.80264,5.662e-04,0.682,0.597,29167
652,5.70189,5.80264,5.660e-04,0.648,0.575,29162
653,5.69653,5.80264,5.659e-04,0.680,0.592,29153
654,5.82402,5.80264,5.657e-04,0.629,0.547,29153
655,5.85410,5.80264,5.656e-04,0.742,0.651,29156
656,5.89273,5.80264,5.654e-04,0.698,0.617,29174
657,5.84014,5.80264,5.653e-04,0.595,0.519,29142
658,5.79787,5.80264,5.651e-04,0.675,0.580,29199
659,5.68506,5.80264,5.650e-04,0.629,0.550,29195
660,5.59103,5.80264,5.648e-04,0.665,0.584,29172
661,5.64268,5.80264,5.647e-04,0.671,0.597,29111
662,5.61852,5.80264,5.645e-04,0.693,0.619,29173
663,5.75336,5.80264,5.644e-04,0.593,0.517,29129
664,5.81798,5.80264,5.642e-04,0.710,0.629,29178
665,5.84759,5.80264,5.641e-04,0.621,0.539,29145
666,5.73344,5.80264,5.639e-04,0.670,0.591,29168
667,5.63331,5.80264,5.638e-04,0.778,0.701,29176
668,5.81038,5.80264,5.636e-04,0.659,0.575,29173
669,5.55343,5.80264,5.635e-04,0.660,0.590,29143
670,5.44997,5.80264,5.633e-04,0.656,0.581,29168
671,5.80087,5.80264,5.632e-04,0.709,0.621,29147
672,5.81830,5.80264,5.630e-04,0.597,0.520,29171
673,5.66742,5.80264,5.629e-04,0.666,0.586,29139
674,5.69949,5.80264,5.627e-04,0.704,0.619,29177
675,5.56342,5.80264,5.626e-04,0.720,0.653,29156
676,5.55522,5.80264,5.624e-04,0.619,0.542,29150
677,5.83709,5.80264,5.622e-04,0.720,0.627,29167
678,5.72523,5.80264,5.621e-04,0.604,0.525,29150
679,5.80494,5.80264,5.619e-04,0.611,0.521,29176
680,5.83162,5.80264,5.618e-04,0.604,0.521,29166
681,5.62237,5.80264,5.616e-04,0.755,0.681,29102
682,5.74557,5.80264,5.615e-04,0.586,0.507,29176
683,5.58240,5.80264,5.613e-04,0.592,0.514,29171
684,5.50986,5.80264,5.612e-04,0.695,0.618,29162
685,5.67101,5.80264,5.610e-04,0.646,0.567,29178
686,5.73252,5.80264,5.608e-04,0.583,0.502,29155
687,5.75882,5.80264,5.607e-04,0.633,0.545,29158
688,5.70255,5.80264,5.605e-04,0.638,0.570,29175
689,5.74687,5.80264,5.604e-04,0.644,0.560,29189
690,5.80835,5.80264,5.602e-04,0.618,0.534,29160
691,5.64611,5.80264,5.601e-04,0.661,0.588,29162
692,5.66568,5.80264,5.599e-04,0.635,0.556,29149
693,5.73874,5.80264,5.597e-04,0.608,0.534,29149
694,5.48112,5.80264,5.596e-04,0.662,0.587,29171
695,5.69504,5.80264,5.594e-04,0.665,0.586,29167
696,5.55582,5.80264,5.593e-04,0.627,0.552,29147
697,5.83419,5.80264,5.591e-04,0.616,0.529,29176
698,5.65119,5.80264,5.589e-04,0.637,0.560,29153
699,5.79570,5.80264,5.588e-04,0.735,0.648,29179
700,5.59705,5.80264,5.586e-04,0.689,0.613,29184
701,5.61959,5.80264,5.585e-04,0.599,0.523,29114
702,5.55717,5.80264,5.583e-04,0.691,0.619,29159
703,5.75514,5.80264,5.581e-04,0.679,0.600,29186
704,5.72559,5.80264,5.580e-04,0.657,0.583,29148
705,5.52407,5.80264,5.578e-04,0.663,0.584,29165
706,5.58047,5.80264,5.576e-04,0.611,0.531,29173
707,5.47248,5.80264,5.575e-04,0.641,0.567,29159
708,5.60068,5.80264,5.573e-04,0.606,0.524,29184
709,5.77765,5.80264,5.572e-04,0.689,0.605,29169
710,5.54834,5.80264,5.570e-04,0.814,0.743,29179
711,5.69142,5.80264,5.568e-04,0.629,0.535,29157
712,5.63117,5.80264,5.567e-04,0.760,0.667,29164
713,5.67632,5.80264,5.565e-04,0.733,0.660,29167
714,5.70522,5.80264,5.563e-04,0.668,0.578,29159
715,5.70882,5.80264,5.562e-04,0.605,0.529,29174
716,5.68982,5.80264,5.560e-04,0.628,0.542,29146
717,5.65799,5.80264,5.558e-04,0.632,0.547,29157
718,5.73555,5.80264,5.557e-04,0.631,0.555,29171
719,5.84622,5.80264,5.555e-04,0.714,0.630,29190
720,5.62597,5.80264,5.553e-04,0.641,0.557,29154
721,5.68122,5.80264,5.552e-04,0.636,0.557,29122
722,5.69427,5.80264,5.550e-04,0.700,0.619,29145
723,5.55791,5.80264,5.548e-04,0.648,0.573,29177
724,5.71265,5.80264,5.547e-04,0.603,0.513,29171
725,5.65043,5.80264,5.545e-04,0.646,0.574,29149
726,5.61641,5.80264,5.543e-04,0.599,0.521,29160
727,5.73912,5.80264,5.542e-04,0.648,0.570,29164
728,5.75661,5.80264,5.540e-04,0.629,0.540,29119
729,5.69467,5.80264,5.538e-04,0.689,0.619,29162
730,5.60179,5.80264,5.537e-04,0.630,0.544,29163
731,5.72169,5.80264,5.535e-04,0.624,0.540,29159
732,5.50294,5.80264,5.533e-04,0.738,0.657,29158
733,5.62247,5.80264,5.531e-04,0.653,0.580,29165
734,5.63188,5.80264,5.530e-04,0.592,0.514,29175
735,5.61340,5.80264,5.528e-04,0.685,0.608,29167
736,5.70037,5.80264,5.526e-04,0.674,0.597,29160
737,5.62528,5.80264,5.525e-04,0.695,0.618,29156
738,5.62829,5.80264,5.523e-04,0.694,0.620,29169
739,5.71174,5.80264,5.521e-04,0.617,0.532,29160
740,5.63661,5.80264,5.519e-04,0.706,0.627,29144
741,5.65047,5.80264,5.518e-04,0.731,0.649,29126
742,5.71892,5.80264,5.516e-04,0.656,0.571,29162
743,5.72370,5.80264,5.514e-04,0.697,0.600,29179
744,5.74766,5.80264,5.512e-04,0.684,0.601,29156
745,5.71706,5.80264,5.511e-04,0.719,0.637,29158
746,5.43949,5.80264,5.509e-04,0.831,0.760,29178
747,5.73704,5.80264,5.507e-04,0.621,0.530,29147
748,5.66991,5.80264,5.506e-04,0.638,0.558,29163
749,5.63828,5.80264,5.504e-04,0.711,0.635,29175
750,5.63401,5.58562,5.502e-04,0.675,0.591,8834
751,5.65423,5.58562,5.500e-04,0.631,0.552,29486
752,5.54818,5.58562,5.499e-04,0.593,0.513,29156
753,5.53798,5.58562,5.497e-04,0.683,0.596,29168
754,5.59462,5.58562,5.495e-04,0.591,0.505,29159
755,5.58333,5.58562,5.493e-04,0.706,0.627,29163
756,5.51641,5.58562,5.491e-04,0.671,0.591,29169
757,5.63520,5.58562,5.490e-04,0.646,0.567,29161
758,5.60256,5.58562,5.488e-04,0.820,0.732,29149
759,5.54396,5.58562,5.486e-04,0.670,0.599,29165
760,5.70673,5.58562,5.484e-04,0.748,0.660,29177
761,5.74865,5.58562,5.483e-04,0.625,0.540,29122
762,5.55764,5.58562,5.481e-04,0.758,0.688,29151
763,5.53079,5.58562,5.479e-04,0.674,0.587,29147
764,5.61662,5.58562,5.477e-04,0.709,0.621,29164
765,5.59242,5.58562,5.475e-04,0.847,0.761,29157
766,5.73830,5.58562,5.474e-04,0.613,0.534,29171
767,5.61806,5.58562,5.472e-04,0.651,0.562,29169
768,5.76247,5.58562,5.470e-04,0.680,0.590,29160
769,5.63503,5.58562,5.468e-04,0.631,0.545,29155
770,5.44718,5.58562,5.466e-04,0.643,0.561,29159
771,5.67534,5.58562,5.465e-04,0.669,0.567,29156
772,5.55295,5.58562,5.463e-04,0.698,0.612,29169
773,5.52710,5.58562,5.461e-04,0.687,0.611,29161
774,5.54624,5.58562,5.459e-04,0.655,0.574,29141
775,5.37066,5.58562,5.457e-04,0.666,0.586,29169
776,5.59121,5.58562,5.456e-04,0.719,0.632,29159
777,5.48322,5.58562,5.454e-04,0.646,0.568,29177
778,5.70513,5.58562,5.452e-04,0.674,0.592,29145
779,5.70097,5.58562,5.450e-04,0.664,0.588,29171
780,5.71829,5.58562,5.448e-04,0.647,0.555,29130
781,5.47504,5.58562,5.446e-04,0.664,0.587,28936
782,5.59378,5.58562,5.445e-04,0.620,0.546,29154
783,5.62006,5.58562,5.443e-04,0.681,0.593,29165
784,5.75944,5.58562,5.441e-04,0.649,0.563,29148
785,5.78836,5.58562,5.439e-04,0.711,0.612,29186
786,5.58288,5.58562,5.437e-04,0.684,0.606,29115
787,5.73026,5.58562,5.435e-04,0.722,0.633,29182
788,5.44287,5.58562,5.433e-04,0.708,0.632,29164
789,5.83679,5.58562,5.432e-04,0.660,0.570,29165
790,5.69551,5.58562,5.430e-04,0.701,0.619,29162
791,5.54318,5.58562,5.428e-04,0.692,0.615,29132
792,5.70546,5.58562,5.426e-04,0.699,0.613,29169
793,5.47880,5.58562,5.424e-04,0.610,0.525,29163
794,5.57505,5.58562,5.422e-04,0.690,0.609,29160
795,5.57715,5.58562,5.420e-04,0.641,0.567,29140
796,5.60763,5.58562,5.418e-04,0.686,0.605,29163
797,5.54074,5.58562,5.417e-04,0.633,0.552,29163
798,5.57496,5.58562,5.415e-04,0.759,0.674,29194
799,5.66331,5.58562,5.413e-04,0.656,0.553,29152
800,5.53842,5.58562,5.411e-04,0.708,0.630,29169
801,5.51762,5.58562,5.409e-04,0.675,0.591,29110
802,5.48826,5.58562,5.407e-04,0.720,0.644,29136
803,5.54218,5.58562,5.405e-04,0.717,0.642,29173
804,5.63503,5.58562,5.403e-04,0.760,0.679,29158
805,5.63644,5.58562,5.401e-04,0.714,0.643,29178
806,5.48032,5.58562,5.400e-04,0.705,0.618,29145
807,5.48395,5.58562,5.398e-04,0.630,0.548,29165
808,5.42888,5.58562,5.396e-04,0.682,0.606,29143
809,5.66998,5.58562,5.394e-04,0.725,0.635,29176
810,5.44183,5.58562,5.392e-04,0.709,0.623,29176
811,5.50257,5.58562,5.390e-04,0.645,0.563,29155
812,5.50883,5.58562,5.388e-04,0.682,0.594,29171
813,5.60502,5.58562,5.386e-04,0.649,0.560,29141
814,5.47535,5.58562,5.384e-04,0.679,0.601,29182
815,5.53713,5.58562,5.382e-04,0.659,0.581,29165
816,5.49255,5.58562,5.380e-04,0.634,0.549,29146
817,5.59114,5.58562,5.378e-04,0.678,0.588,29181
818,5.45087,5.58562,5.377e-04,0.661,0.584,29147
819,5.67068,5.58562,5.375e-04,0.612,0.530,29167
820,5.68420,5.58562,5.373e-04,0.673,0.593,29169
821,5.51527,5.58562,5.371e-04,0.641,0.558,29116
822,5.55015,5.58562,5.369e-04,0.687,0.611,29152
823,5.49575,5.58562,5.367e-04,0.694,0.613,29184
824,5.49748,5.58562,5.365e-04,0.591,0.516,29161
825,5.54169,5.58562,5.363e-04,0.648,0.562,29148
826,5.56951,5.58562,5.361e-04,0.636,0.537,29166
827,5.52335,5.58562,5.359e-04,0.772,0.688,29160
828,5.72044,5.58562,5.357e-04,0.681,0.590,29153
829,5.61542,5.58562,5.355e-04,0.658,0.575,29183
830,5.52460,5.58562,5.353e-04,0.702,0.611,29146
831,5.47995,5.58562,5.351e-04,0.699,0.611,29165
832,5.55807,5.58562,5.349e-04,0.706,0.625,29155
833,5.24102,5.58562,5.347e-04,0.672,0.586,29148
834,5.51007,5.58562,5.345e-04,0.721,0.632,29181
835,5.63514,5.58562,5.343e-04,0.655,0.571,29135
836,5.51053,5.58562,5.341e-04,0.637,0.552,29175
837,5.65006,5.58562,5.339e-04,0.690,0.598,29150
838,5.41124,5.58562,5.337e-04,0.686,0.607,29157
839,5.39468,5.58562,5.335e-04,0.689,0.609,29164
840,5.50700,5.58562,5.333e-04,0.750,0.663,29163
841,5.78671,5.58562,5.331e-04,0.717,0.617,29122
842,5.66131,5.58562,5.329e-04,0.645,0.564,29151
843,5.58338,5.58562,5.327e-04,0.743,0.659,29156
844,5.42295,5.58562,5.325e-04,0.724,0.645,29180
845,5.44988,5.58562,5.323e-04,0.687,0.609,29131
846,5.63378,5.58562,5.321e-04,0.689,0.609,29172
847,5.64248,5.58562,5.319e-04,0.709,0.628,29165
848,5.72493,5.58562,5.317e-04,0.780,0.689,29167
849,5.54883,5.58562,5.315e-04,0.657,0.575,29153
850,5.55836,5.58562,5.313e-04,0.798,0.710,29151
851,5.48846,5.58562,5.311e-04,0.663,0.583,29179
852,5.57986,5.58562,5.309e-04,0.752,0.668,29184
853,5.57468,5.58562,5.307e-04,0.656,0.549,29139
854,5.49854,5.58562,5.305e-04,0.604,0.520,29176
855,5.56459,5.58562,5.303e-04,0.702,0.618,29176
856,5.45227,5.58562,5.301e-04,0.643,0.571,29132
857,5.55848,5.58562,5.299e-04,0.591,0.505,29184
858,5.56372,5.58562,5.297e-04,0.677,0.589,29157
859,5.59523,5.58562,5.295e-04,0.714,0.639,29167
860,5.60614,5.58562,5.293e-04,0.712,0.611,29168
861,5.55775,5.58562,5.291e-04,0.805,0.723,29106
862,5.48743,5.58562,5.289e-04,0.706,0.614,29163
863,5.71353,5.58562,5.287e-04,0.755,0.667,29173
864,5.37976,5.58562,5.285e-04,0.831,0.757,29153
865,5.52734,5.58562,5.283e-04,0.722,0.643,29152
866,5.68876,5.58562,5.281e-04,0.732,0.649,29141
867,5.73508,5.58562,5.279e-04,0.716,0.637,29164
868,5.63788,5.58562,5.276e-04,0.784,0.709,29169
869,5.71070,5.58562,5.274e-04,0.760,0.673,29146
870,5.69257,5.58562,5.272e-04,0.807,0.732,29170
871,5.39888,5.58562,5.270e-04,0.897,0.814,29157
872,5.47442,5.58562,5.268e-04,0.667,0.583,29177
873,5.52772,5.58562,5.266e-04,0.728,0.639,29168
874,5.50254,5.58562,5.264e-04,0.769,0.688,29177
875,5.80303,5.58562,5.262e-04,0.736,0.649,29164
876,5.37372,5.58562,5.260e-04,0.667,0.592,29169
877,5.75880,5.58562,5.258e-04,0.836,0.722,29164
878,5.42345,5.58562,5.256e-04,0.644,0.554,29182
879,5.50431,5.58562,5.254e-04,0.712,0.618,29157
880,5.49426,5.58562,5.252e-04,0.736,0.641,29152
881,5.55051,5.58562,5.249e-04,0.677,0.587,29129
882,5.40978,5.58562,5.247e-04,0.794,0.714,29164
883,5.70667,5.58562,5.245e-04,0.655,0.563,29191
884,5.44712,5.58562,5.243e-04,0.569,0.478,29174
885,5.35089,5.58562,5.241e-04,0.716,0.633,29177
886,5.59900,5.58562,5.239e-04,0.683,0.586,29116
887,5.52469,5.58562,5.237e-04,0.653,0.575,29141
888,5.46820,5.58562,5.235e-04,0.711,0.629,29165
889,5.50062,5.58562,5.233e-04,0.771,0.694,29148
890,5.49310,5.58562,5.230e-04,0.718,0.632,29178
891,5.32551,5.58562,5.228e-04,0.708,0.628,29141
892,5.53151,5.58562,5.226e-04,0.653,0.563,29160
893,5.48217,5.58562,5.224e-04,0.740,0.649,29159
894,5.56268,5.58562,5.222e-04,0.705,0.621,29159
895,5.40782,5.58562,5.220e-04,0.708,0.608,29174
896,5.51966,5.58562,5.218e-04,0.695,0.616,29152
897,5.51031,5.58562,5.216e-04,0.766,0.687,29156
898,5.57927,5.58562,5.213e-04,0.706,0.620,29176
899,5.50951,5.58562,5.211e-04,0.706,0.618,29145
900,5.56941,5.58562,5.209e-04,0.666,0.580,29157
901,5.43400,5.58562,5.207e-04,0.717,0.629,29114
902,5.45840,5.58562,5.205e-04,0.769,0.692,29157
903,5.47464,5.58562,5.203e-04,0.727,0.649,29186
904,5.44197,5.58562,5.201e-04,1.063,1.000,29163
905,5.52177,5.58562,5.198e-04,0.772,0.695,29134
906,5.52790,5.58562,5.196e-04,0.966,0.898,29174
907,5.45537,5.58562,5.194e-04,0.675,0.589,29164
908,5.28642,5.58562,5.192e-04,0.743,0.659,29182
909,5.54349,5.58562,5.190e-04,0.781,0.710,29160
910,5.54275,5.58562,5.188e-04,0.748,0.671,29132
911,5.48338,5.58562,5.185e-04,0.637,0.539,29166
912,5.64442,5.58562,5.183e-04,0.705,0.622,29147
913,5.39667,5.58562,5.181e-04,0.627,0.543,29168
914,5.54603,5.58562,5.179e-04,0.663,0.572,29171
915,5.62816,5.58562,5.177e-04,0.702,0.614,29170
916,5.43702,5.58562,5.175e-04,0.696,0.627,29157
917,5.62162,5.58562,5.172e-04,0.794,0.699,29175
918,5.56982,5.58562,5.170e-04,0.617,0.534,29170
919,5.58273,5.58562,5.168e-04,0.839,0.762,29162
920,5.45418,5.58562,5.166e-04,0.676,0.593,29156
921,5.51729,5.58562,5.164e-04,0.654,0.574,29112
922,5.40078,5.58562,5.161e-04,0.826,0.744,29164
923,5.50754,5.58562,5.159e-04,0.643,0.565,29167
924,5.41337,5.58562,5.157e-04,0.696,0.615,29160
925,5.60934,5.58562,5.155e-04,0.741,0.653,29158
926,5.65793,5.58562,5.153e-04,0.662,0.581,29160
927,5.42472,5.58562,5.150e-04,0.857,0.788,29164
928,5.57291,5.58562,5.148e-04,0.901,0.840,29170
929,5.44646,5.58562,5.146e-04,0.840,0.760,29152
930,5.53260,5.58562,5.144e-04,0.718,0.650,29186
931,5.44974,5.58562,5.142e-04,0.666,0.582,29178
932,5.51971,5.58562,5.139e-04,0.795,0.724,29141
933,5.44942,5.58562,5.137e-04,0.680,0.589,29155
934,5.59530,5.58562,5.135e-04,0.871,0.793,29159
935,5.18977,5.58562,5.133e-04,0.704,0.627,29173
936,5.40579,5.58562,5.131e-04,0.754,0.685,29151
937,5.39503,5.58562,5.128e-04,0.693,0.602,29150
938,5.45250,5.58562,5.126e-04,0.755,0.678,29163
939,5.46399,5.58562,5.124e-04,0.821,0.742,29185
940,5.57434,5.58562,5.122e-04,0.707,0.624,29141
941,5.38698,5.58562,5.119e-04,0.877,0.810,29127
942,5.29966,5.58562,5.117e-04,0.667,0.587,29160
943,5.47130,5.58562,5.115e-04,0.658,0.577,29161
944,5.55505,5.58562,5.113e-04,0.632,0.552,29193
945,5.28344,5.58562,5.110e-04,0.694,0.619,29191
946,5.54171,5.58562,5.108e-04,0.885,0.823,29183
947,5.58399,5.58562,5.106e-04,0.835,0.764,29158
948,5.46502,5.58562,5.104e-04,0.645,0.563,29162
949,5.46126,5.58562,5.101e-04,0.687,0.605,29187
950,5.43628,5.58562,5.099e-04,0.626,0.538,29170
951,5.55133,5.58562,5.097e-04,0.660,0.578,29147
952,5.39726,5.58562,5.095e-04,0.619,0.534,29154
953,5.55086,5.58562,5.092e-04,0.709,0.629,29168
954,5.49977,5.58562,5.090e-04,0.663,0.576,29173
955,5.57133,5.58562,5.088e-04,0.698,0.604,29135
956,5.36974,5.58562,5.086e-04,0.696,0.612,29175
957,5.50193,5.58562,5.083e-04,0.798,0.725,29147
958,5.51759,5.58562,5.081e-04,1.083,1.022,29187
959,5.43502,5.58562,5.079e-04,0.816,0.732,29158
960,5.44172,5.58562,5.076e-04,0.731,0.648,29161
961,5.38949,5.58562,5.074e-04,0.884,0.816,29102
962,5.33456,5.58562,5.072e-04,0.794,0.699,29172
963,5.51102,5.58562,5.070e-04,0.780,0.702,29171
964,5.23809,5.58562,5.067e-04,1.123,1.060,29132
965,5.66275,5.58562,5.065e-04,0.788,0.702,29181
966,5.47372,5.58562,5.063e-04,0.946,0.882,29172
967,5.25375,5.58562,5.060e-04,0.903,0.838,29149
968,5.65778,5.58562,5.058e-04,0.771,0.688,29169
969,5.35132,5.58562,5.056e-04,1.410,1.346,29184
970,5.38481,5.58562,5.054e-04,0.904,0.828,29125
971,5.49131,5.58562,5.051e-04,0.986,0.925,29169
972,5.58852,5.58562,5.049e-04,0.939,0.865,29132
973,5.58740,5.58562,5.047e-04,0.883,0.813,29176
974,5.32456,5.58562,5.044e-04,1.005,0.942,29164
975,5.52558,5.58562,5.042e-04,0.823,0.731,29155
976,5.58421,5.58562,5.040e-04,0.771,0.675,29164
977,5.34396,5.58562,5.037e-04,0.851,0.778,29178
978,5.47705,5.58562,5.035e-04,0.865,0.792,29152
979,5.64073,5.58562,5.033e-04,0.697,0.605,29178
980,5.41925,5.58562,5.030e-04,0.861,0.770,29145
981,5.37937,5.58562,5.028e-04,0.744,0.663,29122
982,5.51144,5.58562,5.026e-04,0.880,0.803,29184
983,5.38389,5.58562,5.023e-04,0.959,0.896,29130
984,5.37735,5.58562,5.021e-04,0.747,0.657,29178
985,5.49928,5.58562,5.019e-04,0.971,0.906,29164
986,5.33934,5.58562,5.016e-04,0.762,0.676,29152
987,5.34459,5.58562,5.014e-04,0.883,0.815,29189
988,5.47930,5.58562,5.012e-04,0.742,0.646,29165
989,5.73486,5.58562,5.009e-04,1.030,0.918,29143
990,5.42937,5.58562,5.007e-04,0.885,0.809,29180
991,5.37072,5.58562,5.005e-04,0.762,0.665,29152
992,5.33745,5.58562,5.002e-04,0.753,0.661,29177
993,5.20461,5.58562,5.000e-04,0.699,0.608,29150
994,5.21061,5.58562,4.998e-04,0.666,0.568,29151
995,5.38459,5.58562,4.995e-04,0.801,0.724,29168
996,5.45630,5.58562,4.993e-04,0.741,0.654,29181
997,5.49046,5.58562,4.991e-04,0.868,0.791,29164
998,5.60133,5.58562,4.988e-04,1.281,1.218,29172
999,5.61809,5.58562,4.986e-04,0.791,0.702,29154
1000,5.37944,5.41429,4.983e-04,0.838,0.754,8832
1001,5.44048,5.41429,4.981e-04,0.713,0.627,29487
1002,5.34210,5.41429,4.979e-04,0.773,0.695,29149
1003,5.57403,5.41429,4.976e-04,1.037,0.956,29160
1004,5.57524,5.41429,4.974e-04,1.195,1.131,29170
1005,5.29697,5.41429,4.972e-04,0.878,0.798,29144
1006,5.57286,5.41429,4.969e-04,0.984,0.913,29187
1007,5.26035,5.41429,4.967e-04,0.744,0.652,29141
1008,5.51065,5.41429,4.964e-04,1.126,1.061,29161
1009,5.45112,5.41429,4.962e-04,0.746,0.651,29194
1010,5.54693,5.41429,4.960e-04,1.080,1.012,29135
1011,5.37867,5.41429,4.957e-04,0.876,0.791,29168
1012,5.62120,5.41429,4.955e-04,1.115,1.041,29185
1013,5.44606,5.41429,4.952e-04,1.052,0.988,29148
1014,5.51287,5.41429,4.950e-04,1.067,0.994,29176
1015,5.35338,5.41429,4.948e-04,0.836,0.748,29171
1016,5.53261,5.41429,4.945e-04,0.823,0.738,29158
1017,5.53967,5.41429,4.943e-04,0.729,0.647,29160
1018,5.32969,5.41429,4.940e-04,0.976,0.899,29181
1019,5.49746,5.41429,4.938e-04,0.854,0.767,29179
1020,5.29332,5.41429,4.936e-04,0.691,0.610,29163
1021,5.55606,5.41429,4.933e-04,0.745,0.654,29132
1022,5.35902,5.41429,4.931e-04,0.950,0.876,29168
1023,5.41711,5.41429,4.928e-04,0.960,0.900,29169
1024,5.43477,5.41429,4.926e-04,0.824,0.750,29143
1025,5.50018,5.41429,4.924e-04,0.821,0.736,29173
1026,5.33435,5.41429,4.921e-04,0.918,0.851,29149
1027,5.32601,5.41429,4.919e-04,1.897,1.847,29178
1028,5.44531,5.41429,4.916e-04,0.947,0.872,29155
1029,5.53330,5.41429,4.914e-04,0.888,0.818,29173
1030,5.28937,5.41429,4.911e-04,1.336,1.282,29134
1031,5.48330,5.41429,4.909e-04,0.784,0.702,29173
1032,5.50886,5.41429,4.907e-04,1.175,1.101,29156
1033,5.31258,5.41429,4.904e-04,0.705,0.624,29167
1034,5.52662,5.41429,4.902e-04,1.008,0.936,29154
1035,5.46412,5.41429,4.899e-04,0.693,0.604,29152
1036,5.54319,5.41429,4.897e-04,0.714,0.635,29179
1037,5.18221,5.41429,4.894e-04,0.932,0.853,29186
1038,5.22969,5.41429,4.892e-04,0.975,0.890,29171
1039,5.46192,5.41429,4.889e-04,0.756,0.666,29160
1040,5.31479,5.41429,4.887e-04,1.015,0.946,29167
1041,5.42317,5.41429,4.885e-04,0.791,0.711,29131
1042,5.47733,5.41429,4.882e-04,1.262,1.202,29175
1043,5.41831,5.41429,4.880e-04,0.775,0.694,29132
1044,5.50254,5.41429,4.877e-04,1.613,1.554,29152
1045,5.28571,5.41429,4.875e-04,1.025,0.951,29158
1046,5.52637,5.41429,4.872e-04,1.490,1.428,29164
1047,5.44909,5.41429,4.870e-04,1.087,1.015,29168
1048,5.35885,5.41429,4.867e-04,0.952,0.883,29138
1049,5.32391,5.41429,4.865e-04,1.046,0.974,29157
1050,5.36249,5.41429,4.862e-04,1.495,1.437,29182
1051,5.52578,5.41429,4.860e-04,1.266,1.194,29142
1052,5.37100,5.41429,4.857e-04,1.849,1.802,29167
1053,5.24207,5.41429,4.855e-04,1.527,1.473,29147
1054,5.33093,5.41429,4.853e-04,1.059,0.993,29136
1055,5.59105,5.41429,4.850e-04,0.938,0.865,29187
1056,5.38698,5.41429,4.848e-04,0.710,0.622,29154
1057,5.51293,5.41429,4.845e-04,1.403,1.344,29170
1058,5.27146,5.41429,4.843e-04,0.825,0.740,29167
1059,5.40795,5.41429,4.840e-04,0.842,0.767,29163
1060,5.35058,5.41429,4.838e-04,0.948,0.881,29179
1061,5.36338,5.41429,4.835e-04,1.008,0.934,29111
1062,5.42752,5.41429,4.833e-04,1.142,1.080,29158
1063,5.39564,5.41429,4.830e-04,1.062,0.994,29158
1064,5.30285,5.41429,4.828e-04,0.953,0.887,29178
1065,5.36824,5.41429,4.825e-04,0.826,0.745,29157
1066,5.38449,5.41429,4.823e-04,0.736,0.643,29160
1067,5.20953,5.41429,4.820e-04,0.871,0.799,29170
1068,5.57004,5.41429,4.818e-04,0.834,0.762,29172
1069,5.25723,5.41429,4.815e-04,0.959,0.894,29183
1070,5.24743,5.41429,4.813e-04,1.208,1.144,29160
1071,5.37734,5.41429,4.810e-04,0.756,0.671,29171
1072,5.38340,5.41429,4.808e-04,0.937,0.874,29163
1073,5.28080,5.41429,4.805e-04,0.817,0.738,29137
1074,5.34416,5.41429,4.803e-04,0.776,0.696,29186
1075,5.30007,5.41429,4.800e-04,0.862,0.794,29155
1076,5.33940,5.41429,4.798e-04,0.696,0.605,29135
1077,5.61643,5.41429,4.795e-04,0.722,0.639,29183
1078,5.37201,5.41429,4.792e-04,0.768,0.695,29145
1079,5.23599,5.41429,4.790e-04,1.480,1.412,29178
1080,5.25944,5.41429,4.787e-04,0.842,0.757,29167
1081,5.40467,5.41429,4.785e-04,1.142,1.086,29104
1082,5.46826,5.41429,4.782e-04,0.726,0.632,29153
1083,5.27530,5.41429,4.780e-04,1.459,1.406,29175
1084,5.32017,5.41429,4.777e-04,0.727,0.632,29164
1085,5.44255,5.41429,4.775e-04,0.956,0.891,29151
1086,5.27013,5.41429,4.772e-04,0.695,0.609,29154
1087,5.30763,5.41429,4.770e-04,0.793,0.719,29194
1088,5.40872,5.41429,4.767e-04,0.743,0.646,29158
1089,5.48984,5.41429,4.765e-04,0.813,0.725,29157
1090,5.52284,5.41429,4.762e-04,0.791,0.692,29161
1091,5.38670,5.41429,4.759e-04,0.938,0.861,29182
1092,5.40482,5.41429,4.757e-04,0.776,0.695,29141
1093,5.42848,5.41429,4.754e-04,0.933,0.859,29175
1094,5.53947,5.41429,4.752e-04,1.429,1.365,29150
1095,5.42720,5.41429,4.749e-04,0.820,0.718,29163
1096,5.41430,5.41429,4.747e-04,1.154,1.097,29169
1097,5.23021,5.41429,4.744e-04,0.982,0.906,29136
1098,5.45500,5.41429,4.742e-04,0.855,0.782,29148
1099,5.61063,5.41429,4.739e-04,0.802,0.705,29174
1100,5.37041,5.41429,4.736e-04,0.672,0.578,29165
1101,5.35431,5.41429,4.734e-04,0.811,0.726,29109
1102,5.31241,5.41429,4.731e-04,0.825,0.743,29156
1103,5.26100,5.41429,4.729e-04,0.706,0.615,29172
1104,5.40600,5.41429,4.726e-04,0.809,0.731,29180
1105,5.17551,5.41429,4.724e-04,1.068,1.012,29157
1106,5.25856,5.41429,4.721e-04,0.736,0.654,29168
1107,5.43192,5.41429,4.718e-04,1.179,1.105,29171
1108,5.26889,5.41429,4.716e-04,0.806,0.718,29155
1109,5.52351,5.41429,4.713e-04,1.887,1.838,29179
1110,5.55440,5.41429,4.711e-04,1.069,0.995,29166
1111,5.35479,5.41429,4.708e-04,0.976,0.906,29157
1112,5.44364,5.41429,4.706e-04,1.914,1.861,29166
1113,5.48761,5.41429,4.703e-04,1.219,1.155,29168
1114,5.43824,5.41429,4.700e-04,0.971,0.902,29155
1115,5.35816,5.41429,4.698e-04,1.324,1.254,29152
1116,5.14216,5.41429,4.695e-04,0.764,0.683,29184
1117,5.40793,5.41429,4.693e-04,1.124,1.054,29165
1118,5.60751,5.41429,4.690e-04,0.989,0.912,29134
1119,5.32755,5.41429,4.687e-04,0.727,0.641,29170
1120,5.26166,5.41429,4.685e-04,1.044,0.970,29166
1121,5.25562,5.41429,4.682e-04,0.886,0.804,29123
1122,5.25177,5.41429,4.680e-04,0.941,0.871,29137
1123,5.36717,5.41429,4.677e-04,0.768,0.677,29173
1124,5.45801,5.41429,4.674e-04,1.013,0.942,29156
1125,5.39617,5.41429,4.672e-04,0.831,0.747,29152
1126,5.44153,5.41429,4.669e-04,1.171,1.104,29165
1127,5.54296,5.41429,4.667e-04,0.848,0.751,29159
1128,5.18055,5.41429,4.664e-04,1.193,1.131,29172
1129,5.48760,5.41429,4.661e-04,0.871,0.775,29174
1130,5.45668,5.41429,4.659e-04,0.986,0.906,29145
1131,5.25323,5.41429,4.656e-04,1.454,1.406,29157
1132,5.50136,5.41429,4.653e-04,0.922,0.825,29157
1133,5.35570,5.41429,4.651e-04,1.519,1.450,29177
1134,5.23574,5.41429,4.648e-04,0.904,0.818,29165
1135,5.35523,5.41429,4.646e-04,0.955,0.880,29159
1136,5.26744,5.41429,4.643e-04,0.943,0.873,29172
1137,5.31253,5.41429,4.640e-04,0.961,0.880,29161
1138,5.21110,5.41429,4.638e-04,0.759,0.671,29165
1139,5.58165,5.41429,4.635e-04,0.755,0.656,29154
1140,5.48673,5.41429,4.632e-04,0.785,0.694,29176
1141,5.26446,5.41429,4.630e-04,1.693,1.634,29121
1142,5.44092,5.41429,4.627e-04,1.017,0.941,29157
1143,5.33734,5.41429,4.625e-04,0.979,0.903,29170
1144,5.42468,5.41429,4.622e-04,1.190,1.126,29150
1145,5.45242,5.41429,4.619e-04,0.872,0.791,29181
1146,5.57106,5.41429,4.617e-04,1.041,0.959,29153
1147,5.20890,5.41429,4.614e-04,0.965,0.890,29148
1148,5.38918,5.41429,4.611e-04,0.885,0.801,29169
1149,5.37476,5.41429,4.609e-04,1.422,1.363,29168
1150,5.25229,5.41429,4.606e-04,1.081,1.017,29147
1151,5.27038,5.41429,4.603e-04,1.466,1.410,29131
1152,5.53707,5.41429,4.601e-04,1.197,1.136,29159
1153,5.44323,5.41429,4.598e-04,1.067,0.999,29182
1154,5.36699,5.41429,4.595e-04,0.852,0.767,29151
1155,5.34406,5.41429,4.593e-04,0.860,0.774,29155
1156,5.35043,5.41429,4.590e-04,0.754,0.661,29157
1157,5.30505,5.41429,4.587e-04,0.812,0.717,29179
1158,5.47949,5.41429,4.585e-04,1.150,1.072,29173
1159,5.06471,5.41429,4.582e-04,0.927,0.837,29142
1160,5.46628,5.41429,4.579e-04,1.109,1.044,29169
1161,5.20057,5.41429,4.577e-04,1.175,1.119,29105
1162,5.43466,5.41429,4.574e-04,0.923,0.843,29168
1163,5.41425,5.41429,4.571e-04,1.227,1.166,29163
1164,5.29909,5.41429,4.569e-04,1.424,1.365,29194
1165,5.43567,5.41429,4.566e-04,1.529,1.462,29150
1166,5.37859,5.41429,4.563e-04,1.618,1.561,29177
1167,5.48738,5.41429,4.561e-04,1.398,1.332,29160
1168,5.45366,5.41429,4.558e-04,1.371,1.297,29158
1169,5.27090,5.41429,4.555e-04,0.838,0.758,29162
1170,5.28572,5.41429,4.553e-04,0.784,0.698,29167
1171,5.38021,5.41429,4.550e-04,0.728,0.632,29173
1172,5.45308,5.41429,4.547e-04,0.968,0.890,29154
1173,5.32785,5.41429,4.545e-04,0.953,0.872,29163
1174,5.34050,5.41429,4.542e-04,0.747,0.661,29161
1175,5.33537,5.41429,4.539e-04,0.983,0.903,29182
1176,5.38194,5.41429,4.537e-04,0.694,0.601,29160
1177,5.23558,5.41429,4.534e-04,0.972,0.904,29174
1178,5.40379,5.41429,4.531e-04,0.795,0.698,29150
1179,5.48794,5.41429,4.528e-04,0.871,0.771,29153
1180,5.25051,5.41429,4.526e-04,0.789,0.709,29189
1181,5.50424,5.41429,4.523e-04,1.082,0.998,29138
1182,5.24038,5.41429,4.520e-04,1.046,0.982,29184
1183,5.44400,5.41429,4.518e-04,1.092,1.024,29151
1184,5.46314,5.41429,4.515e-04,0.781,0.697,29177
1185,5.32060,5.41429,4.512e-04,0.746,0.648,29156
1186,5.30200,5.41429,4.510e-04,0.834,0.747,29176
1187,5.41219,5.41429,4.507e-04,0.763,0.665,29136
1188,5.36743,5.41429,4.504e-04,0.792,0.702,29182
1189,5.25476,5.41429,4.501e-04,1.006,0.930,29155
1190,5.31937,5.41429,4.499e-04,0.772,0.678,29157
1191,5.25734,5.41429,4.496e-04,1.210,1.136,29173
1192,5.40912,5.41429,4.493e-04,0.743,0.643,29162
1193,5.26215,5.41429,4.491e-04,1.748,1.693,29171
1194,5.57375,5.41429,4.488e-04,0.842,0.739,29132
1195,5.42857,5.41429,4.485e-04,1.695,1.636,29172
1196,5.53858,5.41429,4.482e-04,0.907,0.820,29145
1197,5.24228,5.41429,4.480e-04,0.872,0.800,29171
1198,5.38172,5.41429,4.477e-04,1.097,1.008,29166
1199,5.30251,5.41429,4.474e-04,0.788,0.702,29166
1200,5.31967,5.41429,4.471e-04,1.230,1.167,29157
1201,5.33305,5.41429,4.469e-04,0.847,0.749,29096
1202,5.21800,5.41429,4.466e-04,1.320,1.253,29166
1203,5.31437,5.41429,4.463e-04,0.837,0.749,29151
1204,5.29531,5.41429,4.461e-04,1.432,1.370,29158
1205,5.28962,5.41429,4.458e-04,0.827,0.731,29167
1206,5.27711,5.41429,4.455e-04,1.270,1.205,29174
1207,5.35522,5.41429,4.452e-04,0.752,0.658,29153
1208,5.21066,5.41429,4.450e-04,1.436,1.381,29178
1209,5.40498,5.41429,4.447e-04,0.723,0.624,29158
1210,5.44784,5.41429,4.444e-04,1.087,1.025,29172
1211,5.29148,5.41429,4.441e-04,0.779,0.687,29148
1212,5.30223,5.41429,4.439e-04,1.359,1.301,29147
1213,5.33835,5.41429,4.436e-04,0.769,0.673,29175
1214,5.26255,5.41429,4.433e-04,1.222,1.156,29147
1215,5.27628,5.41429,4.430e-04,0.816,0.725,29170
1216,5.38124,5.41429,4.428e-04,1.468,1.405,29168
1217,5.29985,5.41429,4.425e-04,0.802,0.699,29170
1218,5.59987,5.41429,4.422e-04,1.214,1.130,29164
1219,5.37635,5.41429,4.419e-04,0.863,0.752,29166
1220,5.37972,5.41429,4.417e-04,0.949,0.870,29145
1221,5.09930,5.41429,4.414e-04,0.802,0.717,29107
1222,5.51559,5.41429,4.411e-04,0.789,0.680,29165
1223,5.43051,5.41429,4.408e-04,0.877,0.785,29166
1224,5.39148,5.41429,4.406e-04,0.918,0.839,29168
1225,5.16905,5.41429,4.403e-04,1.061,0.991,29160
1226,5.35751,5.41429,4.400e-04,0.775,0.680,29142
1227,5.32925,5.41429,4.397e-04,0.912,0.834,29182
1228,5.44941,5.41429,4.394e-04,0.796,0.695,29150
1229,5.22031,5.41429,4.392e-04,1.067,1.003,29183
1230,5.25887,5.41429,4.389e-04,1.556,1.504,29166
1231,5.53498,5.41429,4.386e-04,0.784,0.686,29177
1232,5.37962,5.41429,4.383e-04,1.143,1.066,29156
1233,5.40746,5.41429,4.381e-04,2.169,2.116,29177
1234,5.31027,5.41429,4.378e-04,0.865,0.776,29160
1235,5.38939,5.41429,4.375e-04,1.109,1.039,29165
1236,5.37819,5.41429,4.372e-04,0.884,0.796,29141
1237,5.30333,5.41429,4.370e-04,1.501,1.447,29176
1238,5.28824,5.41429,4.367e-04,1.012,0.931,29145
1239,5.51015,5.41429,4.364e-04,1.562,1.495,29151
1240,5.25484,5.41429,4.361e-04,1.374,1.307,29174
1241,5.17977,5.41429,4.358e-04,1.911,1.862,29122
1242,5.44243,5.41429,4.356e-04,1.181,1.105,29165
1243,5.23088,5.41429,4.353e-04,1.328,1.258,29171
1244,5.30544,5.41429,4.350e-04,1.056,0.988,29151
1245,5.24120,5.41429,4.347e-04,1.315,1.247,29192
1246,5.33646,5.41429,4.344e-04,1.115,1.044,29166
1247,5.30728,5.41429,4.342e-04,1.687,1.625,29165
1248,5.18697,5.41429,4.339e-04,1.305,1.235,29169
1249,5.17906,5.41429,4.336e-04,1.747,1.696,29158
1250,5.39143,5.27365,4.333e-04,1.191,1.116,8831
1251,5.32875,5.27365,4.330e-04,1.139,1.064,29498
1252,5.12111,5.27365,4.328e-04,0.954,0.879,29169
1253,5.26391,5.27365,4.325e-04,0.853,0.773,29155
1254,5.24767,5.27365,4.322e-04,1.120,1.057,29166
1255,5.30177,5.27365,4.319e-04,1.118,1.043,29149
1256,5.26818,5.27365,4.316e-04,1.012,0.938,29151
1257,5.18485,5.27365,4.314e-04,1.136,1.070,29150
1258,5.33498,5.27365,4.311e-04,0.814,0.730,29180
1259,5.28737,5.27365,4.308e-04,0.762,0.666,29147
1260,5.11031,5.27365,4.305e-04,0.950,0.876,29149
1261,5.35433,5.27365,4.302e-04,0.919,0.832,29132
1262,5.43806,5.27365,4.300e-04,1.031,0.954,29156
1263,5.23380,5.27365,4.297e-04,0.988,0.911,29142
1264,5.30833,5.27365,4.294e-04,1.084,1.010,29184
1265,5.28510,5.27365,4.291e-04,1.298,1.229,29156
1266,5.35448,5.27365,4.288e-04,1.133,1.058,29172
1267,5.34301,5.27365,4.285e-04,0.895,0.806,29164
1268,5.29622,5.27365,4.283e-04,1.427,1.358,29164
1269,5.40057,5.27365,4.280e-04,0.934,0.835,29160
1270,5.33418,5.27365,4.277e-04,2.014,1.953,29158
1271,5.26316,5.27365,4.274e-04,1.333,1.256,29175
1272,5.29529,5.27365,4.271e-04,1.213,1.130,29167
1273,5.28709,5.27365,4.269e-04,1.068,0.998,29185
1274,5.37288,5.27365,4.266e-04,1.173,1.080,29162
1275,5.28745,5.27365,4.263e-04,0.833,0.743,29173
1276,5.32362,5.27365,4.260e-04,0.785,0.678,29160
1277,5.35149,5.27365,4.257e-04,0.884,0.773,29182
1278,5.30396,5.27365,4.254e-04,1.085,1.005,29128
1279,5.42745,5.27365,4.252e-04,0.861,0.768,29190
1280,5.36314,5.27365,4.249e-04,1.265,1.186,29164
1281,5.08465,5.27365,4.246e-04,0.993,0.906,29114
1282,5.23746,5.27365,4.243e-04,0.944,0.851,29163
1283,5.19528,5.27365,4.240e-04,1.399,1.342,29154
1284,5.33597,5.27365,4.237e-04,0.883,0.789,29157
1285,5.21989,5.27365,4.235e-04,1.128,1.058,29169
1286,5.14592,5.27365,4.232e-04,0.822,0.720,29159
1287,5.24916,5.27365,4.229e-04,0.991,0.915,29163
1288,5.25692,5.27365,4.226e-04,1.204,1.138,29177
1289,5.29642,5.27365,4.223e-04,0.832,0.737,29173
1290,5.40992,5.27365,4.220e-04,1.712,1.656,29159
1291,5.27600,5.27365,4.217e-04,0.872,0.749,29168
1292,5.13220,5.27365,4.215e-04,1.015,0.943,29168
1293,5.22433,5.27365,4.212e-04,0.927,0.840,29160
1294,5.35878,5.27365,4.209e-04,0.876,0.763,29158
1295,5.12691,5.27365,4.206e-04,1.323,1.255,29175
1296,5.23201,5.27365,4.203e-04,0.876,0.752,29159
1297,5.33175,5.27365,4.200e-04,0.876,0.793,29156
1298,5.22829,5.27365,4.197e-04,0.816,0.714,29159
1299,5.30894,5.27365,4.195e-04,0.812,0.724,29172
1300,5.14267,5.27365,4.192e-04,1.004,0.898,29174
1301,5.29228,5.27365,4.189e-04,0.886,0.802,29100
1302,5.12007,5.27365,4.186e-04,0.740,0.648,29185
1303,5.18797,5.27365,4.183e-04,0.819,0.718,29144
1304,5.25063,5.27365,4.180e-04,0.842,0.756,29153
1305,5.42149,5.27365,4.177e-04,0.875,0.788,29174
1306,5.31077,5.27365,4.175e-04,1.169,1.102,29151
1307,5.42779,5.27365,4.172e-04,0.800,0.713,29186
1308,5.14437,5.27365,4.169e-04,1.009,0.897,29150
1309,5.27082,5.27365,4.166e-04,0.884,0.788,29129
1310,5.25675,5.27365,4.163e-04,0.785,0.683,29180
1311,5.28023,5.27365,4.160e-04,1.316,1.248,29161
1312,5.24611,5.27365,4.157e-04,0.911,0.832,29152
1313,5.16941,5.27365,4.154e-04,0.760,0.660,29162
1314,5.29060,5.27365,4.152e-04,0.795,0.700,29160
1315,5.30725,5.27365,4.149e-04,0.999,0.919,29177
1316,5.19023,5.27365,4.146e-04,0.882,0.786,29163
1317,5.38468,5.27365,4.143e-04,1.082,0.991,29161
1318,5.29389,5.27365,4.140e-04,1.050,0.966,29171
1319,5.13580,5.27365,4.137e-04,0.947,0.865,29180
1320,5.17755,5.27365,4.134e-04,1.411,1.346,29171
1321,5.17684,5.27365,4.131e-04,1.133,1.048,29119
1322,5.24264,5.27365,4.129e-04,2.085,2.032,29178
1323,5.32857,5.27365,4.126e-04,1.331,1.264,29168
1324,5.23796,5.27365,4.123e-04,1.861,1.798,29164
1325,5.43733,5.27365,4.120e-04,1.113,1.029,29167
1326,5.25750,5.27365,4.117e-04,1.886,1.832,29165
1327,5.28878,5.27365,4.114e-04,1.434,1.360,29176
1328,5.44394,5.27365,4.111e-04,1.618,1.543,29154
1329,5.47869,5.27365,4.108e-04,1.208,1.143,29169
1330,5.18536,5.27365,4.105e-04,0.926,0.837,29142
1331,5.20034,5.27365,4.103e-04,1.139,1.062,29173
1332,5.16370,5.27365,4.100e-04,1.322,1.252,29156
1333,5.08967,5.27365,4.097e-04,0.780,0.680,29137
1334,5.22313,5.27365,4.094e-04,1.176,1.116,29180
1335,5.35369,5.27365,4.091e-04,0.911,0.829,29173
1336,5.22884,5.27365,4.088e-04,0.949,0.855,29168
1337,5.36069,5.27365,4.085e-04,1.165,1.084,29186
1338,5.39775,5.27365,4.082e-04,1.027,0.929,29146
1339,5.25262,5.27365,4.079e-04,1.363,1.297,29171
1340,5.36121,5.27365,4.077e-04,1.037,0.939,29176
1341,5.32461,5.27365,4.074e-04,0.983,0.901,29104
1342,5.18959,5.27365,4.071e-04,0.891,0.789,29157
1343,5.32437,5.27365,4.068e-04,1.039,0.945,29179
1344,5.13093,5.27365,4.065e-04,0.775,0.672,29169
1345,5.20694,5.27365,4.062e-04,1.207,1.136,29147
1346,5.35291,5.27365,4.059e-04,1.254,1.181,29163
1347,5.12407,5.27365,4.056e-04,0.734,0.627,29177
1348,5.33628,5.27365,4.053e-04,0.915,0.802,29171
1349,5.32265,5.27365,4.050e-04,0.805,0.700,29159
1350,5.19773,5.27365,4.047e-04,0.890,0.808,29170
1351,5.31470,5.27365,4.045e-04,0.747,0.654,29145
1352,5.30594,5.27365,4.042e-04,0.865,0.777,29182
1353,5.27766,5.27365,4.039e-04,0.798,0.705,29153
1354,5.24983,5.27365,4.036e-04,0.703,0.605,29144
1355,5.27171,5.27365,4.033e-04,0.868,0.786,29156
1356,5.32775,5.27365,4.030e-04,1.275,1.213,29182
1357,5.34224,5.27365,4.027e-04,0.772,0.680,29161
1358,5.22117,5.27365,4.024e-04,1.162,1.095,29139
1359,5.15507,5.27365,4.021e-04,0.844,0.751,29195
1360,5.28693,5.27365,4.018e-04,0.998,0.925,29159
1361,5.27889,5.27365,4.015e-04,1.317,1.241,29130
1362,5.14926,5.27365,4.012e-04,0.781,0.689,29116
1363,5.34246,5.27365,4.010e-04,1.220,1.150,29171
1364,5.18521,5.27365,4.007e-04,0.860,0.765,29162
1365,5.31839,5.27365,4.004e-04,1.055,0.978,29172
1366,5.30132,5.27365,4.001e-04,0.837,0.729,29157
1367,5.27621,5.27365,3.998e-04,0.984,0.889,29168
1368,5.43320,5.27365,3.995e-04,0.970,0.883,29136
1369,5.27636,5.27365,3.992e-04,1.160,1.075,29173
1370,5.17236,5.27365,3.989e-04,0.939,0.848,29164
1371,5.23548,5.27365,3.986e-04,0.885,0.796,29167
1372,5.26013,5.27365,3.983e-04,0.972,0.873,29166
1373,5.08184,5.27365,3.980e-04,1.453,1.393,29165
1374,5.18998,5.27365,3.977e-04,1.422,1.364,29132
1375,5.17643,5.27365,3.974e-04,1.459,1.393,29168
1376,5.14834,5.27365,3.971e-04,1.090,1.004,29159
1377,5.15727,5.27365,3.969e-04,1.811,1.758,29163
1378,5.01359,5.27365,3.966e-04,1.666,1.611,29147
1379,5.16702,5.27365,3.963e-04,1.748,1.685,29183
1380,5.45143,5.27365,3.960e-04,1.526,1.450,29148
1381,5.09904,5.27365,3.957e-04,1.027,0.951,29130
1382,5.30004,5.27365,3.954e-04,2.283,2.231,29160
1383,5.30945,5.27365,3.951e-04,1.414,1.341,29181
1384,5.26529,5.27365,3.948e-04,1.147,1.070,29177
1385,5.27457,5.27365,3.945e-04,1.039,0.942,29163
1386,5.19296,5.27365,3.942e-04,1.051,0.972,29178
1387,5.29426,5.27365,3.939e-04,0.780,0.671,29175
1388,5.44089,5.27365,3.936e-04,1.020,0.932,29150
1389,5.36365,5.27365,3.933e-04,0.963,0.875,29182
1390,5.29454,5.27365,3.930e-04,0.889,0.791,29147
1391,5.18512,5.27365,3.927e-04,0.924,0.828,29151
1392,5.37175,5.27365,3.924e-04,0.818,0.723,29180
1393,5.18663,5.27365,3.921e-04,0.814,0.725,29161
1394,5.18865,5.27365,3.919e-04,1.018,0.929,29159
1395,5.37241,5.27365,3.916e-04,0.931,0.830,29149
1396,5.29506,5.27365,3.913e-04,0.806,0.695,29175
1397,5.29337,5.27365,3.910e-04,0.824,0.722,29140
1398,5.29480,5.27365,3.907e-04,0.943,0.848,29160
1399,5.33194,5.27365,3.904e-04,1.026,0.933,29150
1400,5.20657,5.27365,3.901e-04,0.855,0.755,29161
1401,5.23282,5.27365,3.898e-04,0.844,0.735,29116
1402,5.10967,5.27365,3.895e-04,0.820,0.722,29157
1403,5.29015,5.27365,3.892e-04,0.792,0.689,29175
1404,4.87422,5.27365,3.889e-04,0.966,0.889,29143
1405,5.25442,5.27365,3.886e-04,1.090,0.992,29155
1406,5.16581,5.27365,3.883e-04,0.877,0.784,29185
1407,5.15891,5.27365,3.880e-04,0.973,0.893,29154
1408,5.22726,5.27365,3.877e-04,0.899,0.808,29166
1409,5.29912,5.27365,3.874e-04,1.021,0.939,29165
1410,5.24656,5.27365,3.871e-04,0.894,0.812,29148
1411,5.13264,5.27365,3.868e-04,0.818,0.723,29182
1412,5.16377,5.27365,3.865e-04,1.119,1.041,29134
1413,5.27554,5.27365,3.862e-04,0.779,0.679,29188
1414,5.18675,5.27365,3.859e-04,1.060,0.977,29150
1415,5.13180,5.27365,3.856e-04,0.996,0.919,29167
1416,5.26441,5.27365,3.853e-04,0.938,0.852,29121
1417,5.10023,5.27365,3.850e-04,0.881,0.791,29178
1418,5.18740,5.27365,3.848e-04,0.929,0.843,29167
1419,5.04253,5.27365,3.845e-04,1.134,1.059,29173
1420,5.21922,5.27365,3.842e-04,0.962,0.853,29147
1421,5.37633,5.27365,3.839e-04,1.112,1.040,29099
1422,5.19991,5.27365,3.836e-04,1.315,1.247,29163
1423,5.31207,5.27365,3.833e-04,0.765,0.655,29161
1424,5.15172,5.27365,3.830e-04,1.160,1.081,29183
1425,5.13911,5.27365,3.827e-04,0.953,0.847,29177
1426,5.04668,5.27365,3.824e-04,1.492,1.429,29142
1427,5.18502,5.27365,3.821e-04,0.916,0.810,29187
1428,5.17046,5.27365,3.818e-04,1.410,1.335,29162
1429,5.12057,5.27365,3.815e-04,1.061,0.958,29154
1430,5.27365,5.27365,3.812e-04,1.103,1.016,29161
1431,5.23516,5.27365,3.809e-04,1.441,1.368,29136
1432,5.19794,5.27365,3.806e-04,0.857,0.742,29179
1433,5.22591,5.27365,3.803e-04,1.208,1.131,29192
1434,5.26143,5.27365,3.800e-04,0.815,0.711,29175
1435,5.29564,5.27365,3.797e-04,1.253,1.152,29177
1436,5.36099,5.27365,3.794e-04,1.173,1.054,29160
1437,5.35489,5.27365,3.791e-04,1.009,0.909,29149
1438,5.32393,5.27365,3.788e-04,1.279,1.175,29175
1439,5.16669,5.27365,3.785e-04,1.160,1.071,29165
1440,5.29446,5.27365,3.782e-04,0.902,0.765,29148
1441,5.23565,5.27365,3.779e-04,0.934,0.838,29142
1442,5.41611,5.27365,3.776e-04,1.076,0.991,29174
1443,5.14188,5.27365,3.773e-04,0.807,0.691,29153
1444,5.14146,5.27365,3.770e-04,1.163,1.080,29169
1445,5.14692,5.27365,3.767e-04,1.297,1.221,29157
1446,5.09884,5.27365,3.764e-04,0.874,0.772,29168
1447,5.18875,5.27365,3.761e-04,1.586,1.514,29149
1448,5.12224,5.27365,3.758e-04,0.894,0.793,29176
1449,5.28334,5.27365,3.755e-04,1.609,1.554,29150
1450,5.29929,5.27365,3.752e-04,0.962,0.858,29152
1451,5.17693,5.27365,3.749e-04,1.572,1.504,29166
1452,5.18328,5.27365,3.746e-04,1.106,1.031,29177
1453,5.21288,5.27365,3.743e-04,1.199,1.113,29151
1454,5.19362,5.27365,3.740e-04,1.520,1.445,29177
1455,5.09431,5.27365,3.737e-04,0.822,0.715,29159
1456,5.14735,5.27365,3.734e-04,1.203,1.126,29157
1457,5.19087,5.27365,3.731e-04,0.810,0.699,29160
1458,5.18728,5.27365,3.728e-04,1.026,0.939,29189
1459,5.23817,5.27365,3.725e-04,0.983,0.894,29150
1460,5.15405,5.27365,3.722e-04,1.558,1.489,29162
1461,5.27901,5.27365,3.719e-04,1.010,0.910,29125
1462,5.22773,5.27365,3.716e-04,0.977,0.890,29151
1463,5.23599,5.27365,3.713e-04,1.047,0.939,29166
1464,5.18468,5.27365,3.710e-04,0.874,0.761,29170
1465,5.28651,5.27365,3.707e-04,0.970,0.869,29141
1466,5.29575,5.27365,3.704e-04,0.917,0.821,29160
1467,5.13270,5.27365,3.701e-04,1.002,0.905,29170
1468,5.21629,5.27365,3.698e-04,1.199,1.122,29156
1469,5.37420,5.27365,3.695e-04,1.000,0.904,29126
1470,5.35512,5.27365,3.692e-04,1.043,0.946,29124
1471,5.23816,5.27365,3.689e-04,1.336,1.267,29196
1472,5.25118,5.27365,3.686e-04,1.054,0.981,29145
1473,5.03025,5.27365,3.683e-04,0.837,0.734,29174
1474,5.22083,5.27365,3.680e-04,0.880,0.780,29137
1475,5.15226,5.27365,3.677e-04,1.382,1.314,29178
1476,5.30953,5.27365,3.674e-04,0.938,0.834,29166
1477,5.20948,5.27365,3.671e-04,0.868,0.762,29163
1478,5.05720,5.27365,3.668e-04,0.979,0.872,29147
1479,5.21370,5.27365,3.665e-04,1.143,1.055,29178
1480,5.22399,5.27365,3.662e-04,0.852,0.744,29147
1481,5.21723,5.27365,3.659e-04,0.956,0.869,29137
1482,5.19838,5.27365,3.656e-04,0.874,0.768,29164
1483,5.24964,5.27365,3.653e-04,1.198,1.109,29170
1484,5.24409,5.27365,3.650e-04,0.846,0.743,29181
1485,5.16561,5.27365,3.647e-04,1.080,0.991,29176
1486,5.28704,5.27365,3.644e-04,0.914,0.805,29162
1487,5.23145,5.27365,3.641e-04,0.882,0.786,29137
1488,5.27206,5.27365,3.638e-04,0.861,0.749,29174
1489,5.42688,5.27365,3.635e-04,0.866,0.763,29176
1490,5.20375,5.27365,3.632e-04,1.143,1.068,29170
1491,5.14761,5.27365,3.629e-04,0.928,0.831,29152
1492,5.22268,5.27365,3.626e-04,1.034,0.954,29151
1493,5.32597,5.27365,3.623e-04,2.019,1.968,29185
1494,5.22636,5.27365,3.620e-04,1.339,1.264,29132
1495,5.08431,5.27365,3.617e-04,1.476,1.406,29164
1496,5.15577,5.27365,3.614e-04,1.347,1.286,29153
1497,5.21440,5.27365,3.611e-04,0.763,0.660,29154
1498,5.18720,5.27365,3.608e-04,2.103,2.044,29166
1499,5.12737,5.27365,3.605e-04,0.822,0.709,29154
1500,5.29913,5.15796,3.602e-04,1.228,1.144,8830
1501,5.03924,5.15796,3.599e-04,1.208,1.134,29500
1502,5.12231,5.15796,3.596e-04,1.686,1.620,29166
1503,5.33477,5.15796,3.593e-04,1.333,1.237,29158
1504,5.12158,5.15796,3.590e-04,1.109,1.023,29163
1505,5.15459,5.15796,3.587e-04,1.170,1.091,29157
1506,5.02536,5.15796,3.584e-04,0.921,0.832,29164
1507,5.17261,5.15796,3.581e-04,1.080,0.991,29182
1508,4.99799,5.15796,3.578e-04,1.108,1.031,29167
1509,5.19782,5.15796,3.575e-04,0.807,0.704,29160
1510,5.20701,5.15796,3.572e-04,0.882,0.785,29160
1511,5.05447,5.15796,3.569e-04,0.907,0.807,29176
1512,5.12964,5.15796,3.566e-04,1.019,0.930,29160
1513,5.35236,5.15796,3.563e-04,0.843,0.731,29152
1514,5.14779,5.15796,3.560e-04,0.825,0.719,29157
1515,5.16288,5.15796,3.557e-04,0.834,0.733,29170
1516,5.07836,5.15796,3.554e-04,0.920,0.827,29136
1517,5.05725,5.15796,3.551e-04,0.997,0.909,29179
1518,4.86342,5.15796,3.548e-04,0.815,0.711,29156
1519,5.20146,5.15796,3.545e-04,1.037,0.946,29150
1520,4.96700,5.15796,3.542e-04,0.901,0.796,29135
1521,5.29875,5.15796,3.539e-04,1.125,1.033,29132
1522,5.22754,5.15796,3.536e-04,0.758,0.649,29160
1523,5.30042,5.15796,3.533e-04,1.036,0.937,29169
1524,5.26110,5.15796,3.530e-04,0.865,0.754,29158
1525,5.09658,5.15796,3.527e-04,0.847,0.738,29170
1526,5.16206,5.15796,3.524e-04,0.901,0.788,29182
1527,5.12714,5.15796,3.521e-04,1.137,1.055,29171
1528,5.36710,5.15796,3.518e-04,1.275,1.196,29160
1529,5.23431,5.15796,3.515e-04,1.032,0.933,29170
1530,5.11589,5.15796,3.512e-04,1.613,1.542,29168
1531,5.27314,5.15796,3.509e-04,1.086,0.995,29148
1532,5.20314,5.15796,3.506e-04,1.175,1.088,29163
1533,5.26495,5.15796,3.503e-04,1.298,1.214,29180
1534,5.28775,5.15796,3.500e-04,0.865,0.743,29147
1535,5.18255,5.15796,3.497e-04,1.489,1.420,29186
1536,5.21982,5.15796,3.494e-04,1.071,0.985,29158
1537,5.23540,5.15796,3.491e-04,1.757,1.683,29182
1538,5.18540,5.15796,3.488e-04,1.322,1.241,29173
1539,5.05325,5.15796,3.485e-04,1.784,1.716,29159
1540,5.08457,5.15796,3.482e-04,1.162,1.085,29147
1541,5.19483,5.15796,3.479e-04,1.475,1.403,29143
1542,5.13342,5.15796,3.476e-04,1.398,1.326,29142
1543,5.10521,5.15796,3.473e-04,1.156,1.067,29176
1544,5.12587,5.15796,3.470e-04,1.500,1.422,29160
1545,5.28158,5.15796,3.467e-04,0.880,0.781,29143
1546,5.03910,5.15796,3.463e-04,1.341,1.265,29183
1547,5.09565,5.15796,3.460e-04,0.999,0.884,29149
1548,5.05777,5.15796,3.457e-04,0.816,0.711,29191
1549,5.38901,5.15796,3.454e-04,0.950,0.834,29153
1550,5.30650,5.15796,3.451e-04,0.965,0.872,29156
1551,5.06096,5.15796,3.448e-04,1.087,1.000,29159
1552,5.10435,5.15796,3.445e-04,1.004,0.915,29139
1553,5.09918,5.15796,3.442e-04,1.093,1.011,29161
1554,5.07857,5.15796,3.439e-04,1.085,1.005,29183
1555,5.13063,5.15796,3.436e-04,1.213,1.128,29147
1556,5.14399,5.15796,3.433e-04,1.132,1.052,29187
1557,5.21133,5.15796,3.430e-04,1.548,1.484,29159
1558,5.29781,5.15796,3.427e-04,1.088,0.992,29159
1559,5.11429,5.15796,3.424e-04,0.878,0.784,29163
1560,5.13691,5.15796,3.421e-04,0.942,0.852,29168
1561,5.20948,5.15796,3.418e-04,0.972,0.873,29117
1562,5.37456,5.15796,3.415e-04,0.847,0.727,29161
1563,5.14497,5.15796,3.412e-04,1.016,0.933,29156
1564,5.23272,5.15796,3.409e-04,0.969,0.882,29151
1565,5.13785,5.15796,3.406e-04,0.917,0.811,29163
1566,5.13715,5.15796,3.403e-04,1.202,1.120,29164
1567,5.28640,5.15796,3.400e-04,0.968,0.847,29180
1568,5.09645,5.15796,3.397e-04,1.058,0.972,29158
1569,5.25725,5.15796,3.394e-04,0.968,0.863,29177
1570,5.37633,5.15796,3.391e-04,2.022,1.961,29171
1571,5.22174,5.15796,3.388e-04,1.259,1.183,29189
1572,4.94887,5.15796,3.385e-04,1.017,0.923,29173
1573,5.22497,5.15796,3.382e-04,1.299,1.221,29168
1574,5.00108,5.15796,3.379e-04,1.156,1.035,29128
1575,5.11306,5.15796,3.376e-04,2.487,2.430,29155
1576,5.19743,5.15796,3.373e-04,2.205,2.146,29163
1577,5.12506,5.15796,3.370e-04,1.166,1.072,29151
1578,5.04569,5.15796,3.367e-04,1.115,1.030,29185
1579,5.15626,5.15796,3.364e-04,0.950,0.852,29172
1580,5.16270,5.15796,3.361e-04,0.915,0.797,29144
1581,5.16700,5.15796,3.358e-04,0.887,0.776,29138
1582,5.12688,5.15796,3.355e-04,1.007,0.912,29138
1583,5.26391,5.15796,3.351e-04,0.938,0.840,29170
1584,5.16715,5.15796,3.348e-04,0.881,0.779,29161
1585,5.16978,5.15796,3.345e-04,1.171,1.089,29150
1586,5.20360,5.15796,3.342e-04,1.078,0.986,29184
1587,5.22724,5.15796,3.339e-04,1.333,1.247,29169
1588,5.18921,5.15796,3.336e-04,0.886,0.785,29159
1589,5.09162,5.15796,3.333e-04,0.909,0.813,29175
1590,5.04161,5.15796,3.330e-04,0.962,0.861,29162
1591,5.18127,5.15796,3.327e-04,0.845,0.747,29158
1592,5.00171,5.15796,3.324e-04,1.536,1.470,29159
1593,5.24507,5.15796,3.321e-04,0.986,0.873,29174
1594,5.07370,5.15796,3.318e-04,1.342,1.273,29159
1595,5.01930,5.15796,3.315e-04,1.227,1.142,29163
1596,5.20723,5.15796,3.312e-04,1.216,1.121,29161
1597,5.04750,5.15796,3.309e-04,1.060,0.967,29153
1598,5.14662,5.15796,3.306e-04,0.916,0.822,29157
1599,5.03596,5.15796,3.303e-04,0.985,0.899,29167
1600,5.19699,5.15796,3.300e-04,0.968,0.862,29176
1601,5.07149,5.15796,3.297e-04,0.977,0.878,29125
1602,4.96450,5.15796,3.294e-04,0.931,0.825,29168
1603,5.13054,5.15796,3.291e-04,0.795,0.680,29167
1604,5.17066,5.15796,3.288e-04,1.003,0.902,29173
1605,4.92524,5.15796,3.285e-04,0.788,0.683,29161
1606,5.08131,5.15796,3.282e-04,1.268,1.184,29128
1607,5.31338,5.15796,3.279e-04,0.838,0.719,29182
1608,5.33447,5.15796,3.276e-04,1.689,1.617,29149
1609,5.05151,5.15796,3.273e-04,0.997,0.883,29183
1610,5.19148,5.15796,3.270e-04,2.149,2.089,29153
1611,5.07966,5.15796,3.267e-04,1.137,1.056,29162
1612,5.21527,5.15796,3.264e-04,1.279,1.200,29195
1613,5.10275,5.15796,3.261e-04,1.228,1.149,29147
1614,5.14796,5.15796,3.258e-04,1.030,0.932,29184
1615,5.16564,5.15796,3.255e-04,1.002,0.914,29157
1616,5.25192,5.15796,3.252e-04,1.114,1.017,29177
1617,5.26119,5.15796,3.249e-04,0.861,0.753,29172
1618,5.13045,5.15796,3.245e-04,1.265,1.185,29178
1619,5.06088,5.15796,3.242e-04,0.888,0.794,29148
1620,5.05916,5.15796,3.239e-04,0.834,0.732,29172
1621,5.07576,5.15796,3.236e-04,0.955,0.866,29130
1622,5.12486,5.15796,3.233e-04,0.841,0.727,29151
1623,5.16418,5.15796,3.230e-04,1.314,1.233,29184
1624,5.05569,5.15796,3.227e-04,0.938,0.834,29148
1625,4.98874,5.15796,3.224e-04,1.280,1.210,29169
1626,5.11089,5.15796,3.221e-04,1.082,1.001,29160
1627,5.14590,5.15796,3.218e-04,0.996,0.892,29128
1628,5.39685,5.15796,3.215e-04,1.474,1.390,29166
1629,5.17799,5.15796,3.212e-04,1.061,0.952,29185
1630,5.10500,5.15796,3.209e-04,0.974,0.872,29169
1631,5.10998,5.15796,3.206e-04,0.870,0.760,29155
1632,5.00754,5.15796,3.203e-04,1.167,1.067,29171
1633,5.39530,5.15796,3.200e-04,0.907,0.779,29170
1634,5.15559,5.15796,3.197e-04,0.875,0.755,29155
1635,5.08228,5.15796,3.194e-04,1.077,0.943,29158
1636,4.94596,5.15796,3.191e-04,1.010,0.905,29184
1637,5.17296,5.15796,3.188e-04,1.357,1.273,29169
1638,5.02024,5.15796,3.185e-04,1.066,0.967,29145
1639,5.03678,5.15796,3.182e-04,1.916,1.856,29175
1640,5.23247,5.15796,3.179e-04,1.822,1.758,29188
1641,4.92165,5.15796,3.176e-04,1.038,0.941,29107
1642,4.98109,5.15796,3.173e-04,1.423,1.340,29162
1643,5.07285,5.15796,3.170e-04,0.840,0.733,29167
1644,5.11045,5.15796,3.167e-04,1.076,0.986,29169
1645,5.17814,5.15796,3.164e-04,0.962,0.855,29174
1646,5.14241,5.15796,3.161e-04,1.125,1.032,29177
1647,5.27682,5.15796,3.158e-04,0.925,0.813,29176
1648,5.05466,5.15796,3.155e-04,1.223,1.145,29169
1649,5.17762,5.15796,3.152e-04,0.940,0.834,29138
1650,5.05050,5.15796,3.149e-04,1.305,1.222,29179
1651,5.09367,5.15796,3.146e-04,1.183,1.098,29169
1652,5.28801,5.15796,3.143e-04,1.609,1.541,29159
1653,5.17785,5.15796,3.140e-04,1.285,1.197,29157
1654,5.05644,5.15796,3.137e-04,0.977,0.847,29171
1655,5.01906,5.15796,3.133e-04,1.275,1.206,29140
1656,4.99291,5.15796,3.130e-04,0.816,0.697,29180
1657,5.28439,5.15796,3.127e-04,1.150,1.051,29155
1658,5.14420,5.15796,3.124e-04,1.060,0.950,29147
1659,5.01286,5.15796,3.121e-04,0.892,0.766,29144
1660,5.24999,5.15796,3.118e-04,0.871,0.740,29158
1661,5.24544,5.15796,3.115e-04,1.125,1.042,29137
1662,5.06675,5.15796,3.112e-04,0.843,0.735,29158
1663,5.17680,5.15796,3.109e-04,1.666,1.586,29170
1664,5.25274,5.15796,3.106e-04,0.984,0.865,29171
1665,5.13151,5.15796,3.103e-04,1.829,1.764,29165
1666,5.09077,5.15796,3.100e-04,0.909,0.806,29152
1667,5.23997,5.15796,3.097e-04,1.121,1.023,29149
1668,5.13242,5.15796,3.094e-04,0.918,0.829,29162
1669,5.03869,5.15796,3.091e-04,1.026,0.923,29171
1670,5.09545,5.15796,3.088e-04,0.857,0.731,29172
1671,5.02049,5.15796,3.085e-04,0.941,0.828,29157
1672,5.09289,5.15796,3.082e-04,0.887,0.786,29174
1673,4.94895,5.15796,3.079e-04,0.804,0.689,29183
1674,4.90514,5.15796,3.076e-04,0.966,0.870,29160
1675,5.09041,5.15796,3.073e-04,1.006,0.904,29169
1676,5.01124,5.15796,3.070e-04,1.050,0.962,29156
1677,5.08604,5.15796,3.067e-04,1.236,1.154,29157
1678,5.27634,5.15796,3.064e-04,0.967,0.857,29190
1679,5.10307,5.15796,3.061e-04,1.210,1.128,29163
1680,5.10084,5.15796,3.058e-04,0.916,0.786,29169
1681,5.06027,5.15796,3.055e-04,0.990,0.872,29110
1682,5.20395,5.15796,3.052e-04,1.013,0.915,29157
1683,5.01487,5.15796,3.049e-04,0.976,0.869,29176
1684,4.83067,5.15796,3.046e-04,1.357,1.280,29158
1685,4.95696,5.15796,3.043e-04,1.140,1.055,29174
1686,5.09267,5.15796,3.040e-04,1.899,1.840,29149
1687,5.12117,5.15796,3.037e-04,1.918,1.855,29154
1688,5.12468,5.15796,3.034e-04,1.577,1.499,29166
1689,5.24037,5.15796,3.031e-04,1.347,1.273,29139
1690,5.20962,5.15796,3.028e-04,0.861,0.746,29159
1691,5.03100,5.15796,3.025e-04,1.311,1.230,29158
1692,5.03052,5.15796,3.022e-04,0.904,0.777,29192
1693,5.16615,5.15796,3.019e-04,1.197,1.111,29162
1694,5.00382,5.15796,3.016e-04,0.993,0.895,29161
1695,5.08820,5.15796,3.013e-04,1.353,1.278,29167
1696,5.14432,5.15796,3.010e-04,1.241,1.153,29161
1697,5.16373,5.15796,3.007e-04,0.926,0.809,29178
1698,5.10941,5.15796,3.004e-04,1.493,1.421,29158
1699,4.97706,5.15796,3.001e-04,0.963,0.862,29169
1700,5.21102,5.15796,2.998e-04,2.298,2.237,29155
1701,5.04290,5.15796,2.995e-04,1.895,1.835,29117
1702,5.03233,5.15796,2.992e-04,1.021,0.921,29142
1703,5.14090,5.15796,2.989e-04,1.144,1.053,29169
1704,5.12461,5.15796,2.986e-04,1.044,0.943,29176
1705,5.11365,5.15796,2.983e-04,1.307,1.233,29168
1706,5.16083,5.15796,2.980e-04,1.399,1.326,29155
1707,5.17546,5.15796,2.977e-04,1.345,1.254,29163
1708,5.02367,5.15796,2.974e-04,1.211,1.121,29167
1709,5.08029,5.15796,2.971e-04,0.923,0.819,29165
1710,5.00250,5.15796,2.968e-04,1.245,1.164,29173
1711,5.01132,5.15796,2.965e-04,0.832,0.716,29177
1712,5.14852,5.15796,2.962e-04,1.087,0.988,29162
1713,5.15609,5.15796,2.959e-04,0.794,0.684,29157
1714,5.09837,5.15796,2.956e-04,0.865,0.743,29178
1715,5.14868,5.15796,2.953e-04,0.877,0.775,29158
1716,4.96839,5.15796,2.950e-04,0.977,0.880,29158
1717,5.05588,5.15796,2.947e-04,1.068,0.971,29197
1718,4.98657,5.15796,2.944e-04,1.479,1.411,29135
1719,5.10029,5.15796,2.941e-04,0.882,0.757,29162
1720,4.96299,5.15796,2.938e-04,1.054,0.951,29193
1721,5.14748,5.15796,2.935e-04,0.829,0.704,29112
1722,5.01258,5.15796,2.932e-04,0.971,0.852,29157
1723,5.03084,5.15796,2.929e-04,0.911,0.790,29165
1724,5.01990,5.15796,2.926e-04,1.088,0.980,29173
1725,5.12657,5.15796,2.923e-04,0.933,0.808,29149
1726,5.13608,5.15796,2.920e-04,1.059,0.966,29159
1727,5.05911,5.15796,2.917e-04,1.068,0.960,29178
1728,5.00770,5.15796,2.914e-04,1.189,1.096,29150
1729,5.23148,5.15796,2.911e-04,1.101,1.005,29141
1730,5.16269,5.15796,2.908e-04,1.103,1.013,29163
1731,5.01842,5.15796,2.905e-04,1.100,0.994,29166
1732,5.09494,5.15796,2.902e-04,0.921,0.817,29160
1733,5.15536,5.15796,2.899e-04,0.866,0.753,29175
1734,4.97163,5.15796,2.896e-04,1.149,1.056,29141
1735,5.02584,5.15796,2.893e-04,1.362,1.286,29170
1736,5.11585,5.15796,2.890e-04,0.912,0.790,29157
1737,5.12368,5.15796,2.887e-04,1.343,1.263,29151
1738,5.21643,5.15796,2.884e-04,0.990,0.849,29170
1739,5.18208,5.15796,2.881e-04,0.984,0.863,29172
1740,4.94563,5.15796,2.878e-04,1.161,1.013,29139
1741,5.07725,5.15796,2.875e-04,1.174,1.063,29140
1742,5.05073,5.15796,2.872e-04,0.945,0.843,29149
1743,5.25508,5.15796,2.869e-04,1.065,0.960,29157
1744,5.10959,5.15796,2.866e-04,1.021,0.923,29191
1745,5.15810,5.15796,2.863e-04,0.935,0.823,29141
1746,5.00062,5.15796,2.860e-04,1.002,0.907,29167
1747,4.98621,5.15796,2.857e-04,0.943,0.823,29144
1748,4.92141,5.15796,2.854e-04,1.539,1.459,29168
1749,5.04749,5.15796,2.851e-04,1.097,0.998,29140
1750,5.17810,5.06736,2.848e-04,1.415,1.319,8831
1751,5.12784,5.06736,2.845e-04,1.344,1.251,29522
1752,5.10380,5.06736,2.842e-04,0.970,0.850,29153
1753,5.04722,5.06736,2.839e-04,1.110,1.004,29162
1754,5.03323,5.06736,2.836e-04,0.898,0.772,29190
1755,5.09229,5.06736,2.833e-04,0.877,0.766,29169
1756,4.96858,5.06736,2.830e-04,0.859,0.718,29146
1757,4.98989,5.06736,2.827e-04,1.260,1.176,29170
1758,4.99604,5.06736,2.824e-04,0.922,0.819,29158
1759,5.13745,5.06736,2.821e-04,0.981,0.858,29176
1760,5.15224,5.06736,2.818e-04,1.123,0.995,29180
1761,5.07348,5.06736,2.815e-04,1.178,1.073,29106
1762,5.26010,5.06736,2.812e-04,1.308,1.216,29175
1763,5.14929,5.06736,2.809e-04,1.200,1.093,29161
1764,4.95467,5.06736,2.806e-04,1.195,1.098,29145
1765,4.92775,5.06736,2.803e-04,1.670,1.598,29168
1766,5.02841,5.06736,2.800e-04,0.931,0.799,29155
1767,5.16990,5.06736,2.797e-04,0.832,0.719,29183
1768,5.06085,5.06736,2.794e-04,1.000,0.884,29162
1769,4.95122,5.06736,2.791e-04,1.084,0.960,29161
1770,5.01933,5.06736,2.788e-04,1.033,0.910,29146
1771,4.92783,5.06736,2.785e-04,0.964,0.852,29172
1772,5.12395,5.06736,2.782e-04,0.960,0.863,29163
1773,5.13447,5.06736,2.779e-04,1.139,1.010,29167
1774,5.04940,5.06736,2.776e-04,1.071,0.966,29151
1775,5.12583,5.06736,2.773e-04,0.868,0.750,29168
1776,5.09937,5.06736,2.770e-04,1.113,1.020,29161
1777,5.23206,5.06736,2.767e-04,0.976,0.874,29163
1778,4.80983,5.06736,2.764e-04,1.078,0.974,29154
1779,5.08820,5.06736,2.761e-04,1.019,0.919,29167
1780,5.04038,5.06736,2.758e-04,0.895,0.772,29174
1781,4.94594,5.06736,2.755e-04,1.029,0.930,29111
1782,4.80349,5.06736,2.752e-04,0.963,0.850,29157
1783,5.02999,5.06736,2.750e-04,1.098,0.979,29181
1784,4.98944,5.06736,2.747e-04,0.945,0.832,29156
1785,5.17848,5.06736,2.744e-04,1.034,0.924,29135
1786,5.22103,5.06736,2.741e-04,0.959,0.830,29168
1787,5.13129,5.06736,2.738e-04,0.939,0.827,29158
1788,5.05258,5.06736,2.735e-04,1.195,1.107,29167
1789,5.00521,5.06736,2.732e-04,0.860,0.739,29172
1790,5.16941,5.06736,2.729e-04,0.950,0.842,29157
1791,4.96632,5.06736,2.726e-04,1.062,0.952,29152
1792,5.00691,5.06736,2.723e-04,0.895,0.780,29151
1793,5.06091,5.06736,2.720e-04,1.604,1.530,29153
1794,4.97531,5.06736,2.717e-04,1.012,0.909,29171
1795,5.07340,5.06736,2.714e-04,1.671,1.594,29148
1796,5.14811,5.06736,2.711e-04,1.724,1.654,29143
1797,5.05777,5.06736,2.708e-04,0.939,0.824,29179
1798,5.19003,5.06736,2.705e-04,1.888,1.822,29134
1799,5.13512,5.06736,2.702e-04,1.390,1.308,29182
1800,5.11411,5.06736,2.699e-04,1.114,1.012,29160
1801,5.08343,5.06736,2.696e-04,1.272,1.191,29113
1802,4.97220,5.06736,2.693e-04,0.964,0.849,29172
1803,5.16609,5.06736,2.690e-04,1.621,1.547,29182
1804,4.91505,5.06736,2.687e-04,1.186,1.106,29137
1805,5.05019,5.06736,2.684e-04,1.092,0.988,29169
1806,4.87321,5.06736,2.681e-04,1.567,1.483,29176
1807,5.13392,5.06736,2.679e-04,1.122,1.014,29096
1808,5.04947,5.06736,2.676e-04,1.750,1.676,29174
1809,5.33818,5.06736,2.673e-04,1.178,1.071,29153
1810,5.08837,5.06736,2.670e-04,1.196,1.081,29154
1811,4.88632,5.06736,2.667e-04,1.193,1.103,29150
1812,4.90432,5.06736,2.664e-04,1.029,0.919,29166
1813,5.02475,5.06736,2.661e-04,0.973,0.867,29155
1814,5.20230,5.06736,2.658e-04,0.989,0.871,29148
1815,5.10523,5.06736,2.655e-04,0.884,0.764,29170
1816,5.15127,5.06736,2.652e-04,0.888,0.775,29174
1817,4.97062,5.06736,2.649e-04,0.940,0.827,29158
1818,5.15477,5.06736,2.646e-04,0.989,0.871,29173
1819,4.97561,5.06736,2.643e-04,0.893,0.779,29144
1820,5.09214,5.06736,2.640e-04,1.067,0.965,29182
1821,5.17309,5.06736,2.637e-04,1.015,0.906,29087
1822,4.99147,5.06736,2.634e-04,1.433,1.355,29136
1823,4.94832,5.06736,2.631e-04,1.030,0.918,29179
1824,5.01315,5.06736,2.629e-04,1.035,0.910,29180
1825,4.98600,5.06736,2.626e-04,1.168,1.077,29167
1826,4.98523,5.06736,2.623e-04,0.984,0.832,29148
1827,4.88279,5.06736,2.620e-04,1.081,0.979,29164
1828,5.10863,5.06736,2.617e-04,0.886,0.752,29167
1829,5.01183,5.06736,2.614e-04,1.004,0.882,29155
1830,5.07043,5.06736,2.611e-04,0.883,0.758,29156
1831,4.92363,5.06736,2.608e-04,1.115,1.013,29150
1832,5.14095,5.06736,2.605e-04,0.837,0.713,29166
1833,5.06947,5.06736,2.602e-04,0.944,0.815,29182
1834,4.98093,5.06736,2.599e-04,1.114,1.010,29159
1835,5.13019,5.06736,2.596e-04,1.125,1.023,29168
1836,5.00538,5.06736,2.593e-04,0.946,0.822,29156
1837,5.17564,5.06736,2.590e-04,0.990,0.858,29158
1838,4.82410,5.06736,2.588e-04,0.888,0.776,29133
1839,5.10643,5.06736,2.585e-04,1.139,1.013,29174
1840,5.13253,5.06736,2.582e-04,1.054,0.911,29158
1841,5.18618,5.06736,2.579e-04,0.948,0.817,29115
1842,5.11287,5.06736,2.576e-04,0.950,0.836,29180
1843,5.10831,5.06736,2.573e-04,1.107,0.969,29144
1844,5.02275,5.06736,2.570e-04,1.086,0.958,29153
1845,5.15507,5.06736,2.567e-04,0.927,0.800,29164
1846,5.07856,5.06736,2.564e-04,1.043,0.895,29162
1847,5.17222,5.06736,2.561e-04,0.874,0.746,29182
1848,4.87582,5.06736,2.558e-04,0.870,0.749,29147
1849,5.04323,5.06736,2.555e-04,0.936,0.790,29155
1850,5.14361,5.06736,2.553e-04,0.956,0.840,29180
1851,4.92256,5.06736,2.550e-04,1.037,0.945,29183
1852,4.92892,5.06736,2.547e-04,0.888,0.755,29147
1853,5.12052,5.06736,2.544e-04,1.224,1.127,29180
1854,5.01056,5.06736,2.541e-04,0.961,0.843,29157
1855,5.00190,5.06736,2.538e-04,1.743,1.668,29179
1856,4.79942,5.06736,2.535e-04,1.092,1.003,29182
1857,4.97173,5.06736,2.532e-04,1.214,1.126,29155
1858,5.03944,5.06736,2.529e-04,1.412,1.324,29154
1859,5.06491,5.06736,2.526e-04,0.924,0.814,29178
1860,4.99792,5.06736,2.523e-04,1.137,1.038,29090
1861,5.10194,5.06736,2.521e-04,0.919,0.795,29129
1862,4.97688,5.06736,2.518e-04,0.863,0.754,29139
1863,4.97671,5.06736,2.515e-04,0.905,0.781,29166
1864,5.08109,5.06736,2.512e-04,0.961,0.852,29159
1865,5.14016,5.06736,2.509e-04,0.941,0.829,29174
1866,5.03813,5.06736,2.506e-04,0.912,0.813,29154
1867,5.06288,5.06736,2.503e-04,0.900,0.785,29168
1868,5.11653,5.06736,2.500e-04,0.926,0.817,29160
1869,5.03980,5.06736,2.497e-04,1.031,0.919,29180
1870,5.20696,5.06736,2.495e-04,0.898,0.768,29137
1871,4.88662,5.06736,2.492e-04,1.033,0.930,29165
1872,4.96901,5.06736,2.489e-04,1.021,0.878,29157
1873,5.15427,5.06736,2.486e-04,1.005,0.887,29170
1874,5.02259,5.06736,2.483e-04,1.043,0.921,29152
1875,5.10479,5.06736,2.480e-04,0.944,0.822,29159
1876,5.05986,5.06736,2.477e-04,1.312,1.220,29143
1877,5.00159,5.06736,2.474e-04,0.957,0.836,29180
1878,5.26348,5.06736,2.471e-04,0.810,0.669,29170
1879,5.06837,5.06736,2.469e-04,1.096,0.999,29171
1880,4.90989,5.06736,2.466e-04,1.151,1.046,29178
1881,4.99589,5.06736,2.463e-04,0.979,0.874,29115
1882,5.04623,5.06736,2.460e-04,1.084,0.955,29168
1883,5.15902,5.06736,2.457e-04,1.247,1.155,29157
1884,5.06581,5.06736,2.454e-04,0.976,0.854,29167
1885,4.96128,5.06736,2.451e-04,0.919,0.802,29162
1886,5.01056,5.06736,2.448e-04,0.853,0.734,29157
1887,5.03088,5.06736,2.446e-04,1.055,0.950,29182
1888,4.98013,5.06736,2.443e-04,1.361,1.276,29137
1889,5.09948,5.06736,2.440e-04,0.890,0.762,29188
1890,4.86165,5.06736,2.437e-04,0.887,0.766,29151
1891,5.06737,5.06736,2.434e-04,1.176,1.081,29152
1892,4.92345,5.06736,2.431e-04,0.922,0.798,29110
1893,5.01602,5.06736,2.428e-04,1.470,1.387,29157
1894,5.11691,5.06736,2.425e-04,1.126,1.021,29167
1895,4.85547,5.06736,2.423e-04,1.332,1.243,29172
1896,5.00894,5.06736,2.420e-04,1.038,0.906,29161
1897,5.09103,5.06736,2.417e-04,0.936,0.815,29172
1898,5.05956,5.06736,2.414e-04,1.308,1.222,29160
1899,4.98606,5.06736,2.411e-04,0.938,0.814,29153
1900,4.98270,5.06736,2.408e-04,1.210,1.127,29180
1901,4.85812,5.06736,2.405e-04,0.809,0.688,29089
1902,5.02343,5.06736,2.403e-04,1.172,1.079,29180
1903,5.14112,5.06736,2.400e-04,0.967,0.844,29148
1904,4.97304,5.06736,2.397e-04,1.112,1.018,29187
1905,5.17391,5.06736,2.394e-04,0.880,0.748,29156
1906,5.15859,5.06736,2.391e-04,0.951,0.842,29168
1907,5.10219,5.06736,2.388e-04,1.102,0.989,29168
1908,5.10485,5.06736,2.385e-04,0.967,0.834,29164
1909,4.92964,5.06736,2.383e-04,1.142,1.040,29149
1910,5.06971,5.06736,2.380e-04,0.877,0.756,29173
1911,5.09643,5.06736,2.377e-04,1.155,1.044,29142
1912,5.04209,5.06736,2.374e-04,0.983,0.860,29157
1913,5.01445,5.06736,2.371e-04,1.544,1.460,29153
1914,4.85395,5.06736,2.368e-04,1.131,1.019,29151
1915,5.13157,5.06736,2.365e-04,1.035,0.921,29155
1916,4.96691,5.06736,2.363e-04,1.267,1.188,29174
1917,5.16364,5.06736,2.360e-04,1.023,0.894,29153
1918,5.11777,5.06736,2.357e-04,1.038,0.929,29170
1919,5.01926,5.06736,2.354e-04,1.005,0.882,29186
1920,5.15505,5.06736,2.351e-04,0.951,0.807,29139
1921,4.85507,5.06736,2.348e-04,1.045,0.946,29132
1922,5.14955,5.06736,2.346e-04,0.914,0.789,29156
1923,5.08591,5.06736,2.343e-04,1.079,0.971,29147
1924,5.14513,5.06736,2.340e-04,0.944,0.818,29161
1925,4.97572,5.06736,2.337e-04,1.031,0.923,29157
1926,4.96217,5.06736,2.334e-04,1.234,1.147,29173
1927,4.90388,5.06736,2.331e-04,1.298,1.212,29156
1928,5.09613,5.06736,2.329e-04,1.127,1.011,29168
1929,5.00051,5.06736,2.326e-04,1.206,1.110,29147
1930,5.26133,5.06736,2.323e-04,1.060,0.943,29181
1931,4.94217,5.06736,2.320e-04,0.905,0.779,29157
1932,5.05569,5.06736,2.317e-04,1.085,0.973,29144
1933,4.84369,5.06736,2.315e-04,0.877,0.754,29153
1934,5.09811,5.06736,2.312e-04,0.930,0.814,29186
1935,5.05242,5.06736,2.309e-04,0.916,0.795,29180
1936,4.84328,5.06736,2.306e-04,1.012,0.908,29148
1937,4.85131,5.06736,2.303e-04,0.859,0.743,29173
1938,5.09218,5.06736,2.300e-04,0.993,0.867,29160
1939,4.93326,5.06736,2.298e-04,1.050,0.927,29175
1940,5.05678,5.06736,2.295e-04,1.131,1.014,29169
1941,4.98292,5.06736,2.292e-04,1.055,0.944,29093
1942,5.01543,5.06736,2.289e-04,1.035,0.909,29187
1943,5.09521,5.06736,2.286e-04,1.290,1.185,29151
1944,4.72568,5.06736,2.284e-04,0.882,0.750,29146
1945,4.99833,5.06736,2.281e-04,0.874,0.738,29133
1946,4.93010,5.06736,2.278e-04,1.297,1.208,29176
1947,5.13478,5.06736,2.275e-04,0.976,0.857,29128
1948,4.98147,5.06736,2.272e-04,1.228,1.136,29187
1949,4.89826,5.06736,2.270e-04,1.016,0.898,29165
1950,5.07292,5.06736,2.267e-04,1.049,0.924,29170
1951,5.11921,5.06736,2.264e-04,0.954,0.839,29170
1952,4.94319,5.06736,2.261e-04,1.023,0.896,29149
1953,5.34436,5.06736,2.258e-04,1.214,1.113,29169
1954,5.11408,5.06736,2.256e-04,0.965,0.833,29174
1955,4.84037,5.06736,2.253e-04,1.269,1.166,29152
1956,5.07867,5.06736,2.250e-04,1.056,0.941,29179
1957,5.23723,5.06736,2.247e-04,0.932,0.795,29164
1958,5.07955,5.06736,2.244e-04,1.032,0.913,29143
1959,5.18131,5.06736,2.242e-04,0.932,0.797,29176
1960,4.97580,5.06736,2.239e-04,1.016,0.899,29158
1961,4.98254,5.06736,2.236e-04,1.029,0.901,29122
1962,4.94878,5.06736,2.233e-04,1.369,1.260,29162
1963,4.91287,5.06736,2.230e-04,1.300,1.200,29170
1964,4.91722,5.06736,2.228e-04,1.023,0.893,29183
1965,4.90705,5.06736,2.225e-04,0.888,0.773,29172
1966,4.99227,5.06736,2.222e-04,1.196,1.111,29184
1967,4.85337,5.06736,2.219e-04,0.974,0.848,29156
1968,5.03708,5.06736,2.217e-04,1.169,1.056,29172
1969,4.92289,5.06736,2.214e-04,0.918,0.804,29168
1970,5.01781,5.06736,2.211e-04,0.979,0.866,29161
1971,4.98494,5.06736,2.208e-04,1.051,0.940,29155
1972,5.09144,5.06736,2.206e-04,0.946,0.831,29157
1973,4.73632,5.06736,2.203e-04,1.039,0.920,29183
1974,4.96122,5.06736,2.200e-04,0.922,0.787,29167
1975,4.96081,5.06736,2.197e-04,0.914,0.794,29171
1976,5.02638,5.06736,2.194e-04,0.966,0.832,29151
1977,4.85697,5.06736,2.192e-04,1.009,0.903,29171
1978,4.84950,5.06736,2.189e-04,0.936,0.812,29157
1979,4.95076,5.06736,2.186e-04,1.180,1.092,29152
1980,4.94355,5.06736,2.183e-04,0.922,0.805,29168
1981,4.86207,5.06736,2.181e-04,1.153,1.056,29103
1982,4.85392,5.06736,2.178e-04,0.919,0.797,29173
1983,5.01161,5.06736,2.175e-04,0.949,0.815,29166
1984,5.01441,5.06736,2.172e-04,0.871,0.739,29197
1985,4.89215,5.06736,2.170e-04,0.972,0.868,29176
1986,4.86532,5.06736,2.167e-04,1.247,1.160,29173
1987,5.02679,5.06736,2.164e-04,0.896,0.765,29150
1988,4.94003,5.06736,2.161e-04,1.076,0.977,29166
1989,4.85021,5.06736,2.159e-04,0.997,0.879,29167
1990,5.03339,5.06736,2.156e-04,1.262,1.166,29166
1991,5.09640,5.06736,2.153e-04,1.166,1.062,29173
1992,4.99815,5.06736,2.150e-04,1.246,1.154,29142
1993,5.04485,5.06736,2.148e-04,1.655,1.572,29181
1994,5.09583,5.06736,2.145e-04,1.054,0.926,29149
1995,5.24492,5.06736,2.142e-04,1.343,1.244,29161
1996,5.08065,5.06736,2.139e-04,0.992,0.863,29100
1997,5.22233,5.06736,2.137e-04,1.119,1.012,29186
1998,4.93162,5.06736,2.134e-04,1.272,1.191,29144
1999,4.91083,5.06736,2.131e-04,0.938,0.812,29149
2000,4.96960,4.98178,2.129e-04,1.242,1.153,8828
2001,4.96543,4.98178,2.126e-04,0.932,0.813,29480
2002,4.90433,4.98178,2.123e-04,1.416,1.330,29168
2003,5.07625,4.98178,2.120e-04,0.978,0.856,29139
2004,4.98604,4.98178,2.118e-04,0.926,0.798,29159
2005,4.97909,4.98178,2.115e-04,1.229,1.128,29163
2006,4.84028,4.98178,2.112e-04,1.050,0.938,29164
2007,4.91157,4.98178,2.109e-04,1.000,0.885,29156
2008,4.93647,4.98178,2.107e-04,0.960,0.841,29153
2009,5.09263,4.98178,2.104e-04,1.035,0.927,29182
2010,4.98270,4.98178,2.101e-04,1.099,0.977,29157
2011,5.10371,4.98178,2.099e-04,1.406,1.309,29156
2012,5.11261,4.98178,2.096e-04,1.131,1.023,29168
2013,4.96896,4.98178,2.093e-04,1.120,0.994,29157
2014,4.90227,4.98178,2.090e-04,1.081,0.976,29163
2015,4.95421,4.98178,2.088e-04,1.116,1.012,29163
2016,4.85943,4.98178,2.085e-04,1.007,0.871,29189
2017,4.97553,4.98178,2.082e-04,0.949,0.814,29159
2018,4.85269,4.98178,2.080e-04,0.902,0.777,29148
2019,4.94955,4.98178,2.077e-04,1.016,0.879,29172
2020,4.93739,4.98178,2.074e-04,0.906,0.781,29165
2021,5.09980,4.98178,2.072e-04,0.860,0.727,29127
2022,4.91761,4.98178,2.069e-04,0.906,0.775,29160
2023,4.91117,4.98178,2.066e-04,0.927,0.801,29147
2024,4.99184,4.98178,2.063e-04,0.858,0.709,29174
2025,4.98196,4.98178,2.061e-04,0.875,0.733,29149
2026,4.77478,4.98178,2.058e-04,0.899,0.758,29166
2027,5.04638,4.98178,2.055e-04,0.996,0.873,29177
2028,5.06106,4.98178,2.053e-04,0.887,0.760,29127
2029,4.95136,4.98178,2.050e-04,1.083,0.974,29182
2030,5.05294,4.98178,2.047e-04,0.939,0.807,29178
2031,4.75987,4.98178,2.045e-04,1.143,1.043,29178
2032,5.13493,4.98178,2.042e-04,1.146,1.032,29159
2033,5.07208,4.98178,2.039e-04,1.320,1.235,29163
2034,4.95209,4.98178,2.037e-04,1.091,0.976,29170
2035,5.00518,4.98178,2.034e-04,1.050,0.934,29157
2036,4.85742,4.98178,2.031e-04,0.940,0.810,29176
2037,4.94171,4.98178,2.029e-04,1.139,1.026,29162
2038,5.11388,4.98178,2.026e-04,0.979,0.855,29156
2039,5.19702,4.98178,2.023e-04,0.915,0.767,29161
2040,4.92810,4.98178,2.021e-04,0.974,0.853,29166
2041,4.99816,4.98178,2.018e-04,1.012,0.892,29115
2042,4.82495,4.98178,2.015e-04,0.916,0.800,29158
2043,4.84610,4.98178,2.013e-04,1.019,0.901,29184
2044,4.96360,4.98178,2.010e-04,1.128,1.015,29146
2045,4.76637,4.98178,2.007e-04,1.135,1.037,29193
2046,4.98390,4.98178,2.005e-04,1.347,1.261,29131
2047,5.04738,4.98178,2.002e-04,1.243,1.133,29159
2048,5.02459,4.98178,1.999e-04,1.087,0.971,29179
2049,5.03226,4.98178,1.997e-04,1.387,1.286,29162
2050,5.00443,4.98178,1.994e-04,0.935,0.807,29134
2051,5.00081,4.98178,1.991e-04,1.234,1.145,29182
2052,4.83743,4.98178,1.989e-04,0.977,0.842,29139
2053,4.90785,4.98178,1.986e-04,0.879,0.755,29179
2054,4.82108,4.98178,1.983e-04,1.067,0.958,29172
2055,4.87689,4.98178,1.981e-04,0.944,0.809,29162
2056,4.86475,4.98178,1.978e-04,0.941,0.815,29163
2057,4.92596,4.98178,1.975e-04,0.997,0.866,29177
2058,5.11319,4.98178,1.973e-04,1.031,0.899,29134
2059,4.89995,4.98178,1.970e-04,0.975,0.858,29176
2060,4.91931,4.98178,1.968e-04,0.951,0.823,29171
2061,4.99187,4.98178,1.965e-04,1.032,0.910,29117
2062,4.96318,4.98178,1.962e-04,1.065,0.960,29166
2063,4.79008,4.98178,1.960e-04,0.855,0.735,29164
2064,5.01801,4.98178,1.957e-04,1.483,1.385,29162
2065,4.68380,4.98178,1.954e-04,0.968,0.835,29180
2066,5.00366,4.98178,1.952e-04,1.046,0.927,29178
2067,4.96825,4.98178,1.949e-04,0.989,0.858,29152
2068,5.07351,4.98178,1.947e-04,0.955,0.844,29170
2069,5.04283,4.98178,1.944e-04,1.088,0.975,29163
2070,5.03184,4.98178,1.941e-04,1.039,0.925,29148
2071,4.79023,4.98178,1.939e-04,1.176,1.073,29175
2072,4.82957,4.98178,1.936e-04,1.022,0.915,29152
2073,4.76437,4.98178,1.933e-04,1.305,1.195,29157
2074,4.99128,4.98178,1.931e-04,1.133,1.016,29172
2075,5.08579,4.98178,1.928e-04,1.018,0.879,29167
2076,5.12301,4.98178,1.926e-04,0.960,0.832,29177
2077,4.94688,4.98178,1.923e-04,0.962,0.842,29138
2078,4.87607,4.98178,1.920e-04,0.945,0.821,29171
2079,5.11802,4.98178,1.918e-04,0.930,0.792,29187
2080,4.92233,4.98178,1.915e-04,0.894,0.763,29159
2081,5.09660,4.98178,1.913e-04,0.908,0.776,29122
2082,5.07448,4.98178,1.910e-04,0.994,0.864,29146
2083,4.95791,4.98178,1.907e-04,1.050,0.938,29162
2084,4.95817,4.98178,1.905e-04,1.058,0.943,29165
2085,5.07534,4.98178,1.902e-04,0.917,0.786,29135
2086,4.95663,4.98178,1.900e-04,0.948,0.820,29160
2087,5.11734,4.98178,1.897e-04,1.005,0.881,29186
2088,4.75006,4.98178,1.894e-04,1.133,1.027,29141
2089,4.94971,4.98178,1.892e-04,0.883,0.758,29155
2090,4.95495,4.98178,1.889e-04,0.928,0.795,29151
2091,4.89721,4.98178,1.887e-04,0.821,0.692,29162
2092,4.99316,4.98178,1.884e-04,0.905,0.772,29178
2093,4.95647,4.98178,1.882e-04,1.038,0.910,29138
2094,4.87913,4.98178,1.879e-04,0.883,0.753,29175
2095,4.96631,4.98178,1.876e-04,0.942,0.810,29170
2096,4.83793,4.98178,1.874e-04,1.097,0.972,29123
2097,4.94951,4.98178,1.871e-04,0.970,0.836,29170
2098,4.88138,4.98178,1.869e-04,0.967,0.821,29147
2099,5.01908,4.98178,1.866e-04,0.988,0.863,29166
2100,4.99575,4.98178,1.864e-04,1.000,0.867,29170
2101,5.03452,4.98178,1.861e-04,1.018,0.895,29111
2102,4.95727,4.98178,1.858e-04,0.982,0.838,29159
2103,4.77284,4.98178,1.856e-04,1.046,0.926,29154
2104,4.97089,4.98178,1.853e-04,0.929,0.799,28950
2105,5.03764,4.98178,1.851e-04,1.223,1.123,29125
2106,4.95217,4.98178,1.848e-04,1.105,0.987,29159
2107,4.96915,4.98178,1.846e-04,1.035,0.914,29145
2108,4.79756,4.98178,1.843e-04,1.024,0.913,29167
2109,4.77536,4.98178,1.841e-04,0.885,0.754,29136
2110,4.87477,4.98178,1.838e-04,1.077,0.953,29154
2111,4.94785,4.98178,1.835e-04,1.026,0.907,29170
2112,4.89952,4.98178,1.833e-04,1.134,1.023,29187
2113,5.03530,4.98178,1.830e-04,0.964,0.829,29152
2114,4.94433,4.98178,1.828e-04,1.021,0.904,29188
2115,4.85011,4.98178,1.825e-04,1.259,1.147,29145
2116,5.09004,4.98178,1.823e-04,1.202,1.081,29173
2117,4.89239,4.98178,1.820e-04,0.942,0.804,29160
2118,4.79384,4.98178,1.818e-04,1.236,1.133,29141
2119,5.16862,4.98178,1.815e-04,1.022,0.875,29167
2120,4.87987,4.98178,1.813e-04,1.123,1.012,29154
2121,5.11217,4.98178,1.810e-04,0.984,0.844,29114
2122,4.96575,4.98178,1.808e-04,1.190,1.051,29182
2123,4.69738,4.98178,1.805e-04,0.877,0.740,29132
2124,4.93199,4.98178,1.802e-04,1.032,0.899,29155
2125,4.90686,4.98178,1.800e-04,0.936,0.816,29184
2126,5.09366,4.98178,1.797e-04,1.072,0.960,29147
2127,5.05379,4.98178,1.795e-04,0.936,0.809,29157
2128,4.76894,4.98178,1.792e-04,1.321,1.226,29178
2129,4.93530,4.98178,1.790e-04,0.928,0.802,29153
2130,4.92266,4.98178,1.787e-04,0.917,0.781,29169
2131,4.81963,4.98178,1.785e-04,1.183,1.051,29183
2132,4.97654,4.98178,1.782e-04,0.915,0.795,29161
2133,4.89468,4.98178,1.780e-04,0.960,0.834,29155
2134,4.87240,4.98178,1.777e-04,1.158,1.025,29172
2135,5.07558,4.98178,1.775e-04,0.909,0.773,29125
2136,5.12915,4.98178,1.772e-04,1.294,1.185,29159
2137,5.02975,4.98178,1.770e-04,1.100,0.971,29158
2138,4.90464,4.98178,1.767e-04,1.232,1.133,29157
2139,4.92144,4.98178,1.765e-04,1.092,0.977,29183
2140,4.78759,4.98178,1.762e-04,1.213,1.107,29136
2141,5.05207,4.98178,1.760e-04,1.436,1.326,29122
2142,4.85129,4.98178,1.757e-04,0.872,0.741,29176
2143,4.96216,4.98178,1.755e-04,1.029,0.904,29146
2144,4.83067,4.98178,1.752e-04,0.989,0.850,29162
2145,4.78547,4.98178,1.750e-04,0.856,0.738,29169
2146,4.82365,4.98178,1.747e-04,1.191,1.076,29169
2147,4.93979,4.98178,1.745e-04,0.956,0.818,29164
2148,4.94631,4.98178,1.743e-04,1.039,0.931,29140
2149,4.80233,4.98178,1.740e-04,0.952,0.821,29183
2150,4.81746,4.98178,1.738e-04,0.887,0.764,29153
2151,4.89651,4.98178,1.735e-04,1.135,1.026,29181
2152,4.97588,4.98178,1.733e-04,0.969,0.833,29148
2153,4.77731,4.98178,1.730e-04,1.328,1.241,29179
2154,4.98197,4.98178,1.728e-04,1.132,1.007,29139
2155,4.89111,4.98178,1.725e-04,1.073,0.955,29180
2156,5.02351,4.98178,1.723e-04,1.162,1.042,29173
2157,5.01999,4.98178,1.720e-04,0.923,0.792,29147
2158,4.82728,4.98178,1.718e-04,1.113,1.011,29167
2159,4.79387,4.98178,1.715e-04,0.916,0.781,29148
2160,5.02346,4.98178,1.713e-04,1.183,1.072,29146
2161,5.01462,4.98178,1.711e-04,1.384,1.286,29119
2162,4.92147,4.98178,1.708e-04,0.980,0.863,29162
2163,4.94442,4.98178,1.706e-04,1.529,1.439,29161
2164,5.06774,4.98178,1.703e-04,1.138,1.017,29166
2165,4.92335,4.98178,1.701e-04,1.113,1.006,29166
2166,4.87136,4.98178,1.698e-04,1.392,1.301,29170
2167,4.99144,4.98178,1.696e-04,0.932,0.788,29156
2168,5.17080,4.98178,1.693e-04,0.973,0.847,29163
2169,5.10400,4.98178,1.691e-04,0.929,0.810,29152
2170,5.04991,4.98178,1.689e-04,0.975,0.834,29174
2171,4.98933,4.98178,1.686e-04,1.183,1.073,29156
2172,4.74638,4.98178,1.684e-04,0.990,0.870,29170
2173,4.90737,4.98178,1.681e-04,0.945,0.814,29172
2174,4.78571,4.98178,1.679e-04,0.952,0.817,29137
2175,4.79113,4.98178,1.676e-04,0.910,0.773,29165
2176,5.04955,4.98178,1.674e-04,0.974,0.842,29194
2177,5.08334,4.98178,1.672e-04,1.024,0.892,29149
2178,5.00592,4.98178,1.669e-04,0.949,0.810,29141
2179,4.95059,4.98178,1.667e-04,0.947,0.811,29180
2180,4.83934,4.98178,1.664e-04,1.005,0.866,29153
2181,4.99264,4.98178,1.662e-04,0.891,0.764,29121
2182,4.99352,4.98178,1.660e-04,0.848,0.710,29182
2183,4.85705,4.98178,1.657e-04,0.929,0.794,29144
2184,4.93013,4.98178,1.655e-04,0.956,0.830,29170
2185,4.91706,4.98178,1.652e-04,0.916,0.785,29184
2186,4.78195,4.98178,1.650e-04,1.127,1.014,29178
2187,4.99275,4.98178,1.648e-04,0.945,0.813,29148
2188,5.00102,4.98178,1.645e-04,1.015,0.891,29166
2189,4.90125,4.98178,1.643e-04,0.924,0.790,29147
2190,4.96806,4.98178,1.640e-04,1.126,1.015,29155
2191,5.02706,4.98178,1.638e-04,1.096,0.966,29159
2192,5.00422,4.98178,1.636e-04,1.120,0.985,29170
2193,4.82711,4.98178,1.633e-04,0.994,0.865,29175
2194,4.93586,4.98178,1.631e-04,1.144,1.041,29166
2195,4.94664,4.98178,1.628e-04,1.092,0.962,29193
2196,4.97385,4.98178,1.626e-04,1.099,0.965,29170
2197,4.84914,4.98178,1.624e-04,1.039,0.920,29161
2198,4.86890,4.98178,1.621e-04,0.960,0.838,29162
2199,5.00768,4.98178,1.619e-04,1.411,1.312,29184
2200,4.87189,4.98178,1.617e-04,1.293,1.187,29182
2201,4.94128,4.98178,1.614e-04,1.188,1.069,29128
2202,4.89513,4.98178,1.612e-04,1.240,1.146,29147
2203,4.81924,4.98178,1.609e-04,0.899,0.769,29159
2204,5.04453,4.98178,1.607e-04,1.126,1.022,29170
2205,5.03368,4.98178,1.605e-04,1.122,1.013,29171
2206,4.79031,4.98178,1.602e-04,1.013,0.887,29162
2207,4.95465,4.98178,1.600e-04,1.319,1.215,29159
2208,4.90654,4.98178,1.598e-04,1.140,1.027,29156
2209,4.92729,4.98178,1.595e-04,0.911,0.758,29165
2210,5.02287,4.98178,1.593e-04,1.333,1.227,29160
2211,4.90355,4.98178,1.591e-04,1.476,1.385,29126
2212,4.74052,4.98178,1.588e-04,1.009,0.880,29183
2213,4.92441,4.98178,1.586e-04,1.106,0.988,29158
2214,4.82373,4.98178,1.584e-04,1.406,1.313,29152
2215,4.85371,4.98178,1.581e-04,1.107,0.998,29163
2216,4.93859,4.98178,1.579e-04,1.099,0.990,29162
2217,4.85129,4.98178,1.577e-04,1.020,0.896,29168
2218,4.82691,4.98178,1.574e-04,1.030,0.913,29171
2219,5.15211,4.98178,1.572e-04,1.079,0.962,29146
2220,4.86264,4.98178,1.570e-04,1.260,1.143,29179
2221,5.01031,4.98178,1.567e-04,0.998,0.853,29117
2222,4.94602,4.98178,1.565e-04,1.121,1.000,29162
2223,5.03400,4.98178,1.563e-04,1.096,0.951,29180
2224,4.90950,4.98178,1.560e-04,1.182,1.039,29157
2225,4.94664,4.98178,1.558e-04,1.054,0.915,29157
2226,5.04223,4.98178,1.556e-04,0.942,0.810,29148
2227,4.96774,4.98178,1.553e-04,1.479,1.379,29147
2228,4.87903,4.98178,1.551e-04,1.133,1.023,29177
2229,4.89577,4.98178,1.549e-04,0.992,0.875,29187
2230,4.71196,4.98178,1.546e-04,0.890,0.762,29153
2231,4.85111,4.98178,1.544e-04,1.214,1.100,29148
2232,4.97042,4.98178,1.542e-04,0.957,0.827,29183
2233,4.97673,4.98178,1.540e-04,0.948,0.823,29153
2234,5.03823,4.98178,1.537e-04,0.949,0.814,29167
2235,4.89654,4.98178,1.535e-04,0.972,0.847,29157
2236,5.01204,4.98178,1.533e-04,1.030,0.913,29172
2237,4.85991,4.98178,1.530e-04,1.038,0.912,29180
2238,5.01420,4.98178,1.528e-04,0.979,0.867,29156
2239,4.87533,4.98178,1.526e-04,1.081,0.968,29177
2240,5.08727,4.98178,1.524e-04,0.931,0.780,29161
2241,4.97779,4.98178,1.521e-04,1.044,0.920,29116
2242,4.94269,4.98178,1.519e-04,0.932,0.803,29173
2243,4.67689,4.98178,1.517e-04,1.083,0.959,29143
2244,4.98021,4.98178,1.514e-04,1.043,0.889,29180
2245,4.82324,4.98178,1.512e-04,1.014,0.886,29169
2246,4.89095,4.98178,1.510e-04,0.984,0.854,29175
2247,5.06509,4.98178,1.508e-04,0.990,0.838,29177
2248,4.88257,4.98178,1.505e-04,0.982,0.841,29160
2249,5.05286,4.98178,1.503e-04,1.144,1.013,29182
2250,4.74292,4.92163,1.501e-04,0.964,0.831,8833
2251,4.98078,4.92163,1.499e-04,0.986,0.834,29487
2252,4.73970,4.92163,1.496e-04,1.123,1.004,29159
2253,5.02250,4.92163,1.494e-04,0.941,0.794,29185
2254,5.04078,4.92163,1.492e-04,1.022,0.879,29139
2255,4.94163,4.92163,1.490e-04,1.028,0.907,29163
2256,4.91741,4.92163,1.487e-04,0.954,0.820,29179
2257,4.73769,4.92163,1.485e-04,0.985,0.854,29133
2258,4.83593,4.92163,1.483e-04,0.870,0.726,29169
2259,4.95773,4.92163,1.481e-04,0.917,0.786,29155
2260,4.90491,4.92163,1.478e-04,0.982,0.852,29167
2261,4.88994,4.92163,1.476e-04,1.094,0.976,29068
2262,4.74346,4.92163,1.474e-04,0.971,0.842,29172
2263,5.07465,4.92163,1.472e-04,1.016,0.870,29169
2264,5.03145,4.92163,1.469e-04,1.097,0.981,29164
2265,4.93121,4.92163,1.467e-04,0.995,0.855,29147
2266,4.85794,4.92163,1.465e-04,1.093,0.976,29181
2267,4.95045,4.92163,1.463e-04,0.936,0.803,29154
2268,5.01999,4.92163,1.461e-04,0.945,0.819,29174
2269,4.93750,4.92163,1.458e-04,0.919,0.780,29148
2270,4.82888,4.92163,1.456e-04,1.207,1.088,29180
2271,5.02350,4.92163,1.454e-04,1.053,0.916,29163
2272,4.99557,4.92163,1.452e-04,1.382,1.279,29167
2273,4.94911,4.92163,1.450e-04,1.008,0.878,29181
2274,4.91806,4.92163,1.447e-04,1.077,0.947,29166
2275,5.00362,4.92163,1.445e-04,1.170,1.052,29152
2276,4.92307,4.92163,1.443e-04,1.025,0.891,29176
2277,4.65192,4.92163,1.441e-04,1.177,1.065,29146
2278,4.92531,4.92163,1.439e-04,1.022,0.904,29181
2279,5.01018,4.92163,1.436e-04,0.965,0.844,29150
2280,4.73808,4.92163,1.434e-04,1.092,0.959,29166
2281,4.84316,4.92163,1.432e-04,1.147,1.036,29116
2282,4.95743,4.92163,1.430e-04,0.884,0.754,29179
2283,5.00420,4.92163,1.428e-04,1.025,0.906,29167
2284,4.95637,4.92163,1.425e-04,0.943,0.814,29165
2285,4.90852,4.92163,1.423e-04,0.973,0.849,29156
2286,4.93094,4.92163,1.421e-04,1.291,1.171,29158
2287,4.96302,4.92163,1.419e-04,0.914,0.768,29155
2288,5.00725,4.92163,1.417e-04,1.057,0.936,29159
2289,4.73876,4.92163,1.415e-04,0.931,0.801,29164
2290,5.02386,4.92163,1.412e-04,0.924,0.774,29180
2291,5.03147,4.92163,1.410e-04,0.983,0.862,29157
2292,4.79980,4.92163,1.408e-04,0.919,0.786,29144
2293,5.02703,4.92163,1.406e-04,1.064,0.946,29167
2294,5.00661,4.92163,1.404e-04,0.908,0.762,29164
2295,4.78213,4.92163,1.402e-04,0.965,0.827,29151
2296,4.98010,4.92163,1.399e-04,0.967,0.831,29185
2297,4.71623,4.92163,1.397e-04,0.963,0.834,29162
2298,4.97453,4.92163,1.395e-04,0.944,0.811,29169
2299,4.88630,4.92163,1.393e-04,0.989,0.860,29185
2300,4.88756,4.92163,1.391e-04,1.077,0.959,29162
2301,4.93324,4.92163,1.389e-04,1.143,1.034,29102
2302,4.87213,4.92163,1.387e-04,1.088,0.973,29172
2303,4.94851,4.92163,1.384e-04,0.971,0.824,29164
2304,4.88137,4.92163,1.382e-04,1.049,0.926,29160
2305,4.83087,4.92163,1.380e-04,0.984,0.847,29171
2306,4.81270,4.92163,1.378e-04,1.121,1.004,29160
2307,5.07251,4.92163,1.376e-04,0.989,0.860,29160
2308,4.90008,4.92163,1.374e-04,0.955,0.817,29154
2309,4.95251,4.92163,1.372e-04,1.035,0.909,29170
2310,4.96172,4.92163,1.370e-04,1.288,1.180,29158
2311,4.84126,4.92163,1.367e-04,1.035,0.908,29171
2312,4.97793,4.92163,1.365e-04,1.001,0.877,29156
2313,4.64357,4.92163,1.363e-04,0.912,0.783,29164
2314,4.84718,4.92163,1.361e-04,1.009,0.872,29135
2315,4.96445,4.92163,1.359e-04,0.948,0.815,29171
2316,4.91708,4.92163,1.357e-04,0.902,0.764,29159
2317,4.94149,4.92163,1.355e-04,0.898,0.759,29157
2318,4.91549,4.92163,1.353e-04,0.890,0.755,29154
2319,4.97277,4.92163,1.351e-04,0.930,0.792,29146
2320,4.80985,4.92163,1.348e-04,1.005,0.878,29160
2321,4.64286,4.92163,1.346e-04,1.198,1.079,29117
2322,4.97912,4.92163,1.344e-04,0.988,0.838,29159
2323,5.01174,4.92163,1.342e-04,1.130,1.006,29159
2324,4.84382,4.92163,1.340e-04,0.959,0.817,29163
2325,4.81512,4.92163,1.338e-04,1.209,1.094,29151
2326,4.91117,4.92163,1.336e-04,0.992,0.866,29147
2327,4.74610,4.92163,1.334e-04,1.001,0.867,29163
2328,4.83180,4.92163,1.332e-04,1.037,0.900,29165
2329,5.01832,4.92163,1.330e-04,0.941,0.781,29170
2330,4.99878,4.92163,1.328e-04,1.005,0.841,29160
2331,4.84603,4.92163,1.326e-04,1.010,0.899,29157
2332,5.02562,4.92163,1.324e-04,1.092,0.954,29162
2333,4.77134,4.92163,1.321e-04,0.996,0.856,29169
2334,4.96791,4.92163,1.319e-04,0.924,0.779,29187
2335,4.81650,4.92163,1.317e-04,1.106,0.971,29175
2336,4.91422,4.92163,1.315e-04,0.967,0.823,29159
2337,4.93543,4.92163,1.313e-04,1.017,0.877,29190
2338,5.08834,4.92163,1.311e-04,1.073,0.946,29147
2339,4.89767,4.92163,1.309e-04,1.034,0.897,29142
2340,4.89867,4.92163,1.307e-04,0.991,0.865,29180
2341,4.88442,4.92163,1.305e-04,1.020,0.885,29099
2342,4.76349,4.92163,1.303e-04,1.238,1.142,29192
2343,4.77204,4.92163,1.301e-04,0.956,0.817,29163
2344,4.96817,4.92163,1.299e-04,1.058,0.924,29143
2345,4.75790,4.92163,1.297e-04,1.207,1.097,29169
2346,4.94448,4.92163,1.295e-04,0.991,0.853,29136
2347,5.01380,4.92163,1.293e-04,1.429,1.328,29159
2348,4.88633,4.92163,1.291e-04,1.063,0.945,29173
2349,4.68549,4.92163,1.289e-04,1.019,0.889,29160
2350,5.02060,4.92163,1.287e-04,0.977,0.839,29169
2351,4.79339,4.92163,1.285e-04,1.167,1.061,29167
2352,4.99521,4.92163,1.283e-04,1.051,0.922,29156
2353,4.78381,4.92163,1.281e-04,1.038,0.897,29153
2354,5.10420,4.92163,1.279e-04,1.021,0.897,29167
2355,5.02733,4.92163,1.277e-04,1.081,0.956,29158
2356,4.71168,4.92163,1.275e-04,1.027,0.893,29165
2357,4.85625,4.92163,1.273e-04,1.026,0.883,29168
2358,4.96742,4.92163,1.271e-04,0.909,0.774,29157
2359,4.90881,4.92163,1.269e-04,1.017,0.885,29164
2360,4.65240,4.92163,1.267e-04,1.060,0.942,29152
2361,4.81657,4.92163,1.265e-04,1.075,0.945,29132
2362,5.03975,4.92163,1.263e-04,1.234,1.098,29179
2363,5.10254,4.92163,1.261e-04,1.012,0.875,29139
2364,4.98415,4.92163,1.259e-04,1.674,1.586,29173
2365,4.83205,4.92163,1.257e-04,1.193,1.076,29149
2366,4.61697,4.92163,1.255e-04,1.105,0.983,29158
2367,4.87539,4.92163,1.253e-04,1.276,1.177,29155
2368,4.79957,4.92163,1.251e-04,1.130,1.013,29136
2369,4.74164,4.92163,1.249e-04,1.336,1.234,29147
2370,4.94038,4.92163,1.247e-04,1.357,1.247,29160
2371,4.78140,4.92163,1.245e-04,0.944,0.806,29141
2372,4.96476,4.92163,1.243e-04,1.093,0.960,29157
2373,4.78843,4.92163,1.241e-04,0.986,0.858,29163
2374,4.86038,4.92163,1.239e-04,0.915,0.766,29159
2375,4.89711,4.92163,1.237e-04,0.934,0.790,29161
2376,5.02947,4.92163,1.235e-04,1.053,0.915,29163
2377,5.01806,4.92163,1.233e-04,1.021,0.890,29160
2378,5.04224,4.92163,1.231e-04,0.917,0.767,29186
2379,4.65978,4.92163,1.229e-04,1.016,0.889,29138
2380,4.95387,4.92163,1.227e-04,1.013,0.847,29181
2381,4.89596,4.92163,1.225e-04,1.052,0.923,29115
2382,4.88472,4.92163,1.223e-04,0.955,0.818,29166
2383,4.88386,4.92163,1.222e-04,0.971,0.827,29166
2384,4.98494,4.92163,1.220e-04,1.082,0.952,29146
2385,5.03181,4.92163,1.218e-04,0.970,0.823,29183
2386,4.74699,4.92163,1.216e-04,0.900,0.755,29140
2387,4.94942,4.92163,1.214e-04,1.017,0.876,29164
2388,4.92962,4.92163,1.212e-04,0.896,0.746,29156
2389,4.87384,4.92163,1.210e-04,1.040,0.882,29186
2390,4.97063,4.92163,1.208e-04,1.018,0.864,29162
2391,4.94567,4.92163,1.206e-04,0.998,0.847,29177
2392,5.09168,4.92163,1.204e-04,0.970,0.831,29185
2393,4.88923,4.92163,1.202e-04,1.177,1.046,29168
2394,4.80673,4.92163,1.200e-04,1.148,1.018,29170
2395,4.98208,4.92163,1.199e-04,1.048,0.894,29155
2396,4.99408,4.92163,1.197e-04,1.107,0.973,29153
2397,4.99886,4.92163,1.195e-04,1.059,0.939,29166
2398,5.01900,4.92163,1.193e-04,1.043,0.903,29154
2399,4.89608,4.92163,1.191e-04,0.985,0.855,29171
2400,4.96925,4.92163,1.189e-04,0.956,0.812,29156
2401,4.88066,4.92163,1.187e-04,0.905,0.768,29108
2402,4.74992,4.92163,1.185e-04,0.975,0.839,29170
2403,4.95920,4.92163,1.183e-04,0.928,0.797,29165
2404,5.01244,4.92163,1.182e-04,1.016,0.875,29134
2405,4.91999,4.92163,1.180e-04,1.148,1.028,29186
2406,4.91432,4.92163,1.178e-04,1.021,0.894,29153
2407,4.76751,4.92163,1.176e-04,1.035,0.904,29181
2408,4.93979,4.92163,1.174e-04,1.021,0.883,29153
2409,4.72708,4.92163,1.172e-04,1.405,1.309,29172
2410,4.92063,4.92163,1.170e-04,1.059,0.924,29155
2411,4.93859,4.92163,1.168e-04,0.948,0.810,29184
2412,4.97677,4.92163,1.167e-04,1.017,0.891,29150
2413,4.85519,4.92163,1.165e-04,1.061,0.927,29149
2414,4.84596,4.92163,1.163e-04,1.343,1.244,29165
2415,4.94095,4.92163,1.161e-04,1.001,0.845,29166
2416,4.93785,4.92163,1.159e-04,1.200,1.061,29164
2417,4.86866,4.92163,1.157e-04,1.281,1.178,29157
2418,4.72884,4.92163,1.155e-04,0.944,0.808,29174
2419,5.11372,4.92163,1.154e-04,1.183,1.038,29171
2420,4.84147,4.92163,1.152e-04,1.367,1.248,29146
2421,4.89402,4.92163,1.150e-04,1.227,1.109,29101
2422,4.88376,4.92163,1.148e-04,1.018,0.894,29158
2423,4.78955,4.92163,1.146e-04,1.099,0.991,29152
2424,4.83089,4.92163,1.144e-04,1.132,1.017,29152
2425,4.86031,4.92163,1.143e-04,1.118,0.962,29163
2426,4.83260,4.92163,1.141e-04,1.152,1.043,29161
2427,4.90054,4.92163,1.139e-04,1.281,1.164,29178
2428,5.04036,4.92163,1.137e-04,1.134,1.020,29143
2429,4.88543,4.92163,1.135e-04,1.132,1.015,29172
2430,4.71796,4.92163,1.134e-04,1.033,0.904,29156
2431,4.73898,4.92163,1.132e-04,1.041,0.901,29182
2432,4.92060,4.92163,1.130e-04,0.974,0.823,29157
2433,4.88766,4.92163,1.128e-04,1.035,0.905,29154
2434,4.69456,4.92163,1.126e-04,0.999,0.860,29175
2435,4.95093,4.92163,1.125e-04,0.928,0.782,29148
2436,4.90902,4.92163,1.123e-04,1.079,0.954,29173
2437,4.85008,4.92163,1.121e-04,1.072,0.957,29166
2438,4.63211,4.92163,1.119e-04,1.036,0.923,29153
2439,4.93560,4.92163,1.117e-04,0.971,0.841,29181
2440,4.85743,4.92163,1.116e-04,1.085,0.963,29167
2441,4.88467,4.92163,1.114e-04,1.080,0.950,29105
2442,4.85284,4.92163,1.112e-04,0.977,0.839,29179
2443,4.93488,4.92163,1.110e-04,1.134,1.012,29140
2444,5.03220,4.92163,1.109e-04,1.021,0.878,29157
2445,4.92126,4.92163,1.107e-04,1.227,1.096,29170
2446,4.98812,4.92163,1.105e-04,1.099,0.972,29176
2447,4.78364,4.92163,1.103e-04,1.124,1.002,29161
2448,4.75897,4.92163,1.101e-04,1.251,1.137,29157
2449,4.96502,4.92163,1.100e-04,1.057,0.924,29167
2450,4.94023,4.92163,1.098e-04,1.153,1.029,29158
2451,4.91857,4.92163,1.096e-04,1.015,0.853,29186
2452,4.87342,4.92163,1.094e-04,1.234,1.123,29176
2453,4.78560,4.92163,1.093e-04,1.183,1.076,29143
2454,4.95114,4.92163,1.091e-04,1.153,1.011,29172
2455,4.76772,4.92163,1.089e-04,1.106,0.973,29159
2456,4.90071,4.92163,1.088e-04,0.930,0.775,29174
2457,4.75346,4.92163,1.086e-04,1.010,0.865,29163
2458,4.83370,4.92163,1.084e-04,1.085,0.951,29159
2459,4.95424,4.92163,1.082e-04,1.539,1.440,29147
2460,4.86529,4.92163,1.081e-04,1.263,1.157,29176
2461,4.84825,4.92163,1.079e-04,0.991,0.846,29109
2462,4.82350,4.92163,1.077e-04,1.453,1.366,29170
2463,4.97249,4.92163,1.075e-04,1.437,1.346,29153
2464,4.92340,4.92163,1.074e-04,1.297,1.178,29160
2465,4.91084,4.92163,1.072e-04,1.045,0.908,29174
2466,4.86529,4.92163,1.070e-04,1.309,1.188,29157
2467,4.81352,4.92163,1.069e-04,1.163,1.055,29158
2468,4.83286,4.92163,1.067e-04,1.004,0.864,29167
2469,4.95078,4.92163,1.065e-04,1.081,0.937,29148
2470,4.90065,4.92163,1.063e-04,1.356,1.261,29186
2471,4.86517,4.92163,1.062e-04,1.299,1.188,29185
2472,4.90452,4.92163,1.060e-04,1.011,0.873,29143
2473,5.01501,4.92163,1.058e-04,1.342,1.227,29161
2474,4.75194,4.92163,1.057e-04,1.159,1.031,29164
2475,4.81341,4.92163,1.055e-04,1.110,0.991,29130
2476,4.97271,4.92163,1.053e-04,1.234,1.129,29183
2477,4.80222,4.92163,1.052e-04,1.115,0.989,29156
2478,4.88571,4.92163,1.050e-04,1.004,0.870,29177
2479,4.86312,4.92163,1.048e-04,1.071,0.956,29145
2480,4.78535,4.92163,1.047e-04,1.138,1.019,29166
2481,4.73606,4.92163,1.045e-04,1.196,1.086,29130
2482,4.89142,4.92163,1.043e-04,1.222,1.111,29140
2483,5.00241,4.92163,1.042e-04,1.197,1.063,29165
2484,4.85118,4.92163,1.040e-04,1.044,0.918,29160
2485,4.94452,4.92163,1.038e-04,1.113,1.000,29181
2486,4.88017,4.92163,1.037e-04,1.241,1.141,29149
2487,4.76414,4.92163,1.035e-04,1.000,0.849,29177
2488,4.94771,4.92163,1.033e-04,0.970,0.837,29160
2489,4.76015,4.92163,1.032e-04,1.108,0.984,29163
2490,4.92909,4.92163,1.030e-04,0.955,0.814,29159
2491,4.88366,4.92163,1.028e-04,1.066,0.933,29160
2492,4.84478,4.92163,1.027e-04,0.942,0.794,29149
2493,4.57653,4.92163,1.025e-04,1.013,0.876,29143
2494,5.13959,4.92163,1.024e-04,0.962,0.806,29175
2495,4.92981,4.92163,1.022e-04,0.971,0.816,29159
2496,4.74111,4.92163,1.020e-04,1.013,0.868,29163
2497,4.74833,4.92163,1.019e-04,1.024,0.888,29175
2498,4.81634,4.92163,1.017e-04,1.088,0.960,29152
2499,4.84043,4.92163,1.015e-04,1.008,0.874,29168
2500,4.88457,4.87398,1.014e-04,1.105,0.972,8829
2501,4.82450,4.87398,1.012e-04,1.052,0.918,29476
2502,5.06769,4.87398,1.011e-04,1.050,0.917,29183
2503,4.83860,4.87398,1.009e-04,1.027,0.882,29142
2504,4.92992,4.87398,1.007e-04,1.456,1.350,29164
2505,4.78635,4.87398,1.006e-04,1.034,0.903,29191
2506,4.70833,4.87398,1.004e-04,0.930,0.783,29153
2507,4.71445,4.87398,1.003e-04,0.967,0.825,29171
2508,4.92960,4.87398,1.001e-04,1.140,0.999,29171
2509,4.87593,4.87398,9.995e-05,1.040,0.906,29166
2510,4.94712,4.87398,9.979e-05,1.034,0.897,29184
2511,4.86197,4.87398,9.963e-05,1.078,0.943,29162
2512,4.84220,4.87398,9.947e-05,1.007,0.855,29140
2513,4.88946,4.87398,9.931e-05,1.079,0.927,29189
2514,4.89687,4.87398,9.916e-05,1.098,0.972,29169
2515,4.86248,4.87398,9.900e-05,1.039,0.872,29160
2516,4.73605,4.87398,9.884e-05,1.105,0.974,29155
2517,4.91484,4.87398,9.869e-05,1.015,0.858,29168
2518,4.92828,4.87398,9.853e-05,1.083,0.928,29151
2519,4.84181,4.87398,9.837e-05,1.022,0.875,29165
2520,4.96486,4.87398,9.822e-05,1.061,0.913,29162
2521,4.96710,4.87398,9.806e-05,1.052,0.886,29140
2522,4.96417,4.87398,9.791e-05,1.000,0.860,29153
2523,4.98861,4.87398,9.775e-05,1.013,0.875,29142
2524,5.00799,4.87398,9.760e-05,1.046,0.902,29180
2525,4.83727,4.87398,9.745e-05,1.023,0.879,29153
2526,4.89580,4.87398,9.729e-05,1.303,1.191,29132
2527,4.92756,4.87398,9.714e-05,1.109,0.975,29183
2528,4.88715,4.87398,9.699e-05,1.122,0.987,29148
2529,5.06545,4.87398,9.683e-05,1.169,1.036,29189
2530,5.02196,4.87398,9.668e-05,1.012,0.883,29160
2531,4.85824,4.87398,9.653e-05,1.152,1.036,29172
2532,4.85807,4.87398,9.638e-05,1.118,0.995,29163
2533,4.80903,4.87398,9.622e-05,0.935,0.795,29186
2534,4.99626,4.87398,9.607e-05,1.033,0.904,29143
2535,4.87030,4.87398,9.592e-05,0.952,0.819,29178
2536,4.83356,4.87398,9.577e-05,1.224,1.094,29163
2537,4.77206,4.87398,9.562e-05,1.376,1.273,29131
2538,4.86954,4.87398,9.547e-05,1.363,1.265,29183
2539,4.85575,4.87398,9.532e-05,1.021,0.884,29147
2540,4.66743,4.87398,9.517e-05,1.126,0.994,29174
2541,4.69183,4.87398,9.502e-05,1.355,1.247,29121
2542,4.81527,4.87398,9.487e-05,1.015,0.876,29160
2543,4.82984,4.87398,9.472e-05,1.093,0.960,29175
2544,4.98363,4.87398,9.457e-05,0.944,0.792,29169
2545,4.91141,4.87398,9.443e-05,0.966,0.830,29144
2546,4.79998,4.87398,9.428e-05,0.925,0.784,29163
2547,4.70345,4.87398,9.413e-05,1.068,0.944,29168
2548,4.84223,4.87398,9.398e-05,0.990,0.855,29160
2549,4.90530,4.87398,9.384e-05,0.993,0.845,29160
2550,4.72494,4.87398,9.369e-05,1.143,1.031,29167
2551,4.90356,4.87398,9.354e-05,1.142,1.009,29162
2552,4.88759,4.87398,9.340e-05,0.982,0.831,29175
2553,4.81627,4.87398,9.325e-05,1.291,1.178,29135
2554,4.83736,4.87398,9.311e-05,1.271,1.157,29178
2555,4.92304,4.87398,9.296e-05,1.045,0.897,29187
2556,4.88937,4.87398,9.282e-05,1.146,1.014,29155
2557,5.07919,4.87398,9.267e-05,1.287,1.167,29186
2558,4.90261,4.87398,9.253e-05,1.127,0.985,29146
2559,4.87332,4.87398,9.238e-05,1.016,0.873,29176
2560,4.99456,4.87398,9.224e-05,0.911,0.768,29164
2561,5.05180,4.87398,9.210e-05,1.000,0.855,29106
2562,4.99251,4.87398,9.195e-05,1.375,1.259,29178
2563,4.88476,4.87398,9.181e-05,0.947,0.799,29169
2564,4.88912,4.87398,9.167e-05,0.969,0.833,29148
2565,4.85377,4.87398,9.153e-05,1.267,1.166,29191
2566,4.86710,4.87398,9.138e-05,1.089,0.972,29150
2567,4.92049,4.87398,9.124e-05,1.035,0.890,29168
2568,4.85425,4.87398,9.110e-05,1.056,0.910,29167
2569,4.91777,4.87398,9.096e-05,1.043,0.896,29166
2570,4.86698,4.87398,9.082e-05,1.040,0.896,29147
2571,4.77142,4.87398,9.068e-05,0.927,0.791,29167
2572,4.83196,4.87398,9.054e-05,0.982,0.831,29143
2573,4.92934,4.87398,9.040e-05,0.977,0.828,29163
2574,4.86025,4.87398,9.026e-05,1.046,0.905,29171
2575,4.97986,4.87398,9.012e-05,1.037,0.891,29169
2576,5.06721,4.87398,8.998e-05,0.988,0.827,29185
2577,4.88497,4.87398,8.984e-05,1.167,1.031,29143
2578,4.77174,4.87398,8.970e-05,0.979,0.832,29183
2579,5.08305,4.87398,8.957e-05,1.133,0.984,29144
2580,5.12044,4.87398,8.943e-05,1.120,0.962,29172
2581,4.91943,4.87398,8.929e-05,1.015,0.848,29095
2582,4.95013,4.87398,8.915e-05,0.986,0.845,29155
2583,4.86616,4.87398,8.902e-05,1.131,1.005,29171
2584,4.95467,4.87398,8.888e-05,0.989,0.834,29157
2585,4.90614,4.87398,8.874e-05,1.010,0.856,29177
2586,4.81745,4.87398,8.861e-05,1.145,1.011,29157
2587,4.80544,4.87398,8.847e-05,1.139,1.002,29137
2588,4.85029,4.87398,8.834e-05,0.995,0.858,29182
2589,4.76653,4.87398,8.820e-05,0.993,0.856,29186
2590,4.94832,4.87398,8.807e-05,1.057,0.897,29165
2591,4.87917,4.87398,8.793e-05,1.186,1.061,29132
2592,4.65091,4.87398,8.780e-05,1.042,0.908,29164
2593,4.85626,4.87398,8.767e-05,1.198,1.075,29176
2594,4.89188,4.87398,8.753e-05,0.988,0.842,29170
2595,4.85207,4.87398,8.740e-05,1.094,0.937,29165
2596,4.91118,4.87398,8.727e-05,1.143,1.017,29177
2597,4.85160,4.87398,8.713e-05,1.083,0.942,29160
2598,4.76724,4.87398,8.700e-05,1.110,0.960,29165
2599,4.98679,4.87398,8.687e-05,1.116,0.985,29178
2600,4.93130,4.87398,8.674e-05,1.026,0.880,29168
2601,4.83516,4.87398,8.661e-05,0.931,0.784,29119
2602,4.85903,4.87398,8.648e-05,1.381,1.282,29193
2603,4.82266,4.87398,8.635e-05,1.033,0.891,29168
2604,4.68754,4.87398,8.622e-05,1.059,0.906,29166
2605,4.64343,4.87398,8.609e-05,1.011,0.875,29130
2606,4.84492,4.87398,8.596e-05,1.051,0.894,29175
2607,4.95468,4.87398,8.583e-05,1.318,1.187,29163
2608,4.84299,4.87398,8.570e-05,1.082,0.936,29167
2609,4.92570,4.87398,8.557e-05,1.062,0.916,29167
2610,4.90017,4.87398,8.544e-05,1.021,0.872,29159
2611,4.95177,4.87398,8.531e-05,1.023,0.871,29137
2612,4.82521,4.87398,8.518e-05,0.971,0.818,29177
2613,5.00496,4.87398,8.506e-05,1.045,0.882,29164
2614,4.92681,4.87398,8.493e-05,0.969,0.818,29185
2615,5.07437,4.87398,8.480e-05,1.003,0.855,29158
2616,5.00596,4.87398,8.467e-05,0.939,0.797,29173
2617,4.77644,4.87398,8.455e-05,1.045,0.889,29175
2618,4.76105,4.87398,8.442e-05,1.087,0.939,29156
2619,4.82533,4.87398,8.430e-05,1.010,0.884,29151
2620,4.91797,4.87398,8.417e-05,1.095,0.955,29145
2621,4.92082,4.87398,8.405e-05,1.075,0.922,29125
2622,4.86798,4.87398,8.392e-05,1.063,0.909,29183
2623,4.94567,4.87398,8.380e-05,1.011,0.863,29163
2624,4.92156,4.87398,8.367e-05,1.029,0.879,29170
2625,4.87455,4.87398,8.355e-05,1.000,0.852,29172
2626,4.83389,4.87398,8.342e-05,1.074,0.939,29156
2627,4.97018,4.87398,8.330e-05,1.027,0.876,29179
2628,4.77170,4.87398,8.318e-05,1.068,0.937,29139
2629,4.77567,4.87398,8.306e-05,1.152,1.019,29171
2630,4.99317,4.87398,8.293e-05,1.044,0.875,29146
2631,4.86851,4.87398,8.281e-05,1.001,0.863,29174
2632,4.80595,4.87398,8.269e-05,0.945,0.804,29168
2633,4.79326,4.87398,8.257e-05,1.049,0.921,29140
2634,5.01307,4.87398,8.245e-05,1.026,0.884,29161
2635,4.79263,4.87398,8.233e-05,1.006,0.874,29163
2636,4.73059,4.87398,8.221e-05,1.086,0.957,29149
2637,4.77167,4.87398,8.209e-05,1.049,0.905,29156
2638,4.79050,4.87398,8.197e-05,1.070,0.928,29168
2639,4.88943,4.87398,8.185e-05,1.058,0.909,29163
2640,4.78806,4.87398,8.173e-05,0.981,0.847,29171
2641,4.90316,4.87398,8.161e-05,1.006,0.868,29095
2642,5.03146,4.87398,8.149e-05,1.163,1.028,29168
2643,4.85667,4.87398,8.137e-05,1.094,0.945,29166
2644,5.04640,4.87398,8.125e-05,1.008,0.850,29166
2645,4.93087,4.87398,8.114e-05,1.106,0.981,29169
2646,4.99695,4.87398,8.102e-05,1.194,1.064,29159
2647,4.65143,4.87398,8.090e-05,1.049,0.922,29150
2648,4.86725,4.87398,8.079e-05,1.011,0.858,29125
2649,4.76270,4.87398,8.067e-05,1.132,0.999,29171
2650,4.78421,4.87398,8.055e-05,1.055,0.905,29158
2651,5.02408,4.87398,8.044e-05,0.975,0.821,29148
2652,4.91565,4.87398,8.032e-05,1.040,0.914,29159
2653,4.89124,4.87398,8.021e-05,0.998,0.850,29166
2654,4.84107,4.87398,8.009e-05,1.022,0.881,29144
2655,4.84884,4.87398,7.998e-05,1.063,0.918,29178
2656,4.86904,4.87398,7.986e-05,0.944,0.794,29151
2657,4.81912,4.87398,7.975e-05,0.990,0.860,29143
2658,4.69179,4.87398,7.964e-05,1.106,0.990,29163
2659,4.92322,4.87398,7.952e-05,1.231,1.086,29188
2660,5.06066,4.87398,7.941e-05,1.003,0.833,29137
2661,4.89875,4.87398,7.930e-05,0.963,0.828,29123
2662,5.03157,4.87398,7.918e-05,1.035,0.892,29156
2663,4.92074,4.87398,7.907e-05,1.072,0.941,29186
2664,4.96274,4.87398,7.896e-05,1.023,0.854,29140
2665,4.79308,4.87398,7.885e-05,1.011,0.871,29160
2666,4.78064,4.87398,7.874e-05,0.955,0.810,29173
2667,5.07738,4.87398,7.863e-05,0.979,0.826,29156
2668,4.65325,4.87398,7.852e-05,0.972,0.830,29148
2669,4.90524,4.87398,7.841e-05,2.346,2.247,29181
2670,4.90429,4.87398,7.830e-05,1.020,0.873,29145
2671,4.93075,4.87398,7.819e-05,0.997,0.848,29156
2672,4.95714,4.87398,7.808e-05,1.010,0.874,29175
2673,4.54393,4.87398,7.797e-05,1.043,0.904,29186
2674,5.07535,4.87398,7.786e-05,1.003,0.861,29147
2675,4.92949,4.87398,7.775e-05,0.953,0.820,29167
2676,4.91404,4.87398,7.764e-05,1.002,0.867,29173
2677,4.85659,4.87398,7.754e-05,1.085,0.952,29175
2678,4.96246,4.87398,7.743e-05,1.022,0.883,29162
2679,4.76693,4.87398,7.732e-05,1.043,0.908,29142
2680,4.83354,4.87398,7.722e-05,1.093,0.954,29190
2681,4.96963,4.87398,7.711e-05,1.049,0.906,29116
2682,5.01395,4.87398,7.700e-05,1.001,0.849,29156
2683,4.87984,4.87398,7.690e-05,1.018,0.888,29177
2684,4.83345,4.87398,7.679e-05,1.185,1.054,29183
2685,4.84266,4.87398,7.669e-05,1.167,1.005,29176
2686,4.75583,4.87398,7.658e-05,1.054,0.903,29158
2687,4.91991,4.87398,7.648e-05,0.997,0.871,29158
2688,4.89917,4.87398,7.638e-05,0.989,0.849,29178
2689,4.87924,4.87398,7.627e-05,1.074,0.917,29176
2690,4.97908,4.87398,7.617e-05,1.008,0.854,29154
2691,4.86940,4.87398,7.606e-05,1.031,0.881,29177
2692,4.95094,4.87398,7.596e-05,1.005,0.867,29181
2693,4.80487,4.87398,7.586e-05,0.982,0.846,29138
2694,4.73245,4.87398,7.576e-05,1.004,0.868,29171
2695,5.08652,4.87398,7.566e-05,1.088,0.951,29181
2696,4.86775,4.87398,7.555e-05,1.139,1.004,29153
2697,4.80831,4.87398,7.545e-05,0.934,0.791,29179
2698,4.78252,4.87398,7.535e-05,1.124,0.992,29153
2699,4.82180,4.87398,7.525e-05,0.983,0.845,29156
2700,4.72150,4.87398,7.515e-05,1.157,1.031,29167
2701,4.94543,4.87398,7.505e-05,1.184,1.045,29124
2702,4.65399,4.87398,7.495e-05,0.989,0.846,29158
2703,4.74430,4.87398,7.485e-05,1.009,0.859,29156
2704,4.86247,4.87398,7.475e-05,1.194,1.060,29159
2705,4.95888,4.87398,7.466e-05,1.001,0.841,29158
2706,4.63479,4.87398,7.456e-05,1.144,1.033,29157
2707,4.86430,4.87398,7.446e-05,0.993,0.852,29185
2708,5.03698,4.87398,7.436e-05,1.258,1.120,29161
2709,4.87724,4.87398,7.426e-05,1.025,0.871,29156
2710,4.84898,4.87398,7.417e-05,0.975,0.831,29159
2711,4.79608,4.87398,7.407e-05,0.914,0.773,29166
2712,4.75771,4.87398,7.397e-05,0.991,0.847,29157
2713,4.76016,4.87398,7.388e-05,1.079,0.936,29162
2714,4.88689,4.87398,7.378e-05,1.112,0.958,29161
2715,4.78378,4.87398,7.369e-05,1.008,0.864,29159
2716,4.64753,4.87398,7.359e-05,0.984,0.837,29174
2717,4.98164,4.87398,7.350e-05,0.994,0.837,29165
2718,4.91497,4.87398,7.340e-05,0.994,0.857,29174
2719,4.65013,4.87398,7.331e-05,1.048,0.906,29167
2720,4.85764,4.87398,7.321e-05,1.179,1.054,29155
2721,5.04131,4.87398,7.312e-05,1.010,0.861,29104
2722,4.82524,4.87398,7.303e-05,1.147,1.025,29151
2723,4.71328,4.87398,7.294e-05,1.123,0.994,29178
2724,4.69351,4.87398,7.284e-05,1.068,0.906,29164
2725,4.74638,4.87398,7.275e-05,0.979,0.823,29158
2726,4.89058,4.87398,7.266e-05,1.097,0.963,29185
2727,4.92189,4.87398,7.257e-05,0.901,0.755,29157
2728,4.84624,4.87398,7.248e-05,0.937,0.799,29164
2729,4.92025,4.87398,7.239e-05,1.142,1.007,29169
2730,4.90244,4.87398,7.229e-05,0.950,0.806,29185
2731,4.86072,4.87398,7.220e-05,0.994,0.847,29163
2732,4.82866,4.87398,7.211e-05,1.120,0.981,29158
2733,4.68270,4.87398,7.203e-05,1.187,1.051,29158
2734,4.68571,4.87398,7.194e-05,1.048,0.886,29160
2735,4.89267,4.87398,7.185e-05,0.952,0.801,29168
2736,4.90366,4.87398,7.176e-05,1.053,0.911,29167
2737,4.77380,4.87398,7.167e-05,1.078,0.916,29152
2738,4.91474,4.87398,7.158e-05,1.033,0.884,29170
2739,4.97851,4.87398,7.149e-05,1.093,0.905,29159
2740,4.64658,4.87398,7.141e-05,1.022,0.888,29167
2741,4.93565,4.87398,7.132e-05,1.013,0.864,29123
2742,4.82334,4.87398,7.123e-05,1.033,0.886,29166
2743,4.89170,4.87398,7.115e-05,0.980,0.839,29185
2744,4.97298,4.87398,7.106e-05,1.057,0.899,29166
2745,4.73842,4.87398,7.098e-05,1.010,0.857,29142
2746,4.94224,4.87398,7.089e-05,0.952,0.809,29162
2747,4.85569,4.87398,7.081e-05,1.022,0.861,29146
2748,4.88355,4.87398,7.072e-05,0.997,0.844,29156
2749,4.80545,4.87398,7.064e-05,0.927,0.772,29175
2750,4.85190,4.84417,7.055e-05,1.006,0.862,8833
2751,4.81334,4.84417,7.047e-05,1.173,1.040,29493
2752,4.75833,4.84417,7.039e-05,1.089,0.945,29156
2753,4.89727,4.84417,7.030e-05,1.120,0.982,29154
2754,4.80147,4.84417,7.022e-05,1.133,1.003,29182
2755,4.97924,4.84417,7.014e-05,1.065,0.924,29139
2756,4.69416,4.84417,7.006e-05,1.196,1.060,29176
2757,4.79465,4.84417,6.997e-05,1.075,0.922,29168
2758,4.82713,4.84417,6.989e-05,0.985,0.841,29148
2759,4.84308,4.84417,6.981e-05,1.110,0.979,29164
2760,4.79569,4.84417,6.973e-05,1.088,0.946,29173
2761,4.93393,4.84417,6.965e-05,0.976,0.821,29133
2762,4.68636,4.84417,6.957e-05,1.043,0.906,29176
2763,4.84613,4.84417,6.949e-05,0.991,0.827,29165
2764,4.83001,4.84417,6.941e-05,0.958,0.813,29155
2765,4.88955,4.84417,6.933e-05,1.032,0.907,29180
2766,4.62596,4.84417,6.925e-05,1.084,0.950,29152
2767,4.83876,4.84417,6.917e-05,1.130,0.973,29162
2768,4.82188,4.84417,6.910e-05,1.103,0.946,29169
2769,4.82295,4.84417,6.902e-05,1.152,1.009,29168
2770,4.86460,4.84417,6.894e-05,0.995,0.835,29158
2771,4.89707,4.84417,6.886e-05,1.035,0.898,29140
2772,4.74236,4.84417,6.879e-05,0.981,0.822,29162
2773,4.73746,4.84417,6.871e-05,0.996,0.849,29169
2774,4.73445,4.84417,6.863e-05,1.133,1.001,29168
2775,4.82430,4.84417,6.856e-05,1.021,0.876,29165
2776,4.88796,4.84417,6.848e-05,1.203,1.074,29156
2777,4.72374,4.84417,6.841e-05,1.044,0.897,29167
2778,4.78229,4.84417,6.833e-05,1.106,0.970,29173
2779,4.99332,4.84417,6.826e-05,1.063,0.908,29122
2780,4.70270,4.84417,6.818e-05,1.000,0.870,29160
2781,4.96074,4.84417,6.811e-05,0.967,0.812,29128
2782,4.76980,4.84417,6.804e-05,0.995,0.845,29155
2783,4.93059,4.84417,6.796e-05,1.034,0.895,29192
2784,4.90063,4.84417,6.789e-05,0.936,0.800,29152
2785,4.71909,4.84417,6.782e-05,1.017,0.857,29176
2786,4.82913,4.84417,6.775e-05,0.976,0.826,29143
2787,4.86367,4.84417,6.767e-05,1.007,0.856,29155
2788,4.83424,4.84417,6.760e-05,1.092,0.952,29157
2789,4.94159,4.84417,6.753e-05,0.935,0.785,29175
2790,4.74602,4.84417,6.746e-05,0.995,0.854,29121
2791,4.97156,4.84417,6.739e-05,1.070,0.930,29161
2792,4.64258,4.84417,6.732e-05,0.948,0.804,29177
2793,4.81927,4.84417,6.725e-05,1.038,0.893,29149
2794,4.87367,4.84417,6.718e-05,1.002,0.870,29191
2795,4.76120,4.84417,6.711e-05,1.034,0.897,29151
2796,4.76239,4.84417,6.704e-05,1.016,0.877,29170
2797,4.79852,4.84417,6.697e-05,0.934,0.787,29181
2798,4.91617,4.84417,6.690e-05,1.040,0.896,29173
2799,4.83339,4.84417,6.684e-05,1.023,0.879,29164
2800,4.85280,4.84417,6.677e-05,0.981,0.840,29148
2801,4.78324,4.84417,6.670e-05,1.016,0.880,29127
2802,4.72519,4.84417,6.664e-05,1.133,1.013,29151
2803,4.90492,4.84417,6.657e-05,1.069,0.904,29152
2804,4.68661,4.84417,6.650e-05,1.026,0.892,29080
2805,4.91487,4.84417,6.644e-05,0.997,0.831,29187
2806,4.83562,4.84417,6.637e-05,1.102,0.960,29169
2807,4.84274,4.84417,6.631e-05,1.041,0.893,29162
2808,4.79038,4.84417,6.624e-05,1.050,0.916,29162
2809,4.84095,4.84417,6.618e-05,1.007,0.862,29151
2810,4.88103,4.84417,6.611e-05,0.951,0.801,29155
2811,4.81108,4.84417,6.605e-05,1.527,1.420,29159
2812,4.90166,4.84417,6.598e-05,1.124,0.968,29150
2813,4.83797,4.84417,6.592e-05,0.923,0.778,29138
2814,4.85773,4.84417,6.586e-05,1.036,0.879,29168
2815,4.84029,4.84417,6.580e-05,1.042,0.907,29145
2816,4.93375,4.84417,6.573e-05,1.017,0.863,29166
2817,4.78183,4.84417,6.567e-05,1.041,0.910,29151
2818,4.99418,4.84417,6.561e-05,1.076,0.919,29029
2819,4.69246,4.84417,6.555e-05,1.074,0.931,28719
2820,4.68087,4.84417,6.549e-05,1.209,1.092,28805
2821,4.73823,4.84417,6.543e-05,0.940,0.796,28726
2822,4.65669,4.84417,6.537e-05,1.053,0.917,28767
2823,4.95104,4.84417,6.531e-05,1.099,0.964,28893
2824,4.95272,4.84417,6.525e-05,1.048,0.910,29169
2825,4.91099,4.84417,6.519e-05,1.041,0.883,29132
2826,4.64392,4.84417,6.513e-05,1.039,0.897,29154
2827,4.70146,4.84417,6.507e-05,1.009,0.859,29120
2828,4.75350,4.84417,6.501e-05,1.081,0.933,28778
2829,5.01503,4.84417,6.495e-05,1.025,0.868,28793
2830,4.87369,4.84417,6.490e-05,1.193,1.070,28813
2831,4.76387,4.84417,6.484e-05,1.022,0.887,28758
2832,4.91382,4.84417,6.478e-05,1.058,0.891,28730
2833,4.87239,4.84417,6.473e-05,1.202,1.067,29173
2834,4.72003,4.84417,6.467e-05,1.152,1.026,29120
2835,4.80991,4.84417,6.461e-05,1.036,0.900,29125
2836,4.95322,4.84417,6.456e-05,1.077,0.933,29150
2837,4.81563,4.84417,6.450e-05,1.195,1.023,29123
2838,5.01231,4.84417,6.445e-05,1.005,0.861,29157
2839,4.82939,4.84417,6.439e-05,0.956,0.806,29151
2840,4.84824,4.84417,6.434e-05,1.233,1.123,29160
2841,4.81674,4.84417,6.429e-05,1.375,1.257,29083
2842,4.68523,4.84417,6.423e-05,0.986,0.828,28749
2843,4.84554,4.84417,6.418e-05,0.957,0.807,28769
2844,4.91489,4.84417,6.413e-05,1.176,1.035,28791
2845,4.79707,4.84417,6.407e-05,1.146,1.002,28764
2846,4.79404,4.84417,6.402e-05,1.017,0.866,28739
2847,4.83150,4.84417,6.397e-05,1.060,0.908,28775
2848,4.98188,4.84417,6.392e-05,1.144,1.002,28761
2849,4.76509,4.84417,6.387e-05,1.076,0.938,28750
2850,4.78485,4.84417,6.381e-05,1.040,0.895,28734
2851,4.80697,4.84417,6.376e-05,1.109,0.974,29121
2852,4.81114,4.84417,6.371e-05,1.119,0.955,29140
2853,4.72006,4.84417,6.366e-05,1.043,0.898,29151
2854,4.76587,4.84417,6.361e-05,1.069,0.922,29190
2855,4.68910,4.84417,6.357e-05,1.019,0.874,29123
2856,4.87573,4.84417,6.352e-05,1.096,0.928,28778
2857,4.68356,4.84417,6.347e-05,1.039,0.910,28769
2858,4.94518,4.84417,6.342e-05,1.096,0.958,28776
2859,4.61262,4.84417,6.337e-05,1.034,0.882,28770
2860,4.88431,4.84417,6.332e-05,1.043,0.888,28855
2861,5.10517,4.84417,6.328e-05,1.013,0.866,29133
2862,4.73496,4.84417,6.323e-05,0.976,0.822,29144
2863,4.94841,4.84417,6.318e-05,0.966,0.819,29152
2864,4.77726,4.84417,6.314e-05,0.977,0.834,29171
2865,4.66891,4.84417,6.309e-05,1.050,0.918,29164
2866,4.81938,4.84417,6.305e-05,1.040,0.883,29140
2867,4.70699,4.84417,6.300e-05,1.050,0.896,29172
2868,4.78546,4.84417,6.296e-05,0.965,0.810,29186
2869,4.87574,4.84417,6.291e-05,1.082,0.920,29109
2870,4.85951,4.84417,6.287e-05,1.048,0.907,28736
2871,4.69737,4.84417,6.282e-05,1.009,0.854,28739
2872,4.83766,4.84417,6.278e-05,1.026,0.878,28803
2873,4.83427,4.84417,6.274e-05,1.632,1.516,28753
2874,4.85793,4.84417,6.269e-05,1.238,1.107,28850
2875,4.75614,4.84417,6.265e-05,1.110,0.939,29137
2876,4.89047,4.84417,6.261e-05,1.088,0.937,29149
2877,4.97160,4.84417,6.257e-05,1.130,0.998,29146
2878,4.77770,4.84417,6.253e-05,1.060,0.910,29166
2879,4.84280,4.84417,6.248e-05,1.000,0.854,29162
2880,4.87511,4.84417,6.244e-05,1.176,1.043,29166
2881,4.97490,4.84417,6.240e-05,1.092,0.931,29150
2882,4.80641,4.84417,6.236e-05,1.054,0.898,29177
2883,4.98419,4.84417,6.232e-05,1.082,0.935,29162
2884,4.82452,4.84417,6.228e-05,1.117,0.987,29148
2885,4.88075,4.84417,6.224e-05,1.243,1.114,29174
2886,4.76014,4.84417,6.221e-05,1.050,0.898,29157
2887,4.84894,4.84417,6.217e-05,1.179,1.050,29176
2888,4.80538,4.84417,6.213e-05,1.229,1.109,29180
2889,4.61259,4.84417,6.209e-05,0.989,0.839,29158
2890,4.86232,4.84417,6.205e-05,1.301,1.174,29190
2891,4.74368,4.84417,6.202e-05,1.144,1.012,29153
2892,4.87529,4.84417,6.198e-05,1.057,0.900,29189
2893,5.01243,4.84417,6.194e-05,0.983,0.827,29145
2894,4.81394,4.84417,6.191e-05,1.037,0.886,29182
2895,4.70606,4.84417,6.187e-05,1.298,1.186,29167
2896,4.98282,4.84417,6.184e-05,1.059,0.904,29161
2897,4.68056,4.84417,6.180e-05,1.022,0.879,29131
2898,4.77715,4.84417,6.177e-05,1.053,0.902,29191
2899,4.81365,4.84417,6.173e-05,1.145,0.995,29169
2900,4.78444,4.84417,6.170e-05,1.028,0.884,29156
2901,4.86920,4.84417,6.166e-05,0.992,0.828,29114
2902,4.73233,4.84417,6.163e-05,1.124,0.958,29167
2903,4.86994,4.84417,6.160e-05,0.943,0.797,29154
2904,4.88952,4.84417,6.156e-05,1.022,0.873,29170
2905,4.94637,4.84417,6.153e-05,1.110,0.955,29153
2906,5.09411,4.84417,6.150e-05,1.063,0.897,29180
2907,4.80526,4.84417,6.147e-05,1.130,0.970,29170
2908,4.69959,4.84417,6.144e-05,1.042,0.882,29145
2909,4.91370,4.84417,6.141e-05,1.061,0.906,29189
2910,4.84204,4.84417,6.138e-05,1.023,0.864,29161
2911,4.66183,4.84417,6.135e-05,1.037,0.887,29146
2912,4.89926,4.84417,6.132e-05,1.047,0.889,29195
2913,4.90276,4.84417,6.129e-05,0.922,0.769,29188
2914,4.76858,4.84417,6.126e-05,1.155,1.021,29133
2915,4.90384,4.84417,6.123e-05,0.961,0.811,29167
2916,5.01247,4.84417,6.120e-05,1.021,0.867,29164
2917,4.79965,4.84417,6.117e-05,1.148,1.003,29161
2918,4.75124,4.84417,6.114e-05,1.360,1.244,29181
2919,4.65337,4.84417,6.111e-05,1.000,0.865,29119
2920,4.94301,4.84417,6.109e-05,0.985,0.832,29174
2921,4.84786,4.84417,6.106e-05,1.135,0.985,29103
2922,4.79276,4.84417,6.103e-05,1.306,1.171,29160
2923,4.92465,4.84417,6.101e-05,1.118,0.960,29156
2924,4.64103,4.84417,6.098e-05,1.069,0.922,29170
2925,4.90994,4.84417,6.096e-05,1.114,0.979,29163
2926,4.89325,4.84417,6.093e-05,1.053,0.926,29171
2927,4.83099,4.84417,6.091e-05,0.949,0.800,29175
2928,4.97080,4.84417,6.088e-05,0.967,0.808,29164
2929,4.91690,4.84417,6.086e-05,1.235,1.091,29160
2930,4.77358,4.84417,6.083e-05,1.154,1.023,29170
2931,4.88053,4.84417,6.081e-05,1.090,0.935,29159
2932,4.75343,4.84417,6.079e-05,1.024,0.879,29152
2933,4.97955,4.84417,6.076e-05,1.351,1.236,29163
2934,5.06255,4.84417,6.074e-05,1.087,0.934,29178
2935,4.73821,4.84417,6.072e-05,1.087,0.938,29163
2936,4.70209,4.84417,6.070e-05,1.158,1.026,29157
2937,4.77856,4.84417,6.067e-05,1.047,0.887,29174
2938,4.88653,4.84417,6.065e-05,1.115,0.974,29156
2939,4.79736,4.84417,6.063e-05,1.190,1.008,29188
2940,4.87642,4.84417,6.061e-05,0.971,0.823,29165
2941,4.83710,4.84417,6.059e-05,1.013,0.870,29106
2942,4.79032,4.84417,6.057e-05,1.188,1.066,29174
2943,4.80449,4.84417,6.055e-05,1.025,0.878,29156
2944,4.77356,4.84417,6.053e-05,1.307,1.173,29181
2945,4.75422,4.84417,6.051e-05,1.146,0.992,29156
2946,4.88382,4.84417,6.050e-05,0.974,0.810,29153
2947,4.78042,4.84417,6.048e-05,1.088,0.947,29181
2948,4.72728,4.84417,6.046e-05,1.230,1.099,29160
2949,4.96009,4.84417,6.044e-05,1.041,0.874,29171
2950,4.83391,4.84417,6.042e-05,1.024,0.864,29122
2951,4.58620,4.84417,6.041e-05,1.067,0.915,29167
2952,4.64954,4.84417,6.039e-05,1.166,1.032,29165
2953,4.78944,4.84417,6.038e-05,0.968,0.824,29184
2954,4.67547,4.84417,6.036e-05,1.110,0.974,29159
2955,4.80883,4.84417,6.034e-05,1.221,1.071,29132
2956,4.95382,4.84417,6.033e-05,1.046,0.892,29186
2957,4.95944,4.84417,6.031e-05,1.010,0.851,29125
2958,4.85691,4.84417,6.030e-05,0.980,0.831,29178
2959,4.94149,4.84417,6.029e-05,1.020,0.861,29169
2960,4.87206,4.84417,6.027e-05,1.011,0.858,29147
2961,4.86648,4.84417,6.026e-05,1.114,0.951,29129
2962,4.79223,4.84417,6.025e-05,1.063,0.926,29152
2963,4.88208,4.84417,6.023e-05,1.309,1.169,29162
2964,4.72097,4.84417,6.022e-05,1.069,0.922,29180
2965,4.76544,4.84417,6.021e-05,1.082,0.923,29177
2966,4.95706,4.84417,6.020e-05,1.091,0.941,29151
2967,4.79074,4.84417,6.019e-05,1.082,0.933,29149
2968,4.82467,4.84417,6.017e-05,0.997,0.840,29152
2969,4.89222,4.84417,6.016e-05,1.024,0.879,29183
2970,4.94543,4.84417,6.015e-05,1.000,0.849,29149
2971,4.85475,4.84417,6.014e-05,0.998,0.843,29161
2972,4.94911,4.84417,6.013e-05,1.011,0.861,29170
2973,4.90005,4.84417,6.012e-05,0.997,0.844,29142
2974,4.79004,4.84417,6.011e-05,1.050,0.892,29156
2975,4.92299,4.84417,6.011e-05,0.981,0.828,29173
2976,4.84335,4.84417,6.010e-05,1.078,0.922,29149
2977,4.83096,4.84417,6.009e-05,1.109,0.968,29178
2978,4.87654,4.84417,6.008e-05,1.049,0.893,29175
2979,4.77393,4.84417,6.007e-05,1.047,0.904,29147
2980,4.71814,4.84417,6.007e-05,1.069,0.910,29163
2981,4.88138,4.84417,6.006e-05,1.071,0.934,29133
2982,4.96207,4.84417,6.006e-05,1.067,0.919,29141
2983,4.84690,4.84417,6.005e-05,1.033,0.881,29157
2984,4.73269,4.84417,6.004e-05,1.045,0.898,29186
2985,4.93128,4.84417,6.004e-05,1.081,0.935,29194
2986,4.91522,4.84417,6.003e-05,1.144,1.012,29157
2987,4.73596,4.84417,6.003e-05,1.086,0.949,29162
2988,4.79114,4.84417,6.002e-05,1.035,0.882,29160
2989,4.78789,4.84417,6.002e-05,0.990,0.840,29186
2990,4.61941,4.84417,6.002e-05,1.137,1.004,29166
2991,4.88239,4.84417,6.001e-05,1.147,0.995,29186
2992,4.74558,4.84417,6.001e-05,1.067,0.904,29146
2993,5.01177,4.84417,6.001e-05,1.045,0.891,29157
2994,4.89202,4.84417,6.001e-05,1.077,0.912,29190
2995,4.80014,4.84417,6.000e-05,1.108,0.943,29165
2996,4.74894,4.84417,6.000e-05,1.039,0.892,29154
2997,4.70516,4.84417,6.000e-05,1.038,0.875,29157
2998,4.59644,4.84417,6.000e-05,1.089,0.936,29179
2999,4.76844,4.82170,6.000e-05,0.998,0.836,8826
