step,loss,val_loss,lr,grad_norm,proj_grad_norm,tokens_per_s
0,11.97820,11.92721,3.000e-06,9.540,0.991,6390
1,11.92151,11.92721,6.000e-06,10.705,1.100,23908
2,11.83102,11.92721,9.000e-06,9.887,0.954,23696
3,11.74460,11.92721,1.200e-05,7.086,0.647,23620
4,11.62181,11.92721,1.500e-05,6.129,0.500,23697
5,11.55474,11.92721,1.800e-05,4.719,0.368,23644
6,11.47401,11.92721,2.100e-05,4.148,0.339,23582
7,11.33056,11.92721,2.400e-05,3.869,0.283,23754
8,11.17920,11.92721,2.700e-05,3.977,0.263,23628
9,11.16161,11.92721,3.000e-05,3.247,0.211,23677
10,11.07008,11.92721,3.300e-05,3.005,0.197,23667
11,11.06452,11.92721,3.600e-05,2.750,0.220,23607
12,10.85888,11.92721,3.900e-05,3.071,0.196,23708
13,10.86748,11.92721,4.200e-05,2.704,0.180,23607
14,10.83685,11.92721,4.500e-05,2.807,0.206,23656
15,10.89076,11.92721,4.800e-05,2.864,0.282,23718
16,10.75276,11.92721,5.100e-05,2.654,0.180,23639
17,10.66834,11.92721,5.400e-05,2.813,0.245,23701
18,10.71944,11.92721,5.700e-05,2.600,0.254,23608
19,10.61488,11.92721,6.000e-05,2.603,0.202,23613
20,10.45199,11.92721,6.300e-05,3.004,0.277,23678
21,10.69747,11.92721,6.600e-05,2.116,0.200,23537
22,10.44484,11.92721,6.900e-05,2.568,0.259,23623
23,10.48778,11.92721,7.200e-05,2.534,0.325,23585
24,10.44640,11.92721,7.500e-05,2.177,0.156,23539
25,10.40223,11.92721,7.800e-05,2.182,0.175,23634
26,10.18923,11.92721,8.100e-05,2.437,0.192,23554
27,10.13504,11.92721,8.400e-05,2.354,0.159,23587
28,10.11419,11.92721,8.700e-05,2.547,0.308,23602
29,10.10019,11.92721,9.000e-05,2.241,0.161,23576
30,10.14981,11.92721,9.300e-05,2.115,0.159,23648
31,10.11879,11.92721,9.600e-05,2.101,0.173,23573
32,10.09564,11.92721,9.900e-05,1.967,0.115,23520
33,10.03840,11.92721,1.020e-04,2.137,0.223,23635
34,9.93300,11.92721,1.050e-04,2.025,0.146,23562
35,9.80324,11.92721,1.080e-04,2.194,0.189,23623
36,9.66620,11.92721,1.110e-04,2.266,0.184,23572
37,9.51212,11.92721,1.140e-04,2.399,0.226,23550
38,9.60925,11.92721,1.170e-04,2.267,0.267,23656
39,9.36325,11.92721,1.200e-04,2.314,0.161,23513
40,9.52829,11.92721,1.230e-04,2.182,0.314,23615
41,9.27731,11.92721,1.260e-04,2.375,0.291,23522
42,9.19678,11.92721,1.290e-04,2.329,0.278,23580
43,9.30405,11.92721,1.320e-04,2.221,0.269,23636
44,9.19121,11.92721,1.350e-04,2.156,0.245,23544
45,9.08951,11.92721,1.380e-04,2.145,0.238,23581
46,8.96534,11.92721,1.410e-04,2.155,0.199,23637
47,8.74191,11.92721,1.440e-04,2.374,0.259,23521
48,8.81675,11.92721,1.470e-04,2.110,0.198,23594
49,8.56911,11.92721,1.500e-04,2.416,0.307,23543
50,8.80235,11.92721,1.530e-04,1.994,0.207,23553
51,8.71287,11.92721,1.560e-04,2.035,0.214,23635
52,8.54860,11.92721,1.590e-04,2.048,0.180,23598
53,8.12543,11.92721,1.620e-04,2.501,0.213,23641
54,8.24941,11.92721,1.650e-04,2.150,0.136,23564
55,8.08889,11.92721,1.680e-04,2.221,0.163,23558
56,7.85779,11.92721,1.710e-04,2.322,0.112,23649
57,7.78208,11.92721,1.740e-04,2.316,0.197,23532
58,7.62906,11.92721,1.770e-04,2.341,0.120,23641
59,7.54375,11.92721,1.800e-04,2.343,0.136,23549
60,7.70598,11.92721,1.830e-04,2.063,0.134,23597
61,7.69372,11.92721,1.860e-04,1.985,0.118,23589
62,7.68198,11.92721,1.890e-04,2.024,0.162,23537
63,7.61902,11.92721,1.920e-04,1.959,0.172,23640
64,7.36977,11.92721,1.950e-04,1.993,0.209,23601
65,7.21242,11.92721,1.980e-04,2.142,0.262,23576
66,7.11092,11.92721,2.010e-04,1.969,0.128,23587
67,7.16281,11.92721,2.040e-04,1.843,0.132,23598
68,6.87188,11.92721,2.070e-04,2.082,0.248,23585
69,7.13545,11.92721,2.100e-04,1.763,0.206,23633
70,6.50719,11.92721,2.130e-04,2.041,0.118,23489
71,6.78425,11.92721,2.160e-04,1.794,0.189,23664
72,6.26785,11.92721,2.190e-04,2.074,0.193,23602
73,6.37637,11.92721,2.220e-04,1.856,0.165,23586
74,6.05979,11.92721,2.250e-04,1.927,0.186,23625
75,6.31755,11.92721,2.280e-04,1.791,0.210,23569
76,6.03693,11.92721,2.310e-04,1.775,0.135,23647
77,6.19536,11.92721,2.340e-04,1.715,0.165,23575
78,6.07264,11.92721,2.370e-04,1.626,0.179,23529
79,5.53609,11.92721,2.400e-04,1.717,0.181,23663
80,5.93440,11.92721,2.430e-04,1.473,0.122,23558
81,5.99433,11.92721,2.460e-04,1.394,0.161,23574
82,5.17627,11.92721,2.490e-04,1.638,0.171,23610
83,5.88564,11.92721,2.520e-04,1.437,0.214,23523
84,5.47829,11.92721,2.550e-04,1.411,0.153,23666
85,5.67721,11.92721,2.580e-04,1.253,0.175,23558
86,5.04256,11.92721,2.610e-04,1.361,0.215,23603
87,5.28614,11.92721,2.640e-04,1.336,0.266,23642
88,4.82799,11.92721,2.670e-04,1.298,0.158,23538
89,4.97655,11.92721,2.700e-04,1.362,0.287,23646
90,4.73787,11.92721,2.730e-04,1.219,0.230,23562
91,5.42242,11.92721,2.760e-04,0.939,0.151,23540
92,5.01787,11.92721,2.790e-04,1.203,0.217,23663
93,4.80605,11.92721,2.820e-04,0.983,0.184,23589
94,4.99255,11.92721,2.850e-04,0.915,0.169,23626
95,5.07757,11.92721,2.880e-04,0.890,0.176,23602
96,5.07821,11.92721,2.910e-04,0.794,0.138,23548
97,4.78511,11.92721,2.940e-04,0.848,0.191,23657
98,4.99682,11.92721,2.970e-04,0.886,0.238,23528
99,4.72376,11.92721,3.000e-04,0.705,0.152,23604
100,4.93421,11.92721,3.030e-04,0.750,0.195,23564
101,4.95825,11.92721,3.060e-04,0.685,0.150,23548
102,4.26250,11.92721,3.090e-04,0.662,0.132,23668
103,4.56690,11.92721,3.120e-04,0.561,0.129,23574
104,4.53440,11.92721,3.150e-04,0.534,0.125,23555
105,4.59539,11.92721,3.180e-04,0.712,0.165,23638
106,4.69649,11.92721,3.210e-04,0.562,0.148,23565
107,4.95806,11.92721,3.240e-04,0.549,0.137,23660
108,4.23530,11.92721,3.270e-04,0.600,0.168,23533
109,4.17797,11.92721,3.300e-04,0.706,0.190,23562
110,4.36018,11.92721,3.330e-04,0.736,0.192,23641
111,4.61261,11.92721,3.360e-04,0.561,0.157,23533
112,4.84296,11.92721,3.390e-04,0.790,0.214,23611
113,4.70547,11.92721,3.420e-04,0.509,0.166,23534
114,4.74758,11.92721,3.450e-04,0.559,0.153,23538
115,3.80861,11.92721,3.480e-04,0.622,0.222,23651
116,4.78303,11.92721,3.510e-04,0.815,0.289,23538
117,5.44226,11.92721,3.540e-04,0.765,0.204,23602
118,4.48551,11.92721,3.570e-04,0.671,0.214,23613
119,5.09683,11.92721,3.600e-04,0.721,0.225,23516
120,4.93850,11.92721,3.630e-04,0.690,0.217,23636
121,4.04777,11.92721,3.660e-04,0.674,0.292,23514
122,4.79232,11.92721,3.690e-04,0.671,0.267,23582
123,4.24221,11.92721,3.720e-04,0.631,0.220,23654
124,4.56405,11.92721,3.750e-04,0.588,0.226,23525
125,4.40082,11.92721,3.780e-04,0.537,0.174,23638
126,4.83128,11.92721,3.810e-04,0.533,0.184,23553
127,4.53618,11.92721,3.840e-04,0.620,0.259,23546
128,3.64515,11.92721,3.870e-04,0.487,0.147,23633
129,4.76613,11.92721,3.900e-04,0.789,0.256,23547
130,3.89848,11.92721,3.930e-04,0.544,0.198,23618
131,3.70029,11.92721,3.960e-04,0.547,0.169,23550
132,4.68650,11.92721,3.990e-04,0.867,0.353,23503
133,4.50053,11.92721,4.020e-04,0.721,0.266,23650
134,4.26215,11.92721,4.050e-04,0.520,0.195,23526
135,4.45242,11.92721,4.080e-04,0.807,0.284,23619
136,4.10116,11.92721,4.110e-04,0.538,0.226,23536
137,4.55156,11.92721,4.140e-04,0.677,0.274,23553
138,4.12798,11.92721,4.170e-04,0.535,0.214,23614
139,4.13617,11.92721,4.200e-04,0.523,0.189,23556
140,4.51341,11.92721,4.230e-04,0.644,0.278,23569
141,4.43101,11.92721,4.260e-04,0.658,0.256,23608
142,4.17887,11.92721,4.290e-04,0.602,0.253,23535
143,4.56401,11.92721,4.320e-04,0.583,0.227,23618
144,4.48617,11.92721,4.350e-04,0.734,0.368,23544
145,4.62096,11.92721,4.380e-04,0.671,0.304,23537
146,4.29948,11.92721,4.410e-04,0.529,0.230,23604
147,4.82773,11.92721,4.440e-04,0.755,0.311,23507
148,3.99071,11.92721,4.470e-04,0.423,0.146,23622
149,4.30622,11.92721,4.500e-04,0.578,0.211,23548
150,4.25946,11.92721,4.530e-04,0.590,0.230,23535
151,4.17277,11.92721,4.560e-04,0.696,0.308,23612
152,4.54038,11.92721,4.590e-04,0.427,0.161,23553
153,4.32592,11.92721,4.620e-04,0.534,0.206,23563
154,4.44982,11.92721,4.650e-04,0.465,0.171,23542
155,3.80040,11.92721,4.680e-04,0.511,0.194,23563
156,4.23019,11.92721,4.710e-04,0.436,0.154,23623
157,4.37510,11.92721,4.740e-04,0.430,0.159,23546
158,4.31686,11.92721,4.770e-04,0.509,0.201,23596
159,4.59941,11.92721,4.800e-04,0.591,0.257,23554
160,4.65696,11.92721,4.830e-04,0.580,0.246,23558
161,4.01827,11.92721,4.860e-04,0.497,0.186,23589
162,4.24062,11.92721,4.890e-04,0.493,0.205,23527
163,4.12056,11.92721,4.920e-04,0.443,0.156,23553
164,4.16129,11.92721,4.950e-04,0.486,0.192,23603
165,4.59383,11.92721,4.980e-04,0.517,0.205,23523
166,4.31977,11.92721,5.010e-04,0.417,0.161,23636
167,4.31386,11.92721,5.040e-04,0.494,0.177,23565
168,4.02836,11.92721,5.070e-04,0.527,0.211,23554
169,3.73214,11.92721,5.100e-04,0.434,0.148,23643
170,4.17991,11.92721,5.130e-04,0.543,0.239,23526
171,4.21782,11.92721,5.160e-04,0.477,0.204,23594
172,4.15697,11.92721,5.190e-04,0.443,0.169,23528
173,4.65928,11.92721,5.220e-04,0.503,0.219,23510
174,3.96253,11.92721,5.250e-04,0.550,0.244,23650
175,4.21157,11.92721,5.280e-04,0.464,0.222,23488
176,4.37367,11.92721,5.310e-04,0.436,0.165,23574
177,3.90168,11.92721,5.340e-04,0.473,0.172,23560
178,4.23416,11.92721,5.370e-04,0.489,0.183,23513
179,4.18154,11.92721,5.400e-04,0.484,0.167,23636
180,4.61873,11.92721,5.430e-04,0.450,0.177,23507
181,3.91728,11.92721,5.460e-04,0.458,0.175,23561
182,4.08329,11.92721,5.490e-04,0.422,0.150,23615
183,4.18083,11.92721,5.520e-04,0.525,0.239,23554
184,4.26455,11.92721,5.550e-04,0.491,0.210,23642
185,4.57669,11.92721,5.580e-04,0.497,0.187,23532
186,4.51502,11.92721,5.610e-04,0.556,0.254,23533
187,4.01284,11.92721,5.640e-04,0.554,0.243,23657
188,4.42405,11.92721,5.670e-04,0.535,0.228,23473
189,4.44431,11.92721,5.700e-04,0.638,0.364,23629
190,4.02976,11.92721,5.730e-04,0.513,0.238,23558
191,4.56764,11.92721,5.760e-04,0.654,0.357,23513
192,4.34035,11.92721,5.790e-04,0.633,0.341,23636
193,4.68283,11.92721,5.820e-04,0.481,0.218,23544
194,4.24149,11.92721,5.850e-04,0.484,0.175,23626
195,4.32209,11.92721,5.880e-04,0.459,0.205,23579
196,4.14930,11.92721,5.910e-04,0.439,0.159,23533
197,4.45312,11.92721,5.940e-04,0.587,0.286,23598
198,4.38801,11.92721,5.970e-04,0.625,0.332,23551
199,4.79955,11.92721,6.000e-04,0.570,0.262,23556
200,4.36202,11.92721,6.000e-04,0.529,0.189,23569
201,4.45737,11.92721,6.000e-04,0.832,0.433,23526
202,4.00953,11.92721,6.000e-04,0.472,0.177,23627
203,3.51027,11.92721,6.000e-04,0.519,0.188,23522
204,4.25691,11.92721,6.000e-04,0.487,0.167,23545
205,4.91422,11.92721,6.000e-04,0.711,0.325,23613
206,3.60096,11.92721,6.000e-04,0.592,0.292,23557
207,4.47891,11.92721,6.000e-04,0.683,0.325,23610
208,4.39310,11.92721,6.000e-04,0.761,0.388,23490
209,3.88866,11.92721,6.000e-04,0.490,0.168,23532
210,3.93060,11.92721,6.000e-04,0.464,0.190,23645
211,3.91650,11.92721,6.000e-04,0.443,0.162,23551
212,3.75195,11.92721,6.000e-04,0.600,0.244,23599
213,3.92291,11.92721,6.000e-04,0.412,0.153,23547
214,3.62505,11.92721,6.000e-04,0.560,0.225,23500
215,4.66547,11.92721,6.000e-04,0.671,0.331,23623
216,4.07607,11.92721,6.000e-04,0.659,0.357,23536
217,4.01943,11.92721,6.000e-04,0.404,0.148,23570
218,4.24031,11.92721,5.999e-04,0.481,0.228,23565
219,4.24733,11.92721,5.999e-04,0.426,0.161,23517
220,4.47039,11.92721,5.999e-04,0.440,0.187,23619
221,4.25583,11.92721,5.999e-04,0.430,0.132,23496
222,4.58015,11.92721,5.999e-04,0.491,0.209,23587
223,4.75755,11.92721,5.999e-04,0.424,0.198,23569
224,4.44843,11.92721,5.999e-04,0.474,0.165,23538
225,4.20746,11.92721,5.999e-04,0.439,0.157,23639
226,4.56463,11.92721,5.999e-04,0.545,0.235,23525
227,4.72863,11.92721,5.999e-04,0.416,0.170,23565
228,3.80694,11.92721,5.999e-04,0.402,0.160,23621
229,3.49347,11.92721,5.999e-04,0.420,0.162,23519
230,4.28476,11.92721,5.998e-04,0.585,0.292,23638
231,4.17001,11.92721,5.998e-04,0.498,0.261,23547
232,4.55645,11.92721,5.998e-04,0.563,0.246,23476
233,3.43852,11.92721,5.998e-04,0.432,0.127,23591
234,4.43678,11.92721,5.998e-04,0.875,0.491,23522
235,3.91203,11.92721,5.998e-04,0.460,0.174,23611
236,4.47798,11.92721,5.998e-04,0.553,0.227,23578
237,3.80144,11.92721,5.998e-04,0.497,0.200,23537
238,4.41587,11.92721,5.998e-04,0.738,0.395,23643
239,3.84591,11.92721,5.997e-04,0.556,0.261,23549
240,4.25336,11.92721,5.997e-04,0.594,0.272,23557
241,4.12830,11.92721,5.997e-04,0.571,0.272,23604
242,4.38902,11.92721,5.997e-04,0.513,0.221,23549
243,4.20059,11.92721,5.997e-04,0.528,0.262,23597
244,4.12064,11.92721,5.997e-04,0.443,0.152,23561
245,4.46141,11.92721,5.997e-04,0.415,0.164,23550
246,4.06521,11.92721,5.996e-04,0.464,0.174,23561
247,3.84876,11.92721,5.996e-04,0.435,0.157,23571
248,4.28086,11.92721,5.996e-04,0.403,0.152,23607
249,3.94212,11.92721,5.996e-04,0.403,0.132,23510
250,4.04037,3.95163,5.996e-04,0.466,0.189,6738
251,3.80485,3.95163,5.996e-04,0.414,0.177,23789
252,4.38132,3.95163,5.995e-04,0.399,0.159,23623
253,4.03712,3.95163,5.995e-04,0.470,0.182,23555
254,4.13590,3.95163,5.995e-04,0.417,0.176,23522
255,3.77735,3.95163,5.995e-04,0.380,0.140,23579
256,3.87723,3.95163,5.995e-04,0.422,0.171,23543
257,4.15816,3.95163,5.994e-04,0.417,0.172,23648
258,4.05365,3.95163,5.994e-04,0.376,0.144,23559
259,4.25248,3.95163,5.994e-04,0.393,0.160,23506
260,4.55632,3.95163,5.994e-04,0.442,0.192,23645
261,3.60118,3.95163,5.994e-04,0.459,0.207,23493
262,3.80888,3.95163,5.993e-04,0.398,0.170,23584
263,3.80315,3.95163,5.993e-04,0.489,0.209,23556
264,3.50292,3.95163,5.993e-04,0.522,0.232,23503
265,4.02136,3.95163,5.993e-04,0.543,0.246,23621
266,4.30953,3.95163,5.993e-04,0.462,0.202,23555
267,3.53755,3.95163,5.992e-04,0.474,0.153,23592
268,4.55671,3.95163,5.992e-04,0.417,0.176,23590
269,4.06019,3.95163,5.992e-04,0.443,0.151,23533
270,4.28281,3.95163,5.992e-04,0.425,0.198,23614
271,4.06562,3.95163,5.991e-04,0.456,0.199,23565
272,4.31391,3.95163,5.991e-04,0.366,0.127,23547
273,3.91873,3.95163,5.991e-04,0.430,0.179,23609
274,3.87743,3.95163,5.991e-04,0.351,0.135,23513
275,3.78439,3.95163,5.990e-04,0.396,0.153,23621
276,3.97385,3.95163,5.990e-04,0.429,0.207,23502
277,4.62834,3.95163,5.990e-04,0.365,0.141,23567
278,4.65253,3.95163,5.990e-04,0.409,0.203,23652
279,4.17897,3.95163,5.989e-04,0.387,0.139,23509
280,4.45408,3.95163,5.989e-04,0.407,0.202,23634
281,3.91334,3.95163,5.989e-04,0.333,0.136,23486
282,3.98437,3.95163,5.989e-04,0.370,0.139,23539
283,3.84967,3.95163,5.988e-04,0.430,0.215,23611
284,3.77087,3.95163,5.988e-04,0.396,0.175,23518
285,4.25166,3.95163,5.988e-04,0.378,0.179,23656
286,4.31995,3.95163,5.987e-04,0.392,0.171,23557
287,4.00265,3.95163,5.987e-04,0.449,0.194,23508
288,4.48993,3.95163,5.987e-04,0.438,0.221,23664
289,3.83888,3.95163,5.987e-04,0.446,0.181,23534
290,4.21588,3.95163,5.986e-04,0.455,0.202,23578
291,4.25199,3.95163,5.986e-04,0.393,0.172,23582
292,4.13182,3.95163,5.986e-04,0.420,0.165,23531
293,3.68872,3.95163,5.985e-04,0.346,0.119,23639
294,3.74496,3.95163,5.985e-04,0.377,0.137,23529
295,3.54556,3.95163,5.985e-04,0.332,0.108,23541
296,4.10522,3.95163,5.984e-04,0.381,0.145,23601
297,4.23725,3.95163,5.984e-04,0.347,0.126,23499
298,3.80352,3.95163,5.984e-04,0.412,0.195,23649
299,4.30035,3.95163,5.983e-04,0.439,0.202,23526
300,3.88051,3.95163,5.983e-04,0.422,0.167,23531
301,3.92739,3.95163,5.983e-04,0.377,0.146,23578
302,4.35803,3.95163,5.982e-04,0.385,0.138,23497
303,3.84514,3.95163,5.982e-04,0.433,0.178,23622
304,3.98136,3.95163,5.982e-04,0.403,0.158,23525
305,4.06423,3.95163,5.981e-04,0.405,0.166,23541
306,3.85950,3.95163,5.981e-04,0.366,0.125,23616
307,4.19335,3.95163,5.981e-04,0.363,0.154,23509
308,4.11129,3.95163,5.980e-04,0.413,0.173,23589
309,4.25194,3.95163,5.980e-04,0.375,0.171,23574
310,4.22130,3.95163,5.979e-04,0.462,0.233,23498
311,4.01343,3.95163,5.979e-04,0.417,0.193,23655
312,3.93588,3.95163,5.979e-04,0.347,0.127,23517
313,4.13665,3.95163,5.978e-04,0.382,0.117,23577
314,4.10867,3.95163,5.978e-04,0.376,0.136,23533
315,3.94018,3.95163,5.978e-04,0.346,0.119,23539
316,4.32601,3.95163,5.977e-04,0.361,0.128,23653
317,4.06246,3.95163,5.977e-04,0.393,0.132,23527
318,4.21933,3.95163,5.976e-04,0.337,0.119,23536
319,4.17521,3.95163,5.976e-04,0.326,0.105,23638
320,3.45050,3.95163,5.976e-04,0.360,0.114,23504
321,3.69686,3.95163,5.975e-04,0.360,0.131,23569
322,4.46053,3.95163,5.975e-04,0.393,0.157,23517
323,3.75307,3.95163,5.974e-04,0.439,0.219,23533
324,4.02376,3.95163,5.974e-04,0.375,0.133,23631
325,4.36384,3.95163,5.973e-04,0.412,0.159,23502
326,4.48997,3.95163,5.973e-04,0.384,0.178,23590
327,4.31688,3.95163,5.973e-04,0.351,0.144,23518
328,4.51721,3.95163,5.972e-04,0.425,0.186,23528
329,4.33710,3.95163,5.972e-04,0.437,0.199,23655
330,4.39532,3.95163,5.971e-04,0.397,0.163,23538
331,4.03347,3.95163,5.971e-04,0.395,0.161,23570
332,3.81907,3.95163,5.970e-04,0.386,0.160,23563
333,4.24357,3.95163,5.970e-04,0.956,0.453,23492
334,3.63265,3.95163,5.970e-04,0.896,0.562,23644
335,4.40064,3.95163,5.969e-04,0.463,0.216,23512
336,3.66655,3.95163,5.969e-04,0.597,0.294,23564
337,4.11787,3.95163,5.968e-04,0.478,0.211,23567
338,4.32659,3.95163,5.968e-04,0.487,0.220,23551
339,4.43736,3.95163,5.967e-04,0.694,0.424,23608
340,4.28580,3.95163,5.967e-04,0.603,0.225,23506
341,3.79339,3.95163,5.966e-04,0.418,0.192,23562
342,3.97849,3.95163,5.966e-04,0.483,0.194,23611
343,3.80985,3.95163,5.965e-04,0.414,0.162,23546
344,4.32903,3.95163,5.965e-04,0.545,0.191,23643
345,4.09412,3.95163,5.964e-04,0.401,0.167,23523
346,3.95600,3.95163,5.964e-04,0.378,0.132,23496
347,4.15682,3.95163,5.963e-04,0.360,0.125,23628
348,4.16536,3.95163,5.963e-04,0.386,0.164,23575
349,4.46502,3.95163,5.962e-04,0.414,0.162,23593
350,4.17277,3.95163,5.962e-04,0.457,0.241,23541
351,3.55826,3.95163,5.961e-04,0.442,0.212,23512
352,3.69862,3.95163,5.961e-04,0.438,0.182,23564
353,3.93323,3.95163,5.960e-04,0.378,0.149,23558
354,3.96621,3.95163,5.960e-04,0.452,0.194,23554
355,3.86429,3.95163,5.959e-04,0.388,0.157,23588
356,4.04742,3.95163,5.959e-04,0.430,0.172,23512
357,3.78723,3.95163,5.958e-04,0.400,0.148,23603
358,3.87025,3.95163,5.958e-04,0.369,0.151,23560
359,4.40580,3.95163,5.957e-04,0.360,0.143,23519
360,4.17116,3.95163,5.957e-04,0.402,0.175,23580
361,4.43265,3.95163,5.956e-04,0.372,0.167,23540
362,4.02080,3.95163,5.956e-04,0.394,0.196,23659
363,3.78014,3.95163,5.955e-04,0.350,0.129,23521
364,3.78099,3.95163,5.954e-04,0.370,0.171,23507
365,4.41708,3.95163,5.954e-04,0.369,0.152,23624
366,4.33661,3.95163,5.953e-04,0.378,0.154,23529
367,3.91862,3.95163,5.953e-04,0.406,0.156,23595
368,3.95031,3.95163,5.952e-04,0.413,0.176,23521
369,3.80500,3.95163,5.952e-04,0.398,0.135,23548
370,4.44981,3.95163,5.951e-04,0.353,0.139,23624
371,3.68879,3.95163,5.950e-04,0.377,0.160,23547
372,3.67683,3.95163,5.950e-04,0.337,0.107,23622
373,4.22425,3.95163,5.949e-04,0.357,0.154,23566
374,3.72167,3.95163,5.949e-04,0.388,0.136,23536
375,4.24301,3.95163,5.948e-04,0.343,0.132,23621
376,3.72358,3.95163,5.948e-04,0.390,0.126,23514
377,3.67223,3.95163,5.947e-04,0.353,0.126,23603
378,3.77595,3.95163,5.946e-04,0.371,0.119,23598
379,3.88589,3.95163,5.946e-04,0.353,0.138,23547
380,3.29037,3.95163,5.945e-04,0.415,0.169,23634
381,4.22092,3.95163,5.945e-04,0.450,0.208,23535
382,4.33618,3.95163,5.944e-04,0.363,0.145,23567
383,3.88954,3.95163,5.943e-04,0.442,0.170,23595
384,4.32231,3.95163,5.943e-04,0.392,0.170,23565
385,4.28442,3.95163,5.942e-04,0.382,0.173,23638
386,4.08378,3.95163,5.941e-04,0.351,0.136,23533
387,4.23346,3.95163,5.941e-04,0.373,0.157,23571
388,4.03877,3.95163,5.940e-04,0.366,0.163,23624
389,3.66027,3.95163,5.940e-04,0.377,0.127,23533
390,4.13524,3.95163,5.939e-04,0.330,0.126,23598
391,3.97752,3.95163,5.938e-04,0.404,0.152,23579
392,4.06106,3.95163,5.938e-04,0.417,0.160,23537
393,4.10288,3.95163,5.937e-04,0.512,0.240,23595
394,4.32961,3.95163,5.936e-04,0.374,0.149,23555
395,4.26313,3.95163,5.936e-04,0.418,0.157,23580
396,3.93384,3.95163,5.935e-04,0.452,0.214,23604
397,3.89809,3.95163,5.934e-04,0.376,0.160,23523
398,4.29072,3.95163,5.934e-04,0.409,0.174,23658
399,4.22381,3.95163,5.933e-04,0.355,0.121,23513
400,3.79318,3.95163,5.932e-04,0.374,0.137,23579
401,4.39723,3.95163,5.932e-04,0.414,0.200,23562
402,4.15085,3.95163,5.931e-04,0.342,0.117,23552
403,4.00836,3.95163,5.930e-04,0.373,0.138,23619
404,3.83672,3.95163,5.930e-04,0.434,0.180,23550
405,3.64378,3.95163,5.929e-04,0.365,0.135,23558
406,3.91172,3.95163,5.928e-04,0.323,0.119,23626
407,4.00240,3.95163,5.928e-04,0.373,0.119,23546
408,3.91651,3.95163,5.927e-04,0.392,0.131,23593
409,4.38034,3.95163,5.926e-04,0.323,0.116,23557
410,3.91321,3.95163,5.925e-04,0.385,0.137,23478
411,4.20538,3.95163,5.925e-04,0.374,0.135,23657
412,3.80636,3.95163,5.924e-04,0.356,0.137,23527
413,3.59776,3.95163,5.923e-04,0.367,0.144,23563
414,4.33012,3.95163,5.923e-04,0.396,0.156,23603
415,4.22685,3.95163,5.922e-04,0.373,0.154,23513
416,3.82572,3.95163,5.921e-04,0.369,0.128,23632
417,3.81840,3.95163,5.920e-04,0.369,0.131,23543
418,3.88020,3.95163,5.920e-04,0.370,0.126,23583
419,3.77306,3.95163,5.919e-04,0.332,0.101,23572
420,4.00464,3.95163,5.918e-04,0.343,0.127,23534
421,3.98228,3.95163,5.917e-04,0.332,0.117,23631
422,3.87443,3.95163,5.917e-04,0.389,0.141,23538
423,3.87668,3.95163,5.916e-04,0.365,0.131,23563
424,3.87912,3.95163,5.915e-04,0.354,0.122,23613
425,4.00404,3.95163,5.914e-04,0.331,0.130,23513
426,4.30553,3.95163,5.914e-04,0.399,0.153,23617
427,4.03927,3.95163,5.913e-04,0.401,0.155,23543
428,4.00488,3.95163,5.912e-04,0.325,0.119,23540
429,3.99142,3.95163,5.911e-04,0.354,0.128,23604
430,4.21537,3.95163,5.911e-04,0.336,0.122,23507
431,3.96561,3.95163,5.910e-04,0.338,0.122,23608
432,4.17148,3.95163,5.909e-04,0.319,0.119,23567
433,4.51981,3.95163,5.908e-04,0.370,0.141,23560
434,3.47627,3.95163,5.907e-04,0.359,0.121,23589
435,4.29163,3.95163,5.907e-04,0.371,0.138,23541
436,3.72367,3.95163,5.906e-04,0.323,0.109,23590
437,3.81574,3.95163,5.905e-04,0.445,0.171,23580
438,4.67141,3.95163,5.904e-04,0.350,0.130,23557
439,3.99299,3.95163,5.904e-04,0.389,0.131,23628
440,3.78640,3.95163,5.903e-04,0.414,0.150,23504
441,3.87634,3.95163,5.902e-04,0.357,0.124,23550
442,3.93268,3.95163,5.901e-04,0.400,0.133,23599
443,3.78565,3.95163,5.900e-04,0.346,0.130,23541
444,4.36556,3.95163,5.899e-04,0.364,0.143,23617
445,4.20628,3.95163,5.899e-04,0.374,0.141,23540
446,3.81459,3.95163,5.898e-04,0.357,0.128,23529
447,3.84385,3.95163,5.897e-04,0.359,0.152,23639
448,3.97620,3.95163,5.896e-04,0.391,0.139,23569
449,4.40123,3.95163,5.895e-04,0.420,0.204,23577
450,3.83888,3.95163,5.894e-04,0.314,0.105,23586
451,3.70272,3.95163,5.894e-04,0.338,0.121,23518
452,4.20626,3.95163,5.893e-04,0.422,0.166,23628
453,4.10854,3.95163,5.892e-04,0.338,0.127,23501
454,4.31704,3.95163,5.891e-04,0.376,0.156,23620
455,4.16168,3.95163,5.890e-04,0.361,0.142,23527
456,4.10720,3.95163,5.889e-04,0.316,0.117,23534
457,4.18283,3.95163,5.889e-04,0.329,0.119,23651
458,4.39555,3.95163,5.888e-04,0.345,0.141,23439
459,3.86505,3.95163,5.887e-04,0.336,0.127,23587
460,3.92624,3.95163,5.886e-04,0.348,0.147,23586
461,4.13790,3.95163,5.885e-04,0.406,0.150,23475
462,3.66794,3.95163,5.884e-04,0.484,0.209,23625
463,4.13139,3.95163,5.883e-04,0.340,0.121,23499
464,3.74380,3.95163,5.882e-04,0.391,0.177,23518
465,4.16155,3.95163,5.882e-04,0.399,0.164,23573
466,4.17293,3.95163,5.881e-04,0.328,0.118,23514
467,3.69092,3.95163,5.880e-04,0.388,0.167,23660
468,4.28804,3.95163,5.879e-04,0.387,0.136,23552
469,3.96467,3.95163,5.878e-04,0.375,0.165,23560
470,4.00067,3.95163,5.877e-04,0.354,0.149,23603
471,3.89654,3.95163,5.876e-04,0.351,0.147,23513
472,4.12227,3.95163,5.875e-04,0.358,0.167,23606
473,3.99602,3.95163,5.874e-04,0.309,0.105,23573
474,3.72857,3.95163,5.873e-04,0.404,0.172,23530
475,3.71240,3.95163,5.872e-04,0.411,0.172,23647
476,3.81962,3.95163,5.872e-04,0.368,0.150,23521
477,4.21766,3.95163,5.871e-04,0.356,0.145,23579
478,3.93282,3.95163,5.870e-04,0.324,0.101,23573
479,4.60590,3.95163,5.869e-04,0.413,0.161,23533
480,3.98607,3.95163,5.868e-04,0.355,0.154,23673
481,3.87525,3.95163,5.867e-04,0.386,0.170,23542
482,3.67996,3.95163,5.866e-04,0.380,0.140,23542
483,3.43639,3.95163,5.865e-04,0.354,0.126,23581
484,3.97094,3.95163,5.864e-04,0.375,0.138,23541
485,4.63818,3.95163,5.863e-04,0.410,0.187,23593
486,3.97072,3.95163,5.862e-04,0.411,0.144,23563
487,4.10415,3.95163,5.861e-04,0.432,0.200,23567
488,4.06649,3.95163,5.860e-04,0.407,0.170,23613
489,3.97354,3.95163,5.859e-04,0.338,0.137,23563
490,3.88142,3.95163,5.858e-04,0.385,0.160,23613
491,4.19282,3.95163,5.857e-04,0.358,0.154,23542
492,3.59885,3.95163,5.856e-04,0.377,0.152,23534
493,4.05305,3.95163,5.855e-04,0.408,0.175,23620
494,3.71893,3.95163,5.854e-04,0.354,0.129,23522
495,3.94387,3.95163,5.853e-04,0.321,0.100,23588
496,4.06329,3.95163,5.852e-04,0.366,0.122,23571
497,3.64595,3.95163,5.851e-04,0.384,0.140,23509
498,4.39481,3.95163,5.850e-04,0.385,0.147,23627
499,3.92078,3.95163,5.849e-04,0.373,0.160,23524
500,3.53703,3.80615,5.848e-04,0.390,0.155,6741
501,4.29232,3.80615,5.847e-04,0.423,0.196,23839
502,4.35400,3.80615,5.846e-04,0.419,0.175,23592
503,4.00995,3.80615,5.845e-04,0.366,0.137,23565
504,3.91271,3.80615,5.844e-04,0.398,0.163,23609
505,3.64982,3.80615,5.843e-04,0.359,0.115,23545
506,4.20590,3.80615,5.842e-04,0.352,0.135,23512
507,4.01841,3.80615,5.841e-04,0.407,0.149,23633
508,3.79752,3.80615,5.840e-04,0.400,0.143,23483
509,3.91541,3.80615,5.839e-04,0.416,0.150,23551
510,3.81661,3.80615,5.838e-04,0.443,0.146,23588
511,4.06687,3.80615,5.837e-04,0.389,0.139,23517
512,4.17402,3.80615,5.836e-04,0.434,0.153,23613
513,3.99522,3.80615,5.835e-04,0.386,0.132,23512
514,3.90898,3.80615,5.834e-04,0.352,0.156,23570
515,3.73460,3.80615,5.833e-04,0.456,0.150,23577
516,3.77550,3.80615,5.832e-04,0.348,0.127,23534
517,3.72918,3.80615,5.831e-04,0.367,0.136,23628
518,4.34544,3.80615,5.830e-04,0.324,0.140,23546
519,4.30747,3.80615,5.829e-04,0.354,0.147,23549
520,3.67694,3.80615,5.828e-04,0.350,0.136,23636
521,4.14768,3.80615,5.827e-04,0.352,0.126,23503
522,4.15178,3.80615,5.826e-04,0.356,0.135,23631
523,3.46708,3.80615,5.825e-04,0.352,0.121,23544
524,4.09109,3.80615,5.824e-04,0.362,0.152,23511
525,4.52435,3.80615,5.822e-04,0.332,0.125,23624
526,3.56115,3.80615,5.821e-04,0.340,0.116,23484
527,3.82358,3.80615,5.820e-04,0.385,0.152,23586
528,3.92027,3.80615,5.819e-04,0.387,0.160,23581
529,3.76526,3.80615,5.818e-04,0.343,0.124,23501
530,3.86071,3.80615,5.817e-04,0.367,0.149,23628
531,4.17887,3.80615,5.816e-04,0.367,0.163,23553
532,3.67080,3.80615,5.815e-04,0.364,0.156,23544
533,4.02872,3.80615,5.814e-04,0.341,0.134,23587
534,4.73924,3.80615,5.813e-04,0.396,0.184,23504
535,4.23515,3.80615,5.812e-04,0.386,0.179,23652
536,4.02824,3.80615,5.810e-04,0.399,0.195,23542
537,3.60922,3.80615,5.809e-04,0.387,0.148,23500
538,3.91136,3.80615,5.808e-04,0.421,0.221,23649
539,3.77160,3.80615,5.807e-04,0.410,0.172,23513
540,3.98267,3.80615,5.806e-04,0.423,0.177,23599
541,4.02675,3.80615,5.805e-04,0.452,0.210,23519
542,3.56753,3.80615,5.804e-04,0.393,0.138,23490
543,3.82425,3.80615,5.803e-04,0.332,0.127,23648
544,4.11747,3.80615,5.801e-04,0.366,0.157,23524
545,4.16008,3.80615,5.800e-04,0.337,0.129,23565
546,3.84266,3.80615,5.799e-04,0.396,0.141,23564
547,4.01613,3.80615,5.798e-04,0.374,0.161,23500
548,3.98396,3.80615,5.797e-04,0.402,0.164,23655
549,4.05965,3.80615,5.796e-04,0.455,0.197,23558
550,3.93696,3.80615,5.794e-04,0.375,0.125,23566
551,3.94394,3.80615,5.793e-04,0.516,0.278,23563
552,4.18677,3.80615,5.792e-04,0.400,0.148,23543
553,4.05184,3.80615,5.791e-04,0.446,0.224,23612
554,4.06163,3.80615,5.790e-04,0.417,0.164,23541
555,3.92551,3.80615,5.789e-04,0.395,0.181,23527
556,3.75376,3.80615,5.787e-04,0.390,0.151,23562
557,4.13116,3.80615,5.786e-04,0.391,0.165,23557
558,3.70898,3.80615,5.785e-04,0.358,0.153,23588
559,4.13989,3.80615,5.784e-04,0.407,0.181,23522
560,4.08304,3.80615,5.783e-04,0.412,0.190,23523
561,4.05679,3.80615,5.782e-04,0.398,0.153,23566
562,3.99779,3.80615,5.780e-04,0.374,0.166,23553
563,3.98876,3.80615,5.779e-04,0.427,0.211,23589
564,4.21004,3.80615,5.778e-04,0.373,0.176,23540
565,3.88724,3.80615,5.777e-04,0.395,0.167,23523
566,4.57491,3.80615,5.776e-04,0.384,0.164,23602
567,4.21287,3.80615,5.774e-04,0.630,0.341,23534
568,4.07313,3.80615,5.773e-04,0.398,0.167,23587
569,3.93597,3.80615,5.772e-04,0.377,0.161,23540
570,4.13089,3.80615,5.771e-04,0.424,0.180,23552
571,4.13573,3.80615,5.769e-04,0.403,0.182,23608
572,4.26602,3.80615,5.768e-04,0.382,0.149,23518
573,4.14841,3.80615,5.767e-04,0.425,0.186,23575
574,4.21309,3.80615,5.766e-04,0.359,0.150,23582
575,3.75103,3.80615,5.765e-04,0.407,0.185,23539
576,4.14099,3.80615,5.763e-04,0.414,0.175,23607
577,4.00689,3.80615,5.762e-04,0.404,0.168,23503
578,3.86997,3.80615,5.761e-04,0.391,0.184,23522
579,3.67748,3.80615,5.760e-04,0.456,0.222,23603
580,3.90896,3.80615,5.758e-04,0.436,0.192,23548
581,4.05990,3.80615,5.757e-04,0.367,0.153,23629
582,4.01384,3.80615,5.756e-04,0.394,0.165,23516
583,3.78270,3.80615,5.755e-04,0.387,0.149,23525
584,3.84501,3.80615,5.753e-04,0.377,0.157,23637
585,3.62533,3.80615,5.752e-04,0.440,0.166,23524
586,4.02985,3.80615,5.751e-04,0.399,0.181,23618
587,3.86128,3.80615,5.749e-04,0.445,0.184,23533
588,4.23300,3.80615,5.748e-04,0.442,0.209,23525
589,4.64474,3.80615,5.747e-04,0.365,0.155,23625
590,3.93527,3.80615,5.746e-04,0.398,0.160,23500
591,3.47574,3.80615,5.744e-04,0.508,0.249,23589
592,3.63321,3.80615,5.743e-04,0.651,0.443,23537
593,3.89858,3.80615,5.742e-04,0.550,0.364,23471
594,3.75860,3.80615,5.740e-04,0.375,0.141,23646
595,4.36275,3.80615,5.739e-04,0.391,0.172,23503
596,3.87106,3.80615,5.738e-04,0.449,0.240,23549
597,3.60525,3.80615,5.737e-04,0.434,0.169,23586
598,3.83515,3.80615,5.735e-04,0.531,0.252,23513
599,3.52344,3.80615,5.734e-04,0.643,0.313,23626
600,3.78675,3.80615,5.733e-04,0.452,0.209,23520
601,4.45591,3.80615,5.731e-04,0.454,0.204,23527
602,4.11362,3.80615,5.730e-04,0.405,0.176,23594
603,3.81387,3.80615,5.729e-04,0.436,0.171,23532
604,3.98281,3.80615,5.727e-04,0.429,0.173,23638
605,3.87568,3.80615,5.726e-04,0.401,0.173,23534
606,3.71878,3.80615,5.725e-04,0.408,0.179,23519
607,3.61271,3.80615,5.723e-04,0.440,0.187,23672
608,3.64373,3.80615,5.722e-04,0.773,0.466,23497
609,4.29778,3.80615,5.721e-04,0.696,0.294,23587
610,4.36471,3.80615,5.719e-04,0.427,0.217,23560
611,3.58516,3.80615,5.718e-04,0.749,0.391,23554
612,3.80332,3.80615,5.717e-04,0.416,0.176,23644
613,4.38768,3.80615,5.715e-04,0.465,0.173,23537
614,4.07929,3.80615,5.714e-04,0.431,0.162,23578
615,4.19771,3.80615,5.713e-04,0.398,0.165,23597
616,3.40694,3.80615,5.711e-04,0.466,0.220,23564
617,4.00439,3.80615,5.710e-04,0.478,0.208,23600
618,4.41377,3.80615,5.708e-04,0.430,0.180,23551
619,4.15367,3.80615,5.707e-04,0.411,0.183,23583
620,3.91336,3.80615,5.706e-04,0.401,0.163,23605
621,4.08318,3.80615,5.704e-04,0.423,0.170,23512
622,4.32410,3.80615,5.703e-04,0.383,0.166,23614
623,3.83776,3.80615,5.702e-04,0.452,0.247,23530
624,3.80477,3.80615,5.700e-04,0.487,0.257,23548
625,3.64738,3.80615,5.699e-04,0.550,0.278,23648
626,3.86277,3.80615,5.697e-04,0.475,0.236,23531
627,4.08894,3.80615,5.696e-04,0.436,0.182,23564
628,4.38579,3.80615,5.695e-04,0.419,0.169,23556
629,3.75069,3.80615,5.693e-04,0.446,0.188,23544
630,3.61540,3.80615,5.692e-04,0.472,0.274,23640
631,3.54903,3.80615,5.690e-04,0.522,0.325,23534
632,4.13664,3.80615,5.689e-04,0.439,0.254,23579
633,3.86485,3.80615,5.688e-04,0.437,0.184,23560
634,4.25631,3.80615,5.686e-04,0.511,0.300,23517
635,3.84354,3.80615,5.685e-04,0.426,0.192,23639
636,4.17719,3.80615,5.683e-04,0.442,0.204,23520
637,3.69681,3.80615,5.682e-04,0.420,0.181,23580
638,4.02464,3.80615,5.680e-04,0.514,0.272,23555
639,4.48863,3.80615,5.679e-04,0.605,0.330,23579
640,4.47637,3.80615,5.678e-04,0.413,0.181,23584
641,3.90084,3.80615,5.676e-04,0.518,0.251,23509
642,3.45401,3.80615,5.675e-04,0.510,0.249,23557
643,3.71617,3.80615,5.673e-04,0.506,0.269,23615
644,3.78891,3.80615,5.672e-04,0.433,0.190,23529
645,3.88506,3.80615,5.670e-04,0.615,0.313,23610
646,3.57599,3.80615,5.669e-04,0.468,0.199,23518
647,3.62375,3.80615,5.667e-04,0.494,0.221,23527
648,4.02613,3.80615,5.666e-04,0.565,0.267,23674
649,3.87351,3.80615,5.665e-04,0.453,0.203,23498
650,3.51292,3.80615,5.663e-04,0.485,0.262,23586
651,3.55953,3.80615,5.662e-04,0.597,0.331,23545
652,4.07551,3.80615,5.660e-04,0.466,0.236,23526
653,3.26321,3.80615,5.659e-04,0.599,0.327,23635
654,3.77881,3.80615,5.657e-04,0.470,0.206,23511
655,3.98045,3.80615,5.656e-04,0.507,0.229,23618
656,4.25210,3.80615,5.654e-04,0.486,0.230,23582
657,4.18130,3.80615,5.653e-04,0.524,0.262,23523
658,3.81952,3.80615,5.651e-04,0.471,0.203,23624
659,3.63530,3.80615,5.650e-04,0.596,0.326,23562
660,4.29944,3.80615,5.648e-04,0.550,0.247,23525
661,4.01581,3.80615,5.647e-04,0.530,0.264,23616
662,4.08497,3.80615,5.645e-04,0.574,0.277,23495
663,3.50082,3.80615,5.644e-04,0.550,0.274,23631
664,4.12791,3.80615,5.642e-04,0.500,0.214,23556
665,3.51164,3.80615,5.641e-04,0.535,0.240,23501
666,3.94331,3.80615,5.639e-04,0.654,0.400,23638
667,3.28757,3.80615,5.638e-04,0.654,0.392,23547
668,3.80238,3.80615,5.636e-04,0.504,0.206,23609
669,3.55876,3.80615,5.635e-04,0.700,0.356,23536
670,3.61254,3.80615,5.633e-04,0.641,0.300,23564
671,3.70264,3.80615,5.632e-04,0.581,0.313,23641
672,3.82718,3.80615,5.630e-04,0.451,0.197,23542
673,4.19623,3.80615,5.629e-04,0.526,0.238,23580
674,3.34617,3.80615,5.627e-04,0.497,0.201,23576
675,3.79846,3.80615,5.626e-04,0.502,0.205,23500
676,3.69456,3.80615,5.624e-04,0.518,0.210,23642
677,3.88388,3.80615,5.622e-04,0.568,0.326,23518
678,3.83708,3.80615,5.621e-04,0.796,0.494,23578
679,4.03730,3.80615,5.619e-04,0.856,0.551,23570
680,3.64260,3.80615,5.618e-04,0.557,0.274,23557
681,3.47805,3.80615,5.616e-04,0.670,0.389,23588
682,4.46317,3.80615,5.615e-04,0.534,0.229,23533
683,4.00804,3.80615,5.613e-04,0.544,0.238,23532
684,3.75459,3.80615,5.612e-04,0.587,0.249,23601
685,4.05138,3.80615,5.610e-04,0.488,0.211,23528
686,3.70783,3.80615,5.608e-04,0.570,0.276,23572
687,3.99401,3.80615,5.607e-04,0.603,0.295,23504
688,3.88752,3.80615,5.605e-04,0.550,0.233,23533
689,4.13999,3.80615,5.604e-04,0.498,0.230,23613
690,4.19515,3.80615,5.602e-04,0.531,0.286,23534
691,3.82335,3.80615,5.601e-04,0.492,0.215,23583
692,4.11518,3.80615,5.599e-04,0.555,0.285,23548
693,3.49692,3.80615,5.597e-04,0.683,0.331,23520
694,3.84906,3.80615,5.596e-04,0.700,0.382,23621
695,3.95047,3.80615,5.594e-04,0.569,0.273,23532
696,3.37560,3.80615,5.593e-04,0.624,0.322,23570
697,3.65107,3.80615,5.591e-04,0.602,0.260,23569
698,3.70306,3.80615,5.589e-04,0.597,0.289,23519
699,4.00596,3.80615,5.588e-04,0.710,0.414,23620
700,3.73761,3.80615,5.586e-04,0.598,0.296,23529
701,3.46766,3.80615,5.585e-04,0.697,0.325,23551
702,3.99712,3.80615,5.583e-04,0.588,0.251,23583
703,3.87195,3.80615,5.581e-04,0.644,0.333,23552
704,3.71980,3.80615,5.580e-04,0.570,0.232,23629
705,4.04776,3.80615,5.578e-04,0.561,0.277,23546
706,3.67910,3.80615,5.576e-04,0.574,0.279,23571
707,3.21192,3.80615,5.575e-04,0.650,0.310,23587
708,3.82429,3.80615,5.573e-04,0.527,0.220,23550
709,3.86005,3.80615,5.572e-04,0.605,0.286,23607
710,3.90695,3.80615,5.570e-04,0.737,0.386,23525
711,3.87928,3.80615,5.568e-04,0.611,0.286,23524
712,3.65134,3.80615,5.567e-04,0.614,0.248,23638
713,3.73096,3.80615,5.565e-04,0.763,0.399,23527
714,3.83897,3.80615,5.563e-04,0.699,0.368,23591
715,3.54281,3.80615,5.562e-04,0.617,0.259,23568
716,3.43710,3.80615,5.560e-04,0.673,0.282,23512
717,3.72028,3.80615,5.558e-04,0.536,0.233,23608
718,3.88399,3.80615,5.557e-04,0.707,0.363,23552
719,3.81438,3.80615,5.555e-04,0.734,0.363,23576
720,3.81635,3.80615,5.553e-04,0.728,0.265,23572
721,3.43118,3.80615,5.552e-04,0.709,0.312,23527
722,3.70629,3.80615,5.550e-04,0.662,0.275,23650
723,3.71871,3.80615,5.548e-04,0.596,0.237,23553
724,4.11224,3.80615,5.547e-04,0.549,0.256,23537
725,3.73086,3.80615,5.545e-04,0.577,0.225,23624
726,4.34687,3.80615,5.543e-04,0.613,0.280,23543
727,3.43109,3.80615,5.542e-04,0.661,0.293,23647
728,3.42263,3.80615,5.540e-04,0.785,0.390,23549
729,3.91755,3.80615,5.538e-04,0.601,0.229,23523
730,3.96811,3.80615,5.537e-04,0.599,0.283,23597
731,3.84765,3.80615,5.535e-04,0.643,0.266,23517
732,3.65678,3.80615,5.533e-04,0.599,0.247,23582
733,4.05275,3.80615,5.531e-04,0.610,0.249,23544
734,3.69064,3.80615,5.530e-04,0.619,0.275,23531
735,3.97730,3.80615,5.528e-04,0.600,0.300,23611
736,3.52652,3.80615,5.526e-04,0.636,0.284,23514
737,3.89394,3.80615,5.525e-04,0.702,0.382,23604
738,3.16593,3.80615,5.523e-04,0.691,0.276,23565
739,3.65498,3.80615,5.521e-04,0.600,0.224,23570
740,4.11877,3.80615,5.519e-04,0.516,0.207,23628
741,3.44282,3.80615,5.518e-04,0.511,0.193,23502
742,3.75232,3.80615,5.516e-04,0.570,0.198,23582
743,3.76900,3.80615,5.514e-04,0.573,0.231,23616
744,3.65981,3.80615,5.512e-04,0.691,0.273,23501
745,3.75919,3.80615,5.511e-04,0.661,0.274,23639
746,3.68529,3.80615,5.509e-04,0.707,0.369,23483
747,3.58688,3.80615,5.507e-04,0.704,0.385,23525
748,3.98302,3.80615,5.506e-04,0.630,0.284,23606
749,4.03486,3.80615,5.504e-04,0.610,0.272,23515
750,3.39095,3.54402,5.502e-04,0.656,0.284,6735
751,3.63287,3.54402,5.500e-04,0.600,0.233,23821
752,4.24999,3.54402,5.499e-04,0.539,0.213,23622
753,3.85908,3.54402,5.497e-04,0.625,0.234,23521
754,3.99309,3.54402,5.495e-04,0.693,0.265,23606
755,3.58537,3.54402,5.493e-04,0.736,0.318,23524
756,3.48809,3.54402,5.491e-04,1.197,0.614,23563
757,3.44151,3.54402,5.490e-04,0.769,0.295,23624
758,3.70266,3.54402,5.488e-04,0.612,0.264,23491
759,3.70215,3.54402,5.486e-04,0.606,0.223,23618
760,3.41287,3.54402,5.484e-04,0.647,0.279,23515
761,4.20601,3.54402,5.483e-04,0.598,0.233,23529
762,3.92301,3.54402,5.481e-04,0.626,0.302,23637
763,3.53058,3.54402,5.479e-04,0.702,0.274,23509
764,3.18426,3.54402,5.477e-04,0.674,0.258,23578
765,3.63401,3.54402,5.475e-04,0.639,0.236,23570
766,3.81076,3.54402,5.474e-04,0.673,0.289,23538
767,3.33270,3.54402,5.472e-04,0.728,0.311,23620
768,3.64917,3.54402,5.470e-04,0.669,0.258,23536
769,3.62498,3.54402,5.468e-04,0.602,0.214,23563
770,3.41224,3.54402,5.466e-04,0.544,0.189,23598
771,3.52503,3.54402,5.465e-04,0.605,0.241,23501
772,3.65358,3.54402,5.463e-04,0.636,0.240,23591
773,3.93124,3.54402,5.461e-04,0.579,0.215,23498
774,3.98745,3.54402,5.459e-04,0.613,0.222,23550
775,4.14611,3.54402,5.457e-04,0.671,0.250,23618
776,3.90708,3.54402,5.456e-04,0.633,0.234,23521
777,4.09351,3.54402,5.454e-04,0.600,0.249,23660
778,3.91305,3.54402,5.452e-04,0.582,0.240,23523
779,3.47402,3.54402,5.450e-04,0.591,0.203,23489
780,3.53937,3.54402,5.448e-04,0.831,0.325,23613
781,3.89479,3.54402,5.446e-04,0.735,0.354,23515
782,3.61996,3.54402,5.445e-04,0.808,0.340,23618
783,3.74838,3.54402,5.443e-04,0.834,0.330,23564
784,3.63088,3.54402,5.441e-04,0.676,0.265,23516
785,3.73934,3.54402,5.439e-04,0.707,0.231,23595
786,3.64550,3.54402,5.437e-04,0.684,0.289,23537
787,3.26445,3.54402,5.435e-04,0.806,0.247,23583
788,3.53435,3.54402,5.433e-04,0.958,0.358,23569
789,3.20331,3.54402,5.432e-04,0.840,0.334,23536
790,3.74356,3.54402,5.430e-04,0.726,0.237,23615
791,4.11133,3.54402,5.428e-04,0.622,0.232,23521
792,4.35983,3.54402,5.426e-04,0.597,0.210,23533
793,3.91597,3.54402,5.424e-04,0.588,0.199,23604
794,3.62693,3.54402,5.422e-04,0.628,0.246,23517
795,3.63124,3.54402,5.420e-04,0.675,0.257,23623
796,3.11029,3.54402,5.418e-04,0.608,0.193,23523
797,3.60922,3.54402,5.417e-04,0.602,0.222,23534
798,4.07207,3.54402,5.415e-04,0.640,0.230,23625
799,3.77099,3.54402,5.413e-04,0.946,0.398,23535
800,3.80526,3.54402,5.411e-04,0.948,0.364,23631
801,3.37824,3.54402,5.409e-04,0.853,0.297,23486
802,3.17810,3.54402,5.407e-04,0.876,0.364,23509
803,3.92236,3.54402,5.405e-04,0.774,0.385,23623
804,3.61220,3.54402,5.403e-04,0.664,0.239,23543
805,3.39249,3.54402,5.401e-04,0.836,0.395,23595
806,3.72818,3.54402,5.400e-04,0.698,0.310,23555
807,3.65128,3.54402,5.398e-04,0.655,0.229,23531
808,3.72807,3.54402,5.396e-04,0.652,0.272,23577
809,3.69710,3.54402,5.394e-04,0.647,0.216,23559
810,3.27462,3.54402,5.392e-04,0.636,0.226,23550
811,3.51368,3.54402,5.390e-04,0.757,0.229,23558
812,3.85763,3.54402,5.388e-04,0.677,0.252,23538
813,3.37245,3.54402,5.386e-04,0.785,0.339,23626
814,3.35886,3.54402,5.384e-04,0.878,0.351,23531
815,3.74579,3.54402,5.382e-04,0.650,0.241,23569
816,3.70099,3.54402,5.380e-04,0.809,0.267,23592
817,3.40644,3.54402,5.378e-04,0.663,0.223,23520
818,3.29877,3.54402,5.377e-04,0.841,0.306,23602
819,3.85794,3.54402,5.375e-04,0.596,0.189,23512
820,3.42344,3.54402,5.373e-04,0.853,0.368,23536
821,3.34580,3.54402,5.371e-04,0.793,0.274,23578
822,3.21823,3.54402,5.369e-04,0.683,0.260,23495
823,3.67524,3.54402,5.367e-04,0.778,0.287,23609
824,3.25553,3.54402,5.365e-04,0.651,0.211,23550
825,3.49546,3.54402,5.363e-04,0.643,0.216,23528
826,3.81089,3.54402,5.361e-04,0.628,0.233,23651
827,3.44564,3.54402,5.359e-04,0.668,0.212,23516
828,3.50164,3.54402,5.357e-04,0.771,0.240,23597
829,3.27299,3.54402,5.355e-04,0.967,0.397,23532
830,3.81106,3.54402,5.353e-04,0.755,0.302,23594
831,3.69210,3.54402,5.351e-04,0.627,0.216,23608
832,4.25740,3.54402,5.349e-04,0.629,0.222,23506
833,3.32411,3.54402,5.347e-04,0.614,0.164,23552
834,3.44317,3.54402,5.345e-04,0.692,0.237,23585
835,3.45034,3.54402,5.343e-04,0.669,0.218,23511
836,3.47997,3.54402,5.341e-04,0.605,0.254,23615
837,3.90894,3.54402,5.339e-04,0.676,0.237,23524
838,3.81568,3.54402,5.337e-04,0.563,0.179,23546
839,3.11733,3.54402,5.335e-04,0.734,0.242,23624
840,3.21045,3.54402,5.333e-04,0.899,0.342,23530
841,3.38720,3.54402,5.331e-04,0.678,0.260,23599
842,3.41799,3.54402,5.329e-04,0.621,0.235,23523
843,3.33311,3.54402,5.327e-04,0.780,0.291,23561
844,3.20189,3.54402,5.325e-04,0.709,0.227,23604
845,3.47948,3.54402,5.323e-04,0.584,0.172,23517
846,3.26130,3.54402,5.321e-04,0.739,0.256,23613
847,3.51440,3.54402,5.319e-04,0.694,0.204,23538
848,3.62475,3.54402,5.317e-04,0.728,0.261,23535
849,3.07807,3.54402,5.315e-04,0.937,0.327,23615
850,3.79705,3.54402,5.313e-04,0.723,0.254,23539
851,3.88379,3.54402,5.311e-04,0.603,0.194,23573
852,3.95500,3.54402,5.309e-04,0.633,0.194,23572
853,3.35505,3.54402,5.307e-04,0.698,0.228,23510
854,3.35245,3.54402,5.305e-04,0.830,0.302,23583
855,3.29699,3.54402,5.303e-04,0.731,0.303,23529
856,3.47388,3.54402,5.301e-04,0.769,0.258,23570
857,3.46048,3.54402,5.299e-04,0.739,0.239,23561
858,3.49718,3.54402,5.297e-04,1.037,0.396,23521
859,3.06191,3.54402,5.295e-04,0.992,0.377,23599
860,3.75514,3.54402,5.293e-04,0.714,0.240,23521
861,3.51744,3.54402,5.291e-04,0.839,0.254,23549
862,3.60823,3.54402,5.289e-04,0.647,0.189,23631
863,3.55653,3.54402,5.287e-04,0.602,0.170,23499
864,3.66584,3.54402,5.285e-04,0.646,0.209,23654
865,3.82541,3.54402,5.283e-04,0.570,0.179,23518
866,3.70078,3.54402,5.281e-04,0.630,0.203,23529
867,3.21861,3.54402,5.279e-04,0.754,0.249,23598
868,3.98081,3.54402,5.276e-04,0.613,0.193,23542
869,3.86263,3.54402,5.274e-04,0.653,0.213,23610
870,3.45738,3.54402,5.272e-04,0.744,0.229,23545
871,3.57419,3.54402,5.270e-04,0.680,0.234,23508
872,3.41032,3.54402,5.268e-04,0.800,0.215,23613
873,3.59319,3.54402,5.266e-04,0.586,0.181,23540
874,3.56282,3.54402,5.264e-04,0.723,0.216,23587
875,3.76983,3.54402,5.262e-04,0.685,0.244,23592
876,3.33954,3.54402,5.260e-04,0.710,0.242,23543
877,3.71758,3.54402,5.258e-04,0.711,0.258,23644
878,4.03479,3.54402,5.256e-04,0.580,0.172,23499
879,3.97985,3.54402,5.254e-04,0.604,0.184,23568
880,3.41269,3.54402,5.252e-04,0.754,0.223,23556
881,3.53440,3.54402,5.249e-04,0.607,0.173,23534
882,3.86719,3.54402,5.247e-04,0.653,0.177,23613
883,3.25606,3.54402,5.245e-04,0.630,0.174,23531
884,3.64690,3.54402,5.243e-04,0.570,0.173,23569
885,3.07551,3.54402,5.241e-04,0.738,0.216,23598
886,3.36672,3.54402,5.239e-04,0.746,0.251,23559
887,3.39956,3.54402,5.237e-04,0.671,0.189,23583
888,3.48409,3.54402,5.235e-04,0.710,0.218,23541
889,3.58221,3.54402,5.233e-04,0.655,0.188,23507
890,3.29549,3.54402,5.230e-04,0.721,0.232,23605
891,3.94816,3.54402,5.228e-04,0.709,0.292,23545
892,3.11710,3.54402,5.226e-04,0.764,0.219,23584
893,3.71096,3.54402,5.224e-04,0.737,0.240,23551
894,3.06976,3.54402,5.222e-04,0.735,0.207,23516
895,3.47086,3.54402,5.220e-04,0.734,0.234,23640
896,3.79064,3.54402,5.218e-04,0.701,0.231,23504
897,3.64371,3.54402,5.216e-04,0.776,0.250,23582
898,3.66272,3.54402,5.213e-04,0.733,0.229,23553
899,3.37449,3.54402,5.211e-04,0.817,0.262,23534
900,3.75989,3.54402,5.209e-04,0.704,0.214,23611
901,3.71822,3.54402,5.207e-04,0.782,0.240,23510
902,3.89907,3.54402,5.205e-04,0.743,0.230,23569
903,3.91358,3.54402,5.203e-04,0.662,0.193,23591
904,3.37430,3.54402,5.201e-04,0.764,0.232,23546
905,3.13892,3.54402,5.198e-04,0.723,0.210,23621
906,3.22970,3.54402,5.196e-04,0.731,0.199,23548
907,3.61940,3.54402,5.194e-04,0.619,0.186,23538
908,4.08435,3.54402,5.192e-04,0.617,0.193,23624
909,3.35337,3.54402,5.190e-04,0.709,0.220,23532
910,3.72098,3.54402,5.188e-04,0.662,0.239,23609
911,3.56704,3.54402,5.185e-04,0.742,0.223,23530
912,3.34287,3.54402,5.183e-04,0.616,0.185,23529
913,3.68950,3.54402,5.181e-04,0.742,0.215,23607
914,3.53184,3.54402,5.179e-04,0.659,0.206,23502
915,3.93664,3.54402,5.177e-04,0.618,0.203,23560
916,3.70164,3.54402,5.175e-04,0.737,0.196,23568
917,3.59235,3.54402,5.172e-04,0.657,0.198,23514
918,3.40664,3.54402,5.170e-04,0.672,0.192,23632
919,3.06277,3.54402,5.168e-04,0.817,0.264,23523
920,3.44268,3.54402,5.166e-04,0.787,0.222,23582
921,3.46863,3.54402,5.164e-04,0.817,0.231,23523
922,3.34330,3.54402,5.161e-04,0.758,0.235,23525
923,3.21879,3.54402,5.159e-04,1.112,0.341,23624
924,3.90811,3.54402,5.157e-04,0.873,0.266,23506
925,3.34849,3.54402,5.155e-04,0.686,0.191,23549
926,3.39202,3.54402,5.153e-04,0.734,0.234,23593
927,3.13882,3.54402,5.150e-04,0.720,0.215,23543
928,3.28919,3.54402,5.148e-04,0.759,0.201,23577
929,3.64954,3.54402,5.146e-04,0.718,0.235,23553
930,4.43773,3.54402,5.144e-04,0.629,0.191,23498
931,4.03624,3.54402,5.142e-04,0.728,0.240,23630
932,3.47838,3.54402,5.139e-04,0.692,0.184,23519
933,3.16321,3.54402,5.137e-04,0.855,0.243,23602
934,3.20036,3.54402,5.135e-04,0.974,0.342,23556
935,3.99709,3.54402,5.133e-04,0.733,0.261,23545
936,3.26271,3.54402,5.131e-04,0.742,0.225,23656
937,3.45897,3.54402,5.128e-04,0.819,0.311,23491
938,3.70059,3.54402,5.126e-04,0.684,0.195,23584
939,3.43324,3.54402,5.124e-04,0.773,0.221,23530
940,3.95783,3.54402,5.122e-04,0.673,0.194,23533
941,2.96761,3.54402,5.119e-04,0.753,0.205,23617
942,3.36825,3.54402,5.117e-04,0.670,0.190,23486
943,3.68222,3.54402,5.115e-04,0.729,0.214,23589
944,3.57617,3.54402,5.113e-04,0.654,0.178,23569
945,3.00797,3.54402,5.110e-04,0.716,0.204,23528
946,3.29444,3.54402,5.108e-04,0.794,0.178,23569
947,3.09198,3.54402,5.106e-04,0.872,0.213,23532
948,3.50669,3.54402,5.104e-04,1.009,0.296,23568
949,3.75156,3.54402,5.101e-04,0.797,0.225,23609
950,3.97054,3.54402,5.099e-04,0.680,0.220,23542
951,3.25363,3.54402,5.097e-04,0.810,0.215,23596
952,3.68589,3.54402,5.095e-04,0.696,0.210,23540
953,3.62955,3.54402,5.092e-04,0.728,0.210,23526
954,3.23148,3.54402,5.090e-04,0.752,0.224,23586
955,3.25575,3.54402,5.088e-04,0.765,0.221,23526
956,3.44028,3.54402,5.086e-04,0.670,0.189,23606
957,3.36403,3.54402,5.083e-04,0.693,0.202,23540
958,3.84494,3.54402,5.081e-04,0.642,0.191,23528
959,3.02483,3.54402,5.079e-04,0.758,0.207,23592
960,3.66525,3.54402,5.076e-04,0.672,0.184,23511
961,3.87480,3.54402,5.074e-04,0.630,0.168,23548
962,3.55572,3.54402,5.072e-04,0.680,0.208,23556
963,3.15843,3.54402,5.070e-04,0.730,0.215,23524
964,3.54958,3.54402,5.067e-04,0.954,0.330,23599
965,3.47017,3.54402,5.065e-04,0.723,0.205,23564
966,3.35324,3.54402,5.063e-04,0.729,0.184,23557
967,3.60983,3.54402,5.060e-04,0.708,0.200,23614
968,3.84924,3.54402,5.058e-04,0.623,0.186,23541
969,3.81177,3.54402,5.056e-04,0.689,0.197,23623
970,4.08498,3.54402,5.054e-04,0.585,0.170,23554
971,3.42478,3.54402,5.051e-04,0.746,0.214,23518
972,3.49066,3.54402,5.049e-04,0.739,0.218,23602
973,3.62458,3.54402,5.047e-04,0.657,0.194,23517
974,2.88790,3.54402,5.044e-04,0.723,0.186,23633
975,3.36374,3.54402,5.042e-04,0.697,0.194,23529
976,3.25918,3.54402,5.040e-04,0.796,0.226,23525
977,2.99687,3.54402,5.037e-04,0.789,0.254,23647
978,3.39034,3.54402,5.035e-04,0.814,0.204,23540
979,3.29190,3.54402,5.033e-04,0.803,0.216,23601
980,2.96411,3.54402,5.030e-04,0.820,0.252,23543
981,2.98200,3.54402,5.028e-04,0.771,0.235,23495
982,3.37169,3.54402,5.026e-04,0.650,0.191,23633
983,3.66311,3.54402,5.023e-04,0.744,0.199,23501
984,3.74758,3.54402,5.021e-04,0.715,0.192,23588
985,3.21346,3.54402,5.019e-04,0.774,0.244,23564
986,3.62190,3.54402,5.016e-04,0.691,0.182,23481
987,3.88738,3.54402,5.014e-04,0.785,0.262,23618
988,3.25050,3.54402,5.012e-04,0.736,0.203,23514
989,3.32243,3.54402,5.009e-04,0.796,0.197,23556
990,3.47339,3.54402,5.007e-04,0.672,0.183,23571
991,3.48161,3.54402,5.005e-04,0.645,0.178,23510
992,3.53259,3.54402,5.002e-04,0.685,0.204,23607
993,3.47922,3.54402,5.000e-04,0.697,0.187,23552
994,2.86438,3.54402,4.998e-04,0.737,0.184,23543
995,3.42866,3.54402,4.995e-04,0.681,0.197,23609
996,3.11452,3.54402,4.993e-04,0.699,0.181,23539
997,3.64188,3.54402,4.991e-04,0.675,0.192,23672
998,3.43821,3.54402,4.988e-04,0.703,0.213,23529
999,3.44726,3.54402,4.986e-04,0.714,0.218,23534
1000,2.93660,3.23400,4.983e-04,0.783,0.212,6738
1001,3.29136,3.23400,4.981e-04,0.858,0.228,23884
1002,3.42918,3.23400,4.979e-04,0.720,0.200,23513
1003,3.11812,3.23400,4.976e-04,0.725,0.185,23520
1004,3.36918,3.23400,4.974e-04,0.786,0.228,23622
1005,3.05208,3.23400,4.972e-04,0.842,0.276,23515
1006,3.43565,3.23400,4.969e-04,0.733,0.191,23605
1007,4.08443,3.23400,4.967e-04,0.752,0.215,23536
1008,3.64271,3.23400,4.964e-04,0.776,0.218,23498
1009,3.26376,3.23400,4.962e-04,0.834,0.248,23649
1010,3.79244,3.23400,4.960e-04,0.673,0.179,23531
1011,3.25946,3.23400,4.957e-04,0.832,0.246,23566
1012,3.01574,3.23400,4.955e-04,0.824,0.240,23577
1013,3.31775,3.23400,4.952e-04,0.819,0.245,23515
1014,3.37038,3.23400,4.950e-04,0.796,0.227,23654
1015,3.72398,3.23400,4.948e-04,0.619,0.164,23515
1016,3.90178,3.23400,4.945e-04,0.797,0.251,23568
1017,3.50661,3.23400,4.943e-04,0.632,0.160,23582
1018,3.38124,3.23400,4.940e-04,0.744,0.195,23534
1019,3.71255,3.23400,4.938e-04,0.593,0.153,23644
1020,3.39412,3.23400,4.936e-04,0.700,0.202,23526
1021,3.48971,3.23400,4.933e-04,0.698,0.188,23522
1022,3.53741,3.23400,4.931e-04,0.756,0.215,23608
1023,3.64076,3.23400,4.928e-04,0.707,0.197,23526
1024,3.69937,3.23400,4.926e-04,0.662,0.217,23599
1025,2.67041,3.23400,4.924e-04,0.766,0.205,23505
1026,3.33892,3.23400,4.921e-04,0.679,0.190,23558
1027,4.21500,3.23400,4.919e-04,0.742,0.211,23640
1028,3.03917,3.23400,4.916e-04,0.741,0.231,23491
1029,3.03531,3.23400,4.914e-04,0.844,0.231,23619
1030,3.36548,3.23400,4.911e-04,0.740,0.203,23507
1031,2.55968,3.23400,4.909e-04,0.801,0.221,23513
1032,3.38795,3.23400,4.907e-04,0.684,0.185,23655
1033,3.43676,3.23400,4.904e-04,0.720,0.188,23494
1034,3.59612,3.23400,4.902e-04,0.695,0.189,23605
1035,3.32666,3.23400,4.899e-04,0.724,0.208,23562
1036,3.15896,3.23400,4.897e-04,0.661,0.164,23526
1037,3.21675,3.23400,4.894e-04,0.761,0.194,23565
1038,2.96715,3.23400,4.892e-04,0.768,0.206,23510
1039,2.92386,3.23400,4.889e-04,0.742,0.196,23551
1040,3.08699,3.23400,4.887e-04,0.681,0.209,23605
1041,3.26876,3.23400,4.885e-04,0.797,0.209,23525
1042,3.40657,3.23400,4.882e-04,0.874,0.266,23623
1043,3.28215,3.23400,4.880e-04,0.827,0.239,23507
1044,3.45420,3.23400,4.877e-04,0.719,0.194,23543
1045,3.31917,3.23400,4.875e-04,0.728,0.210,23612
1046,3.33468,3.23400,4.872e-04,0.715,0.175,23531
1047,3.66343,3.23400,4.870e-04,0.707,0.181,23613
1048,3.03156,3.23400,4.867e-04,0.892,0.237,23487
1049,3.38799,3.23400,4.865e-04,1.041,0.300,23520
1050,3.19547,3.23400,4.862e-04,0.799,0.237,23604
1051,3.41982,3.23400,4.860e-04,0.758,0.196,23512
1052,3.82864,3.23400,4.857e-04,0.705,0.228,23609
1053,4.03490,3.23400,4.855e-04,0.758,0.230,23587
1054,3.52655,3.23400,4.853e-04,0.738,0.207,23497
1055,3.18185,3.23400,4.850e-04,0.690,0.171,23630
1056,3.42789,3.23400,4.848e-04,0.676,0.173,23467
1057,3.60073,3.23400,4.845e-04,0.700,0.213,23573
1058,3.14871,3.23400,4.843e-04,0.757,0.196,23540
1059,3.57058,3.23400,4.840e-04,0.662,0.167,23499
1060,3.75331,3.23400,4.838e-04,0.604,0.153,23577
1061,3.52674,3.23400,4.835e-04,0.667,0.176,23524
1062,3.23401,3.23400,4.833e-04,0.697,0.188,23544
1063,3.96416,3.23400,4.830e-04,0.675,0.190,23598
1064,3.10994,3.23400,4.828e-04,0.825,0.227,23506
1065,3.24585,3.23400,4.825e-04,0.821,0.218,23616
1066,3.59769,3.23400,4.823e-04,0.625,0.155,23523
1067,3.40428,3.23400,4.820e-04,0.777,0.202,23522
1068,3.45097,3.23400,4.818e-04,0.713,0.165,23597
1069,3.01779,3.23400,4.815e-04,0.766,0.224,23492
1070,3.61332,3.23400,4.813e-04,0.693,0.185,23618
1071,4.00088,3.23400,4.810e-04,0.664,0.184,23511
1072,3.16137,3.23400,4.808e-04,0.784,0.202,23496
1073,3.78663,3.23400,4.805e-04,0.806,0.237,23644
1074,3.49707,3.23400,4.803e-04,0.740,0.176,23510
1075,3.43641,3.23400,4.800e-04,0.809,0.243,23637
1076,3.34143,3.23400,4.798e-04,0.887,0.239,23523
1077,3.30018,3.23400,4.795e-04,0.717,0.200,23539
1078,3.80371,3.23400,4.792e-04,0.799,0.198,23629
1079,3.17787,3.23400,4.790e-04,0.709,0.171,23533
1080,4.01810,3.23400,4.787e-04,0.664,0.187,23527
1081,3.59057,3.23400,4.785e-04,0.690,0.159,23544
1082,2.91824,3.23400,4.782e-04,0.736,0.164,23553
1083,3.05247,3.23400,4.780e-04,0.751,0.204,23581
1084,3.27737,3.23400,4.777e-04,0.691,0.171,23561
1085,3.81358,3.23400,4.775e-04,0.746,0.220,23509
1086,3.88242,3.23400,4.772e-04,0.652,0.185,23592
1087,2.79457,3.23400,4.770e-04,0.819,0.229,23554
1088,3.40575,3.23400,4.767e-04,0.727,0.222,23622
1089,3.52287,3.23400,4.765e-04,0.672,0.186,23534
1090,4.01932,3.23400,4.762e-04,0.751,0.199,23535
1091,2.84619,3.23400,4.759e-04,0.793,0.194,23606
1092,3.18083,3.23400,4.757e-04,0.732,0.198,23536
1093,3.37709,3.23400,4.754e-04,0.736,0.177,23654
1094,3.08866,3.23400,4.752e-04,0.743,0.206,23523
1095,3.00715,3.23400,4.749e-04,0.698,0.181,23555
1096,3.62080,3.23400,4.747e-04,0.804,0.239,23628
1097,3.41351,3.23400,4.744e-04,0.670,0.162,23553
1098,3.28676,3.23400,4.742e-04,0.697,0.191,23546
1099,3.18329,3.23400,4.739e-04,0.666,0.161,23575
1100,3.05591,3.23400,4.736e-04,0.676,0.173,23504
1101,3.11041,3.23400,4.734e-04,0.717,0.193,23593
1102,2.83059,3.23400,4.731e-04,0.836,0.230,23526
1103,3.61671,3.23400,4.729e-04,0.701,0.189,23542
1104,3.10091,3.23400,4.726e-04,0.692,0.191,23566
1105,3.14973,3.23400,4.724e-04,0.723,0.191,23538
1106,3.38977,3.23400,4.721e-04,0.755,0.183,23600
1107,2.93023,3.23400,4.718e-04,0.714,0.176,23516
1108,3.63431,3.23400,4.716e-04,0.691,0.162,23582
1109,2.68330,3.23400,4.713e-04,0.808,0.203,23588
1110,2.65076,3.23400,4.711e-04,0.765,0.198,23520
1111,3.01016,3.23400,4.708e-04,0.694,0.160,23619
1112,2.96683,3.23400,4.706e-04,0.678,0.162,23520
1113,3.56300,3.23400,4.703e-04,0.618,0.161,23518
1114,2.97725,3.23400,4.700e-04,0.787,0.182,23613
1115,2.93979,3.23400,4.698e-04,0.770,0.193,23564
1116,3.09639,3.23400,4.695e-04,0.644,0.163,23602
1117,3.71040,3.23400,4.693e-04,0.696,0.200,23509
1118,3.09900,3.23400,4.690e-04,0.809,0.210,23541
1119,3.12934,3.23400,4.687e-04,0.658,0.157,23606
1120,3.57957,3.23400,4.685e-04,0.745,0.195,23530
1121,3.78910,3.23400,4.682e-04,0.730,0.193,23582
1122,3.04540,3.23400,4.680e-04,0.713,0.167,23566
1123,3.09000,3.23400,4.677e-04,1.000,0.325,23520
1124,2.97060,3.23400,4.674e-04,0.929,0.257,23601
1125,3.90784,3.23400,4.672e-04,0.684,0.192,23527
1126,3.03915,3.23400,4.669e-04,0.871,0.182,23558
1127,3.19376,3.23400,4.667e-04,0.706,0.202,23636
1128,2.56638,3.23400,4.664e-04,0.924,0.197,23555
1129,2.91449,3.23400,4.661e-04,0.753,0.180,23591
1130,3.93766,3.23400,4.659e-04,0.716,0.192,23542
1131,3.31823,3.23400,4.656e-04,0.819,0.238,23530
1132,3.64661,3.23400,4.653e-04,0.701,0.215,23587
1133,3.87169,3.23400,4.651e-04,0.758,0.209,23527
1134,3.22927,3.23400,4.648e-04,0.810,0.218,23602
1135,3.50513,3.23400,4.646e-04,0.753,0.197,23510
1136,3.18752,3.23400,4.643e-04,0.704,0.159,23500
1137,3.56188,3.23400,4.640e-04,0.663,0.160,23641
1138,2.97070,3.23400,4.638e-04,0.717,0.153,23560
1139,3.16353,3.23400,4.635e-04,0.670,0.159,23566
1140,3.58770,3.23400,4.632e-04,0.705,0.170,23529
1141,3.62685,3.23400,4.630e-04,0.714,0.171,23533
1142,3.51985,3.23400,4.627e-04,0.635,0.157,23610
1143,3.48765,3.23400,4.625e-04,0.740,0.202,23533
1144,4.01834,3.23400,4.622e-04,0.635,0.163,23532
1145,3.13576,3.23400,4.619e-04,0.836,0.209,23559
1146,3.55843,3.23400,4.617e-04,0.637,0.158,23527
1147,3.53418,3.23400,4.614e-04,0.700,0.177,23646
1148,3.14863,3.23400,4.611e-04,0.667,0.161,23540
1149,3.44012,3.23400,4.609e-04,0.680,0.163,23561
1150,3.51118,3.23400,4.606e-04,0.715,0.182,23577
1151,3.10793,3.23400,4.603e-04,0.720,0.177,23507
1152,3.42366,3.23400,4.601e-04,0.728,0.168,23596
1153,3.13437,3.23400,4.598e-04,0.679,0.156,23564
1154,3.38563,3.23400,4.595e-04,0.725,0.188,23523
1155,3.79153,3.23400,4.593e-04,0.630,0.149,23624
1156,3.59502,3.23400,4.590e-04,0.804,0.223,23522
1157,3.08196,3.23400,4.587e-04,0.708,0.178,23582
1158,3.34148,3.23400,4.585e-04,0.666,0.188,23549
1159,2.85277,3.23400,4.582e-04,0.727,0.175,23512
1160,2.87693,3.23400,4.579e-04,0.714,0.164,23639
1161,3.21658,3.23400,4.577e-04,0.698,0.162,23532
1162,3.42794,3.23400,4.574e-04,0.697,0.173,23570
1163,3.33328,3.23400,4.571e-04,0.777,0.194,23559
1164,3.46115,3.23400,4.569e-04,0.725,0.195,23512
1165,3.01022,3.23400,4.566e-04,0.797,0.198,23577
1166,2.86205,3.23400,4.563e-04,0.836,0.207,23572
1167,2.72442,3.23400,4.561e-04,0.919,0.222,23539
1168,3.75360,3.23400,4.558e-04,0.717,0.187,23580
1169,3.60378,3.23400,4.555e-04,0.762,0.209,23496
1170,3.42099,3.23400,4.553e-04,0.693,0.164,23610
1171,3.48381,3.23400,4.550e-04,0.697,0.185,23522
1172,3.13726,3.23400,4.547e-04,0.763,0.171,23527
1173,3.86759,3.23400,4.545e-04,0.651,0.170,23592
1174,2.78551,3.23400,4.542e-04,0.829,0.185,23541
1175,3.54745,3.23400,4.539e-04,0.712,0.189,23614
1176,3.10017,3.23400,4.537e-04,0.792,0.183,23515
1177,3.37976,3.23400,4.534e-04,0.640,0.158,23533
1178,3.42831,3.23400,4.531e-04,0.697,0.185,23624
1179,3.12222,3.23400,4.528e-04,0.806,0.204,23560
1180,2.90867,3.23400,4.526e-04,0.721,0.160,23629
1181,3.25956,3.23400,4.523e-04,0.678,0.160,23505
1182,3.08567,3.23400,4.520e-04,0.680,0.156,23575
1183,3.57572,3.23400,4.518e-04,0.736,0.188,23595
1184,3.70230,3.23400,4.515e-04,0.638,0.169,23520
1185,3.22906,3.23400,4.512e-04,0.720,0.177,23604
1186,3.57349,3.23400,4.510e-04,0.747,0.177,23552
1187,3.61112,3.23400,4.507e-04,0.737,0.179,23532
1188,3.34068,3.23400,4.504e-04,0.789,0.203,23595
1189,3.66812,3.23400,4.501e-04,0.748,0.201,23510
1190,3.69103,3.23400,4.499e-04,0.779,0.193,23572
1191,3.26422,3.23400,4.496e-04,0.645,0.148,23591
1192,3.22569,3.23400,4.493e-04,0.891,0.216,23498
1193,3.16066,3.23400,4.491e-04,0.785,0.220,23633
1194,3.34274,3.23400,4.488e-04,0.653,0.153,23513
1195,3.39294,3.23400,4.485e-04,0.737,0.159,23561
1196,3.13194,3.23400,4.482e-04,0.840,0.227,23603
1197,3.50247,3.23400,4.480e-04,0.771,0.220,23474
1198,3.04367,3.23400,4.477e-04,0.823,0.208,23625
1199,3.40285,3.23400,4.474e-04,0.766,0.210,23517
1200,3.18367,3.23400,4.471e-04,0.871,0.209,23523
1201,3.57051,3.23400,4.469e-04,0.699,0.177,23577
1202,3.18122,3.23400,4.466e-04,0.832,0.179,23522
1203,3.64676,3.23400,4.463e-04,0.633,0.141,23629
1204,3.90105,3.23400,4.461e-04,0.662,0.163,23509
1205,3.39630,3.23400,4.458e-04,0.707,0.166,23535
1206,3.36908,3.23400,4.455e-04,0.650,0.150,23623
1207,2.80542,3.23400,4.452e-04,0.720,0.159,23526
1208,2.92708,3.23400,4.450e-04,0.781,0.183,23579
1209,3.58511,3.23400,4.447e-04,0.689,0.184,23565
1210,3.32323,3.23400,4.444e-04,0.710,0.164,23530
1211,3.47786,3.23400,4.441e-04,0.677,0.186,23604
1212,3.46197,3.23400,4.439e-04,0.685,0.150,23552
1213,3.28078,3.23400,4.436e-04,0.706,0.187,23565
1214,3.16446,3.23400,4.433e-04,0.670,0.144,23611
1215,3.13264,3.23400,4.430e-04,0.742,0.171,23536
1216,3.08820,3.23400,4.428e-04,0.692,0.170,23622
1217,3.62064,3.23400,4.425e-04,0.710,0.169,23547
1218,3.31537,3.23400,4.422e-04,0.667,0.149,23532
1219,3.47340,3.23400,4.419e-04,0.680,0.165,23591
1220,2.77522,3.23400,4.417e-04,0.757,0.172,23526
1221,3.11433,3.23400,4.414e-04,0.692,0.176,23577
1222,2.78924,3.23400,4.411e-04,0.811,0.203,23575
1223,3.13083,3.23400,4.408e-04,0.766,0.200,23542
1224,3.14823,3.23400,4.406e-04,0.720,0.177,23649
1225,3.34368,3.23400,4.403e-04,0.764,0.216,23550
1226,3.54916,3.23400,4.400e-04,0.794,0.194,23577
1227,3.15261,3.23400,4.397e-04,0.816,0.226,23556
1228,3.84381,3.23400,4.394e-04,0.726,0.181,23515
1229,3.08135,3.23400,4.392e-04,0.852,0.239,23584
1230,3.26674,3.23400,4.389e-04,0.729,0.175,23547
1231,3.54747,3.23400,4.386e-04,0.920,0.279,23569
1232,3.07035,3.23400,4.383e-04,0.759,0.186,23588
1233,3.05456,3.23400,4.381e-04,0.799,0.224,23527
1234,3.36101,3.23400,4.378e-04,0.777,0.195,23629
1235,3.30472,3.23400,4.375e-04,0.773,0.202,23498
1236,3.46374,3.23400,4.372e-04,0.680,0.166,23535
1237,2.85557,3.23400,4.370e-04,0.789,0.160,23594
1238,2.82055,3.23400,4.367e-04,0.696,0.175,23529
1239,3.53475,3.23400,4.364e-04,0.697,0.172,23592
1240,3.24037,3.23400,4.361e-04,0.733,0.193,23523
1241,3.22279,3.23400,4.358e-04,0.757,0.193,23555
1242,3.35975,3.23400,4.356e-04,0.714,0.179,23613
1243,2.79985,3.23400,4.353e-04,0.832,0.199,23540
1244,3.18312,3.23400,4.350e-04,0.718,0.161,23639
1245,2.86728,3.23400,4.347e-04,0.755,0.161,23558
1246,2.78078,3.23400,4.344e-04,0.834,0.209,23543
1247,3.39054,3.23400,4.342e-04,0.689,0.168,23638
1248,3.63753,3.23400,4.339e-04,0.668,0.183,23493
1249,3.28438,3.23400,4.336e-04,0.795,0.214,23617
1250,3.13277,3.03754,4.333e-04,0.899,0.203,6738
1251,2.91537,3.03754,4.330e-04,0.789,0.181,23883
1252,3.51894,3.03754,4.328e-04,0.642,0.178,23534
1253,3.29723,3.03754,4.325e-04,0.717,0.186,23601
1254,3.23415,3.03754,4.322e-04,0.742,0.169,23551
1255,3.01294,3.03754,4.319e-04,0.762,0.157,23520
1256,3.08327,3.03754,4.316e-04,0.706,0.181,23639
1257,3.27934,3.03754,4.314e-04,0.709,0.164,23520
1258,3.12681,3.03754,4.311e-04,0.679,0.172,23573
1259,3.20726,3.03754,4.308e-04,0.761,0.192,23549
1260,3.56246,3.03754,4.305e-04,0.655,0.167,23534
1261,3.25402,3.03754,4.302e-04,0.686,0.155,23624
1262,3.02925,3.03754,4.300e-04,0.699,0.167,23525
1263,3.59674,3.03754,4.297e-04,0.654,0.158,23527
1264,3.39771,3.03754,4.294e-04,0.749,0.170,23645
1265,3.32596,3.03754,4.291e-04,0.771,0.187,23558
1266,3.14330,3.03754,4.288e-04,0.716,0.161,23627
1267,3.16398,3.03754,4.285e-04,0.767,0.206,23544
1268,2.93847,3.03754,4.283e-04,0.668,0.137,23535
1269,2.84541,3.03754,4.280e-04,0.763,0.163,23597
1270,3.19543,3.03754,4.277e-04,0.715,0.169,23502
1271,3.27242,3.03754,4.274e-04,0.663,0.137,23642
1272,3.07398,3.03754,4.271e-04,0.747,0.181,23532
1273,3.67842,3.03754,4.269e-04,0.695,0.188,23529
1274,3.00548,3.03754,4.266e-04,1.058,0.278,23634
1275,2.89507,3.03754,4.263e-04,0.852,0.205,23547
1276,3.10455,3.03754,4.260e-04,0.797,0.214,23606
1277,3.33352,3.03754,4.257e-04,0.776,0.189,23538
1278,3.03512,3.03754,4.254e-04,0.843,0.205,23518
1279,3.62365,3.03754,4.252e-04,0.720,0.179,23611
1280,3.15895,3.03754,4.249e-04,0.824,0.187,23524
1281,3.18032,3.03754,4.246e-04,0.653,0.141,23544
1282,3.52689,3.03754,4.243e-04,0.715,0.170,23592
1283,3.44305,3.03754,4.240e-04,0.703,0.154,23500
1284,3.62854,3.03754,4.237e-04,0.684,0.155,23590
1285,3.21779,3.03754,4.235e-04,0.759,0.183,23549
1286,3.34146,3.03754,4.232e-04,0.660,0.154,23535
1287,3.26181,3.03754,4.229e-04,0.714,0.169,23598
1288,2.84474,3.03754,4.226e-04,0.759,0.150,23512
1289,3.06901,3.03754,4.223e-04,0.748,0.159,23630
1290,3.46165,3.03754,4.220e-04,0.756,0.165,23491
1291,3.26001,3.03754,4.217e-04,0.774,0.154,23536
1292,3.43629,3.03754,4.215e-04,0.757,0.187,23628
1293,3.20565,3.03754,4.212e-04,0.711,0.159,23503
1294,3.29992,3.03754,4.209e-04,0.700,0.182,23621
1295,2.87571,3.03754,4.206e-04,0.737,0.154,23538
1296,3.34639,3.03754,4.203e-04,0.694,0.158,23533
1297,3.15293,3.03754,4.200e-04,0.833,0.192,23622
1298,3.28515,3.03754,4.197e-04,0.634,0.137,23510
1299,3.06064,3.03754,4.195e-04,0.776,0.200,23572
1300,3.12351,3.03754,4.192e-04,0.658,0.165,23531
1301,3.16412,3.03754,4.189e-04,0.711,0.178,23511
1302,3.13737,3.03754,4.186e-04,0.722,0.155,23605
1303,2.80336,3.03754,4.183e-04,0.658,0.146,23519
1304,2.95301,3.03754,4.180e-04,0.730,0.151,23552
1305,3.45140,3.03754,4.177e-04,0.626,0.150,23569
1306,3.20235,3.03754,4.175e-04,0.740,0.183,23494
1307,3.34800,3.03754,4.172e-04,0.701,0.168,23574
1308,3.60250,3.03754,4.169e-04,0.651,0.161,23494
1309,3.09313,3.03754,4.166e-04,0.730,0.188,23607
1310,3.51954,3.03754,4.163e-04,0.662,0.149,23550
1311,3.25803,3.03754,4.160e-04,0.849,0.230,23508
1312,2.62133,3.03754,4.157e-04,0.712,0.153,23605
1313,3.20108,3.03754,4.154e-04,0.735,0.200,23515
1314,3.43406,3.03754,4.152e-04,0.639,0.141,23524
1315,3.76947,3.03754,4.149e-04,0.778,0.204,23586
1316,3.63775,3.03754,4.146e-04,0.663,0.174,23512
1317,2.81100,3.03754,4.143e-04,0.747,0.162,23577
1318,3.33248,3.03754,4.140e-04,0.643,0.153,23521
1319,2.76467,3.03754,4.137e-04,0.721,0.147,23538
1320,2.51549,3.03754,4.134e-04,0.767,0.174,23609
1321,2.81981,3.03754,4.131e-04,0.840,0.192,23536
1322,3.16076,3.03754,4.129e-04,0.654,0.156,23589
1323,3.22883,3.03754,4.126e-04,0.751,0.176,23534
1324,2.83790,3.03754,4.123e-04,0.698,0.160,23504
1325,3.22565,3.03754,4.120e-04,0.752,0.155,23617
1326,3.21189,3.03754,4.117e-04,0.792,0.168,23515
1327,3.57944,3.03754,4.114e-04,0.658,0.152,23551
1328,2.57617,3.03754,4.111e-04,0.836,0.200,23550
1329,3.28020,3.03754,4.108e-04,0.699,0.173,23532
1330,2.94616,3.03754,4.105e-04,0.945,0.235,23583
1331,3.16548,3.03754,4.103e-04,0.759,0.194,23534
1332,3.20383,3.03754,4.100e-04,0.789,0.189,23548
1333,3.19629,3.03754,4.097e-04,0.763,0.165,23593
1334,4.08495,3.03754,4.094e-04,0.678,0.167,23505
1335,2.96062,3.03754,4.091e-04,0.824,0.180,23566
1336,3.42385,3.03754,4.088e-04,0.689,0.164,23512
1337,2.98671,3.03754,4.085e-04,0.736,0.160,23501
1338,2.86624,3.03754,4.082e-04,0.722,0.163,23628
1339,3.25315,3.03754,4.079e-04,0.633,0.130,23549
1340,2.94075,3.03754,4.077e-04,0.843,0.192,23602
1341,2.93939,3.03754,4.074e-04,0.726,0.182,23524
1342,2.95530,3.03754,4.071e-04,0.734,0.161,23540
1343,3.00656,3.03754,4.068e-04,0.849,0.234,23589
1344,3.37836,3.03754,4.065e-04,0.751,0.156,23469
1345,2.71480,3.03754,4.062e-04,0.728,0.150,23592
1346,3.22178,3.03754,4.059e-04,0.731,0.160,23562
1347,3.38442,3.03754,4.056e-04,0.675,0.149,23520
1348,2.58622,3.03754,4.053e-04,0.696,0.145,23633
1349,4.02888,3.03754,4.050e-04,0.749,0.183,23526
1350,2.68731,3.03754,4.047e-04,0.766,0.179,23527
1351,3.71377,3.03754,4.045e-04,0.754,0.194,23583
1352,3.33729,3.03754,4.042e-04,0.739,0.210,23480
1353,3.91521,3.03754,4.039e-04,0.860,0.347,23609
1354,2.81159,3.03754,4.036e-04,0.797,0.204,23541
1355,3.14346,3.03754,4.033e-04,0.941,0.282,23557
1356,3.17179,3.03754,4.030e-04,0.707,0.173,23581
1357,3.20810,3.03754,4.027e-04,0.744,0.189,23520
1358,3.30669,3.03754,4.024e-04,0.795,0.218,23590
1359,3.40438,3.03754,4.021e-04,0.712,0.181,23539
1360,3.22811,3.03754,4.018e-04,0.708,0.175,23520
1361,3.44960,3.03754,4.015e-04,0.736,0.170,23594
1362,3.72249,3.03754,4.012e-04,0.753,0.189,23517
1363,2.79486,3.03754,4.010e-04,0.685,0.141,23579
1364,3.49411,3.03754,4.007e-04,0.727,0.189,23553
1365,3.19391,3.03754,4.004e-04,0.690,0.160,23524
1366,3.24539,3.03754,4.001e-04,0.726,0.153,23655
1367,3.31329,3.03754,3.998e-04,0.813,0.206,23529
1368,2.49686,3.03754,3.995e-04,0.741,0.158,23591
1369,3.34432,3.03754,3.992e-04,0.699,0.183,23514
1370,3.72766,3.03754,3.989e-04,0.654,0.159,23473
1371,3.18000,3.03754,3.986e-04,0.787,0.198,23627
1372,3.08329,3.03754,3.983e-04,0.688,0.146,23542
1373,3.11537,3.03754,3.980e-04,0.725,0.184,23577
1374,3.02600,3.03754,3.977e-04,0.693,0.167,23571
1375,3.32981,3.03754,3.974e-04,0.714,0.182,23511
1376,2.88483,3.03754,3.971e-04,0.750,0.195,23578
1377,3.68348,3.03754,3.969e-04,0.696,0.187,23488
1378,3.53639,3.03754,3.966e-04,0.691,0.164,23602
1379,3.08206,3.03754,3.963e-04,0.741,0.184,23618
1380,3.27048,3.03754,3.960e-04,0.628,0.136,23500
1381,2.55770,3.03754,3.957e-04,0.768,0.159,23593
1382,3.29567,3.03754,3.954e-04,0.623,0.129,23485
1383,3.14708,3.03754,3.951e-04,0.708,0.148,23558
1384,3.03717,3.03754,3.948e-04,0.674,0.129,23582
1385,2.72158,3.03754,3.945e-04,0.735,0.150,23509
1386,2.74333,3.03754,3.942e-04,0.637,0.128,23628
1387,3.05508,3.03754,3.939e-04,0.647,0.138,23530
1388,2.75799,3.03754,3.936e-04,0.721,0.133,23560
1389,3.22416,3.03754,3.933e-04,0.659,0.146,23611
1390,2.86162,3.03754,3.930e-04,0.760,0.155,23514
1391,3.53934,3.03754,3.927e-04,0.728,0.163,23586
1392,3.43045,3.03754,3.924e-04,0.744,0.161,23547
1393,3.18461,3.03754,3.921e-04,0.715,0.145,23525
1394,2.89502,3.03754,3.919e-04,0.729,0.183,23632
1395,3.13789,3.03754,3.916e-04,0.700,0.134,23529
1396,2.60641,3.03754,3.913e-04,0.727,0.142,23543
1397,3.88403,3.03754,3.910e-04,0.884,0.211,23579
1398,2.99567,3.03754,3.907e-04,0.840,0.177,23524
1399,3.45939,3.03754,3.904e-04,0.884,0.257,23592
1400,3.32333,3.03754,3.901e-04,0.751,0.177,23525
1401,3.19811,3.03754,3.898e-04,0.727,0.157,23515
1402,2.78406,3.03754,3.895e-04,0.803,0.175,23615
1403,2.99849,3.03754,3.892e-04,0.796,0.178,23503
1404,3.45024,3.03754,3.889e-04,0.654,0.145,23629
1405,3.17162,3.03754,3.886e-04,0.781,0.158,23532
1406,3.11893,3.03754,3.883e-04,0.836,0.197,23503
1407,3.15359,3.03754,3.880e-04,0.736,0.152,23635
1408,3.45194,3.03754,3.877e-04,0.719,0.188,23498
1409,2.74937,3.03754,3.874e-04,0.805,0.175,23625
1410,3.36833,3.03754,3.871e-04,0.704,0.153,23512
1411,2.60366,3.03754,3.868e-04,0.931,0.240,23526
1412,3.55422,3.03754,3.865e-04,0.683,0.162,23645
1413,2.94022,3.03754,3.862e-04,0.883,0.193,23526
1414,3.27587,3.03754,3.859e-04,0.701,0.145,23584
1415,3.19767,3.03754,3.856e-04,0.738,0.170,23609
1416,3.30724,3.03754,3.853e-04,0.763,0.172,23511
1417,3.11585,3.03754,3.850e-04,0.665,0.156,23623
1418,3.72401,3.03754,3.848e-04,0.791,0.221,23541
1419,3.29633,3.03754,3.845e-04,0.737,0.175,23563
1420,2.98309,3.03754,3.842e-04,0.724,0.170,23593
1421,2.94266,3.03754,3.839e-04,0.728,0.121,23499
1422,2.99102,3.03754,3.836e-04,0.671,0.162,23643
1423,2.60890,3.03754,3.833e-04,0.705,0.134,23495
1424,2.59782,3.03754,3.830e-04,0.720,0.143,23545
1425,2.97584,3.03754,3.827e-04,0.719,0.159,23580
1426,3.07919,3.03754,3.824e-04,0.803,0.212,23518
1427,3.14121,3.03754,3.821e-04,0.685,0.153,23599
1428,2.88265,3.03754,3.818e-04,0.748,0.178,23542
1429,3.13277,3.03754,3.815e-04,0.674,0.166,23542
1430,2.84702,3.03754,3.812e-04,0.737,0.148,23609
1431,2.97361,3.03754,3.809e-04,0.810,0.205,23558
1432,3.49132,3.03754,3.806e-04,0.730,0.170,23599
1433,3.11018,3.03754,3.803e-04,0.754,0.174,23552
1434,2.72978,3.03754,3.800e-04,0.783,0.163,23494
1435,2.77379,3.03754,3.797e-04,0.713,0.148,23597
1436,2.72765,3.03754,3.794e-04,0.716,0.153,23537
1437,3.57672,3.03754,3.791e-04,0.629,0.152,23581
1438,2.71398,3.03754,3.788e-04,0.790,0.164,23558
1439,2.70856,3.03754,3.785e-04,0.704,0.130,23521
1440,3.22373,3.03754,3.782e-04,0.705,0.165,23640
1441,3.21656,3.03754,3.779e-04,0.678,0.134,23487
1442,3.02663,3.03754,3.776e-04,0.678,0.140,23581
1443,3.58321,3.03754,3.773e-04,0.660,0.152,23549
1444,2.94680,3.03754,3.770e-04,0.709,0.153,23539
1445,2.76487,3.03754,3.767e-04,0.739,0.153,23639
1446,2.76821,3.03754,3.764e-04,0.678,0.148,23535
1447,2.69532,3.03754,3.761e-04,0.764,0.164,23537
1448,3.38809,3.03754,3.758e-04,0.684,0.166,23618
1449,3.16530,3.03754,3.755e-04,0.709,0.174,23543
1450,2.95625,3.03754,3.752e-04,0.740,0.174,23600
1451,2.82003,3.03754,3.749e-04,0.665,0.154,23504
1452,3.07788,3.03754,3.746e-04,0.755,0.180,23536
1453,2.92240,3.03754,3.743e-04,0.667,0.140,23577
1454,3.08891,3.03754,3.740e-04,0.650,0.139,23539
1455,2.99348,3.03754,3.737e-04,0.745,0.152,23619
1456,2.94866,3.03754,3.734e-04,0.646,0.125,23553
1457,3.01035,3.03754,3.731e-04,0.712,0.161,23541
1458,2.90765,3.03754,3.728e-04,0.709,0.150,23604
1459,3.32523,3.03754,3.725e-04,0.742,0.166,23510
1460,3.30159,3.03754,3.722e-04,0.809,0.185,23617
1461,2.98663,3.03754,3.719e-04,0.654,0.135,23533
1462,2.73755,3.03754,3.716e-04,0.796,0.191,23542
1463,3.35570,3.03754,3.713e-04,0.670,0.134,23612
1464,2.87778,3.03754,3.710e-04,0.752,0.172,23509
1465,3.17300,3.03754,3.707e-04,0.764,0.174,23563
1466,2.89004,3.03754,3.704e-04,0.682,0.144,23592
1467,2.83573,3.03754,3.701e-04,0.722,0.163,23500
1468,3.09296,3.03754,3.698e-04,0.696,0.146,23605
1469,3.35790,3.03754,3.695e-04,0.668,0.142,23542
1470,3.10044,3.03754,3.692e-04,0.742,0.163,23497
1471,3.30072,3.03754,3.689e-04,0.707,0.150,23626
1472,3.27733,3.03754,3.686e-04,0.722,0.169,23532
1473,2.82310,3.03754,3.683e-04,0.710,0.155,23631
1474,2.67641,3.03754,3.680e-04,0.752,0.137,23534
1475,3.06108,3.03754,3.677e-04,0.690,0.150,23527
1476,3.63652,3.03754,3.674e-04,0.736,0.191,23653
1477,3.31499,3.03754,3.671e-04,0.682,0.152,23516
1478,2.78775,3.03754,3.668e-04,0.715,0.142,23592
1479,2.89490,3.03754,3.665e-04,0.699,0.163,23517
1480,3.19228,3.03754,3.662e-04,0.655,0.129,23504
1481,2.91516,3.03754,3.659e-04,0.728,0.147,23621
1482,2.69943,3.03754,3.656e-04,0.686,0.143,23533
1483,3.15644,3.03754,3.653e-04,0.694,0.139,23528
1484,3.43860,3.03754,3.650e-04,0.656,0.167,23600
1485,3.31776,3.03754,3.647e-04,0.648,0.129,23501
1486,2.62328,3.03754,3.644e-04,0.761,0.182,23615
1487,3.08528,3.03754,3.641e-04,0.702,0.149,23551
1488,3.75626,3.03754,3.638e-04,0.660,0.166,23539
1489,3.56001,3.03754,3.635e-04,0.625,0.136,23594
1490,3.67013,3.03754,3.632e-04,0.658,0.166,23545
1491,2.80037,3.03754,3.629e-04,0.791,0.183,23568
1492,2.81612,3.03754,3.626e-04,0.720,0.167,23547
1493,3.05834,3.03754,3.623e-04,0.695,0.168,23518
1494,2.85587,3.03754,3.620e-04,0.896,0.228,23592
1495,3.01791,3.03754,3.617e-04,0.672,0.134,23545
1496,3.21892,3.03754,3.614e-04,0.737,0.161,23568
1497,2.81852,3.03754,3.611e-04,0.769,0.188,23554
1498,3.18898,3.03754,3.608e-04,0.677,0.148,23511
1499,3.40041,3.03754,3.605e-04,0.729,0.173,23602
1500,3.04542,2.90278,3.602e-04,0.778,0.162,6741
1501,3.41011,2.90278,3.599e-04,0.698,0.150,23780
1502,2.96858,2.90278,3.596e-04,0.729,0.143,23554
1503,3.38697,2.90278,3.593e-04,0.703,0.137,23615
1504,2.84617,2.90278,3.590e-04,0.646,0.113,23530
1505,3.46792,2.90278,3.587e-04,0.641,0.145,23607
1506,3.15366,2.90278,3.584e-04,0.681,0.123,23512
1507,3.32196,2.90278,3.581e-04,0.694,0.147,23521
1508,3.20503,2.90278,3.578e-04,0.703,0.130,23667
1509,2.97633,2.90278,3.575e-04,0.699,0.146,23509
1510,3.02165,2.90278,3.572e-04,0.709,0.152,23603
1511,2.99710,2.90278,3.569e-04,0.647,0.128,23548
1512,3.18245,2.90278,3.566e-04,0.709,0.160,23515
1513,3.16034,2.90278,3.563e-04,0.696,0.171,23615
1514,2.41415,2.90278,3.560e-04,0.725,0.140,23528
1515,3.31732,2.90278,3.557e-04,0.703,0.153,23547
1516,3.10531,2.90278,3.554e-04,0.648,0.125,23553
1517,3.22354,2.90278,3.551e-04,0.718,0.155,23496
1518,3.32320,2.90278,3.548e-04,0.664,0.126,23606
1519,2.99917,2.90278,3.545e-04,0.653,0.125,23497
1520,3.07609,2.90278,3.542e-04,0.760,0.167,23522
1521,2.69747,2.90278,3.539e-04,0.759,0.157,23589
1522,3.22257,2.90278,3.536e-04,0.709,0.154,23542
1523,2.91493,2.90278,3.533e-04,0.720,0.151,23625
1524,3.76985,2.90278,3.530e-04,0.698,0.143,23495
1525,2.93423,2.90278,3.527e-04,0.659,0.139,23513
1526,3.60721,2.90278,3.524e-04,0.717,0.173,23593
1527,3.35154,2.90278,3.521e-04,0.697,0.138,23515
1528,3.23995,2.90278,3.518e-04,0.729,0.149,23582
1529,3.21959,2.90278,3.515e-04,0.648,0.163,23551
1530,3.26225,2.90278,3.512e-04,0.711,0.156,23548
1531,3.33233,2.90278,3.509e-04,0.684,0.152,23628
1532,3.13757,2.90278,3.506e-04,0.693,0.150,23542
1533,2.95561,2.90278,3.503e-04,0.694,0.148,23531
1534,3.07104,2.90278,3.500e-04,0.718,0.144,23577
1535,2.79020,2.90278,3.497e-04,0.845,0.203,23554
1536,2.57964,2.90278,3.494e-04,0.763,0.171,23614
1537,3.00266,2.90278,3.491e-04,0.765,0.177,23488
1538,2.69166,2.90278,3.488e-04,0.775,0.151,23513
1539,3.00923,2.90278,3.485e-04,0.765,0.149,23609
1540,2.42808,2.90278,3.482e-04,0.736,0.175,23525
1541,3.44877,2.90278,3.479e-04,0.697,0.154,23575
1542,3.59775,2.90278,3.476e-04,0.718,0.151,23545
1543,2.85415,2.90278,3.473e-04,0.788,0.168,23525
1544,3.58068,2.90278,3.470e-04,0.722,0.161,23626
1545,3.28550,2.90278,3.467e-04,0.681,0.132,23510
1546,2.62015,2.90278,3.463e-04,0.733,0.138,23586
1547,3.72461,2.90278,3.460e-04,0.716,0.154,23530
1548,3.10670,2.90278,3.457e-04,0.813,0.159,23499
1549,3.06917,2.90278,3.454e-04,0.724,0.138,23646
1550,2.98074,2.90278,3.451e-04,0.707,0.172,23471
1551,2.78512,2.90278,3.448e-04,0.761,0.174,23606
1552,2.61801,2.90278,3.445e-04,0.770,0.152,23548
1553,2.67072,2.90278,3.442e-04,0.861,0.226,23488
1554,3.21997,2.90278,3.439e-04,0.760,0.164,23619
1555,3.42692,2.90278,3.436e-04,0.707,0.150,23523
1556,3.06905,2.90278,3.433e-04,0.697,0.158,23585
1557,3.38244,2.90278,3.430e-04,0.681,0.146,23579
1558,3.11646,2.90278,3.427e-04,0.752,0.185,23494
1559,3.03922,2.90278,3.424e-04,0.666,0.126,23584
1560,3.16418,2.90278,3.421e-04,0.673,0.157,23528
1561,3.25037,2.90278,3.418e-04,0.705,0.162,23553
1562,3.56660,2.90278,3.415e-04,0.753,0.163,23582
1563,3.16085,2.90278,3.412e-04,0.710,0.147,23532
1564,2.67194,2.90278,3.409e-04,0.769,0.131,23621
1565,2.78426,2.90278,3.406e-04,0.678,0.157,23507
1566,2.93968,2.90278,3.403e-04,0.654,0.133,23510
1567,2.84418,2.90278,3.400e-04,0.681,0.161,23622
1568,2.80026,2.90278,3.397e-04,0.695,0.158,23509
1569,3.01492,2.90278,3.394e-04,0.668,0.139,23614
1570,3.15278,2.90278,3.391e-04,0.637,0.148,23533
1571,3.11844,2.90278,3.388e-04,0.785,0.190,23517
1572,2.45884,2.90278,3.385e-04,0.740,0.147,23606
1573,2.85667,2.90278,3.382e-04,0.677,0.148,23551
1574,2.87482,2.90278,3.379e-04,0.720,0.134,23595
1575,3.40906,2.90278,3.376e-04,0.676,0.134,23544
1576,3.15088,2.90278,3.373e-04,0.654,0.129,23534
1577,3.08069,2.90278,3.370e-04,0.651,0.132,23652
1578,3.40400,2.90278,3.367e-04,0.600,0.119,23521
1579,2.98925,2.90278,3.364e-04,0.694,0.145,23575
1580,3.21066,2.90278,3.361e-04,0.663,0.152,23541
1581,3.13939,2.90278,3.358e-04,0.644,0.131,23487
1582,2.93972,2.90278,3.355e-04,0.689,0.146,23637
1583,2.84315,2.90278,3.351e-04,0.689,0.142,23542
1584,3.02358,2.90278,3.348e-04,0.697,0.144,23563
1585,2.98533,2.90278,3.345e-04,0.602,0.119,23574
1586,3.05902,2.90278,3.342e-04,0.658,0.122,23494
1587,3.20672,2.90278,3.339e-04,0.601,0.147,23591
1588,2.56444,2.90278,3.336e-04,0.657,0.121,23493
1589,2.61245,2.90278,3.333e-04,0.690,0.137,23525
1590,2.73093,2.90278,3.330e-04,0.705,0.151,23615
1591,3.75644,2.90278,3.327e-04,0.654,0.141,23507
1592,3.50301,2.90278,3.324e-04,0.704,0.165,23619
1593,3.58495,2.90278,3.321e-04,0.727,0.150,23497
1594,3.10587,2.90278,3.318e-04,0.699,0.151,23544
1595,2.78745,2.90278,3.315e-04,0.692,0.144,23646
1596,2.98320,2.90278,3.312e-04,0.734,0.162,23547
1597,3.14228,2.90278,3.309e-04,0.723,0.179,23567
1598,3.05982,2.90278,3.306e-04,0.716,0.142,23599
1599,3.34401,2.90278,3.303e-04,0.805,0.172,23543
1600,2.95773,2.90278,3.300e-04,0.860,0.185,23597
1601,3.08331,2.90278,3.297e-04,0.714,0.147,23497
1602,3.71524,2.90278,3.294e-04,0.774,0.214,23562
1603,2.60171,2.90278,3.291e-04,0.823,0.133,23575
1604,3.23655,2.90278,3.288e-04,0.758,0.168,23539
1605,3.10577,2.90278,3.285e-04,0.706,0.147,23601
1606,2.76190,2.90278,3.282e-04,0.801,0.166,23529
1607,3.10599,2.90278,3.279e-04,0.682,0.145,23503
1608,3.05565,2.90278,3.276e-04,0.709,0.142,23566
1609,3.02015,2.90278,3.273e-04,0.686,0.144,23505
1610,3.62547,2.90278,3.270e-04,0.722,0.150,23636
1611,3.51516,2.90278,3.267e-04,0.661,0.133,23533
1612,2.95690,2.90278,3.264e-04,0.733,0.130,23497
1613,2.64025,2.90278,3.261e-04,0.722,0.161,23615
1614,2.60674,2.90278,3.258e-04,0.756,0.151,23482
1615,2.52693,2.90278,3.255e-04,0.735,0.148,23565
1616,3.01247,2.90278,3.252e-04,0.706,0.160,23493
1617,2.72166,2.90278,3.249e-04,0.623,0.111,23522
1618,2.79245,2.90278,3.245e-04,0.677,0.123,23619
1619,2.87927,2.90278,3.242e-04,0.696,0.141,23491
1620,3.20053,2.90278,3.239e-04,0.701,0.135,23562
1621,2.77715,2.90278,3.236e-04,0.687,0.128,23541
1622,3.12436,2.90278,3.233e-04,0.682,0.161,23582
1623,3.49853,2.90278,3.230e-04,0.674,0.156,23615
1624,3.38283,2.90278,3.227e-04,0.739,0.172,23516
1625,3.29540,2.90278,3.224e-04,0.673,0.149,23591
1626,3.17923,2.90278,3.221e-04,0.753,0.155,23603
1627,3.35338,2.90278,3.218e-04,0.670,0.157,23499
1628,2.82302,2.90278,3.215e-04,0.698,0.136,23610
1629,2.70034,2.90278,3.212e-04,0.652,0.138,23522
1630,2.72324,2.90278,3.209e-04,0.675,0.127,23552
1631,2.71852,2.90278,3.206e-04,0.708,0.133,23552
1632,3.19401,2.90278,3.203e-04,0.684,0.178,23535
1633,3.02264,2.90278,3.200e-04,0.650,0.130,23639
1634,3.34172,2.90278,3.197e-04,0.661,0.144,23521
1635,2.81081,2.90278,3.194e-04,0.658,0.134,23518
1636,2.28757,2.90278,3.191e-04,0.698,0.126,23622
1637,2.67131,2.90278,3.188e-04,0.641,0.141,23528
1638,3.45162,2.90278,3.185e-04,0.611,0.130,23597
1639,2.57987,2.90278,3.182e-04,0.684,0.117,23528
1640,3.60127,2.90278,3.179e-04,0.652,0.146,23551
1641,3.25245,2.90278,3.176e-04,0.640,0.146,23602
1642,2.62758,2.90278,3.173e-04,0.681,0.117,23479
1643,3.36659,2.90278,3.170e-04,0.673,0.145,23586
1644,2.75139,2.90278,3.167e-04,0.740,0.176,23587
1645,2.40928,2.90278,3.164e-04,0.723,0.156,23514
1646,3.32017,2.90278,3.161e-04,0.650,0.142,23606
1647,2.72827,2.90278,3.158e-04,0.832,0.175,23513
1648,2.85318,2.90278,3.155e-04,0.602,0.104,23594
1649,3.49824,2.90278,3.152e-04,0.665,0.133,23552
1650,3.09023,2.90278,3.149e-04,0.708,0.151,23499
1651,3.20935,2.90278,3.146e-04,0.668,0.141,23611
1652,3.39847,2.90278,3.143e-04,0.670,0.149,23504
1653,3.00305,2.90278,3.140e-04,0.719,0.152,23553
1654,2.51391,2.90278,3.137e-04,0.681,0.125,23606
1655,2.89010,2.90278,3.133e-04,0.773,0.168,23519
1656,2.98155,2.90278,3.130e-04,0.683,0.131,23616
1657,2.45081,2.90278,3.127e-04,0.710,0.137,23513
1658,2.78460,2.90278,3.124e-04,0.754,0.147,23546
1659,3.01827,2.90278,3.121e-04,0.729,0.142,23600
1660,3.31326,2.90278,3.118e-04,0.634,0.121,23519
1661,3.11235,2.90278,3.115e-04,0.742,0.176,23593
1662,3.07361,2.90278,3.112e-04,0.664,0.123,23530
1663,2.62096,2.90278,3.109e-04,0.689,0.134,23514
1664,2.91092,2.90278,3.106e-04,0.663,0.130,23621
1665,2.83283,2.90278,3.103e-04,0.665,0.130,23514
1666,2.97418,2.90278,3.100e-04,0.688,0.139,23600
1667,3.51357,2.90278,3.097e-04,0.677,0.151,23543
1668,2.76651,2.90278,3.094e-04,0.757,0.142,23490
1669,2.90854,2.90278,3.091e-04,0.687,0.134,23624
1670,2.85623,2.90278,3.088e-04,0.741,0.142,23492
1671,2.42786,2.90278,3.085e-04,0.805,0.171,23562
1672,3.51524,2.90278,3.082e-04,0.660,0.170,23585
1673,3.25073,2.90278,3.079e-04,0.706,0.132,23549
1674,3.10504,2.90278,3.076e-04,0.734,0.183,23598
1675,2.93502,2.90278,3.073e-04,0.699,0.148,23509
1676,3.40597,2.90278,3.070e-04,0.713,0.144,23524
1677,2.88525,2.90278,3.067e-04,0.726,0.129,23601
1678,2.80247,2.90278,3.064e-04,0.697,0.165,23520
1679,2.97406,2.90278,3.061e-04,0.649,0.141,23623
1680,3.48391,2.90278,3.058e-04,0.650,0.131,23512
1681,2.95700,2.90278,3.055e-04,0.716,0.179,23499
1682,2.70959,2.90278,3.052e-04,0.722,0.139,23590
1683,3.04356,2.90278,3.049e-04,0.614,0.114,23542
1684,2.92222,2.90278,3.046e-04,0.749,0.151,23595
1685,3.05590,2.90278,3.043e-04,0.645,0.144,23509
1686,3.05659,2.90278,3.040e-04,0.703,0.135,23515
1687,2.44184,2.90278,3.037e-04,0.722,0.141,23594
1688,2.85599,2.90278,3.034e-04,0.737,0.146,23527
1689,3.07683,2.90278,3.031e-04,0.661,0.130,23594
1690,3.68823,2.90278,3.028e-04,0.725,0.160,23555
1691,3.22700,2.90278,3.025e-04,0.682,0.142,23552
1692,3.35810,2.90278,3.022e-04,0.751,0.170,23582
1693,3.36747,2.90278,3.019e-04,0.742,0.161,23531
1694,3.11076,2.90278,3.016e-04,0.667,0.131,23534
1695,3.07415,2.90278,3.013e-04,0.648,0.123,23569
1696,3.05681,2.90278,3.010e-04,0.719,0.165,23565
1697,2.53795,2.90278,3.007e-04,0.728,0.159,23598
1698,2.22587,2.90278,3.004e-04,0.664,0.121,23547
1699,3.03925,2.90278,3.001e-04,0.727,0.144,23524
1700,2.95898,2.90278,2.998e-04,0.704,0.144,23605
1701,3.05665,2.90278,2.995e-04,0.678,0.132,23500
1702,3.06488,2.90278,2.992e-04,0.637,0.136,23640
1703,2.86856,2.90278,2.989e-04,0.719,0.159,23543
1704,3.01204,2.90278,2.986e-04,0.783,0.150,23548
1705,3.42172,2.90278,2.983e-04,0.666,0.141,23610
1706,2.66870,2.90278,2.980e-04,0.728,0.132,23533
1707,2.92813,2.90278,2.977e-04,0.645,0.131,23599
1708,3.44572,2.90278,2.974e-04,0.648,0.128,23536
1709,2.52386,2.90278,2.971e-04,0.773,0.161,23510
1710,2.87742,2.90278,2.968e-04,0.766,0.161,23619
1711,3.74262,2.90278,2.965e-04,0.647,0.144,23546
1712,3.33469,2.90278,2.962e-04,0.703,0.141,23568
1713,2.96340,2.90278,2.959e-04,0.739,0.150,23572
1714,3.45499,2.90278,2.956e-04,0.628,0.115,23566
1715,2.94899,2.90278,2.953e-04,0.679,0.121,23620
1716,3.14439,2.90278,2.950e-04,0.702,0.144,23510
1717,2.79433,2.90278,2.947e-04,0.805,0.159,23551
1718,3.27422,2.90278,2.944e-04,0.685,0.149,23587
1719,2.67234,2.90278,2.941e-04,0.676,0.145,23490
1720,3.45643,2.90278,2.938e-04,0.710,0.157,23623
1721,3.32363,2.90278,2.935e-04,0.705,0.142,23493
1722,3.01027,2.90278,2.932e-04,0.666,0.122,23506
1723,2.69054,2.90278,2.929e-04,0.738,0.150,23625
1724,2.98613,2.90278,2.926e-04,0.642,0.119,23495
1725,3.13974,2.90278,2.923e-04,0.688,0.151,23609
1726,2.53616,2.90278,2.920e-04,0.643,0.115,23529
1727,2.89401,2.90278,2.917e-04,0.640,0.130,23538
1728,2.23722,2.90278,2.914e-04,0.663,0.127,23647
1729,3.58529,2.90278,2.911e-04,0.764,0.172,23469
1730,2.76006,2.90278,2.908e-04,0.620,0.106,23620
1731,2.80800,2.90278,2.905e-04,0.685,0.139,23540
1732,2.87415,2.90278,2.902e-04,0.657,0.128,23506
1733,3.01486,2.90278,2.899e-04,0.684,0.135,23628
1734,2.91869,2.90278,2.896e-04,0.685,0.142,23521
1735,3.67135,2.90278,2.893e-04,0.619,0.154,23573
1736,3.07444,2.90278,2.890e-04,0.699,0.138,23567
1737,2.81813,2.90278,2.887e-04,0.746,0.142,23506
1738,2.84227,2.90278,2.884e-04,0.694,0.157,23625
1739,3.23170,2.90278,2.881e-04,0.695,0.143,23510
1740,2.66295,2.90278,2.878e-04,0.647,0.123,23570
1741,3.47863,2.90278,2.875e-04,0.689,0.155,23550
1742,3.10268,2.90278,2.872e-04,0.666,0.135,23501
1743,2.82433,2.90278,2.869e-04,0.656,0.136,23572
1744,3.16487,2.90278,2.866e-04,0.710,0.155,23553
1745,2.58798,2.90278,2.863e-04,0.646,0.133,23551
1746,3.29989,2.90278,2.860e-04,0.767,0.171,23623
1747,3.28922,2.90278,2.857e-04,0.715,0.160,23547
1748,3.31837,2.90278,2.854e-04,0.695,0.146,23602
1749,3.33438,2.90278,2.851e-04,0.716,0.157,23537
1750,2.97336,2.82374,2.848e-04,0.657,0.136,6735
1751,2.81243,2.82374,2.845e-04,0.680,0.135,23776
1752,2.98555,2.82374,2.842e-04,0.677,0.133,23623
1753,2.73342,2.82374,2.839e-04,0.703,0.135,23529
1754,3.39848,2.82374,2.836e-04,0.703,0.147,23531
1755,2.64656,2.82374,2.833e-04,0.645,0.120,23654
1756,2.55905,2.82374,2.830e-04,0.677,0.149,23543
1757,3.12278,2.82374,2.827e-04,0.673,0.133,23606
1758,2.95248,2.82374,2.824e-04,0.692,0.132,23557
1759,2.66587,2.82374,2.821e-04,0.684,0.136,23528
1760,3.36165,2.82374,2.818e-04,0.671,0.146,23601
1761,2.32298,2.82374,2.815e-04,0.709,0.121,23514
1762,2.61153,2.82374,2.812e-04,0.733,0.167,23600
1763,3.00934,2.82374,2.809e-04,0.681,0.147,23568
1764,3.70497,2.82374,2.806e-04,0.705,0.144,23483
1765,3.12930,2.82374,2.803e-04,0.761,0.172,23624
1766,3.49655,2.82374,2.800e-04,0.667,0.131,23527
1767,3.30814,2.82374,2.797e-04,0.727,0.146,23522
1768,2.87281,2.82374,2.794e-04,0.687,0.125,23606
1769,3.11182,2.82374,2.791e-04,0.752,0.158,23547
1770,3.12407,2.82374,2.788e-04,0.701,0.147,23628
1771,2.96227,2.82374,2.785e-04,0.701,0.121,23535
1772,3.17903,2.82374,2.782e-04,0.723,0.146,23524
1773,3.06367,2.82374,2.779e-04,0.692,0.141,23595
1774,2.72087,2.82374,2.776e-04,0.691,0.139,23528
1775,2.88985,2.82374,2.773e-04,0.910,0.213,23645
1776,3.02497,2.82374,2.770e-04,0.740,0.152,23497
1777,2.66451,2.82374,2.767e-04,0.767,0.172,23515
1778,2.90530,2.82374,2.764e-04,0.720,0.141,23662
1779,3.49811,2.82374,2.761e-04,0.815,0.180,23501
1780,3.44099,2.82374,2.758e-04,0.656,0.139,23619
1781,2.85001,2.82374,2.755e-04,0.737,0.145,23518
1782,3.41619,2.82374,2.752e-04,0.664,0.137,23491
1783,3.26369,2.82374,2.750e-04,0.687,0.135,23656
1784,3.20303,2.82374,2.747e-04,0.654,0.127,23522
1785,2.76717,2.82374,2.744e-04,0.671,0.125,23571
1786,2.61929,2.82374,2.741e-04,0.653,0.118,23544
1787,3.07602,2.82374,2.738e-04,0.655,0.136,23548
1788,3.25679,2.82374,2.735e-04,0.654,0.128,23616
1789,2.95502,2.82374,2.732e-04,0.649,0.125,23554
1790,2.70502,2.82374,2.729e-04,0.626,0.113,23554
1791,3.17821,2.82374,2.726e-04,0.652,0.130,23582
1792,2.98297,2.82374,2.723e-04,0.607,0.137,23534
1793,2.95034,2.82374,2.720e-04,0.747,0.146,23662
1794,2.86144,2.82374,2.717e-04,0.769,0.128,23478
1795,2.31315,2.82374,2.714e-04,0.622,0.115,23532
1796,2.84945,2.82374,2.711e-04,0.697,0.148,23601
1797,3.01650,2.82374,2.708e-04,0.685,0.140,23501
1798,2.63357,2.82374,2.705e-04,0.763,0.167,23604
1799,2.72438,2.82374,2.702e-04,0.637,0.121,23527
1800,3.29567,2.82374,2.699e-04,0.656,0.129,23534
1801,3.33914,2.82374,2.696e-04,0.688,0.159,23584
1802,3.12651,2.82374,2.693e-04,0.691,0.134,23519
1803,2.74493,2.82374,2.690e-04,0.733,0.140,23580
1804,3.24186,2.82374,2.687e-04,0.639,0.123,23596
1805,2.97265,2.82374,2.684e-04,0.682,0.148,23513
1806,2.84829,2.82374,2.681e-04,0.669,0.117,23637
1807,2.57276,2.82374,2.679e-04,0.744,0.145,23501
1808,3.10516,2.82374,2.676e-04,0.676,0.138,23523
1809,2.82986,2.82374,2.673e-04,0.729,0.135,23562
1810,2.26002,2.82374,2.670e-04,0.707,0.144,23535
1811,2.75105,2.82374,2.667e-04,0.635,0.124,23610
1812,2.95860,2.82374,2.664e-04,0.629,0.107,23530
1813,2.93840,2.82374,2.661e-04,0.659,0.120,23508
1814,2.78117,2.82374,2.658e-04,0.625,0.122,23593
1815,3.35865,2.82374,2.655e-04,0.684,0.130,23497
1816,3.29893,2.82374,2.652e-04,0.667,0.137,23588
1817,2.88717,2.82374,2.649e-04,0.694,0.132,23516
1818,3.40204,2.82374,2.646e-04,0.724,0.134,23513
1819,3.07245,2.82374,2.643e-04,0.750,0.135,23601
1820,2.89553,2.82374,2.640e-04,0.809,0.189,23503
1821,3.13604,2.82374,2.637e-04,0.675,0.148,23601
1822,2.97243,2.82374,2.634e-04,0.733,0.180,23548
1823,2.66094,2.82374,2.631e-04,0.689,0.134,23525
1824,3.16428,2.82374,2.629e-04,0.718,0.149,23590
1825,3.26239,2.82374,2.626e-04,0.714,0.165,23511
1826,2.87395,2.82374,2.623e-04,0.650,0.118,23594
1827,3.04210,2.82374,2.620e-04,0.696,0.131,23569
1828,3.10733,2.82374,2.617e-04,0.733,0.160,23528
1829,2.93053,2.82374,2.614e-04,0.714,0.145,23613
1830,2.39786,2.82374,2.611e-04,0.739,0.139,23561
1831,3.34568,2.82374,2.608e-04,0.625,0.122,23565
1832,3.37115,2.82374,2.605e-04,0.754,0.162,23599
1833,2.66611,2.82374,2.602e-04,0.716,0.152,23499
1834,2.70312,2.82374,2.599e-04,0.687,0.132,23613
1835,2.97072,2.82374,2.596e-04,0.676,0.143,23527
1836,3.48560,2.82374,2.593e-04,0.728,0.182,23538
1837,3.01844,2.82374,2.590e-04,0.677,0.132,23607
1838,2.98064,2.82374,2.588e-04,0.783,0.140,23492
1839,2.49620,2.82374,2.585e-04,0.734,0.142,23622
1840,3.33634,2.82374,2.582e-04,0.685,0.124,23510
1841,2.66686,2.82374,2.579e-04,0.628,0.123,23503
1842,2.53100,2.82374,2.576e-04,0.632,0.142,23611
1843,2.65437,2.82374,2.573e-04,0.691,0.136,23498
1844,3.07366,2.82374,2.570e-04,0.666,0.135,23598
1845,3.04970,2.82374,2.567e-04,0.663,0.132,23565
1846,2.71195,2.82374,2.564e-04,0.672,0.128,23574
1847,3.46202,2.82374,2.561e-04,0.695,0.137,23614
1848,2.76918,2.82374,2.558e-04,0.774,0.152,23519
1849,2.89304,2.82374,2.555e-04,0.653,0.130,23558
1850,3.28413,2.82374,2.553e-04,0.670,0.170,23551
1851,3.09005,2.82374,2.550e-04,0.681,0.137,23520
1852,2.49905,2.82374,2.547e-04,0.738,0.131,23631
1853,3.45033,2.82374,2.544e-04,0.661,0.124,23543
1854,3.01138,2.82374,2.541e-04,0.787,0.189,23560
1855,2.97994,2.82374,2.538e-04,0.629,0.126,23579
1856,2.89756,2.82374,2.535e-04,0.760,0.201,23512
1857,3.13261,2.82374,2.532e-04,0.719,0.148,23581
1858,3.23113,2.82374,2.529e-04,0.743,0.182,23533
1859,2.58989,2.82374,2.526e-04,0.700,0.156,23546
1860,3.56038,2.82374,2.523e-04,0.684,0.161,23613
1861,2.36707,2.82374,2.521e-04,0.705,0.134,23488
1862,2.40434,2.82374,2.518e-04,0.680,0.128,23619
1863,3.20950,2.82374,2.515e-04,0.682,0.151,23535
1864,2.44183,2.82374,2.512e-04,0.805,0.144,23509
1865,3.20135,2.82374,2.509e-04,0.659,0.138,23628
1866,2.87875,2.82374,2.506e-04,0.705,0.131,23478
1867,3.03276,2.82374,2.503e-04,0.668,0.134,23606
1868,3.44712,2.82374,2.500e-04,0.677,0.148,23574
1869,3.34429,2.82374,2.497e-04,0.759,0.152,23531
1870,2.84588,2.82374,2.495e-04,0.652,0.114,23605
1871,2.40868,2.82374,2.492e-04,0.690,0.125,23523
1872,2.58039,2.82374,2.489e-04,0.741,0.135,23563
1873,2.75728,2.82374,2.486e-04,0.638,0.132,23553
1874,2.67877,2.82374,2.483e-04,0.662,0.119,23545
1875,2.95465,2.82374,2.480e-04,0.733,0.140,23612
1876,2.93768,2.82374,2.477e-04,0.655,0.136,23553
1877,2.80011,2.82374,2.474e-04,0.666,0.127,23546
1878,2.92834,2.82374,2.471e-04,0.657,0.117,23614
1879,3.02195,2.82374,2.469e-04,0.640,0.133,23544
1880,2.80946,2.82374,2.466e-04,0.631,0.124,23572
1881,2.46490,2.82374,2.463e-04,0.764,0.137,23532
1882,2.68919,2.82374,2.460e-04,0.668,0.152,23562
1883,2.98471,2.82374,2.457e-04,0.698,0.123,23619
1884,2.51742,2.82374,2.454e-04,0.633,0.111,23512
1885,2.97028,2.82374,2.451e-04,0.660,0.126,23635
1886,3.01081,2.82374,2.448e-04,0.618,0.115,23529
1887,2.75619,2.82374,2.446e-04,0.647,0.114,23593
1888,3.40405,2.82374,2.443e-04,0.652,0.153,23634
1889,3.17605,2.82374,2.440e-04,0.647,0.136,23580
1890,3.06414,2.82374,2.437e-04,0.710,0.159,23599
1891,2.98048,2.82374,2.434e-04,0.680,0.134,23529
1892,2.99947,2.82374,2.431e-04,0.654,0.119,23528
1893,3.23516,2.82374,2.428e-04,0.668,0.134,23654
1894,2.97375,2.82374,2.425e-04,0.633,0.119,23565
1895,2.94955,2.82374,2.423e-04,0.651,0.128,23611
1896,3.34026,2.82374,2.420e-04,0.635,0.111,23594
1897,3.14000,2.82374,2.417e-04,0.742,0.160,23550
1898,3.13967,2.82374,2.414e-04,0.620,0.143,23617
1899,2.56928,2.82374,2.411e-04,0.715,0.152,23490
1900,2.71840,2.82374,2.408e-04,0.669,0.137,23556
1901,2.78071,2.82374,2.405e-04,0.659,0.117,23576
1902,2.45011,2.82374,2.403e-04,0.756,0.146,23509
1903,3.05205,2.82374,2.400e-04,0.639,0.124,23640
1904,2.99040,2.82374,2.397e-04,0.693,0.161,23507
1905,2.39446,2.82374,2.394e-04,0.747,0.136,23559
1906,2.80397,2.82374,2.391e-04,0.686,0.138,23605
1907,2.82498,2.82374,2.388e-04,0.671,0.116,23494
1908,3.48228,2.82374,2.385e-04,0.657,0.131,23615
1909,2.86109,2.82374,2.383e-04,0.719,0.125,23548
1910,2.62988,2.82374,2.380e-04,0.683,0.126,23516
1911,3.31232,2.82374,2.377e-04,0.660,0.133,23604
1912,2.89691,2.82374,2.374e-04,0.642,0.113,23518
1913,3.14944,2.82374,2.371e-04,0.631,0.118,23587
1914,2.80691,2.82374,2.368e-04,0.649,0.132,23564
1915,2.85867,2.82374,2.365e-04,0.643,0.111,23523
1916,2.53012,2.82374,2.363e-04,0.720,0.133,23620
1917,3.05472,2.82374,2.360e-04,0.664,0.121,23496
1918,3.20988,2.82374,2.357e-04,0.693,0.142,23572
1919,3.01695,2.82374,2.354e-04,0.687,0.150,23599
1920,3.33566,2.82374,2.351e-04,0.706,0.155,23505
1921,2.94926,2.82374,2.348e-04,0.733,0.154,23604
1922,2.67947,2.82374,2.346e-04,0.735,0.156,23546
1923,2.92037,2.82374,2.343e-04,0.638,0.124,23512
1924,2.52960,2.82374,2.340e-04,0.751,0.162,23606
1925,2.82097,2.82374,2.337e-04,0.665,0.108,23527
1926,3.17855,2.82374,2.334e-04,0.710,0.137,23615
1927,3.15059,2.82374,2.331e-04,0.703,0.156,23508
1928,3.27749,2.82374,2.329e-04,0.660,0.131,23504
1929,3.75856,2.82374,2.326e-04,0.702,0.146,23636
1930,2.96045,2.82374,2.323e-04,0.703,0.144,23512
1931,2.77777,2.82374,2.320e-04,0.622,0.111,23584
1932,2.55908,2.82374,2.317e-04,0.713,0.126,23539
1933,3.43749,2.82374,2.315e-04,0.687,0.128,23501
1934,2.90668,2.82374,2.312e-04,0.638,0.134,23642
1935,3.43792,2.82374,2.309e-04,0.702,0.140,23501
1936,3.51333,2.82374,2.306e-04,0.772,0.175,23572
1937,3.19559,2.82374,2.303e-04,0.609,0.115,23552
1938,2.88350,2.82374,2.300e-04,0.682,0.139,23517
1939,3.08584,2.82374,2.298e-04,0.627,0.129,23619
1940,2.40874,2.82374,2.295e-04,0.623,0.105,23483
1941,3.01165,2.82374,2.292e-04,0.642,0.116,23552
1942,3.13217,2.82374,2.289e-04,0.622,0.113,23584
1943,3.54368,2.82374,2.286e-04,0.659,0.136,23535
1944,2.63520,2.82374,2.284e-04,0.699,0.127,23600
1945,2.83130,2.82374,2.281e-04,0.664,0.126,23516
1946,2.45696,2.82374,2.278e-04,0.697,0.126,23570
1947,2.73707,2.82374,2.275e-04,0.626,0.115,23584
1948,2.78468,2.82374,2.272e-04,0.603,0.115,23543
1949,3.02583,2.82374,2.270e-04,0.640,0.143,23636
1950,2.65882,2.82374,2.267e-04,0.707,0.134,23530
1951,2.89182,2.82374,2.264e-04,0.679,0.147,23537
1952,2.76796,2.82374,2.261e-04,0.604,0.113,23663
1953,3.29232,2.82374,2.258e-04,0.644,0.127,23505
1954,2.69815,2.82374,2.256e-04,0.663,0.122,23583
1955,2.90827,2.82374,2.253e-04,0.639,0.126,23527
1956,3.01518,2.82374,2.250e-04,0.663,0.128,23460
1957,2.38100,2.82374,2.247e-04,0.738,0.151,23638
1958,2.74531,2.82374,2.244e-04,0.663,0.135,23527
1959,2.92583,2.82374,2.242e-04,0.657,0.128,23605
1960,2.84883,2.82374,2.239e-04,0.711,0.147,23561
1961,2.73118,2.82374,2.236e-04,0.680,0.120,23517
1962,3.20923,2.82374,2.233e-04,0.685,0.171,23599
1963,2.70528,2.82374,2.230e-04,0.679,0.132,23530
1964,2.98113,2.82374,2.228e-04,0.713,0.148,23574
1965,3.20125,2.82374,2.225e-04,0.635,0.137,23568
1966,3.54393,2.82374,2.222e-04,0.712,0.144,23487
1967,3.20511,2.82374,2.219e-04,0.700,0.130,23657
1968,2.76218,2.82374,2.217e-04,0.666,0.118,23506
1969,3.19836,2.82374,2.214e-04,0.649,0.117,23570
1970,3.00501,2.82374,2.211e-04,0.717,0.134,23599
1971,3.10586,2.82374,2.208e-04,0.707,0.160,23526
1972,2.52907,2.82374,2.206e-04,0.783,0.157,23667
1973,3.18151,2.82374,2.203e-04,0.700,0.119,23531
1974,2.74184,2.82374,2.200e-04,0.731,0.153,23521
1975,2.54682,2.82374,2.197e-04,0.659,0.124,23650
1976,3.55298,2.82374,2.194e-04,0.676,0.131,23499
1977,2.90846,2.82374,2.192e-04,0.705,0.122,23625
1978,3.08940,2.82374,2.189e-04,0.678,0.131,23528
1979,3.05939,2.82374,2.186e-04,0.645,0.111,23535
1980,3.12725,2.82374,2.183e-04,0.745,0.150,23619
1981,3.14137,2.82374,2.181e-04,0.678,0.132,23474
1982,2.32179,2.82374,2.178e-04,0.708,0.124,23584
1983,3.03308,2.82374,2.175e-04,0.732,0.153,23545
1984,3.36888,2.82374,2.172e-04,0.633,0.117,23503
1985,2.63972,2.82374,2.170e-04,0.685,0.116,23626
1986,3.01063,2.82374,2.167e-04,0.633,0.111,23527
1987,3.34060,2.82374,2.164e-04,0.669,0.130,23570
1988,2.79322,2.82374,2.161e-04,0.654,0.113,23584
1989,3.02623,2.82374,2.159e-04,0.698,0.120,23521
1990,3.04346,2.82374,2.156e-04,0.690,0.129,23647
1991,3.55629,2.82374,2.153e-04,0.683,0.144,23542
1992,2.71802,2.82374,2.150e-04,0.675,0.119,23515
1993,2.90319,2.82374,2.148e-04,0.672,0.120,23605
1994,3.57390,2.82374,2.145e-04,0.744,0.171,23530
1995,2.58015,2.82374,2.142e-04,0.628,0.115,23633
1996,2.94151,2.82374,2.139e-04,0.707,0.138,23568
1997,2.67906,2.82374,2.137e-04,0.647,0.127,23533
1998,3.70211,2.82374,2.134e-04,0.661,0.128,23642
1999,3.10056,2.82374,2.131e-04,0.704,0.134,23515
2000,2.76060,2.76245,2.129e-04,0.650,0.121,6738
2001,3.18141,2.76245,2.126e-04,0.653,0.120,23740
2002,3.11552,2.76245,2.123e-04,0.798,0.154,23638
2003,3.23151,2.76245,2.120e-04,0.651,0.118,23528
2004,3.21499,2.76245,2.118e-04,0.726,0.138,23590
2005,2.92306,2.76245,2.115e-04,0.713,0.130,23500
2006,2.91897,2.76245,2.112e-04,0.691,0.141,23504
2007,3.42001,2.76245,2.109e-04,0.718,0.152,23656
2008,2.94631,2.76245,2.107e-04,0.734,0.142,23488
2009,3.05341,2.76245,2.104e-04,0.700,0.134,23590
2010,3.24029,2.76245,2.101e-04,0.678,0.161,23537
2011,3.16759,2.76245,2.099e-04,0.716,0.134,23526
2012,2.99026,2.76245,2.096e-04,0.779,0.131,23610
2013,2.67023,2.76245,2.093e-04,0.730,0.145,23547
2014,2.70394,2.76245,2.090e-04,0.658,0.108,23520
2015,3.62384,2.76245,2.088e-04,0.679,0.138,23616
2016,2.99010,2.76245,2.085e-04,0.694,0.105,23511
2017,3.23826,2.76245,2.082e-04,0.655,0.123,23626
2018,3.39833,2.76245,2.080e-04,0.659,0.118,23530
2019,3.02425,2.76245,2.077e-04,0.722,0.122,23562
2020,3.00410,2.76245,2.074e-04,0.675,0.130,23550
2021,3.07799,2.76245,2.072e-04,0.677,0.132,23553
2022,2.85802,2.76245,2.069e-04,0.709,0.138,23614
2023,2.96759,2.76245,2.066e-04,0.622,0.128,23548
2024,3.13082,2.76245,2.063e-04,0.686,0.132,23513
2025,2.65856,2.76245,2.061e-04,0.715,0.132,23646
2026,3.12290,2.76245,2.058e-04,0.699,0.145,23505
2027,2.87371,2.76245,2.055e-04,0.696,0.140,23602
2028,2.98514,2.76245,2.053e-04,0.717,0.154,23537
2029,2.82050,2.76245,2.050e-04,0.769,0.155,23488
2030,2.62046,2.76245,2.047e-04,0.656,0.123,23629
2031,3.20595,2.76245,2.045e-04,0.673,0.147,23504
2032,2.80468,2.76245,2.042e-04,0.726,0.136,23554
2033,2.85497,2.76245,2.039e-04,0.682,0.132,23584
2034,3.09520,2.76245,2.037e-04,0.674,0.141,23488
2035,3.59074,2.76245,2.034e-04,0.689,0.133,23648
2036,2.73481,2.76245,2.031e-04,0.697,0.111,23517
2037,3.36042,2.76245,2.029e-04,0.652,0.122,23559
2038,3.03577,2.76245,2.026e-04,0.696,0.124,23590
2039,3.03418,2.76245,2.023e-04,0.649,0.118,23507
2040,2.95754,2.76245,2.021e-04,1.092,0.187,23601
2041,3.55169,2.76245,2.018e-04,0.655,0.123,23459
2042,2.78925,2.76245,2.015e-04,0.711,0.133,23569
2043,2.59746,2.76245,2.013e-04,0.675,0.109,23603
2044,2.60486,2.76245,2.010e-04,0.694,0.132,23512
2045,3.01251,2.76245,2.007e-04,0.653,0.116,23621
2046,3.46330,2.76245,2.005e-04,0.666,0.136,23509
2047,2.96835,2.76245,2.002e-04,0.653,0.123,23568
2048,3.22512,2.76245,1.999e-04,0.674,0.141,23639
2049,2.71657,2.76245,1.997e-04,0.656,0.125,23509
2050,2.77141,2.76245,1.994e-04,0.658,0.130,23589
2051,2.65548,2.76245,1.991e-04,0.680,0.127,23598
2052,3.72797,2.76245,1.989e-04,0.694,0.150,23517
2053,3.01499,2.76245,1.986e-04,0.674,0.132,23612
2054,3.33666,2.76245,1.983e-04,0.737,0.144,23522
2055,2.71430,2.76245,1.981e-04,0.672,0.131,23577
2056,2.46999,2.76245,1.978e-04,0.698,0.134,23564
2057,2.88448,2.76245,1.975e-04,0.597,0.097,23565
2058,3.17647,2.76245,1.973e-04,0.719,0.150,23627
2059,2.97170,2.76245,1.970e-04,0.729,0.151,23521
2060,2.79123,2.76245,1.968e-04,0.701,0.122,23561
2061,2.38126,2.76245,1.965e-04,0.692,0.132,23567
2062,3.80774,2.76245,1.962e-04,0.890,0.222,23521
2063,3.11565,2.76245,1.960e-04,0.725,0.145,23597
2064,2.45849,2.76245,1.957e-04,0.769,0.148,23528
2065,3.38308,2.76245,1.954e-04,0.835,0.192,23525
2066,2.68383,2.76245,1.952e-04,0.747,0.159,23614
2067,3.00546,2.76245,1.949e-04,0.760,0.153,23547
2068,2.60018,2.76245,1.947e-04,0.682,0.126,23581
2069,3.11962,2.76245,1.944e-04,0.773,0.157,23538
2070,3.01467,2.76245,1.941e-04,1.203,0.257,23508
2071,2.59891,2.76245,1.939e-04,0.760,0.164,23638
2072,3.58931,2.76245,1.936e-04,0.681,0.116,23540
2073,2.65176,2.76245,1.933e-04,0.744,0.149,23557
2074,2.79689,2.76245,1.931e-04,0.724,0.153,23528
2075,2.91470,2.76245,1.928e-04,0.649,0.112,23504
2076,3.36724,2.76245,1.926e-04,0.673,0.147,23607
2077,3.53092,2.76245,1.923e-04,0.666,0.125,23494
2078,2.86966,2.76245,1.920e-04,0.673,0.127,23586
2079,2.82258,2.76245,1.918e-04,0.672,0.132,23567
2080,2.93190,2.76245,1.915e-04,0.675,0.136,23487
2081,3.34090,2.76245,1.913e-04,0.694,0.119,23626
2082,2.88048,2.76245,1.910e-04,0.673,0.122,23568
2083,2.84603,2.76245,1.907e-04,0.671,0.144,23505
2084,3.16563,2.76245,1.905e-04,0.658,0.128,23635
2085,2.78131,2.76245,1.902e-04,0.660,0.117,23507
2086,3.31048,2.76245,1.900e-04,0.619,0.115,23648
2087,3.24487,2.76245,1.897e-04,0.675,0.132,23486
2088,2.73679,2.76245,1.894e-04,0.709,0.131,23502
2089,3.13050,2.76245,1.892e-04,0.662,0.118,23621
2090,2.99385,2.76245,1.889e-04,0.666,0.110,23479
2091,2.84513,2.76245,1.887e-04,0.650,0.131,23617
2092,2.87565,2.76245,1.884e-04,0.636,0.119,23532
2093,3.19236,2.76245,1.882e-04,0.685,0.137,23534
2094,2.62245,2.76245,1.879e-04,0.717,0.142,23576
2095,3.29076,2.76245,1.876e-04,0.651,0.115,23488
2096,3.52270,2.76245,1.874e-04,0.700,0.139,23551
2097,2.83048,2.76245,1.871e-04,0.727,0.148,23540
2098,3.00185,2.76245,1.869e-04,0.669,0.131,23513
2099,3.06558,2.76245,1.866e-04,0.753,0.160,23609
2100,3.02843,2.76245,1.864e-04,0.651,0.131,23521
2101,2.49794,2.76245,1.861e-04,0.645,0.121,23550
2102,2.96025,2.76245,1.858e-04,0.704,0.125,23553
2103,3.20074,2.76245,1.856e-04,0.769,0.164,23521
2104,2.83016,2.76245,1.853e-04,0.662,0.128,23601
2105,3.31779,2.76245,1.851e-04,0.674,0.138,23507
2106,3.04419,2.76245,1.848e-04,0.664,0.118,23522
2107,2.84961,2.76245,1.846e-04,0.607,0.094,23570
2108,3.19449,2.76245,1.843e-04,0.659,0.123,23539
2109,2.99728,2.76245,1.841e-04,0.690,0.131,23619
2110,2.92924,2.76245,1.838e-04,0.651,0.119,23501
2111,2.70268,2.76245,1.835e-04,0.638,0.109,23538
2112,3.23672,2.76245,1.833e-04,0.602,0.116,23593
2113,3.03865,2.76245,1.830e-04,0.695,0.148,23498
2114,2.97273,2.76245,1.828e-04,0.626,0.120,23612
2115,2.89155,2.76245,1.825e-04,0.675,0.115,23532
2116,3.00421,2.76245,1.823e-04,0.667,0.115,23546
2117,2.77471,2.76245,1.820e-04,0.680,0.133,23629
2118,2.71584,2.76245,1.818e-04,0.658,0.123,23499
2119,2.63802,2.76245,1.815e-04,0.674,0.106,23576
2120,3.06150,2.76245,1.813e-04,0.705,0.132,23538
2121,2.83492,2.76245,1.810e-04,0.688,0.126,23498
2122,3.55367,2.76245,1.808e-04,0.665,0.130,23609
2123,2.72813,2.76245,1.805e-04,0.688,0.110,23563
2124,2.77232,2.76245,1.802e-04,0.608,0.099,23555
2125,2.49608,2.76245,1.800e-04,0.661,0.116,23579
2126,2.85671,2.76245,1.797e-04,0.613,0.101,23483
2127,2.40172,2.76245,1.795e-04,0.695,0.123,23590
2128,3.51422,2.76245,1.792e-04,0.667,0.127,23504
2129,2.59565,2.76245,1.790e-04,0.667,0.122,23526
2130,3.27627,2.76245,1.787e-04,0.703,0.128,23610
2131,2.89068,2.76245,1.785e-04,0.676,0.117,23519
2132,3.23174,2.76245,1.782e-04,0.671,0.142,23612
2133,2.76279,2.76245,1.780e-04,0.637,0.118,23505
2134,3.06344,2.76245,1.777e-04,0.625,0.112,23510
2135,3.04142,2.76245,1.775e-04,0.638,0.123,23649
2136,2.85502,2.76245,1.772e-04,0.645,0.123,23481
2137,2.61395,2.76245,1.770e-04,0.621,0.116,23595
2138,2.95487,2.76245,1.767e-04,0.636,0.114,23514
2139,3.00222,2.76245,1.765e-04,0.700,0.140,23526
2140,2.82272,2.76245,1.762e-04,0.674,0.127,23659
2141,3.09405,2.76245,1.760e-04,0.644,0.123,23504
2142,3.06902,2.76245,1.757e-04,0.702,0.139,23609
2143,3.24780,2.76245,1.755e-04,0.681,0.115,23546
2144,3.06445,2.76245,1.752e-04,0.699,0.133,23524
2145,2.66601,2.76245,1.750e-04,0.636,0.121,23635
2146,2.79704,2.76245,1.747e-04,0.671,0.130,23527
2147,2.90600,2.76245,1.745e-04,0.679,0.121,23586
2148,2.77699,2.76245,1.743e-04,0.678,0.133,23554
2149,3.42886,2.76245,1.740e-04,0.650,0.130,23492
2150,2.68060,2.76245,1.738e-04,0.688,0.137,23629
2151,3.05425,2.76245,1.735e-04,0.630,0.117,23519
2152,2.45113,2.76245,1.733e-04,0.657,0.131,23514
2153,3.08496,2.76245,1.730e-04,0.683,0.126,23535
2154,3.33840,2.76245,1.728e-04,0.635,0.114,23545
2155,2.84900,2.76245,1.725e-04,0.625,0.108,23601
2156,2.32066,2.76245,1.723e-04,0.594,0.095,23534
2157,2.58260,2.76245,1.720e-04,0.631,0.112,23533
2158,3.43572,2.76245,1.718e-04,0.618,0.120,23585
2159,2.92952,2.76245,1.715e-04,0.629,0.107,23527
2160,3.40654,2.76245,1.713e-04,0.691,0.119,23601
2161,2.51166,2.76245,1.711e-04,0.626,0.100,23513
2162,3.13589,2.76245,1.708e-04,0.647,0.127,23513
2163,3.27027,2.76245,1.706e-04,0.685,0.136,23618
2164,2.78019,2.76245,1.703e-04,0.665,0.117,23516
2165,3.32224,2.76245,1.701e-04,0.670,0.119,23613
2166,2.61807,2.76245,1.698e-04,0.697,0.125,23539
2167,2.69618,2.76245,1.696e-04,0.622,0.112,23511
2168,3.11842,2.76245,1.693e-04,0.641,0.117,23623
2169,2.79759,2.76245,1.691e-04,0.731,0.142,23501
2170,3.22121,2.76245,1.689e-04,0.704,0.139,23549
2171,2.92928,2.76245,1.686e-04,0.665,0.143,23546
2172,3.37234,2.76245,1.684e-04,0.697,0.152,23514
2173,3.23731,2.76245,1.681e-04,0.744,0.166,23672
2174,2.97123,2.76245,1.679e-04,0.699,0.149,23535
2175,3.21229,2.76245,1.676e-04,0.703,0.121,23564
2176,3.38986,2.76245,1.674e-04,0.725,0.160,23602
2177,2.54448,2.76245,1.672e-04,0.633,0.117,23505
2178,3.08716,2.76245,1.669e-04,0.747,0.162,23612
2179,3.05070,2.76245,1.667e-04,0.715,0.151,23513
2180,3.01645,2.76245,1.664e-04,0.666,0.120,23523
2181,2.54045,2.76245,1.662e-04,0.695,0.133,23601
2182,3.01488,2.76245,1.660e-04,0.790,0.167,23518
2183,2.88663,2.76245,1.657e-04,0.657,0.122,23584
2184,2.60091,2.76245,1.655e-04,0.675,0.111,23562
2185,3.19768,2.76245,1.652e-04,0.655,0.125,23517
2186,3.04309,2.76245,1.650e-04,0.656,0.123,23595
2187,3.53540,2.76245,1.648e-04,0.664,0.117,23532
2188,2.62779,2.76245,1.645e-04,0.693,0.125,23581
2189,2.75520,2.76245,1.643e-04,0.602,0.101,23563
2190,2.89648,2.76245,1.640e-04,0.651,0.126,23501
2191,2.77282,2.76245,1.638e-04,0.776,0.148,23608
2192,3.42065,2.76245,1.636e-04,0.714,0.127,23513
2193,2.22286,2.76245,1.633e-04,0.683,0.114,23581
2194,2.45445,2.76245,1.631e-04,0.697,0.115,23597
2195,2.92723,2.76245,1.628e-04,0.679,0.119,23532
2196,3.06415,2.76245,1.626e-04,0.753,0.142,23586
2197,3.16188,2.76245,1.624e-04,0.648,0.124,23516
2198,3.58346,2.76245,1.621e-04,0.713,0.141,23557
2199,3.07348,2.76245,1.619e-04,0.713,0.152,23608
2200,2.74862,2.76245,1.617e-04,0.738,0.156,23500
2201,3.35690,2.76245,1.614e-04,0.705,0.145,23612
2202,3.31244,2.76245,1.612e-04,0.735,0.179,23510
2203,2.51137,2.76245,1.609e-04,0.691,0.134,23529
2204,3.04181,2.76245,1.607e-04,0.736,0.150,23628
2205,3.28479,2.76245,1.605e-04,0.753,0.171,23539
2206,2.74668,2.76245,1.602e-04,0.818,0.175,23590
2207,2.95008,2.76245,1.600e-04,0.700,0.145,23552
2208,2.73951,2.76245,1.598e-04,0.727,0.169,23508
2209,2.89904,2.76245,1.595e-04,0.704,0.137,23609
2210,2.56903,2.76245,1.593e-04,0.670,0.111,23536
2211,2.78808,2.76245,1.591e-04,0.642,0.116,23582
2212,2.59525,2.76245,1.588e-04,0.719,0.122,23592
2213,2.78533,2.76245,1.586e-04,0.676,0.127,23518
2214,2.98512,2.76245,1.584e-04,0.688,0.119,23613
2215,2.81799,2.76245,1.581e-04,0.643,0.124,23563
2216,3.08939,2.76245,1.579e-04,0.691,0.115,23534
2217,2.79137,2.76245,1.577e-04,0.735,0.124,23600
2218,2.93579,2.76245,1.574e-04,0.657,0.106,23576
2219,3.27060,2.76245,1.572e-04,0.619,0.109,23598
2220,2.86715,2.76245,1.570e-04,0.654,0.132,23536
2221,2.97828,2.76245,1.567e-04,0.681,0.120,23542
2222,2.63197,2.76245,1.565e-04,0.645,0.111,23587
2223,3.16490,2.76245,1.563e-04,0.631,0.107,23570
2224,3.31436,2.76245,1.560e-04,0.657,0.131,23639
2225,3.06161,2.76245,1.558e-04,0.665,0.111,23542
2226,2.59605,2.76245,1.556e-04,0.692,0.117,23513
2227,2.33553,2.76245,1.553e-04,0.716,0.145,23671
2228,2.94460,2.76245,1.551e-04,0.687,0.122,23498
2229,3.30533,2.76245,1.549e-04,0.719,0.168,23608
2230,2.94178,2.76245,1.546e-04,0.629,0.120,23556
2231,2.85206,2.76245,1.544e-04,0.630,0.117,23529
2232,3.56310,2.76245,1.542e-04,0.670,0.143,23645
2233,3.18446,2.76245,1.540e-04,0.663,0.114,23532
2234,2.97312,2.76245,1.537e-04,0.692,0.130,23563
2235,2.53643,2.76245,1.535e-04,0.722,0.118,23567
2236,3.14821,2.76245,1.533e-04,0.656,0.116,23515
2237,2.44101,2.76245,1.530e-04,0.638,0.104,23627
2238,2.64872,2.76245,1.528e-04,0.610,0.102,23562
2239,2.40102,2.76245,1.526e-04,0.690,0.115,23530
2240,2.85459,2.76245,1.524e-04,0.713,0.119,23618
2241,3.26924,2.76245,1.521e-04,0.661,0.131,23497
2242,2.75073,2.76245,1.519e-04,0.662,0.125,23613
2243,2.70520,2.76245,1.517e-04,0.645,0.107,23560
2244,2.77738,2.76245,1.514e-04,0.661,0.118,23507
2245,3.33732,2.76245,1.512e-04,0.694,0.127,23655
2246,2.83413,2.76245,1.510e-04,0.706,0.126,23490
2247,2.67399,2.76245,1.508e-04,0.657,0.117,23630
2248,2.56162,2.76245,1.505e-04,0.714,0.124,23549
2249,2.90544,2.76245,1.503e-04,0.713,0.115,23545
2250,3.47918,2.71618,1.501e-04,0.734,0.124,6741
2251,2.75301,2.71618,1.499e-04,0.663,0.142,23932
2252,2.52009,2.71618,1.496e-04,0.706,0.125,23560
2253,2.93537,2.71618,1.494e-04,0.725,0.120,23571
2254,3.60031,2.71618,1.492e-04,0.710,0.154,23607
2255,2.59020,2.71618,1.490e-04,0.761,0.135,23537
2256,2.48117,2.71618,1.487e-04,0.741,0.125,23577
2257,2.65414,2.71618,1.485e-04,0.656,0.124,23579
2258,2.39924,2.71618,1.483e-04,0.752,0.150,23527
2259,2.42468,2.71618,1.481e-04,0.665,0.111,23638
2260,2.84738,2.71618,1.478e-04,0.695,0.133,23523
2261,2.79130,2.71618,1.476e-04,0.761,0.146,23547
2262,3.29709,2.71618,1.474e-04,0.662,0.144,23544
2263,3.15872,2.71618,1.472e-04,0.725,0.140,23499
2264,2.59794,2.71618,1.469e-04,0.712,0.130,23655
2265,3.86123,2.71618,1.467e-04,0.669,0.126,23526
2266,2.90764,2.71618,1.465e-04,0.658,0.133,23508
2267,3.09786,2.71618,1.463e-04,0.721,0.130,23565
2268,2.80741,2.71618,1.461e-04,0.696,0.122,23531
2269,2.77333,2.71618,1.458e-04,0.611,0.113,23619
2270,2.23005,2.71618,1.456e-04,0.679,0.113,23531
2271,3.62617,2.71618,1.454e-04,0.770,0.167,23523
2272,2.91382,2.71618,1.452e-04,0.720,0.133,23615
2273,3.03536,2.71618,1.450e-04,0.690,0.128,23551
2274,3.31781,2.71618,1.447e-04,0.793,0.157,23588
2275,2.77071,2.71618,1.445e-04,0.713,0.116,23577
2276,2.99859,2.71618,1.443e-04,0.682,0.130,23508
2277,2.87308,2.71618,1.441e-04,0.662,0.121,23622
2278,2.85419,2.71618,1.439e-04,0.662,0.113,23527
2279,2.18730,2.71618,1.436e-04,0.672,0.103,23592
2280,3.34098,2.71618,1.434e-04,0.752,0.186,23542
2281,2.65298,2.71618,1.432e-04,0.714,0.129,23476
2282,3.24654,2.71618,1.430e-04,0.652,0.107,23619
2283,2.82472,2.71618,1.428e-04,0.676,0.139,23528
2284,3.04932,2.71618,1.425e-04,0.743,0.144,23572
2285,2.77157,2.71618,1.423e-04,0.616,0.112,23600
2286,2.83692,2.71618,1.421e-04,0.694,0.120,23512
2287,2.46316,2.71618,1.419e-04,0.666,0.124,23639
2288,2.95848,2.71618,1.417e-04,0.688,0.145,23523
2289,2.86790,2.71618,1.415e-04,0.619,0.118,23543
2290,2.89656,2.71618,1.412e-04,0.672,0.111,23547
2291,2.26230,2.71618,1.410e-04,0.704,0.121,23542
2292,3.39070,2.71618,1.408e-04,0.696,0.143,23623
2293,2.93180,2.71618,1.406e-04,0.615,0.115,23542
2294,3.22930,2.71618,1.404e-04,0.711,0.146,23477
2295,2.56498,2.71618,1.402e-04,0.616,0.098,23623
2296,2.63362,2.71618,1.399e-04,0.661,0.122,23487
2297,2.98452,2.71618,1.397e-04,0.682,0.128,23598
2298,2.88745,2.71618,1.395e-04,0.658,0.121,23561
2299,2.98773,2.71618,1.393e-04,0.666,0.109,23525
2300,2.91766,2.71618,1.391e-04,0.653,0.122,23626
2301,2.83007,2.71618,1.389e-04,0.692,0.125,23536
2302,2.53755,2.71618,1.387e-04,0.700,0.142,23597
2303,2.54940,2.71618,1.384e-04,0.656,0.119,23583
2304,3.03747,2.71618,1.382e-04,0.686,0.116,23538
2305,2.83030,2.71618,1.380e-04,0.678,0.144,23650
2306,2.70448,2.71618,1.378e-04,0.665,0.134,23471
2307,3.12019,2.71618,1.376e-04,0.654,0.149,23559
2308,2.64987,2.71618,1.374e-04,0.654,0.105,23594
2309,2.88361,2.71618,1.372e-04,0.663,0.123,23533
2310,2.21575,2.71618,1.370e-04,0.635,0.127,23599
2311,3.03250,2.71618,1.367e-04,0.671,0.135,23507
2312,3.38614,2.71618,1.365e-04,0.662,0.127,23514
2313,2.71478,2.71618,1.363e-04,0.676,0.132,23603
2314,2.66083,2.71618,1.361e-04,0.676,0.130,23550
2315,3.73625,2.71618,1.359e-04,0.770,0.144,23605
2316,2.94183,2.71618,1.357e-04,0.690,0.128,23529
2317,2.84839,2.71618,1.355e-04,0.670,0.138,23528
2318,3.01357,2.71618,1.353e-04,0.669,0.120,23564
2319,3.04316,2.71618,1.351e-04,0.689,0.108,23562
2320,2.52968,2.71618,1.348e-04,0.699,0.114,23608
2321,2.51894,2.71618,1.346e-04,0.649,0.125,23513
2322,2.79855,2.71618,1.344e-04,0.701,0.116,23527
2323,2.83450,2.71618,1.342e-04,0.668,0.113,23590
2324,3.44674,2.71618,1.340e-04,0.660,0.124,23534
2325,2.62033,2.71618,1.338e-04,0.656,0.125,23518
2326,2.99070,2.71618,1.336e-04,0.712,0.125,23566
2327,2.85964,2.71618,1.334e-04,0.706,0.137,23513
2328,2.97166,2.71618,1.332e-04,0.681,0.125,23611
2329,2.22529,2.71618,1.330e-04,0.675,0.118,23543
2330,3.25625,2.71618,1.328e-04,0.710,0.136,23524
2331,2.93091,2.71618,1.326e-04,0.666,0.123,23577
2332,2.76887,2.71618,1.324e-04,0.661,0.120,23514
2333,2.86204,2.71618,1.321e-04,0.697,0.132,23626
2334,2.49040,2.71618,1.319e-04,0.726,0.128,23550
2335,2.70302,2.71618,1.317e-04,0.688,0.118,23546
2336,2.69746,2.71618,1.315e-04,0.637,0.119,23557
2337,2.11088,2.71618,1.313e-04,0.683,0.111,23521
2338,3.30763,2.71618,1.311e-04,0.742,0.129,23591
2339,2.79763,2.71618,1.309e-04,0.664,0.114,23490
2340,2.85997,2.71618,1.307e-04,0.679,0.133,23507
2341,2.78760,2.71618,1.305e-04,0.662,0.116,23568
2342,2.19429,2.71618,1.303e-04,0.650,0.105,23506
2343,2.89202,2.71618,1.301e-04,0.712,0.137,23589
2344,2.69711,2.71618,1.299e-04,0.662,0.113,23562
2345,2.92381,2.71618,1.297e-04,0.650,0.114,23500
2346,2.51058,2.71618,1.295e-04,0.658,0.110,23607
2347,2.16695,2.71618,1.293e-04,0.668,0.110,23531
2348,3.39811,2.71618,1.291e-04,0.721,0.121,23595
2349,2.94562,2.71618,1.289e-04,0.656,0.112,23566
2350,2.90087,2.71618,1.287e-04,0.629,0.106,23476
2351,2.61579,2.71618,1.285e-04,0.686,0.123,23609
2352,2.74482,2.71618,1.283e-04,0.642,0.104,23513
2353,3.14138,2.71618,1.281e-04,0.660,0.120,23564
2354,2.74630,2.71618,1.279e-04,0.622,0.104,23615
2355,3.08048,2.71618,1.277e-04,0.681,0.126,23518
2356,2.75122,2.71618,1.275e-04,0.682,0.133,23622
2357,2.46838,2.71618,1.273e-04,0.660,0.099,23531
2358,2.74649,2.71618,1.271e-04,0.791,0.168,23524
2359,3.27474,2.71618,1.269e-04,0.713,0.137,23606
2360,3.14210,2.71618,1.267e-04,0.666,0.139,23497
2361,2.83636,2.71618,1.265e-04,0.690,0.139,23586
2362,2.78519,2.71618,1.263e-04,0.691,0.111,23506
2363,2.93555,2.71618,1.261e-04,0.724,0.136,23550
2364,2.96745,2.71618,1.259e-04,0.710,0.131,23570
2365,2.69272,2.71618,1.257e-04,0.694,0.132,23520
2366,2.90749,2.71618,1.255e-04,0.674,0.108,23575
2367,3.16080,2.71618,1.253e-04,0.689,0.131,23519
2368,3.28971,2.71618,1.251e-04,0.676,0.118,23444
2369,2.87415,2.71618,1.249e-04,0.699,0.118,23644
2370,2.75171,2.71618,1.247e-04,0.643,0.107,23540
2371,2.32629,2.71618,1.245e-04,0.633,0.100,23590
2372,2.87694,2.71618,1.243e-04,0.688,0.122,23543
2373,3.11306,2.71618,1.241e-04,0.641,0.110,23557
2374,2.54585,2.71618,1.239e-04,0.641,0.107,23614
2375,2.94500,2.71618,1.237e-04,0.672,0.114,23519
2376,2.76402,2.71618,1.235e-04,0.690,0.113,23561
2377,2.46179,2.71618,1.233e-04,0.637,0.117,23577
2378,2.84546,2.71618,1.231e-04,0.668,0.122,23509
2379,3.07440,2.71618,1.229e-04,0.663,0.120,23630
2380,3.04039,2.71618,1.227e-04,0.771,0.151,23501
2381,2.33455,2.71618,1.225e-04,0.736,0.146,23494
2382,2.98035,2.71618,1.223e-04,0.640,0.109,23552
2383,2.52169,2.71618,1.222e-04,0.683,0.141,23521
2384,2.85535,2.71618,1.220e-04,0.672,0.134,23608
2385,3.67778,2.71618,1.218e-04,0.721,0.135,23544
2386,2.85845,2.71618,1.216e-04,0.737,0.146,23521
2387,2.84204,2.71618,1.214e-04,0.671,0.111,23608
2388,2.90748,2.71618,1.212e-04,0.767,0.139,23484
2389,3.04059,2.71618,1.210e-04,0.640,0.123,23578
2390,2.89982,2.71618,1.208e-04,0.673,0.118,23555
2391,3.11353,2.71618,1.206e-04,0.726,0.125,23531
2392,2.62557,2.71618,1.204e-04,0.692,0.121,23660
2393,2.44102,2.71618,1.202e-04,0.724,0.116,23540
2394,3.20489,2.71618,1.200e-04,0.715,0.122,23540
2395,2.91097,2.71618,1.199e-04,0.649,0.111,23565
2396,2.83599,2.71618,1.197e-04,0.644,0.109,23453
2397,2.73828,2.71618,1.195e-04,0.652,0.111,23638
2398,2.84971,2.71618,1.193e-04,0.652,0.109,23491
2399,2.82023,2.71618,1.191e-04,0.644,0.103,23567
2400,3.15730,2.71618,1.189e-04,0.689,0.145,23591
2401,2.74049,2.71618,1.187e-04,0.657,0.124,23510
2402,3.03616,2.71618,1.185e-04,0.655,0.124,23612
2403,2.65086,2.71618,1.183e-04,0.651,0.137,23492
2404,3.05805,2.71618,1.182e-04,0.657,0.129,23569
2405,3.32008,2.71618,1.180e-04,0.617,0.125,23611
2406,2.68455,2.71618,1.178e-04,0.691,0.136,23511
2407,2.49343,2.71618,1.176e-04,0.675,0.137,23628
2408,3.35937,2.71618,1.174e-04,0.696,0.142,23521
2409,2.75102,2.71618,1.172e-04,0.751,0.135,23522
2410,2.76144,2.71618,1.170e-04,0.661,0.113,23606
2411,2.21322,2.71618,1.168e-04,0.665,0.115,23591
2412,2.80991,2.71618,1.167e-04,0.633,0.126,23596
2413,2.41617,2.71618,1.165e-04,0.673,0.144,23561
2414,2.80064,2.71618,1.163e-04,0.669,0.112,23560
2415,2.93292,2.71618,1.161e-04,0.742,0.143,23634
2416,2.70064,2.71618,1.159e-04,0.675,0.111,23484
2417,2.96630,2.71618,1.157e-04,0.662,0.114,23569
2418,3.13284,2.71618,1.155e-04,0.675,0.121,23553
2419,2.96598,2.71618,1.154e-04,0.663,0.117,23527
2420,2.73756,2.71618,1.152e-04,0.623,0.121,23601
2421,2.67192,2.71618,1.150e-04,0.647,0.114,23511
2422,2.97653,2.71618,1.148e-04,0.625,0.102,23541
2423,3.14782,2.71618,1.146e-04,0.655,0.111,23565
2424,2.88441,2.71618,1.144e-04,0.648,0.116,23520
2425,3.04437,2.71618,1.143e-04,0.684,0.133,23636
2426,3.10012,2.71618,1.141e-04,0.691,0.118,23554
2427,2.89923,2.71618,1.139e-04,0.689,0.105,23527
2428,3.18407,2.71618,1.137e-04,0.733,0.136,23576
2429,3.22848,2.71618,1.135e-04,0.634,0.124,23538
2430,3.06460,2.71618,1.134e-04,0.644,0.112,23604
2431,3.01845,2.71618,1.132e-04,0.672,0.114,23541
2432,2.74610,2.71618,1.130e-04,0.689,0.131,23545
2433,2.71827,2.71618,1.128e-04,0.669,0.119,23610
2434,3.10632,2.71618,1.126e-04,0.700,0.121,23522
2435,3.19180,2.71618,1.125e-04,0.696,0.118,23571
2436,3.30592,2.71618,1.123e-04,0.722,0.127,23550
2437,2.72656,2.71618,1.121e-04,0.812,0.194,23506
2438,3.50681,2.71618,1.119e-04,0.772,0.158,23598
2439,3.07095,2.71618,1.117e-04,0.701,0.131,23503
2440,3.18565,2.71618,1.116e-04,0.808,0.150,23581
2441,2.74669,2.71618,1.114e-04,0.737,0.127,23566
2442,3.22484,2.71618,1.112e-04,0.755,0.142,23507
2443,2.61203,2.71618,1.110e-04,0.690,0.115,23601
2444,2.75149,2.71618,1.109e-04,0.852,0.156,23543
2445,2.79519,2.71618,1.107e-04,0.697,0.121,23562
2446,2.97795,2.71618,1.105e-04,0.666,0.118,23575
2447,3.36467,2.71618,1.103e-04,0.667,0.118,23487
2448,1.85554,2.71618,1.101e-04,0.709,0.127,23613
2449,2.71475,2.71618,1.100e-04,0.706,0.126,23521
2450,2.87974,2.71618,1.098e-04,0.660,0.125,23506
2451,3.41363,2.71618,1.096e-04,0.660,0.121,23578
2452,2.95763,2.71618,1.094e-04,0.652,0.116,23501
2453,2.73572,2.71618,1.093e-04,0.664,0.130,23624
2454,2.63409,2.71618,1.091e-04,0.673,0.117,23520
2455,2.90320,2.71618,1.089e-04,0.635,0.128,23502
2456,2.87481,2.71618,1.088e-04,0.675,0.126,23626
2457,3.00472,2.71618,1.086e-04,0.704,0.119,23535
2458,2.58641,2.71618,1.084e-04,0.670,0.101,23581
2459,2.85205,2.71618,1.082e-04,0.659,0.132,23557
2460,2.49270,2.71618,1.081e-04,0.658,0.104,23530
2461,2.61566,2.71618,1.079e-04,0.695,0.137,23625
2462,3.08351,2.71618,1.077e-04,0.614,0.117,23534
2463,2.99599,2.71618,1.075e-04,0.714,0.124,23551
2464,2.64670,2.71618,1.074e-04,0.660,0.110,23577
2465,2.42253,2.71618,1.072e-04,0.657,0.099,23520
2466,2.73696,2.71618,1.070e-04,0.652,0.109,23605
2467,2.49606,2.71618,1.069e-04,0.667,0.114,23551
2468,3.01784,2.71618,1.067e-04,0.674,0.112,23532
2469,2.67912,2.71618,1.065e-04,0.656,0.113,23612
2470,2.60027,2.71618,1.063e-04,0.767,0.154,23545
2471,3.05402,2.71618,1.062e-04,0.711,0.124,23628
2472,2.28011,2.71618,1.060e-04,0.622,0.105,23521
2473,2.63263,2.71618,1.058e-04,0.663,0.114,23535
2474,3.06372,2.71618,1.057e-04,0.731,0.129,23611
2475,2.88123,2.71618,1.055e-04,0.683,0.126,23515
2476,2.92492,2.71618,1.053e-04,0.696,0.115,23609
2477,3.09873,2.71618,1.052e-04,0.666,0.126,23521
2478,2.80901,2.71618,1.050e-04,0.747,0.124,23524
2479,3.02740,2.71618,1.048e-04,0.658,0.118,23603
2480,3.14025,2.71618,1.047e-04,0.725,0.124,23511
2481,2.77735,2.71618,1.045e-04,0.712,0.140,23614
2482,2.75779,2.71618,1.043e-04,0.668,0.120,23529
2483,2.19826,2.71618,1.042e-04,0.723,0.115,23563
2484,2.62244,2.71618,1.040e-04,0.720,0.117,23606
2485,2.41465,2.71618,1.038e-04,0.622,0.101,23522
2486,2.42310,2.71618,1.037e-04,0.705,0.129,23510
2487,2.77471,2.71618,1.035e-04,0.651,0.102,23577
2488,3.14467,2.71618,1.033e-04,0.689,0.119,23545
2489,2.72061,2.71618,1.032e-04,0.676,0.123,23584
2490,3.08520,2.71618,1.030e-04,0.661,0.124,23535
2491,2.69849,2.71618,1.028e-04,0.660,0.107,23492
2492,2.97634,2.71618,1.027e-04,0.679,0.131,23590
2493,2.67238,2.71618,1.025e-04,0.701,0.126,23533
2494,2.79861,2.71618,1.024e-04,0.693,0.135,23622
2495,2.90200,2.71618,1.022e-04,0.680,0.118,23512
2496,3.02549,2.71618,1.020e-04,0.700,0.148,23500
2497,3.03394,2.71618,1.019e-04,0.639,0.122,23629
2498,2.57279,2.71618,1.017e-04,0.644,0.125,23528
2499,3.01996,2.71618,1.015e-04,0.661,0.113,23562
2500,2.69902,2.68355,1.014e-04,0.669,0.118,6736
2501,3.05571,2.68355,1.012e-04,0.662,0.120,23795
2502,2.73836,2.68355,1.011e-04,0.682,0.120,23560
2503,3.09121,2.68355,1.009e-04,0.638,0.113,23604
2504,2.97762,2.68355,1.007e-04,0.627,0.105,23534
2505,2.76126,2.68355,1.006e-04,0.715,0.130,23490
2506,2.89854,2.68355,1.004e-04,0.659,0.120,23586
2507,2.77817,2.68355,1.003e-04,0.644,0.113,23558
2508,2.90868,2.68355,1.001e-04,0.620,0.104,23567
2509,3.00321,2.68355,9.995e-05,0.672,0.110,23559
2510,2.98579,2.68355,9.979e-05,0.624,0.112,23492
2511,2.89085,2.68355,9.963e-05,0.679,0.132,23626
2512,3.28993,2.68355,9.947e-05,0.615,0.112,23552
2513,3.71854,2.68355,9.931e-05,0.665,0.113,23566
2514,2.53262,2.68355,9.916e-05,0.675,0.102,23589
2515,2.90896,2.68355,9.900e-05,0.641,0.115,23541
2516,2.87313,2.68355,9.884e-05,0.652,0.123,23646
2517,2.61280,2.68355,9.869e-05,0.634,0.104,23519
2518,3.34709,2.68355,9.853e-05,0.685,0.125,23558
2519,2.97562,2.68355,9.837e-05,0.691,0.140,23583
2520,2.87329,2.68355,9.822e-05,0.721,0.117,23547
2521,2.62249,2.68355,9.806e-05,0.662,0.119,23606
2522,2.45266,2.68355,9.791e-05,0.691,0.120,23519
2523,3.27229,2.68355,9.775e-05,0.731,0.133,23522
2524,2.92422,2.68355,9.760e-05,0.648,0.108,23606
2525,2.85481,2.68355,9.745e-05,0.673,0.130,23550
2526,3.09460,2.68355,9.729e-05,0.656,0.118,23604
2527,2.91155,2.68355,9.714e-05,0.665,0.116,23542
2528,3.02385,2.68355,9.699e-05,0.658,0.125,23503
2529,2.84856,2.68355,9.683e-05,0.603,0.102,23658
2530,2.45060,2.68355,9.668e-05,0.635,0.097,23511
2531,3.51186,2.68355,9.653e-05,0.757,0.142,23568
2532,2.71975,2.68355,9.638e-05,0.670,0.120,23540
2533,2.60575,2.68355,9.622e-05,0.653,0.114,23531
2534,3.54445,2.68355,9.607e-05,0.765,0.150,23633
2535,2.76156,2.68355,9.592e-05,0.683,0.121,23509
2536,2.89418,2.68355,9.577e-05,0.672,0.128,23581
2537,2.48664,2.68355,9.562e-05,0.693,0.117,23549
2538,2.38445,2.68355,9.547e-05,0.632,0.100,23520
2539,2.38978,2.68355,9.532e-05,0.664,0.122,23634
2540,3.34969,2.68355,9.517e-05,0.689,0.161,23548
2541,3.08540,2.68355,9.502e-05,0.649,0.137,23570
2542,2.54193,2.68355,9.487e-05,0.690,0.136,23635
2543,2.52301,2.68355,9.472e-05,0.677,0.122,23512
2544,3.10560,2.68355,9.457e-05,0.726,0.142,23608
2545,2.96817,2.68355,9.443e-05,0.731,0.151,23541
2546,3.21463,2.68355,9.428e-05,0.714,0.156,23470
2547,3.47963,2.68355,9.413e-05,0.783,0.147,23640
2548,3.10517,2.68355,9.398e-05,0.703,0.121,23549
2549,2.94208,2.68355,9.384e-05,0.626,0.108,23600
2550,2.98525,2.68355,9.369e-05,0.642,0.108,23535
2551,2.93629,2.68355,9.354e-05,0.648,0.126,23540
2552,3.26738,2.68355,9.340e-05,0.719,0.139,23642
2553,2.90369,2.68355,9.325e-05,0.741,0.155,23548
2554,2.37644,2.68355,9.311e-05,0.664,0.115,23596
2555,2.39409,2.68355,9.296e-05,0.686,0.120,23562
2556,2.61979,2.68355,9.282e-05,0.647,0.108,23550
2557,2.74079,2.68355,9.267e-05,0.705,0.134,23600
2558,2.75614,2.68355,9.253e-05,0.663,0.110,23535
2559,2.66908,2.68355,9.238e-05,0.640,0.111,23516
2560,3.01412,2.68355,9.224e-05,0.683,0.141,23566
2561,2.82914,2.68355,9.210e-05,0.655,0.113,23493
2562,3.22593,2.68355,9.195e-05,0.696,0.135,23589
2563,3.10952,2.68355,9.181e-05,0.693,0.131,23531
2564,2.42732,2.68355,9.167e-05,0.657,0.105,23560
2565,2.92869,2.68355,9.153e-05,0.646,0.109,23626
2566,2.62392,2.68355,9.138e-05,0.758,0.137,23510
2567,3.05714,2.68355,9.124e-05,0.658,0.105,23639
2568,2.80497,2.68355,9.110e-05,0.638,0.114,23518
2569,2.82229,2.68355,9.096e-05,0.656,0.107,23513
2570,2.48017,2.68355,9.082e-05,0.641,0.107,23633
2571,2.48452,2.68355,9.068e-05,0.687,0.121,23538
2572,2.81214,2.68355,9.054e-05,0.694,0.129,23612
2573,2.70873,2.68355,9.040e-05,0.658,0.120,23534
2574,2.80570,2.68355,9.026e-05,0.702,0.131,23546
2575,2.19517,2.68355,9.012e-05,0.662,0.107,23604
2576,3.27791,2.68355,8.998e-05,0.654,0.128,23516
2577,3.22431,2.68355,8.984e-05,0.704,0.139,23585
2578,2.51561,2.68355,8.970e-05,0.671,0.127,23530
2579,2.60056,2.68355,8.957e-05,0.627,0.101,23556
2580,2.87452,2.68355,8.943e-05,0.644,0.113,23582
2581,2.80562,2.68355,8.929e-05,0.733,0.142,23519
2582,2.43777,2.68355,8.915e-05,0.649,0.103,23560
2583,2.47714,2.68355,8.902e-05,0.630,0.105,23574
2584,2.95154,2.68355,8.888e-05,0.634,0.110,23548
2585,2.32916,2.68355,8.874e-05,0.672,0.105,23606
2586,2.87596,2.68355,8.861e-05,0.664,0.100,23551
2587,3.13874,2.68355,8.847e-05,0.636,0.108,23510
2588,3.34965,2.68355,8.834e-05,0.673,0.128,23638
2589,2.61194,2.68355,8.820e-05,0.694,0.115,23490
2590,2.63524,2.68355,8.807e-05,0.656,0.108,23615
2591,3.02148,2.68355,8.793e-05,0.666,0.107,23505
2592,2.68796,2.68355,8.780e-05,0.705,0.141,23508
2593,2.62023,2.68355,8.767e-05,0.648,0.107,23620
2594,3.39995,2.68355,8.753e-05,0.728,0.140,23489
2595,2.98825,2.68355,8.740e-05,0.672,0.133,23610
2596,2.88546,2.68355,8.727e-05,0.650,0.123,23540
2597,3.26909,2.68355,8.713e-05,0.635,0.107,23560
2598,3.37517,2.68355,8.700e-05,0.643,0.117,23605
2599,2.61490,2.68355,8.687e-05,0.673,0.120,23517
2600,2.54904,2.68355,8.674e-05,0.638,0.111,23583
2601,2.62169,2.68355,8.661e-05,0.607,0.095,23510
2602,3.19438,2.68355,8.648e-05,0.699,0.124,23516
2603,2.95724,2.68355,8.635e-05,0.626,0.101,23594
2604,2.98770,2.68355,8.622e-05,0.630,0.103,23568
2605,3.04558,2.68355,8.609e-05,0.688,0.131,23545
2606,2.79874,2.68355,8.596e-05,0.687,0.125,23578
2607,2.69873,2.68355,8.583e-05,0.672,0.106,23565
2608,3.14728,2.68355,8.570e-05,0.670,0.115,23649
2609,3.20464,2.68355,8.557e-05,0.730,0.139,23497
2610,2.60280,2.68355,8.544e-05,0.664,0.142,23484
2611,2.49895,2.68355,8.531e-05,0.667,0.107,23660
2612,2.52546,2.68355,8.518e-05,0.654,0.112,23521
2613,2.50720,2.68355,8.506e-05,0.686,0.109,23632
2614,2.96270,2.68355,8.493e-05,0.682,0.115,23571
2615,2.96037,2.68355,8.480e-05,0.678,0.117,23546
2616,2.76590,2.68355,8.467e-05,0.688,0.120,23566
2617,2.65325,2.68355,8.455e-05,0.685,0.122,23526
2618,2.46421,2.68355,8.442e-05,0.666,0.120,23588
2619,2.87734,2.68355,8.430e-05,0.749,0.125,23549
2620,2.84848,2.68355,8.417e-05,0.735,0.121,23474
2621,2.85690,2.68355,8.405e-05,0.717,0.119,23599
2622,2.94401,2.68355,8.392e-05,0.673,0.126,23512
2623,2.47132,2.68355,8.380e-05,0.660,0.101,23566
2624,3.06591,2.68355,8.367e-05,0.757,0.142,23596
2625,3.21542,2.68355,8.355e-05,0.718,0.117,23530
2626,2.84579,2.68355,8.342e-05,0.675,0.106,23595
2627,3.02375,2.68355,8.330e-05,0.678,0.120,23527
2628,3.09976,2.68355,8.318e-05,0.674,0.120,23570
2629,3.11697,2.68355,8.306e-05,0.705,0.122,23577
2630,2.30460,2.68355,8.293e-05,0.649,0.105,23508
2631,2.89033,2.68355,8.281e-05,0.694,0.124,23630
2632,2.86953,2.68355,8.269e-05,0.689,0.119,23557
2633,2.22800,2.68355,8.257e-05,0.661,0.103,23519
2634,2.59261,2.68355,8.245e-05,0.645,0.105,23628
2635,2.65141,2.68355,8.233e-05,0.704,0.124,23508
2636,3.11779,2.68355,8.221e-05,0.694,0.111,23606
2637,2.64700,2.68355,8.209e-05,0.709,0.111,23532
2638,2.41339,2.68355,8.197e-05,0.640,0.103,23536
2639,2.35149,2.68355,8.185e-05,0.635,0.099,23635
2640,2.44432,2.68355,8.173e-05,0.653,0.097,23529
2641,2.60939,2.68355,8.161e-05,0.651,0.106,23540
2642,2.70565,2.68355,8.149e-05,0.654,0.113,23566
2643,2.93589,2.68355,8.137e-05,0.684,0.128,23511
2644,3.16514,2.68355,8.125e-05,0.651,0.119,23602
2645,2.81294,2.68355,8.114e-05,0.672,0.122,23558
2646,3.15231,2.68355,8.102e-05,0.733,0.131,23543
2647,2.96585,2.68355,8.090e-05,0.669,0.117,23563
2648,3.21985,2.68355,8.079e-05,0.683,0.121,23515
2649,2.89834,2.68355,8.067e-05,0.654,0.109,23569
2650,2.84864,2.68355,8.055e-05,0.673,0.121,23539
2651,2.99216,2.68355,8.044e-05,0.706,0.131,23542
2652,2.42384,2.68355,8.032e-05,0.699,0.114,23580
2653,2.72503,2.68355,8.021e-05,0.679,0.125,23542
2654,3.18215,2.68355,8.009e-05,0.677,0.125,23641
2655,2.84006,2.68355,7.998e-05,0.637,0.113,23521
2656,2.68778,2.68355,7.986e-05,0.659,0.112,23506
2657,2.91007,2.68355,7.975e-05,0.711,0.123,23622
2658,3.18192,2.68355,7.964e-05,0.657,0.120,23514
2659,3.30434,2.68355,7.952e-05,0.716,0.125,23604
2660,2.54625,2.68355,7.941e-05,0.639,0.106,23532
2661,3.48918,2.68355,7.930e-05,0.716,0.117,23494
2662,2.33105,2.68355,7.918e-05,0.654,0.112,23670
2663,2.62820,2.68355,7.907e-05,0.755,0.135,23534
2664,2.27730,2.68355,7.896e-05,0.678,0.102,23572
2665,3.45705,2.68355,7.885e-05,0.715,0.131,23577
2666,2.70669,2.68355,7.874e-05,0.697,0.124,23471
2667,3.30873,2.68355,7.863e-05,0.679,0.123,23622
2668,3.11688,2.68355,7.852e-05,0.655,0.118,23529
2669,2.87046,2.68355,7.841e-05,0.631,0.101,23576
2670,2.66777,2.68355,7.830e-05,0.660,0.119,23582
2671,2.66847,2.68355,7.819e-05,0.592,0.097,23457
2672,2.76374,2.68355,7.808e-05,0.678,0.123,23592
2673,2.61214,2.68355,7.797e-05,0.636,0.103,23497
2674,2.96082,2.68355,7.786e-05,0.680,0.102,23524
2675,2.69514,2.68355,7.775e-05,0.693,0.120,23567
2676,2.94613,2.68355,7.764e-05,0.668,0.108,23506
2677,3.46375,2.68355,7.754e-05,0.695,0.134,23633
2678,3.19176,2.68355,7.743e-05,0.677,0.125,23505
2679,2.95534,2.68355,7.732e-05,0.717,0.117,23539
2680,2.90237,2.68355,7.722e-05,0.670,0.110,23571
2681,2.98446,2.68355,7.711e-05,0.724,0.119,23513
2682,2.60350,2.68355,7.700e-05,0.674,0.109,23592
2683,2.98451,2.68355,7.690e-05,0.628,0.111,23552
2684,2.84077,2.68355,7.679e-05,0.739,0.125,23543
2685,2.92193,2.68355,7.669e-05,0.717,0.126,23638
2686,2.69473,2.68355,7.658e-05,0.661,0.107,23548
2687,2.98853,2.68355,7.648e-05,0.664,0.127,23648
2688,2.46251,2.68355,7.638e-05,0.660,0.121,23569
2689,2.68318,2.68355,7.627e-05,0.686,0.119,23527
2690,2.89895,2.68355,7.617e-05,0.685,0.126,23619
2691,2.80097,2.68355,7.606e-05,0.717,0.118,23537
2692,2.61533,2.68355,7.596e-05,0.654,0.121,23559
2693,2.28796,2.68355,7.586e-05,0.653,0.108,23589
2694,2.77733,2.68355,7.576e-05,0.682,0.122,23494
2695,3.01987,2.68355,7.566e-05,0.651,0.117,23584
2696,2.81934,2.68355,7.555e-05,0.656,0.114,23523
2697,2.87405,2.68355,7.545e-05,0.682,0.132,23538
2698,2.55403,2.68355,7.535e-05,0.609,0.110,23589
2699,2.99473,2.68355,7.525e-05,0.666,0.111,23501
2700,2.65694,2.68355,7.515e-05,0.623,0.104,23641
2701,2.96959,2.68355,7.505e-05,0.689,0.132,23536
2702,2.77337,2.68355,7.495e-05,0.668,0.109,23507
2703,2.41213,2.68355,7.485e-05,0.785,0.125,23589
2704,2.77772,2.68355,7.475e-05,0.670,0.113,23533
2705,2.81929,2.68355,7.466e-05,0.700,0.141,23588
2706,2.44375,2.68355,7.456e-05,0.621,0.106,23532
2707,2.86095,2.68355,7.446e-05,0.626,0.117,23538
2708,2.13120,2.68355,7.436e-05,0.597,0.101,23590
2709,3.12415,2.68355,7.426e-05,0.642,0.118,23522
2710,2.86244,2.68355,7.417e-05,0.646,0.115,23557
2711,2.94080,2.68355,7.407e-05,0.648,0.118,23609
2712,2.94943,2.68355,7.397e-05,0.663,0.117,23507
2713,2.55435,2.68355,7.388e-05,0.680,0.136,23605
2714,2.57780,2.68355,7.378e-05,0.693,0.120,23531
2715,2.83448,2.68355,7.369e-05,0.657,0.112,23532
2716,3.02564,2.68355,7.359e-05,0.668,0.136,23582
2717,3.40083,2.68355,7.350e-05,0.675,0.132,23549
2718,2.49640,2.68355,7.340e-05,0.674,0.122,23613
2719,3.01953,2.68355,7.331e-05,0.684,0.127,23490
2720,2.90766,2.68355,7.321e-05,0.669,0.119,23538
2721,3.30623,2.68355,7.312e-05,0.678,0.135,23579
2722,2.73845,2.68355,7.303e-05,0.710,0.135,23538
2723,2.56240,2.68355,7.294e-05,0.686,0.116,23639
2724,2.37174,2.68355,7.284e-05,0.596,0.098,23557
2725,2.54978,2.68355,7.275e-05,0.667,0.116,23520
2726,3.11925,2.68355,7.266e-05,0.692,0.138,23632
2727,2.70952,2.68355,7.257e-05,0.672,0.140,23572
2728,2.59909,2.68355,7.248e-05,0.662,0.111,23587
2729,3.28649,2.68355,7.239e-05,0.707,0.124,23555
2730,3.02088,2.68355,7.229e-05,0.673,0.129,23528
2731,2.73519,2.68355,7.220e-05,0.646,0.117,23591
2732,2.78400,2.68355,7.211e-05,0.665,0.108,23536
2733,2.88938,2.68355,7.203e-05,0.722,0.121,23555
2734,3.14422,2.68355,7.194e-05,0.654,0.113,23567
2735,2.87982,2.68355,7.185e-05,0.627,0.107,23533
2736,2.49949,2.68355,7.176e-05,0.630,0.095,23575
2737,3.16331,2.68355,7.167e-05,0.654,0.121,23548
2738,2.87046,2.68355,7.158e-05,0.659,0.123,23514
2739,3.05436,2.68355,7.149e-05,0.649,0.112,23581
2740,3.03405,2.68355,7.141e-05,0.615,0.107,23534
2741,3.25460,2.68355,7.132e-05,0.647,0.113,23572
2742,2.56156,2.68355,7.123e-05,0.645,0.114,23555
2743,2.75588,2.68355,7.115e-05,0.708,0.125,23516
2744,2.91002,2.68355,7.106e-05,0.658,0.116,23588
2745,2.58196,2.68355,7.098e-05,0.622,0.094,23535
2746,2.29431,2.68355,7.089e-05,0.618,0.103,23620
2747,3.11940,2.68355,7.081e-05,0.636,0.107,23517
2748,2.71493,2.68355,7.072e-05,0.657,0.105,23524
2749,2.78932,2.68355,7.064e-05,0.709,0.135,23575
2750,2.36119,2.66123,7.055e-05,0.605,0.103,6733
2751,3.05493,2.66123,7.047e-05,0.679,0.112,23777
2752,2.86912,2.66123,7.039e-05,0.651,0.106,23506
2753,2.67390,2.66123,7.030e-05,0.627,0.101,23647
2754,2.83357,2.66123,7.022e-05,0.641,0.104,23546
2755,2.74166,2.66123,7.014e-05,0.639,0.103,23589
2756,2.52190,2.66123,7.006e-05,0.687,0.107,23575
2757,2.64533,2.66123,6.997e-05,0.632,0.104,23521
2758,3.08067,2.66123,6.989e-05,0.667,0.113,23632
2759,2.77545,2.66123,6.981e-05,0.661,0.108,23535
2760,2.72265,2.66123,6.973e-05,0.636,0.105,23590
2761,3.10855,2.66123,6.965e-05,0.660,0.120,23535
2762,2.54214,2.66123,6.957e-05,0.651,0.125,23531
2763,3.02225,2.66123,6.949e-05,0.716,0.126,23582
2764,3.34724,2.66123,6.941e-05,0.650,0.112,23507
2765,2.84947,2.66123,6.933e-05,0.651,0.108,23556
2766,3.34209,2.66123,6.925e-05,0.750,0.134,23584
2767,2.58743,2.66123,6.917e-05,0.648,0.110,23515
2768,2.36753,2.66123,6.910e-05,0.643,0.099,23634
2769,2.79696,2.66123,6.902e-05,0.678,0.121,23525
2770,2.92254,2.66123,6.894e-05,0.763,0.137,23534
2771,2.57100,2.66123,6.886e-05,0.622,0.112,23571
2772,3.02314,2.66123,6.879e-05,0.714,0.125,23539
2773,3.04749,2.66123,6.871e-05,0.656,0.110,23599
2774,2.97002,2.66123,6.863e-05,0.667,0.111,23554
2775,2.58260,2.66123,6.856e-05,0.652,0.108,23510
2776,3.03884,2.66123,6.848e-05,0.668,0.124,23633
2777,2.67824,2.66123,6.841e-05,0.647,0.117,23510
2778,3.08268,2.66123,6.833e-05,0.674,0.128,23567
2779,2.49828,2.66123,6.826e-05,0.680,0.137,23530
2780,2.26964,2.66123,6.818e-05,0.630,0.121,23509
2781,3.10080,2.66123,6.811e-05,0.666,0.126,23603
2782,3.00260,2.66123,6.804e-05,0.657,0.121,23507
2783,3.18908,2.66123,6.796e-05,0.710,0.125,23549
2784,2.64768,2.66123,6.789e-05,0.714,0.143,23555
2785,3.03453,2.66123,6.782e-05,0.737,0.132,23510
2786,3.19852,2.66123,6.775e-05,0.673,0.122,23634
2787,3.14664,2.66123,6.767e-05,0.675,0.121,23538
2788,2.89071,2.66123,6.760e-05,0.702,0.120,23551
2789,3.00645,2.66123,6.753e-05,0.699,0.121,23599
2790,3.17234,2.66123,6.746e-05,0.682,0.130,23497
2791,3.21410,2.66123,6.739e-05,0.653,0.119,23629
2792,2.61484,2.66123,6.732e-05,0.719,0.137,23535
2793,2.83152,2.66123,6.725e-05,0.762,0.126,23563
2794,2.49232,2.66123,6.718e-05,0.645,0.100,23589
2795,2.25969,2.66123,6.711e-05,0.682,0.121,23555
2796,2.81332,2.66123,6.704e-05,0.711,0.135,23635
2797,2.63686,2.66123,6.697e-05,0.682,0.108,23469
2798,3.03657,2.66123,6.690e-05,0.772,0.132,23506
2799,2.84466,2.66123,6.684e-05,0.653,0.118,23641
2800,3.26721,2.66123,6.677e-05,0.707,0.133,23539
2801,2.35859,2.66123,6.670e-05,0.676,0.109,23586
2802,2.51898,2.66123,6.664e-05,0.654,0.104,23552
2803,2.66319,2.66123,6.657e-05,0.614,0.093,23496
2804,2.58306,2.66123,6.650e-05,0.673,0.119,23619
2805,3.12786,2.66123,6.644e-05,0.656,0.113,23542
2806,2.89762,2.66123,6.637e-05,0.655,0.107,23560
2807,3.03149,2.66123,6.631e-05,0.677,0.123,23574
2808,2.91497,2.66123,6.624e-05,0.673,0.115,23522
2809,2.28607,2.66123,6.618e-05,0.650,0.098,23599
2810,2.58175,2.66123,6.611e-05,0.659,0.103,23499
2811,2.41131,2.66123,6.605e-05,0.646,0.106,23576
2812,3.00994,2.66123,6.598e-05,0.704,0.129,23554
2813,2.76315,2.66123,6.592e-05,0.696,0.120,23553
2814,3.34746,2.66123,6.586e-05,0.675,0.121,23605
2815,3.55998,2.66123,6.580e-05,0.670,0.114,23527
2816,2.26455,2.66123,6.573e-05,0.643,0.093,23536
2817,2.29711,2.66123,6.567e-05,0.671,0.101,23610
2818,2.67114,2.66123,6.561e-05,0.680,0.109,23559
2819,2.45618,2.66123,6.555e-05,0.645,0.102,23569
2820,2.92164,2.66123,6.549e-05,0.700,0.125,23514
2821,2.46863,2.66123,6.543e-05,0.655,0.098,23519
2822,2.54275,2.66123,6.537e-05,0.668,0.105,23581
2823,3.10961,2.66123,6.531e-05,0.735,0.119,23549
2824,2.91645,2.66123,6.525e-05,0.714,0.113,23583
2825,2.28790,2.66123,6.519e-05,0.658,0.105,23567
2826,2.48718,2.66123,6.513e-05,0.692,0.099,23533
2827,2.64166,2.66123,6.507e-05,0.688,0.109,23553
2828,2.88241,2.66123,6.501e-05,0.709,0.113,23511
2829,2.94486,2.66123,6.495e-05,0.697,0.130,23564
2830,2.88224,2.66123,6.490e-05,0.704,0.110,23547
2831,3.20483,2.66123,6.484e-05,0.670,0.112,23522
2832,2.86521,2.66123,6.478e-05,0.670,0.116,23604
2833,2.70623,2.66123,6.473e-05,0.703,0.135,23535
2834,2.47913,2.66123,6.467e-05,0.626,0.100,23521
2835,2.78714,2.66123,6.461e-05,0.674,0.122,23614
2836,2.87915,2.66123,6.456e-05,0.653,0.134,23504
2837,2.79137,2.66123,6.450e-05,0.694,0.124,23597
2838,2.65427,2.66123,6.445e-05,0.633,0.104,23546
2839,3.09441,2.66123,6.439e-05,0.667,0.129,23517
2840,2.51945,2.66123,6.434e-05,0.656,0.101,23612
2841,2.70101,2.66123,6.429e-05,0.665,0.121,23480
2842,2.53749,2.66123,6.423e-05,0.639,0.107,23620
2843,3.36166,2.66123,6.418e-05,0.671,0.140,23534
2844,2.86498,2.66123,6.413e-05,0.734,0.132,23506
2845,2.29284,2.66123,6.407e-05,0.664,0.121,23629
2846,2.59452,2.66123,6.402e-05,0.637,0.096,23512
2847,2.60037,2.66123,6.397e-05,0.690,0.122,23612
2848,2.72551,2.66123,6.392e-05,0.693,0.124,23577
2849,3.06061,2.66123,6.387e-05,0.699,0.147,23513
2850,2.91264,2.66123,6.381e-05,0.718,0.145,23633
2851,2.44506,2.66123,6.376e-05,0.657,0.118,23543
2852,2.84148,2.66123,6.371e-05,0.652,0.112,23537
2853,2.95656,2.66123,6.366e-05,0.673,0.117,23575
2854,2.98402,2.66123,6.361e-05,0.683,0.122,23507
2855,2.90111,2.66123,6.357e-05,0.715,0.140,23598
2856,2.51727,2.66123,6.352e-05,0.670,0.122,23546
2857,3.13920,2.66123,6.347e-05,0.662,0.114,23515
2858,2.77403,2.66123,6.342e-05,0.648,0.108,23537
2859,2.95382,2.66123,6.337e-05,0.677,0.110,23507
2860,2.41606,2.66123,6.332e-05,0.650,0.100,23620
2861,2.95138,2.66123,6.328e-05,0.673,0.128,23512
2862,2.89135,2.66123,6.323e-05,0.739,0.132,23532
2863,2.90254,2.66123,6.318e-05,0.673,0.116,23571
2864,2.74939,2.66123,6.314e-05,0.647,0.105,23504
2865,3.21160,2.66123,6.309e-05,0.655,0.119,23601
2866,2.92397,2.66123,6.305e-05,0.678,0.129,23538
2867,2.99830,2.66123,6.300e-05,0.673,0.116,23536
2868,2.69534,2.66123,6.296e-05,0.698,0.124,23627
2869,2.41738,2.66123,6.291e-05,0.726,0.116,23529
2870,2.45444,2.66123,6.287e-05,0.677,0.122,23623
2871,3.00927,2.66123,6.282e-05,0.684,0.124,23489
2872,2.51809,2.66123,6.278e-05,0.641,0.112,23515
2873,2.60737,2.66123,6.274e-05,0.724,0.125,23669
2874,3.20253,2.66123,6.269e-05,0.691,0.138,23503
2875,2.92665,2.66123,6.265e-05,0.775,0.145,23596
2876,2.58372,2.66123,6.261e-05,0.627,0.112,23597
2877,3.13072,2.66123,6.257e-05,0.615,0.104,23520
2878,3.58443,2.66123,6.253e-05,0.704,0.142,23615
2879,2.83003,2.66123,6.248e-05,0.696,0.126,23511
2880,3.02841,2.66123,6.244e-05,0.681,0.118,23533
2881,2.53060,2.66123,6.240e-05,0.653,0.103,23569
2882,3.05191,2.66123,6.236e-05,0.671,0.116,23542
2883,2.99475,2.66123,6.232e-05,0.655,0.112,23583
2884,2.61299,2.66123,6.228e-05,0.649,0.107,23471
2885,2.71545,2.66123,6.224e-05,0.673,0.116,23540
2886,3.29670,2.66123,6.221e-05,0.729,0.126,23604
2887,3.10939,2.66123,6.217e-05,0.698,0.120,23493
2888,3.00181,2.66123,6.213e-05,0.699,0.124,23586
2889,2.68542,2.66123,6.209e-05,0.624,0.099,23532
2890,2.36095,2.66123,6.205e-05,0.691,0.120,23522
2891,3.22204,2.66123,6.202e-05,0.645,0.114,23582
2892,3.49063,2.66123,6.198e-05,0.646,0.115,23534
2893,2.92458,2.66123,6.194e-05,0.659,0.110,23565
2894,3.07591,2.66123,6.191e-05,0.692,0.104,23522
2895,3.15845,2.66123,6.187e-05,0.658,0.111,23564
2896,2.93266,2.66123,6.184e-05,0.659,0.107,23586
2897,2.75172,2.66123,6.180e-05,0.657,0.119,23536
2898,2.83893,2.66123,6.177e-05,0.716,0.107,23566
2899,2.52582,2.66123,6.173e-05,0.643,0.098,23578
2900,2.76619,2.66123,6.170e-05,0.660,0.122,23539
2901,2.39777,2.66123,6.166e-05,0.665,0.112,23557
2902,3.13920,2.66123,6.163e-05,0.647,0.108,23547
2903,2.67726,2.66123,6.160e-05,0.654,0.114,23525
2904,3.24081,2.66123,6.156e-05,0.810,0.145,23586
2905,2.45132,2.66123,6.153e-05,0.682,0.110,23535
2906,2.48028,2.66123,6.150e-05,0.648,0.101,23634
2907,2.88145,2.66123,6.147e-05,0.618,0.109,23482
2908,1.99406,2.66123,6.144e-05,0.681,0.109,23529
2909,3.25285,2.66123,6.141e-05,0.704,0.117,23637
2910,2.65955,2.66123,6.138e-05,0.672,0.118,23477
2911,3.06671,2.66123,6.135e-05,0.688,0.112,23606
2912,2.62582,2.66123,6.132e-05,0.683,0.115,23531
2913,2.66826,2.66123,6.129e-05,0.659,0.116,23558
2914,2.62256,2.66123,6.126e-05,0.668,0.106,23592
2915,2.81181,2.66123,6.123e-05,0.715,0.115,23545
2916,3.82774,2.66123,6.120e-05,0.785,0.141,23598
2917,2.87063,2.66123,6.117e-05,0.651,0.105,23535
2918,2.90006,2.66123,6.114e-05,0.697,0.123,23504
2919,2.48656,2.66123,6.111e-05,0.658,0.110,23585
2920,3.07592,2.66123,6.109e-05,0.636,0.103,23565
2921,2.87846,2.66123,6.106e-05,0.666,0.118,23559
2922,2.73180,2.66123,6.103e-05,0.702,0.124,23586
2923,3.29765,2.66123,6.101e-05,0.670,0.115,23561
2924,2.22402,2.66123,6.098e-05,0.646,0.104,23585
2925,2.63768,2.66123,6.096e-05,0.670,0.120,23520
2926,2.59630,2.66123,6.093e-05,0.668,0.114,23545
2927,2.59553,2.66123,6.091e-05,0.647,0.107,23580
2928,2.88255,2.66123,6.088e-05,0.727,0.137,23546
2929,2.47658,2.66123,6.086e-05,0.706,0.124,23614
2930,2.92246,2.66123,6.083e-05,0.696,0.118,23518
2931,2.83562,2.66123,6.081e-05,0.716,0.129,23545
2932,3.23680,2.66123,6.079e-05,0.664,0.106,23641
2933,2.59450,2.66123,6.076e-05,0.706,0.120,23531
2934,2.95013,2.66123,6.074e-05,0.687,0.110,23596
2935,2.77743,2.66123,6.072e-05,0.712,0.120,23508
2936,2.29914,2.66123,6.070e-05,0.660,0.101,23518
2937,2.96838,2.66123,6.067e-05,0.671,0.115,23622
2938,3.31776,2.66123,6.065e-05,0.682,0.115,23512
2939,3.01101,2.66123,6.063e-05,0.643,0.107,23594
2940,2.65862,2.66123,6.061e-05,0.670,0.116,23502
2941,2.68035,2.66123,6.059e-05,0.728,0.127,23522
2942,2.87187,2.66123,6.057e-05,0.687,0.136,23585
2943,2.67627,2.66123,6.055e-05,0.686,0.134,23514
2944,2.72641,2.66123,6.053e-05,0.693,0.109,23571
2945,2.97842,2.66123,6.051e-05,0.680,0.122,23575
2946,2.35229,2.66123,6.050e-05,0.721,0.130,23547
2947,2.45025,2.66123,6.048e-05,0.650,0.109,23612
2948,3.09842,2.66123,6.046e-05,0.683,0.125,23502
2949,2.58689,2.66123,6.044e-05,0.639,0.113,23556
2950,2.69288,2.66123,6.042e-05,0.648,0.108,23580
2951,2.59091,2.66123,6.041e-05,0.683,0.129,23554
2952,2.92364,2.66123,6.039e-05,0.666,0.117,23620
2953,2.56712,2.66123,6.038e-05,0.628,0.094,23531
2954,2.79049,2.66123,6.036e-05,0.653,0.112,23555
2955,3.15427,2.66123,6.034e-05,0.638,0.106,23637
2956,2.59051,2.66123,6.033e-05,0.642,0.123,23529
2957,2.85193,2.66123,6.031e-05,0.661,0.110,23629
2958,3.47361,2.66123,6.030e-05,0.676,0.115,23548
2959,2.91756,2.66123,6.029e-05,0.640,0.107,23488
2960,2.97025,2.66123,6.027e-05,0.663,0.111,23580
2961,2.90608,2.66123,6.026e-05,0.694,0.136,23542
2962,3.00750,2.66123,6.025e-05,0.665,0.109,23577
2963,2.59694,2.66123,6.023e-05,0.690,0.113,23590
2964,3.15219,2.66123,6.022e-05,0.706,0.123,23526
2965,3.18648,2.66123,6.021e-05,0.688,0.122,23586
2966,2.84668,2.66123,6.020e-05,0.664,0.113,23538
2967,2.93387,2.66123,6.019e-05,0.687,0.117,23548
2968,2.39239,2.66123,6.017e-05,0.640,0.095,23588
2969,2.94190,2.66123,6.016e-05,0.679,0.105,23531
2970,2.80031,2.66123,6.015e-05,0.663,0.114,23613
2971,3.34662,2.66123,6.014e-05,0.683,0.120,23544
2972,2.68848,2.66123,6.013e-05,0.678,0.119,23504
2973,3.17719,2.66123,6.012e-05,0.684,0.109,23623
2974,2.81176,2.66123,6.011e-05,0.659,0.101,23494
2975,3.05434,2.66123,6.011e-05,0.673,0.107,23589
2976,2.91476,2.66123,6.010e-05,0.675,0.114,23536
2977,2.39867,2.66123,6.009e-05,0.633,0.103,23481
2978,2.65202,2.66123,6.008e-05,0.707,0.108,23653
2979,2.35258,2.66123,6.007e-05,0.681,0.103,23502
2980,2.87023,2.66123,6.007e-05,0.724,0.140,23582
2981,2.64296,2.66123,6.006e-05,0.681,0.123,23537
2982,2.59066,2.66123,6.006e-05,0.648,0.107,23513
2983,2.48972,2.66123,6.005e-05,0.691,0.110,23666
2984,3.28062,2.66123,6.004e-05,0.760,0.141,23490
2985,2.53409,2.66123,6.004e-05,0.648,0.099,23570
2986,3.08340,2.66123,6.003e-05,0.679,0.116,23582
2987,2.75110,2.66123,6.003e-05,0.649,0.111,23508
2988,1.99453,2.66123,6.002e-05,0.723,0.122,23628
2989,2.67064,2.66123,6.002e-05,0.669,0.108,23495
2990,2.67187,2.66123,6.002e-05,0.666,0.103,23568
2991,2.90954,2.66123,6.001e-05,0.685,0.119,23595
2992,2.42941,2.66123,6.001e-05,0.696,0.113,23538
2993,2.44631,2.66123,6.001e-05,0.640,0.105,23626
2994,2.61457,2.66123,6.001e-05,0.669,0.110,23545
2995,2.33524,2.66123,6.000e-05,0.661,0.105,23505
2996,2.96802,2.66123,6.000e-05,0.649,0.113,23618
2997,2.41799,2.66123,6.000e-05,0.637,0.100,23482
2998,2.62548,2.66123,6.000e-05,0.660,0.109,23609
2999,2.92443,2.64699,6.000e-05,0.668,0.118,6734
