step,loss,val_loss,lr,grad_norm,proj_grad_norm,tokens_per_s
0,11.87549,11.87020,3.000e-06,1.129,0.731,5759
1,11.87087,11.87020,6.000e-06,0.934,0.610,19254
2,11.86649,11.87020,9.000e-06,1.080,0.703,20022
3,11.84613,11.87020,1.200e-05,0.899,0.582,20020
4,11.82026,11.87020,1.500e-05,0.945,0.609,19999
5,11.79370,11.87020,1.800e-05,1.025,0.653,20035
6,11.75119,11.87020,2.100e-05,1.067,0.671,20008
7,11.71327,11.87020,2.400e-05,1.008,0.616,20006
8,11.66746,11.87020,2.700e-05,1.063,0.625,20033
9,11.62631,11.87020,3.000e-05,0.991,0.561,20032
10,11.56088,11.87020,3.300e-05,1.089,0.570,19990
11,11.52451,11.87020,3.600e-05,1.044,0.510,20032
12,11.49128,11.87020,3.900e-05,0.944,0.411,20031
13,11.41082,11.87020,4.200e-05,1.010,0.386,19999
14,11.35678,11.87020,4.500e-05,1.013,0.333,20016
15,11.36170,11.87020,4.800e-05,0.936,0.303,20037
16,11.28437,11.87020,5.100e-05,1.014,0.254,20007
17,11.23419,11.87020,5.400e-05,1.028,0.224,20036
18,11.17542,11.87020,5.700e-05,1.087,0.214,20032
19,11.16151,11.87020,6.000e-05,0.999,0.193,20006
20,11.06816,11.87020,6.300e-05,1.122,0.180,20044
21,11.06571,11.87020,6.600e-05,1.061,0.171,19011
22,10.98576,11.87020,6.900e-05,1.116,0.165,19984
23,10.92525,11.87020,7.200e-05,1.175,0.156,20033
24,10.92738,11.87020,7.500e-05,1.088,0.146,20033
25,10.85121,11.87020,7.800e-05,1.174,0.158,20018
26,10.81121,11.87020,8.100e-05,1.113,0.131,20048
27,10.71937,11.87020,8.400e-05,1.216,0.136,20053
28,10.63929,11.87020,8.700e-05,1.273,0.138,20017
29,10.60390,11.87020,9.000e-05,1.222,0.127,20050
30,10.55231,11.87020,9.300e-05,1.190,0.121,20052
31,10.57519,11.87020,9.600e-05,0.963,0.114,20031
32,10.48513,11.87020,9.900e-05,1.010,0.113,20026
33,10.40222,11.87020,1.020e-04,1.122,0.121,20049
34,10.34477,11.87020,1.050e-04,1.099,0.146,19995
35,10.34301,11.87020,1.080e-04,0.958,0.140,20004
36,10.15748,11.87020,1.110e-04,1.351,0.143,20032
37,10.09717,11.87020,1.140e-04,1.245,0.106,20040
38,10.08754,11.87020,1.170e-04,1.052,0.089,20018
39,9.99448,11.87020,1.200e-04,1.145,0.083,20034
40,9.94180,11.87020,1.230e-04,1.058,0.081,20032
41,9.93868,11.87020,1.260e-04,0.918,0.081,19296
42,9.77317,11.87020,1.290e-04,1.166,0.095,20035
43,9.73118,11.87020,1.320e-04,1.056,0.084,20047
44,9.66644,11.87020,1.350e-04,1.117,0.076,20014
45,9.56350,11.87020,1.380e-04,1.095,0.094,20055
46,9.52732,11.87020,1.410e-04,0.984,0.108,20044
47,9.48471,11.87020,1.440e-04,1.012,0.098,20002
48,9.40925,11.87020,1.470e-04,0.959,0.097,20051
49,9.30368,11.87020,1.500e-04,1.069,0.085,20053
50,9.22125,11.87020,1.530e-04,0.966,0.095,20020
51,9.15322,11.87020,1.560e-04,0.952,0.082,20052
52,9.09956,11.87020,1.590e-04,0.962,0.078,20042
53,8.98533,11.87020,1.620e-04,0.980,0.084,20022
54,8.94801,11.87020,1.650e-04,1.039,0.088,20020
55,8.88499,11.87020,1.680e-04,0.868,0.090,20033
56,8.76318,11.87020,1.710e-04,0.981,0.082,20002
57,8.78450,11.87020,1.740e-04,0.818,0.083,20024
58,8.67937,11.87020,1.770e-04,0.819,0.095,20039
59,8.66465,11.87020,1.800e-04,0.806,0.084,20005
60,8.57531,11.87020,1.830e-04,0.828,0.094,20054
61,8.55911,11.87020,1.860e-04,0.788,0.075,19087
62,8.44627,11.87020,1.890e-04,0.757,0.087,20021
63,8.39390,11.87020,1.920e-04,0.780,0.089,20055
64,8.30457,11.87020,1.950e-04,0.692,0.081,20039
65,8.27227,11.87020,1.980e-04,0.673,0.103,19995
66,8.20527,11.87020,2.010e-04,0.709,0.112,20072
67,8.24768,11.87020,2.040e-04,0.631,0.078,20047
68,8.16129,11.87020,2.070e-04,0.609,0.088,20031
69,8.07529,11.87020,2.100e-04,0.670,0.113,20040
70,8.10982,11.87020,2.130e-04,0.552,0.093,20063
71,8.03907,11.87020,2.160e-04,0.549,0.101,19987
72,8.00314,11.87020,2.190e-04,0.649,0.130,20044
73,7.90391,11.87020,2.220e-04,0.542,0.120,20047
74,7.98060,11.87020,2.250e-04,0.509,0.116,20029
75,7.95033,11.87020,2.280e-04,0.499,0.149,20027
76,7.88756,11.87020,2.310e-04,0.500,0.138,20012
77,7.91709,11.87020,2.340e-04,0.472,0.161,20011
78,7.93909,11.87020,2.370e-04,0.524,0.156,20025
79,7.70194,11.87020,2.400e-04,0.650,0.307,20032
80,7.80301,11.87020,2.430e-04,0.539,0.282,20022
81,7.74364,11.87020,2.460e-04,0.466,0.265,19081
82,7.67936,11.87020,2.490e-04,0.465,0.209,20047
83,7.79348,11.87020,2.520e-04,0.574,0.300,20024
84,7.66795,11.87020,2.550e-04,0.421,0.160,20059
85,7.60332,11.87020,2.580e-04,0.444,0.231,20047
86,7.63084,11.87020,2.610e-04,0.525,0.312,20054
87,7.47635,11.87020,2.640e-04,0.609,0.372,20033
88,7.54004,11.87020,2.670e-04,0.528,0.328,20031
89,7.47590,11.87020,2.700e-04,0.422,0.241,20063
90,7.45206,11.87020,2.730e-04,0.445,0.280,20026
91,7.48019,11.87020,2.760e-04,0.390,0.218,20059
92,7.50246,11.87020,2.790e-04,0.604,0.385,20066
93,7.33606,11.87020,2.820e-04,0.327,0.156,20028
94,7.48005,11.87020,2.850e-04,0.570,0.357,20031
95,7.28617,11.87020,2.880e-04,0.402,0.248,20060
96,7.30610,11.87020,2.910e-04,0.503,0.316,20020
97,7.40570,11.87020,2.940e-04,0.387,0.206,20063
98,7.45159,11.87020,2.970e-04,0.533,0.345,20066
99,7.23140,11.87020,3.000e-04,0.456,0.340,20018
100,7.36862,11.87020,3.030e-04,0.483,0.325,20057
101,7.40938,11.87020,3.060e-04,0.522,0.342,19318
102,7.36358,11.87020,3.090e-04,0.483,0.310,20007
103,7.22035,11.87020,3.120e-04,0.633,0.507,20042
104,7.15730,11.87020,3.150e-04,0.502,0.366,20045
105,7.32864,11.87020,3.180e-04,0.400,0.213,20037
106,7.20097,11.87020,3.210e-04,0.501,0.383,20040
107,7.26150,11.87020,3.240e-04,0.422,0.267,20024
108,7.12969,11.87020,3.270e-04,0.469,0.326,20014
109,7.16573,11.87020,3.300e-04,0.432,0.275,20051
110,7.16500,11.87020,3.330e-04,0.404,0.281,20045
111,7.04633,11.87020,3.360e-04,0.496,0.393,20024
112,7.21501,11.87020,3.390e-04,0.464,0.293,20031
113,6.99109,11.87020,3.420e-04,0.553,0.421,20014
114,7.03527,11.87020,3.450e-04,0.352,0.229,20003
115,7.18450,11.87020,3.480e-04,0.410,0.264,20023
116,7.09736,11.87020,3.510e-04,0.485,0.351,20038
117,7.00257,11.87020,3.540e-04,0.372,0.248,20013
118,7.17289,11.87020,3.570e-04,0.533,0.399,20054
119,6.95810,11.87020,3.600e-04,0.479,0.344,20051
120,7.05362,11.87020,3.630e-04,0.370,0.213,19996
121,6.96859,11.87020,3.660e-04,0.496,0.370,19106
122,7.04616,11.87020,3.690e-04,0.596,0.512,20046
123,6.85908,11.87020,3.720e-04,0.571,0.449,20011
124,7.01590,11.87020,3.750e-04,0.544,0.449,20066
125,7.04609,11.87020,3.780e-04,0.518,0.412,20062
126,6.99706,11.87020,3.810e-04,0.443,0.335,20005
127,6.90625,11.87020,3.840e-04,0.729,0.619,20056
128,7.05944,11.87020,3.870e-04,0.494,0.379,20056
129,6.92771,11.87020,3.900e-04,0.562,0.403,20020
130,6.90085,11.87020,3.930e-04,0.481,0.385,20058
131,6.94872,11.87020,3.960e-04,0.554,0.458,20061
132,6.91257,11.87020,3.990e-04,0.473,0.388,20015
133,6.85658,11.87020,4.020e-04,0.617,0.514,20048
134,6.86958,11.87020,4.050e-04,0.683,0.578,20045
135,6.90420,11.87020,4.080e-04,0.461,0.322,20017
136,6.88383,11.87020,4.110e-04,0.635,0.541,20066
137,6.89797,11.87020,4.140e-04,0.490,0.386,20055
138,6.87570,11.87020,4.170e-04,0.548,0.419,20056
139,6.75810,11.87020,4.200e-04,0.582,0.483,20024
140,6.77764,11.87020,4.230e-04,0.617,0.516,20056
141,6.57111,11.87020,4.260e-04,0.505,0.399,19067
142,6.79111,11.87020,4.290e-04,0.681,0.595,19995
143,6.74604,11.87020,4.320e-04,0.613,0.484,20038
144,6.89049,11.87020,4.350e-04,0.656,0.513,19991
145,6.91111,11.87020,4.380e-04,0.747,0.563,20017
146,6.68270,11.87020,4.410e-04,0.706,0.598,20037
147,6.54674,11.87020,4.440e-04,0.579,0.486,20041
148,6.59739,11.87020,4.470e-04,0.698,0.620,20019
149,6.72837,11.87020,4.500e-04,0.678,0.587,20050
150,6.83739,11.87020,4.530e-04,0.723,0.645,20045
151,6.58659,11.87020,4.560e-04,0.781,0.669,20019
152,6.70240,11.87020,4.590e-04,0.683,0.600,20046
153,6.81836,11.87020,4.620e-04,0.705,0.619,20058
154,6.56430,11.87020,4.650e-04,0.988,0.907,20023
155,6.65710,11.87020,4.680e-04,0.651,0.551,20040
156,6.58749,11.87020,4.710e-04,1.013,0.942,20052
157,6.62425,11.87020,4.740e-04,0.601,0.514,20005
158,6.71550,11.87020,4.770e-04,0.810,0.717,20045
159,6.74209,11.87020,4.800e-04,0.647,0.545,20053
160,6.50115,11.87020,4.830e-04,0.649,0.530,20024
161,6.81137,11.87020,4.860e-04,0.664,0.549,19134
162,6.71089,11.87020,4.890e-04,0.581,0.464,20014
163,6.51261,11.87020,4.920e-04,0.667,0.552,20008
164,6.53561,11.87020,4.950e-04,0.576,0.494,20067
165,6.62327,11.87020,4.980e-04,0.657,0.560,20043
166,6.27062,11.87020,5.010e-04,0.588,0.495,20035
167,6.66195,11.87020,5.040e-04,0.548,0.438,20061
168,6.37257,11.87020,5.070e-04,0.672,0.571,20057
169,6.59337,11.87020,5.100e-04,0.566,0.474,20011
170,6.54305,11.87020,5.130e-04,0.590,0.494,20060
171,6.44321,11.87020,5.160e-04,0.624,0.547,20054
172,6.56685,11.87020,5.190e-04,0.654,0.528,20025
173,6.69920,11.87020,5.220e-04,0.596,0.474,20045
174,6.46365,11.87020,5.250e-04,0.698,0.589,20055
175,6.63996,11.87020,5.280e-04,0.660,0.514,20019
176,6.67237,11.87020,5.310e-04,0.541,0.430,20041
177,6.48735,11.87020,5.340e-04,0.738,0.607,20064
178,6.55430,11.87020,5.370e-04,0.563,0.454,20034
179,6.32006,11.87020,5.400e-04,0.531,0.447,20046
180,6.45860,11.87020,5.430e-04,0.639,0.553,20051
181,6.66609,11.87020,5.460e-04,0.549,0.436,19340
182,6.57339,11.87020,5.490e-04,0.673,0.579,20041
183,6.41409,11.87020,5.520e-04,0.577,0.486,20040
184,6.45624,11.87020,5.550e-04,0.611,0.516,20012
185,6.35838,11.87020,5.580e-04,0.575,0.472,20045
186,6.41230,11.87020,5.610e-04,0.735,0.651,20036
187,6.46607,11.87020,5.640e-04,0.618,0.528,20032
188,6.53837,11.87020,5.670e-04,0.634,0.531,20054
189,6.25314,11.87020,5.700e-04,0.705,0.610,20063
190,6.33194,11.87020,5.730e-04,0.556,0.461,20025
191,6.46299,11.87020,5.760e-04,0.740,0.647,20057
192,6.45053,11.87020,5.790e-04,0.653,0.537,20061
193,6.34992,11.87020,5.820e-04,0.548,0.462,20045
194,6.45506,11.87020,5.850e-04,0.592,0.483,20005
195,6.42768,11.87020,5.880e-04,0.550,0.463,20072
196,6.34007,11.87020,5.910e-04,0.640,0.551,20048
197,6.22457,11.87020,5.940e-04,0.547,0.450,20037
198,6.64036,11.87020,5.970e-04,0.676,0.559,20055
199,6.48555,11.87020,6.000e-04,0.607,0.497,20048
200,6.30062,11.87020,6.000e-04,0.613,0.498,20020
201,6.27278,11.87020,6.000e-04,0.656,0.536,19074
202,6.51542,11.87020,6.000e-04,0.559,0.462,20053
203,6.32130,11.87020,6.000e-04,0.780,0.685,20034
204,6.46455,11.87020,6.000e-04,0.625,0.534,20063
205,6.37709,11.87020,6.000e-04,0.630,0.524,20051
206,6.27088,11.87020,6.000e-04,0.623,0.531,20011
207,6.47079,11.87020,6.000e-04,0.561,0.463,20061
208,6.22005,11.87020,6.000e-04,0.657,0.545,20062
209,6.28590,11.87020,6.000e-04,0.630,0.555,20016
210,6.02230,11.87020,6.000e-04,0.660,0.582,20069
211,6.30271,11.87020,6.000e-04,0.602,0.494,20052
212,6.40928,11.87020,6.000e-04,0.562,0.445,20026
213,6.22156,11.87020,6.000e-04,0.610,0.480,20060
214,6.28851,11.87020,6.000e-04,0.671,0.574,20037
215,6.32739,11.87020,6.000e-04,0.638,0.547,20016
216,6.05146,11.87020,6.000e-04,0.626,0.532,20056
217,6.29034,11.87020,6.000e-04,0.546,0.460,20042
218,6.29234,11.87020,5.999e-04,0.662,0.558,20030
219,6.28099,11.87020,5.999e-04,0.518,0.426,20056
220,6.22385,11.87020,5.999e-04,0.588,0.507,20055
221,6.43217,11.87020,5.999e-04,0.519,0.409,19019
222,6.20088,11.87020,5.999e-04,0.635,0.544,20036
223,6.29706,11.87020,5.999e-04,0.578,0.476,20005
224,6.20974,11.87020,5.999e-04,0.636,0.548,19987
225,6.21740,11.87020,5.999e-04,0.709,0.630,20051
226,6.19357,11.87020,5.999e-04,0.666,0.591,20034
227,6.15567,11.87020,5.999e-04,0.694,0.612,20005
228,6.45367,11.87020,5.999e-04,0.485,0.395,20062
229,6.18703,11.87020,5.999e-04,0.541,0.452,20051
230,6.28221,11.87020,5.998e-04,0.522,0.432,20010
231,6.02917,11.87020,5.998e-04,0.628,0.545,20045
232,6.29035,11.87020,5.998e-04,0.605,0.519,20047
233,6.18761,11.87020,5.998e-04,0.649,0.567,20009
234,6.00576,11.87020,5.998e-04,0.639,0.545,20055
235,6.13879,11.87020,5.998e-04,0.640,0.554,20062
236,6.11243,11.87020,5.998e-04,0.608,0.528,20029
237,6.28733,11.87020,5.998e-04,0.684,0.583,20065
238,6.18675,11.87020,5.998e-04,0.640,0.546,20054
239,6.02817,11.87020,5.997e-04,0.708,0.626,20023
240,6.21152,11.87020,5.997e-04,0.638,0.536,20076
241,6.14390,11.87020,5.997e-04,0.729,0.627,19073
242,6.16585,11.87020,5.997e-04,0.670,0.572,20014
243,6.13458,11.87020,5.997e-04,0.576,0.473,20050
244,6.22955,11.87020,5.997e-04,0.659,0.525,20065
245,6.13001,11.87020,5.997e-04,0.698,0.614,20016
246,6.22380,11.87020,5.996e-04,0.667,0.562,20052
247,5.98501,11.87020,5.996e-04,0.707,0.621,20047
248,6.05218,11.87020,5.996e-04,0.617,0.522,20065
249,6.09733,11.87020,5.996e-04,0.651,0.573,20004
250,6.10452,6.02570,5.996e-04,0.686,0.599,6241
251,6.12458,6.02570,5.996e-04,0.543,0.414,19394
252,5.92479,6.02570,5.995e-04,0.649,0.561,19984
253,6.06928,6.02570,5.995e-04,0.549,0.446,20028
254,5.95413,6.02570,5.995e-04,0.610,0.511,20054
255,6.11658,6.02570,5.995e-04,0.529,0.436,20011
256,5.95080,6.02570,5.995e-04,0.557,0.456,20051
257,6.05757,6.02570,5.994e-04,0.560,0.433,20025
258,6.22493,6.02570,5.994e-04,0.533,0.432,20035
259,6.09163,6.02570,5.994e-04,0.543,0.436,20042
260,5.95273,6.02570,5.994e-04,0.578,0.460,20040
261,6.03996,6.02570,5.994e-04,0.557,0.449,19025
262,6.03571,6.02570,5.993e-04,0.593,0.508,20024
263,6.03872,6.02570,5.993e-04,0.513,0.427,20047
264,5.89113,6.02570,5.993e-04,0.652,0.574,20051
265,5.90393,6.02570,5.993e-04,0.538,0.452,20035
266,5.91900,6.02570,5.993e-04,0.519,0.437,20072
267,6.04789,6.02570,5.992e-04,0.567,0.476,20050
268,5.97712,6.02570,5.992e-04,0.620,0.541,20031
269,5.95374,6.02570,5.992e-04,0.657,0.568,20057
270,6.16251,6.02570,5.992e-04,0.507,0.415,20059
271,5.97653,6.02570,5.991e-04,0.570,0.488,20034
272,5.94980,6.02570,5.991e-04,0.516,0.426,20053
273,6.01729,6.02570,5.991e-04,0.599,0.502,20057
274,6.06819,6.02570,5.991e-04,0.548,0.418,20020
275,6.18212,6.02570,5.990e-04,0.625,0.539,20042
276,6.02781,6.02570,5.990e-04,0.688,0.621,20038
277,5.85807,6.02570,5.990e-04,0.548,0.465,20027
278,6.03033,6.02570,5.990e-04,0.578,0.486,20072
279,6.10700,6.02570,5.989e-04,0.544,0.445,20068
280,5.99111,6.02570,5.989e-04,0.536,0.446,20002
281,6.02298,6.02570,5.989e-04,0.550,0.455,19114
282,6.01963,6.02570,5.989e-04,0.519,0.418,20044
283,5.77650,6.02570,5.988e-04,0.564,0.480,20017
284,6.15778,6.02570,5.988e-04,0.584,0.448,20068
285,6.00694,6.02570,5.988e-04,0.525,0.443,20053
286,5.90374,6.02570,5.987e-04,0.528,0.441,20017
287,5.86175,6.02570,5.987e-04,0.567,0.480,20065
288,6.07271,6.02570,5.987e-04,0.529,0.442,20001
289,6.02879,6.02570,5.987e-04,0.534,0.449,20026
290,5.85977,6.02570,5.986e-04,0.569,0.487,20063
291,5.85781,6.02570,5.986e-04,0.475,0.385,20060
292,6.03518,6.02570,5.986e-04,0.591,0.514,20037
293,5.96941,6.02570,5.985e-04,0.595,0.489,20058
294,6.13078,6.02570,5.985e-04,0.536,0.442,20032
295,5.85181,6.02570,5.985e-04,0.645,0.560,20056
296,6.01542,6.02570,5.984e-04,0.568,0.445,20063
297,5.91484,6.02570,5.984e-04,0.631,0.536,20048
298,5.92276,6.02570,5.984e-04,0.563,0.465,20024
299,5.95295,6.02570,5.983e-04,0.607,0.514,20047
300,6.15643,6.02570,5.983e-04,0.521,0.405,20051
301,6.15913,6.02570,5.983e-04,0.505,0.412,19147
302,5.97840,6.02570,5.982e-04,0.567,0.448,20038
303,5.91674,6.02570,5.982e-04,0.607,0.525,20052
304,5.87054,6.02570,5.982e-04,0.555,0.459,20016
305,5.90175,6.02570,5.981e-04,0.643,0.558,20044
306,5.83033,6.02570,5.981e-04,0.662,0.576,20055
307,6.13216,6.02570,5.981e-04,0.506,0.410,20023
308,5.84056,6.02570,5.980e-04,0.652,0.571,20065
309,6.01217,6.02570,5.980e-04,0.554,0.463,20049
310,5.96791,6.02570,5.979e-04,0.606,0.525,20010
311,5.89756,6.02570,5.979e-04,0.561,0.473,20035
312,5.79725,6.02570,5.979e-04,0.568,0.480,20051
313,5.91072,6.02570,5.978e-04,0.543,0.445,20072
314,5.97003,6.02570,5.978e-04,0.482,0.399,20025
315,6.12366,6.02570,5.978e-04,0.496,0.388,20056
316,5.69779,6.02570,5.977e-04,0.619,0.537,20055
317,5.96234,6.02570,5.977e-04,0.551,0.452,20008
318,5.84781,6.02570,5.976e-04,0.582,0.495,20060
319,6.06808,6.02570,5.976e-04,0.524,0.424,20045
320,6.00818,6.02570,5.976e-04,0.546,0.447,20012
321,5.99187,6.02570,5.975e-04,0.643,0.553,19207
322,5.83857,6.02570,5.975e-04,0.555,0.455,20052
323,5.81122,6.02570,5.974e-04,0.660,0.570,20030
324,5.84165,6.02570,5.974e-04,0.559,0.464,20082
325,5.82875,6.02570,5.973e-04,0.599,0.500,20040
326,6.13330,6.02570,5.973e-04,0.538,0.439,20036
327,5.95446,6.02570,5.973e-04,0.501,0.408,20074
328,5.85243,6.02570,5.972e-04,0.525,0.440,20046
329,5.76017,6.02570,5.972e-04,0.544,0.462,20024
330,5.91121,6.02570,5.971e-04,0.496,0.408,20045
331,5.77515,6.02570,5.971e-04,0.542,0.455,20075
332,5.82691,6.02570,5.970e-04,0.559,0.473,20022
333,5.77152,6.02570,5.970e-04,0.582,0.484,20055
334,5.84154,6.02570,5.970e-04,0.502,0.407,20054
335,5.80026,6.02570,5.969e-04,0.506,0.408,20028
336,6.01552,6.02570,5.969e-04,0.539,0.438,20063
337,6.02755,6.02570,5.968e-04,0.534,0.427,20051
338,5.68999,6.02570,5.968e-04,0.668,0.585,20014
339,5.92781,6.02570,5.967e-04,0.574,0.474,20064
340,5.74324,6.02570,5.967e-04,0.723,0.641,20056
341,5.97185,6.02570,5.966e-04,0.551,0.467,19304
342,6.27118,6.02570,5.966e-04,0.566,0.468,20031
343,5.85589,6.02570,5.965e-04,0.585,0.501,20050
344,5.69173,6.02570,5.965e-04,0.544,0.455,20008
345,5.93268,6.02570,5.964e-04,0.547,0.453,20052
346,5.90448,6.02570,5.964e-04,0.581,0.481,20045
347,5.82258,6.02570,5.963e-04,0.597,0.503,20024
348,5.85233,6.02570,5.963e-04,0.528,0.423,20048
349,5.90457,6.02570,5.962e-04,0.557,0.471,20055
350,5.85386,6.02570,5.962e-04,0.531,0.426,20004
351,5.68356,6.02570,5.961e-04,0.497,0.403,20054
352,5.85523,6.02570,5.961e-04,0.519,0.422,20055
353,5.82021,6.02570,5.960e-04,0.517,0.420,20054
354,5.84516,6.02570,5.960e-04,0.463,0.361,20050
355,5.71526,6.02570,5.959e-04,0.668,0.589,20046
356,5.99201,6.02570,5.959e-04,0.550,0.456,20041
357,5.94780,6.02570,5.958e-04,0.598,0.494,20062
358,5.67790,6.02570,5.958e-04,0.540,0.437,20056
359,6.03061,6.02570,5.957e-04,0.578,0.466,20069
360,5.93975,6.02570,5.957e-04,0.607,0.524,20045
361,5.90387,6.02570,5.956e-04,0.583,0.480,19284
362,5.88331,6.02570,5.956e-04,0.606,0.506,20053
363,5.73239,6.02570,5.955e-04,0.604,0.510,20071
364,5.69065,6.02570,5.954e-04,0.528,0.430,20016
365,5.70790,6.02570,5.954e-04,0.544,0.448,20063
366,5.93876,6.02570,5.953e-04,0.491,0.396,20082
367,5.87167,6.02570,5.953e-04,0.508,0.402,20018
368,5.80864,6.02570,5.952e-04,0.579,0.480,20061
369,5.85669,6.02570,5.952e-04,0.498,0.401,20077
370,5.85608,6.02570,5.951e-04,0.532,0.437,20030
371,5.64860,6.02570,5.950e-04,0.485,0.393,20086
372,5.77320,6.02570,5.950e-04,0.547,0.462,20055
373,5.93162,6.02570,5.949e-04,0.468,0.370,20046
374,6.02741,6.02570,5.949e-04,0.537,0.450,20041
375,6.02799,6.02570,5.948e-04,0.483,0.366,20060
376,5.76791,6.02570,5.948e-04,0.582,0.496,20013
377,5.79501,6.02570,5.947e-04,0.588,0.474,20055
378,5.94609,6.02570,5.946e-04,0.573,0.479,20062
379,5.77767,6.02570,5.946e-04,0.535,0.440,20028
380,5.86396,6.02570,5.945e-04,0.568,0.444,20062
381,5.56190,6.02570,5.945e-04,0.539,0.443,19158
382,6.04160,6.02570,5.944e-04,0.518,0.405,20010
383,5.81852,6.02570,5.943e-04,0.528,0.438,20052
384,5.84763,6.02570,5.943e-04,0.598,0.463,20053
385,5.70380,6.02570,5.942e-04,0.531,0.426,20010
386,5.87913,6.02570,5.941e-04,0.534,0.430,20070
387,5.79574,6.02570,5.941e-04,0.607,0.513,20043
388,5.79586,6.02570,5.940e-04,0.551,0.457,20029
389,5.87073,6.02570,5.940e-04,0.520,0.427,20043
390,5.99487,6.02570,5.939e-04,0.538,0.429,20045
391,5.74111,6.02570,5.938e-04,0.561,0.473,20030
392,5.95911,6.02570,5.938e-04,0.510,0.409,20038
393,5.84731,6.02570,5.937e-04,0.566,0.465,20044
394,5.78855,6.02570,5.936e-04,0.517,0.420,20016
395,6.09069,6.02570,5.936e-04,0.540,0.435,20050
396,5.86646,6.02570,5.935e-04,0.509,0.423,20043
397,5.63683,6.02570,5.934e-04,0.620,0.485,20016
398,5.78076,6.02570,5.934e-04,0.502,0.410,20048
399,5.75883,6.02570,5.933e-04,0.485,0.385,20050
400,5.66286,6.02570,5.932e-04,0.533,0.445,20038
401,5.97615,6.02570,5.932e-04,0.474,0.371,19054
402,5.72985,6.02570,5.931e-04,0.515,0.384,20054
403,5.84546,6.02570,5.930e-04,0.537,0.439,20027
404,5.79260,6.02570,5.930e-04,0.567,0.443,20075
405,5.71974,6.02570,5.929e-04,0.493,0.389,20056
406,5.71479,6.02570,5.928e-04,0.514,0.416,20023
407,5.76558,6.02570,5.928e-04,0.485,0.394,20055
408,5.94877,6.02570,5.927e-04,0.501,0.395,20035
409,5.61726,6.02570,5.926e-04,0.519,0.428,20015
410,5.77018,6.02570,5.925e-04,0.479,0.383,20065
411,5.54522,6.02570,5.925e-04,0.539,0.439,20049
412,5.80787,6.02570,5.924e-04,0.475,0.384,20048
413,5.64124,6.02570,5.923e-04,0.522,0.429,20060
414,5.67220,6.02570,5.923e-04,0.548,0.445,20042
415,5.90789,6.02570,5.922e-04,0.440,0.345,20070
416,5.80960,6.02570,5.921e-04,0.558,0.460,20023
417,5.71806,6.02570,5.920e-04,0.529,0.434,20042
418,5.70987,6.02570,5.920e-04,0.544,0.449,20070
419,5.67738,6.02570,5.919e-04,0.541,0.445,20010
420,5.59066,6.02570,5.918e-04,0.521,0.424,20072
421,5.81649,6.02570,5.917e-04,0.552,0.444,19067
422,5.81820,6.02570,5.917e-04,0.510,0.403,20023
423,5.68661,6.02570,5.916e-04,0.568,0.452,20062
424,5.81242,6.02570,5.915e-04,0.539,0.437,20042
425,5.78368,6.02570,5.914e-04,0.550,0.445,20027
426,5.54762,6.02570,5.914e-04,0.563,0.471,20055
427,5.81859,6.02570,5.913e-04,0.556,0.443,20061
428,5.83940,6.02570,5.912e-04,0.562,0.465,20027
429,5.68570,6.02570,5.911e-04,0.520,0.420,20055
430,5.82973,6.02570,5.911e-04,0.498,0.399,20048
431,5.70148,6.02570,5.910e-04,0.564,0.469,20012
432,5.62381,6.02570,5.909e-04,0.528,0.431,20058
433,5.83578,6.02570,5.908e-04,0.501,0.403,20058
434,5.64777,6.02570,5.907e-04,0.512,0.428,20039
435,5.73939,6.02570,5.907e-04,0.497,0.401,20018
436,5.85009,6.02570,5.906e-04,0.507,0.409,20056
437,5.78187,6.02570,5.905e-04,0.492,0.381,20023
438,5.66771,6.02570,5.904e-04,0.513,0.428,20068
439,5.53549,6.02570,5.904e-04,0.496,0.404,20060
440,5.73131,6.02570,5.903e-04,0.623,0.535,20017
441,5.70075,6.02570,5.902e-04,0.479,0.390,19334
442,5.72114,6.02570,5.901e-04,0.537,0.438,20046
443,5.54033,6.02570,5.900e-04,0.646,0.557,20006
444,5.73146,6.02570,5.899e-04,0.541,0.425,20052
445,5.70568,6.02570,5.899e-04,0.580,0.486,20054
446,5.82281,6.02570,5.898e-04,0.525,0.423,20023
447,5.74764,6.02570,5.897e-04,0.520,0.425,20052
448,5.60243,6.02570,5.896e-04,0.467,0.373,20043
449,5.74507,6.02570,5.895e-04,0.551,0.439,20022
450,5.68767,6.02570,5.894e-04,0.531,0.433,20043
451,5.66511,6.02570,5.894e-04,0.513,0.417,20063
452,5.65492,6.02570,5.893e-04,0.501,0.397,20034
453,5.81123,6.02570,5.892e-04,0.536,0.436,20058
454,5.69252,6.02570,5.891e-04,0.578,0.478,20050
455,5.59948,6.02570,5.890e-04,0.510,0.411,20033
456,5.69688,6.02570,5.889e-04,0.528,0.419,20037
457,5.61013,6.02570,5.889e-04,0.555,0.462,20062
458,5.61964,6.02570,5.888e-04,0.520,0.431,20024
459,5.78258,6.02570,5.887e-04,0.529,0.389,20063
460,5.61685,6.02570,5.886e-04,0.511,0.416,20059
461,5.73149,6.02570,5.885e-04,0.550,0.413,19357
462,5.83212,6.02570,5.884e-04,0.567,0.452,20042
463,5.64811,6.02570,5.883e-04,0.485,0.384,20081
464,5.72147,6.02570,5.882e-04,0.474,0.363,20032
465,5.58667,6.02570,5.882e-04,0.548,0.441,20068
466,5.82705,6.02570,5.881e-04,0.535,0.427,20080
467,5.55738,6.02570,5.880e-04,0.505,0.385,20055
468,5.74127,6.02570,5.879e-04,0.557,0.449,20030
469,5.63112,6.02570,5.878e-04,0.497,0.388,20051
470,5.66766,6.02570,5.877e-04,0.520,0.416,20053
471,5.51875,6.02570,5.876e-04,0.538,0.440,19992
472,5.63220,6.02570,5.875e-04,0.501,0.407,20072
473,5.64388,6.02570,5.874e-04,0.511,0.409,20061
474,5.58078,6.02570,5.873e-04,0.508,0.414,20042
475,5.66425,6.02570,5.872e-04,0.511,0.417,20056
476,5.61272,6.02570,5.872e-04,0.574,0.474,20051
477,5.65999,6.02570,5.871e-04,0.522,0.432,19999
478,5.67925,6.02570,5.870e-04,0.520,0.411,20058
479,5.52810,6.02570,5.869e-04,0.488,0.377,20070
480,5.44163,6.02570,5.868e-04,0.510,0.406,20028
481,5.66255,6.02570,5.867e-04,0.549,0.437,19100
482,5.72979,6.02570,5.866e-04,0.501,0.378,20069
483,5.58834,6.02570,5.865e-04,0.550,0.436,20029
484,5.55653,6.02570,5.864e-04,0.546,0.441,20054
485,5.50219,6.02570,5.863e-04,0.513,0.399,20056
486,5.65366,6.02570,5.862e-04,0.467,0.370,20017
487,5.51771,6.02570,5.861e-04,0.541,0.411,20056
488,5.78466,6.02570,5.860e-04,0.556,0.429,20043
489,5.56579,6.02570,5.859e-04,0.452,0.350,20017
490,5.67214,6.02570,5.858e-04,0.540,0.430,20062
491,5.67749,6.02570,5.857e-04,0.545,0.434,20054
492,5.59362,6.02570,5.856e-04,0.493,0.389,20003
493,5.73093,6.02570,5.855e-04,0.514,0.397,20051
494,5.59026,6.02570,5.854e-04,0.526,0.420,20069
495,5.50681,6.02570,5.853e-04,0.575,0.435,20038
496,5.54365,6.02570,5.852e-04,0.518,0.417,20053
497,5.56217,6.02570,5.851e-04,0.555,0.450,20052
498,5.54937,6.02570,5.850e-04,0.506,0.397,20017
499,5.54834,6.02570,5.849e-04,0.533,0.438,20062
500,5.74009,5.53151,5.848e-04,0.529,0.416,6132
501,5.43730,5.53151,5.847e-04,0.613,0.530,19369
502,5.70586,5.53151,5.846e-04,0.512,0.391,20000
503,5.65979,5.53151,5.845e-04,0.528,0.438,20060
504,5.55810,5.53151,5.844e-04,0.457,0.368,20046
505,5.68082,5.53151,5.843e-04,0.537,0.452,20023
506,5.68941,5.53151,5.842e-04,0.472,0.381,20034
507,5.37299,5.53151,5.841e-04,0.558,0.464,20054
508,5.57704,5.53151,5.840e-04,0.515,0.412,20017
509,5.66352,5.53151,5.839e-04,0.539,0.455,20056
510,5.49404,5.53151,5.838e-04,0.510,0.415,20053
511,5.51199,5.53151,5.837e-04,0.560,0.465,20020
512,5.56733,5.53151,5.836e-04,0.496,0.393,20066
513,5.55241,5.53151,5.835e-04,0.529,0.429,20066
514,5.70720,5.53151,5.834e-04,0.552,0.418,20002
515,5.61352,5.53151,5.833e-04,0.498,0.391,20067
516,5.58689,5.53151,5.832e-04,0.521,0.420,20040
517,5.42473,5.53151,5.831e-04,0.518,0.404,20046
518,5.57062,5.53151,5.830e-04,0.494,0.377,20049
519,5.61265,5.53151,5.829e-04,0.527,0.414,20056
520,5.65961,5.53151,5.828e-04,0.486,0.367,20010
521,5.44083,5.53151,5.827e-04,0.512,0.408,19220
522,5.56113,5.53151,5.826e-04,0.498,0.382,20072
523,5.90284,5.53151,5.825e-04,0.535,0.409,20028
524,5.59331,5.53151,5.824e-04,0.475,0.358,20065
525,5.52193,5.53151,5.822e-04,0.491,0.379,20058
526,6.01508,5.53151,5.821e-04,0.518,0.380,20030
527,5.58874,5.53151,5.820e-04,0.460,0.354,20058
528,5.65839,5.53151,5.819e-04,0.522,0.421,20052
529,5.71575,5.53151,5.818e-04,0.460,0.348,20033
530,5.60823,5.53151,5.817e-04,0.535,0.427,20073
531,5.74951,5.53151,5.816e-04,0.478,0.371,20067
532,5.43545,5.53151,5.815e-04,0.514,0.404,20055
533,5.53299,5.53151,5.814e-04,0.531,0.427,20055
534,5.78705,5.53151,5.813e-04,0.461,0.360,20042
535,5.53701,5.53151,5.812e-04,0.532,0.439,20061
536,5.60810,5.53151,5.810e-04,0.497,0.395,20036
537,5.57974,5.53151,5.809e-04,0.491,0.381,20083
538,5.52101,5.53151,5.808e-04,0.514,0.428,20077
539,5.60388,5.53151,5.807e-04,0.478,0.360,20007
540,5.50883,5.53151,5.806e-04,0.497,0.394,20076
541,5.56537,5.53151,5.805e-04,0.441,0.336,19122
542,5.69448,5.53151,5.804e-04,0.474,0.367,19983
543,5.56526,5.53151,5.803e-04,0.491,0.399,20067
544,5.50980,5.53151,5.801e-04,0.529,0.428,20069
545,5.38393,5.53151,5.800e-04,0.491,0.385,20052
546,5.49812,5.53151,5.799e-04,0.474,0.367,20063
547,5.44721,5.53151,5.798e-04,0.536,0.436,20053
548,5.64603,5.53151,5.797e-04,0.525,0.423,20026
549,5.70634,5.53151,5.796e-04,0.517,0.411,20062
550,5.49999,5.53151,5.794e-04,0.516,0.422,20041
551,5.64055,5.53151,5.793e-04,0.529,0.424,20029
552,5.69251,5.53151,5.792e-04,0.478,0.373,20069
553,5.59549,5.53151,5.791e-04,0.470,0.365,20051
554,5.82790,5.53151,5.790e-04,0.490,0.386,20004
555,5.48571,5.53151,5.789e-04,0.492,0.392,20047
556,5.62312,5.53151,5.787e-04,0.521,0.407,20064
557,5.54316,5.53151,5.786e-04,0.504,0.403,20019
558,5.64416,5.53151,5.785e-04,0.495,0.395,20053
559,5.42027,5.53151,5.784e-04,0.495,0.398,20053
560,5.49607,5.53151,5.783e-04,0.519,0.425,20020
561,5.72229,5.53151,5.782e-04,0.496,0.386,19095
562,5.59583,5.53151,5.780e-04,0.509,0.406,20045
563,5.59216,5.53151,5.779e-04,0.490,0.379,20028
564,5.42602,5.53151,5.778e-04,0.566,0.469,20055
565,5.44533,5.53151,5.777e-04,0.498,0.386,20053
566,5.75060,5.53151,5.776e-04,0.531,0.407,20034
567,5.62684,5.53151,5.774e-04,0.492,0.383,20046
568,5.53666,5.53151,5.773e-04,0.527,0.414,20051
569,5.56627,5.53151,5.772e-04,0.483,0.376,20028
570,5.67935,5.53151,5.771e-04,0.478,0.348,20055
571,5.66734,5.53151,5.769e-04,0.467,0.350,20060
572,5.58511,5.53151,5.768e-04,0.484,0.359,20022
573,5.54348,5.53151,5.767e-04,0.496,0.372,20057
574,5.68248,5.53151,5.766e-04,0.462,0.351,20052
575,5.71591,5.53151,5.765e-04,0.472,0.354,20017
576,5.25363,5.53151,5.763e-04,0.453,0.348,20057
577,5.55049,5.53151,5.762e-04,0.475,0.363,20058
578,5.46516,5.53151,5.761e-04,0.487,0.385,20032
579,5.52452,5.53151,5.760e-04,0.501,0.396,20029
580,5.72191,5.53151,5.758e-04,0.493,0.373,20051
581,5.68578,5.53151,5.757e-04,0.503,0.390,19320
582,5.49676,5.53151,5.756e-04,0.477,0.365,20061
583,5.55082,5.53151,5.755e-04,0.478,0.365,20078
584,5.40079,5.53151,5.753e-04,0.469,0.363,20052
585,5.43760,5.53151,5.752e-04,0.491,0.369,20071
586,5.44076,5.53151,5.751e-04,0.469,0.366,20062
587,5.38222,5.53151,5.749e-04,0.517,0.408,20078
588,5.45594,5.53151,5.748e-04,0.494,0.378,20046
589,5.57899,5.53151,5.747e-04,0.562,0.460,20055
590,5.48991,5.53151,5.746e-04,0.482,0.371,20060
591,5.50485,5.53151,5.744e-04,0.785,0.690,20028
592,5.55627,5.53151,5.743e-04,0.482,0.374,20060
593,5.59517,5.53151,5.742e-04,0.567,0.467,20063
594,5.64549,5.53151,5.740e-04,0.597,0.472,20022
595,5.34416,5.53151,5.739e-04,0.464,0.359,20080
596,5.46867,5.53151,5.738e-04,0.476,0.366,20050
597,5.40215,5.53151,5.737e-04,0.532,0.418,20017
598,5.22734,5.53151,5.735e-04,0.486,0.379,20044
599,5.52592,5.53151,5.734e-04,0.490,0.383,20051
600,5.55374,5.53151,5.733e-04,0.495,0.384,20027
601,5.45767,5.53151,5.731e-04,0.520,0.420,19160
602,5.73384,5.53151,5.730e-04,0.540,0.421,20075
603,5.52231,5.53151,5.729e-04,0.463,0.356,20046
604,5.46758,5.53151,5.727e-04,0.533,0.421,20066
605,5.37463,5.53151,5.726e-04,0.437,0.334,20073
606,5.42787,5.53151,5.725e-04,0.485,0.379,20028
607,5.63206,5.53151,5.723e-04,0.457,0.346,20072
608,5.66198,5.53151,5.722e-04,0.458,0.334,20062
609,5.65862,5.53151,5.721e-04,0.489,0.377,20022
610,5.66258,5.53151,5.719e-04,0.526,0.344,20069
611,5.48637,5.53151,5.718e-04,0.472,0.356,20047
612,5.59783,5.53151,5.717e-04,0.462,0.345,20026
613,5.45123,5.53151,5.715e-04,0.475,0.360,20058
614,5.45688,5.53151,5.714e-04,0.486,0.380,20057
615,5.45853,5.53151,5.713e-04,0.505,0.390,20015
616,5.62365,5.53151,5.711e-04,0.512,0.410,20054
617,5.52186,5.53151,5.710e-04,0.476,0.367,20061
618,5.52110,5.53151,5.708e-04,0.442,0.344,20032
619,5.49369,5.53151,5.707e-04,0.566,0.458,20061
620,5.65465,5.53151,5.706e-04,0.469,0.360,20059
621,5.56340,5.53151,5.704e-04,0.450,0.338,19274
622,5.26891,5.53151,5.703e-04,0.537,0.428,20045
623,5.42842,5.53151,5.702e-04,0.438,0.330,20070
624,5.49448,5.53151,5.700e-04,0.451,0.348,20035
625,5.46102,5.53151,5.699e-04,0.490,0.377,20054
626,5.47032,5.53151,5.697e-04,0.493,0.380,20080
627,5.66548,5.53151,5.696e-04,0.489,0.376,20050
628,5.39708,5.53151,5.695e-04,0.499,0.397,20066
629,5.46479,5.53151,5.693e-04,0.473,0.354,20090
630,5.29237,5.53151,5.692e-04,0.489,0.387,20012
631,5.47474,5.53151,5.690e-04,0.497,0.385,20072
632,5.46670,5.53151,5.689e-04,0.483,0.385,20053
633,5.56611,5.53151,5.688e-04,0.469,0.356,20054
634,5.36323,5.53151,5.686e-04,0.467,0.365,20034
635,5.38540,5.53151,5.685e-04,0.491,0.386,20061
636,5.48559,5.53151,5.683e-04,0.448,0.332,20049
637,5.54989,5.53151,5.682e-04,0.527,0.414,20045
638,5.43639,5.53151,5.680e-04,0.428,0.326,20047
639,5.50931,5.53151,5.679e-04,0.474,0.368,20067
640,5.63030,5.53151,5.678e-04,0.479,0.360,20026
641,5.45850,5.53151,5.676e-04,0.541,0.432,19056
642,5.43368,5.53151,5.675e-04,0.466,0.364,20061
643,5.31808,5.53151,5.673e-04,0.517,0.397,20026
644,5.57501,5.53151,5.672e-04,0.523,0.396,20058
645,5.55159,5.53151,5.670e-04,0.503,0.382,20066
646,5.44552,5.53151,5.669e-04,0.550,0.415,20026
647,5.55299,5.53151,5.667e-04,0.479,0.369,20039
648,5.58309,5.53151,5.666e-04,0.494,0.370,20063
649,5.32065,5.53151,5.665e-04,0.461,0.358,20027
650,5.50709,5.53151,5.663e-04,0.549,0.441,20070
651,5.45593,5.53151,5.662e-04,0.512,0.407,20044
652,5.55477,5.53151,5.660e-04,0.516,0.407,20007
653,5.45265,5.53151,5.659e-04,0.511,0.400,20063
654,5.63140,5.53151,5.657e-04,0.501,0.380,20070
655,5.23316,5.53151,5.656e-04,0.556,0.443,20040
656,5.55975,5.53151,5.654e-04,0.488,0.378,20051
657,5.36816,5.53151,5.653e-04,0.530,0.430,20051
658,5.33097,5.53151,5.651e-04,0.488,0.383,20003
659,5.55497,5.53151,5.650e-04,0.492,0.377,20053
660,5.44320,5.53151,5.648e-04,0.534,0.425,20052
661,5.50460,5.53151,5.647e-04,0.480,0.372,19328
662,5.35424,5.53151,5.645e-04,0.556,0.438,20070
663,5.64886,5.53151,5.644e-04,0.471,0.363,20076
664,5.62425,5.53151,5.642e-04,0.490,0.364,20043
665,5.45363,5.53151,5.641e-04,0.476,0.370,20056
666,5.42273,5.53151,5.639e-04,0.483,0.383,20055
667,5.31686,5.53151,5.638e-04,0.482,0.378,20036
668,5.43137,5.53151,5.636e-04,0.482,0.365,20054
669,5.21746,5.53151,5.635e-04,0.504,0.391,20078
670,5.37962,5.53151,5.633e-04,0.491,0.371,20028
671,5.45931,5.53151,5.632e-04,0.470,0.351,20049
672,5.31955,5.53151,5.630e-04,0.516,0.404,20053
673,5.41986,5.53151,5.629e-04,0.491,0.387,20021
674,5.31507,5.53151,5.627e-04,0.498,0.391,20055
675,5.32620,5.53151,5.626e-04,0.482,0.356,20064
676,5.25633,5.53151,5.624e-04,0.491,0.393,20013
677,5.42907,5.53151,5.622e-04,0.474,0.364,20063
678,5.47827,5.53151,5.621e-04,0.456,0.352,20044
679,5.39564,5.53151,5.619e-04,0.480,0.372,20041
680,5.44336,5.53151,5.618e-04,0.457,0.338,20051
681,5.40834,5.53151,5.616e-04,0.479,0.376,19099
682,5.34786,5.53151,5.615e-04,0.490,0.371,20014
683,5.55990,5.53151,5.613e-04,0.445,0.338,20060
684,5.35142,5.53151,5.612e-04,0.489,0.382,20049
685,5.49979,5.53151,5.610e-04,0.511,0.397,20032
686,5.44351,5.53151,5.608e-04,0.458,0.351,20053
687,5.47751,5.53151,5.607e-04,0.535,0.424,20059
688,5.44090,5.53151,5.605e-04,0.457,0.338,20033
689,5.25403,5.53151,5.604e-04,0.475,0.365,20041
690,5.62574,5.53151,5.602e-04,0.485,0.362,20044
691,5.24699,5.53151,5.601e-04,0.478,0.361,20076
692,5.17456,5.53151,5.599e-04,0.515,0.411,20025
693,5.38486,5.53151,5.597e-04,0.462,0.350,20059
694,5.58659,5.53151,5.596e-04,0.495,0.387,20053
695,5.47418,5.53151,5.594e-04,0.495,0.394,20041
696,5.48716,5.53151,5.593e-04,0.497,0.383,20071
697,5.48271,5.53151,5.591e-04,0.480,0.367,20067
698,5.42081,5.53151,5.589e-04,0.472,0.363,20055
699,5.34227,5.53151,5.588e-04,0.455,0.340,20080
700,5.36996,5.53151,5.586e-04,0.473,0.366,20064
701,5.57415,5.53151,5.585e-04,0.521,0.404,19020
702,5.38577,5.53151,5.583e-04,0.459,0.350,20058
703,5.28945,5.53151,5.581e-04,0.465,0.358,20064
704,5.35976,5.53151,5.580e-04,0.450,0.336,20055
705,5.49241,5.53151,5.578e-04,0.444,0.337,20067
706,5.43366,5.53151,5.576e-04,0.457,0.350,20056
707,5.39851,5.53151,5.575e-04,0.529,0.422,20037
708,5.52424,5.53151,5.573e-04,0.439,0.330,20060
709,5.57432,5.53151,5.572e-04,0.503,0.381,20053
710,5.53132,5.53151,5.570e-04,0.465,0.358,20016
711,5.50741,5.53151,5.568e-04,0.469,0.350,20060
712,5.43250,5.53151,5.567e-04,0.520,0.405,20051
713,5.43677,5.53151,5.565e-04,0.498,0.382,20024
714,5.47578,5.53151,5.563e-04,0.462,0.338,20068
715,5.44136,5.53151,5.562e-04,0.483,0.373,20067
716,5.30062,5.53151,5.560e-04,0.479,0.363,20041
717,5.40505,5.53151,5.558e-04,0.475,0.358,20045
718,5.33924,5.53151,5.557e-04,0.472,0.370,20045
719,5.21492,5.53151,5.555e-04,0.489,0.376,20018
720,5.25114,5.53151,5.553e-04,0.529,0.431,20065
721,5.52366,5.53151,5.552e-04,0.525,0.401,19032
722,5.26793,5.53151,5.550e-04,0.460,0.351,20024
723,5.35407,5.53151,5.548e-04,0.480,0.377,20054
724,5.45523,5.53151,5.547e-04,0.452,0.330,20065
725,5.47906,5.53151,5.545e-04,0.496,0.389,20019
726,5.55095,5.53151,5.543e-04,0.533,0.391,20067
727,5.41293,5.53151,5.542e-04,0.536,0.420,20043
728,5.32599,5.53151,5.540e-04,0.504,0.401,20047
729,5.62178,5.53151,5.538e-04,0.536,0.413,20056
730,5.26726,5.53151,5.537e-04,0.459,0.348,20053
731,5.38594,5.53151,5.535e-04,0.502,0.383,20014
732,5.24501,5.53151,5.533e-04,0.458,0.342,20056
733,5.56714,5.53151,5.531e-04,0.471,0.352,20072
734,5.50122,5.53151,5.530e-04,0.479,0.366,20020
735,5.46797,5.53151,5.528e-04,0.484,0.370,20054
736,5.39787,5.53151,5.526e-04,0.499,0.371,20050
737,5.37577,5.53151,5.525e-04,0.463,0.359,20016
738,5.13290,5.53151,5.523e-04,0.457,0.340,20078
739,5.49575,5.53151,5.521e-04,0.490,0.371,20051
740,5.60278,5.53151,5.519e-04,0.482,0.360,20006
741,5.45509,5.53151,5.518e-04,0.472,0.354,19047
742,5.41197,5.53151,5.516e-04,0.456,0.356,20047
743,5.54841,5.53151,5.514e-04,0.487,0.369,20025
744,5.60503,5.53151,5.512e-04,0.489,0.364,20070
745,5.56070,5.53151,5.511e-04,0.464,0.356,20057
746,5.40126,5.53151,5.509e-04,0.506,0.393,20042
747,5.57990,5.53151,5.507e-04,0.466,0.352,20053
748,5.21753,5.53151,5.506e-04,0.498,0.389,20058
749,5.32297,5.53151,5.504e-04,0.468,0.357,20060
750,5.43922,5.29871,5.502e-04,0.524,0.412,6239
751,5.39485,5.29871,5.500e-04,0.515,0.400,19297
752,5.18154,5.29871,5.499e-04,0.481,0.363,20051
753,5.30034,5.29871,5.497e-04,0.466,0.349,20046
754,5.49762,5.29871,5.495e-04,0.460,0.338,20070
755,5.53748,5.29871,5.493e-04,0.567,0.452,20089
756,5.51389,5.29871,5.491e-04,0.456,0.334,20058
757,5.39040,5.29871,5.490e-04,0.455,0.341,20035
758,5.25116,5.29871,5.488e-04,0.488,0.373,20064
759,5.45828,5.29871,5.486e-04,0.455,0.324,20066
760,5.23595,5.29871,5.484e-04,0.496,0.377,19986
761,5.40938,5.29871,5.483e-04,0.490,0.363,19057
762,5.30677,5.29871,5.481e-04,0.509,0.404,20071
763,5.22464,5.29871,5.479e-04,0.521,0.411,20037
764,5.37521,5.29871,5.477e-04,0.456,0.348,20061
765,5.46557,5.29871,5.475e-04,0.478,0.350,20056
766,5.28580,5.29871,5.474e-04,0.465,0.362,20038
767,5.31876,5.29871,5.472e-04,0.469,0.362,20069
768,5.55514,5.29871,5.470e-04,0.475,0.367,20058
769,5.31629,5.29871,5.468e-04,0.497,0.376,20034
770,5.40407,5.29871,5.466e-04,0.543,0.420,20067
771,5.32390,5.29871,5.465e-04,0.498,0.372,20051
772,5.47227,5.29871,5.463e-04,0.458,0.341,20018
773,5.31053,5.29871,5.461e-04,0.454,0.337,20055
774,5.25733,5.29871,5.459e-04,0.454,0.343,20054
775,5.39026,5.29871,5.457e-04,0.513,0.389,20007
776,5.37528,5.29871,5.456e-04,0.437,0.330,20066
777,5.33979,5.29871,5.454e-04,0.476,0.362,20049
778,5.33178,5.29871,5.452e-04,0.502,0.373,20020
779,5.25547,5.29871,5.450e-04,0.474,0.365,20064
780,5.10582,5.29871,5.448e-04,0.493,0.384,20051
781,5.35849,5.29871,5.446e-04,0.520,0.409,19071
782,5.33189,5.29871,5.445e-04,0.452,0.337,20046
783,5.34220,5.29871,5.443e-04,0.455,0.339,20049
784,5.34582,5.29871,5.441e-04,0.485,0.367,20018
785,5.41139,5.29871,5.439e-04,0.477,0.365,20054
786,5.49420,5.29871,5.437e-04,0.518,0.395,20054
787,5.35971,5.29871,5.435e-04,0.460,0.343,20009
788,5.16807,5.29871,5.433e-04,0.495,0.369,20056
789,5.42465,5.29871,5.432e-04,0.475,0.355,20044
790,5.16715,5.29871,5.430e-04,0.438,0.326,20036
791,5.46587,5.29871,5.428e-04,0.475,0.359,20038
792,5.40366,5.29871,5.426e-04,0.453,0.343,20060
793,5.10951,5.29871,5.424e-04,0.474,0.359,20029
794,5.36419,5.29871,5.422e-04,0.443,0.326,20058
795,5.50291,5.29871,5.420e-04,0.459,0.340,20055
796,5.42874,5.29871,5.418e-04,0.509,0.391,20009
797,5.36923,5.29871,5.417e-04,0.503,0.391,20066
798,5.60785,5.29871,5.415e-04,0.534,0.391,20063
799,5.25266,5.29871,5.413e-04,0.518,0.408,20046
800,5.49384,5.29871,5.411e-04,0.507,0.380,20047
801,5.37402,5.29871,5.409e-04,0.536,0.398,18990
802,5.40454,5.29871,5.407e-04,0.481,0.362,19998
803,5.27617,5.29871,5.405e-04,0.471,0.350,20064
804,5.41539,5.29871,5.403e-04,0.500,0.387,20069
805,5.39048,5.29871,5.401e-04,0.529,0.420,20047
806,5.34751,5.29871,5.400e-04,0.501,0.385,20069
807,5.37040,5.29871,5.398e-04,0.496,0.381,20072
808,5.42096,5.29871,5.396e-04,0.486,0.361,20030
809,5.22970,5.29871,5.394e-04,0.604,0.492,20057
810,5.42405,5.29871,5.392e-04,0.516,0.390,20058
811,5.26122,5.29871,5.390e-04,0.479,0.373,20056
812,5.19066,5.29871,5.388e-04,0.511,0.394,20031
813,5.46377,5.29871,5.386e-04,0.556,0.414,20055
814,5.46456,5.29871,5.384e-04,0.541,0.410,20051
815,5.28084,5.29871,5.382e-04,0.571,0.460,20034
816,5.40434,5.29871,5.380e-04,0.487,0.365,20067
817,5.23572,5.29871,5.378e-04,0.515,0.394,20076
818,5.29295,5.29871,5.377e-04,0.512,0.393,20033
819,5.46330,5.29871,5.375e-04,0.468,0.356,20072
820,5.33680,5.29871,5.373e-04,0.534,0.418,20057
821,5.38359,5.29871,5.371e-04,0.511,0.387,19112
822,5.17225,5.29871,5.369e-04,0.465,0.352,20065
823,5.34087,5.29871,5.367e-04,0.563,0.443,20059
824,5.43484,5.29871,5.365e-04,0.466,0.347,20054
825,5.24658,5.29871,5.363e-04,0.483,0.369,20091
826,5.31696,5.29871,5.361e-04,0.516,0.403,20059
827,5.32893,5.29871,5.359e-04,0.462,0.341,20045
828,5.17718,5.29871,5.357e-04,0.456,0.345,20076
829,5.28677,5.29871,5.355e-04,0.486,0.361,20058
830,5.15723,5.29871,5.353e-04,0.485,0.368,20023
831,5.29490,5.29871,5.351e-04,0.523,0.389,20055
832,5.47070,5.29871,5.349e-04,0.439,0.319,20042
833,5.43664,5.29871,5.347e-04,0.491,0.370,20016
834,5.29516,5.29871,5.345e-04,0.461,0.346,20056
835,5.32191,5.29871,5.343e-04,0.478,0.358,20053
836,5.26449,5.29871,5.341e-04,0.508,0.395,20035
837,5.16637,5.29871,5.339e-04,0.503,0.392,20058
838,5.31945,5.29871,5.337e-04,0.466,0.355,20050
839,5.21620,5.29871,5.335e-04,0.491,0.367,20029
840,5.52609,5.29871,5.333e-04,0.477,0.359,20053
841,5.50419,5.29871,5.331e-04,0.479,0.364,19056
842,5.33045,5.29871,5.329e-04,0.500,0.384,20040
843,5.31534,5.29871,5.327e-04,0.470,0.359,20051
844,5.15469,5.29871,5.325e-04,0.532,0.415,20060
845,5.30383,5.29871,5.323e-04,0.485,0.361,20042
846,5.26748,5.29871,5.321e-04,0.507,0.392,20082
847,5.32624,5.29871,5.319e-04,0.500,0.351,20053
848,5.36216,5.29871,5.317e-04,0.471,0.347,20013
849,5.38381,5.29871,5.315e-04,0.523,0.400,20064
850,5.33582,5.29871,5.313e-04,0.456,0.339,20049
851,5.36536,5.29871,5.311e-04,0.534,0.409,20016
852,5.36727,5.29871,5.309e-04,0.517,0.408,20038
853,5.31695,5.29871,5.307e-04,0.469,0.349,20056
854,5.23318,5.29871,5.305e-04,0.511,0.393,20034
855,5.13568,5.29871,5.303e-04,0.456,0.344,20072
856,5.32253,5.29871,5.301e-04,0.447,0.326,20070
857,5.26833,5.29871,5.299e-04,0.490,0.370,20019
858,5.17162,5.29871,5.297e-04,0.474,0.363,20068
859,5.39241,5.29871,5.295e-04,0.448,0.328,20057
860,5.19712,5.29871,5.293e-04,0.472,0.351,20016
861,5.24873,5.29871,5.291e-04,0.467,0.344,19149
862,5.10468,5.29871,5.289e-04,0.469,0.341,20077
863,5.31564,5.29871,5.287e-04,0.437,0.320,20032
864,5.25204,5.29871,5.285e-04,0.512,0.403,20071
865,5.42133,5.29871,5.283e-04,0.474,0.350,20061
866,5.49265,5.29871,5.281e-04,0.535,0.411,20071
867,5.24388,5.29871,5.279e-04,0.452,0.328,20008
868,5.43570,5.29871,5.276e-04,0.534,0.409,20067
869,5.23031,5.29871,5.274e-04,0.455,0.333,20060
870,5.09082,5.29871,5.272e-04,0.459,0.345,20030
871,5.34416,5.29871,5.270e-04,0.485,0.369,20046
872,5.40885,5.29871,5.268e-04,0.480,0.356,20070
873,5.23413,5.29871,5.266e-04,0.463,0.351,20029
874,5.17861,5.29871,5.264e-04,0.515,0.399,20057
875,5.22603,5.29871,5.262e-04,0.502,0.382,20051
876,5.33335,5.29871,5.260e-04,0.561,0.440,20036
877,5.32570,5.29871,5.258e-04,0.545,0.432,20037
878,5.35337,5.29871,5.256e-04,0.513,0.377,20047
879,5.28666,5.29871,5.254e-04,0.573,0.458,20028
880,5.29420,5.29871,5.252e-04,0.463,0.349,20054
881,5.27214,5.29871,5.249e-04,0.597,0.496,19022
882,5.16364,5.29871,5.247e-04,0.502,0.388,20032
883,5.54104,5.29871,5.245e-04,0.614,0.490,20080
884,5.34808,5.29871,5.243e-04,0.593,0.470,20049
885,5.28970,5.29871,5.241e-04,0.550,0.427,20026
886,5.23426,5.29871,5.239e-04,0.508,0.393,20049
887,5.46040,5.29871,5.237e-04,0.489,0.367,20059
888,5.33747,5.29871,5.235e-04,0.523,0.406,20022
889,5.23511,5.29871,5.233e-04,0.495,0.381,20052
890,5.28458,5.29871,5.230e-04,0.509,0.396,20059
891,5.18349,5.29871,5.228e-04,0.520,0.404,20050
892,5.39609,5.29871,5.226e-04,0.501,0.387,20048
893,5.25156,5.29871,5.224e-04,0.501,0.388,20043
894,5.31375,5.29871,5.222e-04,0.536,0.406,20024
895,5.01002,5.29871,5.220e-04,0.515,0.386,20063
896,5.28315,5.29871,5.218e-04,0.482,0.367,20045
897,5.49641,5.29871,5.216e-04,0.467,0.346,20039
898,5.08546,5.29871,5.213e-04,0.502,0.373,20055
899,5.39502,5.29871,5.211e-04,0.512,0.401,20051
900,5.18930,5.29871,5.209e-04,0.499,0.368,20019
901,5.23942,5.29871,5.207e-04,0.489,0.376,19119
902,5.29403,5.29871,5.205e-04,0.466,0.351,20042
903,5.28494,5.29871,5.203e-04,0.490,0.366,20003
904,5.33806,5.29871,5.201e-04,0.477,0.365,20062
905,5.17949,5.29871,5.198e-04,0.443,0.331,20046
906,5.18729,5.29871,5.196e-04,0.464,0.343,19963
907,5.17628,5.29871,5.194e-04,0.503,0.377,20067
908,5.24240,5.29871,5.192e-04,0.496,0.362,20075
909,5.18102,5.29871,5.190e-04,0.464,0.334,20032
910,5.43479,5.29871,5.188e-04,0.497,0.367,20065
911,5.24630,5.29871,5.185e-04,0.496,0.375,20061
912,5.31446,5.29871,5.183e-04,0.515,0.383,19990
913,5.27809,5.29871,5.181e-04,0.458,0.338,20069
914,5.20186,5.29871,5.179e-04,0.476,0.355,20083
915,5.46805,5.29871,5.177e-04,0.544,0.421,20037
916,5.05127,5.29871,5.175e-04,0.460,0.347,20057
917,5.36108,5.29871,5.172e-04,0.567,0.454,20044
918,5.22932,5.29871,5.170e-04,0.555,0.452,20048
919,5.20062,5.29871,5.168e-04,0.595,0.449,20019
920,5.34992,5.29871,5.166e-04,0.537,0.420,20061
921,5.28259,5.29871,5.164e-04,0.505,0.379,18988
922,5.10561,5.29871,5.161e-04,0.553,0.448,20004
923,5.15386,5.29871,5.159e-04,0.485,0.363,20052
924,5.26138,5.29871,5.157e-04,0.543,0.422,20063
925,5.30302,5.29871,5.155e-04,0.472,0.360,20041
926,5.15394,5.29871,5.153e-04,0.482,0.354,20079
927,5.23468,5.29871,5.150e-04,0.472,0.354,20093
928,5.04410,5.29871,5.148e-04,0.528,0.391,20048
929,5.17432,5.29871,5.146e-04,0.471,0.347,20056
930,5.28901,5.29871,5.144e-04,0.478,0.360,20066
931,5.20870,5.29871,5.142e-04,0.482,0.364,20026
932,5.04827,5.29871,5.139e-04,0.473,0.351,20057
933,5.14527,5.29871,5.137e-04,0.509,0.371,20070
934,5.06266,5.29871,5.135e-04,0.498,0.385,20020
935,5.47012,5.29871,5.133e-04,0.573,0.446,20050
936,5.23111,5.29871,5.131e-04,0.482,0.355,20056
937,5.26830,5.29871,5.128e-04,0.492,0.365,20050
938,5.36234,5.29871,5.126e-04,0.519,0.408,20047
939,5.34675,5.29871,5.124e-04,0.485,0.359,20076
940,5.19020,5.29871,5.122e-04,0.503,0.376,20021
941,5.12072,5.29871,5.119e-04,0.516,0.406,19151
942,5.36622,5.29871,5.117e-04,0.457,0.330,20053
943,5.15849,5.29871,5.115e-04,0.518,0.404,19949
944,5.26566,5.29871,5.113e-04,0.474,0.354,20059
945,5.37904,5.29871,5.110e-04,0.494,0.372,20061
946,5.15199,5.29871,5.108e-04,0.503,0.384,20037
947,5.23008,5.29871,5.106e-04,0.453,0.336,20035
948,5.18557,5.29871,5.104e-04,0.516,0.394,20046
949,5.08371,5.29871,5.101e-04,0.526,0.413,20019
950,5.21348,5.29871,5.099e-04,0.515,0.376,20047
951,5.30560,5.29871,5.097e-04,0.532,0.418,20055
952,5.22077,5.29871,5.095e-04,0.541,0.402,20031
953,5.04281,5.29871,5.092e-04,0.484,0.361,20054
954,5.29302,5.29871,5.090e-04,0.479,0.348,20055
955,5.33078,5.29871,5.088e-04,0.500,0.384,20029
956,5.15415,5.29871,5.086e-04,0.525,0.402,20064
957,5.17772,5.29871,5.083e-04,0.571,0.450,20050
958,5.23184,5.29871,5.081e-04,0.531,0.426,20012
959,5.13663,5.29871,5.079e-04,0.507,0.380,20059
960,5.29782,5.29871,5.076e-04,0.508,0.389,20060
961,5.24013,5.29871,5.074e-04,0.585,0.460,19096
962,5.17419,5.29871,5.072e-04,0.639,0.467,20033
963,5.24735,5.29871,5.070e-04,0.514,0.391,20057
964,5.19445,5.29871,5.067e-04,0.614,0.476,20052
965,5.29242,5.29871,5.065e-04,0.563,0.444,20074
966,5.31701,5.29871,5.063e-04,0.553,0.410,20067
967,5.12896,5.29871,5.060e-04,0.591,0.462,20033
968,5.16199,5.29871,5.058e-04,0.490,0.363,20081
969,5.13348,5.29871,5.056e-04,0.476,0.352,20056
970,5.17433,5.29871,5.054e-04,0.493,0.371,20042
971,5.15770,5.29871,5.051e-04,0.536,0.423,20072
972,5.41477,5.29871,5.049e-04,0.505,0.383,20048
973,5.06308,5.29871,5.047e-04,0.504,0.380,20047
974,5.23994,5.29871,5.044e-04,0.512,0.398,20043
975,5.24657,5.29871,5.042e-04,0.549,0.441,20056
976,5.48316,5.29871,5.040e-04,0.530,0.399,20060
977,5.33726,5.29871,5.037e-04,0.646,0.523,20039
978,5.02858,5.29871,5.035e-04,0.487,0.371,20032
979,5.36941,5.29871,5.033e-04,0.506,0.370,20050
980,5.03677,5.29871,5.030e-04,0.540,0.427,20008
981,5.20886,5.29871,5.028e-04,0.485,0.361,19287
982,5.09008,5.29871,5.026e-04,0.538,0.414,20042
983,5.19347,5.29871,5.023e-04,0.453,0.328,20024
984,5.42316,5.29871,5.021e-04,0.541,0.406,20055
985,5.20310,5.29871,5.019e-04,0.528,0.405,20047
986,5.27691,5.29871,5.016e-04,0.518,0.375,20027
987,5.21534,5.29871,5.014e-04,0.540,0.376,20057
988,5.11242,5.29871,5.012e-04,0.500,0.386,20062
989,5.34195,5.29871,5.009e-04,0.459,0.334,20020
990,5.39112,5.29871,5.007e-04,0.478,0.352,20052
991,5.09603,5.29871,5.005e-04,0.496,0.378,20059
992,5.24741,5.29871,5.002e-04,0.555,0.437,20031
993,5.20440,5.29871,5.000e-04,0.582,0.467,20055
994,5.14208,5.29871,4.998e-04,0.491,0.366,20039
995,5.34168,5.29871,4.995e-04,0.498,0.378,20023
996,5.24600,5.29871,4.993e-04,0.465,0.339,20058
997,5.41558,5.29871,4.991e-04,0.500,0.379,20044
998,5.21786,5.29871,4.988e-04,0.511,0.389,20022
999,5.28870,5.29871,4.986e-04,0.575,0.450,20076
1000,5.27848,5.11364,4.983e-04,0.486,0.365,6136
1001,5.15591,5.11364,4.981e-04,0.518,0.407,19348
1002,5.38466,5.11364,4.979e-04,0.473,0.346,20027
1003,5.22807,5.11364,4.976e-04,0.471,0.353,20042
1004,5.14588,5.11364,4.974e-04,0.526,0.409,20057
1005,5.08258,5.11364,4.972e-04,0.477,0.361,20020
1006,5.25221,5.11364,4.969e-04,0.523,0.397,20058
1007,5.02285,5.11364,4.967e-04,0.617,0.518,20051
1008,5.12685,5.11364,4.964e-04,0.499,0.385,20011
1009,5.19002,5.11364,4.962e-04,0.543,0.414,20074
1010,5.09936,5.11364,4.960e-04,0.563,0.442,20071
1011,5.04534,5.11364,4.957e-04,0.579,0.470,20020
1012,5.04919,5.11364,4.955e-04,0.528,0.415,20057
1013,5.36896,5.11364,4.952e-04,0.536,0.417,20062
1014,5.27006,5.11364,4.950e-04,0.531,0.412,19972
1015,5.29059,5.11364,4.948e-04,0.503,0.378,20046
1016,5.26086,5.11364,4.945e-04,0.619,0.517,20058
1017,5.08952,5.11364,4.943e-04,0.518,0.388,19969
1018,5.10752,5.11364,4.940e-04,0.506,0.387,20072
1019,5.00509,5.11364,4.938e-04,0.501,0.372,20034
1020,5.15114,5.11364,4.936e-04,0.466,0.345,20033
1021,5.18496,5.11364,4.933e-04,0.487,0.365,19052
1022,5.14015,5.11364,4.931e-04,0.479,0.356,20058
1023,5.16609,5.11364,4.928e-04,0.481,0.366,20024
1024,5.43518,5.11364,4.926e-04,0.497,0.379,20092
1025,5.31740,5.11364,4.924e-04,0.503,0.367,20079
1026,5.03575,5.11364,4.921e-04,0.474,0.352,20013
1027,5.41344,5.11364,4.919e-04,0.617,0.487,20055
1028,5.34387,5.11364,4.916e-04,0.492,0.373,20065
1029,5.23787,5.11364,4.914e-04,0.508,0.383,20031
1030,5.28258,5.11364,4.911e-04,0.523,0.399,20048
1031,5.14643,5.11364,4.909e-04,0.511,0.389,20071
1032,5.06950,5.11364,4.907e-04,0.529,0.412,20023
1033,5.35847,5.11364,4.904e-04,0.506,0.366,20047
1034,5.28309,5.11364,4.902e-04,0.533,0.395,20060
1035,5.15538,5.11364,4.899e-04,0.490,0.360,20023
1036,5.24287,5.11364,4.897e-04,0.525,0.393,20054
1037,5.06810,5.11364,4.894e-04,0.571,0.452,20059
1038,5.11489,5.11364,4.892e-04,0.505,0.382,20056
1039,5.07430,5.11364,4.889e-04,0.538,0.402,20026
1040,4.92680,5.11364,4.887e-04,0.552,0.426,20062
1041,5.02624,5.11364,4.885e-04,0.583,0.461,19186
1042,5.15926,5.11364,4.882e-04,0.517,0.400,20022
1043,5.11722,5.11364,4.880e-04,0.488,0.358,20089
1044,5.02035,5.11364,4.877e-04,0.541,0.420,20059
1045,5.11599,5.11364,4.875e-04,0.463,0.340,20060
1046,5.29759,5.11364,4.872e-04,0.487,0.364,20044
1047,5.24184,5.11364,4.870e-04,0.566,0.450,20063
1048,5.06293,5.11364,4.867e-04,0.743,0.639,20009
1049,5.20210,5.11364,4.865e-04,0.562,0.447,20058
1050,5.25469,5.11364,4.862e-04,0.599,0.493,20055
1051,5.02824,5.11364,4.860e-04,0.518,0.400,19999
1052,5.41769,5.11364,4.857e-04,0.636,0.531,20057
1053,5.04956,5.11364,4.855e-04,0.509,0.388,20064
1054,5.11390,5.11364,4.853e-04,0.496,0.374,20026
1055,5.38705,5.11364,4.850e-04,0.504,0.376,20048
1056,5.02386,5.11364,4.848e-04,0.534,0.408,20045
1057,5.04728,5.11364,4.845e-04,0.556,0.447,20047
1058,5.23133,5.11364,4.843e-04,0.521,0.407,20063
1059,5.26739,5.11364,4.840e-04,0.520,0.393,20040
1060,5.10254,5.11364,4.838e-04,0.559,0.443,20031
1061,5.15485,5.11364,4.835e-04,0.555,0.442,19078
1062,5.03676,5.11364,4.833e-04,0.516,0.399,20035
1063,5.30720,5.11364,4.830e-04,0.565,0.437,20050
1064,5.11819,5.11364,4.828e-04,0.648,0.534,20059
1065,5.29353,5.11364,4.825e-04,0.499,0.366,20063
1066,5.05217,5.11364,4.823e-04,0.514,0.394,20023
1067,5.19057,5.11364,4.820e-04,0.522,0.391,20049
1068,5.08446,5.11364,4.818e-04,0.512,0.387,20057
1069,5.20128,5.11364,4.815e-04,0.505,0.371,20002
1070,5.10334,5.11364,4.813e-04,0.506,0.372,20058
1071,5.04859,5.11364,4.810e-04,0.562,0.451,20054
1072,5.05707,5.11364,4.808e-04,0.479,0.348,20024
1073,5.19066,5.11364,4.805e-04,0.565,0.444,20058
1074,5.11485,5.11364,4.803e-04,0.478,0.355,20063
1075,5.17747,5.11364,4.800e-04,0.489,0.363,20019
1076,5.14389,5.11364,4.798e-04,0.514,0.396,20060
1077,5.21911,5.11364,4.795e-04,0.585,0.461,20059
1078,5.09687,5.11364,4.792e-04,0.666,0.452,20025
1079,5.22425,5.11364,4.790e-04,0.521,0.391,20052
1080,5.30225,5.11364,4.787e-04,0.506,0.384,20062
1081,5.25657,5.11364,4.785e-04,0.509,0.381,19057
1082,5.25608,5.11364,4.782e-04,0.514,0.379,20039
1083,5.14808,5.11364,4.780e-04,0.528,0.395,20058
1084,5.11870,5.11364,4.777e-04,0.786,0.675,20023
1085,5.07378,5.11364,4.775e-04,0.618,0.503,20051
1086,4.93770,5.11364,4.772e-04,0.636,0.528,20053
1087,5.09210,5.11364,4.770e-04,0.714,0.609,19987
1088,5.08990,5.11364,4.767e-04,0.527,0.406,20076
1089,5.16455,5.11364,4.765e-04,0.571,0.452,20065
1090,5.26110,5.11364,4.762e-04,0.579,0.450,20015
1091,5.05232,5.11364,4.759e-04,0.508,0.378,20056
1092,5.00024,5.11364,4.757e-04,0.731,0.621,20033
1093,5.24575,5.11364,4.754e-04,0.567,0.420,20068
1094,5.10342,5.11364,4.752e-04,0.583,0.452,20037
1095,5.08873,5.11364,4.749e-04,0.523,0.399,20061
1096,5.07238,5.11364,4.747e-04,0.543,0.416,20065
1097,5.15275,5.11364,4.744e-04,0.502,0.367,20052
1098,5.19556,5.11364,4.742e-04,0.490,0.359,20047
1099,5.04135,5.11364,4.739e-04,0.533,0.399,20060
1100,5.10593,5.11364,4.736e-04,0.540,0.413,20027
1101,5.27770,5.11364,4.734e-04,0.516,0.393,19173
1102,4.92525,5.11364,4.731e-04,0.532,0.402,20055
1103,5.12367,5.11364,4.729e-04,0.624,0.504,20032
1104,5.15135,5.11364,4.726e-04,0.519,0.399,20073
1105,5.19499,5.11364,4.724e-04,0.957,0.842,20074
1106,5.11025,5.11364,4.721e-04,0.593,0.467,20037
1107,5.09144,5.11364,4.718e-04,0.610,0.484,20056
1108,5.04756,5.11364,4.716e-04,0.536,0.411,20049
1109,5.20892,5.11364,4.713e-04,0.564,0.430,20048
1110,5.06728,5.11364,4.711e-04,0.689,0.579,20032
1111,5.17749,5.11364,4.708e-04,0.547,0.408,20056
1112,5.16264,5.11364,4.706e-04,0.528,0.395,20037
1113,5.05553,5.11364,4.703e-04,0.525,0.391,20070
1114,4.88083,5.11364,4.700e-04,0.529,0.393,20057
1115,5.09165,5.11364,4.698e-04,0.539,0.408,20032
1116,5.23739,5.11364,4.695e-04,0.481,0.349,20064
1117,5.23859,5.11364,4.693e-04,0.530,0.397,20057
1118,5.18628,5.11364,4.690e-04,0.517,0.387,19993
1119,5.15827,5.11364,4.687e-04,0.547,0.425,20064
1120,5.09234,5.11364,4.685e-04,0.573,0.452,20040
1121,5.13445,5.11364,4.682e-04,0.564,0.444,18988
1122,5.05792,5.11364,4.680e-04,0.563,0.437,20060
1123,5.21654,5.11364,4.677e-04,0.593,0.483,20063
1124,5.33760,5.11364,4.674e-04,0.657,0.543,20021
1125,5.13284,5.11364,4.672e-04,0.526,0.404,20083
1126,4.96416,5.11364,4.669e-04,0.527,0.404,20071
1127,5.18610,5.11364,4.667e-04,0.545,0.419,20053
1128,5.12393,5.11364,4.664e-04,0.494,0.370,20045
1129,5.14038,5.11364,4.661e-04,0.566,0.436,20050
1130,5.06425,5.11364,4.659e-04,0.514,0.395,20030
1131,5.02071,5.11364,4.656e-04,0.481,0.350,20066
1132,5.00793,5.11364,4.653e-04,0.515,0.391,20056
1133,5.15803,5.11364,4.651e-04,0.536,0.410,20025
1134,5.08241,5.11364,4.648e-04,0.678,0.563,20060
1135,5.03817,5.11364,4.646e-04,0.523,0.395,20045
1136,5.05924,5.11364,4.643e-04,0.481,0.354,20023
1137,5.18736,5.11364,4.640e-04,0.503,0.374,20077
1138,5.07575,5.11364,4.638e-04,0.606,0.490,20052
1139,5.25455,5.11364,4.635e-04,0.491,0.356,20039
1140,5.25447,5.11364,4.632e-04,0.556,0.424,20063
1141,5.17439,5.11364,4.630e-04,0.516,0.387,19021
1142,5.14828,5.11364,4.627e-04,0.532,0.391,20041
1143,5.08507,5.11364,4.625e-04,0.511,0.377,20063
1144,5.34384,5.11364,4.622e-04,0.555,0.406,20051
1145,5.02906,5.11364,4.619e-04,0.578,0.445,20052
1146,5.17027,5.11364,4.617e-04,0.520,0.380,20040
1147,4.86462,5.11364,4.614e-04,0.593,0.485,20036
1148,5.21916,5.11364,4.611e-04,0.602,0.488,20055
1149,5.08119,5.11364,4.609e-04,0.505,0.380,20034
1150,5.15865,5.11364,4.606e-04,0.585,0.474,20052
1151,5.02409,5.11364,4.603e-04,0.566,0.443,20058
1152,5.08153,5.11364,4.601e-04,0.537,0.413,20022
1153,4.96045,5.11364,4.598e-04,0.714,0.600,20047
1154,5.07976,5.11364,4.595e-04,0.524,0.393,20064
1155,5.28934,5.11364,4.593e-04,0.701,0.586,20033
1156,5.10826,5.11364,4.590e-04,0.535,0.407,20074
1157,5.18281,5.11364,4.587e-04,0.654,0.521,20066
1158,5.17159,5.11364,4.585e-04,0.516,0.381,20025
1159,5.17901,5.11364,4.582e-04,0.566,0.452,20066
1160,4.90531,5.11364,4.579e-04,0.522,0.390,20026
1161,5.11395,5.11364,4.577e-04,0.516,0.388,19287
1162,5.07393,5.11364,4.574e-04,0.518,0.387,20034
1163,5.10519,5.11364,4.571e-04,0.590,0.471,20053
1164,5.15258,5.11364,4.569e-04,0.516,0.378,20020
1165,5.13201,5.11364,4.566e-04,0.617,0.498,20044
1166,5.20151,5.11364,4.563e-04,0.565,0.446,20024
1167,5.05145,5.11364,4.561e-04,0.674,0.551,20029
1168,5.15092,5.11364,4.558e-04,0.730,0.618,20068
1169,5.16615,5.11364,4.555e-04,0.551,0.418,20051
1170,5.22088,5.11364,4.553e-04,0.600,0.481,20021
1171,5.00989,5.11364,4.550e-04,0.564,0.447,20064
1172,5.33506,5.11364,4.547e-04,0.658,0.527,20053
1173,5.18664,5.11364,4.545e-04,0.537,0.399,20029
1174,5.16559,5.11364,4.542e-04,0.597,0.461,20061
1175,5.13237,5.11364,4.539e-04,0.509,0.381,20066
1176,5.01254,5.11364,4.537e-04,0.529,0.401,20031
1177,4.98422,5.11364,4.534e-04,0.543,0.411,20068
1178,5.08700,5.11364,4.531e-04,0.529,0.400,20068
1179,4.92637,5.11364,4.528e-04,0.738,0.635,20037
1180,4.99954,5.11364,4.526e-04,0.691,0.568,20056
1181,5.08826,5.11364,4.523e-04,0.524,0.395,19144
1182,4.87205,5.11364,4.520e-04,0.719,0.622,20038
1183,5.22319,5.11364,4.518e-04,0.620,0.502,20072
1184,4.84733,5.11364,4.515e-04,0.631,0.512,20071
1185,4.93694,5.11364,4.512e-04,0.638,0.527,20022
1186,5.27499,5.11364,4.510e-04,0.632,0.505,20058
1187,5.01172,5.11364,4.507e-04,0.557,0.428,20066
1188,4.96102,5.11364,4.504e-04,0.561,0.444,20028
1189,5.00890,5.11364,4.501e-04,0.540,0.411,20069
1190,4.94568,5.11364,4.499e-04,0.590,0.460,20059
1191,5.13114,5.11364,4.496e-04,0.536,0.404,20039
1192,5.12615,5.11364,4.493e-04,0.582,0.469,20081
1193,5.07384,5.11364,4.491e-04,0.544,0.418,20043
1194,4.98455,5.11364,4.488e-04,0.537,0.410,20020
1195,5.20082,5.11364,4.485e-04,0.552,0.427,20063
1196,5.07570,5.11364,4.482e-04,0.526,0.381,20050
1197,5.08096,5.11364,4.480e-04,0.592,0.475,20020
1198,4.87217,5.11364,4.477e-04,0.508,0.383,20014
1199,4.87344,5.11364,4.474e-04,0.627,0.510,20037
1200,5.00471,5.11364,4.471e-04,0.559,0.445,20059
1201,5.05784,5.11364,4.469e-04,0.536,0.417,19025
1202,5.09359,5.11364,4.466e-04,0.529,0.392,20021
1203,5.11777,5.11364,4.463e-04,0.548,0.429,20057
1204,5.08649,5.11364,4.461e-04,0.524,0.402,20034
1205,5.11769,5.11364,4.458e-04,0.522,0.377,20066
1206,5.07878,5.11364,4.455e-04,0.596,0.475,20063
1207,5.09959,5.11364,4.452e-04,0.514,0.382,20028
1208,5.16965,5.11364,4.450e-04,0.562,0.430,20051
1209,4.88734,5.11364,4.447e-04,0.818,0.719,20065
1210,5.31263,5.11364,4.444e-04,0.810,0.696,20036
1211,4.84383,5.11364,4.441e-04,0.512,0.383,20046
1212,5.04552,5.11364,4.439e-04,0.721,0.609,20062
1213,4.95173,5.11364,4.436e-04,0.642,0.528,20027
1214,5.03144,5.11364,4.433e-04,0.546,0.429,20055
1215,4.87092,5.11364,4.430e-04,0.608,0.487,20054
1216,4.98610,5.11364,4.428e-04,0.562,0.428,20010
1217,4.93478,5.11364,4.425e-04,0.551,0.406,20053
1218,5.32880,5.11364,4.422e-04,0.541,0.396,20059
1219,4.94413,5.11364,4.419e-04,0.521,0.400,20024
1220,5.11320,5.11364,4.417e-04,0.590,0.472,20057
1221,5.06035,5.11364,4.414e-04,0.634,0.515,19101
1222,4.87731,5.11364,4.411e-04,0.528,0.402,20029
1223,5.10459,5.11364,4.408e-04,0.564,0.443,20046
1224,4.94398,5.11364,4.406e-04,0.634,0.460,20054
1225,4.92484,5.11364,4.403e-04,0.605,0.497,20027
1226,5.21543,5.11364,4.400e-04,0.606,0.480,20053
1227,5.07939,5.11364,4.397e-04,0.653,0.536,20049
1228,4.83887,5.11364,4.394e-04,0.508,0.376,20025
1229,5.07876,5.11364,4.392e-04,0.667,0.552,20052
1230,4.87462,5.11364,4.389e-04,0.503,0.378,20061
1231,5.08457,5.11364,4.386e-04,0.577,0.439,20015
1232,5.13755,5.11364,4.383e-04,0.506,0.368,20056
1233,5.18481,5.11364,4.381e-04,0.516,0.387,20054
1234,4.92990,5.11364,4.378e-04,0.568,0.441,19992
1235,5.12197,5.11364,4.375e-04,0.520,0.381,20067
1236,5.11068,5.11364,4.372e-04,0.524,0.388,20067
1237,5.22852,5.11364,4.370e-04,0.579,0.454,20058
1238,5.19997,5.11364,4.367e-04,0.568,0.426,20057
1239,5.04712,5.11364,4.364e-04,0.546,0.417,20028
1240,4.79036,5.11364,4.361e-04,0.599,0.482,20052
1241,4.99570,5.11364,4.358e-04,0.512,0.373,18977
1242,5.09802,5.11364,4.356e-04,0.749,0.637,20001
1243,4.97591,5.11364,4.353e-04,0.721,0.605,20061
1244,5.00182,5.11364,4.350e-04,0.559,0.424,20081
1245,5.11488,5.11364,4.347e-04,0.754,0.634,20058
1246,5.13919,5.11364,4.344e-04,0.541,0.404,20063
1247,5.08264,5.11364,4.342e-04,0.882,0.776,20062
1248,4.68707,5.11364,4.339e-04,0.557,0.438,20040
1249,4.95492,5.11364,4.336e-04,0.638,0.524,20066
1250,5.01007,4.94505,4.333e-04,0.499,0.362,6240
1251,5.01890,4.94505,4.330e-04,0.781,0.674,19379
1252,4.98997,4.94505,4.328e-04,0.650,0.540,20042
1253,5.09219,4.94505,4.325e-04,0.555,0.428,20058
1254,4.93000,4.94505,4.322e-04,0.538,0.403,20063
1255,5.11019,4.94505,4.319e-04,0.669,0.558,20028
1256,5.02431,4.94505,4.316e-04,0.544,0.412,20050
1257,5.02333,4.94505,4.314e-04,0.689,0.567,20060
1258,4.73383,4.94505,4.311e-04,0.572,0.451,20005
1259,5.18913,4.94505,4.308e-04,0.565,0.433,20059
1260,4.98922,4.94505,4.305e-04,0.554,0.422,20064
1261,4.91015,4.94505,4.302e-04,0.617,0.504,19306
1262,4.99496,4.94505,4.300e-04,0.603,0.482,20045
1263,5.16595,4.94505,4.297e-04,0.533,0.397,20078
1264,5.07483,4.94505,4.294e-04,0.551,0.424,20012
1265,5.22990,4.94505,4.291e-04,0.535,0.397,20035
1266,5.10950,4.94505,4.288e-04,0.534,0.401,20056
1267,5.15957,4.94505,4.285e-04,0.636,0.514,20020
1268,4.98515,4.94505,4.283e-04,0.510,0.385,20027
1269,5.07707,4.94505,4.280e-04,0.574,0.445,20053
1270,5.09925,4.94505,4.277e-04,0.616,0.489,20030
1271,4.85073,4.94505,4.274e-04,0.854,0.752,20065
1272,4.94175,4.94505,4.271e-04,0.581,0.433,20047
1273,5.05234,4.94505,4.269e-04,0.579,0.449,20007
1274,4.91572,4.94505,4.266e-04,0.582,0.463,20051
1275,4.93042,4.94505,4.263e-04,0.548,0.418,20066
1276,4.98102,4.94505,4.260e-04,0.543,0.425,20021
1277,5.01984,4.94505,4.257e-04,0.571,0.431,20065
1278,4.96328,4.94505,4.254e-04,0.580,0.458,20039
1279,4.95924,4.94505,4.252e-04,0.531,0.396,20043
1280,4.92898,4.94505,4.249e-04,0.591,0.462,20046
1281,4.80246,4.94505,4.246e-04,0.513,0.381,19192
1282,5.01735,4.94505,4.243e-04,0.562,0.431,20044
1283,4.95513,4.94505,4.240e-04,0.592,0.455,20077
1284,5.23546,4.94505,4.237e-04,0.592,0.473,20065
1285,4.77490,4.94505,4.235e-04,0.568,0.439,20029
1286,4.99405,4.94505,4.232e-04,0.586,0.462,20063
1287,4.98903,4.94505,4.229e-04,0.566,0.431,20062
1288,4.96045,4.94505,4.226e-04,0.611,0.484,20012
1289,5.26846,4.94505,4.223e-04,0.588,0.440,20053
1290,5.01791,4.94505,4.220e-04,0.564,0.422,20056
1291,4.95626,4.94505,4.217e-04,0.558,0.418,20040
1292,4.96188,4.94505,4.215e-04,0.770,0.665,20056
1293,5.04930,4.94505,4.212e-04,0.805,0.688,20047
1294,5.03487,4.94505,4.209e-04,0.557,0.410,20029
1295,5.00330,4.94505,4.206e-04,0.631,0.505,20046
1296,4.83417,4.94505,4.203e-04,0.600,0.475,20053
1297,5.12499,4.94505,4.200e-04,0.641,0.515,20032
1298,5.11066,4.94505,4.197e-04,0.544,0.409,20061
1299,5.09460,4.94505,4.195e-04,0.621,0.471,20045
1300,4.98953,4.94505,4.192e-04,0.521,0.379,20035
1301,4.95358,4.94505,4.189e-04,0.550,0.413,19074
1302,5.12205,4.94505,4.186e-04,0.586,0.445,20055
1303,4.82637,4.94505,4.183e-04,0.534,0.411,20065
1304,4.92029,4.94505,4.180e-04,0.606,0.496,20010
1305,4.89652,4.94505,4.177e-04,0.577,0.431,20036
1306,4.98358,4.94505,4.175e-04,0.565,0.420,20058
1307,5.03654,4.94505,4.172e-04,0.550,0.425,20031
1308,4.93299,4.94505,4.169e-04,0.584,0.461,20047
1309,5.23349,4.94505,4.166e-04,0.571,0.401,20061
1310,5.05418,4.94505,4.163e-04,0.515,0.383,20026
1311,4.97797,4.94505,4.160e-04,0.614,0.496,20053
1312,4.93803,4.94505,4.157e-04,0.646,0.527,20055
1313,4.93074,4.94505,4.154e-04,0.816,0.698,20021
1314,4.99064,4.94505,4.152e-04,0.606,0.463,20067
1315,5.08166,4.94505,4.149e-04,0.597,0.459,20062
1316,4.97964,4.94505,4.146e-04,0.539,0.404,20030
1317,5.13327,4.94505,4.143e-04,0.651,0.516,20057
1318,4.95513,4.94505,4.140e-04,0.580,0.448,20045
1319,5.01885,4.94505,4.137e-04,0.638,0.448,20036
1320,5.03369,4.94505,4.134e-04,0.559,0.407,20051
1321,4.90466,4.94505,4.131e-04,0.581,0.443,19034
1322,5.13389,4.94505,4.129e-04,0.636,0.509,20026
1323,4.97242,4.94505,4.126e-04,0.553,0.432,20066
1324,5.19650,4.94505,4.123e-04,0.916,0.814,20062
1325,4.97604,4.94505,4.120e-04,0.917,0.806,20039
1326,4.74279,4.94505,4.117e-04,0.550,0.422,20066
1327,5.03152,4.94505,4.114e-04,0.618,0.476,20051
1328,4.98054,4.94505,4.111e-04,0.562,0.432,20021
1329,4.93147,4.94505,4.108e-04,0.624,0.496,20068
1330,5.04591,4.94505,4.105e-04,0.582,0.419,20048
1331,5.05010,4.94505,4.103e-04,0.628,0.508,20030
1332,4.99415,4.94505,4.100e-04,0.743,0.627,20059
1333,5.07673,4.94505,4.097e-04,0.572,0.451,20039
1334,5.07139,4.94505,4.094e-04,0.544,0.412,20023
1335,5.09366,4.94505,4.091e-04,0.573,0.442,20062
1336,4.82701,4.94505,4.088e-04,0.885,0.787,20064
1337,5.10253,4.94505,4.085e-04,0.594,0.469,19995
1338,5.11538,4.94505,4.082e-04,0.654,0.520,20065
1339,5.05776,4.94505,4.079e-04,0.759,0.651,20067
1340,4.94649,4.94505,4.077e-04,0.616,0.493,20030
1341,4.93860,4.94505,4.074e-04,0.550,0.413,19141
1342,4.97505,4.94505,4.071e-04,0.578,0.444,20041
1343,5.09269,4.94505,4.068e-04,0.642,0.508,20026
1344,4.92801,4.94505,4.065e-04,0.627,0.506,20048
1345,4.99610,4.94505,4.062e-04,0.676,0.558,20062
1346,4.93009,4.94505,4.059e-04,0.616,0.498,20030
1347,4.79909,4.94505,4.056e-04,0.725,0.612,20068
1348,5.03772,4.94505,4.053e-04,0.544,0.410,20049
1349,5.02199,4.94505,4.050e-04,0.813,0.705,20044
1350,5.13508,4.94505,4.047e-04,0.584,0.449,20071
1351,5.08281,4.94505,4.045e-04,0.750,0.641,20078
1352,5.17451,4.94505,4.042e-04,0.563,0.426,20052
1353,4.85105,4.94505,4.039e-04,0.799,0.689,20056
1354,5.00709,4.94505,4.036e-04,0.587,0.451,20063
1355,4.91015,4.94505,4.033e-04,0.767,0.642,20060
1356,5.03060,4.94505,4.030e-04,0.571,0.439,20031
1357,5.11059,4.94505,4.027e-04,0.666,0.548,20066
1358,5.01381,4.94505,4.024e-04,0.574,0.438,20052
1359,5.06270,4.94505,4.021e-04,0.709,0.578,20039
1360,5.10540,4.94505,4.018e-04,0.621,0.470,20055
1361,5.06833,4.94505,4.015e-04,0.613,0.475,18984
1362,5.01572,4.94505,4.012e-04,0.748,0.635,20031
1363,5.00066,4.94505,4.010e-04,0.681,0.558,20077
1364,4.85272,4.94505,4.007e-04,0.732,0.609,20069
1365,4.88896,4.94505,4.004e-04,0.704,0.582,20035
1366,4.67604,4.94505,4.001e-04,0.624,0.496,20062
1367,4.96936,4.94505,3.998e-04,0.606,0.444,20055
1368,5.11820,4.94505,3.995e-04,0.551,0.414,20043
1369,5.00069,4.94505,3.992e-04,0.566,0.430,20062
1370,4.99599,4.94505,3.989e-04,0.566,0.426,20050
1371,4.87355,4.94505,3.986e-04,0.571,0.434,20050
1372,5.12755,4.94505,3.983e-04,0.598,0.449,20050
1373,4.95581,4.94505,3.980e-04,0.588,0.444,20061
1374,4.84793,4.94505,3.977e-04,0.584,0.451,20027
1375,5.04085,4.94505,3.974e-04,0.562,0.429,20066
1376,4.84714,4.94505,3.971e-04,0.550,0.424,20047
1377,5.00427,4.94505,3.969e-04,0.607,0.487,20031
1378,4.96928,4.94505,3.966e-04,0.603,0.456,20023
1379,4.92492,4.94505,3.963e-04,0.617,0.481,20045
1380,5.03815,4.94505,3.960e-04,0.645,0.516,20036
1381,4.92496,4.94505,3.957e-04,0.537,0.407,19175
1382,5.04895,4.94505,3.954e-04,0.578,0.437,20066
1383,4.90351,4.94505,3.951e-04,0.723,0.612,20027
1384,4.86218,4.94505,3.948e-04,0.555,0.420,20081
1385,5.02179,4.94505,3.945e-04,0.707,0.583,20078
1386,4.78609,4.94505,3.942e-04,0.546,0.419,20043
1387,5.04413,4.94505,3.939e-04,0.619,0.478,20070
1388,4.85136,4.94505,3.936e-04,0.652,0.523,20040
1389,5.00344,4.94505,3.933e-04,0.566,0.431,20018
1390,4.78619,4.94505,3.930e-04,0.685,0.562,20066
1391,4.94386,4.94505,3.927e-04,0.582,0.446,20066
1392,4.90738,4.94505,3.924e-04,0.556,0.418,20012
1393,5.07946,4.94505,3.921e-04,0.630,0.501,20051
1394,5.01025,4.94505,3.919e-04,0.626,0.491,20044
1395,4.80464,4.94505,3.916e-04,0.552,0.416,20029
1396,5.19510,4.94505,3.913e-04,0.649,0.514,20070
1397,4.96686,4.94505,3.910e-04,0.566,0.429,20076
1398,4.82380,4.94505,3.907e-04,0.686,0.572,20028
1399,4.73195,4.94505,3.904e-04,0.573,0.447,20066
1400,5.08918,4.94505,3.901e-04,0.594,0.447,20055
1401,4.79824,4.94505,3.898e-04,0.594,0.455,19120
1402,4.81272,4.94505,3.895e-04,0.619,0.483,20076
1403,5.02983,4.94505,3.892e-04,0.517,0.380,20086
1404,4.82468,4.94505,3.889e-04,0.604,0.457,20033
1405,4.93246,4.94505,3.886e-04,0.568,0.427,20071
1406,5.05480,4.94505,3.883e-04,0.614,0.487,20057
1407,4.79082,4.94505,3.880e-04,0.674,0.536,20064
1408,4.95379,4.94505,3.877e-04,0.547,0.408,20029
1409,5.03408,4.94505,3.874e-04,0.610,0.474,20057
1410,4.95456,4.94505,3.871e-04,0.554,0.418,20066
1411,4.94351,4.94505,3.868e-04,0.508,0.369,20032
1412,5.02381,4.94505,3.865e-04,0.805,0.702,20058
1413,4.74106,4.94505,3.862e-04,1.511,1.411,20064
1414,4.83082,4.94505,3.859e-04,0.861,0.751,20028
1415,5.00203,4.94505,3.856e-04,0.821,0.717,20010
1416,4.92674,4.94505,3.853e-04,0.612,0.481,20053
1417,4.89470,4.94505,3.850e-04,0.748,0.630,20038
1418,4.74337,4.94505,3.848e-04,0.643,0.513,20053
1419,4.89429,4.94505,3.845e-04,0.736,0.611,20068
1420,4.91291,4.94505,3.842e-04,0.611,0.476,20014
1421,5.07366,4.94505,3.839e-04,0.834,0.718,19043
1422,4.97162,4.94505,3.836e-04,0.629,0.502,20054
1423,5.03413,4.94505,3.833e-04,0.629,0.484,20041
1424,4.87227,4.94505,3.830e-04,0.605,0.470,20067
1425,4.83656,4.94505,3.827e-04,0.555,0.405,20061
1426,4.97627,4.94505,3.824e-04,0.600,0.463,20019
1427,4.70584,4.94505,3.821e-04,0.583,0.451,20059
1428,4.84990,4.94505,3.818e-04,0.927,0.749,20053
1429,4.82081,4.94505,3.815e-04,0.649,0.520,20025
1430,4.85923,4.94505,3.812e-04,0.575,0.437,20065
1431,4.90372,4.94505,3.809e-04,0.676,0.547,20045
1432,4.87273,4.94505,3.806e-04,0.603,0.464,20027
1433,4.95047,4.94505,3.803e-04,0.721,0.601,20029
1434,4.98541,4.94505,3.800e-04,0.576,0.429,20043
1435,4.86993,4.94505,3.797e-04,0.844,0.737,20020
1436,4.97354,4.94505,3.794e-04,0.737,0.613,20064
1437,4.91261,4.94505,3.791e-04,0.638,0.495,20066
1438,4.76518,4.94505,3.788e-04,0.645,0.519,20022
1439,5.09508,4.94505,3.785e-04,0.642,0.517,20056
1440,4.85750,4.94505,3.782e-04,0.604,0.463,20050
1441,4.98257,4.94505,3.779e-04,0.618,0.490,19134
1442,4.66823,4.94505,3.776e-04,0.577,0.447,20040
1443,5.08016,4.94505,3.773e-04,0.682,0.513,20046
1444,4.81567,4.94505,3.770e-04,0.598,0.462,20016
1445,4.93939,4.94505,3.767e-04,0.632,0.480,20052
1446,4.87473,4.94505,3.764e-04,0.687,0.568,20057
1447,4.95899,4.94505,3.761e-04,0.583,0.446,20015
1448,4.81939,4.94505,3.758e-04,1.065,0.972,20058
1449,4.90391,4.94505,3.755e-04,0.669,0.549,20045
1450,4.96873,4.94505,3.752e-04,0.636,0.504,20034
1451,4.78624,4.94505,3.749e-04,0.582,0.445,20026
1452,4.85527,4.94505,3.746e-04,0.744,0.637,20067
1453,4.91847,4.94505,3.743e-04,0.706,0.582,20005
1454,4.65873,4.94505,3.740e-04,0.721,0.598,20061
1455,4.80607,4.94505,3.737e-04,0.617,0.473,20064
1456,4.81716,4.94505,3.734e-04,0.705,0.586,20008
1457,4.88444,4.94505,3.731e-04,0.615,0.475,20051
1458,4.86757,4.94505,3.728e-04,0.566,0.428,20073
1459,4.72285,4.94505,3.725e-04,0.545,0.399,20054
1460,4.93720,4.94505,3.722e-04,0.568,0.420,20022
1461,5.06324,4.94505,3.719e-04,0.574,0.424,19375
1462,4.82990,4.94505,3.716e-04,0.574,0.448,20039
1463,4.87126,4.94505,3.713e-04,0.645,0.501,19998
1464,4.88080,4.94505,3.710e-04,0.594,0.459,20065
1465,4.81860,4.94505,3.707e-04,0.629,0.502,20040
1466,4.91161,4.94505,3.704e-04,0.661,0.527,20034
1467,4.84553,4.94505,3.701e-04,0.546,0.396,20041
1468,4.96917,4.94505,3.698e-04,0.576,0.419,20047
1469,4.81826,4.94505,3.695e-04,0.701,0.579,20042
1470,4.74352,4.94505,3.692e-04,0.620,0.488,20048
1471,4.98029,4.94505,3.689e-04,0.546,0.392,20054
1472,4.84400,4.94505,3.686e-04,0.564,0.416,20019
1473,5.00398,4.94505,3.683e-04,0.638,0.477,20041
1474,4.80515,4.94505,3.680e-04,0.575,0.439,20039
1475,4.87645,4.94505,3.677e-04,0.829,0.709,20005
1476,4.87725,4.94505,3.674e-04,0.707,0.543,20050
1477,4.88347,4.94505,3.671e-04,0.625,0.487,20069
1478,4.87757,4.94505,3.668e-04,0.642,0.519,20005
1479,4.85702,4.94505,3.665e-04,0.560,0.415,20065
1480,4.76519,4.94505,3.662e-04,0.596,0.470,20048
1481,4.96031,4.94505,3.659e-04,0.541,0.403,18981
1482,4.65957,4.94505,3.656e-04,0.559,0.425,20073
1483,4.92264,4.94505,3.653e-04,0.587,0.450,20073
1484,4.94932,4.94505,3.650e-04,0.556,0.417,20022
1485,4.81448,4.94505,3.647e-04,0.546,0.423,20063
1486,5.01100,4.94505,3.644e-04,0.609,0.471,20070
1487,4.94098,4.94505,3.641e-04,0.563,0.424,20021
1488,5.02349,4.94505,3.638e-04,0.654,0.525,20062
1489,4.69423,4.94505,3.635e-04,0.707,0.586,20067
1490,4.83036,4.94505,3.632e-04,0.806,0.704,20019
1491,4.97820,4.94505,3.629e-04,1.632,1.533,20063
1492,5.03860,4.94505,3.626e-04,0.766,0.648,20052
1493,4.96212,4.94505,3.623e-04,0.990,0.890,20018
1494,4.94334,4.94505,3.620e-04,0.824,0.697,20061
1495,5.09847,4.94505,3.617e-04,0.734,0.620,20039
1496,4.72255,4.94505,3.614e-04,0.739,0.626,20018
1497,4.87185,4.94505,3.611e-04,0.594,0.439,20062
1498,5.01581,4.94505,3.608e-04,0.626,0.494,20081
1499,4.84543,4.94505,3.605e-04,0.621,0.484,20025
1500,4.83187,4.78370,3.602e-04,0.577,0.429,6136
1501,4.98038,4.78370,3.599e-04,0.588,0.446,19389
1502,4.93443,4.78370,3.596e-04,0.568,0.426,20081
1503,4.91905,4.78370,3.593e-04,0.582,0.433,20025
1504,4.84521,4.78370,3.590e-04,0.523,0.386,20077
1505,4.86751,4.78370,3.587e-04,0.581,0.454,20050
1506,4.75866,4.78370,3.584e-04,0.573,0.433,20025
1507,4.83023,4.78370,3.581e-04,0.612,0.489,20061
1508,4.86371,4.78370,3.578e-04,0.642,0.503,20052
1509,4.91786,4.78370,3.575e-04,0.674,0.545,20039
1510,4.95763,4.78370,3.572e-04,0.577,0.423,20075
1511,4.97906,4.78370,3.569e-04,0.612,0.471,20068
1512,4.83718,4.78370,3.566e-04,0.590,0.453,20021
1513,4.90795,4.78370,3.563e-04,0.630,0.472,20052
1514,4.94470,4.78370,3.560e-04,0.559,0.402,20040
1515,4.86059,4.78370,3.557e-04,0.716,0.600,20014
1516,4.89320,4.78370,3.554e-04,0.635,0.490,20066
1517,4.89804,4.78370,3.551e-04,0.628,0.488,20038
1518,4.78633,4.78370,3.548e-04,0.558,0.418,20042
1519,4.78396,4.78370,3.545e-04,0.663,0.544,20062
1520,4.80336,4.78370,3.542e-04,0.543,0.400,20056
1521,4.74318,4.78370,3.539e-04,0.635,0.509,18952
1522,4.78690,4.78370,3.536e-04,0.605,0.465,20036
1523,4.73770,4.78370,3.533e-04,0.654,0.526,20062
1524,4.85356,4.78370,3.530e-04,0.656,0.524,20031
1525,4.83104,4.78370,3.527e-04,0.684,0.557,20057
1526,5.04011,4.78370,3.524e-04,0.628,0.498,20079
1527,4.91180,4.78370,3.521e-04,0.660,0.524,20062
1528,4.91091,4.78370,3.518e-04,0.582,0.445,20046
1529,4.89528,4.78370,3.515e-04,0.703,0.582,20071
1530,5.18280,4.78370,3.512e-04,0.597,0.435,20052
1531,4.86827,4.78370,3.509e-04,0.719,0.593,20045
1532,4.66822,4.78370,3.506e-04,0.618,0.487,20058
1533,4.89412,4.78370,3.503e-04,0.590,0.447,20049
1534,4.87519,4.78370,3.500e-04,0.548,0.411,20023
1535,4.84101,4.78370,3.497e-04,0.612,0.469,20072
1536,4.65919,4.78370,3.494e-04,0.620,0.482,20051
1537,4.84092,4.78370,3.491e-04,0.609,0.465,20029
1538,4.68041,4.78370,3.488e-04,0.691,0.563,20048
1539,4.88753,4.78370,3.485e-04,0.627,0.494,20055
1540,4.75341,4.78370,3.482e-04,0.633,0.503,20030
1541,4.77685,4.78370,3.479e-04,0.608,0.470,19050
1542,4.80824,4.78370,3.476e-04,0.722,0.595,20052
1543,4.78181,4.78370,3.473e-04,0.859,0.736,20039
1544,4.72793,4.78370,3.470e-04,0.656,0.514,20053
1545,4.89155,4.78370,3.467e-04,0.772,0.656,20059
1546,4.95404,4.78370,3.463e-04,0.801,0.682,20039
1547,4.73199,4.78370,3.460e-04,0.633,0.499,20043
1548,4.77929,4.78370,3.457e-04,0.671,0.539,20054
1549,5.03789,4.78370,3.454e-04,0.608,0.480,20031
1550,4.68387,4.78370,3.451e-04,0.676,0.539,20062
1551,4.97375,4.78370,3.448e-04,0.611,0.455,20068
1552,4.96841,4.78370,3.445e-04,0.586,0.435,20019
1553,4.64168,4.78370,3.442e-04,0.614,0.486,20073
1554,4.88682,4.78370,3.439e-04,0.659,0.531,20052
1555,5.00607,4.78370,3.436e-04,0.677,0.509,20037
1556,4.95817,4.78370,3.433e-04,0.676,0.530,20064
1557,4.87877,4.78370,3.430e-04,0.578,0.429,20047
1558,5.17109,4.78370,3.427e-04,0.777,0.640,20019
1559,4.78919,4.78370,3.424e-04,0.575,0.432,20018
1560,4.90905,4.78370,3.421e-04,0.735,0.616,20041
1561,4.97777,4.78370,3.418e-04,0.615,0.469,19095
1562,4.83969,4.78370,3.415e-04,0.652,0.513,20042
1563,4.68324,4.78370,3.412e-04,0.666,0.525,20059
1564,4.59289,4.78370,3.409e-04,0.800,0.676,20011
1565,4.56006,4.78370,3.406e-04,0.617,0.487,20053
1566,4.84428,4.78370,3.403e-04,0.740,0.609,20038
1567,4.96968,4.78370,3.400e-04,0.626,0.461,20010
1568,4.81586,4.78370,3.397e-04,0.585,0.435,20061
1569,4.92840,4.78370,3.394e-04,0.610,0.444,20045
1570,4.82331,4.78370,3.391e-04,0.622,0.485,20047
1571,4.74553,4.78370,3.388e-04,0.628,0.492,20053
1572,4.75207,4.78370,3.385e-04,0.660,0.519,20055
1573,4.59150,4.78370,3.382e-04,0.566,0.422,20017
1574,4.75384,4.78370,3.379e-04,0.586,0.445,20053
1575,4.84479,4.78370,3.376e-04,0.592,0.443,20061
1576,4.78883,4.78370,3.373e-04,0.590,0.450,20031
1577,4.91140,4.78370,3.370e-04,0.579,0.426,20058
1578,4.89869,4.78370,3.367e-04,0.601,0.467,20064
1579,4.71254,4.78370,3.364e-04,0.574,0.443,20038
1580,4.77649,4.78370,3.361e-04,0.743,0.617,20017
1581,4.75249,4.78370,3.358e-04,0.634,0.499,19072
1582,4.81770,4.78370,3.355e-04,0.677,0.557,20055
1583,4.93961,4.78370,3.351e-04,0.603,0.455,20031
1584,4.77147,4.78370,3.348e-04,0.836,0.718,20069
1585,4.93183,4.78370,3.345e-04,0.665,0.512,20041
1586,4.86105,4.78370,3.342e-04,0.705,0.580,20029
1587,4.72398,4.78370,3.339e-04,0.647,0.508,20061
1588,5.12781,4.78370,3.336e-04,0.601,0.454,20061
1589,4.68889,4.78370,3.333e-04,0.684,0.556,20024
1590,4.74373,4.78370,3.330e-04,0.597,0.456,20051
1591,4.75190,4.78370,3.327e-04,0.729,0.602,20051
1592,4.75453,4.78370,3.324e-04,0.564,0.415,20044
1593,4.67819,4.78370,3.321e-04,0.757,0.639,20047
1594,4.91000,4.78370,3.318e-04,0.701,0.500,20033
1595,4.88435,4.78370,3.315e-04,0.727,0.591,20010
1596,4.87080,4.78370,3.312e-04,0.613,0.471,20072
1597,4.90585,4.78370,3.309e-04,0.580,0.436,20062
1598,4.80592,4.78370,3.306e-04,0.553,0.409,20005
1599,4.69732,4.78370,3.303e-04,0.603,0.462,20055
1600,4.77153,4.78370,3.300e-04,0.622,0.478,20051
1601,4.55169,4.78370,3.297e-04,0.650,0.516,19004
1602,4.74748,4.78370,3.294e-04,0.564,0.424,20054
1603,5.04433,4.78370,3.291e-04,0.639,0.505,20068
1604,4.99409,4.78370,3.288e-04,0.630,0.479,20033
1605,4.77832,4.78370,3.285e-04,0.655,0.470,20072
1606,4.94638,4.78370,3.282e-04,0.619,0.465,20054
1607,4.97830,4.78370,3.279e-04,0.615,0.472,20025
1608,4.82201,4.78370,3.276e-04,0.728,0.577,20051
1609,4.79450,4.78370,3.273e-04,0.702,0.566,20072
1610,4.83829,4.78370,3.270e-04,0.579,0.428,20029
1611,4.69678,4.78370,3.267e-04,0.672,0.539,20054
1612,4.69562,4.78370,3.264e-04,0.600,0.462,20052
1613,4.88702,4.78370,3.261e-04,0.569,0.419,20028
1614,4.65787,4.78370,3.258e-04,0.590,0.448,20059
1615,4.75755,4.78370,3.255e-04,0.579,0.440,20067
1616,4.59766,4.78370,3.252e-04,0.710,0.567,20032
1617,4.74799,4.78370,3.249e-04,0.684,0.552,20055
1618,4.75914,4.78370,3.245e-04,0.588,0.454,20047
1619,5.02666,4.78370,3.242e-04,0.608,0.476,20043
1620,4.75398,4.78370,3.239e-04,0.602,0.463,20028
1621,4.81954,4.78370,3.236e-04,0.633,0.498,19046
1622,4.45210,4.78370,3.233e-04,0.614,0.475,20011
1623,4.94470,4.78370,3.230e-04,0.609,0.454,20090
1624,4.67005,4.78370,3.227e-04,0.546,0.402,20063
1625,4.82422,4.78370,3.224e-04,0.584,0.428,20028
1626,5.02980,4.78370,3.221e-04,0.600,0.437,20074
1627,4.71501,4.78370,3.218e-04,0.589,0.449,20056
1628,4.73484,4.78370,3.215e-04,0.598,0.442,19996
1629,4.82516,4.78370,3.212e-04,0.594,0.434,20056
1630,4.70319,4.78370,3.209e-04,0.631,0.495,20050
1631,4.80720,4.78370,3.206e-04,0.599,0.456,20023
1632,4.68511,4.78370,3.203e-04,0.642,0.490,20037
1633,4.79366,4.78370,3.200e-04,0.594,0.446,20057
1634,4.80449,4.78370,3.197e-04,0.645,0.510,20065
1635,4.76395,4.78370,3.194e-04,0.599,0.453,20018
1636,4.52418,4.78370,3.191e-04,0.603,0.457,20061
1637,4.91276,4.78370,3.188e-04,0.590,0.441,20000
1638,4.67607,4.78370,3.185e-04,0.588,0.442,20047
1639,4.93066,4.78370,3.182e-04,0.832,0.671,20061
1640,4.87504,4.78370,3.179e-04,0.571,0.426,20063
1641,4.82928,4.78370,3.176e-04,0.698,0.545,18972
1642,4.63594,4.78370,3.173e-04,0.608,0.455,20059
1643,4.71054,4.78370,3.170e-04,0.561,0.420,20060
1644,4.76848,4.78370,3.167e-04,0.864,0.750,20023
1645,4.81548,4.78370,3.164e-04,0.625,0.468,20083
1646,4.69298,4.78370,3.161e-04,0.574,0.433,20063
1647,4.89351,4.78370,3.158e-04,0.752,0.602,20056
1648,4.78070,4.78370,3.155e-04,0.612,0.460,20069
1649,4.70163,4.78370,3.152e-04,0.616,0.479,20070
1650,4.88423,4.78370,3.149e-04,0.577,0.429,20004
1651,4.84466,4.78370,3.146e-04,0.939,0.829,20063
1652,4.66485,4.78370,3.143e-04,0.844,0.731,20050
1653,4.82104,4.78370,3.140e-04,0.614,0.480,20051
1654,4.78422,4.78370,3.137e-04,0.691,0.555,20056
1655,4.71481,4.78370,3.133e-04,0.793,0.675,20064
1656,4.74552,4.78370,3.130e-04,0.767,0.637,20022
1657,4.89159,4.78370,3.127e-04,0.648,0.515,20059
1658,4.69400,4.78370,3.124e-04,0.603,0.462,20047
1659,4.63257,4.78370,3.121e-04,0.803,0.684,20023
1660,4.79406,4.78370,3.118e-04,0.639,0.493,20056
1661,4.95917,4.78370,3.115e-04,0.707,0.582,19050
1662,4.73536,4.78370,3.112e-04,0.570,0.428,20018
1663,4.94914,4.78370,3.109e-04,0.959,0.844,20057
1664,4.81089,4.78370,3.106e-04,0.667,0.520,20061
1665,4.66945,4.78370,3.103e-04,0.886,0.766,20038
1666,4.89021,4.78370,3.100e-04,0.616,0.467,20053
1667,4.78896,4.78370,3.097e-04,0.994,0.870,20047
1668,4.90429,4.78370,3.094e-04,0.560,0.413,20028
1669,4.83092,4.78370,3.091e-04,0.721,0.568,20051
1670,4.81998,4.78370,3.088e-04,0.691,0.543,20060
1671,4.69488,4.78370,3.085e-04,0.606,0.445,20031
1672,4.86638,4.78370,3.082e-04,1.068,0.952,20052
1673,4.86651,4.78370,3.079e-04,0.635,0.491,20050
1674,4.81127,4.78370,3.076e-04,0.733,0.587,19998
1675,4.60715,4.78370,3.073e-04,0.598,0.452,20066
1676,4.77001,4.78370,3.070e-04,0.614,0.462,20053
1677,4.82431,4.78370,3.067e-04,0.665,0.531,20017
1678,4.74069,4.78370,3.064e-04,0.585,0.435,20069
1679,4.67729,4.78370,3.061e-04,0.670,0.533,20065
1680,4.77606,4.78370,3.058e-04,0.570,0.421,20008
1681,4.69369,4.78370,3.055e-04,0.680,0.530,19050
1682,4.70263,4.78370,3.052e-04,0.634,0.477,20059
1683,4.81925,4.78370,3.049e-04,0.735,0.583,20050
1684,4.76890,4.78370,3.046e-04,0.662,0.508,20077
1685,4.69983,4.78370,3.043e-04,0.740,0.618,20049
1686,4.88192,4.78370,3.040e-04,0.595,0.449,20052
1687,4.85845,4.78370,3.037e-04,0.702,0.567,20029
1688,4.71313,4.78370,3.034e-04,0.606,0.460,20061
1689,4.74175,4.78370,3.031e-04,0.628,0.471,20054
1690,4.75026,4.78370,3.028e-04,0.663,0.518,20027
1691,4.76415,4.78370,3.025e-04,0.638,0.488,20057
1692,4.79463,4.78370,3.022e-04,0.636,0.486,20054
1693,4.77321,4.78370,3.019e-04,0.608,0.472,20034
1694,4.65226,4.78370,3.016e-04,0.648,0.495,20062
1695,4.74527,4.78370,3.013e-04,0.612,0.479,20061
1696,4.71759,4.78370,3.010e-04,0.597,0.446,20027
1697,4.65123,4.78370,3.007e-04,0.627,0.468,20066
1698,4.92687,4.78370,3.004e-04,0.585,0.427,20042
1699,4.87722,4.78370,3.001e-04,0.607,0.462,20033
1700,4.78539,4.78370,2.998e-04,0.553,0.408,20054
1701,4.70588,4.78370,2.995e-04,0.641,0.499,19151
1702,4.83605,4.78370,2.992e-04,0.602,0.455,20029
1703,4.74399,4.78370,2.989e-04,0.607,0.458,20041
1704,4.74590,4.78370,2.986e-04,0.694,0.568,20077
1705,4.95888,4.78370,2.983e-04,0.629,0.479,19996
1706,4.65589,4.78370,2.980e-04,0.637,0.509,20070
1707,4.64383,4.78370,2.977e-04,0.596,0.446,20091
1708,4.95299,4.78370,2.974e-04,0.730,0.600,20049
1709,4.84265,4.78370,2.971e-04,0.635,0.486,20065
1710,4.77020,4.78370,2.968e-04,0.803,0.670,20056
1711,4.78220,4.78370,2.965e-04,0.563,0.418,20025
1712,4.95790,4.78370,2.962e-04,0.741,0.614,20069
1713,4.65704,4.78370,2.959e-04,0.615,0.459,20055
1714,4.61629,4.78370,2.956e-04,0.739,0.607,20028
1715,4.82146,4.78370,2.953e-04,0.647,0.487,20063
1716,4.66036,4.78370,2.950e-04,0.603,0.455,20044
1717,4.84072,4.78370,2.947e-04,0.563,0.413,20042
1718,4.57639,4.78370,2.944e-04,0.604,0.462,20040
1719,4.87018,4.78370,2.941e-04,0.646,0.482,20051
1720,4.76153,4.78370,2.938e-04,0.656,0.523,20030
1721,4.67002,4.78370,2.935e-04,0.610,0.469,19013
1722,4.88613,4.78370,2.932e-04,0.718,0.594,20068
1723,5.01120,4.78370,2.929e-04,0.622,0.459,20014
1724,4.73004,4.78370,2.926e-04,0.660,0.510,20075
1725,4.77550,4.78370,2.923e-04,0.666,0.521,20073
1726,4.75797,4.78370,2.920e-04,0.719,0.592,20032
1727,4.73890,4.78370,2.917e-04,0.657,0.521,20064
1728,4.78188,4.78370,2.914e-04,0.700,0.568,20049
1729,4.64262,4.78370,2.911e-04,0.655,0.514,20043
1730,4.65728,4.78370,2.908e-04,0.745,0.604,20051
1731,4.87885,4.78370,2.905e-04,0.678,0.543,20062
1732,4.79097,4.78370,2.902e-04,0.965,0.836,20020
1733,4.87221,4.78370,2.899e-04,0.648,0.492,20052
1734,4.73638,4.78370,2.896e-04,0.654,0.505,20057
1735,4.82764,4.78370,2.893e-04,0.624,0.448,20033
1736,4.59009,4.78370,2.890e-04,0.620,0.468,20056
1737,4.59990,4.78370,2.887e-04,0.645,0.490,20049
1738,4.71128,4.78370,2.884e-04,0.654,0.501,20043
1739,4.78491,4.78370,2.881e-04,0.602,0.439,20028
1740,4.72393,4.78370,2.878e-04,0.734,0.596,20075
1741,4.60188,4.78370,2.875e-04,0.746,0.622,18969
1742,4.64783,4.78370,2.872e-04,0.660,0.505,19936
1743,4.91610,4.78370,2.869e-04,0.625,0.473,20026
1744,4.94340,4.78370,2.866e-04,0.604,0.447,20050
1745,4.80758,4.78370,2.863e-04,0.753,0.620,20035
1746,4.77255,4.78370,2.860e-04,0.638,0.503,20054
1747,4.56596,4.78370,2.857e-04,0.714,0.567,20040
1748,4.96149,4.78370,2.854e-04,0.812,0.676,20043
1749,4.69220,4.78370,2.851e-04,0.629,0.492,20047
1750,4.55054,4.64863,2.848e-04,0.719,0.586,6241
1751,4.79498,4.64863,2.845e-04,0.705,0.567,19318
1752,4.58516,4.64863,2.842e-04,0.671,0.516,20006
1753,4.61426,4.64863,2.839e-04,0.700,0.568,20065
1754,4.58704,4.64863,2.836e-04,0.664,0.528,20071
1755,4.66360,4.64863,2.833e-04,0.728,0.605,20041
1756,4.52817,4.64863,2.830e-04,0.691,0.544,20073
1757,4.72956,4.64863,2.827e-04,0.722,0.582,20077
1758,4.88243,4.64863,2.824e-04,0.974,0.845,20045
1759,4.68115,4.64863,2.821e-04,0.695,0.550,20082
1760,4.68652,4.64863,2.818e-04,0.664,0.498,20043
1761,4.62410,4.64863,2.815e-04,0.643,0.494,19039
1762,4.80705,4.64863,2.812e-04,0.799,0.673,20062
1763,4.54595,4.64863,2.809e-04,0.675,0.479,20064
1764,4.60020,4.64863,2.806e-04,0.898,0.776,20020
1765,4.77065,4.64863,2.803e-04,0.690,0.544,20059
1766,4.61442,4.64863,2.800e-04,0.722,0.576,20059
1767,4.62615,4.64863,2.797e-04,0.602,0.452,20023
1768,4.66829,4.64863,2.794e-04,0.746,0.602,20063
1769,4.89018,4.64863,2.791e-04,0.599,0.443,20042
1770,4.95343,4.64863,2.788e-04,0.658,0.508,20040
1771,4.67812,4.64863,2.785e-04,0.603,0.463,20073
1772,4.63456,4.64863,2.782e-04,0.691,0.547,20052
1773,4.76607,4.64863,2.779e-04,0.615,0.458,20012
1774,4.61350,4.64863,2.776e-04,0.707,0.575,20044
1775,4.52339,4.64863,2.773e-04,0.681,0.517,20076
1776,4.84192,4.64863,2.770e-04,0.655,0.487,20016
1777,4.87548,4.64863,2.767e-04,0.618,0.468,20054
1778,4.93261,4.64863,2.764e-04,0.676,0.523,20049
1779,5.04138,4.64863,2.761e-04,0.658,0.499,20021
1780,4.82949,4.64863,2.758e-04,0.740,0.587,20079
1781,4.71091,4.64863,2.755e-04,0.749,0.621,19151
1782,4.69718,4.64863,2.752e-04,0.961,0.848,20043
1783,4.83789,4.64863,2.750e-04,0.651,0.503,20088
1784,4.71659,4.64863,2.747e-04,0.754,0.620,20066
1785,4.61533,4.64863,2.744e-04,0.668,0.523,20042
1786,4.72501,4.64863,2.741e-04,0.799,0.671,20070
1787,4.51115,4.64863,2.738e-04,0.639,0.482,20051
1788,4.62907,4.64863,2.735e-04,0.640,0.502,20040
1789,4.52663,4.64863,2.732e-04,0.646,0.500,20051
1790,4.70720,4.64863,2.729e-04,0.669,0.523,20051
1791,4.68515,4.64863,2.726e-04,0.656,0.518,20013
1792,4.83044,4.64863,2.723e-04,0.598,0.458,20051
1793,4.73360,4.64863,2.720e-04,0.615,0.471,20062
1794,4.71768,4.64863,2.717e-04,0.718,0.550,20035
1795,4.87227,4.64863,2.714e-04,0.768,0.631,20045
1796,4.82254,4.64863,2.711e-04,0.595,0.443,20072
1797,4.65615,4.64863,2.708e-04,0.627,0.473,20004
1798,4.67632,4.64863,2.705e-04,0.638,0.497,20050
1799,4.89852,4.64863,2.702e-04,0.590,0.444,20050
1800,4.71717,4.64863,2.699e-04,0.665,0.534,20014
1801,4.65584,4.64863,2.696e-04,0.620,0.473,19006
1802,4.88977,4.64863,2.693e-04,0.784,0.629,20022
1803,4.45486,4.64863,2.690e-04,0.675,0.535,20055
1804,4.79169,4.64863,2.687e-04,0.682,0.547,19997
1805,4.52021,4.64863,2.684e-04,0.697,0.549,20055
1806,4.73466,4.64863,2.681e-04,0.691,0.555,20045
1807,4.66999,4.64863,2.679e-04,0.616,0.472,20014
1808,4.83801,4.64863,2.676e-04,0.587,0.436,20057
1809,4.71002,4.64863,2.673e-04,0.883,0.769,20056
1810,4.62888,4.64863,2.670e-04,0.682,0.530,20024
1811,4.81210,4.64863,2.667e-04,0.714,0.579,20054
1812,4.75639,4.64863,2.664e-04,0.626,0.465,20036
1813,4.89304,4.64863,2.661e-04,0.601,0.450,20010
1814,4.53824,4.64863,2.658e-04,0.685,0.533,20048
1815,4.84444,4.64863,2.655e-04,0.642,0.483,20075
1816,4.65972,4.64863,2.652e-04,0.715,0.575,20024
1817,4.70177,4.64863,2.649e-04,0.639,0.490,20046
1818,4.69988,4.64863,2.646e-04,0.661,0.510,20041
1819,4.81014,4.64863,2.643e-04,0.627,0.473,20020
1820,4.59620,4.64863,2.640e-04,0.699,0.547,20061
1821,4.82398,4.64863,2.637e-04,0.760,0.614,18995
1822,4.59223,4.64863,2.634e-04,0.667,0.534,20028
1823,4.46306,4.64863,2.631e-04,0.640,0.508,20066
1824,4.84799,4.64863,2.629e-04,0.656,0.512,20079
1825,4.61518,4.64863,2.626e-04,0.810,0.685,20044
1826,4.61114,4.64863,2.623e-04,0.665,0.511,20066
1827,4.80240,4.64863,2.620e-04,0.726,0.586,20056
1828,4.73613,4.64863,2.617e-04,0.631,0.471,20032
1829,4.79526,4.64863,2.614e-04,0.684,0.521,20080
1830,4.31630,4.64863,2.611e-04,0.677,0.533,20066
1831,4.67261,4.64863,2.608e-04,0.595,0.439,20018
1832,4.49030,4.64863,2.605e-04,0.663,0.502,20049
1833,4.60164,4.64863,2.602e-04,0.594,0.450,20066
1834,4.71230,4.64863,2.599e-04,0.617,0.468,20042
1835,4.66241,4.64863,2.596e-04,0.659,0.518,20048
1836,4.65437,4.64863,2.593e-04,0.609,0.458,20053
1837,4.67055,4.64863,2.590e-04,0.818,0.691,20030
1838,4.55241,4.64863,2.588e-04,0.628,0.481,20053
1839,4.41339,4.64863,2.585e-04,0.733,0.604,20069
1840,4.75331,4.64863,2.582e-04,0.640,0.481,20003
1841,4.83197,4.64863,2.579e-04,0.676,0.529,19172
1842,4.65953,4.64863,2.576e-04,0.628,0.485,20071
1843,4.68020,4.64863,2.573e-04,0.640,0.483,20066
1844,4.91506,4.64863,2.570e-04,0.672,0.522,20060
1845,4.87081,4.64863,2.567e-04,0.659,0.507,20065
1846,4.60396,4.64863,2.564e-04,0.718,0.573,20031
1847,4.61491,4.64863,2.561e-04,0.718,0.569,20082
1848,4.86653,4.64863,2.558e-04,0.704,0.569,20061
1849,4.80828,4.64863,2.555e-04,0.647,0.497,20020
1850,4.80957,4.64863,2.553e-04,0.734,0.577,20042
1851,4.69252,4.64863,2.550e-04,0.703,0.536,20048
1852,4.62425,4.64863,2.547e-04,0.697,0.545,20021
1853,4.82075,4.64863,2.544e-04,0.604,0.454,20066
1854,4.55032,4.64863,2.541e-04,0.694,0.560,20048
1855,4.49340,4.64863,2.538e-04,0.619,0.466,20059
1856,4.86916,4.64863,2.535e-04,0.663,0.505,20022
1857,4.69066,4.64863,2.532e-04,0.641,0.476,20052
1858,4.77791,4.64863,2.529e-04,0.598,0.442,20056
1859,4.77375,4.64863,2.526e-04,0.727,0.559,20022
1860,4.81695,4.64863,2.523e-04,0.618,0.454,20044
1861,4.70780,4.64863,2.521e-04,0.636,0.483,19216
1862,4.65323,4.64863,2.518e-04,0.676,0.526,20036
1863,4.74031,4.64863,2.515e-04,0.677,0.508,20064
1864,4.76673,4.64863,2.512e-04,0.739,0.576,20070
1865,4.71705,4.64863,2.509e-04,0.612,0.453,20028
1866,4.64188,4.64863,2.506e-04,0.706,0.565,20066
1867,4.72493,4.64863,2.503e-04,0.589,0.433,20043
1868,4.78548,4.64863,2.500e-04,0.746,0.606,20019
1869,4.77306,4.64863,2.497e-04,0.649,0.463,20062
1870,4.62993,4.64863,2.495e-04,0.858,0.731,20057
1871,4.60420,4.64863,2.492e-04,0.684,0.515,20006
1872,4.64895,4.64863,2.489e-04,1.053,0.942,20070
1873,4.64126,4.64863,2.486e-04,0.677,0.521,20050
1874,4.69264,4.64863,2.483e-04,0.942,0.814,20045
1875,4.65967,4.64863,2.480e-04,0.677,0.525,20042
1876,4.84423,4.64863,2.477e-04,0.671,0.510,20055
1877,4.53523,4.64863,2.474e-04,0.820,0.693,20026
1878,4.38908,4.64863,2.471e-04,0.626,0.460,20049
1879,4.63726,4.64863,2.469e-04,0.775,0.645,20077
1880,4.92976,4.64863,2.466e-04,0.879,0.735,20023
1881,4.56868,4.64863,2.463e-04,0.829,0.714,19165
1882,4.75852,4.64863,2.460e-04,0.743,0.615,20047
1883,4.67320,4.64863,2.457e-04,0.653,0.511,20039
1884,4.53208,4.64863,2.454e-04,0.723,0.584,20052
1885,4.65932,4.64863,2.451e-04,0.711,0.551,20057
1886,4.61092,4.64863,2.448e-04,0.673,0.528,19954
1887,4.68899,4.64863,2.446e-04,0.661,0.523,20055
1888,4.69877,4.64863,2.443e-04,0.631,0.469,20062
1889,4.70051,4.64863,2.440e-04,0.631,0.474,20020
1890,4.74920,4.64863,2.437e-04,0.651,0.504,20045
1891,4.78882,4.64863,2.434e-04,0.851,0.546,20030
1892,4.68665,4.64863,2.431e-04,0.737,0.578,20017
1893,4.60992,4.64863,2.428e-04,0.694,0.545,20050
1894,4.63719,4.64863,2.425e-04,0.621,0.467,20055
1895,4.65007,4.64863,2.423e-04,0.770,0.627,20035
1896,4.48578,4.64863,2.420e-04,0.694,0.512,20048
1897,4.65445,4.64863,2.417e-04,0.664,0.518,20068
1898,4.67362,4.64863,2.414e-04,0.803,0.678,20028
1899,4.66967,4.64863,2.411e-04,0.655,0.496,20051
1900,4.69436,4.64863,2.408e-04,0.776,0.649,20063
1901,4.46308,4.64863,2.405e-04,0.648,0.499,19097
1902,4.89449,4.64863,2.403e-04,0.638,0.474,20048
1903,4.88259,4.64863,2.400e-04,0.632,0.479,20041
1904,4.82395,4.64863,2.397e-04,0.623,0.462,20027
1905,4.42583,4.64863,2.394e-04,0.676,0.502,20050
1906,4.82453,4.64863,2.391e-04,0.646,0.491,20052
1907,4.56565,4.64863,2.388e-04,0.623,0.464,19992
1908,4.68169,4.64863,2.385e-04,0.672,0.498,20050
1909,4.60430,4.64863,2.383e-04,0.599,0.437,20068
1910,4.70774,4.64863,2.380e-04,0.595,0.437,20059
1911,4.64608,4.64863,2.377e-04,0.620,0.470,20023
1912,4.61296,4.64863,2.374e-04,0.640,0.485,20063
1913,4.69385,4.64863,2.371e-04,0.650,0.501,20050
1914,4.41292,4.64863,2.368e-04,0.661,0.497,20009
1915,4.71994,4.64863,2.365e-04,0.589,0.441,20057
1916,4.62975,4.64863,2.363e-04,0.629,0.479,20051
1917,4.79700,4.64863,2.360e-04,0.667,0.504,20044
1918,4.78222,4.64863,2.357e-04,0.644,0.500,20058
1919,4.63466,4.64863,2.354e-04,0.608,0.448,20045
1920,4.57432,4.64863,2.351e-04,0.660,0.497,20016
1921,4.61677,4.64863,2.348e-04,0.618,0.467,19168
1922,4.53938,4.64863,2.346e-04,0.610,0.462,20071
1923,4.64621,4.64863,2.343e-04,0.662,0.500,19977
1924,4.46547,4.64863,2.340e-04,0.616,0.475,20043
1925,4.69557,4.64863,2.337e-04,0.688,0.541,20072
1926,4.67732,4.64863,2.334e-04,0.613,0.465,20027
1927,4.63990,4.64863,2.331e-04,0.650,0.497,20072
1928,4.74595,4.64863,2.329e-04,0.679,0.522,20018
1929,4.76127,4.64863,2.326e-04,0.653,0.496,20031
1930,4.62417,4.64863,2.323e-04,0.688,0.548,20043
1931,4.68562,4.64863,2.320e-04,0.623,0.459,20050
1932,4.67711,4.64863,2.317e-04,0.610,0.459,20025
1933,4.38488,4.64863,2.315e-04,0.665,0.516,20052
1934,4.65292,4.64863,2.312e-04,0.617,0.465,20040
1935,4.40543,4.64863,2.309e-04,0.692,0.541,20045
1936,4.83652,4.64863,2.306e-04,0.608,0.442,20050
1937,4.60251,4.64863,2.303e-04,0.677,0.517,20049
1938,4.62763,4.64863,2.300e-04,0.674,0.520,20007
1939,4.73234,4.64863,2.298e-04,0.681,0.538,20054
1940,4.74733,4.64863,2.295e-04,0.711,0.564,20051
1941,4.56419,4.64863,2.292e-04,0.711,0.570,18960
1942,4.61912,4.64863,2.289e-04,0.730,0.593,20057
1943,4.59254,4.64863,2.286e-04,0.618,0.455,20074
1944,4.81315,4.64863,2.284e-04,0.759,0.633,20039
1945,4.74971,4.64863,2.281e-04,0.610,0.451,20061
1946,4.53922,4.64863,2.278e-04,0.619,0.467,20066
1947,4.57502,4.64863,2.275e-04,0.709,0.568,20039
1948,4.49475,4.64863,2.272e-04,0.624,0.467,20072
1949,4.44221,4.64863,2.270e-04,0.662,0.512,20056
1950,4.87865,4.64863,2.267e-04,0.697,0.538,20022
1951,4.74088,4.64863,2.264e-04,0.652,0.489,20056
1952,4.45573,4.64863,2.261e-04,0.652,0.492,20044
1953,4.52318,4.64863,2.258e-04,0.712,0.566,20029
1954,4.66095,4.64863,2.256e-04,0.653,0.490,20065
1955,4.58421,4.64863,2.253e-04,0.685,0.536,20054
1956,4.59722,4.64863,2.250e-04,0.633,0.478,20027
1957,4.50066,4.64863,2.247e-04,0.653,0.505,20051
1958,4.70915,4.64863,2.244e-04,0.677,0.508,20051
1959,4.51764,4.64863,2.242e-04,0.622,0.465,20025
1960,4.74462,4.64863,2.239e-04,0.657,0.487,20054
1961,4.65303,4.64863,2.236e-04,0.725,0.586,19066
1962,4.74240,4.64863,2.233e-04,0.686,0.551,20003
1963,4.63420,4.64863,2.230e-04,0.668,0.506,20055
1964,4.52921,4.64863,2.228e-04,0.647,0.485,20048
1965,4.69779,4.64863,2.225e-04,0.667,0.506,20038
1966,4.64191,4.64863,2.222e-04,0.643,0.489,20034
1967,4.66401,4.64863,2.219e-04,0.641,0.486,20058
1968,4.59957,4.64863,2.217e-04,0.641,0.479,20052
1969,4.48356,4.64863,2.214e-04,0.628,0.470,20034
1970,4.62006,4.64863,2.211e-04,0.627,0.478,20063
1971,4.68891,4.64863,2.208e-04,0.627,0.469,20070
1972,4.55572,4.64863,2.206e-04,0.657,0.505,20028
1973,4.65298,4.64863,2.203e-04,0.637,0.476,20051
1974,4.64890,4.64863,2.200e-04,0.667,0.514,20041
1975,4.60836,4.64863,2.197e-04,0.684,0.522,20017
1976,4.72303,4.64863,2.194e-04,0.685,0.520,20054
1977,4.47344,4.64863,2.192e-04,0.656,0.497,20049
1978,4.62702,4.64863,2.189e-04,0.646,0.482,20041
1979,4.79115,4.64863,2.186e-04,0.678,0.506,20053
1980,4.63872,4.64863,2.183e-04,0.671,0.520,20057
1981,4.57223,4.64863,2.181e-04,0.643,0.488,19085
1982,4.59085,4.64863,2.178e-04,0.668,0.498,20022
1983,4.75157,4.64863,2.175e-04,0.769,0.561,20048
1984,4.44043,4.64863,2.172e-04,0.695,0.554,20011
1985,4.77825,4.64863,2.170e-04,0.675,0.524,20060
1986,4.56720,4.64863,2.167e-04,0.736,0.596,20051
1987,4.43873,4.64863,2.164e-04,0.640,0.491,20014
1988,4.52592,4.64863,2.161e-04,0.640,0.496,20059
1989,4.74423,4.64863,2.159e-04,0.718,0.527,20056
1990,4.43766,4.64863,2.156e-04,0.695,0.552,20022
1991,4.70071,4.64863,2.153e-04,0.620,0.458,20062
1992,4.54494,4.64863,2.150e-04,0.669,0.497,20059
1993,4.72383,4.64863,2.148e-04,0.636,0.477,20020
1994,4.61622,4.64863,2.145e-04,0.618,0.451,20050
1995,4.71782,4.64863,2.142e-04,0.614,0.455,20061
1996,4.59838,4.64863,2.139e-04,0.695,0.552,20000
1997,4.67242,4.64863,2.137e-04,0.661,0.493,20047
1998,4.78378,4.64863,2.134e-04,0.649,0.494,20044
1999,4.47070,4.64863,2.131e-04,0.691,0.541,20054
2000,4.57389,4.53334,2.129e-04,0.715,0.563,6132
2001,4.76042,4.53334,2.126e-04,0.749,0.608,19426
2002,4.54901,4.53334,2.123e-04,0.707,0.557,20051
2003,4.64069,4.53334,2.120e-04,0.696,0.547,20045
2004,4.58583,4.53334,2.118e-04,0.623,0.460,20079
2005,4.58772,4.53334,2.115e-04,0.694,0.542,20062
2006,4.55827,4.53334,2.112e-04,0.676,0.515,20040
2007,4.46877,4.53334,2.109e-04,0.818,0.686,20053
2008,4.60050,4.53334,2.107e-04,0.668,0.499,20060
2009,4.63923,4.53334,2.104e-04,0.781,0.640,20032
2010,4.64559,4.53334,2.101e-04,0.616,0.448,20069
2011,4.58103,4.53334,2.099e-04,0.826,0.709,20052
2012,4.86015,4.53334,2.096e-04,0.612,0.451,20026
2013,4.59604,4.53334,2.093e-04,0.640,0.492,20068
2014,4.55765,4.53334,2.090e-04,0.730,0.580,20061
2015,4.61392,4.53334,2.088e-04,0.641,0.489,20027
2016,4.34214,4.53334,2.085e-04,0.829,0.696,20061
2017,4.53382,4.53334,2.082e-04,0.635,0.480,20052
2018,4.29489,4.53334,2.080e-04,0.760,0.604,19998
2019,4.54737,4.53334,2.077e-04,0.695,0.524,20052
2020,4.51732,4.53334,2.074e-04,0.656,0.492,20075
2021,4.72113,4.53334,2.072e-04,0.677,0.530,19080
2022,4.50779,4.53334,2.069e-04,0.642,0.483,20061
2023,4.60831,4.53334,2.066e-04,0.651,0.497,20048
2024,4.57034,4.53334,2.063e-04,0.649,0.494,20031
2025,4.63912,4.53334,2.061e-04,0.729,0.577,20052
2026,4.61482,4.53334,2.058e-04,0.686,0.513,20072
2027,4.74216,4.53334,2.055e-04,0.661,0.522,20048
2028,4.70474,4.53334,2.053e-04,0.626,0.458,20051
2029,5.00632,4.53334,2.050e-04,0.623,0.465,20054
2030,4.68853,4.53334,2.047e-04,0.681,0.520,20020
2031,4.59257,4.53334,2.045e-04,0.757,0.620,20017
2032,4.73217,4.53334,2.042e-04,0.616,0.457,20048
2033,4.57340,4.53334,2.039e-04,0.724,0.587,20041
2034,4.72608,4.53334,2.037e-04,0.690,0.528,20014
2035,4.86027,4.53334,2.034e-04,0.682,0.528,20026
2036,4.40582,4.53334,2.031e-04,0.823,0.702,20068
2037,4.58851,4.53334,2.029e-04,0.730,0.583,20031
2038,4.41231,4.53334,2.026e-04,0.768,0.617,20051
2039,4.61385,4.53334,2.023e-04,0.759,0.613,20061
2040,4.69724,4.53334,2.021e-04,0.863,0.714,20015
2041,4.70643,4.53334,2.018e-04,0.794,0.655,19179
2042,4.53309,4.53334,2.015e-04,0.746,0.592,20071
2043,4.62448,4.53334,2.013e-04,0.655,0.493,20052
2044,4.53769,4.53334,2.010e-04,0.734,0.582,20059
2045,4.59539,4.53334,2.007e-04,0.665,0.511,20068
2046,4.64863,4.53334,2.005e-04,0.780,0.626,20048
2047,4.81598,4.53334,2.002e-04,0.745,0.608,20065
2048,4.30901,4.53334,1.999e-04,0.674,0.517,20052
2049,4.46417,4.53334,1.997e-04,0.781,0.644,20051
2050,4.59162,4.53334,1.994e-04,0.635,0.475,20052
2051,4.62609,4.53334,1.991e-04,0.714,0.555,20042
2052,4.83369,4.53334,1.989e-04,0.615,0.464,20021
2053,4.58574,4.53334,1.986e-04,0.684,0.530,20048
2054,4.61147,4.53334,1.983e-04,0.791,0.654,20057
2055,4.73205,4.53334,1.981e-04,0.638,0.477,20047
2056,4.69020,4.53334,1.978e-04,0.687,0.537,20048
2057,4.63788,4.53334,1.975e-04,0.735,0.588,20052
2058,4.62686,4.53334,1.973e-04,0.639,0.466,20024
2059,4.76274,4.53334,1.970e-04,0.638,0.471,20071
2060,4.60247,4.53334,1.968e-04,0.633,0.485,20051
2061,4.71409,4.53334,1.965e-04,0.661,0.502,19381
2062,4.64830,4.53334,1.962e-04,0.664,0.507,20058
2063,4.60539,4.53334,1.960e-04,0.650,0.495,20060
2064,4.94001,4.53334,1.957e-04,0.634,0.468,20047
2065,4.51950,4.53334,1.954e-04,0.672,0.518,20056
2066,4.47821,4.53334,1.952e-04,0.676,0.506,20000
2067,4.47600,4.53334,1.949e-04,0.638,0.487,20037
2068,4.73485,4.53334,1.947e-04,0.651,0.492,20070
2069,4.78617,4.53334,1.944e-04,0.696,0.518,20061
2070,4.56527,4.53334,1.941e-04,0.661,0.497,20020
2071,4.42042,4.53334,1.939e-04,0.719,0.569,20076
2072,4.31837,4.53334,1.936e-04,0.668,0.509,20021
2073,4.57084,4.53334,1.933e-04,0.732,0.565,19997
2074,4.68277,4.53334,1.931e-04,0.714,0.561,20076
2075,4.70930,4.53334,1.928e-04,0.606,0.445,20066
2076,4.50102,4.53334,1.926e-04,0.782,0.643,20023
2077,4.57648,4.53334,1.923e-04,0.628,0.470,20062
2078,4.57587,4.53334,1.920e-04,0.707,0.546,20046
2079,4.79720,4.53334,1.918e-04,0.804,0.661,20026
2080,4.44254,4.53334,1.915e-04,0.650,0.490,20044
2081,4.65940,4.53334,1.913e-04,0.749,0.611,19301
2082,4.61351,4.53334,1.910e-04,0.760,0.604,20024
2083,4.58517,4.53334,1.907e-04,0.696,0.539,20055
2084,4.69353,4.53334,1.905e-04,0.723,0.575,20040
2085,4.59368,4.53334,1.902e-04,0.644,0.479,20054
2086,4.68708,4.53334,1.900e-04,0.691,0.504,20002
2087,4.75490,4.53334,1.897e-04,0.659,0.484,20070
2088,4.52851,4.53334,1.894e-04,0.742,0.593,20059
2089,4.69837,4.53334,1.892e-04,0.718,0.535,20031
2090,4.65521,4.53334,1.889e-04,0.651,0.487,20055
2091,4.60110,4.53334,1.887e-04,0.656,0.494,20049
2092,4.39122,4.53334,1.884e-04,0.677,0.526,20018
2093,4.68377,4.53334,1.882e-04,0.670,0.496,20052
2094,4.70512,4.53334,1.879e-04,0.624,0.459,20053
2095,4.83453,4.53334,1.876e-04,1.044,0.705,20022
2096,4.54099,4.53334,1.874e-04,0.641,0.486,20063
2097,4.71015,4.53334,1.871e-04,0.679,0.508,20067
2098,4.66176,4.53334,1.869e-04,0.702,0.548,20012
2099,4.39063,4.53334,1.866e-04,0.655,0.494,20066
2100,4.60828,4.53334,1.864e-04,0.653,0.500,20057
2101,4.57794,4.53334,1.861e-04,0.644,0.472,19044
2102,4.53497,4.53334,1.858e-04,0.709,0.538,20045
2103,4.41381,4.53334,1.856e-04,0.676,0.513,20021
2104,4.38916,4.53334,1.853e-04,0.707,0.557,20039
2105,4.65752,4.53334,1.851e-04,0.632,0.474,20065
2106,4.70841,4.53334,1.848e-04,0.621,0.463,20071
2107,4.51443,4.53334,1.846e-04,0.738,0.571,20026
2108,4.62069,4.53334,1.843e-04,0.681,0.518,20055
2109,4.68421,4.53334,1.841e-04,0.651,0.481,20043
2110,4.78168,4.53334,1.838e-04,0.640,0.482,20017
2111,4.85942,4.53334,1.835e-04,0.626,0.472,20037
2112,4.37880,4.53334,1.833e-04,0.724,0.559,20056
2113,4.75598,4.53334,1.830e-04,0.717,0.574,20041
2114,4.55113,4.53334,1.828e-04,0.611,0.457,20056
2115,4.59588,4.53334,1.825e-04,0.675,0.536,20055
2116,4.55037,4.53334,1.823e-04,0.648,0.497,20032
2117,4.57121,4.53334,1.820e-04,0.769,0.643,20062
2118,4.58623,4.53334,1.818e-04,0.726,0.570,20041
2119,4.68102,4.53334,1.815e-04,0.689,0.543,20030
2120,4.50761,4.53334,1.813e-04,0.676,0.514,20055
2121,4.47405,4.53334,1.810e-04,0.735,0.595,19106
2122,4.50825,4.53334,1.808e-04,0.720,0.544,20009
2123,4.63910,4.53334,1.805e-04,0.749,0.618,20054
2124,4.54853,4.53334,1.802e-04,0.727,0.582,20054
2125,4.61247,4.53334,1.800e-04,0.940,0.821,20012
2126,4.66335,4.53334,1.797e-04,0.600,0.444,20060
2127,4.73235,4.53334,1.795e-04,0.636,0.477,20033
2128,4.70968,4.53334,1.792e-04,0.692,0.541,20049
2129,4.49251,4.53334,1.790e-04,0.724,0.568,20054
2130,4.56479,4.53334,1.787e-04,0.709,0.558,20051
2131,4.59585,4.53334,1.785e-04,0.795,0.653,20034
2132,4.43810,4.53334,1.782e-04,0.710,0.568,20059
2133,4.50052,4.53334,1.780e-04,0.755,0.612,20051
2134,4.55716,4.53334,1.777e-04,0.708,0.565,20036
2135,4.57310,4.53334,1.775e-04,0.692,0.543,20071
2136,4.52398,4.53334,1.772e-04,0.686,0.517,20059
2137,4.64758,4.53334,1.770e-04,0.768,0.609,20043
2138,4.76366,4.53334,1.767e-04,0.656,0.500,20017
2139,4.50049,4.53334,1.765e-04,0.785,0.638,20054
2140,4.44598,4.53334,1.762e-04,0.690,0.531,20034
2141,4.64407,4.53334,1.760e-04,0.665,0.501,19290
2142,4.52002,4.53334,1.757e-04,0.691,0.544,20036
2143,4.63693,4.53334,1.755e-04,0.709,0.554,20063
2144,4.27144,4.53334,1.752e-04,0.707,0.554,20018
2145,4.38821,4.53334,1.750e-04,0.695,0.543,20050
2146,4.52747,4.53334,1.747e-04,0.661,0.497,20047
2147,4.37653,4.53334,1.745e-04,0.697,0.542,20028
2148,4.46461,4.53334,1.743e-04,0.684,0.528,20054
2149,4.52215,4.53334,1.740e-04,0.650,0.485,20048
2150,4.32052,4.53334,1.738e-04,0.728,0.570,20016
2151,4.68650,4.53334,1.735e-04,0.672,0.498,20048
2152,4.47358,4.53334,1.733e-04,0.718,0.572,20044
2153,4.54664,4.53334,1.730e-04,0.704,0.525,20027
2154,4.68008,4.53334,1.728e-04,0.654,0.500,20035
2155,4.65706,4.53334,1.725e-04,0.653,0.500,20058
2156,4.53397,4.53334,1.723e-04,0.638,0.476,20021
2157,4.42394,4.53334,1.720e-04,0.682,0.524,20067
2158,4.52175,4.53334,1.718e-04,0.693,0.537,20046
2159,4.41421,4.53334,1.715e-04,0.681,0.520,20034
2160,4.59889,4.53334,1.713e-04,0.724,0.583,20070
2161,4.58051,4.53334,1.711e-04,0.692,0.531,19135
2162,4.47205,4.53334,1.708e-04,0.653,0.499,20022
2163,4.32782,4.53334,1.706e-04,0.702,0.552,20065
2164,4.78673,4.53334,1.703e-04,0.730,0.573,20069
2165,4.54885,4.53334,1.701e-04,0.707,0.526,20025
2166,4.47787,4.53334,1.698e-04,0.642,0.476,20064
2167,4.49161,4.53334,1.696e-04,0.765,0.621,20066
2168,4.43780,4.53334,1.693e-04,0.652,0.480,19963
2169,4.49269,4.53334,1.691e-04,0.670,0.504,20056
2170,4.50923,4.53334,1.689e-04,0.644,0.487,20050
2171,4.38649,4.53334,1.686e-04,0.618,0.455,20025
2172,4.69760,4.53334,1.684e-04,0.663,0.490,20056
2173,4.47367,4.53334,1.681e-04,0.670,0.518,20053
2174,4.45675,4.53334,1.679e-04,0.698,0.533,20027
2175,4.57124,4.53334,1.676e-04,0.630,0.474,20055
2176,4.41200,4.53334,1.674e-04,0.626,0.453,20017
2177,4.62230,4.53334,1.672e-04,0.659,0.494,20010
2178,4.55291,4.53334,1.669e-04,0.748,0.603,20048
2179,4.44715,4.53334,1.667e-04,0.702,0.555,20055
2180,4.47603,4.53334,1.664e-04,0.709,0.549,20007
2181,4.72828,4.53334,1.662e-04,0.667,0.495,19069
2182,4.57956,4.53334,1.660e-04,0.841,0.700,20044
2183,4.51399,4.53334,1.657e-04,0.683,0.533,20028
2184,4.66202,4.53334,1.655e-04,0.718,0.558,20062
2185,4.52462,4.53334,1.652e-04,0.629,0.472,20060
2186,4.42957,4.53334,1.650e-04,0.754,0.610,20030
2187,4.62786,4.53334,1.648e-04,0.765,0.610,20041
2188,4.44585,4.53334,1.645e-04,0.698,0.554,20063
2189,4.74549,4.53334,1.643e-04,0.769,0.614,20043
2190,4.69535,4.53334,1.640e-04,0.733,0.570,20067
2191,4.52791,4.53334,1.638e-04,0.663,0.506,20042
2192,4.38223,4.53334,1.636e-04,0.730,0.571,20053
2193,4.55828,4.53334,1.633e-04,0.678,0.522,20028
2194,4.57593,4.53334,1.631e-04,0.741,0.597,20049
2195,4.43099,4.53334,1.628e-04,0.700,0.536,20062
2196,4.70169,4.53334,1.626e-04,0.658,0.487,20031
2197,4.66573,4.53334,1.624e-04,0.645,0.476,20050
2198,4.63841,4.53334,1.621e-04,0.716,0.552,20057
2199,4.66482,4.53334,1.619e-04,0.643,0.485,20006
2200,4.54634,4.53334,1.617e-04,0.770,0.624,20050
2201,4.34845,4.53334,1.614e-04,0.657,0.491,19327
2202,4.60581,4.53334,1.612e-04,0.740,0.604,19996
2203,4.46407,4.53334,1.609e-04,0.721,0.569,20050
2204,4.67872,4.53334,1.607e-04,0.715,0.567,20035
2205,4.53682,4.53334,1.605e-04,0.710,0.540,20019
2206,4.60627,4.53334,1.602e-04,0.647,0.487,20060
2207,4.56354,4.53334,1.600e-04,0.647,0.484,20039
2208,4.55133,4.53334,1.598e-04,0.638,0.480,20034
2209,4.46979,4.53334,1.595e-04,0.703,0.529,20048
2210,4.46232,4.53334,1.593e-04,0.636,0.471,20059
2211,4.53637,4.53334,1.591e-04,0.668,0.493,20029
2212,4.58413,4.53334,1.588e-04,0.660,0.498,20060
2213,4.58801,4.53334,1.586e-04,0.635,0.489,20019
2214,4.71140,4.53334,1.584e-04,0.673,0.514,20037
2215,4.47103,4.53334,1.581e-04,0.656,0.495,20065
2216,4.21208,4.53334,1.579e-04,0.668,0.495,20041
2217,4.49330,4.53334,1.577e-04,0.699,0.539,20030
2218,4.40804,4.53334,1.574e-04,0.652,0.498,20070
2219,4.67392,4.53334,1.572e-04,0.633,0.468,20047
2220,4.41457,4.53334,1.570e-04,0.648,0.490,20026
2221,4.59605,4.53334,1.567e-04,0.651,0.487,19382
2222,4.49877,4.53334,1.565e-04,0.660,0.502,20045
2223,4.57103,4.53334,1.563e-04,0.718,0.535,20034
2224,4.56518,4.53334,1.560e-04,0.680,0.504,20068
2225,4.40685,4.53334,1.558e-04,0.676,0.519,20068
2226,4.44029,4.53334,1.556e-04,0.642,0.479,20032
2227,4.60048,4.53334,1.553e-04,0.704,0.549,20064
2228,4.52046,4.53334,1.551e-04,0.653,0.478,20054
2229,4.71707,4.53334,1.549e-04,0.693,0.521,20027
2230,4.65595,4.53334,1.546e-04,0.642,0.480,20067
2231,4.53534,4.53334,1.544e-04,0.674,0.519,20056
2232,4.66521,4.53334,1.542e-04,0.641,0.468,19997
2233,4.45410,4.53334,1.540e-04,0.659,0.504,20060
2234,4.61800,4.53334,1.537e-04,0.655,0.480,20067
2235,4.69988,4.53334,1.535e-04,0.679,0.526,20024
2236,4.65148,4.53334,1.533e-04,0.747,0.597,20065
2237,4.59830,4.53334,1.530e-04,0.737,0.584,20073
2238,4.48761,4.53334,1.528e-04,0.812,0.672,20010
2239,4.41145,4.53334,1.526e-04,0.731,0.553,20056
2240,4.32030,4.53334,1.524e-04,0.794,0.659,20066
2241,4.50808,4.53334,1.521e-04,0.708,0.547,19120
2242,4.78475,4.53334,1.519e-04,0.671,0.508,20042
2243,4.45753,4.53334,1.517e-04,0.757,0.611,20032
2244,4.44472,4.53334,1.514e-04,0.837,0.701,20048
2245,4.41054,4.53334,1.512e-04,0.718,0.575,20021
2246,4.61893,4.53334,1.510e-04,0.727,0.573,20062
2247,4.33978,4.53334,1.508e-04,0.777,0.642,20049
2248,4.79167,4.53334,1.505e-04,0.754,0.580,20021
2249,4.62490,4.53334,1.503e-04,0.953,0.819,20010
2250,4.78161,4.44422,1.501e-04,0.743,0.596,6240
2251,4.46546,4.44422,1.499e-04,0.812,0.649,19372
2252,4.48867,4.44422,1.496e-04,0.888,0.743,20069
2253,4.60858,4.44422,1.494e-04,0.673,0.520,20058
2254,4.42481,4.44422,1.492e-04,0.765,0.601,20042
2255,4.56129,4.44422,1.490e-04,0.847,0.701,20050
2256,4.57708,4.44422,1.487e-04,0.760,0.616,20061
2257,4.59826,4.44422,1.485e-04,0.764,0.616,20041
2258,4.73571,4.44422,1.483e-04,0.795,0.646,20048
2259,4.63465,4.44422,1.481e-04,0.698,0.530,20047
2260,4.56761,4.44422,1.478e-04,0.691,0.531,20056
2261,4.67589,4.44422,1.476e-04,0.929,0.805,19059
2262,4.45328,4.44422,1.474e-04,0.722,0.565,20066
2263,4.36842,4.44422,1.472e-04,1.360,1.239,20040
2264,4.67393,4.44422,1.469e-04,0.714,0.563,20028
2265,4.56581,4.44422,1.467e-04,0.756,0.600,20068
2266,4.53708,4.44422,1.465e-04,0.732,0.568,20040
2267,4.45628,4.44422,1.463e-04,0.684,0.524,20028
2268,4.48003,4.44422,1.461e-04,0.694,0.545,20050
2269,4.60397,4.44422,1.458e-04,0.757,0.599,20050
2270,4.57105,4.44422,1.456e-04,0.671,0.508,20024
2271,4.61499,4.44422,1.454e-04,0.674,0.511,20049
2272,4.46021,4.44422,1.452e-04,0.711,0.544,20046
2273,4.50188,4.44422,1.450e-04,0.652,0.503,20031
2274,4.45696,4.44422,1.447e-04,0.660,0.492,20067
2275,4.51843,4.44422,1.445e-04,0.644,0.467,20058
2276,4.53149,4.44422,1.443e-04,0.703,0.526,20010
2277,4.70914,4.44422,1.441e-04,0.675,0.504,20058
2278,4.28897,4.44422,1.439e-04,0.726,0.555,20058
2279,4.68083,4.44422,1.436e-04,0.629,0.453,20018
2280,4.67134,4.44422,1.434e-04,0.698,0.531,20059
2281,4.45745,4.44422,1.432e-04,0.669,0.506,19343
2282,4.72363,4.44422,1.430e-04,0.655,0.488,20007
2283,4.38285,4.44422,1.428e-04,0.662,0.505,20045
2284,4.59175,4.44422,1.425e-04,0.711,0.545,20006
2285,4.41570,4.44422,1.423e-04,0.709,0.542,20011
2286,4.63655,4.44422,1.421e-04,0.655,0.498,20055
2287,4.52048,4.44422,1.419e-04,0.672,0.515,20066
2288,4.55652,4.44422,1.417e-04,0.666,0.507,20039
2289,4.29031,4.44422,1.415e-04,0.733,0.584,20036
2290,4.51300,4.44422,1.412e-04,0.645,0.483,20013
2291,4.50200,4.44422,1.410e-04,0.674,0.510,20028
2292,4.58608,4.44422,1.408e-04,0.769,0.619,20056
2293,4.45359,4.44422,1.406e-04,0.649,0.482,20065
2294,4.43288,4.44422,1.404e-04,0.685,0.530,20026
2295,4.60043,4.44422,1.402e-04,0.673,0.520,20049
2296,4.46339,4.44422,1.399e-04,0.636,0.467,20042
2297,4.40794,4.44422,1.397e-04,0.680,0.512,20039
2298,4.57375,4.44422,1.395e-04,0.703,0.552,20048
2299,4.78626,4.44422,1.393e-04,0.623,0.454,20054
2300,4.50526,4.44422,1.391e-04,0.652,0.484,20014
2301,4.43758,4.44422,1.389e-04,0.674,0.514,19394
2302,4.69306,4.44422,1.387e-04,0.633,0.465,20050
2303,4.52397,4.44422,1.384e-04,0.717,0.560,19993
2304,4.82809,4.44422,1.382e-04,0.791,0.622,20042
2305,4.40347,4.44422,1.380e-04,0.756,0.616,20048
2306,4.35726,4.44422,1.378e-04,0.792,0.651,20021
2307,4.48282,4.44422,1.376e-04,0.645,0.480,20040
2308,4.48469,4.44422,1.374e-04,0.689,0.532,20051
2309,4.68591,4.44422,1.372e-04,0.695,0.536,20047
2310,4.33294,4.44422,1.370e-04,0.666,0.519,20017
2311,4.74312,4.44422,1.367e-04,0.724,0.562,20048
2312,4.50060,4.44422,1.365e-04,0.784,0.640,20065
2313,4.53113,4.44422,1.363e-04,0.647,0.485,20031
2314,4.52631,4.44422,1.361e-04,0.621,0.459,20044
2315,4.42028,4.44422,1.359e-04,0.733,0.559,20054
2316,4.53286,4.44422,1.357e-04,0.697,0.526,20011
2317,4.54072,4.44422,1.355e-04,0.780,0.640,20056
2318,4.72186,4.44422,1.353e-04,0.648,0.481,20052
2319,4.58205,4.44422,1.351e-04,0.766,0.598,20024
2320,4.60070,4.44422,1.348e-04,0.745,0.592,20032
2321,4.69528,4.44422,1.346e-04,0.694,0.537,19116
2322,4.57260,4.44422,1.344e-04,0.676,0.507,20015
2323,4.44804,4.44422,1.342e-04,0.666,0.510,20048
2324,4.56900,4.44422,1.340e-04,0.686,0.516,20055
2325,4.60444,4.44422,1.338e-04,0.721,0.549,20041
2326,4.45402,4.44422,1.336e-04,0.677,0.504,20046
2327,4.24182,4.44422,1.334e-04,0.742,0.569,20045
2328,4.73048,4.44422,1.332e-04,0.652,0.488,20027
2329,4.67928,4.44422,1.330e-04,0.689,0.525,20038
2330,4.64905,4.44422,1.328e-04,0.712,0.531,20056
2331,4.57707,4.44422,1.326e-04,0.731,0.547,20045
2332,4.67180,4.44422,1.324e-04,0.664,0.496,20046
2333,4.39860,4.44422,1.321e-04,0.702,0.542,20054
2334,4.55452,4.44422,1.319e-04,0.682,0.512,20025
2335,4.34598,4.44422,1.317e-04,0.696,0.537,20059
2336,4.59054,4.44422,1.315e-04,0.654,0.492,20058
2337,4.54229,4.44422,1.313e-04,0.746,0.582,20025
2338,4.76327,4.44422,1.311e-04,0.723,0.565,20061
2339,4.39869,4.44422,1.309e-04,0.717,0.550,20022
2340,4.58709,4.44422,1.307e-04,0.663,0.492,20036
2341,4.54375,4.44422,1.305e-04,0.598,0.437,19005
2342,4.61206,4.44422,1.303e-04,0.686,0.503,20054
2343,4.67252,4.44422,1.301e-04,0.645,0.475,20031
2344,4.58589,4.44422,1.299e-04,0.699,0.529,20072
2345,4.51274,4.44422,1.297e-04,0.658,0.487,20077
2346,4.42093,4.44422,1.295e-04,0.621,0.458,20048
2347,4.41996,4.44422,1.293e-04,0.736,0.581,20059
2348,4.65817,4.44422,1.291e-04,0.659,0.491,20058
2349,4.67701,4.44422,1.289e-04,0.660,0.491,19998
2350,4.48120,4.44422,1.287e-04,0.676,0.515,20075
2351,4.59143,4.44422,1.285e-04,0.683,0.515,20048
2352,4.51028,4.44422,1.283e-04,0.637,0.478,20035
2353,4.32296,4.44422,1.281e-04,0.848,0.702,20040
2354,4.41621,4.44422,1.279e-04,0.661,0.493,20069
2355,4.49163,4.44422,1.277e-04,0.706,0.546,20011
2356,4.36245,4.44422,1.275e-04,0.645,0.487,20057
2357,4.49416,4.44422,1.273e-04,0.655,0.499,20008
2358,4.53899,4.44422,1.271e-04,0.662,0.504,20054
2359,4.44539,4.44422,1.269e-04,0.735,0.573,20068
2360,4.40476,4.44422,1.267e-04,0.703,0.524,20053
2361,4.55898,4.44422,1.265e-04,0.642,0.473,19082
2362,4.54716,4.44422,1.263e-04,0.657,0.491,20027
2363,4.49084,4.44422,1.261e-04,0.712,0.552,20049
2364,4.40379,4.44422,1.259e-04,0.658,0.509,20053
2365,4.36021,4.44422,1.257e-04,0.650,0.491,20031
2366,4.35881,4.44422,1.255e-04,0.653,0.482,20066
2367,4.41118,4.44422,1.253e-04,0.664,0.494,20052
2368,4.53339,4.44422,1.251e-04,0.688,0.532,20037
2369,4.61224,4.44422,1.249e-04,0.665,0.509,20038
2370,4.53441,4.44422,1.247e-04,0.697,0.538,20058
2371,4.46201,4.44422,1.245e-04,0.705,0.553,20014
2372,4.40006,4.44422,1.243e-04,0.669,0.506,20064
2373,4.47353,4.44422,1.241e-04,0.765,0.603,20053
2374,4.50036,4.44422,1.239e-04,0.661,0.494,20029
2375,4.40796,4.44422,1.237e-04,0.806,0.609,20044
2376,4.36497,4.44422,1.235e-04,0.685,0.527,20073
2377,4.74415,4.44422,1.233e-04,0.642,0.475,20010
2378,4.89274,4.44422,1.231e-04,0.734,0.548,20047
2379,4.43382,4.44422,1.229e-04,0.715,0.547,20051
2380,4.69663,4.44422,1.227e-04,0.664,0.489,20029
2381,4.62838,4.44422,1.225e-04,0.678,0.511,19015
2382,4.56009,4.44422,1.223e-04,0.646,0.486,20076
2383,4.58656,4.44422,1.222e-04,0.645,0.488,20058
2384,4.32675,4.44422,1.220e-04,0.660,0.491,20065
2385,4.40142,4.44422,1.218e-04,0.698,0.546,20062
2386,4.50296,4.44422,1.216e-04,0.708,0.548,20043
2387,4.49804,4.44422,1.214e-04,0.672,0.510,20052
2388,4.59384,4.44422,1.212e-04,0.653,0.489,20067
2389,4.42704,4.44422,1.210e-04,0.660,0.501,20015
2390,4.57387,4.44422,1.208e-04,0.692,0.540,20044
2391,4.38297,4.44422,1.206e-04,0.745,0.562,20066
2392,4.45787,4.44422,1.204e-04,0.646,0.484,20029
2393,4.40140,4.44422,1.202e-04,0.709,0.546,20063
2394,4.52259,4.44422,1.200e-04,0.651,0.506,20006
2395,4.59729,4.44422,1.199e-04,0.734,0.583,20028
2396,4.38029,4.44422,1.197e-04,0.696,0.519,20065
2397,4.45182,4.44422,1.195e-04,0.755,0.587,20050
2398,4.38284,4.44422,1.193e-04,0.723,0.553,20027
2399,4.51971,4.44422,1.191e-04,0.621,0.461,20033
2400,4.57817,4.44422,1.189e-04,0.700,0.533,20064
2401,4.46716,4.44422,1.187e-04,0.707,0.546,19306
2402,4.62578,4.44422,1.185e-04,0.654,0.498,20035
2403,4.47598,4.44422,1.183e-04,0.666,0.501,20017
2404,4.40110,4.44422,1.182e-04,0.633,0.468,20042
2405,4.63282,4.44422,1.180e-04,0.695,0.531,20064
2406,4.44067,4.44422,1.178e-04,0.772,0.594,20049
2407,4.48635,4.44422,1.176e-04,0.640,0.461,20037
2408,4.49805,4.44422,1.174e-04,0.650,0.489,20051
2409,4.34987,4.44422,1.172e-04,0.689,0.541,20051
2410,4.54933,4.44422,1.170e-04,0.714,0.572,20012
2411,4.30099,4.44422,1.168e-04,0.714,0.557,20058
2412,4.52007,4.44422,1.167e-04,0.719,0.569,20037
2413,4.67317,4.44422,1.165e-04,0.662,0.502,20053
2414,4.41549,4.44422,1.163e-04,0.671,0.504,20030
2415,4.58118,4.44422,1.161e-04,0.696,0.536,20058
2416,4.38125,4.44422,1.159e-04,0.672,0.515,20057
2417,4.39054,4.44422,1.157e-04,0.651,0.490,20023
2418,4.40080,4.44422,1.155e-04,0.730,0.560,20052
2419,4.53384,4.44422,1.154e-04,0.677,0.519,20054
2420,4.34898,4.44422,1.152e-04,0.656,0.489,20024
2421,4.43443,4.44422,1.150e-04,0.691,0.516,19065
2422,4.54729,4.44422,1.148e-04,0.648,0.489,20035
2423,4.44168,4.44422,1.146e-04,0.698,0.543,20050
2424,4.46892,4.44422,1.144e-04,0.649,0.478,20051
2425,4.34639,4.44422,1.143e-04,0.658,0.490,20069
2426,4.56462,4.44422,1.141e-04,0.655,0.492,20027
2427,4.42807,4.44422,1.139e-04,0.651,0.495,20063
2428,4.45224,4.44422,1.137e-04,0.665,0.516,20037
2429,4.69295,4.44422,1.135e-04,0.657,0.485,20036
2430,4.39796,4.44422,1.134e-04,0.698,0.553,20016
2431,4.48045,4.44422,1.132e-04,0.763,0.598,20057
2432,4.56433,4.44422,1.130e-04,0.649,0.479,20039
2433,4.38878,4.44422,1.128e-04,0.929,0.792,20065
2434,4.46376,4.44422,1.126e-04,0.720,0.559,20055
2435,4.37780,4.44422,1.125e-04,0.681,0.503,20041
2436,4.37503,4.44422,1.123e-04,0.844,0.687,20042
2437,4.75664,4.44422,1.121e-04,0.699,0.542,20057
2438,4.70662,4.44422,1.119e-04,0.670,0.509,20031
2439,4.46741,4.44422,1.117e-04,0.826,0.689,20033
2440,4.64082,4.44422,1.116e-04,0.800,0.657,20066
2441,4.45462,4.44422,1.114e-04,0.656,0.486,19081
2442,4.53374,4.44422,1.112e-04,0.690,0.528,20055
2443,4.53517,4.44422,1.110e-04,0.724,0.559,20047
2444,4.44464,4.44422,1.109e-04,0.724,0.564,20009
2445,4.72440,4.44422,1.107e-04,0.752,0.597,20045
2446,4.57731,4.44422,1.105e-04,0.727,0.561,20046
2447,4.56365,4.44422,1.103e-04,0.662,0.495,20031
2448,4.54940,4.44422,1.101e-04,0.726,0.581,20056
2449,4.31981,4.44422,1.100e-04,0.773,0.623,20058
2450,4.42587,4.44422,1.098e-04,0.695,0.528,20033
2451,4.53551,4.44422,1.096e-04,0.699,0.545,20055
2452,4.33782,4.44422,1.094e-04,0.668,0.503,20058
2453,4.32851,4.44422,1.093e-04,0.716,0.526,20026
2454,4.64535,4.44422,1.091e-04,0.676,0.509,20042
2455,4.47772,4.44422,1.089e-04,0.655,0.486,20054
2456,4.19810,4.44422,1.088e-04,0.730,0.541,20032
2457,4.37356,4.44422,1.086e-04,0.708,0.549,20043
2458,4.31982,4.44422,1.084e-04,0.662,0.495,20062
2459,4.22981,4.44422,1.082e-04,0.699,0.550,20005
2460,4.51128,4.44422,1.081e-04,0.696,0.523,20071
2461,4.68380,4.44422,1.079e-04,0.648,0.486,19065
2462,4.56876,4.44422,1.077e-04,0.685,0.527,20037
2463,4.35469,4.44422,1.075e-04,0.658,0.488,20073
2464,4.45290,4.44422,1.074e-04,0.796,0.638,20052
2465,4.53543,4.44422,1.072e-04,0.743,0.569,20019
2466,4.27821,4.44422,1.070e-04,0.693,0.522,20073
2467,4.57671,4.44422,1.069e-04,0.661,0.493,20010
2468,4.47918,4.44422,1.067e-04,0.700,0.502,20047
2469,4.47460,4.44422,1.065e-04,0.650,0.485,20063
2470,4.46943,4.44422,1.063e-04,0.661,0.489,20080
2471,4.54224,4.44422,1.062e-04,0.677,0.501,20069
2472,4.53566,4.44422,1.060e-04,0.633,0.465,19994
2473,4.56455,4.44422,1.058e-04,0.660,0.488,20052
2474,4.59732,4.44422,1.057e-04,0.657,0.492,20065
2475,4.40440,4.44422,1.055e-04,0.676,0.506,20041
2476,4.40219,4.44422,1.053e-04,0.674,0.520,20059
2477,4.68833,4.44422,1.052e-04,0.651,0.490,20048
2478,4.37743,4.44422,1.050e-04,0.684,0.528,20021
2479,4.44486,4.44422,1.048e-04,0.658,0.494,20031
2480,4.61116,4.44422,1.047e-04,0.649,0.483,20062
2481,4.49009,4.44422,1.045e-04,0.649,0.478,19013
2482,4.55721,4.44422,1.043e-04,0.668,0.508,20063
2483,4.53737,4.44422,1.042e-04,0.639,0.476,20074
2484,4.41991,4.44422,1.040e-04,0.670,0.503,20021
2485,4.33039,4.44422,1.038e-04,0.669,0.510,20060
2486,4.23656,4.44422,1.037e-04,0.689,0.529,20066
2487,4.58210,4.44422,1.035e-04,0.643,0.478,20031
2488,4.67406,4.44422,1.033e-04,0.712,0.548,20049
2489,4.64937,4.44422,1.032e-04,0.688,0.513,20056
2490,4.58944,4.44422,1.030e-04,0.747,0.598,20056
2491,4.52506,4.44422,1.028e-04,0.685,0.512,20041
2492,4.51714,4.44422,1.027e-04,0.707,0.528,20063
2493,4.39108,4.44422,1.025e-04,0.671,0.514,20020
2494,4.43097,4.44422,1.024e-04,0.694,0.532,20052
2495,4.63227,4.44422,1.022e-04,0.663,0.490,20060
2496,4.43276,4.44422,1.020e-04,0.739,0.589,20018
2497,4.27347,4.44422,1.019e-04,0.742,0.559,20048
2498,4.60470,4.44422,1.017e-04,0.692,0.507,20061
2499,4.53829,4.44422,1.015e-04,0.765,0.610,20031
2500,4.54293,4.37845,1.014e-04,0.758,0.608,6139
2501,4.49385,4.37845,1.012e-04,0.693,0.530,19626
2502,4.58738,4.37845,1.011e-04,0.811,0.664,20052
2503,4.40504,4.37845,1.009e-04,0.662,0.501,20008
2504,4.41853,4.37845,1.007e-04,0.726,0.559,20041
2505,4.56101,4.37845,1.006e-04,0.711,0.553,20061
2506,4.44682,4.37845,1.004e-04,0.674,0.500,20010
2507,4.72505,4.37845,1.003e-04,0.664,0.484,20035
2508,4.45440,4.37845,1.001e-04,0.712,0.545,20047
2509,4.64176,4.37845,9.995e-05,0.731,0.570,20023
2510,4.28757,4.37845,9.979e-05,0.679,0.507,20058
2511,4.46701,4.37845,9.963e-05,0.722,0.554,20053
2512,4.36509,4.37845,9.947e-05,0.764,0.622,20031
2513,4.44563,4.37845,9.931e-05,0.685,0.521,20040
2514,4.63099,4.37845,9.916e-05,0.698,0.534,20066
2515,4.40944,4.37845,9.900e-05,0.854,0.708,20005
2516,4.46325,4.37845,9.884e-05,0.739,0.578,20067
2517,4.42369,4.37845,9.869e-05,0.719,0.564,20061
2518,4.53566,4.37845,9.853e-05,0.706,0.542,20036
2519,4.45603,4.37845,9.837e-05,0.694,0.511,20069
2520,4.64609,4.37845,9.822e-05,0.665,0.485,20064
2521,4.54530,4.37845,9.806e-05,0.711,0.562,19288
2522,4.31423,4.37845,9.791e-05,0.691,0.521,20044
2523,4.65073,4.37845,9.775e-05,0.701,0.531,20053
2524,4.39810,4.37845,9.760e-05,0.755,0.583,20007
2525,4.51842,4.37845,9.745e-05,0.641,0.472,20044
2526,4.30746,4.37845,9.729e-05,0.665,0.500,20024
2527,4.46030,4.37845,9.714e-05,0.699,0.523,20018
2528,4.34200,4.37845,9.699e-05,0.679,0.525,20061
2529,4.27034,4.37845,9.683e-05,0.684,0.522,20067
2530,4.24286,4.37845,9.668e-05,0.709,0.548,20005
2531,4.54686,4.37845,9.653e-05,0.693,0.496,20075
2532,4.44467,4.37845,9.638e-05,0.735,0.573,20051
2533,4.39308,4.37845,9.622e-05,0.705,0.547,20065
2534,4.73675,4.37845,9.607e-05,0.689,0.533,20040
2535,4.54261,4.37845,9.592e-05,0.919,0.790,20057
2536,4.58741,4.37845,9.577e-05,0.702,0.536,20048
2537,4.36508,4.37845,9.562e-05,0.733,0.563,20036
2538,4.65183,4.37845,9.547e-05,0.788,0.634,20019
2539,4.52131,4.37845,9.532e-05,0.737,0.579,20056
2540,4.41764,4.37845,9.517e-05,0.707,0.509,20036
2541,4.31218,4.37845,9.502e-05,0.753,0.601,19089
2542,4.58090,4.37845,9.487e-05,0.734,0.570,20061
2543,4.55025,4.37845,9.472e-05,0.706,0.544,20016
2544,4.39787,4.37845,9.457e-05,0.785,0.627,20022
2545,4.46255,4.37845,9.443e-05,0.661,0.497,20061
2546,4.43491,4.37845,9.428e-05,0.697,0.524,20019
2547,4.47398,4.37845,9.413e-05,0.688,0.516,20061
2548,4.40472,4.37845,9.398e-05,0.696,0.532,20058
2549,4.42439,4.37845,9.384e-05,0.698,0.537,20024
2550,4.63883,4.37845,9.369e-05,0.674,0.501,20085
2551,4.47365,4.37845,9.354e-05,0.688,0.517,20048
2552,4.40096,4.37845,9.340e-05,0.831,0.642,20011
2553,4.60673,4.37845,9.325e-05,0.669,0.499,20074
2554,4.35920,4.37845,9.311e-05,0.682,0.530,20045
2555,4.44429,4.37845,9.296e-05,0.702,0.532,20028
2556,4.61833,4.37845,9.282e-05,0.710,0.534,20061
2557,4.43123,4.37845,9.267e-05,0.722,0.549,20051
2558,4.57917,4.37845,9.253e-05,0.697,0.543,20041
2559,4.43388,4.37845,9.238e-05,0.780,0.630,20049
2560,4.76979,4.37845,9.224e-05,0.723,0.549,20040
2561,4.29355,4.37845,9.210e-05,0.705,0.546,19156
2562,4.32919,4.37845,9.195e-05,0.730,0.566,20045
2563,4.48247,4.37845,9.181e-05,0.721,0.558,20043
2564,4.38730,4.37845,9.167e-05,0.672,0.502,20033
2565,4.41247,4.37845,9.153e-05,0.773,0.612,20042
2566,4.29813,4.37845,9.138e-05,0.778,0.632,20035
2567,4.40710,4.37845,9.124e-05,0.655,0.497,20019
2568,4.44010,4.37845,9.110e-05,0.783,0.632,20045
2569,4.49392,4.37845,9.096e-05,0.708,0.534,20041
2570,4.47959,4.37845,9.082e-05,0.705,0.535,20023
2571,4.43627,4.37845,9.068e-05,0.690,0.530,20051
2572,4.29930,4.37845,9.054e-05,0.728,0.561,20039
2573,4.58884,4.37845,9.040e-05,0.677,0.499,20024
2574,4.50292,4.37845,9.026e-05,0.713,0.544,20063
2575,4.49615,4.37845,9.012e-05,0.669,0.499,20050
2576,4.68952,4.37845,8.998e-05,0.698,0.525,20027
2577,4.28436,4.37845,8.984e-05,0.707,0.554,20051
2578,4.70763,4.37845,8.970e-05,0.662,0.496,20053
2579,4.57380,4.37845,8.957e-05,0.639,0.462,20027
2580,4.54575,4.37845,8.943e-05,0.722,0.549,20047
2581,4.60130,4.37845,8.929e-05,0.639,0.478,19030
2582,4.26331,4.37845,8.915e-05,0.728,0.569,20033
2583,4.51633,4.37845,8.902e-05,0.675,0.508,20078
2584,4.52874,4.37845,8.888e-05,0.717,0.538,20042
2585,4.58253,4.37845,8.874e-05,0.637,0.469,20049
2586,4.27097,4.37845,8.861e-05,0.728,0.556,20070
2587,4.49313,4.37845,8.847e-05,0.656,0.489,20052
2588,4.35363,4.37845,8.834e-05,0.671,0.508,20057
2589,4.33507,4.37845,8.820e-05,0.721,0.536,20017
2590,4.65929,4.37845,8.807e-05,0.661,0.477,20058
2591,4.70238,4.37845,8.793e-05,0.645,0.466,20048
2592,4.56535,4.37845,8.780e-05,0.720,0.534,20033
2593,4.53918,4.37845,8.767e-05,0.667,0.500,20057
2594,4.36430,4.37845,8.753e-05,0.684,0.517,20048
2595,4.40623,4.37845,8.740e-05,0.717,0.540,20031
2596,4.54389,4.37845,8.727e-05,0.667,0.502,20046
2597,4.50587,4.37845,8.713e-05,0.633,0.474,20061
2598,4.47451,4.37845,8.700e-05,0.691,0.524,20024
2599,4.33070,4.37845,8.687e-05,0.673,0.502,20060
2600,4.54135,4.37845,8.674e-05,0.633,0.466,20062
2601,4.31814,4.37845,8.661e-05,0.661,0.488,19042
2602,4.52128,4.37845,8.648e-05,0.644,0.476,20053
2603,4.36638,4.37845,8.635e-05,0.682,0.514,20036
2604,4.43002,4.37845,8.622e-05,0.670,0.494,20040
2605,4.44296,4.37845,8.609e-05,0.762,0.602,20063
2606,4.52861,4.37845,8.596e-05,0.686,0.505,20053
2607,4.36640,4.37845,8.583e-05,0.678,0.502,19996
2608,4.73503,4.37845,8.570e-05,0.689,0.520,20059
2609,4.48104,4.37845,8.557e-05,0.696,0.523,20058
2610,4.51905,4.37845,8.544e-05,0.801,0.617,20047
2611,4.11276,4.37845,8.531e-05,0.704,0.540,20031
2612,4.29900,4.37845,8.518e-05,0.682,0.513,20048
2613,4.23840,4.37845,8.506e-05,0.732,0.555,20043
2614,4.39338,4.37845,8.493e-05,0.676,0.504,20060
2615,4.39867,4.37845,8.480e-05,0.763,0.603,20061
2616,4.43875,4.37845,8.467e-05,0.717,0.546,20011
2617,4.17858,4.37845,8.455e-05,0.663,0.495,20038
2618,4.32882,4.37845,8.442e-05,0.715,0.524,20060
2619,4.47324,4.37845,8.430e-05,0.685,0.518,20016
2620,4.57592,4.37845,8.417e-05,0.674,0.510,20044
2621,4.44358,4.37845,8.405e-05,0.656,0.492,19214
2622,4.57165,4.37845,8.392e-05,0.669,0.487,20022
2623,4.19875,4.37845,8.380e-05,0.674,0.502,20042
2624,4.50191,4.37845,8.367e-05,0.693,0.524,20068
2625,4.34488,4.37845,8.355e-05,0.677,0.492,20021
2626,4.61246,4.37845,8.342e-05,0.671,0.500,20060
2627,4.44692,4.37845,8.330e-05,0.723,0.559,20076
2628,4.46395,4.37845,8.318e-05,0.707,0.552,20052
2629,4.76010,4.37845,8.306e-05,0.744,0.570,20063
2630,4.43236,4.37845,8.293e-05,0.693,0.531,20067
2631,4.38777,4.37845,8.281e-05,0.680,0.516,20010
2632,4.21738,4.37845,8.269e-05,0.685,0.518,20072
2633,4.46435,4.37845,8.257e-05,0.676,0.504,20050
2634,4.37469,4.37845,8.245e-05,0.736,0.557,20022
2635,4.48450,4.37845,8.233e-05,0.691,0.525,20059
2636,4.51611,4.37845,8.221e-05,0.804,0.652,20058
2637,4.45651,4.37845,8.209e-05,0.698,0.537,20022
2638,4.29063,4.37845,8.197e-05,0.705,0.536,20057
2639,4.34787,4.37845,8.185e-05,0.676,0.511,20060
2640,4.20339,4.37845,8.173e-05,0.800,0.642,20064
2641,4.59419,4.37845,8.161e-05,0.675,0.508,19349
2642,4.73261,4.37845,8.149e-05,0.704,0.549,20045
2643,4.69295,4.37845,8.137e-05,0.781,0.627,20077
2644,4.30528,4.37845,8.125e-05,0.766,0.583,20024
2645,4.29804,4.37845,8.114e-05,0.757,0.615,20093
2646,4.37445,4.37845,8.102e-05,0.784,0.634,20043
2647,4.56435,4.37845,8.090e-05,0.686,0.503,20039
2648,4.51117,4.37845,8.079e-05,0.748,0.571,20036
2649,4.58718,4.37845,8.067e-05,0.640,0.471,20046
2650,4.30983,4.37845,8.055e-05,0.791,0.634,20046
2651,4.47878,4.37845,8.044e-05,0.719,0.528,20060
2652,4.51405,4.37845,8.032e-05,0.769,0.587,20058
2653,4.49229,4.37845,8.021e-05,0.814,0.667,20018
2654,4.25192,4.37845,8.009e-05,0.708,0.536,20054
2655,4.45395,4.37845,7.998e-05,0.672,0.505,20057
2656,4.38963,4.37845,7.986e-05,0.702,0.527,20030
2657,4.49226,4.37845,7.975e-05,0.685,0.526,20060
2658,4.39022,4.37845,7.964e-05,0.717,0.560,20049
2659,4.18936,4.37845,7.952e-05,0.721,0.552,20025
2660,4.46628,4.37845,7.941e-05,0.666,0.497,20051
2661,4.48459,4.37845,7.930e-05,0.689,0.540,19080
2662,4.51111,4.37845,7.918e-05,0.761,0.602,20024
2663,4.29679,4.37845,7.907e-05,0.721,0.540,20059
2664,4.35176,4.37845,7.896e-05,0.783,0.616,20057
2665,4.45971,4.37845,7.885e-05,0.722,0.557,20041
2666,4.43329,4.37845,7.874e-05,0.712,0.529,20047
2667,4.46151,4.37845,7.863e-05,0.694,0.536,20073
2668,4.50809,4.37845,7.852e-05,0.700,0.533,20024
2669,4.21329,4.37845,7.841e-05,0.736,0.575,20080
2670,4.66526,4.37845,7.830e-05,0.704,0.530,20049
2671,4.40401,4.37845,7.819e-05,0.756,0.589,20030
2672,4.43492,4.37845,7.808e-05,0.635,0.471,20047
2673,4.56869,4.37845,7.797e-05,0.721,0.562,20054
2674,4.47802,4.37845,7.786e-05,0.660,0.488,20015
2675,4.16726,4.37845,7.775e-05,0.690,0.520,20060
2676,4.59517,4.37845,7.764e-05,0.683,0.496,20047
2677,4.35558,4.37845,7.754e-05,0.702,0.538,20029
2678,4.09366,4.37845,7.743e-05,0.682,0.506,20056
2679,4.61803,4.37845,7.732e-05,0.681,0.494,20054
2680,4.50998,4.37845,7.722e-05,0.687,0.509,20006
2681,4.48174,4.37845,7.711e-05,0.723,0.558,19188
2682,4.37196,4.37845,7.700e-05,0.675,0.497,20059
2683,4.55247,4.37845,7.690e-05,0.708,0.549,20029
2684,4.50392,4.37845,7.679e-05,0.725,0.548,20038
2685,4.30420,4.37845,7.669e-05,0.665,0.490,20065
2686,4.52546,4.37845,7.658e-05,0.652,0.483,20048
2687,4.51864,4.37845,7.648e-05,0.700,0.523,20083
2688,4.50575,4.37845,7.638e-05,0.691,0.527,20075
2689,4.39168,4.37845,7.627e-05,0.694,0.517,20047
2690,4.56299,4.37845,7.617e-05,0.734,0.568,20058
2691,4.40771,4.37845,7.606e-05,0.780,0.627,20050
2692,4.55350,4.37845,7.596e-05,0.675,0.504,20042
2693,4.42089,4.37845,7.586e-05,0.757,0.588,20013
2694,4.36708,4.37845,7.576e-05,0.669,0.497,20069
2695,4.46971,4.37845,7.566e-05,0.669,0.501,20056
2696,4.32855,4.37845,7.555e-05,0.687,0.512,20015
2697,4.53374,4.37845,7.545e-05,0.705,0.526,20073
2698,4.47285,4.37845,7.535e-05,0.674,0.510,20044
2699,4.44639,4.37845,7.525e-05,0.730,0.559,20033
2700,4.49939,4.37845,7.515e-05,0.688,0.509,20052
2701,4.39103,4.37845,7.505e-05,0.679,0.507,19154
2702,4.62066,4.37845,7.495e-05,0.692,0.521,19990
2703,4.36287,4.37845,7.485e-05,0.732,0.571,20040
2704,4.34233,4.37845,7.475e-05,0.686,0.518,20066
2705,4.46134,4.37845,7.466e-05,0.752,0.555,20021
2706,4.37084,4.37845,7.456e-05,0.665,0.500,20058
2707,4.41219,4.37845,7.446e-05,0.661,0.494,20045
2708,4.24874,4.37845,7.436e-05,0.763,0.607,20027
2709,4.35279,4.37845,7.426e-05,0.696,0.525,20048
2710,4.25553,4.37845,7.417e-05,0.714,0.537,20055
2711,4.36168,4.37845,7.407e-05,0.687,0.515,20021
2712,4.42913,4.37845,7.397e-05,0.677,0.512,20070
2713,4.49819,4.37845,7.388e-05,0.687,0.516,20041
2714,4.28016,4.37845,7.378e-05,0.695,0.530,20034
2715,4.56287,4.37845,7.369e-05,0.676,0.497,20049
2716,4.39871,4.37845,7.359e-05,0.702,0.533,20049
2717,4.44639,4.37845,7.350e-05,0.703,0.527,20014
2718,4.36016,4.37845,7.340e-05,0.690,0.521,20064
2719,4.20103,4.37845,7.331e-05,0.660,0.490,20038
2720,4.64820,4.37845,7.321e-05,0.702,0.522,20035
2721,4.54084,4.37845,7.312e-05,0.825,0.625,19259
2722,4.48791,4.37845,7.303e-05,0.681,0.515,20017
2723,4.53019,4.37845,7.294e-05,0.683,0.514,20056
2724,4.42387,4.37845,7.284e-05,0.758,0.590,20060
2725,4.57943,4.37845,7.275e-05,0.706,0.516,20049
2726,4.41759,4.37845,7.266e-05,0.702,0.538,20034
2727,4.47384,4.37845,7.257e-05,0.683,0.520,20048
2728,4.59545,4.37845,7.248e-05,0.691,0.519,20062
2729,4.45287,4.37845,7.239e-05,0.713,0.539,20017
2730,4.37677,4.37845,7.229e-05,0.670,0.500,20065
2731,4.51209,4.37845,7.220e-05,0.815,0.664,20042
2732,4.30605,4.37845,7.211e-05,0.710,0.550,20038
2733,4.53851,4.37845,7.203e-05,0.721,0.537,20047
2734,4.33815,4.37845,7.194e-05,0.675,0.509,20059
2735,4.43583,4.37845,7.185e-05,0.728,0.566,20019
2736,4.38706,4.37845,7.176e-05,0.751,0.562,20049
2737,4.31176,4.37845,7.167e-05,0.725,0.558,20055
2738,4.58474,4.37845,7.158e-05,0.673,0.502,20040
2739,4.32018,4.37845,7.149e-05,0.678,0.511,20054
2740,4.32233,4.37845,7.141e-05,0.692,0.523,20054
2741,4.49470,4.37845,7.132e-05,0.760,0.602,19294
2742,4.47731,4.37845,7.123e-05,0.771,0.612,20038
2743,4.49007,4.37845,7.115e-05,0.667,0.496,20050
2744,4.42113,4.37845,7.106e-05,0.723,0.563,20013
2745,4.27781,4.37845,7.098e-05,0.800,0.644,20034
2746,4.22966,4.37845,7.089e-05,0.714,0.549,20042
2747,4.53420,4.37845,7.081e-05,0.673,0.497,20047
2748,4.49673,4.37845,7.072e-05,0.721,0.556,20015
2749,4.30460,4.37845,7.064e-05,0.789,0.641,20051
2750,4.68485,4.33227,7.055e-05,0.716,0.544,6245
2751,4.47510,4.33227,7.047e-05,0.702,0.541,19387
2752,4.41034,4.33227,7.039e-05,0.727,0.564,20042
2753,4.70637,4.33227,7.030e-05,0.678,0.493,20055
2754,4.42320,4.33227,7.022e-05,0.638,0.471,20023
2755,4.37251,4.33227,7.014e-05,0.769,0.604,20024
2756,4.43964,4.33227,7.006e-05,0.772,0.620,20052
2757,4.60451,4.33227,6.997e-05,0.676,0.506,20057
2758,4.69931,4.33227,6.989e-05,0.683,0.506,20033
2759,4.58492,4.33227,6.981e-05,0.687,0.518,20068
2760,4.57750,4.33227,6.973e-05,0.792,0.630,20057
2761,4.55231,4.33227,6.965e-05,0.698,0.522,19002
2762,4.40797,4.33227,6.957e-05,0.723,0.563,20067
2763,4.46406,4.33227,6.949e-05,0.754,0.585,20052
2764,4.39572,4.33227,6.941e-05,0.690,0.536,20038
2765,4.31204,4.33227,6.933e-05,0.685,0.512,20055
2766,4.36148,4.33227,6.925e-05,0.731,0.571,20065
2767,4.41699,4.33227,6.917e-05,0.697,0.531,20020
2768,4.44161,4.33227,6.910e-05,0.731,0.540,20070
2769,4.54596,4.33227,6.902e-05,0.714,0.532,20046
2770,4.28514,4.33227,6.894e-05,0.688,0.518,20017
2771,4.42742,4.33227,6.886e-05,0.677,0.508,20069
2772,4.46041,4.33227,6.879e-05,0.712,0.547,20052
2773,4.31942,4.33227,6.871e-05,0.667,0.494,20022
2774,4.64147,4.33227,6.863e-05,0.676,0.502,20065
2775,4.36339,4.33227,6.856e-05,0.683,0.512,20065
2776,4.39616,4.33227,6.848e-05,0.678,0.512,20020
2777,4.54343,4.33227,6.841e-05,0.710,0.545,20068
2778,4.53398,4.33227,6.833e-05,0.686,0.518,20048
2779,4.39220,4.33227,6.826e-05,0.670,0.490,20021
2780,4.43577,4.33227,6.818e-05,0.711,0.544,20055
2781,4.54830,4.33227,6.811e-05,0.698,0.524,18957
2782,4.48039,4.33227,6.804e-05,0.698,0.523,20023
2783,4.65549,4.33227,6.796e-05,0.710,0.542,20067
2784,4.41586,4.33227,6.789e-05,0.657,0.486,20069
2785,4.43226,4.33227,6.782e-05,0.734,0.532,20032
2786,4.37512,4.33227,6.775e-05,0.755,0.587,20052
2787,4.35833,4.33227,6.767e-05,0.666,0.492,20068
2788,4.58927,4.33227,6.760e-05,0.699,0.519,20008
2789,4.39919,4.33227,6.753e-05,0.664,0.485,20057
2790,4.39421,4.33227,6.746e-05,0.664,0.493,20048
2791,4.25067,4.33227,6.739e-05,0.684,0.511,20029
2792,4.44243,4.33227,6.732e-05,0.696,0.522,20055
2793,4.62868,4.33227,6.725e-05,0.694,0.506,20045
2794,4.24919,4.33227,6.718e-05,0.720,0.551,20026
2795,4.31789,4.33227,6.711e-05,0.734,0.557,20030
2796,4.55681,4.33227,6.704e-05,0.703,0.531,20041
2797,4.49332,4.33227,6.697e-05,0.739,0.572,20022
2798,4.47299,4.33227,6.690e-05,0.689,0.517,20035
2799,4.44735,4.33227,6.684e-05,0.681,0.505,20053
2800,4.29739,4.33227,6.677e-05,0.694,0.521,20036
2801,4.31498,4.33227,6.670e-05,0.721,0.541,19179
2802,4.32328,4.33227,6.664e-05,0.680,0.505,20068
2803,4.36095,4.33227,6.657e-05,0.650,0.481,20030
2804,4.42046,4.33227,6.650e-05,0.670,0.497,20075
2805,4.26711,4.33227,6.644e-05,0.751,0.582,20062
2806,4.36850,4.33227,6.637e-05,0.656,0.485,20023
2807,4.42662,4.33227,6.631e-05,0.694,0.526,20059
2808,4.46494,4.33227,6.624e-05,0.688,0.522,20045
2809,4.44932,4.33227,6.618e-05,0.682,0.515,20045
2810,4.57014,4.33227,6.611e-05,0.715,0.535,20066
2811,4.26632,4.33227,6.605e-05,0.678,0.513,20052
2812,4.79390,4.33227,6.598e-05,0.665,0.488,20038
2813,4.64434,4.33227,6.592e-05,0.699,0.530,20011
2814,4.62685,4.33227,6.586e-05,0.666,0.491,20056
2815,4.65780,4.33227,6.580e-05,0.690,0.499,20071
2816,4.27227,4.33227,6.573e-05,0.706,0.527,20020
2817,4.61211,4.33227,6.567e-05,1.317,1.096,20060
2818,4.32755,4.33227,6.561e-05,0.683,0.512,20049
2819,4.52186,4.33227,6.555e-05,0.710,0.545,20031
2820,4.25899,4.33227,6.549e-05,0.681,0.514,20053
2821,4.31368,4.33227,6.543e-05,0.689,0.521,19004
2822,4.70222,4.33227,6.537e-05,0.699,0.531,20014
2823,4.44984,4.33227,6.531e-05,0.708,0.529,20069
2824,4.51739,4.33227,6.525e-05,0.684,0.513,20061
2825,4.42994,4.33227,6.519e-05,0.704,0.526,20041
2826,4.35178,4.33227,6.513e-05,0.792,0.609,20070
2827,4.40408,4.33227,6.507e-05,0.696,0.536,20062
2828,4.60841,4.33227,6.501e-05,0.759,0.566,20045
2829,4.51816,4.33227,6.495e-05,0.684,0.517,20031
2830,4.56835,4.33227,6.490e-05,0.684,0.512,20054
2831,4.57617,4.33227,6.484e-05,0.691,0.516,20035
2832,4.37980,4.33227,6.478e-05,0.704,0.531,20059
2833,4.38668,4.33227,6.473e-05,0.677,0.504,20053
2834,4.29720,4.33227,6.467e-05,0.680,0.521,19997
2835,4.36226,4.33227,6.461e-05,0.698,0.525,20067
2836,4.36766,4.33227,6.456e-05,0.709,0.525,20039
2837,4.53379,4.33227,6.450e-05,0.724,0.532,20035
2838,4.24929,4.33227,6.445e-05,0.659,0.492,20048
2839,4.35083,4.33227,6.439e-05,0.718,0.539,20066
2840,4.25085,4.33227,6.434e-05,0.717,0.553,20029
2841,4.50472,4.33227,6.429e-05,0.709,0.525,19076
2842,4.42133,4.33227,6.423e-05,0.695,0.519,20051
2843,4.39697,4.33227,6.418e-05,0.740,0.573,19986
2844,4.40292,4.33227,6.413e-05,0.690,0.518,20082
2845,4.51773,4.33227,6.407e-05,0.676,0.508,20048
2846,4.42647,4.33227,6.402e-05,0.713,0.542,20054
2847,4.47801,4.33227,6.397e-05,0.666,0.491,20050
2848,4.43421,4.33227,6.392e-05,0.678,0.498,20048
2849,4.48118,4.33227,6.387e-05,0.688,0.527,20012
2850,4.29194,4.33227,6.381e-05,0.725,0.543,20059
2851,4.43374,4.33227,6.376e-05,0.722,0.531,20067
2852,4.58554,4.33227,6.371e-05,0.684,0.514,20027
2853,4.62173,4.33227,6.366e-05,0.764,0.608,20076
2854,4.23573,4.33227,6.361e-05,0.707,0.530,20066
2855,4.57705,4.33227,6.357e-05,0.716,0.536,19996
2856,4.44688,4.33227,6.352e-05,0.715,0.530,20062
2857,4.36564,4.33227,6.347e-05,0.692,0.517,20050
2858,4.36488,4.33227,6.342e-05,0.698,0.535,20023
2859,4.42905,4.33227,6.337e-05,0.694,0.517,20060
2860,4.28776,4.33227,6.332e-05,0.737,0.573,20052
2861,4.53727,4.33227,6.328e-05,0.746,0.568,19115
2862,4.49783,4.33227,6.323e-05,0.689,0.508,20058
2863,4.30865,4.33227,6.318e-05,0.710,0.537,20030
2864,4.45792,4.33227,6.314e-05,0.694,0.530,20031
2865,4.53577,4.33227,6.309e-05,0.669,0.495,20022
2866,4.49540,4.33227,6.305e-05,0.711,0.548,20047
2867,4.35958,4.33227,6.300e-05,0.671,0.506,20001
2868,4.27505,4.33227,6.296e-05,0.677,0.508,20066
2869,4.49701,4.33227,6.291e-05,0.659,0.495,20047
2870,4.27610,4.33227,6.287e-05,0.699,0.516,20065
2871,4.52822,4.33227,6.282e-05,0.648,0.472,20008
2872,4.55448,4.33227,6.278e-05,0.737,0.545,20053
2873,4.22298,4.33227,6.274e-05,0.676,0.503,20049
2874,4.44390,4.33227,6.269e-05,0.690,0.507,20031
2875,4.44709,4.33227,6.265e-05,0.663,0.497,20061
2876,4.58547,4.33227,6.261e-05,0.762,0.594,20054
2877,4.71903,4.33227,6.257e-05,0.705,0.540,20036
2878,4.40493,4.33227,6.253e-05,0.719,0.550,20041
2879,4.34265,4.33227,6.248e-05,0.701,0.528,20060
2880,4.39391,4.33227,6.244e-05,0.699,0.537,20038
2881,4.56315,4.33227,6.240e-05,0.751,0.581,19042
2882,4.63107,4.33227,6.236e-05,0.657,0.487,20054
2883,4.42166,4.33227,6.232e-05,0.697,0.518,20048
2884,4.45401,4.33227,6.228e-05,0.730,0.550,20036
2885,4.56494,4.33227,6.224e-05,0.690,0.529,20051
2886,4.48435,4.33227,6.221e-05,0.693,0.519,20050
2887,4.35782,4.33227,6.217e-05,0.691,0.515,20058
2888,4.50039,4.33227,6.213e-05,0.736,0.569,20048
2889,4.52219,4.33227,6.209e-05,0.672,0.507,20042
2890,4.42500,4.33227,6.205e-05,0.663,0.490,20056
2891,4.41904,4.33227,6.202e-05,0.716,0.535,20038
2892,4.38208,4.33227,6.198e-05,0.679,0.508,20031
2893,4.42515,4.33227,6.194e-05,0.695,0.524,20057
2894,4.50047,4.33227,6.191e-05,0.718,0.535,20054
2895,4.39682,4.33227,6.187e-05,0.772,0.605,20026
2896,4.47864,4.33227,6.184e-05,0.749,0.563,20065
2897,4.21240,4.33227,6.180e-05,0.714,0.544,20059
2898,4.43788,4.33227,6.177e-05,0.696,0.514,20033
2899,4.47169,4.33227,6.173e-05,0.741,0.577,20052
2900,4.12991,4.33227,6.170e-05,0.719,0.543,20052
2901,4.54399,4.33227,6.166e-05,0.688,0.511,19044
2902,4.49570,4.33227,6.163e-05,0.757,0.573,20015
2903,4.44504,4.33227,6.160e-05,0.733,0.574,20062
2904,4.72495,4.33227,6.156e-05,0.684,0.499,20019
2905,4.54435,4.33227,6.153e-05,0.724,0.547,20058
2906,4.25905,4.33227,6.150e-05,0.719,0.537,20053
2907,4.24446,4.33227,6.147e-05,0.735,0.560,20006
2908,4.54102,4.33227,6.144e-05,0.712,0.524,20056
2909,4.25942,4.33227,6.141e-05,0.687,0.525,20072
2910,4.45928,4.33227,6.138e-05,0.702,0.530,20019
2911,4.41040,4.33227,6.135e-05,0.662,0.491,20053
2912,4.37165,4.33227,6.132e-05,0.675,0.501,20073
2913,4.43937,4.33227,6.129e-05,0.724,0.570,20030
2914,4.15963,4.33227,6.126e-05,0.774,0.622,20050
2915,4.31492,4.33227,6.123e-05,0.694,0.524,20051
2916,4.44125,4.33227,6.120e-05,0.707,0.537,20023
2917,4.41730,4.33227,6.117e-05,0.842,0.687,20062
2918,4.35165,4.33227,6.114e-05,0.713,0.550,20069
2919,4.39351,4.33227,6.111e-05,0.671,0.499,20015
2920,4.23129,4.33227,6.109e-05,0.764,0.570,20057
2921,4.42952,4.33227,6.106e-05,0.757,0.585,19076
2922,4.68399,4.33227,6.103e-05,0.758,0.595,20045
2923,4.30382,4.33227,6.101e-05,0.692,0.523,20054
2924,4.35793,4.33227,6.098e-05,0.790,0.629,20050
2925,4.15914,4.33227,6.096e-05,0.900,0.744,20051
2926,4.63365,4.33227,6.093e-05,0.739,0.569,20020
2927,4.46264,4.33227,6.091e-05,0.697,0.525,20067
2928,4.44248,4.33227,6.088e-05,0.781,0.626,20049
2929,4.26525,4.33227,6.086e-05,0.868,0.699,20012
2930,4.41308,4.33227,6.083e-05,0.680,0.518,20058
2931,4.38064,4.33227,6.081e-05,0.703,0.540,20062
2932,4.41923,4.33227,6.079e-05,0.692,0.522,20025
2933,4.42122,4.33227,6.076e-05,0.715,0.551,20065
2934,4.17921,4.33227,6.074e-05,0.812,0.647,20059
2935,4.34615,4.33227,6.072e-05,0.747,0.564,20013
2936,4.51816,4.33227,6.070e-05,0.719,0.534,20064
2937,4.44839,4.33227,6.067e-05,0.864,0.710,20044
2938,4.40086,4.33227,6.065e-05,0.739,0.577,20001
2939,4.17879,4.33227,6.063e-05,0.682,0.520,20035
2940,4.18582,4.33227,6.061e-05,0.881,0.680,20043
2941,4.57848,4.33227,6.059e-05,0.819,0.649,19006
2942,4.39163,4.33227,6.057e-05,0.720,0.559,20058
2943,4.73638,4.33227,6.055e-05,0.730,0.541,20066
2944,4.17797,4.33227,6.053e-05,0.723,0.555,20008
2945,4.15559,4.33227,6.051e-05,0.853,0.702,20043
2946,4.38492,4.33227,6.050e-05,0.730,0.560,20053
2947,4.48753,4.33227,6.048e-05,0.731,0.542,20018
2948,4.40109,4.33227,6.046e-05,0.761,0.602,20023
2949,4.48811,4.33227,6.044e-05,0.720,0.547,20041
2950,4.09008,4.33227,6.042e-05,0.709,0.547,20019
2951,4.33114,4.33227,6.041e-05,0.734,0.546,20036
2952,4.35184,4.33227,6.039e-05,0.743,0.559,20035
2953,4.42237,4.33227,6.038e-05,0.705,0.522,20021
2954,4.30918,4.33227,6.036e-05,0.705,0.534,20050
2955,4.18901,4.33227,6.034e-05,0.762,0.592,20056
2956,4.30636,4.33227,6.033e-05,0.709,0.539,20012
2957,4.24252,4.33227,6.031e-05,0.721,0.550,20062
2958,4.33883,4.33227,6.030e-05,0.760,0.591,20050
2959,4.67078,4.33227,6.029e-05,0.711,0.537,20010
2960,4.30085,4.33227,6.027e-05,0.671,0.508,20053
2961,4.41043,4.33227,6.026e-05,0.755,0.574,19006
2962,4.24886,4.33227,6.025e-05,0.714,0.543,20028
2963,4.62678,4.33227,6.023e-05,0.753,0.575,20045
2964,4.35222,4.33227,6.022e-05,0.705,0.525,20045
2965,4.39465,4.33227,6.021e-05,0.683,0.514,20024
2966,4.09186,4.33227,6.020e-05,0.765,0.581,20070
2967,4.54160,4.33227,6.019e-05,0.683,0.513,20067
2968,4.34399,4.33227,6.017e-05,0.766,0.573,20034
2969,4.70614,4.33227,6.016e-05,0.707,0.529,20060
2970,4.44443,4.33227,6.015e-05,0.680,0.514,20069
2971,4.35794,4.33227,6.014e-05,0.746,0.594,20031
2972,4.19412,4.33227,6.013e-05,0.715,0.548,20087
2973,4.35044,4.33227,6.012e-05,0.735,0.568,20057
2974,4.46331,4.33227,6.011e-05,0.729,0.555,20025
2975,4.53321,4.33227,6.011e-05,0.688,0.525,20043
2976,4.34714,4.33227,6.010e-05,0.743,0.563,20054
2977,4.72506,4.33227,6.009e-05,0.775,0.611,20049
2978,4.27938,4.33227,6.008e-05,0.756,0.574,20037
2979,4.25475,4.33227,6.007e-05,0.712,0.548,20064
2980,4.33167,4.33227,6.007e-05,0.700,0.518,20059
2981,4.50853,4.33227,6.006e-05,0.708,0.516,19122
2982,4.36111,4.33227,6.006e-05,0.793,0.619,20033
2983,4.41818,4.33227,6.005e-05,0.721,0.542,20050
2984,4.44457,4.33227,6.004e-05,0.716,0.539,20026
2985,4.26781,4.33227,6.004e-05,0.794,0.626,20051
2986,4.33251,4.33227,6.003e-05,0.680,0.504,20042
2987,4.42429,4.33227,6.003e-05,0.712,0.532,20029
2988,4.23902,4.33227,6.002e-05,0.742,0.578,20049
2989,4.23375,4.33227,6.002e-05,0.777,0.608,20052
2990,4.39068,4.33227,6.002e-05,0.698,0.518,20046
2991,4.49111,4.33227,6.001e-05,0.769,0.586,20047
2992,4.35824,4.33227,6.001e-05,0.753,0.586,20048
2993,4.45652,4.33227,6.001e-05,0.727,0.546,20003
2994,4.42348,4.33227,6.001e-05,0.747,0.570,20060
2995,4.43151,4.33227,6.000e-05,0.697,0.524,20046
2996,4.25838,4.33227,6.000e-05,0.708,0.538,20037
2997,4.34282,4.33227,6.000e-05,0.705,0.534,20042
2998,4.44926,4.33227,6.000e-05,0.803,0.612,20044
2999,4.47467,4.30372,6.000e-05,0.715,0.532,6138
