step,loss,val_loss,lr,grad_norm,proj_grad_norm,tokens_per_s
0,12.55685,12.53096,3.000e-06,5.340,0.898,6744
1,12.53648,12.53096,6.000e-06,6.153,0.999,15545
2,12.48228,12.53096,9.000e-06,5.573,0.908,15360
3,12.40787,12.53096,1.200e-05,4.565,0.707,15342
4,12.34025,12.53096,1.500e-05,3.809,0.534,15334
5,12.24986,12.53096,1.800e-05,3.168,0.395,15361
6,12.20391,12.53096,2.100e-05,3.119,0.399,15340
7,12.15448,12.53096,2.400e-05,2.603,0.300,15319
8,12.13393,12.53096,2.700e-05,2.019,0.197,15341
9,12.07913,12.53096,3.000e-05,1.890,0.223,15315
10,12.04810,12.53096,3.300e-05,1.749,0.228,15327
11,12.02540,12.53096,3.600e-05,1.551,0.166,15294
12,11.96529,12.53096,3.900e-05,1.562,0.129,15286
13,11.95683,12.53096,4.200e-05,1.494,0.163,15310
14,11.89046,12.53096,4.500e-05,1.436,0.079,15326
15,11.88696,12.53096,4.800e-05,1.317,0.083,15337
16,11.88451,12.53096,5.100e-05,1.368,0.146,15302
17,11.83644,12.53096,5.400e-05,1.324,0.098,15310
18,11.80230,12.53096,5.700e-05,1.355,0.119,15324
19,11.76910,12.53096,6.000e-05,1.545,0.195,15308
20,11.75729,12.53096,6.300e-05,1.230,0.095,15320
21,11.73530,12.53096,6.600e-05,1.319,0.144,15309
22,11.67193,12.53096,6.900e-05,1.264,0.107,15352
23,11.61287,12.53096,7.200e-05,1.287,0.081,15325
24,11.58731,12.53096,7.500e-05,1.325,0.112,15307
25,11.53464,12.53096,7.800e-05,1.422,0.114,15312
26,11.47139,12.53096,8.100e-05,1.317,0.092,15305
27,11.45183,12.53096,8.400e-05,1.300,0.151,15320
28,11.38983,12.53096,8.700e-05,1.290,0.122,15299
29,11.32934,12.53096,9.000e-05,1.281,0.110,15338
30,11.29474,12.53096,9.300e-05,1.224,0.088,15322
31,11.23529,12.53096,9.600e-05,1.234,0.071,15311
32,11.20064,12.53096,9.900e-05,1.226,0.102,15306
33,11.14211,12.53096,1.020e-04,1.236,0.080,15295
34,11.06198,12.53096,1.050e-04,1.357,0.089,15298
35,11.02464,12.53096,1.080e-04,1.252,0.091,15311
36,10.96486,12.53096,1.110e-04,1.196,0.066,15331
37,10.86765,12.53096,1.140e-04,1.238,0.079,15334
38,10.80676,12.53096,1.170e-04,1.277,0.075,15313
39,10.76176,12.53096,1.200e-04,1.277,0.087,15302
40,10.68289,12.53096,1.230e-04,1.255,0.074,15320
41,10.63231,12.53096,1.260e-04,1.244,0.093,15303
42,10.56151,12.53096,1.290e-04,1.185,0.089,15288
43,10.48299,12.53096,1.320e-04,1.331,0.104,15334
44,10.43412,12.53096,1.350e-04,1.277,0.096,15332
45,10.34890,12.53096,1.380e-04,1.260,0.126,15304
46,10.26285,12.53096,1.410e-04,1.228,0.100,15309
47,10.18833,12.53096,1.440e-04,1.292,0.127,15307
48,10.13741,12.53096,1.470e-04,1.168,0.101,15319
49,10.02626,12.53096,1.500e-04,1.233,0.086,15291
50,9.94751,12.53096,1.530e-04,1.233,0.090,15327
51,9.89622,12.53096,1.560e-04,1.485,0.106,15340
52,9.79274,12.53096,1.590e-04,1.312,0.092,15285
53,9.67571,12.53096,1.620e-04,1.205,0.068,15319
54,9.64172,12.53096,1.650e-04,1.249,0.075,15314
55,9.57598,12.53096,1.680e-04,1.168,0.087,15323
56,9.43876,12.53096,1.710e-04,1.220,0.092,15317
57,9.41364,12.53096,1.740e-04,1.377,0.093,15317
58,9.26448,12.53096,1.770e-04,1.249,0.112,15334
59,9.28089,12.53096,1.800e-04,1.243,0.117,15322
60,9.17254,12.53096,1.830e-04,1.183,0.096,15285
61,9.09267,12.53096,1.860e-04,1.321,0.142,15305
62,8.98050,12.53096,1.890e-04,1.161,0.072,15313
63,8.91999,12.53096,1.920e-04,1.252,0.130,15307
64,8.82860,12.53096,1.950e-04,1.251,0.077,15321
65,8.72845,12.53096,1.980e-04,1.211,0.104,15344
66,8.69142,12.53096,2.010e-04,1.201,0.093,15311
67,8.64179,12.53096,2.040e-04,1.285,0.157,15310
68,8.55187,12.53096,2.070e-04,1.332,0.158,15302
69,8.46425,12.53096,2.100e-04,1.164,0.072,15314
70,8.47496,12.53096,2.130e-04,1.342,0.084,15288
71,8.29266,12.53096,2.160e-04,1.106,0.071,15323
72,8.24141,12.53096,2.190e-04,1.117,0.084,15351
73,8.16556,12.53096,2.220e-04,1.158,0.122,15322
74,8.13254,12.53096,2.250e-04,1.523,0.374,15301
75,8.02385,12.53096,2.280e-04,1.055,0.126,15317
76,8.01375,12.53096,2.310e-04,1.267,0.198,15309
77,7.91135,12.53096,2.340e-04,1.160,0.104,15302
78,7.83796,12.53096,2.370e-04,1.123,0.152,15298
79,7.86165,12.53096,2.400e-04,1.119,0.063,15340
80,7.58777,12.53096,2.430e-04,1.002,0.141,15322
81,7.75896,12.53096,2.460e-04,1.049,0.104,15305
82,7.50126,12.53096,2.490e-04,0.876,0.082,15305
83,7.66419,12.53096,2.520e-04,1.056,0.124,15309
84,7.59074,12.53096,2.550e-04,0.936,0.096,15291
85,7.50657,12.53096,2.580e-04,0.971,0.082,15310
86,7.56041,12.53096,2.610e-04,0.965,0.147,15334
87,7.49397,12.53096,2.640e-04,0.887,0.096,15325
88,7.29536,12.53096,2.670e-04,0.780,0.106,15290
89,7.30146,12.53096,2.700e-04,0.865,0.110,15311
90,7.32543,12.53096,2.730e-04,0.741,0.049,15307
91,7.37557,12.53096,2.760e-04,0.766,0.101,15288
92,7.20721,12.53096,2.790e-04,0.616,0.071,15298
93,7.14195,12.53096,2.820e-04,0.629,0.075,15330
94,7.09225,12.53096,2.850e-04,0.612,0.103,15348
95,7.12812,12.53096,2.880e-04,0.622,0.131,15289
96,7.11389,12.53096,2.910e-04,0.621,0.120,15321
97,7.05241,12.53096,2.940e-04,0.562,0.106,15320
98,7.04412,12.53096,2.970e-04,0.545,0.099,15296
99,7.00731,12.53096,3.000e-04,0.663,0.127,15298
100,7.07181,12.53096,3.030e-04,0.563,0.151,15289
101,6.98129,12.53096,3.060e-04,0.504,0.110,15322
102,7.01636,12.53096,3.090e-04,0.482,0.106,15297
103,6.95592,12.53096,3.120e-04,0.535,0.154,15300
104,6.91966,12.53096,3.150e-04,0.573,0.126,15307
105,7.04383,12.53096,3.180e-04,0.528,0.127,15305
106,6.88823,12.53096,3.210e-04,0.527,0.110,15271
107,6.96881,12.53096,3.240e-04,0.543,0.160,15301
108,6.89686,12.53096,3.270e-04,0.504,0.119,15333
109,6.90733,12.53096,3.300e-04,0.649,0.183,15300
110,6.88207,12.53096,3.330e-04,0.938,0.332,15302
111,6.80617,12.53096,3.360e-04,0.515,0.139,15283
112,6.74437,12.53096,3.390e-04,0.771,0.270,15296
113,6.91768,12.53096,3.420e-04,0.564,0.175,15291
114,6.79843,12.53096,3.450e-04,0.745,0.250,15316
115,6.92268,12.53096,3.480e-04,0.675,0.161,15333
116,6.89676,12.53096,3.510e-04,0.541,0.156,15317
117,6.72701,12.53096,3.540e-04,0.502,0.140,15314
118,6.80595,12.53096,3.570e-04,0.612,0.230,15317
119,6.69052,12.53096,3.600e-04,0.768,0.307,15311
120,6.78542,12.53096,3.630e-04,0.609,0.194,15314
121,6.78414,12.53096,3.660e-04,0.492,0.139,15297
122,6.68077,12.53096,3.690e-04,0.662,0.200,15340
123,6.73832,12.53096,3.720e-04,0.474,0.149,15312
124,6.80373,12.53096,3.750e-04,0.591,0.156,15277
125,6.54905,12.53096,3.780e-04,0.462,0.155,15299
126,6.72899,12.53096,3.810e-04,0.649,0.173,15312
127,6.79982,12.53096,3.840e-04,0.716,0.234,15312
128,6.67149,12.53096,3.870e-04,0.492,0.197,15306
129,6.73477,12.53096,3.900e-04,0.567,0.185,15349
130,6.61652,12.53096,3.930e-04,0.499,0.168,15312
131,6.67691,12.53096,3.960e-04,0.596,0.225,15305
132,6.76768,12.53096,3.990e-04,0.476,0.167,15290
133,6.61372,12.53096,4.020e-04,0.531,0.162,15295
134,6.62897,12.53096,4.050e-04,0.501,0.214,15316
135,6.69645,12.53096,4.080e-04,0.448,0.142,15302
136,6.55866,12.53096,4.110e-04,0.598,0.260,15321
137,6.39364,12.53096,4.140e-04,0.606,0.276,15305
138,6.53194,12.53096,4.170e-04,0.633,0.252,15294
139,6.77736,12.53096,4.200e-04,0.673,0.310,15323
140,6.63560,12.53096,4.230e-04,0.487,0.170,15306
141,6.48781,12.53096,4.260e-04,0.645,0.311,15293
142,6.59420,12.53096,4.290e-04,0.606,0.236,15307
143,6.57533,12.53096,4.320e-04,0.633,0.301,15320
144,6.42119,12.53096,4.350e-04,0.636,0.266,15328
145,6.50613,12.53096,4.380e-04,0.580,0.194,15320
146,6.45567,12.53096,4.410e-04,0.558,0.262,15309
147,6.56232,12.53096,4.440e-04,0.570,0.185,15304
148,6.55531,12.53096,4.470e-04,0.552,0.253,15305
149,6.50538,12.53096,4.500e-04,0.568,0.227,15311
150,6.47525,12.53096,4.530e-04,0.652,0.284,15325
151,6.39730,12.53096,4.560e-04,0.625,0.276,15343
152,6.43350,12.53096,4.590e-04,0.816,0.356,15292
153,6.32990,12.53096,4.620e-04,0.756,0.410,15308
154,6.58699,12.53096,4.650e-04,0.711,0.290,15300
155,6.54640,12.53096,4.680e-04,0.589,0.283,15327
156,6.38545,12.53096,4.710e-04,0.790,0.395,15310
157,6.68426,12.53096,4.740e-04,0.702,0.302,15322
158,6.46394,12.53096,4.770e-04,0.499,0.204,15322
159,6.37698,12.53096,4.800e-04,0.919,0.448,15305
160,6.36397,12.53096,4.830e-04,0.676,0.339,15306
161,6.52794,12.53096,4.860e-04,0.570,0.236,15279
162,6.39066,12.53096,4.890e-04,0.576,0.274,15324
163,6.38929,12.53096,4.920e-04,0.699,0.338,15295
164,6.33186,12.53096,4.950e-04,0.754,0.306,15321
165,6.28811,12.53096,4.980e-04,0.545,0.270,15325
166,6.52284,12.53096,5.010e-04,0.697,0.258,15317
167,6.39203,12.53096,5.040e-04,0.623,0.290,15302
168,6.30869,12.53096,5.070e-04,0.525,0.212,15326
169,6.30740,12.53096,5.100e-04,0.678,0.334,15307
170,6.57349,12.53096,5.130e-04,0.552,0.267,15319
171,6.43629,12.53096,5.160e-04,0.709,0.379,15305
172,6.29379,12.53096,5.190e-04,0.541,0.240,15329
173,6.41321,12.53096,5.220e-04,0.588,0.258,15300
174,6.40975,12.53096,5.250e-04,0.681,0.311,15301
175,6.16778,12.53096,5.280e-04,0.578,0.298,15303
176,6.29572,12.53096,5.310e-04,0.791,0.430,15306
177,6.32964,12.53096,5.340e-04,1.098,0.573,15305
178,6.38780,12.53096,5.370e-04,1.235,0.720,15305
179,6.51216,12.53096,5.400e-04,0.587,0.282,15330
180,6.34842,12.53096,5.430e-04,0.894,0.455,15299
181,6.44460,12.53096,5.460e-04,0.770,0.366,15289
182,6.29880,12.53096,5.490e-04,0.663,0.340,15297
183,6.44816,12.53096,5.520e-04,0.651,0.295,15305
184,6.25266,12.53096,5.550e-04,0.539,0.242,15318
185,6.37177,12.53096,5.580e-04,0.663,0.294,15305
186,6.22846,12.53096,5.610e-04,0.720,0.309,15331
187,6.37359,12.53096,5.640e-04,0.547,0.254,15315
188,6.20891,12.53096,5.670e-04,0.578,0.260,15308
189,6.26087,12.53096,5.700e-04,0.569,0.224,15300
190,6.22283,12.53096,5.730e-04,0.643,0.304,15284
191,6.38106,12.53096,5.760e-04,0.788,0.425,15309
192,6.13631,12.53096,5.790e-04,0.744,0.437,15291
193,6.23669,12.53096,5.820e-04,0.581,0.296,15330
194,6.18971,12.53096,5.850e-04,0.643,0.347,15321
195,6.23107,12.53096,5.880e-04,0.536,0.253,15303
196,6.39825,12.53096,5.910e-04,0.691,0.361,15318
197,6.27958,12.53096,5.940e-04,0.506,0.258,15301
198,6.32323,12.53096,5.970e-04,0.542,0.259,15295
199,6.17547,12.53096,6.000e-04,0.447,0.201,15301
200,6.26010,12.53096,6.000e-04,0.516,0.231,15335
201,6.33449,12.53096,6.000e-04,0.508,0.228,15320
202,6.31139,12.53096,6.000e-04,0.569,0.261,15306
203,6.29720,12.53096,6.000e-04,0.764,0.392,15320
204,6.03107,12.53096,6.000e-04,0.737,0.382,15304
205,6.29288,12.53096,6.000e-04,0.713,0.392,15290
206,6.21915,12.53096,6.000e-04,0.671,0.321,15298
207,6.28196,12.53096,6.000e-04,0.600,0.314,15328
208,6.32807,12.53096,6.000e-04,1.334,0.746,15333
209,6.26769,12.53096,6.000e-04,0.675,0.349,15296
210,6.23615,12.53096,6.000e-04,0.707,0.319,15307
211,6.26029,12.53096,6.000e-04,0.615,0.296,15308
212,6.48791,12.53096,6.000e-04,0.525,0.215,15300
213,6.29231,12.53096,6.000e-04,0.593,0.273,15321
214,6.19936,12.53096,6.000e-04,0.526,0.221,15332
215,6.00463,12.53096,6.000e-04,0.863,0.521,15335
216,6.16835,12.53096,6.000e-04,0.757,0.440,15319
217,6.12936,12.53096,6.000e-04,0.604,0.310,15310
218,6.16525,12.53096,5.999e-04,0.533,0.283,15302
219,6.22003,12.53096,5.999e-04,0.546,0.233,15310
220,6.08117,12.53096,5.999e-04,0.561,0.282,15313
221,6.10793,12.53096,5.999e-04,0.509,0.243,15326
222,6.08233,12.53096,5.999e-04,0.592,0.330,15326
223,6.10741,12.53096,5.999e-04,0.523,0.281,15313
224,6.29630,12.53096,5.999e-04,0.599,0.278,15312
225,6.07273,12.53096,5.999e-04,0.548,0.279,15321
226,6.16848,12.53096,5.999e-04,0.583,0.322,15295
227,6.11730,12.53096,5.999e-04,0.595,0.315,15321
228,6.06415,12.53096,5.999e-04,0.624,0.328,15307
229,6.29575,12.53096,5.999e-04,0.637,0.338,15339
230,5.89807,12.53096,5.998e-04,0.660,0.324,15327
231,6.19007,12.53096,5.998e-04,0.672,0.317,15327
232,6.14155,12.53096,5.998e-04,0.673,0.327,15294
233,6.04615,12.53096,5.998e-04,0.684,0.363,15315
234,6.04135,12.53096,5.998e-04,0.654,0.342,15305
235,6.16163,12.53096,5.998e-04,0.552,0.271,15302
236,6.07085,12.53096,5.998e-04,0.572,0.310,15318
237,6.11627,12.53096,5.998e-04,0.580,0.289,15321
238,6.19435,12.53096,5.998e-04,0.542,0.253,15304
239,5.99924,12.53096,5.997e-04,0.691,0.359,15306
240,6.09570,12.53096,5.997e-04,0.512,0.237,15303
241,6.10265,12.53096,5.997e-04,0.562,0.295,15301
242,6.21279,12.53096,5.997e-04,0.684,0.351,15314
243,6.06420,12.53096,5.997e-04,0.541,0.266,15339
244,6.23347,12.53096,5.997e-04,0.760,0.419,15325
245,6.16958,12.53096,5.997e-04,0.656,0.324,15297
246,6.10441,12.53096,5.996e-04,0.626,0.338,15310
247,6.15658,12.53096,5.996e-04,0.528,0.266,15304
248,5.99828,12.53096,5.996e-04,0.608,0.328,15303
249,6.04746,12.53096,5.996e-04,0.627,0.358,15310
250,5.93630,6.00352,5.996e-04,0.596,0.315,7094
251,5.93388,6.00352,5.996e-04,0.611,0.335,15485
252,5.94321,6.00352,5.995e-04,0.621,0.297,15312
253,6.10887,6.00352,5.995e-04,0.580,0.312,15307
254,5.87848,6.00352,5.995e-04,0.447,0.203,15332
255,6.07912,6.00352,5.995e-04,0.582,0.291,15321
256,6.21180,6.00352,5.995e-04,0.414,0.189,15315
257,5.87347,6.00352,5.994e-04,0.554,0.291,15313
258,5.92846,6.00352,5.994e-04,0.559,0.287,15288
259,6.03514,6.00352,5.994e-04,0.577,0.325,15332
260,6.07405,6.00352,5.994e-04,0.444,0.194,15307
261,5.90689,6.00352,5.994e-04,0.558,0.289,15336
262,5.85160,6.00352,5.993e-04,0.525,0.261,15320
263,5.92272,6.00352,5.993e-04,0.509,0.275,15314
264,5.84868,6.00352,5.993e-04,0.548,0.293,15299
265,5.99859,6.00352,5.993e-04,0.825,0.512,15290
266,5.91933,6.00352,5.993e-04,0.620,0.355,15301
267,6.11358,6.00352,5.992e-04,0.484,0.248,15289
268,6.00251,6.00352,5.992e-04,0.481,0.228,15325
269,5.97759,6.00352,5.992e-04,0.502,0.255,15335
270,5.75613,6.00352,5.992e-04,0.511,0.260,15297
271,5.98377,6.00352,5.991e-04,0.498,0.243,15295
272,6.16947,6.00352,5.991e-04,0.516,0.259,15332
273,5.81546,6.00352,5.991e-04,0.492,0.222,15325
274,6.15974,6.00352,5.991e-04,0.509,0.250,15298
275,6.08898,6.00352,5.990e-04,0.539,0.249,15315
276,6.12885,6.00352,5.990e-04,0.528,0.264,15347
277,6.00806,6.00352,5.990e-04,0.668,0.380,15311
278,5.79358,6.00352,5.990e-04,0.718,0.414,15284
279,6.16649,6.00352,5.989e-04,0.553,0.291,15297
280,5.97888,6.00352,5.989e-04,0.596,0.284,15307
281,5.83829,6.00352,5.989e-04,0.682,0.389,15321
282,5.85804,6.00352,5.989e-04,0.616,0.328,15302
283,6.28532,6.00352,5.988e-04,0.732,0.353,15338
284,6.18324,6.00352,5.988e-04,0.799,0.378,15322
285,6.21678,6.00352,5.988e-04,0.667,0.272,15291
286,5.87480,6.00352,5.987e-04,0.545,0.278,15300
287,5.88151,6.00352,5.987e-04,0.507,0.241,15314
288,5.96018,6.00352,5.987e-04,0.521,0.224,15277
289,5.97964,6.00352,5.987e-04,0.519,0.257,15313
290,5.69018,6.00352,5.986e-04,0.591,0.315,15340
291,5.95781,6.00352,5.986e-04,0.574,0.307,15303
292,6.05985,6.00352,5.986e-04,0.497,0.245,15311
293,6.11263,6.00352,5.985e-04,0.552,0.306,15319
294,5.87192,6.00352,5.985e-04,0.524,0.246,15300
295,5.72759,6.00352,5.985e-04,0.541,0.303,15302
296,5.94894,6.00352,5.984e-04,0.575,0.298,15332
297,6.09107,6.00352,5.984e-04,0.502,0.239,15335
298,6.02812,6.00352,5.984e-04,0.536,0.279,15297
299,5.85800,6.00352,5.983e-04,0.512,0.253,15318
300,5.93056,6.00352,5.983e-04,0.519,0.268,15302
301,5.97412,6.00352,5.983e-04,0.597,0.321,15299
302,5.90532,6.00352,5.982e-04,0.485,0.242,15291
303,5.87282,6.00352,5.982e-04,0.578,0.281,15312
304,6.00881,6.00352,5.982e-04,0.759,0.404,15330
305,5.85349,6.00352,5.981e-04,0.751,0.461,15307
306,5.91261,6.00352,5.981e-04,0.707,0.423,15298
307,6.02103,6.00352,5.981e-04,0.530,0.249,15313
308,5.75302,6.00352,5.980e-04,0.679,0.398,15318
309,5.80143,6.00352,5.980e-04,0.566,0.291,15315
310,5.85691,6.00352,5.979e-04,0.601,0.307,15309
311,5.85926,6.00352,5.979e-04,0.475,0.233,15322
312,6.05157,6.00352,5.979e-04,0.507,0.240,15342
313,5.81907,6.00352,5.978e-04,0.598,0.309,15323
314,5.79300,6.00352,5.978e-04,0.641,0.351,15307
315,5.69644,6.00352,5.978e-04,0.598,0.333,15300
316,5.88414,6.00352,5.977e-04,0.519,0.224,15306
317,5.76250,6.00352,5.977e-04,0.566,0.283,15306
318,5.84429,6.00352,5.976e-04,0.554,0.273,15322
319,5.89657,6.00352,5.976e-04,0.549,0.289,15326
320,5.66231,6.00352,5.976e-04,0.509,0.249,15295
321,5.78068,6.00352,5.975e-04,0.597,0.322,15308
322,5.76027,6.00352,5.975e-04,0.576,0.294,15309
323,6.03503,6.00352,5.974e-04,0.427,0.174,15312
324,5.78534,6.00352,5.974e-04,0.612,0.311,15281
325,5.83357,6.00352,5.973e-04,0.530,0.249,15336
326,5.77204,6.00352,5.973e-04,0.473,0.222,15335
327,5.88774,6.00352,5.973e-04,0.648,0.314,15310
328,5.86542,6.00352,5.972e-04,0.623,0.290,15303
329,5.68654,6.00352,5.972e-04,0.574,0.318,15302
330,5.94282,6.00352,5.971e-04,0.673,0.369,15305
331,5.83528,6.00352,5.971e-04,0.670,0.391,15310
332,5.88714,6.00352,5.970e-04,0.534,0.288,15309
333,6.01393,6.00352,5.970e-04,0.587,0.305,15333
334,5.79992,6.00352,5.970e-04,0.557,0.274,15326
335,5.76173,6.00352,5.969e-04,0.815,0.465,15303
336,5.93729,6.00352,5.969e-04,0.588,0.334,15305
337,5.73480,6.00352,5.968e-04,0.642,0.333,15305
338,5.91941,6.00352,5.968e-04,0.578,0.313,15312
339,5.70955,6.00352,5.967e-04,0.541,0.276,15322
340,5.79932,6.00352,5.967e-04,0.556,0.287,15330
341,5.88975,6.00352,5.966e-04,0.649,0.319,15317
342,5.44585,6.00352,5.966e-04,0.536,0.276,15321
343,5.68744,6.00352,5.965e-04,0.581,0.295,15322
344,5.64300,6.00352,5.965e-04,0.462,0.204,15306
345,5.73880,6.00352,5.964e-04,0.503,0.261,15298
346,5.81914,6.00352,5.964e-04,0.479,0.214,15315
347,5.71383,6.00352,5.963e-04,0.456,0.202,15334
348,5.55163,6.00352,5.963e-04,0.639,0.348,15316
349,5.54042,6.00352,5.962e-04,0.575,0.296,15303
350,5.73596,6.00352,5.962e-04,0.629,0.342,15311
351,5.62526,6.00352,5.961e-04,0.607,0.327,15309
352,5.63346,6.00352,5.961e-04,0.491,0.242,15316
353,5.62785,6.00352,5.960e-04,0.510,0.228,15322
354,5.79086,6.00352,5.960e-04,0.551,0.271,15338
355,5.81114,6.00352,5.959e-04,0.441,0.206,15317
356,5.60631,6.00352,5.959e-04,0.551,0.276,15320
357,5.88718,6.00352,5.958e-04,0.712,0.387,15313
358,5.93989,6.00352,5.958e-04,0.603,0.310,15324
359,5.92875,6.00352,5.957e-04,0.571,0.276,15308
360,5.72307,6.00352,5.957e-04,0.575,0.263,15293
361,5.66426,6.00352,5.956e-04,0.519,0.240,15333
362,5.82171,6.00352,5.956e-04,0.494,0.235,15330
363,5.80041,6.00352,5.955e-04,0.537,0.244,15310
364,5.65255,6.00352,5.954e-04,0.508,0.213,15302
365,5.85372,6.00352,5.954e-04,0.588,0.276,15317
366,5.68581,6.00352,5.953e-04,0.519,0.247,15298
367,5.50585,6.00352,5.953e-04,0.543,0.273,15313
368,5.69686,6.00352,5.952e-04,0.616,0.327,15322
369,5.78219,6.00352,5.952e-04,0.535,0.269,15343
370,5.72312,6.00352,5.951e-04,0.652,0.358,15296
371,5.82022,6.00352,5.950e-04,0.447,0.194,15318
372,6.27686,6.00352,5.950e-04,1.959,0.869,15299
373,5.54209,6.00352,5.949e-04,1.295,0.842,15293
374,5.67074,6.00352,5.949e-04,0.690,0.373,15313
375,5.61191,6.00352,5.948e-04,0.611,0.305,15321
376,5.76063,6.00352,5.948e-04,0.621,0.309,15328
377,5.62150,6.00352,5.947e-04,0.674,0.326,15306
378,5.66897,6.00352,5.946e-04,0.592,0.270,15332
379,5.75682,6.00352,5.946e-04,0.615,0.271,15306
380,5.51484,6.00352,5.945e-04,0.594,0.284,15319
381,5.89032,6.00352,5.945e-04,0.542,0.240,15293
382,5.66374,6.00352,5.944e-04,0.689,0.380,15310
383,5.67017,6.00352,5.943e-04,0.688,0.371,15350
384,5.84783,6.00352,5.943e-04,0.592,0.287,15322
385,5.52179,6.00352,5.942e-04,0.620,0.322,15306
386,5.66898,6.00352,5.941e-04,0.454,0.211,15309
387,5.77980,6.00352,5.941e-04,0.622,0.281,15311
388,5.69210,6.00352,5.940e-04,0.526,0.239,15306
389,5.81259,6.00352,5.940e-04,0.545,0.207,15339
390,5.66665,6.00352,5.939e-04,0.496,0.225,15331
391,5.75675,6.00352,5.938e-04,0.581,0.267,15322
392,5.71974,6.00352,5.938e-04,0.508,0.227,15316
393,5.66290,6.00352,5.937e-04,0.508,0.209,15301
394,5.56021,6.00352,5.936e-04,0.516,0.239,15293
395,5.72132,6.00352,5.936e-04,0.528,0.233,15318
396,5.60418,6.00352,5.935e-04,0.499,0.198,15315
397,5.83315,6.00352,5.934e-04,0.577,0.269,15340
398,5.82864,6.00352,5.934e-04,0.600,0.267,15312
399,5.62479,6.00352,5.933e-04,0.562,0.289,15313
400,5.76459,6.00352,5.932e-04,0.665,0.353,15304
401,5.69629,6.00352,5.932e-04,0.488,0.214,15292
402,5.66554,6.00352,5.931e-04,0.570,0.281,15324
403,5.75077,6.00352,5.930e-04,0.501,0.235,15312
404,5.82271,6.00352,5.930e-04,0.516,0.228,15331
405,5.66614,6.00352,5.929e-04,0.581,0.251,15323
406,5.82450,6.00352,5.928e-04,0.510,0.201,15300
407,5.65266,6.00352,5.928e-04,0.449,0.205,15308
408,5.70777,6.00352,5.927e-04,0.495,0.239,15321
409,5.62604,6.00352,5.926e-04,0.517,0.253,15316
410,5.68681,6.00352,5.925e-04,0.455,0.180,15311
411,5.66795,6.00352,5.925e-04,0.555,0.291,15310
412,5.43500,6.00352,5.924e-04,0.685,0.369,15338
413,5.54142,6.00352,5.923e-04,0.541,0.254,15327
414,5.86418,6.00352,5.923e-04,0.495,0.182,15306
415,5.72064,6.00352,5.922e-04,0.472,0.196,15291
416,5.86705,6.00352,5.921e-04,0.505,0.211,15302
417,5.58753,6.00352,5.920e-04,0.482,0.209,15304
418,5.57120,6.00352,5.920e-04,0.527,0.246,15322
419,5.63727,6.00352,5.919e-04,0.586,0.240,15346
420,5.62837,6.00352,5.918e-04,0.497,0.228,15301
421,5.74332,6.00352,5.917e-04,0.499,0.220,15288
422,5.67281,6.00352,5.917e-04,0.579,0.240,15303
423,5.61148,6.00352,5.916e-04,0.642,0.337,15297
424,5.64660,6.00352,5.915e-04,0.545,0.250,15312
425,5.58127,6.00352,5.914e-04,0.628,0.284,15325
426,5.74119,6.00352,5.914e-04,0.472,0.170,15319
427,5.81706,6.00352,5.913e-04,0.614,0.271,15322
428,5.78640,6.00352,5.912e-04,0.538,0.224,15306
429,5.76130,6.00352,5.911e-04,0.596,0.263,15302
430,5.87894,6.00352,5.911e-04,0.480,0.176,15320
431,5.71457,6.00352,5.910e-04,0.488,0.202,15305
432,5.64470,6.00352,5.909e-04,0.461,0.190,15323
433,5.56303,6.00352,5.908e-04,0.539,0.223,15343
434,5.61189,6.00352,5.907e-04,0.750,0.402,15323
435,5.64545,6.00352,5.907e-04,0.481,0.213,15291
436,5.74927,6.00352,5.906e-04,0.497,0.236,15291
437,5.65933,6.00352,5.905e-04,0.520,0.254,15319
438,5.72251,6.00352,5.904e-04,0.451,0.198,15303
439,5.53484,6.00352,5.904e-04,0.575,0.295,15320
440,5.84762,6.00352,5.903e-04,0.431,0.183,15313
441,5.81015,6.00352,5.902e-04,0.613,0.270,15323
442,5.85229,6.00352,5.901e-04,0.562,0.214,15313
443,5.61873,6.00352,5.900e-04,0.485,0.214,15306
444,5.48722,6.00352,5.899e-04,0.612,0.287,15300
445,5.93586,6.00352,5.899e-04,0.533,0.200,15289
446,5.33848,6.00352,5.898e-04,0.867,0.457,15317
447,5.45882,6.00352,5.897e-04,0.599,0.275,15313
448,5.57546,6.00352,5.896e-04,0.554,0.252,15309
449,5.26781,6.00352,5.895e-04,0.551,0.239,15304
450,5.66544,6.00352,5.894e-04,0.496,0.199,15330
451,5.53991,6.00352,5.894e-04,0.530,0.234,15296
452,5.50080,6.00352,5.893e-04,0.513,0.216,15304
453,5.57177,6.00352,5.892e-04,0.493,0.180,15318
454,5.68277,6.00352,5.891e-04,0.499,0.220,15320
455,5.76426,6.00352,5.890e-04,0.514,0.194,15340
456,5.35933,6.00352,5.889e-04,0.594,0.280,15306
457,5.52722,6.00352,5.889e-04,0.598,0.277,15311
458,5.50450,6.00352,5.888e-04,0.539,0.252,15298
459,5.71642,6.00352,5.887e-04,0.535,0.240,15332
460,5.51306,6.00352,5.886e-04,0.522,0.220,15311
461,5.54289,6.00352,5.885e-04,0.504,0.232,15315
462,5.51490,6.00352,5.884e-04,0.504,0.210,15318
463,5.77819,6.00352,5.883e-04,0.541,0.212,15299
464,5.62123,6.00352,5.882e-04,0.516,0.209,15312
465,5.61830,6.00352,5.882e-04,0.534,0.238,15298
466,5.53750,6.00352,5.881e-04,0.556,0.237,15298
467,5.60497,6.00352,5.880e-04,0.587,0.271,15322
468,5.42185,6.00352,5.879e-04,0.529,0.244,15321
469,5.72829,6.00352,5.878e-04,0.521,0.217,15344
470,5.65587,6.00352,5.877e-04,0.550,0.213,15322
471,5.70444,6.00352,5.876e-04,0.587,0.250,15323
472,5.38464,6.00352,5.875e-04,0.458,0.194,15314
473,5.74233,6.00352,5.874e-04,0.538,0.225,15297
474,5.38261,6.00352,5.873e-04,0.514,0.263,15334
475,5.65839,6.00352,5.872e-04,0.509,0.203,15299
476,5.55819,6.00352,5.872e-04,0.545,0.254,15322
477,5.50334,6.00352,5.871e-04,0.439,0.196,15315
478,5.62703,6.00352,5.870e-04,0.497,0.224,15304
479,5.55468,6.00352,5.869e-04,0.536,0.204,15323
480,5.70412,6.00352,5.868e-04,0.465,0.200,15307
481,5.39109,6.00352,5.867e-04,0.549,0.247,15316
482,5.51421,6.00352,5.866e-04,0.546,0.235,15330
483,5.80740,6.00352,5.865e-04,0.479,0.189,15349
484,5.65948,6.00352,5.864e-04,0.521,0.212,15329
485,5.47914,6.00352,5.863e-04,0.537,0.209,15295
486,5.40332,6.00352,5.862e-04,0.508,0.215,15316
487,5.56236,6.00352,5.861e-04,0.486,0.163,15315
488,5.62556,6.00352,5.860e-04,0.491,0.207,15322
489,5.72377,6.00352,5.859e-04,0.493,0.181,15315
490,5.67074,6.00352,5.858e-04,0.494,0.199,15319
491,5.56484,6.00352,5.857e-04,0.518,0.218,15322
492,5.62614,6.00352,5.856e-04,0.437,0.166,15326
493,5.55104,6.00352,5.855e-04,0.509,0.202,15299
494,5.40527,6.00352,5.854e-04,0.591,0.239,15296
495,5.69115,6.00352,5.853e-04,0.455,0.162,15299
496,5.49577,6.00352,5.852e-04,0.618,0.240,15316
497,5.69184,6.00352,5.851e-04,0.527,0.212,15324
498,5.62581,6.00352,5.850e-04,0.533,0.219,15342
499,5.40028,6.00352,5.849e-04,0.536,0.239,15302
500,5.65747,5.50733,5.848e-04,0.494,0.215,7084
501,5.53628,5.50733,5.847e-04,0.484,0.207,15502
502,5.55104,5.50733,5.846e-04,0.481,0.194,15316
503,5.41816,5.50733,5.845e-04,0.573,0.271,15319
504,5.71914,5.50733,5.844e-04,0.524,0.216,15320
505,5.61010,5.50733,5.843e-04,0.592,0.238,15309
506,5.65240,5.50733,5.842e-04,0.481,0.207,15316
507,5.59508,5.50733,5.841e-04,0.494,0.187,15313
508,5.42620,5.50733,5.840e-04,0.508,0.205,15321
509,5.29102,5.50733,5.839e-04,0.453,0.175,15324
510,5.81475,5.50733,5.838e-04,0.528,0.211,15316
511,5.58553,5.50733,5.837e-04,0.554,0.231,15314
512,5.50591,5.50733,5.836e-04,0.525,0.200,15310
513,5.58017,5.50733,5.835e-04,0.530,0.214,15307
514,5.54804,5.50733,5.834e-04,0.543,0.247,15290
515,5.55334,5.50733,5.833e-04,0.476,0.180,15335
516,5.61609,5.50733,5.832e-04,0.486,0.204,15322
517,5.61679,5.50733,5.831e-04,0.458,0.182,15304
518,5.53425,5.50733,5.830e-04,0.419,0.141,15302
519,5.61764,5.50733,5.829e-04,0.512,0.217,15322
520,5.81950,5.50733,5.828e-04,0.440,0.155,15318
521,5.55442,5.50733,5.827e-04,0.497,0.199,15298
522,5.55774,5.50733,5.826e-04,0.463,0.174,15319
523,5.58898,5.50733,5.825e-04,0.491,0.203,15345
524,5.25994,5.50733,5.824e-04,0.504,0.217,15303
525,5.43854,5.50733,5.822e-04,0.488,0.196,15308
526,5.20818,5.50733,5.821e-04,0.477,0.197,15310
527,5.56103,5.50733,5.820e-04,0.533,0.231,15313
528,5.66007,5.50733,5.819e-04,0.508,0.181,15312
529,5.65472,5.50733,5.818e-04,0.508,0.205,15308
530,5.42378,5.50733,5.817e-04,0.489,0.192,15326
531,5.54358,5.50733,5.816e-04,0.518,0.219,15301
532,5.44029,5.50733,5.815e-04,0.502,0.186,15310
533,5.36598,5.50733,5.814e-04,0.522,0.234,15322
534,5.62991,5.50733,5.813e-04,0.604,0.236,15283
535,5.60482,5.50733,5.812e-04,0.568,0.225,15311
536,5.64786,5.50733,5.810e-04,0.705,0.255,15308
537,5.81602,5.50733,5.809e-04,0.593,0.227,15332
538,5.49347,5.50733,5.808e-04,0.546,0.232,15326
539,5.72770,5.50733,5.807e-04,0.522,0.195,15308
540,5.76995,5.50733,5.806e-04,0.565,0.214,15297
541,5.41312,5.50733,5.805e-04,0.495,0.199,15296
542,5.34039,5.50733,5.804e-04,0.518,0.225,15306
543,5.47449,5.50733,5.803e-04,0.538,0.221,15294
544,5.53746,5.50733,5.801e-04,0.776,0.277,15330
545,5.44350,5.50733,5.800e-04,0.668,0.291,15301
546,5.43228,5.50733,5.799e-04,0.520,0.201,15327
547,5.15413,5.50733,5.798e-04,0.523,0.225,15318
548,5.54858,5.50733,5.797e-04,0.507,0.211,15306
549,5.53174,5.50733,5.796e-04,0.493,0.203,15318
550,5.75544,5.50733,5.794e-04,0.515,0.192,15305
551,5.49532,5.50733,5.793e-04,0.483,0.206,15327
552,5.28416,5.50733,5.792e-04,0.520,0.238,15339
553,5.44898,5.50733,5.791e-04,0.518,0.206,15311
554,5.61604,5.50733,5.790e-04,0.442,0.174,15295
555,5.60615,5.50733,5.789e-04,0.479,0.199,15304
556,5.64303,5.50733,5.787e-04,0.510,0.213,15320
557,5.43066,5.50733,5.786e-04,0.444,0.159,15324
558,5.36994,5.50733,5.785e-04,0.501,0.183,15331
559,5.45109,5.50733,5.784e-04,0.492,0.202,15341
560,5.28793,5.50733,5.783e-04,0.505,0.235,15300
561,5.44568,5.50733,5.782e-04,0.429,0.156,15307
562,5.51880,5.50733,5.780e-04,0.522,0.217,15338
563,5.46041,5.50733,5.779e-04,0.486,0.213,15299
564,5.35182,5.50733,5.778e-04,0.463,0.173,15316
565,5.48586,5.50733,5.777e-04,0.473,0.184,15337
566,5.25163,5.50733,5.776e-04,0.469,0.173,15326
567,5.60597,5.50733,5.774e-04,0.521,0.189,15294
568,5.51558,5.50733,5.773e-04,0.539,0.211,15319
569,5.38907,5.50733,5.772e-04,0.466,0.165,15317
570,5.30135,5.50733,5.771e-04,0.522,0.193,15314
571,5.55572,5.50733,5.769e-04,0.509,0.192,15302
572,5.25313,5.50733,5.768e-04,0.528,0.219,15320
573,5.58637,5.50733,5.767e-04,0.497,0.179,15336
574,5.32002,5.50733,5.766e-04,0.522,0.221,15307
575,5.39504,5.50733,5.765e-04,0.494,0.212,15299
576,5.28633,5.50733,5.763e-04,0.459,0.168,15314
577,5.55096,5.50733,5.762e-04,0.504,0.175,15303
578,5.49378,5.50733,5.761e-04,0.561,0.214,15305
579,5.78094,5.50733,5.760e-04,0.524,0.186,15331
580,5.50815,5.50733,5.758e-04,0.550,0.206,15336
581,5.50336,5.50733,5.757e-04,0.506,0.183,15335
582,5.59639,5.50733,5.756e-04,0.490,0.177,15290
583,5.34936,5.50733,5.755e-04,0.559,0.215,15309
584,5.41946,5.50733,5.753e-04,0.459,0.160,15300
585,5.39811,5.50733,5.752e-04,0.609,0.229,15289
586,5.28702,5.50733,5.751e-04,0.468,0.182,15325
587,5.48371,5.50733,5.749e-04,0.579,0.231,15344
588,5.49742,5.50733,5.748e-04,0.486,0.200,15315
589,5.47419,5.50733,5.747e-04,0.430,0.145,15305
590,5.49587,5.50733,5.746e-04,0.482,0.179,15299
591,5.59626,5.50733,5.744e-04,0.442,0.147,15305
592,5.37253,5.50733,5.743e-04,0.560,0.219,15294
593,5.45508,5.50733,5.742e-04,0.473,0.157,15309
594,5.48894,5.50733,5.740e-04,0.558,0.200,15333
595,5.32373,5.50733,5.739e-04,0.455,0.174,15329
596,5.36004,5.50733,5.738e-04,0.493,0.190,15296
597,5.67947,5.50733,5.737e-04,0.448,0.141,15300
598,5.31804,5.50733,5.735e-04,0.524,0.201,15296
599,5.53821,5.50733,5.734e-04,0.496,0.177,15306
600,5.47956,5.50733,5.733e-04,0.544,0.202,15303
601,5.44145,5.50733,5.731e-04,0.517,0.175,15307
602,5.55648,5.50733,5.730e-04,0.471,0.177,15342
603,5.23178,5.50733,5.729e-04,0.475,0.174,15300
604,5.44705,5.50733,5.727e-04,0.476,0.160,15284
605,5.27153,5.50733,5.726e-04,0.495,0.203,15280
606,5.62979,5.50733,5.725e-04,0.471,0.151,15315
607,5.28595,5.50733,5.723e-04,0.461,0.184,15300
608,5.28494,5.50733,5.722e-04,0.512,0.164,15320
609,5.72764,5.50733,5.721e-04,0.492,0.155,15316
610,5.44617,5.50733,5.719e-04,0.495,0.192,15297
611,5.30753,5.50733,5.718e-04,0.458,0.158,15289
612,5.43963,5.50733,5.717e-04,0.487,0.174,15304
613,5.33849,5.50733,5.715e-04,0.480,0.190,15305
614,5.51015,5.50733,5.714e-04,0.509,0.155,15316
615,5.14414,5.50733,5.713e-04,0.457,0.167,15333
616,5.47284,5.50733,5.711e-04,0.454,0.152,15325
617,5.33880,5.50733,5.710e-04,0.525,0.208,15300
618,5.56885,5.50733,5.708e-04,0.546,0.192,15297
619,5.40069,5.50733,5.707e-04,0.467,0.158,15308
620,5.39961,5.50733,5.706e-04,0.579,0.210,15312
621,5.40324,5.50733,5.704e-04,0.440,0.142,15291
622,5.30099,5.50733,5.703e-04,0.507,0.192,15334
623,5.53758,5.50733,5.702e-04,0.584,0.207,15324
624,5.39756,5.50733,5.700e-04,0.510,0.170,15312
625,5.59229,5.50733,5.699e-04,0.503,0.184,15316
626,5.45867,5.50733,5.697e-04,0.552,0.227,15294
627,5.59012,5.50733,5.696e-04,0.469,0.162,15304
628,5.41224,5.50733,5.695e-04,0.546,0.202,15315
629,5.46391,5.50733,5.693e-04,0.445,0.159,15312
630,5.51285,5.50733,5.692e-04,0.574,0.220,15340
631,5.46109,5.50733,5.690e-04,0.458,0.164,15324
632,5.47445,5.50733,5.689e-04,0.514,0.193,15288
633,5.47661,5.50733,5.688e-04,0.508,0.176,15291
634,5.34209,5.50733,5.686e-04,0.567,0.248,15295
635,5.40228,5.50733,5.685e-04,0.534,0.223,15289
636,5.41807,5.50733,5.683e-04,0.513,0.188,15319
637,5.40115,5.50733,5.682e-04,0.494,0.182,15332
638,5.43617,5.50733,5.680e-04,0.525,0.171,15321
639,5.52830,5.50733,5.679e-04,0.492,0.158,15321
640,5.35772,5.50733,5.678e-04,0.492,0.167,15295
641,5.41144,5.50733,5.676e-04,0.470,0.158,15309
642,5.38843,5.50733,5.675e-04,0.494,0.182,15312
643,5.29659,5.50733,5.673e-04,0.514,0.186,15317
644,5.62393,5.50733,5.672e-04,0.507,0.171,15346
645,5.41780,5.50733,5.670e-04,0.515,0.161,15310
646,5.28172,5.50733,5.669e-04,0.450,0.155,15298
647,5.15818,5.50733,5.667e-04,0.499,0.168,15329
648,5.27816,5.50733,5.666e-04,0.466,0.149,15309
649,5.19954,5.50733,5.665e-04,0.567,0.198,15306
650,5.34514,5.50733,5.663e-04,0.491,0.180,15306
651,5.64121,5.50733,5.662e-04,0.575,0.175,15323
652,5.51197,5.50733,5.660e-04,0.501,0.188,15326
653,5.80809,5.50733,5.659e-04,0.531,0.177,15307
654,5.40679,5.50733,5.657e-04,0.564,0.210,15298
655,5.52593,5.50733,5.656e-04,0.519,0.170,15315
656,5.30946,5.50733,5.654e-04,0.483,0.177,15320
657,5.43241,5.50733,5.653e-04,0.467,0.142,15301
658,5.57902,5.50733,5.651e-04,0.454,0.161,15328
659,5.33982,5.50733,5.650e-04,0.479,0.164,15321
660,5.42642,5.50733,5.648e-04,0.445,0.147,15297
661,5.42356,5.50733,5.647e-04,0.518,0.198,15310
662,5.14396,5.50733,5.645e-04,0.540,0.218,15314
663,5.31595,5.50733,5.644e-04,0.488,0.181,15291
664,5.51696,5.50733,5.642e-04,0.479,0.170,15314
665,5.63424,5.50733,5.641e-04,0.488,0.156,15320
666,5.50396,5.50733,5.639e-04,0.598,0.232,15331
667,5.48143,5.50733,5.638e-04,0.480,0.161,15309
668,5.24318,5.50733,5.636e-04,0.541,0.205,15326
669,5.48498,5.50733,5.635e-04,0.483,0.168,15308
670,5.33819,5.50733,5.633e-04,0.480,0.168,15316
671,5.25463,5.50733,5.632e-04,0.495,0.168,15298
672,5.21526,5.50733,5.630e-04,0.521,0.185,15316
673,5.22790,5.50733,5.629e-04,0.554,0.175,15335
674,5.37616,5.50733,5.627e-04,0.609,0.188,15304
675,5.43099,5.50733,5.626e-04,0.487,0.147,15315
676,5.39570,5.50733,5.624e-04,0.591,0.194,15299
677,5.23125,5.50733,5.622e-04,0.507,0.173,15317
678,5.01848,5.50733,5.621e-04,0.596,0.223,15307
679,5.29160,5.50733,5.619e-04,0.526,0.171,15321
680,5.31860,5.50733,5.618e-04,0.479,0.164,15341
681,5.38022,5.50733,5.616e-04,0.591,0.188,15306
682,5.23910,5.50733,5.615e-04,0.597,0.180,15294
683,5.35211,5.50733,5.613e-04,0.462,0.144,15320
684,5.53723,5.50733,5.612e-04,0.573,0.189,15314
685,5.51512,5.50733,5.610e-04,0.537,0.163,15297
686,5.19878,5.50733,5.608e-04,0.487,0.176,15300
687,5.18497,5.50733,5.607e-04,0.489,0.176,15339
688,5.26220,5.50733,5.605e-04,0.446,0.149,15318
689,5.24012,5.50733,5.604e-04,0.540,0.188,15311
690,5.37924,5.50733,5.602e-04,0.457,0.152,15307
691,5.49519,5.50733,5.601e-04,0.521,0.182,15304
692,5.38849,5.50733,5.599e-04,0.531,0.180,15298
693,5.29547,5.50733,5.597e-04,0.471,0.163,15311
694,5.07163,5.50733,5.596e-04,0.457,0.155,15330
695,5.46517,5.50733,5.594e-04,0.519,0.181,15333
696,5.35399,5.50733,5.593e-04,0.495,0.173,15296
697,5.29057,5.50733,5.591e-04,0.493,0.182,15319
698,5.47114,5.50733,5.589e-04,0.578,0.181,15319
699,5.32830,5.50733,5.588e-04,0.538,0.184,15306
700,5.60176,5.50733,5.586e-04,0.476,0.143,15305
701,5.20790,5.50733,5.585e-04,0.528,0.188,15328
702,5.59692,5.50733,5.583e-04,0.514,0.163,15324
703,5.44035,5.50733,5.581e-04,0.528,0.190,15303
704,5.37425,5.50733,5.580e-04,0.440,0.146,15313
705,5.51643,5.50733,5.578e-04,0.471,0.157,15310
706,5.17906,5.50733,5.576e-04,0.525,0.166,15304
707,5.46371,5.50733,5.575e-04,0.573,0.204,15326
708,5.36354,5.50733,5.573e-04,0.514,0.166,15318
709,5.41899,5.50733,5.572e-04,0.552,0.184,15335
710,5.22150,5.50733,5.570e-04,0.443,0.136,15290
711,5.42384,5.50733,5.568e-04,0.503,0.162,15333
712,5.16455,5.50733,5.567e-04,0.514,0.168,15282
713,5.00192,5.50733,5.565e-04,0.535,0.185,15292
714,5.31289,5.50733,5.563e-04,0.595,0.192,15313
715,5.39472,5.50733,5.562e-04,0.624,0.212,15325
716,5.35662,5.50733,5.560e-04,0.519,0.163,15344
717,5.38812,5.50733,5.558e-04,0.562,0.197,15302
718,5.36290,5.50733,5.557e-04,0.552,0.191,15300
719,5.21353,5.50733,5.555e-04,0.618,0.225,15323
720,5.58808,5.50733,5.553e-04,0.539,0.178,15310
721,5.45320,5.50733,5.552e-04,0.522,0.188,15305
722,5.10394,5.50733,5.550e-04,0.507,0.175,15327
723,5.48073,5.50733,5.548e-04,0.519,0.181,15333
724,5.39399,5.50733,5.547e-04,0.559,0.195,15303
725,5.23637,5.50733,5.545e-04,0.517,0.179,15304
726,5.50817,5.50733,5.543e-04,0.455,0.145,15330
727,5.52748,5.50733,5.542e-04,0.510,0.155,15317
728,5.02642,5.50733,5.540e-04,0.510,0.180,15316
729,5.30984,5.50733,5.538e-04,0.476,0.152,15325
730,5.28830,5.50733,5.537e-04,0.514,0.177,15336
731,5.25021,5.50733,5.535e-04,0.491,0.174,15328
732,5.43436,5.50733,5.533e-04,0.477,0.167,15314
733,5.29362,5.50733,5.531e-04,0.475,0.151,15298
734,5.10898,5.50733,5.530e-04,0.504,0.161,15313
735,5.22563,5.50733,5.528e-04,0.509,0.157,15322
736,5.09930,5.50733,5.526e-04,0.517,0.168,15309
737,5.42752,5.50733,5.525e-04,0.482,0.137,15347
738,5.30042,5.50733,5.523e-04,0.473,0.146,15305
739,4.99914,5.50733,5.521e-04,0.525,0.177,15325
740,5.33603,5.50733,5.519e-04,0.503,0.149,15312
741,5.25668,5.50733,5.518e-04,0.495,0.136,15295
742,5.23097,5.50733,5.516e-04,0.507,0.160,15314
743,5.43833,5.50733,5.514e-04,0.604,0.186,15296
744,5.38439,5.50733,5.512e-04,0.470,0.165,15337
745,5.19250,5.50733,5.511e-04,0.521,0.151,15322
746,5.28769,5.50733,5.509e-04,0.501,0.157,15317
747,5.03513,5.50733,5.507e-04,0.480,0.153,15305
748,5.42903,5.50733,5.506e-04,0.484,0.143,15298
749,5.35522,5.50733,5.504e-04,0.492,0.139,15303
750,5.27252,5.26781,5.502e-04,0.479,0.170,7093
751,5.41066,5.26781,5.500e-04,0.509,0.139,15488
752,5.16054,5.26781,5.499e-04,0.483,0.151,15316
753,5.38784,5.26781,5.497e-04,0.479,0.159,15295
754,5.23075,5.26781,5.495e-04,0.455,0.128,15312
755,5.54692,5.26781,5.493e-04,0.541,0.168,15346
756,5.31020,5.26781,5.491e-04,0.579,0.176,15322
757,5.44604,5.26781,5.490e-04,0.474,0.139,15318
758,5.25479,5.26781,5.488e-04,0.558,0.175,15309
759,5.44461,5.26781,5.486e-04,0.494,0.137,15299
760,5.17383,5.26781,5.484e-04,0.576,0.182,15302
761,5.38882,5.26781,5.483e-04,0.562,0.182,15297
762,5.29130,5.26781,5.481e-04,0.567,0.216,15336
763,5.00959,5.26781,5.479e-04,0.487,0.177,15319
764,5.44247,5.26781,5.477e-04,0.565,0.174,15303
765,5.48068,5.26781,5.475e-04,0.510,0.167,15303
766,5.04595,5.26781,5.474e-04,0.542,0.165,15318
767,5.35252,5.26781,5.472e-04,0.548,0.178,15292
768,5.04031,5.26781,5.470e-04,0.477,0.179,15299
769,5.40488,5.26781,5.468e-04,0.547,0.165,15330
770,5.32173,5.26781,5.466e-04,0.535,0.160,15329
771,5.06678,5.26781,5.465e-04,0.492,0.153,15295
772,5.23105,5.26781,5.463e-04,0.525,0.163,15296
773,5.25079,5.26781,5.461e-04,0.511,0.166,15287
774,5.41020,5.26781,5.459e-04,0.574,0.173,15313
775,5.23972,5.26781,5.457e-04,0.486,0.143,15307
776,5.45093,5.26781,5.456e-04,0.498,0.144,15298
777,5.10908,5.26781,5.454e-04,0.458,0.146,15342
778,5.25930,5.26781,5.452e-04,0.555,0.176,15305
779,5.35305,5.26781,5.450e-04,0.586,0.178,15288
780,5.21593,5.26781,5.448e-04,0.591,0.197,15295
781,5.22985,5.26781,5.446e-04,0.518,0.167,15315
782,5.44681,5.26781,5.445e-04,0.616,0.193,15297
783,5.26447,5.26781,5.443e-04,0.568,0.181,15332
784,5.22159,5.26781,5.441e-04,0.727,0.254,15321
785,5.17120,5.26781,5.439e-04,0.502,0.152,15318
786,5.39880,5.26781,5.437e-04,0.565,0.144,15298
787,5.19443,5.26781,5.435e-04,0.539,0.170,15310
788,5.30781,5.26781,5.433e-04,0.522,0.176,15297
789,5.30541,5.26781,5.432e-04,0.508,0.174,15311
790,5.25882,5.26781,5.430e-04,0.527,0.169,15305
791,5.23991,5.26781,5.428e-04,0.504,0.148,15327
792,5.23510,5.26781,5.426e-04,0.514,0.161,15297
793,5.12588,5.26781,5.424e-04,0.485,0.145,15294
794,5.29557,5.26781,5.422e-04,0.483,0.137,15301
795,5.16897,5.26781,5.420e-04,0.461,0.142,15311
796,5.26913,5.26781,5.418e-04,0.462,0.138,15291
797,5.38282,5.26781,5.417e-04,0.495,0.143,15310
798,5.08590,5.26781,5.415e-04,0.476,0.157,15337
799,5.39764,5.26781,5.413e-04,0.522,0.173,15330
800,5.14331,5.26781,5.411e-04,0.536,0.174,15303
801,5.22697,5.26781,5.409e-04,0.524,0.155,15292
802,5.24671,5.26781,5.407e-04,0.552,0.160,15322
803,5.40524,5.26781,5.405e-04,0.481,0.152,15289
804,5.23890,5.26781,5.403e-04,0.518,0.158,15291
805,5.13002,5.26781,5.401e-04,0.535,0.166,15317
806,5.17644,5.26781,5.400e-04,0.593,0.184,15322
807,5.24285,5.26781,5.398e-04,0.518,0.169,15297
808,5.33516,5.26781,5.396e-04,0.615,0.198,15313
809,5.16136,5.26781,5.394e-04,0.527,0.148,15296
810,5.17400,5.26781,5.392e-04,0.496,0.142,15305
811,5.21308,5.26781,5.390e-04,0.504,0.158,15312
812,5.27614,5.26781,5.388e-04,0.502,0.153,15323
813,5.27077,5.26781,5.386e-04,0.484,0.143,15315
814,5.24355,5.26781,5.384e-04,0.515,0.164,15307
815,5.28336,5.26781,5.382e-04,0.570,0.211,15318
816,5.33855,5.26781,5.380e-04,0.567,0.172,15314
817,5.19749,5.26781,5.378e-04,0.610,0.226,15306
818,5.17403,5.26781,5.377e-04,0.530,0.162,15313
819,5.23882,5.26781,5.375e-04,0.534,0.172,15352
820,5.25596,5.26781,5.373e-04,0.495,0.154,15344
821,5.33423,5.26781,5.371e-04,0.603,0.182,15290
822,5.21316,5.26781,5.369e-04,0.527,0.165,15318
823,5.07271,5.26781,5.367e-04,0.509,0.137,15316
824,5.09078,5.26781,5.365e-04,0.510,0.154,15306
825,5.15873,5.26781,5.363e-04,0.503,0.156,15311
826,5.29287,5.26781,5.361e-04,0.499,0.138,15335
827,5.21465,5.26781,5.359e-04,0.478,0.138,15339
828,5.52958,5.26781,5.357e-04,0.564,0.178,15307
829,5.25755,5.26781,5.355e-04,0.479,0.138,15320
830,5.43728,5.26781,5.353e-04,0.617,0.173,15300
831,5.29356,5.26781,5.351e-04,0.584,0.180,15312
832,5.18889,5.26781,5.349e-04,0.526,0.162,15293
833,5.14304,5.26781,5.347e-04,0.628,0.193,15326
834,5.04948,5.26781,5.345e-04,0.528,0.159,15333
835,5.37054,5.26781,5.343e-04,0.594,0.175,15325
836,5.32986,5.26781,5.341e-04,0.451,0.120,15315
837,5.05999,5.26781,5.339e-04,0.607,0.212,15303
838,5.15180,5.26781,5.337e-04,0.626,0.212,15312
839,5.05471,5.26781,5.335e-04,0.514,0.154,15293
840,4.83531,5.26781,5.333e-04,0.528,0.149,15321
841,5.28851,5.26781,5.331e-04,0.552,0.158,15319
842,5.16183,5.26781,5.329e-04,0.555,0.175,15325
843,5.21261,5.26781,5.327e-04,0.537,0.167,15314
844,4.94426,5.26781,5.325e-04,0.512,0.160,15315
845,5.17682,5.26781,5.323e-04,0.564,0.174,15310
846,5.25596,5.26781,5.321e-04,0.490,0.131,15303
847,5.31928,5.26781,5.319e-04,0.597,0.171,15318
848,5.59702,5.26781,5.317e-04,0.473,0.129,15329
849,5.38505,5.26781,5.315e-04,0.549,0.168,15324
850,5.45149,5.26781,5.313e-04,0.606,0.203,15295
851,5.38882,5.26781,5.311e-04,0.532,0.173,15300
852,5.26752,5.26781,5.309e-04,0.509,0.153,15306
853,5.38573,5.26781,5.307e-04,0.514,0.156,15312
854,5.15900,5.26781,5.305e-04,0.555,0.175,15306
855,5.12494,5.26781,5.303e-04,0.493,0.146,15328
856,5.25980,5.26781,5.301e-04,0.636,0.186,15323
857,5.29365,5.26781,5.299e-04,0.525,0.162,15307
858,5.38488,5.26781,5.297e-04,0.667,0.210,15290
859,5.08522,5.26781,5.295e-04,0.608,0.204,15303
860,5.16310,5.26781,5.293e-04,0.626,0.192,15309
861,5.16495,5.26781,5.291e-04,0.564,0.186,15305
862,5.08473,5.26781,5.289e-04,0.557,0.161,15339
863,5.05020,5.26781,5.287e-04,0.575,0.188,15305
864,5.02734,5.26781,5.285e-04,0.566,0.172,15297
865,5.34598,5.26781,5.283e-04,0.553,0.149,15288
866,5.05536,5.26781,5.281e-04,0.536,0.167,15281
867,5.17596,5.26781,5.279e-04,0.532,0.160,15304
868,5.19223,5.26781,5.276e-04,0.508,0.163,15299
869,4.99448,5.26781,5.274e-04,0.478,0.148,15336
870,5.34948,5.26781,5.272e-04,0.591,0.185,15306
871,5.28504,5.26781,5.270e-04,0.547,0.144,15310
872,5.08673,5.26781,5.268e-04,0.516,0.153,15295
873,5.06172,5.26781,5.266e-04,0.532,0.169,15308
874,5.34618,5.26781,5.264e-04,0.551,0.146,15312
875,5.09120,5.26781,5.262e-04,0.559,0.168,15296
876,5.17785,5.26781,5.260e-04,0.568,0.155,15309
877,5.12387,5.26781,5.258e-04,0.519,0.143,15328
878,5.26819,5.26781,5.256e-04,0.613,0.162,15324
879,5.04901,5.26781,5.254e-04,0.523,0.155,15308
880,5.19782,5.26781,5.252e-04,0.514,0.143,15300
881,5.27747,5.26781,5.249e-04,0.590,0.170,15307
882,5.15520,5.26781,5.247e-04,0.509,0.148,15299
883,5.10029,5.26781,5.245e-04,0.475,0.138,15331
884,5.34257,5.26781,5.243e-04,0.514,0.147,15335
885,5.23160,5.26781,5.241e-04,0.520,0.142,15327
886,5.14539,5.26781,5.239e-04,0.545,0.154,15294
887,5.14719,5.26781,5.237e-04,0.533,0.158,15291
888,5.14013,5.26781,5.235e-04,0.497,0.135,15300
889,5.42693,5.26781,5.233e-04,0.540,0.141,15320
890,5.10263,5.26781,5.230e-04,0.573,0.179,15332
891,5.23750,5.26781,5.228e-04,0.575,0.170,15337
892,4.97647,5.26781,5.226e-04,0.609,0.176,15299
893,4.92280,5.26781,5.224e-04,0.529,0.169,15290
894,5.25132,5.26781,5.222e-04,0.598,0.189,15311
895,5.09366,5.26781,5.220e-04,0.525,0.145,15281
896,5.06091,5.26781,5.218e-04,0.591,0.170,15311
897,5.39236,5.26781,5.216e-04,0.589,0.163,15309
898,5.03649,5.26781,5.213e-04,0.566,0.188,15329
899,5.32790,5.26781,5.211e-04,0.525,0.146,15313
900,5.14775,5.26781,5.209e-04,0.581,0.185,15305
901,5.13371,5.26781,5.207e-04,0.507,0.139,15317
902,5.28215,5.26781,5.205e-04,0.505,0.133,15308
903,5.28611,5.26781,5.203e-04,0.487,0.142,15305
904,5.02164,5.26781,5.201e-04,0.505,0.139,15312
905,5.03909,5.26781,5.198e-04,0.514,0.143,15313
906,5.02436,5.26781,5.196e-04,0.521,0.155,15322
907,5.45352,5.26781,5.194e-04,0.544,0.152,15314
908,5.22044,5.26781,5.192e-04,0.562,0.162,15296
909,5.07867,5.26781,5.190e-04,0.531,0.167,15312
910,5.38783,5.26781,5.188e-04,0.552,0.140,15304
911,5.07369,5.26781,5.185e-04,0.564,0.203,15300
912,5.01507,5.26781,5.183e-04,0.491,0.136,15336
913,5.08386,5.26781,5.181e-04,0.586,0.161,15307
914,5.06299,5.26781,5.179e-04,0.524,0.161,15329
915,5.14716,5.26781,5.177e-04,0.555,0.157,15301
916,5.30963,5.26781,5.175e-04,0.533,0.160,15318
917,5.17453,5.26781,5.172e-04,0.512,0.145,15302
918,5.03753,5.26781,5.170e-04,0.561,0.182,15314
919,5.05955,5.26781,5.168e-04,0.520,0.145,15341
920,5.29890,5.26781,5.166e-04,0.515,0.132,15326
921,4.97233,5.26781,5.164e-04,0.509,0.149,15320
922,5.11579,5.26781,5.161e-04,0.515,0.146,15318
923,5.24566,5.26781,5.159e-04,0.499,0.134,15311
924,5.17448,5.26781,5.157e-04,0.482,0.123,15315
925,5.16089,5.26781,5.155e-04,0.500,0.146,15318
926,5.20494,5.26781,5.153e-04,0.468,0.129,15327
927,5.35247,5.26781,5.150e-04,0.525,0.132,15327
928,4.95252,5.26781,5.148e-04,0.537,0.162,15305
929,5.32362,5.26781,5.146e-04,0.518,0.138,15315
930,4.97051,5.26781,5.144e-04,0.481,0.130,15299
931,5.33774,5.26781,5.142e-04,0.517,0.150,15315
932,5.08624,5.26781,5.139e-04,0.506,0.134,15309
933,5.26060,5.26781,5.137e-04,0.597,0.191,15311
934,5.29936,5.26781,5.135e-04,0.599,0.171,15320
935,5.17829,5.26781,5.133e-04,0.512,0.149,15290
936,4.94084,5.26781,5.131e-04,0.621,0.185,15305
937,5.11904,5.26781,5.128e-04,0.567,0.152,15304
938,5.13753,5.26781,5.126e-04,0.601,0.161,15311
939,5.09717,5.26781,5.124e-04,0.527,0.151,15313
940,5.12762,5.26781,5.122e-04,0.593,0.173,15315
941,5.15892,5.26781,5.119e-04,0.524,0.165,15326
942,5.07948,5.26781,5.117e-04,0.561,0.147,15319
943,5.06274,5.26781,5.115e-04,0.526,0.156,15293
944,5.30434,5.26781,5.113e-04,0.594,0.137,15294
945,5.14528,5.26781,5.110e-04,0.574,0.151,15313
946,5.05760,5.26781,5.108e-04,0.576,0.170,15312
947,5.04277,5.26781,5.106e-04,0.573,0.162,15319
948,4.98509,5.26781,5.104e-04,0.512,0.156,15324
949,5.36779,5.26781,5.101e-04,0.528,0.141,15301
950,5.24188,5.26781,5.099e-04,0.567,0.164,15310
951,4.93132,5.26781,5.097e-04,0.498,0.137,15311
952,5.20964,5.26781,5.095e-04,0.520,0.129,15334
953,5.36929,5.26781,5.092e-04,0.535,0.140,15297
954,5.04442,5.26781,5.090e-04,0.540,0.145,15300
955,5.36498,5.26781,5.088e-04,0.525,0.152,15341
956,5.24251,5.26781,5.086e-04,0.554,0.125,15299
957,5.28968,5.26781,5.083e-04,0.543,0.135,15317
958,5.23494,5.26781,5.081e-04,0.572,0.145,15320
959,5.14942,5.26781,5.079e-04,0.468,0.113,15312
960,4.92663,5.26781,5.076e-04,0.504,0.140,15297
961,5.14952,5.26781,5.074e-04,0.513,0.135,15302
962,5.25256,5.26781,5.072e-04,0.604,0.190,15322
963,5.05604,5.26781,5.070e-04,0.564,0.162,15310
964,5.09951,5.26781,5.067e-04,0.563,0.173,15307
965,4.88643,5.26781,5.065e-04,0.569,0.153,15315
966,5.12937,5.26781,5.063e-04,0.517,0.126,15288
967,5.10028,5.26781,5.060e-04,0.562,0.154,15307
968,5.45007,5.26781,5.058e-04,0.507,0.132,15294
969,5.20240,5.26781,5.056e-04,0.555,0.142,15321
970,5.28735,5.26781,5.054e-04,0.605,0.182,15308
971,5.27129,5.26781,5.051e-04,0.540,0.154,15309
972,5.11338,5.26781,5.049e-04,0.591,0.172,15308
973,5.20116,5.26781,5.047e-04,0.611,0.159,15325
974,5.21539,5.26781,5.044e-04,0.608,0.154,15319
975,5.24682,5.26781,5.042e-04,0.613,0.169,15312
976,5.20358,5.26781,5.040e-04,0.494,0.120,15340
977,5.29272,5.26781,5.037e-04,0.545,0.151,15335
978,5.21737,5.26781,5.035e-04,0.555,0.142,15309
979,5.19181,5.26781,5.033e-04,0.551,0.161,15302
980,4.95232,5.26781,5.030e-04,0.524,0.145,15304
981,5.21925,5.26781,5.028e-04,0.578,0.145,15307
982,5.01015,5.26781,5.026e-04,0.612,0.194,15327
983,5.22417,5.26781,5.023e-04,0.565,0.160,15328
984,5.07131,5.26781,5.021e-04,0.640,0.182,15328
985,5.13857,5.26781,5.019e-04,0.552,0.147,15308
986,5.15518,5.26781,5.016e-04,0.660,0.168,15315
987,5.09278,5.26781,5.014e-04,0.611,0.157,15296
988,5.08272,5.26781,5.012e-04,0.526,0.132,15323
989,4.98663,5.26781,5.009e-04,0.564,0.176,15320
990,5.26959,5.26781,5.007e-04,0.584,0.143,15325
991,5.15711,5.26781,5.005e-04,0.556,0.131,15332
992,5.12038,5.26781,5.002e-04,0.584,0.174,15299
993,4.92999,5.26781,5.000e-04,0.572,0.176,15308
994,5.31943,5.26781,4.998e-04,0.539,0.148,15310
995,5.10567,5.26781,4.995e-04,0.601,0.169,15301
996,5.13766,5.26781,4.993e-04,0.551,0.146,15303
997,5.21462,5.26781,4.991e-04,0.555,0.158,15316
998,4.99983,5.26781,4.988e-04,0.515,0.149,15328
999,5.22567,5.26781,4.986e-04,0.601,0.142,15316
1000,5.04479,5.08132,4.983e-04,0.552,0.155,7081
1001,5.17120,5.08132,4.981e-04,0.549,0.130,15486
1002,5.24495,5.08132,4.979e-04,0.539,0.148,15320
1003,5.28666,5.08132,4.976e-04,0.550,0.133,15323
1004,5.22606,5.08132,4.974e-04,0.513,0.135,15320
1005,5.09029,5.08132,4.972e-04,0.547,0.162,15307
1006,5.16672,5.08132,4.969e-04,0.521,0.135,15308
1007,5.24179,5.08132,4.967e-04,0.549,0.151,15293
1008,5.11176,5.08132,4.964e-04,0.595,0.164,15315
1009,5.28871,5.08132,4.962e-04,0.575,0.138,15332
1010,4.89186,5.08132,4.960e-04,0.540,0.149,15301
1011,5.31741,5.08132,4.957e-04,0.588,0.154,15290
1012,4.89258,5.08132,4.955e-04,0.610,0.177,15286
1013,5.12341,5.08132,4.952e-04,0.532,0.127,15299
1014,5.18196,5.08132,4.950e-04,0.605,0.158,15294
1015,5.21687,5.08132,4.948e-04,0.582,0.142,15304
1016,5.19742,5.08132,4.945e-04,0.529,0.136,15309
1017,5.40026,5.08132,4.943e-04,0.670,0.163,15307
1018,5.08742,5.08132,4.940e-04,0.579,0.151,15302
1019,4.84591,5.08132,4.938e-04,0.534,0.150,15307
1020,5.07145,5.08132,4.936e-04,0.581,0.161,15309
1021,5.11966,5.08132,4.933e-04,0.525,0.144,15297
1022,5.06706,5.08132,4.931e-04,0.595,0.176,15311
1023,5.10716,5.08132,4.928e-04,0.537,0.138,15323
1024,4.96659,5.08132,4.926e-04,0.533,0.135,15317
1025,4.96350,5.08132,4.924e-04,0.543,0.144,15296
1026,4.95820,5.08132,4.921e-04,0.532,0.135,15303
1027,5.17877,5.08132,4.919e-04,0.583,0.154,15311
1028,5.17116,5.08132,4.916e-04,0.567,0.133,15305
1029,4.92997,5.08132,4.914e-04,0.634,0.148,15318
1030,5.46413,5.08132,4.911e-04,0.629,0.144,15338
1031,4.76169,5.08132,4.909e-04,0.695,0.179,15312
1032,5.10992,5.08132,4.907e-04,0.643,0.157,15320
1033,5.13310,5.08132,4.904e-04,0.576,0.155,15311
1034,5.07640,5.08132,4.902e-04,0.636,0.173,15304
1035,4.88068,5.08132,4.899e-04,0.572,0.159,15310
1036,5.09012,5.08132,4.897e-04,0.655,0.181,15305
1037,4.95037,5.08132,4.894e-04,0.581,0.139,15323
1038,4.92400,5.08132,4.892e-04,0.606,0.170,15327
1039,5.28122,5.08132,4.889e-04,0.602,0.164,15300
1040,4.98586,5.08132,4.887e-04,0.607,0.163,15313
1041,5.03143,5.08132,4.885e-04,0.611,0.157,15294
1042,4.89368,5.08132,4.882e-04,0.563,0.159,15308
1043,5.02173,5.08132,4.880e-04,0.551,0.144,15312
1044,4.91940,5.08132,4.877e-04,0.532,0.137,15326
1045,5.13264,5.08132,4.875e-04,0.568,0.136,15328
1046,5.28517,5.08132,4.872e-04,0.554,0.131,15304
1047,5.09177,5.08132,4.870e-04,0.581,0.151,15307
1048,4.88907,5.08132,4.867e-04,0.556,0.136,15310
1049,5.20033,5.08132,4.865e-04,0.550,0.119,15307
1050,5.08694,5.08132,4.862e-04,0.512,0.125,15312
1051,5.08188,5.08132,4.860e-04,0.539,0.143,15324
1052,4.87117,5.08132,4.857e-04,0.579,0.125,15332
1053,5.02368,5.08132,4.855e-04,0.600,0.188,15299
1054,4.95843,5.08132,4.853e-04,0.601,0.158,15314
1055,5.30419,5.08132,4.850e-04,0.611,0.138,15313
1056,4.84178,5.08132,4.848e-04,0.581,0.157,15320
1057,5.13578,5.08132,4.845e-04,0.553,0.145,15314
1058,5.14081,5.08132,4.843e-04,0.553,0.124,15325
1059,5.17394,5.08132,4.840e-04,0.588,0.154,15337
1060,5.36586,5.08132,4.838e-04,0.537,0.134,15315
1061,5.15563,5.08132,4.835e-04,0.601,0.139,15302
1062,4.95552,5.08132,4.833e-04,0.543,0.128,15312
1063,5.12999,5.08132,4.830e-04,0.561,0.141,15311
1064,4.69270,5.08132,4.828e-04,0.546,0.147,15284
1065,5.16325,5.08132,4.825e-04,0.581,0.140,15325
1066,4.96253,5.08132,4.823e-04,0.528,0.135,15348
1067,4.85527,5.08132,4.820e-04,0.627,0.168,15319
1068,5.02095,5.08132,4.818e-04,0.579,0.151,15312
1069,4.96116,5.08132,4.815e-04,0.620,0.153,15303
1070,5.03997,5.08132,4.813e-04,0.574,0.140,15291
1071,5.23272,5.08132,4.810e-04,0.615,0.154,15305
1072,4.84557,5.08132,4.808e-04,0.595,0.161,15315
1073,4.90473,5.08132,4.805e-04,0.579,0.172,15337
1074,5.18177,5.08132,4.803e-04,0.581,0.163,15324
1075,4.90535,5.08132,4.800e-04,0.558,0.148,15310
1076,4.87513,5.08132,4.798e-04,0.641,0.172,15303
1077,5.09366,5.08132,4.795e-04,0.525,0.129,15291
1078,5.06120,5.08132,4.792e-04,0.542,0.140,15285
1079,4.98612,5.08132,4.790e-04,0.555,0.135,15301
1080,4.79618,5.08132,4.787e-04,0.532,0.150,15327
1081,5.07801,5.08132,4.785e-04,0.616,0.152,15318
1082,5.10247,5.08132,4.782e-04,0.625,0.160,15318
1083,5.04110,5.08132,4.780e-04,0.571,0.143,15313
1084,4.95824,5.08132,4.777e-04,0.616,0.148,15311
1085,5.18020,5.08132,4.775e-04,0.607,0.174,15295
1086,5.16880,5.08132,4.772e-04,0.641,0.160,15300
1087,4.82019,5.08132,4.770e-04,0.632,0.185,15330
1088,4.89024,5.08132,4.767e-04,0.585,0.152,15326
1089,5.20856,5.08132,4.765e-04,0.560,0.131,15313
1090,4.86750,5.08132,4.762e-04,0.622,0.185,15287
1091,5.18282,5.08132,4.759e-04,0.650,0.146,15302
1092,4.83969,5.08132,4.757e-04,0.780,0.215,15303
1093,5.01443,5.08132,4.754e-04,0.563,0.132,15304
1094,5.05327,5.08132,4.752e-04,0.701,0.167,15337
1095,5.07822,5.08132,4.749e-04,0.626,0.151,15326
1096,5.14539,5.08132,4.747e-04,0.600,0.135,15308
1097,5.04618,5.08132,4.744e-04,0.581,0.156,15290
1098,4.85376,5.08132,4.742e-04,0.594,0.167,15311
1099,5.20801,5.08132,4.739e-04,0.577,0.131,15300
1100,5.22012,5.08132,4.736e-04,0.589,0.139,15289
1101,5.32984,5.08132,4.734e-04,0.581,0.132,15327
1102,5.18239,5.08132,4.731e-04,0.592,0.138,15310
1103,5.01247,5.08132,4.729e-04,0.595,0.141,15296
1104,4.88153,5.08132,4.726e-04,0.616,0.147,15315
1105,5.02537,5.08132,4.724e-04,0.626,0.156,15307
1106,5.19842,5.08132,4.721e-04,0.545,0.129,15306
1107,4.82299,5.08132,4.718e-04,0.604,0.150,15299
1108,5.20785,5.08132,4.716e-04,0.629,0.139,15307
1109,5.01070,5.08132,4.713e-04,0.659,0.170,15345
1110,5.09737,5.08132,4.711e-04,0.606,0.127,15326
1111,5.03532,5.08132,4.708e-04,0.618,0.162,15317
1112,4.98452,5.08132,4.706e-04,0.595,0.133,15323
1113,5.19120,5.08132,4.703e-04,0.697,0.174,15302
1114,5.15529,5.08132,4.700e-04,0.545,0.126,15306
1115,5.05221,5.08132,4.698e-04,0.594,0.136,15314
1116,4.98589,5.08132,4.695e-04,0.633,0.157,15324
1117,5.03506,5.08132,4.693e-04,0.736,0.177,15307
1118,5.00697,5.08132,4.690e-04,0.646,0.144,15330
1119,4.82399,5.08132,4.687e-04,0.626,0.152,15319
1120,4.88833,5.08132,4.685e-04,0.591,0.171,15298
1121,5.01221,5.08132,4.682e-04,0.564,0.135,15297
1122,4.98372,5.08132,4.680e-04,0.595,0.144,15319
1123,4.99499,5.08132,4.677e-04,0.559,0.136,15332
1124,5.08475,5.08132,4.674e-04,0.643,0.151,15322
1125,5.11723,5.08132,4.672e-04,0.550,0.145,15312
1126,5.09045,5.08132,4.669e-04,0.644,0.156,15313
1127,4.93963,5.08132,4.667e-04,0.567,0.135,15299
1128,4.79415,5.08132,4.664e-04,0.689,0.193,15310
1129,5.00495,5.08132,4.661e-04,0.603,0.151,15289
1130,4.97480,5.08132,4.659e-04,0.593,0.139,15319
1131,4.92035,5.08132,4.656e-04,0.592,0.154,15315
1132,5.00900,5.08132,4.653e-04,0.608,0.170,15288
1133,5.22559,5.08132,4.651e-04,0.580,0.132,15288
1134,5.20184,5.08132,4.648e-04,0.652,0.171,15287
1135,5.01587,5.08132,4.646e-04,0.557,0.133,15300
1136,5.10519,5.08132,4.643e-04,0.619,0.142,15309
1137,5.16078,5.08132,4.640e-04,0.604,0.155,15340
1138,4.98041,5.08132,4.638e-04,0.594,0.138,15317
1139,4.90752,5.08132,4.635e-04,0.592,0.177,15316
1140,4.95219,5.08132,4.632e-04,0.604,0.157,15305
1141,5.04018,5.08132,4.630e-04,0.658,0.161,15294
1142,5.05143,5.08132,4.627e-04,0.656,0.159,15322
1143,5.00338,5.08132,4.625e-04,0.560,0.136,15311
1144,4.97265,5.08132,4.622e-04,0.612,0.149,15329
1145,4.77572,5.08132,4.619e-04,0.583,0.135,15319
1146,4.92395,5.08132,4.617e-04,0.625,0.141,15312
1147,4.82942,5.08132,4.614e-04,0.629,0.180,15315
1148,4.94074,5.08132,4.611e-04,0.663,0.183,15292
1149,5.00910,5.08132,4.609e-04,0.659,0.182,15293
1150,5.00541,5.08132,4.606e-04,0.661,0.170,15295
1151,5.05485,5.08132,4.603e-04,0.614,0.155,15320
1152,4.94971,5.08132,4.601e-04,0.615,0.145,15338
1153,5.19655,5.08132,4.598e-04,0.623,0.142,15295
1154,5.08357,5.08132,4.595e-04,0.648,0.147,15302
1155,5.09295,5.08132,4.593e-04,0.552,0.122,15295
1156,4.87972,5.08132,4.590e-04,0.638,0.172,15286
1157,5.16458,5.08132,4.587e-04,0.587,0.128,15303
1158,4.98271,5.08132,4.585e-04,0.588,0.130,15338
1159,5.01660,5.08132,4.582e-04,0.630,0.128,15328
1160,5.09566,5.08132,4.579e-04,0.652,0.164,15293
1161,4.83920,5.08132,4.577e-04,0.587,0.130,15310
1162,4.86813,5.08132,4.574e-04,0.646,0.171,15297
1163,5.15973,5.08132,4.571e-04,0.726,0.148,15301
1164,5.09254,5.08132,4.569e-04,0.674,0.159,15317
1165,5.00136,5.08132,4.566e-04,0.593,0.132,15323
1166,4.82185,5.08132,4.563e-04,0.746,0.204,15320
1167,4.93034,5.08132,4.561e-04,0.692,0.149,15308
1168,4.94693,5.08132,4.558e-04,0.585,0.143,15312
1169,4.89751,5.08132,4.555e-04,0.586,0.124,15289
1170,4.88478,5.08132,4.553e-04,0.581,0.125,15307
1171,5.04613,5.08132,4.550e-04,0.639,0.180,15331
1172,5.04036,5.08132,4.547e-04,0.593,0.141,15322
1173,4.97836,5.08132,4.545e-04,0.572,0.136,15332
1174,5.11409,5.08132,4.542e-04,0.605,0.151,15302
1175,5.11943,5.08132,4.539e-04,0.530,0.119,15309
1176,4.94370,5.08132,4.537e-04,0.602,0.137,15297
1177,5.20588,5.08132,4.534e-04,0.674,0.151,15308
1178,5.11850,5.08132,4.531e-04,0.659,0.161,15294
1179,5.08369,5.08132,4.528e-04,0.589,0.122,15304
1180,4.96978,5.08132,4.526e-04,0.651,0.149,15325
1181,4.93651,5.08132,4.523e-04,0.560,0.144,15307
1182,5.24948,5.08132,4.520e-04,0.636,0.136,15308
1183,4.95276,5.08132,4.518e-04,0.609,0.167,15323
1184,4.95431,5.08132,4.515e-04,0.606,0.127,15308
1185,5.00750,5.08132,4.512e-04,0.631,0.150,15318
1186,4.84469,5.08132,4.510e-04,0.543,0.125,15308
1187,4.93971,5.08132,4.507e-04,0.567,0.140,15327
1188,5.07221,5.08132,4.504e-04,0.572,0.133,15317
1189,4.93951,5.08132,4.501e-04,0.562,0.147,15320
1190,4.91076,5.08132,4.499e-04,0.691,0.156,15308
1191,4.99517,5.08132,4.496e-04,0.582,0.139,15285
1192,4.80215,5.08132,4.493e-04,0.611,0.148,15299
1193,4.82518,5.08132,4.491e-04,0.626,0.175,15306
1194,5.15225,5.08132,4.488e-04,0.645,0.156,15338
1195,4.84004,5.08132,4.485e-04,0.767,0.239,15330
1196,5.07823,5.08132,4.482e-04,0.643,0.159,15313
1197,4.91248,5.08132,4.480e-04,0.555,0.142,15297
1198,4.91579,5.08132,4.477e-04,0.675,0.164,15309
1199,5.07241,5.08132,4.474e-04,0.679,0.147,15329
1200,5.05409,5.08132,4.471e-04,0.603,0.120,15295
1201,4.78383,5.08132,4.469e-04,0.675,0.164,15325
1202,5.06575,5.08132,4.466e-04,0.610,0.142,15318
1203,4.92002,5.08132,4.463e-04,0.652,0.150,15308
1204,4.85406,5.08132,4.461e-04,0.678,0.161,15310
1205,5.07236,5.08132,4.458e-04,0.615,0.155,15301
1206,5.07588,5.08132,4.455e-04,0.644,0.154,15315
1207,4.97134,5.08132,4.452e-04,0.671,0.171,15301
1208,4.69073,5.08132,4.450e-04,0.586,0.136,15328
1209,4.96439,5.08132,4.447e-04,0.665,0.140,15332
1210,4.82824,5.08132,4.444e-04,0.570,0.117,15303
1211,5.05199,5.08132,4.441e-04,0.675,0.138,15317
1212,4.92853,5.08132,4.439e-04,0.674,0.145,15294
1213,5.25354,5.08132,4.436e-04,0.682,0.154,15292
1214,5.03612,5.08132,4.433e-04,0.653,0.132,15317
1215,5.33358,5.08132,4.430e-04,0.727,0.180,15333
1216,5.12024,5.08132,4.428e-04,0.670,0.134,15333
1217,5.15053,5.08132,4.425e-04,0.720,0.179,15307
1218,4.77962,5.08132,4.422e-04,0.653,0.168,15302
1219,4.69344,5.08132,4.419e-04,0.749,0.195,15317
1220,4.89621,5.08132,4.417e-04,0.603,0.141,15311
1221,5.14492,5.08132,4.414e-04,0.662,0.145,15303
1222,4.96788,5.08132,4.411e-04,0.685,0.157,15319
1223,5.02147,5.08132,4.408e-04,0.663,0.145,15345
1224,5.00421,5.08132,4.406e-04,0.644,0.140,15320
1225,4.86884,5.08132,4.403e-04,0.639,0.136,15294
1226,5.02526,5.08132,4.400e-04,0.607,0.136,15313
1227,4.84223,5.08132,4.397e-04,0.617,0.129,15316
1228,5.12111,5.08132,4.394e-04,0.617,0.135,15295
1229,5.15676,5.08132,4.392e-04,0.642,0.140,15317
1230,4.86191,5.08132,4.389e-04,0.618,0.142,15328
1231,4.76582,5.08132,4.386e-04,0.704,0.170,15327
1232,4.76661,5.08132,4.383e-04,0.635,0.152,15293
1233,4.81330,5.08132,4.381e-04,0.604,0.128,15314
1234,4.80739,5.08132,4.378e-04,0.627,0.118,15300
1235,4.84841,5.08132,4.375e-04,0.650,0.145,15316
1236,4.83922,5.08132,4.372e-04,0.689,0.149,15310
1237,5.11968,5.08132,4.370e-04,0.641,0.143,15339
1238,4.90986,5.08132,4.367e-04,0.719,0.162,15333
1239,5.02848,5.08132,4.364e-04,0.702,0.160,15313
1240,4.83541,5.08132,4.361e-04,0.650,0.163,15304
1241,4.96598,5.08132,4.358e-04,0.702,0.180,15315
1242,5.11586,5.08132,4.356e-04,0.621,0.134,15306
1243,5.06416,5.08132,4.353e-04,0.643,0.131,15292
1244,4.87800,5.08132,4.350e-04,0.651,0.149,15350
1245,5.06671,5.08132,4.347e-04,0.595,0.123,15343
1246,5.38236,5.08132,4.344e-04,0.705,0.136,15318
1247,5.07019,5.08132,4.342e-04,0.693,0.135,15324
1248,4.95655,5.08132,4.339e-04,0.623,0.129,15318
1249,4.92916,5.08132,4.336e-04,0.674,0.132,15311
1250,4.94134,4.90466,4.333e-04,0.598,0.125,7091
1251,4.89948,4.90466,4.330e-04,0.645,0.145,15479
1252,5.01136,4.90466,4.328e-04,0.633,0.123,15315
1253,5.04603,4.90466,4.325e-04,0.581,0.122,15327
1254,5.20232,4.90466,4.322e-04,0.663,0.135,15291
1255,5.21129,4.90466,4.319e-04,0.624,0.145,15341
1256,4.85045,4.90466,4.316e-04,0.587,0.125,15330
1257,4.75423,4.90466,4.314e-04,0.585,0.139,15308
1258,4.94646,4.90466,4.311e-04,0.606,0.130,15291
1259,4.65740,4.90466,4.308e-04,0.646,0.154,15330
1260,5.18696,4.90466,4.305e-04,0.639,0.136,15312
1261,5.18777,4.90466,4.302e-04,0.676,0.143,15284
1262,5.04908,4.90466,4.300e-04,0.663,0.172,15317
1263,4.84263,4.90466,4.297e-04,0.666,0.147,15334
1264,4.97506,4.90466,4.294e-04,0.629,0.138,15322
1265,4.76372,4.90466,4.291e-04,0.610,0.138,15306
1266,4.94155,4.90466,4.288e-04,0.615,0.141,15320
1267,5.17445,4.90466,4.285e-04,0.632,0.145,15299
1268,5.07095,4.90466,4.283e-04,0.667,0.142,15305
1269,4.81368,4.90466,4.280e-04,0.630,0.130,15318
1270,4.91462,4.90466,4.277e-04,0.843,0.230,15341
1271,4.94528,4.90466,4.274e-04,0.743,0.184,15306
1272,5.01706,4.90466,4.271e-04,0.626,0.150,15311
1273,5.06566,4.90466,4.269e-04,0.717,0.162,15300
1274,5.10891,4.90466,4.266e-04,0.618,0.123,15312
1275,4.77236,4.90466,4.263e-04,0.678,0.160,15296
1276,5.16870,4.90466,4.260e-04,0.684,0.127,15307
1277,4.91897,4.90466,4.257e-04,0.656,0.146,15334
1278,4.92448,4.90466,4.254e-04,0.696,0.154,15297
1279,4.91909,4.90466,4.252e-04,0.669,0.139,15294
1280,5.00068,4.90466,4.249e-04,0.645,0.132,15319
1281,4.90902,4.90466,4.246e-04,0.686,0.148,15281
1282,5.05943,4.90466,4.243e-04,0.675,0.151,15289
1283,4.81704,4.90466,4.240e-04,0.727,0.179,15293
1284,4.98881,4.90466,4.237e-04,0.630,0.128,15336
1285,4.99317,4.90466,4.235e-04,0.719,0.157,15297
1286,4.83890,4.90466,4.232e-04,0.644,0.140,15307
1287,4.96598,4.90466,4.229e-04,0.704,0.150,15306
1288,4.90537,4.90466,4.226e-04,0.630,0.131,15303
1289,4.80918,4.90466,4.223e-04,0.653,0.144,15311
1290,5.09208,4.90466,4.220e-04,0.688,0.149,15303
1291,4.89094,4.90466,4.217e-04,0.708,0.164,15344
1292,4.99272,4.90466,4.215e-04,0.661,0.141,15315
1293,4.92575,4.90466,4.212e-04,0.713,0.149,15286
1294,4.80735,4.90466,4.209e-04,0.677,0.177,15303
1295,4.88213,4.90466,4.206e-04,0.674,0.133,15298
1296,5.12836,4.90466,4.203e-04,0.718,0.145,15306
1297,4.97192,4.90466,4.200e-04,0.653,0.146,15315
1298,5.00844,4.90466,4.197e-04,0.669,0.133,15332
1299,4.88302,4.90466,4.195e-04,0.756,0.230,15333
1300,4.87890,4.90466,4.192e-04,0.711,0.164,15319
1301,4.68602,4.90466,4.189e-04,0.680,0.190,15293
1302,4.84748,4.90466,4.186e-04,0.727,0.138,15302
1303,4.66896,4.90466,4.183e-04,0.681,0.153,15285
1304,4.98094,4.90466,4.180e-04,0.726,0.150,15296
1305,4.79489,4.90466,4.177e-04,0.725,0.156,15326
1306,4.99968,4.90466,4.175e-04,0.652,0.142,15318
1307,4.89426,4.90466,4.172e-04,0.741,0.152,15304
1308,4.96346,4.90466,4.169e-04,0.684,0.132,15294
1309,5.02236,4.90466,4.166e-04,0.647,0.133,15309
1310,4.93403,4.90466,4.163e-04,0.731,0.160,15311
1311,4.98082,4.90466,4.160e-04,0.745,0.138,15285
1312,4.88458,4.90466,4.157e-04,0.711,0.164,15316
1313,4.71351,4.90466,4.154e-04,0.638,0.144,15317
1314,4.90258,4.90466,4.152e-04,0.700,0.135,15312
1315,4.83036,4.90466,4.149e-04,0.638,0.126,15315
1316,4.94173,4.90466,4.146e-04,0.694,0.140,15301
1317,4.86731,4.90466,4.143e-04,0.701,0.132,15311
1318,4.87636,4.90466,4.140e-04,0.738,0.157,15303
1319,5.08952,4.90466,4.137e-04,0.721,0.131,15328
1320,4.86180,4.90466,4.134e-04,0.680,0.131,15341
1321,4.91258,4.90466,4.131e-04,0.688,0.144,15297
1322,4.71825,4.90466,4.129e-04,0.672,0.144,15306
1323,4.81803,4.90466,4.126e-04,0.674,0.151,15311
1324,5.07689,4.90466,4.123e-04,0.615,0.136,15302
1325,5.16018,4.90466,4.120e-04,0.687,0.125,15299
1326,4.69747,4.90466,4.117e-04,0.668,0.129,15321
1327,4.82223,4.90466,4.114e-04,0.736,0.143,15328
1328,4.78517,4.90466,4.111e-04,0.705,0.139,15306
1329,4.54244,4.90466,4.108e-04,0.768,0.202,15322
1330,4.97255,4.90466,4.105e-04,0.635,0.121,15309
1331,4.99682,4.90466,4.103e-04,1.055,0.287,15313
1332,5.04337,4.90466,4.100e-04,0.711,0.127,15308
1333,4.89091,4.90466,4.097e-04,0.673,0.134,15322
1334,4.92268,4.90466,4.094e-04,0.718,0.131,15326
1335,4.86149,4.90466,4.091e-04,0.669,0.162,15319
1336,4.68394,4.90466,4.088e-04,0.665,0.157,15297
1337,4.95689,4.90466,4.085e-04,0.686,0.157,15311
1338,4.84660,4.90466,4.082e-04,0.675,0.148,15326
1339,5.12155,4.90466,4.079e-04,0.687,0.134,15296
1340,5.13080,4.90466,4.077e-04,0.619,0.146,15311
1341,4.78804,4.90466,4.074e-04,0.705,0.150,15341
1342,5.13738,4.90466,4.071e-04,0.744,0.178,15306
1343,4.99650,4.90466,4.068e-04,0.663,0.138,15300
1344,4.69970,4.90466,4.065e-04,0.708,0.176,15305
1345,4.86605,4.90466,4.062e-04,0.707,0.159,15326
1346,4.79463,4.90466,4.059e-04,0.692,0.155,15295
1347,4.82492,4.90466,4.056e-04,0.711,0.155,15310
1348,4.98800,4.90466,4.053e-04,0.671,0.142,15333
1349,5.21678,4.90466,4.050e-04,0.687,0.142,15311
1350,4.51203,4.90466,4.047e-04,0.795,0.164,15310
1351,4.63404,4.90466,4.045e-04,0.750,0.146,15295
1352,4.61179,4.90466,4.042e-04,0.706,0.154,15298
1353,5.10468,4.90466,4.039e-04,0.707,0.157,15318
1354,4.81957,4.90466,4.036e-04,0.728,0.158,15299
1355,4.83985,4.90466,4.033e-04,0.714,0.179,15316
1356,4.62111,4.90466,4.030e-04,0.688,0.169,15315
1357,4.83768,4.90466,4.027e-04,0.762,0.186,15311
1358,5.10801,4.90466,4.024e-04,0.625,0.130,15294
1359,5.12345,4.90466,4.021e-04,0.689,0.138,15311
1360,4.79439,4.90466,4.018e-04,0.671,0.135,15298
1361,4.82575,4.90466,4.015e-04,0.610,0.125,15285
1362,4.98799,4.90466,4.012e-04,0.698,0.143,15342
1363,4.70985,4.90466,4.010e-04,0.653,0.141,15322
1364,4.98410,4.90466,4.007e-04,0.717,0.135,15307
1365,5.12131,4.90466,4.004e-04,0.746,0.144,15315
1366,4.91723,4.90466,4.001e-04,0.745,0.142,15305
1367,5.02407,4.90466,3.998e-04,0.697,0.155,15286
1368,4.99385,4.90466,3.995e-04,0.730,0.174,15323
1369,4.96258,4.90466,3.992e-04,0.658,0.131,15323
1370,4.83965,4.90466,3.989e-04,0.662,0.137,15308
1371,4.94330,4.90466,3.986e-04,0.649,0.135,15304
1372,5.06661,4.90466,3.983e-04,0.641,0.121,15301
1373,4.78199,4.90466,3.980e-04,0.652,0.128,15304
1374,4.79356,4.90466,3.977e-04,0.751,0.158,15296
1375,4.93495,4.90466,3.974e-04,0.689,0.156,15322
1376,4.78520,4.90466,3.971e-04,0.686,0.147,15313
1377,4.82941,4.90466,3.969e-04,0.734,0.150,15321
1378,5.05716,4.90466,3.966e-04,0.645,0.120,15315
1379,4.80320,4.90466,3.963e-04,0.655,0.143,15305
1380,4.97597,4.90466,3.960e-04,0.685,0.132,15287
1381,4.77653,4.90466,3.957e-04,0.635,0.129,15300
1382,4.47668,4.90466,3.954e-04,0.660,0.161,15316
1383,4.97836,4.90466,3.951e-04,0.678,0.136,15311
1384,4.98051,4.90466,3.948e-04,0.682,0.137,15327
1385,4.91215,4.90466,3.945e-04,0.722,0.143,15323
1386,4.74938,4.90466,3.942e-04,0.725,0.167,15319
1387,4.88938,4.90466,3.939e-04,0.717,0.136,15308
1388,4.75221,4.90466,3.936e-04,0.716,0.175,15320
1389,4.83422,4.90466,3.933e-04,0.675,0.147,15303
1390,4.68608,4.90466,3.930e-04,0.742,0.170,15329
1391,5.14918,4.90466,3.927e-04,0.701,0.133,15345
1392,4.77493,4.90466,3.924e-04,0.694,0.135,15319
1393,4.74252,4.90466,3.921e-04,0.660,0.124,15313
1394,4.84155,4.90466,3.919e-04,0.756,0.162,15304
1395,4.89434,4.90466,3.916e-04,0.637,0.121,15318
1396,5.13028,4.90466,3.913e-04,0.689,0.151,15299
1397,5.04135,4.90466,3.910e-04,0.677,0.136,15321
1398,4.62092,4.90466,3.907e-04,0.725,0.171,15350
1399,4.79799,4.90466,3.904e-04,0.705,0.161,15314
1400,4.84278,4.90466,3.901e-04,0.648,0.140,15293
1401,4.89671,4.90466,3.898e-04,0.684,0.152,15321
1402,4.78994,4.90466,3.895e-04,0.657,0.130,15310
1403,4.81968,4.90466,3.892e-04,0.706,0.159,15308
1404,4.72289,4.90466,3.889e-04,0.718,0.164,15299
1405,4.82295,4.90466,3.886e-04,0.680,0.139,15330
1406,4.89448,4.90466,3.883e-04,0.701,0.136,15330
1407,4.88309,4.90466,3.880e-04,0.671,0.121,15320
1408,5.04722,4.90466,3.877e-04,0.704,0.154,15314
1409,4.69127,4.90466,3.874e-04,0.652,0.139,15303
1410,4.84880,4.90466,3.871e-04,0.847,0.188,15279
1411,4.99067,4.90466,3.868e-04,0.705,0.136,15310
1412,5.05760,4.90466,3.865e-04,0.730,0.136,15327
1413,4.97289,4.90466,3.862e-04,0.796,0.180,15340
1414,4.83768,4.90466,3.859e-04,0.677,0.144,15310
1415,5.14678,4.90466,3.856e-04,0.730,0.134,15328
1416,4.84658,4.90466,3.853e-04,0.737,0.160,15318
1417,4.86121,4.90466,3.850e-04,0.779,0.150,15319
1418,4.66226,4.90466,3.848e-04,0.751,0.144,15310
1419,4.83642,4.90466,3.845e-04,0.704,0.136,15328
1420,4.83272,4.90466,3.842e-04,0.733,0.139,15344
1421,4.73116,4.90466,3.839e-04,0.685,0.135,15311
1422,4.85026,4.90466,3.836e-04,0.777,0.137,15318
1423,4.86810,4.90466,3.833e-04,0.786,0.151,15292
1424,4.70956,4.90466,3.830e-04,0.795,0.124,15313
1425,4.67460,4.90466,3.827e-04,0.710,0.151,15296
1426,4.88084,4.90466,3.824e-04,0.690,0.125,15305
1427,4.86744,4.90466,3.821e-04,0.728,0.140,15333
1428,4.78837,4.90466,3.818e-04,0.698,0.129,15309
1429,4.82875,4.90466,3.815e-04,0.649,0.133,15308
1430,4.66910,4.90466,3.812e-04,0.689,0.128,15300
1431,5.01883,4.90466,3.809e-04,0.627,0.113,15308
1432,4.80197,4.90466,3.806e-04,0.745,0.138,15305
1433,4.89822,4.90466,3.803e-04,0.668,0.128,15326
1434,4.71996,4.90466,3.800e-04,0.723,0.155,15333
1435,5.11422,4.90466,3.797e-04,0.610,0.119,15325
1436,4.79112,4.90466,3.794e-04,0.671,0.141,15309
1437,5.04989,4.90466,3.791e-04,0.698,0.122,15310
1438,4.68689,4.90466,3.788e-04,0.703,0.167,15297
1439,4.79830,4.90466,3.785e-04,0.680,0.126,15309
1440,4.74588,4.90466,3.782e-04,0.729,0.146,15303
1441,4.58286,4.90466,3.779e-04,0.676,0.129,15313
1442,5.00902,4.90466,3.776e-04,0.762,0.157,15316
1443,4.67216,4.90466,3.773e-04,0.738,0.140,15295
1444,4.97544,4.90466,3.770e-04,0.734,0.146,15300
1445,4.83934,4.90466,3.767e-04,0.788,0.149,15312
1446,4.63046,4.90466,3.764e-04,0.693,0.136,15300
1447,4.71113,4.90466,3.761e-04,0.762,0.150,15294
1448,4.65288,4.90466,3.758e-04,0.664,0.131,15347
1449,4.94228,4.90466,3.755e-04,0.702,0.137,15324
1450,4.86584,4.90466,3.752e-04,0.701,0.130,15300
1451,4.87413,4.90466,3.749e-04,0.666,0.151,15304
1452,4.81344,4.90466,3.746e-04,0.731,0.141,15297
1453,4.58215,4.90466,3.743e-04,0.713,0.143,15304
1454,4.78781,4.90466,3.740e-04,0.666,0.126,15320
1455,4.79611,4.90466,3.737e-04,0.712,0.134,15327
1456,4.60251,4.90466,3.734e-04,0.707,0.130,15315
1457,5.00425,4.90466,3.731e-04,0.771,0.148,15309
1458,4.70037,4.90466,3.728e-04,0.770,0.136,15306
1459,5.03354,4.90466,3.725e-04,0.742,0.141,15300
1460,4.86945,4.90466,3.722e-04,0.759,0.132,15304
1461,4.67801,4.90466,3.719e-04,0.672,0.121,15317
1462,4.81553,4.90466,3.716e-04,0.751,0.180,15319
1463,4.69603,4.90466,3.713e-04,0.680,0.133,15337
1464,4.73272,4.90466,3.710e-04,0.726,0.181,15300
1465,4.90931,4.90466,3.707e-04,0.726,0.143,15314
1466,4.88840,4.90466,3.704e-04,0.660,0.147,15306
1467,4.99920,4.90466,3.701e-04,0.730,0.138,15316
1468,4.64379,4.90466,3.698e-04,0.730,0.152,15321
1469,4.71158,4.90466,3.695e-04,0.698,0.131,15323
1470,4.86708,4.90466,3.692e-04,0.740,0.141,15333
1471,4.75863,4.90466,3.689e-04,0.649,0.123,15287
1472,4.69930,4.90466,3.686e-04,0.845,0.162,15297
1473,4.63976,4.90466,3.683e-04,0.654,0.113,15299
1474,4.97088,4.90466,3.680e-04,0.832,0.152,15321
1475,4.79879,4.90466,3.677e-04,0.732,0.113,15324
1476,4.78571,4.90466,3.674e-04,0.747,0.145,15302
1477,4.72936,4.90466,3.671e-04,0.711,0.124,15328
1478,4.80280,4.90466,3.668e-04,0.710,0.158,15316
1479,4.76585,4.90466,3.665e-04,0.699,0.134,15288
1480,4.61412,4.90466,3.662e-04,0.703,0.140,15301
1481,5.18388,4.90466,3.659e-04,0.669,0.117,15297
1482,4.60174,4.90466,3.656e-04,0.747,0.171,15299
1483,4.91327,4.90466,3.653e-04,0.686,0.120,15311
1484,4.57253,4.90466,3.650e-04,0.723,0.154,15339
1485,4.75273,4.90466,3.647e-04,0.834,0.177,15294
1486,4.68278,4.90466,3.644e-04,0.671,0.133,15319
1487,4.83081,4.90466,3.641e-04,0.823,0.163,15317
1488,4.73767,4.90466,3.638e-04,0.781,0.144,15301
1489,4.95880,4.90466,3.635e-04,0.807,0.160,15300
1490,5.00449,4.90466,3.632e-04,0.708,0.144,15311
1491,4.79028,4.90466,3.629e-04,0.862,0.174,15330
1492,4.76459,4.90466,3.626e-04,0.749,0.136,15293
1493,5.05946,4.90466,3.623e-04,0.809,0.148,15304
1494,4.70511,4.90466,3.620e-04,0.685,0.141,15276
1495,4.68852,4.90466,3.617e-04,0.850,0.218,15302
1496,4.88168,4.90466,3.614e-04,0.699,0.152,15303
1497,4.84694,4.90466,3.611e-04,0.794,0.195,15300
1498,4.78685,4.90466,3.608e-04,0.729,0.152,15334
1499,4.89921,4.90466,3.605e-04,0.676,0.140,15327
1500,4.86399,4.74944,3.602e-04,0.700,0.134,7077
1501,4.61772,4.74944,3.599e-04,0.716,0.153,15506
1502,4.70489,4.74944,3.596e-04,0.705,0.162,15335
1503,4.68060,4.74944,3.593e-04,0.694,0.149,15299
1504,4.68203,4.74944,3.590e-04,0.792,0.171,15315
1505,4.77037,4.74944,3.587e-04,0.734,0.135,15286
1506,5.01588,4.74944,3.584e-04,0.693,0.155,15311
1507,4.76470,4.74944,3.581e-04,0.783,0.149,15315
1508,4.92809,4.74944,3.578e-04,0.716,0.139,15316
1509,4.73151,4.74944,3.575e-04,0.777,0.165,15345
1510,4.54074,4.74944,3.572e-04,0.804,0.186,15322
1511,4.52233,4.74944,3.569e-04,0.770,0.166,15280
1512,4.82503,4.74944,3.566e-04,0.780,0.141,15299
1513,4.90816,4.74944,3.563e-04,0.780,0.139,15302
1514,4.74060,4.74944,3.560e-04,0.762,0.135,15324
1515,4.98962,4.74944,3.557e-04,0.746,0.132,15305
1516,4.60998,4.74944,3.554e-04,0.736,0.154,15328
1517,4.85490,4.74944,3.551e-04,0.740,0.133,15325
1518,4.74393,4.74944,3.548e-04,0.722,0.134,15305
1519,5.02776,4.74944,3.545e-04,0.722,0.125,15308
1520,4.51950,4.74944,3.542e-04,0.816,0.150,15317
1521,4.86191,4.74944,3.539e-04,0.720,0.127,15295
1522,4.73728,4.74944,3.536e-04,0.725,0.153,15315
1523,4.77436,4.74944,3.533e-04,0.670,0.115,15333
1524,4.87590,4.74944,3.530e-04,0.692,0.123,15318
1525,4.63083,4.74944,3.527e-04,0.671,0.130,15316
1526,4.67394,4.74944,3.524e-04,0.725,0.134,15298
1527,5.26659,4.74944,3.521e-04,0.708,0.121,15311
1528,4.72456,4.74944,3.518e-04,0.713,0.128,15300
1529,4.86839,4.74944,3.515e-04,0.732,0.125,15327
1530,4.92263,4.74944,3.512e-04,0.765,0.124,15314
1531,4.66791,4.74944,3.509e-04,0.646,0.118,15335
1532,4.90786,4.74944,3.506e-04,0.798,0.164,15315
1533,4.84579,4.74944,3.503e-04,0.706,0.124,15310
1534,4.82529,4.74944,3.500e-04,0.717,0.153,15303
1535,5.09895,4.74944,3.497e-04,0.709,0.118,15314
1536,4.63522,4.74944,3.494e-04,0.755,0.148,15301
1537,4.93148,4.74944,3.491e-04,0.726,0.138,15325
1538,4.66490,4.74944,3.488e-04,0.666,0.124,15322
1539,4.65749,4.74944,3.485e-04,0.701,0.139,15310
1540,4.85262,4.74944,3.482e-04,0.698,0.134,15311
1541,4.90499,4.74944,3.479e-04,0.742,0.127,15294
1542,4.77648,4.74944,3.476e-04,0.677,0.136,15307
1543,4.87324,4.74944,3.473e-04,0.773,0.152,15321
1544,4.74846,4.74944,3.470e-04,0.780,0.156,15313
1545,4.97394,4.74944,3.467e-04,0.725,0.132,15332
1546,4.62605,4.74944,3.463e-04,0.826,0.219,15315
1547,4.60660,4.74944,3.460e-04,0.682,0.137,15316
1548,4.98766,4.74944,3.457e-04,0.768,0.160,15288
1549,4.95244,4.74944,3.454e-04,0.698,0.146,15307
1550,4.91323,4.74944,3.451e-04,0.697,0.140,15307
1551,4.74214,4.74944,3.448e-04,0.797,0.152,15314
1552,4.75114,4.74944,3.445e-04,0.705,0.122,15328
1553,4.62089,4.74944,3.442e-04,0.738,0.148,15317
1554,4.56266,4.74944,3.439e-04,0.752,0.140,15293
1555,4.83050,4.74944,3.436e-04,0.744,0.146,15319
1556,4.94824,4.74944,3.433e-04,0.782,0.159,15301
1557,4.68602,4.74944,3.430e-04,0.707,0.124,15300
1558,4.80414,4.74944,3.427e-04,0.738,0.135,15331
1559,4.90120,4.74944,3.424e-04,0.704,0.127,15342
1560,4.85396,4.74944,3.421e-04,0.742,0.131,15324
1561,4.67451,4.74944,3.418e-04,0.797,0.176,15315
1562,4.58090,4.74944,3.415e-04,0.760,0.141,15303
1563,4.88272,4.74944,3.412e-04,0.698,0.129,15314
1564,4.66130,4.74944,3.409e-04,0.754,0.161,15312
1565,5.06279,4.74944,3.406e-04,0.809,0.141,15306
1566,4.90365,4.74944,3.403e-04,0.773,0.141,15323
1567,4.74823,4.74944,3.400e-04,0.742,0.144,15330
1568,4.67241,4.74944,3.397e-04,0.695,0.124,15311
1569,4.63950,4.74944,3.394e-04,0.733,0.158,15317
1570,4.71706,4.74944,3.391e-04,0.705,0.135,15304
1571,4.71183,4.74944,3.388e-04,0.746,0.149,15316
1572,4.87297,4.74944,3.385e-04,0.802,0.147,15308
1573,4.84088,4.74944,3.382e-04,0.703,0.136,15332
1574,4.71392,4.74944,3.379e-04,0.743,0.132,15334
1575,4.92343,4.74944,3.376e-04,0.734,0.145,15319
1576,4.77204,4.74944,3.373e-04,0.725,0.140,15311
1577,4.60007,4.74944,3.370e-04,0.720,0.156,15297
1578,4.62682,4.74944,3.367e-04,0.748,0.150,15296
1579,4.80576,4.74944,3.364e-04,0.698,0.138,15312
1580,4.83160,4.74944,3.361e-04,0.726,0.137,15331
1581,4.85285,4.74944,3.358e-04,0.656,0.132,15326
1582,4.99302,4.74944,3.355e-04,0.677,0.124,15299
1583,4.79370,4.74944,3.351e-04,0.679,0.122,15300
1584,4.63825,4.74944,3.348e-04,0.715,0.130,15303
1585,4.85416,4.74944,3.345e-04,0.680,0.138,15302
1586,4.46396,4.74944,3.342e-04,0.772,0.149,15293
1587,4.74883,4.74944,3.339e-04,0.750,0.127,15319
1588,4.75787,4.74944,3.336e-04,0.777,0.162,15323
1589,4.64281,4.74944,3.333e-04,0.777,0.137,15317
1590,4.61454,4.74944,3.330e-04,0.747,0.140,15316
1591,4.64852,4.74944,3.327e-04,0.668,0.125,15319
1592,4.83330,4.74944,3.324e-04,0.793,0.142,15306
1593,4.90211,4.74944,3.321e-04,0.768,0.135,15296
1594,4.82010,4.74944,3.318e-04,0.712,0.133,15317
1595,4.96834,4.74944,3.315e-04,0.760,0.122,15335
1596,4.59600,4.74944,3.312e-04,0.702,0.130,15320
1597,4.71111,4.74944,3.309e-04,0.701,0.111,15309
1598,4.49101,4.74944,3.306e-04,0.782,0.151,15313
1599,4.79587,4.74944,3.303e-04,0.786,0.153,15303
1600,4.43192,4.74944,3.300e-04,0.739,0.131,15312
1601,4.75149,4.74944,3.297e-04,0.780,0.137,15300
1602,4.62910,4.74944,3.294e-04,0.706,0.131,15328
1603,4.76545,4.74944,3.291e-04,0.766,0.152,15317
1604,4.42656,4.74944,3.288e-04,0.821,0.160,15319
1605,4.77522,4.74944,3.285e-04,0.776,0.157,15310
1606,4.58464,4.74944,3.282e-04,0.710,0.151,15298
1607,4.57704,4.74944,3.279e-04,0.821,0.161,15290
1608,4.75996,4.74944,3.276e-04,0.707,0.128,15303
1609,4.60204,4.74944,3.273e-04,0.824,0.153,15330
1610,4.66986,4.74944,3.270e-04,0.795,0.145,15286
1611,4.67859,4.74944,3.267e-04,0.790,0.126,15310
1612,4.67810,4.74944,3.264e-04,0.724,0.142,15305
1613,4.60575,4.74944,3.261e-04,0.741,0.149,15300
1614,4.89431,4.74944,3.258e-04,0.868,0.181,15304
1615,4.78835,4.74944,3.255e-04,0.742,0.143,15320
1616,4.90413,4.74944,3.252e-04,0.868,0.162,15337
1617,4.84657,4.74944,3.249e-04,0.700,0.119,15315
1618,4.68291,4.74944,3.245e-04,0.786,0.146,15315
1619,4.39530,4.74944,3.242e-04,0.757,0.120,15299
1620,4.83563,4.74944,3.239e-04,0.745,0.135,15294
1621,4.76490,4.74944,3.236e-04,0.739,0.133,15295
1622,4.68131,4.74944,3.233e-04,0.796,0.154,15300
1623,4.76566,4.74944,3.230e-04,0.763,0.148,15331
1624,4.86919,4.74944,3.227e-04,0.684,0.113,15314
1625,4.51909,4.74944,3.224e-04,0.705,0.127,15310
1626,4.72604,4.74944,3.221e-04,0.730,0.132,15307
1627,4.59839,4.74944,3.218e-04,0.774,0.138,15301
1628,4.63603,4.74944,3.215e-04,0.707,0.141,15310
1629,4.53091,4.74944,3.212e-04,0.780,0.152,15299
1630,4.68507,4.74944,3.209e-04,0.708,0.140,15337
1631,4.62185,4.74944,3.206e-04,0.661,0.114,15328
1632,4.60670,4.74944,3.203e-04,0.815,0.158,15320
1633,4.89797,4.74944,3.200e-04,0.728,0.138,15319
1634,4.78219,4.74944,3.197e-04,0.824,0.174,15311
1635,4.61407,4.74944,3.194e-04,0.707,0.133,15304
1636,4.69135,4.74944,3.191e-04,0.718,0.151,15313
1637,4.47022,4.74944,3.188e-04,0.812,0.153,15325
1638,4.79625,4.74944,3.185e-04,0.760,0.140,15337
1639,4.60500,4.74944,3.182e-04,0.734,0.126,15316
1640,4.77801,4.74944,3.179e-04,0.724,0.132,15289
1641,4.79102,4.74944,3.176e-04,0.734,0.134,15298
1642,4.73134,4.74944,3.173e-04,0.743,0.129,15314
1643,4.53957,4.74944,3.170e-04,0.710,0.131,15319
1644,4.84043,4.74944,3.167e-04,0.845,0.131,15296
1645,4.34834,4.74944,3.164e-04,0.732,0.143,15328
1646,4.42535,4.74944,3.161e-04,0.725,0.136,15315
1647,4.38874,4.74944,3.158e-04,0.735,0.133,15313
1648,4.53937,4.74944,3.155e-04,0.770,0.135,15307
1649,4.70941,4.74944,3.152e-04,0.779,0.131,15304
1650,4.81015,4.74944,3.149e-04,0.837,0.166,15301
1651,4.63775,4.74944,3.146e-04,0.754,0.125,15327
1652,4.94255,4.74944,3.143e-04,0.861,0.152,15341
1653,4.68095,4.74944,3.140e-04,0.765,0.151,15307
1654,4.65943,4.74944,3.137e-04,0.808,0.155,15294
1655,4.70424,4.74944,3.133e-04,0.832,0.138,15309
1656,4.69440,4.74944,3.130e-04,0.751,0.129,15301
1657,4.86767,4.74944,3.127e-04,0.791,0.125,15306
1658,4.70800,4.74944,3.124e-04,0.777,0.129,15329
1659,4.54356,4.74944,3.121e-04,0.747,0.136,15327
1660,4.79442,4.74944,3.118e-04,0.732,0.147,15317
1661,4.41802,4.74944,3.115e-04,0.816,0.132,15299
1662,4.77360,4.74944,3.112e-04,0.658,0.111,15320
1663,4.55962,4.74944,3.109e-04,0.715,0.124,15312
1664,4.52593,4.74944,3.106e-04,0.735,0.128,15315
1665,4.92827,4.74944,3.103e-04,0.743,0.132,15310
1666,4.65253,4.74944,3.100e-04,0.802,0.121,15336
1667,4.56494,4.74944,3.097e-04,0.745,0.137,15329
1668,4.66515,4.74944,3.094e-04,0.821,0.150,15317
1669,4.82897,4.74944,3.091e-04,0.787,0.116,15310
1670,4.75140,4.74944,3.088e-04,0.830,0.190,15298
1671,4.71019,4.74944,3.085e-04,0.770,0.139,15318
1672,4.81168,4.74944,3.082e-04,0.820,0.148,15329
1673,4.75127,4.74944,3.079e-04,0.846,0.147,15328
1674,4.92996,4.74944,3.076e-04,0.742,0.133,15332
1675,4.64660,4.74944,3.073e-04,0.814,0.150,15307
1676,4.59480,4.74944,3.070e-04,0.801,0.148,15299
1677,4.94972,4.74944,3.067e-04,0.661,0.113,15288
1678,4.76108,4.74944,3.064e-04,0.897,0.199,15306
1679,4.61328,4.74944,3.061e-04,0.750,0.126,15300
1680,4.62824,4.74944,3.058e-04,0.849,0.172,15306
1681,4.54968,4.74944,3.055e-04,0.803,0.144,15310
1682,4.76116,4.74944,3.052e-04,0.858,0.154,15304
1683,4.65456,4.74944,3.049e-04,0.790,0.132,15318
1684,4.65681,4.74944,3.046e-04,0.723,0.141,15300
1685,4.81182,4.74944,3.043e-04,0.783,0.141,15309
1686,4.42951,4.74944,3.040e-04,0.749,0.132,15314
1687,4.81921,4.74944,3.037e-04,0.807,0.152,15320
1688,4.74493,4.74944,3.034e-04,0.749,0.141,15326
1689,4.71104,4.74944,3.031e-04,0.804,0.154,15313
1690,4.73761,4.74944,3.028e-04,0.753,0.130,15298
1691,4.57769,4.74944,3.025e-04,0.768,0.134,15324
1692,4.55316,4.74944,3.022e-04,0.722,0.133,15315
1693,4.64195,4.74944,3.019e-04,0.731,0.132,15291
1694,4.75774,4.74944,3.016e-04,0.800,0.134,15326
1695,4.82837,4.74944,3.013e-04,0.828,0.146,15330
1696,4.78472,4.74944,3.010e-04,0.803,0.142,15309
1697,4.61725,4.74944,3.007e-04,0.793,0.138,15302
1698,4.79408,4.74944,3.004e-04,0.764,0.124,15307
1699,4.65325,4.74944,3.001e-04,0.772,0.144,15309
1700,4.61771,4.74944,2.998e-04,0.734,0.117,15296
1701,4.76693,4.74944,2.995e-04,0.835,0.138,15313
1702,4.58968,4.74944,2.992e-04,0.784,0.139,15328
1703,4.37531,4.74944,2.989e-04,0.744,0.148,15307
1704,4.36360,4.74944,2.986e-04,0.737,0.120,15301
1705,4.42435,4.74944,2.983e-04,0.797,0.158,15297
1706,4.65892,4.74944,2.980e-04,0.809,0.156,15307
1707,4.47837,4.74944,2.977e-04,0.868,0.169,15305
1708,4.73923,4.74944,2.974e-04,0.793,0.147,15319
1709,4.40938,4.74944,2.971e-04,0.774,0.151,15338
1710,4.71096,4.74944,2.968e-04,0.772,0.149,15307
1711,4.98898,4.74944,2.965e-04,0.678,0.110,15306
1712,4.66583,4.74944,2.962e-04,0.838,0.190,15309
1713,4.46687,4.74944,2.959e-04,0.776,0.136,15305
1714,4.81360,4.74944,2.956e-04,0.787,0.171,15308
1715,4.75277,4.74944,2.953e-04,0.750,0.125,15314
1716,4.76563,4.74944,2.950e-04,0.750,0.130,15326
1717,4.76401,4.74944,2.947e-04,0.821,0.142,15304
1718,4.56445,4.74944,2.944e-04,0.769,0.131,15299
1719,4.63515,4.74944,2.941e-04,0.762,0.138,15308
1720,4.98826,4.74944,2.938e-04,0.857,0.152,15312
1721,4.57064,4.74944,2.935e-04,0.999,0.212,15315
1722,4.72346,4.74944,2.932e-04,0.894,0.170,15313
1723,4.62247,4.74944,2.929e-04,0.806,0.173,15319
1724,4.72321,4.74944,2.926e-04,0.893,0.187,15337
1725,4.48084,4.74944,2.923e-04,0.791,0.120,15314
1726,5.08572,4.74944,2.920e-04,0.783,0.146,15301
1727,4.68779,4.74944,2.917e-04,0.837,0.163,15291
1728,4.73009,4.74944,2.914e-04,0.853,0.141,15304
1729,4.74863,4.74944,2.911e-04,0.824,0.147,15309
1730,4.41936,4.74944,2.908e-04,0.775,0.133,15324
1731,4.63103,4.74944,2.905e-04,0.850,0.153,15332
1732,4.55357,4.74944,2.902e-04,0.745,0.132,15313
1733,4.65857,4.74944,2.899e-04,0.759,0.123,15306
1734,4.85961,4.74944,2.896e-04,0.702,0.111,15305
1735,4.49827,4.74944,2.893e-04,0.747,0.138,15315
1736,4.29792,4.74944,2.890e-04,0.747,0.129,15310
1737,4.68950,4.74944,2.887e-04,0.769,0.131,15323
1738,4.60961,4.74944,2.884e-04,0.802,0.144,15332
1739,4.35741,4.74944,2.881e-04,0.765,0.131,15307
1740,4.53093,4.74944,2.878e-04,0.785,0.126,15302
1741,4.56852,4.74944,2.875e-04,0.732,0.130,15317
1742,4.79417,4.74944,2.872e-04,0.802,0.133,15313
1743,4.60781,4.74944,2.869e-04,0.691,0.114,15315
1744,4.62388,4.74944,2.866e-04,0.803,0.133,15308
1745,4.78901,4.74944,2.863e-04,0.697,0.134,15343
1746,4.74206,4.74944,2.860e-04,0.791,0.134,15314
1747,4.61274,4.74944,2.857e-04,0.763,0.142,15311
1748,4.92910,4.74944,2.854e-04,0.705,0.123,15298
1749,4.52310,4.74944,2.851e-04,0.726,0.126,15308
1750,4.63866,4.61750,2.848e-04,0.776,0.133,7091
1751,4.60180,4.61750,2.845e-04,0.730,0.121,15505
1752,4.95479,4.61750,2.842e-04,0.777,0.123,15319
1753,4.55924,4.61750,2.839e-04,0.832,0.136,15328
1754,4.81865,4.61750,2.836e-04,0.731,0.118,15308
1755,4.58346,4.61750,2.833e-04,0.833,0.145,15312
1756,4.55241,4.61750,2.830e-04,0.702,0.122,15350
1757,4.61373,4.61750,2.827e-04,0.800,0.134,15304
1758,4.69174,4.61750,2.824e-04,0.738,0.121,15319
1759,4.55896,4.61750,2.821e-04,0.716,0.134,15300
1760,4.62252,4.61750,2.818e-04,0.743,0.144,15304
1761,4.53984,4.61750,2.815e-04,0.871,0.152,15285
1762,4.56205,4.61750,2.812e-04,0.770,0.151,15318
1763,4.68994,4.61750,2.809e-04,0.747,0.128,15343
1764,4.80972,4.61750,2.806e-04,0.803,0.124,15321
1765,4.66824,4.61750,2.803e-04,0.804,0.168,15304
1766,4.77344,4.61750,2.800e-04,0.686,0.109,15307
1767,5.00181,4.61750,2.797e-04,0.986,0.170,15297
1768,4.69819,4.61750,2.794e-04,0.779,0.143,15290
1769,4.78129,4.61750,2.791e-04,0.867,0.185,15305
1770,4.72046,4.61750,2.788e-04,0.818,0.156,15332
1771,4.52983,4.61750,2.785e-04,0.824,0.167,15315
1772,4.36380,4.61750,2.782e-04,0.784,0.127,15305
1773,5.05446,4.61750,2.779e-04,0.702,0.124,15320
1774,4.85381,4.61750,2.776e-04,0.753,0.134,15310
1775,4.68261,4.61750,2.773e-04,0.752,0.131,15301
1776,4.72361,4.61750,2.770e-04,0.763,0.138,15323
1777,4.52895,4.61750,2.767e-04,0.792,0.154,15323
1778,4.81871,4.61750,2.764e-04,0.790,0.126,15309
1779,4.62495,4.61750,2.761e-04,0.766,0.142,15303
1780,4.51978,4.61750,2.758e-04,0.756,0.121,15303
1781,4.68906,4.61750,2.755e-04,0.719,0.118,15324
1782,4.57432,4.61750,2.752e-04,0.781,0.142,15307
1783,4.48471,4.61750,2.750e-04,0.740,0.127,15314
1784,4.75681,4.61750,2.747e-04,0.778,0.136,15320
1785,4.65773,4.61750,2.744e-04,0.851,0.152,15297
1786,4.82501,4.61750,2.741e-04,0.750,0.116,15289
1787,4.57273,4.61750,2.738e-04,0.740,0.139,15287
1788,4.68900,4.61750,2.735e-04,0.732,0.124,15324
1789,4.37410,4.61750,2.732e-04,0.862,0.168,15304
1790,4.59148,4.61750,2.729e-04,0.771,0.121,15312
1791,4.32101,4.61750,2.726e-04,0.895,0.187,15333
1792,4.64728,4.61750,2.723e-04,0.814,0.141,15334
1793,4.63387,4.61750,2.720e-04,0.776,0.129,15322
1794,4.65370,4.61750,2.717e-04,0.790,0.140,15307
1795,4.60765,4.61750,2.714e-04,0.835,0.137,15307
1796,4.68600,4.61750,2.711e-04,0.710,0.116,15291
1797,4.56862,4.61750,2.708e-04,0.786,0.135,15303
1798,4.67340,4.61750,2.705e-04,0.889,0.132,15297
1799,4.68864,4.61750,2.702e-04,0.737,0.139,15323
1800,4.70722,4.61750,2.699e-04,0.772,0.125,15299
1801,4.53750,4.61750,2.696e-04,0.750,0.121,15303
1802,4.55907,4.61750,2.693e-04,0.762,0.133,15315
1803,4.87338,4.61750,2.690e-04,0.801,0.127,15300
1804,4.82278,4.61750,2.687e-04,0.751,0.125,15303
1805,4.51149,4.61750,2.684e-04,0.814,0.146,15319
1806,4.62341,4.61750,2.681e-04,0.742,0.111,15333
1807,4.45941,4.61750,2.679e-04,0.889,0.157,15295
1808,4.65767,4.61750,2.676e-04,0.775,0.116,15317
1809,5.04899,4.61750,2.673e-04,0.703,0.122,15292
1810,4.51812,4.61750,2.670e-04,0.888,0.143,15305
1811,4.63294,4.61750,2.667e-04,0.813,0.147,15312
1812,4.66844,4.61750,2.664e-04,0.822,0.150,15308
1813,4.93068,4.61750,2.661e-04,0.752,0.122,15334
1814,4.58135,4.61750,2.658e-04,0.841,0.147,15311
1815,4.69986,4.61750,2.655e-04,0.818,0.143,15313
1816,4.55841,4.61750,2.652e-04,0.792,0.133,15296
1817,4.71642,4.61750,2.649e-04,0.825,0.123,15285
1818,4.69549,4.61750,2.646e-04,0.838,0.126,15314
1819,4.62219,4.61750,2.643e-04,0.825,0.156,15320
1820,4.45941,4.61750,2.640e-04,0.784,0.130,15331
1821,4.71948,4.61750,2.637e-04,0.809,0.139,15326
1822,4.91335,4.61750,2.634e-04,0.710,0.112,15312
1823,4.58295,4.61750,2.631e-04,0.795,0.141,15294
1824,4.37398,4.61750,2.629e-04,0.845,0.152,15316
1825,4.47620,4.61750,2.626e-04,0.770,0.123,15316
1826,4.71010,4.61750,2.623e-04,0.770,0.128,15277
1827,4.58335,4.61750,2.620e-04,0.806,0.133,15333
1828,4.69984,4.61750,2.617e-04,0.754,0.123,15297
1829,4.31672,4.61750,2.614e-04,0.830,0.146,15298
1830,4.86130,4.61750,2.611e-04,0.834,0.139,15316
1831,4.70647,4.61750,2.608e-04,0.767,0.124,15310
1832,4.65636,4.61750,2.605e-04,0.774,0.133,15322
1833,4.46518,4.61750,2.602e-04,0.820,0.148,15300
1834,4.31519,4.61750,2.599e-04,0.739,0.111,15338
1835,4.59130,4.61750,2.596e-04,0.764,0.147,15327
1836,4.42747,4.61750,2.593e-04,0.780,0.149,15319
1837,4.63746,4.61750,2.590e-04,0.761,0.114,15290
1838,4.81791,4.61750,2.588e-04,0.755,0.115,15300
1839,4.72975,4.61750,2.585e-04,0.776,0.115,15328
1840,4.66183,4.61750,2.582e-04,0.772,0.124,15303
1841,4.49014,4.61750,2.579e-04,0.822,0.131,15314
1842,4.82996,4.61750,2.576e-04,0.788,0.133,15323
1843,4.60203,4.61750,2.573e-04,0.830,0.137,15288
1844,4.54499,4.61750,2.570e-04,0.861,0.152,15312
1845,4.93761,4.61750,2.567e-04,0.941,0.154,15298
1846,4.77132,4.61750,2.564e-04,0.845,0.159,15302
1847,4.73654,4.61750,2.561e-04,0.922,0.154,15321
1848,4.38144,4.61750,2.558e-04,0.905,0.158,15315
1849,4.83178,4.61750,2.555e-04,0.808,0.148,15302
1850,4.44526,4.61750,2.553e-04,0.787,0.132,15320
1851,4.78496,4.61750,2.550e-04,0.877,0.150,15296
1852,4.69706,4.61750,2.547e-04,0.824,0.144,15320
1853,4.63380,4.61750,2.544e-04,0.812,0.138,15307
1854,4.98487,4.61750,2.541e-04,0.875,0.139,15305
1855,4.50119,4.61750,2.538e-04,0.771,0.145,15321
1856,4.62080,4.61750,2.535e-04,0.822,0.136,15311
1857,4.71428,4.61750,2.532e-04,0.866,0.152,15325
1858,4.54132,4.61750,2.529e-04,0.746,0.131,15324
1859,4.55759,4.61750,2.526e-04,0.767,0.116,15319
1860,4.55230,4.61750,2.523e-04,0.808,0.134,15291
1861,4.75071,4.61750,2.521e-04,0.795,0.124,15305
1862,4.88934,4.61750,2.518e-04,0.780,0.111,15321
1863,4.61947,4.61750,2.515e-04,0.785,0.121,15340
1864,4.57202,4.61750,2.512e-04,0.744,0.139,15312
1865,4.60438,4.61750,2.509e-04,0.784,0.120,15334
1866,4.63916,4.61750,2.506e-04,0.779,0.131,15302
1867,4.60477,4.61750,2.503e-04,0.723,0.111,15322
1868,4.60902,4.61750,2.500e-04,0.778,0.120,15303
1869,4.66400,4.61750,2.497e-04,0.763,0.115,15315
1870,4.61654,4.61750,2.495e-04,0.745,0.121,15338
1871,4.83956,4.61750,2.492e-04,0.789,0.127,15327
1872,4.86928,4.61750,2.489e-04,0.751,0.121,15305
1873,4.15621,4.61750,2.486e-04,0.798,0.153,15320
1874,4.38735,4.61750,2.483e-04,0.784,0.122,15296
1875,4.53669,4.61750,2.480e-04,0.816,0.173,15293
1876,4.47239,4.61750,2.477e-04,0.801,0.148,15308
1877,4.49025,4.61750,2.474e-04,0.744,0.125,15344
1878,4.53714,4.61750,2.471e-04,0.831,0.160,15326
1879,4.91062,4.61750,2.469e-04,0.742,0.124,15312
1880,4.23760,4.61750,2.466e-04,0.854,0.167,15315
1881,4.65512,4.61750,2.463e-04,0.781,0.128,15275
1882,4.70490,4.61750,2.460e-04,0.758,0.136,15286
1883,4.61192,4.61750,2.457e-04,0.817,0.144,15304
1884,4.62914,4.61750,2.454e-04,0.825,0.150,15330
1885,4.70039,4.61750,2.451e-04,0.831,0.130,15329
1886,4.59796,4.61750,2.448e-04,0.769,0.131,15316
1887,4.73356,4.61750,2.446e-04,0.758,0.139,15310
1888,4.51833,4.61750,2.443e-04,0.832,0.140,15307
1889,4.68523,4.61750,2.440e-04,0.732,0.119,15291
1890,4.65327,4.61750,2.437e-04,0.779,0.133,15326
1891,4.53468,4.61750,2.434e-04,0.812,0.129,15316
1892,4.46956,4.61750,2.431e-04,0.734,0.124,15338
1893,4.40374,4.61750,2.428e-04,0.796,0.144,15311
1894,4.73234,4.61750,2.425e-04,0.780,0.127,15300
1895,4.65650,4.61750,2.423e-04,0.710,0.128,15311
1896,4.55688,4.61750,2.420e-04,0.845,0.134,15322
1897,4.82805,4.61750,2.417e-04,0.787,0.134,15316
1898,4.83791,4.61750,2.414e-04,0.752,0.119,15304
1899,4.53997,4.61750,2.411e-04,0.804,0.148,15332
1900,4.35217,4.61750,2.408e-04,0.757,0.135,15315
1901,4.45769,4.61750,2.405e-04,0.907,0.136,15301
1902,4.36606,4.61750,2.403e-04,0.792,0.138,15325
1903,4.72629,4.61750,2.400e-04,0.778,0.132,15302
1904,4.70389,4.61750,2.397e-04,0.780,0.108,15329
1905,4.73819,4.61750,2.394e-04,0.750,0.120,15329
1906,4.45034,4.61750,2.391e-04,0.899,0.169,15339
1907,4.57409,4.61750,2.388e-04,0.773,0.136,15298
1908,4.60033,4.61750,2.385e-04,0.745,0.115,15324
1909,4.56378,4.61750,2.383e-04,0.808,0.124,15320
1910,4.82449,4.61750,2.380e-04,0.744,0.117,15309
1911,4.50926,4.61750,2.377e-04,0.782,0.119,15290
1912,4.98850,4.61750,2.374e-04,0.769,0.112,15332
1913,4.42884,4.61750,2.371e-04,0.730,0.112,15338
1914,4.54696,4.61750,2.368e-04,0.889,0.142,15322
1915,4.51322,4.61750,2.365e-04,0.764,0.125,15301
1916,4.54705,4.61750,2.363e-04,0.760,0.134,15312
1917,4.80287,4.61750,2.360e-04,0.779,0.118,15315
1918,4.67437,4.61750,2.357e-04,0.723,0.117,15301
1919,4.69446,4.61750,2.354e-04,0.830,0.128,15315
1920,4.39304,4.61750,2.351e-04,0.866,0.132,15337
1921,4.72935,4.61750,2.348e-04,0.793,0.114,15323
1922,4.45677,4.61750,2.346e-04,0.788,0.125,15307
1923,4.77955,4.61750,2.343e-04,0.801,0.124,15300
1924,4.60656,4.61750,2.340e-04,0.732,0.116,15307
1925,4.30130,4.61750,2.337e-04,0.811,0.125,15300
1926,4.48568,4.61750,2.334e-04,0.794,0.119,15317
1927,4.57748,4.61750,2.331e-04,0.766,0.118,15334
1928,4.84836,4.61750,2.329e-04,0.746,0.115,15323
1929,4.60533,4.61750,2.326e-04,0.773,0.114,15286
1930,4.68202,4.61750,2.323e-04,0.761,0.115,15312
1931,4.64225,4.61750,2.320e-04,0.758,0.130,15301
1932,4.78373,4.61750,2.317e-04,0.795,0.131,15309
1933,4.47923,4.61750,2.315e-04,0.789,0.121,15301
1934,4.45945,4.61750,2.312e-04,0.749,0.127,15317
1935,4.73964,4.61750,2.309e-04,0.850,0.131,15347
1936,4.58454,4.61750,2.306e-04,0.756,0.124,15296
1937,4.54736,4.61750,2.303e-04,0.791,0.132,15314
1938,4.59286,4.61750,2.300e-04,0.757,0.146,15287
1939,4.39692,4.61750,2.298e-04,0.820,0.125,15309
1940,4.81396,4.61750,2.295e-04,0.814,0.126,15299
1941,4.48954,4.61750,2.292e-04,0.845,0.176,15329
1942,4.62031,4.61750,2.289e-04,0.808,0.144,15320
1943,4.48071,4.61750,2.286e-04,0.857,0.163,15316
1944,4.49518,4.61750,2.284e-04,0.762,0.125,15293
1945,4.56487,4.61750,2.281e-04,0.798,0.139,15298
1946,4.69114,4.61750,2.278e-04,0.850,0.128,15313
1947,4.50188,4.61750,2.275e-04,0.831,0.148,15316
1948,4.54683,4.61750,2.272e-04,0.886,0.135,15328
1949,4.59527,4.61750,2.270e-04,0.841,0.127,15349
1950,4.38450,4.61750,2.267e-04,0.786,0.149,15309
1951,4.88393,4.61750,2.264e-04,0.808,0.130,15305
1952,4.60837,4.61750,2.261e-04,0.798,0.121,15302
1953,4.79106,4.61750,2.258e-04,0.842,0.134,15298
1954,4.56117,4.61750,2.256e-04,0.944,0.148,15303
1955,4.58750,4.61750,2.253e-04,0.798,0.118,15306
1956,4.61772,4.61750,2.250e-04,0.799,0.137,15337
1957,4.50719,4.61750,2.247e-04,0.815,0.129,15301
1958,4.62689,4.61750,2.244e-04,0.828,0.133,15306
1959,4.60393,4.61750,2.242e-04,0.858,0.144,15307
1960,4.63678,4.61750,2.239e-04,0.790,0.135,15313
1961,4.66944,4.61750,2.236e-04,0.805,0.112,15297
1962,4.43408,4.61750,2.233e-04,0.875,0.146,15315
1963,4.47431,4.61750,2.230e-04,0.828,0.136,15330
1964,4.51038,4.61750,2.228e-04,0.800,0.130,15327
1965,4.46318,4.61750,2.225e-04,0.789,0.133,15307
1966,4.66057,4.61750,2.222e-04,0.848,0.136,15303
1967,4.54589,4.61750,2.219e-04,0.873,0.163,15304
1968,4.38895,4.61750,2.217e-04,0.917,0.150,15314
1969,4.42505,4.61750,2.214e-04,0.848,0.154,15314
1970,4.34272,4.61750,2.211e-04,0.750,0.117,15318
1971,4.59248,4.61750,2.208e-04,0.800,0.121,15310
1972,4.70565,4.61750,2.206e-04,0.785,0.120,15302
1973,4.56040,4.61750,2.203e-04,0.756,0.125,15307
1974,4.57735,4.61750,2.200e-04,0.803,0.142,15304
1975,4.71658,4.61750,2.197e-04,0.817,0.137,15289
1976,4.14306,4.61750,2.194e-04,0.838,0.146,15300
1977,4.65795,4.61750,2.192e-04,0.761,0.126,15331
1978,4.62565,4.61750,2.189e-04,0.783,0.140,15319
1979,4.43210,4.61750,2.186e-04,0.839,0.151,15313
1980,4.59339,4.61750,2.183e-04,0.806,0.132,15308
1981,4.40595,4.61750,2.181e-04,0.829,0.159,15286
1982,4.75198,4.61750,2.178e-04,0.768,0.119,15315
1983,4.79203,4.61750,2.175e-04,0.815,0.143,15315
1984,4.65365,4.61750,2.172e-04,0.834,0.169,15325
1985,4.52313,4.61750,2.170e-04,0.758,0.114,15341
1986,4.65738,4.61750,2.167e-04,0.838,0.167,15285
1987,4.58716,4.61750,2.164e-04,0.787,0.127,15324
1988,4.59102,4.61750,2.161e-04,0.822,0.150,15318
1989,4.44781,4.61750,2.159e-04,0.860,0.172,15306
1990,4.65912,4.61750,2.156e-04,0.797,0.132,15288
1991,4.35659,4.61750,2.153e-04,0.861,0.182,15313
1992,4.39144,4.61750,2.150e-04,0.778,0.127,15329
1993,4.71388,4.61750,2.148e-04,0.940,0.172,15289
1994,4.66726,4.61750,2.145e-04,0.870,0.147,15300
1995,4.47890,4.61750,2.142e-04,0.889,0.149,15300
1996,4.61667,4.61750,2.139e-04,0.829,0.153,15308
1997,4.50302,4.61750,2.137e-04,0.863,0.125,15318
1998,4.65466,4.61750,2.134e-04,0.791,0.134,15320
1999,4.46618,4.61750,2.131e-04,0.838,0.146,15338
2000,4.50450,4.51422,2.129e-04,0.795,0.122,7086
2001,4.49802,4.51422,2.126e-04,0.804,0.141,15492
2002,4.52641,4.51422,2.123e-04,0.799,0.148,15331
2003,4.34628,4.51422,2.120e-04,0.843,0.159,15319
2004,4.71643,4.51422,2.118e-04,0.733,0.111,15304
2005,4.72681,4.51422,2.115e-04,0.708,0.122,15314
2006,4.46485,4.51422,2.112e-04,0.808,0.142,15314
2007,4.43489,4.51422,2.109e-04,0.800,0.115,15316
2008,4.79095,4.51422,2.107e-04,0.706,0.110,15305
2009,4.66604,4.51422,2.104e-04,0.811,0.129,15323
2010,4.85366,4.51422,2.101e-04,0.728,0.119,15321
2011,4.57490,4.51422,2.099e-04,0.815,0.139,15292
2012,4.42482,4.51422,2.096e-04,0.757,0.124,15311
2013,4.44762,4.51422,2.093e-04,0.854,0.138,15300
2014,4.73329,4.51422,2.090e-04,0.744,0.106,15309
2015,4.68771,4.51422,2.088e-04,0.774,0.117,15316
2016,4.55975,4.51422,2.085e-04,0.847,0.128,15309
2017,4.32737,4.51422,2.082e-04,0.731,0.126,15338
2018,4.46606,4.51422,2.080e-04,0.789,0.129,15301
2019,4.56536,4.51422,2.077e-04,0.745,0.124,15309
2020,4.52263,4.51422,2.074e-04,0.826,0.152,15315
2021,4.48438,4.51422,2.072e-04,0.835,0.140,15286
2022,4.62145,4.51422,2.069e-04,0.740,0.142,15305
2023,4.51635,4.51422,2.066e-04,0.788,0.129,15314
2024,4.36548,4.51422,2.063e-04,0.763,0.126,15333
2025,4.45363,4.51422,2.061e-04,0.773,0.128,15316
2026,4.69397,4.51422,2.058e-04,0.867,0.153,15314
2027,4.59146,4.51422,2.055e-04,0.735,0.118,15316
2028,4.82844,4.51422,2.053e-04,0.771,0.123,15302
2029,4.49265,4.51422,2.050e-04,0.774,0.124,15316
2030,4.42859,4.51422,2.047e-04,0.764,0.126,15328
2031,4.69777,4.51422,2.045e-04,0.755,0.111,15328
2032,4.63597,4.51422,2.042e-04,0.762,0.115,15315
2033,4.64777,4.51422,2.039e-04,0.820,0.126,15310
2034,4.54562,4.51422,2.037e-04,0.768,0.126,15311
2035,4.88274,4.51422,2.034e-04,0.772,0.112,15304
2036,4.65635,4.51422,2.031e-04,0.750,0.120,15308
2037,4.56821,4.51422,2.029e-04,0.746,0.118,15315
2038,4.36761,4.51422,2.026e-04,0.800,0.117,15344
2039,4.35748,4.51422,2.023e-04,0.878,0.140,15307
2040,4.66477,4.51422,2.021e-04,0.738,0.124,15311
2041,4.70436,4.51422,2.018e-04,0.841,0.135,15310
2042,4.46817,4.51422,2.015e-04,0.795,0.132,15301
2043,4.60133,4.51422,2.013e-04,0.876,0.135,15315
2044,4.52251,4.51422,2.010e-04,0.810,0.119,15324
2045,4.34099,4.51422,2.007e-04,0.795,0.134,15328
2046,4.43157,4.51422,2.005e-04,0.781,0.113,15329
2047,4.61447,4.51422,2.002e-04,0.849,0.133,15310
2048,4.64184,4.51422,1.999e-04,0.761,0.128,15317
2049,4.28965,4.51422,1.997e-04,0.836,0.129,15301
2050,4.89856,4.51422,1.994e-04,0.768,0.111,15290
2051,4.85999,4.51422,1.991e-04,0.786,0.119,15303
2052,4.36036,4.51422,1.989e-04,0.851,0.145,15341
2053,4.54366,4.51422,1.986e-04,0.773,0.119,15328
2054,4.66712,4.51422,1.983e-04,0.824,0.122,15306
2055,4.46848,4.51422,1.981e-04,0.842,0.128,15306
2056,4.52445,4.51422,1.978e-04,0.781,0.125,15328
2057,4.49496,4.51422,1.975e-04,0.827,0.129,15299
2058,4.47774,4.51422,1.973e-04,0.794,0.118,15309
2059,4.48140,4.51422,1.970e-04,0.762,0.114,15323
2060,4.68045,4.51422,1.968e-04,0.768,0.129,15348
2061,4.54742,4.51422,1.965e-04,0.816,0.144,15298
2062,4.40813,4.51422,1.962e-04,0.814,0.139,15314
2063,4.54694,4.51422,1.960e-04,0.803,0.135,15304
2064,4.65864,4.51422,1.957e-04,0.783,0.119,15331
2065,4.61890,4.51422,1.954e-04,0.816,0.138,15304
2066,4.38442,4.51422,1.952e-04,0.837,0.133,15319
2067,4.44376,4.51422,1.949e-04,0.782,0.121,15326
2068,4.26408,4.51422,1.947e-04,0.811,0.125,15301
2069,4.57097,4.51422,1.944e-04,0.777,0.123,15310
2070,4.69745,4.51422,1.941e-04,0.725,0.109,15317
2071,4.40229,4.51422,1.939e-04,0.811,0.112,15294
2072,4.28336,4.51422,1.936e-04,0.735,0.112,15308
2073,4.58992,4.51422,1.933e-04,0.805,0.128,15314
2074,4.55511,4.51422,1.931e-04,0.772,0.108,15328
2075,4.38020,4.51422,1.928e-04,0.758,0.108,15306
2076,4.46218,4.51422,1.926e-04,0.763,0.119,15313
2077,4.75682,4.51422,1.923e-04,0.782,0.125,15310
2078,4.35847,4.51422,1.920e-04,0.880,0.133,15303
2079,4.37736,4.51422,1.918e-04,0.838,0.135,15304
2080,4.37706,4.51422,1.915e-04,0.910,0.174,15312
2081,4.40796,4.51422,1.913e-04,0.827,0.116,15323
2082,4.72788,4.51422,1.910e-04,0.851,0.169,15318
2083,4.57688,4.51422,1.907e-04,0.838,0.125,15304
2084,4.58823,4.51422,1.905e-04,0.759,0.125,15330
2085,4.47086,4.51422,1.902e-04,0.792,0.135,15302
2086,4.73661,4.51422,1.900e-04,0.869,0.129,15318
2087,4.63931,4.51422,1.897e-04,0.747,0.111,15317
2088,4.64172,4.51422,1.894e-04,0.872,0.138,15332
2089,4.57359,4.51422,1.892e-04,0.805,0.138,15314
2090,4.39962,4.51422,1.889e-04,0.713,0.107,15307
2091,4.40832,4.51422,1.887e-04,0.826,0.122,15309
2092,4.53107,4.51422,1.884e-04,0.780,0.118,15307
2093,4.30644,4.51422,1.882e-04,0.841,0.150,15302
2094,4.79876,4.51422,1.879e-04,0.723,0.107,15305
2095,4.57249,4.51422,1.876e-04,0.876,0.132,15332
2096,4.61157,4.51422,1.874e-04,0.753,0.115,15321
2097,4.52607,4.51422,1.871e-04,0.791,0.122,15319
2098,4.40990,4.51422,1.869e-04,0.924,0.137,15305
2099,4.52203,4.51422,1.866e-04,0.825,0.122,15320
2100,4.30151,4.51422,1.864e-04,0.791,0.136,15297
2101,4.47842,4.51422,1.861e-04,0.850,0.128,15310
2102,4.54945,4.51422,1.858e-04,0.758,0.108,15332
2103,4.45574,4.51422,1.856e-04,0.757,0.125,15332
2104,4.58151,4.51422,1.853e-04,0.779,0.143,15287
2105,4.63459,4.51422,1.851e-04,0.805,0.125,15317
2106,4.62938,4.51422,1.848e-04,0.831,0.133,15302
2107,4.59195,4.51422,1.846e-04,0.762,0.120,15302
2108,4.44296,4.51422,1.843e-04,0.782,0.120,15313
2109,4.53137,4.51422,1.841e-04,0.837,0.127,15303
2110,4.58128,4.51422,1.838e-04,0.723,0.111,15323
2111,4.45331,4.51422,1.835e-04,0.821,0.120,15319
2112,4.54375,4.51422,1.833e-04,0.760,0.113,15301
2113,4.52107,4.51422,1.830e-04,0.783,0.111,15292
2114,4.45245,4.51422,1.828e-04,0.789,0.118,15321
2115,4.45561,4.51422,1.825e-04,0.767,0.111,15318
2116,4.22369,4.51422,1.823e-04,0.812,0.123,15314
2117,4.18383,4.51422,1.820e-04,0.839,0.132,15318
2118,4.49592,4.51422,1.818e-04,0.760,0.115,15324
2119,4.38167,4.51422,1.815e-04,0.798,0.117,15291
2120,4.34063,4.51422,1.813e-04,0.856,0.134,15299
2121,4.49859,4.51422,1.810e-04,0.824,0.126,15301
2122,4.61841,4.51422,1.808e-04,0.828,0.128,15316
2123,4.43477,4.51422,1.805e-04,0.915,0.140,15302
2124,4.35954,4.51422,1.802e-04,0.803,0.112,15336
2125,4.44449,4.51422,1.800e-04,0.993,0.182,15315
2126,4.69216,4.51422,1.797e-04,0.776,0.122,15317
2127,4.45908,4.51422,1.795e-04,0.858,0.143,15309
2128,4.73375,4.51422,1.792e-04,0.784,0.115,15309
2129,4.71855,4.51422,1.790e-04,0.787,0.122,15311
2130,4.30646,4.51422,1.787e-04,0.861,0.147,15305
2131,4.61268,4.51422,1.785e-04,0.788,0.115,15341
2132,4.74294,4.51422,1.782e-04,0.831,0.129,15339
2133,4.41492,4.51422,1.780e-04,0.812,0.128,15313
2134,4.40333,4.51422,1.777e-04,0.841,0.125,15286
2135,4.49772,4.51422,1.775e-04,0.738,0.116,15308
2136,4.60503,4.51422,1.772e-04,0.795,0.130,15325
2137,4.63815,4.51422,1.770e-04,0.806,0.121,15290
2138,4.39458,4.51422,1.767e-04,0.750,0.106,15328
2139,4.51980,4.51422,1.765e-04,0.829,0.122,15310
2140,4.32095,4.51422,1.762e-04,0.761,0.112,15310
2141,4.51747,4.51422,1.760e-04,0.863,0.132,15301
2142,4.66080,4.51422,1.757e-04,0.784,0.118,15318
2143,4.35869,4.51422,1.755e-04,0.866,0.143,15286
2144,4.47743,4.51422,1.752e-04,0.811,0.143,15310
2145,4.23438,4.51422,1.750e-04,0.768,0.121,15320
2146,4.58558,4.51422,1.747e-04,0.817,0.117,15316
2147,4.55946,4.51422,1.745e-04,0.824,0.150,15307
2148,4.57296,4.51422,1.743e-04,0.798,0.124,15300
2149,4.63189,4.51422,1.740e-04,0.859,0.144,15312
2150,4.55578,4.51422,1.738e-04,0.828,0.147,15303
2151,4.57463,4.51422,1.735e-04,0.836,0.116,15313
2152,4.77380,4.51422,1.733e-04,0.919,0.169,15336
2153,4.53361,4.51422,1.730e-04,0.807,0.138,15326
2154,4.45687,4.51422,1.728e-04,0.792,0.114,15312
2155,4.40476,4.51422,1.725e-04,0.909,0.148,15313
2156,4.49010,4.51422,1.723e-04,0.804,0.134,15309
2157,4.47796,4.51422,1.720e-04,0.766,0.116,15307
2158,4.42336,4.51422,1.718e-04,0.790,0.123,15304
2159,4.43655,4.51422,1.715e-04,0.813,0.126,15321
2160,4.49710,4.51422,1.713e-04,0.770,0.126,15327
2161,4.43324,4.51422,1.711e-04,0.835,0.117,15290
2162,4.64479,4.51422,1.708e-04,0.749,0.114,15314
2163,4.60890,4.51422,1.706e-04,0.793,0.111,15306
2164,4.60734,4.51422,1.703e-04,0.786,0.110,15301
2165,4.66205,4.51422,1.701e-04,0.795,0.125,15312
2166,4.24142,4.51422,1.698e-04,0.790,0.118,15311
2167,4.46398,4.51422,1.696e-04,0.766,0.109,15353
2168,4.43335,4.51422,1.693e-04,0.826,0.129,15316
2169,4.61989,4.51422,1.691e-04,0.762,0.112,15313
2170,4.59626,4.51422,1.689e-04,0.794,0.113,15298
2171,4.26094,4.51422,1.686e-04,0.790,0.125,15317
2172,4.34150,4.51422,1.684e-04,0.819,0.111,15306
2173,4.52633,4.51422,1.681e-04,0.822,0.118,15320
2174,4.33755,4.51422,1.679e-04,0.812,0.121,15335
2175,4.54908,4.51422,1.676e-04,0.818,0.125,15302
2176,4.54817,4.51422,1.674e-04,0.850,0.123,15320
2177,4.45203,4.51422,1.672e-04,0.819,0.144,15301
2178,4.35198,4.51422,1.669e-04,0.793,0.126,15322
2179,4.31504,4.51422,1.667e-04,0.792,0.130,15301
2180,4.27598,4.51422,1.664e-04,0.908,0.151,15305
2181,4.48607,4.51422,1.662e-04,0.792,0.129,15329
2182,4.54327,4.51422,1.660e-04,0.849,0.136,15328
2183,4.71006,4.51422,1.657e-04,0.902,0.123,15298
2184,4.51120,4.51422,1.655e-04,0.808,0.111,15312
2185,4.37198,4.51422,1.652e-04,0.879,0.128,15319
2186,4.60392,4.51422,1.650e-04,0.797,0.132,15307
2187,4.51771,4.51422,1.648e-04,0.817,0.119,15315
2188,4.39810,4.51422,1.645e-04,0.871,0.127,15336
2189,4.67662,4.51422,1.643e-04,0.874,0.124,15310
2190,4.87479,4.51422,1.640e-04,0.858,0.116,15287
2191,4.48398,4.51422,1.638e-04,0.831,0.127,15307
2192,4.16653,4.51422,1.636e-04,0.871,0.129,15288
2193,4.16953,4.51422,1.633e-04,0.871,0.134,15312
2194,4.21050,4.51422,1.631e-04,0.765,0.122,15314
2195,4.40693,4.51422,1.628e-04,0.851,0.133,15331
2196,4.41817,4.51422,1.626e-04,0.849,0.144,15333
2197,4.50934,4.51422,1.624e-04,0.847,0.141,15304
2198,4.64318,4.51422,1.621e-04,0.852,0.128,15301
2199,4.62091,4.51422,1.619e-04,0.868,0.137,15299
2200,4.84198,4.51422,1.617e-04,0.842,0.130,15307
2201,4.35311,4.51422,1.614e-04,0.863,0.134,15297
2202,4.25975,4.51422,1.612e-04,0.891,0.141,15340
2203,4.35947,4.51422,1.609e-04,0.785,0.116,15330
2204,4.67515,4.51422,1.607e-04,0.807,0.126,15305
2205,4.40681,4.51422,1.605e-04,0.820,0.136,15300
2206,4.41142,4.51422,1.602e-04,0.775,0.122,15323
2207,4.35284,4.51422,1.600e-04,0.774,0.135,15303
2208,4.39949,4.51422,1.598e-04,0.789,0.123,15311
2209,4.89101,4.51422,1.595e-04,0.807,0.116,15307
2210,4.33731,4.51422,1.593e-04,0.791,0.118,15340
2211,4.36932,4.51422,1.591e-04,0.845,0.129,15304
2212,4.36731,4.51422,1.588e-04,0.807,0.129,15306
2213,4.22240,4.51422,1.586e-04,0.770,0.127,15314
2214,4.54666,4.51422,1.584e-04,0.884,0.135,15309
2215,4.60488,4.51422,1.581e-04,0.772,0.118,15309
2216,4.56664,4.51422,1.579e-04,0.830,0.118,15313
2217,4.33920,4.51422,1.577e-04,0.858,0.130,15337
2218,4.38603,4.51422,1.574e-04,0.834,0.122,15300
2219,4.63724,4.51422,1.572e-04,0.846,0.120,15295
2220,4.66597,4.51422,1.570e-04,0.821,0.119,15292
2221,4.34314,4.51422,1.567e-04,0.953,0.143,15297
2222,4.58213,4.51422,1.565e-04,0.841,0.129,15323
2223,4.50995,4.51422,1.563e-04,0.830,0.126,15315
2224,4.44100,4.51422,1.560e-04,0.733,0.111,15326
2225,4.30099,4.51422,1.558e-04,0.794,0.120,15308
2226,4.56311,4.51422,1.556e-04,0.806,0.129,15321
2227,4.60613,4.51422,1.553e-04,0.769,0.121,15294
2228,4.53201,4.51422,1.551e-04,0.843,0.131,15303
2229,4.56043,4.51422,1.549e-04,0.829,0.123,15295
2230,4.86226,4.51422,1.546e-04,0.807,0.116,15314
2231,4.55510,4.51422,1.544e-04,0.779,0.111,15354
2232,4.17608,4.51422,1.542e-04,0.884,0.125,15320
2233,4.47047,4.51422,1.540e-04,0.954,0.136,15304
2234,4.29117,4.51422,1.537e-04,0.818,0.142,15311
2235,4.43608,4.51422,1.535e-04,0.872,0.122,15303
2236,4.74998,4.51422,1.533e-04,0.925,0.135,15306
2237,4.40190,4.51422,1.530e-04,0.789,0.124,15305
2238,4.13409,4.51422,1.528e-04,0.860,0.137,15335
2239,4.33191,4.51422,1.526e-04,0.873,0.138,15327
2240,4.52509,4.51422,1.524e-04,0.985,0.163,15322
2241,4.64427,4.51422,1.521e-04,0.821,0.121,15293
2242,4.47798,4.51422,1.519e-04,1.094,0.194,15312
2243,4.53029,4.51422,1.517e-04,0.873,0.122,15305
2244,4.36940,4.51422,1.514e-04,0.930,0.149,15307
2245,4.35144,4.51422,1.512e-04,0.808,0.117,15320
2246,4.52580,4.51422,1.510e-04,0.866,0.132,15335
2247,4.46127,4.51422,1.508e-04,0.827,0.123,15303
2248,4.53452,4.51422,1.505e-04,0.816,0.122,15307
2249,4.53418,4.51422,1.503e-04,0.835,0.109,15312
2250,4.43676,4.43146,1.501e-04,0.819,0.111,7089
2251,4.72100,4.43146,1.499e-04,0.802,0.112,15505
2252,4.25664,4.43146,1.496e-04,0.805,0.115,15325
2253,4.72976,4.43146,1.494e-04,0.783,0.106,15311
2254,4.41690,4.43146,1.492e-04,0.779,0.116,15307
2255,4.57769,4.43146,1.490e-04,0.861,0.123,15301
2256,4.38884,4.43146,1.487e-04,0.837,0.117,15332
2257,4.59091,4.43146,1.485e-04,0.861,0.127,15337
2258,4.36091,4.43146,1.483e-04,0.866,0.128,15315
2259,4.28610,4.43146,1.481e-04,0.896,0.136,15309
2260,4.32740,4.43146,1.478e-04,0.869,0.116,15290
2261,4.60927,4.43146,1.476e-04,0.874,0.124,15305
2262,4.44198,4.43146,1.474e-04,0.889,0.129,15308
2263,4.74519,4.43146,1.472e-04,0.812,0.127,15327
2264,4.57307,4.43146,1.469e-04,0.910,0.131,15333
2265,4.49851,4.43146,1.467e-04,0.840,0.127,15305
2266,4.64518,4.43146,1.465e-04,0.951,0.153,15313
2267,4.60010,4.43146,1.463e-04,0.902,0.120,15320
2268,4.49089,4.43146,1.461e-04,0.870,0.154,15295
2269,4.65640,4.43146,1.458e-04,0.899,0.152,15310
2270,4.41927,4.43146,1.456e-04,0.852,0.122,15324
2271,4.19211,4.43146,1.454e-04,0.893,0.154,15349
2272,4.36140,4.43146,1.452e-04,0.859,0.129,15326
2273,4.48180,4.43146,1.450e-04,0.867,0.129,15300
2274,4.52486,4.43146,1.447e-04,0.904,0.148,15301
2275,4.24646,4.43146,1.445e-04,0.871,0.139,15315
2276,4.62962,4.43146,1.443e-04,0.819,0.116,15302
2277,4.63740,4.43146,1.441e-04,0.819,0.127,15320
2278,4.25534,4.43146,1.439e-04,0.810,0.124,15328
2279,4.26389,4.43146,1.436e-04,0.742,0.107,15297
2280,4.33910,4.43146,1.434e-04,0.881,0.134,15315
2281,4.32884,4.43146,1.432e-04,0.855,0.114,15290
2282,4.48533,4.43146,1.430e-04,0.792,0.128,15294
2283,4.67248,4.43146,1.428e-04,0.901,0.139,15315
2284,4.25208,4.43146,1.425e-04,0.954,0.148,15313
2285,4.45292,4.43146,1.423e-04,0.811,0.115,15316
2286,4.53407,4.43146,1.421e-04,0.832,0.121,15310
2287,4.29612,4.43146,1.419e-04,0.841,0.133,15311
2288,4.41676,4.43146,1.417e-04,0.858,0.113,15291
2289,4.21615,4.43146,1.415e-04,0.833,0.116,15297
2290,4.49550,4.43146,1.412e-04,0.842,0.123,15290
2291,4.79898,4.43146,1.410e-04,0.821,0.124,15313
2292,4.29115,4.43146,1.408e-04,0.912,0.131,15333
2293,4.24852,4.43146,1.406e-04,0.991,0.166,15324
2294,4.25941,4.43146,1.404e-04,0.905,0.114,15303
2295,4.35496,4.43146,1.402e-04,0.756,0.119,15293
2296,4.64919,4.43146,1.399e-04,0.827,0.120,15304
2297,4.38089,4.43146,1.397e-04,0.809,0.112,15290
2298,4.42315,4.43146,1.395e-04,0.800,0.119,15318
2299,4.67545,4.43146,1.393e-04,0.862,0.116,15342
2300,4.52154,4.43146,1.391e-04,0.783,0.110,15309
2301,4.48166,4.43146,1.389e-04,0.816,0.117,15298
2302,4.37326,4.43146,1.387e-04,0.772,0.111,15316
2303,4.50540,4.43146,1.384e-04,0.865,0.121,15299
2304,4.44401,4.43146,1.382e-04,0.879,0.137,15302
2305,4.30099,4.43146,1.380e-04,0.802,0.118,15294
2306,4.29763,4.43146,1.378e-04,0.871,0.119,15315
2307,4.35264,4.43146,1.376e-04,0.793,0.113,15318
2308,4.62543,4.43146,1.374e-04,0.950,0.120,15330
2309,4.60000,4.43146,1.372e-04,0.835,0.118,15297
2310,4.38460,4.43146,1.370e-04,0.880,0.126,15291
2311,4.52835,4.43146,1.367e-04,0.788,0.110,15285
2312,4.44399,4.43146,1.365e-04,0.840,0.122,15287
2313,4.17919,4.43146,1.363e-04,0.843,0.121,15335
2314,4.46328,4.43146,1.361e-04,0.789,0.119,15324
2315,4.48610,4.43146,1.359e-04,0.881,0.130,15292
2316,4.55479,4.43146,1.357e-04,0.878,0.118,15303
2317,4.78967,4.43146,1.355e-04,0.791,0.111,15320
2318,4.36220,4.43146,1.353e-04,0.864,0.136,15306
2319,4.49674,4.43146,1.351e-04,0.776,0.127,15317
2320,4.28536,4.43146,1.348e-04,0.874,0.131,15321
2321,4.36528,4.43146,1.346e-04,0.831,0.131,15322
2322,4.58326,4.43146,1.344e-04,0.823,0.114,15299
2323,4.61500,4.43146,1.342e-04,0.816,0.118,15308
2324,4.38273,4.43146,1.340e-04,0.847,0.127,15319
2325,4.32242,4.43146,1.338e-04,0.851,0.119,15308
2326,4.24623,4.43146,1.336e-04,0.805,0.113,15315
2327,4.43020,4.43146,1.334e-04,0.858,0.127,15328
2328,4.63730,4.43146,1.332e-04,0.797,0.108,15338
2329,4.55009,4.43146,1.330e-04,0.822,0.116,15314
2330,4.52794,4.43146,1.328e-04,0.841,0.131,15304
2331,4.46614,4.43146,1.326e-04,0.758,0.111,15293
2332,4.42664,4.43146,1.324e-04,0.769,0.115,15322
2333,4.20350,4.43146,1.321e-04,0.813,0.118,15296
2334,4.28105,4.43146,1.319e-04,0.831,0.113,15309
2335,4.35152,4.43146,1.317e-04,0.796,0.118,15333
2336,4.64317,4.43146,1.315e-04,0.876,0.112,15311
2337,4.30534,4.43146,1.313e-04,0.806,0.122,15302
2338,4.36471,4.43146,1.311e-04,0.833,0.131,15307
2339,4.75261,4.43146,1.309e-04,0.756,0.114,15307
2340,4.52383,4.43146,1.307e-04,0.787,0.114,15317
2341,4.39636,4.43146,1.305e-04,0.764,0.111,15298
2342,4.31138,4.43146,1.303e-04,0.878,0.133,15326
2343,4.46064,4.43146,1.301e-04,0.738,0.112,15297
2344,4.04035,4.43146,1.299e-04,0.884,0.146,15303
2345,4.49481,4.43146,1.297e-04,0.753,0.111,15306
2346,4.26305,4.43146,1.295e-04,0.758,0.105,15298
2347,4.44102,4.43146,1.293e-04,0.923,0.143,15299
2348,4.38292,4.43146,1.291e-04,0.749,0.111,15311
2349,4.25126,4.43146,1.289e-04,0.812,0.110,15340
2350,4.46651,4.43146,1.287e-04,0.834,0.114,15310
2351,4.41087,4.43146,1.285e-04,0.740,0.117,15319
2352,4.64212,4.43146,1.283e-04,0.789,0.108,15303
2353,4.35424,4.43146,1.281e-04,0.794,0.115,15305
2354,4.31723,4.43146,1.279e-04,0.784,0.110,15321
2355,4.36270,4.43146,1.277e-04,0.769,0.111,15294
2356,4.42966,4.43146,1.275e-04,0.827,0.118,15330
2357,4.37641,4.43146,1.273e-04,0.799,0.123,15326
2358,4.45172,4.43146,1.271e-04,0.744,0.103,15303
2359,4.33762,4.43146,1.269e-04,0.778,0.111,15297
2360,4.44717,4.43146,1.267e-04,0.744,0.110,15313
2361,4.52252,4.43146,1.265e-04,0.882,0.133,15306
2362,4.69552,4.43146,1.263e-04,0.861,0.116,15309
2363,4.39053,4.43146,1.261e-04,0.888,0.122,15335
2364,4.33891,4.43146,1.259e-04,0.942,0.143,15332
2365,4.63043,4.43146,1.257e-04,0.773,0.127,15321
2366,4.20819,4.43146,1.255e-04,0.931,0.139,15293
2367,4.37100,4.43146,1.253e-04,0.893,0.140,15301
2368,4.22668,4.43146,1.251e-04,0.897,0.143,15303
2369,4.31882,4.43146,1.249e-04,0.814,0.120,15315
2370,4.59800,4.43146,1.247e-04,0.820,0.124,15331
2371,4.55223,4.43146,1.245e-04,0.785,0.118,15333
2372,4.52320,4.43146,1.243e-04,0.760,0.109,15325
2373,4.48211,4.43146,1.241e-04,0.762,0.108,15294
2374,4.48485,4.43146,1.239e-04,0.804,0.124,15311
2375,4.39895,4.43146,1.237e-04,0.848,0.119,15311
2376,4.34225,4.43146,1.235e-04,0.855,0.129,15315
2377,4.17850,4.43146,1.233e-04,0.811,0.115,15318
2378,4.30867,4.43146,1.231e-04,0.905,0.146,15317
2379,4.26331,4.43146,1.229e-04,0.814,0.125,15295
2380,4.46230,4.43146,1.227e-04,0.788,0.121,15284
2381,4.46645,4.43146,1.225e-04,0.841,0.115,15306
2382,4.09854,4.43146,1.223e-04,0.825,0.117,15301
2383,4.36122,4.43146,1.222e-04,0.859,0.120,15298
2384,4.41995,4.43146,1.220e-04,0.850,0.120,15306
2385,4.07546,4.43146,1.218e-04,0.943,0.145,15318
2386,4.35612,4.43146,1.216e-04,0.862,0.107,15321
2387,4.60933,4.43146,1.214e-04,0.839,0.114,15317
2388,4.62911,4.43146,1.212e-04,0.846,0.129,15304
2389,4.42867,4.43146,1.210e-04,0.894,0.147,15320
2390,4.46640,4.43146,1.208e-04,0.846,0.126,15308
2391,4.18104,4.43146,1.206e-04,0.938,0.144,15306
2392,4.43563,4.43146,1.204e-04,0.860,0.135,15322
2393,4.36471,4.43146,1.202e-04,0.893,0.161,15304
2394,4.50327,4.43146,1.200e-04,0.791,0.118,15319
2395,4.57111,4.43146,1.199e-04,0.798,0.114,15306
2396,4.48117,4.43146,1.197e-04,0.846,0.132,15292
2397,4.79375,4.43146,1.195e-04,0.849,0.123,15304
2398,4.41755,4.43146,1.193e-04,0.865,0.116,15315
2399,4.51262,4.43146,1.191e-04,0.806,0.116,15337
2400,4.45283,4.43146,1.189e-04,0.816,0.121,15323
2401,4.52977,4.43146,1.187e-04,0.922,0.123,15301
2402,4.42215,4.43146,1.185e-04,0.858,0.134,15300
2403,4.28965,4.43146,1.183e-04,0.778,0.115,15302
2404,4.65745,4.43146,1.182e-04,0.894,0.132,15304
2405,4.41760,4.43146,1.180e-04,0.842,0.117,15310
2406,4.37938,4.43146,1.178e-04,0.765,0.109,15325
2407,4.52007,4.43146,1.176e-04,0.789,0.117,15326
2408,4.59313,4.43146,1.174e-04,0.815,0.114,15303
2409,4.49437,4.43146,1.172e-04,0.794,0.112,15306
2410,4.44471,4.43146,1.170e-04,0.769,0.111,15310
2411,4.34325,4.43146,1.168e-04,0.790,0.125,15325
2412,4.33797,4.43146,1.167e-04,0.873,0.123,15299
2413,4.22902,4.43146,1.165e-04,0.882,0.154,15334
2414,4.36671,4.43146,1.163e-04,0.778,0.114,15335
2415,4.25641,4.43146,1.161e-04,0.842,0.118,15303
2416,4.38074,4.43146,1.159e-04,0.782,0.110,15307
2417,4.34789,4.43146,1.157e-04,0.916,0.129,15301
2418,4.75696,4.43146,1.155e-04,0.813,0.115,15285
2419,4.37055,4.43146,1.154e-04,0.742,0.113,15308
2420,4.42253,4.43146,1.152e-04,0.825,0.122,15322
2421,4.30590,4.43146,1.150e-04,0.885,0.151,15314
2422,4.36418,4.43146,1.148e-04,0.789,0.117,15311
2423,4.32614,4.43146,1.146e-04,0.899,0.176,15315
2424,4.30560,4.43146,1.144e-04,0.794,0.117,15323
2425,4.36735,4.43146,1.143e-04,0.850,0.143,15298
2426,4.64780,4.43146,1.141e-04,0.866,0.124,15316
2427,4.50330,4.43146,1.139e-04,0.862,0.112,15337
2428,4.27202,4.43146,1.137e-04,0.801,0.124,15317
2429,4.38923,4.43146,1.135e-04,0.813,0.122,15317
2430,4.36844,4.43146,1.134e-04,0.781,0.114,15320
2431,4.19194,4.43146,1.132e-04,0.830,0.122,15310
2432,4.68969,4.43146,1.130e-04,0.767,0.120,15302
2433,4.36723,4.43146,1.128e-04,0.805,0.114,15304
2434,4.41848,4.43146,1.126e-04,0.827,0.120,15346
2435,4.35959,4.43146,1.125e-04,0.890,0.132,15330
2436,4.40348,4.43146,1.123e-04,0.867,0.121,15325
2437,4.27412,4.43146,1.121e-04,0.812,0.113,15295
2438,4.36065,4.43146,1.119e-04,0.798,0.131,15318
2439,4.59647,4.43146,1.117e-04,0.938,0.139,15304
2440,4.45960,4.43146,1.116e-04,0.886,0.134,15314
2441,4.44880,4.43146,1.114e-04,0.776,0.110,15290
2442,4.49756,4.43146,1.112e-04,0.835,0.134,15337
2443,4.62372,4.43146,1.110e-04,0.793,0.115,15317
2444,4.11760,4.43146,1.109e-04,0.877,0.130,15328
2445,4.48846,4.43146,1.107e-04,0.807,0.122,15292
2446,4.11018,4.43146,1.105e-04,0.854,0.121,15306
2447,4.21785,4.43146,1.103e-04,0.872,0.125,15296
2448,4.29280,4.43146,1.101e-04,0.830,0.126,15315
2449,4.45056,4.43146,1.100e-04,0.785,0.114,15336
2450,4.35567,4.43146,1.098e-04,0.817,0.130,15331
2451,4.35162,4.43146,1.096e-04,0.793,0.109,15302
2452,4.15446,4.43146,1.094e-04,0.816,0.119,15308
2453,4.31110,4.43146,1.093e-04,0.789,0.118,15302
2454,4.69115,4.43146,1.091e-04,0.768,0.104,15291
2455,4.32296,4.43146,1.089e-04,0.779,0.121,15305
2456,4.24913,4.43146,1.088e-04,0.825,0.125,15354
2457,4.45963,4.43146,1.086e-04,0.860,0.126,15322
2458,4.24962,4.43146,1.084e-04,0.779,0.111,15295
2459,4.60812,4.43146,1.082e-04,0.838,0.112,15313
2460,4.49263,4.43146,1.081e-04,0.789,0.117,15316
2461,4.59072,4.43146,1.079e-04,0.898,0.142,15302
2462,4.09959,4.43146,1.077e-04,0.874,0.122,15303
2463,4.51701,4.43146,1.075e-04,0.822,0.114,15342
2464,4.32372,4.43146,1.074e-04,0.875,0.130,15336
2465,4.19240,4.43146,1.072e-04,0.785,0.107,15280
2466,4.18427,4.43146,1.070e-04,0.733,0.104,15305
2467,4.48908,4.43146,1.069e-04,0.804,0.119,15309
2468,4.60417,4.43146,1.067e-04,0.831,0.125,15311
2469,4.39867,4.43146,1.065e-04,0.816,0.121,15312
2470,4.59085,4.43146,1.063e-04,0.816,0.113,15312
2471,4.40640,4.43146,1.062e-04,0.896,0.142,15315
2472,4.10287,4.43146,1.060e-04,0.876,0.131,15298
2473,4.41280,4.43146,1.058e-04,0.852,0.110,15313
2474,4.44005,4.43146,1.057e-04,0.930,0.154,15326
2475,4.50448,4.43146,1.055e-04,0.824,0.132,15296
2476,4.57379,4.43146,1.053e-04,0.922,0.128,15292
2477,4.49036,4.43146,1.052e-04,0.827,0.131,15316
2478,4.61358,4.43146,1.050e-04,0.841,0.135,15318
2479,4.21346,4.43146,1.048e-04,0.811,0.111,15273
2480,4.65525,4.43146,1.047e-04,0.893,0.125,15309
2481,4.45800,4.43146,1.045e-04,0.825,0.111,15303
2482,4.56921,4.43146,1.043e-04,0.811,0.121,15296
2483,4.66048,4.43146,1.042e-04,0.877,0.127,15305
2484,4.23944,4.43146,1.040e-04,0.902,0.130,15330
2485,4.23606,4.43146,1.038e-04,0.820,0.123,15344
2486,4.55713,4.43146,1.037e-04,0.893,0.128,15294
2487,4.60612,4.43146,1.035e-04,0.860,0.124,15329
2488,4.58979,4.43146,1.033e-04,0.799,0.112,15313
2489,4.42643,4.43146,1.032e-04,0.850,0.107,15309
2490,4.41746,4.43146,1.030e-04,0.868,0.108,15312
2491,4.37911,4.43146,1.028e-04,0.853,0.107,15302
2492,4.38222,4.43146,1.027e-04,0.805,0.113,15345
2493,4.34833,4.43146,1.025e-04,0.915,0.127,15313
2494,4.40076,4.43146,1.024e-04,0.819,0.116,15315
2495,4.44731,4.43146,1.022e-04,0.867,0.109,15297
2496,3.98375,4.43146,1.020e-04,0.946,0.131,15335
2497,4.55040,4.43146,1.019e-04,0.844,0.117,15320
2498,4.38015,4.43146,1.017e-04,0.841,0.120,15319
2499,4.23862,4.43146,1.015e-04,0.868,0.116,15353
2500,4.44611,4.37373,1.014e-04,0.869,0.115,7079
2501,4.38678,4.37373,1.012e-04,0.779,0.132,15479
2502,4.33835,4.37373,1.011e-04,0.880,0.122,15328
2503,4.29786,4.37373,1.009e-04,0.847,0.131,15327
2504,4.36869,4.37373,1.007e-04,0.829,0.115,15312
2505,4.27420,4.37373,1.006e-04,0.868,0.117,15310
2506,4.55415,4.37373,1.004e-04,0.910,0.142,15308
2507,4.18726,4.37373,1.003e-04,0.861,0.124,15295
2508,4.43776,4.37373,1.001e-04,0.876,0.131,15302
2509,4.56022,4.37373,9.995e-05,0.839,0.120,15320
2510,4.36550,4.37373,9.979e-05,0.831,0.120,15343
2511,4.24633,4.37373,9.963e-05,0.872,0.119,15311
2512,4.46733,4.37373,9.947e-05,0.930,0.127,15319
2513,4.46182,4.37373,9.931e-05,0.797,0.119,15300
2514,4.56310,4.37373,9.916e-05,0.868,0.120,15313
2515,4.46494,4.37373,9.900e-05,0.867,0.120,15293
2516,4.18459,4.37373,9.884e-05,0.904,0.127,15319
2517,4.23959,4.37373,9.869e-05,0.862,0.115,15318
2518,4.47317,4.37373,9.853e-05,0.882,0.119,15313
2519,4.41830,4.37373,9.837e-05,0.832,0.120,15306
2520,4.51530,4.37373,9.822e-05,0.786,0.108,15314
2521,4.41713,4.37373,9.806e-05,0.841,0.124,15305
2522,4.57145,4.37373,9.791e-05,0.808,0.114,15297
2523,4.27315,4.37373,9.775e-05,0.846,0.123,15308
2524,4.48820,4.37373,9.760e-05,0.797,0.120,15313
2525,4.47417,4.37373,9.745e-05,0.784,0.106,15317
2526,4.42891,4.37373,9.729e-05,0.891,0.140,15314
2527,4.14030,4.37373,9.714e-05,0.830,0.125,15290
2528,4.52484,4.37373,9.699e-05,0.790,0.108,15308
2529,4.15506,4.37373,9.683e-05,0.849,0.148,15307
2530,4.35594,4.37373,9.668e-05,0.807,0.120,15335
2531,4.47636,4.37373,9.653e-05,0.792,0.121,15332
2532,4.38882,4.37373,9.638e-05,0.845,0.124,15319
2533,4.41231,4.37373,9.622e-05,0.815,0.116,15320
2534,4.13428,4.37373,9.607e-05,0.798,0.110,15319
2535,4.28884,4.37373,9.592e-05,0.881,0.134,15298
2536,4.35877,4.37373,9.577e-05,0.789,0.120,15290
2537,4.48611,4.37373,9.562e-05,0.788,0.113,15315
2538,4.03351,4.37373,9.547e-05,0.787,0.118,15324
2539,4.66145,4.37373,9.532e-05,0.785,0.115,15305
2540,4.26311,4.37373,9.517e-05,0.822,0.112,15318
2541,4.17473,4.37373,9.502e-05,0.778,0.113,15301
2542,4.49992,4.37373,9.487e-05,0.785,0.113,15298
2543,4.27613,4.37373,9.472e-05,0.835,0.127,15295
2544,4.51080,4.37373,9.457e-05,0.839,0.114,15298
2545,4.48443,4.37373,9.443e-05,0.774,0.110,15319
2546,4.20186,4.37373,9.428e-05,0.866,0.135,15336
2547,3.97419,4.37373,9.413e-05,0.859,0.125,15313
2548,4.39290,4.37373,9.398e-05,0.776,0.108,15319
2549,4.36080,4.37373,9.384e-05,0.868,0.122,15317
2550,4.24117,4.37373,9.369e-05,0.830,0.117,15305
2551,4.68374,4.37373,9.354e-05,0.846,0.126,15321
2552,4.57039,4.37373,9.340e-05,0.848,0.135,15311
2553,4.62079,4.37373,9.325e-05,0.827,0.119,15328
2554,4.84263,4.37373,9.311e-05,0.840,0.122,15310
2555,4.54303,4.37373,9.296e-05,0.817,0.126,15292
2556,4.50508,4.37373,9.282e-05,0.912,0.130,15302
2557,4.53902,4.37373,9.267e-05,0.847,0.131,15321
2558,4.47412,4.37373,9.253e-05,0.767,0.113,15300
2559,4.29697,4.37373,9.238e-05,0.797,0.108,15320
2560,4.40508,4.37373,9.224e-05,0.812,0.109,15335
2561,4.46204,4.37373,9.210e-05,0.811,0.118,15323
2562,4.41975,4.37373,9.195e-05,0.831,0.122,15311
2563,4.44249,4.37373,9.181e-05,0.824,0.118,15297
2564,4.43818,4.37373,9.167e-05,0.853,0.122,15320
2565,4.30494,4.37373,9.153e-05,0.822,0.118,15304
2566,4.33604,4.37373,9.138e-05,0.828,0.124,15301
2567,4.37267,4.37373,9.124e-05,0.821,0.118,15340
2568,4.74772,4.37373,9.110e-05,0.823,0.114,15318
2569,4.43578,4.37373,9.096e-05,0.825,0.108,15321
2570,4.47834,4.37373,9.082e-05,0.802,0.105,15293
2571,4.71058,4.37373,9.068e-05,0.800,0.127,15302
2572,4.49060,4.37373,9.054e-05,0.815,0.121,15310
2573,4.11654,4.37373,9.040e-05,0.842,0.124,15312
2574,4.59821,4.37373,9.026e-05,0.820,0.126,15343
2575,4.35823,4.37373,9.012e-05,0.844,0.120,15334
2576,4.32203,4.37373,8.998e-05,0.771,0.107,15308
2577,4.50713,4.37373,8.984e-05,0.874,0.120,15327
2578,4.41768,4.37373,8.970e-05,0.863,0.116,15292
2579,4.28718,4.37373,8.957e-05,0.829,0.118,15315
2580,4.53565,4.37373,8.943e-05,0.856,0.119,15309
2581,4.41757,4.37373,8.929e-05,0.801,0.110,15322
2582,4.36899,4.37373,8.915e-05,0.860,0.133,15325
2583,4.49748,4.37373,8.902e-05,0.787,0.105,15328
2584,4.51552,4.37373,8.888e-05,0.812,0.113,15304
2585,4.42655,4.37373,8.874e-05,0.830,0.124,15307
2586,4.57167,4.37373,8.861e-05,0.832,0.137,15308
2587,4.32259,4.37373,8.847e-05,0.829,0.121,15306
2588,4.23294,4.37373,8.834e-05,0.853,0.135,15326
2589,4.39848,4.37373,8.820e-05,0.826,0.120,15326
2590,4.61658,4.37373,8.807e-05,0.805,0.113,15314
2591,4.33567,4.37373,8.793e-05,0.764,0.119,15305
2592,4.45242,4.37373,8.780e-05,0.769,0.107,15315
2593,4.51778,4.37373,8.767e-05,0.815,0.110,15316
2594,4.52024,4.37373,8.753e-05,0.783,0.105,15292
2595,4.20636,4.37373,8.740e-05,0.928,0.139,15335
2596,4.18849,4.37373,8.727e-05,0.829,0.122,15334
2597,4.19082,4.37373,8.713e-05,0.855,0.119,15329
2598,4.46042,4.37373,8.700e-05,0.836,0.114,15310
2599,4.43690,4.37373,8.687e-05,0.872,0.139,15314
2600,4.46768,4.37373,8.674e-05,0.821,0.112,15304
2601,4.60196,4.37373,8.661e-05,0.984,0.122,15288
2602,4.33129,4.37373,8.648e-05,0.932,0.127,15306
2603,4.28199,4.37373,8.635e-05,0.905,0.149,15340
2604,4.76147,4.37373,8.622e-05,0.841,0.113,15312
2605,4.61056,4.37373,8.609e-05,0.780,0.112,15289
2606,4.36014,4.37373,8.596e-05,0.849,0.136,15311
2607,4.75287,4.37373,8.583e-05,0.867,0.122,15309
2608,4.41704,4.37373,8.570e-05,0.775,0.107,15309
2609,4.40956,4.37373,8.557e-05,0.944,0.134,15303
2610,4.28104,4.37373,8.544e-05,0.897,0.130,15316
2611,4.40578,4.37373,8.531e-05,0.856,0.134,15308
2612,4.17425,4.37373,8.518e-05,0.971,0.131,15312
2613,4.38676,4.37373,8.506e-05,0.830,0.114,15294
2614,3.93132,4.37373,8.493e-05,0.863,0.121,15311
2615,4.46145,4.37373,8.480e-05,0.919,0.132,15298
2616,4.48115,4.37373,8.467e-05,0.918,0.119,15286
2617,4.59539,4.37373,8.455e-05,0.884,0.122,15320
2618,4.11909,4.37373,8.442e-05,0.803,0.114,15305
2619,4.26054,4.37373,8.430e-05,0.857,0.126,15303
2620,4.25558,4.37373,8.417e-05,0.871,0.128,15320
2621,4.35815,4.37373,8.405e-05,0.786,0.115,15295
2622,4.38615,4.37373,8.392e-05,0.848,0.116,15315
2623,4.28728,4.37373,8.380e-05,0.779,0.110,15305
2624,4.15953,4.37373,8.367e-05,0.904,0.149,15317
2625,4.26684,4.37373,8.355e-05,0.844,0.119,15308
2626,4.14816,4.37373,8.342e-05,0.871,0.131,15310
2627,4.41684,4.37373,8.330e-05,0.816,0.119,15309
2628,4.25197,4.37373,8.318e-05,0.842,0.119,15307
2629,4.42063,4.37373,8.306e-05,0.918,0.120,15294
2630,4.27992,4.37373,8.293e-05,0.845,0.113,15285
2631,4.18037,4.37373,8.281e-05,0.850,0.114,15336
2632,4.21775,4.37373,8.269e-05,0.870,0.133,15339
2633,4.16327,4.37373,8.257e-05,0.790,0.107,15291
2634,4.36767,4.37373,8.245e-05,0.799,0.117,15310
2635,4.32502,4.37373,8.233e-05,0.981,0.136,15307
2636,4.37521,4.37373,8.221e-05,0.842,0.113,15275
2637,4.55994,4.37373,8.209e-05,0.752,0.108,15315
2638,4.39975,4.37373,8.197e-05,0.822,0.115,15329
2639,4.24221,4.37373,8.185e-05,0.822,0.116,15333
2640,4.36141,4.37373,8.173e-05,0.761,0.105,15305
2641,4.48150,4.37373,8.161e-05,0.828,0.107,15313
2642,4.65264,4.37373,8.149e-05,0.821,0.114,15295
2643,4.49085,4.37373,8.137e-05,0.884,0.115,15303
2644,4.50549,4.37373,8.125e-05,0.819,0.113,15303
2645,4.36158,4.37373,8.114e-05,0.840,0.123,15334
2646,4.66316,4.37373,8.102e-05,0.784,0.103,15351
2647,4.65518,4.37373,8.090e-05,0.902,0.124,15273
2648,4.41855,4.37373,8.079e-05,0.848,0.125,15312
2649,4.55144,4.37373,8.067e-05,0.810,0.115,15304
2650,4.51505,4.37373,8.055e-05,0.815,0.109,15307
2651,4.48530,4.37373,8.044e-05,0.858,0.115,15306
2652,4.13292,4.37373,8.032e-05,0.816,0.110,15310
2653,4.48911,4.37373,8.021e-05,0.809,0.111,15341
2654,3.96939,4.37373,8.009e-05,0.871,0.116,15307
2655,4.55515,4.37373,7.998e-05,0.757,0.104,15288
2656,4.19638,4.37373,7.986e-05,0.842,0.123,15301
2657,4.52911,4.37373,7.975e-05,0.829,0.115,15310
2658,4.34540,4.37373,7.964e-05,0.825,0.117,15324
2659,4.44742,4.37373,7.952e-05,0.844,0.114,15310
2660,4.15998,4.37373,7.941e-05,0.850,0.115,15322
2661,4.37740,4.37373,7.930e-05,0.882,0.120,15319
2662,4.30443,4.37373,7.918e-05,0.845,0.117,15316
2663,4.41992,4.37373,7.907e-05,0.853,0.110,15305
2664,4.38302,4.37373,7.896e-05,0.789,0.107,15278
2665,4.37460,4.37373,7.885e-05,0.817,0.117,15309
2666,4.51269,4.37373,7.874e-05,0.833,0.127,15323
2667,4.40679,4.37373,7.863e-05,0.865,0.118,15323
2668,4.34586,4.37373,7.852e-05,0.842,0.114,15321
2669,4.63604,4.37373,7.841e-05,0.762,0.110,15318
2670,4.26931,4.37373,7.830e-05,0.852,0.128,15294
2671,4.19071,4.37373,7.819e-05,0.850,0.116,15299
2672,4.23718,4.37373,7.808e-05,0.864,0.131,15299
2673,4.18099,4.37373,7.797e-05,0.878,0.132,15311
2674,4.40648,4.37373,7.786e-05,0.835,0.128,15334
2675,4.61525,4.37373,7.775e-05,0.941,0.139,15309
2676,4.39767,4.37373,7.764e-05,0.883,0.130,15316
2677,4.24878,4.37373,7.754e-05,0.813,0.120,15318
2678,4.30405,4.37373,7.743e-05,0.955,0.163,15311
2679,4.29379,4.37373,7.732e-05,0.811,0.138,15317
2680,4.43770,4.37373,7.722e-05,0.826,0.113,15295
2681,4.15378,4.37373,7.711e-05,1.066,0.154,15340
2682,4.22495,4.37373,7.700e-05,0.844,0.117,15324
2683,4.08188,4.37373,7.690e-05,0.834,0.109,15305
2684,4.41738,4.37373,7.679e-05,0.857,0.112,15301
2685,4.46417,4.37373,7.669e-05,0.886,0.121,15294
2686,4.51127,4.37373,7.658e-05,0.858,0.124,15302
2687,4.24940,4.37373,7.648e-05,0.860,0.112,15322
2688,4.53638,4.37373,7.638e-05,0.880,0.125,15322
2689,4.48951,4.37373,7.627e-05,0.785,0.111,15329
2690,4.09750,4.37373,7.617e-05,0.914,0.147,15306
2691,4.37418,4.37373,7.606e-05,0.824,0.124,15305
2692,4.41829,4.37373,7.596e-05,0.837,0.147,15308
2693,4.42548,4.37373,7.586e-05,0.792,0.127,15312
2694,4.43686,4.37373,7.576e-05,0.858,0.116,15307
2695,4.44461,4.37373,7.566e-05,0.899,0.122,15327
2696,4.22257,4.37373,7.555e-05,0.837,0.116,15337
2697,4.22120,4.37373,7.545e-05,0.794,0.113,15324
2698,4.56683,4.37373,7.535e-05,0.938,0.135,15298
2699,4.30806,4.37373,7.525e-05,0.846,0.119,15324
2700,4.50234,4.37373,7.515e-05,0.848,0.129,15299
2701,4.30256,4.37373,7.505e-05,0.996,0.176,15314
2702,4.52867,4.37373,7.495e-05,0.819,0.108,15319
2703,4.26547,4.37373,7.485e-05,0.798,0.124,15341
2704,4.19420,4.37373,7.475e-05,0.881,0.136,15307
2705,4.40774,4.37373,7.466e-05,0.899,0.124,15304
2706,4.45418,4.37373,7.456e-05,0.832,0.120,15309
2707,4.12748,4.37373,7.446e-05,0.869,0.125,15303
2708,4.12799,4.37373,7.436e-05,0.898,0.116,15303
2709,4.55013,4.37373,7.426e-05,0.854,0.116,15318
2710,4.42482,4.37373,7.417e-05,0.865,0.118,15350
2711,4.58385,4.37373,7.407e-05,0.826,0.122,15320
2712,4.38286,4.37373,7.397e-05,0.800,0.105,15317
2713,4.50170,4.37373,7.388e-05,0.852,0.114,15308
2714,4.23846,4.37373,7.378e-05,0.910,0.114,15318
2715,4.39138,4.37373,7.369e-05,0.872,0.113,15326
2716,4.42070,4.37373,7.359e-05,0.842,0.115,15331
2717,4.32407,4.37373,7.350e-05,0.785,0.109,15336
2718,4.27368,4.37373,7.340e-05,0.825,0.111,15319
2719,4.50410,4.37373,7.331e-05,0.820,0.113,15314
2720,4.36003,4.37373,7.321e-05,0.827,0.124,15303
2721,4.30515,4.37373,7.312e-05,0.826,0.117,15298
2722,4.21278,4.37373,7.303e-05,0.846,0.129,15298
2723,4.41046,4.37373,7.294e-05,0.832,0.123,15296
2724,4.52491,4.37373,7.284e-05,0.883,0.124,15314
2725,4.32280,4.37373,7.275e-05,0.865,0.134,15338
2726,4.64115,4.37373,7.266e-05,0.862,0.135,15313
2727,4.63837,4.37373,7.257e-05,0.816,0.123,15307
2728,4.48969,4.37373,7.248e-05,0.901,0.123,15292
2729,4.33463,4.37373,7.239e-05,0.813,0.113,15294
2730,4.34701,4.37373,7.229e-05,0.817,0.119,15304
2731,4.25767,4.37373,7.220e-05,0.931,0.149,15334
2732,4.43199,4.37373,7.211e-05,0.828,0.119,15332
2733,4.49894,4.37373,7.203e-05,0.928,0.151,15317
2734,4.15784,4.37373,7.194e-05,0.930,0.146,15290
2735,4.27163,4.37373,7.185e-05,0.770,0.107,15320
2736,4.33362,4.37373,7.176e-05,0.843,0.126,15317
2737,4.37216,4.37373,7.167e-05,0.847,0.126,15317
2738,4.69088,4.37373,7.158e-05,0.846,0.126,15326
2739,4.44710,4.37373,7.149e-05,0.866,0.120,15337
2740,4.30360,4.37373,7.141e-05,0.817,0.134,15308
2741,4.05136,4.37373,7.132e-05,0.823,0.111,15303
2742,4.56013,4.37373,7.123e-05,0.851,0.118,15312
2743,4.55266,4.37373,7.115e-05,0.873,0.128,15307
2744,4.36261,4.37373,7.106e-05,0.843,0.145,15301
2745,4.36847,4.37373,7.098e-05,0.802,0.126,15327
2746,4.25271,4.37373,7.089e-05,0.850,0.123,15342
2747,4.26641,4.37373,7.081e-05,0.799,0.124,15304
2748,4.24494,4.37373,7.072e-05,0.843,0.116,15302
2749,4.24733,4.37373,7.064e-05,0.822,0.104,15298
2750,4.46624,4.33410,7.055e-05,0.834,0.115,7092
2751,4.44629,4.33410,7.047e-05,0.782,0.106,15502
2752,4.55864,4.33410,7.039e-05,0.830,0.110,15315
2753,4.49909,4.33410,7.030e-05,0.791,0.109,15303
2754,4.20921,4.33410,7.022e-05,0.874,0.125,15315
2755,4.41711,4.33410,7.014e-05,0.856,0.113,15310
2756,4.28715,4.33410,7.006e-05,0.829,0.125,15319
2757,4.49134,4.33410,6.997e-05,0.802,0.109,15342
2758,4.56901,4.33410,6.989e-05,0.790,0.106,15315
2759,4.32944,4.33410,6.981e-05,0.852,0.125,15306
2760,4.26468,4.33410,6.973e-05,0.891,0.125,15294
2761,4.12002,4.33410,6.965e-05,0.811,0.124,15301
2762,4.73066,4.33410,6.957e-05,0.861,0.118,15285
2763,4.28453,4.33410,6.949e-05,0.919,0.129,15332
2764,4.64774,4.33410,6.941e-05,0.825,0.124,15327
2765,4.35454,4.33410,6.933e-05,0.875,0.118,15326
2766,4.46917,4.33410,6.925e-05,0.880,0.118,15306
2767,4.27741,4.33410,6.917e-05,0.832,0.117,15308
2768,4.25487,4.33410,6.910e-05,0.827,0.114,15316
2769,4.48719,4.33410,6.902e-05,0.932,0.116,15309
2770,4.21249,4.33410,6.894e-05,0.874,0.119,15303
2771,4.41190,4.33410,6.886e-05,0.850,0.132,15340
2772,4.12535,4.33410,6.879e-05,0.852,0.119,15321
2773,4.45661,4.33410,6.871e-05,0.816,0.121,15302
2774,4.26714,4.33410,6.863e-05,0.865,0.122,15322
2775,4.56546,4.33410,6.856e-05,0.800,0.115,15295
2776,4.46146,4.33410,6.848e-05,0.786,0.116,15288
2777,4.44747,4.33410,6.841e-05,0.843,0.119,15309
2778,4.40190,4.33410,6.833e-05,0.849,0.116,15335
2779,4.60391,4.33410,6.826e-05,0.839,0.110,15319
2780,4.37489,4.33410,6.818e-05,0.825,0.116,15323
2781,4.50363,4.33410,6.811e-05,0.892,0.116,15287
2782,4.55885,4.33410,6.804e-05,0.846,0.118,15293
2783,4.15725,4.33410,6.796e-05,0.783,0.108,15306
2784,4.28223,4.33410,6.789e-05,0.924,0.124,15320
2785,4.33060,4.33410,6.782e-05,0.810,0.120,15324
2786,4.34815,4.33410,6.775e-05,0.817,0.116,15320
2787,4.04618,4.33410,6.767e-05,0.853,0.112,15302
2788,3.97718,4.33410,6.760e-05,0.947,0.118,15315
2789,4.22869,4.33410,6.753e-05,0.831,0.108,15295
2790,4.11455,4.33410,6.746e-05,0.831,0.126,15322
2791,4.15067,4.33410,6.739e-05,0.799,0.115,15302
2792,4.47124,4.33410,6.732e-05,0.792,0.113,15335
2793,4.20868,4.33410,6.725e-05,0.760,0.112,15331
2794,4.29632,4.33410,6.718e-05,0.894,0.123,15315
2795,4.30609,4.33410,6.711e-05,0.819,0.113,15316
2796,4.31243,4.33410,6.704e-05,0.883,0.111,15320
2797,4.35317,4.33410,6.697e-05,0.792,0.114,15316
2798,4.33150,4.33410,6.690e-05,0.848,0.125,15314
2799,4.35695,4.33410,6.684e-05,0.826,0.116,15315
2800,4.51290,4.33410,6.677e-05,0.832,0.128,15344
2801,4.12401,4.33410,6.670e-05,0.760,0.111,15296
2802,4.62120,4.33410,6.664e-05,0.838,0.115,15295
2803,4.48089,4.33410,6.657e-05,0.818,0.109,15316
2804,4.49660,4.33410,6.650e-05,0.844,0.124,15316
2805,4.28446,4.33410,6.644e-05,0.784,0.105,15302
2806,4.49595,4.33410,6.637e-05,0.808,0.104,15335
2807,4.54543,4.33410,6.631e-05,0.869,0.117,15344
2808,4.51577,4.33410,6.624e-05,0.808,0.109,15337
2809,4.15680,4.33410,6.618e-05,0.842,0.111,15317
2810,4.34010,4.33410,6.611e-05,0.775,0.111,15312
2811,4.31374,4.33410,6.605e-05,0.857,0.107,15297
2812,4.62298,4.33410,6.598e-05,0.822,0.110,15311
2813,4.41160,4.33410,6.592e-05,0.847,0.118,15317
2814,4.31988,4.33410,6.586e-05,0.807,0.115,15327
2815,4.15808,4.33410,6.580e-05,0.829,0.116,15335
2816,4.58478,4.33410,6.573e-05,0.903,0.119,15305
2817,4.54961,4.33410,6.567e-05,0.855,0.116,15304
2818,4.61247,4.33410,6.561e-05,1.080,0.120,15299
2819,4.52337,4.33410,6.555e-05,0.864,0.111,15315
2820,4.29052,4.33410,6.549e-05,0.887,0.112,15311
2821,4.45870,4.33410,6.543e-05,0.806,0.117,15320
2822,4.45921,4.33410,6.537e-05,0.848,0.123,15314
2823,4.23689,4.33410,6.531e-05,0.952,0.127,15308
2824,4.20139,4.33410,6.525e-05,0.882,0.130,15312
2825,4.80703,4.33410,6.519e-05,0.779,0.104,15306
2826,4.64485,4.33410,6.513e-05,0.846,0.135,15311
2827,4.45504,4.33410,6.507e-05,0.982,0.155,15310
2828,4.60544,4.33410,6.501e-05,0.906,0.117,15329
2829,4.24892,4.33410,6.495e-05,0.927,0.148,15327
2830,4.44880,4.33410,6.490e-05,0.878,0.126,15315
2831,4.25795,4.33410,6.484e-05,0.905,0.123,15293
2832,4.25010,4.33410,6.478e-05,0.846,0.127,15301
2833,4.54066,4.33410,6.473e-05,0.931,0.129,15318
2834,4.44302,4.33410,6.467e-05,0.766,0.101,15313
2835,4.29118,4.33410,6.461e-05,0.883,0.137,15320
2836,4.33764,4.33410,6.456e-05,0.876,0.115,15327
2837,4.56935,4.33410,6.450e-05,0.884,0.113,15320
2838,4.12783,4.33410,6.445e-05,0.892,0.116,15313
2839,4.69763,4.33410,6.439e-05,0.817,0.107,15300
2840,4.57987,4.33410,6.434e-05,0.863,0.118,15308
2841,4.42645,4.33410,6.429e-05,0.828,0.107,15312
2842,4.38208,4.33410,6.423e-05,0.798,0.103,15321
2843,4.36094,4.33410,6.418e-05,0.793,0.111,15325
2844,4.38810,4.33410,6.413e-05,0.767,0.104,15327
2845,4.36676,4.33410,6.407e-05,0.862,0.113,15302
2846,4.11892,4.33410,6.402e-05,0.879,0.115,15303
2847,4.73333,4.33410,6.397e-05,0.808,0.107,15320
2848,4.51395,4.33410,6.392e-05,0.819,0.106,15312
2849,4.41492,4.33410,6.387e-05,0.853,0.124,15313
2850,4.33741,4.33410,6.381e-05,0.884,0.115,15336
2851,4.57587,4.33410,6.376e-05,0.766,0.108,15296
2852,4.25537,4.33410,6.371e-05,0.845,0.126,15301
2853,4.23702,4.33410,6.366e-05,0.853,0.114,15302
2854,4.23263,4.33410,6.361e-05,0.809,0.109,15312
2855,4.26382,4.33410,6.357e-05,0.782,0.109,15328
2856,4.23916,4.33410,6.352e-05,0.928,0.132,15306
2857,4.26240,4.33410,6.347e-05,0.831,0.114,15327
2858,4.51501,4.33410,6.342e-05,0.812,0.108,15315
2859,4.28879,4.33410,6.337e-05,0.902,0.136,15326
2860,4.39597,4.33410,6.332e-05,0.769,0.115,15309
2861,4.17608,4.33410,6.328e-05,0.903,0.140,15289
2862,4.16043,4.33410,6.323e-05,0.811,0.108,15302
2863,4.44299,4.33410,6.318e-05,0.949,0.147,15304
2864,4.12104,4.33410,6.314e-05,0.890,0.159,15324
2865,4.27161,4.33410,6.309e-05,0.842,0.119,15302
2866,4.38918,4.33410,6.305e-05,0.841,0.114,15323
2867,4.48638,4.33410,6.300e-05,0.889,0.140,15311
2868,4.37233,4.33410,6.296e-05,0.802,0.138,15304
2869,4.66131,4.33410,6.291e-05,0.824,0.110,15337
2870,4.26963,4.33410,6.287e-05,0.883,0.114,15298
2871,4.10007,4.33410,6.282e-05,0.840,0.142,15343
2872,4.50550,4.33410,6.278e-05,0.824,0.120,15325
2873,4.34427,4.33410,6.274e-05,0.833,0.107,15322
2874,4.48086,4.33410,6.269e-05,0.820,0.113,15315
2875,4.46259,4.33410,6.265e-05,0.822,0.126,15294
2876,4.51327,4.33410,6.261e-05,0.830,0.116,15318
2877,4.52689,4.33410,6.257e-05,0.825,0.111,15322
2878,4.01633,4.33410,6.253e-05,0.793,0.100,15333
2879,4.26529,4.33410,6.248e-05,0.867,0.113,15330
2880,4.05686,4.33410,6.244e-05,0.800,0.116,15306
2881,4.13488,4.33410,6.240e-05,0.800,0.116,15297
2882,4.62975,4.33410,6.236e-05,0.788,0.106,15311
2883,4.23409,4.33410,6.232e-05,0.849,0.121,15309
2884,4.24776,4.33410,6.228e-05,0.829,0.110,15292
2885,4.20718,4.33410,6.224e-05,0.834,0.112,15330
2886,4.10203,4.33410,6.221e-05,0.769,0.108,15335
2887,4.44530,4.33410,6.217e-05,0.781,0.101,15310
2888,4.28158,4.33410,6.213e-05,0.819,0.115,15303
2889,4.19025,4.33410,6.209e-05,0.842,0.118,15304
2890,4.68186,4.33410,6.205e-05,0.896,0.114,15302
2891,4.52764,4.33410,6.202e-05,0.815,0.099,15322
2892,4.51725,4.33410,6.198e-05,0.777,0.104,15331
2893,4.36709,4.33410,6.194e-05,0.859,0.116,15337
2894,4.30122,4.33410,6.191e-05,0.865,0.117,15298
2895,4.52902,4.33410,6.187e-05,0.816,0.114,15318
2896,4.39568,4.33410,6.184e-05,0.809,0.109,15311
2897,4.30446,4.33410,6.180e-05,0.903,0.123,15318
2898,4.39183,4.33410,6.177e-05,0.823,0.109,15319
2899,4.04697,4.33410,6.173e-05,0.830,0.112,15317
2900,4.38611,4.33410,6.170e-05,0.858,0.113,15329
2901,4.20907,4.33410,6.166e-05,0.833,0.116,15296
2902,4.38717,4.33410,6.163e-05,0.872,0.115,15319
2903,4.29233,4.33410,6.160e-05,0.839,0.113,15310
2904,4.26061,4.33410,6.156e-05,0.844,0.115,15296
2905,4.32120,4.33410,6.153e-05,0.835,0.113,15303
2906,4.34315,4.33410,6.150e-05,0.831,0.106,15317
2907,4.36182,4.33410,6.147e-05,0.801,0.105,15357
2908,4.19630,4.33410,6.144e-05,0.780,0.101,15325
2909,4.35988,4.33410,6.141e-05,0.844,0.110,15298
2910,4.27697,4.33410,6.138e-05,0.809,0.107,15310
2911,4.21435,4.33410,6.135e-05,0.827,0.111,15313
2912,4.43580,4.33410,6.132e-05,0.862,0.115,15303
2913,4.51023,4.33410,6.129e-05,0.802,0.110,15302
2914,4.31142,4.33410,6.126e-05,0.890,0.125,15331
2915,4.42223,4.33410,6.123e-05,0.831,0.110,15317
2916,4.41808,4.33410,6.120e-05,0.853,0.118,15313
2917,4.26282,4.33410,6.117e-05,0.859,0.121,15304
2918,4.38652,4.33410,6.114e-05,0.862,0.125,15299
2919,4.56804,4.33410,6.111e-05,0.868,0.121,15298
2920,4.35534,4.33410,6.109e-05,0.900,0.148,15335
2921,4.30849,4.33410,6.106e-05,0.763,0.109,15323
2922,4.50098,4.33410,6.103e-05,0.845,0.119,15310
2923,4.34563,4.33410,6.101e-05,0.904,0.140,15333
2924,4.40673,4.33410,6.098e-05,0.841,0.116,15311
2925,4.55813,4.33410,6.096e-05,0.819,0.109,15316
2926,4.25158,4.33410,6.093e-05,0.883,0.124,15301
2927,4.25646,4.33410,6.091e-05,0.810,0.109,15310
2928,4.43790,4.33410,6.088e-05,0.895,0.143,15334
2929,4.08501,4.33410,6.086e-05,0.863,0.126,15321
2930,4.46112,4.33410,6.083e-05,0.881,0.122,15301
2931,4.18935,4.33410,6.081e-05,0.889,0.132,15314
2932,4.44032,4.33410,6.079e-05,0.887,0.140,15312
2933,4.39076,4.33410,6.076e-05,0.884,0.118,15299
2934,4.23254,4.33410,6.074e-05,0.866,0.118,15308
2935,4.29163,4.33410,6.072e-05,0.863,0.138,15327
2936,4.18225,4.33410,6.070e-05,0.850,0.115,15338
2937,4.46276,4.33410,6.067e-05,0.792,0.110,15318
2938,4.16991,4.33410,6.065e-05,0.857,0.115,15309
2939,4.38810,4.33410,6.063e-05,0.866,0.124,15313
2940,4.20068,4.33410,6.061e-05,0.882,0.116,15305
2941,4.25439,4.33410,6.059e-05,0.828,0.116,15293
2942,4.16554,4.33410,6.057e-05,0.884,0.116,15316
2943,4.33424,4.33410,6.055e-05,0.877,0.127,15337
2944,4.39057,4.33410,6.053e-05,0.916,0.116,15305
2945,4.33174,4.33410,6.051e-05,0.884,0.135,15292
2946,4.33045,4.33410,6.050e-05,0.853,0.111,15315
2947,4.51366,4.33410,6.048e-05,0.846,0.107,15295
2948,4.41529,4.33410,6.046e-05,0.910,0.125,15314
2949,4.15615,4.33410,6.044e-05,0.808,0.116,15302
2950,4.58178,4.33410,6.042e-05,0.924,0.128,15342
2951,4.46751,4.33410,6.041e-05,0.854,0.111,15312
2952,4.41792,4.33410,6.039e-05,0.786,0.103,15322
2953,4.47127,4.33410,6.038e-05,0.849,0.114,15297
2954,4.47326,4.33410,6.036e-05,0.894,0.124,15291
2955,3.99760,4.33410,6.034e-05,0.911,0.133,15303
2956,4.25158,4.33410,6.033e-05,0.837,0.119,15306
2957,4.26798,4.33410,6.031e-05,0.787,0.110,15320
2958,4.35039,4.33410,6.030e-05,0.863,0.120,15313
2959,4.36718,4.33410,6.029e-05,0.760,0.112,15294
2960,4.29339,4.33410,6.027e-05,0.797,0.116,15310
2961,4.26343,4.33410,6.026e-05,0.869,0.113,15294
2962,4.35976,4.33410,6.025e-05,0.869,0.110,15300
2963,4.30319,4.33410,6.023e-05,0.841,0.112,15319
2964,4.02628,4.33410,6.022e-05,0.948,0.140,15335
2965,4.61069,4.33410,6.021e-05,0.834,0.109,15307
2966,4.10728,4.33410,6.020e-05,0.899,0.127,15299
2967,4.46853,4.33410,6.019e-05,0.855,0.123,15292
2968,4.31538,4.33410,6.017e-05,0.849,0.124,15313
2969,4.16481,4.33410,6.016e-05,0.870,0.113,15305
2970,4.34973,4.33410,6.015e-05,0.840,0.129,15303
2971,4.41790,4.33410,6.014e-05,0.858,0.141,15311
2972,4.51694,4.33410,6.013e-05,0.914,0.130,15322
2973,4.45637,4.33410,6.012e-05,0.812,0.106,15297
2974,4.37600,4.33410,6.011e-05,0.876,0.114,15303
2975,4.55403,4.33410,6.011e-05,0.825,0.112,15309
2976,4.26163,4.33410,6.010e-05,0.895,0.128,15308
2977,4.33618,4.33410,6.009e-05,0.823,0.108,15300
2978,4.58870,4.33410,6.008e-05,0.911,0.136,15331
2979,4.56069,4.33410,6.007e-05,0.808,0.119,15321
2980,4.26106,4.33410,6.007e-05,0.885,0.118,15315
2981,4.53018,4.33410,6.006e-05,0.879,0.112,15291
2982,4.51744,4.33410,6.006e-05,0.824,0.118,15302
2983,4.31182,4.33410,6.005e-05,0.835,0.129,15300
2984,4.65358,4.33410,6.004e-05,0.839,0.114,15296
2985,4.26415,4.33410,6.004e-05,0.908,0.132,15328
2986,4.09258,4.33410,6.003e-05,0.857,0.135,15316
2987,4.26611,4.33410,6.003e-05,0.809,0.107,15305
2988,4.35489,4.33410,6.002e-05,0.901,0.122,15305
2989,4.34608,4.33410,6.002e-05,0.865,0.119,15318
2990,4.30873,4.33410,6.002e-05,0.874,0.121,15306
2991,4.43632,4.33410,6.001e-05,0.921,0.115,15303
2992,4.29424,4.33410,6.001e-05,0.897,0.116,15333
2993,4.27149,4.33410,6.001e-05,0.897,0.136,15335
2994,4.18694,4.33410,6.001e-05,0.871,0.111,15307
2995,4.31482,4.33410,6.000e-05,0.907,0.120,15304
2996,4.42830,4.33410,6.000e-05,0.783,0.111,15317
2997,4.35082,4.33410,6.000e-05,0.825,0.133,15327
2998,4.27077,4.33410,6.000e-05,0.841,0.108,15298
2999,4.35810,4.30911,6.000e-05,0.879,0.114,7083
