step,loss,val_loss,lr,grad_norm,proj_grad_norm,tokens_per_s
0,11.84785,11.85371,3.000e-06,0.856,0.593,8228
1,11.84902,11.85371,6.000e-06,0.842,0.584,29636
2,11.84461,11.85371,9.000e-06,0.819,0.567,28454
3,11.83826,11.85371,1.200e-05,0.806,0.558,28908
4,11.82834,11.85371,1.500e-05,0.846,0.586,29020
5,11.82489,11.85371,1.800e-05,0.834,0.576,28804
6,11.80530,11.85371,2.100e-05,0.895,0.615,28372
7,11.78522,11.85371,2.400e-05,0.849,0.579,28789
8,11.77749,11.85371,2.700e-05,0.846,0.579,28864
9,11.76681,11.85371,3.000e-05,0.783,0.532,28890
10,11.73215,11.85371,3.300e-05,0.835,0.557,28730
11,11.71774,11.85371,3.600e-05,0.810,0.532,28537
12,11.67450,11.85371,3.900e-05,0.890,0.575,28166
13,11.65366,11.85371,4.200e-05,0.905,0.565,27903
14,11.61931,11.85371,4.500e-05,0.951,0.576,27847
15,11.60579,11.85371,4.800e-05,0.805,0.474,27816
16,11.56875,11.85371,5.100e-05,0.838,0.468,27707
17,11.51572,11.85371,5.400e-05,0.889,0.462,27932
18,11.48228,11.85371,5.700e-05,0.931,0.451,28084
19,11.44035,11.85371,6.000e-05,0.922,0.410,27995
20,11.38068,11.85371,6.300e-05,1.054,0.418,27842
21,11.40015,11.85371,6.600e-05,0.869,0.340,27856
22,11.29078,11.85371,6.900e-05,1.038,0.325,28083
23,11.23594,11.85371,7.200e-05,1.088,0.294,28340
24,11.23845,11.85371,7.500e-05,0.956,0.243,28115
25,11.15365,11.85371,7.800e-05,1.142,0.227,28152
26,11.11903,11.85371,8.100e-05,1.084,0.192,28162
27,11.06254,11.85371,8.400e-05,1.165,0.177,28141
28,11.04286,11.85371,8.700e-05,1.053,0.168,28173
29,10.96636,11.85371,9.000e-05,1.120,0.148,28289
30,10.98812,11.85371,9.300e-05,0.998,0.193,28321
31,10.92378,11.85371,9.600e-05,1.020,0.156,28211
32,10.86129,11.85371,9.900e-05,1.085,0.116,28156
33,10.75904,11.85371,1.020e-04,1.257,0.116,28122
34,10.73016,11.85371,1.050e-04,1.116,0.123,28149
35,10.67859,11.85371,1.080e-04,1.104,0.111,28321
36,10.63560,11.85371,1.110e-04,1.229,0.106,28189
37,10.57845,11.85371,1.140e-04,1.177,0.106,28204
38,10.51652,11.85371,1.170e-04,1.187,0.107,28227
39,10.47847,11.85371,1.200e-04,1.208,0.093,28150
40,10.42070,11.85371,1.230e-04,1.135,0.097,28160
41,10.37011,11.85371,1.260e-04,1.216,0.073,28322
42,10.30709,11.85371,1.290e-04,1.122,0.076,28206
43,10.22334,11.85371,1.320e-04,1.230,0.065,28139
44,10.19107,11.85371,1.350e-04,1.157,0.061,28208
45,10.12515,11.85371,1.380e-04,1.083,0.057,28186
46,10.06833,11.85371,1.410e-04,1.115,0.083,28189
47,9.99250,11.85371,1.440e-04,1.096,0.070,28273
48,9.91328,11.85371,1.470e-04,1.174,0.075,28339
49,9.86102,11.85371,1.500e-04,1.171,0.064,28188
50,9.79684,11.85371,1.530e-04,1.165,0.056,28127
51,9.72682,11.85371,1.560e-04,1.205,0.049,28111
52,9.66253,11.85371,1.590e-04,1.061,0.044,28218
53,9.61679,11.85371,1.620e-04,1.105,0.044,28208
54,9.55304,11.85371,1.650e-04,1.137,0.049,28289
55,9.50393,11.85371,1.680e-04,1.158,0.046,28199
56,9.40982,11.85371,1.710e-04,1.037,0.046,28141
57,9.37759,11.85371,1.740e-04,1.124,0.049,28195
58,9.32480,11.85371,1.770e-04,1.131,0.046,28136
59,9.30887,11.85371,1.800e-04,1.165,0.047,28251
60,9.21082,11.85371,1.830e-04,1.157,0.042,28338
61,9.18108,11.85371,1.860e-04,1.291,0.049,28261
62,9.05452,11.85371,1.890e-04,1.219,0.052,28122
63,8.99467,11.85371,1.920e-04,0.981,0.043,28210
64,8.98892,11.85371,1.950e-04,0.939,0.044,28157
65,8.83673,11.85371,1.980e-04,1.033,0.049,28222
66,8.82021,11.85371,2.010e-04,1.096,0.050,28306
67,8.80693,11.85371,2.040e-04,0.992,0.043,28250
68,8.68033,11.85371,2.070e-04,1.114,0.045,28243
69,8.64935,11.85371,2.100e-04,1.148,0.044,28179
70,8.57297,11.85371,2.130e-04,0.906,0.046,28201
71,8.58817,11.85371,2.160e-04,1.067,0.045,28186
72,8.51243,11.85371,2.190e-04,0.996,0.050,28331
73,8.43496,11.85371,2.220e-04,0.914,0.060,28243
74,8.42220,11.85371,2.250e-04,0.926,0.050,28168
75,8.27822,11.85371,2.280e-04,0.830,0.060,28141
76,8.28119,11.85371,2.310e-04,0.891,0.063,28203
77,8.30974,11.85371,2.340e-04,0.983,0.069,28161
78,8.27209,11.85371,2.370e-04,0.920,0.068,28257
79,8.19794,11.85371,2.400e-04,0.827,0.071,28304
80,8.21359,11.85371,2.430e-04,0.803,0.060,28183
81,8.09980,11.85371,2.460e-04,0.819,0.069,28169
82,8.06383,11.85371,2.490e-04,0.792,0.072,28174
83,8.07208,11.85371,2.520e-04,0.737,0.070,28136
84,8.01167,11.85371,2.550e-04,0.771,0.090,28280
85,7.92000,11.85371,2.580e-04,0.692,0.097,28284
86,8.04745,11.85371,2.610e-04,0.722,0.103,28142
87,7.98163,11.85371,2.640e-04,0.651,0.092,28259
88,7.87546,11.85371,2.670e-04,0.589,0.081,28199
89,7.93749,11.85371,2.700e-04,0.519,0.111,28194
90,7.75904,11.85371,2.730e-04,0.520,0.116,28215
91,7.77015,11.85371,2.760e-04,0.515,0.089,28372
92,7.76120,11.85371,2.790e-04,0.476,0.092,28149
93,7.71992,11.85371,2.820e-04,0.474,0.099,28199
94,7.72683,11.85371,2.850e-04,0.450,0.100,28258
95,7.70791,11.85371,2.880e-04,0.441,0.084,28228
96,7.69498,11.85371,2.910e-04,0.409,0.104,28189
97,7.64364,11.85371,2.940e-04,0.439,0.134,28380
98,7.51720,11.85371,2.970e-04,0.429,0.100,28208
99,7.66149,11.85371,3.000e-04,0.389,0.164,28207
100,7.53601,11.85371,3.030e-04,0.430,0.148,27847
101,7.61701,11.85371,3.060e-04,0.357,0.153,27994
102,7.53005,11.85371,3.090e-04,0.351,0.183,27635
103,7.58447,11.85371,3.120e-04,0.439,0.226,26487
104,7.54842,11.85371,3.150e-04,0.422,0.283,28023
105,7.56205,11.85371,3.180e-04,0.338,0.140,27891
106,7.45200,11.85371,3.210e-04,0.549,0.350,27920
107,7.57770,11.85371,3.240e-04,0.549,0.414,27983
108,7.40244,11.85371,3.270e-04,0.374,0.222,27656
109,7.43883,11.85371,3.300e-04,0.751,0.552,27303
110,7.46191,11.85371,3.330e-04,0.335,0.208,28041
111,7.45658,11.85371,3.360e-04,0.514,0.380,28108
112,7.46743,11.85371,3.390e-04,0.322,0.165,27945
113,7.43925,11.85371,3.420e-04,0.481,0.325,28114
114,7.43262,11.85371,3.450e-04,0.432,0.296,27983
115,7.47952,11.85371,3.480e-04,0.526,0.400,27996
116,7.29102,11.85371,3.510e-04,0.427,0.305,27972
117,7.37240,11.85371,3.540e-04,0.330,0.184,28036
118,7.39484,11.85371,3.570e-04,0.497,0.384,27959
119,7.34350,11.85371,3.600e-04,0.272,0.119,28012
120,7.38424,11.85371,3.630e-04,0.399,0.299,28044
121,7.36972,11.85371,3.660e-04,0.374,0.263,27992
122,7.25563,11.85371,3.690e-04,0.561,0.380,28010
123,7.24070,11.85371,3.720e-04,0.410,0.298,27954
124,7.22833,11.85371,3.750e-04,0.427,0.313,27991
125,7.20275,11.85371,3.780e-04,0.614,0.454,28025
126,7.29587,11.85371,3.810e-04,0.410,0.294,28105
127,7.27213,11.85371,3.840e-04,0.545,0.437,27936
128,7.27651,11.85371,3.870e-04,0.333,0.187,28089
129,7.31996,11.85371,3.900e-04,0.363,0.256,27942
130,7.26493,11.85371,3.930e-04,0.504,0.388,28034
131,7.18146,11.85371,3.960e-04,0.324,0.214,27960
132,7.09238,11.85371,3.990e-04,0.387,0.265,27936
133,7.24348,11.85371,4.020e-04,0.461,0.359,27962
134,7.16151,11.85371,4.050e-04,0.518,0.351,27977
135,7.18044,11.85371,4.080e-04,0.451,0.344,28165
136,7.14403,11.85371,4.110e-04,0.490,0.375,28004
137,7.01833,11.85371,4.140e-04,0.371,0.261,28252
138,7.12035,11.85371,4.170e-04,0.648,0.504,28117
139,7.05219,11.85371,4.200e-04,0.448,0.322,28010
140,6.99430,11.85371,4.230e-04,0.407,0.293,27945
141,7.18101,11.85371,4.260e-04,0.397,0.287,27976
142,7.10240,11.85371,4.290e-04,0.637,0.437,27973
143,7.02100,11.85371,4.320e-04,0.309,0.201,28125
144,7.03241,11.85371,4.350e-04,0.665,0.499,28132
145,7.09277,11.85371,4.380e-04,0.333,0.216,28073
146,7.12338,11.85371,4.410e-04,0.601,0.449,28137
147,6.97220,11.85371,4.440e-04,0.320,0.194,27986
148,7.08645,11.85371,4.470e-04,0.450,0.327,27999
149,7.01653,11.85371,4.500e-04,0.323,0.208,28003
150,7.11444,11.85371,4.530e-04,0.417,0.294,28161
151,6.97247,11.85371,4.560e-04,0.418,0.320,27990
152,7.06828,11.85371,4.590e-04,0.420,0.308,28225
153,6.92831,11.85371,4.620e-04,0.379,0.282,27958
154,6.92597,11.85371,4.650e-04,0.442,0.332,28204
155,6.97562,11.85371,4.680e-04,0.433,0.321,27973
156,7.05477,11.85371,4.710e-04,0.330,0.245,28010
157,6.96632,11.85371,4.740e-04,0.436,0.334,27947
158,6.97311,11.85371,4.770e-04,0.447,0.358,28171
159,6.97368,11.85371,4.800e-04,0.450,0.360,27972
160,6.98334,11.85371,4.830e-04,0.431,0.357,28180
161,6.96490,11.85371,4.860e-04,0.440,0.341,28071
162,7.08076,11.85371,4.890e-04,0.525,0.422,28105
163,6.75354,11.85371,4.920e-04,0.730,0.645,27930
164,6.97485,11.85371,4.950e-04,0.558,0.491,28174
165,7.02124,11.85371,4.980e-04,0.676,0.586,27950
166,6.84955,11.85371,5.010e-04,0.534,0.430,27977
167,6.98686,11.85371,5.040e-04,0.518,0.428,27979
168,6.86482,11.85371,5.070e-04,0.500,0.407,27944
169,6.89577,11.85371,5.100e-04,0.459,0.379,28060
170,6.78827,11.85371,5.130e-04,0.631,0.558,28222
171,6.81735,11.85371,5.160e-04,0.406,0.274,28158
172,6.86752,11.85371,5.190e-04,0.570,0.506,28197
173,6.87204,11.85371,5.220e-04,0.403,0.289,28323
174,6.84050,11.85371,5.250e-04,0.434,0.352,28301
175,6.78445,11.85371,5.280e-04,0.366,0.264,28208
176,6.83432,11.85371,5.310e-04,0.401,0.324,28180
177,7.02773,11.85371,5.340e-04,0.329,0.231,28170
178,6.90930,11.85371,5.370e-04,0.445,0.360,28174
179,6.84804,11.85371,5.400e-04,0.375,0.267,28291
180,6.73862,11.85371,5.430e-04,0.436,0.329,28373
181,6.78668,11.85371,5.460e-04,0.448,0.349,28291
182,6.98842,11.85371,5.490e-04,0.705,0.608,28297
183,6.81024,11.85371,5.520e-04,0.467,0.395,27972
184,6.80475,11.85371,5.550e-04,0.592,0.511,28119
185,6.66354,11.85371,5.580e-04,0.420,0.314,28195
186,6.80198,11.85371,5.610e-04,0.481,0.380,28356
187,6.88130,11.85371,5.640e-04,0.597,0.470,28231
188,6.78424,11.85371,5.670e-04,0.444,0.348,28206
189,6.80346,11.85371,5.700e-04,0.606,0.496,27529
190,6.71151,11.85371,5.730e-04,0.448,0.369,28016
191,6.78280,11.85371,5.760e-04,0.558,0.482,28240
192,6.58853,11.85371,5.790e-04,0.541,0.469,28249
193,6.70085,11.85371,5.820e-04,0.811,0.743,27998
194,6.71475,11.85371,5.850e-04,0.553,0.482,28072
195,6.75528,11.85371,5.880e-04,0.598,0.521,28015
196,6.78400,11.85371,5.910e-04,0.733,0.652,28053
197,6.67227,11.85371,5.940e-04,0.606,0.498,28222
198,6.65685,11.85371,5.970e-04,0.633,0.569,28295
199,6.66186,11.85371,6.000e-04,0.481,0.393,28223
200,6.55572,11.85371,6.000e-04,0.599,0.519,27718
201,6.69965,11.85371,6.000e-04,0.488,0.404,28201
202,6.67980,11.85371,6.000e-04,0.580,0.468,28221
203,6.60610,11.85371,6.000e-04,0.490,0.419,28042
204,6.60144,11.85371,6.000e-04,0.515,0.384,28114
205,6.47078,11.85371,6.000e-04,0.570,0.508,27517
206,6.76132,11.85371,6.000e-04,0.496,0.412,28225
207,6.60349,11.85371,6.000e-04,0.682,0.620,28152
208,6.65579,11.85371,6.000e-04,0.688,0.615,28159
209,6.47279,11.85371,6.000e-04,0.609,0.555,28089
210,6.62978,11.85371,6.000e-04,0.528,0.454,28272
211,6.60227,11.85371,6.000e-04,0.546,0.480,27652
212,6.53350,11.85371,6.000e-04,0.588,0.522,27422
213,6.60913,11.85371,6.000e-04,0.473,0.401,27652
214,6.54021,11.85371,6.000e-04,0.551,0.471,28055
215,6.55689,11.85371,6.000e-04,0.519,0.425,28305
216,6.60532,11.85371,6.000e-04,0.768,0.674,28391
217,6.50133,11.85371,6.000e-04,0.817,0.730,28193
218,6.63714,11.85371,5.999e-04,0.628,0.552,27283
219,6.51656,11.85371,5.999e-04,0.704,0.632,27895
220,6.67153,11.85371,5.999e-04,0.772,0.684,28061
221,6.61917,11.85371,5.999e-04,0.669,0.582,28240
222,6.49035,11.85371,5.999e-04,0.535,0.449,28067
223,6.56168,11.85371,5.999e-04,0.725,0.649,28184
224,6.61668,11.85371,5.999e-04,0.598,0.486,27836
225,6.63681,11.85371,5.999e-04,0.616,0.530,28224
226,6.38902,11.85371,5.999e-04,0.751,0.668,27634
227,6.53898,11.85371,5.999e-04,0.510,0.431,27602
228,6.55755,11.85371,5.999e-04,0.652,0.574,27555
229,6.58332,11.85371,5.999e-04,0.486,0.391,27872
230,6.57331,11.85371,5.998e-04,0.524,0.437,27387
231,6.55789,11.85371,5.998e-04,0.538,0.457,27690
232,6.48828,11.85371,5.998e-04,0.603,0.523,27808
233,6.53853,11.85371,5.998e-04,0.592,0.483,28216
234,6.47245,11.85371,5.998e-04,0.626,0.563,28180
235,6.66798,11.85371,5.998e-04,0.618,0.531,28098
236,6.57673,11.85371,5.998e-04,0.576,0.484,28159
237,6.54963,11.85371,5.998e-04,0.522,0.456,28229
238,6.61539,11.85371,5.998e-04,0.580,0.502,28292
239,6.54441,11.85371,5.997e-04,0.452,0.365,28384
240,6.59224,11.85371,5.997e-04,0.553,0.486,28268
241,6.62384,11.85371,5.997e-04,0.438,0.356,28236
242,6.57389,11.85371,5.997e-04,0.458,0.385,28298
243,6.47808,11.85371,5.997e-04,0.506,0.435,28244
244,6.42504,11.85371,5.997e-04,0.544,0.473,28221
245,6.47708,11.85371,5.997e-04,0.498,0.420,28394
246,6.46136,11.85371,5.996e-04,0.592,0.517,28181
247,6.39729,11.85371,5.996e-04,0.590,0.517,28263
248,6.49196,11.85371,5.996e-04,0.590,0.535,28227
249,6.38437,11.85371,5.996e-04,0.460,0.385,28189
250,6.27365,6.39734,5.996e-04,0.615,0.546,8593
251,6.50522,6.39734,5.996e-04,0.568,0.495,28554
252,6.47534,6.39734,5.995e-04,0.499,0.427,28207
253,6.54630,6.39734,5.995e-04,0.558,0.472,28324
254,6.41407,6.39734,5.995e-04,0.577,0.490,28360
255,6.42180,6.39734,5.995e-04,0.512,0.444,28288
256,6.50395,6.39734,5.995e-04,0.537,0.474,28241
257,6.44276,6.39734,5.994e-04,0.526,0.448,28233
258,6.36809,6.39734,5.994e-04,0.555,0.483,28247
259,6.43410,6.39734,5.994e-04,0.668,0.594,28288
260,6.30624,6.39734,5.994e-04,0.513,0.446,28381
261,6.33252,6.39734,5.994e-04,0.596,0.531,28264
262,6.37922,6.39734,5.993e-04,0.539,0.445,28302
263,6.30189,6.39734,5.993e-04,0.598,0.535,28267
264,6.32541,6.39734,5.993e-04,0.573,0.497,28225
265,6.30845,6.39734,5.993e-04,0.645,0.574,28262
266,6.44233,6.39734,5.993e-04,0.530,0.457,28406
267,6.40904,6.39734,5.992e-04,0.628,0.558,28434
268,6.31762,6.39734,5.992e-04,0.578,0.513,28224
269,6.38825,6.39734,5.992e-04,0.790,0.713,28264
270,6.25861,6.39734,5.992e-04,0.557,0.468,28249
271,6.36229,6.39734,5.991e-04,0.597,0.512,28270
272,6.43838,6.39734,5.991e-04,0.612,0.523,28353
273,6.27550,6.39734,5.991e-04,0.645,0.561,28433
274,6.41266,6.39734,5.991e-04,0.586,0.509,28210
275,6.54293,6.39734,5.990e-04,0.509,0.410,28203
276,6.35870,6.39734,5.990e-04,0.463,0.390,28259
277,6.17538,6.39734,5.990e-04,0.804,0.729,28266
278,6.33918,6.39734,5.990e-04,0.601,0.523,28308
279,6.40488,6.39734,5.989e-04,0.590,0.500,28385
280,6.33169,6.39734,5.989e-04,0.567,0.496,28291
281,6.28896,6.39734,5.989e-04,0.570,0.493,28277
282,6.33362,6.39734,5.989e-04,0.562,0.481,28278
283,6.26031,6.39734,5.988e-04,0.660,0.603,28273
284,6.52175,6.39734,5.988e-04,0.561,0.485,28270
285,6.16648,6.39734,5.988e-04,0.636,0.568,28394
286,6.31001,6.39734,5.987e-04,0.598,0.534,28314
287,6.35582,6.39734,5.987e-04,0.513,0.444,28210
288,6.54078,6.39734,5.987e-04,0.541,0.458,28277
289,6.24757,6.39734,5.987e-04,0.545,0.462,28285
290,6.24719,6.39734,5.986e-04,0.521,0.445,28275
291,6.39839,6.39734,5.986e-04,0.602,0.527,28358
292,6.20946,6.39734,5.986e-04,0.607,0.534,28377
293,6.31952,6.39734,5.985e-04,0.492,0.429,28287
294,6.38333,6.39734,5.985e-04,0.511,0.428,28242
295,6.31886,6.39734,5.985e-04,0.626,0.544,28256
296,6.27218,6.39734,5.984e-04,0.493,0.413,28256
297,6.38676,6.39734,5.984e-04,0.507,0.413,28270
298,6.24188,6.39734,5.984e-04,0.553,0.485,28406
299,6.35405,6.39734,5.983e-04,0.463,0.381,28241
300,6.16147,6.39734,5.983e-04,0.627,0.562,28266
301,6.26267,6.39734,5.983e-04,0.531,0.454,28231
302,6.26133,6.39734,5.982e-04,0.459,0.391,28282
303,6.26014,6.39734,5.982e-04,0.500,0.421,28282
304,6.31771,6.39734,5.982e-04,0.525,0.454,28402
305,6.22853,6.39734,5.981e-04,0.495,0.423,28342
306,6.05852,6.39734,5.981e-04,0.583,0.506,28260
307,6.29552,6.39734,5.981e-04,0.460,0.375,28235
308,6.14978,6.39734,5.980e-04,0.541,0.469,28270
309,6.38175,6.39734,5.980e-04,0.542,0.461,28234
310,6.26944,6.39734,5.979e-04,0.510,0.443,28379
311,6.40304,6.39734,5.979e-04,0.455,0.376,28329
312,6.21524,6.39734,5.979e-04,0.579,0.508,28289
313,6.19900,6.39734,5.978e-04,0.470,0.391,28257
314,6.12274,6.39734,5.978e-04,0.541,0.475,28253
315,6.29025,6.39734,5.978e-04,0.500,0.421,28305
316,6.38468,6.39734,5.977e-04,0.494,0.412,28279
317,6.21615,6.39734,5.977e-04,0.643,0.572,28410
318,6.18565,6.39734,5.976e-04,0.583,0.490,27999
319,6.16123,6.39734,5.976e-04,0.669,0.580,27574
320,6.20652,6.39734,5.976e-04,0.484,0.407,28049
321,6.15265,6.39734,5.975e-04,0.673,0.595,28147
322,6.00343,6.39734,5.975e-04,0.607,0.525,27509
323,6.34311,6.39734,5.974e-04,0.561,0.491,28419
324,6.23199,6.39734,5.974e-04,0.509,0.434,28295
325,6.25125,6.39734,5.973e-04,0.449,0.367,28251
326,6.34797,6.39734,5.973e-04,0.567,0.491,28206
327,6.12556,6.39734,5.973e-04,0.613,0.530,28219
328,6.09619,6.39734,5.972e-04,0.629,0.564,28305
329,6.23204,6.39734,5.972e-04,0.664,0.586,28369
330,6.21286,6.39734,5.971e-04,0.607,0.533,28107
331,6.16893,6.39734,5.971e-04,0.558,0.474,27666
332,6.11467,6.39734,5.970e-04,0.651,0.586,28465
333,6.25652,6.39734,5.970e-04,0.642,0.571,29054
334,6.16093,6.39734,5.970e-04,0.537,0.459,29148
335,6.26108,6.39734,5.969e-04,0.624,0.552,28373
336,6.37322,6.39734,5.969e-04,0.521,0.439,28910
337,6.24365,6.39734,5.968e-04,0.539,0.460,29118
338,6.19673,6.39734,5.968e-04,0.556,0.491,29149
339,6.24927,6.39734,5.967e-04,0.523,0.449,29184
340,6.01245,6.39734,5.967e-04,0.672,0.597,29109
341,6.05594,6.39734,5.966e-04,0.596,0.521,28676
342,6.26982,6.39734,5.966e-04,0.582,0.513,29068
343,5.96149,6.39734,5.965e-04,0.595,0.529,28279
344,6.18372,6.39734,5.965e-04,0.547,0.468,28256
345,6.33076,6.39734,5.964e-04,0.686,0.617,28539
346,6.13904,6.39734,5.964e-04,0.720,0.662,27304
347,6.21155,6.39734,5.963e-04,0.533,0.456,27799
348,6.12242,6.39734,5.963e-04,0.645,0.579,27805
349,6.01621,6.39734,5.962e-04,0.745,0.679,27720
350,6.08400,6.39734,5.962e-04,0.662,0.597,28201
351,6.27136,6.39734,5.961e-04,0.503,0.420,28293
352,6.11470,6.39734,5.961e-04,0.670,0.601,28286
353,6.17952,6.39734,5.960e-04,0.587,0.515,28285
354,6.08508,6.39734,5.960e-04,0.707,0.648,28265
355,6.21823,6.39734,5.959e-04,0.495,0.411,28088
356,6.22405,6.39734,5.959e-04,0.582,0.505,27823
357,6.25255,6.39734,5.958e-04,0.723,0.654,28279
358,6.17813,6.39734,5.958e-04,0.583,0.518,28242
359,6.21456,6.39734,5.957e-04,0.717,0.638,28245
360,6.07805,6.39734,5.957e-04,0.730,0.663,28284
361,6.26043,6.39734,5.956e-04,0.615,0.539,28363
362,6.14785,6.39734,5.956e-04,0.607,0.537,27556
363,6.12217,6.39734,5.955e-04,0.646,0.580,28369
364,6.13665,6.39734,5.954e-04,0.554,0.480,28332
365,6.35257,6.39734,5.954e-04,0.525,0.447,27794
366,6.07684,6.39734,5.953e-04,0.734,0.657,27955
367,6.10727,6.39734,5.953e-04,0.581,0.510,28086
368,6.17165,6.39734,5.952e-04,0.531,0.452,28172
369,6.16532,6.39734,5.952e-04,0.583,0.506,28095
370,5.99740,6.39734,5.951e-04,0.541,0.471,28107
371,5.95841,6.39734,5.950e-04,0.746,0.675,27810
372,6.03951,6.39734,5.950e-04,0.496,0.413,28198
373,6.09888,6.39734,5.949e-04,0.643,0.576,28772
374,6.08119,6.39734,5.949e-04,0.607,0.538,28932
375,6.05104,6.39734,5.948e-04,0.613,0.533,28068
376,6.16906,6.39734,5.948e-04,0.694,0.625,28093
377,6.13247,6.39734,5.947e-04,0.617,0.546,28119
378,6.08743,6.39734,5.946e-04,0.754,0.685,28728
379,6.10012,6.39734,5.946e-04,0.624,0.552,29147
380,6.11663,6.39734,5.945e-04,0.610,0.539,29154
381,5.96861,6.39734,5.945e-04,0.713,0.650,28317
382,5.97962,6.39734,5.944e-04,0.668,0.598,28433
383,6.15307,6.39734,5.943e-04,0.670,0.601,27824
384,5.91370,6.39734,5.943e-04,0.708,0.641,27956
385,6.24408,6.39734,5.942e-04,0.602,0.527,27581
386,6.19536,6.39734,5.941e-04,0.600,0.536,28394
387,6.18224,6.39734,5.941e-04,0.541,0.449,28352
388,6.04872,6.39734,5.940e-04,0.551,0.485,27700
389,6.06692,6.39734,5.940e-04,0.674,0.588,28068
390,5.92520,6.39734,5.939e-04,0.596,0.528,28238
391,6.07344,6.39734,5.938e-04,0.497,0.418,28331
392,6.01255,6.39734,5.938e-04,0.684,0.617,28380
393,6.02930,6.39734,5.937e-04,0.514,0.441,28302
394,6.15788,6.39734,5.936e-04,0.578,0.481,28273
395,6.02418,6.39734,5.936e-04,0.681,0.614,28292
396,5.97095,6.39734,5.935e-04,0.610,0.536,28257
397,6.00316,6.39734,5.934e-04,0.605,0.543,28144
398,6.01825,6.39734,5.934e-04,0.606,0.532,28454
399,6.12995,6.39734,5.933e-04,0.494,0.416,28355
400,6.13962,6.39734,5.932e-04,0.567,0.502,28351
401,6.02287,6.39734,5.932e-04,0.705,0.645,28240
402,6.00823,6.39734,5.931e-04,0.567,0.471,28242
403,5.95003,6.39734,5.930e-04,0.666,0.601,28080
404,6.03137,6.39734,5.930e-04,0.605,0.517,28287
405,6.02041,6.39734,5.929e-04,0.824,0.751,28118
406,6.04743,6.39734,5.928e-04,0.708,0.640,27644
407,6.05622,6.39734,5.928e-04,0.519,0.442,27935
408,5.92355,6.39734,5.927e-04,0.618,0.546,27653
409,6.03219,6.39734,5.926e-04,0.718,0.646,28192
410,6.12346,6.39734,5.925e-04,0.487,0.416,27969
411,5.94474,6.39734,5.925e-04,0.647,0.575,27965
412,6.08142,6.39734,5.924e-04,0.621,0.547,28023
413,6.12784,6.39734,5.923e-04,0.553,0.478,28017
414,5.96409,6.39734,5.923e-04,0.628,0.549,27975
415,6.07174,6.39734,5.922e-04,0.538,0.460,28002
416,5.92918,6.39734,5.921e-04,0.698,0.624,27998
417,6.03059,6.39734,5.920e-04,0.616,0.548,27977
418,6.08049,6.39734,5.920e-04,0.593,0.518,28009
419,6.06050,6.39734,5.919e-04,0.584,0.508,28428
420,6.12954,6.39734,5.918e-04,0.509,0.431,28259
421,5.88222,6.39734,5.917e-04,0.672,0.608,28205
422,5.93401,6.39734,5.917e-04,0.532,0.454,28393
423,6.05406,6.39734,5.916e-04,0.613,0.539,28386
424,6.03003,6.39734,5.915e-04,0.678,0.606,28325
425,5.88125,6.39734,5.914e-04,0.587,0.521,28326
426,5.98659,6.39734,5.914e-04,0.581,0.492,28283
427,6.11624,6.39734,5.913e-04,0.683,0.613,28298
428,6.03587,6.39734,5.912e-04,0.655,0.566,28338
429,6.14778,6.39734,5.911e-04,0.556,0.469,28415
430,6.05830,6.39734,5.911e-04,0.588,0.517,28294
431,6.06433,6.39734,5.910e-04,0.494,0.418,28283
432,6.07324,6.39734,5.909e-04,0.506,0.412,28262
433,6.11360,6.39734,5.908e-04,0.566,0.477,28270
434,5.91037,6.39734,5.907e-04,0.553,0.467,28231
435,5.97557,6.39734,5.907e-04,0.576,0.504,28378
436,5.92811,6.39734,5.906e-04,0.642,0.576,28402
437,6.02033,6.39734,5.905e-04,0.564,0.489,28262
438,5.86128,6.39734,5.904e-04,0.708,0.646,28248
439,5.94324,6.39734,5.904e-04,0.630,0.556,28255
440,5.84246,6.39734,5.903e-04,0.732,0.661,28272
441,6.06528,6.39734,5.902e-04,0.490,0.412,28353
442,5.97720,6.39734,5.901e-04,0.645,0.551,28379
443,5.86534,6.39734,5.900e-04,0.659,0.587,28271
444,6.12623,6.39734,5.899e-04,0.744,0.607,28263
445,5.79714,6.39734,5.899e-04,0.653,0.584,28277
446,6.07708,6.39734,5.898e-04,0.757,0.675,28257
447,6.00899,6.39734,5.897e-04,0.642,0.549,28340
448,5.96846,6.39734,5.896e-04,0.658,0.573,28432
449,5.91906,6.39734,5.895e-04,0.685,0.596,28299
450,5.94168,6.39734,5.894e-04,0.689,0.606,28274
451,6.08477,6.39734,5.894e-04,0.686,0.592,28245
452,5.86523,6.39734,5.893e-04,0.598,0.516,28263
453,6.10709,6.39734,5.892e-04,0.700,0.611,28238
454,5.93020,6.39734,5.891e-04,0.547,0.460,28458
455,5.82604,6.39734,5.890e-04,0.704,0.630,28341
456,6.06897,6.39734,5.889e-04,0.568,0.476,28277
457,5.92496,6.39734,5.889e-04,0.688,0.619,28217
458,6.05257,6.39734,5.888e-04,0.541,0.458,28251
459,6.05807,6.39734,5.887e-04,0.649,0.571,28294
460,5.92263,6.39734,5.886e-04,0.588,0.509,28347
461,5.98821,6.39734,5.885e-04,0.680,0.612,28352
462,5.84327,6.39734,5.884e-04,0.577,0.507,28303
463,6.06206,6.39734,5.883e-04,0.610,0.536,28219
464,6.01528,6.39734,5.882e-04,0.610,0.535,28272
465,6.14980,6.39734,5.882e-04,0.519,0.445,28265
466,5.79701,6.39734,5.881e-04,0.677,0.610,28327
467,6.02352,6.39734,5.880e-04,0.580,0.503,28416
468,5.81150,6.39734,5.879e-04,0.674,0.599,28240
469,6.07622,6.39734,5.878e-04,0.535,0.448,28253
470,5.89367,6.39734,5.877e-04,0.576,0.498,28285
471,6.04512,6.39734,5.876e-04,0.681,0.582,28313
472,5.92969,6.39734,5.875e-04,0.594,0.515,28271
473,5.94932,6.39734,5.874e-04,0.641,0.562,28486
474,6.00727,6.39734,5.873e-04,0.619,0.541,28392
475,5.99193,6.39734,5.872e-04,0.675,0.606,28337
476,5.97221,6.39734,5.872e-04,0.648,0.564,28333
477,5.85098,6.39734,5.871e-04,0.742,0.669,28197
478,5.79627,6.39734,5.870e-04,0.691,0.614,28306
479,5.88083,6.39734,5.869e-04,0.701,0.631,27932
480,6.10692,6.39734,5.868e-04,0.561,0.475,28293
481,5.82073,6.39734,5.867e-04,0.764,0.697,28095
482,5.90814,6.39734,5.866e-04,0.597,0.523,27716
483,6.10468,6.39734,5.865e-04,0.624,0.542,27716
484,6.12447,6.39734,5.864e-04,0.597,0.521,28029
485,5.98977,6.39734,5.863e-04,0.675,0.597,28072
486,5.85220,6.39734,5.862e-04,0.556,0.485,27648
487,5.87851,6.39734,5.861e-04,0.609,0.530,27791
488,6.00925,6.39734,5.860e-04,0.524,0.443,27943
489,6.10436,6.39734,5.859e-04,0.512,0.435,28084
490,5.94763,6.39734,5.858e-04,0.564,0.487,28040
491,6.08902,6.39734,5.857e-04,0.579,0.486,28321
492,5.94010,6.39734,5.856e-04,0.659,0.584,28365
493,5.96940,6.39734,5.855e-04,0.606,0.532,28316
494,5.97016,6.39734,5.854e-04,0.581,0.510,28237
495,6.32724,6.39734,5.853e-04,0.742,0.665,28294
496,5.96419,6.39734,5.852e-04,0.586,0.508,28294
497,5.97681,6.39734,5.851e-04,0.723,0.650,28381
498,5.89885,6.39734,5.850e-04,0.602,0.536,28404
499,5.84640,6.39734,5.849e-04,0.574,0.493,28315
500,6.01844,5.85845,5.848e-04,0.641,0.550,8598
501,5.96348,5.85845,5.847e-04,0.595,0.487,28678
502,5.79232,5.85845,5.846e-04,0.718,0.651,28293
503,5.85171,5.85845,5.845e-04,0.734,0.658,28241
504,5.86030,5.85845,5.844e-04,0.743,0.665,28266
505,5.80282,5.85845,5.843e-04,0.662,0.591,28293
506,5.97000,5.85845,5.842e-04,0.616,0.528,28423
507,5.98119,5.85845,5.841e-04,0.644,0.565,28372
508,5.94337,5.85845,5.840e-04,0.660,0.592,28251
509,5.88738,5.85845,5.839e-04,0.603,0.524,28288
510,6.00168,5.85845,5.838e-04,0.664,0.591,28305
511,5.72067,5.85845,5.837e-04,0.678,0.609,28055
512,5.79733,5.85845,5.836e-04,0.540,0.463,28397
513,5.68610,5.85845,5.835e-04,0.579,0.494,28432
514,5.93410,5.85845,5.834e-04,0.592,0.520,28351
515,5.85833,5.85845,5.833e-04,0.596,0.528,28276
516,5.84483,5.85845,5.832e-04,0.581,0.504,28295
517,5.87198,5.85845,5.831e-04,0.611,0.531,28311
518,5.82498,5.85845,5.830e-04,0.598,0.519,28305
519,5.86297,5.85845,5.829e-04,0.612,0.533,28442
520,5.88583,5.85845,5.828e-04,0.733,0.660,28336
521,6.00358,5.85845,5.827e-04,0.569,0.476,28239
522,5.71089,5.85845,5.826e-04,0.675,0.604,28266
523,5.82485,5.85845,5.825e-04,0.599,0.524,28317
524,5.98098,5.85845,5.824e-04,0.699,0.615,28275
525,5.85274,5.85845,5.822e-04,0.610,0.532,28467
526,5.76413,5.85845,5.821e-04,0.774,0.708,28349
527,5.80626,5.85845,5.820e-04,0.551,0.475,28308
528,5.83291,5.85845,5.819e-04,0.685,0.614,28263
529,5.87965,5.85845,5.818e-04,0.655,0.579,28291
530,5.82526,5.85845,5.817e-04,0.552,0.478,28251
531,5.78961,5.85845,5.816e-04,0.582,0.505,28397
532,5.86893,5.85845,5.815e-04,0.658,0.572,28425
533,5.87487,5.85845,5.814e-04,0.561,0.469,28311
534,5.94363,5.85845,5.813e-04,0.521,0.436,28236
535,5.70748,5.85845,5.812e-04,0.578,0.497,28303
536,5.91237,5.85845,5.810e-04,0.521,0.439,28311
537,5.91561,5.85845,5.809e-04,0.580,0.493,28321
538,5.72987,5.85845,5.808e-04,0.754,0.677,28424
539,5.97789,5.85845,5.807e-04,0.514,0.426,28424
540,5.81984,5.85845,5.806e-04,0.611,0.535,28267
541,5.86871,5.85845,5.805e-04,0.619,0.531,28262
542,5.79886,5.85845,5.804e-04,0.680,0.602,28275
543,5.80306,5.85845,5.803e-04,0.629,0.547,28254
544,5.87673,5.85845,5.801e-04,0.582,0.503,28392
545,5.86827,5.85845,5.800e-04,0.597,0.519,28428
546,6.04908,5.85845,5.799e-04,0.722,0.631,28288
547,6.05125,5.85845,5.798e-04,0.700,0.626,28241
548,5.95047,5.85845,5.797e-04,0.671,0.584,28305
549,5.77939,5.85845,5.796e-04,0.643,0.571,28291
550,5.81467,5.85845,5.794e-04,0.573,0.487,28321
551,5.82560,5.85845,5.793e-04,0.625,0.546,28455
552,5.76729,5.85845,5.792e-04,0.633,0.561,28322
553,5.65145,5.85845,5.791e-04,0.894,0.835,28258
554,5.94242,5.85845,5.790e-04,0.616,0.540,28297
555,5.85511,5.85845,5.789e-04,0.510,0.423,28297
556,5.93020,5.85845,5.787e-04,0.699,0.617,28295
557,5.80597,5.85845,5.786e-04,0.587,0.503,28425
558,5.71673,5.85845,5.785e-04,0.656,0.576,28375
559,5.85018,5.85845,5.784e-04,0.633,0.550,28254
560,5.75018,5.85845,5.783e-04,0.489,0.409,28292
561,5.90545,5.85845,5.782e-04,0.535,0.458,28300
562,5.71823,5.85845,5.780e-04,0.593,0.511,28293
563,5.79167,5.85845,5.779e-04,0.537,0.446,28375
564,5.94082,5.85845,5.778e-04,0.548,0.461,28438
565,5.69770,5.85845,5.777e-04,0.639,0.544,28248
566,5.78391,5.85845,5.776e-04,0.590,0.507,28310
567,5.83637,5.85845,5.774e-04,0.534,0.451,28244
568,5.71518,5.85845,5.773e-04,0.579,0.501,28297
569,5.90214,5.85845,5.772e-04,0.559,0.477,28349
570,5.77248,5.85845,5.771e-04,0.563,0.486,28444
571,5.77830,5.85845,5.769e-04,0.645,0.571,28289
572,5.86354,5.85845,5.768e-04,0.553,0.471,28258
573,5.94088,5.85845,5.767e-04,0.618,0.539,28273
574,5.87776,5.85845,5.766e-04,0.574,0.486,28281
575,5.66136,5.85845,5.765e-04,0.699,0.625,28265
576,5.90154,5.85845,5.763e-04,0.652,0.557,28467
577,5.66720,5.85845,5.762e-04,0.781,0.713,28339
578,5.80356,5.85845,5.761e-04,0.625,0.544,28293
579,5.84942,5.85845,5.760e-04,0.655,0.573,28305
580,5.88126,5.85845,5.758e-04,0.711,0.624,28287
581,5.80333,5.85845,5.757e-04,0.523,0.437,28292
582,5.59824,5.85845,5.756e-04,0.660,0.580,28444
583,5.92822,5.85845,5.755e-04,0.603,0.516,28425
584,5.65789,5.85845,5.753e-04,0.777,0.711,28300
585,5.78708,5.85845,5.752e-04,0.649,0.560,28287
586,5.81145,5.85845,5.751e-04,0.642,0.568,28266
587,5.75597,5.85845,5.749e-04,0.701,0.625,28299
588,5.86905,5.85845,5.748e-04,0.545,0.463,28320
589,5.86660,5.85845,5.747e-04,0.551,0.476,28441
590,6.01755,5.85845,5.746e-04,0.648,0.559,28334
591,5.88110,5.85845,5.744e-04,0.638,0.559,28307
592,5.98869,5.85845,5.743e-04,0.594,0.515,28234
593,5.94303,5.85845,5.742e-04,0.578,0.488,28297
594,5.83764,5.85845,5.740e-04,0.650,0.568,28270
595,5.71692,5.85845,5.739e-04,0.645,0.568,28403
596,5.82152,5.85845,5.738e-04,0.596,0.521,28369
597,5.74066,5.85845,5.737e-04,0.652,0.568,28278
598,5.83946,5.85845,5.735e-04,0.632,0.554,28320
599,5.81997,5.85845,5.734e-04,0.581,0.491,28284
600,5.75514,5.85845,5.733e-04,0.618,0.541,28262
601,5.72165,5.85845,5.731e-04,0.526,0.451,28347
602,5.95617,5.85845,5.730e-04,0.595,0.515,28436
603,5.98273,5.85845,5.729e-04,0.606,0.527,28317
604,5.82377,5.85845,5.727e-04,0.591,0.505,28283
605,5.79607,5.85845,5.726e-04,0.578,0.503,28343
606,5.89752,5.85845,5.725e-04,0.592,0.507,28268
607,5.89135,5.85845,5.723e-04,0.654,0.564,28369
608,5.74657,5.85845,5.722e-04,0.578,0.467,28378
609,5.89612,5.85845,5.721e-04,0.586,0.484,28269
610,5.81587,5.85845,5.719e-04,0.644,0.563,28348
611,5.82270,5.85845,5.718e-04,0.679,0.592,28335
612,5.81666,5.85845,5.717e-04,0.657,0.571,28153
613,6.06589,5.85845,5.715e-04,0.577,0.490,28122
614,5.89600,5.85845,5.714e-04,0.669,0.584,28198
615,5.86937,5.85845,5.713e-04,0.596,0.487,28164
616,5.90600,5.85845,5.711e-04,0.627,0.548,28147
617,5.89267,5.85845,5.710e-04,0.677,0.601,28131
618,5.76603,5.85845,5.708e-04,0.649,0.567,28293
619,5.76243,5.85845,5.707e-04,0.623,0.534,28321
620,5.80802,5.85845,5.706e-04,0.729,0.660,28399
621,5.74304,5.85845,5.704e-04,0.720,0.646,28473
622,5.63820,5.85845,5.703e-04,0.669,0.596,28352
623,5.92113,5.85845,5.702e-04,0.582,0.496,28245
624,5.66139,5.85845,5.700e-04,0.708,0.627,28239
625,5.76473,5.85845,5.699e-04,0.620,0.539,28332
626,5.51225,5.85845,5.697e-04,0.732,0.652,28046
627,5.73019,5.85845,5.696e-04,0.591,0.514,27922
628,5.66476,5.85845,5.695e-04,0.538,0.457,28287
629,5.86858,5.85845,5.693e-04,0.577,0.484,28222
630,5.83820,5.85845,5.692e-04,0.631,0.550,28274
631,5.80483,5.85845,5.690e-04,0.600,0.512,28206
632,5.62662,5.85845,5.689e-04,0.802,0.720,28250
633,5.67850,5.85845,5.688e-04,0.612,0.528,28425
634,5.64942,5.85845,5.686e-04,0.736,0.664,28405
635,5.69688,5.85845,5.685e-04,0.584,0.493,28278
636,5.84726,5.85845,5.683e-04,0.565,0.471,28267
637,5.65911,5.85845,5.682e-04,0.625,0.539,28364
638,5.67119,5.85845,5.680e-04,0.668,0.592,28327
639,5.87069,5.85845,5.679e-04,0.637,0.555,28231
640,5.78574,5.85845,5.678e-04,0.699,0.615,27750
641,5.86316,5.85845,5.676e-04,0.596,0.501,28223
642,5.57859,5.85845,5.675e-04,0.621,0.524,28277
643,5.76131,5.85845,5.673e-04,0.559,0.474,28241
644,5.76425,5.85845,5.672e-04,0.568,0.480,28308
645,5.75800,5.85845,5.670e-04,0.593,0.505,28391
646,5.77034,5.85845,5.669e-04,0.615,0.528,28509
647,5.52798,5.85845,5.667e-04,0.572,0.492,28334
648,5.74120,5.85845,5.666e-04,0.637,0.553,28312
649,5.78561,5.85845,5.665e-04,0.550,0.471,28311
650,5.80691,5.85845,5.663e-04,0.566,0.480,28365
651,5.73254,5.85845,5.662e-04,0.614,0.534,28334
652,5.97361,5.85845,5.660e-04,0.532,0.451,28465
653,5.71103,5.85845,5.659e-04,0.571,0.480,28383
654,5.60929,5.85845,5.657e-04,0.671,0.589,28313
655,5.59348,5.85845,5.656e-04,0.581,0.502,28343
656,5.75812,5.85845,5.654e-04,0.594,0.505,28293
657,5.81738,5.85845,5.653e-04,0.658,0.573,28313
658,5.75542,5.85845,5.651e-04,0.596,0.502,28426
659,5.89506,5.85845,5.650e-04,0.568,0.488,28418
660,5.65367,5.85845,5.648e-04,0.603,0.521,28316
661,5.66256,5.85845,5.647e-04,0.597,0.507,28317
662,5.85251,5.85845,5.645e-04,0.667,0.567,28296
663,5.81785,5.85845,5.644e-04,0.595,0.505,28315
664,5.89871,5.85845,5.642e-04,0.616,0.527,28377
665,5.89918,5.85845,5.641e-04,0.612,0.525,28484
666,5.63218,5.85845,5.639e-04,0.659,0.560,28382
667,5.83368,5.85845,5.638e-04,0.611,0.522,28279
668,5.69816,5.85845,5.636e-04,0.641,0.554,28282
669,5.85021,5.85845,5.635e-04,0.614,0.519,28318
670,5.64326,5.85845,5.633e-04,0.610,0.528,28327
671,5.74115,5.85845,5.632e-04,0.610,0.521,28408
672,5.82312,5.85845,5.630e-04,0.536,0.449,28383
673,5.84296,5.85845,5.629e-04,0.620,0.525,28337
674,5.78348,5.85845,5.627e-04,0.593,0.497,28267
675,5.73969,5.85845,5.626e-04,0.646,0.561,28405
676,5.65261,5.85845,5.624e-04,0.622,0.529,28333
677,5.84532,5.85845,5.622e-04,0.651,0.559,28361
678,5.79525,5.85845,5.621e-04,0.595,0.506,28410
679,5.69267,5.85845,5.619e-04,0.610,0.518,28318
680,5.76426,5.85845,5.618e-04,0.682,0.583,28273
681,5.66465,5.85845,5.616e-04,0.725,0.637,28344
682,5.77890,5.85845,5.615e-04,0.602,0.501,28327
683,5.69185,5.85845,5.613e-04,0.733,0.644,28317
684,5.79435,5.85845,5.612e-04,0.635,0.541,28443
685,5.70597,5.85845,5.610e-04,0.581,0.471,28350
686,5.71472,5.85845,5.608e-04,0.669,0.577,28280
687,5.52442,5.85845,5.607e-04,0.660,0.579,28281
688,5.74273,5.85845,5.605e-04,0.581,0.500,28289
689,5.71624,5.85845,5.604e-04,0.691,0.606,28242
690,5.87812,5.85845,5.602e-04,0.664,0.578,28413
691,5.54790,5.85845,5.601e-04,0.653,0.566,28418
692,5.99680,5.85845,5.599e-04,0.597,0.491,28287
693,5.60359,5.85845,5.597e-04,0.652,0.571,28306
694,5.74505,5.85845,5.596e-04,0.621,0.542,28325
695,5.93550,5.85845,5.594e-04,0.604,0.509,28297
696,5.64977,5.85845,5.593e-04,0.651,0.566,28295
697,5.73877,5.85845,5.591e-04,0.600,0.507,28447
698,5.84251,5.85845,5.589e-04,0.579,0.489,28341
699,5.76526,5.85845,5.588e-04,0.591,0.505,28281
700,5.83337,5.85845,5.586e-04,0.550,0.466,28319
701,5.64655,5.85845,5.585e-04,0.631,0.546,28322
702,5.53517,5.85845,5.583e-04,0.715,0.627,28286
703,5.73856,5.85845,5.581e-04,0.657,0.563,28400
704,5.67844,5.85845,5.580e-04,0.749,0.669,28389
705,5.74727,5.85845,5.578e-04,0.597,0.505,28246
706,5.76977,5.85845,5.576e-04,0.660,0.560,28284
707,5.73426,5.85845,5.575e-04,0.632,0.554,28296
708,5.84829,5.85845,5.573e-04,0.655,0.567,28296
709,5.68264,5.85845,5.572e-04,0.778,0.691,28373
710,5.56473,5.85845,5.570e-04,0.667,0.576,28426
711,5.69862,5.85845,5.568e-04,0.756,0.680,28313
712,5.57242,5.85845,5.567e-04,0.695,0.621,28322
713,5.67361,5.85845,5.565e-04,0.663,0.586,28297
714,5.58672,5.85845,5.563e-04,0.560,0.481,28292
715,5.49338,5.85845,5.562e-04,0.562,0.486,28343
716,5.52002,5.85845,5.560e-04,0.704,0.622,28435
717,5.75570,5.85845,5.558e-04,0.542,0.461,28374
718,5.55807,5.85845,5.557e-04,0.616,0.537,28272
719,5.80112,5.85845,5.555e-04,0.581,0.486,28339
720,5.64904,5.85845,5.553e-04,0.589,0.505,28325
721,5.60106,5.85845,5.552e-04,0.563,0.470,28281
722,5.61669,5.85845,5.550e-04,0.571,0.468,28393
723,5.75611,5.85845,5.548e-04,0.624,0.534,28381
724,5.70136,5.85845,5.547e-04,0.609,0.519,28383
725,5.72068,5.85845,5.545e-04,0.656,0.554,28296
726,5.62667,5.85845,5.543e-04,0.744,0.655,28297
727,5.74388,5.85845,5.542e-04,0.711,0.610,28274
728,5.98113,5.85845,5.540e-04,0.625,0.535,28333
729,5.74381,5.85845,5.538e-04,0.736,0.646,28440
730,5.56723,5.85845,5.537e-04,0.666,0.579,28302
731,5.64114,5.85845,5.535e-04,0.616,0.527,28309
732,5.75183,5.85845,5.533e-04,0.789,0.688,28319
733,5.61976,5.85845,5.531e-04,0.627,0.548,28300
734,5.81806,5.85845,5.530e-04,0.581,0.494,28284
735,5.79104,5.85845,5.528e-04,0.675,0.569,28436
736,5.71121,5.85845,5.526e-04,0.625,0.535,28343
737,5.45589,5.85845,5.525e-04,0.664,0.560,28325
738,5.71364,5.85845,5.523e-04,0.627,0.541,28313
739,5.69376,5.85845,5.521e-04,0.648,0.563,28298
740,5.65550,5.85845,5.519e-04,0.610,0.513,28255
741,5.69584,5.85845,5.518e-04,0.604,0.522,28446
742,5.69455,5.85845,5.516e-04,0.603,0.512,28441
743,5.70898,5.85845,5.514e-04,0.632,0.529,28329
744,5.54114,5.85845,5.512e-04,0.646,0.568,28349
745,5.61511,5.85845,5.511e-04,0.624,0.537,28294
746,5.70722,5.85845,5.509e-04,0.550,0.464,28270
747,5.84214,5.85845,5.507e-04,0.537,0.445,28328
748,5.68852,5.85845,5.506e-04,0.566,0.475,28416
749,5.69131,5.85845,5.504e-04,0.594,0.512,28325
750,5.89801,5.62241,5.502e-04,0.546,0.451,8593
751,5.70794,5.62241,5.500e-04,0.642,0.558,28733
752,5.70083,5.62241,5.499e-04,0.606,0.518,28294
753,5.70597,5.62241,5.497e-04,0.619,0.530,28287
754,5.58252,5.62241,5.495e-04,0.577,0.489,28284
755,5.50295,5.62241,5.493e-04,0.644,0.562,28303
756,5.68392,5.62241,5.491e-04,0.622,0.531,28325
757,5.55523,5.62241,5.490e-04,0.641,0.550,28447
758,5.73865,5.62241,5.488e-04,0.659,0.572,28281
759,5.64652,5.62241,5.486e-04,0.608,0.516,28270
760,5.67791,5.62241,5.484e-04,0.600,0.512,28309
761,5.65998,5.62241,5.483e-04,0.703,0.606,28278
762,5.93444,5.62241,5.481e-04,0.584,0.496,28328
763,5.49151,5.62241,5.479e-04,0.652,0.552,28432
764,5.44557,5.62241,5.477e-04,0.659,0.567,28437
765,5.67716,5.62241,5.475e-04,0.608,0.517,28287
766,5.64084,5.62241,5.474e-04,0.684,0.588,28233
767,5.72388,5.62241,5.472e-04,0.614,0.522,28302
768,5.67640,5.62241,5.470e-04,0.656,0.563,28295
769,5.49159,5.62241,5.468e-04,0.634,0.542,28421
770,5.53034,5.62241,5.466e-04,0.613,0.525,28402
771,5.77415,5.62241,5.465e-04,0.553,0.467,28304
772,5.70542,5.62241,5.463e-04,0.586,0.502,28297
773,5.67918,5.62241,5.461e-04,0.652,0.565,28253
774,5.51509,5.62241,5.459e-04,0.651,0.570,28287
775,5.67087,5.62241,5.457e-04,0.635,0.552,28378
776,5.74471,5.62241,5.456e-04,0.635,0.548,28419
777,5.56175,5.62241,5.454e-04,0.631,0.548,28323
778,5.56349,5.62241,5.452e-04,0.675,0.593,28268
779,5.69828,5.62241,5.450e-04,0.630,0.524,28267
780,5.71517,5.62241,5.448e-04,0.668,0.584,28317
781,5.64519,5.62241,5.446e-04,0.646,0.551,28316
782,5.55055,5.62241,5.445e-04,0.678,0.581,28477
783,5.59328,5.62241,5.443e-04,0.645,0.559,28360
784,5.72211,5.62241,5.441e-04,0.613,0.524,28267
785,5.46937,5.62241,5.439e-04,0.610,0.518,28293
786,5.64203,5.62241,5.437e-04,0.664,0.575,28317
787,5.72014,5.62241,5.435e-04,0.631,0.536,28365
788,5.59242,5.62241,5.433e-04,0.588,0.496,28382
789,5.77220,5.62241,5.432e-04,0.616,0.518,28423
790,5.67375,5.62241,5.430e-04,0.639,0.542,28292
791,5.78237,5.62241,5.428e-04,0.620,0.532,28292
792,5.50472,5.62241,5.426e-04,0.661,0.561,28289
793,5.74730,5.62241,5.424e-04,0.634,0.525,28294
794,5.58699,5.62241,5.422e-04,0.665,0.578,28372
795,5.90585,5.62241,5.420e-04,0.677,0.561,28445
796,5.78995,5.62241,5.418e-04,0.643,0.546,28314
797,5.57270,5.62241,5.417e-04,0.727,0.633,28317
798,5.60559,5.62241,5.415e-04,0.628,0.536,28257
799,5.72254,5.62241,5.413e-04,0.664,0.572,28299
800,5.63681,5.62241,5.411e-04,0.640,0.536,28279
801,5.63827,5.62241,5.409e-04,0.662,0.566,28412
802,5.73631,5.62241,5.407e-04,0.558,0.460,28409
803,5.60771,5.62241,5.405e-04,0.639,0.538,28313
804,5.43251,5.62241,5.403e-04,0.678,0.589,28306
805,5.66625,5.62241,5.401e-04,0.644,0.547,28310
806,5.68927,5.62241,5.400e-04,0.598,0.506,28255
807,5.57240,5.62241,5.398e-04,0.647,0.568,28432
808,5.56889,5.62241,5.396e-04,0.702,0.619,28450
809,5.58840,5.62241,5.394e-04,0.778,0.691,28328
810,5.54974,5.62241,5.392e-04,0.626,0.539,28275
811,5.65110,5.62241,5.390e-04,0.619,0.515,28297
812,5.66820,5.62241,5.388e-04,0.611,0.520,28254
813,5.55616,5.62241,5.386e-04,0.650,0.563,28339
814,5.72060,5.62241,5.384e-04,0.617,0.519,28437
815,5.77588,5.62241,5.382e-04,0.664,0.568,28368
816,5.71086,5.62241,5.380e-04,0.604,0.491,28279
817,5.51549,5.62241,5.378e-04,0.687,0.600,28279
818,5.56247,5.62241,5.377e-04,0.687,0.599,28246
819,5.66970,5.62241,5.375e-04,0.685,0.602,28314
820,5.74802,5.62241,5.373e-04,0.624,0.530,28374
821,5.64615,5.62241,5.371e-04,0.606,0.515,28424
822,5.65196,5.62241,5.369e-04,0.645,0.563,28290
823,5.68849,5.62241,5.367e-04,0.631,0.543,28296
824,5.53013,5.62241,5.365e-04,0.670,0.574,28282
825,5.67499,5.62241,5.363e-04,0.599,0.512,28319
826,5.62270,5.62241,5.361e-04,0.666,0.586,28351
827,5.76892,5.62241,5.359e-04,0.695,0.575,28443
828,5.59752,5.62241,5.357e-04,0.615,0.522,28343
829,5.63526,5.62241,5.355e-04,0.712,0.622,28316
830,5.68359,5.62241,5.353e-04,0.662,0.569,28340
831,5.66755,5.62241,5.351e-04,0.688,0.591,28335
832,5.72677,5.62241,5.349e-04,0.695,0.611,28424
833,5.64653,5.62241,5.347e-04,0.669,0.575,27933
834,5.72234,5.62241,5.345e-04,0.689,0.596,27990
835,5.62554,5.62241,5.343e-04,0.617,0.518,28316
836,5.67592,5.62241,5.341e-04,0.624,0.531,28323
837,5.59528,5.62241,5.339e-04,0.679,0.593,28314
838,5.54391,5.62241,5.337e-04,0.584,0.489,28310
839,5.78381,5.62241,5.335e-04,0.664,0.556,28420
840,5.38102,5.62241,5.333e-04,0.583,0.492,27913
841,5.54067,5.62241,5.331e-04,0.603,0.516,27789
842,5.65919,5.62241,5.329e-04,0.651,0.559,28236
843,5.62641,5.62241,5.327e-04,0.596,0.486,28332
844,5.63793,5.62241,5.325e-04,0.588,0.492,28310
845,5.45551,5.62241,5.323e-04,0.708,0.623,28405
846,5.57814,5.62241,5.321e-04,0.644,0.557,28402
847,5.57918,5.62241,5.319e-04,0.607,0.513,28323
848,5.74262,5.62241,5.317e-04,0.638,0.539,28297
849,5.59085,5.62241,5.315e-04,0.668,0.576,28322
850,5.58721,5.62241,5.313e-04,0.717,0.629,28305
851,5.52646,5.62241,5.311e-04,0.628,0.537,28339
852,5.69544,5.62241,5.309e-04,0.627,0.526,28467
853,5.59235,5.62241,5.307e-04,0.654,0.560,28378
854,5.62168,5.62241,5.305e-04,0.632,0.539,28287
855,5.54538,5.62241,5.303e-04,0.596,0.501,28317
856,5.51095,5.62241,5.301e-04,0.694,0.605,28292
857,5.68695,5.62241,5.299e-04,0.566,0.462,28268
858,5.66256,5.62241,5.297e-04,0.624,0.534,28460
859,5.62279,5.62241,5.295e-04,0.622,0.538,28411
860,5.61385,5.62241,5.293e-04,0.683,0.593,28320
861,5.65355,5.62241,5.291e-04,0.617,0.519,27978
862,5.47270,5.62241,5.289e-04,0.683,0.595,28278
863,5.30415,5.62241,5.287e-04,0.677,0.594,28305
864,5.38015,5.62241,5.285e-04,0.676,0.585,28370
865,5.48458,5.62241,5.283e-04,0.577,0.483,28441
866,5.58104,5.62241,5.281e-04,0.680,0.597,28300
867,5.55794,5.62241,5.279e-04,0.603,0.513,28271
868,5.53693,5.62241,5.276e-04,0.626,0.541,28308
869,5.58257,5.62241,5.274e-04,0.620,0.536,28269
870,5.65973,5.62241,5.272e-04,0.624,0.530,28319
871,5.58218,5.62241,5.270e-04,0.598,0.507,28460
872,5.64470,5.62241,5.268e-04,0.721,0.635,28339
873,5.76065,5.62241,5.266e-04,0.569,0.475,28264
874,5.49285,5.62241,5.264e-04,0.583,0.485,28311
875,5.57923,5.62241,5.262e-04,0.612,0.523,28387
876,5.65144,5.62241,5.260e-04,0.636,0.543,28301
877,5.44161,5.62241,5.258e-04,0.637,0.544,28407
878,5.48841,5.62241,5.256e-04,0.614,0.520,28418
879,5.71599,5.62241,5.254e-04,0.713,0.596,28295
880,5.46307,5.62241,5.252e-04,0.681,0.600,28296
881,5.85922,5.62241,5.249e-04,0.677,0.575,28010
882,5.43828,5.62241,5.247e-04,0.713,0.620,28236
883,5.47639,5.62241,5.245e-04,0.703,0.613,28371
884,5.40991,5.62241,5.243e-04,0.624,0.539,28431
885,5.67983,5.62241,5.241e-04,0.640,0.549,28317
886,5.66860,5.62241,5.239e-04,0.584,0.489,28328
887,5.54779,5.62241,5.237e-04,0.724,0.635,28282
888,5.65417,5.62241,5.235e-04,0.651,0.544,28303
889,5.51284,5.62241,5.233e-04,0.723,0.625,28318
890,5.63019,5.62241,5.230e-04,0.652,0.555,28445
891,5.67552,5.62241,5.228e-04,0.633,0.533,28345
892,5.73080,5.62241,5.226e-04,0.771,0.678,28278
893,5.59828,5.62241,5.224e-04,0.607,0.505,28287
894,5.45083,5.62241,5.222e-04,0.833,0.751,28275
895,5.61452,5.62241,5.220e-04,0.646,0.544,28295
896,5.49988,5.62241,5.218e-04,0.682,0.579,28399
897,5.57099,5.62241,5.216e-04,0.705,0.621,28449
898,5.36497,5.62241,5.213e-04,0.696,0.613,28310
899,5.50460,5.62241,5.211e-04,0.671,0.572,28317
900,5.62100,5.62241,5.209e-04,0.732,0.636,28300
901,5.62083,5.62241,5.207e-04,0.608,0.517,28104
902,5.62860,5.62241,5.205e-04,0.671,0.582,28208
903,5.60997,5.62241,5.203e-04,0.648,0.563,28460
904,5.67895,5.62241,5.201e-04,0.663,0.571,28319
905,5.44249,5.62241,5.198e-04,0.638,0.544,28272
906,5.45591,5.62241,5.196e-04,0.708,0.612,28307
907,5.51928,5.62241,5.194e-04,0.707,0.628,28274
908,5.47872,5.62241,5.192e-04,0.746,0.636,28304
909,5.57874,5.62241,5.190e-04,0.641,0.537,28465
910,5.50321,5.62241,5.188e-04,0.728,0.624,28368
911,5.55047,5.62241,5.185e-04,0.644,0.534,28288
912,5.53149,5.62241,5.183e-04,0.695,0.606,28315
913,5.57856,5.62241,5.181e-04,0.678,0.585,28285
914,5.66632,5.62241,5.179e-04,0.623,0.517,28299
915,5.70441,5.62241,5.177e-04,0.721,0.614,28381
916,5.49682,5.62241,5.175e-04,0.742,0.643,28430
917,5.50938,5.62241,5.172e-04,0.685,0.574,28277
918,5.47882,5.62241,5.170e-04,0.811,0.705,28320
919,5.56646,5.62241,5.168e-04,0.805,0.729,28278
920,5.50706,5.62241,5.166e-04,0.807,0.721,28310
921,5.52363,5.62241,5.164e-04,0.684,0.587,28089
922,5.56259,5.62241,5.161e-04,0.819,0.735,28287
923,5.36310,5.62241,5.159e-04,0.682,0.583,28376
924,5.61266,5.62241,5.157e-04,0.667,0.575,28288
925,5.48680,5.62241,5.155e-04,0.563,0.473,28282
926,5.49216,5.62241,5.153e-04,0.650,0.562,28287
927,5.53540,5.62241,5.150e-04,0.658,0.571,28291
928,5.53054,5.62241,5.148e-04,0.776,0.687,28477
929,5.47420,5.62241,5.146e-04,0.649,0.559,28353
930,5.51900,5.62241,5.144e-04,0.708,0.615,28296
931,5.50936,5.62241,5.142e-04,0.662,0.575,28315
932,5.51357,5.62241,5.139e-04,0.648,0.554,28301
933,5.58509,5.62241,5.137e-04,0.703,0.606,28306
934,5.63364,5.62241,5.135e-04,0.650,0.556,28374
935,5.40252,5.62241,5.133e-04,0.704,0.614,28440
936,5.32590,5.62241,5.131e-04,0.665,0.567,28299
937,5.57620,5.62241,5.128e-04,0.744,0.647,28300
938,5.58136,5.62241,5.126e-04,0.672,0.574,28301
939,5.57898,5.62241,5.124e-04,0.736,0.643,28326
940,5.57318,5.62241,5.122e-04,0.583,0.493,28329
941,5.49390,5.62241,5.119e-04,0.689,0.596,28042
942,5.53256,5.62241,5.117e-04,0.781,0.690,28333
943,5.57078,5.62241,5.115e-04,0.660,0.558,28296
944,5.75746,5.62241,5.113e-04,0.707,0.574,28292
945,5.52768,5.62241,5.110e-04,0.598,0.503,28309
946,5.61786,5.62241,5.108e-04,0.660,0.567,28339
947,5.59615,5.62241,5.106e-04,0.676,0.568,28420
948,5.60258,5.62241,5.104e-04,0.618,0.524,28383
949,5.43759,5.62241,5.101e-04,0.650,0.555,28304
950,5.55851,5.62241,5.099e-04,0.629,0.532,28247
951,5.62980,5.62241,5.097e-04,0.640,0.550,28263
952,5.63252,5.62241,5.095e-04,0.670,0.572,28304
953,5.61301,5.62241,5.092e-04,0.674,0.581,28378
954,5.62272,5.62241,5.090e-04,0.704,0.607,28484
955,5.68310,5.62241,5.088e-04,0.707,0.610,28314
956,5.59282,5.62241,5.086e-04,0.723,0.631,28308
957,5.50775,5.62241,5.083e-04,0.685,0.592,28314
958,5.53064,5.62241,5.081e-04,0.660,0.571,28284
959,5.53060,5.62241,5.079e-04,0.874,0.783,28327
960,5.43230,5.62241,5.076e-04,0.662,0.559,28440
961,5.82073,5.62241,5.074e-04,0.849,0.757,27953
962,5.49240,5.62241,5.072e-04,0.729,0.631,28309
963,5.56789,5.62241,5.070e-04,0.796,0.708,28328
964,5.52942,5.62241,5.067e-04,0.765,0.684,28295
965,5.59763,5.62241,5.065e-04,0.805,0.710,28306
966,5.49357,5.62241,5.063e-04,0.810,0.717,28512
967,5.56956,5.62241,5.060e-04,0.751,0.658,28415
968,5.49040,5.62241,5.058e-04,0.754,0.671,28263
969,5.50571,5.62241,5.056e-04,0.702,0.598,28317
970,5.41751,5.62241,5.054e-04,0.940,0.849,28331
971,5.58737,5.62241,5.051e-04,0.770,0.694,28295
972,5.70688,5.62241,5.049e-04,0.823,0.710,28359
973,5.42414,5.62241,5.047e-04,0.822,0.742,28476
974,5.44997,5.62241,5.044e-04,0.821,0.742,28317
975,5.56314,5.62241,5.042e-04,0.790,0.705,28285
976,5.66496,5.62241,5.040e-04,0.797,0.700,28296
977,5.57752,5.62241,5.037e-04,0.670,0.579,28290
978,5.41644,5.62241,5.035e-04,0.686,0.595,28317
979,5.60964,5.62241,5.033e-04,0.743,0.647,28491
980,5.43643,5.62241,5.030e-04,0.706,0.610,28368
981,5.41737,5.62241,5.028e-04,0.735,0.646,27960
982,5.36448,5.62241,5.026e-04,0.732,0.635,28304
983,5.62917,5.62241,5.023e-04,0.732,0.620,28323
984,5.48795,5.62241,5.021e-04,0.803,0.723,28270
985,5.51974,5.62241,5.019e-04,0.725,0.628,28375
986,5.44336,5.62241,5.016e-04,0.717,0.617,28435
987,5.43087,5.62241,5.014e-04,0.777,0.682,28313
988,5.51333,5.62241,5.012e-04,0.838,0.753,28297
989,5.55545,5.62241,5.009e-04,0.744,0.644,28316
990,5.69289,5.62241,5.007e-04,0.652,0.548,28302
991,5.51664,5.62241,5.005e-04,0.759,0.678,28428
992,5.47960,5.62241,5.002e-04,0.672,0.588,28452
993,5.34520,5.62241,5.000e-04,0.795,0.709,28334
994,5.44531,5.62241,4.998e-04,0.685,0.596,28304
995,5.59526,5.62241,4.995e-04,0.739,0.618,28329
996,5.36433,5.62241,4.993e-04,0.741,0.640,28293
997,5.40915,5.62241,4.991e-04,0.706,0.605,28279
998,5.40090,5.62241,4.988e-04,0.667,0.576,28424
999,5.44573,5.62241,4.986e-04,0.639,0.552,28407
1000,5.50597,5.46683,4.983e-04,0.677,0.585,8557
1001,5.47241,5.46683,4.981e-04,0.786,0.703,28374
1002,5.54188,5.46683,4.979e-04,0.788,0.685,28360
1003,5.53930,5.46683,4.976e-04,0.645,0.509,28325
1004,5.38383,5.46683,4.974e-04,0.806,0.728,28313
1005,5.53171,5.46683,4.972e-04,0.679,0.563,28315
1006,5.52798,5.46683,4.969e-04,0.863,0.789,28317
1007,5.36029,5.46683,4.967e-04,0.754,0.673,28451
1008,5.47035,5.46683,4.964e-04,0.656,0.550,28285
1009,5.28003,5.46683,4.962e-04,0.597,0.507,28295
1010,5.41939,5.46683,4.960e-04,0.760,0.667,28294
1011,5.55754,5.46683,4.957e-04,0.659,0.567,28333
1012,5.56029,5.46683,4.955e-04,0.624,0.523,28323
1013,5.50705,5.46683,4.952e-04,0.666,0.582,28436
1014,5.39183,5.46683,4.950e-04,0.682,0.600,28385
1015,5.31177,5.46683,4.948e-04,0.734,0.638,28314
1016,5.35178,5.46683,4.945e-04,0.773,0.689,28262
1017,5.49091,5.46683,4.943e-04,0.817,0.728,28287
1018,5.27315,5.46683,4.940e-04,0.702,0.609,28278
1019,5.45240,5.46683,4.938e-04,0.766,0.675,28372
1020,5.55156,5.46683,4.936e-04,0.789,0.700,28462
1021,5.45917,5.46683,4.933e-04,0.709,0.614,27976
1022,5.45784,5.46683,4.931e-04,0.706,0.605,28291
1023,5.39514,5.46683,4.928e-04,0.788,0.697,28317
1024,5.49027,5.46683,4.926e-04,0.789,0.708,28281
1025,5.37363,5.46683,4.924e-04,0.782,0.687,28385
1026,5.46752,5.46683,4.921e-04,0.780,0.682,28437
1027,5.45708,5.46683,4.919e-04,0.753,0.650,28319
1028,5.36348,5.46683,4.916e-04,0.697,0.592,28269
1029,5.53856,5.46683,4.914e-04,0.659,0.560,28309
1030,5.68750,5.46683,4.911e-04,0.747,0.645,28298
1031,5.56835,5.46683,4.909e-04,0.737,0.641,28313
1032,5.56351,5.46683,4.907e-04,0.654,0.550,28504
1033,5.52633,5.46683,4.904e-04,0.635,0.538,28392
1034,5.37151,5.46683,4.902e-04,0.793,0.691,28320
1035,5.48777,5.46683,4.899e-04,0.709,0.612,28299
1036,5.53332,5.46683,4.897e-04,0.650,0.549,28297
1037,5.40206,5.46683,4.894e-04,0.955,0.874,28280
1038,5.38105,5.46683,4.892e-04,1.398,1.338,28369
1039,5.37551,5.46683,4.889e-04,0.699,0.597,28431
1040,5.52700,5.46683,4.887e-04,0.891,0.814,28310
1041,5.30615,5.46683,4.885e-04,0.624,0.527,27936
1042,5.38793,5.46683,4.882e-04,1.069,0.997,28265
1043,5.32774,5.46683,4.880e-04,0.863,0.780,28290
1044,5.51274,5.46683,4.877e-04,0.808,0.717,28337
1045,5.49585,5.46683,4.875e-04,1.018,0.939,28431
1046,5.49074,5.46683,4.872e-04,0.741,0.641,28335
1047,5.37198,5.46683,4.870e-04,0.720,0.633,28267
1048,5.32573,5.46683,4.867e-04,0.762,0.654,28334
1049,5.41104,5.46683,4.865e-04,0.721,0.634,28284
1050,5.49684,5.46683,4.862e-04,0.893,0.810,28288
1051,5.45125,5.46683,4.860e-04,0.991,0.913,28402
1052,5.38591,5.46683,4.857e-04,0.722,0.629,28418
1053,5.42509,5.46683,4.855e-04,1.067,0.999,28293
1054,5.36951,5.46683,4.853e-04,0.820,0.735,28313
1055,5.40388,5.46683,4.850e-04,0.865,0.782,28347
1056,5.42686,5.46683,4.848e-04,0.793,0.711,28296
1057,5.16321,5.46683,4.845e-04,0.733,0.650,28499
1058,5.56358,5.46683,4.843e-04,0.741,0.639,28412
1059,5.35209,5.46683,4.840e-04,1.242,1.179,28333
1060,5.38778,5.46683,4.838e-04,0.908,0.832,28298
1061,5.50614,5.46683,4.835e-04,1.045,0.975,27958
1062,5.34321,5.46683,4.833e-04,1.035,0.963,28229
1063,5.52785,5.46683,4.830e-04,0.761,0.674,28316
1064,5.49765,5.46683,4.828e-04,0.771,0.675,28448
1065,5.55547,5.46683,4.825e-04,0.591,0.491,28353
1066,5.50645,5.46683,4.823e-04,0.690,0.606,28274
1067,5.47843,5.46683,4.820e-04,0.694,0.597,28328
1068,5.27865,5.46683,4.818e-04,0.751,0.658,28317
1069,5.47523,5.46683,4.815e-04,0.780,0.686,28284
1070,5.35055,5.46683,4.813e-04,0.712,0.621,28429
1071,5.44068,5.46683,4.810e-04,0.687,0.585,28411
1072,5.42855,5.46683,4.808e-04,0.804,0.719,28309
1073,5.49012,5.46683,4.805e-04,0.845,0.750,28293
1074,5.44963,5.46683,4.803e-04,0.767,0.667,28354
1075,5.37273,5.46683,4.800e-04,0.808,0.716,28297
1076,5.36943,5.46683,4.798e-04,0.732,0.645,28341
1077,5.50849,5.46683,4.795e-04,0.714,0.623,28432
1078,5.29214,5.46683,4.792e-04,1.328,1.274,28314
1079,5.51373,5.46683,4.790e-04,0.952,0.855,28311
1080,5.44651,5.46683,4.787e-04,0.914,0.834,28352
1081,5.68617,5.46683,4.785e-04,1.589,1.527,28020
1082,5.30824,5.46683,4.782e-04,0.979,0.898,28245
1083,5.51958,5.46683,4.780e-04,1.628,1.564,28442
1084,5.42144,5.46683,4.777e-04,0.989,0.910,28405
1085,5.38676,5.46683,4.775e-04,1.261,1.191,28306
1086,5.50771,5.46683,4.772e-04,1.370,1.296,28283
1087,5.47660,5.46683,4.770e-04,0.837,0.757,28276
1088,5.26276,5.46683,4.767e-04,1.194,1.118,28282
1089,5.51431,5.46683,4.765e-04,0.688,0.578,28380
1090,5.28427,5.46683,4.762e-04,1.451,1.390,28417
1091,5.34611,5.46683,4.759e-04,0.892,0.804,28289
1092,5.39620,5.46683,4.757e-04,0.764,0.659,28330
1093,5.43036,5.46683,4.754e-04,0.747,0.649,28292
1094,5.31299,5.46683,4.752e-04,0.875,0.791,28292
1095,5.51470,5.46683,4.749e-04,0.800,0.717,28299
1096,5.45876,5.46683,4.747e-04,0.858,0.779,28465
1097,5.65192,5.46683,4.744e-04,0.762,0.657,28375
1098,5.35582,5.46683,4.742e-04,0.970,0.898,28302
1099,5.20012,5.46683,4.739e-04,0.806,0.718,28327
1100,5.39213,5.46683,4.736e-04,0.901,0.823,28345
1101,5.44111,5.46683,4.734e-04,0.800,0.697,28072
1102,5.28003,5.46683,4.731e-04,0.796,0.716,28267
1103,5.28502,5.46683,4.729e-04,0.723,0.618,28430
1104,5.55979,5.46683,4.726e-04,0.773,0.681,28308
1105,5.44713,5.46683,4.724e-04,0.735,0.608,28295
1106,5.39792,5.46683,4.721e-04,0.820,0.734,28320
1107,5.48280,5.46683,4.718e-04,0.789,0.702,28282
1108,5.37698,5.46683,4.716e-04,0.656,0.548,28397
1109,5.35326,5.46683,4.713e-04,0.885,0.797,28472
1110,5.32307,5.46683,4.711e-04,0.784,0.682,28299
1111,5.39663,5.46683,4.708e-04,0.789,0.679,28290
1112,5.56543,5.46683,4.706e-04,0.754,0.663,28323
1113,5.37056,5.46683,4.703e-04,0.980,0.887,28258
1114,5.47263,5.46683,4.700e-04,0.746,0.652,28327
1115,5.33238,5.46683,4.698e-04,1.120,1.037,28445
1116,5.37684,5.46683,4.695e-04,0.786,0.695,28365
1117,5.32958,5.46683,4.693e-04,0.832,0.738,28291
1118,5.42862,5.46683,4.690e-04,0.937,0.851,28329
1119,5.33840,5.46683,4.687e-04,0.751,0.649,28284
1120,5.52936,5.46683,4.685e-04,0.677,0.571,28317
1121,5.46041,5.46683,4.682e-04,1.000,0.905,28021
1122,5.24130,5.46683,4.680e-04,1.440,1.373,28373
1123,5.46200,5.46683,4.677e-04,0.873,0.779,28345
1124,5.37520,5.46683,4.674e-04,1.153,1.081,28275
1125,5.44085,5.46683,4.672e-04,0.917,0.830,28305
1126,5.38167,5.46683,4.669e-04,0.815,0.718,28291
1127,5.48066,5.46683,4.667e-04,1.030,0.946,28364
1128,5.59895,5.46683,4.664e-04,0.645,0.541,28409
1129,5.36813,5.46683,4.661e-04,1.068,0.997,28318
1130,5.32304,5.46683,4.659e-04,1.064,0.992,28298
1131,5.43237,5.46683,4.656e-04,0.706,0.602,28289
1132,5.33133,5.46683,4.653e-04,0.932,0.858,28308
1133,5.51018,5.46683,4.651e-04,0.918,0.840,28303
1134,5.46521,5.46683,4.648e-04,0.684,0.579,28447
1135,5.33296,5.46683,4.646e-04,0.833,0.741,28349
1136,5.40936,5.46683,4.643e-04,0.740,0.627,28271
1137,5.47233,5.46683,4.640e-04,0.740,0.644,28318
1138,5.30091,5.46683,4.638e-04,0.973,0.892,28325
1139,5.33841,5.46683,4.635e-04,1.036,0.962,28329
1140,5.38876,5.46683,4.632e-04,0.666,0.574,28381
1141,5.36638,5.46683,4.630e-04,1.194,1.125,28025
1142,5.23684,5.46683,4.627e-04,1.321,1.250,28293
1143,5.35714,5.46683,4.625e-04,0.827,0.745,28373
1144,5.58743,5.46683,4.622e-04,1.397,1.328,28268
1145,5.36974,5.46683,4.619e-04,0.798,0.705,28362
1146,5.42653,5.46683,4.617e-04,0.893,0.817,28363
1147,5.41295,5.46683,4.614e-04,0.802,0.703,28462
1148,5.32219,5.46683,4.611e-04,1.372,1.310,28432
1149,5.49286,5.46683,4.609e-04,0.801,0.701,28328
1150,5.40392,5.46683,4.606e-04,0.719,0.626,28303
1151,5.37397,5.46683,4.603e-04,0.729,0.634,28261
1152,5.28558,5.46683,4.601e-04,0.800,0.683,28296
1153,5.61890,5.46683,4.598e-04,0.886,0.797,28411
1154,5.42709,5.46683,4.595e-04,1.595,1.538,28416
1155,5.46683,5.46683,4.593e-04,0.984,0.902,28297
1156,5.41107,5.46683,4.590e-04,0.735,0.631,28319
1157,5.59413,5.46683,4.587e-04,1.147,1.067,28278
1158,5.22462,5.46683,4.585e-04,0.981,0.898,28336
1159,5.46910,5.46683,4.582e-04,1.156,1.077,28396
1160,5.28000,5.46683,4.579e-04,0.728,0.626,28443
1161,5.67174,5.46683,4.577e-04,1.135,1.058,27987
1162,5.42381,5.46683,4.574e-04,1.296,1.217,28288
1163,5.26737,5.46683,4.571e-04,0.815,0.722,28309
1164,5.40856,5.46683,4.569e-04,0.805,0.703,28267
1165,5.36936,5.46683,4.566e-04,0.745,0.642,28371
1166,5.39310,5.46683,4.563e-04,0.971,0.881,28459
1167,5.35512,5.46683,4.561e-04,0.765,0.669,28368
1168,5.39674,5.46683,4.558e-04,1.208,1.142,28270
1169,5.29897,5.46683,4.555e-04,0.815,0.709,28309
1170,5.42913,5.46683,4.553e-04,1.096,1.016,28273
1171,5.47079,5.46683,4.550e-04,0.911,0.822,28326
1172,5.36046,5.46683,4.547e-04,0.819,0.721,28449
1173,5.21449,5.46683,4.545e-04,0.911,0.840,28395
1174,5.36389,5.46683,4.542e-04,0.854,0.757,28320
1175,5.53634,5.46683,4.539e-04,1.079,0.994,28276
1176,5.54995,5.46683,4.537e-04,1.397,1.331,28306
1177,5.40432,5.46683,4.534e-04,1.094,1.012,28286
1178,5.67797,5.46683,4.531e-04,1.716,1.640,28375
1179,5.23281,5.46683,4.528e-04,1.026,0.936,28430
1180,5.30150,5.46683,4.526e-04,1.279,1.211,28302
1181,5.34174,5.46683,4.523e-04,0.768,0.657,27983
1182,5.34920,5.46683,4.520e-04,1.168,1.098,28244
1183,5.56658,5.46683,4.518e-04,0.739,0.615,28294
1184,5.44263,5.46683,4.515e-04,0.887,0.798,28324
1185,5.51043,5.46683,4.512e-04,0.709,0.600,28450
1186,5.22904,5.46683,4.510e-04,0.853,0.764,28372
1187,5.21290,5.46683,4.507e-04,1.621,1.555,28293
1188,5.44613,5.46683,4.504e-04,0.734,0.622,28271
1189,5.29602,5.46683,4.501e-04,1.148,1.081,28291
1190,5.47543,5.46683,4.499e-04,1.343,1.269,28277
1191,5.28371,5.46683,4.496e-04,0.777,0.677,28495
1192,5.38395,5.46683,4.493e-04,0.901,0.813,28433
1193,5.34452,5.46683,4.491e-04,0.815,0.712,28330
1194,5.50221,5.46683,4.488e-04,0.726,0.609,28315
1195,5.42098,5.46683,4.485e-04,0.840,0.720,28255
1196,5.24633,5.46683,4.482e-04,1.368,1.301,28306
1197,5.48971,5.46683,4.480e-04,0.978,0.875,28340
1198,5.35898,5.46683,4.477e-04,0.704,0.602,28424
1199,5.48839,5.46683,4.474e-04,1.128,1.046,28318
1200,5.43077,5.46683,4.471e-04,0.833,0.733,28279
1201,5.43690,5.46683,4.469e-04,0.916,0.831,27965
1202,5.47737,5.46683,4.466e-04,0.789,0.665,28251
1203,5.34967,5.46683,4.463e-04,0.759,0.649,28312
1204,5.44729,5.46683,4.461e-04,0.911,0.800,28426
1205,5.46042,5.46683,4.458e-04,1.215,1.129,28366
1206,5.42844,5.46683,4.455e-04,0.724,0.617,28300
1207,5.48576,5.46683,4.452e-04,0.728,0.605,28303
1208,5.34031,5.46683,4.450e-04,0.900,0.802,28285
1209,5.41097,5.46683,4.447e-04,1.461,1.395,28296
1210,5.28878,5.46683,4.444e-04,0.809,0.705,28419
1211,5.42574,5.46683,4.441e-04,0.960,0.874,28414
1212,5.38389,5.46683,4.439e-04,1.261,1.184,28301
1213,5.40339,5.46683,4.436e-04,0.814,0.713,28303
1214,5.50079,5.46683,4.433e-04,0.951,0.866,28295
1215,5.25092,5.46683,4.430e-04,0.970,0.888,28327
1216,5.39338,5.46683,4.428e-04,0.823,0.730,28332
1217,5.45348,5.46683,4.425e-04,1.007,0.915,28461
1218,5.51357,5.46683,4.422e-04,0.760,0.667,28353
1219,5.16124,5.46683,4.419e-04,1.165,1.101,28307
1220,5.47772,5.46683,4.417e-04,0.761,0.649,28304
1221,5.49086,5.46683,4.414e-04,0.956,0.877,28056
1222,5.44935,5.46683,4.411e-04,0.945,0.865,28219
1223,5.22987,5.46683,4.408e-04,1.078,1.000,28472
1224,5.38376,5.46683,4.406e-04,1.511,1.441,28383
1225,5.37248,5.46683,4.403e-04,0.932,0.844,28294
1226,5.39158,5.46683,4.400e-04,1.672,1.612,28267
1227,5.42639,5.46683,4.397e-04,0.929,0.840,28335
1228,5.36444,5.46683,4.394e-04,1.314,1.249,28316
1229,5.52547,5.46683,4.392e-04,1.617,1.555,28351
1230,5.42233,5.46683,4.389e-04,1.476,1.405,28461
1231,5.44975,5.46683,4.386e-04,1.206,1.136,28332
1232,5.27293,5.46683,4.383e-04,1.239,1.170,28298
1233,5.26212,5.46683,4.381e-04,1.325,1.260,28301
1234,5.53666,5.46683,4.378e-04,1.151,1.056,28313
1235,5.44322,5.46683,4.375e-04,0.964,0.877,28329
1236,5.29593,5.46683,4.372e-04,1.138,1.066,28461
1237,5.33310,5.46683,4.370e-04,0.757,0.639,28363
1238,5.26071,5.46683,4.367e-04,0.863,0.774,28344
1239,5.35710,5.46683,4.364e-04,0.721,0.599,28354
1240,5.24834,5.46683,4.361e-04,1.336,1.270,28291
1241,5.36585,5.46683,4.358e-04,0.770,0.644,28055
1242,5.48056,5.46683,4.356e-04,0.849,0.757,28304
1243,5.29425,5.46683,4.353e-04,0.870,0.773,28400
1244,5.33528,5.46683,4.350e-04,1.360,1.289,28266
1245,5.32837,5.46683,4.347e-04,0.782,0.690,28323
1246,5.53241,5.46683,4.344e-04,0.898,0.813,28299
1247,5.38482,5.46683,4.342e-04,0.729,0.632,28315
1248,5.42131,5.46683,4.339e-04,0.738,0.640,28357
1249,5.34668,5.46683,4.336e-04,0.701,0.592,28460
1250,5.30634,5.31910,4.333e-04,0.891,0.800,8590
1251,5.31552,5.31910,4.330e-04,0.882,0.784,28360
1252,5.39412,5.31910,4.328e-04,0.724,0.618,28308
1253,5.38318,5.31910,4.325e-04,0.860,0.766,28313
1254,5.17235,5.31910,4.322e-04,1.020,0.942,28311
1255,5.17034,5.31910,4.319e-04,0.706,0.600,28320
1256,5.30310,5.31910,4.316e-04,1.270,1.198,28298
1257,5.32739,5.31910,4.314e-04,0.903,0.819,28402
1258,5.37390,5.31910,4.311e-04,0.875,0.767,28403
1259,5.27583,5.31910,4.308e-04,1.101,1.015,28317
1260,5.27040,5.31910,4.305e-04,1.222,1.147,28283
1261,5.34657,5.31910,4.302e-04,0.901,0.789,28021
1262,5.34370,5.31910,4.300e-04,0.848,0.743,28250
1263,5.32039,5.31910,4.297e-04,0.907,0.819,28379
1264,5.32179,5.31910,4.294e-04,0.970,0.873,28434
1265,5.42043,5.31910,4.291e-04,0.866,0.769,28297
1266,5.18026,5.31910,4.288e-04,1.549,1.483,28309
1267,5.49256,5.31910,4.285e-04,0.843,0.727,28299
1268,5.29624,5.31910,4.283e-04,0.762,0.662,28320
1269,5.28032,5.31910,4.280e-04,1.397,1.321,28317
1270,5.29573,5.31910,4.277e-04,1.355,1.272,28474
1271,5.17193,5.31910,4.274e-04,1.022,0.930,28361
1272,5.46173,5.31910,4.271e-04,1.348,1.272,28299
1273,5.35091,5.31910,4.269e-04,0.931,0.830,28319
1274,5.43675,5.31910,4.266e-04,1.035,0.937,28319
1275,5.37437,5.31910,4.263e-04,0.803,0.692,28296
1276,5.46066,5.31910,4.260e-04,0.821,0.710,28389
1277,5.29784,5.31910,4.257e-04,1.199,1.084,28414
1278,5.25054,5.31910,4.254e-04,1.015,0.936,28300
1279,5.57029,5.31910,4.252e-04,0.832,0.716,28330
1280,5.30500,5.31910,4.249e-04,0.905,0.797,28364
1281,5.26835,5.31910,4.246e-04,0.753,0.650,28087
1282,5.30238,5.31910,4.243e-04,1.331,1.254,28253
1283,5.35756,5.31910,4.240e-04,1.390,1.319,28496
1284,5.38281,5.31910,4.237e-04,1.082,1.003,28297
1285,5.38077,5.31910,4.235e-04,1.633,1.570,28309
1286,5.48522,5.31910,4.232e-04,1.148,1.063,28311
1287,5.22050,5.31910,4.229e-04,1.856,1.792,28288
1288,5.29872,5.31910,4.226e-04,1.281,1.207,28289
1289,5.32032,5.31910,4.223e-04,1.331,1.256,28484
1290,5.39732,5.31910,4.220e-04,1.331,1.260,28380
1291,5.36400,5.31910,4.217e-04,1.492,1.424,28314
1292,5.35481,5.31910,4.215e-04,0.958,0.861,28299
1293,5.48952,5.31910,4.212e-04,1.278,1.198,28295
1294,5.18778,5.31910,4.209e-04,0.860,0.770,28309
1295,5.38777,5.31910,4.206e-04,1.590,1.512,28401
1296,5.32358,5.31910,4.203e-04,0.908,0.812,28426
1297,5.33114,5.31910,4.200e-04,1.105,1.021,28343
1298,5.23393,5.31910,4.197e-04,0.763,0.654,28278
1299,4.95771,5.31910,4.195e-04,1.423,1.359,28312
1300,5.27773,5.31910,4.192e-04,0.778,0.656,28277
1301,5.23579,5.31910,4.189e-04,1.892,1.833,28050
1302,5.39777,5.31910,4.186e-04,0.827,0.708,28302
1303,5.31200,5.31910,4.183e-04,0.974,0.896,28342
1304,5.22593,5.31910,4.180e-04,1.031,0.943,28321
1305,5.29906,5.31910,4.177e-04,1.201,1.114,28354
1306,5.27478,5.31910,4.175e-04,1.437,1.361,28319
1307,5.36106,5.31910,4.172e-04,0.926,0.830,28318
1308,5.35492,5.31910,4.169e-04,0.944,0.840,28448
1309,5.30438,5.31910,4.166e-04,0.833,0.727,28404
1310,5.33860,5.31910,4.163e-04,0.896,0.799,28279
1311,5.33386,5.31910,4.160e-04,0.770,0.659,28332
1312,5.33705,5.31910,4.157e-04,1.046,0.966,28290
1313,5.24257,5.31910,4.154e-04,0.884,0.783,28298
1314,5.32502,5.31910,4.152e-04,0.767,0.645,28371
1315,5.34084,5.31910,4.149e-04,0.984,0.892,28443
1316,5.44665,5.31910,4.146e-04,1.382,1.313,28326
1317,5.32389,5.31910,4.143e-04,0.825,0.682,28300
1318,5.13732,5.31910,4.140e-04,1.084,0.990,28312
1319,5.31415,5.31910,4.137e-04,0.989,0.880,28293
1320,5.30075,5.31910,4.134e-04,0.841,0.731,28343
1321,5.34015,5.31910,4.131e-04,0.911,0.827,28072
1322,5.26811,5.31910,4.129e-04,1.016,0.920,28350
1323,5.22962,5.31910,4.126e-04,1.358,1.277,28292
1324,5.20967,5.31910,4.123e-04,0.770,0.633,28309
1325,5.37882,5.31910,4.120e-04,0.905,0.800,28268
1326,5.26030,5.31910,4.117e-04,0.752,0.638,28319
1327,5.22810,5.31910,4.114e-04,1.006,0.896,28501
1328,5.30645,5.31910,4.111e-04,0.942,0.844,28387
1329,5.57409,5.31910,4.108e-04,1.035,0.945,28301
1330,5.55632,5.31910,4.105e-04,1.058,0.944,28327
1331,5.31260,5.31910,4.103e-04,0.854,0.758,28322
1332,5.30790,5.31910,4.100e-04,0.838,0.715,28261
1333,5.32450,5.31910,4.097e-04,1.191,1.125,28349
1334,5.34748,5.31910,4.094e-04,0.958,0.852,28470
1335,5.40143,5.31910,4.091e-04,1.165,1.080,28289
1336,5.37701,5.31910,4.088e-04,1.447,1.365,28282
1337,5.15412,5.31910,4.085e-04,1.114,1.027,28334
1338,5.40903,5.31910,4.082e-04,2.223,2.168,28246
1339,5.40020,5.31910,4.079e-04,1.242,1.165,28328
1340,5.19153,5.31910,4.077e-04,1.102,1.024,28428
1341,5.25872,5.31910,4.074e-04,1.078,1.003,27932
1342,5.31785,5.31910,4.071e-04,1.531,1.461,28302
1343,5.26168,5.31910,4.068e-04,0.909,0.811,28271
1344,5.10774,5.31910,4.065e-04,1.468,1.399,28288
1345,5.31992,5.31910,4.062e-04,1.142,1.038,28297
1346,5.37302,5.31910,4.059e-04,1.770,1.701,28406
1347,5.38931,5.31910,4.056e-04,1.715,1.627,28395
1348,5.23611,5.31910,4.053e-04,1.292,1.206,28358
1349,5.19724,5.31910,4.050e-04,1.054,0.966,28303
1350,5.11224,5.31910,4.047e-04,1.066,0.968,28301
1351,5.40607,5.31910,4.045e-04,0.907,0.811,28318
1352,5.40036,5.31910,4.042e-04,1.074,0.984,28334
1353,5.44127,5.31910,4.039e-04,0.880,0.766,28426
1354,5.35055,5.31910,4.036e-04,0.827,0.730,28315
1355,5.24683,5.31910,4.033e-04,0.857,0.756,28291
1356,5.48629,5.31910,4.030e-04,0.905,0.803,28288
1357,5.32847,5.31910,4.027e-04,0.888,0.790,28313
1358,5.18967,5.31910,4.024e-04,0.914,0.812,28333
1359,5.01544,5.31910,4.021e-04,0.769,0.657,28451
1360,5.26280,5.31910,4.018e-04,0.940,0.837,28350
1361,5.46759,5.31910,4.015e-04,0.821,0.696,28014
1362,5.18635,5.31910,4.012e-04,0.747,0.624,28304
1363,5.24069,5.31910,4.010e-04,0.867,0.746,28291
1364,5.34265,5.31910,4.007e-04,1.184,1.099,28324
1365,5.27774,5.31910,4.004e-04,0.788,0.667,28406
1366,5.27814,5.31910,4.001e-04,1.432,1.362,28447
1367,5.17676,5.31910,3.998e-04,0.823,0.719,28284
1368,5.29274,5.31910,3.995e-04,1.432,1.347,28300
1369,5.19539,5.31910,3.992e-04,1.043,0.951,28258
1370,5.24167,5.31910,3.989e-04,1.656,1.593,28352
1371,5.45169,5.31910,3.986e-04,1.275,1.185,28328
1372,5.29449,5.31910,3.983e-04,1.215,1.133,28469
1373,5.42032,5.31910,3.980e-04,0.920,0.814,28439
1374,5.07636,5.31910,3.977e-04,0.894,0.787,28309
1375,5.43582,5.31910,3.974e-04,0.850,0.730,28328
1376,5.04225,5.31910,3.971e-04,0.928,0.825,28307
1377,5.28232,5.31910,3.969e-04,1.134,1.054,28316
1378,5.40209,5.31910,3.966e-04,0.866,0.752,28448
1379,5.21051,5.31910,3.963e-04,1.037,0.953,28382
1380,5.22642,5.31910,3.960e-04,1.364,1.278,28285
1381,5.34774,5.31910,3.957e-04,0.767,0.647,27961
1382,5.03620,5.31910,3.954e-04,0.973,0.885,28270
1383,5.12939,5.31910,3.951e-04,0.794,0.661,28300
1384,4.97137,5.31910,3.948e-04,1.110,1.025,28381
1385,5.29009,5.31910,3.945e-04,1.016,0.918,28429
1386,5.25692,5.31910,3.942e-04,1.103,1.020,28289
1387,5.47732,5.31910,3.939e-04,1.457,1.380,28298
1388,5.33013,5.31910,3.936e-04,1.212,1.135,28294
1389,5.09606,5.31910,3.933e-04,1.267,1.192,28309
1390,5.31992,5.31910,3.930e-04,0.943,0.839,28356
1391,5.33055,5.31910,3.927e-04,1.140,1.051,28453
1392,5.16737,5.31910,3.924e-04,0.922,0.828,28315
1393,5.26476,5.31910,3.921e-04,1.292,1.201,28298
1394,5.35520,5.31910,3.919e-04,0.889,0.757,28310
1395,5.23262,5.31910,3.916e-04,0.789,0.679,28325
1396,5.16211,5.31910,3.913e-04,0.959,0.847,28315
1397,5.18161,5.31910,3.910e-04,0.915,0.814,28426
1398,5.30657,5.31910,3.907e-04,0.762,0.640,28409
1399,5.23811,5.31910,3.904e-04,0.893,0.788,28291
1400,5.27039,5.31910,3.901e-04,0.886,0.775,28354
1401,5.25768,5.31910,3.898e-04,0.775,0.673,27983
1402,5.37182,5.31910,3.895e-04,1.536,1.467,28231
1403,5.34394,5.31910,3.892e-04,1.056,0.960,28378
1404,5.36958,5.31910,3.889e-04,0.802,0.690,28478
1405,5.23718,5.31910,3.886e-04,0.922,0.817,28312
1406,5.34109,5.31910,3.883e-04,0.831,0.702,28289
1407,5.20358,5.31910,3.880e-04,1.127,1.031,28317
1408,5.26696,5.31910,3.877e-04,0.874,0.756,28316
1409,5.22848,5.31910,3.874e-04,1.117,1.032,28296
1410,5.23385,5.31910,3.871e-04,0.854,0.750,28482
1411,5.35329,5.31910,3.868e-04,1.210,1.125,28359
1412,5.19361,5.31910,3.865e-04,1.274,1.203,28298
1413,5.29470,5.31910,3.862e-04,1.299,1.222,28313
1414,5.28573,5.31910,3.859e-04,1.058,0.976,28306
1415,5.26259,5.31910,3.856e-04,1.284,1.212,28282
1416,5.16886,5.31910,3.853e-04,0.839,0.727,28499
1417,5.34846,5.31910,3.850e-04,1.680,1.617,28442
1418,5.30899,5.31910,3.848e-04,0.890,0.770,28332
1419,5.19186,5.31910,3.845e-04,0.730,0.616,28253
1420,5.36254,5.31910,3.842e-04,1.096,1.007,28293
1421,5.27061,5.31910,3.839e-04,1.720,1.652,28082
1422,5.18375,5.31910,3.836e-04,1.161,1.070,28273
1423,5.12923,5.31910,3.833e-04,1.404,1.336,28496
1424,5.18871,5.31910,3.830e-04,1.138,1.046,28343
1425,5.35342,5.31910,3.827e-04,1.556,1.493,28318
1426,5.32349,5.31910,3.824e-04,1.260,1.179,28275
1427,5.29978,5.31910,3.821e-04,1.237,1.151,28310
1428,5.35501,5.31910,3.818e-04,0.852,0.736,28331
1429,5.24558,5.31910,3.815e-04,0.762,0.652,28422
1430,5.34157,5.31910,3.812e-04,1.629,1.557,28388
1431,4.91362,5.31910,3.809e-04,0.911,0.774,28298
1432,5.27218,5.31910,3.806e-04,0.983,0.883,28299
1433,5.39853,5.31910,3.803e-04,0.831,0.688,28274
1434,5.25497,5.31910,3.800e-04,0.884,0.775,28292
1435,5.28963,5.31910,3.797e-04,0.771,0.651,28415
1436,5.12226,5.31910,3.794e-04,0.833,0.697,28419
1437,5.42034,5.31910,3.791e-04,0.963,0.871,28310
1438,5.29117,5.31910,3.788e-04,0.922,0.821,28268
1439,5.14538,5.31910,3.785e-04,1.191,1.106,28342
1440,5.18152,5.31910,3.782e-04,1.366,1.285,28276
1441,5.23847,5.31910,3.779e-04,1.063,0.959,28033
1442,5.32322,5.31910,3.776e-04,1.558,1.486,28320
1443,5.05560,5.31910,3.773e-04,1.012,0.900,28370
1444,5.24288,5.31910,3.770e-04,0.844,0.710,28315
1445,5.23619,5.31910,3.767e-04,1.257,1.170,28304
1446,5.34991,5.31910,3.764e-04,1.193,1.087,28290
1447,5.31885,5.31910,3.761e-04,0.904,0.771,28289
1448,5.20639,5.31910,3.758e-04,0.852,0.724,28459
1449,5.17563,5.31910,3.755e-04,0.915,0.799,28403
1450,5.15464,5.31910,3.752e-04,0.865,0.748,28324
1451,5.27242,5.31910,3.749e-04,0.940,0.833,28299
1452,5.32425,5.31910,3.746e-04,0.785,0.642,28339
1453,5.16198,5.31910,3.743e-04,0.793,0.671,28316
1454,5.32248,5.31910,3.740e-04,0.954,0.834,28357
1455,5.20411,5.31910,3.737e-04,0.732,0.621,28449
1456,5.27735,5.31910,3.734e-04,0.998,0.893,28292
1457,5.32800,5.31910,3.731e-04,1.032,0.934,28302
1458,5.31631,5.31910,3.728e-04,0.852,0.726,28288
1459,5.31168,5.31910,3.725e-04,1.462,1.392,28288
1460,5.21856,5.31910,3.722e-04,1.287,1.187,28341
1461,5.27024,5.31910,3.719e-04,1.104,0.999,28006
1462,5.34148,5.31910,3.716e-04,1.373,1.294,28363
1463,5.38921,5.31910,3.713e-04,0.996,0.863,28309
1464,5.18722,5.31910,3.710e-04,0.833,0.713,28340
1465,5.23451,5.31910,3.707e-04,0.775,0.644,28282
1466,5.08788,5.31910,3.704e-04,0.863,0.750,28285
1467,5.33960,5.31910,3.701e-04,1.034,0.928,28412
1468,5.19961,5.31910,3.698e-04,0.889,0.777,28449
1469,5.23802,5.31910,3.695e-04,0.953,0.830,28311
1470,5.23651,5.31910,3.692e-04,1.066,0.974,28328
1471,5.22976,5.31910,3.689e-04,1.100,0.997,28300
1472,5.21208,5.31910,3.686e-04,1.023,0.905,28292
1473,5.10526,5.31910,3.683e-04,0.956,0.842,28369
1474,5.13253,5.31910,3.680e-04,1.131,1.030,28464
1475,5.37930,5.31910,3.677e-04,1.108,1.014,28342
1476,5.22119,5.31910,3.674e-04,1.613,1.529,28315
1477,5.31199,5.31910,3.671e-04,1.513,1.441,28285
1478,5.30058,5.31910,3.668e-04,1.118,1.017,28291
1479,5.21454,5.31910,3.665e-04,1.108,1.022,28314
1480,5.42403,5.31910,3.662e-04,1.286,1.207,28465
1481,5.43843,5.31910,3.659e-04,0.958,0.854,28008
1482,5.18288,5.31910,3.656e-04,1.293,1.211,28305
1483,5.05713,5.31910,3.653e-04,0.877,0.752,28294
1484,5.32932,5.31910,3.650e-04,1.498,1.422,28430
1485,5.13479,5.31910,3.647e-04,0.891,0.783,28309
1486,5.33540,5.31910,3.644e-04,1.104,1.007,28419
1487,5.25260,5.31910,3.641e-04,1.829,1.758,28458
1488,5.14991,5.31910,3.638e-04,0.927,0.807,28320
1489,5.33298,5.31910,3.635e-04,1.399,1.312,28273
1490,5.30263,5.31910,3.632e-04,0.797,0.666,28297
1491,5.21220,5.31910,3.629e-04,0.861,0.729,28321
1492,5.15080,5.31910,3.626e-04,1.242,1.155,28357
1493,5.34128,5.31910,3.623e-04,1.204,1.099,28456
1494,5.18029,5.31910,3.620e-04,0.789,0.655,28385
1495,5.26201,5.31910,3.617e-04,0.925,0.813,28303
1496,5.16389,5.31910,3.614e-04,0.786,0.668,28331
1497,5.37781,5.31910,3.611e-04,0.953,0.835,28307
1498,5.19852,5.31910,3.608e-04,1.079,0.979,28296
1499,5.33968,5.31910,3.605e-04,0.811,0.682,28432
1500,5.19750,5.20890,3.602e-04,0.946,0.833,8559
1501,5.23109,5.20890,3.599e-04,1.094,0.962,28394
1502,5.11108,5.20890,3.596e-04,0.819,0.703,28390
1503,5.30107,5.20890,3.593e-04,0.880,0.763,28300
1504,5.28908,5.20890,3.590e-04,0.974,0.848,28311
1505,5.37820,5.20890,3.587e-04,0.876,0.762,28350
1506,5.32953,5.20890,3.584e-04,0.865,0.727,28350
1507,5.16905,5.20890,3.581e-04,0.858,0.725,28363
1508,5.29293,5.20890,3.578e-04,1.365,1.281,28445
1509,5.16011,5.20890,3.575e-04,0.998,0.886,28346
1510,5.21117,5.20890,3.572e-04,1.398,1.314,28302
1511,5.02643,5.20890,3.569e-04,0.936,0.814,28298
1512,5.35333,5.20890,3.566e-04,2.324,2.259,28308
1513,5.36854,5.20890,3.563e-04,1.490,1.407,28287
1514,5.00279,5.20890,3.560e-04,1.852,1.778,28454
1515,5.44284,5.20890,3.557e-04,1.387,1.294,28413
1516,5.14173,5.20890,3.554e-04,1.211,1.126,28308
1517,5.35426,5.20890,3.551e-04,0.978,0.867,28284
1518,5.12512,5.20890,3.548e-04,1.002,0.894,28318
1519,5.22997,5.20890,3.545e-04,0.940,0.803,28279
1520,5.10738,5.20890,3.542e-04,1.216,1.119,28358
1521,5.30557,5.20890,3.539e-04,0.951,0.824,27995
1522,5.07090,5.20890,3.536e-04,0.999,0.891,28349
1523,5.05320,5.20890,3.533e-04,0.870,0.755,28306
1524,5.08889,5.20890,3.530e-04,1.670,1.598,28309
1525,5.14689,5.20890,3.527e-04,0.844,0.722,28296
1526,5.28875,5.20890,3.524e-04,0.863,0.740,28328
1527,5.08769,5.20890,3.521e-04,0.857,0.741,28518
1528,5.10855,5.20890,3.518e-04,0.813,0.686,28317
1529,5.03516,5.20890,3.515e-04,0.948,0.839,28350
1530,5.36011,5.20890,3.512e-04,0.935,0.808,28363
1531,5.28962,5.20890,3.509e-04,0.824,0.698,28308
1532,5.17418,5.20890,3.506e-04,0.802,0.676,28300
1533,5.29339,5.20890,3.503e-04,0.950,0.820,28384
1534,5.22452,5.20890,3.500e-04,0.964,0.829,28419
1535,5.20107,5.20890,3.497e-04,0.827,0.710,28310
1536,5.09242,5.20890,3.494e-04,1.073,0.959,28308
1537,5.35733,5.20890,3.491e-04,1.016,0.866,28342
1538,5.16221,5.20890,3.488e-04,0.865,0.759,28321
1539,5.19390,5.20890,3.485e-04,0.926,0.815,28372
1540,5.23243,5.20890,3.482e-04,0.896,0.761,28458
1541,5.32435,5.20890,3.479e-04,1.176,1.064,27959
1542,5.17183,5.20890,3.476e-04,1.782,1.703,28331
1543,5.26016,5.20890,3.473e-04,0.917,0.764,28267
1544,5.05939,5.20890,3.470e-04,0.799,0.675,28356
1545,5.18354,5.20890,3.467e-04,0.953,0.835,28300
1546,5.13161,5.20890,3.463e-04,0.828,0.696,28450
1547,5.12410,5.20890,3.460e-04,0.924,0.805,28369
1548,5.11877,5.20890,3.457e-04,1.288,1.197,28329
1549,5.30787,5.20890,3.454e-04,0.875,0.751,28281
1550,5.21196,5.20890,3.451e-04,1.940,1.873,28298
1551,5.29270,5.20890,3.448e-04,0.984,0.871,28322
1552,5.27718,5.20890,3.445e-04,1.109,1.023,28456
1553,5.17694,5.20890,3.442e-04,1.430,1.352,28446
1554,5.21719,5.20890,3.439e-04,0.916,0.803,28288
1555,5.16370,5.20890,3.436e-04,1.234,1.138,28282
1556,5.15078,5.20890,3.433e-04,0.815,0.685,28296
1557,5.23103,5.20890,3.430e-04,1.497,1.417,28296
1558,5.26054,5.20890,3.427e-04,0.890,0.775,28326
1559,5.23934,5.20890,3.424e-04,1.079,0.954,28445
1560,5.18110,5.20890,3.421e-04,1.029,0.920,28356
1561,5.12653,5.20890,3.418e-04,1.778,1.710,27991
1562,5.25876,5.20890,3.415e-04,1.076,0.975,28283
1563,5.17923,5.20890,3.412e-04,1.393,1.300,28305
1564,5.03997,5.20890,3.409e-04,1.256,1.167,28304
1565,5.16677,5.20890,3.406e-04,1.537,1.454,28434
1566,5.18223,5.20890,3.403e-04,1.002,0.894,28416
1567,5.16517,5.20890,3.400e-04,1.169,1.078,28317
1568,5.15568,5.20890,3.397e-04,0.971,0.849,28307
1569,5.18245,5.20890,3.394e-04,1.099,1.009,28322
1570,5.23636,5.20890,3.391e-04,0.823,0.690,28314
1571,5.12871,5.20890,3.388e-04,0.829,0.702,28350
1572,5.11866,5.20890,3.385e-04,0.807,0.669,28460
1573,5.22957,5.20890,3.382e-04,1.020,0.903,28409
1574,5.27960,5.20890,3.379e-04,0.864,0.736,28318
1575,5.25111,5.20890,3.376e-04,0.909,0.798,28352
1576,5.04628,5.20890,3.373e-04,0.863,0.738,28294
1577,5.26222,5.20890,3.370e-04,0.912,0.749,28306
1578,5.18280,5.20890,3.367e-04,0.995,0.857,28481
1579,5.15299,5.20890,3.364e-04,0.953,0.802,28381
1580,4.91630,5.20890,3.361e-04,0.994,0.886,28277
1581,5.12098,5.20890,3.358e-04,0.769,0.619,27997
1582,5.14677,5.20890,3.355e-04,0.913,0.793,28289
1583,5.05656,5.20890,3.351e-04,0.826,0.705,28295
1584,5.21530,5.20890,3.348e-04,0.820,0.686,28416
1585,5.17938,5.20890,3.345e-04,1.026,0.894,28422
1586,5.24062,5.20890,3.342e-04,0.965,0.857,28279
1587,5.08833,5.20890,3.339e-04,0.979,0.856,28306
1588,5.12019,5.20890,3.336e-04,0.832,0.708,28303
1589,5.14648,5.20890,3.333e-04,0.853,0.728,28270
1590,4.95964,5.20890,3.330e-04,1.894,1.828,28381
1591,5.26579,5.20890,3.327e-04,0.839,0.692,28448
1592,5.08489,5.20890,3.324e-04,1.254,1.165,28312
1593,5.28517,5.20890,3.321e-04,0.855,0.721,28339
1594,5.29170,5.20890,3.318e-04,1.023,0.932,28289
1595,5.14394,5.20890,3.315e-04,0.820,0.691,28319
1596,5.40334,5.20890,3.312e-04,1.194,1.106,28299
1597,5.11302,5.20890,3.309e-04,0.881,0.768,28437
1598,5.08065,5.20890,3.306e-04,1.245,1.167,28411
1599,5.22930,5.20890,3.303e-04,0.951,0.842,28276
1600,5.11246,5.20890,3.300e-04,1.645,1.571,28304
1601,5.11808,5.20890,3.297e-04,0.872,0.752,27954
1602,5.24345,5.20890,3.294e-04,1.561,1.487,28213
1603,5.26478,5.20890,3.291e-04,0.948,0.823,28417
1604,5.01678,5.20890,3.288e-04,0.790,0.670,28433
1605,5.05968,5.20890,3.285e-04,0.885,0.736,28286
1606,5.12570,5.20890,3.282e-04,0.889,0.746,28299
1607,5.35490,5.20890,3.279e-04,1.150,0.992,28285
1608,5.15312,5.20890,3.276e-04,0.943,0.777,28315
1609,5.27484,5.20890,3.273e-04,1.133,1.028,28334
1610,5.06068,5.20890,3.270e-04,0.972,0.852,28441
1611,5.13786,5.20890,3.267e-04,0.978,0.846,28317
1612,4.98380,5.20890,3.264e-04,1.108,0.998,28311
1613,5.29576,5.20890,3.261e-04,0.858,0.727,28291
1614,5.11573,5.20890,3.258e-04,0.859,0.729,28279
1615,5.04713,5.20890,3.255e-04,1.181,1.080,28296
1616,5.17626,5.20890,3.252e-04,0.853,0.714,28416
1617,5.15817,5.20890,3.249e-04,1.814,1.735,28409
1618,5.43455,5.20890,3.245e-04,0.813,0.668,28348
1619,4.96276,5.20890,3.242e-04,1.302,1.202,28268
1620,5.22623,5.20890,3.239e-04,0.951,0.805,28303
1621,5.21770,5.20890,3.236e-04,0.978,0.855,28088
1622,5.25254,5.20890,3.233e-04,1.153,1.043,28302
1623,5.26614,5.20890,3.230e-04,0.845,0.724,28437
1624,5.36572,5.20890,3.227e-04,1.211,1.089,28338
1625,5.15636,5.20890,3.224e-04,0.857,0.717,28318
1626,5.09167,5.20890,3.221e-04,0.952,0.849,28309
1627,5.14511,5.20890,3.218e-04,0.790,0.657,28286
1628,5.02883,5.20890,3.215e-04,1.371,1.286,28359
1629,5.24928,5.20890,3.212e-04,1.610,1.519,28458
1630,5.12602,5.20890,3.209e-04,0.858,0.734,28346
1631,5.12249,5.20890,3.206e-04,0.879,0.773,28322
1632,5.13790,5.20890,3.203e-04,1.028,0.934,28331
1633,5.29852,5.20890,3.200e-04,1.392,1.312,28283
1634,5.09478,5.20890,3.197e-04,1.238,1.141,28300
1635,5.25939,5.20890,3.194e-04,1.647,1.558,28412
1636,5.17419,5.20890,3.191e-04,1.591,1.515,28411
1637,5.24440,5.20890,3.188e-04,1.130,1.033,28286
1638,5.24159,5.20890,3.185e-04,1.427,1.326,28313
1639,5.20930,5.20890,3.182e-04,0.930,0.815,28295
1640,5.11840,5.20890,3.179e-04,1.035,0.938,28332
1641,5.33704,5.20890,3.176e-04,1.111,0.994,28060
1642,5.12794,5.20890,3.173e-04,0.871,0.732,28424
1643,5.12120,5.20890,3.170e-04,1.136,1.038,28320
1644,5.25546,5.20890,3.167e-04,0.885,0.744,28304
1645,5.27740,5.20890,3.164e-04,1.240,1.144,28317
1646,5.17737,5.20890,3.161e-04,0.900,0.773,28272
1647,5.06694,5.20890,3.158e-04,1.733,1.653,28315
1648,5.11965,5.20890,3.155e-04,0.922,0.789,28431
1649,4.97177,5.20890,3.152e-04,1.463,1.383,28361
1650,5.21380,5.20890,3.149e-04,0.824,0.661,28306
1651,5.16411,5.20890,3.146e-04,0.883,0.774,28300
1652,5.22075,5.20890,3.143e-04,0.800,0.671,28282
1653,5.25773,5.20890,3.140e-04,0.793,0.651,28328
1654,5.07510,5.20890,3.137e-04,0.996,0.876,28404
1655,5.05129,5.20890,3.133e-04,0.947,0.830,28405
1656,5.14103,5.20890,3.130e-04,0.927,0.790,28285
1657,5.25093,5.20890,3.127e-04,0.849,0.717,28316
1658,5.24776,5.20890,3.124e-04,0.835,0.708,28316
1659,5.27849,5.20890,3.121e-04,1.034,0.903,28295
1660,5.22653,5.20890,3.118e-04,1.100,0.990,28360
1661,5.14678,5.20890,3.115e-04,1.063,0.963,28022
1662,5.14516,5.20890,3.112e-04,0.923,0.807,28335
1663,5.30532,5.20890,3.109e-04,0.791,0.653,28314
1664,5.25553,5.20890,3.106e-04,1.440,1.340,28386
1665,5.15023,5.20890,3.103e-04,1.049,0.923,28307
1666,5.20178,5.20890,3.100e-04,1.104,0.985,28310
1667,5.34343,5.20890,3.097e-04,1.254,1.159,28476
1668,5.14989,5.20890,3.094e-04,1.094,0.985,28397
1669,5.21852,5.20890,3.091e-04,0.909,0.778,28266
1670,4.98224,5.20890,3.088e-04,0.810,0.679,28309
1671,5.25094,5.20890,3.085e-04,0.921,0.790,28299
1672,5.06710,5.20890,3.082e-04,1.000,0.893,28286
1673,5.11486,5.20890,3.079e-04,0.864,0.749,28400
1674,5.12069,5.20890,3.076e-04,1.005,0.882,28442
1675,5.36642,5.20890,3.073e-04,0.933,0.785,28291
1676,5.11337,5.20890,3.070e-04,0.994,0.881,28339
1677,5.15323,5.20890,3.067e-04,0.825,0.689,28290
1678,5.23906,5.20890,3.064e-04,0.927,0.781,28280
1679,5.31806,5.20890,3.061e-04,1.117,0.994,28354
1680,5.29217,5.20890,3.058e-04,0.990,0.879,28423
1681,5.20888,5.20890,3.055e-04,0.784,0.642,27990
1682,5.27856,5.20890,3.052e-04,0.850,0.712,28361
1683,5.12250,5.20890,3.049e-04,1.043,0.928,28296
1684,5.11961,5.20890,3.046e-04,1.365,1.271,28299
1685,4.99438,5.20890,3.043e-04,0.885,0.744,28322
1686,5.13740,5.20890,3.040e-04,1.768,1.692,28446
1687,4.96023,5.20890,3.037e-04,1.074,0.940,28415
1688,5.11495,5.20890,3.034e-04,1.512,1.425,28263
1689,5.20792,5.20890,3.031e-04,0.947,0.813,28350
1690,5.37308,5.20890,3.028e-04,1.060,0.926,28311
1691,5.04071,5.20890,3.025e-04,0.993,0.864,28274
1692,5.21654,5.20890,3.022e-04,1.609,1.517,28410
1693,5.22167,5.20890,3.019e-04,1.042,0.929,28453
1694,5.24396,5.20890,3.016e-04,1.728,1.643,28340
1695,5.27742,5.20890,3.013e-04,1.140,1.028,28302
1696,5.13758,5.20890,3.010e-04,1.718,1.607,28311
1697,5.12113,5.20890,3.007e-04,1.657,1.567,28320
1698,5.13888,5.20890,3.004e-04,1.039,0.916,28347
1699,5.26406,5.20890,3.001e-04,1.300,1.187,28438
1700,5.11054,5.20890,2.998e-04,1.269,1.145,28365
1701,5.28281,5.20890,2.995e-04,1.107,0.975,28014
1702,4.99265,5.20890,2.992e-04,1.282,1.180,28271
1703,5.27644,5.20890,2.989e-04,0.951,0.763,28285
1704,5.10243,5.20890,2.986e-04,1.131,1.018,28323
1705,5.17895,5.20890,2.983e-04,0.896,0.751,28400
1706,5.09112,5.20890,2.980e-04,0.969,0.840,28381
1707,5.29534,5.20890,2.977e-04,1.020,0.796,28326
1708,5.43121,5.20890,2.974e-04,1.116,0.973,28313
1709,5.09520,5.20890,2.971e-04,0.789,0.639,28379
1710,5.17194,5.20890,2.968e-04,1.036,0.905,28316
1711,5.15269,5.20890,2.965e-04,0.985,0.836,28440
1712,5.29442,5.20890,2.962e-04,0.984,0.878,28449
1713,5.23994,5.20890,2.959e-04,1.323,1.228,28324
1714,5.17396,5.20890,2.956e-04,0.802,0.661,28286
1715,5.06444,5.20890,2.953e-04,0.871,0.727,28292
1716,5.01768,5.20890,2.950e-04,0.748,0.610,28308
1717,5.21371,5.20890,2.947e-04,0.930,0.800,28298
1718,5.24718,5.20890,2.944e-04,0.930,0.785,28429
1719,5.18144,5.20890,2.941e-04,0.935,0.814,28432
1720,5.09078,5.20890,2.938e-04,0.814,0.660,28299
1721,5.15648,5.20890,2.935e-04,0.878,0.744,28040
1722,5.09002,5.20890,2.932e-04,1.323,1.212,28233
1723,5.23584,5.20890,2.929e-04,1.117,1.003,28330
1724,5.10817,5.20890,2.926e-04,0.820,0.690,28412
1725,5.14966,5.20890,2.923e-04,0.853,0.727,28434
1726,5.27775,5.20890,2.920e-04,0.970,0.853,28312
1727,5.18374,5.20890,2.917e-04,0.806,0.680,28309
1728,5.07339,5.20890,2.914e-04,0.834,0.688,28314
1729,5.10775,5.20890,2.911e-04,0.927,0.806,28316
1730,5.08219,5.20890,2.908e-04,1.011,0.912,28341
1731,5.09404,5.20890,2.905e-04,2.222,2.141,28447
1732,5.03194,5.20890,2.902e-04,1.194,1.086,28434
1733,5.12904,5.20890,2.899e-04,1.274,1.177,28289
1734,5.12518,5.20890,2.896e-04,1.293,1.189,28338
1735,5.18100,5.20890,2.893e-04,1.066,0.943,28329
1736,5.08947,5.20890,2.890e-04,1.008,0.882,28296
1737,5.19508,5.20890,2.887e-04,0.933,0.782,28417
1738,5.11902,5.20890,2.884e-04,1.779,1.699,28413
1739,5.11400,5.20890,2.881e-04,0.944,0.813,28304
1740,5.17152,5.20890,2.878e-04,1.505,1.411,28286
1741,5.06698,5.20890,2.875e-04,0.817,0.683,28001
1742,5.04245,5.20890,2.872e-04,1.430,1.342,28251
1743,5.15272,5.20890,2.869e-04,0.899,0.773,28412
1744,5.08054,5.20890,2.866e-04,0.815,0.679,28427
1745,5.06384,5.20890,2.863e-04,0.865,0.714,28319
1746,4.98661,5.20890,2.860e-04,1.077,0.974,28304
1747,5.03783,5.20890,2.857e-04,1.202,1.093,28312
1748,5.13823,5.20890,2.854e-04,1.019,0.891,28284
1749,5.33513,5.20890,2.851e-04,1.475,1.382,28317
1750,5.28671,5.11342,2.848e-04,1.111,0.978,8601
1751,5.20228,5.11342,2.845e-04,1.266,1.163,28411
1752,5.06387,5.11342,2.842e-04,0.965,0.847,28323
1753,5.33249,5.11342,2.839e-04,1.531,1.431,28409
1754,5.11670,5.11342,2.836e-04,0.979,0.859,28336
1755,5.08918,5.11342,2.833e-04,1.310,1.218,28389
1756,5.23147,5.11342,2.830e-04,1.165,1.044,28289
1757,5.03849,5.11342,2.827e-04,1.310,1.217,28322
1758,5.17746,5.11342,2.824e-04,1.777,1.704,28406
1759,5.12120,5.11342,2.821e-04,1.193,1.080,28448
1760,5.16098,5.11342,2.818e-04,1.197,1.095,28311
1761,5.09704,5.11342,2.815e-04,0.908,0.772,28014
1762,4.95157,5.11342,2.812e-04,0.984,0.871,28276
1763,5.06568,5.11342,2.809e-04,0.865,0.717,28294
1764,5.21021,5.11342,2.806e-04,0.962,0.830,28325
1765,5.11928,5.11342,2.803e-04,0.802,0.651,28460
1766,5.05176,5.11342,2.800e-04,1.004,0.889,28337
1767,5.16099,5.11342,2.797e-04,0.827,0.679,28311
1768,5.03952,5.11342,2.794e-04,0.837,0.687,28276
1769,5.13261,5.11342,2.791e-04,1.060,0.944,28302
1770,5.19311,5.11342,2.788e-04,0.929,0.775,28299
1771,5.06361,5.11342,2.785e-04,0.925,0.798,28411
1772,5.17792,5.11342,2.782e-04,0.837,0.669,28449
1773,4.97586,5.11342,2.779e-04,0.867,0.718,28319
1774,5.12276,5.11342,2.776e-04,1.045,0.883,28321
1775,5.20518,5.11342,2.773e-04,1.061,0.930,28279
1776,5.06324,5.11342,2.770e-04,0.946,0.786,28313
1777,5.09052,5.11342,2.767e-04,1.038,0.889,28401
1778,5.05111,5.11342,2.764e-04,1.086,0.964,28447
1779,5.25216,5.11342,2.761e-04,0.870,0.705,28307
1780,5.24424,5.11342,2.758e-04,0.939,0.767,28295
1781,5.09751,5.11342,2.755e-04,0.936,0.817,28004
1782,5.24689,5.11342,2.752e-04,1.311,1.212,28293
1783,5.10293,5.11342,2.750e-04,0.843,0.696,28303
1784,5.10340,5.11342,2.747e-04,0.986,0.872,28477
1785,5.17885,5.11342,2.744e-04,0.809,0.657,28414
1786,5.06461,5.11342,2.741e-04,1.122,1.018,28307
1787,5.08527,5.11342,2.738e-04,0.900,0.777,28285
1788,5.06595,5.11342,2.735e-04,0.954,0.839,28325
1789,5.19682,5.11342,2.732e-04,1.036,0.916,28273
1790,5.16304,5.11342,2.729e-04,1.207,1.094,28365
1791,5.23193,5.11342,2.726e-04,1.107,0.983,28433
1792,5.02669,5.11342,2.723e-04,0.862,0.725,28274
1793,5.20412,5.11342,2.720e-04,1.511,1.410,28297
1794,4.79735,5.11342,2.717e-04,1.216,1.116,28324
1795,5.12856,5.11342,2.714e-04,0.965,0.844,28286
1796,5.16847,5.11342,2.711e-04,1.415,1.325,28356
1797,5.03187,5.11342,2.708e-04,1.229,1.124,28445
1798,5.33315,5.11342,2.705e-04,1.313,1.213,28451
1799,5.12282,5.11342,2.702e-04,1.222,1.119,28258
1800,5.05017,5.11342,2.699e-04,0.832,0.683,28317
1801,4.94813,5.11342,2.696e-04,0.944,0.800,28004
1802,5.12514,5.11342,2.693e-04,0.887,0.757,28216
1803,5.18692,5.11342,2.690e-04,0.862,0.718,28456
1804,4.93475,5.11342,2.687e-04,0.985,0.847,28400
1805,5.31927,5.11342,2.684e-04,0.888,0.736,28329
1806,5.04767,5.11342,2.681e-04,0.879,0.748,28297
1807,5.14634,5.11342,2.679e-04,0.840,0.690,28331
1808,5.18920,5.11342,2.676e-04,1.170,1.056,28307
1809,5.00205,5.11342,2.673e-04,0.905,0.768,28359
1810,5.03362,5.11342,2.670e-04,1.011,0.890,28463
1811,5.05153,5.11342,2.667e-04,1.037,0.915,28300
1812,5.14757,5.11342,2.664e-04,0.983,0.837,28297
1813,5.23173,5.11342,2.661e-04,1.765,1.672,28317
1814,5.16590,5.11342,2.658e-04,0.869,0.710,28291
1815,5.15075,5.11342,2.655e-04,1.173,1.052,28335
1816,5.07304,5.11342,2.652e-04,0.935,0.807,28464
1817,5.09381,5.11342,2.649e-04,1.104,0.983,28369
1818,4.86428,5.11342,2.646e-04,1.047,0.926,28305
1819,5.16411,5.11342,2.643e-04,1.712,1.631,28331
1820,5.16605,5.11342,2.640e-04,1.029,0.896,28354
1821,5.09753,5.11342,2.637e-04,1.147,1.036,28110
1822,4.94838,5.11342,2.634e-04,1.011,0.873,28289
1823,5.10895,5.11342,2.631e-04,0.891,0.744,28404
1824,5.10638,5.11342,2.629e-04,1.146,1.029,28309
1825,5.11666,5.11342,2.626e-04,0.914,0.748,28308
1826,4.97185,5.11342,2.623e-04,1.047,0.920,28332
1827,5.02738,5.11342,2.620e-04,0.850,0.711,28296
1828,4.92078,5.11342,2.617e-04,0.927,0.796,28346
1829,5.16503,5.11342,2.614e-04,0.849,0.699,28459
1830,5.14420,5.11342,2.611e-04,1.081,0.962,28332
1831,5.17012,5.11342,2.608e-04,0.976,0.810,28350
1832,5.20931,5.11342,2.605e-04,0.800,0.654,28280
1833,5.11927,5.11342,2.602e-04,0.840,0.662,28295
1834,5.13627,5.11342,2.599e-04,0.851,0.705,28324
1835,5.09476,5.11342,2.596e-04,1.015,0.873,28460
1836,5.11620,5.11342,2.593e-04,0.858,0.694,28408
1837,5.25334,5.11342,2.590e-04,0.935,0.784,28312
1838,4.92678,5.11342,2.588e-04,1.171,1.056,28312
1839,5.13559,5.11342,2.585e-04,1.107,0.983,28318
1840,5.09355,5.11342,2.582e-04,0.849,0.686,28293
1841,5.04081,5.11342,2.579e-04,1.249,1.133,28017
1842,5.09760,5.11342,2.576e-04,1.149,1.029,28373
1843,5.24629,5.11342,2.573e-04,1.004,0.863,28306
1844,4.96210,5.11342,2.570e-04,1.026,0.902,28315
1845,5.06591,5.11342,2.567e-04,1.120,0.978,28320
1846,5.17565,5.11342,2.564e-04,0.940,0.793,28333
1847,5.08630,5.11342,2.561e-04,0.874,0.730,28339
1848,4.98207,5.11342,2.558e-04,0.992,0.859,28436
1849,4.91190,5.11342,2.555e-04,1.095,0.980,28325
1850,5.10671,5.11342,2.553e-04,0.843,0.695,28337
1851,5.02863,5.11342,2.550e-04,0.886,0.743,28278
1852,5.08709,5.11342,2.547e-04,0.954,0.809,28345
1853,5.14006,5.11342,2.544e-04,0.939,0.795,28336
1854,5.15410,5.11342,2.541e-04,0.879,0.741,28392
1855,5.03400,5.11342,2.538e-04,0.858,0.710,28396
1856,5.14227,5.11342,2.535e-04,1.198,1.085,28322
1857,5.24065,5.11342,2.532e-04,1.039,0.890,28304
1858,5.08944,5.11342,2.529e-04,0.900,0.769,28300
1859,4.94082,5.11342,2.526e-04,1.178,1.045,28299
1860,5.16481,5.11342,2.523e-04,0.947,0.799,28363
1861,5.04845,5.11342,2.521e-04,1.108,0.996,27984
1862,5.01834,5.11342,2.518e-04,0.870,0.734,28333
1863,4.92140,5.11342,2.515e-04,1.118,0.991,28310
1864,5.11315,5.11342,2.512e-04,0.885,0.728,28303
1865,5.15358,5.11342,2.509e-04,1.037,0.900,28331
1866,5.10261,5.11342,2.506e-04,0.835,0.694,28326
1867,5.05573,5.11342,2.503e-04,1.035,0.913,28456
1868,4.99030,5.11342,2.500e-04,0.892,0.744,28396
1869,5.04434,5.11342,2.497e-04,0.888,0.761,28328
1870,5.00938,5.11342,2.495e-04,0.932,0.789,28277
1871,5.16886,5.11342,2.492e-04,0.805,0.665,28310
1872,5.23570,5.11342,2.489e-04,0.964,0.840,28312
1873,4.89616,5.11342,2.486e-04,0.870,0.723,28423
1874,5.11615,5.11342,2.483e-04,0.938,0.770,28397
1875,5.16155,5.11342,2.480e-04,1.018,0.874,28324
1876,5.18489,5.11342,2.477e-04,1.947,1.873,28292
1877,5.06308,5.11342,2.474e-04,1.511,1.408,28298
1878,4.99686,5.11342,2.471e-04,1.400,1.300,28302
1879,5.10287,5.11342,2.469e-04,1.493,1.405,28349
1880,5.08613,5.11342,2.466e-04,0.852,0.705,28447
1881,4.93276,5.11342,2.463e-04,1.099,0.982,27974
1882,5.12324,5.11342,2.460e-04,1.002,0.893,28299
1883,5.26341,5.11342,2.457e-04,1.038,0.916,28295
1884,4.79572,5.11342,2.454e-04,0.970,0.846,28296
1885,5.18580,5.11342,2.451e-04,0.945,0.806,28315
1886,5.11284,5.11342,2.448e-04,0.958,0.826,28444
1887,5.21286,5.11342,2.446e-04,0.991,0.873,28361
1888,4.83358,5.11342,2.443e-04,0.970,0.842,28339
1889,4.90071,5.11342,2.440e-04,1.023,0.892,28390
1890,5.12543,5.11342,2.437e-04,1.001,0.843,28309
1891,4.77043,5.11342,2.434e-04,1.007,0.893,28304
1892,4.96586,5.11342,2.431e-04,1.150,1.040,28410
1893,5.09019,5.11342,2.428e-04,0.918,0.766,28451
1894,5.28625,5.11342,2.425e-04,0.879,0.717,28297
1895,5.05584,5.11342,2.423e-04,0.933,0.795,28309
1896,4.96795,5.11342,2.420e-04,0.861,0.719,28319
1897,4.96924,5.11342,2.417e-04,0.863,0.704,28279
1898,5.07308,5.11342,2.414e-04,0.955,0.806,28343
1899,5.13833,5.11342,2.411e-04,0.918,0.767,28447
1900,5.01053,5.11342,2.408e-04,0.879,0.691,28321
1901,4.98126,5.11342,2.405e-04,0.910,0.776,27955
1902,4.96888,5.11342,2.403e-04,1.036,0.884,28246
1903,4.90302,5.11342,2.400e-04,1.213,1.089,28293
1904,5.09466,5.11342,2.397e-04,0.963,0.815,28265
1905,5.00500,5.11342,2.394e-04,1.045,0.908,28471
1906,5.20288,5.11342,2.391e-04,0.881,0.721,28384
1907,5.04990,5.11342,2.388e-04,1.411,1.324,28315
1908,4.95822,5.11342,2.385e-04,0.924,0.785,28316
1909,5.18127,5.11342,2.383e-04,1.092,0.965,28287
1910,4.89256,5.11342,2.380e-04,0.993,0.864,28320
1911,5.06233,5.11342,2.377e-04,0.916,0.778,28419
1912,5.13316,5.11342,2.374e-04,1.022,0.880,28437
1913,5.24996,5.11342,2.371e-04,0.922,0.772,28317
1914,4.86189,5.11342,2.368e-04,0.827,0.673,28387
1915,5.08018,5.11342,2.365e-04,0.989,0.838,28328
1916,5.04164,5.11342,2.363e-04,1.295,1.195,28307
1917,5.18945,5.11342,2.360e-04,0.857,0.705,28333
1918,5.06024,5.11342,2.357e-04,1.000,0.865,28464
1919,4.97304,5.11342,2.354e-04,0.950,0.809,28378
1920,5.07134,5.11342,2.351e-04,0.950,0.813,28322
1921,5.00422,5.11342,2.348e-04,1.040,0.916,28014
1922,5.03508,5.11342,2.346e-04,1.136,0.991,28270
1923,5.16112,5.11342,2.343e-04,1.181,1.062,28263
1924,5.08370,5.11342,2.340e-04,1.011,0.879,28452
1925,5.13452,5.11342,2.337e-04,1.150,1.031,28409
1926,5.03646,5.11342,2.334e-04,1.098,0.979,28278
1927,5.03591,5.11342,2.331e-04,1.081,0.952,28283
1928,5.05120,5.11342,2.329e-04,1.062,0.933,28286
1929,5.13930,5.11342,2.326e-04,1.234,1.120,28284
1930,5.01187,5.11342,2.323e-04,0.968,0.848,28329
1931,5.08032,5.11342,2.320e-04,1.110,0.996,28486
1932,5.22138,5.11342,2.317e-04,1.002,0.862,28310
1933,5.12547,5.11342,2.315e-04,1.244,1.115,28288
1934,5.04169,5.11342,2.312e-04,0.989,0.837,28307
1935,5.08607,5.11342,2.309e-04,1.169,1.048,28288
1936,5.01517,5.11342,2.306e-04,1.043,0.915,28393
1937,5.18873,5.11342,2.303e-04,1.068,0.950,28484
1938,5.00226,5.11342,2.300e-04,0.846,0.700,28391
1939,5.10011,5.11342,2.298e-04,1.286,1.183,28280
1940,4.87141,5.11342,2.295e-04,1.007,0.863,28342
1941,4.92766,5.11342,2.292e-04,1.370,1.253,28043
1942,5.15911,5.11342,2.289e-04,1.104,0.991,28201
1943,5.08591,5.11342,2.286e-04,0.913,0.754,28394
1944,4.89499,5.11342,2.284e-04,1.543,1.449,28394
1945,5.08845,5.11342,2.281e-04,0.985,0.847,28300
1946,4.97149,5.11342,2.278e-04,1.406,1.308,28292
1947,5.24682,5.11342,2.275e-04,1.329,1.197,28303
1948,5.03303,5.11342,2.272e-04,0.943,0.783,28301
1949,5.13089,5.11342,2.270e-04,1.131,1.002,28336
1950,4.98384,5.11342,2.267e-04,0.907,0.724,28435
1951,5.02204,5.11342,2.264e-04,1.226,1.115,28290
1952,5.01411,5.11342,2.261e-04,0.870,0.699,28299
1953,5.19607,5.11342,2.258e-04,1.012,0.849,28285
1954,5.06565,5.11342,2.256e-04,0.931,0.778,28300
1955,5.06589,5.11342,2.253e-04,0.993,0.851,28310
1956,5.01508,5.11342,2.250e-04,0.939,0.798,28431
1957,4.95221,5.11342,2.247e-04,1.032,0.900,28415
1958,4.96090,5.11342,2.244e-04,1.099,0.971,28290
1959,5.10289,5.11342,2.242e-04,0.919,0.744,28301
1960,5.20938,5.11342,2.239e-04,0.970,0.800,28300
1961,4.92465,5.11342,2.236e-04,1.253,1.131,28071
1962,5.03573,5.11342,2.233e-04,0.924,0.760,28299
1963,5.08438,5.11342,2.230e-04,1.364,1.261,28448
1964,5.11707,5.11342,2.228e-04,0.872,0.706,28271
1965,5.02143,5.11342,2.225e-04,0.994,0.860,28309
1966,4.92436,5.11342,2.222e-04,0.947,0.829,28266
1967,5.13380,5.11342,2.219e-04,1.177,1.054,28302
1968,5.01459,5.11342,2.217e-04,0.985,0.852,28357
1969,4.89913,5.11342,2.214e-04,0.928,0.798,28444
1970,4.94304,5.11342,2.211e-04,0.954,0.816,28295
1971,4.94300,5.11342,2.208e-04,0.880,0.726,28263
1972,5.02159,5.11342,2.206e-04,1.391,1.294,28333
1973,4.98266,5.11342,2.203e-04,1.102,0.981,28344
1974,5.04894,5.11342,2.200e-04,1.358,1.257,28288
1975,5.21156,5.11342,2.197e-04,1.457,1.333,28436
1976,5.28260,5.11342,2.194e-04,0.965,0.803,28391
1977,4.90684,5.11342,2.192e-04,1.909,1.823,28296
1978,5.01081,5.11342,2.189e-04,1.595,1.500,28296
1979,4.94634,5.11342,2.186e-04,1.119,0.991,28320
1980,4.98291,5.11342,2.183e-04,1.532,1.441,28355
1981,5.05718,5.11342,2.181e-04,1.189,1.064,28023
1982,5.08835,5.11342,2.178e-04,1.486,1.365,28427
1983,4.98351,5.11342,2.175e-04,1.521,1.438,28249
1984,5.20501,5.11342,2.172e-04,0.980,0.814,28319
1985,5.05507,5.11342,2.170e-04,1.132,0.995,28316
1986,5.11373,5.11342,2.167e-04,0.955,0.793,28276
1987,5.04086,5.11342,2.164e-04,1.000,0.862,28312
1988,5.04317,5.11342,2.161e-04,0.916,0.779,28474
1989,5.06564,5.11342,2.159e-04,0.892,0.721,28342
1990,5.05185,5.11342,2.156e-04,0.987,0.860,28291
1991,4.94172,5.11342,2.153e-04,1.090,0.975,28323
1992,4.97617,5.11342,2.150e-04,1.112,0.996,28335
1993,4.99006,5.11342,2.148e-04,0.908,0.767,28340
1994,4.96054,5.11342,2.145e-04,0.961,0.817,28423
1995,4.99814,5.11342,2.142e-04,0.977,0.856,28426
1996,5.23009,5.11342,2.139e-04,1.054,0.943,28299
1997,5.00658,5.11342,2.137e-04,1.061,0.949,28276
1998,5.16470,5.11342,2.134e-04,1.339,1.244,28305
1999,5.05913,5.11342,2.131e-04,1.078,0.955,28306
2000,5.16930,5.03743,2.129e-04,0.841,0.684,8569
2001,5.02731,5.03743,2.126e-04,1.478,1.388,28450
2002,5.00500,5.03743,2.123e-04,0.905,0.756,28257
2003,4.94025,5.03743,2.120e-04,1.104,0.961,28454
2004,5.10120,5.03743,2.118e-04,0.902,0.741,28321
2005,5.11972,5.03743,2.115e-04,0.990,0.847,28299
2006,5.17164,5.03743,2.112e-04,0.936,0.778,28317
2007,5.11911,5.03743,2.109e-04,0.952,0.779,28318
2008,4.97174,5.03743,2.107e-04,0.969,0.832,28305
2009,4.92399,5.03743,2.104e-04,0.869,0.707,28424
2010,5.08398,5.03743,2.101e-04,0.994,0.854,28406
2011,5.03733,5.03743,2.099e-04,0.990,0.864,28271
2012,4.85251,5.03743,2.096e-04,1.232,1.123,28315
2013,5.01510,5.03743,2.093e-04,1.011,0.865,28295
2014,5.10149,5.03743,2.090e-04,1.063,0.916,28290
2015,5.03451,5.03743,2.088e-04,0.971,0.814,28388
2016,5.04683,5.03743,2.085e-04,1.145,1.015,28448
2017,5.00193,5.03743,2.082e-04,0.978,0.815,28318
2018,4.92439,5.03743,2.080e-04,0.878,0.722,28292
2019,5.09145,5.03743,2.077e-04,0.881,0.707,28340
2020,5.09836,5.03743,2.074e-04,0.965,0.786,28274
2021,4.96560,5.03743,2.072e-04,1.073,0.945,28047
2022,4.96441,5.03743,2.069e-04,0.857,0.708,28300
2023,5.06781,5.03743,2.066e-04,0.956,0.825,28466
2024,4.96669,5.03743,2.063e-04,0.952,0.820,28265
2025,4.78975,5.03743,2.061e-04,0.873,0.727,28289
2026,5.04940,5.03743,2.058e-04,0.882,0.727,28313
2027,5.11812,5.03743,2.055e-04,0.899,0.752,28305
2028,5.07142,5.03743,2.053e-04,0.849,0.667,28432
2029,4.84218,5.03743,2.050e-04,0.983,0.847,28439
2030,5.06480,5.03743,2.047e-04,0.891,0.748,28302
2031,5.09439,5.03743,2.045e-04,0.977,0.820,28304
2032,5.05892,5.03743,2.042e-04,0.894,0.719,28301
2033,4.96648,5.03743,2.039e-04,0.921,0.780,28274
2034,4.98525,5.03743,2.037e-04,0.899,0.751,28358
2035,5.00920,5.03743,2.034e-04,0.998,0.855,28463
2036,4.91048,5.03743,2.031e-04,1.170,1.040,28311
2037,5.04881,5.03743,2.029e-04,1.001,0.868,28302
2038,5.07080,5.03743,2.026e-04,1.203,1.089,28313
2039,4.99994,5.03743,2.023e-04,1.090,0.958,28295
2040,5.19450,5.03743,2.021e-04,1.108,0.982,28324
2041,4.77033,5.03743,2.018e-04,0.980,0.834,28024
2042,4.90006,5.03743,2.015e-04,1.087,0.964,28350
2043,5.09821,5.03743,2.013e-04,0.885,0.731,28267
2044,4.98205,5.03743,2.010e-04,0.980,0.822,28330
2045,5.15496,5.03743,2.007e-04,0.928,0.769,28324
2046,4.92340,5.03743,2.005e-04,1.069,0.927,28314
2047,5.00604,5.03743,2.002e-04,1.032,0.897,28437
2048,5.11823,5.03743,1.999e-04,0.909,0.741,28416
2049,4.98204,5.03743,1.997e-04,0.863,0.674,28294
2050,5.07681,5.03743,1.994e-04,0.989,0.814,28326
2051,5.02511,5.03743,1.991e-04,0.911,0.746,28289
2052,5.05685,5.03743,1.989e-04,0.926,0.767,28285
2053,4.98696,5.03743,1.986e-04,1.026,0.875,28323
2054,4.75126,5.03743,1.983e-04,1.109,0.988,28442
2055,5.05966,5.03743,1.981e-04,1.000,0.855,28372
2056,5.12302,5.03743,1.978e-04,0.991,0.865,28265
2057,4.97369,5.03743,1.975e-04,1.024,0.872,28336
2058,4.98211,5.03743,1.973e-04,1.023,0.861,28289
2059,5.13947,5.03743,1.970e-04,1.024,0.859,28315
2060,4.98675,5.03743,1.968e-04,0.956,0.794,28452
2061,5.07596,5.03743,1.965e-04,1.098,0.947,28028
2062,4.93630,5.03743,1.962e-04,1.005,0.879,28297
2063,4.98368,5.03743,1.960e-04,0.859,0.709,28321
2064,4.86751,5.03743,1.957e-04,1.021,0.883,28301
2065,5.06828,5.03743,1.954e-04,1.186,1.066,28302
2066,5.00800,5.03743,1.952e-04,1.015,0.884,28412
2067,5.17478,5.03743,1.949e-04,1.151,1.010,28459
2068,4.87932,5.03743,1.947e-04,0.866,0.725,28342
2069,4.97366,5.03743,1.944e-04,1.196,1.085,28280
2070,4.83916,5.03743,1.941e-04,1.075,0.944,28369
2071,4.86452,5.03743,1.939e-04,1.029,0.882,28378
2072,4.97658,5.03743,1.936e-04,1.180,1.062,28306
2073,5.02250,5.03743,1.933e-04,1.009,0.851,28461
2074,4.94179,5.03743,1.931e-04,1.033,0.852,28367
2075,5.06471,5.03743,1.928e-04,1.224,1.104,28326
2076,5.06060,5.03743,1.926e-04,1.079,0.942,28308
2077,5.02995,5.03743,1.923e-04,1.102,0.961,28328
2078,5.11678,5.03743,1.920e-04,1.397,1.255,28302
2079,5.14303,5.03743,1.918e-04,0.944,0.772,28408
2080,5.09053,5.03743,1.915e-04,1.212,1.091,28442
2081,4.97458,5.03743,1.913e-04,0.974,0.786,27988
2082,4.91375,5.03743,1.910e-04,0.987,0.821,28289
2083,4.92619,5.03743,1.907e-04,0.956,0.809,28312
2084,4.95166,5.03743,1.905e-04,0.919,0.760,28338
2085,4.92806,5.03743,1.902e-04,1.064,0.923,28374
2086,5.00828,5.03743,1.900e-04,0.968,0.806,28490
2087,5.18760,5.03743,1.897e-04,1.004,0.852,28320
2088,5.06296,5.03743,1.894e-04,0.916,0.768,28306
2089,5.00365,5.03743,1.892e-04,0.942,0.781,28321
2090,5.14728,5.03743,1.889e-04,0.881,0.722,28315
2091,5.00778,5.03743,1.887e-04,0.906,0.716,28315
2092,4.93314,5.03743,1.884e-04,0.771,0.629,28456
2093,5.04543,5.03743,1.882e-04,0.878,0.730,28431
2094,5.09800,5.03743,1.879e-04,0.893,0.696,28260
2095,4.99119,5.03743,1.876e-04,0.908,0.751,28294
2096,4.98575,5.03743,1.874e-04,0.947,0.782,28318
2097,5.10782,5.03743,1.871e-04,0.974,0.816,28326
2098,4.97867,5.03743,1.869e-04,0.908,0.753,28403
2099,5.05578,5.03743,1.866e-04,1.015,0.869,28472
2100,5.03458,5.03743,1.864e-04,0.989,0.848,28302
2101,5.06364,5.03743,1.861e-04,1.063,0.936,27941
2102,4.96290,5.03743,1.858e-04,0.971,0.841,28289
2103,5.02598,5.03743,1.856e-04,0.864,0.692,28286
2104,4.96795,5.03743,1.853e-04,1.043,0.907,28339
2105,5.02975,5.03743,1.851e-04,0.960,0.817,28487
2106,4.87855,5.03743,1.848e-04,0.986,0.848,28342
2107,5.02745,5.03743,1.846e-04,0.941,0.774,28296
2108,5.04539,5.03743,1.843e-04,0.980,0.821,28313
2109,4.81012,5.03743,1.841e-04,0.919,0.766,28286
2110,4.96993,5.03743,1.838e-04,0.901,0.728,28306
2111,4.94515,5.03743,1.835e-04,1.003,0.848,28444
2112,4.99058,5.03743,1.833e-04,1.020,0.877,28416
2113,4.87968,5.03743,1.830e-04,1.014,0.872,28301
2114,4.79862,5.03743,1.828e-04,1.255,1.137,28374
2115,5.07282,5.03743,1.825e-04,0.918,0.730,28295
2116,5.16143,5.03743,1.823e-04,1.157,1.015,28291
2117,5.08111,5.03743,1.820e-04,0.957,0.785,28406
2118,5.05411,5.03743,1.818e-04,0.919,0.774,28448
2119,5.00305,5.03743,1.815e-04,0.944,0.784,28316
2120,5.09546,5.03743,1.813e-04,0.934,0.767,28288
2121,5.06095,5.03743,1.810e-04,0.998,0.866,27988
2122,5.12180,5.03743,1.808e-04,0.858,0.704,28267
2123,5.16457,5.03743,1.805e-04,1.011,0.847,28297
2124,4.99572,5.03743,1.802e-04,0.950,0.805,28477
2125,5.11288,5.03743,1.800e-04,1.001,0.829,28366
2126,5.01459,5.03743,1.797e-04,0.985,0.831,28308
2127,4.98817,5.03743,1.795e-04,0.960,0.813,28274
2128,5.19724,5.03743,1.792e-04,1.116,0.986,28309
2129,4.88336,5.03743,1.790e-04,0.956,0.815,28262
2130,4.74034,5.03743,1.787e-04,0.968,0.838,28440
2131,4.96234,5.03743,1.785e-04,1.127,0.981,28395
2132,4.78098,5.03743,1.782e-04,0.987,0.859,28329
2133,4.85807,5.03743,1.780e-04,0.943,0.792,28290
2134,4.96879,5.03743,1.777e-04,0.960,0.787,28300
2135,4.99592,5.03743,1.775e-04,1.097,0.964,28310
2136,4.97714,5.03743,1.772e-04,0.978,0.835,28388
2137,4.94697,5.03743,1.770e-04,1.143,1.022,28441
2138,5.07961,5.03743,1.767e-04,1.122,0.976,28339
2139,5.16317,5.03743,1.765e-04,0.885,0.718,28393
2140,5.04079,5.03743,1.762e-04,1.126,0.978,28276
2141,5.11509,5.03743,1.760e-04,0.949,0.779,28053
2142,4.80419,5.03743,1.757e-04,1.099,0.965,28201
2143,5.13552,5.03743,1.755e-04,0.893,0.707,28456
2144,5.09944,5.03743,1.752e-04,0.946,0.788,28378
2145,4.85727,5.03743,1.750e-04,1.009,0.855,28292
2146,4.81051,5.03743,1.747e-04,0.860,0.707,28286
2147,4.91990,5.03743,1.745e-04,0.914,0.759,28319
2148,5.15657,5.03743,1.743e-04,1.061,0.906,28331
2149,4.88165,5.03743,1.740e-04,0.940,0.789,28373
2150,4.94485,5.03743,1.738e-04,0.988,0.847,28431
2151,5.06914,5.03743,1.735e-04,1.043,0.870,28316
2152,4.92927,5.03743,1.733e-04,0.906,0.755,28309
2153,4.95657,5.03743,1.730e-04,1.055,0.914,28277
2154,4.91045,5.03743,1.728e-04,0.899,0.759,28303
2155,4.93308,5.03743,1.725e-04,0.875,0.724,28320
2156,5.08600,5.03743,1.723e-04,1.156,1.043,28454
2157,5.00144,5.03743,1.720e-04,1.019,0.884,28338
2158,4.95899,5.03743,1.718e-04,1.072,0.942,28295
2159,4.96556,5.03743,1.715e-04,1.255,1.136,28269
2160,5.05330,5.03743,1.713e-04,0.923,0.775,28295
2161,5.03537,5.03743,1.711e-04,0.913,0.753,28014
2162,4.99944,5.03743,1.708e-04,0.965,0.819,28290
2163,4.83504,5.03743,1.706e-04,1.248,1.138,28406
2164,5.05187,5.03743,1.703e-04,1.143,1.011,28302
2165,5.00230,5.03743,1.701e-04,1.141,1.021,28309
2166,5.21836,5.03743,1.698e-04,1.054,0.888,28310
2167,4.98457,5.03743,1.696e-04,0.837,0.676,28277
2168,5.09996,5.03743,1.693e-04,1.074,0.920,28379
2169,4.97871,5.03743,1.691e-04,0.890,0.713,28418
2170,5.03213,5.03743,1.689e-04,0.883,0.718,28303
2171,5.09605,5.03743,1.686e-04,0.897,0.736,28285
2172,5.02904,5.03743,1.684e-04,0.867,0.696,28317
2173,4.81580,5.03743,1.681e-04,0.987,0.846,28290
2174,5.16971,5.03743,1.679e-04,0.937,0.789,28325
2175,4.97863,5.03743,1.676e-04,1.035,0.912,28476
2176,5.09561,5.03743,1.674e-04,0.952,0.796,28337
2177,4.90014,5.03743,1.672e-04,0.891,0.738,28323
2178,5.10054,5.03743,1.669e-04,0.976,0.810,28289
2179,5.12508,5.03743,1.667e-04,0.906,0.750,28302
2180,4.96147,5.03743,1.664e-04,1.373,1.265,28281
2181,5.04137,5.03743,1.662e-04,0.857,0.710,28032
2182,5.11084,5.03743,1.660e-04,1.204,1.083,28403
2183,5.05313,5.03743,1.657e-04,1.032,0.896,28311
2184,5.01431,5.03743,1.655e-04,1.082,0.954,28313
2185,4.74669,5.03743,1.652e-04,1.298,1.145,28272
2186,4.86736,5.03743,1.650e-04,1.082,0.948,28312
2187,4.99621,5.03743,1.648e-04,1.212,1.092,28399
2188,5.00086,5.03743,1.645e-04,1.445,1.342,28444
2189,5.11133,5.03743,1.643e-04,0.909,0.733,28332
2190,5.02997,5.03743,1.640e-04,1.158,1.004,28276
2191,5.00612,5.03743,1.638e-04,1.052,0.928,28335
2192,5.00663,5.03743,1.636e-04,1.203,1.077,28266
2193,5.02547,5.03743,1.633e-04,1.033,0.887,28345
2194,5.03070,5.03743,1.631e-04,0.949,0.795,28458
2195,4.97034,5.03743,1.628e-04,0.851,0.705,28357
2196,5.00924,5.03743,1.626e-04,1.141,1.007,28312
2197,5.00268,5.03743,1.624e-04,1.108,0.978,28320
2198,4.92313,5.03743,1.621e-04,0.975,0.822,28291
2199,4.96754,5.03743,1.619e-04,1.090,0.960,28307
2200,4.99067,5.03743,1.617e-04,1.031,0.896,28421
2201,5.24877,5.03743,1.614e-04,0.999,0.815,28014
2202,4.95396,5.03743,1.612e-04,0.874,0.722,28305
2203,4.88621,5.03743,1.609e-04,1.068,0.917,28311
2204,4.83497,5.03743,1.607e-04,0.912,0.760,28303
2205,5.09273,5.03743,1.605e-04,0.952,0.779,28329
2206,4.96111,5.03743,1.602e-04,0.980,0.835,28355
2207,5.07874,5.03743,1.600e-04,0.907,0.751,28553
2208,5.02976,5.03743,1.598e-04,1.059,0.918,28346
2209,5.13074,5.03743,1.595e-04,0.879,0.722,28285
2210,4.75978,5.03743,1.593e-04,1.106,0.976,28279
2211,4.96671,5.03743,1.591e-04,0.998,0.833,28296
2212,5.04948,5.03743,1.588e-04,0.962,0.799,28327
2213,4.78642,5.03743,1.586e-04,1.147,0.940,28454
2214,4.91066,5.03743,1.584e-04,0.927,0.753,28377
2215,4.86481,5.03743,1.581e-04,0.968,0.800,28339
2216,4.86705,5.03743,1.579e-04,0.981,0.832,28305
2217,4.87449,5.03743,1.577e-04,0.906,0.739,28296
2218,4.90283,5.03743,1.574e-04,1.347,1.223,28296
2219,4.79844,5.03743,1.572e-04,0.892,0.740,28397
2220,5.03738,5.03743,1.570e-04,1.097,0.939,28442
2221,4.96124,5.03743,1.567e-04,0.989,0.843,27966
2222,4.97163,5.03743,1.565e-04,1.008,0.864,28298
2223,4.89121,5.03743,1.563e-04,0.982,0.852,28319
2224,5.08407,5.03743,1.560e-04,1.042,0.859,28305
2225,4.81522,5.03743,1.558e-04,1.178,1.040,28336
2226,4.99945,5.03743,1.556e-04,1.022,0.857,28455
2227,5.02665,5.03743,1.553e-04,1.044,0.906,28342
2228,4.76936,5.03743,1.551e-04,0.930,0.788,28325
2229,4.98290,5.03743,1.549e-04,0.994,0.851,28332
2230,4.92076,5.03743,1.546e-04,1.048,0.893,28359
2231,4.95379,5.03743,1.544e-04,1.012,0.847,28343
2232,4.95742,5.03743,1.542e-04,0.895,0.742,28392
2233,5.08163,5.03743,1.540e-04,0.958,0.795,28431
2234,5.00689,5.03743,1.537e-04,0.898,0.732,28318
2235,5.03087,5.03743,1.535e-04,1.054,0.924,28310
2236,4.79700,5.03743,1.533e-04,0.891,0.739,28279
2237,4.91181,5.03743,1.530e-04,0.927,0.764,28312
2238,5.10170,5.03743,1.528e-04,0.946,0.751,28375
2239,5.04758,5.03743,1.526e-04,0.917,0.757,28426
2240,5.06497,5.03743,1.524e-04,0.969,0.792,28336
2241,4.98612,5.03743,1.521e-04,0.933,0.765,27969
2242,4.98855,5.03743,1.519e-04,0.889,0.712,28309
2243,5.15469,5.03743,1.517e-04,0.967,0.790,28280
2244,4.89818,5.03743,1.514e-04,0.941,0.790,28332
2245,4.80492,5.03743,1.512e-04,0.992,0.843,28451
2246,4.91038,5.03743,1.510e-04,0.974,0.815,28352
2247,4.96960,5.03743,1.508e-04,1.076,0.926,28289
2248,5.06730,5.03743,1.505e-04,0.935,0.756,28290
2249,5.10512,5.03743,1.503e-04,0.950,0.789,28281
2250,5.13427,4.97331,1.501e-04,1.090,0.955,8609
2251,5.07086,4.97331,1.499e-04,1.013,0.861,28378
2252,4.94887,4.97331,1.496e-04,0.974,0.822,28249
2253,5.09109,4.97331,1.494e-04,1.026,0.861,28359
2254,4.97341,4.97331,1.492e-04,0.980,0.821,28449
2255,4.96819,4.97331,1.490e-04,1.017,0.856,28290
2256,5.00708,4.97331,1.487e-04,1.006,0.841,28273
2257,5.00540,4.97331,1.485e-04,1.041,0.887,28277
2258,5.14721,4.97331,1.483e-04,1.019,0.872,28296
2259,4.76655,4.97331,1.481e-04,1.066,0.902,28312
2260,4.82253,4.97331,1.478e-04,0.980,0.837,28446
2261,5.04520,4.97331,1.476e-04,0.897,0.744,27998
2262,4.89229,4.97331,1.474e-04,1.265,1.135,28315
2263,4.95256,4.97331,1.472e-04,0.940,0.772,28281
2264,5.04891,4.97331,1.469e-04,1.421,1.275,28302
2265,4.98231,4.97331,1.467e-04,0.928,0.779,28326
2266,4.92405,4.97331,1.465e-04,0.934,0.787,28404
2267,4.93303,4.97331,1.463e-04,1.104,0.963,28396
2268,5.02214,4.97331,1.461e-04,0.905,0.716,28320
2269,4.89876,4.97331,1.458e-04,1.256,1.135,28274
2270,5.09719,4.97331,1.456e-04,1.062,0.913,28319
2271,5.11655,4.97331,1.454e-04,0.981,0.811,28362
2272,5.07206,4.97331,1.452e-04,0.866,0.711,28348
2273,4.95885,4.97331,1.450e-04,0.894,0.721,28576
2274,5.04071,4.97331,1.447e-04,0.949,0.756,28309
2275,4.98586,4.97331,1.445e-04,1.037,0.881,28277
2276,5.10747,4.97331,1.443e-04,0.850,0.687,28297
2277,4.98208,4.97331,1.441e-04,0.961,0.808,28331
2278,5.04860,4.97331,1.439e-04,0.996,0.857,28280
2279,5.04519,4.97331,1.436e-04,0.959,0.792,28453
2280,4.81454,4.97331,1.434e-04,1.120,0.980,28396
2281,4.87943,4.97331,1.432e-04,0.896,0.733,27966
2282,5.05341,4.97331,1.430e-04,1.315,1.206,28298
2283,4.94752,4.97331,1.428e-04,1.087,0.905,28301
2284,5.08800,4.97331,1.425e-04,1.040,0.882,28293
2285,4.90901,4.97331,1.423e-04,1.235,1.121,28426
2286,4.98536,4.97331,1.421e-04,0.872,0.690,28424
2287,4.97322,4.97331,1.419e-04,0.988,0.819,28294
2288,5.04006,4.97331,1.417e-04,0.979,0.810,28268
2289,4.96307,4.97331,1.415e-04,0.916,0.756,28317
2290,4.96597,4.97331,1.412e-04,0.961,0.793,28304
2291,5.00939,4.97331,1.410e-04,0.901,0.736,28369
2292,4.92113,4.97331,1.408e-04,1.018,0.873,28477
2293,4.76156,4.97331,1.406e-04,0.916,0.767,28356
2294,4.80580,4.97331,1.404e-04,0.906,0.734,28308
2295,4.89478,4.97331,1.402e-04,0.979,0.831,28332
2296,4.79457,4.97331,1.399e-04,1.085,0.929,28329
2297,5.01850,4.97331,1.397e-04,1.080,0.924,28308
2298,4.99866,4.97331,1.395e-04,1.071,0.933,28427
2299,5.05209,4.97331,1.393e-04,1.195,1.067,28398
2300,5.24009,4.97331,1.391e-04,0.942,0.772,28302
2301,4.87324,4.97331,1.389e-04,0.850,0.688,27966
2302,4.83967,4.97331,1.387e-04,1.492,1.377,28273
2303,4.96734,4.97331,1.384e-04,0.934,0.774,28289
2304,5.09039,4.97331,1.382e-04,0.964,0.818,28354
2305,5.04063,4.97331,1.380e-04,1.196,1.069,28458
2306,5.08901,4.97331,1.378e-04,0.903,0.747,28295
2307,4.83754,4.97331,1.376e-04,1.114,0.991,28295
2308,5.08741,4.97331,1.374e-04,1.014,0.845,28297
2309,4.99445,4.97331,1.372e-04,0.969,0.815,28271
2310,4.90092,4.97331,1.370e-04,0.981,0.841,28366
2311,4.93541,4.97331,1.367e-04,0.933,0.787,28431
2312,4.85324,4.97331,1.365e-04,0.954,0.788,28360
2313,5.00540,4.97331,1.363e-04,1.290,1.160,28284
2314,5.02145,4.97331,1.361e-04,1.074,0.910,28332
2315,5.05831,4.97331,1.359e-04,0.926,0.756,28297
2316,4.87586,4.97331,1.357e-04,0.920,0.766,28392
2317,5.02063,4.97331,1.355e-04,0.872,0.686,28397
2318,4.98438,4.97331,1.353e-04,0.883,0.714,28436
2319,4.92387,4.97331,1.351e-04,0.951,0.758,28328
2320,4.95260,4.97331,1.348e-04,0.924,0.759,28282
2321,4.87752,4.97331,1.346e-04,0.902,0.726,27998
2322,4.96002,4.97331,1.344e-04,1.000,0.813,28247
2323,4.90498,4.97331,1.342e-04,0.971,0.816,28355
2324,5.06625,4.97331,1.340e-04,1.235,1.105,28442
2325,4.98019,4.97331,1.338e-04,1.065,0.919,28290
2326,5.12795,4.97331,1.336e-04,0.968,0.794,28337
2327,5.03756,4.97331,1.334e-04,1.076,0.935,28283
2328,4.91329,4.97331,1.332e-04,0.915,0.767,28284
2329,4.99579,4.97331,1.330e-04,1.007,0.848,28316
2330,5.02797,4.97331,1.328e-04,1.163,1.013,28471
2331,4.92012,4.97331,1.326e-04,0.942,0.800,28357
2332,4.99586,4.97331,1.324e-04,1.186,1.044,28272
2333,4.88024,4.97331,1.321e-04,1.026,0.847,28320
2334,5.01969,4.97331,1.319e-04,1.017,0.865,28289
2335,4.99804,4.97331,1.317e-04,1.064,0.890,28287
2336,4.98426,4.97331,1.315e-04,0.987,0.810,28407
2337,4.98025,4.97331,1.313e-04,1.168,1.031,28453
2338,4.94102,4.97331,1.311e-04,1.039,0.898,28292
2339,4.95703,4.97331,1.309e-04,0.891,0.736,28348
2340,4.85269,4.97331,1.307e-04,1.186,1.051,28277
2341,4.97768,4.97331,1.305e-04,1.036,0.879,28026
2342,4.78356,4.97331,1.303e-04,1.014,0.869,28283
2343,4.98075,4.97331,1.301e-04,1.190,1.048,28450
2344,4.90283,4.97331,1.299e-04,1.007,0.858,28338
2345,4.95248,4.97331,1.297e-04,1.202,1.067,28278
2346,5.00732,4.97331,1.295e-04,1.009,0.843,28318
2347,5.12618,4.97331,1.293e-04,0.917,0.760,28330
2348,4.84849,4.97331,1.291e-04,0.998,0.856,28324
2349,4.85011,4.97331,1.289e-04,0.928,0.768,28438
2350,5.02988,4.97331,1.287e-04,1.054,0.881,28398
2351,4.92766,4.97331,1.285e-04,1.167,1.030,28298
2352,5.11371,4.97331,1.283e-04,0.957,0.778,28319
2353,4.90382,4.97331,1.281e-04,1.064,0.921,28326
2354,5.03890,4.97331,1.279e-04,1.080,0.953,28305
2355,4.85992,4.97331,1.277e-04,1.017,0.864,28356
2356,4.84440,4.97331,1.275e-04,1.078,0.916,28455
2357,4.90707,4.97331,1.273e-04,1.013,0.870,28304
2358,4.79486,4.97331,1.271e-04,1.022,0.825,28290
2359,4.91861,4.97331,1.269e-04,0.955,0.793,28322
2360,4.95513,4.97331,1.267e-04,0.951,0.800,28285
2361,4.89129,4.97331,1.265e-04,0.913,0.774,28047
2362,4.82777,4.97331,1.263e-04,1.056,0.891,28300
2363,4.98064,4.97331,1.261e-04,1.024,0.842,28313
2364,4.88921,4.97331,1.259e-04,1.088,0.943,28401
2365,5.00562,4.97331,1.257e-04,0.938,0.774,28309
2366,5.15848,4.97331,1.255e-04,1.110,0.944,28320
2367,4.88286,4.97331,1.253e-04,1.247,1.110,28294
2368,4.82822,4.97331,1.251e-04,1.035,0.890,28401
2369,4.95311,4.97331,1.249e-04,1.142,1.010,28410
2370,4.87049,4.97331,1.247e-04,1.145,0.996,28274
2371,5.17160,4.97331,1.245e-04,0.961,0.773,28321
2372,4.89924,4.97331,1.243e-04,1.272,1.136,28299
2373,5.05961,4.97331,1.241e-04,0.911,0.730,28292
2374,4.97182,4.97331,1.239e-04,1.042,0.868,28395
2375,5.01391,4.97331,1.237e-04,0.944,0.764,28467
2376,4.95207,4.97331,1.235e-04,0.923,0.749,28334
2377,5.00717,4.97331,1.233e-04,1.009,0.834,28321
2378,4.83618,4.97331,1.231e-04,0.993,0.836,28318
2379,4.91396,4.97331,1.229e-04,1.008,0.871,28289
2380,4.86299,4.97331,1.227e-04,1.047,0.908,28336
2381,4.83415,4.97331,1.225e-04,0.954,0.805,28052
2382,4.87121,4.97331,1.223e-04,0.993,0.815,28332
2383,4.91124,4.97331,1.222e-04,1.127,0.988,28308
2384,4.95882,4.97331,1.220e-04,1.198,1.067,28342
2385,5.08706,4.97331,1.218e-04,0.977,0.816,28309
2386,4.83008,4.97331,1.216e-04,1.049,0.897,28343
2387,5.10026,4.97331,1.214e-04,1.145,0.965,28439
2388,4.92546,4.97331,1.212e-04,0.993,0.851,28428
2389,5.02570,4.97331,1.210e-04,1.738,1.624,28330
2390,5.03839,4.97331,1.208e-04,1.230,1.076,28313
2391,4.93123,4.97331,1.206e-04,0.993,0.833,28314
2392,4.89558,4.97331,1.204e-04,1.038,0.867,28323
2393,5.06103,4.97331,1.202e-04,1.062,0.898,28376
2394,4.76793,4.97331,1.200e-04,1.133,1.000,28494
2395,4.99352,4.97331,1.199e-04,1.264,1.102,28322
2396,4.90517,4.97331,1.197e-04,0.973,0.815,28323
2397,4.94708,4.97331,1.195e-04,1.130,0.944,28340
2398,4.75091,4.97331,1.193e-04,0.847,0.676,28326
2399,4.97001,4.97331,1.191e-04,1.034,0.881,28296
2400,4.96886,4.97331,1.189e-04,0.971,0.816,28422
2401,4.93059,4.97331,1.187e-04,0.926,0.745,28059
2402,4.85231,4.97331,1.185e-04,1.028,0.868,28293
2403,4.95585,4.97331,1.183e-04,0.921,0.770,28299
2404,4.80515,4.97331,1.182e-04,0.927,0.748,28328
2405,5.06505,4.97331,1.180e-04,1.005,0.837,28295
2406,4.81638,4.97331,1.178e-04,1.163,0.998,28418
2407,5.00385,4.97331,1.176e-04,0.866,0.699,28526
2408,4.87109,4.97331,1.174e-04,0.998,0.816,28306
2409,4.92016,4.97331,1.172e-04,1.113,0.966,28292
2410,4.79278,4.97331,1.170e-04,0.953,0.789,28327
2411,4.92276,4.97331,1.168e-04,1.052,0.897,28294
2412,5.05739,4.97331,1.167e-04,1.020,0.847,28358
2413,5.06324,4.97331,1.165e-04,1.006,0.789,28448
2414,4.95417,4.97331,1.163e-04,0.980,0.809,28354
2415,4.84063,4.97331,1.161e-04,0.888,0.717,28302
2416,4.94339,4.97331,1.159e-04,1.145,0.987,28305
2417,4.97808,4.97331,1.157e-04,1.015,0.841,28323
2418,5.08816,4.97331,1.155e-04,0.986,0.819,28266
2419,4.97097,4.97331,1.154e-04,0.923,0.759,28423
2420,5.00681,4.97331,1.152e-04,1.039,0.887,28407
2421,4.92890,4.97331,1.150e-04,0.885,0.713,28028
2422,5.03313,4.97331,1.148e-04,0.946,0.771,28261
2423,4.89534,4.97331,1.146e-04,0.908,0.747,28324
2424,5.05620,4.97331,1.144e-04,1.091,0.925,28294
2425,4.91431,4.97331,1.143e-04,1.005,0.809,28393
2426,4.98148,4.97331,1.141e-04,0.970,0.788,28453
2427,4.78556,4.97331,1.139e-04,1.411,1.309,28297
2428,4.89944,4.97331,1.137e-04,1.181,1.044,28285
2429,5.03186,4.97331,1.135e-04,1.106,0.916,28312
2430,4.78959,4.97331,1.134e-04,1.186,1.049,28322
2431,5.06719,4.97331,1.132e-04,0.958,0.785,28326
2432,4.93465,4.97331,1.130e-04,1.037,0.892,28515
2433,4.84554,4.97331,1.128e-04,0.943,0.767,28380
2434,4.97495,4.97331,1.126e-04,0.955,0.779,28315
2435,5.13500,4.97331,1.125e-04,1.074,0.908,28278
2436,4.62668,4.97331,1.123e-04,0.866,0.703,28315
2437,5.07535,4.97331,1.121e-04,0.888,0.724,28336
2438,4.96836,4.97331,1.119e-04,0.915,0.750,28383
2439,5.06141,4.97331,1.117e-04,1.014,0.832,28434
2440,5.02373,4.97331,1.116e-04,0.888,0.716,28296
2441,4.89489,4.97331,1.114e-04,0.913,0.743,27963
2442,5.07694,4.97331,1.112e-04,1.007,0.829,28250
2443,4.80353,4.97331,1.110e-04,0.973,0.791,28313
2444,4.95840,4.97331,1.109e-04,0.954,0.785,28366
2445,4.94551,4.97331,1.107e-04,0.917,0.759,28460
2446,4.98216,4.97331,1.105e-04,1.028,0.858,28336
2447,4.99271,4.97331,1.103e-04,0.890,0.726,28311
2448,4.89130,4.97331,1.101e-04,0.927,0.749,28316
2449,4.85708,4.97331,1.100e-04,0.927,0.769,28299
2450,4.87853,4.97331,1.098e-04,0.956,0.786,28333
2451,5.03458,4.97331,1.096e-04,1.063,0.917,28399
2452,5.04051,4.97331,1.094e-04,1.066,0.890,28398
2453,4.97333,4.97331,1.093e-04,0.947,0.780,28313
2454,4.85444,4.97331,1.091e-04,0.944,0.764,28305
2455,5.10899,4.97331,1.089e-04,0.992,0.821,28385
2456,4.89550,4.97331,1.088e-04,0.992,0.845,28316
2457,4.98516,4.97331,1.086e-04,0.979,0.828,28357
2458,4.82160,4.97331,1.084e-04,1.012,0.847,28447
2459,4.95814,4.97331,1.082e-04,1.073,0.931,28299
2460,4.88970,4.97331,1.081e-04,1.089,0.954,28314
2461,4.92966,4.97331,1.079e-04,0.981,0.794,28012
2462,4.80775,4.97331,1.077e-04,1.212,1.084,28245
2463,4.91907,4.97331,1.075e-04,1.057,0.896,28355
2464,4.96534,4.97331,1.074e-04,1.192,1.067,28442
2465,4.90876,4.97331,1.072e-04,1.056,0.895,28337
2466,4.92326,4.97331,1.070e-04,0.928,0.753,28329
2467,4.81724,4.97331,1.069e-04,1.098,0.961,28327
2468,5.19455,4.97331,1.067e-04,0.916,0.752,28314
2469,5.04467,4.97331,1.065e-04,0.924,0.756,28296
2470,5.00371,4.97331,1.063e-04,0.997,0.836,28426
2471,4.74574,4.97331,1.062e-04,1.078,0.936,28402
2472,5.03001,4.97331,1.060e-04,0.915,0.751,28301
2473,4.99841,4.97331,1.058e-04,0.950,0.791,28309
2474,4.89394,4.97331,1.057e-04,0.909,0.733,28315
2475,4.88279,4.97331,1.055e-04,1.023,0.832,28365
2476,4.96420,4.97331,1.053e-04,0.956,0.785,28380
2477,4.79284,4.97331,1.052e-04,0.935,0.784,28468
2478,4.93503,4.97331,1.050e-04,0.924,0.760,28324
2479,4.78393,4.97331,1.048e-04,0.907,0.737,28303
2480,4.84500,4.97331,1.047e-04,1.016,0.814,28311
2481,4.90195,4.97331,1.045e-04,1.017,0.841,28042
2482,4.92094,4.97331,1.043e-04,0.989,0.819,28217
2483,4.82775,4.97331,1.042e-04,0.880,0.707,28459
2484,4.98777,4.97331,1.040e-04,0.913,0.750,28366
2485,4.96022,4.97331,1.038e-04,0.930,0.766,28316
2486,4.97025,4.97331,1.037e-04,0.964,0.793,28297
2487,4.89345,4.97331,1.035e-04,0.949,0.780,28306
2488,4.84154,4.97331,1.033e-04,0.957,0.776,28296
2489,5.08018,4.97331,1.032e-04,0.935,0.747,28392
2490,4.83847,4.97331,1.030e-04,0.920,0.736,28443
2491,4.85037,4.97331,1.028e-04,1.076,0.918,28329
2492,5.02227,4.97331,1.027e-04,0.910,0.746,28269
2493,4.88430,4.97331,1.025e-04,0.934,0.748,28306
2494,4.81087,4.97331,1.024e-04,1.042,0.897,28287
2495,4.87450,4.97331,1.022e-04,0.951,0.783,28351
2496,5.09247,4.97331,1.020e-04,1.048,0.836,28465
2497,4.95407,4.97331,1.019e-04,1.027,0.857,28359
2498,4.82711,4.97331,1.017e-04,0.864,0.690,28360
2499,4.97003,4.97331,1.015e-04,0.985,0.803,28310
2500,4.91033,4.92889,1.014e-04,0.892,0.736,8572
2501,4.94706,4.92889,1.012e-04,1.085,0.935,28329
2502,4.97494,4.92889,1.011e-04,1.064,0.871,28197
2503,4.81122,4.92889,1.009e-04,1.105,0.949,28312
2504,4.98618,4.92889,1.007e-04,1.080,0.927,28360
2505,4.90118,4.92889,1.006e-04,0.944,0.765,28451
2506,4.88416,4.92889,1.004e-04,1.043,0.850,28271
2507,4.92265,4.92889,1.003e-04,1.156,0.997,28290
2508,4.94286,4.92889,1.001e-04,1.162,1.034,28320
2509,4.78169,4.92889,9.995e-05,0.978,0.817,28312
2510,5.09608,4.92889,9.979e-05,1.121,0.957,28353
2511,4.88397,4.92889,9.963e-05,0.906,0.747,28482
2512,4.89453,4.92889,9.947e-05,1.146,1.017,28337
2513,4.67072,4.92889,9.931e-05,1.004,0.859,28325
2514,5.06413,4.92889,9.916e-05,1.004,0.826,28251
2515,4.98224,4.92889,9.900e-05,1.141,0.989,28324
2516,4.94790,4.92889,9.884e-05,1.040,0.880,28296
2517,5.04319,4.92889,9.869e-05,1.043,0.872,28461
2518,4.83725,4.92889,9.853e-05,0.939,0.780,28371
2519,4.92642,4.92889,9.837e-05,1.092,0.949,28314
2520,4.98226,4.92889,9.822e-05,0.927,0.742,28305
2521,4.82245,4.92889,9.806e-05,0.903,0.745,27968
2522,4.96520,4.92889,9.791e-05,1.216,1.085,28278
2523,4.97794,4.92889,9.775e-05,0.881,0.726,28382
2524,4.93032,4.92889,9.760e-05,0.952,0.795,28460
2525,4.84780,4.92889,9.745e-05,1.054,0.899,28305
2526,4.97814,4.92889,9.729e-05,0.953,0.780,28330
2527,4.90855,4.92889,9.714e-05,0.931,0.764,28258
2528,4.74657,4.92889,9.699e-05,0.923,0.740,28316
2529,4.85120,4.92889,9.683e-05,0.926,0.768,28334
2530,4.79467,4.92889,9.668e-05,0.936,0.782,28462
2531,4.98042,4.92889,9.653e-05,0.895,0.722,28336
2532,4.88682,4.92889,9.638e-05,1.065,0.922,28288
2533,4.94924,4.92889,9.622e-05,0.911,0.738,28272
2534,4.98734,4.92889,9.607e-05,0.976,0.810,28303
2535,4.82914,4.92889,9.592e-05,1.081,0.953,28278
2536,4.87867,4.92889,9.577e-05,0.929,0.761,28434
2537,4.98825,4.92889,9.562e-05,1.053,0.888,28423
2538,4.96503,4.92889,9.547e-05,0.965,0.801,28305
2539,4.93032,4.92889,9.532e-05,0.885,0.725,28326
2540,4.76896,4.92889,9.517e-05,1.020,0.859,28290
2541,5.06858,4.92889,9.502e-05,1.195,1.009,28080
2542,5.00707,4.92889,9.487e-05,0.979,0.792,28298
2543,4.87923,4.92889,9.472e-05,0.991,0.818,28473
2544,5.09189,4.92889,9.457e-05,1.017,0.840,28298
2545,4.86877,4.92889,9.443e-05,0.969,0.772,28307
2546,4.99769,4.92889,9.428e-05,1.121,0.954,28312
2547,4.98816,4.92889,9.413e-05,1.019,0.864,28323
2548,5.15508,4.92889,9.398e-05,1.096,0.935,28289
2549,4.88220,4.92889,9.384e-05,1.183,1.037,28403
2550,4.97091,4.92889,9.369e-05,0.895,0.713,28356
2551,4.97431,4.92889,9.354e-05,1.056,0.898,28311
2552,4.76491,4.92889,9.340e-05,1.160,0.994,28281
2553,5.04188,4.92889,9.325e-05,0.988,0.819,28277
2554,4.91159,4.92889,9.311e-05,1.006,0.840,28297
2555,4.99894,4.92889,9.296e-05,0.936,0.752,28436
2556,4.88343,4.92889,9.282e-05,0.989,0.810,28431
2557,5.11652,4.92889,9.267e-05,0.998,0.809,28287
2558,4.87199,4.92889,9.253e-05,0.908,0.727,28313
2559,4.93030,4.92889,9.238e-05,0.984,0.816,28261
2560,4.90036,4.92889,9.224e-05,0.989,0.796,28271
2561,4.91196,4.92889,9.210e-05,0.913,0.738,28083
2562,4.98871,4.92889,9.195e-05,0.868,0.690,28381
2563,4.88153,4.92889,9.181e-05,1.016,0.856,28290
2564,5.00783,4.92889,9.167e-05,0.972,0.795,28370
2565,4.73751,4.92889,9.153e-05,1.214,1.089,28296
2566,4.83456,4.92889,9.138e-05,0.882,0.716,28308
2567,5.08238,4.92889,9.124e-05,0.914,0.751,28327
2568,4.81955,4.92889,9.110e-05,1.079,0.941,28402
2569,5.00038,4.92889,9.096e-05,1.077,0.922,28380
2570,4.77307,4.92889,9.082e-05,0.918,0.766,28318
2571,4.99846,4.92889,9.068e-05,1.085,0.932,28291
2572,4.93979,4.92889,9.054e-05,1.207,1.087,28304
2573,4.96847,4.92889,9.040e-05,0.964,0.782,28295
2574,4.84156,4.92889,9.026e-05,0.999,0.840,28410
2575,4.89226,4.92889,9.012e-05,1.076,0.929,28400
2576,5.07896,4.92889,8.998e-05,1.059,0.880,28253
2577,4.86597,4.92889,8.984e-05,0.947,0.770,28310
2578,4.87247,4.92889,8.970e-05,1.394,1.256,28308
2579,4.92537,4.92889,8.957e-05,0.968,0.810,28282
2580,4.87505,4.92889,8.943e-05,0.948,0.788,28361
2581,4.80041,4.92889,8.929e-05,0.880,0.696,28006
2582,4.94691,4.92889,8.915e-05,1.003,0.822,28327
2583,4.95282,4.92889,8.902e-05,0.893,0.723,28299
2584,5.04543,4.92889,8.888e-05,0.962,0.780,28322
2585,4.91432,4.92889,8.874e-05,1.260,1.105,28308
2586,4.88140,4.92889,8.861e-05,0.959,0.799,28328
2587,4.85635,4.92889,8.847e-05,1.087,0.928,28457
2588,5.00717,4.92889,8.834e-05,0.882,0.717,28390
2589,4.98216,4.92889,8.820e-05,1.115,0.967,28419
2590,4.85823,4.92889,8.807e-05,1.120,0.943,28279
2591,4.85086,4.92889,8.793e-05,1.004,0.828,28285
2592,5.03505,4.92889,8.780e-05,1.002,0.813,28317
2593,4.66368,4.92889,8.767e-05,1.036,0.875,28423
2594,4.91145,4.92889,8.753e-05,0.999,0.833,28449
2595,4.93683,4.92889,8.740e-05,1.058,0.891,28292
2596,4.99036,4.92889,8.727e-05,1.021,0.847,28275
2597,5.15726,4.92889,8.713e-05,1.021,0.844,28288
2598,4.93018,4.92889,8.700e-05,1.031,0.843,28293
2599,4.98067,4.92889,8.687e-05,1.113,0.930,28315
2600,4.84350,4.92889,8.674e-05,1.057,0.916,28459
2601,4.94822,4.92889,8.661e-05,1.053,0.893,28017
2602,5.00164,4.92889,8.648e-05,0.990,0.790,28299
2603,4.78995,4.92889,8.635e-05,0.978,0.811,28315
2604,4.91953,4.92889,8.622e-05,0.920,0.744,28296
2605,4.64661,4.92889,8.609e-05,0.977,0.813,28299
2606,4.75882,4.92889,8.596e-05,0.971,0.802,28426
2607,4.85189,4.92889,8.583e-05,0.980,0.824,28386
2608,5.03188,4.92889,8.570e-05,0.936,0.758,28334
2609,5.05233,4.92889,8.557e-05,0.984,0.798,28305
2610,4.93570,4.92889,8.544e-05,0.977,0.824,28304
2611,4.86039,4.92889,8.531e-05,0.946,0.781,28337
2612,4.70660,4.92889,8.518e-05,1.013,0.856,28419
2613,4.74281,4.92889,8.506e-05,0.926,0.745,28452
2614,4.92651,4.92889,8.493e-05,1.007,0.833,28285
2615,4.78122,4.92889,8.480e-05,0.923,0.753,28304
2616,5.01198,4.92889,8.467e-05,0.923,0.753,28315
2617,4.91386,4.92889,8.455e-05,1.095,0.949,28304
2618,4.64207,4.92889,8.442e-05,0.966,0.797,28307
2619,4.86189,4.92889,8.430e-05,0.965,0.800,28439
2620,5.02781,4.92889,8.417e-05,1.108,0.947,28391
2621,4.92523,4.92889,8.405e-05,0.917,0.736,27973
2622,5.05986,4.92889,8.392e-05,1.018,0.865,28291
2623,5.06763,4.92889,8.380e-05,1.132,0.971,28304
2624,4.79068,4.92889,8.367e-05,0.935,0.767,28315
2625,4.93242,4.92889,8.355e-05,0.897,0.734,28451
2626,4.78822,4.92889,8.342e-05,1.089,0.961,28418
2627,4.75972,4.92889,8.330e-05,0.981,0.820,28313
2628,4.77485,4.92889,8.318e-05,0.966,0.803,28301
2629,4.86995,4.92889,8.306e-05,0.987,0.809,28289
2630,4.89045,4.92889,8.293e-05,1.041,0.870,28330
2631,4.98887,4.92889,8.281e-05,0.948,0.764,28323
2632,4.90231,4.92889,8.269e-05,0.874,0.713,28603
2633,4.86182,4.92889,8.257e-05,0.955,0.778,28302
2634,4.91575,4.92889,8.245e-05,1.003,0.825,28335
2635,4.89735,4.92889,8.233e-05,0.945,0.776,28318
2636,4.82534,4.92889,8.221e-05,0.946,0.768,28317
2637,4.92624,4.92889,8.209e-05,0.926,0.740,28303
2638,5.01775,4.92889,8.197e-05,1.110,0.959,28455
2639,4.82521,4.92889,8.185e-05,0.985,0.791,28407
2640,4.96607,4.92889,8.173e-05,0.999,0.833,28324
2641,5.01448,4.92889,8.161e-05,0.919,0.749,27994
2642,4.91062,4.92889,8.149e-05,1.036,0.885,28243
2643,4.79021,4.92889,8.137e-05,0.980,0.826,28306
2644,4.87427,4.92889,8.125e-05,1.096,0.935,28417
2645,4.90575,4.92889,8.114e-05,0.960,0.796,28449
2646,5.00854,4.92889,8.102e-05,1.028,0.874,28278
2647,4.89967,4.92889,8.090e-05,0.948,0.785,28343
2648,5.00281,4.92889,8.079e-05,0.929,0.750,28299
2649,4.97058,4.92889,8.067e-05,1.064,0.910,28293
2650,4.84960,4.92889,8.055e-05,0.993,0.826,28326
2651,4.93366,4.92889,8.044e-05,1.245,1.092,28452
2652,4.94761,4.92889,8.032e-05,1.127,0.961,28350
2653,4.89824,4.92889,8.021e-05,0.986,0.814,28306
2654,4.84611,4.92889,8.009e-05,0.992,0.843,28317
2655,5.00163,4.92889,7.998e-05,1.050,0.884,28312
2656,4.92835,4.92889,7.986e-05,0.965,0.800,28307
2657,4.91591,4.92889,7.975e-05,1.036,0.888,28402
2658,4.88843,4.92889,7.964e-05,1.089,0.930,28405
2659,4.96391,4.92889,7.952e-05,1.006,0.850,28271
2660,5.07595,4.92889,7.941e-05,1.035,0.881,28326
2661,4.80274,4.92889,7.930e-05,1.023,0.834,28055
2662,4.81732,4.92889,7.918e-05,0.970,0.789,28202
2663,4.86714,4.92889,7.907e-05,0.998,0.820,28421
2664,4.95305,4.92889,7.896e-05,1.071,0.903,28384
2665,4.83856,4.92889,7.885e-05,1.014,0.794,28317
2666,4.86568,4.92889,7.874e-05,0.951,0.755,28301
2667,4.85779,4.92889,7.863e-05,1.034,0.866,28262
2668,4.86950,4.92889,7.852e-05,1.017,0.790,28321
2669,4.83528,4.92889,7.841e-05,0.893,0.705,28302
2670,4.86574,4.92889,7.830e-05,1.067,0.915,28452
2671,4.90243,4.92889,7.819e-05,0.956,0.787,28374
2672,4.79848,4.92889,7.808e-05,0.967,0.791,28293
2673,5.09865,4.92889,7.797e-05,0.885,0.699,28281
2674,4.98352,4.92889,7.786e-05,0.925,0.750,28356
2675,4.87906,4.92889,7.775e-05,1.040,0.875,28307
2676,4.78071,4.92889,7.764e-05,0.861,0.694,28423
2677,4.67879,4.92889,7.754e-05,0.935,0.739,28373
2678,4.93140,4.92889,7.743e-05,0.899,0.708,28318
2679,4.84818,4.92889,7.732e-05,0.888,0.709,28353
2680,4.98081,4.92889,7.722e-05,0.981,0.817,28327
2681,4.91809,4.92889,7.711e-05,1.050,0.900,28042
2682,4.94701,4.92889,7.700e-05,0.924,0.743,28302
2683,4.76573,4.92889,7.690e-05,1.030,0.849,28451
2684,4.89135,4.92889,7.679e-05,0.912,0.750,28336
2685,4.88452,4.92889,7.669e-05,0.984,0.828,28298
2686,4.96337,4.92889,7.658e-05,1.063,0.882,28288
2687,5.04969,4.92889,7.648e-05,0.942,0.787,28273
2688,4.79399,4.92889,7.638e-05,0.889,0.705,28332
2689,4.94576,4.92889,7.627e-05,0.997,0.828,28459
2690,4.75505,4.92889,7.617e-05,1.221,1.086,28385
2691,4.71304,4.92889,7.606e-05,0.988,0.810,28292
2692,4.95416,4.92889,7.596e-05,1.065,0.909,28316
2693,4.92914,4.92889,7.586e-05,1.202,1.066,28340
2694,4.90470,4.92889,7.576e-05,0.910,0.719,28288
2695,4.86202,4.92889,7.566e-05,0.966,0.795,28403
2696,4.73927,4.92889,7.555e-05,1.095,0.951,28455
2697,4.94180,4.92889,7.545e-05,0.968,0.765,28306
2698,4.84700,4.92889,7.535e-05,0.989,0.810,28311
2699,4.91632,4.92889,7.525e-05,0.899,0.732,28324
2700,4.90164,4.92889,7.515e-05,0.930,0.758,28272
2701,4.93921,4.92889,7.505e-05,0.968,0.778,28062
2702,4.89338,4.92889,7.495e-05,1.005,0.825,28366
2703,4.78006,4.92889,7.485e-05,0.974,0.776,28367
2704,4.87322,4.92889,7.475e-05,0.960,0.781,28296
2705,4.97778,4.92889,7.466e-05,0.991,0.817,28283
2706,4.81382,4.92889,7.456e-05,0.985,0.815,28334
2707,4.81621,4.92889,7.446e-05,0.997,0.835,28302
2708,4.94055,4.92889,7.436e-05,0.929,0.726,28430
2709,4.82938,4.92889,7.426e-05,0.906,0.739,28424
2710,4.90939,4.92889,7.417e-05,1.084,0.909,28301
2711,4.77879,4.92889,7.407e-05,0.980,0.808,28278
2712,4.79992,4.92889,7.397e-05,0.961,0.798,28311
2713,4.85147,4.92889,7.388e-05,0.948,0.784,28299
2714,4.66434,4.92889,7.378e-05,1.030,0.887,28391
2715,4.91861,4.92889,7.369e-05,0.964,0.792,28479
2716,4.84479,4.92889,7.359e-05,1.079,0.900,28313
2717,4.91004,4.92889,7.350e-05,0.926,0.752,28273
2718,5.06291,4.92889,7.340e-05,0.937,0.769,28307
2719,4.87772,4.92889,7.331e-05,0.887,0.711,28307
2720,5.01069,4.92889,7.321e-05,1.064,0.908,28298
2721,4.96957,4.92889,7.312e-05,1.060,0.894,28055
2722,5.00888,4.92889,7.303e-05,1.009,0.818,28354
2723,4.87544,4.92889,7.294e-05,0.957,0.773,28396
2724,4.78535,4.92889,7.284e-05,1.008,0.839,28286
2725,5.11371,4.92889,7.275e-05,0.977,0.756,28325
2726,5.00732,4.92889,7.266e-05,1.049,0.843,28329
2727,4.90025,4.92889,7.257e-05,0.942,0.761,28417
2728,5.00316,4.92889,7.248e-05,1.148,0.988,28412
2729,4.89227,4.92889,7.239e-05,1.071,0.902,28303
2730,4.93769,4.92889,7.229e-05,0.958,0.774,28303
2731,4.95774,4.92889,7.220e-05,1.007,0.838,28293
2732,4.96279,4.92889,7.211e-05,1.102,0.953,28285
2733,4.89796,4.92889,7.203e-05,0.926,0.742,28365
2734,4.74645,4.92889,7.194e-05,1.107,0.962,28442
2735,4.86164,4.92889,7.185e-05,0.961,0.790,28331
2736,4.92207,4.92889,7.176e-05,0.933,0.757,28269
2737,4.90529,4.92889,7.167e-05,0.942,0.773,28272
2738,4.96606,4.92889,7.158e-05,0.985,0.822,28313
2739,4.77851,4.92889,7.149e-05,1.011,0.848,28308
2740,4.88934,4.92889,7.141e-05,0.969,0.803,28434
2741,5.02378,4.92889,7.132e-05,0.989,0.794,28039
2742,4.89274,4.92889,7.123e-05,0.906,0.745,28292
2743,4.95009,4.92889,7.115e-05,0.989,0.813,28307
2744,4.89809,4.92889,7.106e-05,1.007,0.816,28309
2745,4.95049,4.92889,7.098e-05,0.961,0.788,28333
2746,4.84088,4.92889,7.089e-05,1.282,1.130,28444
2747,4.83506,4.92889,7.081e-05,1.116,0.970,28443
2748,4.95561,4.92889,7.072e-05,0.942,0.747,28331
2749,5.02684,4.92889,7.064e-05,1.211,1.076,28275
2750,4.89700,4.89592,7.055e-05,1.287,1.153,8606
2751,4.94901,4.89592,7.047e-05,1.031,0.846,28313
2752,4.75733,4.89592,7.039e-05,1.004,0.848,28238
2753,4.79884,4.89592,7.030e-05,1.093,0.946,28308
2754,4.73135,4.89592,7.022e-05,1.051,0.860,28312
2755,4.98572,4.89592,7.014e-05,0.940,0.780,28437
2756,4.94822,4.89592,7.006e-05,0.975,0.785,28400
2757,4.78459,4.89592,6.997e-05,1.131,0.998,28299
2758,4.81805,4.89592,6.989e-05,1.010,0.813,28289
2759,4.88646,4.89592,6.981e-05,0.957,0.766,28321
2760,4.84097,4.89592,6.973e-05,0.916,0.750,28311
2761,5.00360,4.89592,6.965e-05,0.942,0.767,28016
2762,4.70133,4.89592,6.957e-05,0.990,0.803,28401
2763,4.98491,4.89592,6.949e-05,0.983,0.795,28317
2764,4.75429,4.89592,6.941e-05,0.913,0.726,28315
2765,4.85616,4.89592,6.933e-05,0.969,0.783,28322
2766,4.90422,4.89592,6.925e-05,0.943,0.757,28295
2767,4.83586,4.89592,6.917e-05,1.036,0.840,28354
2768,5.09550,4.89592,6.910e-05,0.960,0.748,28485
2769,4.85537,4.89592,6.902e-05,0.982,0.793,28331
2770,4.98531,4.89592,6.894e-05,0.987,0.755,28335
2771,4.98605,4.89592,6.886e-05,0.922,0.729,28295
2772,4.83474,4.89592,6.879e-05,0.944,0.764,28325
2773,4.81850,4.89592,6.871e-05,0.953,0.786,28323
2774,4.93960,4.89592,6.863e-05,0.984,0.795,28447
2775,4.88201,4.89592,6.856e-05,0.933,0.758,28387
2776,4.97609,4.89592,6.848e-05,0.966,0.793,28289
2777,4.78358,4.89592,6.841e-05,0.914,0.744,28307
2778,4.86795,4.89592,6.833e-05,0.998,0.811,28304
2779,4.99186,4.89592,6.826e-05,1.011,0.792,28317
2780,4.94644,4.89592,6.818e-05,0.914,0.761,28374
2781,4.84616,4.89592,6.811e-05,0.995,0.839,28041
2782,4.80665,4.89592,6.804e-05,1.004,0.830,28291
2783,4.87782,4.89592,6.796e-05,1.041,0.854,28268
2784,4.82410,4.89592,6.789e-05,1.060,0.902,28340
2785,4.83513,4.89592,6.782e-05,1.052,0.895,28325
2786,4.79587,4.89592,6.775e-05,1.049,0.895,28331
2787,4.93179,4.89592,6.767e-05,1.239,1.104,28482
2788,4.77149,4.89592,6.760e-05,0.926,0.742,28354
2789,4.89397,4.89592,6.753e-05,1.085,0.927,28416
2790,4.81324,4.89592,6.746e-05,1.091,0.935,28324
2791,4.88400,4.89592,6.739e-05,1.035,0.855,28309
2792,4.99147,4.89592,6.732e-05,0.971,0.806,28314
2793,4.95037,4.89592,6.725e-05,1.208,1.045,28416
2794,4.78168,4.89592,6.718e-05,1.003,0.842,28397
2795,5.08152,4.89592,6.711e-05,1.118,0.969,28306
2796,4.86330,4.89592,6.704e-05,1.097,0.942,28308
2797,5.08234,4.89592,6.697e-05,1.136,0.924,28292
2798,4.82059,4.89592,6.690e-05,0.960,0.802,28327
2799,4.95175,4.89592,6.684e-05,1.252,1.111,28348
2800,4.86922,4.89592,6.677e-05,1.123,0.961,28460
2801,4.88730,4.89592,6.670e-05,0.989,0.809,27992
2802,4.76824,4.89592,6.664e-05,1.237,1.091,28302
2803,4.90470,4.89592,6.657e-05,0.937,0.760,28314
2804,4.83234,4.89592,6.650e-05,0.991,0.811,28292
2805,4.92252,4.89592,6.644e-05,1.004,0.802,28315
2806,4.85034,4.89592,6.637e-05,1.006,0.841,28456
2807,4.74524,4.89592,6.631e-05,0.994,0.827,28352
2808,4.72906,4.89592,6.624e-05,0.939,0.767,28310
2809,4.97252,4.89592,6.618e-05,1.008,0.815,28317
2810,4.81303,4.89592,6.611e-05,0.995,0.817,28274
2811,4.78956,4.89592,6.605e-05,1.018,0.823,28381
2812,4.68228,4.89592,6.598e-05,1.010,0.810,28411
2813,4.69942,4.89592,6.592e-05,0.953,0.771,28425
2814,4.93150,4.89592,6.586e-05,0.995,0.802,28244
2815,4.85051,4.89592,6.580e-05,0.991,0.803,28325
2816,4.92096,4.89592,6.573e-05,0.982,0.781,28312
2817,4.95406,4.89592,6.567e-05,0.955,0.771,28288
2818,5.04322,4.89592,6.561e-05,0.953,0.775,28355
2819,4.84049,4.89592,6.555e-05,0.986,0.783,28470
2820,4.77608,4.89592,6.549e-05,0.964,0.769,28343
2821,4.82719,4.89592,6.543e-05,0.988,0.792,27982
2822,4.84457,4.89592,6.537e-05,0.924,0.729,28292
2823,4.91409,4.89592,6.531e-05,0.919,0.743,28318
2824,4.70688,4.89592,6.525e-05,0.943,0.765,28319
2825,4.87765,4.89592,6.519e-05,1.049,0.804,28431
2826,5.04280,4.89592,6.513e-05,1.065,0.864,28369
2827,4.82467,4.89592,6.507e-05,0.971,0.776,28288
2828,4.95765,4.89592,6.501e-05,0.955,0.767,28307
2829,4.74586,4.89592,6.495e-05,0.989,0.826,28341
2830,4.94748,4.89592,6.490e-05,0.948,0.759,28286
2831,4.84567,4.89592,6.484e-05,0.922,0.756,28426
2832,4.93892,4.89592,6.478e-05,1.025,0.831,28432
2833,4.87063,4.89592,6.473e-05,0.997,0.824,28298
2834,4.93496,4.89592,6.467e-05,0.955,0.780,28285
2835,4.84053,4.89592,6.461e-05,0.965,0.771,28293
2836,4.98732,4.89592,6.456e-05,0.925,0.753,28353
2837,4.84953,4.89592,6.450e-05,1.017,0.853,28336
2838,4.98105,4.89592,6.445e-05,1.211,1.076,28451
2839,4.79335,4.89592,6.439e-05,1.011,0.824,28367
2840,4.66087,4.89592,6.434e-05,1.008,0.823,28321
2841,4.96186,4.89592,6.429e-05,1.023,0.852,27941
2842,4.99650,4.89592,6.423e-05,1.101,0.917,28240
2843,4.86443,4.89592,6.418e-05,1.070,0.908,28296
2844,4.74344,4.89592,6.413e-05,1.055,0.894,28458
2845,4.93338,4.89592,6.407e-05,1.120,0.957,28385
2846,4.99653,4.89592,6.402e-05,1.047,0.871,28307
2847,4.68316,4.89592,6.397e-05,1.081,0.928,28291
2848,4.95865,4.89592,6.392e-05,1.051,0.874,28317
2849,4.70801,4.89592,6.387e-05,0.941,0.785,28289
2850,5.03027,4.89592,6.381e-05,1.008,0.793,28371
2851,4.86109,4.89592,6.376e-05,0.918,0.743,28424
2852,4.84250,4.89592,6.371e-05,0.962,0.796,28288
2853,4.90004,4.89592,6.366e-05,0.952,0.768,28306
2854,4.97436,4.89592,6.361e-05,0.938,0.760,28297
2855,4.89933,4.89592,6.357e-05,1.015,0.844,28310
2856,4.98322,4.89592,6.352e-05,1.010,0.830,28348
2857,4.75970,4.89592,6.347e-05,0.948,0.779,28528
2858,4.84288,4.89592,6.342e-05,0.948,0.774,28357
2859,4.85611,4.89592,6.337e-05,0.951,0.760,28315
2860,4.73930,4.89592,6.332e-05,1.005,0.845,28327
2861,4.99922,4.89592,6.328e-05,1.054,0.885,28047
2862,4.88660,4.89592,6.323e-05,0.974,0.794,28235
2863,4.93858,4.89592,6.318e-05,0.984,0.823,28402
2864,4.96694,4.89592,6.314e-05,0.994,0.820,28411
2865,4.85307,4.89592,6.309e-05,0.965,0.799,28342
2866,4.71373,4.89592,6.305e-05,1.054,0.872,28320
2867,4.87335,4.89592,6.300e-05,0.985,0.782,28250
2868,4.82765,4.89592,6.296e-05,0.917,0.742,28282
2869,4.88020,4.89592,6.291e-05,0.963,0.781,28358
2870,4.85725,4.89592,6.287e-05,0.982,0.780,28490
2871,4.98444,4.89592,6.282e-05,0.985,0.795,28332
2872,4.89749,4.89592,6.278e-05,1.000,0.819,28284
2873,4.92043,4.89592,6.274e-05,0.997,0.837,28288
2874,4.94187,4.89592,6.269e-05,0.956,0.746,28333
2875,4.86562,4.89592,6.265e-05,0.976,0.814,28290
2876,4.87780,4.89592,6.261e-05,0.995,0.806,28428
2877,4.96075,4.89592,6.257e-05,0.996,0.821,28371
2878,4.91981,4.89592,6.253e-05,0.931,0.763,28267
2879,4.83696,4.89592,6.248e-05,0.968,0.772,28313
2880,4.99488,4.89592,6.244e-05,0.942,0.741,28344
2881,4.82999,4.89592,6.240e-05,0.869,0.699,28043
2882,4.76285,4.89592,6.236e-05,1.123,0.972,28420
2883,4.89297,4.89592,6.232e-05,1.031,0.849,28424
2884,4.93290,4.89592,6.228e-05,1.065,0.877,28294
2885,4.80531,4.89592,6.224e-05,1.045,0.882,28349
2886,4.77032,4.89592,6.221e-05,0.940,0.759,28289
2887,4.89257,4.89592,6.217e-05,0.991,0.825,28297
2888,4.85973,4.89592,6.213e-05,1.048,0.859,28350
2889,4.84246,4.89592,6.209e-05,1.175,1.013,28442
2890,4.83060,4.89592,6.205e-05,0.949,0.761,28324
2891,4.85678,4.89592,6.202e-05,0.953,0.780,28303
2892,4.88417,4.89592,6.198e-05,0.970,0.797,28283
2893,4.82005,4.89592,6.194e-05,0.944,0.766,28317
2894,4.86036,4.89592,6.191e-05,0.976,0.785,28321
2895,4.85216,4.89592,6.187e-05,1.043,0.874,28435
2896,4.81108,4.89592,6.184e-05,0.981,0.795,28334
2897,4.88485,4.89592,6.180e-05,0.908,0.726,28297
2898,5.00731,4.89592,6.177e-05,0.984,0.824,28295
2899,4.88174,4.89592,6.173e-05,1.027,0.841,28310
2900,4.90283,4.89592,6.170e-05,0.965,0.786,28275
2901,4.92998,4.89592,6.166e-05,0.942,0.766,28062
2902,4.85478,4.89592,6.163e-05,0.929,0.753,28374
2903,4.98693,4.89592,6.160e-05,0.985,0.795,28342
2904,4.90057,4.89592,6.156e-05,0.952,0.772,28309
2905,4.82069,4.89592,6.153e-05,0.968,0.784,28393
2906,4.76831,4.89592,6.150e-05,1.076,0.913,28303
2907,4.82987,4.89592,6.147e-05,0.942,0.757,28348
2908,4.85327,4.89592,6.144e-05,0.902,0.729,28450
2909,4.90788,4.89592,6.141e-05,0.952,0.782,28367
2910,4.87571,4.89592,6.138e-05,0.947,0.761,28319
2911,4.73924,4.89592,6.135e-05,0.996,0.823,28298
2912,5.01411,4.89592,6.132e-05,1.034,0.867,28319
2913,4.62204,4.89592,6.129e-05,1.011,0.839,28276
2914,4.93165,4.89592,6.126e-05,1.137,0.967,28443
2915,4.98757,4.89592,6.123e-05,0.985,0.810,28430
2916,4.91383,4.89592,6.120e-05,1.034,0.874,28259
2917,4.99318,4.89592,6.117e-05,0.917,0.752,28287
2918,4.93723,4.89592,6.114e-05,0.988,0.818,28307
2919,4.79971,4.89592,6.111e-05,0.959,0.799,28296
2920,4.87173,4.89592,6.109e-05,1.003,0.819,28397
2921,4.91514,4.89592,6.106e-05,0.976,0.802,27979
2922,4.82619,4.89592,6.103e-05,0.982,0.818,28326
2923,4.85217,4.89592,6.101e-05,1.028,0.849,28309
2924,4.81634,4.89592,6.098e-05,1.004,0.842,28316
2925,4.80401,4.89592,6.096e-05,0.912,0.738,28393
2926,4.94757,4.89592,6.093e-05,1.014,0.859,28287
2927,4.97273,4.89592,6.091e-05,0.922,0.741,28474
2928,4.91077,4.89592,6.088e-05,0.999,0.815,28316
2929,4.75031,4.89592,6.086e-05,1.058,0.886,28295
2930,4.74382,4.89592,6.083e-05,0.997,0.822,28296
2931,4.91490,4.89592,6.081e-05,0.958,0.781,28304
2932,4.93432,4.89592,6.079e-05,0.980,0.801,28320
2933,4.82923,4.89592,6.076e-05,1.059,0.872,28448
2934,4.87037,4.89592,6.074e-05,1.058,0.906,28411
2935,4.81267,4.89592,6.072e-05,0.941,0.762,28295
2936,4.87547,4.89592,6.070e-05,0.973,0.798,28330
2937,4.81123,4.89592,6.067e-05,0.889,0.709,28302
2938,4.98780,4.89592,6.065e-05,0.959,0.771,28278
2939,4.91068,4.89592,6.063e-05,1.018,0.829,28344
2940,4.94574,4.89592,6.061e-05,0.989,0.815,28471
2941,5.10345,4.89592,6.059e-05,0.978,0.791,28041
2942,4.84607,4.89592,6.057e-05,0.970,0.797,28252
2943,4.76547,4.89592,6.055e-05,1.003,0.838,28307
2944,4.94309,4.89592,6.053e-05,1.042,0.835,28327
2945,4.75678,4.89592,6.051e-05,0.958,0.778,28300
2946,4.79045,4.89592,6.050e-05,0.952,0.790,28449
2947,4.94659,4.89592,6.048e-05,0.899,0.724,28367
2948,4.96550,4.89592,6.046e-05,1.053,0.854,28374
2949,4.96109,4.89592,6.044e-05,0.970,0.783,28275
2950,4.92038,4.89592,6.042e-05,0.981,0.786,28321
2951,4.74714,4.89592,6.041e-05,0.960,0.793,28298
2952,5.10528,4.89592,6.039e-05,1.076,0.854,28426
2953,5.03331,4.89592,6.038e-05,1.073,0.908,28426
2954,4.88072,4.89592,6.036e-05,0.917,0.720,28304
2955,4.94616,4.89592,6.034e-05,0.973,0.774,28267
2956,4.82122,4.89592,6.033e-05,1.082,0.866,28236
2957,4.77549,4.89592,6.031e-05,1.084,0.892,28145
2958,4.94959,4.89592,6.030e-05,1.074,0.884,28109
2959,4.78202,4.89592,6.029e-05,1.016,0.815,28216
2960,4.77015,4.89592,6.027e-05,1.016,0.809,28184
2961,4.98802,4.89592,6.026e-05,1.118,0.972,28007
2962,4.83432,4.89592,6.025e-05,0.985,0.811,28242
2963,4.86599,4.89592,6.023e-05,0.992,0.802,28273
2964,4.85700,4.89592,6.022e-05,0.981,0.757,28355
2965,4.79948,4.89592,6.021e-05,0.941,0.769,28344
2966,5.01445,4.89592,6.020e-05,1.135,0.921,28132
2967,4.99279,4.89592,6.019e-05,1.026,0.872,28107
2968,4.75024,4.89592,6.017e-05,1.081,0.913,28118
2969,4.74396,4.89592,6.016e-05,1.136,0.967,28141
2970,4.89689,4.89592,6.015e-05,1.063,0.833,28343
2971,4.87751,4.89592,6.014e-05,0.972,0.794,28470
2972,4.82835,4.89592,6.013e-05,0.956,0.792,28395
2973,4.95385,4.89592,6.012e-05,1.091,0.922,28274
2974,4.73084,4.89592,6.011e-05,0.989,0.797,28272
2975,4.89930,4.89592,6.011e-05,1.040,0.842,28312
2976,4.91024,4.89592,6.010e-05,0.932,0.757,28273
2977,4.87851,4.89592,6.009e-05,1.008,0.847,28423
2978,4.66469,4.89592,6.008e-05,0.940,0.753,28417
2979,4.93269,4.89592,6.007e-05,1.022,0.842,28327
2980,4.69173,4.89592,6.007e-05,1.138,0.959,28319
2981,4.77209,4.89592,6.006e-05,1.069,0.926,27981
2982,4.88092,4.89592,6.006e-05,0.958,0.773,28267
2983,5.00483,4.89592,6.005e-05,0.958,0.779,28365
2984,4.83267,4.89592,6.004e-05,1.051,0.793,28459
2985,4.86878,4.89592,6.004e-05,0.964,0.800,28346
2986,4.87668,4.89592,6.003e-05,0.980,0.805,28313
2987,4.98967,4.89592,6.003e-05,0.947,0.750,28280
2988,4.98679,4.89592,6.002e-05,0.994,0.794,28335
2989,4.86980,4.89592,6.002e-05,0.882,0.695,28343
2990,4.88776,4.89592,6.002e-05,0.998,0.812,28425
2991,4.78128,4.89592,6.001e-05,1.003,0.819,28376
2992,4.93708,4.89592,6.001e-05,1.027,0.866,28302
2993,4.73973,4.89592,6.001e-05,0.917,0.754,28291
2994,4.91048,4.89592,6.001e-05,1.242,1.094,28354
2995,4.86860,4.89592,6.000e-05,0.969,0.794,28351
2996,4.95821,4.89592,6.000e-05,0.998,0.826,28415
2997,4.96589,4.89592,6.000e-05,0.981,0.792,28430
2998,4.93575,4.89592,6.000e-05,1.074,0.896,28337
2999,4.79795,4.87288,6.000e-05,0.998,0.813,8573
