step,loss,val_loss,lr,grad_norm,proj_grad_norm,tokens_per_s
0,11.90119,11.84906,3.000e-06,6.701,0.000,5854
1,11.83700,11.84906,6.000e-06,7.212,0.000,9679
2,11.75287,11.84906,9.000e-06,5.962,0.000,11625
3,11.65148,11.84906,1.200e-05,4.216,0.000,11611
4,11.58613,11.84906,1.500e-05,3.397,0.000,11615
5,11.50027,11.84906,1.800e-05,2.895,0.000,11632
6,11.45563,11.84906,2.100e-05,2.278,0.000,11641
7,11.39233,11.84906,2.400e-05,1.910,0.000,11653
8,11.37042,11.84906,2.700e-05,1.645,0.000,11601
9,11.33055,11.84906,3.000e-05,1.500,0.000,11589
10,11.32590,11.84906,3.300e-05,1.545,0.000,11644
11,11.28482,11.84906,3.600e-05,1.450,0.000,11613
12,11.22944,11.84906,3.900e-05,1.423,0.000,11654
13,11.28698,11.84906,4.200e-05,1.236,0.000,11630
14,11.15605,11.84906,4.500e-05,1.506,0.000,11595
15,11.23224,11.84906,4.800e-05,1.207,0.000,11632
16,11.19158,11.84906,5.100e-05,1.271,0.000,11634
17,11.15778,11.84906,5.400e-05,1.176,0.000,11624
18,11.08645,11.84906,5.700e-05,1.240,0.000,11638
19,11.08661,11.84906,6.000e-05,1.166,0.000,11627
20,11.01296,11.84906,6.300e-05,1.254,0.000,11595
21,10.99154,11.84906,6.600e-05,1.190,0.000,11625
22,10.91888,11.84906,6.900e-05,1.224,0.000,11628
23,10.84044,11.84906,7.200e-05,1.310,0.000,11612
24,10.77367,11.84906,7.500e-05,1.342,0.000,11642
25,10.81258,11.84906,7.800e-05,1.219,0.000,11587
26,10.75016,11.84906,8.100e-05,1.139,0.000,11635
27,10.68510,11.84906,8.400e-05,1.132,0.000,11626
28,10.58908,11.84906,8.700e-05,1.332,0.000,11647
29,10.58424,11.84906,9.000e-05,1.229,0.000,11610
30,10.42731,11.84906,9.300e-05,1.560,0.000,11635
31,10.41190,11.84906,9.600e-05,1.324,0.000,11603
32,10.33895,11.84906,9.900e-05,1.257,0.000,11614
33,10.30631,11.84906,1.020e-04,1.176,0.000,11646
34,10.20760,11.84906,1.050e-04,1.325,0.000,11647
35,10.12043,11.84906,1.080e-04,1.230,0.000,11668
36,10.08736,11.84906,1.110e-04,1.171,0.000,11606
37,10.01042,11.84906,1.140e-04,1.252,0.000,11648
38,9.94880,11.84906,1.170e-04,1.147,0.000,11637
39,9.92297,11.84906,1.200e-04,1.034,0.000,11625
40,9.81501,11.84906,1.230e-04,1.138,0.000,11630
41,9.76985,11.84906,1.260e-04,1.032,0.000,11625
42,9.66193,11.84906,1.290e-04,1.099,0.000,11595
43,9.65552,11.84906,1.320e-04,0.926,0.000,11629
44,9.51621,11.84906,1.350e-04,1.060,0.000,11660
45,9.41330,11.84906,1.380e-04,1.168,0.000,11641
46,9.36759,11.84906,1.410e-04,1.099,0.000,11637
47,9.29140,11.84906,1.440e-04,1.138,0.000,11609
48,9.27021,11.84906,1.470e-04,1.028,0.000,11611
49,9.19002,11.84906,1.500e-04,1.034,0.000,11612
50,9.08017,11.84906,1.530e-04,1.129,0.000,11621
51,9.05899,11.84906,1.560e-04,0.990,0.000,11623
52,8.99509,11.84906,1.590e-04,0.925,0.000,11606
53,8.92355,11.84906,1.620e-04,1.040,0.000,11609
54,8.85607,11.84906,1.650e-04,0.965,0.000,11634
55,8.79532,11.84906,1.680e-04,0.857,0.000,11621
56,8.76533,11.84906,1.710e-04,0.743,0.000,11639
57,8.75788,11.84906,1.740e-04,0.967,0.000,11638
58,8.68552,11.84906,1.770e-04,0.810,0.000,11605
59,8.55706,11.84906,1.800e-04,0.785,0.000,11611
60,8.57904,11.84906,1.830e-04,0.807,0.000,11631
61,8.52725,11.84906,1.860e-04,0.938,0.000,11627
62,8.49389,11.84906,1.890e-04,0.810,0.000,11628
63,8.42093,11.84906,1.920e-04,0.827,0.000,11589
64,8.41505,11.84906,1.950e-04,0.748,0.000,11575
65,8.24093,11.84906,1.980e-04,0.667,0.000,11623
66,8.29487,11.84906,2.010e-04,0.766,0.000,11633
67,8.24092,11.84906,2.040e-04,0.704,0.000,11640
68,8.26984,11.84906,2.070e-04,0.757,0.000,11625
69,8.14153,11.84906,2.100e-04,0.598,0.000,11605
70,8.17939,11.84906,2.130e-04,0.677,0.000,11581
71,8.19231,11.84906,2.160e-04,0.750,0.000,11638
72,8.04922,11.84906,2.190e-04,0.648,0.000,11644
73,7.98182,11.84906,2.220e-04,0.591,0.000,11623
74,8.11901,11.84906,2.250e-04,0.577,0.000,11644
75,7.98188,11.84906,2.280e-04,0.596,0.000,11603
76,8.00030,11.84906,2.310e-04,0.502,0.000,11620
77,7.90363,11.84906,2.340e-04,0.560,0.000,11628
78,7.90417,11.84906,2.370e-04,0.904,0.000,11648
79,7.88429,11.84906,2.400e-04,0.952,0.000,11620
80,7.90080,11.84906,2.430e-04,0.681,0.000,11605
81,7.88646,11.84906,2.460e-04,1.338,0.000,11625
82,7.89041,11.84906,2.490e-04,0.767,0.000,11640
83,7.85516,11.84906,2.520e-04,0.552,0.000,11642
84,7.78215,11.84906,2.550e-04,0.739,0.000,11640
85,7.73029,11.84906,2.580e-04,0.544,0.000,11644
86,7.65956,11.84906,2.610e-04,0.632,0.000,11600
87,7.70578,11.84906,2.640e-04,0.516,0.000,11610
88,7.65754,11.84906,2.670e-04,0.605,0.000,11644
89,7.59787,11.84906,2.700e-04,0.557,0.000,11621
90,7.66496,11.84906,2.730e-04,0.685,0.000,11652
91,7.62281,11.84906,2.760e-04,0.582,0.000,11614
92,7.60130,11.84906,2.790e-04,0.639,0.000,11606
93,7.53704,11.84906,2.820e-04,0.552,0.000,11632
94,7.53350,11.84906,2.850e-04,0.528,0.000,11630
95,7.44584,11.84906,2.880e-04,0.502,0.000,11630
96,7.43248,11.84906,2.910e-04,0.610,0.000,11631
97,7.39759,11.84906,2.940e-04,0.697,0.000,11600
98,7.40514,11.84906,2.970e-04,0.553,0.000,11623
99,7.42205,11.84906,3.000e-04,0.602,0.000,11643
100,7.29640,11.84906,3.030e-04,0.653,0.000,11640
101,7.38830,11.84906,3.060e-04,0.580,0.000,11627
102,7.25401,11.84906,3.090e-04,1.202,0.000,11603
103,7.29620,11.84906,3.120e-04,0.772,0.000,11604
104,7.19427,11.84906,3.150e-04,0.716,0.000,11612
105,7.29961,11.84906,3.180e-04,0.784,0.000,11633
106,7.30495,11.84906,3.210e-04,0.844,0.000,11632
107,7.25694,11.84906,3.240e-04,0.977,0.000,11639
108,7.19477,11.84906,3.270e-04,0.686,0.000,11593
109,7.10018,11.84906,3.300e-04,0.766,0.000,11617
110,7.13834,11.84906,3.330e-04,0.678,0.000,11642
111,7.06889,11.84906,3.360e-04,0.560,0.000,11639
112,7.09501,11.84906,3.390e-04,0.773,0.000,11631
113,7.04959,11.84906,3.420e-04,0.533,0.000,11611
114,7.15322,11.84906,3.450e-04,0.729,0.000,11599
115,7.00410,11.84906,3.480e-04,0.624,0.000,11610
116,7.03145,11.84906,3.510e-04,0.613,0.000,11627
117,7.07645,11.84906,3.540e-04,0.557,0.000,11617
118,6.99539,11.84906,3.570e-04,0.546,0.000,11637
119,6.99818,11.84906,3.600e-04,0.449,0.000,11604
120,7.00554,11.84906,3.630e-04,0.613,0.000,11614
121,7.01362,11.84906,3.660e-04,0.684,0.000,11602
122,7.07102,11.84906,3.690e-04,0.500,0.000,11634
123,6.93556,11.84906,3.720e-04,0.490,0.000,11627
124,6.90918,11.84906,3.750e-04,0.647,0.000,11618
125,7.02468,11.84906,3.780e-04,0.478,0.000,11612
126,6.88674,11.84906,3.810e-04,0.527,0.000,11623
127,6.85082,11.84906,3.840e-04,0.568,0.000,11636
128,6.88600,11.84906,3.870e-04,0.608,0.000,11638
129,6.86551,11.84906,3.900e-04,0.610,0.000,11629
130,6.82400,11.84906,3.930e-04,0.548,0.000,11590
131,6.80135,11.84906,3.960e-04,0.600,0.000,11631
132,6.77021,11.84906,3.990e-04,0.586,0.000,11622
133,6.69372,11.84906,4.020e-04,0.551,0.000,11616
134,6.80805,11.84906,4.050e-04,0.546,0.000,11639
135,6.80694,11.84906,4.080e-04,0.813,0.000,11601
136,6.61435,11.84906,4.110e-04,0.660,0.000,11582
137,6.84522,11.84906,4.140e-04,0.718,0.000,11614
138,6.80363,11.84906,4.170e-04,0.771,0.000,11575
139,6.68953,11.84906,4.200e-04,0.629,0.000,11604
140,6.77597,11.84906,4.230e-04,0.709,0.000,11637
141,6.73605,11.84906,4.260e-04,0.571,0.000,11611
142,6.67486,11.84906,4.290e-04,0.685,0.000,11600
143,6.68483,11.84906,4.320e-04,0.551,0.000,11644
144,6.78943,11.84906,4.350e-04,0.712,0.000,11651
145,6.62287,11.84906,4.380e-04,0.604,0.000,11624
146,6.48599,11.84906,4.410e-04,0.577,0.000,11626
147,6.66818,11.84906,4.440e-04,0.627,0.000,11610
148,6.52672,11.84906,4.470e-04,0.613,0.000,11519
149,6.49527,11.84906,4.500e-04,0.522,0.000,11633
150,6.59953,11.84906,4.530e-04,0.920,0.000,11646
151,6.77688,11.84906,4.560e-04,0.643,0.000,11615
152,6.58291,11.84906,4.590e-04,0.894,0.000,11601
153,6.59754,11.84906,4.620e-04,0.923,0.000,11596
154,6.59215,11.84906,4.650e-04,0.707,0.000,11643
155,6.50421,11.84906,4.680e-04,0.899,0.000,11611
156,6.56852,11.84906,4.710e-04,0.542,0.000,11631
157,6.61612,11.84906,4.740e-04,0.964,0.000,11620
158,6.50877,11.84906,4.770e-04,0.595,0.000,11566
159,6.71549,11.84906,4.800e-04,0.669,0.000,11606
160,6.49088,11.84906,4.830e-04,0.642,0.000,11598
161,6.60542,11.84906,4.860e-04,0.631,0.000,11646
162,6.49220,11.84906,4.890e-04,0.535,0.000,11631
163,6.46427,11.84906,4.920e-04,0.568,0.000,11636
164,6.57025,11.84906,4.950e-04,0.608,0.000,11586
165,6.46991,11.84906,4.980e-04,0.492,0.000,11619
166,6.46524,11.84906,5.010e-04,0.516,0.000,11637
167,6.59688,11.84906,5.040e-04,0.559,0.000,11622
168,6.44505,11.84906,5.070e-04,0.527,0.000,11649
169,6.61386,11.84906,5.100e-04,0.550,0.000,11600
170,6.46969,11.84906,5.130e-04,0.763,0.000,11621
171,6.29196,11.84906,5.160e-04,0.510,0.000,11604
172,6.62330,11.84906,5.190e-04,0.614,0.000,11627
173,6.49470,11.84906,5.220e-04,0.932,0.000,11626
174,6.64645,11.84906,5.250e-04,0.638,0.000,11638
175,6.46904,11.84906,5.280e-04,0.745,0.000,11622
176,6.44975,11.84906,5.310e-04,0.541,0.000,11637
177,6.48566,11.84906,5.340e-04,0.802,0.000,11625
178,6.32689,11.84906,5.370e-04,0.602,0.000,11630
179,6.36878,11.84906,5.400e-04,0.558,0.000,11621
180,6.29743,11.84906,5.430e-04,0.581,0.000,11625
181,6.31893,11.84906,5.460e-04,0.518,0.000,11614
182,6.29857,11.84906,5.490e-04,0.581,0.000,11632
183,6.24859,11.84906,5.520e-04,0.655,0.000,11616
184,6.31530,11.84906,5.550e-04,0.688,0.000,11653
185,6.32139,11.84906,5.580e-04,0.575,0.000,11630
186,6.20866,11.84906,5.610e-04,0.555,0.000,11585
187,6.34452,11.84906,5.640e-04,0.616,0.000,11619
188,6.46835,11.84906,5.670e-04,0.510,0.000,11621
189,6.27739,11.84906,5.700e-04,0.507,0.000,11649
190,6.36615,11.84906,5.730e-04,0.503,0.000,11626
191,6.19599,11.84906,5.760e-04,0.507,0.000,11604
192,6.49648,11.84906,5.790e-04,0.528,0.000,11593
193,6.14016,11.84906,5.820e-04,0.565,0.000,11596
194,6.40954,11.84906,5.850e-04,0.460,0.000,11610
195,6.29710,11.84906,5.880e-04,0.531,0.000,11619
196,6.30684,11.84906,5.910e-04,0.419,0.000,11595
197,6.32312,11.84906,5.940e-04,0.495,0.000,11584
198,6.23573,11.84906,5.970e-04,0.494,0.000,11582
199,6.26498,11.84906,6.000e-04,0.449,0.000,11581
200,6.24916,11.84906,6.000e-04,0.521,0.000,11607
201,6.38577,11.84906,6.000e-04,0.450,0.000,11618
202,6.21851,11.84906,6.000e-04,0.492,0.000,11652
203,6.29160,11.84906,6.000e-04,0.477,0.000,11590
204,6.12292,11.84906,6.000e-04,0.454,0.000,11608
205,6.28874,11.84906,6.000e-04,0.478,0.000,11633
206,6.23589,11.84906,6.000e-04,0.474,0.000,11620
207,6.10915,11.84906,6.000e-04,0.469,0.000,11621
208,6.14491,11.84906,6.000e-04,0.493,0.000,11599
209,6.24432,11.84906,6.000e-04,0.461,0.000,11587
210,6.14565,11.84906,6.000e-04,0.489,0.000,11616
211,6.15525,11.84906,6.000e-04,0.474,0.000,11606
212,6.23105,11.84906,6.000e-04,0.448,0.000,11645
213,6.04773,11.84906,6.000e-04,0.534,0.000,11644
214,6.13530,11.84906,6.000e-04,0.447,0.000,11611
215,6.25118,11.84906,6.000e-04,0.510,0.000,11629
216,6.14776,11.84906,6.000e-04,0.452,0.000,11644
217,6.03421,11.84906,6.000e-04,0.609,0.000,11642
218,6.20207,11.84906,5.999e-04,0.457,0.000,11646
219,6.18313,11.84906,5.999e-04,0.546,0.000,11621
220,6.13392,11.84906,5.999e-04,0.442,0.000,11561
221,6.20857,11.84906,5.999e-04,0.476,0.000,11600
222,6.12638,11.84906,5.999e-04,0.431,0.000,11608
223,6.09860,11.84906,5.999e-04,0.503,0.000,11637
224,6.06858,11.84906,5.999e-04,0.630,0.000,11630
225,6.05243,11.84906,5.999e-04,0.606,0.000,11593
226,6.14174,11.84906,5.999e-04,0.472,0.000,11595
227,6.06285,11.84906,5.999e-04,0.537,0.000,11620
228,5.99523,11.84906,5.999e-04,0.437,0.000,11645
229,6.17115,11.84906,5.999e-04,0.484,0.000,11630
230,6.00573,11.84906,5.998e-04,0.486,0.000,11610
231,6.05585,11.84906,5.998e-04,0.499,0.000,11624
232,6.22924,11.84906,5.998e-04,0.433,0.000,11623
233,6.23006,11.84906,5.998e-04,0.492,0.000,11605
234,6.02581,11.84906,5.998e-04,0.528,0.000,11601
235,6.18996,11.84906,5.998e-04,0.611,0.000,11609
236,6.00694,11.84906,5.998e-04,0.440,0.000,11616
237,6.14582,11.84906,5.998e-04,0.478,0.000,11619
238,6.20743,11.84906,5.998e-04,0.586,0.000,11623
239,6.08541,11.84906,5.997e-04,0.436,0.000,11635
240,5.99409,11.84906,5.997e-04,0.429,0.000,11606
241,6.05502,11.84906,5.997e-04,0.411,0.000,11655
242,6.13476,11.84906,5.997e-04,0.419,0.000,11587
243,6.03862,11.84906,5.997e-04,0.429,0.000,11609
244,6.16004,11.84906,5.997e-04,0.397,0.000,11626
245,6.30921,11.84906,5.997e-04,0.437,0.000,11626
246,6.02015,11.84906,5.996e-04,0.430,0.000,11655
247,5.92854,11.84906,5.996e-04,0.464,0.000,11589
248,5.92715,11.84906,5.996e-04,0.425,0.000,11562
249,5.96304,11.84906,5.996e-04,0.430,0.000,11629
250,6.00839,5.97599,5.996e-04,0.393,0.000,5063
251,6.11246,5.97599,5.996e-04,0.420,0.000,11761
252,6.00268,5.97599,5.995e-04,0.422,0.000,11630
253,6.03051,5.97599,5.995e-04,0.441,0.000,11627
254,6.03337,5.97599,5.995e-04,0.432,0.000,11619
255,6.03941,5.97599,5.995e-04,0.468,0.000,11625
256,6.09002,5.97599,5.995e-04,0.417,0.000,11604
257,5.98647,5.97599,5.994e-04,0.402,0.000,11609
258,6.05660,5.97599,5.994e-04,0.395,0.000,11637
259,6.02815,5.97599,5.994e-04,0.448,0.000,11647
260,6.21927,5.97599,5.994e-04,0.420,0.000,11626
261,6.24097,5.97599,5.994e-04,0.591,0.000,11636
262,6.15008,5.97599,5.993e-04,0.422,0.000,11565
263,6.02290,5.97599,5.993e-04,0.441,0.000,11603
264,5.87729,5.97599,5.993e-04,0.483,0.000,11640
265,6.05455,5.97599,5.993e-04,0.503,0.000,11626
266,5.96268,5.97599,5.993e-04,0.478,0.000,11628
267,6.08437,5.97599,5.992e-04,0.435,0.000,11601
268,5.96568,5.97599,5.992e-04,0.457,0.000,11609
269,6.02433,5.97599,5.992e-04,0.532,0.000,11632
270,6.14440,5.97599,5.992e-04,0.398,0.000,11621
271,6.14331,5.97599,5.991e-04,1.239,0.000,11619
272,6.22223,5.97599,5.991e-04,0.574,0.000,11610
273,6.09956,5.97599,5.991e-04,0.484,0.000,11616
274,5.87899,5.97599,5.991e-04,0.706,0.000,11645
275,6.23954,5.97599,5.990e-04,0.421,0.000,11644
276,5.81598,5.97599,5.990e-04,0.553,0.000,11610
277,5.98478,5.97599,5.990e-04,0.463,0.000,11658
278,5.89091,5.97599,5.990e-04,0.557,0.000,11606
279,5.89128,5.97599,5.989e-04,0.504,0.000,11592
280,5.92829,5.97599,5.989e-04,0.444,0.000,11647
281,6.02912,5.97599,5.989e-04,0.398,0.000,11631
282,5.85108,5.97599,5.989e-04,0.429,0.000,11623
283,5.97529,5.97599,5.988e-04,0.406,0.000,11633
284,5.96748,5.97599,5.988e-04,0.448,0.000,11573
285,5.82596,5.97599,5.988e-04,0.431,0.000,11607
286,5.88970,5.97599,5.987e-04,0.402,0.000,11625
287,5.98675,5.97599,5.987e-04,0.451,0.000,11666
288,5.99536,5.97599,5.987e-04,0.522,0.000,11641
289,6.01826,5.97599,5.987e-04,0.393,0.000,11628
290,5.91571,5.97599,5.986e-04,0.467,0.000,11571
291,6.17625,5.97599,5.986e-04,0.435,0.000,11635
292,5.79141,5.97599,5.986e-04,0.411,0.000,11650
293,6.00102,5.97599,5.985e-04,0.482,0.000,11622
294,5.79788,5.97599,5.985e-04,0.487,0.000,11645
295,5.98674,5.97599,5.985e-04,0.452,0.000,11594
296,5.99280,5.97599,5.984e-04,0.442,0.000,11625
297,6.14747,5.97599,5.984e-04,0.494,0.000,11622
298,5.97177,5.97599,5.984e-04,0.447,0.000,11650
299,5.91853,5.97599,5.983e-04,0.484,0.000,11606
300,5.72937,5.97599,5.983e-04,0.400,0.000,11601
301,6.02153,5.97599,5.983e-04,0.452,0.000,11610
302,5.94039,5.97599,5.982e-04,0.390,0.000,11643
303,5.78210,5.97599,5.982e-04,0.421,0.000,11634
304,5.99317,5.97599,5.982e-04,0.505,0.000,11616
305,5.94301,5.97599,5.981e-04,0.404,0.000,11630
306,5.93910,5.97599,5.981e-04,0.398,0.000,11599
307,5.98351,5.97599,5.981e-04,0.405,0.000,11600
308,6.00206,5.97599,5.980e-04,0.401,0.000,11620
309,5.86887,5.97599,5.980e-04,0.490,0.000,11612
310,5.90714,5.97599,5.979e-04,0.423,0.000,11611
311,5.95128,5.97599,5.979e-04,0.380,0.000,11619
312,5.78698,5.97599,5.979e-04,0.386,0.000,11585
313,5.91175,5.97599,5.978e-04,0.357,0.000,11637
314,6.06335,5.97599,5.978e-04,0.502,0.000,11666
315,5.79735,5.97599,5.978e-04,0.401,0.000,11644
316,5.86054,5.97599,5.977e-04,0.409,0.000,11636
317,5.67274,5.97599,5.977e-04,0.459,0.000,11612
318,5.88495,5.97599,5.976e-04,0.430,0.000,11584
319,5.86098,5.97599,5.976e-04,0.459,0.000,11630
320,6.02600,5.97599,5.976e-04,0.432,0.000,11628
321,5.79810,5.97599,5.975e-04,0.427,0.000,11630
322,5.75350,5.97599,5.975e-04,0.446,0.000,11608
323,5.93116,5.97599,5.974e-04,0.367,0.000,11601
324,5.88605,5.97599,5.974e-04,0.391,0.000,11618
325,6.08198,5.97599,5.973e-04,0.423,0.000,11616
326,5.90287,5.97599,5.973e-04,0.394,0.000,11634
327,5.82250,5.97599,5.973e-04,0.399,0.000,11618
328,6.01740,5.97599,5.972e-04,0.447,0.000,11623
329,5.64175,5.97599,5.972e-04,0.395,0.000,11613
330,5.78151,5.97599,5.971e-04,0.409,0.000,11621
331,5.99207,5.97599,5.971e-04,0.364,0.000,11621
332,5.89255,5.97599,5.970e-04,0.411,0.000,11625
333,5.82810,5.97599,5.970e-04,0.402,0.000,11622
334,5.82886,5.97599,5.970e-04,0.367,0.000,11571
335,5.79958,5.97599,5.969e-04,0.396,0.000,11627
336,5.78643,5.97599,5.969e-04,0.406,0.000,11636
337,5.77364,5.97599,5.968e-04,0.409,0.000,11627
338,5.72631,5.97599,5.968e-04,0.399,0.000,11638
339,5.68609,5.97599,5.967e-04,0.380,0.000,11616
340,5.90127,5.97599,5.967e-04,0.351,0.000,11583
341,5.83604,5.97599,5.966e-04,0.386,0.000,11612
342,5.89295,5.97599,5.966e-04,0.367,0.000,11659
343,5.74073,5.97599,5.965e-04,0.427,0.000,11621
344,5.93059,5.97599,5.965e-04,0.365,0.000,11625
345,5.98020,5.97599,5.964e-04,0.450,0.000,11599
346,5.56494,5.97599,5.964e-04,0.378,0.000,11596
347,5.85281,5.97599,5.963e-04,0.380,0.000,11633
348,6.12008,5.97599,5.963e-04,0.466,0.000,11644
349,5.97944,5.97599,5.962e-04,0.377,0.000,11594
350,5.68810,5.97599,5.962e-04,0.389,0.000,11593
351,5.64152,5.97599,5.961e-04,0.380,0.000,11625
352,5.81237,5.97599,5.961e-04,0.397,0.000,11625
353,5.80962,5.97599,5.960e-04,0.388,0.000,11615
354,5.88045,5.97599,5.960e-04,0.409,0.000,11639
355,5.79753,5.97599,5.959e-04,0.386,0.000,11641
356,5.98383,5.97599,5.959e-04,0.403,0.000,11603
357,5.80542,5.97599,5.958e-04,0.447,0.000,11624
358,5.88126,5.97599,5.958e-04,0.453,0.000,11628
359,5.91988,5.97599,5.957e-04,0.407,0.000,11634
360,5.72834,5.97599,5.957e-04,0.434,0.000,11631
361,5.84016,5.97599,5.956e-04,0.375,0.000,11618
362,5.76793,5.97599,5.956e-04,0.396,0.000,11592
363,5.84860,5.97599,5.955e-04,0.418,0.000,11621
364,6.00849,5.97599,5.954e-04,0.451,0.000,11625
365,5.83154,5.97599,5.954e-04,0.379,0.000,11604
366,5.83078,5.97599,5.953e-04,0.378,0.000,11637
367,5.81760,5.97599,5.953e-04,0.392,0.000,11597
368,5.89156,5.97599,5.952e-04,0.391,0.000,11616
369,5.88186,5.97599,5.952e-04,0.399,0.000,11630
370,5.75016,5.97599,5.951e-04,0.399,0.000,11630
371,5.61743,5.97599,5.950e-04,0.389,0.000,11630
372,5.85904,5.97599,5.950e-04,0.360,0.000,11633
373,5.91405,5.97599,5.949e-04,0.395,0.000,11593
374,5.89124,5.97599,5.949e-04,0.357,0.000,11605
375,5.68444,5.97599,5.948e-04,0.379,0.000,11641
376,5.84328,5.97599,5.948e-04,0.405,0.000,11614
377,5.79551,5.97599,5.947e-04,0.402,0.000,11612
378,5.80334,5.97599,5.946e-04,0.390,0.000,11628
379,5.83063,5.97599,5.946e-04,0.414,0.000,11608
380,5.78485,5.97599,5.945e-04,0.439,0.000,11628
381,5.77064,5.97599,5.945e-04,0.411,0.000,11640
382,5.77566,5.97599,5.944e-04,0.411,0.000,11626
383,5.83295,5.97599,5.943e-04,0.418,0.000,11640
384,5.83983,5.97599,5.943e-04,0.377,0.000,11598
385,5.61433,5.97599,5.942e-04,0.372,0.000,11627
386,5.67802,5.97599,5.941e-04,0.385,0.000,11634
387,5.53037,5.97599,5.941e-04,0.370,0.000,11623
388,5.81863,5.97599,5.940e-04,0.365,0.000,11615
389,5.77388,5.97599,5.940e-04,0.448,0.000,11607
390,5.77360,5.97599,5.939e-04,0.468,0.000,11596
391,5.62778,5.97599,5.938e-04,0.450,0.000,11631
392,5.87948,5.97599,5.938e-04,0.478,0.000,11617
393,5.66483,5.97599,5.937e-04,0.429,0.000,11619
394,5.71912,5.97599,5.936e-04,0.437,0.000,11643
395,5.80853,5.97599,5.936e-04,0.435,0.000,11609
396,5.87354,5.97599,5.935e-04,0.400,0.000,11610
397,5.80053,5.97599,5.934e-04,0.391,0.000,11621
398,5.78308,5.97599,5.934e-04,0.407,0.000,11639
399,5.62481,5.97599,5.933e-04,0.390,0.000,11631
400,5.60238,5.97599,5.932e-04,0.405,0.000,11592
401,5.76990,5.97599,5.932e-04,0.383,0.000,11576
402,5.87863,5.97599,5.931e-04,0.429,0.000,11584
403,5.84023,5.97599,5.930e-04,0.419,0.000,11601
404,5.55951,5.97599,5.930e-04,0.408,0.000,11607
405,5.72139,5.97599,5.929e-04,0.395,0.000,11617
406,5.68921,5.97599,5.928e-04,0.362,0.000,11620
407,5.59684,5.97599,5.928e-04,0.405,0.000,11624
408,5.49520,5.97599,5.927e-04,0.379,0.000,11635
409,5.82582,5.97599,5.926e-04,0.433,0.000,11618
410,5.56692,5.97599,5.925e-04,0.376,0.000,11628
411,5.80788,5.97599,5.925e-04,0.483,0.000,11624
412,5.73024,5.97599,5.924e-04,0.406,0.000,11570
413,5.72046,5.97599,5.923e-04,0.511,0.000,11615
414,5.74707,5.97599,5.923e-04,0.398,0.000,11628
415,5.64153,5.97599,5.922e-04,0.447,0.000,11609
416,5.71038,5.97599,5.921e-04,0.549,0.000,11640
417,5.58286,5.97599,5.920e-04,0.443,0.000,11612
418,5.62489,5.97599,5.920e-04,0.415,0.000,11620
419,5.77247,5.97599,5.919e-04,0.411,0.000,11593
420,5.91579,5.97599,5.918e-04,0.461,0.000,11647
421,5.88532,5.97599,5.917e-04,0.444,0.000,11588
422,5.51673,5.97599,5.917e-04,0.403,0.000,11375
423,5.66261,5.97599,5.916e-04,0.422,0.000,11429
424,5.70931,5.97599,5.915e-04,0.397,0.000,11301
425,5.75101,5.97599,5.914e-04,0.551,0.000,11389
426,5.52713,5.97599,5.914e-04,0.393,0.000,11499
427,5.78054,5.97599,5.913e-04,0.406,0.000,11646
428,5.58573,5.97599,5.912e-04,0.407,0.000,11612
429,5.61365,5.97599,5.911e-04,0.387,0.000,11642
430,5.92691,5.97599,5.911e-04,0.468,0.000,11574
431,5.53102,5.97599,5.910e-04,0.433,0.000,11618
432,5.71390,5.97599,5.909e-04,0.431,0.000,11620
433,6.04339,5.97599,5.908e-04,0.395,0.000,11629
434,5.67867,5.97599,5.907e-04,0.397,0.000,11638
435,5.53713,5.97599,5.907e-04,0.391,0.000,11646
436,5.61309,5.97599,5.906e-04,0.378,0.000,11603
437,5.64674,5.97599,5.905e-04,0.366,0.000,11621
438,5.69281,5.97599,5.904e-04,0.374,0.000,11639
439,5.78577,5.97599,5.904e-04,0.364,0.000,11600
440,5.66984,5.97599,5.903e-04,0.451,0.000,11635
441,5.87384,5.97599,5.902e-04,0.468,0.000,11621
442,5.63968,5.97599,5.901e-04,0.366,0.000,11596
443,5.48968,5.97599,5.900e-04,0.375,0.000,11615
444,5.60010,5.97599,5.899e-04,0.371,0.000,11622
445,5.71831,5.97599,5.899e-04,0.396,0.000,11623
446,5.72919,5.97599,5.898e-04,0.381,0.000,11627
447,5.59620,5.97599,5.897e-04,0.393,0.000,11589
448,5.91934,5.97599,5.896e-04,0.440,0.000,11619
449,5.54126,5.97599,5.895e-04,0.405,0.000,11627
450,5.63344,5.97599,5.894e-04,0.386,0.000,11602
451,5.82047,5.97599,5.894e-04,0.487,0.000,11632
452,5.61600,5.97599,5.893e-04,0.418,0.000,11603
453,5.58843,5.97599,5.892e-04,0.396,0.000,11596
454,5.56919,5.97599,5.891e-04,0.378,0.000,11627
455,5.54590,5.97599,5.890e-04,0.359,0.000,11653
456,5.59110,5.97599,5.889e-04,0.356,0.000,11656
457,5.42613,5.97599,5.889e-04,0.388,0.000,11641
458,5.58441,5.97599,5.888e-04,0.425,0.000,11592
459,5.45362,5.97599,5.887e-04,0.373,0.000,11618
460,5.40994,5.97599,5.886e-04,0.351,0.000,11630
461,5.61912,5.97599,5.885e-04,0.387,0.000,11634
462,5.66089,5.97599,5.884e-04,0.346,0.000,11626
463,5.87257,5.97599,5.883e-04,0.425,0.000,11615
464,5.73495,5.97599,5.882e-04,0.390,0.000,11599
465,5.64374,5.97599,5.882e-04,0.412,0.000,11628
466,5.65514,5.97599,5.881e-04,0.415,0.000,11632
467,5.45172,5.97599,5.880e-04,0.405,0.000,11622
468,5.71124,5.97599,5.879e-04,0.400,0.000,11641
469,5.72255,5.97599,5.878e-04,0.400,0.000,11614
470,5.74973,5.97599,5.877e-04,0.369,0.000,11636
471,5.55111,5.97599,5.876e-04,0.495,0.000,11623
472,5.69088,5.97599,5.875e-04,0.392,0.000,11649
473,5.55627,5.97599,5.874e-04,0.391,0.000,11649
474,5.63449,5.97599,5.873e-04,0.412,0.000,11609
475,5.56550,5.97599,5.872e-04,0.399,0.000,11610
476,5.54732,5.97599,5.872e-04,0.413,0.000,11652
477,5.51244,5.97599,5.871e-04,0.383,0.000,11620
478,5.61534,5.97599,5.870e-04,0.389,0.000,11607
479,5.64351,5.97599,5.869e-04,0.380,0.000,11608
480,5.65446,5.97599,5.868e-04,0.429,0.000,11595
481,5.66082,5.97599,5.867e-04,0.398,0.000,11608
482,5.42231,5.97599,5.866e-04,0.401,0.000,11646
483,5.48266,5.97599,5.865e-04,0.354,0.000,11618
484,5.61744,5.97599,5.864e-04,0.381,0.000,11635
485,5.69832,5.97599,5.863e-04,0.369,0.000,11611
486,5.56014,5.97599,5.862e-04,0.362,0.000,11561
487,5.67509,5.97599,5.861e-04,0.398,0.000,11608
488,5.39982,5.97599,5.860e-04,0.376,0.000,11602
489,5.60720,5.97599,5.859e-04,0.386,0.000,11611
490,5.46694,5.97599,5.858e-04,0.379,0.000,11626
491,5.61602,5.97599,5.857e-04,0.400,0.000,11599
492,5.60739,5.97599,5.856e-04,0.387,0.000,11587
493,5.62313,5.97599,5.855e-04,0.385,0.000,11605
494,5.54177,5.97599,5.854e-04,0.373,0.000,11600
495,5.53334,5.97599,5.853e-04,0.375,0.000,11622
496,5.49093,5.97599,5.852e-04,0.365,0.000,11587
497,5.36898,5.97599,5.851e-04,0.346,0.000,11598
498,5.63651,5.97599,5.850e-04,0.382,0.000,11598
499,5.69597,5.97599,5.849e-04,0.349,0.000,11597
500,5.51118,5.48350,5.848e-04,0.366,0.000,5056
501,5.48033,5.48350,5.847e-04,0.352,0.000,11730
502,5.57467,5.48350,5.846e-04,0.367,0.000,11618
503,5.63711,5.48350,5.845e-04,0.369,0.000,11594
504,5.51598,5.48350,5.844e-04,0.409,0.000,11610
505,5.69467,5.48350,5.843e-04,0.371,0.000,11591
506,5.52376,5.48350,5.842e-04,0.369,0.000,11608
507,5.46144,5.48350,5.841e-04,0.379,0.000,11590
508,5.48074,5.48350,5.840e-04,0.391,0.000,11642
509,5.70629,5.48350,5.839e-04,0.389,0.000,11620
510,5.68437,5.48350,5.838e-04,0.389,0.000,11607
511,5.56844,5.48350,5.837e-04,0.361,0.000,11642
512,5.78933,5.48350,5.836e-04,0.415,0.000,11603
513,5.44858,5.48350,5.835e-04,0.377,0.000,11605
514,5.57663,5.48350,5.834e-04,0.358,0.000,11624
515,5.40742,5.48350,5.833e-04,0.377,0.000,11634
516,5.62073,5.48350,5.832e-04,0.359,0.000,11637
517,5.66000,5.48350,5.831e-04,0.386,0.000,11625
518,5.59533,5.48350,5.830e-04,0.397,0.000,11623
519,5.50670,5.48350,5.829e-04,0.371,0.000,11640
520,5.64086,5.48350,5.828e-04,0.373,0.000,11656
521,5.56832,5.48350,5.827e-04,0.375,0.000,11604
522,5.64985,5.48350,5.826e-04,0.427,0.000,11603
523,5.30037,5.48350,5.825e-04,0.372,0.000,11605
524,5.61620,5.48350,5.824e-04,0.398,0.000,11600
525,5.65724,5.48350,5.822e-04,0.412,0.000,11608
526,5.60609,5.48350,5.821e-04,0.358,0.000,11599
527,5.45521,5.48350,5.820e-04,0.390,0.000,11635
528,5.76909,5.48350,5.819e-04,0.434,0.000,11628
529,5.57753,5.48350,5.818e-04,0.350,0.000,11615
530,5.45726,5.48350,5.817e-04,0.374,0.000,11628
531,5.45970,5.48350,5.816e-04,0.378,0.000,11613
532,5.71620,5.48350,5.815e-04,0.388,0.000,11638
533,5.41495,5.48350,5.814e-04,0.361,0.000,11648
534,5.51709,5.48350,5.813e-04,0.396,0.000,11601
535,5.66164,5.48350,5.812e-04,0.404,0.000,11609
536,5.47227,5.48350,5.810e-04,0.371,0.000,11629
537,5.32144,5.48350,5.809e-04,0.385,0.000,11631
538,5.64770,5.48350,5.808e-04,0.398,0.000,11644
539,5.55004,5.48350,5.807e-04,0.378,0.000,11622
540,5.66904,5.48350,5.806e-04,0.359,0.000,11565
541,5.46886,5.48350,5.805e-04,0.382,0.000,11630
542,5.38603,5.48350,5.804e-04,0.349,0.000,11647
543,5.42219,5.48350,5.803e-04,0.363,0.000,11650
544,5.54223,5.48350,5.801e-04,0.412,0.000,11607
545,5.57270,5.48350,5.800e-04,0.391,0.000,11614
546,5.63375,5.48350,5.799e-04,0.384,0.000,11609
547,5.60282,5.48350,5.798e-04,0.411,0.000,11632
548,5.36642,5.48350,5.797e-04,0.388,0.000,11615
549,5.49670,5.48350,5.796e-04,0.411,0.000,11623
550,5.53232,5.48350,5.794e-04,0.380,0.000,11586
551,5.52703,5.48350,5.793e-04,0.378,0.000,11584
552,5.63136,5.48350,5.792e-04,0.377,0.000,11629
553,5.58473,5.48350,5.791e-04,0.417,0.000,11610
554,5.70375,5.48350,5.790e-04,0.369,0.000,11654
555,5.65363,5.48350,5.789e-04,0.448,0.000,11635
556,5.44238,5.48350,5.787e-04,0.388,0.000,11600
557,5.35420,5.48350,5.786e-04,0.365,0.000,11622
558,5.54768,5.48350,5.785e-04,0.388,0.000,11623
559,5.49802,5.48350,5.784e-04,0.371,0.000,11636
560,5.57716,5.48350,5.783e-04,0.390,0.000,11649
561,5.49337,5.48350,5.782e-04,0.400,0.000,11602
562,5.63642,5.48350,5.780e-04,0.397,0.000,11619
563,5.47490,5.48350,5.779e-04,0.372,0.000,11585
564,5.34370,5.48350,5.778e-04,0.376,0.000,11614
565,5.41122,5.48350,5.777e-04,0.363,0.000,11615
566,5.54674,5.48350,5.776e-04,0.404,0.000,11670
567,5.45472,5.48350,5.774e-04,0.363,0.000,11629
568,5.35210,5.48350,5.773e-04,0.362,0.000,11624
569,5.35036,5.48350,5.772e-04,0.391,0.000,11631
570,5.39898,5.48350,5.771e-04,0.349,0.000,11658
571,5.33210,5.48350,5.769e-04,0.382,0.000,11634
572,5.43511,5.48350,5.768e-04,0.374,0.000,11592
573,5.41987,5.48350,5.767e-04,0.380,0.000,11559
574,5.35796,5.48350,5.766e-04,0.375,0.000,11583
575,5.46173,5.48350,5.765e-04,0.414,0.000,11649
576,5.52535,5.48350,5.763e-04,0.383,0.000,11611
577,5.63858,5.48350,5.762e-04,0.361,0.000,11633
578,5.29456,5.48350,5.761e-04,0.373,0.000,11599
579,5.50333,5.48350,5.760e-04,0.393,0.000,11577
580,5.56173,5.48350,5.758e-04,0.372,0.000,11629
581,5.36688,5.48350,5.757e-04,0.368,0.000,11615
582,5.49070,5.48350,5.756e-04,0.349,0.000,11646
583,5.73678,5.48350,5.755e-04,0.395,0.000,11637
584,5.42144,5.48350,5.753e-04,0.382,0.000,11598
585,5.59235,5.48350,5.752e-04,0.394,0.000,11626
586,5.60379,5.48350,5.751e-04,0.374,0.000,11632
587,5.68399,5.48350,5.749e-04,0.400,0.000,11629
588,5.37477,5.48350,5.748e-04,0.378,0.000,11632
589,5.45165,5.48350,5.747e-04,0.378,0.000,11642
590,5.33951,5.48350,5.746e-04,0.391,0.000,11595
591,5.49156,5.48350,5.744e-04,0.386,0.000,11635
592,5.37213,5.48350,5.743e-04,0.376,0.000,11629
593,5.61247,5.48350,5.742e-04,0.361,0.000,11646
594,5.36739,5.48350,5.740e-04,0.374,0.000,11644
595,5.43279,5.48350,5.739e-04,0.366,0.000,11584
596,5.40879,5.48350,5.738e-04,0.424,0.000,11618
597,5.33477,5.48350,5.737e-04,0.396,0.000,11622
598,5.46016,5.48350,5.735e-04,0.373,0.000,11643
599,5.32999,5.48350,5.734e-04,0.374,0.000,11619
600,5.29883,5.48350,5.733e-04,0.381,0.000,11637
601,5.46878,5.48350,5.731e-04,0.368,0.000,11610
602,5.43315,5.48350,5.730e-04,0.423,0.000,11641
603,5.53770,5.48350,5.729e-04,0.362,0.000,11652
604,5.50367,5.48350,5.727e-04,0.360,0.000,11620
605,5.38362,5.48350,5.726e-04,0.379,0.000,11621
606,5.40731,5.48350,5.725e-04,0.448,0.000,11622
607,5.42305,5.48350,5.723e-04,0.467,0.000,11629
608,5.49460,5.48350,5.722e-04,0.401,0.000,11636
609,5.50872,5.48350,5.721e-04,0.363,0.000,11615
610,5.36434,5.48350,5.719e-04,0.366,0.000,11644
611,5.59703,5.48350,5.718e-04,0.384,0.000,11607
612,5.37712,5.48350,5.717e-04,0.395,0.000,11620
613,5.32864,5.48350,5.715e-04,0.358,0.000,11614
614,5.40287,5.48350,5.714e-04,0.352,0.000,11648
615,5.24993,5.48350,5.713e-04,0.362,0.000,11626
616,5.48073,5.48350,5.711e-04,0.371,0.000,11634
617,5.34596,5.48350,5.710e-04,0.354,0.000,11593
618,5.48883,5.48350,5.708e-04,0.405,0.000,11596
619,5.50245,5.48350,5.707e-04,0.385,0.000,11613
620,5.39849,5.48350,5.706e-04,0.367,0.000,11611
621,5.40882,5.48350,5.704e-04,0.400,0.000,11648
622,5.41178,5.48350,5.703e-04,0.390,0.000,11616
623,5.44776,5.48350,5.702e-04,0.393,0.000,11603
624,5.38351,5.48350,5.700e-04,0.404,0.000,11627
625,5.46617,5.48350,5.699e-04,0.395,0.000,11627
626,5.34454,5.48350,5.697e-04,0.367,0.000,11616
627,5.42760,5.48350,5.696e-04,0.384,0.000,11622
628,5.38463,5.48350,5.695e-04,0.377,0.000,11599
629,5.52926,5.48350,5.693e-04,0.390,0.000,11580
630,5.37032,5.48350,5.692e-04,0.369,0.000,11635
631,5.28705,5.48350,5.690e-04,0.366,0.000,11624
632,5.30930,5.48350,5.689e-04,0.419,0.000,11611
633,5.20177,5.48350,5.688e-04,0.355,0.000,11615
634,5.29847,5.48350,5.686e-04,0.386,0.000,11573
635,5.33888,5.48350,5.685e-04,0.354,0.000,11606
636,5.27926,5.48350,5.683e-04,0.370,0.000,11629
637,5.49780,5.48350,5.682e-04,0.351,0.000,11608
638,5.47282,5.48350,5.680e-04,0.398,0.000,11606
639,5.34650,5.48350,5.679e-04,0.399,0.000,11626
640,5.33701,5.48350,5.678e-04,0.407,0.000,11595
641,5.64338,5.48350,5.676e-04,0.401,0.000,11622
642,5.38290,5.48350,5.675e-04,0.354,0.000,11630
643,5.33057,5.48350,5.673e-04,0.360,0.000,11618
644,5.27056,5.48350,5.672e-04,0.337,0.000,11636
645,5.45623,5.48350,5.670e-04,0.420,0.000,11612
646,5.51111,5.48350,5.669e-04,0.369,0.000,11619
647,5.57766,5.48350,5.667e-04,0.415,0.000,11630
648,5.42597,5.48350,5.666e-04,0.359,0.000,11645
649,5.30470,5.48350,5.665e-04,0.354,0.000,11642
650,5.29736,5.48350,5.663e-04,0.396,0.000,11615
651,5.24987,5.48350,5.662e-04,0.361,0.000,11603
652,5.25135,5.48350,5.660e-04,0.361,0.000,11628
653,5.40620,5.48350,5.659e-04,0.379,0.000,11636
654,5.22590,5.48350,5.657e-04,0.350,0.000,11617
655,5.46717,5.48350,5.656e-04,0.404,0.000,11656
656,5.17344,5.48350,5.654e-04,0.486,0.000,11580
657,5.38727,5.48350,5.653e-04,0.355,0.000,11590
658,5.41551,5.48350,5.651e-04,0.383,0.000,11645
659,5.33547,5.48350,5.650e-04,0.453,0.000,11616
660,5.43001,5.48350,5.648e-04,0.406,0.000,11634
661,5.47096,5.48350,5.647e-04,0.396,0.000,11641
662,5.31545,5.48350,5.645e-04,0.347,0.000,11602
663,5.45073,5.48350,5.644e-04,0.371,0.000,11619
664,5.30101,5.48350,5.642e-04,0.369,0.000,11634
665,5.46103,5.48350,5.641e-04,0.399,0.000,11629
666,5.37049,5.48350,5.639e-04,0.360,0.000,11621
667,5.43297,5.48350,5.638e-04,0.618,0.000,11605
668,5.36580,5.48350,5.636e-04,0.388,0.000,11620
669,5.56938,5.48350,5.635e-04,0.376,0.000,11625
670,5.33348,5.48350,5.633e-04,0.368,0.000,11625
671,5.48403,5.48350,5.632e-04,0.371,0.000,11635
672,5.32807,5.48350,5.630e-04,0.368,0.000,11611
673,5.12968,5.48350,5.629e-04,0.419,0.000,11603
674,5.40595,5.48350,5.627e-04,0.369,0.000,11641
675,5.28050,5.48350,5.626e-04,0.380,0.000,11619
676,5.38014,5.48350,5.624e-04,0.384,0.000,11629
677,5.35242,5.48350,5.622e-04,0.406,0.000,11624
678,5.48270,5.48350,5.621e-04,0.390,0.000,11626
679,5.46006,5.48350,5.619e-04,0.570,0.000,11591
680,5.42874,5.48350,5.618e-04,0.408,0.000,11628
681,5.36070,5.48350,5.616e-04,0.432,0.000,11607
682,5.22202,5.48350,5.615e-04,0.410,0.000,11626
683,5.46384,5.48350,5.613e-04,0.555,0.000,11645
684,5.40282,5.48350,5.612e-04,0.385,0.000,11575
685,5.39999,5.48350,5.610e-04,0.414,0.000,11643
686,5.28592,5.48350,5.608e-04,0.426,0.000,11637
687,5.21086,5.48350,5.607e-04,0.427,0.000,11639
688,5.26180,5.48350,5.605e-04,0.445,0.000,11623
689,5.39531,5.48350,5.604e-04,0.464,0.000,11613
690,5.40539,5.48350,5.602e-04,0.425,0.000,11600
691,5.41972,5.48350,5.601e-04,0.425,0.000,11634
692,5.23808,5.48350,5.599e-04,0.440,0.000,11640
693,5.27830,5.48350,5.597e-04,0.394,0.000,11639
694,5.33996,5.48350,5.596e-04,0.391,0.000,11625
695,5.39733,5.48350,5.594e-04,0.387,0.000,11600
696,5.35543,5.48350,5.593e-04,0.394,0.000,11631
697,5.23942,5.48350,5.591e-04,0.369,0.000,11635
698,5.24712,5.48350,5.589e-04,0.443,0.000,11618
699,5.35927,5.48350,5.588e-04,0.405,0.000,11635
700,5.48587,5.48350,5.586e-04,0.383,0.000,11607
701,5.21950,5.48350,5.585e-04,0.406,0.000,11604
702,5.33442,5.48350,5.583e-04,0.390,0.000,11600
703,5.31539,5.48350,5.581e-04,0.419,0.000,11606
704,5.41915,5.48350,5.580e-04,0.392,0.000,11630
705,5.27627,5.48350,5.578e-04,0.379,0.000,11625
706,5.41213,5.48350,5.576e-04,0.386,0.000,11607
707,5.20386,5.48350,5.575e-04,0.369,0.000,11584
708,5.48820,5.48350,5.573e-04,0.403,0.000,11615
709,5.41230,5.48350,5.572e-04,0.410,0.000,11610
710,5.44605,5.48350,5.570e-04,0.379,0.000,11627
711,5.52319,5.48350,5.568e-04,0.360,0.000,11621
712,5.25959,5.48350,5.567e-04,0.372,0.000,11589
713,5.48959,5.48350,5.565e-04,0.421,0.000,11663
714,5.22070,5.48350,5.563e-04,0.378,0.000,11642
715,5.23623,5.48350,5.562e-04,0.375,0.000,11622
716,5.39800,5.48350,5.560e-04,0.439,0.000,11617
717,5.35384,5.48350,5.558e-04,0.394,0.000,11608
718,5.41599,5.48350,5.557e-04,0.390,0.000,11605
719,5.13670,5.48350,5.555e-04,0.374,0.000,11635
720,5.38707,5.48350,5.553e-04,0.409,0.000,11632
721,5.44565,5.48350,5.552e-04,0.454,0.000,11628
722,5.38340,5.48350,5.550e-04,0.383,0.000,11627
723,5.20484,5.48350,5.548e-04,0.406,0.000,11593
724,5.27836,5.48350,5.547e-04,0.370,0.000,11651
725,5.34375,5.48350,5.545e-04,0.386,0.000,11647
726,5.18235,5.48350,5.543e-04,0.350,0.000,11628
727,5.23495,5.48350,5.542e-04,0.366,0.000,11622
728,5.29918,5.48350,5.540e-04,0.384,0.000,11579
729,5.39192,5.48350,5.538e-04,0.418,0.000,11600
730,5.48152,5.48350,5.537e-04,0.389,0.000,11616
731,5.25434,5.48350,5.535e-04,0.471,0.000,11655
732,5.31399,5.48350,5.533e-04,0.414,0.000,11642
733,5.43571,5.48350,5.531e-04,0.488,0.000,11663
734,5.16167,5.48350,5.530e-04,0.386,0.000,11600
735,5.36811,5.48350,5.528e-04,0.392,0.000,11592
736,5.17752,5.48350,5.526e-04,0.382,0.000,11639
737,5.32612,5.48350,5.525e-04,0.371,0.000,11600
738,5.42909,5.48350,5.523e-04,0.402,0.000,11640
739,5.31393,5.48350,5.521e-04,0.378,0.000,11624
740,5.26607,5.48350,5.519e-04,0.374,0.000,11583
741,5.36447,5.48350,5.518e-04,0.405,0.000,11604
742,5.23562,5.48350,5.516e-04,0.362,0.000,11620
743,5.33301,5.48350,5.514e-04,0.399,0.000,11632
744,5.21626,5.48350,5.512e-04,0.372,0.000,11604
745,5.30239,5.48350,5.511e-04,0.373,0.000,11602
746,5.17648,5.48350,5.509e-04,0.374,0.000,11603
747,5.13368,5.48350,5.507e-04,0.384,0.000,11635
748,5.39626,5.48350,5.506e-04,0.365,0.000,11620
749,5.36950,5.48350,5.504e-04,0.420,0.000,11643
750,5.27636,5.19711,5.502e-04,0.417,0.000,5045
751,5.25029,5.19711,5.500e-04,0.386,0.000,11765
752,5.38305,5.19711,5.499e-04,0.392,0.000,11606
753,5.21473,5.19711,5.497e-04,0.388,0.000,11642
754,5.33972,5.19711,5.495e-04,0.415,0.000,11590
755,5.30280,5.19711,5.493e-04,0.406,0.000,11619
756,5.15963,5.19711,5.491e-04,0.372,0.000,11635
757,5.25113,5.19711,5.490e-04,0.369,0.000,11615
758,5.33345,5.19711,5.488e-04,0.353,0.000,11634
759,5.22430,5.19711,5.486e-04,0.356,0.000,11591
760,5.23307,5.19711,5.484e-04,0.373,0.000,11599
761,5.43849,5.19711,5.483e-04,0.385,0.000,11604
762,5.13490,5.19711,5.481e-04,0.379,0.000,11643
763,5.26765,5.19711,5.479e-04,0.366,0.000,11625
764,5.17630,5.19711,5.477e-04,0.363,0.000,11623
765,5.10062,5.19711,5.475e-04,0.371,0.000,11638
766,5.13567,5.19711,5.474e-04,0.387,0.000,11606
767,5.31897,5.19711,5.472e-04,0.372,0.000,11639
768,5.08401,5.19711,5.470e-04,0.370,0.000,11592
769,5.19459,5.19711,5.468e-04,0.370,0.000,11656
770,5.29756,5.19711,5.466e-04,0.404,0.000,11619
771,5.29547,5.19711,5.465e-04,0.378,0.000,11576
772,5.40575,5.19711,5.463e-04,0.376,0.000,11630
773,5.42160,5.19711,5.461e-04,0.374,0.000,11584
774,5.19342,5.19711,5.459e-04,0.395,0.000,11632
775,5.40750,5.19711,5.457e-04,0.397,0.000,11640
776,5.37651,5.19711,5.456e-04,0.374,0.000,11640
777,5.32228,5.19711,5.454e-04,0.405,0.000,11618
778,5.29293,5.19711,5.452e-04,0.461,0.000,11644
779,5.21519,5.19711,5.450e-04,0.387,0.000,11635
780,5.18616,5.19711,5.448e-04,0.389,0.000,11639
781,5.38970,5.19711,5.446e-04,0.379,0.000,11651
782,5.31835,5.19711,5.445e-04,0.395,0.000,11590
783,5.27848,5.19711,5.443e-04,0.393,0.000,11626
784,5.39614,5.19711,5.441e-04,0.393,0.000,11623
785,5.38642,5.19711,5.439e-04,0.388,0.000,11630
786,5.28262,5.19711,5.437e-04,0.398,0.000,11602
787,5.29332,5.19711,5.435e-04,0.371,0.000,11587
788,5.27946,5.19711,5.433e-04,0.371,0.000,11594
789,5.12641,5.19711,5.432e-04,0.371,0.000,11632
790,5.10395,5.19711,5.430e-04,0.385,0.000,11637
791,5.42662,5.19711,5.428e-04,0.406,0.000,11635
792,5.31272,5.19711,5.426e-04,0.380,0.000,11634
793,5.23285,5.19711,5.424e-04,0.386,0.000,11618
794,5.42716,5.19711,5.422e-04,0.409,0.000,11626
795,5.37956,5.19711,5.420e-04,0.355,0.000,11635
796,5.40158,5.19711,5.418e-04,0.395,0.000,11630
797,5.34790,5.19711,5.417e-04,0.400,0.000,11648
798,5.07005,5.19711,5.415e-04,0.383,0.000,11640
799,5.20712,5.19711,5.413e-04,0.366,0.000,11598
800,5.37377,5.19711,5.411e-04,0.393,0.000,11648
801,5.22906,5.19711,5.409e-04,0.380,0.000,11629
802,5.28881,5.19711,5.407e-04,0.384,0.000,11620
803,5.19050,5.19711,5.405e-04,0.430,0.000,11645
804,5.36463,5.19711,5.403e-04,0.390,0.000,11612
805,5.11074,5.19711,5.401e-04,0.420,0.000,11607
806,5.28073,5.19711,5.400e-04,0.407,0.000,11646
807,5.10271,5.19711,5.398e-04,0.382,0.000,11634
808,5.39661,5.19711,5.396e-04,0.406,0.000,11618
809,5.33893,5.19711,5.394e-04,0.440,0.000,11604
810,5.11816,5.19711,5.392e-04,0.383,0.000,11632
811,5.21410,5.19711,5.390e-04,0.385,0.000,11632
812,5.20696,5.19711,5.388e-04,0.401,0.000,11612
813,5.22740,5.19711,5.386e-04,0.398,0.000,11625
814,5.04102,5.19711,5.384e-04,0.374,0.000,11639
815,5.14213,5.19711,5.382e-04,0.368,0.000,11620
816,5.44665,5.19711,5.380e-04,0.398,0.000,11604
817,5.29337,5.19711,5.378e-04,0.351,0.000,11647
818,5.14820,5.19711,5.377e-04,0.355,0.000,11588
819,5.33454,5.19711,5.375e-04,0.401,0.000,11641
820,5.25277,5.19711,5.373e-04,0.371,0.000,11618
821,5.18253,5.19711,5.371e-04,0.378,0.000,11603
822,5.31948,5.19711,5.369e-04,0.372,0.000,11654
823,5.37371,5.19711,5.367e-04,0.406,0.000,11613
824,5.34811,5.19711,5.365e-04,0.392,0.000,11624
825,5.17814,5.19711,5.363e-04,0.389,0.000,11621
826,5.03887,5.19711,5.361e-04,0.387,0.000,11600
827,5.00165,5.19711,5.359e-04,0.393,0.000,11614
828,5.18169,5.19711,5.357e-04,0.366,0.000,11635
829,5.21076,5.19711,5.355e-04,0.398,0.000,11611
830,5.20403,5.19711,5.353e-04,0.371,0.000,11623
831,5.16670,5.19711,5.351e-04,0.378,0.000,11642
832,5.17843,5.19711,5.349e-04,0.356,0.000,11611
833,5.35458,5.19711,5.347e-04,0.394,0.000,11619
834,5.17826,5.19711,5.345e-04,0.373,0.000,11601
835,5.03909,5.19711,5.343e-04,0.392,0.000,11610
836,5.12757,5.19711,5.341e-04,0.393,0.000,11619
837,5.21260,5.19711,5.339e-04,0.417,0.000,11617
838,5.21819,5.19711,5.337e-04,0.395,0.000,11633
839,5.12856,5.19711,5.335e-04,0.386,0.000,11622
840,5.13735,5.19711,5.333e-04,0.374,0.000,11645
841,5.07121,5.19711,5.331e-04,0.369,0.000,11615
842,5.31404,5.19711,5.329e-04,0.420,0.000,11608
843,5.21134,5.19711,5.327e-04,0.380,0.000,11583
844,5.13886,5.19711,5.325e-04,0.412,0.000,11606
845,5.32268,5.19711,5.323e-04,0.399,0.000,11642
846,5.28844,5.19711,5.321e-04,0.419,0.000,11607
847,5.23739,5.19711,5.319e-04,0.402,0.000,11643
848,5.18996,5.19711,5.317e-04,0.397,0.000,11596
849,5.15855,5.19711,5.315e-04,0.388,0.000,11628
850,5.32912,5.19711,5.313e-04,0.433,0.000,11642
851,5.34959,5.19711,5.311e-04,0.441,0.000,11639
852,5.18423,5.19711,5.309e-04,0.409,0.000,11628
853,5.30018,5.19711,5.307e-04,0.377,0.000,11613
854,5.34186,5.19711,5.305e-04,0.425,0.000,11608
855,5.14199,5.19711,5.303e-04,0.383,0.000,11635
856,5.06550,5.19711,5.301e-04,0.415,0.000,11647
857,5.20122,5.19711,5.299e-04,0.396,0.000,11604
858,5.13675,5.19711,5.297e-04,0.453,0.000,11632
859,5.26150,5.19711,5.295e-04,0.398,0.000,11612
860,5.20836,5.19711,5.293e-04,0.408,0.000,11616
861,5.25105,5.19711,5.291e-04,0.389,0.000,11635
862,5.32138,5.19711,5.289e-04,0.398,0.000,11634
863,5.18363,5.19711,5.287e-04,0.408,0.000,11651
864,5.09108,5.19711,5.285e-04,0.399,0.000,11629
865,5.27292,5.19711,5.283e-04,0.419,0.000,11595
866,5.19613,5.19711,5.281e-04,0.412,0.000,11642
867,5.23676,5.19711,5.279e-04,0.416,0.000,11626
868,5.37367,5.19711,5.276e-04,0.402,0.000,11610
869,5.25541,5.19711,5.274e-04,0.411,0.000,11608
870,5.25282,5.19711,5.272e-04,0.417,0.000,11601
871,5.26091,5.19711,5.270e-04,0.387,0.000,11582
872,5.17545,5.19711,5.268e-04,0.384,0.000,11635
873,5.15776,5.19711,5.266e-04,0.390,0.000,11640
874,5.23332,5.19711,5.264e-04,0.384,0.000,11625
875,5.18412,5.19711,5.262e-04,0.389,0.000,11619
876,5.17195,5.19711,5.260e-04,0.398,0.000,11578
877,5.19713,5.19711,5.258e-04,0.395,0.000,11618
878,5.27789,5.19711,5.256e-04,0.375,0.000,11620
879,5.15561,5.19711,5.254e-04,0.399,0.000,11620
880,5.18616,5.19711,5.252e-04,0.383,0.000,11627
881,5.16835,5.19711,5.249e-04,0.397,0.000,11623
882,5.08987,5.19711,5.247e-04,0.391,0.000,11608
883,5.03222,5.19711,5.245e-04,0.389,0.000,11610
884,5.24677,5.19711,5.243e-04,0.379,0.000,11630
885,4.87661,5.19711,5.241e-04,0.402,0.000,11603
886,5.28227,5.19711,5.239e-04,0.373,0.000,11616
887,5.07224,5.19711,5.237e-04,0.410,0.000,11619
888,5.05334,5.19711,5.235e-04,0.381,0.000,11618
889,5.16100,5.19711,5.233e-04,0.472,0.000,11613
890,5.15908,5.19711,5.230e-04,0.420,0.000,11625
891,4.88500,5.19711,5.228e-04,0.408,0.000,11642
892,5.19961,5.19711,5.226e-04,0.425,0.000,11601
893,5.01308,5.19711,5.224e-04,0.380,0.000,11607
894,5.09593,5.19711,5.222e-04,0.398,0.000,11609
895,4.99524,5.19711,5.220e-04,0.394,0.000,11636
896,5.24006,5.19711,5.218e-04,0.416,0.000,11605
897,5.09131,5.19711,5.216e-04,0.401,0.000,11620
898,4.96356,5.19711,5.213e-04,0.372,0.000,11582
899,5.22639,5.19711,5.211e-04,0.389,0.000,11595
900,5.28683,5.19711,5.209e-04,0.405,0.000,11600
901,5.15744,5.19711,5.207e-04,0.394,0.000,11629
902,5.28250,5.19711,5.205e-04,0.429,0.000,11620
903,5.27924,5.19711,5.203e-04,0.395,0.000,11610
904,5.13011,5.19711,5.201e-04,0.425,0.000,11584
905,5.09054,5.19711,5.198e-04,0.378,0.000,11626
906,4.96557,5.19711,5.196e-04,0.412,0.000,11621
907,5.17272,5.19711,5.194e-04,0.429,0.000,11637
908,5.04687,5.19711,5.192e-04,0.365,0.000,11632
909,5.12688,5.19711,5.190e-04,0.379,0.000,11637
910,5.33780,5.19711,5.188e-04,0.416,0.000,11610
911,5.30871,5.19711,5.185e-04,0.400,0.000,11635
912,5.17499,5.19711,5.183e-04,0.415,0.000,11641
913,5.22002,5.19711,5.181e-04,0.394,0.000,11610
914,5.15216,5.19711,5.179e-04,0.393,0.000,11632
915,5.09186,5.19711,5.177e-04,0.419,0.000,11604
916,5.17501,5.19711,5.175e-04,0.401,0.000,11613
917,4.93707,5.19711,5.172e-04,0.389,0.000,11637
918,5.30352,5.19711,5.170e-04,0.428,0.000,11625
919,5.06925,5.19711,5.168e-04,0.403,0.000,11607
920,5.21305,5.19711,5.166e-04,0.424,0.000,11620
921,5.22513,5.19711,5.164e-04,0.394,0.000,11605
922,5.03743,5.19711,5.161e-04,0.399,0.000,11628
923,4.98911,5.19711,5.159e-04,0.384,0.000,11610
924,5.24607,5.19711,5.157e-04,0.409,0.000,11618
925,5.16490,5.19711,5.155e-04,0.430,0.000,11623
926,5.21875,5.19711,5.153e-04,0.431,0.000,11569
927,5.03300,5.19711,5.150e-04,0.410,0.000,11597
928,4.98429,5.19711,5.148e-04,0.402,0.000,11654
929,5.07111,5.19711,5.146e-04,0.417,0.000,11638
930,5.10141,5.19711,5.144e-04,0.418,0.000,11618
931,5.13624,5.19711,5.142e-04,0.419,0.000,11629
932,5.13403,5.19711,5.139e-04,0.392,0.000,11580
933,5.18718,5.19711,5.137e-04,0.420,0.000,11646
934,5.16744,5.19711,5.135e-04,0.424,0.000,11625
935,4.82013,5.19711,5.133e-04,0.386,0.000,11647
936,4.86105,5.19711,5.131e-04,0.410,0.000,11631
937,5.13952,5.19711,5.128e-04,0.436,0.000,11617
938,5.05658,5.19711,5.126e-04,0.393,0.000,11624
939,5.12664,5.19711,5.124e-04,0.451,0.000,11628
940,5.09644,5.19711,5.122e-04,0.407,0.000,11649
941,4.86086,5.19711,5.119e-04,0.387,0.000,11634
942,5.25814,5.19711,5.117e-04,0.471,0.000,11640
943,5.21588,5.19711,5.115e-04,0.403,0.000,11612
944,5.23138,5.19711,5.113e-04,0.443,0.000,11620
945,5.17834,5.19711,5.110e-04,0.447,0.000,11629
946,5.03888,5.19711,5.108e-04,0.406,0.000,11633
947,5.09131,5.19711,5.106e-04,0.384,0.000,11644
948,5.17353,5.19711,5.104e-04,0.413,0.000,11622
949,5.17537,5.19711,5.101e-04,0.405,0.000,11598
950,5.19570,5.19711,5.099e-04,0.405,0.000,11642
951,5.26198,5.19711,5.097e-04,0.958,0.000,11607
952,5.10365,5.19711,5.095e-04,0.408,0.000,11591
953,4.96312,5.19711,5.092e-04,0.412,0.000,11615
954,5.25156,5.19711,5.090e-04,0.388,0.000,11585
955,5.01266,5.19711,5.088e-04,0.386,0.000,11589
956,5.01779,5.19711,5.086e-04,0.388,0.000,11640
957,5.07306,5.19711,5.083e-04,0.404,0.000,11641
958,4.99715,5.19711,5.081e-04,0.383,0.000,11613
959,5.13880,5.19711,5.079e-04,0.408,0.000,11598
960,5.16353,5.19711,5.076e-04,0.414,0.000,11612
961,5.07953,5.19711,5.074e-04,0.456,0.000,11605
962,5.22445,5.19711,5.072e-04,0.419,0.000,11603
963,4.88344,5.19711,5.070e-04,0.409,0.000,11460
964,5.05765,5.19711,5.067e-04,0.391,0.000,11425
965,5.23806,5.19711,5.065e-04,0.459,0.000,11409
966,5.10784,5.19711,5.063e-04,0.416,0.000,11351
967,5.02813,5.19711,5.060e-04,0.400,0.000,11453
968,5.13523,5.19711,5.058e-04,0.443,0.000,11639
969,5.06032,5.19711,5.056e-04,0.418,0.000,11642
970,5.01824,5.19711,5.054e-04,0.416,0.000,11639
971,5.07389,5.19711,5.051e-04,0.412,0.000,11635
972,4.92158,5.19711,5.049e-04,0.442,0.000,11599
973,5.05376,5.19711,5.047e-04,0.450,0.000,11606
974,5.08950,5.19711,5.044e-04,0.406,0.000,11620
975,5.04209,5.19711,5.042e-04,0.407,0.000,11643
976,5.29271,5.19711,5.040e-04,0.406,0.000,11620
977,4.96544,5.19711,5.037e-04,0.410,0.000,11621
978,4.90536,5.19711,5.035e-04,0.386,0.000,11611
979,5.12678,5.19711,5.033e-04,0.415,0.000,11609
980,5.11418,5.19711,5.030e-04,0.391,0.000,11643
981,5.05272,5.19711,5.028e-04,0.397,0.000,11641
982,4.99800,5.19711,5.026e-04,0.372,0.000,11638
983,5.09828,5.19711,5.023e-04,0.379,0.000,11605
984,5.08723,5.19711,5.021e-04,0.402,0.000,11615
985,5.09896,5.19711,5.019e-04,0.402,0.000,11626
986,5.19931,5.19711,5.016e-04,0.417,0.000,11643
987,5.03286,5.19711,5.014e-04,0.406,0.000,11626
988,5.02451,5.19711,5.012e-04,0.413,0.000,11614
989,4.94306,5.19711,5.009e-04,0.399,0.000,11598
990,5.08839,5.19711,5.007e-04,0.417,0.000,11612
991,5.04873,5.19711,5.005e-04,0.398,0.000,11612
992,5.12752,5.19711,5.002e-04,0.437,0.000,11644
993,5.22488,5.19711,5.000e-04,0.449,0.000,11667
994,5.03703,5.19711,4.998e-04,0.389,0.000,11614
995,5.03275,5.19711,4.995e-04,0.414,0.000,11606
996,4.97210,5.19711,4.993e-04,0.375,0.000,11610
997,5.21304,5.19711,4.991e-04,0.404,0.000,11605
998,5.09575,5.19711,4.988e-04,0.393,0.000,11617
999,5.13386,5.19711,4.986e-04,0.382,0.000,11620
1000,5.05884,4.96700,4.983e-04,0.408,0.000,5054
1001,4.94450,4.96700,4.981e-04,0.386,0.000,11767
1002,5.00779,4.96700,4.979e-04,0.419,0.000,11621
1003,5.10072,4.96700,4.976e-04,0.409,0.000,11601
1004,5.09329,4.96700,4.974e-04,0.389,0.000,11619
1005,5.20232,4.96700,4.972e-04,0.440,0.000,11620
1006,5.01946,4.96700,4.969e-04,0.384,0.000,11636
1007,5.28673,4.96700,4.967e-04,0.443,0.000,11636
1008,5.07461,4.96700,4.964e-04,0.414,0.000,11617
1009,5.18043,4.96700,4.962e-04,0.441,0.000,11610
1010,5.05811,4.96700,4.960e-04,0.410,0.000,11604
1011,5.10666,4.96700,4.957e-04,0.403,0.000,11602
1012,5.02371,4.96700,4.955e-04,0.391,0.000,11643
1013,4.94712,4.96700,4.952e-04,0.404,0.000,11626
1014,5.14540,4.96700,4.950e-04,0.382,0.000,11613
1015,4.95403,4.96700,4.948e-04,0.398,0.000,11579
1016,5.07797,4.96700,4.945e-04,0.413,0.000,11643
1017,5.02019,4.96700,4.943e-04,0.421,0.000,11641
1018,5.03000,4.96700,4.940e-04,0.412,0.000,11607
1019,5.22784,4.96700,4.938e-04,0.419,0.000,11657
1020,5.08194,4.96700,4.936e-04,0.429,0.000,11572
1021,5.14464,4.96700,4.933e-04,0.415,0.000,11617
1022,5.03000,4.96700,4.931e-04,0.442,0.000,11613
1023,5.04645,4.96700,4.928e-04,0.406,0.000,11636
1024,4.99979,4.96700,4.926e-04,0.412,0.000,11638
1025,5.12305,4.96700,4.924e-04,0.426,0.000,11624
1026,5.32730,4.96700,4.921e-04,0.437,0.000,11614
1027,5.02150,4.96700,4.919e-04,0.449,0.000,11628
1028,5.10704,4.96700,4.916e-04,0.426,0.000,11630
1029,4.90835,4.96700,4.914e-04,0.408,0.000,11628
1030,5.02085,4.96700,4.911e-04,0.431,0.000,11642
1031,5.14133,4.96700,4.909e-04,0.409,0.000,11592
1032,5.12812,4.96700,4.907e-04,0.427,0.000,11619
1033,5.03261,4.96700,4.904e-04,0.412,0.000,11635
1034,4.95714,4.96700,4.902e-04,0.408,0.000,11618
1035,5.03813,4.96700,4.899e-04,0.401,0.000,11642
1036,4.98918,4.96700,4.897e-04,0.464,0.000,11618
1037,4.97729,4.96700,4.894e-04,0.418,0.000,11626
1038,4.87606,4.96700,4.892e-04,0.410,0.000,11634
1039,5.05949,4.96700,4.889e-04,0.419,0.000,11621
1040,5.11431,4.96700,4.887e-04,0.416,0.000,11619
1041,5.26813,4.96700,4.885e-04,0.443,0.000,11636
1042,5.11521,4.96700,4.882e-04,0.426,0.000,11619
1043,4.96686,4.96700,4.880e-04,0.390,0.000,11593
1044,5.09406,4.96700,4.877e-04,0.429,0.000,11644
1045,4.79705,4.96700,4.875e-04,0.384,0.000,11624
1046,5.01388,4.96700,4.872e-04,0.414,0.000,11629
1047,4.94141,4.96700,4.870e-04,0.388,0.000,11627
1048,5.21746,4.96700,4.867e-04,0.389,0.000,11618
1049,5.06446,4.96700,4.865e-04,0.463,0.000,11620
1050,5.09536,4.96700,4.862e-04,0.391,0.000,11641
1051,5.12984,4.96700,4.860e-04,0.385,0.000,11645
1052,5.06770,4.96700,4.857e-04,0.388,0.000,11602
1053,5.24441,4.96700,4.855e-04,0.410,0.000,11620
1054,4.88245,4.96700,4.853e-04,0.407,0.000,11596
1055,4.90659,4.96700,4.850e-04,0.400,0.000,11620
1056,4.94293,4.96700,4.848e-04,0.395,0.000,11638
1057,5.14161,4.96700,4.845e-04,0.393,0.000,11632
1058,4.86074,4.96700,4.843e-04,0.383,0.000,11598
1059,4.91988,4.96700,4.840e-04,0.404,0.000,11584
1060,5.15065,4.96700,4.838e-04,0.396,0.000,11653
1061,5.12587,4.96700,4.835e-04,0.428,0.000,11632
1062,5.01638,4.96700,4.833e-04,0.403,0.000,11654
1063,5.04388,4.96700,4.830e-04,0.407,0.000,11634
1064,5.03924,4.96700,4.828e-04,0.392,0.000,11603
1065,4.97319,4.96700,4.825e-04,0.426,0.000,11613
1066,4.87562,4.96700,4.823e-04,0.420,0.000,11629
1067,4.99950,4.96700,4.820e-04,0.413,0.000,11648
1068,4.91230,4.96700,4.818e-04,0.429,0.000,11631
1069,4.99153,4.96700,4.815e-04,0.395,0.000,11625
1070,4.92787,4.96700,4.813e-04,0.505,0.000,11590
1071,5.05098,4.96700,4.810e-04,0.412,0.000,11615
1072,5.00890,4.96700,4.808e-04,0.415,0.000,11644
1073,5.05451,4.96700,4.805e-04,0.420,0.000,11641
1074,4.96849,4.96700,4.803e-04,0.415,0.000,11619
1075,5.06484,4.96700,4.800e-04,0.410,0.000,11600
1076,4.87880,4.96700,4.798e-04,0.403,0.000,11607
1077,4.84368,4.96700,4.795e-04,0.406,0.000,11628
1078,4.74376,4.96700,4.792e-04,0.412,0.000,11631
1079,5.02164,4.96700,4.790e-04,0.405,0.000,11617
1080,4.89975,4.96700,4.787e-04,0.453,0.000,11623
1081,4.89704,4.96700,4.785e-04,0.431,0.000,11609
1082,4.84369,4.96700,4.782e-04,0.409,0.000,11602
1083,4.88637,4.96700,4.780e-04,0.422,0.000,11607
1084,5.05304,4.96700,4.777e-04,0.423,0.000,11631
1085,4.95434,4.96700,4.775e-04,0.415,0.000,11626
1086,4.84550,4.96700,4.772e-04,0.389,0.000,11603
1087,4.89337,4.96700,4.770e-04,0.421,0.000,11576
1088,4.92447,4.96700,4.767e-04,0.405,0.000,11628
1089,5.02505,4.96700,4.765e-04,0.415,0.000,11612
1090,4.92582,4.96700,4.762e-04,0.405,0.000,11646
1091,4.96915,4.96700,4.759e-04,0.405,0.000,11632
1092,4.95974,4.96700,4.757e-04,0.409,0.000,11593
1093,4.85326,4.96700,4.754e-04,0.420,0.000,11614
1094,5.06149,4.96700,4.752e-04,0.504,0.000,11644
1095,4.75420,4.96700,4.749e-04,0.417,0.000,11638
1096,4.86191,4.96700,4.747e-04,0.415,0.000,11614
1097,5.03146,4.96700,4.744e-04,0.449,0.000,11643
1098,5.06566,4.96700,4.742e-04,0.442,0.000,11624
1099,4.98812,4.96700,4.739e-04,0.417,0.000,11629
1100,4.92002,4.96700,4.736e-04,0.429,0.000,11645
1101,5.22280,4.96700,4.734e-04,0.438,0.000,11615
1102,4.87502,4.96700,4.731e-04,0.433,0.000,11630
1103,4.78104,4.96700,4.729e-04,0.452,0.000,11603
1104,5.01961,4.96700,4.726e-04,0.429,0.000,11618
1105,5.05316,4.96700,4.724e-04,0.441,0.000,11641
1106,4.96654,4.96700,4.721e-04,0.452,0.000,11647
1107,4.83223,4.96700,4.718e-04,0.520,0.000,11641
1108,4.71275,4.96700,4.716e-04,0.468,0.000,11617
1109,4.87020,4.96700,4.713e-04,0.410,0.000,11607
1110,5.00159,4.96700,4.711e-04,0.420,0.000,11630
1111,4.97818,4.96700,4.708e-04,0.412,0.000,11630
1112,4.91805,4.96700,4.706e-04,0.423,0.000,11623
1113,4.94804,4.96700,4.703e-04,0.413,0.000,11643
1114,4.75838,4.96700,4.700e-04,0.446,0.000,11590
1115,4.92023,4.96700,4.698e-04,0.433,0.000,11626
1116,4.74534,4.96700,4.695e-04,0.410,0.000,11624
1117,4.95170,4.96700,4.693e-04,0.423,0.000,11641
1118,4.86277,4.96700,4.690e-04,0.391,0.000,11633
1119,4.90564,4.96700,4.687e-04,0.436,0.000,11635
1120,5.12216,4.96700,4.685e-04,0.412,0.000,11605
1121,5.04155,4.96700,4.682e-04,0.439,0.000,11621
1122,5.07739,4.96700,4.680e-04,0.405,0.000,11621
1123,5.15124,4.96700,4.677e-04,0.466,0.000,11620
1124,4.87781,4.96700,4.674e-04,0.429,0.000,11620
1125,4.91614,4.96700,4.672e-04,0.430,0.000,11606
1126,4.80919,4.96700,4.669e-04,0.394,0.000,11642
1127,4.97904,4.96700,4.667e-04,0.430,0.000,11622
1128,4.92298,4.96700,4.664e-04,0.455,0.000,11626
1129,5.00021,4.96700,4.661e-04,0.414,0.000,11626
1130,4.69308,4.96700,4.659e-04,0.429,0.000,11614
1131,4.62003,4.96700,4.656e-04,0.398,0.000,11598
1132,4.89009,4.96700,4.653e-04,0.468,0.000,11647
1133,4.83444,4.96700,4.651e-04,0.405,0.000,11632
1134,5.05472,4.96700,4.648e-04,0.430,0.000,11627
1135,4.96658,4.96700,4.646e-04,0.423,0.000,11648
1136,4.99801,4.96700,4.643e-04,0.412,0.000,11586
1137,5.01453,4.96700,4.640e-04,0.450,0.000,11619
1138,4.99433,4.96700,4.638e-04,0.390,0.000,11633
1139,4.94370,4.96700,4.635e-04,0.421,0.000,11593
1140,5.00418,4.96700,4.632e-04,0.402,0.000,11625
1141,5.13801,4.96700,4.630e-04,0.436,0.000,11604
1142,5.11574,4.96700,4.627e-04,0.411,0.000,11595
1143,4.87474,4.96700,4.625e-04,0.427,0.000,11603
1144,4.90708,4.96700,4.622e-04,0.406,0.000,11622
1145,4.82277,4.96700,4.619e-04,0.501,0.000,11622
1146,4.78136,4.96700,4.617e-04,0.441,0.000,11634
1147,4.79048,4.96700,4.614e-04,0.412,0.000,11603
1148,4.92032,4.96700,4.611e-04,0.429,0.000,11595
1149,5.13159,4.96700,4.609e-04,0.427,0.000,11640
1150,5.22969,4.96700,4.606e-04,0.463,0.000,11627
1151,4.87772,4.96700,4.603e-04,0.482,0.000,11638
1152,5.04672,4.96700,4.601e-04,0.439,0.000,11633
1153,4.92596,4.96700,4.598e-04,0.411,0.000,11586
1154,4.86613,4.96700,4.595e-04,0.405,0.000,11638
1155,4.93004,4.96700,4.593e-04,0.417,0.000,11621
1156,4.96323,4.96700,4.590e-04,0.449,0.000,11640
1157,4.87740,4.96700,4.587e-04,0.437,0.000,11629
1158,5.02634,4.96700,4.585e-04,0.420,0.000,11608
1159,5.00755,4.96700,4.582e-04,0.421,0.000,11605
1160,4.81087,4.96700,4.579e-04,0.428,0.000,11611
1161,4.93055,4.96700,4.577e-04,0.407,0.000,11641
1162,4.92459,4.96700,4.574e-04,0.425,0.000,11621
1163,4.94511,4.96700,4.571e-04,0.437,0.000,11638
1164,4.94305,4.96700,4.569e-04,0.423,0.000,11603
1165,5.08728,4.96700,4.566e-04,0.433,0.000,11594
1166,4.97811,4.96700,4.563e-04,0.445,0.000,11615
1167,5.00259,4.96700,4.561e-04,0.449,0.000,11632
1168,5.06268,4.96700,4.558e-04,0.456,0.000,11643
1169,4.89677,4.96700,4.555e-04,0.445,0.000,11602
1170,4.90858,4.96700,4.553e-04,0.448,0.000,11591
1171,4.91075,4.96700,4.550e-04,0.443,0.000,11611
1172,5.00055,4.96700,4.547e-04,0.435,0.000,11638
1173,4.85664,4.96700,4.545e-04,0.439,0.000,11645
1174,4.86771,4.96700,4.542e-04,0.412,0.000,11630
1175,4.92926,4.96700,4.539e-04,0.399,0.000,11618
1176,4.87587,4.96700,4.537e-04,0.425,0.000,11617
1177,5.02622,4.96700,4.534e-04,0.420,0.000,11609
1178,5.14250,4.96700,4.531e-04,0.458,0.000,11636
1179,4.99638,4.96700,4.528e-04,0.412,0.000,11626
1180,4.89999,4.96700,4.526e-04,0.443,0.000,11616
1181,4.80186,4.96700,4.523e-04,0.412,0.000,11598
1182,5.02569,4.96700,4.520e-04,0.414,0.000,11632
1183,4.84853,4.96700,4.518e-04,0.425,0.000,11605
1184,4.83100,4.96700,4.515e-04,0.402,0.000,11632
1185,5.06614,4.96700,4.512e-04,0.416,0.000,11609
1186,4.98141,4.96700,4.510e-04,0.426,0.000,11601
1187,4.99048,4.96700,4.507e-04,0.404,0.000,11603
1188,4.83532,4.96700,4.504e-04,0.397,0.000,11631
1189,5.04954,4.96700,4.501e-04,0.425,0.000,11643
1190,4.92114,4.96700,4.499e-04,0.393,0.000,11600
1191,4.96002,4.96700,4.496e-04,0.425,0.000,11646
1192,4.86356,4.96700,4.493e-04,0.399,0.000,11575
1193,4.73390,4.96700,4.491e-04,0.432,0.000,11642
1194,4.94518,4.96700,4.488e-04,0.453,0.000,11625
1195,4.77955,4.96700,4.485e-04,0.451,0.000,11627
1196,4.64168,4.96700,4.482e-04,0.420,0.000,11585
1197,4.95088,4.96700,4.480e-04,0.490,0.000,11624
1198,4.90084,4.96700,4.477e-04,0.474,0.000,11604
1199,4.99315,4.96700,4.474e-04,0.433,0.000,11617
1200,5.00725,4.96700,4.471e-04,0.489,0.000,11658
1201,4.76692,4.96700,4.469e-04,0.440,0.000,11615
1202,4.84920,4.96700,4.466e-04,0.479,0.000,11634
1203,4.96015,4.96700,4.463e-04,0.503,0.000,11610
1204,4.90815,4.96700,4.461e-04,0.443,0.000,11623
1205,4.70564,4.96700,4.458e-04,0.433,0.000,11626
1206,4.82261,4.96700,4.455e-04,0.445,0.000,11618
1207,4.99784,4.96700,4.452e-04,0.453,0.000,11636
1208,4.77169,4.96700,4.450e-04,0.435,0.000,11619
1209,4.92985,4.96700,4.447e-04,0.438,0.000,11598
1210,5.08559,4.96700,4.444e-04,0.414,0.000,11611
1211,4.80580,4.96700,4.441e-04,0.482,0.000,11633
1212,4.89155,4.96700,4.439e-04,0.427,0.000,11637
1213,4.74815,4.96700,4.436e-04,0.422,0.000,11654
1214,5.04409,4.96700,4.433e-04,0.441,0.000,11598
1215,4.66456,4.96700,4.430e-04,0.460,0.000,11588
1216,4.80421,4.96700,4.428e-04,0.432,0.000,11654
1217,4.78226,4.96700,4.425e-04,0.428,0.000,11635
1218,4.94476,4.96700,4.422e-04,0.434,0.000,11631
1219,4.88829,4.96700,4.419e-04,0.432,0.000,11633
1220,4.80865,4.96700,4.417e-04,0.416,0.000,11590
1221,4.87493,4.96700,4.414e-04,0.443,0.000,11627
1222,4.87891,4.96700,4.411e-04,0.430,0.000,11628
1223,4.98866,4.96700,4.408e-04,0.435,0.000,11643
1224,4.88113,4.96700,4.406e-04,0.454,0.000,11647
1225,4.90012,4.96700,4.403e-04,0.436,0.000,11632
1226,4.66530,4.96700,4.400e-04,0.441,0.000,11653
1227,4.81440,4.96700,4.397e-04,0.419,0.000,11641
1228,4.97147,4.96700,4.394e-04,0.459,0.000,11627
1229,5.00898,4.96700,4.392e-04,0.474,0.000,11634
1230,4.98383,4.96700,4.389e-04,0.549,0.000,11607
1231,4.90854,4.96700,4.386e-04,0.475,0.000,11612
1232,4.94444,4.96700,4.383e-04,0.433,0.000,11629
1233,5.01986,4.96700,4.381e-04,0.437,0.000,11614
1234,4.79918,4.96700,4.378e-04,0.425,0.000,11633
1235,5.08672,4.96700,4.375e-04,0.469,0.000,11639
1236,4.98990,4.96700,4.372e-04,0.487,0.000,11613
1237,4.89561,4.96700,4.370e-04,0.442,0.000,11602
1238,4.59545,4.96700,4.367e-04,0.419,0.000,11622
1239,4.87321,4.96700,4.364e-04,0.430,0.000,11610
1240,4.82067,4.96700,4.361e-04,0.427,0.000,11614
1241,4.94176,4.96700,4.358e-04,0.432,0.000,11616
1242,4.79068,4.96700,4.356e-04,0.452,0.000,11592
1243,4.83459,4.96700,4.353e-04,0.435,0.000,11640
1244,4.88865,4.96700,4.350e-04,0.443,0.000,11635
1245,4.61856,4.96700,4.347e-04,0.444,0.000,11620
1246,4.96881,4.96700,4.344e-04,0.443,0.000,11613
1247,4.66143,4.96700,4.342e-04,0.463,0.000,11601
1248,4.87801,4.96700,4.339e-04,0.427,0.000,11612
1249,4.86714,4.96700,4.336e-04,0.449,0.000,11620
1250,4.91088,4.77716,4.333e-04,0.441,0.000,5059
1251,4.99034,4.77716,4.330e-04,0.470,0.000,11772
1252,4.85979,4.77716,4.328e-04,0.429,0.000,11617
1253,4.89625,4.77716,4.325e-04,0.442,0.000,11630
1254,4.84769,4.77716,4.322e-04,0.432,0.000,11627
1255,4.91262,4.77716,4.319e-04,0.437,0.000,11637
1256,4.81180,4.77716,4.316e-04,0.427,0.000,11587
1257,4.79421,4.77716,4.314e-04,0.416,0.000,11604
1258,4.88729,4.77716,4.311e-04,0.436,0.000,11605
1259,4.85667,4.77716,4.308e-04,0.581,0.000,11617
1260,4.85357,4.77716,4.305e-04,0.449,0.000,11622
1261,4.97386,4.77716,4.302e-04,0.418,0.000,11622
1262,5.01067,4.77716,4.300e-04,0.601,0.000,11594
1263,4.71456,4.77716,4.297e-04,0.455,0.000,11623
1264,4.85060,4.77716,4.294e-04,0.459,0.000,11603
1265,4.89096,4.77716,4.291e-04,0.445,0.000,11630
1266,4.79727,4.77716,4.288e-04,0.444,0.000,11639
1267,4.87352,4.77716,4.285e-04,0.453,0.000,11596
1268,4.77501,4.77716,4.283e-04,0.422,0.000,11605
1269,4.64081,4.77716,4.280e-04,0.463,0.000,11621
1270,4.90152,4.77716,4.277e-04,0.576,0.000,11638
1271,4.93396,4.77716,4.274e-04,0.441,0.000,11631
1272,4.93814,4.77716,4.271e-04,0.438,0.000,11625
1273,4.90154,4.77716,4.269e-04,0.437,0.000,11595
1274,4.88307,4.77716,4.266e-04,0.417,0.000,11614
1275,4.87827,4.77716,4.263e-04,0.442,0.000,11630
1276,4.95835,4.77716,4.260e-04,0.442,0.000,11629
1277,4.66026,4.77716,4.257e-04,0.555,0.000,11653
1278,4.68705,4.77716,4.254e-04,0.452,0.000,11607
1279,4.88541,4.77716,4.252e-04,0.436,0.000,11617
1280,5.06180,4.77716,4.249e-04,0.441,0.000,11621
1281,4.77404,4.77716,4.246e-04,0.535,0.000,11629
1282,4.95815,4.77716,4.243e-04,0.453,0.000,11617
1283,4.93375,4.77716,4.240e-04,0.431,0.000,11638
1284,4.87699,4.77716,4.237e-04,0.435,0.000,11605
1285,4.87965,4.77716,4.235e-04,0.489,0.000,11622
1286,4.77667,4.77716,4.232e-04,0.428,0.000,11636
1287,4.76043,4.77716,4.229e-04,0.441,0.000,11613
1288,4.81992,4.77716,4.226e-04,0.484,0.000,11644
1289,5.06696,4.77716,4.223e-04,0.487,0.000,11624
1290,4.69909,4.77716,4.220e-04,0.482,0.000,11616
1291,4.76637,4.77716,4.217e-04,0.451,0.000,11623
1292,5.00959,4.77716,4.215e-04,0.441,0.000,11624
1293,4.67015,4.77716,4.212e-04,0.457,0.000,11628
1294,4.76686,4.77716,4.209e-04,0.423,0.000,11631
1295,4.71992,4.77716,4.206e-04,0.466,0.000,11613
1296,5.01369,4.77716,4.203e-04,0.495,0.000,11612
1297,4.82617,4.77716,4.200e-04,0.471,0.000,11607
1298,4.84381,4.77716,4.197e-04,0.444,0.000,11644
1299,4.85454,4.77716,4.195e-04,0.478,0.000,11648
1300,4.94297,4.77716,4.192e-04,0.448,0.000,11636
1301,4.95057,4.77716,4.189e-04,0.451,0.000,11589
1302,4.96848,4.77716,4.186e-04,0.446,0.000,11616
1303,4.86218,4.77716,4.183e-04,0.472,0.000,11623
1304,4.61003,4.77716,4.180e-04,0.442,0.000,11639
1305,4.85836,4.77716,4.177e-04,0.468,0.000,11645
1306,4.80107,4.77716,4.175e-04,0.464,0.000,11601
1307,4.92085,4.77716,4.172e-04,0.467,0.000,11623
1308,4.85809,4.77716,4.169e-04,0.452,0.000,11626
1309,4.81739,4.77716,4.166e-04,0.464,0.000,11647
1310,4.89780,4.77716,4.163e-04,0.441,0.000,11619
1311,4.86167,4.77716,4.160e-04,0.446,0.000,11625
1312,4.74447,4.77716,4.157e-04,0.461,0.000,11600
1313,4.91113,4.77716,4.154e-04,0.416,0.000,11618
1314,4.77309,4.77716,4.152e-04,0.478,0.000,11638
1315,4.72539,4.77716,4.149e-04,0.442,0.000,11628
1316,4.82969,4.77716,4.146e-04,0.445,0.000,11640
1317,4.88134,4.77716,4.143e-04,0.435,0.000,11615
1318,4.93272,4.77716,4.140e-04,0.440,0.000,11616
1319,4.78776,4.77716,4.137e-04,0.435,0.000,11620
1320,4.69336,4.77716,4.134e-04,0.468,0.000,11638
1321,4.73183,4.77716,4.131e-04,0.423,0.000,11625
1322,4.71008,4.77716,4.129e-04,0.464,0.000,11616
1323,5.04054,4.77716,4.126e-04,0.420,0.000,11604
1324,4.92756,4.77716,4.123e-04,0.445,0.000,11621
1325,4.63423,4.77716,4.120e-04,0.407,0.000,11625
1326,4.80926,4.77716,4.117e-04,0.428,0.000,11638
1327,4.62636,4.77716,4.114e-04,0.500,0.000,11652
1328,4.81440,4.77716,4.111e-04,0.419,0.000,11601
1329,4.91861,4.77716,4.108e-04,0.468,0.000,11602
1330,4.77433,4.77716,4.105e-04,0.419,0.000,11656
1331,4.83682,4.77716,4.103e-04,0.465,0.000,11617
1332,4.67522,4.77716,4.100e-04,0.437,0.000,11643
1333,4.94451,4.77716,4.097e-04,0.436,0.000,11633
1334,4.90127,4.77716,4.094e-04,0.462,0.000,11594
1335,4.92607,4.77716,4.091e-04,0.454,0.000,11629
1336,4.68563,4.77716,4.088e-04,0.430,0.000,11634
1337,4.80632,4.77716,4.085e-04,0.412,0.000,11630
1338,4.80046,4.77716,4.082e-04,0.438,0.000,11606
1339,4.71465,4.77716,4.079e-04,0.487,0.000,11602
1340,4.64883,4.77716,4.077e-04,0.438,0.000,11614
1341,4.62581,4.77716,4.074e-04,0.428,0.000,11630
1342,4.99006,4.77716,4.071e-04,0.443,0.000,11616
1343,4.75400,4.77716,4.068e-04,0.458,0.000,11653
1344,4.57105,4.77716,4.065e-04,0.512,0.000,11622
1345,4.92148,4.77716,4.062e-04,0.451,0.000,11603
1346,4.78113,4.77716,4.059e-04,0.430,0.000,11626
1347,4.88600,4.77716,4.056e-04,0.431,0.000,11623
1348,4.78695,4.77716,4.053e-04,0.444,0.000,11635
1349,4.70531,4.77716,4.050e-04,0.431,0.000,11628
1350,4.76612,4.77716,4.047e-04,0.437,0.000,11598
1351,4.91973,4.77716,4.045e-04,0.454,0.000,11586
1352,4.75776,4.77716,4.042e-04,0.437,0.000,11619
1353,4.65398,4.77716,4.039e-04,0.425,0.000,11632
1354,4.95542,4.77716,4.036e-04,0.441,0.000,11643
1355,4.91532,4.77716,4.033e-04,0.460,0.000,11630
1356,4.95572,4.77716,4.030e-04,0.417,0.000,11596
1357,4.80187,4.77716,4.027e-04,0.434,0.000,11616
1358,4.84759,4.77716,4.024e-04,0.440,0.000,11625
1359,4.77250,4.77716,4.021e-04,0.423,0.000,11621
1360,4.80377,4.77716,4.018e-04,0.444,0.000,11647
1361,4.89406,4.77716,4.015e-04,0.454,0.000,11590
1362,4.66706,4.77716,4.012e-04,0.463,0.000,11604
1363,4.79420,4.77716,4.010e-04,0.453,0.000,11631
1364,4.67612,4.77716,4.007e-04,0.460,0.000,11628
1365,4.81590,4.77716,4.004e-04,0.446,0.000,11631
1366,4.73480,4.77716,4.001e-04,0.479,0.000,11629
1367,4.88106,4.77716,3.998e-04,0.465,0.000,11606
1368,4.91217,4.77716,3.995e-04,0.422,0.000,11595
1369,4.89075,4.77716,3.992e-04,0.449,0.000,11636
1370,4.71359,4.77716,3.989e-04,0.481,0.000,11654
1371,4.78063,4.77716,3.986e-04,0.427,0.000,11636
1372,4.76170,4.77716,3.983e-04,0.490,0.000,11624
1373,4.85014,4.77716,3.980e-04,0.460,0.000,11608
1374,4.85560,4.77716,3.977e-04,0.463,0.000,11613
1375,5.00838,4.77716,3.974e-04,0.455,0.000,11644
1376,4.70636,4.77716,3.971e-04,0.449,0.000,11637
1377,4.82845,4.77716,3.969e-04,0.466,0.000,11615
1378,4.90690,4.77716,3.966e-04,0.441,0.000,11599
1379,4.83469,4.77716,3.963e-04,0.438,0.000,11610
1380,4.89388,4.77716,3.960e-04,0.468,0.000,11639
1381,4.92042,4.77716,3.957e-04,0.503,0.000,11597
1382,4.57536,4.77716,3.954e-04,0.501,0.000,11643
1383,4.63682,4.77716,3.951e-04,0.466,0.000,11594
1384,4.79737,4.77716,3.948e-04,0.440,0.000,11592
1385,4.82433,4.77716,3.945e-04,0.445,0.000,11598
1386,4.98863,4.77716,3.942e-04,0.443,0.000,11510
1387,4.89076,4.77716,3.939e-04,0.432,0.000,11385
1388,4.65979,4.77716,3.936e-04,0.427,0.000,11394
1389,4.66711,4.77716,3.933e-04,0.446,0.000,11538
1390,4.81142,4.77716,3.930e-04,0.427,0.000,11586
1391,4.73697,4.77716,3.927e-04,0.439,0.000,11616
1392,4.79763,4.77716,3.924e-04,0.428,0.000,11639
1393,4.68153,4.77716,3.921e-04,0.437,0.000,11616
1394,4.53142,4.77716,3.919e-04,0.464,0.000,11635
1395,4.82353,4.77716,3.916e-04,0.476,0.000,11613
1396,4.84902,4.77716,3.913e-04,0.415,0.000,11590
1397,4.84302,4.77716,3.910e-04,0.487,0.000,11608
1398,4.86589,4.77716,3.907e-04,0.470,0.000,11607
1399,4.78011,4.77716,3.904e-04,0.437,0.000,11659
1400,4.72411,4.77716,3.901e-04,0.445,0.000,11616
1401,4.84164,4.77716,3.898e-04,0.528,0.000,11614
1402,4.84776,4.77716,3.895e-04,0.423,0.000,11611
1403,4.80129,4.77716,3.892e-04,0.475,0.000,11631
1404,4.72845,4.77716,3.889e-04,0.605,0.000,11622
1405,4.82627,4.77716,3.886e-04,0.430,0.000,11641
1406,4.77879,4.77716,3.883e-04,0.461,0.000,11608
1407,4.87318,4.77716,3.880e-04,0.442,0.000,11606
1408,4.84268,4.77716,3.877e-04,0.461,0.000,11604
1409,4.84606,4.77716,3.874e-04,0.439,0.000,11613
1410,4.69991,4.77716,3.871e-04,0.456,0.000,11648
1411,4.67443,4.77716,3.868e-04,0.460,0.000,11649
1412,4.96212,4.77716,3.865e-04,0.440,0.000,11627
1413,4.67906,4.77716,3.862e-04,0.462,0.000,11595
1414,4.83748,4.77716,3.859e-04,0.446,0.000,11622
1415,4.82441,4.77716,3.856e-04,0.434,0.000,11593
1416,4.89122,4.77716,3.853e-04,0.433,0.000,11606
1417,4.65352,4.77716,3.850e-04,0.446,0.000,11636
1418,4.81750,4.77716,3.848e-04,0.469,0.000,11589
1419,4.75851,4.77716,3.845e-04,0.439,0.000,11590
1420,4.68228,4.77716,3.842e-04,0.434,0.000,11614
1421,4.73343,4.77716,3.839e-04,0.438,0.000,11620
1422,4.87940,4.77716,3.836e-04,0.444,0.000,11585
1423,4.74149,4.77716,3.833e-04,0.476,0.000,11608
1424,4.61861,4.77716,3.830e-04,0.487,0.000,11594
1425,4.77733,4.77716,3.827e-04,0.441,0.000,11637
1426,4.80014,4.77716,3.824e-04,0.451,0.000,11620
1427,4.77675,4.77716,3.821e-04,0.454,0.000,11609
1428,4.62987,4.77716,3.818e-04,0.465,0.000,11641
1429,4.68378,4.77716,3.815e-04,0.467,0.000,11594
1430,4.55915,4.77716,3.812e-04,0.430,0.000,11616
1431,4.65238,4.77716,3.809e-04,0.449,0.000,11642
1432,4.78469,4.77716,3.806e-04,0.463,0.000,11641
1433,4.72233,4.77716,3.803e-04,0.406,0.000,11636
1434,4.95718,4.77716,3.800e-04,0.463,0.000,11621
1435,4.74481,4.77716,3.797e-04,0.458,0.000,11603
1436,4.88097,4.77716,3.794e-04,0.509,0.000,11619
1437,4.71897,4.77716,3.791e-04,0.430,0.000,11634
1438,4.79521,4.77716,3.788e-04,0.458,0.000,11636
1439,4.68268,4.77716,3.785e-04,0.457,0.000,11632
1440,4.57204,4.77716,3.782e-04,0.466,0.000,11622
1441,4.75597,4.77716,3.779e-04,0.460,0.000,11577
1442,4.81605,4.77716,3.776e-04,0.451,0.000,11623
1443,4.51661,4.77716,3.773e-04,0.458,0.000,11622
1444,4.91187,4.77716,3.770e-04,0.448,0.000,11649
1445,4.83073,4.77716,3.767e-04,0.457,0.000,11638
1446,4.97445,4.77716,3.764e-04,0.458,0.000,11599
1447,4.88755,4.77716,3.761e-04,0.453,0.000,11639
1448,4.71461,4.77716,3.758e-04,0.449,0.000,11638
1449,4.81409,4.77716,3.755e-04,0.490,0.000,11640
1450,4.84106,4.77716,3.752e-04,0.472,0.000,11638
1451,4.65754,4.77716,3.749e-04,0.468,0.000,11610
1452,4.61681,4.77716,3.746e-04,0.466,0.000,11604
1453,4.75579,4.77716,3.743e-04,0.479,0.000,11613
1454,4.91666,4.77716,3.740e-04,0.480,0.000,11622
1455,4.70897,4.77716,3.737e-04,0.451,0.000,11602
1456,4.73260,4.77716,3.734e-04,0.448,0.000,11626
1457,4.74412,4.77716,3.731e-04,0.449,0.000,11609
1458,4.72659,4.77716,3.728e-04,0.436,0.000,11600
1459,4.67929,4.77716,3.725e-04,0.466,0.000,11617
1460,4.67111,4.77716,3.722e-04,0.440,0.000,11610
1461,4.75387,4.77716,3.719e-04,0.457,0.000,11627
1462,4.72097,4.77716,3.716e-04,0.441,0.000,11606
1463,4.82971,4.77716,3.713e-04,0.437,0.000,11608
1464,4.49544,4.77716,3.710e-04,0.479,0.000,11605
1465,4.55495,4.77716,3.707e-04,0.460,0.000,11635
1466,4.93125,4.77716,3.704e-04,0.463,0.000,11628
1467,4.75955,4.77716,3.701e-04,0.459,0.000,11633
1468,4.81342,4.77716,3.698e-04,0.473,0.000,11568
1469,4.78927,4.77716,3.695e-04,0.449,0.000,11577
1470,4.74764,4.77716,3.692e-04,0.474,0.000,11633
1471,4.64205,4.77716,3.689e-04,0.452,0.000,11614
1472,4.65072,4.77716,3.686e-04,0.433,0.000,11631
1473,4.80415,4.77716,3.683e-04,0.504,0.000,11612
1474,4.50139,4.77716,3.680e-04,0.471,0.000,11600
1475,4.83327,4.77716,3.677e-04,0.461,0.000,11640
1476,4.70564,4.77716,3.674e-04,0.469,0.000,11636
1477,4.68797,4.77716,3.671e-04,0.482,0.000,11644
1478,4.69188,4.77716,3.668e-04,0.456,0.000,11601
1479,4.76860,4.77716,3.665e-04,0.477,0.000,11618
1480,4.80133,4.77716,3.662e-04,0.429,0.000,11594
1481,4.83287,4.77716,3.659e-04,0.451,0.000,11624
1482,4.69795,4.77716,3.656e-04,0.457,0.000,11641
1483,4.87359,4.77716,3.653e-04,0.434,0.000,11637
1484,4.86334,4.77716,3.650e-04,0.482,0.000,11637
1485,4.76417,4.77716,3.647e-04,0.462,0.000,11611
1486,4.71011,4.77716,3.644e-04,0.470,0.000,11648
1487,4.75571,4.77716,3.641e-04,0.461,0.000,11613
1488,4.57355,4.77716,3.638e-04,0.446,0.000,11631
1489,4.79408,4.77716,3.635e-04,0.468,0.000,11643
1490,4.72316,4.77716,3.632e-04,0.456,0.000,11609
1491,4.85446,4.77716,3.629e-04,0.500,0.000,11589
1492,4.79205,4.77716,3.626e-04,0.462,0.000,11602
1493,4.78531,4.77716,3.623e-04,0.461,0.000,11613
1494,4.85374,4.77716,3.620e-04,0.460,0.000,11637
1495,4.79663,4.77716,3.617e-04,0.462,0.000,11654
1496,4.88224,4.77716,3.614e-04,0.479,0.000,11608
1497,4.82213,4.77716,3.611e-04,0.450,0.000,11616
1498,4.77370,4.77716,3.608e-04,0.479,0.000,11638
1499,4.51483,4.77716,3.605e-04,0.456,0.000,11620
1500,4.61677,4.60638,3.602e-04,0.470,0.000,5054
1501,4.74953,4.60638,3.599e-04,0.481,0.000,11771
1502,4.60678,4.60638,3.596e-04,0.438,0.000,11595
1503,4.83960,4.60638,3.593e-04,0.465,0.000,11612
1504,4.51301,4.60638,3.590e-04,0.530,0.000,11630
1505,4.60195,4.60638,3.587e-04,0.450,0.000,11582
1506,4.65016,4.60638,3.584e-04,0.472,0.000,11622
1507,4.67298,4.60638,3.581e-04,0.463,0.000,11584
1508,4.74923,4.60638,3.578e-04,0.495,0.000,11620
1509,4.88123,4.60638,3.575e-04,0.486,0.000,11637
1510,4.57967,4.60638,3.572e-04,0.478,0.000,11599
1511,4.57616,4.60638,3.569e-04,0.471,0.000,11569
1512,4.70232,4.60638,3.566e-04,0.491,0.000,11627
1513,4.72952,4.60638,3.563e-04,0.478,0.000,11645
1514,4.75172,4.60638,3.560e-04,0.525,0.000,11608
1515,4.78573,4.60638,3.557e-04,0.468,0.000,11627
1516,4.83152,4.60638,3.554e-04,0.534,0.000,11609
1517,4.64450,4.60638,3.551e-04,0.452,0.000,11603
1518,4.92750,4.60638,3.548e-04,0.476,0.000,11630
1519,4.62685,4.60638,3.545e-04,0.449,0.000,11627
1520,4.69362,4.60638,3.542e-04,0.454,0.000,11638
1521,4.59921,4.60638,3.539e-04,0.475,0.000,11620
1522,4.61238,4.60638,3.536e-04,0.462,0.000,11606
1523,4.72417,4.60638,3.533e-04,0.484,0.000,11613
1524,4.73029,4.60638,3.530e-04,0.460,0.000,11616
1525,4.66945,4.60638,3.527e-04,0.463,0.000,11624
1526,4.65449,4.60638,3.524e-04,0.443,0.000,11639
1527,4.56361,4.60638,3.521e-04,0.471,0.000,11599
1528,4.85745,4.60638,3.518e-04,0.481,0.000,11594
1529,4.69443,4.60638,3.515e-04,0.492,0.000,11623
1530,4.55879,4.60638,3.512e-04,0.463,0.000,11605
1531,4.72507,4.60638,3.509e-04,0.455,0.000,11602
1532,4.84446,4.60638,3.506e-04,0.473,0.000,11609
1533,4.58422,4.60638,3.503e-04,0.426,0.000,11612
1534,4.45610,4.60638,3.500e-04,0.456,0.000,11592
1535,4.72965,4.60638,3.497e-04,0.481,0.000,11606
1536,4.50749,4.60638,3.494e-04,0.478,0.000,11645
1537,4.84435,4.60638,3.491e-04,0.486,0.000,11653
1538,4.79717,4.60638,3.488e-04,0.456,0.000,11616
1539,4.64442,4.60638,3.485e-04,0.481,0.000,11602
1540,4.76485,4.60638,3.482e-04,0.440,0.000,11657
1541,4.67722,4.60638,3.479e-04,0.438,0.000,11631
1542,4.72904,4.60638,3.476e-04,0.473,0.000,11638
1543,4.78066,4.60638,3.473e-04,0.666,0.000,11630
1544,4.74478,4.60638,3.470e-04,0.503,0.000,11578
1545,4.70336,4.60638,3.467e-04,0.463,0.000,11599
1546,4.76699,4.60638,3.463e-04,0.468,0.000,11615
1547,4.81494,4.60638,3.460e-04,0.511,0.000,11647
1548,4.90797,4.60638,3.457e-04,0.451,0.000,11631
1549,4.79148,4.60638,3.454e-04,0.485,0.000,11618
1550,4.67614,4.60638,3.451e-04,0.458,0.000,11617
1551,4.59142,4.60638,3.448e-04,0.472,0.000,11641
1552,4.57850,4.60638,3.445e-04,0.437,0.000,11632
1553,4.52667,4.60638,3.442e-04,0.483,0.000,11619
1554,4.92336,4.60638,3.439e-04,0.454,0.000,11642
1555,4.55350,4.60638,3.436e-04,0.458,0.000,11600
1556,4.76546,4.60638,3.433e-04,0.461,0.000,11635
1557,4.62779,4.60638,3.430e-04,0.471,0.000,11615
1558,4.52634,4.60638,3.427e-04,0.481,0.000,11629
1559,4.74448,4.60638,3.424e-04,0.487,0.000,11613
1560,4.67610,4.60638,3.421e-04,0.481,0.000,11610
1561,4.67611,4.60638,3.418e-04,0.468,0.000,11584
1562,4.68285,4.60638,3.415e-04,0.480,0.000,11627
1563,4.59611,4.60638,3.412e-04,0.483,0.000,11622
1564,4.83246,4.60638,3.409e-04,0.508,0.000,11633
1565,4.64332,4.60638,3.406e-04,0.484,0.000,11635
1566,4.67858,4.60638,3.403e-04,0.478,0.000,11617
1567,4.88087,4.60638,3.400e-04,0.469,0.000,11612
1568,4.67110,4.60638,3.397e-04,0.454,0.000,11623
1569,4.66091,4.60638,3.394e-04,0.494,0.000,11626
1570,4.63287,4.60638,3.391e-04,0.446,0.000,11645
1571,4.68945,4.60638,3.388e-04,0.470,0.000,11618
1572,4.64910,4.60638,3.385e-04,0.462,0.000,11604
1573,4.76103,4.60638,3.382e-04,0.450,0.000,11623
1574,4.76367,4.60638,3.379e-04,0.498,0.000,11630
1575,4.74958,4.60638,3.376e-04,0.452,0.000,11642
1576,4.77848,4.60638,3.373e-04,0.467,0.000,11629
1577,4.64096,4.60638,3.370e-04,0.444,0.000,11616
1578,4.55754,4.60638,3.367e-04,0.470,0.000,11603
1579,4.75309,4.60638,3.364e-04,0.469,0.000,11643
1580,4.56716,4.60638,3.361e-04,0.473,0.000,11630
1581,4.55240,4.60638,3.358e-04,0.459,0.000,11637
1582,4.84176,4.60638,3.355e-04,0.475,0.000,11623
1583,4.69199,4.60638,3.351e-04,0.477,0.000,11598
1584,4.47802,4.60638,3.348e-04,0.487,0.000,11633
1585,4.57700,4.60638,3.345e-04,0.484,0.000,11611
1586,4.50422,4.60638,3.342e-04,0.457,0.000,11643
1587,4.71484,4.60638,3.339e-04,0.482,0.000,11648
1588,4.65938,4.60638,3.336e-04,0.439,0.000,11602
1589,4.48864,4.60638,3.333e-04,0.459,0.000,11576
1590,4.58601,4.60638,3.330e-04,0.477,0.000,11613
1591,4.69922,4.60638,3.327e-04,0.471,0.000,11645
1592,4.44314,4.60638,3.324e-04,0.532,0.000,11612
1593,4.52528,4.60638,3.321e-04,0.473,0.000,11647
1594,4.62111,4.60638,3.318e-04,0.495,0.000,11565
1595,4.67859,4.60638,3.315e-04,0.457,0.000,11607
1596,4.55691,4.60638,3.312e-04,0.481,0.000,11591
1597,4.64891,4.60638,3.309e-04,0.472,0.000,11628
1598,4.47399,4.60638,3.306e-04,0.455,0.000,11615
1599,4.58465,4.60638,3.303e-04,0.452,0.000,11626
1600,4.87956,4.60638,3.300e-04,0.478,0.000,11599
1601,4.62677,4.60638,3.297e-04,0.489,0.000,11614
1602,4.72821,4.60638,3.294e-04,0.464,0.000,11651
1603,4.62163,4.60638,3.291e-04,0.471,0.000,11623
1604,4.58570,4.60638,3.288e-04,0.487,0.000,11614
1605,4.57165,4.60638,3.285e-04,0.480,0.000,11584
1606,4.79018,4.60638,3.282e-04,0.523,0.000,11599
1607,4.52079,4.60638,3.279e-04,0.543,0.000,11614
1608,4.72338,4.60638,3.276e-04,0.465,0.000,11617
1609,4.59475,4.60638,3.273e-04,0.476,0.000,11641
1610,4.72352,4.60638,3.270e-04,0.505,0.000,11605
1611,4.55489,4.60638,3.267e-04,0.474,0.000,11616
1612,4.61115,4.60638,3.264e-04,0.485,0.000,11617
1613,4.48694,4.60638,3.261e-04,0.464,0.000,11625
1614,4.53071,4.60638,3.258e-04,0.465,0.000,11639
1615,4.73148,4.60638,3.255e-04,0.483,0.000,11632
1616,4.72497,4.60638,3.252e-04,0.484,0.000,11617
1617,4.71126,4.60638,3.249e-04,0.493,0.000,11590
1618,4.60449,4.60638,3.245e-04,0.472,0.000,11619
1619,4.76898,4.60638,3.242e-04,0.541,0.000,11595
1620,4.39122,4.60638,3.239e-04,0.467,0.000,11635
1621,4.50495,4.60638,3.236e-04,0.464,0.000,11615
1622,4.65678,4.60638,3.233e-04,0.512,0.000,11607
1623,4.61661,4.60638,3.230e-04,0.468,0.000,11664
1624,4.58872,4.60638,3.227e-04,0.449,0.000,11629
1625,4.68326,4.60638,3.224e-04,0.523,0.000,11648
1626,4.74841,4.60638,3.221e-04,0.662,0.000,11627
1627,4.63557,4.60638,3.218e-04,0.494,0.000,11620
1628,4.71039,4.60638,3.215e-04,0.504,0.000,11601
1629,4.54738,4.60638,3.212e-04,0.476,0.000,11615
1630,4.50133,4.60638,3.209e-04,0.475,0.000,11611
1631,4.69581,4.60638,3.206e-04,0.468,0.000,11602
1632,4.79436,4.60638,3.203e-04,0.464,0.000,11633
1633,4.84440,4.60638,3.200e-04,0.471,0.000,11596
1634,4.70253,4.60638,3.197e-04,0.503,0.000,11600
1635,4.66054,4.60638,3.194e-04,0.482,0.000,11620
1636,4.59308,4.60638,3.191e-04,0.474,0.000,11620
1637,4.52845,4.60638,3.188e-04,0.471,0.000,11597
1638,4.44475,4.60638,3.185e-04,0.474,0.000,11609
1639,4.76955,4.60638,3.182e-04,0.454,0.000,11604
1640,4.69231,4.60638,3.179e-04,0.516,0.000,11615
1641,4.58790,4.60638,3.176e-04,0.482,0.000,11614
1642,4.69990,4.60638,3.173e-04,0.494,0.000,11581
1643,4.56589,4.60638,3.170e-04,0.441,0.000,11639
1644,4.69494,4.60638,3.167e-04,0.501,0.000,11589
1645,4.61571,4.60638,3.164e-04,0.469,0.000,11580
1646,4.65809,4.60638,3.161e-04,0.484,0.000,11626
1647,4.58259,4.60638,3.158e-04,0.476,0.000,11615
1648,4.46086,4.60638,3.155e-04,0.455,0.000,11622
1649,4.63276,4.60638,3.152e-04,0.454,0.000,11619
1650,4.58394,4.60638,3.149e-04,0.443,0.000,11581
1651,4.69057,4.60638,3.146e-04,0.437,0.000,11605
1652,4.70693,4.60638,3.143e-04,0.465,0.000,11611
1653,4.48383,4.60638,3.140e-04,0.459,0.000,11634
1654,4.63577,4.60638,3.137e-04,0.461,0.000,11618
1655,4.60188,4.60638,3.133e-04,0.454,0.000,11630
1656,4.59649,4.60638,3.130e-04,0.471,0.000,11596
1657,4.49993,4.60638,3.127e-04,0.461,0.000,11614
1658,4.72408,4.60638,3.124e-04,0.435,0.000,11616
1659,4.49590,4.60638,3.121e-04,0.455,0.000,11626
1660,4.70986,4.60638,3.118e-04,0.443,0.000,11636
1661,4.57010,4.60638,3.115e-04,0.456,0.000,11619
1662,4.66859,4.60638,3.112e-04,0.477,0.000,11608
1663,4.53398,4.60638,3.109e-04,0.463,0.000,11632
1664,4.55936,4.60638,3.106e-04,0.459,0.000,11659
1665,4.65154,4.60638,3.103e-04,0.465,0.000,11639
1666,4.49699,4.60638,3.100e-04,0.477,0.000,11622
1667,4.98212,4.60638,3.097e-04,0.500,0.000,11614
1668,4.52743,4.60638,3.094e-04,0.481,0.000,11614
1669,4.74643,4.60638,3.091e-04,0.455,0.000,11630
1670,4.55559,4.60638,3.088e-04,0.474,0.000,11626
1671,4.62203,4.60638,3.085e-04,0.512,0.000,11625
1672,4.70704,4.60638,3.082e-04,0.463,0.000,11606
1673,4.75709,4.60638,3.079e-04,0.471,0.000,11579
1674,4.66647,4.60638,3.076e-04,0.501,0.000,11613
1675,4.62785,4.60638,3.073e-04,0.443,0.000,11633
1676,4.65098,4.60638,3.070e-04,0.488,0.000,11644
1677,4.49362,4.60638,3.067e-04,0.534,0.000,11624
1678,4.56801,4.60638,3.064e-04,0.527,0.000,11587
1679,4.67221,4.60638,3.061e-04,0.470,0.000,11613
1680,4.66299,4.60638,3.058e-04,0.504,0.000,11625
1681,4.90526,4.60638,3.055e-04,0.460,0.000,11624
1682,4.56248,4.60638,3.052e-04,0.495,0.000,11622
1683,4.61682,4.60638,3.049e-04,0.473,0.000,11614
1684,4.51773,4.60638,3.046e-04,0.453,0.000,11627
1685,4.55080,4.60638,3.043e-04,0.474,0.000,11624
1686,4.50784,4.60638,3.040e-04,0.458,0.000,11627
1687,4.65753,4.60638,3.037e-04,0.481,0.000,11618
1688,4.61349,4.60638,3.034e-04,0.472,0.000,11588
1689,4.42600,4.60638,3.031e-04,0.511,0.000,11601
1690,4.60749,4.60638,3.028e-04,0.476,0.000,11607
1691,4.51880,4.60638,3.025e-04,0.490,0.000,11616
1692,4.68467,4.60638,3.022e-04,0.515,0.000,11629
1693,4.64747,4.60638,3.019e-04,0.475,0.000,11620
1694,4.46029,4.60638,3.016e-04,0.512,0.000,11613
1695,4.65790,4.60638,3.013e-04,0.457,0.000,11576
1696,4.68219,4.60638,3.010e-04,0.512,0.000,11630
1697,4.71938,4.60638,3.007e-04,0.510,0.000,11613
1698,4.85048,4.60638,3.004e-04,0.462,0.000,11629
1699,4.44413,4.60638,3.001e-04,0.478,0.000,11636
1700,4.38908,4.60638,2.998e-04,0.473,0.000,11619
1701,4.79616,4.60638,2.995e-04,0.452,0.000,11609
1702,4.48660,4.60638,2.992e-04,0.518,0.000,11625
1703,4.62208,4.60638,2.989e-04,0.463,0.000,11627
1704,4.64973,4.60638,2.986e-04,0.485,0.000,11648
1705,4.59511,4.60638,2.983e-04,0.475,0.000,11617
1706,4.62041,4.60638,2.980e-04,0.468,0.000,11600
1707,4.62492,4.60638,2.977e-04,0.495,0.000,11645
1708,4.36702,4.60638,2.974e-04,0.506,0.000,11657
1709,4.53471,4.60638,2.971e-04,0.474,0.000,11618
1710,4.39372,4.60638,2.968e-04,0.471,0.000,11641
1711,4.51115,4.60638,2.965e-04,0.495,0.000,11600
1712,4.64381,4.60638,2.962e-04,0.473,0.000,11631
1713,4.75438,4.60638,2.959e-04,0.482,0.000,11632
1714,4.55537,4.60638,2.956e-04,0.477,0.000,11632
1715,4.55485,4.60638,2.953e-04,0.529,0.000,11611
1716,4.60620,4.60638,2.950e-04,0.472,0.000,11593
1717,4.46193,4.60638,2.947e-04,0.490,0.000,11581
1718,4.46888,4.60638,2.944e-04,0.479,0.000,11602
1719,4.81682,4.60638,2.941e-04,0.514,0.000,11617
1720,4.62748,4.60638,2.938e-04,0.480,0.000,11592
1721,4.55854,4.60638,2.935e-04,0.483,0.000,11630
1722,4.74219,4.60638,2.932e-04,0.509,0.000,11592
1723,4.41740,4.60638,2.929e-04,0.463,0.000,11583
1724,4.55438,4.60638,2.926e-04,0.473,0.000,11624
1725,4.76828,4.60638,2.923e-04,0.500,0.000,11632
1726,4.75850,4.60638,2.920e-04,0.459,0.000,11648
1727,4.48385,4.60638,2.917e-04,0.462,0.000,11632
1728,4.43314,4.60638,2.914e-04,0.515,0.000,11620
1729,4.84802,4.60638,2.911e-04,0.508,0.000,11631
1730,4.85975,4.60638,2.908e-04,0.498,0.000,11629
1731,4.62860,4.60638,2.905e-04,0.484,0.000,11633
1732,4.45398,4.60638,2.902e-04,0.472,0.000,11643
1733,4.45346,4.60638,2.899e-04,0.469,0.000,11611
1734,4.60168,4.60638,2.896e-04,0.479,0.000,11612
1735,4.69245,4.60638,2.893e-04,0.485,0.000,11632
1736,4.75037,4.60638,2.890e-04,0.484,0.000,11617
1737,4.55841,4.60638,2.887e-04,0.489,0.000,11636
1738,4.56585,4.60638,2.884e-04,0.506,0.000,11625
1739,4.77992,4.60638,2.881e-04,0.481,0.000,11609
1740,4.68641,4.60638,2.878e-04,0.519,0.000,11626
1741,4.66129,4.60638,2.875e-04,0.492,0.000,11630
1742,4.68305,4.60638,2.872e-04,0.483,0.000,11643
1743,4.45229,4.60638,2.869e-04,0.473,0.000,11632
1744,4.47865,4.60638,2.866e-04,0.473,0.000,11593
1745,4.51340,4.60638,2.863e-04,0.478,0.000,11593
1746,4.46730,4.60638,2.860e-04,0.482,0.000,11629
1747,4.53843,4.60638,2.857e-04,0.460,0.000,11641
1748,4.71810,4.60638,2.854e-04,0.496,0.000,11612
1749,4.58556,4.60638,2.851e-04,0.494,0.000,11655
1750,4.49778,4.47388,2.848e-04,0.484,0.000,5044
1751,4.53724,4.47388,2.845e-04,0.491,0.000,11812
1752,4.71976,4.47388,2.842e-04,0.497,0.000,11609
1753,4.70302,4.47388,2.839e-04,0.514,0.000,11621
1754,4.68903,4.47388,2.836e-04,0.487,0.000,11609
1755,4.66018,4.47388,2.833e-04,0.502,0.000,11635
1756,4.58096,4.47388,2.830e-04,0.500,0.000,11610
1757,4.42654,4.47388,2.827e-04,0.456,0.000,11648
1758,4.88353,4.47388,2.824e-04,0.480,0.000,11634
1759,4.45152,4.47388,2.821e-04,0.487,0.000,11572
1760,4.58160,4.47388,2.818e-04,0.484,0.000,11639
1761,4.48080,4.47388,2.815e-04,0.488,0.000,11591
1762,4.60112,4.47388,2.812e-04,0.471,0.000,11635
1763,4.77732,4.47388,2.809e-04,0.459,0.000,11636
1764,4.35181,4.47388,2.806e-04,0.485,0.000,11615
1765,4.35197,4.47388,2.803e-04,0.470,0.000,11611
1766,4.64119,4.47388,2.800e-04,0.515,0.000,11618
1767,4.40817,4.47388,2.797e-04,0.525,0.000,11634
1768,4.64668,4.47388,2.794e-04,0.489,0.000,11605
1769,4.39921,4.47388,2.791e-04,0.523,0.000,11647
1770,4.81800,4.47388,2.788e-04,0.496,0.000,11596
1771,4.71222,4.47388,2.785e-04,0.519,0.000,11609
1772,4.62334,4.47388,2.782e-04,0.456,0.000,11629
1773,4.62456,4.47388,2.779e-04,0.501,0.000,11652
1774,4.60334,4.47388,2.776e-04,0.506,0.000,11638
1775,4.73793,4.47388,2.773e-04,0.481,0.000,11622
1776,4.63991,4.47388,2.770e-04,0.488,0.000,11594
1777,4.77305,4.47388,2.767e-04,0.489,0.000,11603
1778,4.57642,4.47388,2.764e-04,0.491,0.000,11658
1779,4.64779,4.47388,2.761e-04,0.509,0.000,11614
1780,4.73150,4.47388,2.758e-04,0.538,0.000,11628
1781,4.67453,4.47388,2.755e-04,0.477,0.000,11619
1782,4.59203,4.47388,2.752e-04,0.516,0.000,11626
1783,4.61932,4.47388,2.750e-04,0.492,0.000,11641
1784,4.62505,4.47388,2.747e-04,0.509,0.000,11611
1785,4.61894,4.47388,2.744e-04,0.488,0.000,11627
1786,4.56211,4.47388,2.741e-04,0.468,0.000,11618
1787,4.65117,4.47388,2.738e-04,0.475,0.000,11603
1788,4.62586,4.47388,2.735e-04,0.460,0.000,11614
1789,4.42349,4.47388,2.732e-04,0.467,0.000,11632
1790,4.49699,4.47388,2.729e-04,0.458,0.000,11638
1791,4.31311,4.47388,2.726e-04,0.476,0.000,11635
1792,4.50114,4.47388,2.723e-04,0.506,0.000,11608
1793,4.77377,4.47388,2.720e-04,0.470,0.000,11620
1794,4.38237,4.47388,2.717e-04,0.510,0.000,11636
1795,4.61828,4.47388,2.714e-04,0.507,0.000,11619
1796,4.74689,4.47388,2.711e-04,0.478,0.000,11643
1797,4.55578,4.47388,2.708e-04,0.474,0.000,11614
1798,4.45986,4.47388,2.705e-04,0.468,0.000,11596
1799,4.49454,4.47388,2.702e-04,0.537,0.000,11602
1800,4.76277,4.47388,2.699e-04,0.474,0.000,11621
1801,4.73668,4.47388,2.696e-04,0.496,0.000,11630
1802,4.62055,4.47388,2.693e-04,0.470,0.000,11608
1803,4.59997,4.47388,2.690e-04,0.482,0.000,11614
1804,4.67032,4.47388,2.687e-04,0.511,0.000,11614
1805,4.58889,4.47388,2.684e-04,0.466,0.000,11630
1806,4.53258,4.47388,2.681e-04,0.487,0.000,11629
1807,4.45263,4.47388,2.679e-04,0.516,0.000,11628
1808,4.42076,4.47388,2.676e-04,0.510,0.000,11629
1809,4.68217,4.47388,2.673e-04,0.487,0.000,11469
1810,4.49106,4.47388,2.670e-04,0.484,0.000,11418
1811,4.54479,4.47388,2.667e-04,0.477,0.000,11414
1812,4.58468,4.47388,2.664e-04,0.511,0.000,11437
1813,4.31270,4.47388,2.661e-04,0.509,0.000,11447
1814,4.64656,4.47388,2.658e-04,0.490,0.000,11455
1815,4.50241,4.47388,2.655e-04,0.490,0.000,11467
1816,4.65811,4.47388,2.652e-04,0.508,0.000,11518
1817,4.43870,4.47388,2.649e-04,0.477,0.000,11536
1818,4.48831,4.47388,2.646e-04,0.496,0.000,11534
1819,4.43200,4.47388,2.643e-04,0.478,0.000,11510
1820,4.66625,4.47388,2.640e-04,0.492,0.000,11534
1821,4.52685,4.47388,2.637e-04,0.487,0.000,11516
1822,4.45349,4.47388,2.634e-04,0.514,0.000,11541
1823,4.59655,4.47388,2.631e-04,0.486,0.000,11515
1824,4.66519,4.47388,2.629e-04,0.531,0.000,11535
1825,4.47524,4.47388,2.626e-04,0.497,0.000,11533
1826,4.47786,4.47388,2.623e-04,0.470,0.000,11548
1827,4.61125,4.47388,2.620e-04,0.492,0.000,11522
1828,4.74942,4.47388,2.617e-04,0.474,0.000,11541
1829,4.40933,4.47388,2.614e-04,0.487,0.000,11534
1830,4.56736,4.47388,2.611e-04,0.462,0.000,11532
1831,4.45362,4.47388,2.608e-04,0.527,0.000,11534
1832,4.48129,4.47388,2.605e-04,0.466,0.000,11531
1833,4.64137,4.47388,2.602e-04,0.481,0.000,11560
1834,4.48469,4.47388,2.599e-04,0.446,0.000,11543
1835,4.53814,4.47388,2.596e-04,0.471,0.000,11528
1836,4.49684,4.47388,2.593e-04,0.484,0.000,11536
1837,4.88600,4.47388,2.590e-04,0.896,0.000,11527
1838,4.51017,4.47388,2.588e-04,0.486,0.000,11533
1839,4.48655,4.47388,2.585e-04,0.502,0.000,11535
1840,4.50435,4.47388,2.582e-04,0.490,0.000,11544
1841,4.45310,4.47388,2.579e-04,0.467,0.000,11520
1842,4.59629,4.47388,2.576e-04,0.481,0.000,11516
1843,4.45578,4.47388,2.573e-04,0.470,0.000,11541
1844,4.59005,4.47388,2.570e-04,0.507,0.000,11528
1845,4.62331,4.47388,2.567e-04,0.491,0.000,11529
1846,4.54877,4.47388,2.564e-04,0.489,0.000,11536
1847,4.58507,4.47388,2.561e-04,0.483,0.000,11549
1848,4.53960,4.47388,2.558e-04,0.462,0.000,11507
1849,4.77038,4.47388,2.555e-04,0.618,0.000,11517
1850,4.46316,4.47388,2.553e-04,0.464,0.000,11534
1851,4.47595,4.47388,2.550e-04,0.541,0.000,11530
1852,4.52803,4.47388,2.547e-04,0.468,0.000,11552
1853,4.43441,4.47388,2.544e-04,0.488,0.000,11530
1854,4.55808,4.47388,2.541e-04,0.487,0.000,11530
1855,4.43733,4.47388,2.538e-04,0.478,0.000,11517
1856,4.52342,4.47388,2.535e-04,0.458,0.000,11541
1857,4.33182,4.47388,2.532e-04,0.490,0.000,11540
1858,4.29822,4.47388,2.529e-04,0.506,0.000,11529
1859,4.53549,4.47388,2.526e-04,0.467,0.000,11541
1860,4.66955,4.47388,2.523e-04,0.473,0.000,11535
1861,4.56336,4.47388,2.521e-04,0.513,0.000,11522
1862,4.47413,4.47388,2.518e-04,0.495,0.000,11532
1863,4.60287,4.47388,2.515e-04,0.481,0.000,11537
1864,4.62022,4.47388,2.512e-04,0.537,0.000,11547
1865,4.57728,4.47388,2.509e-04,0.498,0.000,11534
1866,4.59785,4.47388,2.506e-04,0.508,0.000,11540
1867,4.55569,4.47388,2.503e-04,0.518,0.000,11515
1868,4.73379,4.47388,2.500e-04,0.546,0.000,11544
1869,4.42509,4.47388,2.497e-04,0.504,0.000,11541
1870,4.47600,4.47388,2.495e-04,0.472,0.000,11551
1871,4.51476,4.47388,2.492e-04,0.505,0.000,11525
1872,4.56863,4.47388,2.489e-04,0.501,0.000,11536
1873,4.45167,4.47388,2.486e-04,0.504,0.000,11523
1874,4.43818,4.47388,2.483e-04,0.476,0.000,11538
1875,4.62141,4.47388,2.480e-04,0.491,0.000,11555
1876,4.49813,4.47388,2.477e-04,0.490,0.000,11534
1877,4.53722,4.47388,2.474e-04,0.468,0.000,11540
1878,4.28796,4.47388,2.471e-04,0.502,0.000,11523
1879,4.65217,4.47388,2.469e-04,0.538,0.000,11512
1880,4.48680,4.47388,2.466e-04,0.475,0.000,11510
1881,4.61111,4.47388,2.463e-04,0.468,0.000,11520
1882,4.39683,4.47388,2.460e-04,0.498,0.000,11545
1883,4.48136,4.47388,2.457e-04,0.502,0.000,11537
1884,4.60375,4.47388,2.454e-04,0.514,0.000,11559
1885,4.65082,4.47388,2.451e-04,0.491,0.000,11543
1886,4.44702,4.47388,2.448e-04,0.478,0.000,11493
1887,4.50481,4.47388,2.446e-04,0.502,0.000,11521
1888,4.55520,4.47388,2.443e-04,0.470,0.000,11521
1889,4.29708,4.47388,2.440e-04,0.505,0.000,11519
1890,4.55991,4.47388,2.437e-04,0.483,0.000,11519
1891,4.60416,4.47388,2.434e-04,0.497,0.000,11525
1892,4.37650,4.47388,2.431e-04,0.465,0.000,11492
1893,4.41276,4.47388,2.428e-04,0.488,0.000,11512
1894,4.54853,4.47388,2.425e-04,0.486,0.000,11534
1895,4.35037,4.47388,2.423e-04,0.509,0.000,11517
1896,4.38127,4.47388,2.420e-04,0.515,0.000,11540
1897,4.53864,4.47388,2.417e-04,0.504,0.000,11508
1898,4.56118,4.47388,2.414e-04,0.474,0.000,11521
1899,4.36067,4.47388,2.411e-04,0.472,0.000,11500
1900,4.16931,4.47388,2.408e-04,0.512,0.000,11499
1901,4.51868,4.47388,2.405e-04,0.494,0.000,11534
1902,4.26784,4.47388,2.403e-04,0.485,0.000,11512
1903,4.31506,4.47388,2.400e-04,0.489,0.000,11531
1904,4.55766,4.47388,2.397e-04,0.476,0.000,11522
1905,4.51273,4.47388,2.394e-04,0.489,0.000,11536
1906,4.54039,4.47388,2.391e-04,0.505,0.000,11540
1907,4.54575,4.47388,2.388e-04,0.490,0.000,11543
1908,4.29608,4.47388,2.385e-04,0.514,0.000,11545
1909,4.34632,4.47388,2.383e-04,0.504,0.000,11534
1910,4.44142,4.47388,2.380e-04,0.504,0.000,11537
1911,4.43838,4.47388,2.377e-04,0.482,0.000,11526
1912,4.45849,4.47388,2.374e-04,0.509,0.000,11517
1913,4.54904,4.47388,2.371e-04,0.471,0.000,11534
1914,4.30370,4.47388,2.368e-04,0.519,0.000,11530
1915,4.50786,4.47388,2.365e-04,0.469,0.000,11527
1916,4.61686,4.47388,2.363e-04,0.517,0.000,11530
1917,4.51064,4.47388,2.360e-04,0.490,0.000,11534
1918,4.30268,4.47388,2.357e-04,0.515,0.000,11507
1919,4.49352,4.47388,2.354e-04,0.474,0.000,11541
1920,4.42511,4.47388,2.351e-04,0.481,0.000,11528
1921,4.62268,4.47388,2.348e-04,0.495,0.000,11530
1922,4.58852,4.47388,2.346e-04,0.498,0.000,11541
1923,4.52314,4.47388,2.343e-04,0.477,0.000,11520
1924,4.48653,4.47388,2.340e-04,0.500,0.000,11523
1925,4.48791,4.47388,2.337e-04,0.511,0.000,11531
1926,4.48648,4.47388,2.334e-04,0.494,0.000,11535
1927,4.25051,4.47388,2.331e-04,0.530,0.000,11543
1928,4.18809,4.47388,2.329e-04,0.489,0.000,11537
1929,4.47119,4.47388,2.326e-04,0.515,0.000,11534
1930,4.28403,4.47388,2.323e-04,0.502,0.000,11525
1931,4.59698,4.47388,2.320e-04,0.457,0.000,11531
1932,4.50159,4.47388,2.317e-04,0.484,0.000,11537
1933,4.53777,4.47388,2.315e-04,0.520,0.000,11552
1934,4.51103,4.47388,2.312e-04,0.453,0.000,11534
1935,4.62632,4.47388,2.309e-04,0.516,0.000,11535
1936,4.39741,4.47388,2.306e-04,0.516,0.000,11528
1937,4.48957,4.47388,2.303e-04,0.502,0.000,11501
1938,4.67548,4.47388,2.300e-04,0.485,0.000,11532
1939,4.44431,4.47388,2.298e-04,0.509,0.000,11534
1940,4.31851,4.47388,2.295e-04,0.493,0.000,11554
1941,4.40829,4.47388,2.292e-04,0.491,0.000,11520
1942,4.51820,4.47388,2.289e-04,0.514,0.000,11551
1943,4.43011,4.47388,2.286e-04,0.510,0.000,11521
1944,4.35613,4.47388,2.284e-04,0.493,0.000,11538
1945,4.42461,4.47388,2.281e-04,0.517,0.000,11555
1946,4.15875,4.47388,2.278e-04,0.460,0.000,11535
1947,4.78085,4.47388,2.275e-04,0.475,0.000,11546
1948,4.35760,4.47388,2.272e-04,0.547,0.000,11533
1949,4.44692,4.47388,2.270e-04,0.473,0.000,11542
1950,4.49042,4.47388,2.267e-04,0.512,0.000,11520
1951,4.42949,4.47388,2.264e-04,0.548,0.000,11550
1952,4.40461,4.47388,2.261e-04,0.499,0.000,11533
1953,4.34610,4.47388,2.258e-04,0.575,0.000,11532
1954,4.10228,4.47388,2.256e-04,0.494,0.000,11546
1955,4.49027,4.47388,2.253e-04,0.505,0.000,11524
1956,4.59347,4.47388,2.250e-04,0.529,0.000,11527
1957,4.43871,4.47388,2.247e-04,0.529,0.000,11544
1958,4.55689,4.47388,2.244e-04,0.457,0.000,11544
1959,4.38464,4.47388,2.242e-04,0.540,0.000,11521
1960,4.62260,4.47388,2.239e-04,0.514,0.000,11520
1961,4.21433,4.47388,2.236e-04,0.524,0.000,11547
1962,4.59256,4.47388,2.233e-04,0.497,0.000,11522
1963,4.60850,4.47388,2.230e-04,0.530,0.000,11544
1964,4.25443,4.47388,2.228e-04,0.533,0.000,11520
1965,4.47608,4.47388,2.225e-04,0.529,0.000,11523
1966,4.56808,4.47388,2.222e-04,0.538,0.000,11531
1967,4.58967,4.47388,2.219e-04,0.488,0.000,11513
1968,4.47212,4.47388,2.217e-04,0.480,0.000,11515
1969,4.37729,4.47388,2.214e-04,0.498,0.000,11505
1970,4.59839,4.47388,2.211e-04,0.496,0.000,11525
1971,4.63125,4.47388,2.208e-04,0.523,0.000,11540
1972,4.46621,4.47388,2.206e-04,0.498,0.000,11542
1973,4.48781,4.47388,2.203e-04,0.505,0.000,11540
1974,4.41226,4.47388,2.200e-04,0.505,0.000,11534
1975,4.58397,4.47388,2.197e-04,0.492,0.000,11519
1976,4.50859,4.47388,2.194e-04,0.538,0.000,11530
1977,4.30911,4.47388,2.192e-04,0.497,0.000,11549
1978,4.32966,4.47388,2.189e-04,0.525,0.000,11541
1979,4.38315,4.47388,2.186e-04,0.470,0.000,11544
1980,4.48625,4.47388,2.183e-04,0.509,0.000,11535
1981,4.42108,4.47388,2.181e-04,0.505,0.000,11506
1982,4.50550,4.47388,2.178e-04,0.497,0.000,11545
1983,4.41066,4.47388,2.175e-04,0.490,0.000,11518
1984,4.47213,4.47388,2.172e-04,0.493,0.000,11530
1985,4.25620,4.47388,2.170e-04,0.477,0.000,11538
1986,4.43144,4.47388,2.167e-04,0.502,0.000,11549
1987,4.36764,4.47388,2.164e-04,0.482,0.000,11536
1988,4.71915,4.47388,2.161e-04,0.492,0.000,11506
1989,4.41686,4.47388,2.159e-04,0.468,0.000,11520
1990,4.36811,4.47388,2.156e-04,0.486,0.000,11514
1991,4.21965,4.47388,2.153e-04,0.516,0.000,11530
1992,4.58993,4.47388,2.150e-04,0.549,0.000,11521
1993,4.34094,4.47388,2.148e-04,0.498,0.000,11512
1994,4.59435,4.47388,2.145e-04,0.521,0.000,11516
1995,4.41178,4.47388,2.142e-04,0.483,0.000,11536
1996,4.35404,4.47388,2.139e-04,0.471,0.000,11463
1997,4.43679,4.47388,2.137e-04,0.508,0.000,11546
1998,4.30729,4.47388,2.134e-04,0.509,0.000,11560
1999,4.33610,4.47388,2.131e-04,0.505,0.000,11527
2000,4.48461,4.35306,2.129e-04,0.500,0.000,5020
2001,4.41221,4.35306,2.126e-04,0.488,0.000,11680
2002,4.68434,4.35306,2.123e-04,1.167,0.000,11529
2003,4.32533,4.35306,2.120e-04,0.499,0.000,11528
2004,4.49956,4.35306,2.118e-04,0.484,0.000,11523
2005,4.36871,4.35306,2.115e-04,0.473,0.000,11542
2006,4.49505,4.35306,2.112e-04,0.557,0.000,11539
2007,4.45663,4.35306,2.109e-04,0.538,0.000,11531
2008,4.53351,4.35306,2.107e-04,0.497,0.000,11536
2009,4.44976,4.35306,2.104e-04,0.487,0.000,11540
2010,4.41351,4.35306,2.101e-04,0.523,0.000,11506
2011,4.29069,4.35306,2.099e-04,0.522,0.000,11530
2012,4.39753,4.35306,2.096e-04,0.485,0.000,11538
2013,4.27582,4.35306,2.093e-04,0.501,0.000,11540
2014,4.58680,4.35306,2.090e-04,0.518,0.000,11531
2015,4.47074,4.35306,2.088e-04,0.484,0.000,11526
2016,4.61366,4.35306,2.085e-04,0.552,0.000,11547
2017,4.30362,4.35306,2.082e-04,0.540,0.000,11536
2018,4.28841,4.35306,2.080e-04,0.505,0.000,11545
2019,4.18973,4.35306,2.077e-04,0.481,0.000,11553
2020,4.37552,4.35306,2.074e-04,0.517,0.000,11548
2021,4.59140,4.35306,2.072e-04,0.609,0.000,11531
2022,4.64372,4.35306,2.069e-04,0.497,0.000,11548
2023,4.33899,4.35306,2.066e-04,0.565,0.000,11536
2024,4.43148,4.35306,2.063e-04,0.513,0.000,11544
2025,4.55090,4.35306,2.061e-04,0.477,0.000,11554
2026,4.44331,4.35306,2.058e-04,0.529,0.000,11532
2027,4.55378,4.35306,2.055e-04,0.502,0.000,11567
2028,4.55290,4.35306,2.053e-04,0.570,0.000,11549
2029,4.38063,4.35306,2.050e-04,0.519,0.000,11531
2030,4.22853,4.35306,2.047e-04,0.524,0.000,11537
2031,4.34147,4.35306,2.045e-04,0.504,0.000,11549
2032,4.38393,4.35306,2.042e-04,0.488,0.000,11567
2033,4.48132,4.35306,2.039e-04,0.556,0.000,11548
2034,4.55241,4.35306,2.037e-04,0.561,0.000,11563
2035,4.41146,4.35306,2.034e-04,0.514,0.000,11528
2036,4.32385,4.35306,2.031e-04,0.561,0.000,11512
2037,4.34070,4.35306,2.029e-04,0.520,0.000,11513
2038,4.41188,4.35306,2.026e-04,0.491,0.000,11522
2039,4.55320,4.35306,2.023e-04,0.522,0.000,11547
2040,4.41115,4.35306,2.021e-04,0.536,0.000,11517
2041,4.52144,4.35306,2.018e-04,0.510,0.000,11502
2042,4.34532,4.35306,2.015e-04,0.509,0.000,11502
2043,4.39170,4.35306,2.013e-04,0.515,0.000,11548
2044,4.63135,4.35306,2.010e-04,0.515,0.000,11536
2045,4.26357,4.35306,2.007e-04,0.643,0.000,11536
2046,4.19595,4.35306,2.005e-04,0.547,0.000,11553
2047,4.50117,4.35306,2.002e-04,0.526,0.000,11529
2048,4.59359,4.35306,1.999e-04,0.538,0.000,11533
2049,4.38087,4.35306,1.997e-04,0.497,0.000,11502
2050,4.41546,4.35306,1.994e-04,0.535,0.000,11532
2051,4.43140,4.35306,1.991e-04,0.544,0.000,11516
2052,4.19814,4.35306,1.989e-04,0.530,0.000,11508
2053,4.59472,4.35306,1.986e-04,0.525,0.000,11517
2054,4.51215,4.35306,1.983e-04,0.498,0.000,11517
2055,4.35424,4.35306,1.981e-04,0.515,0.000,11515
2056,4.29737,4.35306,1.978e-04,0.490,0.000,11515
2057,4.55570,4.35306,1.975e-04,0.479,0.000,11531
2058,4.44021,4.35306,1.973e-04,0.519,0.000,11519
2059,4.45541,4.35306,1.970e-04,0.486,0.000,11531
2060,4.48640,4.35306,1.968e-04,0.491,0.000,11516
2061,4.31838,4.35306,1.965e-04,0.540,0.000,11503
2062,4.39909,4.35306,1.962e-04,0.496,0.000,11524
2063,4.32042,4.35306,1.960e-04,0.507,0.000,11514
2064,4.53931,4.35306,1.957e-04,0.505,0.000,11522
2065,4.33707,4.35306,1.954e-04,0.532,0.000,11508
2066,4.74780,4.35306,1.952e-04,0.488,0.000,11508
2067,4.48810,4.35306,1.949e-04,0.489,0.000,11521
2068,4.38715,4.35306,1.947e-04,0.473,0.000,11513
2069,4.68349,4.35306,1.944e-04,0.480,0.000,11537
2070,4.38083,4.35306,1.941e-04,0.521,0.000,11523
2071,4.41731,4.35306,1.939e-04,0.484,0.000,11526
2072,4.48077,4.35306,1.936e-04,0.501,0.000,11498
2073,4.51868,4.35306,1.933e-04,0.465,0.000,11516
2074,4.47652,4.35306,1.931e-04,0.476,0.000,11520
2075,4.21930,4.35306,1.928e-04,0.529,0.000,11510
2076,4.41719,4.35306,1.926e-04,0.524,0.000,11529
2077,4.38354,4.35306,1.923e-04,0.516,0.000,11523
2078,4.42788,4.35306,1.920e-04,0.503,0.000,11533
2079,4.53685,4.35306,1.918e-04,0.501,0.000,11503
2080,4.30760,4.35306,1.915e-04,0.478,0.000,11503
2081,4.29647,4.35306,1.913e-04,0.504,0.000,11497
2082,4.42162,4.35306,1.910e-04,0.530,0.000,11528
2083,4.15197,4.35306,1.907e-04,0.494,0.000,11534
2084,4.38122,4.35306,1.905e-04,0.493,0.000,11521
2085,4.37048,4.35306,1.902e-04,0.523,0.000,11531
2086,4.49045,4.35306,1.900e-04,0.555,0.000,11518
2087,4.51514,4.35306,1.897e-04,0.486,0.000,11508
2088,4.64351,4.35306,1.894e-04,0.531,0.000,11518
2089,4.34623,4.35306,1.892e-04,0.498,0.000,11542
2090,4.44815,4.35306,1.889e-04,0.490,0.000,11527
2091,4.56580,4.35306,1.887e-04,0.465,0.000,11523
2092,4.46814,4.35306,1.884e-04,0.506,0.000,11527
2093,4.57268,4.35306,1.882e-04,0.473,0.000,11502
2094,4.28293,4.35306,1.879e-04,0.498,0.000,11519
2095,4.43384,4.35306,1.876e-04,0.515,0.000,11520
2096,4.10675,4.35306,1.874e-04,0.538,0.000,11527
2097,4.52752,4.35306,1.871e-04,0.494,0.000,11523
2098,4.30700,4.35306,1.869e-04,0.494,0.000,11518
2099,4.06321,4.35306,1.866e-04,0.531,0.000,11514
2100,4.55972,4.35306,1.864e-04,0.490,0.000,11502
2101,4.47255,4.35306,1.861e-04,0.522,0.000,11507
2102,4.40223,4.35306,1.858e-04,0.520,0.000,11527
2103,4.45394,4.35306,1.856e-04,0.486,0.000,11507
2104,4.51036,4.35306,1.853e-04,0.502,0.000,11521
2105,4.45424,4.35306,1.851e-04,0.508,0.000,11526
2106,4.16986,4.35306,1.848e-04,0.512,0.000,11523
2107,4.42178,4.35306,1.846e-04,0.518,0.000,11520
2108,4.57634,4.35306,1.843e-04,0.507,0.000,11526
2109,4.44630,4.35306,1.841e-04,0.508,0.000,11516
2110,4.30495,4.35306,1.838e-04,0.524,0.000,11520
2111,4.43698,4.35306,1.835e-04,0.487,0.000,11536
2112,4.59123,4.35306,1.833e-04,0.511,0.000,11507
2113,4.48368,4.35306,1.830e-04,0.528,0.000,11520
2114,4.35614,4.35306,1.828e-04,0.502,0.000,11524
2115,4.38612,4.35306,1.825e-04,0.506,0.000,11521
2116,4.33200,4.35306,1.823e-04,0.503,0.000,11514
2117,4.40403,4.35306,1.820e-04,0.492,0.000,11533
2118,4.31618,4.35306,1.818e-04,0.505,0.000,11526
2119,4.28148,4.35306,1.815e-04,0.525,0.000,11514
2120,4.34511,4.35306,1.813e-04,0.536,0.000,11527
2121,4.34484,4.35306,1.810e-04,0.472,0.000,11513
2122,4.29944,4.35306,1.808e-04,0.493,0.000,11519
2123,4.11713,4.35306,1.805e-04,0.508,0.000,11524
2124,4.34908,4.35306,1.802e-04,0.486,0.000,11520
2125,4.40231,4.35306,1.800e-04,0.475,0.000,11513
2126,4.53481,4.35306,1.797e-04,0.474,0.000,11517
2127,4.10714,4.35306,1.795e-04,0.533,0.000,11529
2128,4.32627,4.35306,1.792e-04,0.482,0.000,11516
2129,4.17885,4.35306,1.790e-04,0.475,0.000,11533
2130,4.46473,4.35306,1.787e-04,0.479,0.000,11515
2131,4.59949,4.35306,1.785e-04,0.501,0.000,11516
2132,4.67218,4.35306,1.782e-04,0.478,0.000,11520
2133,4.66240,4.35306,1.780e-04,0.484,0.000,11527
2134,4.51781,4.35306,1.777e-04,0.553,0.000,11525
2135,4.37374,4.35306,1.775e-04,0.515,0.000,11524
2136,4.43799,4.35306,1.772e-04,0.518,0.000,11519
2137,4.35620,4.35306,1.770e-04,0.509,0.000,11517
2138,4.57979,4.35306,1.767e-04,0.527,0.000,11505
2139,4.39502,4.35306,1.765e-04,0.505,0.000,11515
2140,4.32932,4.35306,1.762e-04,0.531,0.000,11513
2141,4.53740,4.35306,1.760e-04,0.503,0.000,11512
2142,4.56281,4.35306,1.757e-04,0.539,0.000,11515
2143,4.33404,4.35306,1.755e-04,0.523,0.000,11509
2144,4.53198,4.35306,1.752e-04,0.553,0.000,11505
2145,4.56971,4.35306,1.750e-04,0.492,0.000,11525
2146,4.46948,4.35306,1.747e-04,0.552,0.000,11525
2147,4.35614,4.35306,1.745e-04,0.527,0.000,11515
2148,4.39290,4.35306,1.743e-04,0.510,0.000,11517
2149,4.51053,4.35306,1.740e-04,0.513,0.000,11510
2150,4.40966,4.35306,1.738e-04,0.506,0.000,11524
2151,4.59753,4.35306,1.735e-04,0.514,0.000,11513
2152,4.25741,4.35306,1.733e-04,0.502,0.000,11525
2153,4.43083,4.35306,1.730e-04,0.491,0.000,11506
2154,4.60425,4.35306,1.728e-04,0.543,0.000,11514
2155,4.33234,4.35306,1.725e-04,0.520,0.000,11525
2156,4.62155,4.35306,1.723e-04,0.518,0.000,11521
2157,4.40721,4.35306,1.720e-04,0.490,0.000,11520
2158,4.44083,4.35306,1.718e-04,0.491,0.000,11507
2159,4.27539,4.35306,1.715e-04,0.492,0.000,11530
2160,4.46154,4.35306,1.713e-04,0.493,0.000,11523
2161,4.33614,4.35306,1.711e-04,0.501,0.000,11512
2162,4.51041,4.35306,1.708e-04,0.517,0.000,11512
2163,4.66574,4.35306,1.706e-04,0.539,0.000,11510
2164,4.35076,4.35306,1.703e-04,0.488,0.000,11515
2165,4.22769,4.35306,1.701e-04,0.503,0.000,11511
2166,4.42793,4.35306,1.698e-04,0.515,0.000,11523
2167,4.49805,4.35306,1.696e-04,0.482,0.000,11518
2168,4.35760,4.35306,1.693e-04,0.521,0.000,11512
2169,4.53240,4.35306,1.691e-04,0.511,0.000,11520
2170,4.47107,4.35306,1.689e-04,0.517,0.000,11509
2171,4.19474,4.35306,1.686e-04,0.535,0.000,11505
2172,4.45295,4.35306,1.684e-04,0.504,0.000,11518
2173,4.23049,4.35306,1.681e-04,0.495,0.000,11527
2174,4.29423,4.35306,1.679e-04,0.525,0.000,11510
2175,4.26903,4.35306,1.676e-04,0.524,0.000,11505
2176,4.46499,4.35306,1.674e-04,0.500,0.000,11525
2177,4.67474,4.35306,1.672e-04,0.464,0.000,11489
2178,4.35908,4.35306,1.669e-04,0.522,0.000,11509
2179,4.52111,4.35306,1.667e-04,0.501,0.000,11518
2180,4.21261,4.35306,1.664e-04,0.501,0.000,11525
2181,4.36695,4.35306,1.662e-04,0.510,0.000,11519
2182,4.47925,4.35306,1.660e-04,0.482,0.000,11519
2183,4.40313,4.35306,1.657e-04,0.500,0.000,11505
2184,4.28479,4.35306,1.655e-04,0.491,0.000,11505
2185,4.36399,4.35306,1.652e-04,0.505,0.000,11517
2186,4.35687,4.35306,1.650e-04,0.504,0.000,11504
2187,4.30490,4.35306,1.648e-04,0.564,0.000,11536
2188,4.30228,4.35306,1.645e-04,0.509,0.000,11527
2189,4.22551,4.35306,1.643e-04,0.524,0.000,11524
2190,4.49808,4.35306,1.640e-04,0.498,0.000,11508
2191,4.27162,4.35306,1.638e-04,0.523,0.000,11517
2192,4.52751,4.35306,1.636e-04,0.479,0.000,11519
2193,4.55044,4.35306,1.633e-04,0.525,0.000,11498
2194,4.44534,4.35306,1.631e-04,0.521,0.000,11535
2195,4.49735,4.35306,1.628e-04,0.484,0.000,11499
2196,4.35765,4.35306,1.626e-04,0.507,0.000,11519
2197,4.52312,4.35306,1.624e-04,0.529,0.000,11510
2198,4.42029,4.35306,1.621e-04,0.490,0.000,11513
2199,4.58891,4.35306,1.619e-04,0.518,0.000,11516
2200,4.55117,4.35306,1.617e-04,0.525,0.000,11532
2201,4.29133,4.35306,1.614e-04,0.521,0.000,11526
2202,4.40156,4.35306,1.612e-04,0.523,0.000,11514
2203,4.51477,4.35306,1.609e-04,0.544,0.000,11513
2204,4.37666,4.35306,1.607e-04,0.510,0.000,11524
2205,4.28537,4.35306,1.605e-04,0.531,0.000,11509
2206,4.40127,4.35306,1.602e-04,0.522,0.000,11529
2207,4.67441,4.35306,1.600e-04,0.507,0.000,11524
2208,4.30231,4.35306,1.598e-04,0.505,0.000,11530
2209,4.51556,4.35306,1.595e-04,0.508,0.000,11503
2210,4.26832,4.35306,1.593e-04,0.487,0.000,11529
2211,4.44760,4.35306,1.591e-04,0.510,0.000,11519
2212,4.38453,4.35306,1.588e-04,0.506,0.000,11524
2213,4.33625,4.35306,1.586e-04,0.519,0.000,11530
2214,4.13641,4.35306,1.584e-04,0.521,0.000,11512
2215,4.49812,4.35306,1.581e-04,0.539,0.000,11537
2216,4.57642,4.35306,1.579e-04,0.548,0.000,11500
2217,4.35547,4.35306,1.577e-04,0.507,0.000,11535
2218,4.44522,4.35306,1.574e-04,0.532,0.000,11523
2219,4.45942,4.35306,1.572e-04,0.516,0.000,11519
2220,4.29824,4.35306,1.570e-04,0.539,0.000,11506
2221,4.30191,4.35306,1.567e-04,0.523,0.000,11512
2222,4.22702,4.35306,1.565e-04,0.546,0.000,11507
2223,4.54091,4.35306,1.563e-04,0.571,0.000,11508
2224,4.38789,4.35306,1.560e-04,0.512,0.000,11537
2225,4.27461,4.35306,1.558e-04,0.532,0.000,11515
2226,4.47364,4.35306,1.556e-04,0.535,0.000,11521
2227,4.35540,4.35306,1.553e-04,0.525,0.000,11516
2228,4.22865,4.35306,1.551e-04,0.522,0.000,11514
2229,4.32602,4.35306,1.549e-04,0.521,0.000,11520
2230,4.30642,4.35306,1.546e-04,0.532,0.000,11530
2231,4.34118,4.35306,1.544e-04,0.515,0.000,11534
2232,4.50177,4.35306,1.542e-04,0.559,0.000,11533
2233,4.23982,4.35306,1.540e-04,0.514,0.000,11504
2234,4.17253,4.35306,1.537e-04,0.511,0.000,11529
2235,4.55152,4.35306,1.535e-04,0.485,0.000,11498
2236,4.43657,4.35306,1.533e-04,0.499,0.000,11522
2237,4.20640,4.35306,1.530e-04,0.485,0.000,11525
2238,4.66511,4.35306,1.528e-04,0.505,0.000,11518
2239,4.35085,4.35306,1.526e-04,0.482,0.000,11504
2240,4.10040,4.35306,1.524e-04,0.495,0.000,11512
2241,4.37509,4.35306,1.521e-04,0.513,0.000,11520
2242,4.36216,4.35306,1.519e-04,0.508,0.000,11506
2243,4.45155,4.35306,1.517e-04,0.489,0.000,11524
2244,4.41464,4.35306,1.514e-04,0.520,0.000,11528
2245,4.35970,4.35306,1.512e-04,0.522,0.000,11529
2246,4.30652,4.35306,1.510e-04,0.498,0.000,11530
2247,4.52985,4.35306,1.508e-04,0.512,0.000,11534
2248,4.30351,4.35306,1.505e-04,0.520,0.000,11504
2249,4.39662,4.35306,1.503e-04,0.498,0.000,11512
2250,4.32425,4.26129,1.501e-04,0.482,0.000,5023
2251,4.49165,4.26129,1.499e-04,0.528,0.000,11686
2252,4.44547,4.26129,1.496e-04,0.518,0.000,11516
2253,4.54492,4.26129,1.494e-04,0.515,0.000,11521
2254,4.52511,4.26129,1.492e-04,0.478,0.000,11528
2255,4.38163,4.26129,1.490e-04,0.536,0.000,11520
2256,4.31797,4.26129,1.487e-04,0.514,0.000,11535
2257,4.31877,4.26129,1.485e-04,0.529,0.000,11517
2258,4.50301,4.26129,1.483e-04,0.500,0.000,11513
2259,4.38150,4.26129,1.481e-04,0.496,0.000,11503
2260,4.38836,4.26129,1.478e-04,0.559,0.000,11517
2261,4.27024,4.26129,1.476e-04,0.533,0.000,11522
2262,4.32618,4.26129,1.474e-04,0.496,0.000,11519
2263,4.63520,4.26129,1.472e-04,0.508,0.000,11523
2264,4.39303,4.26129,1.469e-04,0.511,0.000,11513
2265,4.19829,4.26129,1.467e-04,0.512,0.000,11517
2266,4.19953,4.26129,1.465e-04,0.510,0.000,11542
2267,4.26025,4.26129,1.463e-04,0.513,0.000,11552
2268,4.35858,4.26129,1.461e-04,0.481,0.000,11545
2269,4.39686,4.26129,1.458e-04,0.557,0.000,11542
2270,4.28743,4.26129,1.456e-04,0.511,0.000,11556
2271,4.16936,4.26129,1.454e-04,0.520,0.000,11532
2272,4.31656,4.26129,1.452e-04,0.499,0.000,11532
2273,4.42575,4.26129,1.450e-04,0.515,0.000,11557
2274,4.51595,4.26129,1.447e-04,0.502,0.000,11544
2275,4.31209,4.26129,1.445e-04,0.541,0.000,11543
2276,4.27687,4.26129,1.443e-04,0.496,0.000,11553
2277,4.32253,4.26129,1.441e-04,0.495,0.000,11526
2278,4.40305,4.26129,1.439e-04,0.486,0.000,11523
2279,4.54838,4.26129,1.436e-04,0.506,0.000,11545
2280,4.43398,4.26129,1.434e-04,0.487,0.000,11536
2281,4.38875,4.26129,1.432e-04,0.496,0.000,11549
2282,4.43939,4.26129,1.430e-04,0.532,0.000,11548
2283,4.43970,4.26129,1.428e-04,0.524,0.000,11532
2284,4.35312,4.26129,1.425e-04,0.503,0.000,11536
2285,4.37015,4.26129,1.423e-04,0.534,0.000,11550
2286,4.43594,4.26129,1.421e-04,0.506,0.000,11556
2287,4.54371,4.26129,1.419e-04,0.523,0.000,11554
2288,4.28652,4.26129,1.417e-04,0.469,0.000,11544
2289,4.20575,4.26129,1.415e-04,0.540,0.000,11532
2290,4.35524,4.26129,1.412e-04,0.501,0.000,11524
2291,4.40729,4.26129,1.410e-04,0.501,0.000,11536
2292,4.02795,4.26129,1.408e-04,0.537,0.000,11558
2293,4.29153,4.26129,1.406e-04,0.492,0.000,11537
2294,4.46467,4.26129,1.404e-04,0.489,0.000,11538
2295,4.58605,4.26129,1.402e-04,0.500,0.000,11547
2296,4.53802,4.26129,1.399e-04,0.492,0.000,11522
2297,4.49723,4.26129,1.397e-04,0.517,0.000,11548
2298,4.29487,4.26129,1.395e-04,0.515,0.000,11573
2299,4.44314,4.26129,1.393e-04,0.495,0.000,11553
2300,4.25253,4.26129,1.391e-04,0.515,0.000,11538
2301,4.45586,4.26129,1.389e-04,0.513,0.000,11508
2302,4.44050,4.26129,1.387e-04,0.496,0.000,11504
2303,4.57107,4.26129,1.384e-04,0.529,0.000,11521
2304,4.20761,4.26129,1.382e-04,0.518,0.000,11534
2305,4.55956,4.26129,1.380e-04,0.511,0.000,11518
2306,4.29052,4.26129,1.378e-04,0.530,0.000,11520
2307,4.52764,4.26129,1.376e-04,0.513,0.000,11534
2308,4.66935,4.26129,1.374e-04,0.551,0.000,11525
2309,4.25204,4.26129,1.372e-04,0.538,0.000,11530
2310,4.16182,4.26129,1.370e-04,0.536,0.000,11532
2311,4.35327,4.26129,1.367e-04,0.493,0.000,11534
2312,4.35269,4.26129,1.365e-04,0.540,0.000,11553
2313,4.57724,4.26129,1.363e-04,0.536,0.000,11549
2314,4.43864,4.26129,1.361e-04,0.563,0.000,11544
2315,4.24581,4.26129,1.359e-04,0.519,0.000,11528
2316,4.21915,4.26129,1.357e-04,0.517,0.000,11542
2317,4.16456,4.26129,1.355e-04,0.489,0.000,11552
2318,4.39191,4.26129,1.353e-04,0.507,0.000,11544
2319,4.30296,4.26129,1.351e-04,0.539,0.000,11545
2320,4.47438,4.26129,1.348e-04,0.586,0.000,11556
2321,4.65539,4.26129,1.346e-04,0.528,0.000,11525
2322,4.25417,4.26129,1.344e-04,0.492,0.000,11522
2323,4.41528,4.26129,1.342e-04,0.541,0.000,11546
2324,4.25850,4.26129,1.340e-04,0.483,0.000,11533
2325,4.20764,4.26129,1.338e-04,0.520,0.000,11532
2326,4.02981,4.26129,1.336e-04,0.504,0.000,11549
2327,4.24920,4.26129,1.334e-04,0.562,0.000,11504
2328,4.38602,4.26129,1.332e-04,0.515,0.000,11507
2329,4.16456,4.26129,1.330e-04,0.495,0.000,11520
2330,4.53862,4.26129,1.328e-04,0.521,0.000,11540
2331,4.22418,4.26129,1.326e-04,0.492,0.000,11513
2332,4.60475,4.26129,1.324e-04,0.571,0.000,11519
2333,4.36231,4.26129,1.321e-04,0.504,0.000,11509
2334,4.39361,4.26129,1.319e-04,0.580,0.000,11515
2335,4.33681,4.26129,1.317e-04,0.502,0.000,11524
2336,4.39927,4.26129,1.315e-04,0.517,0.000,11535
2337,4.48980,4.26129,1.313e-04,0.515,0.000,11523
2338,4.30818,4.26129,1.311e-04,0.517,0.000,11514
2339,4.15280,4.26129,1.309e-04,0.593,0.000,11540
2340,4.52040,4.26129,1.307e-04,0.522,0.000,11512
2341,4.34485,4.26129,1.305e-04,0.517,0.000,11492
2342,4.33344,4.26129,1.303e-04,0.522,0.000,11535
2343,4.39816,4.26129,1.301e-04,0.526,0.000,11523
2344,4.22454,4.26129,1.299e-04,0.558,0.000,11524
2345,4.50807,4.26129,1.297e-04,0.527,0.000,11512
2346,4.41227,4.26129,1.295e-04,0.548,0.000,11530
2347,4.28288,4.26129,1.293e-04,0.500,0.000,11506
2348,4.17442,4.26129,1.291e-04,0.537,0.000,11522
2349,4.43218,4.26129,1.289e-04,0.506,0.000,11519
2350,4.37004,4.26129,1.287e-04,0.501,0.000,11511
2351,4.28832,4.26129,1.285e-04,0.529,0.000,11529
2352,4.27336,4.26129,1.283e-04,0.530,0.000,11519
2353,4.26085,4.26129,1.281e-04,0.507,0.000,11505
2354,4.40731,4.26129,1.279e-04,0.490,0.000,11518
2355,4.27242,4.26129,1.277e-04,0.550,0.000,11519
2356,4.22766,4.26129,1.275e-04,0.508,0.000,11533
2357,4.24438,4.26129,1.273e-04,0.537,0.000,11529
2358,4.39771,4.26129,1.271e-04,0.532,0.000,11527
2359,4.32600,4.26129,1.269e-04,0.528,0.000,11511
2360,4.41716,4.26129,1.267e-04,0.521,0.000,11519
2361,4.20248,4.26129,1.265e-04,0.484,0.000,11515
2362,4.48999,4.26129,1.263e-04,0.568,0.000,11523
2363,4.41532,4.26129,1.261e-04,0.507,0.000,11522
2364,4.36745,4.26129,1.259e-04,0.541,0.000,11522
2365,4.15919,4.26129,1.257e-04,0.530,0.000,11528
2366,4.42545,4.26129,1.255e-04,0.515,0.000,11499
2367,4.42517,4.26129,1.253e-04,0.510,0.000,11525
2368,4.64734,4.26129,1.251e-04,0.526,0.000,11521
2369,4.42290,4.26129,1.249e-04,0.498,0.000,11526
2370,4.07528,4.26129,1.247e-04,0.556,0.000,11526
2371,4.24811,4.26129,1.245e-04,0.529,0.000,11510
2372,4.39017,4.26129,1.243e-04,0.503,0.000,11523
2373,4.41715,4.26129,1.241e-04,0.519,0.000,11509
2374,4.21472,4.26129,1.239e-04,0.506,0.000,11539
2375,4.36392,4.26129,1.237e-04,0.517,0.000,11524
2376,4.41645,4.26129,1.235e-04,0.499,0.000,11533
2377,4.19120,4.26129,1.233e-04,0.517,0.000,11511
2378,4.34460,4.26129,1.231e-04,0.492,0.000,11521
2379,4.21604,4.26129,1.229e-04,0.512,0.000,11502
2380,4.45447,4.26129,1.227e-04,0.548,0.000,11509
2381,4.33307,4.26129,1.225e-04,0.530,0.000,11524
2382,4.22447,4.26129,1.223e-04,0.485,0.000,11537
2383,4.23901,4.26129,1.222e-04,0.512,0.000,11521
2384,4.42195,4.26129,1.220e-04,0.485,0.000,11524
2385,4.31130,4.26129,1.218e-04,0.478,0.000,11511
2386,4.35488,4.26129,1.216e-04,0.491,0.000,11514
2387,4.36732,4.26129,1.214e-04,0.499,0.000,11520
2388,4.16909,4.26129,1.212e-04,0.504,0.000,11512
2389,4.38907,4.26129,1.210e-04,0.505,0.000,11509
2390,4.26686,4.26129,1.208e-04,0.526,0.000,11531
2391,4.18827,4.26129,1.206e-04,0.508,0.000,11510
2392,4.33098,4.26129,1.204e-04,0.501,0.000,11503
2393,4.37419,4.26129,1.202e-04,0.511,0.000,11534
2394,4.45098,4.26129,1.200e-04,0.538,0.000,11528
2395,4.17946,4.26129,1.199e-04,0.511,0.000,11531
2396,4.06163,4.26129,1.197e-04,0.578,0.000,11516
2397,4.43374,4.26129,1.195e-04,0.560,0.000,11528
2398,4.51851,4.26129,1.193e-04,0.565,0.000,11504
2399,4.31555,4.26129,1.191e-04,0.539,0.000,11505
2400,4.37889,4.26129,1.189e-04,0.541,0.000,11511
2401,4.57219,4.26129,1.187e-04,0.566,0.000,11523
2402,4.22804,4.26129,1.185e-04,0.523,0.000,11540
2403,4.41358,4.26129,1.183e-04,0.574,0.000,11518
2404,4.24940,4.26129,1.182e-04,0.564,0.000,11510
2405,4.18653,4.26129,1.180e-04,0.502,0.000,11511
2406,4.67255,4.26129,1.178e-04,0.515,0.000,11520
2407,4.61751,4.26129,1.176e-04,0.527,0.000,11529
2408,4.33088,4.26129,1.174e-04,0.589,0.000,11526
2409,4.44302,4.26129,1.172e-04,0.531,0.000,11531
2410,4.15425,4.26129,1.170e-04,0.530,0.000,11527
2411,4.21150,4.26129,1.168e-04,0.566,0.000,11509
2412,4.36922,4.26129,1.167e-04,0.561,0.000,11520
2413,4.30093,4.26129,1.165e-04,0.545,0.000,11529
2414,4.41683,4.26129,1.163e-04,0.517,0.000,11508
2415,4.26650,4.26129,1.161e-04,0.554,0.000,11507
2416,4.24052,4.26129,1.159e-04,0.559,0.000,11520
2417,4.49549,4.26129,1.157e-04,0.501,0.000,11490
2418,4.26350,4.26129,1.155e-04,0.528,0.000,11523
2419,4.15325,4.26129,1.154e-04,0.560,0.000,11520
2420,4.27057,4.26129,1.152e-04,0.519,0.000,11526
2421,4.17009,4.26129,1.150e-04,0.530,0.000,11516
2422,4.39443,4.26129,1.148e-04,0.515,0.000,11533
2423,4.38054,4.26129,1.146e-04,0.512,0.000,11516
2424,4.30292,4.26129,1.144e-04,0.499,0.000,11514
2425,4.17343,4.26129,1.143e-04,0.521,0.000,11524
2426,4.50521,4.26129,1.141e-04,0.504,0.000,11518
2427,4.30677,4.26129,1.139e-04,0.496,0.000,11519
2428,4.48594,4.26129,1.137e-04,0.511,0.000,11529
2429,4.24822,4.26129,1.135e-04,0.541,0.000,11514
2430,4.41687,4.26129,1.134e-04,0.489,0.000,11509
2431,4.30554,4.26129,1.132e-04,0.507,0.000,11511
2432,4.26043,4.26129,1.130e-04,0.501,0.000,11521
2433,4.37945,4.26129,1.128e-04,0.501,0.000,11519
2434,4.50435,4.26129,1.126e-04,0.478,0.000,11523
2435,4.35863,4.26129,1.125e-04,0.503,0.000,11529
2436,4.17032,4.26129,1.123e-04,0.508,0.000,11514
2437,4.29143,4.26129,1.121e-04,0.550,0.000,11509
2438,4.39186,4.26129,1.119e-04,0.537,0.000,11532
2439,4.07586,4.26129,1.117e-04,0.500,0.000,11522
2440,4.28140,4.26129,1.116e-04,0.544,0.000,11512
2441,4.43250,4.26129,1.114e-04,0.547,0.000,11509
2442,4.35966,4.26129,1.112e-04,0.544,0.000,11520
2443,4.38807,4.26129,1.110e-04,0.528,0.000,11514
2444,4.53015,4.26129,1.109e-04,0.561,0.000,11522
2445,4.37916,4.26129,1.107e-04,0.540,0.000,11516
2446,4.47670,4.26129,1.105e-04,0.537,0.000,11541
2447,4.33599,4.26129,1.103e-04,0.541,0.000,11529
2448,4.30823,4.26129,1.101e-04,0.501,0.000,11530
2449,4.26393,4.26129,1.100e-04,0.507,0.000,11513
2450,4.05844,4.26129,1.098e-04,0.531,0.000,11511
2451,4.18078,4.26129,1.096e-04,0.569,0.000,11506
2452,4.35707,4.26129,1.094e-04,0.516,0.000,11526
2453,4.40826,4.26129,1.093e-04,0.536,0.000,11522
2454,4.48730,4.26129,1.091e-04,0.530,0.000,11509
2455,4.42290,4.26129,1.089e-04,0.538,0.000,11526
2456,4.38607,4.26129,1.088e-04,0.526,0.000,11511
2457,4.28270,4.26129,1.086e-04,0.543,0.000,11516
2458,4.06644,4.26129,1.084e-04,0.524,0.000,11526
2459,4.30063,4.26129,1.082e-04,0.512,0.000,11530
2460,4.26065,4.26129,1.081e-04,0.519,0.000,11530
2461,4.24227,4.26129,1.079e-04,0.529,0.000,11484
2462,4.27447,4.26129,1.077e-04,0.542,0.000,11523
2463,4.50507,4.26129,1.075e-04,0.530,0.000,11499
2464,4.21759,4.26129,1.074e-04,0.530,0.000,11529
2465,4.21793,4.26129,1.072e-04,0.506,0.000,11529
2466,4.29878,4.26129,1.070e-04,0.537,0.000,11518
2467,4.15017,4.26129,1.069e-04,0.531,0.000,11538
2468,4.35890,4.26129,1.067e-04,0.531,0.000,11516
2469,4.44543,4.26129,1.065e-04,0.548,0.000,11503
2470,4.44360,4.26129,1.063e-04,0.531,0.000,11524
2471,4.31714,4.26129,1.062e-04,0.539,0.000,11518
2472,4.23160,4.26129,1.060e-04,0.531,0.000,11522
2473,4.52294,4.26129,1.058e-04,0.523,0.000,11517
2474,4.37046,4.26129,1.057e-04,0.527,0.000,11531
2475,4.28678,4.26129,1.055e-04,0.518,0.000,11515
2476,4.26482,4.26129,1.053e-04,0.523,0.000,11524
2477,4.42568,4.26129,1.052e-04,0.521,0.000,11514
2478,4.21725,4.26129,1.050e-04,0.531,0.000,11534
2479,4.29206,4.26129,1.048e-04,0.512,0.000,11525
2480,4.11423,4.26129,1.047e-04,0.514,0.000,11521
2481,4.24211,4.26129,1.045e-04,0.541,0.000,11529
2482,4.18814,4.26129,1.043e-04,0.504,0.000,11485
2483,4.32606,4.26129,1.042e-04,0.506,0.000,11530
2484,4.38692,4.26129,1.040e-04,0.492,0.000,11530
2485,4.31331,4.26129,1.038e-04,0.529,0.000,11517
2486,4.23165,4.26129,1.037e-04,0.519,0.000,11536
2487,4.32843,4.26129,1.035e-04,0.507,0.000,11531
2488,4.35636,4.26129,1.033e-04,0.530,0.000,11523
2489,4.24775,4.26129,1.032e-04,0.525,0.000,11517
2490,4.48193,4.26129,1.030e-04,0.571,0.000,11546
2491,4.37292,4.26129,1.028e-04,0.517,0.000,11514
2492,4.08029,4.26129,1.027e-04,0.553,0.000,11526
2493,4.49046,4.26129,1.025e-04,0.512,0.000,11540
2494,4.52007,4.26129,1.024e-04,0.537,0.000,11528
2495,4.26334,4.26129,1.022e-04,0.556,0.000,11517
2496,4.13448,4.26129,1.020e-04,0.550,0.000,11518
2497,4.33899,4.26129,1.019e-04,0.486,0.000,11529
2498,4.38007,4.26129,1.017e-04,0.539,0.000,11534
2499,4.31364,4.26129,1.015e-04,0.499,0.000,11527
2500,4.18832,4.19977,1.014e-04,0.509,0.000,5020
2501,4.46014,4.19977,1.012e-04,0.535,0.000,11695
2502,4.15774,4.19977,1.011e-04,0.528,0.000,11528
2503,4.18253,4.19977,1.009e-04,0.523,0.000,11526
2504,4.16165,4.19977,1.007e-04,0.523,0.000,11507
2505,4.13457,4.19977,1.006e-04,0.506,0.000,11506
2506,4.16832,4.19977,1.004e-04,0.519,0.000,11528
2507,4.32142,4.19977,1.003e-04,0.557,0.000,11524
2508,4.26206,4.19977,1.001e-04,0.556,0.000,11530
2509,4.17397,4.19977,9.995e-05,0.503,0.000,11522
2510,4.47365,4.19977,9.979e-05,0.518,0.000,11523
2511,4.41590,4.19977,9.963e-05,0.540,0.000,11521
2512,4.15475,4.19977,9.947e-05,0.546,0.000,11500
2513,4.26925,4.19977,9.931e-05,0.514,0.000,11525
2514,4.49799,4.19977,9.916e-05,0.548,0.000,11524
2515,4.32535,4.19977,9.900e-05,0.551,0.000,11553
2516,4.17981,4.19977,9.884e-05,0.508,0.000,11525
2517,4.36012,4.19977,9.869e-05,0.547,0.000,11511
2518,4.29626,4.19977,9.853e-05,0.555,0.000,11528
2519,4.14034,4.19977,9.837e-05,0.512,0.000,11543
2520,4.38885,4.19977,9.822e-05,0.536,0.000,11543
2521,4.30835,4.19977,9.806e-05,0.538,0.000,11547
2522,4.40303,4.19977,9.791e-05,0.520,0.000,11550
2523,4.42181,4.19977,9.775e-05,0.507,0.000,11517
2524,4.29048,4.19977,9.760e-05,0.517,0.000,11523
2525,4.13586,4.19977,9.745e-05,0.531,0.000,11505
2526,4.25973,4.19977,9.729e-05,0.543,0.000,11519
2527,4.48828,4.19977,9.714e-05,0.520,0.000,11539
2528,4.38391,4.19977,9.699e-05,0.528,0.000,11527
2529,4.48613,4.19977,9.683e-05,0.545,0.000,11540
2530,4.40785,4.19977,9.668e-05,0.565,0.000,11528
2531,4.35849,4.19977,9.653e-05,0.502,0.000,11522
2532,4.38848,4.19977,9.638e-05,0.539,0.000,11527
2533,4.31557,4.19977,9.622e-05,0.526,0.000,11518
2534,4.50676,4.19977,9.607e-05,0.522,0.000,11513
2535,4.23817,4.19977,9.592e-05,0.504,0.000,11525
2536,4.07240,4.19977,9.577e-05,0.533,0.000,11504
2537,4.11474,4.19977,9.562e-05,0.512,0.000,11513
2538,4.33060,4.19977,9.547e-05,0.542,0.000,11538
2539,4.33996,4.19977,9.532e-05,0.533,0.000,11543
2540,4.25551,4.19977,9.517e-05,0.500,0.000,11535
2541,4.32418,4.19977,9.502e-05,0.493,0.000,11525
2542,4.26127,4.19977,9.487e-05,0.515,0.000,11536
2543,3.97966,4.19977,9.472e-05,0.493,0.000,11535
2544,4.23869,4.19977,9.457e-05,0.520,0.000,11549
2545,4.39503,4.19977,9.443e-05,0.516,0.000,11553
2546,4.11187,4.19977,9.428e-05,0.524,0.000,11535
2547,4.29701,4.19977,9.413e-05,0.522,0.000,11523
2548,4.24435,4.19977,9.398e-05,0.520,0.000,11540
2549,4.37849,4.19977,9.384e-05,0.553,0.000,11518
2550,4.39935,4.19977,9.369e-05,0.544,0.000,11534
2551,4.26206,4.19977,9.354e-05,0.535,0.000,11541
2552,4.38771,4.19977,9.340e-05,0.510,0.000,11547
2553,4.34843,4.19977,9.325e-05,0.519,0.000,11523
2554,4.26810,4.19977,9.311e-05,0.574,0.000,11547
2555,4.32362,4.19977,9.296e-05,0.521,0.000,11515
2556,4.21954,4.19977,9.282e-05,0.507,0.000,11513
2557,4.30771,4.19977,9.267e-05,0.518,0.000,11517
2558,4.00319,4.19977,9.253e-05,0.533,0.000,11522
2559,4.51464,4.19977,9.238e-05,0.521,0.000,11528
2560,4.56359,4.19977,9.224e-05,0.494,0.000,11523
2561,4.00668,4.19977,9.210e-05,0.527,0.000,11521
2562,4.20797,4.19977,9.195e-05,0.492,0.000,11494
2563,4.20495,4.19977,9.181e-05,0.505,0.000,11512
2564,4.31668,4.19977,9.167e-05,0.497,0.000,11526
2565,4.22057,4.19977,9.153e-05,0.524,0.000,11524
2566,4.47441,4.19977,9.138e-05,0.516,0.000,11522
2567,4.37081,4.19977,9.124e-05,0.493,0.000,11518
2568,4.29087,4.19977,9.110e-05,0.521,0.000,11525
2569,4.35213,4.19977,9.096e-05,0.505,0.000,11509
2570,4.30253,4.19977,9.082e-05,0.530,0.000,11507
2571,4.41489,4.19977,9.068e-05,0.525,0.000,11522
2572,4.19619,4.19977,9.054e-05,0.512,0.000,11521
2573,4.11121,4.19977,9.040e-05,0.566,0.000,11512
2574,4.19807,4.19977,9.026e-05,0.544,0.000,11534
2575,4.27084,4.19977,9.012e-05,0.498,0.000,11521
2576,4.24212,4.19977,8.998e-05,0.581,0.000,11512
2577,4.38121,4.19977,8.984e-05,0.545,0.000,11502
2578,4.14781,4.19977,8.970e-05,0.532,0.000,11520
2579,4.21320,4.19977,8.957e-05,0.555,0.000,11516
2580,4.51004,4.19977,8.943e-05,0.573,0.000,11532
2581,4.24574,4.19977,8.929e-05,0.503,0.000,11501
2582,4.30464,4.19977,8.915e-05,0.513,0.000,11499
2583,4.30754,4.19977,8.902e-05,0.538,0.000,11514
2584,4.36541,4.19977,8.888e-05,0.548,0.000,11526
2585,4.15313,4.19977,8.874e-05,0.505,0.000,11523
2586,4.22601,4.19977,8.861e-05,0.531,0.000,11536
2587,4.21867,4.19977,8.847e-05,0.501,0.000,11529
2588,4.31511,4.19977,8.834e-05,0.494,0.000,11508
2589,4.27100,4.19977,8.820e-05,0.552,0.000,11532
2590,4.24036,4.19977,8.807e-05,0.569,0.000,11526
2591,4.32067,4.19977,8.793e-05,0.515,0.000,11527
2592,4.33456,4.19977,8.780e-05,0.506,0.000,11539
2593,4.27101,4.19977,8.767e-05,0.559,0.000,11532
2594,4.34736,4.19977,8.753e-05,0.544,0.000,11521
2595,4.32790,4.19977,8.740e-05,0.503,0.000,11509
2596,4.41796,4.19977,8.727e-05,0.571,0.000,11532
2597,4.15066,4.19977,8.713e-05,0.510,0.000,11518
2598,4.34687,4.19977,8.700e-05,0.559,0.000,11498
2599,4.27772,4.19977,8.687e-05,0.525,0.000,11528
2600,4.22172,4.19977,8.674e-05,0.536,0.000,11515
2601,4.26474,4.19977,8.661e-05,0.538,0.000,11502
2602,4.09024,4.19977,8.648e-05,0.547,0.000,11516
2603,4.24559,4.19977,8.635e-05,0.531,0.000,11526
2604,4.30146,4.19977,8.622e-05,0.528,0.000,11524
2605,4.36096,4.19977,8.609e-05,0.553,0.000,11531
2606,4.21907,4.19977,8.596e-05,0.538,0.000,11526
2607,4.33589,4.19977,8.583e-05,0.539,0.000,11505
2608,4.14707,4.19977,8.570e-05,0.549,0.000,11528
2609,4.28583,4.19977,8.557e-05,0.534,0.000,11528
2610,4.18259,4.19977,8.544e-05,0.548,0.000,11532
2611,4.15920,4.19977,8.531e-05,0.554,0.000,11525
2612,4.38045,4.19977,8.518e-05,0.513,0.000,11527
2613,4.27145,4.19977,8.506e-05,0.522,0.000,11525
2614,4.31293,4.19977,8.493e-05,0.526,0.000,11500
2615,4.35901,4.19977,8.480e-05,0.530,0.000,11546
2616,4.35715,4.19977,8.467e-05,0.540,0.000,11514
2617,4.15846,4.19977,8.455e-05,0.522,0.000,11544
2618,4.33936,4.19977,8.442e-05,0.506,0.000,11536
2619,4.30098,4.19977,8.430e-05,0.570,0.000,11522
2620,4.48962,4.19977,8.417e-05,0.517,0.000,11507
2621,4.41513,4.19977,8.405e-05,0.521,0.000,11521
2622,4.05765,4.19977,8.392e-05,0.511,0.000,11538
2623,4.17688,4.19977,8.380e-05,0.590,0.000,11529
2624,4.11713,4.19977,8.367e-05,0.530,0.000,11537
2625,4.33800,4.19977,8.355e-05,0.536,0.000,11521
2626,4.48672,4.19977,8.342e-05,0.559,0.000,11519
2627,4.33472,4.19977,8.330e-05,0.516,0.000,11515
2628,4.15609,4.19977,8.318e-05,0.541,0.000,11519
2629,4.29880,4.19977,8.306e-05,0.518,0.000,11533
2630,4.21127,4.19977,8.293e-05,0.534,0.000,11527
2631,4.24474,4.19977,8.281e-05,0.551,0.000,11537
2632,4.35688,4.19977,8.269e-05,0.532,0.000,11508
2633,4.40828,4.19977,8.257e-05,0.563,0.000,11524
2634,4.16309,4.19977,8.245e-05,0.532,0.000,11537
2635,4.38769,4.19977,8.233e-05,0.531,0.000,11525
2636,4.25334,4.19977,8.221e-05,0.522,0.000,11531
2637,4.30048,4.19977,8.209e-05,0.512,0.000,11523
2638,4.22051,4.19977,8.197e-05,0.525,0.000,11524
2639,4.09578,4.19977,8.185e-05,0.530,0.000,11506
2640,4.32737,4.19977,8.173e-05,0.520,0.000,11516
2641,4.55875,4.19977,8.161e-05,0.523,0.000,11513
2642,4.32394,4.19977,8.149e-05,0.510,0.000,11529
2643,4.35348,4.19977,8.137e-05,0.533,0.000,11531
2644,4.08193,4.19977,8.125e-05,0.517,0.000,11513
2645,4.22933,4.19977,8.114e-05,0.570,0.000,11513
2646,4.31876,4.19977,8.102e-05,0.530,0.000,11488
2647,4.28796,4.19977,8.090e-05,0.570,0.000,11519
2648,4.22251,4.19977,8.079e-05,0.524,0.000,11529
2649,4.22740,4.19977,8.067e-05,0.515,0.000,11516
2650,4.20967,4.19977,8.055e-05,0.572,0.000,11524
2651,4.41288,4.19977,8.044e-05,0.526,0.000,11510
2652,4.13266,4.19977,8.032e-05,0.529,0.000,11515
2653,4.41560,4.19977,8.021e-05,0.540,0.000,11505
2654,4.42423,4.19977,8.009e-05,0.543,0.000,11532
2655,4.10546,4.19977,7.998e-05,0.509,0.000,11528
2656,4.30063,4.19977,7.986e-05,0.510,0.000,11531
2657,4.33954,4.19977,7.975e-05,0.522,0.000,11518
2658,4.16695,4.19977,7.964e-05,0.517,0.000,11521
2659,4.25758,4.19977,7.952e-05,0.560,0.000,11514
2660,4.15015,4.19977,7.941e-05,0.522,0.000,11516
2661,4.31650,4.19977,7.930e-05,0.505,0.000,11533
2662,4.46762,4.19977,7.918e-05,0.511,0.000,11510
2663,4.32996,4.19977,7.907e-05,0.543,0.000,11520
2664,4.23846,4.19977,7.896e-05,0.537,0.000,11521
2665,4.42190,4.19977,7.885e-05,0.517,0.000,11495
2666,4.40625,4.19977,7.874e-05,0.546,0.000,11532
2667,4.23726,4.19977,7.863e-05,0.520,0.000,11518
2668,4.15360,4.19977,7.852e-05,0.530,0.000,11526
2669,4.38429,4.19977,7.841e-05,0.521,0.000,11508
2670,4.63790,4.19977,7.830e-05,0.561,0.000,11525
2671,4.36056,4.19977,7.819e-05,0.545,0.000,11459
2672,4.17312,4.19977,7.808e-05,0.535,0.000,11500
2673,4.25209,4.19977,7.797e-05,0.557,0.000,11536
2674,4.16393,4.19977,7.786e-05,0.522,0.000,11517
2675,4.26229,4.19977,7.775e-05,0.544,0.000,11516
2676,4.32843,4.19977,7.764e-05,0.626,0.000,11517
2677,4.26838,4.19977,7.754e-05,0.510,0.000,11524
2678,4.01880,4.19977,7.743e-05,0.540,0.000,11488
2679,4.19488,4.19977,7.732e-05,0.522,0.000,11510
2680,4.25529,4.19977,7.722e-05,0.558,0.000,11522
2681,4.25520,4.19977,7.711e-05,0.536,0.000,11523
2682,4.20815,4.19977,7.700e-05,0.541,0.000,11528
2683,4.29582,4.19977,7.690e-05,0.633,0.000,11525
2684,4.10523,4.19977,7.679e-05,0.544,0.000,11499
2685,4.28342,4.19977,7.669e-05,0.535,0.000,11526
2686,4.26551,4.19977,7.658e-05,0.547,0.000,11510
2687,4.35136,4.19977,7.648e-05,0.573,0.000,11531
2688,4.13608,4.19977,7.638e-05,0.553,0.000,11512
2689,4.35851,4.19977,7.627e-05,0.538,0.000,11545
2690,4.28835,4.19977,7.617e-05,0.515,0.000,11505
2691,4.32556,4.19977,7.606e-05,0.534,0.000,11523
2692,4.32810,4.19977,7.596e-05,0.541,0.000,11520
2693,4.29283,4.19977,7.586e-05,0.517,0.000,11512
2694,4.25939,4.19977,7.576e-05,0.526,0.000,11529
2695,4.18673,4.19977,7.566e-05,0.539,0.000,11527
2696,4.39253,4.19977,7.555e-05,0.543,0.000,11537
2697,4.32302,4.19977,7.545e-05,0.523,0.000,11509
2698,4.30829,4.19977,7.535e-05,0.528,0.000,11515
2699,4.21247,4.19977,7.525e-05,0.520,0.000,11512
2700,4.31294,4.19977,7.515e-05,0.524,0.000,11526
2701,4.27683,4.19977,7.505e-05,0.545,0.000,11529
2702,4.31545,4.19977,7.495e-05,0.526,0.000,11514
2703,4.38826,4.19977,7.485e-05,0.535,0.000,11514
2704,4.29191,4.19977,7.475e-05,0.559,0.000,11513
2705,4.26383,4.19977,7.466e-05,0.523,0.000,11524
2706,4.20221,4.19977,7.456e-05,0.532,0.000,11526
2707,4.35495,4.19977,7.446e-05,0.553,0.000,11514
2708,4.28464,4.19977,7.436e-05,0.527,0.000,11530
2709,4.33178,4.19977,7.426e-05,0.556,0.000,11410
2710,4.25445,4.19977,7.417e-05,0.521,0.000,11514
2711,4.48431,4.19977,7.407e-05,0.538,0.000,11513
2712,4.08886,4.19977,7.397e-05,0.548,0.000,11531
2713,3.96645,4.19977,7.388e-05,0.539,0.000,11537
2714,4.37945,4.19977,7.378e-05,0.523,0.000,11543
2715,4.14408,4.19977,7.369e-05,0.519,0.000,11523
2716,4.29293,4.19977,7.359e-05,0.537,0.000,11511
2717,4.31359,4.19977,7.350e-05,0.519,0.000,11507
2718,4.33263,4.19977,7.340e-05,0.510,0.000,11508
2719,4.09311,4.19977,7.331e-05,0.520,0.000,11531
2720,4.17306,4.19977,7.321e-05,0.547,0.000,11522
2721,4.09237,4.19977,7.312e-05,0.539,0.000,11517
2722,4.36174,4.19977,7.303e-05,0.559,0.000,11526
2723,4.07296,4.19977,7.294e-05,0.543,0.000,11504
2724,4.19931,4.19977,7.284e-05,0.511,0.000,11511
2725,4.16690,4.19977,7.275e-05,0.513,0.000,11528
2726,4.10429,4.19977,7.266e-05,0.533,0.000,11537
2727,4.32160,4.19977,7.257e-05,0.585,0.000,11499
2728,4.09371,4.19977,7.248e-05,0.534,0.000,11519
2729,4.07832,4.19977,7.239e-05,0.542,0.000,11512
2730,4.38237,4.19977,7.229e-05,0.561,0.000,11497
2731,4.20544,4.19977,7.220e-05,0.552,0.000,11518
2732,4.22082,4.19977,7.211e-05,0.539,0.000,11506
2733,4.36140,4.19977,7.203e-05,0.513,0.000,11532
2734,4.23532,4.19977,7.194e-05,0.586,0.000,11506
2735,4.50166,4.19977,7.185e-05,0.514,0.000,11532
2736,4.43077,4.19977,7.176e-05,0.520,0.000,11507
2737,4.39255,4.19977,7.167e-05,0.526,0.000,11508
2738,4.22147,4.19977,7.158e-05,0.540,0.000,11536
2739,4.34344,4.19977,7.149e-05,0.526,0.000,11529
2740,4.34278,4.19977,7.141e-05,0.507,0.000,11522
2741,4.19243,4.19977,7.132e-05,0.524,0.000,11515
2742,4.38427,4.19977,7.123e-05,0.532,0.000,11523
2743,4.38574,4.19977,7.115e-05,0.588,0.000,11514
2744,4.15432,4.19977,7.106e-05,0.512,0.000,11535
2745,4.37986,4.19977,7.098e-05,0.515,0.000,11530
2746,4.48509,4.19977,7.089e-05,0.561,0.000,11518
2747,4.45127,4.19977,7.081e-05,0.542,0.000,11539
2748,4.39371,4.19977,7.072e-05,0.546,0.000,11511
2749,4.11955,4.19977,7.064e-05,0.570,0.000,11505
2750,4.53200,4.15622,7.055e-05,0.547,0.000,5020
2751,4.01937,4.15622,7.047e-05,0.559,0.000,11697
2752,4.31299,4.15622,7.039e-05,0.517,0.000,11532
2753,4.20626,4.15622,7.030e-05,0.520,0.000,11516
2754,4.09063,4.15622,7.022e-05,0.556,0.000,11492
2755,4.20588,4.15622,7.014e-05,0.503,0.000,11503
2756,4.33617,4.15622,7.006e-05,0.516,0.000,11527
2757,4.18411,4.15622,6.997e-05,0.539,0.000,11512
2758,4.12508,4.15622,6.989e-05,0.542,0.000,11528
2759,4.15370,4.15622,6.981e-05,0.557,0.000,11504
2760,4.31267,4.15622,6.973e-05,0.540,0.000,11507
2761,4.31263,4.15622,6.965e-05,0.502,0.000,11505
2762,4.33419,4.15622,6.957e-05,0.511,0.000,11511
2763,4.02986,4.15622,6.949e-05,0.565,0.000,11525
2764,4.13791,4.15622,6.941e-05,0.529,0.000,11516
2765,4.08038,4.15622,6.933e-05,0.526,0.000,11508
2766,4.27750,4.15622,6.925e-05,0.515,0.000,11508
2767,4.25277,4.15622,6.917e-05,0.540,0.000,11524
2768,4.24961,4.15622,6.910e-05,0.579,0.000,11535
2769,4.23728,4.15622,6.902e-05,0.570,0.000,11549
2770,4.04534,4.15622,6.894e-05,0.557,0.000,11549
2771,4.17470,4.15622,6.886e-05,0.538,0.000,11544
2772,4.21521,4.15622,6.879e-05,0.567,0.000,11533
2773,4.14286,4.15622,6.871e-05,0.533,0.000,11540
2774,4.08678,4.15622,6.863e-05,0.533,0.000,11546
2775,4.18213,4.15622,6.856e-05,0.549,0.000,11545
2776,4.15896,4.15622,6.848e-05,0.580,0.000,11549
2777,4.11502,4.15622,6.841e-05,0.561,0.000,11547
2778,4.31310,4.15622,6.833e-05,0.580,0.000,11548
2779,4.38538,4.15622,6.826e-05,0.552,0.000,11539
2780,4.16108,4.15622,6.818e-05,0.555,0.000,11544
2781,4.17127,4.15622,6.811e-05,0.546,0.000,11542
2782,4.28197,4.15622,6.804e-05,0.554,0.000,11540
2783,4.28826,4.15622,6.796e-05,0.517,0.000,11562
2784,4.18593,4.15622,6.789e-05,0.613,0.000,11546
2785,4.27691,4.15622,6.782e-05,0.518,0.000,11526
2786,4.47663,4.15622,6.775e-05,0.509,0.000,11541
2787,4.30171,4.15622,6.767e-05,0.569,0.000,11551
2788,4.40327,4.15622,6.760e-05,0.589,0.000,11561
2789,4.16923,4.15622,6.753e-05,0.546,0.000,11546
2790,4.38768,4.15622,6.746e-05,0.515,0.000,11557
2791,4.25013,4.15622,6.739e-05,0.560,0.000,11501
2792,4.25458,4.15622,6.732e-05,0.550,0.000,11534
2793,4.30746,4.15622,6.725e-05,0.541,0.000,11550
2794,4.41724,4.15622,6.718e-05,0.514,0.000,11528
2795,4.28518,4.15622,6.711e-05,0.501,0.000,11540
2796,4.21734,4.15622,6.704e-05,0.527,0.000,11543
2797,4.36727,4.15622,6.697e-05,0.527,0.000,11534
2798,4.21557,4.15622,6.690e-05,0.533,0.000,11543
2799,4.37845,4.15622,6.684e-05,0.547,0.000,11562
2800,4.37333,4.15622,6.677e-05,0.537,0.000,11549
2801,4.36957,4.15622,6.670e-05,0.525,0.000,11528
2802,4.31766,4.15622,6.664e-05,0.532,0.000,11553
2803,4.31835,4.15622,6.657e-05,0.541,0.000,11540
2804,4.18455,4.15622,6.650e-05,0.527,0.000,11530
2805,4.22972,4.15622,6.644e-05,0.535,0.000,11541
2806,4.28276,4.15622,6.637e-05,0.537,0.000,11533
2807,4.23036,4.15622,6.631e-05,0.509,0.000,11517
2808,4.23610,4.15622,6.624e-05,0.530,0.000,11544
2809,4.12415,4.15622,6.618e-05,0.542,0.000,11532
2810,4.10811,4.15622,6.611e-05,0.513,0.000,11500
2811,4.09885,4.15622,6.605e-05,0.513,0.000,11526
2812,4.26142,4.15622,6.598e-05,0.533,0.000,11526
2813,4.00576,4.15622,6.592e-05,0.593,0.000,11526
2814,4.22629,4.15622,6.586e-05,0.497,0.000,11514
2815,4.14650,4.15622,6.580e-05,0.520,0.000,11527
2816,4.03485,4.15622,6.573e-05,0.514,0.000,11508
2817,4.37882,4.15622,6.567e-05,0.521,0.000,11514
2818,4.39570,4.15622,6.561e-05,0.507,0.000,11534
2819,4.45607,4.15622,6.555e-05,0.495,0.000,11510
2820,4.28714,4.15622,6.549e-05,0.498,0.000,11532
2821,4.06469,4.15622,6.543e-05,0.515,0.000,11522
2822,4.46323,4.15622,6.537e-05,0.515,0.000,11491
2823,4.23933,4.15622,6.531e-05,0.521,0.000,11502
2824,4.35058,4.15622,6.525e-05,0.538,0.000,11531
2825,4.19941,4.15622,6.519e-05,0.578,0.000,11534
2826,4.12516,4.15622,6.513e-05,0.486,0.000,11524
2827,4.31368,4.15622,6.507e-05,0.549,0.000,11539
2828,4.24991,4.15622,6.501e-05,0.575,0.000,11504
2829,4.31927,4.15622,6.495e-05,0.504,0.000,11497
2830,4.50240,4.15622,6.490e-05,0.551,0.000,11540
2831,4.30417,4.15622,6.484e-05,0.531,0.000,11514
2832,4.21720,4.15622,6.478e-05,0.586,0.000,11533
2833,4.39978,4.15622,6.473e-05,0.534,0.000,11527
2834,4.16756,4.15622,6.467e-05,0.534,0.000,11532
2835,4.20536,4.15622,6.461e-05,0.520,0.000,11502
2836,4.17519,4.15622,6.456e-05,0.542,0.000,11519
2837,4.31448,4.15622,6.450e-05,0.524,0.000,11530
2838,4.35448,4.15622,6.445e-05,0.536,0.000,11514
2839,4.09550,4.15622,6.439e-05,0.530,0.000,11537
2840,4.12913,4.15622,6.434e-05,0.511,0.000,11522
2841,4.09022,4.15622,6.429e-05,0.518,0.000,11520
2842,4.19675,4.15622,6.423e-05,0.545,0.000,11508
2843,4.15722,4.15622,6.418e-05,0.506,0.000,11520
2844,4.25025,4.15622,6.413e-05,0.550,0.000,11521
2845,4.20123,4.15622,6.407e-05,0.544,0.000,11526
2846,4.30466,4.15622,6.402e-05,0.530,0.000,11520
2847,4.25919,4.15622,6.397e-05,0.541,0.000,11520
2848,4.24009,4.15622,6.392e-05,0.531,0.000,11528
2849,4.29582,4.15622,6.387e-05,0.515,0.000,11520
2850,4.06004,4.15622,6.381e-05,0.538,0.000,11512
2851,4.10240,4.15622,6.376e-05,0.513,0.000,11533
2852,4.29844,4.15622,6.371e-05,0.575,0.000,11519
2853,4.31453,4.15622,6.366e-05,0.520,0.000,11527
2854,4.39811,4.15622,6.361e-05,0.526,0.000,11507
2855,4.37659,4.15622,6.357e-05,0.539,0.000,11513
2856,4.26055,4.15622,6.352e-05,0.563,0.000,11516
2857,4.38588,4.15622,6.347e-05,0.564,0.000,11525
2858,4.12809,4.15622,6.342e-05,0.549,0.000,11522
2859,4.21236,4.15622,6.337e-05,0.560,0.000,11515
2860,4.25013,4.15622,6.332e-05,0.547,0.000,11532
2861,4.26954,4.15622,6.328e-05,0.522,0.000,11508
2862,4.19603,4.15622,6.323e-05,0.518,0.000,11526
2863,4.46149,4.15622,6.318e-05,0.555,0.000,11518
2864,4.10466,4.15622,6.314e-05,0.523,0.000,11531
2865,4.18730,4.15622,6.309e-05,0.543,0.000,11513
2866,4.20161,4.15622,6.305e-05,0.539,0.000,11522
2867,4.06931,4.15622,6.300e-05,0.547,0.000,11521
2868,4.04073,4.15622,6.296e-05,0.549,0.000,11505
2869,4.16438,4.15622,6.291e-05,0.510,0.000,11534
2870,4.14350,4.15622,6.287e-05,0.530,0.000,11514
2871,4.27470,4.15622,6.282e-05,0.556,0.000,11528
2872,4.09089,4.15622,6.278e-05,0.535,0.000,11525
2873,4.31572,4.15622,6.274e-05,0.645,0.000,11521
2874,4.19374,4.15622,6.269e-05,0.518,0.000,11512
2875,4.48242,4.15622,6.265e-05,0.555,0.000,11519
2876,4.35986,4.15622,6.261e-05,0.540,0.000,11531
2877,4.27977,4.15622,6.257e-05,0.516,0.000,11510
2878,4.36699,4.15622,6.253e-05,0.532,0.000,11532
2879,4.12588,4.15622,6.248e-05,0.542,0.000,11520
2880,4.09611,4.15622,6.244e-05,0.532,0.000,11509
2881,4.29865,4.15622,6.240e-05,0.572,0.000,11488
2882,4.22810,4.15622,6.236e-05,0.522,0.000,11508
2883,3.99303,4.15622,6.232e-05,0.560,0.000,11531
2884,4.26385,4.15622,6.228e-05,0.551,0.000,11526
2885,4.30100,4.15622,6.224e-05,0.550,0.000,11534
2886,3.99660,4.15622,6.221e-05,0.562,0.000,11523
2887,4.40914,4.15622,6.217e-05,0.499,0.000,11506
2888,4.33600,4.15622,6.213e-05,0.545,0.000,11535
2889,4.22369,4.15622,6.209e-05,0.570,0.000,11524
2890,4.23281,4.15622,6.205e-05,0.583,0.000,11530
2891,4.19193,4.15622,6.202e-05,0.518,0.000,11526
2892,4.31902,4.15622,6.198e-05,0.543,0.000,11527
2893,4.35016,4.15622,6.194e-05,0.556,0.000,11508
2894,4.19171,4.15622,6.191e-05,0.539,0.000,11509
2895,4.19759,4.15622,6.187e-05,0.570,0.000,11535
2896,4.47002,4.15622,6.184e-05,0.515,0.000,11517
2897,4.23195,4.15622,6.180e-05,0.547,0.000,11522
2898,4.29947,4.15622,6.177e-05,0.549,0.000,11515
2899,4.38444,4.15622,6.173e-05,0.546,0.000,11529
2900,3.96665,4.15622,6.170e-05,0.556,0.000,11500
2901,4.18806,4.15622,6.166e-05,0.527,0.000,11530
2902,4.24882,4.15622,6.163e-05,0.510,0.000,11514
2903,4.27469,4.15622,6.160e-05,0.534,0.000,11510
2904,4.01398,4.15622,6.156e-05,0.544,0.000,11533
2905,4.09374,4.15622,6.153e-05,0.545,0.000,11506
2906,4.43103,4.15622,6.150e-05,0.524,0.000,11513
2907,4.24881,4.15622,6.147e-05,0.607,0.000,11509
2908,4.18349,4.15622,6.144e-05,0.546,0.000,11517
2909,3.96667,4.15622,6.141e-05,0.531,0.000,11525
2910,4.34675,4.15622,6.138e-05,0.526,0.000,11517
2911,4.38469,4.15622,6.135e-05,0.537,0.000,11535
2912,4.25514,4.15622,6.132e-05,0.552,0.000,11525
2913,4.18017,4.15622,6.129e-05,0.551,0.000,11511
2914,4.47427,4.15622,6.126e-05,0.512,0.000,11525
2915,4.10380,4.15622,6.123e-05,0.528,0.000,11526
2916,4.02156,4.15622,6.120e-05,0.593,0.000,11515
2917,4.26383,4.15622,6.117e-05,0.541,0.000,11530
2918,4.51976,4.15622,6.114e-05,0.532,0.000,11527
2919,4.27562,4.15622,6.111e-05,0.537,0.000,11496
2920,4.19087,4.15622,6.109e-05,0.527,0.000,11518
2921,4.22335,4.15622,6.106e-05,0.552,0.000,11511
2922,4.24411,4.15622,6.103e-05,0.535,0.000,11531
2923,4.51627,4.15622,6.101e-05,0.530,0.000,11510
2924,4.30178,4.15622,6.098e-05,0.524,0.000,11509
2925,4.42740,4.15622,6.096e-05,0.579,0.000,11512
2926,4.34487,4.15622,6.093e-05,0.515,0.000,11515
2927,4.36419,4.15622,6.091e-05,0.569,0.000,11521
2928,4.07969,4.15622,6.088e-05,0.509,0.000,11502
2929,4.20637,4.15622,6.086e-05,0.545,0.000,11529
2930,4.28445,4.15622,6.083e-05,0.527,0.000,11506
2931,4.09762,4.15622,6.081e-05,0.545,0.000,11515
2932,4.09203,4.15622,6.079e-05,0.533,0.000,11513
2933,4.19400,4.15622,6.076e-05,0.576,0.000,11514
2934,4.27176,4.15622,6.074e-05,0.507,0.000,11534
2935,4.02509,4.15622,6.072e-05,0.549,0.000,11510
2936,4.24952,4.15622,6.070e-05,0.523,0.000,11528
2937,4.00393,4.15622,6.067e-05,0.530,0.000,11523
2938,4.12318,4.15622,6.065e-05,0.563,0.000,11505
2939,4.11858,4.15622,6.063e-05,0.515,0.000,11502
2940,4.27954,4.15622,6.061e-05,0.553,0.000,11504
2941,4.13505,4.15622,6.059e-05,0.528,0.000,11527
2942,4.49307,4.15622,6.057e-05,0.537,0.000,11505
2943,4.06347,4.15622,6.055e-05,0.558,0.000,11532
2944,4.36888,4.15622,6.053e-05,0.538,0.000,11519
2945,4.18457,4.15622,6.051e-05,0.551,0.000,11501
2946,4.36396,4.15622,6.050e-05,0.541,0.000,11526
2947,4.05447,4.15622,6.048e-05,0.544,0.000,11520
2948,4.34137,4.15622,6.046e-05,0.528,0.000,11530
2949,4.39810,4.15622,6.044e-05,0.542,0.000,11522
2950,4.13768,4.15622,6.042e-05,0.586,0.000,11523
2951,4.48154,4.15622,6.041e-05,0.507,0.000,11511
2952,4.13935,4.15622,6.039e-05,0.548,0.000,11502
2953,4.27218,4.15622,6.038e-05,0.528,0.000,11524
2954,4.12615,4.15622,6.036e-05,0.533,0.000,11528
2955,4.22809,4.15622,6.034e-05,0.526,0.000,11526
2956,4.12650,4.15622,6.033e-05,0.521,0.000,11512
2957,4.24846,4.15622,6.031e-05,0.554,0.000,11517
2958,4.29873,4.15622,6.030e-05,0.517,0.000,11515
2959,4.14495,4.15622,6.029e-05,0.523,0.000,11526
2960,4.27705,4.15622,6.027e-05,0.532,0.000,11534
2961,4.02241,4.15622,6.026e-05,0.549,0.000,11509
2962,4.34578,4.15622,6.025e-05,0.585,0.000,11534
2963,4.05267,4.15622,6.023e-05,0.570,0.000,11503
2964,4.18578,4.15622,6.022e-05,0.564,0.000,11514
2965,4.08800,4.15622,6.021e-05,0.546,0.000,11529
2966,4.29332,4.15622,6.020e-05,0.529,0.000,11550
2967,4.31275,4.15622,6.019e-05,0.553,0.000,11519
2968,4.14397,4.15622,6.017e-05,0.544,0.000,11525
2969,4.54488,4.15622,6.016e-05,0.530,0.000,11518
2970,4.18370,4.15622,6.015e-05,0.566,0.000,11504
2971,4.22713,4.15622,6.014e-05,0.536,0.000,11523
2972,4.29358,4.15622,6.013e-05,0.609,0.000,11520
2973,4.34062,4.15622,6.012e-05,0.533,0.000,11530
2974,4.25684,4.15622,6.011e-05,0.561,0.000,11516
2975,4.04586,4.15622,6.011e-05,0.574,0.000,11509
2976,4.28502,4.15622,6.010e-05,0.573,0.000,11517
2977,4.12944,4.15622,6.009e-05,0.545,0.000,11504
2978,3.91742,4.15622,6.008e-05,0.576,0.000,11525
2979,4.12014,4.15622,6.007e-05,0.531,0.000,11524
2980,4.41814,4.15622,6.007e-05,0.535,0.000,11540
2981,4.27904,4.15622,6.006e-05,0.565,0.000,11524
2982,4.30094,4.15622,6.006e-05,0.582,0.000,11492
2983,4.18095,4.15622,6.005e-05,0.545,0.000,11489
2984,4.27016,4.15622,6.004e-05,0.517,0.000,11511
2985,4.11914,4.15622,6.004e-05,0.534,0.000,11522
2986,4.27788,4.15622,6.003e-05,0.564,0.000,11523
2987,4.27340,4.15622,6.003e-05,0.577,0.000,11540
2988,4.19180,4.15622,6.002e-05,0.553,0.000,11525
2989,4.24270,4.15622,6.002e-05,0.524,0.000,11523
2990,4.16450,4.15622,6.002e-05,0.515,0.000,11518
2991,4.03888,4.15622,6.001e-05,0.559,0.000,11515
2992,4.30022,4.15622,6.001e-05,0.566,0.000,11527
2993,4.13383,4.15622,6.001e-05,0.576,0.000,11527
2994,4.03139,4.15622,6.001e-05,0.573,0.000,11520
2995,4.41355,4.15622,6.000e-05,0.512,0.000,11516
2996,4.18246,4.15622,6.000e-05,0.561,0.000,11523
2997,4.22143,4.15622,6.000e-05,0.561,0.000,11521
2998,4.21829,4.15622,6.000e-05,0.556,0.000,11519
2999,4.27171,4.12247,6.000e-05,0.546,0.000,5028
