step,loss,val_loss,lr,grad_norm,proj_grad_norm,tokens_per_s
0,12.55521,12.52466,3.000e-06,5.546,0.615,6768
1,12.53609,12.52466,6.000e-06,6.433,0.695,15607
2,12.47012,12.52466,9.000e-06,5.618,0.612,15431
3,12.40217,12.52466,1.200e-05,4.652,0.489,15433
4,12.32708,12.52466,1.500e-05,3.821,0.364,15463
5,12.24792,12.52466,1.800e-05,3.193,0.285,15423
6,12.19305,12.52466,2.100e-05,3.016,0.274,15444
7,12.14547,12.52466,2.400e-05,2.456,0.209,15421
8,12.12810,12.52466,2.700e-05,2.048,0.161,15362
9,12.06872,12.52466,3.000e-05,1.886,0.162,15359
10,12.04032,12.52466,3.300e-05,1.702,0.146,15380
11,12.01316,12.52466,3.600e-05,1.527,0.116,15383
12,11.95438,12.52466,3.900e-05,1.582,0.108,15386
13,11.94241,12.52466,4.200e-05,1.491,0.126,15365
14,11.87720,12.52466,4.500e-05,1.449,0.076,15360
15,11.86909,12.52466,4.800e-05,1.329,0.078,15363
16,11.86432,12.52466,5.100e-05,1.382,0.121,15361
17,11.81738,12.52466,5.400e-05,1.345,0.093,15378
18,11.78088,12.52466,5.700e-05,1.437,0.121,15377
19,11.74042,12.52466,6.000e-05,1.573,0.156,15400
20,11.73484,12.52466,6.300e-05,1.238,0.077,15381
21,11.70617,12.52466,6.600e-05,1.391,0.142,15372
22,11.64113,12.52466,6.900e-05,1.277,0.098,15366
23,11.58807,12.52466,7.200e-05,1.313,0.082,15360
24,11.56178,12.52466,7.500e-05,1.441,0.132,15368
25,11.50773,12.52466,7.800e-05,1.322,0.086,15363
26,11.44924,12.52466,8.100e-05,1.446,0.144,15382
27,11.42717,12.52466,8.400e-05,1.194,0.075,15396
28,11.36516,12.52466,8.700e-05,1.250,0.087,15368
29,11.30267,12.52466,9.000e-05,1.276,0.109,15380
30,11.26664,12.52466,9.300e-05,1.185,0.071,15371
31,11.20590,12.52466,9.600e-05,1.262,0.090,15357
32,11.17003,12.52466,9.900e-05,1.180,0.079,15350
33,11.11182,12.52466,1.020e-04,1.264,0.098,15354
34,11.02676,12.52466,1.050e-04,1.343,0.092,15406
35,10.98442,12.52466,1.080e-04,1.289,0.118,15388
36,10.93400,12.52466,1.110e-04,1.205,0.078,15380
37,10.83825,12.52466,1.140e-04,1.260,0.098,15353
38,10.77885,12.52466,1.170e-04,1.321,0.119,15363
39,10.73810,12.52466,1.200e-04,1.319,0.120,15367
40,10.66204,12.52466,1.230e-04,1.291,0.113,15351
41,10.60902,12.52466,1.260e-04,1.251,0.097,15391
42,10.54014,12.52466,1.290e-04,1.234,0.116,15393
43,10.45895,12.52466,1.320e-04,1.333,0.109,15381
44,10.41252,12.52466,1.350e-04,1.285,0.094,15377
45,10.32844,12.52466,1.380e-04,1.276,0.126,15379
46,10.24007,12.52466,1.410e-04,1.209,0.082,15357
47,10.16756,12.52466,1.440e-04,1.311,0.130,15365
48,10.11393,12.52466,1.470e-04,1.152,0.079,15368
49,10.00365,12.52466,1.500e-04,1.244,0.109,15399
50,9.92430,12.52466,1.530e-04,1.220,0.074,15367
51,9.87234,12.52466,1.560e-04,1.466,0.103,15373
52,9.76525,12.52466,1.590e-04,1.297,0.075,15355
53,9.65424,12.52466,1.620e-04,1.209,0.079,15343
54,9.62527,12.52466,1.650e-04,1.272,0.087,15368
55,9.55439,12.52466,1.680e-04,1.152,0.083,15372
56,9.41610,12.52466,1.710e-04,1.188,0.059,15370
57,9.39053,12.52466,1.740e-04,1.399,0.132,15393
58,9.24313,12.52466,1.770e-04,1.239,0.107,15366
59,9.25623,12.52466,1.800e-04,1.260,0.137,15365
60,9.15113,12.52466,1.830e-04,1.189,0.119,15374
61,9.06950,12.52466,1.860e-04,1.309,0.141,15359
62,8.95723,12.52466,1.890e-04,1.190,0.107,15371
63,8.90041,12.52466,1.920e-04,1.292,0.165,15348
64,8.80763,12.52466,1.950e-04,1.254,0.097,15384
65,8.70607,12.52466,1.980e-04,1.228,0.110,15400
66,8.67119,12.52466,2.010e-04,1.174,0.068,15366
67,8.62050,12.52466,2.040e-04,1.227,0.111,15357
68,8.52767,12.52466,2.070e-04,1.239,0.087,15358
69,8.44752,12.52466,2.100e-04,1.187,0.107,15367
70,8.45753,12.52466,2.130e-04,1.362,0.125,15360
71,8.27421,12.52466,2.160e-04,1.195,0.152,15347
72,8.21902,12.52466,2.190e-04,1.097,0.094,15403
73,8.14711,12.52466,2.220e-04,1.183,0.118,15368
74,8.11225,12.52466,2.250e-04,1.343,0.256,15367
75,8.00113,12.52466,2.280e-04,1.060,0.126,15365
76,7.99409,12.52466,2.310e-04,1.228,0.169,15376
77,7.89403,12.52466,2.340e-04,1.187,0.137,15372
78,7.81710,12.52466,2.370e-04,1.127,0.148,15348
79,7.84203,12.52466,2.400e-04,1.135,0.086,15383
80,7.56597,12.52466,2.430e-04,1.153,0.161,15396
81,7.74181,12.52466,2.460e-04,1.034,0.134,15358
82,7.48526,12.52466,2.490e-04,0.962,0.100,15384
83,7.64702,12.52466,2.520e-04,1.054,0.134,15361
84,7.58269,12.52466,2.550e-04,1.056,0.157,15365
85,7.49071,12.52466,2.580e-04,0.958,0.139,15361
86,7.55193,12.52466,2.610e-04,1.048,0.169,15357
87,7.48037,12.52466,2.640e-04,0.927,0.149,15386
88,7.28465,12.52466,2.670e-04,0.860,0.149,15394
89,7.28631,12.52466,2.700e-04,0.854,0.107,15393
90,7.32012,12.52466,2.730e-04,0.822,0.138,15357
91,7.36233,12.52466,2.760e-04,0.766,0.090,15384
92,7.19623,12.52466,2.790e-04,0.692,0.130,15373
93,7.13170,12.52466,2.820e-04,0.666,0.113,15365
94,7.08008,12.52466,2.850e-04,0.621,0.106,15369
95,7.11952,12.52466,2.880e-04,0.615,0.101,15382
96,7.10086,12.52466,2.910e-04,0.642,0.111,15388
97,7.04066,12.52466,2.940e-04,0.554,0.105,15372
98,7.03338,12.52466,2.970e-04,0.559,0.108,15370
99,7.00233,12.52466,3.000e-04,0.868,0.208,15370
100,7.06683,12.52466,3.030e-04,0.765,0.172,15380
101,6.96863,12.52466,3.060e-04,0.504,0.125,15364
102,7.00714,12.52466,3.090e-04,0.658,0.154,15385
103,6.94416,12.52466,3.120e-04,0.551,0.176,15403
104,6.91832,12.52466,3.150e-04,1.012,0.270,15377
105,7.03880,12.52466,3.180e-04,0.639,0.182,15358
106,6.89011,12.52466,3.210e-04,0.817,0.218,15362
107,6.96834,12.52466,3.240e-04,0.793,0.245,15360
108,6.90077,12.52466,3.270e-04,0.742,0.209,15369
109,6.90278,12.52466,3.300e-04,0.725,0.238,15388
110,6.87828,12.52466,3.330e-04,1.054,0.298,15387
111,6.80917,12.52466,3.360e-04,0.734,0.287,15381
112,6.73022,12.52466,3.390e-04,0.509,0.159,15385
113,6.91679,12.52466,3.420e-04,0.782,0.316,15359
114,6.77269,12.52466,3.450e-04,0.475,0.134,15358
115,6.89807,12.52466,3.480e-04,0.638,0.224,15365
116,6.88911,12.52466,3.510e-04,0.611,0.223,15379
117,6.71638,12.52466,3.540e-04,0.624,0.214,15393
118,6.78347,12.52466,3.570e-04,0.514,0.176,15387
119,6.67787,12.52466,3.600e-04,0.745,0.263,15386
120,6.77028,12.52466,3.630e-04,0.587,0.229,15377
121,6.77147,12.52466,3.660e-04,0.479,0.141,15353
122,6.66002,12.52466,3.690e-04,0.553,0.202,15366
123,6.72603,12.52466,3.720e-04,0.558,0.188,15367
124,6.79101,12.52466,3.750e-04,0.529,0.192,15357
125,6.53360,12.52466,3.780e-04,0.542,0.236,15383
126,6.70629,12.52466,3.810e-04,0.564,0.183,15405
127,6.77953,12.52466,3.840e-04,0.571,0.210,15347
128,6.65704,12.52466,3.870e-04,0.507,0.210,15360
129,6.71504,12.52466,3.900e-04,0.480,0.174,15363
130,6.60528,12.52466,3.930e-04,0.529,0.172,15369
131,6.65613,12.52466,3.960e-04,0.492,0.159,15359
132,6.76063,12.52466,3.990e-04,0.694,0.270,15375
133,6.59681,12.52466,4.020e-04,0.626,0.226,15382
134,6.60842,12.52466,4.050e-04,0.414,0.131,15388
135,6.68310,12.52466,4.080e-04,0.530,0.170,15366
136,6.53810,12.52466,4.110e-04,0.544,0.177,15377
137,6.37129,12.52466,4.140e-04,0.523,0.220,15374
138,6.51363,12.52466,4.170e-04,0.573,0.287,15357
139,6.75880,12.52466,4.200e-04,0.622,0.251,15372
140,6.62924,12.52466,4.230e-04,0.945,0.373,15369
141,6.46535,12.52466,4.260e-04,0.631,0.240,15399
142,6.57161,12.52466,4.290e-04,0.571,0.201,15371
143,6.54978,12.52466,4.320e-04,0.567,0.259,15369
144,6.39553,12.52466,4.350e-04,0.744,0.387,15350
145,6.48262,12.52466,4.380e-04,0.676,0.318,15361
146,6.43062,12.52466,4.410e-04,0.724,0.380,15364
147,6.54569,12.52466,4.440e-04,0.822,0.384,15378
148,6.53004,12.52466,4.470e-04,0.538,0.227,15396
149,6.47985,12.52466,4.500e-04,0.599,0.247,15367
150,6.44520,12.52466,4.530e-04,0.703,0.348,15361
151,6.36282,12.52466,4.560e-04,0.567,0.290,15377
152,6.40354,12.52466,4.590e-04,0.869,0.502,15371
153,6.30328,12.52466,4.620e-04,0.761,0.391,15373
154,6.55184,12.52466,4.650e-04,0.636,0.278,15366
155,6.51699,12.52466,4.680e-04,0.574,0.242,15396
156,6.34997,12.52466,4.710e-04,0.753,0.378,15393
157,6.64409,12.52466,4.740e-04,0.595,0.263,15369
158,6.43022,12.52466,4.770e-04,0.598,0.294,15394
159,6.33311,12.52466,4.800e-04,0.604,0.278,15380
160,6.32822,12.52466,4.830e-04,0.616,0.310,15379
161,6.49521,12.52466,4.860e-04,0.586,0.257,15361
162,6.34643,12.52466,4.890e-04,0.463,0.184,15380
163,6.34360,12.52466,4.920e-04,0.689,0.383,15388
164,6.29011,12.52466,4.950e-04,0.725,0.327,15391
165,6.24245,12.52466,4.980e-04,0.496,0.223,15357
166,6.48123,12.52466,5.010e-04,0.707,0.337,15353
167,6.34253,12.52466,5.040e-04,0.561,0.235,15370
168,6.26602,12.52466,5.070e-04,0.682,0.364,15374
169,6.26232,12.52466,5.100e-04,0.588,0.247,15363
170,6.54121,12.52466,5.130e-04,0.626,0.306,15376
171,6.38204,12.52466,5.160e-04,0.536,0.261,15397
172,6.25220,12.52466,5.190e-04,0.770,0.397,15374
173,6.38374,12.52466,5.220e-04,1.252,0.716,15383
174,6.37011,12.52466,5.250e-04,1.053,0.683,15374
175,6.14197,12.52466,5.280e-04,1.433,0.886,15367
176,6.24405,12.52466,5.310e-04,0.711,0.381,15379
177,6.26358,12.52466,5.340e-04,0.563,0.272,15369
178,6.33189,12.52466,5.370e-04,1.051,0.559,15384
179,6.47134,12.52466,5.400e-04,0.722,0.347,15385
180,6.29864,12.52466,5.430e-04,0.886,0.455,15375
181,6.41689,12.52466,5.460e-04,1.101,0.555,15351
182,6.24517,12.52466,5.490e-04,0.762,0.411,15356
183,6.40110,12.52466,5.520e-04,0.619,0.261,15359
184,6.20641,12.52466,5.550e-04,0.659,0.295,15348
185,6.31788,12.52466,5.580e-04,0.669,0.340,15392
186,6.17649,12.52466,5.610e-04,0.764,0.390,15393
187,6.32812,12.52466,5.640e-04,0.591,0.277,15391
188,6.16084,12.52466,5.670e-04,0.926,0.494,15376
189,6.20862,12.52466,5.700e-04,0.666,0.311,15365
190,6.17073,12.52466,5.730e-04,0.885,0.489,15375
191,6.34925,12.52466,5.760e-04,1.412,0.889,15355
192,6.07786,12.52466,5.790e-04,0.769,0.431,15374
193,6.18770,12.52466,5.820e-04,0.659,0.336,15381
194,6.14026,12.52466,5.850e-04,0.712,0.408,15373
195,6.18299,12.52466,5.880e-04,0.636,0.329,15382
196,6.33683,12.52466,5.910e-04,0.599,0.299,15372
197,6.23336,12.52466,5.940e-04,0.623,0.347,15358
198,6.27687,12.52466,5.970e-04,0.552,0.260,15371
199,6.12022,12.52466,6.000e-04,0.611,0.349,15384
200,6.20981,12.52466,6.000e-04,0.756,0.432,15376
201,6.29514,12.52466,6.000e-04,0.786,0.434,15387
202,6.24987,12.52466,6.000e-04,0.601,0.268,15392
203,6.24720,12.52466,6.000e-04,0.787,0.436,15369
204,5.95400,12.52466,6.000e-04,0.582,0.318,15353
205,6.23115,12.52466,6.000e-04,0.649,0.343,15379
206,6.14654,12.52466,6.000e-04,0.616,0.327,15362
207,6.22607,12.52466,6.000e-04,0.602,0.276,15368
208,6.24640,12.52466,6.000e-04,0.839,0.464,15395
209,6.20645,12.52466,6.000e-04,0.792,0.449,15399
210,6.16584,12.52466,6.000e-04,0.717,0.362,15378
211,6.19819,12.52466,6.000e-04,0.734,0.393,15364
212,6.42882,12.52466,6.000e-04,0.536,0.246,15362
213,6.23987,12.52466,6.000e-04,0.620,0.301,15368
214,6.14438,12.52466,6.000e-04,0.629,0.318,15359
215,5.92244,12.52466,6.000e-04,0.797,0.491,15377
216,6.09829,12.52466,6.000e-04,0.840,0.517,15381
217,6.05794,12.52466,6.000e-04,0.618,0.293,15398
218,6.09629,12.52466,5.999e-04,0.602,0.330,15373
219,6.16271,12.52466,5.999e-04,0.691,0.383,15356
220,6.01019,12.52466,5.999e-04,0.582,0.319,15347
221,6.04324,12.52466,5.999e-04,0.601,0.341,15354
222,6.01045,12.52466,5.999e-04,0.617,0.331,15368
223,6.04390,12.52466,5.999e-04,0.664,0.382,15363
224,6.23390,12.52466,5.999e-04,0.555,0.295,15383
225,5.99918,12.52466,5.999e-04,0.550,0.282,15379
226,6.09465,12.52466,5.999e-04,0.648,0.356,15354
227,6.04923,12.52466,5.999e-04,0.681,0.370,15363
228,5.99660,12.52466,5.999e-04,0.692,0.410,15370
229,6.24009,12.52466,5.999e-04,0.645,0.353,15353
230,5.82254,12.52466,5.998e-04,0.759,0.459,15373
231,6.11674,12.52466,5.998e-04,0.631,0.314,15374
232,6.07211,12.52466,5.998e-04,0.903,0.577,15390
233,5.98930,12.52466,5.998e-04,1.028,0.685,15344
234,5.96419,12.52466,5.998e-04,0.765,0.455,15355
235,6.08403,12.52466,5.998e-04,0.633,0.326,15363
236,6.01188,12.52466,5.998e-04,0.590,0.294,15376
237,6.05467,12.52466,5.998e-04,0.645,0.337,15366
238,6.12786,12.52466,5.998e-04,0.579,0.284,15344
239,5.93891,12.52466,5.997e-04,0.772,0.440,15367
240,6.04267,12.52466,5.997e-04,0.765,0.403,15381
241,6.03297,12.52466,5.997e-04,0.651,0.367,15345
242,6.15773,12.52466,5.997e-04,0.928,0.556,15355
243,6.00244,12.52466,5.997e-04,0.821,0.509,15384
244,6.18179,12.52466,5.997e-04,0.773,0.411,15362
245,6.10135,12.52466,5.997e-04,0.641,0.332,15350
246,6.04689,12.52466,5.996e-04,0.720,0.374,15378
247,6.10020,12.52466,5.996e-04,0.609,0.325,15371
248,5.92211,12.52466,5.996e-04,0.600,0.327,15363
249,5.97787,12.52466,5.996e-04,0.637,0.342,15377
250,5.85231,5.93583,5.996e-04,0.629,0.366,7122
251,5.86377,5.93583,5.996e-04,0.682,0.409,15560
252,5.86923,5.93583,5.995e-04,0.590,0.317,15363
253,6.04927,5.93583,5.995e-04,0.566,0.305,15365
254,5.81446,5.93583,5.995e-04,0.671,0.402,15360
255,6.01660,5.93583,5.995e-04,0.535,0.225,15381
256,6.15412,5.93583,5.995e-04,0.465,0.217,15363
257,5.80696,5.93583,5.994e-04,0.638,0.328,15371
258,5.86309,5.93583,5.994e-04,0.557,0.279,15371
259,5.97279,5.93583,5.994e-04,0.565,0.274,15391
260,6.00943,5.93583,5.994e-04,0.643,0.321,15356
261,5.82722,5.93583,5.994e-04,0.578,0.308,15356
262,5.78000,5.93583,5.993e-04,0.863,0.559,15356
263,5.86834,5.93583,5.993e-04,1.161,0.795,15364
264,5.78671,5.93583,5.993e-04,0.954,0.645,15364
265,5.93245,5.93583,5.993e-04,0.923,0.601,15379
266,5.84965,5.93583,5.993e-04,0.602,0.347,15377
267,6.05890,5.93583,5.992e-04,0.629,0.334,15391
268,5.94882,5.93583,5.992e-04,0.566,0.292,15361
269,5.91938,5.93583,5.992e-04,0.578,0.306,15366
270,5.67494,5.93583,5.992e-04,0.588,0.327,15361
271,5.90930,5.93583,5.991e-04,0.529,0.248,15364
272,6.10529,5.93583,5.991e-04,0.489,0.221,15364
273,5.75339,5.93583,5.991e-04,0.551,0.266,15373
274,6.11030,5.93583,5.991e-04,0.563,0.265,15387
275,6.02232,5.93583,5.990e-04,0.504,0.236,15369
276,6.06850,5.93583,5.990e-04,0.559,0.265,15367
277,5.93867,5.93583,5.990e-04,0.531,0.278,15349
278,5.72825,5.93583,5.990e-04,0.690,0.440,15360
279,6.11448,5.93583,5.989e-04,0.612,0.318,15364
280,5.91188,5.93583,5.989e-04,0.579,0.267,15365
281,5.76931,5.93583,5.989e-04,0.761,0.475,15385
282,5.79453,5.93583,5.989e-04,0.772,0.470,15391
283,6.23328,5.93583,5.988e-04,0.777,0.350,15360
284,6.10905,5.93583,5.988e-04,0.756,0.319,15363
285,6.14449,5.93583,5.988e-04,0.577,0.270,15367
286,5.80406,5.93583,5.987e-04,0.566,0.293,15342
287,5.80439,5.93583,5.987e-04,0.486,0.243,15363
288,5.89337,5.93583,5.987e-04,0.557,0.294,15386
289,5.91079,5.93583,5.987e-04,0.550,0.277,15385
290,5.61436,5.93583,5.986e-04,0.758,0.511,15396
291,5.90427,5.93583,5.986e-04,1.193,0.879,15357
292,6.00858,5.93583,5.986e-04,0.659,0.395,15356
293,6.05964,5.93583,5.985e-04,0.700,0.398,15369
294,5.82409,5.93583,5.985e-04,0.691,0.358,15358
295,5.65635,5.93583,5.985e-04,0.537,0.286,15352
296,5.88488,5.93583,5.984e-04,0.582,0.292,15393
297,6.03338,5.93583,5.984e-04,0.548,0.260,15382
298,5.96747,5.93583,5.984e-04,0.611,0.331,15378
299,5.79157,5.93583,5.983e-04,0.561,0.288,15386
300,5.87994,5.93583,5.983e-04,0.780,0.483,15386
301,5.91110,5.93583,5.983e-04,0.707,0.443,15358
302,5.85648,5.93583,5.982e-04,0.637,0.348,15371
303,5.80900,5.93583,5.982e-04,0.662,0.349,15361
304,5.95094,5.93583,5.982e-04,0.614,0.341,15400
305,5.77590,5.93583,5.981e-04,0.623,0.363,15374
306,5.83366,5.93583,5.981e-04,0.601,0.332,15362
307,5.96240,5.93583,5.981e-04,0.584,0.281,15369
308,5.67740,5.93583,5.980e-04,0.658,0.402,15362
309,5.72812,5.93583,5.980e-04,0.708,0.427,15347
310,5.78421,5.93583,5.979e-04,0.605,0.349,15376
311,5.78925,5.93583,5.979e-04,0.535,0.291,15374
312,5.99032,5.93583,5.979e-04,0.604,0.324,15376
313,5.74234,5.93583,5.978e-04,0.607,0.353,15371
314,5.72818,5.93583,5.978e-04,0.634,0.371,15375
315,5.62812,5.93583,5.978e-04,0.637,0.370,15379
316,5.82214,5.93583,5.977e-04,0.654,0.361,15373
317,5.69614,5.93583,5.977e-04,0.714,0.430,15371
318,5.78208,5.93583,5.976e-04,0.673,0.383,15374
319,5.83622,5.93583,5.976e-04,0.574,0.318,15409
320,5.59428,5.93583,5.976e-04,0.628,0.382,15381
321,5.72287,5.93583,5.975e-04,0.544,0.293,15360
322,5.70105,5.93583,5.975e-04,0.613,0.332,15364
323,5.98552,5.93583,5.974e-04,0.577,0.307,15383
324,5.71195,5.93583,5.974e-04,0.738,0.468,15380
325,5.77252,5.93583,5.973e-04,0.699,0.419,15374
326,5.70758,5.93583,5.973e-04,0.561,0.297,15377
327,5.83685,5.93583,5.973e-04,0.918,0.569,15392
328,5.80116,5.93583,5.972e-04,0.643,0.335,15384
329,5.62138,5.93583,5.972e-04,0.640,0.362,15376
330,5.87387,5.93583,5.971e-04,0.600,0.327,15372
331,5.76947,5.93583,5.971e-04,0.655,0.389,15380
332,5.84528,5.93583,5.970e-04,0.795,0.483,15349
333,5.95999,5.93583,5.970e-04,0.742,0.403,15374
334,5.73831,5.93583,5.970e-04,0.702,0.384,15370
335,5.68944,5.93583,5.969e-04,0.680,0.383,15377
336,5.88667,5.93583,5.969e-04,0.602,0.294,15368
337,5.67057,5.93583,5.968e-04,0.605,0.335,15377
338,5.85537,5.93583,5.968e-04,0.549,0.284,15392
339,5.64923,5.93583,5.967e-04,0.536,0.282,15365
340,5.73493,5.93583,5.967e-04,0.643,0.362,15371
341,5.82948,5.93583,5.966e-04,0.584,0.302,15382
342,5.37200,5.93583,5.966e-04,0.626,0.361,15397
343,5.61162,5.93583,5.965e-04,0.635,0.389,15382
344,5.58577,5.93583,5.965e-04,0.605,0.360,15395
345,5.68198,5.93583,5.964e-04,0.500,0.244,15379
346,5.75481,5.93583,5.964e-04,0.545,0.299,15379
347,5.66231,5.93583,5.963e-04,0.519,0.246,15358
348,5.47914,5.93583,5.963e-04,0.561,0.308,15364
349,5.47964,5.93583,5.962e-04,0.768,0.487,15402
350,5.67080,5.93583,5.962e-04,0.580,0.313,15388
351,5.56081,5.93583,5.961e-04,0.663,0.367,15369
352,5.57438,5.93583,5.961e-04,0.514,0.240,15363
353,5.57501,5.93583,5.960e-04,0.542,0.274,15378
354,5.73223,5.93583,5.960e-04,0.636,0.348,15373
355,5.75940,5.93583,5.959e-04,0.504,0.258,15366
356,5.54750,5.93583,5.959e-04,0.622,0.344,15347
357,5.83976,5.93583,5.958e-04,0.728,0.393,15372
358,5.90006,5.93583,5.958e-04,0.692,0.355,15392
359,5.89892,5.93583,5.957e-04,0.735,0.356,15369
360,5.65140,5.93583,5.957e-04,0.536,0.258,15350
361,5.61668,5.93583,5.956e-04,0.662,0.348,15359
362,5.77302,5.93583,5.956e-04,0.515,0.259,15354
363,5.74868,5.93583,5.955e-04,0.544,0.250,15369
364,5.59269,5.93583,5.954e-04,0.555,0.270,15385
365,5.80232,5.93583,5.954e-04,0.535,0.257,15407
366,5.62775,5.93583,5.953e-04,0.509,0.253,15385
367,5.44637,5.93583,5.953e-04,0.648,0.396,15371
368,5.64048,5.93583,5.952e-04,0.639,0.381,15358
369,5.73567,5.93583,5.952e-04,0.504,0.251,15377
370,5.66862,5.93583,5.951e-04,0.605,0.333,15366
371,5.76318,5.93583,5.950e-04,0.456,0.215,15363
372,6.21992,5.93583,5.950e-04,2.550,0.832,15394
373,5.47947,5.93583,5.949e-04,0.981,0.569,15377
374,5.60995,5.93583,5.949e-04,0.772,0.462,15363
375,5.55847,5.93583,5.948e-04,0.585,0.304,15367
376,5.70675,5.93583,5.948e-04,0.757,0.469,15345
377,5.55366,5.93583,5.947e-04,0.644,0.375,15368
378,5.61276,5.93583,5.946e-04,0.649,0.348,15353
379,5.70105,5.93583,5.946e-04,0.544,0.266,15382
380,5.44703,5.93583,5.945e-04,0.581,0.307,15389
381,5.84207,5.93583,5.945e-04,0.544,0.266,15362
382,5.60456,5.93583,5.944e-04,0.673,0.426,15350
383,5.61908,5.93583,5.943e-04,0.873,0.610,15351
384,5.79159,5.93583,5.943e-04,0.551,0.254,15360
385,5.47026,5.93583,5.942e-04,0.913,0.611,15380
386,5.61587,5.93583,5.941e-04,0.500,0.252,15346
387,5.73469,5.93583,5.941e-04,0.711,0.369,15386
388,5.63502,5.93583,5.940e-04,0.560,0.299,15378
389,5.75945,5.93583,5.940e-04,0.541,0.265,15359
390,5.61707,5.93583,5.939e-04,0.524,0.242,15347
391,5.70767,5.93583,5.938e-04,0.503,0.230,15368
392,5.68213,5.93583,5.938e-04,0.604,0.299,15361
393,5.60845,5.93583,5.937e-04,0.480,0.231,15346
394,5.50838,5.93583,5.936e-04,0.563,0.289,15383
395,5.66292,5.93583,5.936e-04,0.487,0.221,15371
396,5.55833,5.93583,5.935e-04,0.532,0.245,15370
397,5.77926,5.93583,5.934e-04,0.562,0.281,15349
398,5.78216,5.93583,5.934e-04,0.593,0.282,15360
399,5.57568,5.93583,5.933e-04,0.550,0.284,15371
400,5.71947,5.93583,5.932e-04,0.630,0.361,15354
401,5.64512,5.93583,5.932e-04,0.540,0.265,15345
402,5.61498,5.93583,5.931e-04,0.554,0.283,15390
403,5.71821,5.93583,5.930e-04,0.622,0.309,15415
404,5.77923,5.93583,5.930e-04,0.529,0.269,15372
405,5.61103,5.93583,5.929e-04,0.578,0.281,15368
406,5.76759,5.93583,5.928e-04,0.511,0.241,15355
407,5.60982,5.93583,5.928e-04,0.514,0.241,15355
408,5.66081,5.93583,5.927e-04,0.597,0.363,15369
409,5.58214,5.93583,5.926e-04,0.645,0.377,15354
410,5.63945,5.93583,5.925e-04,0.485,0.230,15402
411,5.62949,5.93583,5.925e-04,0.554,0.295,15387
412,5.37709,5.93583,5.924e-04,0.611,0.364,15376
413,5.50198,5.93583,5.923e-04,0.626,0.344,15363
414,5.81909,5.93583,5.923e-04,0.483,0.221,15364
415,5.68087,5.93583,5.922e-04,0.538,0.267,15367
416,5.82211,5.93583,5.921e-04,0.478,0.196,15362
417,5.54371,5.93583,5.920e-04,0.558,0.294,15361
418,5.52820,5.93583,5.920e-04,0.580,0.300,15391
419,5.58834,5.93583,5.919e-04,0.640,0.314,15377
420,5.58207,5.93583,5.918e-04,0.594,0.312,15387
421,5.70314,5.93583,5.917e-04,0.592,0.314,15361
422,5.61709,5.93583,5.917e-04,0.564,0.289,15366
423,5.56546,5.93583,5.916e-04,0.656,0.380,15383
424,5.61224,5.93583,5.915e-04,0.690,0.386,15382
425,5.53511,5.93583,5.914e-04,0.599,0.324,15383
426,5.70856,5.93583,5.914e-04,0.541,0.265,15370
427,5.76859,5.93583,5.913e-04,0.609,0.287,15370
428,5.74115,5.93583,5.912e-04,0.549,0.257,15363
429,5.71847,5.93583,5.911e-04,0.659,0.329,15367
430,5.84402,5.93583,5.911e-04,0.485,0.211,15375
431,5.68045,5.93583,5.910e-04,0.599,0.290,15371
432,5.60430,5.93583,5.909e-04,0.598,0.333,15388
433,5.51373,5.93583,5.908e-04,0.545,0.265,15397
434,5.56666,5.93583,5.907e-04,0.634,0.356,15374
435,5.60191,5.93583,5.907e-04,0.524,0.265,15375
436,5.70517,5.93583,5.906e-04,0.519,0.266,15368
437,5.61887,5.93583,5.905e-04,0.642,0.358,15361
438,5.67819,5.93583,5.904e-04,0.481,0.240,15387
439,5.49339,5.93583,5.904e-04,0.610,0.345,15373
440,5.81815,5.93583,5.903e-04,0.533,0.232,15381
441,5.76994,5.93583,5.902e-04,0.626,0.340,15383
442,5.82436,5.93583,5.901e-04,0.619,0.247,15365
443,5.58291,5.93583,5.900e-04,0.551,0.282,15371
444,5.42853,5.93583,5.899e-04,0.585,0.337,15367
445,5.90607,5.93583,5.899e-04,0.575,0.227,15356
446,5.29216,5.93583,5.898e-04,0.892,0.583,15376
447,5.41643,5.93583,5.897e-04,0.682,0.420,15363
448,5.52188,5.93583,5.896e-04,0.581,0.306,15382
449,5.22254,5.93583,5.895e-04,0.655,0.337,15405
450,5.62388,5.93583,5.894e-04,0.568,0.275,15359
451,5.50175,5.93583,5.894e-04,0.588,0.279,15365
452,5.44821,5.93583,5.893e-04,0.507,0.247,15350
453,5.52678,5.93583,5.892e-04,0.503,0.229,15356
454,5.63922,5.93583,5.891e-04,0.482,0.230,15374
455,5.72909,5.93583,5.890e-04,0.528,0.240,15370
456,5.31621,5.93583,5.889e-04,0.611,0.314,15390
457,5.48291,5.93583,5.889e-04,0.529,0.247,15345
458,5.46186,5.93583,5.888e-04,0.622,0.346,15366
459,5.67619,5.93583,5.887e-04,0.552,0.262,15381
460,5.47230,5.93583,5.886e-04,0.519,0.258,15353
461,5.50088,5.93583,5.885e-04,0.507,0.249,15367
462,5.47609,5.93583,5.884e-04,0.559,0.277,15364
463,5.73746,5.93583,5.883e-04,0.471,0.190,15399
464,5.58531,5.93583,5.882e-04,0.568,0.271,15393
465,5.58220,5.93583,5.882e-04,0.730,0.429,15375
466,5.49521,5.93583,5.881e-04,0.571,0.283,15358
467,5.56863,5.93583,5.880e-04,0.641,0.359,15361
468,5.38584,5.93583,5.879e-04,0.538,0.245,15379
469,5.68465,5.93583,5.878e-04,0.529,0.254,15365
470,5.62094,5.93583,5.877e-04,0.588,0.267,15357
471,5.65693,5.93583,5.876e-04,0.536,0.263,15402
472,5.34748,5.93583,5.875e-04,0.515,0.242,15365
473,5.71061,5.93583,5.874e-04,0.625,0.328,15352
474,5.34168,5.93583,5.873e-04,0.462,0.205,15371
475,5.63322,5.93583,5.872e-04,0.706,0.393,15370
476,5.51136,5.93583,5.872e-04,0.554,0.293,15369
477,5.47354,5.93583,5.871e-04,0.643,0.374,15370
478,5.60405,5.93583,5.870e-04,0.595,0.325,15379
479,5.52719,5.93583,5.869e-04,0.595,0.280,15393
480,5.66853,5.93583,5.868e-04,0.519,0.237,15371
481,5.36642,5.93583,5.867e-04,0.768,0.402,15351
482,5.47378,5.93583,5.866e-04,0.534,0.213,15368
483,5.77539,5.93583,5.865e-04,0.584,0.253,15350
484,5.63538,5.93583,5.864e-04,0.619,0.254,15381
485,5.44690,5.93583,5.863e-04,0.567,0.290,15372
486,5.36344,5.93583,5.862e-04,0.511,0.221,15391
487,5.54785,5.93583,5.861e-04,0.584,0.260,15394
488,5.59686,5.93583,5.860e-04,0.571,0.265,15365
489,5.70835,5.93583,5.859e-04,0.544,0.225,15359
490,5.65682,5.93583,5.858e-04,0.610,0.301,15385
491,5.52277,5.93583,5.857e-04,0.575,0.293,15367
492,5.60343,5.93583,5.856e-04,0.542,0.284,15357
493,5.52719,5.93583,5.855e-04,0.594,0.310,15381
494,5.36884,5.93583,5.854e-04,0.648,0.343,15393
495,5.66929,5.93583,5.853e-04,0.495,0.205,15368
496,5.46627,5.93583,5.852e-04,0.637,0.322,15363
497,5.65151,5.93583,5.851e-04,0.502,0.227,15368
498,5.58642,5.93583,5.850e-04,0.554,0.275,15370
499,5.36715,5.93583,5.849e-04,0.576,0.271,15379
500,5.62892,5.47678,5.848e-04,0.546,0.264,7130
501,5.50568,5.47678,5.847e-04,0.546,0.242,15574
502,5.51534,5.47678,5.846e-04,0.438,0.175,15366
503,5.38468,5.47678,5.845e-04,0.581,0.309,15358
504,5.68596,5.47678,5.844e-04,0.553,0.265,15371
505,5.57626,5.47678,5.843e-04,0.621,0.290,15372
506,5.62235,5.47678,5.842e-04,0.520,0.247,15382
507,5.56552,5.47678,5.841e-04,0.597,0.293,15383
508,5.39166,5.47678,5.840e-04,0.530,0.239,15368
509,5.26618,5.47678,5.839e-04,0.545,0.248,15374
510,5.78370,5.47678,5.838e-04,0.507,0.218,15375
511,5.55809,5.47678,5.837e-04,0.623,0.298,15356
512,5.47398,5.47678,5.836e-04,0.550,0.243,15367
513,5.54493,5.47678,5.835e-04,0.555,0.253,15394
514,5.51607,5.47678,5.834e-04,0.596,0.301,15392
515,5.52361,5.47678,5.833e-04,0.533,0.218,15390
516,5.59584,5.47678,5.832e-04,0.612,0.279,15362
517,5.59107,5.47678,5.831e-04,0.494,0.203,15391
518,5.50160,5.47678,5.830e-04,0.487,0.204,15366
519,5.59212,5.47678,5.829e-04,0.543,0.232,15385
520,5.79450,5.47678,5.828e-04,0.481,0.185,15381
521,5.53130,5.47678,5.827e-04,0.530,0.221,15381
522,5.53101,5.47678,5.826e-04,0.481,0.210,15379
523,5.55350,5.47678,5.825e-04,0.463,0.196,15364
524,5.23038,5.47678,5.824e-04,0.536,0.246,15368
525,5.41260,5.47678,5.822e-04,0.489,0.227,15382
526,5.18276,5.47678,5.821e-04,0.566,0.290,15370
527,5.53032,5.47678,5.820e-04,0.525,0.240,15345
528,5.63354,5.47678,5.819e-04,0.518,0.210,15379
529,5.62813,5.47678,5.818e-04,0.510,0.223,15382
530,5.39545,5.47678,5.817e-04,0.504,0.215,15374
531,5.52370,5.47678,5.816e-04,0.640,0.329,15360
532,5.40562,5.47678,5.815e-04,0.510,0.226,15365
533,5.34354,5.47678,5.814e-04,0.647,0.367,15357
534,5.60510,5.47678,5.813e-04,0.609,0.275,15372
535,5.59662,5.47678,5.812e-04,0.717,0.305,15382
536,5.61054,5.47678,5.810e-04,0.596,0.260,15392
537,5.78920,5.47678,5.809e-04,0.623,0.243,15384
538,5.45347,5.47678,5.808e-04,0.507,0.240,15370
539,5.70556,5.47678,5.807e-04,0.604,0.244,15383
540,5.74347,5.47678,5.806e-04,0.537,0.250,15372
541,5.38723,5.47678,5.805e-04,0.527,0.251,15347
542,5.30683,5.47678,5.804e-04,0.506,0.233,15380
543,5.44920,5.47678,5.803e-04,0.647,0.344,15391
544,5.50955,5.47678,5.801e-04,0.615,0.305,15392
545,5.41265,5.47678,5.800e-04,0.574,0.269,15364
546,5.38760,5.47678,5.799e-04,0.482,0.217,15367
547,5.11195,5.47678,5.798e-04,0.494,0.239,15356
548,5.52136,5.47678,5.797e-04,0.527,0.227,15362
549,5.50602,5.47678,5.796e-04,0.496,0.233,15349
550,5.72845,5.47678,5.794e-04,0.468,0.191,15358
551,5.46786,5.47678,5.793e-04,0.539,0.250,15398
552,5.24884,5.47678,5.792e-04,0.486,0.214,15377
553,5.41718,5.47678,5.791e-04,0.474,0.200,15359
554,5.58984,5.47678,5.790e-04,0.548,0.261,15378
555,5.57779,5.47678,5.789e-04,0.469,0.202,15363
556,5.61847,5.47678,5.787e-04,0.584,0.305,15381
557,5.40179,5.47678,5.786e-04,0.511,0.241,15357
558,5.33903,5.47678,5.785e-04,0.598,0.324,15358
559,5.42674,5.47678,5.784e-04,0.587,0.304,15397
560,5.25957,5.47678,5.783e-04,0.601,0.332,15361
561,5.42171,5.47678,5.782e-04,0.515,0.224,15367
562,5.48816,5.47678,5.780e-04,0.528,0.234,15387
563,5.44003,5.47678,5.779e-04,0.621,0.326,15378
564,5.33406,5.47678,5.778e-04,0.568,0.262,15381
565,5.46042,5.47678,5.777e-04,0.553,0.260,15381
566,5.22310,5.47678,5.776e-04,0.501,0.197,15374
567,5.58392,5.47678,5.774e-04,0.590,0.257,15381
568,5.49302,5.47678,5.773e-04,0.539,0.240,15386
569,5.36797,5.47678,5.772e-04,0.567,0.235,15373
570,5.26931,5.47678,5.771e-04,0.542,0.233,15353
571,5.53016,5.47678,5.769e-04,0.555,0.242,15373
572,5.23138,5.47678,5.768e-04,0.585,0.254,15368
573,5.56061,5.47678,5.767e-04,0.485,0.196,15375
574,5.29851,5.47678,5.766e-04,0.532,0.230,15382
575,5.36054,5.47678,5.765e-04,0.488,0.210,15381
576,5.25788,5.47678,5.763e-04,0.467,0.198,15371
577,5.52492,5.47678,5.762e-04,0.551,0.253,15356
578,5.46046,5.47678,5.761e-04,0.469,0.205,15352
579,5.76313,5.47678,5.760e-04,0.588,0.249,15369
580,5.48956,5.47678,5.758e-04,0.520,0.222,15369
581,5.48621,5.47678,5.757e-04,0.568,0.223,15360
582,5.56796,5.47678,5.756e-04,0.548,0.250,15399
583,5.33119,5.47678,5.755e-04,0.573,0.240,15376
584,5.39021,5.47678,5.753e-04,0.460,0.198,15367
585,5.36619,5.47678,5.752e-04,0.554,0.214,15365
586,5.26811,5.47678,5.751e-04,0.534,0.243,15390
587,5.45077,5.47678,5.749e-04,0.460,0.183,15370
588,5.47302,5.47678,5.748e-04,0.525,0.247,15356
589,5.46278,5.47678,5.747e-04,0.492,0.184,15398
590,5.46534,5.47678,5.746e-04,0.453,0.173,15387
591,5.57866,5.47678,5.744e-04,0.566,0.224,15386
592,5.34158,5.47678,5.743e-04,0.557,0.266,15374
593,5.43641,5.47678,5.742e-04,0.582,0.264,15369
594,5.47382,5.47678,5.740e-04,0.703,0.318,15382
595,5.29621,5.47678,5.739e-04,0.540,0.251,15360
596,5.34812,5.47678,5.738e-04,0.623,0.290,15395
597,5.66755,5.47678,5.737e-04,0.639,0.285,15383
598,5.29705,5.47678,5.735e-04,0.600,0.278,15383
599,5.52439,5.47678,5.734e-04,0.654,0.314,15361
600,5.45185,5.47678,5.733e-04,0.511,0.212,15390
601,5.41327,5.47678,5.731e-04,0.556,0.230,15351
602,5.53274,5.47678,5.730e-04,0.553,0.247,15353
603,5.21311,5.47678,5.729e-04,0.532,0.221,15362
604,5.43607,5.47678,5.727e-04,0.568,0.246,15381
605,5.24977,5.47678,5.726e-04,0.520,0.252,15402
606,5.61808,5.47678,5.725e-04,0.526,0.210,15364
607,5.26885,5.47678,5.723e-04,0.575,0.306,15367
608,5.26282,5.47678,5.722e-04,0.571,0.228,15361
609,5.71229,5.47678,5.721e-04,0.540,0.199,15383
610,5.42347,5.47678,5.719e-04,0.596,0.265,15366
611,5.28662,5.47678,5.718e-04,0.556,0.223,15369
612,5.41870,5.47678,5.717e-04,0.518,0.204,15376
613,5.32285,5.47678,5.715e-04,0.538,0.252,15373
614,5.49306,5.47678,5.714e-04,0.564,0.217,15371
615,5.12192,5.47678,5.713e-04,0.452,0.178,15369
616,5.46532,5.47678,5.711e-04,0.509,0.177,15367
617,5.31493,5.47678,5.710e-04,0.498,0.197,15363
618,5.55072,5.47678,5.708e-04,0.532,0.219,15366
619,5.38966,5.47678,5.707e-04,0.542,0.234,15376
620,5.37756,5.47678,5.706e-04,0.523,0.224,15390
621,5.37812,5.47678,5.704e-04,0.507,0.208,15388
622,5.27108,5.47678,5.703e-04,0.509,0.219,15372
623,5.51735,5.47678,5.702e-04,0.665,0.254,15352
624,5.38841,5.47678,5.700e-04,0.682,0.275,15363
625,5.56329,5.47678,5.699e-04,0.489,0.190,15367
626,5.43195,5.47678,5.697e-04,0.514,0.213,15363
627,5.56476,5.47678,5.696e-04,0.533,0.220,15387
628,5.39105,5.47678,5.695e-04,0.500,0.201,15391
629,5.44489,5.47678,5.693e-04,0.502,0.196,15354
630,5.48062,5.47678,5.692e-04,0.487,0.203,15379
631,5.44291,5.47678,5.690e-04,0.502,0.208,15365
632,5.44370,5.47678,5.689e-04,0.487,0.203,15351
633,5.45100,5.47678,5.688e-04,0.507,0.193,15372
634,5.31386,5.47678,5.686e-04,0.523,0.242,15360
635,5.36690,5.47678,5.685e-04,0.516,0.205,15398
636,5.39918,5.47678,5.683e-04,0.530,0.179,15387
637,5.37505,5.47678,5.682e-04,0.540,0.231,15361
638,5.41262,5.47678,5.680e-04,0.545,0.206,15374
639,5.50512,5.47678,5.679e-04,0.503,0.185,15379
640,5.33899,5.47678,5.678e-04,0.529,0.206,15354
641,5.39146,5.47678,5.676e-04,0.515,0.207,15351
642,5.37600,5.47678,5.675e-04,0.543,0.248,15374
643,5.26156,5.47678,5.673e-04,0.526,0.228,15376
644,5.62061,5.47678,5.672e-04,0.610,0.253,15353
645,5.38828,5.47678,5.670e-04,0.518,0.189,15372
646,5.26535,5.47678,5.669e-04,0.525,0.225,15378
647,5.13274,5.47678,5.667e-04,0.535,0.238,15376
648,5.25981,5.47678,5.666e-04,0.530,0.229,15366
649,5.16737,5.47678,5.665e-04,0.505,0.202,15354
650,5.31807,5.47678,5.663e-04,0.470,0.170,15389
651,5.62490,5.47678,5.662e-04,0.570,0.200,15362
652,5.49529,5.47678,5.660e-04,0.522,0.217,15365
653,5.78124,5.47678,5.659e-04,0.550,0.203,15367
654,5.38854,5.47678,5.657e-04,0.578,0.252,15362
655,5.50803,5.47678,5.656e-04,0.540,0.185,15371
656,5.28896,5.47678,5.654e-04,0.514,0.211,15372
657,5.40927,5.47678,5.653e-04,0.535,0.218,15383
658,5.55927,5.47678,5.651e-04,0.491,0.184,15402
659,5.32548,5.47678,5.650e-04,0.586,0.265,15382
660,5.41086,5.47678,5.648e-04,0.548,0.208,15355
661,5.40383,5.47678,5.647e-04,0.550,0.229,15354
662,5.11945,5.47678,5.645e-04,0.551,0.259,15376
663,5.29795,5.47678,5.644e-04,0.576,0.273,15375
664,5.50579,5.47678,5.642e-04,0.523,0.210,15378
665,5.61837,5.47678,5.641e-04,0.547,0.198,15387
666,5.47312,5.47678,5.639e-04,0.553,0.231,15398
667,5.46524,5.47678,5.638e-04,0.484,0.194,15378
668,5.22103,5.47678,5.636e-04,0.473,0.186,15378
669,5.46773,5.47678,5.635e-04,0.512,0.190,15346
670,5.32469,5.47678,5.633e-04,0.503,0.205,15358
671,5.23761,5.47678,5.632e-04,0.532,0.210,15361
672,5.20131,5.47678,5.630e-04,0.502,0.193,15379
673,5.20181,5.47678,5.629e-04,0.569,0.222,15377
674,5.35333,5.47678,5.627e-04,0.609,0.249,15370
675,5.40755,5.47678,5.626e-04,0.501,0.203,15366
676,5.36749,5.47678,5.624e-04,0.542,0.215,15374
677,5.21037,5.47678,5.622e-04,0.515,0.217,15364
678,4.99665,5.47678,5.621e-04,0.608,0.276,15377
679,5.26969,5.47678,5.619e-04,0.519,0.216,15369
680,5.29741,5.47678,5.618e-04,0.519,0.199,15401
681,5.34560,5.47678,5.616e-04,0.571,0.238,15373
682,5.21321,5.47678,5.615e-04,0.531,0.206,15387
683,5.32963,5.47678,5.613e-04,0.551,0.216,15362
684,5.52656,5.47678,5.612e-04,0.615,0.234,15383
685,5.48690,5.47678,5.610e-04,0.497,0.186,15359
686,5.17017,5.47678,5.608e-04,0.488,0.168,15364
687,5.17015,5.47678,5.607e-04,0.577,0.242,15368
688,5.24275,5.47678,5.605e-04,0.560,0.255,15405
689,5.21712,5.47678,5.604e-04,0.526,0.211,15371
690,5.36586,5.47678,5.602e-04,0.526,0.218,15344
691,5.47649,5.47678,5.601e-04,0.528,0.201,15357
692,5.36752,5.47678,5.599e-04,0.483,0.160,15369
693,5.26913,5.47678,5.597e-04,0.464,0.187,15386
694,5.05580,5.47678,5.596e-04,0.511,0.206,15374
695,5.44331,5.47678,5.594e-04,0.579,0.239,15368
696,5.33391,5.47678,5.593e-04,0.484,0.186,15389
697,5.28081,5.47678,5.591e-04,0.605,0.297,15356
698,5.44631,5.47678,5.589e-04,0.556,0.205,15362
699,5.30314,5.47678,5.588e-04,0.532,0.221,15370
700,5.58063,5.47678,5.586e-04,0.525,0.189,15357
701,5.18190,5.47678,5.585e-04,0.521,0.204,15367
702,5.57437,5.47678,5.583e-04,0.519,0.182,15374
703,5.42881,5.47678,5.581e-04,0.590,0.245,15404
704,5.35673,5.47678,5.580e-04,0.539,0.239,15384
705,5.49455,5.47678,5.578e-04,0.496,0.185,15366
706,5.15803,5.47678,5.576e-04,0.579,0.257,15368
707,5.43502,5.47678,5.575e-04,0.530,0.223,15377
708,5.35084,5.47678,5.573e-04,0.581,0.212,15379
709,5.39721,5.47678,5.572e-04,0.554,0.206,15372
710,5.20733,5.47678,5.570e-04,0.525,0.217,15393
711,5.41032,5.47678,5.568e-04,0.610,0.238,15403
712,5.14380,5.47678,5.567e-04,0.588,0.251,15381
713,4.98194,5.47678,5.565e-04,0.552,0.219,15366
714,5.29018,5.47678,5.563e-04,0.577,0.225,15377
715,5.37132,5.47678,5.562e-04,0.602,0.267,15371
716,5.34022,5.47678,5.560e-04,0.544,0.202,15367
717,5.37736,5.47678,5.558e-04,0.612,0.260,15362
718,5.34470,5.47678,5.557e-04,0.609,0.232,15362
719,5.18716,5.47678,5.555e-04,0.536,0.221,15393
720,5.57475,5.47678,5.553e-04,0.650,0.262,15376
721,5.42918,5.47678,5.552e-04,0.520,0.191,15366
722,5.08777,5.47678,5.550e-04,0.687,0.361,15363
723,5.46733,5.47678,5.548e-04,0.586,0.228,15376
724,5.37895,5.47678,5.547e-04,0.606,0.246,15370
725,5.21585,5.47678,5.545e-04,0.516,0.198,15356
726,5.49633,5.47678,5.543e-04,0.502,0.183,15367
727,5.51703,5.47678,5.542e-04,0.557,0.207,15376
728,5.00187,5.47678,5.540e-04,0.497,0.196,15364
729,5.29797,5.47678,5.538e-04,0.523,0.201,15379
730,5.26693,5.47678,5.537e-04,0.492,0.177,15367
731,5.23025,5.47678,5.535e-04,0.501,0.185,15363
732,5.41200,5.47678,5.533e-04,0.499,0.187,15374
733,5.27320,5.47678,5.531e-04,0.490,0.193,15385
734,5.08934,5.47678,5.530e-04,0.515,0.200,15397
735,5.20636,5.47678,5.528e-04,0.482,0.182,15375
736,5.07565,5.47678,5.526e-04,0.528,0.200,15357
737,5.41299,5.47678,5.525e-04,0.484,0.177,15380
738,5.28686,5.47678,5.523e-04,0.517,0.187,15348
739,4.97278,5.47678,5.521e-04,0.535,0.211,15383
740,5.32132,5.47678,5.519e-04,0.564,0.214,15365
741,5.24032,5.47678,5.518e-04,0.563,0.222,15361
742,5.21463,5.47678,5.516e-04,0.526,0.193,15382
743,5.41526,5.47678,5.514e-04,0.569,0.212,15355
744,5.37017,5.47678,5.512e-04,0.481,0.165,15367
745,5.17000,5.47678,5.511e-04,0.534,0.201,15385
746,5.26640,5.47678,5.509e-04,0.495,0.192,15367
747,5.01906,5.47678,5.507e-04,0.525,0.191,15362
748,5.41017,5.47678,5.506e-04,0.500,0.180,15379
749,5.32949,5.47678,5.504e-04,0.488,0.187,15391
750,5.25796,5.24954,5.502e-04,0.529,0.192,7127
751,5.38412,5.24954,5.500e-04,0.499,0.187,15550
752,5.13986,5.24954,5.499e-04,0.511,0.229,15356
753,5.37598,5.24954,5.497e-04,0.536,0.224,15394
754,5.21498,5.24954,5.495e-04,0.572,0.283,15368
755,5.53506,5.24954,5.493e-04,0.601,0.219,15374
756,5.28482,5.24954,5.491e-04,0.584,0.228,15345
757,5.43461,5.24954,5.490e-04,0.546,0.219,15347
758,5.24220,5.24954,5.488e-04,0.562,0.202,15361
759,5.44237,5.24954,5.486e-04,0.632,0.224,15362
760,5.16642,5.24954,5.484e-04,0.622,0.248,15389
761,5.36548,5.24954,5.483e-04,0.567,0.189,15373
762,5.26838,5.24954,5.481e-04,0.528,0.212,15365
763,5.00077,5.24954,5.479e-04,0.498,0.199,15366
764,5.43726,5.24954,5.477e-04,0.588,0.208,15361
765,5.46709,5.24954,5.475e-04,0.560,0.234,15365
766,5.02657,5.24954,5.474e-04,0.549,0.200,15364
767,5.34410,5.24954,5.472e-04,0.565,0.194,15374
768,5.02444,5.24954,5.470e-04,0.510,0.191,15387
769,5.39489,5.24954,5.468e-04,0.711,0.255,15398
770,5.30852,5.24954,5.466e-04,0.682,0.281,15368
771,5.06598,5.24954,5.465e-04,0.552,0.208,15354
772,5.21721,5.24954,5.463e-04,0.473,0.167,15371
773,5.24260,5.24954,5.461e-04,0.563,0.210,15377
774,5.38957,5.24954,5.459e-04,0.498,0.182,15370
775,5.22363,5.24954,5.457e-04,0.590,0.204,15367
776,5.42949,5.24954,5.456e-04,0.481,0.170,15379
777,5.09551,5.24954,5.454e-04,0.569,0.234,15372
778,5.23976,5.24954,5.452e-04,0.565,0.196,15360
779,5.33228,5.24954,5.450e-04,0.566,0.210,15372
780,5.19730,5.24954,5.448e-04,0.551,0.216,15359
781,5.21631,5.24954,5.446e-04,0.616,0.255,15362
782,5.43226,5.24954,5.445e-04,0.578,0.197,15359
783,5.25534,5.24954,5.443e-04,0.636,0.250,15389
784,5.19535,5.24954,5.441e-04,0.591,0.232,15373
785,5.15652,5.24954,5.439e-04,0.514,0.188,15374
786,5.37620,5.24954,5.437e-04,0.611,0.223,15357
787,5.16624,5.24954,5.435e-04,0.523,0.188,15371
788,5.28850,5.24954,5.433e-04,0.599,0.226,15358
789,5.28888,5.24954,5.432e-04,0.572,0.222,15369
790,5.23985,5.24954,5.430e-04,0.549,0.198,15379
791,5.23417,5.24954,5.428e-04,0.589,0.212,15398
792,5.21804,5.24954,5.426e-04,0.615,0.250,15364
793,5.11863,5.24954,5.424e-04,0.603,0.241,15362
794,5.27611,5.24954,5.422e-04,0.534,0.182,15380
795,5.15220,5.24954,5.420e-04,0.530,0.197,15362
796,5.25470,5.24954,5.418e-04,0.496,0.178,15354
797,5.36943,5.24954,5.417e-04,0.552,0.204,15357
798,5.07383,5.24954,5.415e-04,0.522,0.186,15387
799,5.39703,5.24954,5.413e-04,0.675,0.286,15384
800,5.12371,5.24954,5.411e-04,0.532,0.190,15359
801,5.20781,5.24954,5.409e-04,0.538,0.193,15362
802,5.22000,5.24954,5.407e-04,0.528,0.219,15368
803,5.39690,5.24954,5.405e-04,0.549,0.194,15374
804,5.22424,5.24954,5.403e-04,0.545,0.198,15364
805,5.11425,5.24954,5.401e-04,0.533,0.187,15373
806,5.15860,5.24954,5.400e-04,0.562,0.219,15397
807,5.21698,5.24954,5.398e-04,0.487,0.183,15371
808,5.31045,5.24954,5.396e-04,0.542,0.233,15389
809,5.14190,5.24954,5.394e-04,0.543,0.190,15364
810,5.15718,5.24954,5.392e-04,0.560,0.219,15377
811,5.18775,5.24954,5.390e-04,0.530,0.191,15382
812,5.24959,5.24954,5.388e-04,0.506,0.184,15354
813,5.25928,5.24954,5.386e-04,0.563,0.210,15365
814,5.22485,5.24954,5.384e-04,0.567,0.233,15397
815,5.26745,5.24954,5.382e-04,0.622,0.267,15369
816,5.31777,5.24954,5.380e-04,0.557,0.205,15379
817,5.17324,5.24954,5.378e-04,0.571,0.226,15362
818,5.15690,5.24954,5.377e-04,0.550,0.230,15375
819,5.21525,5.24954,5.375e-04,0.540,0.198,15369
820,5.24478,5.24954,5.373e-04,0.548,0.196,15365
821,5.30372,5.24954,5.371e-04,0.515,0.186,15375
822,5.19894,5.24954,5.369e-04,0.571,0.191,15385
823,5.06279,5.24954,5.367e-04,0.572,0.220,15355
824,5.07977,5.24954,5.365e-04,0.543,0.194,15362
825,5.14327,5.24954,5.363e-04,0.532,0.218,15373
826,5.28103,5.24954,5.361e-04,0.556,0.168,15358
827,5.19245,5.24954,5.359e-04,0.538,0.194,15362
828,5.49774,5.24954,5.357e-04,0.554,0.185,15374
829,5.23745,5.24954,5.355e-04,0.530,0.183,15399
830,5.41818,5.24954,5.353e-04,0.642,0.204,15375
831,5.28400,5.24954,5.351e-04,0.594,0.233,15373
832,5.16728,5.24954,5.349e-04,0.551,0.221,15364
833,5.11142,5.24954,5.347e-04,0.639,0.254,15368
834,5.03441,5.24954,5.345e-04,0.567,0.218,15375
835,5.35211,5.24954,5.343e-04,0.601,0.223,15368
836,5.31789,5.24954,5.341e-04,0.510,0.184,15417
837,5.04054,5.24954,5.339e-04,0.643,0.253,15387
838,5.13025,5.24954,5.337e-04,0.742,0.318,15370
839,5.04492,5.24954,5.335e-04,0.535,0.198,15380
840,4.82025,5.24954,5.333e-04,0.536,0.198,15378
841,5.27841,5.24954,5.331e-04,0.594,0.213,15374
842,5.14729,5.24954,5.329e-04,0.595,0.230,15351
843,5.19425,5.24954,5.327e-04,0.578,0.223,15371
844,4.93270,5.24954,5.325e-04,0.566,0.191,15395
845,5.15321,5.24954,5.323e-04,0.566,0.200,15382
846,5.25218,5.24954,5.321e-04,0.567,0.223,15374
847,5.30339,5.24954,5.319e-04,0.560,0.177,15379
848,5.57654,5.24954,5.317e-04,0.524,0.171,15369
849,5.37237,5.24954,5.315e-04,0.544,0.194,15382
850,5.43868,5.24954,5.313e-04,0.654,0.229,15361
851,5.38192,5.24954,5.311e-04,0.584,0.214,15377
852,5.25427,5.24954,5.309e-04,0.546,0.185,15424
853,5.36634,5.24954,5.307e-04,0.528,0.181,15379
854,5.14818,5.24954,5.305e-04,0.570,0.213,15353
855,5.11287,5.24954,5.303e-04,0.516,0.181,15363
856,5.23293,5.24954,5.301e-04,0.537,0.174,15366
857,5.28339,5.24954,5.299e-04,0.554,0.188,15386
858,5.36272,5.24954,5.297e-04,0.596,0.234,15357
859,5.06133,5.24954,5.295e-04,0.599,0.231,15382
860,5.14513,5.24954,5.293e-04,0.583,0.236,15385
861,5.15666,5.24954,5.291e-04,0.595,0.236,15369
862,5.05986,5.24954,5.289e-04,0.562,0.203,15369
863,5.03754,5.24954,5.287e-04,0.633,0.247,15374
864,5.00387,5.24954,5.285e-04,0.528,0.186,15364
865,5.32721,5.24954,5.283e-04,0.565,0.193,15367
866,5.04538,5.24954,5.281e-04,0.553,0.197,15376
867,5.15927,5.24954,5.279e-04,0.533,0.178,15398
868,5.18536,5.24954,5.276e-04,0.618,0.258,15385
869,4.98412,5.24954,5.274e-04,0.552,0.201,15376
870,5.33627,5.24954,5.272e-04,0.586,0.193,15387
871,5.27145,5.24954,5.270e-04,0.556,0.208,15359
872,5.07973,5.24954,5.268e-04,0.591,0.214,15368
873,5.05361,5.24954,5.266e-04,0.526,0.186,15356
874,5.32923,5.24954,5.264e-04,0.565,0.181,15373
875,5.07159,5.24954,5.262e-04,0.550,0.200,15393
876,5.16358,5.24954,5.260e-04,0.628,0.210,15374
877,5.10659,5.24954,5.258e-04,0.535,0.197,15374
878,5.24252,5.24954,5.256e-04,0.612,0.214,15374
879,5.03407,5.24954,5.254e-04,0.513,0.181,15356
880,5.18743,5.24954,5.252e-04,0.553,0.208,15384
881,5.25718,5.24954,5.249e-04,0.603,0.207,15367
882,5.13816,5.24954,5.247e-04,0.529,0.202,15382
883,5.08803,5.24954,5.245e-04,0.551,0.214,15369
884,5.32770,5.24954,5.243e-04,0.600,0.201,15369
885,5.21130,5.24954,5.241e-04,0.513,0.177,15369
886,5.13058,5.24954,5.239e-04,0.555,0.189,15368
887,5.12801,5.24954,5.237e-04,0.572,0.191,15354
888,5.11739,5.24954,5.235e-04,0.495,0.155,15354
889,5.42795,5.24954,5.233e-04,0.704,0.250,15383
890,5.08960,5.24954,5.230e-04,0.711,0.267,15399
891,5.21917,5.24954,5.228e-04,0.546,0.199,15375
892,4.95054,5.24954,5.226e-04,0.593,0.241,15368
893,4.90468,5.24954,5.224e-04,0.564,0.206,15356
894,5.22664,5.24954,5.222e-04,0.577,0.208,15344
895,5.08500,5.24954,5.220e-04,0.627,0.241,15379
896,5.03771,5.24954,5.218e-04,0.563,0.200,15365
897,5.37822,5.24954,5.216e-04,0.624,0.206,15395
898,5.01833,5.24954,5.213e-04,0.574,0.211,15392
899,5.31497,5.24954,5.211e-04,0.593,0.206,15366
900,5.12936,5.24954,5.209e-04,0.611,0.229,15378
901,5.12218,5.24954,5.207e-04,0.552,0.177,15356
902,5.27181,5.24954,5.205e-04,0.533,0.166,15361
903,5.27752,5.24954,5.203e-04,0.544,0.174,15367
904,5.01620,5.24954,5.201e-04,0.583,0.224,15375
905,5.03461,5.24954,5.198e-04,0.578,0.198,15376
906,5.00344,5.24954,5.196e-04,0.549,0.183,15365
907,5.43345,5.24954,5.194e-04,0.623,0.201,15372
908,5.20682,5.24954,5.192e-04,0.580,0.194,15373
909,5.06393,5.24954,5.190e-04,0.560,0.200,15368
910,5.37406,5.24954,5.188e-04,0.572,0.183,15369
911,5.05823,5.24954,5.185e-04,0.610,0.213,15383
912,5.00294,5.24954,5.183e-04,0.498,0.171,15368
913,5.06932,5.24954,5.181e-04,0.619,0.197,15392
914,5.04371,5.24954,5.179e-04,0.553,0.199,15367
915,5.13196,5.24954,5.177e-04,0.564,0.188,15366
916,5.28421,5.24954,5.175e-04,0.491,0.163,15384
917,5.15219,5.24954,5.172e-04,0.593,0.204,15363
918,5.01526,5.24954,5.170e-04,0.544,0.195,15374
919,5.04207,5.24954,5.168e-04,0.532,0.178,15379
920,5.27685,5.24954,5.166e-04,0.529,0.183,15390
921,4.95656,5.24954,5.164e-04,0.542,0.193,15365
922,5.09299,5.24954,5.161e-04,0.552,0.212,15378
923,5.23060,5.24954,5.159e-04,0.553,0.210,15353
924,5.16613,5.24954,5.157e-04,0.540,0.183,15370
925,5.13565,5.24954,5.155e-04,0.551,0.206,15375
926,5.19145,5.24954,5.153e-04,0.591,0.217,15361
927,5.34284,5.24954,5.150e-04,0.560,0.172,15363
928,4.94223,5.24954,5.148e-04,0.657,0.270,15401
929,5.31518,5.24954,5.146e-04,0.555,0.197,15373
930,4.96106,5.24954,5.144e-04,0.552,0.220,15363
931,5.32507,5.24954,5.142e-04,0.571,0.189,15364
932,5.08326,5.24954,5.139e-04,0.597,0.237,15364
933,5.24474,5.24954,5.137e-04,0.613,0.208,15351
934,5.28044,5.24954,5.135e-04,0.625,0.249,15391
935,5.15734,5.24954,5.133e-04,0.512,0.177,15382
936,4.92232,5.24954,5.131e-04,0.671,0.264,15404
937,5.10418,5.24954,5.128e-04,0.573,0.218,15362
938,5.11663,5.24954,5.126e-04,0.612,0.226,15378
939,5.08523,5.24954,5.124e-04,0.644,0.260,15356
940,5.10391,5.24954,5.122e-04,0.592,0.192,15369
941,5.14076,5.24954,5.119e-04,0.553,0.207,15365
942,5.06342,5.24954,5.117e-04,0.603,0.195,15358
943,5.03809,5.24954,5.115e-04,0.591,0.243,15396
944,5.29483,5.24954,5.113e-04,0.616,0.166,15377
945,5.12260,5.24954,5.110e-04,0.562,0.227,15352
946,5.03835,5.24954,5.108e-04,0.624,0.257,15358
947,5.02287,5.24954,5.106e-04,0.550,0.204,15365
948,4.95948,5.24954,5.104e-04,0.585,0.238,15382
949,5.34843,5.24954,5.101e-04,0.543,0.179,15371
950,5.21656,5.24954,5.099e-04,0.566,0.189,15397
951,4.91656,5.24954,5.097e-04,0.579,0.229,15384
952,5.19990,5.24954,5.095e-04,0.600,0.209,15363
953,5.35669,5.24954,5.092e-04,0.664,0.269,15359
954,5.03368,5.24954,5.090e-04,0.600,0.225,15373
955,5.35090,5.24954,5.088e-04,0.555,0.182,15378
956,5.22455,5.24954,5.086e-04,0.598,0.200,15364
957,5.27418,5.24954,5.083e-04,0.609,0.195,15378
958,5.22760,5.24954,5.081e-04,0.610,0.209,15387
959,5.13909,5.24954,5.079e-04,0.547,0.178,15368
960,4.92927,5.24954,5.076e-04,0.632,0.247,15365
961,5.14117,5.24954,5.074e-04,0.556,0.204,15345
962,5.23460,5.24954,5.072e-04,0.586,0.205,15341
963,5.05008,5.24954,5.070e-04,0.517,0.167,15359
964,5.08051,5.24954,5.067e-04,0.529,0.176,15376
965,4.86450,5.24954,5.065e-04,0.521,0.166,15389
966,5.11923,5.24954,5.063e-04,0.526,0.172,15406
967,5.09005,5.24954,5.060e-04,0.592,0.186,15372
968,5.43340,5.24954,5.058e-04,0.601,0.204,15345
969,5.19010,5.24954,5.056e-04,0.631,0.192,15376
970,5.28055,5.24954,5.054e-04,0.618,0.221,15347
971,5.27027,5.24954,5.051e-04,0.584,0.186,15374
972,5.10227,5.24954,5.049e-04,0.586,0.196,15366
973,5.19082,5.24954,5.047e-04,0.621,0.194,15383
974,5.20907,5.24954,5.044e-04,0.593,0.182,15381
975,5.22428,5.24954,5.042e-04,0.618,0.209,15355
976,5.20095,5.24954,5.040e-04,0.614,0.211,15361
977,5.27555,5.24954,5.037e-04,0.530,0.181,15360
978,5.19200,5.24954,5.035e-04,0.582,0.187,15359
979,5.18220,5.24954,5.033e-04,0.607,0.185,15363
980,4.95323,5.24954,5.030e-04,0.633,0.245,15388
981,5.20876,5.24954,5.028e-04,0.640,0.190,15379
982,4.99918,5.24954,5.026e-04,0.613,0.223,15383
983,5.20896,5.24954,5.023e-04,0.592,0.182,15341
984,5.04837,5.24954,5.021e-04,0.594,0.203,15354
985,5.12606,5.24954,5.019e-04,0.636,0.196,15341
986,5.14374,5.24954,5.016e-04,0.649,0.212,15368
987,5.07711,5.24954,5.014e-04,0.596,0.197,15370
988,5.07270,5.24954,5.012e-04,0.608,0.196,15388
989,4.97786,5.24954,5.009e-04,0.682,0.290,15372
990,5.24801,5.24954,5.007e-04,0.587,0.208,15382
991,5.14073,5.24954,5.005e-04,0.600,0.201,15377
992,5.09985,5.24954,5.002e-04,0.600,0.208,15358
993,4.92381,5.24954,5.000e-04,0.705,0.245,15375
994,5.30681,5.24954,4.998e-04,0.652,0.228,15358
995,5.08929,5.24954,4.995e-04,0.631,0.202,15359
996,5.12953,5.24954,4.993e-04,0.548,0.172,15417
997,5.20134,5.24954,4.991e-04,0.547,0.197,15375
998,4.99168,5.24954,4.988e-04,0.544,0.178,15364
999,5.20562,5.24954,4.986e-04,0.604,0.188,15364
1000,5.04147,5.06835,4.983e-04,0.717,0.210,7133
1001,5.16010,5.06835,4.981e-04,0.624,0.194,15565
1002,5.23733,5.06835,4.979e-04,0.604,0.199,15360
1003,5.27689,5.06835,4.976e-04,0.598,0.175,15363
1004,5.21625,5.06835,4.974e-04,0.580,0.173,15360
1005,5.06415,5.06835,4.972e-04,0.545,0.170,15361
1006,5.16644,5.06835,4.969e-04,0.617,0.189,15367
1007,5.24232,5.06835,4.967e-04,0.560,0.194,15396
1008,5.10055,5.06835,4.964e-04,0.594,0.186,15401
1009,5.26951,5.06835,4.962e-04,0.611,0.178,15361
1010,4.88028,5.06835,4.960e-04,0.568,0.195,15374
1011,5.30466,5.06835,4.957e-04,0.584,0.175,15355
1012,4.87574,5.06835,4.955e-04,0.562,0.172,15366
1013,5.10561,5.06835,4.952e-04,0.551,0.176,15373
1014,5.16079,5.06835,4.950e-04,0.626,0.183,15367
1015,5.19959,5.06835,4.948e-04,0.562,0.172,15368
1016,5.19176,5.06835,4.945e-04,0.668,0.218,15408
1017,5.37730,5.06835,4.943e-04,0.645,0.242,15367
1018,5.06676,5.06835,4.940e-04,0.624,0.207,15359
1019,4.83727,5.06835,4.938e-04,0.647,0.274,15361
1020,5.06042,5.06835,4.936e-04,0.591,0.203,15354
1021,5.11007,5.06835,4.933e-04,0.560,0.189,15376
1022,5.05234,5.06835,4.931e-04,0.601,0.182,15364
1023,5.08886,5.06835,4.928e-04,0.572,0.178,15405
1024,4.94926,5.06835,4.926e-04,0.553,0.184,15373
1025,4.94691,5.06835,4.924e-04,0.558,0.176,15365
1026,4.94514,5.06835,4.921e-04,0.642,0.268,15358
1027,5.16622,5.06835,4.919e-04,0.635,0.190,15388
1028,5.15056,5.06835,4.916e-04,0.635,0.240,15363
1029,4.91157,5.06835,4.914e-04,0.605,0.177,15370
1030,5.44719,5.06835,4.911e-04,0.751,0.222,15399
1031,4.74044,5.06835,4.909e-04,0.622,0.170,15393
1032,5.08933,5.06835,4.907e-04,0.662,0.198,15360
1033,5.12262,5.06835,4.904e-04,0.639,0.195,15365
1034,5.05884,5.06835,4.902e-04,0.609,0.191,15383
1035,4.86796,5.06835,4.899e-04,0.570,0.178,15366
1036,5.06268,5.06835,4.897e-04,0.570,0.180,15357
1037,4.93169,5.06835,4.894e-04,0.591,0.181,15362
1038,4.91010,5.06835,4.892e-04,0.594,0.188,15382
1039,5.26381,5.06835,4.889e-04,0.636,0.201,15399
1040,4.97074,5.06835,4.887e-04,0.573,0.170,15362
1041,5.01561,5.06835,4.885e-04,0.611,0.188,15349
1042,4.87713,5.06835,4.882e-04,0.555,0.177,15360
1043,5.01261,5.06835,4.880e-04,0.619,0.210,15362
1044,4.91191,5.06835,4.877e-04,0.592,0.171,15360
1045,5.11060,5.06835,4.875e-04,0.551,0.184,15379
1046,5.27899,5.06835,4.872e-04,0.615,0.198,15393
1047,5.07764,5.06835,4.870e-04,0.564,0.161,15376
1048,4.87803,5.06835,4.867e-04,0.644,0.215,15374
1049,5.18402,5.06835,4.865e-04,0.596,0.171,15365
1050,5.06940,5.06835,4.862e-04,0.544,0.167,15368
1051,5.07706,5.06835,4.860e-04,0.632,0.193,15361
1052,4.85431,5.06835,4.857e-04,0.588,0.189,15356
1053,4.99988,5.06835,4.855e-04,0.643,0.235,15388
1054,4.94662,5.06835,4.853e-04,0.657,0.224,15378
1055,5.29333,5.06835,4.850e-04,0.528,0.149,15356
1056,4.83417,5.06835,4.848e-04,0.613,0.188,15367
1057,5.11866,5.06835,4.845e-04,0.573,0.186,15372
1058,5.11969,5.06835,4.843e-04,0.561,0.153,15361
1059,5.15336,5.06835,4.840e-04,0.587,0.170,15359
1060,5.34976,5.06835,4.838e-04,0.581,0.163,15353
1061,5.14048,5.06835,4.835e-04,0.583,0.156,15394
1062,4.94804,5.06835,4.833e-04,0.549,0.172,15379
1063,5.12032,5.06835,4.830e-04,0.609,0.208,15369
1064,4.67851,5.06835,4.828e-04,0.614,0.192,15361
1065,5.14299,5.06835,4.825e-04,0.565,0.173,15362
1066,4.95280,5.06835,4.823e-04,0.657,0.246,15380
1067,4.84523,5.06835,4.820e-04,0.675,0.238,15366
1068,5.01388,5.06835,4.818e-04,0.651,0.230,15366
1069,4.94908,5.06835,4.815e-04,0.656,0.218,15390
1070,5.02631,5.06835,4.813e-04,0.639,0.240,15356
1071,5.21470,5.06835,4.810e-04,0.649,0.188,15378
1072,4.82197,5.06835,4.808e-04,0.638,0.206,15354
1073,4.88833,5.06835,4.805e-04,0.603,0.203,15368
1074,5.16614,5.06835,4.803e-04,0.619,0.188,15381
1075,4.88560,5.06835,4.800e-04,0.570,0.203,15368
1076,4.84881,5.06835,4.798e-04,0.533,0.149,15388
1077,5.07950,5.06835,4.795e-04,0.574,0.178,15403
1078,5.05445,5.06835,4.792e-04,0.604,0.180,15369
1079,4.96261,5.06835,4.790e-04,0.532,0.153,15356
1080,4.78296,5.06835,4.787e-04,0.608,0.185,15389
1081,5.05613,5.06835,4.785e-04,0.594,0.176,15363
1082,5.09398,5.06835,4.782e-04,0.721,0.224,15369
1083,5.01756,5.06835,4.780e-04,0.550,0.155,15379
1084,4.93725,5.06835,4.777e-04,0.646,0.190,15389
1085,5.16322,5.06835,4.775e-04,0.606,0.162,15378
1086,5.14132,5.06835,4.772e-04,0.624,0.184,15355
1087,4.80844,5.06835,4.770e-04,0.631,0.201,15360
1088,4.87447,5.06835,4.767e-04,0.574,0.167,15362
1089,5.19526,5.06835,4.765e-04,0.602,0.161,15348
1090,4.85552,5.06835,4.762e-04,0.728,0.239,15368
1091,5.16505,5.06835,4.759e-04,0.720,0.184,15409
1092,4.82799,5.06835,4.757e-04,0.748,0.275,15361
1093,5.00012,5.06835,4.754e-04,0.573,0.167,15372
1094,5.03499,5.06835,4.752e-04,0.613,0.187,15366
1095,5.06220,5.06835,4.749e-04,0.688,0.222,15365
1096,5.11865,5.06835,4.747e-04,0.588,0.165,15377
1097,5.02590,5.06835,4.744e-04,0.691,0.252,15351
1098,4.83709,5.06835,4.742e-04,0.606,0.182,15376
1099,5.18253,5.06835,4.739e-04,0.616,0.159,15399
1100,5.19835,5.06835,4.736e-04,0.619,0.171,15372
1101,5.30178,5.06835,4.734e-04,0.624,0.172,15364
1102,5.15907,5.06835,4.731e-04,0.610,0.177,15359
1103,4.99437,5.06835,4.729e-04,0.594,0.175,15373
1104,4.86977,5.06835,4.726e-04,0.628,0.202,15352
1105,5.00443,5.06835,4.724e-04,0.619,0.193,15368
1106,5.18166,5.06835,4.721e-04,0.589,0.175,15369
1107,4.80722,5.06835,4.718e-04,0.595,0.172,15376
1108,5.17958,5.06835,4.716e-04,0.638,0.172,15369
1109,4.99748,5.06835,4.713e-04,0.677,0.201,15344
1110,5.08508,5.06835,4.711e-04,0.665,0.176,15348
1111,5.01894,5.06835,4.708e-04,0.606,0.166,15359
1112,4.97323,5.06835,4.706e-04,0.819,0.276,15357
1113,5.15673,5.06835,4.703e-04,0.674,0.194,15379
1114,5.14195,5.06835,4.700e-04,0.664,0.213,15394
1115,5.03624,5.06835,4.698e-04,0.648,0.194,15375
1116,4.96662,5.06835,4.695e-04,0.721,0.213,15358
1117,5.01007,5.06835,4.693e-04,0.695,0.210,15365
1118,4.99134,5.06835,4.690e-04,0.643,0.204,15338
1119,4.80246,5.06835,4.687e-04,0.664,0.212,15358
1120,4.87240,5.06835,4.685e-04,0.640,0.222,15363
1121,4.99544,5.06835,4.682e-04,0.563,0.176,15387
1122,4.96388,5.06835,4.680e-04,0.687,0.205,15393
1123,4.97619,5.06835,4.677e-04,0.587,0.184,15342
1124,5.07185,5.06835,4.674e-04,0.622,0.178,15364
1125,5.10230,5.06835,4.672e-04,0.673,0.208,15387
1126,5.06857,5.06835,4.669e-04,0.682,0.205,15375
1127,4.92029,5.06835,4.667e-04,0.612,0.163,15363
1128,4.77216,5.06835,4.664e-04,0.674,0.230,15369
1129,5.00304,5.06835,4.661e-04,0.699,0.201,15381
1130,4.95726,5.06835,4.659e-04,0.649,0.174,15380
1131,4.90278,5.06835,4.656e-04,0.612,0.191,15382
1132,4.99602,5.06835,4.653e-04,0.612,0.194,15364
1133,5.22252,5.06835,4.651e-04,0.678,0.205,15353
1134,5.18192,5.06835,4.648e-04,0.596,0.163,15375
1135,5.00875,5.06835,4.646e-04,0.728,0.223,15372
1136,5.09374,5.06835,4.643e-04,0.648,0.173,15386
1137,5.15062,5.06835,4.640e-04,0.637,0.181,15392
1138,4.96260,5.06835,4.638e-04,0.613,0.190,15362
1139,4.89460,5.06835,4.635e-04,0.601,0.161,15345
1140,4.94452,5.06835,4.632e-04,0.581,0.174,15369
1141,5.02231,5.06835,4.630e-04,0.599,0.174,15340
1142,5.03867,5.06835,4.627e-04,0.684,0.197,15368
1143,4.99336,5.06835,4.625e-04,0.608,0.198,15364
1144,4.97072,5.06835,4.622e-04,0.684,0.218,15391
1145,4.75645,5.06835,4.619e-04,0.630,0.212,15378
1146,4.90086,5.06835,4.617e-04,0.598,0.165,15346
1147,4.81544,5.06835,4.614e-04,0.661,0.208,15383
1148,4.91931,5.06835,4.611e-04,0.651,0.200,15370
1149,4.99868,5.06835,4.609e-04,0.629,0.186,15351
1150,4.99665,5.06835,4.606e-04,0.683,0.222,15360
1151,5.04590,5.06835,4.603e-04,0.688,0.200,15384
1152,4.94471,5.06835,4.601e-04,0.721,0.206,15391
1153,5.18105,5.06835,4.598e-04,0.606,0.164,15387
1154,5.06812,5.06835,4.595e-04,0.656,0.184,15366
1155,5.06996,5.06835,4.593e-04,0.566,0.157,15364
1156,4.86528,5.06835,4.590e-04,0.753,0.310,15375
1157,5.15463,5.06835,4.587e-04,0.695,0.225,15380
1158,4.96774,5.06835,4.585e-04,0.643,0.212,15365
1159,4.99229,5.06835,4.582e-04,0.620,0.168,15377
1160,5.07306,5.06835,4.579e-04,0.641,0.232,15378
1161,4.82599,5.06835,4.577e-04,0.651,0.181,15367
1162,4.85520,5.06835,4.574e-04,0.603,0.170,15374
1163,5.14596,5.06835,4.571e-04,0.744,0.194,15359
1164,5.07689,5.06835,4.569e-04,0.612,0.163,15350
1165,4.99186,5.06835,4.566e-04,0.599,0.162,15362
1166,4.80041,5.06835,4.563e-04,0.696,0.189,15374
1167,4.90694,5.06835,4.561e-04,0.644,0.171,15403
1168,4.93622,5.06835,4.558e-04,0.646,0.190,15381
1169,4.87700,5.06835,4.555e-04,0.626,0.173,15365
1170,4.87148,5.06835,4.553e-04,0.596,0.179,15372
1171,5.02712,5.06835,4.550e-04,0.572,0.151,15387
1172,5.01801,5.06835,4.547e-04,0.588,0.169,15367
1173,4.95000,5.06835,4.545e-04,0.561,0.150,15382
1174,5.09000,5.06835,4.542e-04,0.579,0.158,15371
1175,5.10643,5.06835,4.539e-04,0.615,0.167,15399
1176,4.93747,5.06835,4.537e-04,0.687,0.200,15373
1177,5.18548,5.06835,4.534e-04,0.658,0.195,15360
1178,5.10633,5.06835,4.531e-04,0.772,0.219,15373
1179,5.06908,5.06835,4.528e-04,0.606,0.159,15377
1180,4.94846,5.06835,4.526e-04,0.656,0.173,15387
1181,4.92717,5.06835,4.523e-04,0.614,0.184,15349
1182,5.23127,5.06835,4.520e-04,0.692,0.177,15395
1183,4.93885,5.06835,4.518e-04,0.723,0.213,15384
1184,4.93353,5.06835,4.515e-04,0.614,0.182,15361
1185,4.99412,5.06835,4.512e-04,0.790,0.276,15333
1186,4.83609,5.06835,4.510e-04,0.662,0.224,15377
1187,4.92556,5.06835,4.507e-04,0.639,0.219,15354
1188,5.05693,5.06835,4.504e-04,0.621,0.191,15371
1189,4.92360,5.06835,4.501e-04,0.670,0.214,15366
1190,4.88356,5.06835,4.499e-04,0.698,0.173,15418
1191,4.99073,5.06835,4.496e-04,0.644,0.192,15372
1192,4.79138,5.06835,4.493e-04,0.658,0.172,15354
1193,4.81056,5.06835,4.491e-04,0.657,0.181,15342
1194,5.12864,5.06835,4.488e-04,0.641,0.168,15372
1195,4.81615,5.06835,4.485e-04,0.651,0.203,15348
1196,5.06542,5.06835,4.482e-04,0.706,0.203,15370
1197,4.89115,5.06835,4.480e-04,0.591,0.157,15393
1198,4.89794,5.06835,4.477e-04,0.705,0.191,15397
1199,5.05338,5.06835,4.474e-04,0.669,0.191,15368
1200,5.03517,5.06835,4.471e-04,0.695,0.187,15376
1201,4.76146,5.06835,4.469e-04,0.633,0.177,15346
1202,5.05424,5.06835,4.466e-04,0.657,0.166,15366
1203,4.91184,5.06835,4.463e-04,0.656,0.180,15382
1204,4.83212,5.06835,4.461e-04,0.716,0.189,15372
1205,5.05196,5.06835,4.458e-04,0.702,0.214,15404
1206,5.05877,5.06835,4.455e-04,0.684,0.182,15386
1207,4.95479,5.06835,4.452e-04,0.716,0.225,15376
1208,4.68556,5.06835,4.450e-04,0.753,0.218,15382
1209,4.95405,5.06835,4.447e-04,0.682,0.190,15375
1210,4.81282,5.06835,4.444e-04,0.636,0.181,15352
1211,5.02983,5.06835,4.441e-04,0.636,0.176,15374
1212,4.90613,5.06835,4.439e-04,0.697,0.222,15383
1213,5.24213,5.06835,4.436e-04,0.671,0.166,15392
1214,5.02441,5.06835,4.433e-04,0.688,0.214,15363
1215,5.31347,5.06835,4.430e-04,0.697,0.163,15370
1216,5.10781,5.06835,4.428e-04,0.638,0.160,15359
1217,5.12741,5.06835,4.425e-04,0.661,0.190,15366
1218,4.76060,5.06835,4.422e-04,0.676,0.198,15376
1219,4.66787,5.06835,4.419e-04,0.643,0.188,15374
1220,4.87446,5.06835,4.417e-04,0.599,0.163,15401
1221,5.12321,5.06835,4.414e-04,0.619,0.169,15360
1222,4.95219,5.06835,4.411e-04,0.696,0.187,15369
1223,4.99821,5.06835,4.408e-04,0.654,0.165,15374
1224,4.99064,5.06835,4.406e-04,0.741,0.232,15369
1225,4.84910,5.06835,4.403e-04,0.663,0.165,15356
1226,5.01130,5.06835,4.400e-04,0.687,0.209,15350
1227,4.83044,5.06835,4.397e-04,0.703,0.187,15365
1228,5.09686,5.06835,4.394e-04,0.634,0.160,15397
1229,5.14051,5.06835,4.392e-04,0.677,0.186,15368
1230,4.84996,5.06835,4.389e-04,0.659,0.192,15371
1231,4.74374,5.06835,4.386e-04,0.719,0.193,15352
1232,4.75235,5.06835,4.383e-04,0.681,0.184,15389
1233,4.79697,5.06835,4.381e-04,0.631,0.163,15368
1234,4.78648,5.06835,4.378e-04,0.597,0.165,15373
1235,4.83156,5.06835,4.375e-04,0.655,0.171,15381
1236,4.82137,5.06835,4.372e-04,0.660,0.172,15393
1237,5.10968,5.06835,4.370e-04,0.672,0.177,15379
1238,4.90024,5.06835,4.367e-04,0.850,0.248,15369
1239,5.01774,5.06835,4.364e-04,0.767,0.222,15360
1240,4.82191,5.06835,4.361e-04,0.672,0.229,15373
1241,4.95030,5.06835,4.358e-04,0.760,0.234,15371
1242,5.09391,5.06835,4.356e-04,0.623,0.165,15375
1243,5.05310,5.06835,4.353e-04,0.768,0.216,15403
1244,4.85777,5.06835,4.350e-04,0.651,0.197,15375
1245,5.05651,5.06835,4.347e-04,0.702,0.192,15390
1246,5.36773,5.06835,4.344e-04,0.793,0.211,15369
1247,5.06221,5.06835,4.342e-04,0.774,0.234,15358
1248,4.94140,5.06835,4.339e-04,0.661,0.181,15367
1249,4.91888,5.06835,4.336e-04,0.702,0.204,15382
1250,4.92475,4.88622,4.333e-04,0.619,0.151,7139
1251,4.88626,4.88622,4.330e-04,0.711,0.221,15553
1252,5.00085,4.88622,4.328e-04,0.732,0.201,15395
1253,5.03812,4.88622,4.325e-04,0.583,0.149,15374
1254,5.18732,4.88622,4.322e-04,0.770,0.243,15391
1255,5.19456,4.88622,4.319e-04,0.722,0.206,15387
1256,4.83297,4.88622,4.316e-04,0.651,0.175,15372
1257,4.74047,4.88622,4.314e-04,0.728,0.256,15359
1258,4.92873,4.88622,4.311e-04,0.622,0.150,15359
1259,4.64577,4.88622,4.308e-04,0.650,0.206,15369
1260,5.17969,4.88622,4.305e-04,0.691,0.175,15351
1261,5.16911,4.88622,4.302e-04,0.704,0.163,15363
1262,5.04076,4.88622,4.300e-04,0.736,0.268,15398
1263,4.82684,4.88622,4.297e-04,0.612,0.163,15399
1264,4.96239,4.88622,4.294e-04,0.681,0.213,15378
1265,4.74750,4.88622,4.291e-04,0.657,0.165,15362
1266,4.92462,4.88622,4.288e-04,0.757,0.240,15359
1267,5.16142,4.88622,4.285e-04,0.737,0.186,15363
1268,5.05706,4.88622,4.283e-04,0.720,0.189,15395
1269,4.81035,4.88622,4.280e-04,0.648,0.154,15373
1270,4.90473,4.88622,4.277e-04,0.854,0.280,15387
1271,4.92737,4.88622,4.274e-04,0.701,0.187,15387
1272,5.00356,4.88622,4.271e-04,0.664,0.174,15366
1273,5.05014,4.88622,4.269e-04,0.647,0.158,15366
1274,5.09174,4.88622,4.266e-04,0.657,0.173,15367
1275,4.75658,4.88622,4.263e-04,0.690,0.191,15353
1276,5.15004,4.88622,4.260e-04,0.723,0.188,15380
1277,4.91015,4.88622,4.257e-04,0.718,0.210,15373
1278,4.90706,4.88622,4.254e-04,0.713,0.207,15387
1279,4.90852,4.88622,4.252e-04,0.731,0.196,15373
1280,4.98659,4.88622,4.249e-04,0.712,0.186,15365
1281,4.89086,4.88622,4.246e-04,0.627,0.161,15377
1282,5.03713,4.88622,4.243e-04,0.714,0.187,15373
1283,4.81292,4.88622,4.240e-04,0.708,0.189,15365
1284,4.97782,4.88622,4.237e-04,0.707,0.226,15355
1285,4.97444,4.88622,4.235e-04,0.681,0.179,15408
1286,4.83683,4.88622,4.232e-04,0.789,0.232,15396
1287,4.95840,4.88622,4.229e-04,0.716,0.178,15363
1288,4.89688,4.88622,4.226e-04,0.740,0.198,15366
1289,4.80111,4.88622,4.223e-04,0.673,0.178,15384
1290,5.07564,4.88622,4.220e-04,0.633,0.166,15367
1291,4.88672,4.88622,4.217e-04,0.678,0.206,15359
1292,4.97581,4.88622,4.215e-04,0.698,0.194,15372
1293,4.89788,4.88622,4.212e-04,0.676,0.184,15397
1294,4.78615,4.88622,4.209e-04,0.635,0.152,15377
1295,4.86675,4.88622,4.206e-04,0.672,0.160,15366
1296,5.11584,4.88622,4.203e-04,0.723,0.168,15369
1297,4.95792,4.88622,4.200e-04,0.701,0.190,15366
1298,4.99030,4.88622,4.197e-04,0.669,0.168,15355
1299,4.87160,4.88622,4.195e-04,0.682,0.185,15371
1300,4.85856,4.88622,4.192e-04,0.756,0.265,15390
1301,4.67917,4.88622,4.189e-04,0.735,0.217,15390
1302,4.83162,4.88622,4.186e-04,0.748,0.250,15377
1303,4.66491,4.88622,4.183e-04,0.797,0.222,15373
1304,4.96167,4.88622,4.180e-04,0.714,0.183,15358
1305,4.78486,4.88622,4.177e-04,0.948,0.264,15371
1306,4.99395,4.88622,4.175e-04,0.768,0.191,15348
1307,4.89383,4.88622,4.172e-04,0.843,0.231,15363
1308,4.95119,4.88622,4.169e-04,0.718,0.181,15387
1309,5.01586,4.88622,4.166e-04,0.688,0.170,15383
1310,4.91985,4.88622,4.163e-04,0.734,0.199,15358
1311,4.97292,4.88622,4.160e-04,0.856,0.234,15360
1312,4.85862,4.88622,4.157e-04,0.660,0.160,15356
1313,4.70236,4.88622,4.154e-04,0.732,0.209,15367
1314,4.88722,4.88622,4.152e-04,0.685,0.170,15374
1315,4.82449,4.88622,4.149e-04,0.702,0.183,15370
1316,4.92793,4.88622,4.146e-04,0.669,0.169,15412
1317,4.84259,4.88622,4.143e-04,0.702,0.165,15356
1318,4.85457,4.88622,4.140e-04,0.627,0.158,15385
1319,5.07374,4.88622,4.137e-04,0.715,0.164,15373
1320,4.84563,4.88622,4.134e-04,0.645,0.159,15357
1321,4.89512,4.88622,4.131e-04,0.633,0.175,15363
1322,4.70436,4.88622,4.129e-04,0.710,0.210,15376
1323,4.80776,4.88622,4.126e-04,0.676,0.194,15384
1324,5.05790,4.88622,4.123e-04,0.682,0.185,15375
1325,5.13987,4.88622,4.120e-04,0.697,0.173,15346
1326,4.68588,4.88622,4.117e-04,0.664,0.170,15364
1327,4.79911,4.88622,4.114e-04,0.743,0.197,15369
1328,4.77675,4.88622,4.111e-04,0.751,0.195,15352
1329,4.52733,4.88622,4.108e-04,0.719,0.195,15358
1330,4.95745,4.88622,4.105e-04,0.701,0.174,15373
1331,4.98312,4.88622,4.103e-04,1.324,0.344,15379
1332,5.02820,4.88622,4.100e-04,0.803,0.176,15377
1333,4.87604,4.88622,4.097e-04,0.777,0.188,15372
1334,4.90325,4.88622,4.094e-04,0.704,0.168,15367
1335,4.84792,4.88622,4.091e-04,0.737,0.203,15380
1336,4.67794,4.88622,4.088e-04,0.794,0.215,15364
1337,4.94084,4.88622,4.085e-04,0.729,0.188,15353
1338,4.81814,4.88622,4.082e-04,0.654,0.181,15387
1339,5.10630,4.88622,4.079e-04,0.826,0.229,15407
1340,5.10933,4.88622,4.077e-04,0.678,0.175,15370
1341,4.77081,4.88622,4.074e-04,0.761,0.198,15364
1342,5.11457,4.88622,4.071e-04,0.716,0.152,15374
1343,4.98411,4.88622,4.068e-04,0.788,0.234,15385
1344,4.68341,4.88622,4.065e-04,0.660,0.190,15365
1345,4.85784,4.88622,4.062e-04,0.835,0.273,15358
1346,4.78344,4.88622,4.059e-04,0.761,0.221,15392
1347,4.80705,4.88622,4.056e-04,0.713,0.194,15358
1348,4.97594,4.88622,4.053e-04,0.730,0.185,15355
1349,5.20393,4.88622,4.050e-04,0.701,0.166,15382
1350,4.50385,4.88622,4.047e-04,0.739,0.195,15386
1351,4.61135,4.88622,4.045e-04,0.785,0.228,15362
1352,4.58913,4.88622,4.042e-04,0.703,0.181,15366
1353,5.07949,4.88622,4.039e-04,0.732,0.226,15389
1354,4.80246,4.88622,4.036e-04,0.731,0.227,15388
1355,4.82856,4.88622,4.033e-04,0.749,0.233,15379
1356,4.61080,4.88622,4.030e-04,0.737,0.223,15366
1357,4.81098,4.88622,4.027e-04,0.731,0.224,15370
1358,5.08810,4.88622,4.024e-04,0.689,0.181,15360
1359,5.09677,4.88622,4.021e-04,0.684,0.159,15378
1360,4.78466,4.88622,4.018e-04,0.806,0.233,15363
1361,4.80686,4.88622,4.015e-04,0.661,0.158,15387
1362,4.96711,4.88622,4.012e-04,0.798,0.245,15392
1363,4.69235,4.88622,4.010e-04,0.726,0.188,15380
1364,4.96779,4.88622,4.007e-04,0.762,0.194,15378
1365,5.10982,4.88622,4.004e-04,0.739,0.162,15372
1366,4.89219,4.88622,4.001e-04,0.710,0.164,15355
1367,5.00533,4.88622,3.998e-04,0.668,0.145,15378
1368,4.96890,4.88622,3.995e-04,0.646,0.159,15375
1369,4.94486,4.88622,3.992e-04,0.660,0.165,15392
1370,4.82410,4.88622,3.989e-04,0.739,0.179,15410
1371,4.92731,4.88622,3.986e-04,0.635,0.150,15355
1372,5.06107,4.88622,3.983e-04,0.666,0.158,15378
1373,4.76881,4.88622,3.980e-04,0.718,0.190,15365
1374,4.77682,4.88622,3.977e-04,0.712,0.181,15359
1375,4.92197,4.88622,3.974e-04,0.799,0.211,15381
1376,4.77113,4.88622,3.971e-04,0.715,0.160,15390
1377,4.81012,4.88622,3.969e-04,0.908,0.263,15374
1378,5.04006,4.88622,3.966e-04,0.719,0.216,15387
1379,4.80089,4.88622,3.963e-04,0.813,0.253,15359
1380,4.95931,4.88622,3.960e-04,0.695,0.166,15380
1381,4.75927,4.88622,3.957e-04,0.676,0.185,15374
1382,4.47363,4.88622,3.954e-04,0.770,0.231,15385
1383,4.96470,4.88622,3.951e-04,0.818,0.201,15369
1384,4.96440,4.88622,3.948e-04,0.743,0.193,15398
1385,4.90411,4.88622,3.945e-04,0.781,0.189,15395
1386,4.74614,4.88622,3.942e-04,0.811,0.231,15361
1387,4.87589,4.88622,3.939e-04,0.718,0.158,15361
1388,4.73614,4.88622,3.936e-04,0.838,0.309,15349
1389,4.81177,4.88622,3.933e-04,0.682,0.155,15372
1390,4.66887,4.88622,3.930e-04,0.770,0.228,15364
1391,5.12434,4.88622,3.927e-04,0.695,0.163,15373
1392,4.76696,4.88622,3.924e-04,0.757,0.236,15399
1393,4.72777,4.88622,3.921e-04,0.706,0.171,15357
1394,4.82992,4.88622,3.919e-04,0.759,0.194,15366
1395,4.88400,4.88622,3.916e-04,0.773,0.199,15371
1396,5.11734,4.88622,3.913e-04,0.698,0.175,15361
1397,5.02194,4.88622,3.910e-04,0.707,0.202,15364
1398,4.60105,4.88622,3.907e-04,0.784,0.221,15349
1399,4.77555,4.88622,3.904e-04,0.705,0.159,15386
1400,4.82827,4.88622,3.901e-04,0.775,0.206,15394
1401,4.88046,4.88622,3.898e-04,0.758,0.222,15379
1402,4.77529,4.88622,3.895e-04,0.701,0.179,15365
1403,4.80442,4.88622,3.892e-04,0.863,0.295,15383
1404,4.71110,4.88622,3.889e-04,0.738,0.174,15358
1405,4.80516,4.88622,3.886e-04,0.765,0.219,15352
1406,4.87929,4.88622,3.883e-04,0.758,0.221,15382
1407,4.86946,4.88622,3.880e-04,0.732,0.178,15390
1408,5.04270,4.88622,3.877e-04,0.821,0.233,15378
1409,4.68368,4.88622,3.874e-04,0.760,0.210,15359
1410,4.81952,4.88622,3.871e-04,0.740,0.185,15369
1411,4.97450,4.88622,3.868e-04,0.760,0.218,15357
1412,5.04094,4.88622,3.865e-04,0.727,0.162,15380
1413,4.95641,4.88622,3.862e-04,0.760,0.167,15360
1414,4.82505,4.88622,3.859e-04,0.748,0.171,15395
1415,5.13412,4.88622,3.856e-04,0.701,0.161,15383
1416,4.84280,4.88622,3.853e-04,0.869,0.244,15376
1417,4.84583,4.88622,3.850e-04,0.777,0.194,15361
1418,4.64056,4.88622,3.848e-04,0.776,0.201,15368
1419,4.81897,4.88622,3.845e-04,0.762,0.205,15365
1420,4.81827,4.88622,3.842e-04,0.677,0.157,15368
1421,4.72544,4.88622,3.839e-04,0.826,0.191,15379
1422,4.83366,4.88622,3.836e-04,0.769,0.162,15390
1423,4.85145,4.88622,3.833e-04,0.750,0.202,15384
1424,4.69338,4.88622,3.830e-04,0.708,0.154,15371
1425,4.65575,4.88622,3.827e-04,0.759,0.222,15348
1426,4.86113,4.88622,3.824e-04,0.700,0.184,15372
1427,4.85436,4.88622,3.821e-04,0.778,0.202,15343
1428,4.76654,4.88622,3.818e-04,0.756,0.155,15364
1429,4.81229,4.88622,3.815e-04,0.752,0.211,15365
1430,4.65525,4.88622,3.812e-04,0.786,0.227,15407
1431,4.99849,4.88622,3.809e-04,0.718,0.161,15384
1432,4.78803,4.88622,3.806e-04,0.787,0.202,15363
1433,4.89027,4.88622,3.803e-04,0.806,0.196,15370
1434,4.70945,4.88622,3.800e-04,0.728,0.201,15357
1435,5.10202,4.88622,3.797e-04,0.702,0.159,15372
1436,4.77616,4.88622,3.794e-04,0.732,0.173,15371
1437,5.04228,4.88622,3.791e-04,0.737,0.169,15384
1438,4.67490,4.88622,3.788e-04,0.692,0.170,15386
1439,4.79120,4.88622,3.785e-04,0.704,0.171,15360
1440,4.73419,4.88622,3.782e-04,0.738,0.168,15371
1441,4.56315,4.88622,3.779e-04,0.706,0.170,15370
1442,4.99026,4.88622,3.776e-04,0.780,0.195,15350
1443,4.65586,4.88622,3.773e-04,0.744,0.174,15363
1444,4.97536,4.88622,3.770e-04,0.812,0.171,15374
1445,4.82130,4.88622,3.767e-04,0.740,0.175,15385
1446,4.60935,4.88622,3.764e-04,0.661,0.157,15360
1447,4.68855,4.88622,3.761e-04,0.809,0.195,15375
1448,4.63517,4.88622,3.758e-04,0.692,0.160,15357
1449,4.92423,4.88622,3.755e-04,0.713,0.168,15362
1450,4.84660,4.88622,3.752e-04,0.775,0.203,15360
1451,4.85919,4.88622,3.749e-04,0.708,0.179,15365
1452,4.78020,4.88622,3.746e-04,0.767,0.203,15384
1453,4.56531,4.88622,3.743e-04,0.748,0.198,15392
1454,4.78022,4.88622,3.740e-04,0.798,0.191,15372
1455,4.78303,4.88622,3.737e-04,0.823,0.255,15358
1456,4.59271,4.88622,3.734e-04,0.814,0.218,15365
1457,4.97570,4.88622,3.731e-04,0.748,0.198,15367
1458,4.67570,4.88622,3.728e-04,0.771,0.186,15349
1459,5.01360,4.88622,3.725e-04,0.769,0.178,15365
1460,4.85343,4.88622,3.722e-04,0.789,0.211,15392
1461,4.65716,4.88622,3.719e-04,0.670,0.155,15366
1462,4.79887,4.88622,3.716e-04,0.715,0.153,15381
1463,4.68093,4.88622,3.713e-04,0.927,0.320,15373
1464,4.71493,4.88622,3.710e-04,0.766,0.221,15370
1465,4.90756,4.88622,3.707e-04,0.822,0.239,15360
1466,4.87512,4.88622,3.704e-04,0.831,0.219,15367
1467,4.98843,4.88622,3.701e-04,0.766,0.167,15387
1468,4.61985,4.88622,3.698e-04,0.751,0.209,15389
1469,4.69802,4.88622,3.695e-04,0.729,0.175,15382
1470,4.84747,4.88622,3.692e-04,0.800,0.222,15371
1471,4.74118,4.88622,3.689e-04,0.709,0.154,15356
1472,4.67657,4.88622,3.686e-04,0.872,0.295,15384
1473,4.63240,4.88622,3.683e-04,0.705,0.171,15369
1474,4.94095,4.88622,3.680e-04,0.818,0.248,15383
1475,4.78740,4.88622,3.677e-04,0.743,0.163,15385
1476,4.76722,4.88622,3.674e-04,0.804,0.197,15386
1477,4.72382,4.88622,3.671e-04,0.839,0.207,15361
1478,4.78772,4.88622,3.668e-04,0.752,0.175,15380
1479,4.75355,4.88622,3.665e-04,0.807,0.227,15377
1480,4.60403,4.88622,3.662e-04,0.815,0.189,15361
1481,5.16547,4.88622,3.659e-04,0.732,0.174,15352
1482,4.58831,4.88622,3.656e-04,0.787,0.195,15378
1483,4.91029,4.88622,3.653e-04,0.774,0.173,15385
1484,4.55028,4.88622,3.650e-04,0.718,0.152,15378
1485,4.72446,4.88622,3.647e-04,0.737,0.167,15358
1486,4.67145,4.88622,3.644e-04,0.764,0.193,15350
1487,4.81088,4.88622,3.641e-04,0.716,0.175,15352
1488,4.70885,4.88622,3.638e-04,0.826,0.200,15372
1489,4.93350,4.88622,3.635e-04,0.760,0.153,15371
1490,4.98877,4.88622,3.632e-04,0.693,0.157,15374
1491,4.76625,4.88622,3.629e-04,0.709,0.165,15406
1492,4.74021,4.88622,3.626e-04,0.727,0.160,15376
1493,5.03943,4.88622,3.623e-04,0.669,0.141,15361
1494,4.67727,4.88622,3.620e-04,0.731,0.162,15364
1495,4.67312,4.88622,3.617e-04,0.700,0.147,15366
1496,4.86230,4.88622,3.614e-04,0.728,0.164,15355
1497,4.82157,4.88622,3.611e-04,0.726,0.179,15394
1498,4.76220,4.88622,3.608e-04,0.679,0.149,15403
1499,4.88196,4.88622,3.605e-04,0.705,0.170,15375
1500,4.84251,4.72575,3.602e-04,0.696,0.153,7126
1501,4.59044,4.72575,3.599e-04,0.739,0.159,15568
1502,4.68694,4.72575,3.596e-04,0.750,0.177,15394
1503,4.66941,4.72575,3.593e-04,0.789,0.181,15381
1504,4.66438,4.72575,3.590e-04,0.791,0.198,15365
1505,4.74793,4.72575,3.587e-04,0.722,0.169,15372
1506,4.99365,4.72575,3.584e-04,0.710,0.147,15375
1507,4.75265,4.72575,3.581e-04,0.815,0.192,15376
1508,4.91655,4.72575,3.578e-04,0.722,0.154,15366
1509,4.70844,4.72575,3.575e-04,0.822,0.240,15389
1510,4.52151,4.72575,3.572e-04,0.801,0.200,15384
1511,4.51062,4.72575,3.569e-04,0.834,0.205,15386
1512,4.81025,4.72575,3.566e-04,0.923,0.236,15378
1513,4.88780,4.72575,3.563e-04,0.729,0.173,15379
1514,4.71749,4.72575,3.560e-04,0.789,0.188,15370
1515,4.98052,4.72575,3.557e-04,0.747,0.162,15362
1516,4.59639,4.72575,3.554e-04,0.815,0.198,15360
1517,4.83649,4.72575,3.551e-04,0.781,0.159,15398
1518,4.73237,4.72575,3.548e-04,0.830,0.207,15384
1519,5.02039,4.72575,3.545e-04,0.926,0.233,15379
1520,4.49572,4.72575,3.542e-04,0.732,0.154,15377
1521,4.84139,4.72575,3.539e-04,0.821,0.163,15363
1522,4.72062,4.72575,3.536e-04,0.726,0.164,15373
1523,4.76078,4.72575,3.533e-04,0.772,0.162,15372
1524,4.85740,4.72575,3.530e-04,0.762,0.178,15380
1525,4.61896,4.72575,3.527e-04,0.787,0.172,15390
1526,4.65693,4.72575,3.524e-04,0.782,0.188,15390
1527,5.24854,4.72575,3.521e-04,0.795,0.157,15368
1528,4.71231,4.72575,3.518e-04,0.835,0.169,15373
1529,4.85932,4.72575,3.515e-04,0.782,0.175,15362
1530,4.91041,4.72575,3.512e-04,0.774,0.173,15372
1531,4.65394,4.72575,3.509e-04,0.763,0.165,15357
1532,4.88754,4.72575,3.506e-04,0.879,0.188,15371
1533,4.83869,4.72575,3.503e-04,0.793,0.172,15404
1534,4.80974,4.72575,3.500e-04,0.809,0.184,15369
1535,5.08472,4.72575,3.497e-04,0.722,0.168,15363
1536,4.62163,4.72575,3.494e-04,0.801,0.193,15365
1537,4.91040,4.72575,3.491e-04,0.797,0.227,15382
1538,4.64775,4.72575,3.488e-04,0.699,0.156,15363
1539,4.64013,4.72575,3.485e-04,0.860,0.262,15371
1540,4.84039,4.72575,3.482e-04,0.703,0.157,15406
1541,4.88335,4.72575,3.479e-04,0.735,0.193,15384
1542,4.77234,4.72575,3.476e-04,0.765,0.189,15371
1543,4.86084,4.72575,3.473e-04,0.827,0.192,15367
1544,4.72720,4.72575,3.470e-04,0.766,0.172,15360
1545,4.96923,4.72575,3.467e-04,0.799,0.169,15370
1546,4.60990,4.72575,3.463e-04,0.745,0.173,15364
1547,4.58640,4.72575,3.460e-04,0.734,0.158,15350
1548,4.96301,4.72575,3.457e-04,0.723,0.149,15387
1549,4.92274,4.72575,3.454e-04,0.719,0.147,15373
1550,4.89652,4.72575,3.451e-04,0.803,0.208,15373
1551,4.72529,4.72575,3.448e-04,0.832,0.189,15377
1552,4.73930,4.72575,3.445e-04,0.682,0.143,15375
1553,4.61162,4.72575,3.442e-04,0.768,0.179,15377
1554,4.54638,4.72575,3.439e-04,0.780,0.175,15353
1555,4.82179,4.72575,3.436e-04,0.740,0.180,15380
1556,4.91957,4.72575,3.433e-04,0.769,0.174,15392
1557,4.66473,4.72575,3.430e-04,0.753,0.203,15388
1558,4.77900,4.72575,3.427e-04,0.789,0.206,15356
1559,4.88380,4.72575,3.424e-04,0.666,0.146,15361
1560,4.83270,4.72575,3.421e-04,0.814,0.207,15358
1561,4.64689,4.72575,3.418e-04,0.787,0.190,15360
1562,4.55797,4.72575,3.415e-04,0.744,0.208,15370
1563,4.86099,4.72575,3.412e-04,0.731,0.167,15392
1564,4.64198,4.72575,3.409e-04,0.765,0.175,15373
1565,5.03843,4.72575,3.406e-04,0.821,0.177,15362
1566,4.88194,4.72575,3.403e-04,0.838,0.187,15363
1567,4.72736,4.72575,3.400e-04,0.820,0.199,15356
1568,4.64902,4.72575,3.397e-04,0.846,0.169,15367
1569,4.62203,4.72575,3.394e-04,0.791,0.178,15375
1570,4.69479,4.72575,3.391e-04,0.764,0.182,15366
1571,4.69272,4.72575,3.388e-04,0.724,0.157,15414
1572,4.85541,4.72575,3.385e-04,0.740,0.155,15370
1573,4.82499,4.72575,3.382e-04,0.759,0.158,15371
1574,4.69391,4.72575,3.379e-04,0.757,0.180,15358
1575,4.91031,4.72575,3.376e-04,0.734,0.173,15360
1576,4.75848,4.72575,3.373e-04,0.816,0.173,15365
1577,4.58441,4.72575,3.370e-04,0.792,0.193,15356
1578,4.61941,4.72575,3.367e-04,0.902,0.196,15393
1579,4.79049,4.72575,3.364e-04,0.758,0.161,15378
1580,4.82228,4.72575,3.361e-04,0.839,0.210,15348
1581,4.84769,4.72575,3.358e-04,0.761,0.176,15346
1582,4.97398,4.72575,3.355e-04,0.717,0.159,15361
1583,4.77643,4.72575,3.351e-04,0.770,0.172,15365
1584,4.61037,4.72575,3.348e-04,0.698,0.151,15361
1585,4.83455,4.72575,3.345e-04,0.772,0.173,15383
1586,4.44277,4.72575,3.342e-04,0.760,0.163,15379
1587,4.73629,4.72575,3.339e-04,0.777,0.191,15377
1588,4.73036,4.72575,3.336e-04,0.753,0.178,15349
1589,4.61954,4.72575,3.333e-04,0.779,0.187,15355
1590,4.59750,4.72575,3.330e-04,0.766,0.198,15370
1591,4.62755,4.72575,3.327e-04,0.750,0.194,15374
1592,4.80912,4.72575,3.324e-04,0.740,0.151,15366
1593,4.88635,4.72575,3.321e-04,0.814,0.214,15379
1594,4.80541,4.72575,3.318e-04,0.711,0.155,15376
1595,4.95234,4.72575,3.315e-04,0.828,0.219,15366
1596,4.58394,4.72575,3.312e-04,0.851,0.182,15364
1597,4.69427,4.72575,3.309e-04,0.774,0.157,15391
1598,4.48770,4.72575,3.306e-04,0.986,0.279,15353
1599,4.77869,4.72575,3.303e-04,0.859,0.200,15369
1600,4.42394,4.72575,3.300e-04,0.936,0.283,15363
1601,4.72959,4.72575,3.297e-04,0.763,0.147,15381
1602,4.61848,4.72575,3.294e-04,0.998,0.298,15384
1603,4.75881,4.72575,3.291e-04,0.871,0.184,15359
1604,4.40450,4.72575,3.288e-04,0.811,0.179,15383
1605,4.75050,4.72575,3.285e-04,0.750,0.161,15358
1606,4.57022,4.72575,3.282e-04,0.829,0.164,15353
1607,4.55484,4.72575,3.279e-04,0.771,0.160,15352
1608,4.76002,4.72575,3.276e-04,0.905,0.191,15400
1609,4.58272,4.72575,3.273e-04,0.812,0.164,15383
1610,4.65229,4.72575,3.270e-04,0.848,0.163,15372
1611,4.67121,4.72575,3.267e-04,0.809,0.194,15359
1612,4.65698,4.72575,3.264e-04,0.721,0.155,15366
1613,4.59349,4.72575,3.261e-04,0.750,0.193,15363
1614,4.87567,4.72575,3.258e-04,0.860,0.209,15384
1615,4.77591,4.72575,3.255e-04,0.772,0.166,15366
1616,4.87832,4.72575,3.252e-04,0.778,0.169,15370
1617,4.83491,4.72575,3.249e-04,0.791,0.188,15399
1618,4.66602,4.72575,3.245e-04,0.860,0.177,15374
1619,4.37984,4.72575,3.242e-04,0.774,0.181,15357
1620,4.81970,4.72575,3.239e-04,0.810,0.166,15363
1621,4.74418,4.72575,3.236e-04,0.687,0.162,15386
1622,4.66838,4.72575,3.233e-04,0.848,0.198,15375
1623,4.74890,4.72575,3.230e-04,0.823,0.199,15383
1624,4.84794,4.72575,3.227e-04,0.707,0.163,15378
1625,4.50252,4.72575,3.224e-04,0.756,0.163,15377
1626,4.72079,4.72575,3.221e-04,0.828,0.166,15359
1627,4.59200,4.72575,3.218e-04,0.997,0.273,15365
1628,4.63162,4.72575,3.215e-04,0.847,0.251,15348
1629,4.52019,4.72575,3.212e-04,0.849,0.200,15363
1630,4.66875,4.72575,3.209e-04,0.775,0.178,15359
1631,4.61739,4.72575,3.206e-04,0.761,0.167,15379
1632,4.59681,4.72575,3.203e-04,0.841,0.183,15397
1633,4.88087,4.72575,3.200e-04,0.777,0.161,15377
1634,4.75838,4.72575,3.197e-04,0.869,0.192,15371
1635,4.59307,4.72575,3.194e-04,0.746,0.167,15370
1636,4.68269,4.72575,3.191e-04,0.852,0.233,15371
1637,4.45933,4.72575,3.188e-04,0.936,0.238,15368
1638,4.78356,4.72575,3.185e-04,0.751,0.187,15362
1639,4.58699,4.72575,3.182e-04,0.785,0.153,15385
1640,4.76777,4.72575,3.179e-04,0.826,0.173,15375
1641,4.77885,4.72575,3.176e-04,0.788,0.188,15367
1642,4.70954,4.72575,3.173e-04,0.851,0.194,15372
1643,4.53622,4.72575,3.170e-04,0.807,0.179,15351
1644,4.82296,4.72575,3.167e-04,0.842,0.186,15377
1645,4.33362,4.72575,3.164e-04,0.897,0.259,15365
1646,4.41020,4.72575,3.161e-04,0.779,0.187,15382
1647,4.38245,4.72575,3.158e-04,0.941,0.253,15415
1648,4.51436,4.72575,3.155e-04,0.959,0.248,15369
1649,4.69370,4.72575,3.152e-04,0.781,0.188,15378
1650,4.80536,4.72575,3.149e-04,0.912,0.233,15333
1651,4.62530,4.72575,3.146e-04,0.855,0.229,15369
1652,4.92399,4.72575,3.143e-04,0.857,0.190,15370
1653,4.67043,4.72575,3.140e-04,0.859,0.201,15365
1654,4.64351,4.72575,3.137e-04,0.847,0.206,15401
1655,4.67883,4.72575,3.133e-04,0.878,0.207,15365
1656,4.68098,4.72575,3.130e-04,0.893,0.220,15369
1657,4.85193,4.72575,3.127e-04,0.797,0.171,15362
1658,4.69242,4.72575,3.124e-04,0.813,0.170,15364
1659,4.53844,4.72575,3.121e-04,0.867,0.198,15364
1660,4.77446,4.72575,3.118e-04,0.722,0.156,15346
1661,4.40508,4.72575,3.115e-04,0.830,0.170,15381
1662,4.75779,4.72575,3.112e-04,0.774,0.160,15408
1663,4.54150,4.72575,3.109e-04,0.744,0.162,15370
1664,4.51413,4.72575,3.106e-04,0.890,0.183,15368
1665,4.90573,4.72575,3.103e-04,0.741,0.151,15368
1666,4.63683,4.72575,3.100e-04,0.770,0.167,15369
1667,4.54955,4.72575,3.097e-04,0.763,0.168,15356
1668,4.64491,4.72575,3.094e-04,0.810,0.200,15365
1669,4.81058,4.72575,3.091e-04,0.776,0.160,15397
1670,4.72832,4.72575,3.088e-04,0.724,0.165,15387
1671,4.69560,4.72575,3.085e-04,0.767,0.148,15353
1672,4.78770,4.72575,3.082e-04,0.767,0.166,15364
1673,4.72643,4.72575,3.079e-04,0.798,0.175,15368
1674,4.89918,4.72575,3.076e-04,0.792,0.169,15361
1675,4.62519,4.72575,3.073e-04,0.839,0.205,15378
1676,4.57009,4.72575,3.070e-04,0.775,0.158,15366
1677,4.93857,4.72575,3.067e-04,0.773,0.171,15386
1678,4.73757,4.72575,3.064e-04,0.792,0.168,15370
1679,4.60029,4.72575,3.061e-04,0.828,0.166,15357
1680,4.61495,4.72575,3.058e-04,0.884,0.203,15370
1681,4.53343,4.72575,3.055e-04,0.836,0.180,15368
1682,4.74138,4.72575,3.052e-04,0.864,0.244,15364
1683,4.63310,4.72575,3.049e-04,0.818,0.216,15373
1684,4.63472,4.72575,3.046e-04,0.754,0.199,15383
1685,4.78346,4.72575,3.043e-04,0.797,0.169,15388
1686,4.41674,4.72575,3.040e-04,0.818,0.202,15363
1687,4.80227,4.72575,3.037e-04,0.749,0.166,15368
1688,4.73040,4.72575,3.034e-04,0.855,0.175,15364
1689,4.68287,4.72575,3.031e-04,0.814,0.164,15353
1690,4.71036,4.72575,3.028e-04,0.740,0.149,15366
1691,4.55622,4.72575,3.025e-04,0.807,0.174,15366
1692,4.53276,4.72575,3.022e-04,0.782,0.160,15389
1693,4.62142,4.72575,3.019e-04,0.772,0.164,15390
1694,4.74691,4.72575,3.016e-04,0.873,0.215,15380
1695,4.81967,4.72575,3.013e-04,0.900,0.239,15391
1696,4.75829,4.72575,3.010e-04,0.774,0.151,15351
1697,4.60139,4.72575,3.007e-04,0.844,0.191,15365
1698,4.77800,4.72575,3.004e-04,0.817,0.184,15359
1699,4.63889,4.72575,3.001e-04,0.862,0.187,15390
1700,4.60556,4.72575,2.998e-04,0.757,0.148,15398
1701,4.74469,4.72575,2.995e-04,0.786,0.169,15365
1702,4.57162,4.72575,2.992e-04,0.818,0.164,15382
1703,4.35828,4.72575,2.989e-04,0.835,0.204,15362
1704,4.34986,4.72575,2.986e-04,0.826,0.151,15353
1705,4.40105,4.72575,2.983e-04,0.840,0.195,15377
1706,4.63728,4.72575,2.980e-04,0.828,0.184,15351
1707,4.46352,4.72575,2.977e-04,0.914,0.223,15395
1708,4.71873,4.72575,2.974e-04,0.778,0.151,15367
1709,4.39043,4.72575,2.971e-04,0.806,0.190,15368
1710,4.69739,4.72575,2.968e-04,0.834,0.180,15360
1711,4.97014,4.72575,2.965e-04,0.792,0.193,15366
1712,4.64343,4.72575,2.962e-04,0.765,0.180,15361
1713,4.46333,4.72575,2.959e-04,1.120,0.379,15350
1714,4.79642,4.72575,2.956e-04,0.826,0.166,15376
1715,4.74884,4.72575,2.953e-04,0.853,0.205,15384
1716,4.75757,4.72575,2.950e-04,0.894,0.196,15374
1717,4.74457,4.72575,2.947e-04,0.800,0.163,15357
1718,4.55381,4.72575,2.944e-04,0.850,0.176,15355
1719,4.62037,4.72575,2.941e-04,0.756,0.152,15364
1720,4.97101,4.72575,2.938e-04,0.810,0.156,15376
1721,4.54342,4.72575,2.935e-04,0.849,0.176,15355
1722,4.70554,4.72575,2.932e-04,0.785,0.163,15389
1723,4.61055,4.72575,2.929e-04,0.872,0.169,15397
1724,4.70292,4.72575,2.926e-04,0.841,0.169,15367
1725,4.45931,4.72575,2.923e-04,0.817,0.202,15355
1726,5.07058,4.72575,2.920e-04,0.807,0.170,15360
1727,4.66089,4.72575,2.917e-04,0.746,0.171,15384
1728,4.70644,4.72575,2.914e-04,0.809,0.189,15371
1729,4.72834,4.72575,2.911e-04,0.824,0.162,15370
1730,4.40336,4.72575,2.908e-04,0.977,0.238,15387
1731,4.61163,4.72575,2.905e-04,0.749,0.159,15397
1732,4.53930,4.72575,2.902e-04,0.829,0.174,15367
1733,4.64381,4.72575,2.899e-04,0.739,0.155,15377
1734,4.84321,4.72575,2.896e-04,0.757,0.161,15357
1735,4.48659,4.72575,2.893e-04,0.806,0.162,15361
1736,4.27285,4.72575,2.890e-04,0.899,0.222,15388
1737,4.67606,4.72575,2.887e-04,0.800,0.162,15379
1738,4.59148,4.72575,2.884e-04,0.894,0.185,15368
1739,4.34443,4.72575,2.881e-04,0.805,0.175,15344
1740,4.51904,4.72575,2.878e-04,0.869,0.199,15366
1741,4.56059,4.72575,2.875e-04,0.843,0.213,15377
1742,4.77665,4.72575,2.872e-04,0.901,0.188,15364
1743,4.59873,4.72575,2.869e-04,0.851,0.190,15369
1744,4.61023,4.72575,2.866e-04,0.855,0.218,15365
1745,4.77405,4.72575,2.863e-04,0.846,0.243,15373
1746,4.72914,4.72575,2.860e-04,0.877,0.221,15371
1747,4.60154,4.72575,2.857e-04,0.807,0.193,15367
1748,4.92646,4.72575,2.854e-04,0.865,0.196,15355
1749,4.51223,4.72575,2.851e-04,0.918,0.197,15369
1750,4.62740,4.60119,2.848e-04,0.834,0.175,7143
1751,4.58757,4.60119,2.845e-04,0.734,0.157,15547
1752,4.93780,4.60119,2.842e-04,0.870,0.203,15376
1753,4.56169,4.60119,2.839e-04,0.904,0.190,15362
1754,4.80633,4.60119,2.836e-04,0.783,0.172,15355
1755,4.56971,4.60119,2.833e-04,0.810,0.156,15373
1756,4.54065,4.60119,2.830e-04,0.758,0.160,15376
1757,4.60259,4.60119,2.827e-04,0.769,0.151,15406
1758,4.67647,4.60119,2.824e-04,0.804,0.156,15370
1759,4.54188,4.60119,2.821e-04,0.734,0.153,15363
1760,4.61413,4.60119,2.818e-04,0.850,0.191,15360
1761,4.51485,4.60119,2.815e-04,0.756,0.145,15352
1762,4.54009,4.60119,2.812e-04,0.866,0.175,15365
1763,4.67483,4.60119,2.809e-04,0.846,0.183,15349
1764,4.79626,4.60119,2.806e-04,0.851,0.169,15380
1765,4.64812,4.60119,2.803e-04,0.797,0.229,15401
1766,4.75570,4.60119,2.800e-04,0.747,0.157,15372
1767,4.98350,4.60119,2.797e-04,0.875,0.192,15364
1768,4.68110,4.60119,2.794e-04,0.809,0.191,15367
1769,4.76427,4.60119,2.791e-04,0.887,0.174,15372
1770,4.70417,4.60119,2.788e-04,0.889,0.230,15347
1771,4.51396,4.60119,2.785e-04,0.821,0.193,15368
1772,4.34346,4.60119,2.782e-04,0.829,0.192,15397
1773,5.03887,4.60119,2.779e-04,0.852,0.179,15373
1774,4.83152,4.60119,2.776e-04,0.789,0.150,15364
1775,4.66430,4.60119,2.773e-04,0.873,0.213,15360
1776,4.70652,4.60119,2.770e-04,0.774,0.165,15365
1777,4.50575,4.60119,2.767e-04,0.774,0.165,15357
1778,4.80297,4.60119,2.764e-04,0.852,0.160,15373
1779,4.60600,4.60119,2.761e-04,0.796,0.160,15378
1780,4.50379,4.60119,2.758e-04,0.829,0.185,15395
1781,4.68166,4.60119,2.755e-04,0.817,0.181,15363
1782,4.56627,4.60119,2.752e-04,0.842,0.179,15387
1783,4.47673,4.60119,2.750e-04,0.764,0.150,15358
1784,4.74502,4.60119,2.747e-04,0.910,0.186,15360
1785,4.64290,4.60119,2.744e-04,0.979,0.206,15359
1786,4.80640,4.60119,2.741e-04,0.803,0.158,15368
1787,4.55556,4.60119,2.738e-04,0.749,0.156,15392
1788,4.67572,4.60119,2.735e-04,0.896,0.162,15386
1789,4.34807,4.60119,2.732e-04,0.773,0.171,15366
1790,4.57317,4.60119,2.729e-04,0.835,0.166,15357
1791,4.31169,4.60119,2.726e-04,0.966,0.263,15348
1792,4.63694,4.60119,2.723e-04,0.832,0.180,15374
1793,4.62680,4.60119,2.720e-04,0.788,0.169,15355
1794,4.62830,4.60119,2.717e-04,0.806,0.184,15373
1795,4.58318,4.60119,2.714e-04,0.780,0.149,15389
1796,4.67656,4.60119,2.711e-04,0.866,0.219,15372
1797,4.55334,4.60119,2.708e-04,0.834,0.151,15370
1798,4.65402,4.60119,2.705e-04,0.863,0.183,15367
1799,4.66826,4.60119,2.702e-04,0.773,0.168,15351
1800,4.68773,4.60119,2.699e-04,0.775,0.145,15362
1801,4.52655,4.60119,2.696e-04,0.847,0.187,15371
1802,4.54133,4.60119,2.693e-04,0.787,0.164,15401
1803,4.84925,4.60119,2.690e-04,0.800,0.153,15360
1804,4.80468,4.60119,2.687e-04,0.820,0.164,15356
1805,4.49598,4.60119,2.684e-04,0.877,0.187,15375
1806,4.61290,4.60119,2.681e-04,0.795,0.148,15354
1807,4.43395,4.60119,2.679e-04,0.821,0.180,15355
1808,4.65591,4.60119,2.676e-04,0.886,0.163,15372
1809,5.03228,4.60119,2.673e-04,0.776,0.151,15383
1810,4.50283,4.60119,2.670e-04,0.929,0.228,15389
1811,4.62520,4.60119,2.667e-04,0.897,0.185,15393
1812,4.63808,4.60119,2.664e-04,0.781,0.169,15370
1813,4.91146,4.60119,2.661e-04,0.807,0.157,15392
1814,4.57105,4.60119,2.658e-04,0.884,0.198,15365
1815,4.68493,4.60119,2.655e-04,0.869,0.178,15358
1816,4.54680,4.60119,2.652e-04,0.842,0.164,15359
1817,4.69794,4.60119,2.649e-04,0.851,0.156,15373
1818,4.66455,4.60119,2.646e-04,0.778,0.143,15397
1819,4.59749,4.60119,2.643e-04,0.780,0.146,15354
1820,4.43955,4.60119,2.640e-04,0.775,0.152,15380
1821,4.69866,4.60119,2.637e-04,0.746,0.149,15364
1822,4.89190,4.60119,2.634e-04,0.755,0.142,15367
1823,4.56786,4.60119,2.631e-04,0.870,0.203,15363
1824,4.35142,4.60119,2.629e-04,0.851,0.162,15372
1825,4.46867,4.60119,2.626e-04,0.818,0.183,15386
1826,4.69940,4.60119,2.623e-04,0.852,0.167,15372
1827,4.56343,4.60119,2.620e-04,0.860,0.158,15381
1828,4.67895,4.60119,2.617e-04,0.917,0.178,15358
1829,4.30493,4.60119,2.614e-04,0.929,0.189,15370
1830,4.84701,4.60119,2.611e-04,0.840,0.163,15366
1831,4.68483,4.60119,2.608e-04,0.814,0.172,15363
1832,4.63800,4.60119,2.605e-04,0.802,0.160,15383
1833,4.45699,4.60119,2.602e-04,0.808,0.185,15398
1834,4.29815,4.60119,2.599e-04,0.812,0.167,15379
1835,4.57339,4.60119,2.596e-04,0.763,0.177,15371
1836,4.41094,4.60119,2.593e-04,0.808,0.168,15358
1837,4.62624,4.60119,2.590e-04,0.867,0.213,15385
1838,4.79263,4.60119,2.588e-04,0.728,0.141,15370
1839,4.71797,4.60119,2.585e-04,0.765,0.154,15377
1840,4.64100,4.60119,2.582e-04,0.791,0.174,15405
1841,4.47725,4.60119,2.579e-04,0.882,0.214,15383
1842,4.80706,4.60119,2.576e-04,0.751,0.139,15373
1843,4.57609,4.60119,2.573e-04,0.846,0.181,15363
1844,4.52101,4.60119,2.570e-04,0.825,0.165,15360
1845,4.91364,4.60119,2.567e-04,0.826,0.161,15380
1846,4.76592,4.60119,2.564e-04,0.830,0.164,15364
1847,4.72550,4.60119,2.561e-04,0.987,0.201,15378
1848,4.36865,4.60119,2.558e-04,0.874,0.173,15404
1849,4.81577,4.60119,2.555e-04,0.901,0.177,15390
1850,4.42992,4.60119,2.553e-04,0.850,0.181,15379
1851,4.77269,4.60119,2.550e-04,0.996,0.224,15381
1852,4.68697,4.60119,2.547e-04,0.855,0.153,15365
1853,4.61901,4.60119,2.544e-04,0.933,0.202,15356
1854,4.96821,4.60119,2.541e-04,0.928,0.205,15362
1855,4.48745,4.60119,2.538e-04,0.992,0.227,15380
1856,4.60434,4.60119,2.535e-04,0.948,0.206,15419
1857,4.70754,4.60119,2.532e-04,0.898,0.185,15358
1858,4.53344,4.60119,2.529e-04,0.927,0.239,15370
1859,4.55370,4.60119,2.526e-04,0.871,0.158,15372
1860,4.53247,4.60119,2.523e-04,0.818,0.178,15360
1861,4.74182,4.60119,2.521e-04,0.911,0.183,15371
1862,4.86974,4.60119,2.518e-04,0.740,0.142,15350
1863,4.60432,4.60119,2.515e-04,0.799,0.173,15398
1864,4.55562,4.60119,2.512e-04,0.761,0.170,15383
1865,4.58611,4.60119,2.509e-04,0.756,0.156,15374
1866,4.61621,4.60119,2.506e-04,0.775,0.165,15384
1867,4.57996,4.60119,2.503e-04,0.755,0.167,15373
1868,4.59493,4.60119,2.500e-04,0.756,0.146,15376
1869,4.64970,4.60119,2.497e-04,0.883,0.179,15376
1870,4.60398,4.60119,2.495e-04,0.822,0.160,15387
1871,4.81631,4.60119,2.492e-04,0.858,0.173,15381
1872,4.85223,4.60119,2.489e-04,0.803,0.152,15387
1873,4.14114,4.60119,2.486e-04,0.987,0.187,15377
1874,4.37020,4.60119,2.483e-04,0.800,0.168,15376
1875,4.52567,4.60119,2.480e-04,0.850,0.169,15371
1876,4.45520,4.60119,2.477e-04,0.958,0.282,15369
1877,4.48084,4.60119,2.474e-04,0.781,0.149,15359
1878,4.52227,4.60119,2.471e-04,0.889,0.222,15377
1879,4.89732,4.60119,2.469e-04,0.866,0.174,15393
1880,4.22332,4.60119,2.466e-04,0.999,0.238,15386
1881,4.63482,4.60119,2.463e-04,0.862,0.186,15355
1882,4.69351,4.60119,2.460e-04,0.800,0.156,15361
1883,4.59882,4.60119,2.457e-04,0.885,0.189,15381
1884,4.61848,4.60119,2.454e-04,0.874,0.158,15373
1885,4.68688,4.60119,2.451e-04,0.817,0.164,15358
1886,4.58716,4.60119,2.448e-04,0.815,0.167,15389
1887,4.71557,4.60119,2.446e-04,0.833,0.153,15384
1888,4.50277,4.60119,2.443e-04,0.844,0.164,15380
1889,4.66717,4.60119,2.440e-04,0.809,0.152,15361
1890,4.64112,4.60119,2.437e-04,0.790,0.164,15371
1891,4.52433,4.60119,2.434e-04,0.818,0.171,15372
1892,4.46097,4.60119,2.431e-04,0.872,0.180,15380
1893,4.38675,4.60119,2.428e-04,0.920,0.213,15375
1894,4.71690,4.60119,2.425e-04,0.896,0.191,15393
1895,4.64976,4.60119,2.423e-04,0.798,0.161,15372
1896,4.55164,4.60119,2.420e-04,0.928,0.193,15361
1897,4.80818,4.60119,2.417e-04,0.756,0.145,15381
1898,4.81537,4.60119,2.414e-04,0.855,0.172,15350
1899,4.52324,4.60119,2.411e-04,0.884,0.172,15368
1900,4.34337,4.60119,2.408e-04,0.880,0.219,15358
1901,4.43716,4.60119,2.405e-04,0.885,0.162,15389
1902,4.35455,4.60119,2.403e-04,0.913,0.199,15384
1903,4.70917,4.60119,2.400e-04,0.849,0.186,15377
1904,4.69665,4.60119,2.397e-04,0.839,0.192,15358
1905,4.72261,4.60119,2.394e-04,0.808,0.164,15355
1906,4.42310,4.60119,2.391e-04,0.862,0.214,15380
1907,4.57020,4.60119,2.388e-04,0.809,0.174,15363
1908,4.58799,4.60119,2.385e-04,0.941,0.189,15379
1909,4.55564,4.60119,2.383e-04,0.864,0.157,15386
1910,4.81689,4.60119,2.380e-04,0.836,0.172,15363
1911,4.50859,4.60119,2.377e-04,1.001,0.200,15375
1912,4.97073,4.60119,2.374e-04,0.810,0.164,15361
1913,4.40984,4.60119,2.371e-04,0.828,0.179,15363
1914,4.53362,4.60119,2.368e-04,1.016,0.186,15363
1915,4.50246,4.60119,2.365e-04,0.853,0.153,15363
1916,4.52681,4.60119,2.363e-04,0.918,0.194,15380
1917,4.78779,4.60119,2.360e-04,0.862,0.156,15381
1918,4.65756,4.60119,2.357e-04,0.816,0.157,15353
1919,4.67917,4.60119,2.354e-04,0.841,0.158,15361
1920,4.37908,4.60119,2.351e-04,0.910,0.200,15359
1921,4.71491,4.60119,2.348e-04,0.825,0.149,15374
1922,4.44041,4.60119,2.346e-04,0.946,0.203,15375
1923,4.76510,4.60119,2.343e-04,0.877,0.166,15392
1924,4.59908,4.60119,2.340e-04,0.816,0.173,15388
1925,4.28987,4.60119,2.337e-04,0.830,0.152,15386
1926,4.46797,4.60119,2.334e-04,0.883,0.189,15380
1927,4.56860,4.60119,2.331e-04,0.844,0.187,15364
1928,4.83600,4.60119,2.329e-04,0.884,0.177,15352
1929,4.58621,4.60119,2.326e-04,0.819,0.160,15374
1930,4.66753,4.60119,2.323e-04,0.855,0.168,15348
1931,4.62652,4.60119,2.320e-04,0.814,0.145,15384
1932,4.77412,4.60119,2.317e-04,0.868,0.188,15385
1933,4.46350,4.60119,2.315e-04,0.814,0.159,15361
1934,4.44201,4.60119,2.312e-04,0.870,0.192,15361
1935,4.71807,4.60119,2.309e-04,0.845,0.155,15347
1936,4.57181,4.60119,2.306e-04,0.878,0.176,15354
1937,4.53479,4.60119,2.303e-04,0.846,0.168,15370
1938,4.58739,4.60119,2.300e-04,0.860,0.168,15393
1939,4.38473,4.60119,2.298e-04,0.827,0.181,15387
1940,4.79446,4.60119,2.295e-04,0.834,0.173,15408
1941,4.47886,4.60119,2.292e-04,0.880,0.173,15358
1942,4.60665,4.60119,2.289e-04,0.866,0.180,15350
1943,4.45422,4.60119,2.286e-04,0.783,0.141,15358
1944,4.48049,4.60119,2.284e-04,0.850,0.172,15360
1945,4.55210,4.60119,2.281e-04,0.848,0.157,15345
1946,4.67328,4.60119,2.278e-04,0.851,0.153,15384
1947,4.48294,4.60119,2.275e-04,0.800,0.138,15392
1948,4.53413,4.60119,2.272e-04,0.910,0.199,15367
1949,4.58745,4.60119,2.270e-04,0.798,0.147,15361
1950,4.37603,4.60119,2.267e-04,0.843,0.195,15365
1951,4.87433,4.60119,2.264e-04,0.800,0.158,15367
1952,4.60300,4.60119,2.261e-04,0.859,0.209,15364
1953,4.76928,4.60119,2.258e-04,0.781,0.157,15369
1954,4.54700,4.60119,2.256e-04,1.013,0.219,15393
1955,4.57707,4.60119,2.253e-04,0.918,0.160,15377
1956,4.60042,4.60119,2.250e-04,0.829,0.184,15370
1957,4.49447,4.60119,2.247e-04,0.867,0.160,15361
1958,4.61044,4.60119,2.244e-04,0.918,0.188,15359
1959,4.58107,4.60119,2.242e-04,0.812,0.177,15376
1960,4.62204,4.60119,2.239e-04,0.890,0.163,15364
1961,4.66456,4.60119,2.236e-04,0.926,0.194,15365
1962,4.41149,4.60119,2.233e-04,0.961,0.232,15382
1963,4.46824,4.60119,2.230e-04,0.988,0.228,15377
1964,4.49473,4.60119,2.228e-04,0.805,0.186,15367
1965,4.44860,4.60119,2.225e-04,0.826,0.184,15355
1966,4.64810,4.60119,2.222e-04,0.913,0.196,15358
1967,4.52409,4.60119,2.219e-04,0.783,0.152,15359
1968,4.38133,4.60119,2.217e-04,0.888,0.172,15359
1969,4.41622,4.60119,2.214e-04,0.854,0.198,15356
1970,4.32562,4.60119,2.211e-04,0.810,0.160,15396
1971,4.58079,4.60119,2.208e-04,0.891,0.159,15366
1972,4.69143,4.60119,2.206e-04,0.791,0.155,15359
1973,4.54906,4.60119,2.203e-04,0.862,0.204,15371
1974,4.55882,4.60119,2.200e-04,0.799,0.141,15383
1975,4.69767,4.60119,2.197e-04,0.802,0.153,15379
1976,4.12663,4.60119,2.194e-04,0.897,0.245,15373
1977,4.64007,4.60119,2.192e-04,0.847,0.167,15405
1978,4.61030,4.60119,2.189e-04,0.843,0.157,15395
1979,4.41975,4.60119,2.186e-04,0.869,0.162,15363
1980,4.57002,4.60119,2.183e-04,0.804,0.156,15373
1981,4.39391,4.60119,2.181e-04,0.871,0.172,15346
1982,4.74353,4.60119,2.178e-04,0.865,0.173,15370
1983,4.77131,4.60119,2.175e-04,0.792,0.151,15389
1984,4.64431,4.60119,2.172e-04,0.850,0.163,15372
1985,4.51366,4.60119,2.170e-04,0.816,0.140,15393
1986,4.64668,4.60119,2.167e-04,0.815,0.176,15362
1987,4.57621,4.60119,2.164e-04,0.922,0.180,15366
1988,4.58391,4.60119,2.161e-04,0.917,0.180,15363
1989,4.43062,4.60119,2.159e-04,0.849,0.155,15342
1990,4.65049,4.60119,2.156e-04,0.921,0.185,15368
1991,4.33769,4.60119,2.153e-04,0.770,0.148,15366
1992,4.38448,4.60119,2.150e-04,0.888,0.163,15387
1993,4.69459,4.60119,2.148e-04,0.819,0.160,15396
1994,4.64631,4.60119,2.145e-04,0.898,0.147,15367
1995,4.46871,4.60119,2.142e-04,0.933,0.169,15369
1996,4.59995,4.60119,2.139e-04,0.886,0.207,15366
1997,4.49333,4.60119,2.137e-04,0.958,0.174,15360
1998,4.64887,4.60119,2.134e-04,0.889,0.188,15377
1999,4.45918,4.60119,2.131e-04,0.889,0.193,15385
2000,4.49602,4.49971,2.129e-04,0.963,0.200,7130
2001,4.48733,4.49971,2.126e-04,0.891,0.197,15556
2002,4.51402,4.49971,2.123e-04,0.805,0.182,15388
2003,4.33147,4.49971,2.120e-04,0.915,0.171,15377
2004,4.70269,4.49971,2.118e-04,0.836,0.168,15393
2005,4.70993,4.49971,2.115e-04,0.875,0.202,15383
2006,4.45658,4.49971,2.112e-04,0.867,0.156,15371
2007,4.42068,4.49971,2.109e-04,0.855,0.170,15361
2008,4.78236,4.49971,2.107e-04,0.767,0.163,15364
2009,4.64802,4.49971,2.104e-04,0.774,0.147,15368
2010,4.83697,4.49971,2.101e-04,0.795,0.148,15373
2011,4.55248,4.49971,2.099e-04,0.870,0.169,15375
2012,4.40756,4.49971,2.096e-04,0.871,0.163,15386
2013,4.43484,4.49971,2.093e-04,0.875,0.165,15375
2014,4.70878,4.49971,2.090e-04,0.787,0.145,15369
2015,4.67032,4.49971,2.088e-04,0.840,0.154,15366
2016,4.54304,4.49971,2.085e-04,0.839,0.192,15360
2017,4.32318,4.49971,2.082e-04,0.860,0.157,15387
2018,4.45372,4.49971,2.080e-04,0.854,0.152,15375
2019,4.54580,4.49971,2.077e-04,0.808,0.187,15377
2020,4.50034,4.49971,2.074e-04,0.834,0.165,15380
2021,4.46342,4.49971,2.072e-04,0.807,0.165,15382
2022,4.60573,4.49971,2.069e-04,0.868,0.180,15354
2023,4.49894,4.49971,2.066e-04,0.867,0.163,15367
2024,4.35233,4.49971,2.063e-04,0.800,0.149,15383
2025,4.44269,4.49971,2.061e-04,0.847,0.165,15364
2026,4.67895,4.49971,2.058e-04,0.796,0.150,15369
2027,4.57539,4.49971,2.055e-04,0.816,0.187,15409
2028,4.81306,4.49971,2.053e-04,0.803,0.143,15391
2029,4.48135,4.49971,2.050e-04,0.884,0.170,15365
2030,4.41466,4.49971,2.047e-04,0.873,0.157,15365
2031,4.67994,4.49971,2.045e-04,0.888,0.149,15358
2032,4.61800,4.49971,2.042e-04,0.793,0.146,15374
2033,4.63747,4.49971,2.039e-04,0.880,0.160,15372
2034,4.53386,4.49971,2.037e-04,0.865,0.175,15373
2035,4.85760,4.49971,2.034e-04,0.755,0.147,15400
2036,4.64011,4.49971,2.031e-04,0.870,0.161,15380
2037,4.55207,4.49971,2.029e-04,0.824,0.159,15353
2038,4.35742,4.49971,2.026e-04,0.853,0.169,15375
2039,4.34344,4.49971,2.023e-04,0.937,0.199,15363
2040,4.64840,4.49971,2.021e-04,0.831,0.153,15368
2041,4.68981,4.49971,2.018e-04,0.915,0.163,15362
2042,4.45717,4.49971,2.015e-04,0.878,0.170,15396
2043,4.58734,4.49971,2.013e-04,0.916,0.163,15376
2044,4.51299,4.49971,2.010e-04,0.907,0.168,15378
2045,4.33324,4.49971,2.007e-04,0.887,0.219,15379
2046,4.42108,4.49971,2.005e-04,0.838,0.177,15359
2047,4.59400,4.49971,2.002e-04,0.893,0.172,15358
2048,4.63438,4.49971,1.999e-04,0.844,0.175,15372
2049,4.27883,4.49971,1.997e-04,0.855,0.162,15371
2050,4.88896,4.49971,1.994e-04,0.944,0.174,15396
2051,4.85011,4.49971,1.991e-04,0.910,0.173,15378
2052,4.35080,4.49971,1.989e-04,1.041,0.205,15373
2053,4.52531,4.49971,1.986e-04,0.831,0.147,15374
2054,4.65299,4.49971,1.983e-04,0.925,0.177,15357
2055,4.45653,4.49971,1.981e-04,0.857,0.160,15362
2056,4.51065,4.49971,1.978e-04,0.851,0.174,15370
2057,4.49578,4.49971,1.975e-04,0.916,0.171,15407
2058,4.46977,4.49971,1.973e-04,0.874,0.167,15379
2059,4.47497,4.49971,1.970e-04,0.823,0.163,15351
2060,4.66599,4.49971,1.968e-04,0.801,0.157,15379
2061,4.53471,4.49971,1.965e-04,0.890,0.147,15354
2062,4.39418,4.49971,1.962e-04,0.823,0.146,15379
2063,4.52765,4.49971,1.960e-04,0.808,0.175,15362
2064,4.64276,4.49971,1.957e-04,0.853,0.162,15376
2065,4.59032,4.49971,1.954e-04,0.770,0.134,15393
2066,4.37479,4.49971,1.952e-04,1.009,0.208,15382
2067,4.43319,4.49971,1.949e-04,0.844,0.150,15372
2068,4.24860,4.49971,1.947e-04,0.845,0.167,15369
2069,4.55807,4.49971,1.944e-04,0.810,0.153,15360
2070,4.67720,4.49971,1.941e-04,0.779,0.143,15359
2071,4.39247,4.49971,1.939e-04,0.883,0.189,15360
2072,4.27163,4.49971,1.936e-04,0.798,0.157,15400
2073,4.57604,4.49971,1.933e-04,0.861,0.183,15395
2074,4.54247,4.49971,1.931e-04,0.867,0.168,15354
2075,4.37458,4.49971,1.928e-04,0.802,0.171,15357
2076,4.44323,4.49971,1.926e-04,0.905,0.246,15367
2077,4.74119,4.49971,1.923e-04,0.836,0.160,15385
2078,4.34033,4.49971,1.920e-04,0.878,0.204,15361
2079,4.36859,4.49971,1.918e-04,0.887,0.164,15344
2080,4.36515,4.49971,1.915e-04,0.845,0.160,15399
2081,4.38602,4.49971,1.913e-04,0.838,0.139,15392
2082,4.70800,4.49971,1.910e-04,0.804,0.151,15360
2083,4.56141,4.49971,1.907e-04,0.844,0.159,15353
2084,4.57001,4.49971,1.905e-04,0.788,0.140,15370
2085,4.45900,4.49971,1.902e-04,0.842,0.158,15358
2086,4.72615,4.49971,1.900e-04,0.833,0.147,15373
2087,4.63012,4.49971,1.897e-04,0.824,0.170,15373
2088,4.61441,4.49971,1.894e-04,0.847,0.186,15397
2089,4.55679,4.49971,1.892e-04,0.839,0.169,15398
2090,4.39978,4.49971,1.889e-04,0.819,0.146,15354
2091,4.39398,4.49971,1.887e-04,0.803,0.149,15352
2092,4.51754,4.49971,1.884e-04,0.772,0.137,15368
2093,4.29129,4.49971,1.882e-04,0.870,0.181,15357
2094,4.78981,4.49971,1.879e-04,0.746,0.135,15363
2095,4.55124,4.49971,1.876e-04,1.003,0.250,15400
2096,4.59559,4.49971,1.874e-04,0.782,0.136,15383
2097,4.50788,4.49971,1.871e-04,0.887,0.195,15372
2098,4.39511,4.49971,1.869e-04,0.958,0.184,15354
2099,4.50267,4.49971,1.866e-04,0.838,0.148,15346
2100,4.28875,4.49971,1.864e-04,0.933,0.161,15347
2101,4.46162,4.49971,1.861e-04,0.801,0.158,15376
2102,4.54109,4.49971,1.858e-04,0.849,0.150,15353
2103,4.44026,4.49971,1.856e-04,0.784,0.138,15401
2104,4.56645,4.49971,1.853e-04,0.813,0.158,15362
2105,4.61543,4.49971,1.851e-04,0.832,0.146,15391
2106,4.62048,4.49971,1.848e-04,0.987,0.186,15365
2107,4.58091,4.49971,1.846e-04,0.929,0.203,15384
2108,4.43017,4.49971,1.843e-04,0.863,0.164,15354
2109,4.52013,4.49971,1.841e-04,1.012,0.201,15377
2110,4.56320,4.49971,1.838e-04,0.868,0.160,15385
2111,4.43346,4.49971,1.835e-04,0.821,0.149,15382
2112,4.53842,4.49971,1.833e-04,0.897,0.162,15359
2113,4.51921,4.49971,1.830e-04,0.957,0.177,15358
2114,4.43777,4.49971,1.828e-04,0.869,0.176,15367
2115,4.44336,4.49971,1.825e-04,0.820,0.144,15352
2116,4.22476,4.49971,1.823e-04,0.872,0.149,15358
2117,4.17295,4.49971,1.820e-04,0.862,0.151,15350
2118,4.49336,4.49971,1.818e-04,0.880,0.170,15393
2119,4.36511,4.49971,1.815e-04,0.789,0.143,15376
2120,4.32798,4.49971,1.813e-04,0.863,0.174,15358
2121,4.49142,4.49971,1.810e-04,0.841,0.148,15358
2122,4.60897,4.49971,1.808e-04,0.820,0.146,15375
2123,4.42250,4.49971,1.805e-04,0.851,0.154,15381
2124,4.34625,4.49971,1.802e-04,0.802,0.132,15371
2125,4.42013,4.49971,1.800e-04,0.874,0.194,15363
2126,4.67613,4.49971,1.797e-04,0.762,0.150,15395
2127,4.44637,4.49971,1.795e-04,0.829,0.154,15378
2128,4.72543,4.49971,1.792e-04,0.800,0.155,15372
2129,4.69292,4.49971,1.790e-04,0.762,0.138,15357
2130,4.29360,4.49971,1.787e-04,0.915,0.183,15369
2131,4.60188,4.49971,1.785e-04,1.036,0.191,15353
2132,4.72771,4.49971,1.782e-04,0.823,0.146,15367
2133,4.40404,4.49971,1.780e-04,0.911,0.163,15377
2134,4.38871,4.49971,1.777e-04,0.914,0.163,15393
2135,4.47237,4.49971,1.775e-04,0.919,0.206,15382
2136,4.59561,4.49971,1.772e-04,0.838,0.153,15380
2137,4.62230,4.49971,1.770e-04,0.866,0.195,15359
2138,4.38646,4.49971,1.767e-04,0.896,0.190,15351
2139,4.50376,4.49971,1.765e-04,0.863,0.168,15377
2140,4.31155,4.49971,1.762e-04,0.893,0.184,15361
2141,4.49702,4.49971,1.760e-04,0.791,0.159,15368
2142,4.63355,4.49971,1.757e-04,0.924,0.209,15381
2143,4.34201,4.49971,1.755e-04,0.819,0.159,15383
2144,4.45001,4.49971,1.752e-04,0.891,0.163,15345
2145,4.22636,4.49971,1.750e-04,0.828,0.151,15372
2146,4.57282,4.49971,1.747e-04,0.833,0.153,15350
2147,4.54722,4.49971,1.745e-04,0.843,0.160,15359
2148,4.55423,4.49971,1.743e-04,0.795,0.150,15382
2149,4.61873,4.49971,1.740e-04,0.953,0.179,15376
2150,4.54161,4.49971,1.738e-04,0.875,0.162,15382
2151,4.56104,4.49971,1.735e-04,0.939,0.165,15360
2152,4.75431,4.49971,1.733e-04,0.948,0.215,15348
2153,4.50895,4.49971,1.730e-04,0.828,0.150,15355
2154,4.44347,4.49971,1.728e-04,0.820,0.162,15366
2155,4.38205,4.49971,1.725e-04,0.859,0.178,15375
2156,4.47074,4.49971,1.723e-04,0.775,0.136,15400
2157,4.45786,4.49971,1.720e-04,0.796,0.166,15371
2158,4.40804,4.49971,1.718e-04,0.795,0.156,15376
2159,4.42033,4.49971,1.715e-04,0.865,0.161,15377
2160,4.47234,4.49971,1.713e-04,0.839,0.166,15363
2161,4.41464,4.49971,1.711e-04,0.942,0.176,15374
2162,4.62956,4.49971,1.708e-04,0.823,0.157,15362
2163,4.59759,4.49971,1.706e-04,0.836,0.161,15378
2164,4.59051,4.49971,1.703e-04,0.799,0.143,15387
2165,4.64601,4.49971,1.701e-04,0.849,0.148,15361
2166,4.23137,4.49971,1.698e-04,0.926,0.149,15378
2167,4.44976,4.49971,1.696e-04,0.840,0.158,15355
2168,4.41932,4.49971,1.693e-04,0.841,0.153,15370
2169,4.60959,4.49971,1.691e-04,0.921,0.192,15380
2170,4.58873,4.49971,1.689e-04,0.828,0.141,15357
2171,4.24159,4.49971,1.686e-04,0.870,0.189,15408
2172,4.33122,4.49971,1.684e-04,0.800,0.146,15383
2173,4.52158,4.49971,1.681e-04,0.854,0.173,15388
2174,4.33220,4.49971,1.679e-04,0.957,0.184,15395
2175,4.53988,4.49971,1.676e-04,0.917,0.194,15371
2176,4.52796,4.49971,1.674e-04,0.966,0.161,15359
2177,4.43496,4.49971,1.672e-04,0.871,0.164,15370
2178,4.34191,4.49971,1.669e-04,0.916,0.204,15364
2179,4.30549,4.49971,1.667e-04,0.790,0.152,15386
2180,4.26341,4.49971,1.664e-04,0.973,0.229,15364
2181,4.47406,4.49971,1.662e-04,0.864,0.157,15362
2182,4.53437,4.49971,1.660e-04,0.792,0.141,15359
2183,4.70178,4.49971,1.657e-04,0.970,0.167,15358
2184,4.49936,4.49971,1.655e-04,0.870,0.169,15359
2185,4.36508,4.49971,1.652e-04,0.866,0.150,15360
2186,4.59389,4.49971,1.650e-04,0.850,0.178,15379
2187,4.51374,4.49971,1.648e-04,0.914,0.161,15380
2188,4.37213,4.49971,1.645e-04,0.902,0.167,15382
2189,4.67070,4.49971,1.643e-04,0.909,0.169,15364
2190,4.85842,4.49971,1.640e-04,0.884,0.159,15366
2191,4.47331,4.49971,1.638e-04,0.927,0.186,15363
2192,4.15542,4.49971,1.636e-04,0.930,0.179,15375
2193,4.15917,4.49971,1.633e-04,0.890,0.176,15368
2194,4.20000,4.49971,1.631e-04,0.808,0.135,15382
2195,4.40268,4.49971,1.628e-04,0.891,0.174,15384
2196,4.39829,4.49971,1.626e-04,0.842,0.154,15370
2197,4.49243,4.49971,1.624e-04,0.883,0.156,15374
2198,4.63178,4.49971,1.621e-04,0.941,0.167,15363
2199,4.61002,4.49971,1.619e-04,0.844,0.160,15352
2200,4.82343,4.49971,1.617e-04,0.859,0.152,15346
2201,4.34415,4.49971,1.614e-04,0.927,0.175,15384
2202,4.24748,4.49971,1.612e-04,0.978,0.182,15403
2203,4.34527,4.49971,1.609e-04,0.810,0.156,15379
2204,4.66055,4.49971,1.607e-04,0.844,0.154,15357
2205,4.39832,4.49971,1.605e-04,0.888,0.183,15371
2206,4.40844,4.49971,1.602e-04,0.857,0.167,15375
2207,4.34963,4.49971,1.600e-04,0.877,0.178,15357
2208,4.39125,4.49971,1.598e-04,0.809,0.154,15384
2209,4.87198,4.49971,1.595e-04,0.905,0.154,15397
2210,4.32699,4.49971,1.593e-04,0.868,0.167,15378
2211,4.35499,4.49971,1.591e-04,0.906,0.156,15370
2212,4.35882,4.49971,1.588e-04,0.819,0.154,15353
2213,4.20963,4.49971,1.586e-04,0.857,0.161,15367
2214,4.53086,4.49971,1.584e-04,0.825,0.150,15363
2215,4.58805,4.49971,1.581e-04,0.807,0.142,15360
2216,4.55465,4.49971,1.579e-04,0.855,0.157,15383
2217,4.32950,4.49971,1.577e-04,0.907,0.185,15407
2218,4.37381,4.49971,1.574e-04,0.923,0.190,15395
2219,4.62992,4.49971,1.572e-04,0.896,0.162,15365
2220,4.64913,4.49971,1.570e-04,0.894,0.173,15362
2221,4.32506,4.49971,1.567e-04,1.027,0.210,15349
2222,4.55857,4.49971,1.565e-04,0.886,0.202,15358
2223,4.48868,4.49971,1.563e-04,0.881,0.186,15361
2224,4.43547,4.49971,1.560e-04,0.808,0.167,15397
2225,4.28361,4.49971,1.558e-04,0.900,0.208,15387
2226,4.54814,4.49971,1.556e-04,0.813,0.162,15360
2227,4.58752,4.49971,1.553e-04,0.775,0.139,15348
2228,4.51691,4.49971,1.551e-04,0.922,0.186,15369
2229,4.53731,4.49971,1.549e-04,0.873,0.159,15373
2230,4.84332,4.49971,1.546e-04,0.791,0.136,15390
2231,4.55385,4.49971,1.544e-04,0.830,0.157,15364
2232,4.16550,4.49971,1.542e-04,0.994,0.219,15390
2233,4.44548,4.49971,1.540e-04,0.885,0.182,15379
2234,4.27840,4.49971,1.537e-04,0.877,0.178,15359
2235,4.42492,4.49971,1.535e-04,0.861,0.156,15364
2236,4.74470,4.49971,1.533e-04,1.030,0.192,15346
2237,4.39167,4.49971,1.530e-04,1.003,0.221,15363
2238,4.12516,4.49971,1.528e-04,0.904,0.168,15348
2239,4.31749,4.49971,1.526e-04,0.946,0.180,15384
2240,4.51358,4.49971,1.524e-04,1.086,0.224,15388
2241,4.63041,4.49971,1.521e-04,0.935,0.181,15350
2242,4.46424,4.49971,1.519e-04,1.202,0.300,15362
2243,4.51779,4.49971,1.517e-04,1.006,0.209,15357
2244,4.35499,4.49971,1.514e-04,0.981,0.250,15368
2245,4.33681,4.49971,1.512e-04,0.860,0.156,15373
2246,4.51500,4.49971,1.510e-04,0.983,0.212,15390
2247,4.43753,4.49971,1.508e-04,0.909,0.160,15395
2248,4.51493,4.49971,1.505e-04,0.865,0.166,15382
2249,4.51605,4.49971,1.503e-04,0.940,0.166,15360
2250,4.41987,4.41678,1.501e-04,0.858,0.173,7125
2251,4.70747,4.41678,1.499e-04,0.942,0.167,15567
2252,4.24117,4.41678,1.496e-04,0.924,0.174,15390
2253,4.71386,4.41678,1.494e-04,0.884,0.166,15370
2254,4.40163,4.41678,1.492e-04,0.919,0.193,15374
2255,4.56183,4.41678,1.490e-04,0.887,0.162,15371
2256,4.38293,4.41678,1.487e-04,0.967,0.176,15381
2257,4.57066,4.41678,1.485e-04,0.941,0.194,15389
2258,4.35201,4.41678,1.483e-04,0.949,0.165,15363
2259,4.27059,4.41678,1.481e-04,0.979,0.170,15386
2260,4.31517,4.41678,1.478e-04,1.024,0.194,15368
2261,4.59297,4.41678,1.476e-04,0.818,0.154,15346
2262,4.42657,4.41678,1.474e-04,0.854,0.154,15362
2263,4.73667,4.41678,1.472e-04,0.917,0.178,15378
2264,4.56361,4.41678,1.469e-04,0.891,0.167,15365
2265,4.47554,4.41678,1.467e-04,0.861,0.146,15358
2266,4.63382,4.41678,1.465e-04,0.886,0.181,15386
2267,4.58107,4.41678,1.463e-04,0.867,0.152,15390
2268,4.47594,4.41678,1.461e-04,0.872,0.175,15370
2269,4.63799,4.41678,1.458e-04,0.828,0.185,15387
2270,4.39954,4.41678,1.456e-04,0.836,0.149,15356
2271,4.17650,4.41678,1.454e-04,0.929,0.160,15357
2272,4.35418,4.41678,1.452e-04,0.869,0.155,15366
2273,4.47128,4.41678,1.450e-04,0.852,0.161,15368
2274,4.49527,4.41678,1.447e-04,0.913,0.168,15397
2275,4.22976,4.41678,1.445e-04,0.910,0.205,15394
2276,4.61716,4.41678,1.443e-04,0.829,0.142,15367
2277,4.61940,4.41678,1.441e-04,0.912,0.156,15359
2278,4.24040,4.41678,1.439e-04,0.887,0.184,15368
2279,4.25391,4.41678,1.436e-04,0.803,0.167,15376
2280,4.32696,4.41678,1.434e-04,0.933,0.177,15365
2281,4.31563,4.41678,1.432e-04,0.818,0.149,15371
2282,4.47279,4.41678,1.430e-04,0.885,0.173,15401
2283,4.65702,4.41678,1.428e-04,0.920,0.189,15365
2284,4.24756,4.41678,1.425e-04,0.927,0.183,15370
2285,4.44266,4.41678,1.423e-04,0.871,0.151,15356
2286,4.52469,4.41678,1.421e-04,0.885,0.153,15375
2287,4.28095,4.41678,1.419e-04,0.935,0.177,15366
2288,4.40587,4.41678,1.417e-04,0.905,0.164,15373
2289,4.19759,4.41678,1.415e-04,0.833,0.147,15402
2290,4.47672,4.41678,1.412e-04,0.877,0.152,15390
2291,4.78160,4.41678,1.410e-04,0.876,0.148,15359
2292,4.27633,4.41678,1.408e-04,0.988,0.213,15367
2293,4.23147,4.41678,1.406e-04,0.909,0.169,15370
2294,4.24159,4.41678,1.404e-04,0.900,0.160,15365
2295,4.34240,4.41678,1.402e-04,0.821,0.155,15380
2296,4.63263,4.41678,1.399e-04,0.805,0.147,15368
2297,4.36334,4.41678,1.397e-04,0.790,0.149,15394
2298,4.41658,4.41678,1.395e-04,0.879,0.148,15368
2299,4.65982,4.41678,1.393e-04,0.887,0.147,15366
2300,4.49737,4.41678,1.391e-04,0.806,0.130,15348
2301,4.46582,4.41678,1.389e-04,0.885,0.165,15365
2302,4.36171,4.41678,1.387e-04,0.887,0.146,15358
2303,4.49683,4.41678,1.384e-04,0.983,0.181,15377
2304,4.43775,4.41678,1.382e-04,0.891,0.175,15399
2305,4.29226,4.41678,1.380e-04,0.831,0.147,15392
2306,4.29289,4.41678,1.378e-04,1.016,0.188,15376
2307,4.35226,4.41678,1.376e-04,0.849,0.146,15362
2308,4.60281,4.41678,1.374e-04,0.951,0.161,15360
2309,4.58756,4.41678,1.372e-04,0.866,0.150,15377
2310,4.36820,4.41678,1.370e-04,0.966,0.170,15376
2311,4.52122,4.41678,1.367e-04,0.870,0.154,15356
2312,4.42757,4.41678,1.365e-04,0.907,0.165,15397
2313,4.16350,4.41678,1.363e-04,0.877,0.174,15379
2314,4.44693,4.41678,1.361e-04,0.774,0.139,15367
2315,4.46206,4.41678,1.359e-04,0.909,0.145,15369
2316,4.53925,4.41678,1.357e-04,0.870,0.140,15382
2317,4.77866,4.41678,1.355e-04,0.829,0.148,15376
2318,4.35011,4.41678,1.353e-04,0.873,0.171,15365
2319,4.48062,4.41678,1.351e-04,0.829,0.146,15367
2320,4.26250,4.41678,1.348e-04,0.843,0.152,15387
2321,4.35445,4.41678,1.346e-04,0.848,0.158,15365
2322,4.56854,4.41678,1.344e-04,0.929,0.152,15354
2323,4.60514,4.41678,1.342e-04,0.941,0.163,15369
2324,4.36287,4.41678,1.340e-04,0.818,0.140,15384
2325,4.31183,4.41678,1.338e-04,0.941,0.168,15367
2326,4.23702,4.41678,1.336e-04,0.917,0.152,15379
2327,4.40828,4.41678,1.334e-04,0.835,0.150,15386
2328,4.62001,4.41678,1.332e-04,0.798,0.139,15393
2329,4.52763,4.41678,1.330e-04,0.829,0.148,15388
2330,4.50465,4.41678,1.328e-04,0.893,0.148,15362
2331,4.44827,4.41678,1.326e-04,0.790,0.135,15374
2332,4.41519,4.41678,1.324e-04,0.848,0.158,15359
2333,4.19271,4.41678,1.321e-04,0.861,0.156,15354
2334,4.26560,4.41678,1.319e-04,0.907,0.153,15366
2335,4.34622,4.41678,1.317e-04,0.811,0.142,15404
2336,4.62675,4.41678,1.315e-04,0.874,0.156,15377
2337,4.29049,4.41678,1.313e-04,0.843,0.150,15378
2338,4.35290,4.41678,1.311e-04,0.877,0.149,15348
2339,4.73192,4.41678,1.309e-04,0.868,0.148,15379
2340,4.50720,4.41678,1.307e-04,0.898,0.159,15359
2341,4.38265,4.41678,1.305e-04,0.866,0.152,15368
2342,4.28889,4.41678,1.303e-04,0.969,0.181,15390
2343,4.45094,4.41678,1.301e-04,0.832,0.149,15410
2344,4.03288,4.41678,1.299e-04,0.996,0.213,15370
2345,4.47733,4.41678,1.297e-04,0.822,0.149,15374
2346,4.24943,4.41678,1.295e-04,0.921,0.187,15363
2347,4.42629,4.41678,1.293e-04,0.867,0.169,15386
2348,4.37238,4.41678,1.291e-04,0.835,0.179,15368
2349,4.23803,4.41678,1.289e-04,0.886,0.184,15375
2350,4.45212,4.41678,1.287e-04,0.900,0.151,15394
2351,4.39388,4.41678,1.285e-04,0.831,0.148,15384
2352,4.62414,4.41678,1.283e-04,0.817,0.141,15364
2353,4.34358,4.41678,1.281e-04,0.845,0.146,15374
2354,4.30539,4.41678,1.279e-04,0.907,0.150,15371
2355,4.35126,4.41678,1.277e-04,0.815,0.137,15388
2356,4.41478,4.41678,1.275e-04,0.832,0.142,15379
2357,4.35926,4.41678,1.273e-04,0.846,0.143,15402
2358,4.43885,4.41678,1.271e-04,0.793,0.141,15390
2359,4.32278,4.41678,1.269e-04,0.828,0.149,15382
2360,4.42754,4.41678,1.267e-04,0.830,0.145,15354
2361,4.51499,4.41678,1.265e-04,0.924,0.159,15362
2362,4.67491,4.41678,1.263e-04,0.839,0.150,15364
2363,4.37879,4.41678,1.261e-04,0.932,0.159,15349
2364,4.31466,4.41678,1.259e-04,0.875,0.144,15360
2365,4.60451,4.41678,1.257e-04,0.807,0.138,15406
2366,4.18735,4.41678,1.255e-04,0.955,0.171,15381
2367,4.35163,4.41678,1.253e-04,0.889,0.182,15365
2368,4.21124,4.41678,1.251e-04,0.927,0.151,15368
2369,4.31544,4.41678,1.249e-04,0.881,0.168,15367
2370,4.57609,4.41678,1.247e-04,0.867,0.145,15357
2371,4.53352,4.41678,1.245e-04,0.788,0.149,15370
2372,4.50677,4.41678,1.243e-04,0.833,0.142,15370
2373,4.46623,4.41678,1.241e-04,0.906,0.172,15389
2374,4.46838,4.41678,1.239e-04,0.899,0.177,15382
2375,4.38286,4.41678,1.237e-04,0.878,0.163,15381
2376,4.32716,4.41678,1.235e-04,0.942,0.158,15362
2377,4.16401,4.41678,1.233e-04,0.880,0.157,15372
2378,4.28749,4.41678,1.231e-04,0.918,0.170,15371
2379,4.24394,4.41678,1.229e-04,0.880,0.152,15370
2380,4.44423,4.41678,1.227e-04,0.770,0.138,15369
2381,4.44836,4.41678,1.225e-04,0.876,0.153,15393
2382,4.08775,4.41678,1.223e-04,0.866,0.163,15367
2383,4.33808,4.41678,1.222e-04,0.921,0.157,15365
2384,4.40605,4.41678,1.220e-04,0.865,0.147,15372
2385,4.06119,4.41678,1.218e-04,1.012,0.237,15359
2386,4.34367,4.41678,1.216e-04,0.871,0.151,15369
2387,4.59670,4.41678,1.214e-04,0.937,0.191,15362
2388,4.61618,4.41678,1.212e-04,0.905,0.179,15381
2389,4.40875,4.41678,1.210e-04,0.891,0.165,15366
2390,4.45005,4.41678,1.208e-04,1.006,0.187,15367
2391,4.17321,4.41678,1.206e-04,0.940,0.154,15360
2392,4.41998,4.41678,1.204e-04,0.961,0.184,15367
2393,4.35974,4.41678,1.202e-04,0.933,0.167,15386
2394,4.49371,4.41678,1.200e-04,0.822,0.180,15370
2395,4.55765,4.41678,1.199e-04,0.881,0.173,15383
2396,4.46505,4.41678,1.197e-04,0.885,0.165,15381
2397,4.78070,4.41678,1.195e-04,0.946,0.175,15380
2398,4.39279,4.41678,1.193e-04,0.906,0.177,15373
2399,4.49241,4.41678,1.191e-04,0.937,0.156,15355
2400,4.43633,4.41678,1.189e-04,0.901,0.159,15362
2401,4.51432,4.41678,1.187e-04,0.955,0.157,15356
2402,4.40859,4.41678,1.185e-04,0.871,0.149,15362
2403,4.27913,4.41678,1.183e-04,0.919,0.147,15396
2404,4.64585,4.41678,1.182e-04,0.887,0.152,15375
2405,4.40755,4.41678,1.180e-04,0.953,0.196,15371
2406,4.36027,4.41678,1.178e-04,0.930,0.179,15352
2407,4.50346,4.41678,1.176e-04,1.030,0.241,15371
2408,4.56174,4.41678,1.174e-04,0.925,0.185,15366
2409,4.49050,4.41678,1.172e-04,0.876,0.162,15367
2410,4.43213,4.41678,1.170e-04,0.909,0.227,15374
2411,4.32703,4.41678,1.168e-04,0.876,0.179,15394
2412,4.32856,4.41678,1.167e-04,0.948,0.169,15384
2413,4.20948,4.41678,1.165e-04,0.968,0.208,15372
2414,4.35404,4.41678,1.163e-04,0.836,0.153,15360
2415,4.23518,4.41678,1.161e-04,0.862,0.144,15353
2416,4.36215,4.41678,1.159e-04,0.842,0.155,15360
2417,4.32311,4.41678,1.157e-04,0.863,0.174,15363
2418,4.73476,4.41678,1.155e-04,0.814,0.138,15392
2419,4.36079,4.41678,1.154e-04,0.896,0.163,15389
2420,4.40880,4.41678,1.152e-04,0.853,0.151,15353
2421,4.29186,4.41678,1.150e-04,0.891,0.166,15361
2422,4.35460,4.41678,1.148e-04,0.807,0.147,15363
2423,4.30427,4.41678,1.146e-04,0.879,0.147,15363
2424,4.28947,4.41678,1.144e-04,0.899,0.168,15371
2425,4.34804,4.41678,1.143e-04,0.825,0.153,15354
2426,4.62438,4.41678,1.141e-04,0.868,0.147,15395
2427,4.49301,4.41678,1.139e-04,0.867,0.163,15376
2428,4.25708,4.41678,1.137e-04,0.841,0.162,15370
2429,4.36882,4.41678,1.135e-04,0.880,0.158,15381
2430,4.35580,4.41678,1.134e-04,0.876,0.150,15364
2431,4.17141,4.41678,1.132e-04,0.942,0.209,15369
2432,4.67475,4.41678,1.130e-04,0.788,0.139,15367
2433,4.34759,4.41678,1.128e-04,0.894,0.142,15387
2434,4.41332,4.41678,1.126e-04,0.898,0.165,15388
2435,4.34035,4.41678,1.125e-04,0.941,0.162,15343
2436,4.38834,4.41678,1.123e-04,0.904,0.151,15360
2437,4.27014,4.41678,1.121e-04,0.915,0.177,15361
2438,4.34391,4.41678,1.119e-04,0.837,0.144,15375
2439,4.57449,4.41678,1.117e-04,0.925,0.156,15360
2440,4.45343,4.41678,1.116e-04,1.035,0.226,15386
2441,4.43629,4.41678,1.114e-04,0.860,0.147,15387
2442,4.48728,4.41678,1.112e-04,0.915,0.178,15401
2443,4.60834,4.41678,1.110e-04,0.791,0.144,15379
2444,4.10566,4.41678,1.109e-04,0.901,0.160,15362
2445,4.47631,4.41678,1.107e-04,0.832,0.160,15351
2446,4.09083,4.41678,1.105e-04,0.915,0.236,15374
2447,4.19753,4.41678,1.103e-04,0.873,0.138,15375
2448,4.27936,4.41678,1.101e-04,0.898,0.179,15372
2449,4.43049,4.41678,1.100e-04,0.844,0.181,15398
2450,4.34286,4.41678,1.098e-04,0.789,0.140,15381
2451,4.33842,4.41678,1.096e-04,0.820,0.150,15364
2452,4.15079,4.41678,1.094e-04,0.906,0.195,15394
2453,4.30268,4.41678,1.093e-04,0.890,0.142,15354
2454,4.67438,4.41678,1.091e-04,0.860,0.164,15356
2455,4.30679,4.41678,1.089e-04,0.866,0.172,15362
2456,4.23103,4.41678,1.088e-04,0.900,0.164,15385
2457,4.44563,4.41678,1.086e-04,0.849,0.139,15389
2458,4.22612,4.41678,1.084e-04,0.883,0.145,15363
2459,4.58667,4.41678,1.082e-04,0.827,0.150,15373
2460,4.47424,4.41678,1.081e-04,0.790,0.138,15367
2461,4.58036,4.41678,1.079e-04,0.929,0.179,15351
2462,4.07782,4.41678,1.077e-04,0.919,0.148,15364
2463,4.50696,4.41678,1.075e-04,0.853,0.152,15365
2464,4.31104,4.41678,1.074e-04,0.893,0.162,15382
2465,4.17525,4.41678,1.072e-04,0.885,0.152,15370
2466,4.16656,4.41678,1.070e-04,0.791,0.135,15372
2467,4.47434,4.41678,1.069e-04,0.817,0.144,15352
2468,4.59216,4.41678,1.067e-04,0.882,0.137,15359
2469,4.37847,4.41678,1.065e-04,0.875,0.145,15378
2470,4.57682,4.41678,1.063e-04,0.786,0.137,15363
2471,4.38733,4.41678,1.062e-04,0.932,0.157,15371
2472,4.10126,4.41678,1.060e-04,0.876,0.148,15404
2473,4.38817,4.41678,1.058e-04,0.822,0.138,15382
2474,4.42691,4.41678,1.057e-04,0.941,0.157,15371
2475,4.48842,4.41678,1.055e-04,0.832,0.142,15375
2476,4.55582,4.41678,1.053e-04,0.943,0.173,15365
2477,4.48663,4.41678,1.052e-04,0.850,0.152,15370
2478,4.59273,4.41678,1.050e-04,0.881,0.154,15378
2479,4.20381,4.41678,1.048e-04,0.886,0.139,15382
2480,4.63942,4.41678,1.047e-04,0.858,0.146,15361
2481,4.44367,4.41678,1.045e-04,0.782,0.133,15367
2482,4.54935,4.41678,1.043e-04,0.798,0.131,15365
2483,4.63738,4.41678,1.042e-04,0.920,0.154,15386
2484,4.22294,4.41678,1.040e-04,0.870,0.143,15353
2485,4.22044,4.41678,1.038e-04,0.842,0.145,15366
2486,4.54401,4.41678,1.037e-04,0.894,0.150,15388
2487,4.57897,4.41678,1.035e-04,0.897,0.161,15381
2488,4.57910,4.41678,1.033e-04,0.872,0.144,15384
2489,4.40633,4.41678,1.032e-04,0.875,0.151,15395
2490,4.40307,4.41678,1.030e-04,0.906,0.179,15355
2491,4.36126,4.41678,1.028e-04,1.037,0.180,15387
2492,4.36917,4.41678,1.027e-04,0.919,0.144,15356
2493,4.31941,4.41678,1.025e-04,0.898,0.156,15366
2494,4.38414,4.41678,1.024e-04,0.884,0.158,15406
2495,4.42569,4.41678,1.022e-04,0.948,0.157,15399
2496,3.97064,4.41678,1.020e-04,1.008,0.166,15373
2497,4.53022,4.41678,1.019e-04,0.832,0.137,15360
2498,4.37215,4.41678,1.017e-04,0.901,0.156,15373
2499,4.22689,4.41678,1.015e-04,0.993,0.210,15351
2500,4.43495,4.35496,1.014e-04,0.900,0.158,7134
2501,4.37613,4.35496,1.012e-04,0.902,0.163,15553
2502,4.32765,4.35496,1.011e-04,1.119,0.261,15371
2503,4.28671,4.35496,1.009e-04,0.872,0.142,15366
2504,4.35431,4.35496,1.007e-04,0.981,0.194,15360
2505,4.25844,4.35496,1.006e-04,0.973,0.210,15359
2506,4.55511,4.35496,1.004e-04,1.056,0.220,15394
2507,4.15441,4.35496,1.003e-04,0.988,0.211,15376
2508,4.41560,4.35496,1.001e-04,0.864,0.140,15368
2509,4.55109,4.35496,9.995e-05,1.026,0.234,15364
2510,4.35480,4.35496,9.979e-05,0.934,0.189,15365
2511,4.23494,4.35496,9.963e-05,0.926,0.163,15361
2512,4.44729,4.35496,9.947e-05,0.917,0.171,15383
2513,4.45058,4.35496,9.931e-05,0.867,0.166,15376
2514,4.55390,4.35496,9.916e-05,0.886,0.150,15387
2515,4.45063,4.35496,9.900e-05,0.862,0.154,15382
2516,4.17599,4.35496,9.884e-05,0.968,0.193,15364
2517,4.21934,4.35496,9.869e-05,0.859,0.154,15351
2518,4.45655,4.35496,9.853e-05,0.891,0.189,15364
2519,4.41173,4.35496,9.837e-05,0.931,0.190,15367
2520,4.50104,4.35496,9.822e-05,0.859,0.151,15358
2521,4.40246,4.35496,9.806e-05,0.839,0.166,15363
2522,4.55575,4.35496,9.791e-05,0.848,0.157,15397
2523,4.26943,4.35496,9.775e-05,0.923,0.169,15372
2524,4.46948,4.35496,9.760e-05,0.848,0.139,15362
2525,4.46394,4.35496,9.745e-05,0.903,0.189,15366
2526,4.40520,4.35496,9.729e-05,0.891,0.187,15360
2527,4.13065,4.35496,9.714e-05,0.870,0.142,15370
2528,4.50717,4.35496,9.699e-05,0.814,0.155,15377
2529,4.14545,4.35496,9.683e-05,0.957,0.217,15384
2530,4.34414,4.35496,9.668e-05,0.862,0.152,15390
2531,4.46113,4.35496,9.653e-05,0.836,0.139,15393
2532,4.36742,4.35496,9.638e-05,0.894,0.184,15359
2533,4.39885,4.35496,9.622e-05,0.893,0.159,15376
2534,4.12315,4.35496,9.607e-05,0.872,0.155,15364
2535,4.27164,4.35496,9.592e-05,0.865,0.143,15367
2536,4.34579,4.35496,9.577e-05,0.959,0.156,15384
2537,4.46876,4.35496,9.562e-05,0.850,0.148,15396
2538,4.02018,4.35496,9.547e-05,0.892,0.153,15369
2539,4.64702,4.35496,9.532e-05,0.922,0.164,15366
2540,4.24917,4.35496,9.517e-05,0.867,0.144,15380
2541,4.16242,4.35496,9.502e-05,0.875,0.150,15362
2542,4.48398,4.35496,9.487e-05,0.838,0.150,15365
2543,4.25599,4.35496,9.472e-05,0.858,0.151,15358
2544,4.49635,4.35496,9.457e-05,0.867,0.139,15377
2545,4.46275,4.35496,9.443e-05,0.812,0.143,15385
2546,4.17580,4.35496,9.428e-05,0.905,0.163,15350
2547,3.96117,4.35496,9.413e-05,0.838,0.145,15360
2548,4.38458,4.35496,9.398e-05,0.836,0.147,15371
2549,4.33918,4.35496,9.384e-05,0.816,0.132,15374
2550,4.22563,4.35496,9.369e-05,0.871,0.167,15358
2551,4.66921,4.35496,9.354e-05,0.840,0.141,15374
2552,4.55735,4.35496,9.340e-05,0.838,0.147,15388
2553,4.61030,4.35496,9.325e-05,0.905,0.157,15367
2554,4.83435,4.35496,9.311e-05,0.900,0.152,15379
2555,4.51927,4.35496,9.296e-05,0.772,0.130,15375
2556,4.48394,4.35496,9.282e-05,0.906,0.151,15364
2557,4.52876,4.35496,9.267e-05,0.893,0.176,15359
2558,4.46041,4.35496,9.253e-05,0.785,0.140,15352
2559,4.28293,4.35496,9.238e-05,0.810,0.138,15387
2560,4.39122,4.35496,9.224e-05,0.843,0.139,15392
2561,4.44411,4.35496,9.210e-05,0.868,0.147,15365
2562,4.40463,4.35496,9.195e-05,0.876,0.165,15366
2563,4.42578,4.35496,9.181e-05,0.803,0.134,15364
2564,4.42180,4.35496,9.167e-05,0.866,0.145,15358
2565,4.28267,4.35496,9.153e-05,0.955,0.206,15345
2566,4.31633,4.35496,9.138e-05,0.830,0.138,15388
2567,4.35717,4.35496,9.124e-05,0.868,0.160,15392
2568,4.72573,4.35496,9.110e-05,0.784,0.132,15360
2569,4.42501,4.35496,9.096e-05,0.932,0.168,15378
2570,4.46157,4.35496,9.082e-05,0.841,0.137,15361
2571,4.70373,4.35496,9.068e-05,0.887,0.162,15348
2572,4.47164,4.35496,9.054e-05,0.860,0.161,15358
2573,4.10323,4.35496,9.040e-05,0.914,0.173,15371
2574,4.58572,4.35496,9.026e-05,0.949,0.169,15371
2575,4.34280,4.35496,9.012e-05,0.874,0.148,15373
2576,4.30513,4.35496,8.998e-05,0.845,0.153,15370
2577,4.48468,4.35496,8.984e-05,0.915,0.181,15355
2578,4.40488,4.35496,8.970e-05,0.839,0.147,15352
2579,4.27799,4.35496,8.957e-05,0.929,0.167,15357
2580,4.51587,4.35496,8.943e-05,0.869,0.158,15369
2581,4.40283,4.35496,8.929e-05,0.837,0.157,15341
2582,4.35459,4.35496,8.915e-05,0.890,0.169,15366
2583,4.48619,4.35496,8.902e-05,0.832,0.146,15375
2584,4.49987,4.35496,8.888e-05,0.868,0.156,15355
2585,4.41247,4.35496,8.874e-05,0.900,0.164,15377
2586,4.55227,4.35496,8.861e-05,0.905,0.151,15372
2587,4.31314,4.35496,8.847e-05,0.947,0.218,15388
2588,4.22427,4.35496,8.834e-05,0.938,0.178,15360
2589,4.38189,4.35496,8.820e-05,0.894,0.172,15380
2590,4.59323,4.35496,8.807e-05,0.898,0.201,15398
2591,4.32199,4.35496,8.793e-05,0.999,0.214,15368
2592,4.43862,4.35496,8.780e-05,0.915,0.170,15371
2593,4.50427,4.35496,8.767e-05,0.952,0.194,15372
2594,4.50579,4.35496,8.753e-05,0.872,0.150,15366
2595,4.18739,4.35496,8.740e-05,1.069,0.201,15366
2596,4.17269,4.35496,8.727e-05,0.925,0.179,15382
2597,4.17656,4.35496,8.713e-05,0.972,0.163,15397
2598,4.43813,4.35496,8.700e-05,0.917,0.146,15392
2599,4.42790,4.35496,8.687e-05,1.069,0.209,15355
2600,4.45483,4.35496,8.674e-05,0.881,0.162,15366
2601,4.58092,4.35496,8.661e-05,0.945,0.185,15369
2602,4.32133,4.35496,8.648e-05,1.083,0.192,15358
2603,4.26524,4.35496,8.635e-05,0.981,0.170,15359
2604,4.74569,4.35496,8.622e-05,0.906,0.157,15369
2605,4.59582,4.35496,8.609e-05,0.944,0.195,15393
2606,4.34843,4.35496,8.596e-05,0.987,0.183,15384
2607,4.73273,4.35496,8.583e-05,0.913,0.147,15360
2608,4.40646,4.35496,8.570e-05,0.927,0.176,15348
2609,4.39393,4.35496,8.557e-05,1.102,0.259,15360
2610,4.26708,4.35496,8.544e-05,0.959,0.156,15375
2611,4.38814,4.35496,8.531e-05,0.867,0.163,15383
2612,4.15878,4.35496,8.518e-05,0.972,0.194,15380
2613,4.36956,4.35496,8.506e-05,0.851,0.139,15387
2614,3.91011,4.35496,8.493e-05,0.900,0.159,15372
2615,4.44724,4.35496,8.480e-05,0.905,0.159,15380
2616,4.45766,4.35496,8.467e-05,0.974,0.153,15360
2617,4.57812,4.35496,8.455e-05,0.982,0.161,15364
2618,4.10664,4.35496,8.442e-05,0.834,0.151,15369
2619,4.25046,4.35496,8.430e-05,0.954,0.157,15359
2620,4.23664,4.35496,8.417e-05,0.916,0.155,15380
2621,4.33379,4.35496,8.405e-05,0.816,0.131,15340
2622,4.37070,4.35496,8.392e-05,0.864,0.159,15373
2623,4.28038,4.35496,8.380e-05,0.876,0.178,15381
2624,4.13546,4.35496,8.367e-05,0.883,0.161,15359
2625,4.24797,4.35496,8.355e-05,0.910,0.176,15372
2626,4.13350,4.35496,8.342e-05,0.930,0.178,15369
2627,4.39823,4.35496,8.330e-05,0.834,0.151,15401
2628,4.23419,4.35496,8.318e-05,0.952,0.149,15372
2629,4.40196,4.35496,8.306e-05,1.031,0.167,15365
2630,4.26735,4.35496,8.293e-05,0.861,0.151,15347
2631,4.16430,4.35496,8.281e-05,0.934,0.162,15376
2632,4.20384,4.35496,8.269e-05,0.879,0.157,15379
2633,4.15314,4.35496,8.257e-05,0.934,0.145,15372
2634,4.34978,4.35496,8.245e-05,0.954,0.148,15364
2635,4.31302,4.35496,8.233e-05,0.885,0.148,15400
2636,4.36430,4.35496,8.221e-05,0.821,0.141,15397
2637,4.53944,4.35496,8.209e-05,0.908,0.135,15370
2638,4.38265,4.35496,8.197e-05,0.880,0.151,15357
2639,4.22758,4.35496,8.185e-05,0.828,0.143,15372
2640,4.33883,4.35496,8.173e-05,0.782,0.142,15365
2641,4.47159,4.35496,8.161e-05,0.857,0.135,15352
2642,4.64274,4.35496,8.149e-05,0.838,0.132,15370
2643,4.47279,4.35496,8.137e-05,0.855,0.143,15398
2644,4.49221,4.35496,8.125e-05,0.921,0.155,15376
2645,4.34160,4.35496,8.114e-05,0.855,0.155,15351
2646,4.64299,4.35496,8.102e-05,0.853,0.145,15389
2647,4.63734,4.35496,8.090e-05,0.880,0.148,15367
2648,4.40236,4.35496,8.079e-05,0.963,0.149,15372
2649,4.53589,4.35496,8.067e-05,0.876,0.143,15356
2650,4.49025,4.35496,8.055e-05,0.870,0.153,15399
2651,4.46691,4.35496,8.044e-05,0.816,0.131,15393
2652,4.11530,4.35496,8.032e-05,0.941,0.173,15375
2653,4.47004,4.35496,8.021e-05,0.819,0.149,15359
2654,3.95502,4.35496,8.009e-05,0.809,0.137,15378
2655,4.53775,4.35496,7.998e-05,0.897,0.137,15373
2656,4.18467,4.35496,7.986e-05,0.835,0.141,15380
2657,4.50972,4.35496,7.975e-05,0.849,0.157,15371
2658,4.32846,4.35496,7.964e-05,0.964,0.174,15416
2659,4.43360,4.35496,7.952e-05,0.856,0.161,15370
2660,4.14338,4.35496,7.941e-05,0.979,0.214,15374
2661,4.35477,4.35496,7.930e-05,0.846,0.142,15353
2662,4.28272,4.35496,7.918e-05,0.839,0.145,15375
2663,4.39975,4.35496,7.907e-05,0.885,0.152,15360
2664,4.36624,4.35496,7.896e-05,0.791,0.132,15363
2665,4.35855,4.35496,7.885e-05,0.827,0.152,15370
2666,4.49089,4.35496,7.874e-05,0.870,0.148,15390
2667,4.38975,4.35496,7.863e-05,0.850,0.135,15366
2668,4.31777,4.35496,7.852e-05,0.848,0.142,15353
2669,4.62417,4.35496,7.841e-05,0.851,0.140,15367
2670,4.25170,4.35496,7.830e-05,0.876,0.172,15353
2671,4.16521,4.35496,7.819e-05,0.892,0.149,15370
2672,4.21875,4.35496,7.808e-05,0.897,0.164,15373
2673,4.16061,4.35496,7.797e-05,0.851,0.150,15417
2674,4.39352,4.35496,7.786e-05,0.893,0.155,15384
2675,4.58859,4.35496,7.775e-05,0.948,0.166,15381
2676,4.38666,4.35496,7.764e-05,0.886,0.140,15374
2677,4.23667,4.35496,7.754e-05,0.888,0.182,15374
2678,4.28980,4.35496,7.743e-05,0.940,0.155,15358
2679,4.27709,4.35496,7.732e-05,0.855,0.144,15380
2680,4.41941,4.35496,7.722e-05,0.858,0.139,15400
2681,4.13019,4.35496,7.711e-05,0.944,0.210,15375
2682,4.20139,4.35496,7.700e-05,0.887,0.145,15381
2683,4.07109,4.35496,7.690e-05,0.850,0.136,15386
2684,4.38929,4.35496,7.679e-05,0.846,0.142,15369
2685,4.44682,4.35496,7.669e-05,0.873,0.136,15366
2686,4.50992,4.35496,7.658e-05,0.936,0.153,15351
2687,4.23992,4.35496,7.648e-05,0.904,0.149,15355
2688,4.52395,4.35496,7.638e-05,0.918,0.146,15381
2689,4.47363,4.35496,7.627e-05,0.876,0.149,15361
2690,4.07727,4.35496,7.617e-05,0.842,0.146,15359
2691,4.36250,4.35496,7.606e-05,0.920,0.160,15364
2692,4.39298,4.35496,7.596e-05,0.835,0.149,15376
2693,4.40570,4.35496,7.586e-05,0.859,0.139,15372
2694,4.41461,4.35496,7.576e-05,0.857,0.143,15371
2695,4.43235,4.35496,7.566e-05,0.999,0.164,15376
2696,4.20569,4.35496,7.555e-05,0.843,0.158,15404
2697,4.21431,4.35496,7.545e-05,0.994,0.214,15380
2698,4.54350,4.35496,7.535e-05,0.949,0.167,15364
2699,4.29397,4.35496,7.525e-05,0.849,0.145,15388
2700,4.47770,4.35496,7.515e-05,0.955,0.196,15378
2701,4.28102,4.35496,7.505e-05,0.958,0.235,15364
2702,4.50693,4.35496,7.495e-05,0.844,0.149,15363
2703,4.25149,4.35496,7.485e-05,0.858,0.149,15387
2704,4.17983,4.35496,7.475e-05,0.915,0.166,15410
2705,4.39337,4.35496,7.466e-05,0.929,0.168,15375
2706,4.44381,4.35496,7.456e-05,0.918,0.159,15355
2707,4.11527,4.35496,7.446e-05,1.007,0.158,15364
2708,4.11524,4.35496,7.436e-05,1.024,0.186,15369
2709,4.54142,4.35496,7.426e-05,0.941,0.155,15375
2710,4.41096,4.35496,7.417e-05,0.972,0.172,15372
2711,4.56790,4.35496,7.407e-05,0.844,0.143,15399
2712,4.36711,4.35496,7.397e-05,0.894,0.173,15396
2713,4.49046,4.35496,7.388e-05,1.118,0.220,15374
2714,4.21948,4.35496,7.378e-05,0.912,0.148,15351
2715,4.37447,4.35496,7.369e-05,0.887,0.168,15366
2716,4.41337,4.35496,7.359e-05,0.964,0.182,15354
2717,4.31114,4.35496,7.350e-05,0.860,0.147,15379
2718,4.26290,4.35496,7.340e-05,0.865,0.156,15371
2719,4.49514,4.35496,7.331e-05,0.881,0.158,15378
2720,4.34667,4.35496,7.321e-05,0.834,0.136,15371
2721,4.28788,4.35496,7.312e-05,0.919,0.156,15377
2722,4.19639,4.35496,7.303e-05,0.867,0.144,15364
2723,4.39552,4.35496,7.294e-05,0.918,0.159,15364
2724,4.50670,4.35496,7.284e-05,0.919,0.163,15369
2725,4.30252,4.35496,7.275e-05,0.843,0.161,15366
2726,4.62623,4.35496,7.266e-05,0.893,0.153,15394
2727,4.62300,4.35496,7.257e-05,0.851,0.158,15398
2728,4.47197,4.35496,7.248e-05,0.860,0.143,15369
2729,4.31359,4.35496,7.239e-05,0.842,0.141,15378
2730,4.32175,4.35496,7.229e-05,0.878,0.181,15376
2731,4.24753,4.35496,7.220e-05,0.941,0.176,15352
2732,4.40856,4.35496,7.211e-05,0.848,0.141,15372
2733,4.48541,4.35496,7.203e-05,0.837,0.146,15365
2734,4.14366,4.35496,7.194e-05,0.999,0.202,15396
2735,4.26018,4.35496,7.185e-05,0.850,0.155,15368
2736,4.31219,4.35496,7.176e-05,0.833,0.155,15357
2737,4.36226,4.35496,7.167e-05,0.812,0.163,15361
2738,4.67734,4.35496,7.158e-05,0.923,0.168,15357
2739,4.43313,4.35496,7.149e-05,0.873,0.147,15373
2740,4.29020,4.35496,7.141e-05,0.815,0.144,15366
2741,4.03810,4.35496,7.132e-05,0.900,0.155,15364
2742,4.55254,4.35496,7.123e-05,0.857,0.148,15392
2743,4.53175,4.35496,7.115e-05,0.868,0.160,15361
2744,4.34393,4.35496,7.106e-05,0.938,0.166,15374
2745,4.35483,4.35496,7.098e-05,0.834,0.139,15363
2746,4.23980,4.35496,7.089e-05,0.827,0.148,15365
2747,4.25514,4.35496,7.081e-05,0.859,0.146,15382
2748,4.24057,4.35496,7.072e-05,0.959,0.162,15352
2749,4.22986,4.35496,7.064e-05,0.843,0.145,15381
2750,4.44656,4.31300,7.055e-05,0.913,0.155,7133
2751,4.43472,4.31300,7.047e-05,0.815,0.148,15538
2752,4.53717,4.31300,7.039e-05,0.927,0.168,15353
2753,4.48414,4.31300,7.030e-05,0.863,0.153,15391
2754,4.19083,4.31300,7.022e-05,0.884,0.157,15388
2755,4.39473,4.31300,7.014e-05,0.828,0.130,15356
2756,4.26399,4.31300,7.006e-05,0.919,0.170,15367
2757,4.47400,4.31300,6.997e-05,0.859,0.147,15352
2758,4.55121,4.31300,6.989e-05,0.851,0.142,15377
2759,4.31003,4.31300,6.981e-05,0.988,0.222,15372
2760,4.25047,4.31300,6.973e-05,0.932,0.159,15354
2761,4.10442,4.31300,6.965e-05,0.846,0.150,15373
2762,4.71532,4.31300,6.957e-05,0.917,0.171,15366
2763,4.26504,4.31300,6.949e-05,0.962,0.156,15367
2764,4.62932,4.31300,6.941e-05,0.878,0.156,15382
2765,4.34015,4.31300,6.933e-05,0.949,0.152,15381
2766,4.46247,4.31300,6.925e-05,0.905,0.154,15363
2767,4.25041,4.31300,6.917e-05,0.844,0.140,15359
2768,4.23908,4.31300,6.910e-05,0.856,0.147,15394
2769,4.46167,4.31300,6.902e-05,0.930,0.152,15394
2770,4.20159,4.31300,6.894e-05,0.912,0.154,15361
2771,4.39614,4.31300,6.886e-05,0.883,0.154,15352
2772,4.11351,4.31300,6.879e-05,0.876,0.156,15367
2773,4.43946,4.31300,6.871e-05,0.869,0.141,15385
2774,4.25448,4.31300,6.863e-05,0.901,0.175,15362
2775,4.55282,4.31300,6.856e-05,0.897,0.147,15379
2776,4.44117,4.31300,6.848e-05,0.856,0.144,15380
2777,4.43200,4.31300,6.841e-05,0.855,0.141,15372
2778,4.39280,4.31300,6.833e-05,0.999,0.186,15358
2779,4.59671,4.31300,6.826e-05,0.950,0.161,15368
2780,4.36270,4.31300,6.818e-05,0.839,0.163,15342
2781,4.48434,4.31300,6.811e-05,1.016,0.163,15374
2782,4.54958,4.31300,6.804e-05,0.856,0.139,15374
2783,4.14360,4.31300,6.796e-05,0.859,0.142,15377
2784,4.26434,4.31300,6.789e-05,0.964,0.165,15387
2785,4.31013,4.31300,6.782e-05,0.931,0.147,15374
2786,4.33600,4.31300,6.775e-05,0.873,0.140,15367
2787,4.03441,4.31300,6.767e-05,1.008,0.174,15362
2788,3.96629,4.31300,6.760e-05,0.991,0.167,15370
2789,4.20739,4.31300,6.753e-05,0.898,0.187,15363
2790,4.09167,4.31300,6.746e-05,0.951,0.173,15360
2791,4.14200,4.31300,6.739e-05,0.932,0.180,15390
2792,4.46670,4.31300,6.732e-05,0.866,0.145,15367
2793,4.19702,4.31300,6.725e-05,0.875,0.142,15354
2794,4.27976,4.31300,6.718e-05,0.979,0.198,15375
2795,4.28439,4.31300,6.711e-05,0.866,0.162,15377
2796,4.29847,4.31300,6.704e-05,0.944,0.155,15363
2797,4.34472,4.31300,6.697e-05,0.874,0.157,15368
2798,4.31603,4.31300,6.690e-05,0.933,0.180,15372
2799,4.34864,4.31300,6.684e-05,0.851,0.139,15397
2800,4.49212,4.31300,6.677e-05,0.813,0.141,15367
2801,4.11057,4.31300,6.670e-05,0.818,0.133,15356
2802,4.59572,4.31300,6.664e-05,0.890,0.159,15363
2803,4.47335,4.31300,6.657e-05,0.885,0.151,15371
2804,4.48740,4.31300,6.650e-05,0.841,0.144,15351
2805,4.27135,4.31300,6.644e-05,0.832,0.137,15370
2806,4.48427,4.31300,6.637e-05,0.848,0.140,15384
2807,4.53465,4.31300,6.631e-05,0.842,0.148,15395
2808,4.49722,4.31300,6.624e-05,0.857,0.145,15368
2809,4.13821,4.31300,6.618e-05,0.914,0.161,15375
2810,4.32303,4.31300,6.611e-05,0.804,0.145,15368
2811,4.28972,4.31300,6.605e-05,0.921,0.151,15372
2812,4.60832,4.31300,6.598e-05,0.862,0.144,15383
2813,4.39804,4.31300,6.592e-05,0.951,0.147,15373
2814,4.29995,4.31300,6.586e-05,0.821,0.140,15379
2815,4.13882,4.31300,6.580e-05,0.896,0.156,15390
2816,4.56548,4.31300,6.573e-05,1.045,0.164,15377
2817,4.52982,4.31300,6.567e-05,0.867,0.150,15353
2818,4.60482,4.31300,6.561e-05,1.160,0.172,15364
2819,4.50753,4.31300,6.555e-05,0.876,0.141,15351
2820,4.27590,4.31300,6.549e-05,0.877,0.142,15384
2821,4.44009,4.31300,6.543e-05,0.907,0.156,15373
2822,4.44576,4.31300,6.537e-05,0.866,0.141,15378
2823,4.21115,4.31300,6.531e-05,0.909,0.144,15377
2824,4.18785,4.31300,6.525e-05,0.924,0.161,15360
2825,4.79184,4.31300,6.519e-05,0.859,0.143,15361
2826,4.61719,4.31300,6.513e-05,0.883,0.164,15371
2827,4.44074,4.31300,6.507e-05,0.857,0.147,15332
2828,4.59434,4.31300,6.501e-05,1.011,0.146,15361
2829,4.23502,4.31300,6.495e-05,0.903,0.156,15376
2830,4.43942,4.31300,6.490e-05,0.875,0.145,15372
2831,4.24576,4.31300,6.484e-05,0.917,0.147,15363
2832,4.23868,4.31300,6.478e-05,0.873,0.136,15356
2833,4.51532,4.31300,6.473e-05,0.898,0.140,15376
2834,4.42910,4.31300,6.467e-05,0.869,0.151,15367
2835,4.27600,4.31300,6.461e-05,0.910,0.157,15369
2836,4.31971,4.31300,6.456e-05,0.904,0.148,15387
2837,4.54688,4.31300,6.450e-05,0.868,0.146,15397
2838,4.11035,4.31300,6.445e-05,0.966,0.150,15393
2839,4.68673,4.31300,6.439e-05,0.897,0.145,15367
2840,4.57178,4.31300,6.434e-05,0.895,0.144,15357
2841,4.41479,4.31300,6.429e-05,0.887,0.146,15358
2842,4.36457,4.31300,6.423e-05,0.840,0.142,15374
2843,4.34374,4.31300,6.418e-05,0.863,0.143,15354
2844,4.37622,4.31300,6.413e-05,0.829,0.141,15385
2845,4.35041,4.31300,6.407e-05,0.903,0.157,15393
2846,4.10942,4.31300,6.402e-05,0.895,0.149,15357
2847,4.71720,4.31300,6.397e-05,0.838,0.138,15390
2848,4.50996,4.31300,6.392e-05,0.895,0.172,15378
2849,4.39863,4.31300,6.387e-05,0.899,0.142,15381
2850,4.32451,4.31300,6.381e-05,0.894,0.154,15371
2851,4.55512,4.31300,6.376e-05,0.870,0.153,15348
2852,4.24644,4.31300,6.371e-05,0.848,0.141,15390
2853,4.21455,4.31300,6.366e-05,0.874,0.146,15385
2854,4.20978,4.31300,6.361e-05,0.885,0.157,15376
2855,4.24998,4.31300,6.357e-05,0.802,0.134,15361
2856,4.21971,4.31300,6.352e-05,0.882,0.151,15361
2857,4.25642,4.31300,6.347e-05,0.926,0.144,15381
2858,4.50298,4.31300,6.342e-05,0.886,0.152,15365
2859,4.27316,4.31300,6.337e-05,0.862,0.140,15379
2860,4.37828,4.31300,6.332e-05,0.893,0.144,15397
2861,4.15977,4.31300,6.328e-05,0.939,0.154,15354
2862,4.15252,4.31300,6.323e-05,0.890,0.143,15348
2863,4.42679,4.31300,6.318e-05,0.940,0.171,15364
2864,4.10802,4.31300,6.314e-05,0.857,0.142,15358
2865,4.25429,4.31300,6.309e-05,0.817,0.136,15374
2866,4.37269,4.31300,6.305e-05,0.864,0.139,15373
2867,4.46999,4.31300,6.300e-05,0.958,0.170,15400
2868,4.36253,4.31300,6.296e-05,0.939,0.222,15386
2869,4.65055,4.31300,6.291e-05,0.904,0.144,15360
2870,4.24530,4.31300,6.287e-05,1.018,0.194,15352
2871,4.09137,4.31300,6.282e-05,0.926,0.200,15357
2872,4.48788,4.31300,6.278e-05,0.836,0.139,15365
2873,4.32567,4.31300,6.274e-05,0.924,0.171,15370
2874,4.45865,4.31300,6.269e-05,0.942,0.178,15375
2875,4.44974,4.31300,6.265e-05,0.910,0.163,15384
2876,4.49657,4.31300,6.261e-05,0.928,0.169,15381
2877,4.50783,4.31300,6.257e-05,0.903,0.152,15361
2878,4.00166,4.31300,6.253e-05,0.826,0.138,15359
2879,4.25263,4.31300,6.248e-05,0.908,0.163,15363
2880,4.04907,4.31300,6.244e-05,0.904,0.169,15356
2881,4.11870,4.31300,6.240e-05,0.890,0.152,15376
2882,4.61367,4.31300,6.236e-05,0.844,0.141,15386
2883,4.22366,4.31300,6.232e-05,0.910,0.149,15386
2884,4.23362,4.31300,6.228e-05,0.872,0.149,15371
2885,4.18442,4.31300,6.224e-05,0.960,0.177,15365
2886,4.09271,4.31300,6.221e-05,0.854,0.138,15365
2887,4.42946,4.31300,6.217e-05,0.868,0.144,15367
2888,4.26090,4.31300,6.213e-05,0.865,0.143,15365
2889,4.17112,4.31300,6.209e-05,0.893,0.164,15389
2890,4.65998,4.31300,6.205e-05,0.849,0.137,15400
2891,4.51830,4.31300,6.202e-05,0.842,0.143,15402
2892,4.49505,4.31300,6.198e-05,0.865,0.139,15357
2893,4.34833,4.31300,6.194e-05,0.921,0.150,15382
2894,4.28830,4.31300,6.191e-05,0.822,0.134,15348
2895,4.51695,4.31300,6.187e-05,0.823,0.137,15368
2896,4.38011,4.31300,6.184e-05,0.840,0.137,15363
2897,4.28133,4.31300,6.180e-05,0.933,0.149,15387
2898,4.37639,4.31300,6.177e-05,0.794,0.139,15377
2899,4.03299,4.31300,6.173e-05,0.899,0.160,15374
2900,4.37146,4.31300,6.170e-05,0.892,0.149,15331
2901,4.18556,4.31300,6.166e-05,0.866,0.139,15364
2902,4.37055,4.31300,6.163e-05,0.904,0.154,15357
2903,4.28052,4.31300,6.160e-05,0.896,0.142,15369
2904,4.24372,4.31300,6.156e-05,0.837,0.146,15376
2905,4.30862,4.31300,6.153e-05,0.857,0.141,15389
2906,4.32339,4.31300,6.150e-05,0.827,0.134,15400
2907,4.35194,4.31300,6.147e-05,0.882,0.147,15369
2908,4.18094,4.31300,6.144e-05,0.843,0.146,15373
2909,4.33951,4.31300,6.141e-05,0.926,0.152,15371
2910,4.25974,4.31300,6.138e-05,0.852,0.140,15380
2911,4.19885,4.31300,6.135e-05,0.831,0.133,15370
2912,4.42151,4.31300,6.132e-05,0.903,0.151,15375
2913,4.49425,4.31300,6.129e-05,0.878,0.165,15372
2914,4.29888,4.31300,6.126e-05,0.935,0.150,15379
2915,4.40609,4.31300,6.123e-05,0.830,0.137,15367
2916,4.39838,4.31300,6.120e-05,0.868,0.144,15352
2917,4.24574,4.31300,6.117e-05,0.895,0.146,15357
2918,4.37391,4.31300,6.114e-05,0.903,0.159,15371
2919,4.54957,4.31300,6.111e-05,0.837,0.137,15371
2920,4.33564,4.31300,6.109e-05,0.934,0.187,15385
2921,4.29083,4.31300,6.106e-05,0.851,0.137,15371
2922,4.48092,4.31300,6.103e-05,0.898,0.148,15364
2923,4.33085,4.31300,6.101e-05,0.861,0.144,15397
2924,4.39233,4.31300,6.098e-05,0.872,0.141,15363
2925,4.53319,4.31300,6.096e-05,0.872,0.151,15364
2926,4.22643,4.31300,6.093e-05,0.880,0.161,15356
2927,4.23226,4.31300,6.091e-05,0.844,0.142,15377
2928,4.41916,4.31300,6.088e-05,0.893,0.170,15402
2929,4.06499,4.31300,6.086e-05,0.888,0.150,15368
2930,4.44903,4.31300,6.083e-05,0.873,0.154,15364
2931,4.17844,4.31300,6.081e-05,0.964,0.202,15372
2932,4.42580,4.31300,6.079e-05,0.853,0.140,15375
2933,4.37607,4.31300,6.076e-05,0.829,0.133,15369
2934,4.20775,4.31300,6.074e-05,0.904,0.165,15359
2935,4.28031,4.31300,6.072e-05,0.963,0.196,15386
2936,4.16093,4.31300,6.070e-05,0.872,0.147,15386
2937,4.44320,4.31300,6.067e-05,0.876,0.148,15374
2938,4.15543,4.31300,6.065e-05,0.912,0.183,15359
2939,4.36707,4.31300,6.063e-05,0.903,0.136,15374
2940,4.19062,4.31300,6.061e-05,0.946,0.157,15363
2941,4.24185,4.31300,6.059e-05,0.885,0.180,15350
2942,4.15284,4.31300,6.057e-05,0.863,0.157,15377
2943,4.32314,4.31300,6.055e-05,0.944,0.187,15392
2944,4.37047,4.31300,6.053e-05,0.930,0.149,15397
2945,4.31227,4.31300,6.051e-05,0.867,0.136,15362
2946,4.32281,4.31300,6.050e-05,0.944,0.180,15365
2947,4.50490,4.31300,6.048e-05,0.904,0.142,15377
2948,4.39674,4.31300,6.046e-05,0.898,0.155,15359
2949,4.13821,4.31300,6.044e-05,0.989,0.175,15376
2950,4.56077,4.31300,6.042e-05,0.951,0.159,15375
2951,4.45801,4.31300,6.041e-05,0.954,0.149,15394
2952,4.40861,4.31300,6.039e-05,0.836,0.137,15363
2953,4.44906,4.31300,6.038e-05,0.896,0.147,15362
2954,4.46160,4.31300,6.036e-05,0.904,0.156,15370
2955,3.98533,4.31300,6.034e-05,0.934,0.162,15379
2956,4.23252,4.31300,6.033e-05,0.920,0.154,15381
2957,4.24805,4.31300,6.031e-05,0.866,0.143,15351
2958,4.32964,4.31300,6.030e-05,0.847,0.149,15396
2959,4.35667,4.31300,6.029e-05,0.868,0.147,15399
2960,4.27223,4.31300,6.027e-05,0.912,0.146,15369
2961,4.25696,4.31300,6.026e-05,0.963,0.167,15363
2962,4.33958,4.31300,6.025e-05,0.947,0.151,15370
2963,4.29122,4.31300,6.023e-05,0.900,0.149,15368
2964,4.01160,4.31300,6.022e-05,0.921,0.175,15375
2965,4.60246,4.31300,6.021e-05,0.845,0.143,15382
2966,4.08987,4.31300,6.020e-05,0.904,0.147,15382
2967,4.45121,4.31300,6.019e-05,0.869,0.142,15377
2968,4.30051,4.31300,6.017e-05,0.934,0.170,15373
2969,4.14552,4.31300,6.016e-05,0.926,0.145,15374
2970,4.32677,4.31300,6.015e-05,0.865,0.155,15372
2971,4.40361,4.31300,6.014e-05,0.894,0.157,15361
2972,4.49995,4.31300,6.013e-05,0.910,0.144,15366
2973,4.43689,4.31300,6.012e-05,0.882,0.144,15385
2974,4.35157,4.31300,6.011e-05,0.879,0.150,15394
2975,4.54004,4.31300,6.011e-05,0.812,0.148,15364
2976,4.24658,4.31300,6.010e-05,0.883,0.152,15364
2977,4.31598,4.31300,6.009e-05,0.903,0.148,15370
2978,4.56257,4.31300,6.008e-05,0.897,0.148,15366
2979,4.54630,4.31300,6.007e-05,0.846,0.140,15369
2980,4.24204,4.31300,6.007e-05,0.923,0.146,15377
2981,4.51870,4.31300,6.006e-05,0.904,0.147,15386
2982,4.49733,4.31300,6.006e-05,0.852,0.137,15398
2983,4.29212,4.31300,6.005e-05,0.875,0.151,15373
2984,4.63082,4.31300,6.004e-05,0.877,0.147,15362
2985,4.24361,4.31300,6.004e-05,0.939,0.138,15360
2986,4.07547,4.31300,6.003e-05,0.898,0.148,15363
2987,4.24407,4.31300,6.003e-05,0.863,0.134,15366
2988,4.33869,4.31300,6.002e-05,0.959,0.155,15364
2989,4.32913,4.31300,6.002e-05,0.947,0.180,15384
2990,4.30274,4.31300,6.002e-05,0.916,0.164,15379
2991,4.41468,4.31300,6.001e-05,0.905,0.154,15365
2992,4.28611,4.31300,6.001e-05,0.940,0.190,15387
2993,4.26632,4.31300,6.001e-05,0.970,0.152,15373
2994,4.16728,4.31300,6.001e-05,0.987,0.158,15345
2995,4.30065,4.31300,6.000e-05,0.866,0.141,15363
2996,4.41052,4.31300,6.000e-05,0.860,0.145,15365
2997,4.34481,4.31300,6.000e-05,0.890,0.148,15396
2998,4.25790,4.31300,6.000e-05,0.904,0.143,15368
2999,4.34342,4.29044,6.000e-05,0.878,0.147,7125
