step,loss,val_loss,lr,grad_norm,proj_grad_norm,tokens_per_s
0,11.87182,11.85779,3.000e-06,3.672,0.000,8082
1,11.85940,11.85779,6.000e-06,3.652,0.000,28592
2,11.83114,11.85779,9.000e-06,3.280,0.000,27897
3,11.78586,11.85779,1.200e-05,3.216,0.000,27869
4,11.72150,11.85779,1.500e-05,3.160,0.000,28080
5,11.69387,11.85779,1.800e-05,2.480,0.000,27954
6,11.59869,11.85779,2.100e-05,2.587,0.000,27911
7,11.55536,11.85779,2.400e-05,2.186,0.000,27895
8,11.51687,11.85779,2.700e-05,1.951,0.000,27871
9,11.54236,11.85779,3.000e-05,1.585,0.000,27942
10,11.46181,11.85779,3.300e-05,1.499,0.000,28056
11,11.44554,11.85779,3.600e-05,1.386,0.000,27933
12,11.36641,11.85779,3.900e-05,1.498,0.000,27819
13,11.33429,11.85779,4.200e-05,1.490,0.000,27818
14,11.30526,11.85779,4.500e-05,1.537,0.000,27792
15,11.35774,11.85779,4.800e-05,1.185,0.000,27896
16,11.32556,11.85779,5.100e-05,1.229,0.000,27972
17,11.27360,11.85779,5.400e-05,1.247,0.000,27803
18,11.22414,11.85779,5.700e-05,1.295,0.000,27830
19,11.21074,11.85779,6.000e-05,1.240,0.000,27825
20,11.14074,11.85779,6.300e-05,1.459,0.000,27805
21,11.22703,11.85779,6.600e-05,1.144,0.000,27915
22,11.10321,11.85779,6.900e-05,1.296,0.000,27906
23,11.06076,11.85779,7.200e-05,1.326,0.000,27820
24,11.09394,11.85779,7.500e-05,1.130,0.000,27822
25,10.99832,11.85779,7.800e-05,1.315,0.000,27817
26,10.96647,11.85779,8.100e-05,1.228,0.000,27818
27,10.91843,11.85779,8.400e-05,1.291,0.000,27964
28,10.91132,11.85779,8.700e-05,1.196,0.000,27815
29,10.83820,11.85779,9.000e-05,1.243,0.000,27829
30,10.86181,11.85779,9.300e-05,1.100,0.000,27838
31,10.79381,11.85779,9.600e-05,1.070,0.000,27809
32,10.73278,11.85779,9.900e-05,1.137,0.000,27930
33,10.62049,11.85779,1.020e-04,1.310,0.000,27970
34,10.59533,11.85779,1.050e-04,1.158,0.000,27811
35,10.54097,11.85779,1.080e-04,1.133,0.000,27860
36,10.49589,11.85779,1.110e-04,1.251,0.000,27816
37,10.43739,11.85779,1.140e-04,1.204,0.000,27786
38,10.37070,11.85779,1.170e-04,1.210,0.000,27972
39,10.33475,11.85779,1.200e-04,1.212,0.000,27892
40,10.27519,11.85779,1.230e-04,1.142,0.000,27827
41,10.22298,11.85779,1.260e-04,1.240,0.000,27875
42,10.15803,11.85779,1.290e-04,1.138,0.000,27810
43,10.06535,11.85779,1.320e-04,1.239,0.000,27851
44,10.03361,11.85779,1.350e-04,1.167,0.000,27987
45,9.97613,11.85779,1.380e-04,1.114,0.000,27855
46,9.91397,11.85779,1.410e-04,1.152,0.000,27827
47,9.83206,11.85779,1.440e-04,1.106,0.000,27814
48,9.75428,11.85779,1.470e-04,1.184,0.000,27818
49,9.70502,11.85779,1.500e-04,1.171,0.000,27889
50,9.64716,11.85779,1.530e-04,1.177,0.000,27932
51,9.56718,11.85779,1.560e-04,1.198,0.000,27813
52,9.51082,11.85779,1.590e-04,1.068,0.000,27801
53,9.46059,11.85779,1.620e-04,1.098,0.000,27792
54,9.38962,11.85779,1.650e-04,1.120,0.000,27834
55,9.35693,11.85779,1.680e-04,1.150,0.000,27926
56,9.26906,11.85779,1.710e-04,1.044,0.000,27914
57,9.23651,11.85779,1.740e-04,1.138,0.000,27825
58,9.18811,11.85779,1.770e-04,1.136,0.000,27827
59,9.17391,11.85779,1.800e-04,1.167,0.000,27794
60,9.07320,11.85779,1.830e-04,1.145,0.000,27867
61,9.05067,11.85779,1.860e-04,1.296,0.000,27930
62,8.92190,11.85779,1.890e-04,1.204,0.000,27840
63,8.86269,11.85779,1.920e-04,0.991,0.000,27862
64,8.87437,11.85779,1.950e-04,0.949,0.000,27851
65,8.70459,11.85779,1.980e-04,1.038,0.000,27804
66,8.70573,11.85779,2.010e-04,1.095,0.000,27914
67,8.69407,11.85779,2.040e-04,0.968,0.000,27953
68,8.57768,11.85779,2.070e-04,1.102,0.000,27837
69,8.54807,11.85779,2.100e-04,1.107,0.000,27837
70,8.46446,11.85779,2.130e-04,0.911,0.000,27853
71,8.50805,11.85779,2.160e-04,1.064,0.000,27853
72,8.42735,11.85779,2.190e-04,0.978,0.000,27947
73,8.34958,11.85779,2.220e-04,0.926,0.000,27906
74,8.34708,11.85779,2.250e-04,0.899,0.000,27842
75,8.19709,11.85779,2.280e-04,0.798,0.000,27809
76,8.20578,11.85779,2.310e-04,0.864,0.000,27838
77,8.25176,11.85779,2.340e-04,0.941,0.000,27836
78,8.22968,11.85779,2.370e-04,0.945,0.000,28005
79,8.14692,11.85779,2.400e-04,0.796,0.000,27877
80,8.17183,11.85779,2.430e-04,0.801,0.000,27824
81,8.05545,11.85779,2.460e-04,0.824,0.000,27835
82,8.03047,11.85779,2.490e-04,0.947,0.000,27860
83,8.05157,11.85779,2.520e-04,0.827,0.000,27885
84,7.98039,11.85779,2.550e-04,0.794,0.000,27972
85,7.89471,11.85779,2.580e-04,0.829,0.000,27823
86,8.02866,11.85779,2.610e-04,0.686,0.000,27873
87,7.96534,11.85779,2.640e-04,0.732,0.000,27802
88,7.85708,11.85779,2.670e-04,0.658,0.000,27822
89,7.92290,11.85779,2.700e-04,0.573,0.000,27958
90,7.74908,11.85779,2.730e-04,0.591,0.000,27945
91,7.75451,11.85779,2.760e-04,0.592,0.000,27856
92,7.74221,11.85779,2.790e-04,0.613,0.000,27805
93,7.70175,11.85779,2.820e-04,0.626,0.000,27799
94,7.71583,11.85779,2.850e-04,0.607,0.000,27842
95,7.68868,11.85779,2.880e-04,0.600,0.000,28022
96,7.68631,11.85779,2.910e-04,0.566,0.000,27859
97,7.62824,11.85779,2.940e-04,0.777,0.000,27837
98,7.50823,11.85779,2.970e-04,0.753,0.000,27805
99,7.65271,11.85779,3.000e-04,0.708,0.000,27815
100,7.51304,11.85779,3.030e-04,0.771,0.000,27908
101,7.60657,11.85779,3.060e-04,0.785,0.000,27971
102,7.50122,11.85779,3.090e-04,0.658,0.000,27810
103,7.56465,11.85779,3.120e-04,0.811,0.000,27866
104,7.51591,11.85779,3.150e-04,0.810,0.000,27820
105,7.51325,11.85779,3.180e-04,0.668,0.000,27807
106,7.39406,11.85779,3.210e-04,0.521,0.000,27903
107,7.50958,11.85779,3.240e-04,0.484,0.000,27932
108,7.34309,11.85779,3.270e-04,0.647,0.000,27810
109,7.37176,11.85779,3.300e-04,0.545,0.000,27832
110,7.37988,11.85779,3.330e-04,0.589,0.000,27829
111,7.35869,11.85779,3.360e-04,0.478,0.000,27842
112,7.39028,11.85779,3.390e-04,0.574,0.000,27990
113,7.34400,11.85779,3.420e-04,0.439,0.000,27895
114,7.34898,11.85779,3.450e-04,0.458,0.000,27825
115,7.37999,11.85779,3.480e-04,0.576,0.000,27805
116,7.19632,11.85779,3.510e-04,0.708,0.000,27814
117,7.26474,11.85779,3.540e-04,0.395,0.000,27867
118,7.27731,11.85779,3.570e-04,0.523,0.000,27979
119,7.21844,11.85779,3.600e-04,0.418,0.000,27811
120,7.26012,11.85779,3.630e-04,0.652,0.000,27839
121,7.22763,11.85779,3.660e-04,0.515,0.000,27808
122,7.09507,11.85779,3.690e-04,0.488,0.000,27843
123,7.07719,11.85779,3.720e-04,0.741,0.000,27928
124,7.05149,11.85779,3.750e-04,0.435,0.000,27957
125,7.03422,11.85779,3.780e-04,0.657,0.000,27793
126,7.13499,11.85779,3.810e-04,0.432,0.000,27852
127,7.10337,11.85779,3.840e-04,0.874,0.000,27785
128,7.09281,11.85779,3.870e-04,0.412,0.000,27801
129,7.16631,11.85779,3.900e-04,0.686,0.000,27964
130,7.07627,11.85779,3.930e-04,0.458,0.000,27874
131,7.01447,11.85779,3.960e-04,0.676,0.000,27822
132,6.89034,11.85779,3.990e-04,0.587,0.000,27846
133,7.05716,11.85779,4.020e-04,0.678,0.000,27810
134,6.97079,11.85779,4.050e-04,0.576,0.000,27843
135,6.95926,11.85779,4.080e-04,0.502,0.000,27980
136,6.92468,11.85779,4.110e-04,0.484,0.000,27818
137,6.79869,11.85779,4.140e-04,0.602,0.000,27877
138,6.90467,11.85779,4.170e-04,0.501,0.000,27806
139,6.83707,11.85779,4.200e-04,0.617,0.000,27833
140,6.75616,11.85779,4.230e-04,0.475,0.000,27924
141,6.94609,11.85779,4.260e-04,0.513,0.000,27894
142,6.84995,11.85779,4.290e-04,0.519,0.000,27838
143,6.79541,11.85779,4.320e-04,0.493,0.000,27820
144,6.78418,11.85779,4.350e-04,0.538,0.000,27766
145,6.85885,11.85779,4.380e-04,0.473,0.000,27866
146,6.86476,11.85779,4.410e-04,0.526,0.000,27954
147,6.71276,11.85779,4.440e-04,0.439,0.000,27849
148,6.83397,11.85779,4.470e-04,0.540,0.000,27824
149,6.76334,11.85779,4.500e-04,0.491,0.000,27814
150,6.86470,11.85779,4.530e-04,0.546,0.000,27816
151,6.69723,11.85779,4.560e-04,0.555,0.000,27875
152,6.80533,11.85779,4.590e-04,0.495,0.000,27999
153,6.65404,11.85779,4.620e-04,0.554,0.000,27816
154,6.65581,11.85779,4.650e-04,0.679,0.000,27827
155,6.71329,11.85779,4.680e-04,0.619,0.000,27828
156,6.78185,11.85779,4.710e-04,0.470,0.000,27846
157,6.69192,11.85779,4.740e-04,0.692,0.000,27901
158,6.71166,11.85779,4.770e-04,0.509,0.000,27932
159,6.68843,11.85779,4.800e-04,0.552,0.000,27826
160,6.70667,11.85779,4.830e-04,0.479,0.000,27807
161,6.68450,11.85779,4.860e-04,0.496,0.000,27869
162,6.84279,11.85779,4.890e-04,0.651,0.000,27816
163,6.43376,11.85779,4.920e-04,0.519,0.000,27985
164,6.71649,11.85779,4.950e-04,0.546,0.000,27874
165,6.75120,11.85779,4.980e-04,0.436,0.000,27816
166,6.56408,11.85779,5.010e-04,0.552,0.000,27835
167,6.71524,11.85779,5.040e-04,0.514,0.000,27788
168,6.59914,11.85779,5.070e-04,0.584,0.000,27907
169,6.61882,11.85779,5.100e-04,0.593,0.000,27985
170,6.50788,11.85779,5.130e-04,0.488,0.000,27836
171,6.51789,11.85779,5.160e-04,0.480,0.000,27860
172,6.58238,11.85779,5.190e-04,0.521,0.000,27810
173,6.59962,11.85779,5.220e-04,0.480,0.000,27811
174,6.54077,11.85779,5.250e-04,0.432,0.000,27944
175,6.49913,11.85779,5.280e-04,0.475,0.000,27966
176,6.52409,11.85779,5.310e-04,0.403,0.000,27805
177,6.76962,11.85779,5.340e-04,0.458,0.000,27823
178,6.62169,11.85779,5.370e-04,0.426,0.000,27848
179,6.55356,11.85779,5.400e-04,0.511,0.000,27827
180,6.43526,11.85779,5.430e-04,0.461,0.000,27959
181,6.49028,11.85779,5.460e-04,0.494,0.000,27854
182,6.72340,11.85779,5.490e-04,0.466,0.000,27835
183,6.52169,11.85779,5.520e-04,0.514,0.000,27847
184,6.49870,11.85779,5.550e-04,0.419,0.000,27827
185,6.34473,11.85779,5.580e-04,0.449,0.000,27860
186,6.50489,11.85779,5.610e-04,0.424,0.000,27981
187,6.58651,11.85779,5.640e-04,0.493,0.000,27853
188,6.48929,11.85779,5.670e-04,0.491,0.000,27863
189,6.51804,11.85779,5.700e-04,0.458,0.000,27858
190,6.42176,11.85779,5.730e-04,0.464,0.000,27801
191,6.48818,11.85779,5.760e-04,0.476,0.000,27928
192,6.27434,11.85779,5.790e-04,0.435,0.000,27965
193,6.40100,11.85779,5.820e-04,0.491,0.000,27793
194,6.41298,11.85779,5.850e-04,0.498,0.000,27821
195,6.46188,11.85779,5.880e-04,0.502,0.000,27837
196,6.50922,11.85779,5.910e-04,0.483,0.000,27816
197,6.38548,11.85779,5.940e-04,0.651,0.000,27958
198,6.35439,11.85779,5.970e-04,0.448,0.000,27867
199,6.38489,11.85779,6.000e-04,0.605,0.000,27857
200,6.26478,11.85779,6.000e-04,0.639,0.000,27811
201,6.41592,11.85779,6.000e-04,0.475,0.000,27818
202,6.40182,11.85779,6.000e-04,0.579,0.000,27842
203,6.30702,11.85779,6.000e-04,0.500,0.000,28003
204,6.32047,11.85779,6.000e-04,0.499,0.000,27819
205,6.16654,11.85779,6.000e-04,0.483,0.000,27861
206,6.49868,11.85779,6.000e-04,0.457,0.000,27784
207,6.32409,11.85779,6.000e-04,0.471,0.000,27799
208,6.38008,11.85779,6.000e-04,0.437,0.000,27910
209,6.16044,11.85779,6.000e-04,0.457,0.000,28001
210,6.35003,11.85779,6.000e-04,0.501,0.000,27795
211,6.31090,11.85779,6.000e-04,0.454,0.000,27824
212,6.24930,11.85779,6.000e-04,0.489,0.000,27826
213,6.32650,11.85779,6.000e-04,0.438,0.000,27803
214,6.27675,11.85779,6.000e-04,0.557,0.000,27936
215,6.29011,11.85779,6.000e-04,0.653,0.000,27899
216,6.30502,11.85779,6.000e-04,0.516,0.000,27814
217,6.22047,11.85779,6.000e-04,0.500,0.000,27804
218,6.37201,11.85779,5.999e-04,0.514,0.000,27807
219,6.21515,11.85779,5.999e-04,0.476,0.000,27872
220,6.40904,11.85779,5.999e-04,0.580,0.000,27973
221,6.36135,11.85779,5.999e-04,0.492,0.000,27946
222,6.20997,11.85779,5.999e-04,0.467,0.000,27816
223,6.28451,11.85779,5.999e-04,0.490,0.000,27797
224,6.33956,11.85779,5.999e-04,0.443,0.000,27817
225,6.36914,11.85779,5.999e-04,0.502,0.000,27910
226,6.07929,11.85779,5.999e-04,0.555,0.000,27984
227,6.26682,11.85779,5.999e-04,0.497,0.000,27842
228,6.30430,11.85779,5.999e-04,0.543,0.000,27821
229,6.32498,11.85779,5.999e-04,0.449,0.000,27824
230,6.29720,11.85779,5.998e-04,0.508,0.000,27847
231,6.27918,11.85779,5.998e-04,0.415,0.000,27958
232,6.21465,11.85779,5.998e-04,0.465,0.000,27891
233,6.27685,11.85779,5.998e-04,0.720,0.000,27859
234,6.17884,11.85779,5.998e-04,0.442,0.000,27815
235,6.39083,11.85779,5.998e-04,0.508,0.000,27810
236,6.31790,11.85779,5.998e-04,0.447,0.000,27878
237,6.29805,11.85779,5.998e-04,0.415,0.000,28009
238,6.35589,11.85779,5.998e-04,0.431,0.000,27880
239,6.31859,11.85779,5.997e-04,0.479,0.000,27843
240,6.32803,11.85779,5.997e-04,0.456,0.000,27839
241,6.37145,11.85779,5.997e-04,0.434,0.000,27830
242,6.33909,11.85779,5.997e-04,0.542,0.000,27872
243,6.21289,11.85779,5.997e-04,0.449,0.000,27999
244,6.18068,11.85779,5.997e-04,0.469,0.000,27791
245,6.23250,11.85779,5.997e-04,0.432,0.000,27845
246,6.19035,11.85779,5.996e-04,0.492,0.000,27804
247,6.12768,11.85779,5.996e-04,0.419,0.000,27814
248,6.24103,11.85779,5.996e-04,0.437,0.000,27962
249,6.12973,11.85779,5.996e-04,0.490,0.000,27894
250,5.97383,6.13487,5.996e-04,0.430,0.000,8640
251,6.26137,6.13487,5.996e-04,0.471,0.000,28583
252,6.23169,6.13487,5.995e-04,0.427,0.000,27824
253,6.29539,6.13487,5.995e-04,0.419,0.000,27797
254,6.17129,6.13487,5.995e-04,0.483,0.000,27814
255,6.16551,6.13487,5.995e-04,0.410,0.000,27801
256,6.25500,6.13487,5.995e-04,0.394,0.000,27962
257,6.18642,6.13487,5.994e-04,0.430,0.000,27917
258,6.10037,6.13487,5.994e-04,0.457,0.000,27808
259,6.17524,6.13487,5.994e-04,0.466,0.000,27831
260,6.05392,6.13487,5.994e-04,0.442,0.000,27862
261,6.07662,6.13487,5.994e-04,0.393,0.000,27813
262,6.13161,6.13487,5.993e-04,0.555,0.000,28001
263,6.04705,6.13487,5.993e-04,0.439,0.000,27850
264,6.06396,6.13487,5.993e-04,0.438,0.000,27843
265,6.03769,6.13487,5.993e-04,0.442,0.000,27820
266,6.19349,6.13487,5.993e-04,0.428,0.000,27838
267,6.17137,6.13487,5.992e-04,0.415,0.000,27843
268,6.05594,6.13487,5.992e-04,0.429,0.000,27960
269,6.14326,6.13487,5.992e-04,0.425,0.000,27811
270,5.97884,6.13487,5.992e-04,0.462,0.000,27814
271,6.11448,6.13487,5.991e-04,0.381,0.000,27813
272,6.19458,6.13487,5.991e-04,0.406,0.000,27806
273,6.02157,6.13487,5.991e-04,0.419,0.000,27927
274,6.15021,6.13487,5.991e-04,0.432,0.000,27937
275,6.28988,6.13487,5.990e-04,0.401,0.000,27842
276,6.11058,6.13487,5.990e-04,0.420,0.000,27812
277,5.89759,6.13487,5.990e-04,0.465,0.000,27839
278,6.09999,6.13487,5.990e-04,0.448,0.000,27809
279,6.16108,6.13487,5.989e-04,0.437,0.000,27983
280,6.08532,6.13487,5.989e-04,0.460,0.000,27854
281,6.03258,6.13487,5.989e-04,0.437,0.000,27860
282,6.10359,6.13487,5.989e-04,0.474,0.000,27817
283,5.99586,6.13487,5.988e-04,0.480,0.000,27833
284,6.32040,6.13487,5.988e-04,0.504,0.000,27864
285,5.90281,6.13487,5.988e-04,0.415,0.000,27977
286,6.06449,6.13487,5.987e-04,0.463,0.000,27809
287,6.13102,6.13487,5.987e-04,0.480,0.000,27845
288,6.33595,6.13487,5.987e-04,0.413,0.000,27819
289,5.98605,6.13487,5.987e-04,0.498,0.000,27893
290,6.00292,6.13487,5.986e-04,0.411,0.000,27906
291,6.16608,6.13487,5.986e-04,0.460,0.000,27958
292,5.94332,6.13487,5.986e-04,0.426,0.000,27872
293,6.08055,6.13487,5.985e-04,0.416,0.000,27799
294,6.17585,6.13487,5.985e-04,0.432,0.000,27850
295,6.09844,6.13487,5.985e-04,0.435,0.000,27896
296,6.05589,6.13487,5.984e-04,0.448,0.000,27988
297,6.17306,6.13487,5.984e-04,0.504,0.000,27883
298,6.00077,6.13487,5.984e-04,0.403,0.000,27866
299,6.15147,6.13487,5.983e-04,0.459,0.000,27787
300,5.93463,6.13487,5.983e-04,0.456,0.000,27822
301,6.02888,6.13487,5.983e-04,0.413,0.000,27834
302,6.03907,6.13487,5.982e-04,0.454,0.000,27976
303,6.02634,6.13487,5.982e-04,0.407,0.000,27824
304,6.10180,6.13487,5.982e-04,0.465,0.000,27824
305,5.99607,6.13487,5.981e-04,0.401,0.000,27849
306,5.81539,6.13487,5.981e-04,0.465,0.000,27809
307,6.09433,6.13487,5.981e-04,0.450,0.000,27929
308,5.92050,6.13487,5.980e-04,0.440,0.000,27933
309,6.17113,6.13487,5.980e-04,0.413,0.000,27836
310,6.04441,6.13487,5.979e-04,0.372,0.000,27852
311,6.18420,6.13487,5.979e-04,0.427,0.000,27856
312,5.97727,6.13487,5.979e-04,0.406,0.000,27857
313,5.96817,6.13487,5.978e-04,0.399,0.000,27955
314,5.88552,6.13487,5.978e-04,0.375,0.000,27866
315,6.08075,6.13487,5.978e-04,0.432,0.000,27823
316,6.16144,6.13487,5.977e-04,0.410,0.000,27840
317,6.00379,6.13487,5.977e-04,0.460,0.000,27811
318,5.97254,6.13487,5.976e-04,0.464,0.000,27839
319,5.91412,6.13487,5.976e-04,0.399,0.000,27964
320,5.99147,6.13487,5.976e-04,0.436,0.000,27867
321,5.92341,6.13487,5.975e-04,0.432,0.000,27847
322,5.75746,6.13487,5.975e-04,0.398,0.000,27835
323,6.12457,6.13487,5.974e-04,0.417,0.000,27828
324,6.01224,6.13487,5.974e-04,0.405,0.000,27915
325,6.04732,6.13487,5.973e-04,0.422,0.000,27933
326,6.14807,6.13487,5.973e-04,0.401,0.000,27810
327,5.90661,6.13487,5.973e-04,0.443,0.000,27829
328,5.86974,6.13487,5.972e-04,0.414,0.000,27806
329,6.01072,6.13487,5.972e-04,0.402,0.000,27837
330,6.00622,6.13487,5.971e-04,0.467,0.000,27991
331,5.94347,6.13487,5.971e-04,0.462,0.000,27875
332,5.90613,6.13487,5.970e-04,0.456,0.000,27819
333,6.04275,6.13487,5.970e-04,0.437,0.000,27861
334,5.93285,6.13487,5.970e-04,0.458,0.000,27817
335,6.06965,6.13487,5.969e-04,0.470,0.000,27858
336,6.17235,6.13487,5.969e-04,0.437,0.000,27973
337,6.04927,6.13487,5.968e-04,0.423,0.000,27855
338,5.99237,6.13487,5.968e-04,0.414,0.000,27865
339,6.05600,6.13487,5.967e-04,0.410,0.000,27843
340,5.77744,6.13487,5.967e-04,0.423,0.000,27794
341,5.83326,6.13487,5.966e-04,0.428,0.000,27904
342,6.05106,6.13487,5.966e-04,0.420,0.000,27982
343,5.72401,6.13487,5.965e-04,0.478,0.000,27843
344,5.96059,6.13487,5.965e-04,0.414,0.000,27817
345,6.13734,6.13487,5.964e-04,0.431,0.000,27823
346,5.92426,6.13487,5.964e-04,0.412,0.000,27784
347,6.00774,6.13487,5.963e-04,0.420,0.000,27941
348,5.89973,6.13487,5.963e-04,0.429,0.000,27890
349,5.81595,6.13487,5.962e-04,0.507,0.000,27831
350,5.86845,6.13487,5.962e-04,0.440,0.000,27819
351,6.09224,6.13487,5.961e-04,0.480,0.000,27831
352,5.91241,6.13487,5.961e-04,0.450,0.000,27858
353,5.97499,6.13487,5.960e-04,0.440,0.000,27994
354,5.87053,6.13487,5.960e-04,0.481,0.000,27809
355,6.02351,6.13487,5.959e-04,0.457,0.000,27841
356,6.03261,6.13487,5.959e-04,0.408,0.000,27799
357,6.05694,6.13487,5.958e-04,0.454,0.000,27820
358,5.96931,6.13487,5.958e-04,0.399,0.000,27931
359,6.00325,6.13487,5.957e-04,0.480,0.000,27945
360,5.84913,6.13487,5.957e-04,0.430,0.000,27787
361,6.05059,6.13487,5.956e-04,0.497,0.000,27891
362,5.92542,6.13487,5.956e-04,0.370,0.000,27828
363,5.92793,6.13487,5.955e-04,0.384,0.000,27821
364,5.94813,6.13487,5.954e-04,0.426,0.000,27976
365,6.18166,6.13487,5.954e-04,0.444,0.000,27923
366,5.85864,6.13487,5.953e-04,0.446,0.000,27806
367,5.89961,6.13487,5.953e-04,0.409,0.000,27824
368,5.97111,6.13487,5.952e-04,0.406,0.000,27824
369,5.95709,6.13487,5.952e-04,0.415,0.000,27860
370,5.78400,6.13487,5.951e-04,0.387,0.000,27985
371,5.73219,6.13487,5.950e-04,0.397,0.000,27877
372,5.82240,6.13487,5.950e-04,0.399,0.000,27814
373,5.89454,6.13487,5.949e-04,0.434,0.000,27820
374,5.86535,6.13487,5.949e-04,0.435,0.000,27830
375,5.84344,6.13487,5.948e-04,0.463,0.000,27929
376,5.97722,6.13487,5.948e-04,0.408,0.000,27937
377,5.91649,6.13487,5.947e-04,0.441,0.000,27795
378,5.88308,6.13487,5.946e-04,0.404,0.000,27807
379,5.88746,6.13487,5.946e-04,0.448,0.000,27860
380,5.92343,6.13487,5.945e-04,0.437,0.000,27781
381,5.74313,6.13487,5.945e-04,0.402,0.000,27938
382,5.75542,6.13487,5.944e-04,0.409,0.000,27910
383,5.94570,6.13487,5.943e-04,0.406,0.000,27853
384,5.68837,6.13487,5.943e-04,0.413,0.000,27781
385,6.03560,6.13487,5.942e-04,0.404,0.000,27803
386,5.98026,6.13487,5.941e-04,0.385,0.000,27875
387,5.99147,6.13487,5.941e-04,0.415,0.000,27994
388,5.83741,6.13487,5.940e-04,0.389,0.000,27875
389,5.86107,6.13487,5.940e-04,0.390,0.000,27874
390,5.72156,6.13487,5.939e-04,0.443,0.000,27824
391,5.85216,6.13487,5.938e-04,0.383,0.000,27824
392,5.81958,6.13487,5.938e-04,0.440,0.000,27912
393,5.83280,6.13487,5.937e-04,0.404,0.000,27985
394,5.95645,6.13487,5.936e-04,0.415,0.000,27792
395,5.79767,6.13487,5.936e-04,0.420,0.000,27854
396,5.74801,6.13487,5.935e-04,0.432,0.000,27821
397,5.77728,6.13487,5.934e-04,0.367,0.000,27864
398,5.79126,6.13487,5.934e-04,0.408,0.000,27935
399,5.91922,6.13487,5.933e-04,0.399,0.000,27903
400,5.94864,6.13487,5.932e-04,0.398,0.000,27838
401,5.83336,6.13487,5.932e-04,0.425,0.000,27876
402,5.78913,6.13487,5.931e-04,0.462,0.000,27808
403,5.73667,6.13487,5.930e-04,0.384,0.000,27873
404,5.87986,6.13487,5.930e-04,0.843,0.000,28004
405,5.82015,6.13487,5.929e-04,0.429,0.000,27879
406,5.84951,6.13487,5.928e-04,0.441,0.000,27845
407,5.84178,6.13487,5.928e-04,0.418,0.000,27825
408,5.71135,6.13487,5.927e-04,0.438,0.000,27846
409,5.83766,6.13487,5.926e-04,0.399,0.000,27893
410,5.95226,6.13487,5.925e-04,0.427,0.000,27972
411,5.74609,6.13487,5.925e-04,0.435,0.000,27814
412,5.89165,6.13487,5.924e-04,0.371,0.000,27850
413,5.93925,6.13487,5.923e-04,0.378,0.000,27794
414,5.77582,6.13487,5.923e-04,0.494,0.000,27853
415,5.87401,6.13487,5.922e-04,0.401,0.000,27907
416,5.73517,6.13487,5.921e-04,0.446,0.000,27950
417,5.85347,6.13487,5.920e-04,0.395,0.000,27821
418,5.88963,6.13487,5.920e-04,0.391,0.000,27831
419,5.86683,6.13487,5.919e-04,0.411,0.000,27791
420,5.94119,6.13487,5.918e-04,0.432,0.000,27800
421,5.69531,6.13487,5.917e-04,0.401,0.000,27936
422,5.74370,6.13487,5.917e-04,0.380,0.000,27876
423,5.86186,6.13487,5.916e-04,0.459,0.000,27809
424,5.82606,6.13487,5.915e-04,0.394,0.000,27828
425,5.68310,6.13487,5.914e-04,0.408,0.000,27822
426,5.80105,6.13487,5.914e-04,0.494,0.000,27880
427,5.91674,6.13487,5.913e-04,0.409,0.000,27990
428,5.85112,6.13487,5.912e-04,0.481,0.000,27813
429,5.97173,6.13487,5.911e-04,0.429,0.000,27864
430,5.84404,6.13487,5.911e-04,0.420,0.000,27816
431,5.88333,6.13487,5.910e-04,0.404,0.000,27808
432,5.88891,6.13487,5.909e-04,0.451,0.000,27925
433,5.94977,6.13487,5.908e-04,0.490,0.000,27936
434,5.72802,6.13487,5.907e-04,0.448,0.000,27828
435,5.77465,6.13487,5.907e-04,0.405,0.000,27860
436,5.73399,6.13487,5.906e-04,0.415,0.000,27777
437,5.82691,6.13487,5.905e-04,0.382,0.000,27844
438,5.64522,6.13487,5.904e-04,0.409,0.000,27946
439,5.75443,6.13487,5.904e-04,0.428,0.000,27896
440,5.71932,6.13487,5.903e-04,1.412,0.000,27837
441,5.89775,6.13487,5.902e-04,0.438,0.000,27842
442,5.78095,6.13487,5.901e-04,0.501,0.000,27815
443,5.66939,6.13487,5.900e-04,0.457,0.000,27871
444,5.93502,6.13487,5.899e-04,0.535,0.000,27986
445,5.62052,6.13487,5.899e-04,0.511,0.000,27799
446,5.88479,6.13487,5.898e-04,0.503,0.000,27813
447,5.83277,6.13487,5.897e-04,0.450,0.000,27819
448,5.78863,6.13487,5.896e-04,0.484,0.000,27842
449,5.70828,6.13487,5.895e-04,0.489,0.000,27859
450,5.76497,6.13487,5.894e-04,0.433,0.000,27940
451,5.90134,6.13487,5.894e-04,0.551,0.000,27836
452,5.65297,6.13487,5.893e-04,0.417,0.000,27811
453,5.93466,6.13487,5.892e-04,0.574,0.000,27798
454,5.74387,6.13487,5.891e-04,0.428,0.000,27837
455,5.65604,6.13487,5.890e-04,0.517,0.000,27995
456,5.87981,6.13487,5.889e-04,0.422,0.000,27864
457,5.74060,6.13487,5.889e-04,0.441,0.000,27771
458,5.87404,6.13487,5.888e-04,0.432,0.000,27821
459,5.86773,6.13487,5.887e-04,0.433,0.000,27781
460,5.72802,6.13487,5.886e-04,0.402,0.000,27903
461,5.79412,6.13487,5.885e-04,0.390,0.000,27948
462,5.65793,6.13487,5.884e-04,0.556,0.000,27825
463,5.86066,6.13487,5.883e-04,0.408,0.000,27820
464,5.81580,6.13487,5.882e-04,0.438,0.000,27841
465,5.96472,6.13487,5.882e-04,0.404,0.000,27833
466,5.61031,6.13487,5.881e-04,0.425,0.000,27919
467,5.83570,6.13487,5.880e-04,0.427,0.000,27965
468,5.62445,6.13487,5.879e-04,0.412,0.000,27852
469,5.87937,6.13487,5.878e-04,0.421,0.000,27791
470,5.68744,6.13487,5.877e-04,0.395,0.000,27855
471,5.84332,6.13487,5.876e-04,0.462,0.000,27796
472,5.73984,6.13487,5.875e-04,0.391,0.000,27958
473,5.77167,6.13487,5.874e-04,0.443,0.000,27860
474,5.81126,6.13487,5.873e-04,0.408,0.000,27830
475,5.82673,6.13487,5.872e-04,0.404,0.000,27819
476,5.77857,6.13487,5.872e-04,0.426,0.000,27845
477,5.64334,6.13487,5.871e-04,0.443,0.000,27862
478,5.60075,6.13487,5.870e-04,0.438,0.000,28005
479,5.69051,6.13487,5.869e-04,0.416,0.000,27803
480,5.92802,6.13487,5.868e-04,0.410,0.000,27856
481,5.61937,6.13487,5.867e-04,0.418,0.000,27842
482,5.71243,6.13487,5.866e-04,0.408,0.000,27859
483,5.90863,6.13487,5.865e-04,0.423,0.000,27887
484,5.92666,6.13487,5.864e-04,0.431,0.000,27961
485,5.82585,6.13487,5.863e-04,1.190,0.000,27819
486,5.64614,6.13487,5.862e-04,0.393,0.000,27859
487,5.68003,6.13487,5.861e-04,0.449,0.000,27823
488,5.85237,6.13487,5.860e-04,0.452,0.000,27859
489,5.92281,6.13487,5.859e-04,0.426,0.000,27968
490,5.74471,6.13487,5.858e-04,0.427,0.000,27893
491,5.94809,6.13487,5.857e-04,0.522,0.000,27865
492,5.74880,6.13487,5.856e-04,0.435,0.000,27839
493,5.76330,6.13487,5.855e-04,0.446,0.000,27775
494,5.79024,6.13487,5.854e-04,0.438,0.000,27873
495,6.12836,6.13487,5.853e-04,0.405,0.000,27992
496,5.76322,6.13487,5.852e-04,0.477,0.000,27850
497,5.77769,6.13487,5.851e-04,0.406,0.000,27795
498,5.69880,6.13487,5.850e-04,0.442,0.000,27823
499,5.67403,6.13487,5.849e-04,0.510,0.000,27848
500,5.82110,5.67640,5.848e-04,0.436,0.000,8646
501,5.81266,5.67640,5.847e-04,0.677,0.000,28527
502,5.59378,5.67640,5.846e-04,0.428,0.000,27838
503,5.65576,5.67640,5.845e-04,0.415,0.000,27954
504,5.67871,5.67640,5.844e-04,0.448,0.000,27864
505,5.62070,5.67640,5.843e-04,0.430,0.000,27802
506,5.78946,5.67640,5.842e-04,0.555,0.000,27836
507,5.76409,5.67640,5.841e-04,0.431,0.000,27821
508,5.76614,5.67640,5.840e-04,0.480,0.000,27886
509,5.67942,5.67640,5.839e-04,0.414,0.000,27953
510,5.81119,5.67640,5.838e-04,0.454,0.000,27845
511,5.51140,5.67640,5.837e-04,0.430,0.000,27753
512,5.61798,5.67640,5.836e-04,0.492,0.000,27818
513,5.57868,5.67640,5.835e-04,0.895,0.000,27818
514,5.74060,5.67640,5.834e-04,0.397,0.000,27950
515,5.66677,5.67640,5.833e-04,0.413,0.000,27909
516,5.65485,5.67640,5.832e-04,0.409,0.000,27846
517,5.67826,5.67640,5.831e-04,0.418,0.000,27795
518,5.62351,5.67640,5.830e-04,0.386,0.000,27833
519,5.65348,5.67640,5.829e-04,0.419,0.000,27845
520,5.68276,5.67640,5.828e-04,0.408,0.000,27992
521,5.79832,5.67640,5.827e-04,0.426,0.000,27918
522,5.52617,5.67640,5.826e-04,0.447,0.000,27848
523,5.63049,5.67640,5.825e-04,0.395,0.000,27818
524,5.78291,5.67640,5.824e-04,0.458,0.000,27826
525,5.67334,5.67640,5.822e-04,0.408,0.000,27952
526,5.56603,5.67640,5.821e-04,0.421,0.000,27965
527,5.61457,5.67640,5.820e-04,0.421,0.000,27821
528,5.63858,5.67640,5.819e-04,0.383,0.000,27830
529,5.66898,5.67640,5.818e-04,0.452,0.000,27799
530,5.62941,5.67640,5.817e-04,0.391,0.000,27813
531,5.58521,5.67640,5.816e-04,0.439,0.000,27986
532,5.66292,5.67640,5.815e-04,0.416,0.000,27916
533,5.69186,5.67640,5.814e-04,0.442,0.000,27800
534,5.75968,5.67640,5.813e-04,0.414,0.000,27824
535,5.49857,5.67640,5.812e-04,0.384,0.000,27821
536,5.72388,5.67640,5.810e-04,0.386,0.000,27830
537,5.72390,5.67640,5.809e-04,0.430,0.000,28018
538,5.53038,5.67640,5.808e-04,0.395,0.000,27855
539,5.78878,5.67640,5.807e-04,0.407,0.000,27821
540,5.61740,5.67640,5.806e-04,0.413,0.000,27880
541,5.69178,5.67640,5.805e-04,0.425,0.000,27822
542,5.60592,5.67640,5.804e-04,0.416,0.000,27900
543,5.60881,5.67640,5.803e-04,0.445,0.000,28023
544,5.68382,5.67640,5.801e-04,0.408,0.000,27793
545,5.64587,5.67640,5.800e-04,0.388,0.000,27765
546,5.85913,5.67640,5.799e-04,0.454,0.000,27798
547,5.85997,5.67640,5.798e-04,0.436,0.000,27810
548,5.75694,5.67640,5.797e-04,0.463,0.000,27958
549,5.57062,5.67640,5.796e-04,0.400,0.000,27918
550,5.62812,5.67640,5.794e-04,0.447,0.000,27779
551,5.61121,5.67640,5.793e-04,0.401,0.000,27825
552,5.56355,5.67640,5.792e-04,0.403,0.000,27814
553,5.44130,5.67640,5.791e-04,0.413,0.000,27850
554,5.75041,5.67640,5.790e-04,0.410,0.000,27988
555,5.66514,5.67640,5.789e-04,0.452,0.000,27835
556,5.71612,5.67640,5.787e-04,0.432,0.000,27813
557,5.59622,5.67640,5.786e-04,0.425,0.000,27852
558,5.52693,5.67640,5.785e-04,0.441,0.000,27825
559,5.62360,5.67640,5.784e-04,0.437,0.000,27907
560,5.55438,5.67640,5.783e-04,0.394,0.000,27987
561,5.69611,5.67640,5.782e-04,0.403,0.000,27910
562,5.51247,5.67640,5.780e-04,0.431,0.000,27846
563,5.59581,5.67640,5.779e-04,0.442,0.000,27785
564,5.74770,5.67640,5.778e-04,0.413,0.000,27837
565,5.49431,5.67640,5.777e-04,0.488,0.000,27927
566,5.59123,5.67640,5.776e-04,0.410,0.000,27923
567,5.61446,5.67640,5.774e-04,0.461,0.000,27842
568,5.51054,5.67640,5.773e-04,0.425,0.000,27788
569,5.69599,5.67640,5.772e-04,0.433,0.000,27834
570,5.56146,5.67640,5.771e-04,0.433,0.000,27816
571,5.56297,5.67640,5.769e-04,0.441,0.000,27941
572,5.65586,5.67640,5.768e-04,0.415,0.000,27850
573,5.73841,5.67640,5.767e-04,0.438,0.000,27819
574,5.68319,5.67640,5.766e-04,0.480,0.000,27832
575,5.44312,5.67640,5.765e-04,0.392,0.000,27812
576,5.67726,5.67640,5.763e-04,0.477,0.000,27893
577,5.45588,5.67640,5.762e-04,0.391,0.000,27963
578,5.61380,5.67640,5.761e-04,0.384,0.000,27830
579,5.62566,5.67640,5.760e-04,0.423,0.000,27825
580,5.67649,5.67640,5.758e-04,0.411,0.000,27777
581,5.59612,5.67640,5.757e-04,0.402,0.000,27801
582,5.40821,5.67640,5.756e-04,0.456,0.000,27920
583,5.73584,5.67640,5.755e-04,0.427,0.000,27976
584,5.44507,5.67640,5.753e-04,0.450,0.000,27764
585,5.56938,5.67640,5.752e-04,0.450,0.000,27806
586,5.61517,5.67640,5.751e-04,0.442,0.000,27841
587,5.52225,5.67640,5.749e-04,0.457,0.000,27816
588,5.66644,5.67640,5.748e-04,0.465,0.000,27989
589,5.65754,5.67640,5.747e-04,0.401,0.000,27862
590,5.81744,5.67640,5.746e-04,0.460,0.000,27838
591,5.66478,5.67640,5.744e-04,0.431,0.000,27839
592,5.79959,5.67640,5.743e-04,0.417,0.000,27846
593,5.73186,5.67640,5.742e-04,0.446,0.000,27855
594,5.61000,5.67640,5.740e-04,0.442,0.000,27978
595,5.50816,5.67640,5.739e-04,0.398,0.000,27780
596,5.61051,5.67640,5.738e-04,0.388,0.000,27841
597,5.52725,5.67640,5.737e-04,0.454,0.000,27801
598,5.63058,5.67640,5.735e-04,0.393,0.000,27802
599,5.59805,5.67640,5.734e-04,0.422,0.000,27912
600,5.55177,5.67640,5.733e-04,0.452,0.000,27958
601,5.51953,5.67640,5.731e-04,0.410,0.000,27878
602,5.73133,5.67640,5.730e-04,0.408,0.000,27834
603,5.78279,5.67640,5.729e-04,0.438,0.000,27821
604,5.61962,5.67640,5.727e-04,0.445,0.000,27797
605,5.58778,5.67640,5.726e-04,0.375,0.000,27972
606,5.67984,5.67640,5.725e-04,0.453,0.000,27909
607,5.68359,5.67640,5.723e-04,0.439,0.000,27819
608,5.56893,5.67640,5.722e-04,0.724,0.000,27828
609,5.68063,5.67640,5.721e-04,0.437,0.000,27861
610,5.59661,5.67640,5.719e-04,0.425,0.000,27861
611,5.62732,5.67640,5.718e-04,0.480,0.000,27975
612,5.60793,5.67640,5.717e-04,0.432,0.000,27825
613,5.84460,5.67640,5.715e-04,0.432,0.000,27786
614,5.67952,5.67640,5.714e-04,0.460,0.000,27820
615,5.66517,5.67640,5.713e-04,0.447,0.000,27848
616,5.71680,5.67640,5.711e-04,0.506,0.000,27902
617,5.68743,5.67640,5.710e-04,0.456,0.000,27953
618,5.55879,5.67640,5.708e-04,0.459,0.000,27841
619,5.55231,5.67640,5.707e-04,0.433,0.000,27826
620,5.59517,5.67640,5.706e-04,0.421,0.000,27827
621,5.54088,5.67640,5.704e-04,0.459,0.000,27809
622,5.42929,5.67640,5.703e-04,0.428,0.000,28013
623,5.70846,5.67640,5.702e-04,0.456,0.000,27846
624,5.44038,5.67640,5.700e-04,0.446,0.000,27808
625,5.55815,5.67640,5.699e-04,0.466,0.000,27829
626,5.30328,5.67640,5.697e-04,0.464,0.000,27804
627,5.52913,5.67640,5.696e-04,0.444,0.000,27880
628,5.45062,5.67640,5.695e-04,0.395,0.000,27986
629,5.65325,5.67640,5.693e-04,0.418,0.000,27830
630,5.62487,5.67640,5.692e-04,0.494,0.000,27826
631,5.59797,5.67640,5.690e-04,0.492,0.000,27849
632,5.40875,5.67640,5.689e-04,0.451,0.000,27798
633,5.46104,5.67640,5.688e-04,0.443,0.000,27943
634,5.45019,5.67640,5.686e-04,0.417,0.000,27947
635,5.48903,5.67640,5.685e-04,0.468,0.000,27833
636,5.63192,5.67640,5.683e-04,0.441,0.000,27795
637,5.43921,5.67640,5.682e-04,0.452,0.000,27838
638,5.46795,5.67640,5.680e-04,0.440,0.000,27818
639,5.66256,5.67640,5.679e-04,0.426,0.000,27973
640,5.58534,5.67640,5.678e-04,0.431,0.000,27863
641,5.64501,5.67640,5.676e-04,0.442,0.000,27882
642,5.37624,5.67640,5.675e-04,0.513,0.000,27840
643,5.55549,5.67640,5.673e-04,0.456,0.000,27849
644,5.55438,5.67640,5.672e-04,0.459,0.000,27861
645,5.53763,5.67640,5.670e-04,0.464,0.000,27993
646,5.56133,5.67640,5.669e-04,0.465,0.000,27855
647,5.32082,5.67640,5.667e-04,0.428,0.000,27829
648,5.51845,5.67640,5.666e-04,0.430,0.000,27816
649,5.57679,5.67640,5.665e-04,0.418,0.000,27810
650,5.58077,5.67640,5.663e-04,0.428,0.000,27927
651,5.51635,5.67640,5.662e-04,0.440,0.000,27967
652,5.74488,5.67640,5.660e-04,0.425,0.000,27836
653,5.49542,5.67640,5.659e-04,0.438,0.000,27813
654,5.38858,5.67640,5.657e-04,0.429,0.000,27807
655,5.35930,5.67640,5.656e-04,0.416,0.000,27847
656,5.54207,5.67640,5.654e-04,0.413,0.000,27961
657,5.60176,5.67640,5.653e-04,0.433,0.000,27875
658,5.54934,5.67640,5.651e-04,0.466,0.000,27860
659,5.68228,5.67640,5.650e-04,0.416,0.000,27838
660,5.44878,5.67640,5.648e-04,0.455,0.000,27860
661,5.45497,5.67640,5.647e-04,0.453,0.000,27811
662,5.63900,5.67640,5.645e-04,0.448,0.000,27978
663,5.59120,5.67640,5.644e-04,0.423,0.000,27834
664,5.67141,5.67640,5.642e-04,0.421,0.000,27863
665,5.68294,5.67640,5.641e-04,0.417,0.000,27811
666,5.38347,5.67640,5.639e-04,0.436,0.000,27784
667,5.61923,5.67640,5.638e-04,0.432,0.000,27913
668,5.47159,5.67640,5.636e-04,0.459,0.000,28020
669,5.61089,5.67640,5.635e-04,0.417,0.000,27802
670,5.43130,5.67640,5.633e-04,0.429,0.000,27841
671,5.52253,5.67640,5.632e-04,0.426,0.000,27802
672,5.61853,5.67640,5.630e-04,0.422,0.000,27823
673,5.61731,5.67640,5.629e-04,0.443,0.000,28001
674,5.58706,5.67640,5.627e-04,0.432,0.000,27893
675,5.52015,5.67640,5.626e-04,0.459,0.000,27812
676,5.42645,5.67640,5.624e-04,0.447,0.000,27800
677,5.62089,5.67640,5.622e-04,0.436,0.000,27813
678,5.57534,5.67640,5.621e-04,0.443,0.000,27835
679,5.49220,5.67640,5.619e-04,0.430,0.000,27989
680,5.54639,5.67640,5.618e-04,0.477,0.000,27881
681,5.40981,5.67640,5.616e-04,0.414,0.000,27855
682,5.55413,5.67640,5.615e-04,0.464,0.000,27828
683,5.48417,5.67640,5.613e-04,0.468,0.000,27850
684,5.56825,5.67640,5.612e-04,0.437,0.000,27923
685,5.48693,5.67640,5.610e-04,0.476,0.000,27955
686,5.48718,5.67640,5.608e-04,0.415,0.000,27842
687,5.30558,5.67640,5.607e-04,0.445,0.000,27838
688,5.52301,5.67640,5.605e-04,0.433,0.000,27864
689,5.49132,5.67640,5.604e-04,0.442,0.000,27799
690,5.65493,5.67640,5.602e-04,0.437,0.000,27980
691,5.32158,5.67640,5.601e-04,0.432,0.000,27897
692,5.77597,5.67640,5.599e-04,0.451,0.000,27833
693,5.37586,5.67640,5.597e-04,0.433,0.000,27865
694,5.52788,5.67640,5.596e-04,0.460,0.000,27855
695,5.69134,5.67640,5.594e-04,0.476,0.000,27835
696,5.43470,5.67640,5.593e-04,0.441,0.000,27995
697,5.51122,5.67640,5.591e-04,0.517,0.000,27898
698,5.60847,5.67640,5.589e-04,0.401,0.000,27810
699,5.54658,5.67640,5.588e-04,0.448,0.000,27796
700,5.61097,5.67640,5.586e-04,0.451,0.000,27839
701,5.42286,5.67640,5.585e-04,0.447,0.000,27844
702,5.29225,5.67640,5.583e-04,0.466,0.000,27973
703,5.48910,5.67640,5.581e-04,0.482,0.000,27824
704,5.44088,5.67640,5.580e-04,0.433,0.000,27845
705,5.53184,5.67640,5.578e-04,0.458,0.000,27837
706,5.55287,5.67640,5.576e-04,0.443,0.000,27844
707,5.51001,5.67640,5.575e-04,0.418,0.000,27952
708,5.62620,5.67640,5.573e-04,0.488,0.000,27937
709,5.46208,5.67640,5.572e-04,0.488,0.000,27821
710,5.33132,5.67640,5.570e-04,0.494,0.000,27809
711,5.44213,5.67640,5.568e-04,0.465,0.000,27829
712,5.32420,5.67640,5.567e-04,0.486,0.000,27862
713,5.42882,5.67640,5.565e-04,0.432,0.000,28003
714,5.34165,5.67640,5.563e-04,0.436,0.000,27869
715,5.29827,5.67640,5.562e-04,0.508,0.000,27803
716,5.27817,5.67640,5.560e-04,0.484,0.000,27862
717,5.53393,5.67640,5.558e-04,0.401,0.000,27818
718,5.35252,5.67640,5.557e-04,0.437,0.000,27848
719,5.57384,5.67640,5.555e-04,0.478,0.000,27992
720,5.42879,5.67640,5.553e-04,0.445,0.000,27858
721,5.36199,5.67640,5.552e-04,0.478,0.000,27886
722,5.39547,5.67640,5.550e-04,0.520,0.000,27823
723,5.53452,5.67640,5.548e-04,0.438,0.000,27839
724,5.50014,5.67640,5.547e-04,0.490,0.000,27945
725,5.48699,5.67640,5.545e-04,0.536,0.000,27933
726,5.38608,5.67640,5.543e-04,0.439,0.000,27802
727,5.51024,5.67640,5.542e-04,0.543,0.000,27841
728,5.74174,5.67640,5.540e-04,0.458,0.000,27815
729,5.49230,5.67640,5.538e-04,0.515,0.000,27813
730,5.34093,5.67640,5.537e-04,0.445,0.000,27966
731,5.41340,5.67640,5.535e-04,0.518,0.000,27926
732,5.50015,5.67640,5.533e-04,0.459,0.000,27801
733,5.39647,5.67640,5.531e-04,0.441,0.000,27848
734,5.58018,5.67640,5.530e-04,0.413,0.000,27830
735,5.55851,5.67640,5.528e-04,0.424,0.000,27837
736,5.48402,5.67640,5.526e-04,0.450,0.000,27990
737,5.24767,5.67640,5.525e-04,0.518,0.000,27867
738,5.48113,5.67640,5.523e-04,0.434,0.000,27798
739,5.45307,5.67640,5.521e-04,0.422,0.000,27791
740,5.41313,5.67640,5.519e-04,0.469,0.000,27854
741,5.47057,5.67640,5.518e-04,0.442,0.000,27894
742,5.43629,5.67640,5.516e-04,0.480,0.000,27940
743,5.46857,5.67640,5.514e-04,0.498,0.000,27832
744,5.31886,5.67640,5.512e-04,0.455,0.000,27833
745,5.36856,5.67640,5.511e-04,0.457,0.000,27798
746,5.46069,5.67640,5.509e-04,0.449,0.000,27864
747,5.61350,5.67640,5.507e-04,0.441,0.000,27950
748,5.47541,5.67640,5.506e-04,0.446,0.000,27884
749,5.46830,5.67640,5.504e-04,0.444,0.000,27819
750,5.65938,5.39555,5.502e-04,0.424,0.000,8651
751,5.46810,5.39555,5.500e-04,0.435,0.000,28549
752,5.47046,5.39555,5.499e-04,0.431,0.000,27831
753,5.46115,5.39555,5.497e-04,0.436,0.000,27822
754,5.34750,5.39555,5.495e-04,0.441,0.000,27848
755,5.26886,5.39555,5.493e-04,0.440,0.000,27955
756,5.43301,5.39555,5.491e-04,0.459,0.000,27889
757,5.30629,5.39555,5.490e-04,0.415,0.000,27835
758,5.50188,5.39555,5.488e-04,0.468,0.000,27857
759,5.39853,5.39555,5.486e-04,0.441,0.000,27780
760,5.42879,5.39555,5.484e-04,0.419,0.000,27854
761,5.40721,5.39555,5.483e-04,0.422,0.000,27950
762,5.69672,5.39555,5.481e-04,0.442,0.000,27875
763,5.24533,5.39555,5.479e-04,0.452,0.000,27810
764,5.19718,5.39555,5.477e-04,0.432,0.000,27780
765,5.43645,5.39555,5.475e-04,0.451,0.000,27836
766,5.38643,5.39555,5.474e-04,0.450,0.000,27898
767,5.47371,5.39555,5.472e-04,0.439,0.000,27972
768,5.42404,5.39555,5.470e-04,0.438,0.000,27808
769,5.26098,5.39555,5.468e-04,0.464,0.000,27781
770,5.29705,5.39555,5.466e-04,0.452,0.000,27814
771,5.55117,5.39555,5.465e-04,0.433,0.000,27870
772,5.47943,5.39555,5.463e-04,0.454,0.000,27974
773,5.44774,5.39555,5.461e-04,0.447,0.000,27852
774,5.25496,5.39555,5.459e-04,0.455,0.000,27851
775,5.44215,5.39555,5.457e-04,0.440,0.000,27816
776,5.49707,5.39555,5.456e-04,0.421,0.000,27827
777,5.30647,5.39555,5.454e-04,0.438,0.000,27871
778,5.30804,5.39555,5.452e-04,0.403,0.000,28001
779,5.45661,5.39555,5.450e-04,0.466,0.000,27851
780,5.47304,5.39555,5.448e-04,0.470,0.000,27840
781,5.40248,5.39555,5.446e-04,0.464,0.000,27824
782,5.28700,5.39555,5.445e-04,0.461,0.000,27865
783,5.36209,5.39555,5.443e-04,0.430,0.000,27881
784,5.48893,5.39555,5.441e-04,0.453,0.000,27947
785,5.22928,5.39555,5.439e-04,0.451,0.000,27809
786,5.39000,5.39555,5.437e-04,0.506,0.000,27835
787,5.47191,5.39555,5.435e-04,0.464,0.000,27835
788,5.35254,5.39555,5.433e-04,0.517,0.000,27795
789,5.50728,5.39555,5.432e-04,0.467,0.000,27991
790,5.41551,5.39555,5.430e-04,0.469,0.000,27905
791,5.52338,5.39555,5.428e-04,0.486,0.000,27820
792,5.26226,5.39555,5.426e-04,0.472,0.000,27835
793,5.51199,5.39555,5.424e-04,0.492,0.000,27836
794,5.34149,5.39555,5.422e-04,0.498,0.000,27849
795,5.65061,5.39555,5.420e-04,0.830,0.000,27991
796,5.54554,5.39555,5.418e-04,0.579,0.000,27840
797,5.32886,5.39555,5.417e-04,0.513,0.000,27799
798,5.36504,5.39555,5.415e-04,0.510,0.000,27870
799,5.50099,5.39555,5.413e-04,0.529,0.000,27850
800,5.40421,5.39555,5.411e-04,0.519,0.000,27906
801,5.38286,5.39555,5.409e-04,0.511,0.000,27888
802,5.51138,5.39555,5.407e-04,0.486,0.000,27844
803,5.39832,5.39555,5.405e-04,0.492,0.000,27823
804,5.19157,5.39555,5.403e-04,0.482,0.000,27832
805,5.41737,5.39555,5.401e-04,0.517,0.000,27823
806,5.45662,5.39555,5.400e-04,0.483,0.000,27956
807,5.31590,5.39555,5.398e-04,0.461,0.000,27918
808,5.33644,5.39555,5.396e-04,0.475,0.000,27854
809,5.35186,5.39555,5.394e-04,0.465,0.000,27805
810,5.30598,5.39555,5.392e-04,0.459,0.000,27852
811,5.42453,5.39555,5.390e-04,0.467,0.000,27836
812,5.41254,5.39555,5.388e-04,0.454,0.000,28000
813,5.32855,5.39555,5.386e-04,0.482,0.000,27842
814,5.50531,5.39555,5.384e-04,0.483,0.000,27860
815,5.52026,5.39555,5.382e-04,0.500,0.000,27822
816,5.47421,5.39555,5.380e-04,0.496,0.000,27836
817,5.26149,5.39555,5.378e-04,0.475,0.000,27868
818,5.30975,5.39555,5.377e-04,0.444,0.000,27958
819,5.43655,5.39555,5.375e-04,0.443,0.000,27818
820,5.50400,5.39555,5.373e-04,0.445,0.000,27852
821,5.39233,5.39555,5.371e-04,0.473,0.000,27832
822,5.40579,5.39555,5.369e-04,0.466,0.000,27862
823,5.45011,5.39555,5.367e-04,0.478,0.000,27926
824,5.28241,5.39555,5.365e-04,0.444,0.000,27900
825,5.41521,5.39555,5.363e-04,0.453,0.000,27786
826,5.37110,5.39555,5.361e-04,0.439,0.000,27835
827,5.51532,5.39555,5.359e-04,0.540,0.000,27791
828,5.35826,5.39555,5.357e-04,0.447,0.000,27843
829,5.37381,5.39555,5.355e-04,0.451,0.000,27944
830,5.43302,5.39555,5.353e-04,0.487,0.000,27874
831,5.42701,5.39555,5.351e-04,0.481,0.000,27863
832,5.48637,5.39555,5.349e-04,0.492,0.000,27777
833,5.39852,5.39555,5.347e-04,0.502,0.000,27853
834,5.46997,5.39555,5.345e-04,0.480,0.000,27888
835,5.39848,5.39555,5.343e-04,0.513,0.000,27990
836,5.43682,5.39555,5.341e-04,0.465,0.000,27829
837,5.34991,5.39555,5.339e-04,0.446,0.000,27823
838,5.31204,5.39555,5.337e-04,0.453,0.000,27824
839,5.50776,5.39555,5.335e-04,0.511,0.000,27816
840,5.12668,5.39555,5.333e-04,0.452,0.000,27961
841,5.31005,5.39555,5.331e-04,0.474,0.000,27887
842,5.40584,5.39555,5.329e-04,0.502,0.000,27840
843,5.36878,5.39555,5.327e-04,0.483,0.000,27824
844,5.37852,5.39555,5.325e-04,0.461,0.000,27824
845,5.20833,5.39555,5.323e-04,0.496,0.000,27846
846,5.31080,5.39555,5.321e-04,0.480,0.000,28032
847,5.32887,5.39555,5.319e-04,0.480,0.000,27876
848,5.48387,5.39555,5.317e-04,0.470,0.000,27796
849,5.33520,5.39555,5.315e-04,0.497,0.000,27819
850,5.34805,5.39555,5.313e-04,0.433,0.000,27797
851,5.26093,5.39555,5.311e-04,0.442,0.000,27914
852,5.44399,5.39555,5.309e-04,0.444,0.000,28001
853,5.33519,5.39555,5.307e-04,0.457,0.000,27794
854,5.36258,5.39555,5.305e-04,0.454,0.000,27815
855,5.30709,5.39555,5.303e-04,0.451,0.000,27810
856,5.22666,5.39555,5.301e-04,0.445,0.000,27795
857,5.43236,5.39555,5.299e-04,0.471,0.000,27975
858,5.40741,5.39555,5.297e-04,0.486,0.000,27920
859,5.36963,5.39555,5.295e-04,0.503,0.000,27853
860,5.35995,5.39555,5.293e-04,0.482,0.000,27804
861,5.41130,5.39555,5.291e-04,0.476,0.000,27849
862,5.21090,5.39555,5.289e-04,0.462,0.000,27810
863,5.04133,5.39555,5.287e-04,0.450,0.000,27991
864,5.12056,5.39555,5.285e-04,0.467,0.000,27869
865,5.23181,5.39555,5.283e-04,0.465,0.000,27833
866,5.32869,5.39555,5.281e-04,0.468,0.000,27830
867,5.29902,5.39555,5.279e-04,0.474,0.000,27824
868,5.27942,5.39555,5.276e-04,0.454,0.000,27861
869,5.32948,5.39555,5.274e-04,0.474,0.000,27994
870,5.40404,5.39555,5.272e-04,0.459,0.000,27805
871,5.33778,5.39555,5.270e-04,0.492,0.000,27851
872,5.40766,5.39555,5.268e-04,0.526,0.000,27795
873,5.49912,5.39555,5.266e-04,0.483,0.000,27838
874,5.24557,5.39555,5.264e-04,0.530,0.000,27929
875,5.32115,5.39555,5.262e-04,0.477,0.000,27938
876,5.39982,5.39555,5.260e-04,0.490,0.000,27816
877,5.19004,5.39555,5.258e-04,0.486,0.000,27825
878,5.26213,5.39555,5.256e-04,0.479,0.000,27829
879,5.45510,5.39555,5.254e-04,0.624,0.000,27770
880,5.20768,5.39555,5.252e-04,0.484,0.000,27961
881,5.61820,5.39555,5.249e-04,0.527,0.000,27795
882,5.18184,5.39555,5.247e-04,0.515,0.000,27837
883,5.22035,5.39555,5.245e-04,0.494,0.000,27839
884,5.14351,5.39555,5.243e-04,0.461,0.000,27813
885,5.42351,5.39555,5.241e-04,0.509,0.000,27856
886,5.41152,5.39555,5.239e-04,0.473,0.000,27948
887,5.28162,5.39555,5.237e-04,0.504,0.000,27821
888,5.41287,5.39555,5.235e-04,0.499,0.000,27802
889,5.25329,5.39555,5.233e-04,0.489,0.000,27850
890,5.36929,5.39555,5.230e-04,0.496,0.000,27825
891,5.40856,5.39555,5.228e-04,0.501,0.000,27913
892,5.45511,5.39555,5.226e-04,0.574,0.000,27937
893,5.33990,5.39555,5.224e-04,0.489,0.000,27823
894,5.18173,5.39555,5.222e-04,0.567,0.000,27826
895,5.36465,5.39555,5.220e-04,0.523,0.000,27856
896,5.23350,5.39555,5.218e-04,0.527,0.000,27818
897,5.28677,5.39555,5.216e-04,0.503,0.000,27972
898,5.12699,5.39555,5.213e-04,0.497,0.000,27926
899,5.24379,5.39555,5.211e-04,0.542,0.000,27801
900,5.35011,5.39555,5.209e-04,0.518,0.000,27820
901,5.37934,5.39555,5.207e-04,0.490,0.000,27790
902,5.35658,5.39555,5.205e-04,0.517,0.000,27874
903,5.35424,5.39555,5.203e-04,0.505,0.000,28001
904,5.40362,5.39555,5.201e-04,0.484,0.000,27852
905,5.18982,5.39555,5.198e-04,0.478,0.000,27790
906,5.20075,5.39555,5.196e-04,0.507,0.000,27822
907,5.26899,5.39555,5.194e-04,0.475,0.000,27818
908,5.20439,5.39555,5.192e-04,0.455,0.000,27905
909,5.29045,5.39555,5.190e-04,0.532,0.000,27960
910,5.24233,5.39555,5.188e-04,0.502,0.000,27848
911,5.29891,5.39555,5.185e-04,0.500,0.000,27835
912,5.25053,5.39555,5.183e-04,0.478,0.000,27814
913,5.31681,5.39555,5.181e-04,0.478,0.000,27844
914,5.39565,5.39555,5.179e-04,0.505,0.000,27985
915,5.43348,5.39555,5.177e-04,0.535,0.000,27910
916,5.23468,5.39555,5.175e-04,0.574,0.000,27839
917,5.23453,5.39555,5.172e-04,0.511,0.000,27774
918,5.20927,5.39555,5.170e-04,0.515,0.000,27808
919,5.31471,5.39555,5.168e-04,0.486,0.000,27900
920,5.25361,5.39555,5.166e-04,0.484,0.000,27999
921,5.25648,5.39555,5.164e-04,0.493,0.000,27890
922,5.29860,5.39555,5.161e-04,0.510,0.000,27847
923,5.11586,5.39555,5.159e-04,0.473,0.000,27824
924,5.36180,5.39555,5.157e-04,0.539,0.000,27841
925,5.22945,5.39555,5.155e-04,0.456,0.000,27903
926,5.23090,5.39555,5.153e-04,0.473,0.000,27937
927,5.26830,5.39555,5.150e-04,0.482,0.000,27826
928,5.25667,5.39555,5.148e-04,0.512,0.000,27848
929,5.21122,5.39555,5.146e-04,0.463,0.000,27809
930,5.25813,5.39555,5.144e-04,0.497,0.000,27845
931,5.23730,5.39555,5.142e-04,0.474,0.000,27961
932,5.27101,5.39555,5.139e-04,0.475,0.000,27905
933,5.32256,5.39555,5.137e-04,0.509,0.000,27822
934,5.35328,5.39555,5.135e-04,0.541,0.000,27830
935,5.14057,5.39555,5.133e-04,0.438,0.000,27823
936,5.07145,5.39555,5.131e-04,0.517,0.000,27890
937,5.32421,5.39555,5.128e-04,0.494,0.000,27994
938,5.32373,5.39555,5.126e-04,0.481,0.000,27874
939,5.32693,5.39555,5.124e-04,0.500,0.000,27800
940,5.29311,5.39555,5.122e-04,0.483,0.000,27821
941,5.21383,5.39555,5.119e-04,0.479,0.000,27833
942,5.28238,5.39555,5.117e-04,0.528,0.000,27910
943,5.30656,5.39555,5.115e-04,0.515,0.000,27955
944,5.49130,5.39555,5.113e-04,0.530,0.000,27838
945,5.27683,5.39555,5.110e-04,0.506,0.000,27820
946,5.35206,5.39555,5.108e-04,0.487,0.000,27826
947,5.32428,5.39555,5.106e-04,0.526,0.000,27810
948,5.33550,5.39555,5.104e-04,0.520,0.000,27942
949,5.17492,5.39555,5.101e-04,0.472,0.000,27898
950,5.27099,5.39555,5.099e-04,0.458,0.000,27835
951,5.38740,5.39555,5.097e-04,0.495,0.000,27820
952,5.35916,5.39555,5.095e-04,0.490,0.000,27807
953,5.35838,5.39555,5.092e-04,0.490,0.000,27873
954,5.34315,5.39555,5.090e-04,0.533,0.000,27973
955,5.41690,5.39555,5.088e-04,0.504,0.000,27836
956,5.33982,5.39555,5.086e-04,0.498,0.000,27845
957,5.24061,5.39555,5.083e-04,0.484,0.000,27820
958,5.24841,5.39555,5.081e-04,0.465,0.000,27794
959,5.26623,5.39555,5.079e-04,0.473,0.000,27929
960,5.17174,5.39555,5.076e-04,0.479,0.000,27983
961,5.53144,5.39555,5.074e-04,0.536,0.000,27880
962,5.22891,5.39555,5.072e-04,0.463,0.000,27831
963,5.27578,5.39555,5.070e-04,0.529,0.000,27815
964,5.28447,5.39555,5.067e-04,0.474,0.000,27815
965,5.30871,5.39555,5.065e-04,0.524,0.000,27940
966,5.21281,5.39555,5.063e-04,0.464,0.000,27906
967,5.29289,5.39555,5.060e-04,0.534,0.000,27806
968,5.22258,5.39555,5.058e-04,0.486,0.000,27853
969,5.24975,5.39555,5.056e-04,0.538,0.000,27825
970,5.14561,5.39555,5.054e-04,0.539,0.000,27834
971,5.32590,5.39555,5.051e-04,0.562,0.000,27988
972,5.42259,5.39555,5.049e-04,0.521,0.000,27888
973,5.16272,5.39555,5.047e-04,0.542,0.000,27816
974,5.17214,5.39555,5.044e-04,0.508,0.000,27831
975,5.27402,5.39555,5.042e-04,0.525,0.000,27822
976,5.38820,5.39555,5.040e-04,0.497,0.000,27886
977,5.30995,5.39555,5.037e-04,0.514,0.000,27952
978,5.14734,5.39555,5.035e-04,0.513,0.000,27849
979,5.32766,5.39555,5.033e-04,0.515,0.000,27841
980,5.17607,5.39555,5.030e-04,0.475,0.000,27803
981,5.14222,5.39555,5.028e-04,0.522,0.000,27836
982,5.11959,5.39555,5.026e-04,0.505,0.000,27958
983,5.33997,5.39555,5.023e-04,0.523,0.000,27912
984,5.20652,5.39555,5.021e-04,0.493,0.000,27834
985,5.24475,5.39555,5.019e-04,0.502,0.000,27827
986,5.16888,5.39555,5.016e-04,0.497,0.000,27868
987,5.16274,5.39555,5.014e-04,0.516,0.000,27817
988,5.21876,5.39555,5.012e-04,0.484,0.000,28005
989,5.26958,5.39555,5.009e-04,0.499,0.000,27839
990,5.42002,5.39555,5.007e-04,0.505,0.000,27831
991,5.24303,5.39555,5.005e-04,0.530,0.000,27810
992,5.21321,5.39555,5.002e-04,0.492,0.000,27838
993,5.07413,5.39555,5.000e-04,0.506,0.000,27886
994,5.15587,5.39555,4.998e-04,0.527,0.000,27988
995,5.30731,5.39555,4.995e-04,0.536,0.000,27803
996,5.08010,5.39555,4.993e-04,0.568,0.000,27859
997,5.14758,5.39555,4.991e-04,0.535,0.000,27843
998,5.12965,5.39555,4.988e-04,0.530,0.000,27828
999,5.17767,5.39555,4.986e-04,0.494,0.000,27918
1000,5.25221,5.20173,4.983e-04,0.567,0.000,8653
1001,5.19451,5.20173,4.981e-04,0.480,0.000,28535
1002,5.26065,5.20173,4.979e-04,0.544,0.000,27997
1003,5.28285,5.20173,4.976e-04,0.563,0.000,27826
1004,5.09569,5.20173,4.974e-04,0.491,0.000,27836
1005,5.27159,5.20173,4.972e-04,0.552,0.000,27805
1006,5.25552,5.20173,4.969e-04,0.480,0.000,27856
1007,5.08596,5.20173,4.967e-04,0.468,0.000,27943
1008,5.20108,5.20173,4.964e-04,0.541,0.000,27949
1009,4.99455,5.20173,4.962e-04,0.483,0.000,27843
1010,5.13824,5.20173,4.960e-04,0.501,0.000,27819
1011,5.28170,5.20173,4.957e-04,0.487,0.000,27831
1012,5.28027,5.20173,4.955e-04,0.560,0.000,27836
1013,5.24230,5.20173,4.952e-04,0.472,0.000,27991
1014,5.09670,5.20173,4.950e-04,0.504,0.000,27881
1015,5.04668,5.20173,4.948e-04,0.509,0.000,27823
1016,5.09443,5.20173,4.945e-04,0.538,0.000,27828
1017,5.23259,5.20173,4.943e-04,0.539,0.000,27864
1018,5.01508,5.20173,4.940e-04,0.610,0.000,27844
1019,5.17257,5.20173,4.938e-04,0.513,0.000,28009
1020,5.25875,5.20173,4.936e-04,0.573,0.000,27843
1021,5.18106,5.20173,4.933e-04,0.509,0.000,27868
1022,5.18221,5.20173,4.931e-04,0.549,0.000,27812
1023,5.12228,5.20173,4.928e-04,0.544,0.000,27828
1024,5.21687,5.20173,4.926e-04,0.493,0.000,27893
1025,5.08774,5.20173,4.924e-04,0.551,0.000,27949
1026,5.19782,5.20173,4.921e-04,0.496,0.000,27828
1027,5.19170,5.20173,4.919e-04,0.551,0.000,27808
1028,5.08834,5.20173,4.916e-04,0.514,0.000,27824
1029,5.26411,5.20173,4.914e-04,0.526,0.000,27805
1030,5.41618,5.20173,4.911e-04,0.562,0.000,27963
1031,5.29666,5.20173,4.909e-04,0.540,0.000,27904
1032,5.29578,5.20173,4.907e-04,0.513,0.000,27807
1033,5.23600,5.20173,4.904e-04,0.513,0.000,27842
1034,5.06640,5.20173,4.902e-04,0.533,0.000,27822
1035,5.20037,5.20173,4.899e-04,0.559,0.000,27867
1036,5.25735,5.20173,4.897e-04,0.536,0.000,27978
1037,5.12109,5.20173,4.894e-04,0.459,0.000,27852
1038,5.08670,5.20173,4.892e-04,0.504,0.000,27816
1039,5.11693,5.20173,4.889e-04,0.475,0.000,27849
1040,5.25222,5.20173,4.887e-04,0.467,0.000,27820
1041,5.04047,5.20173,4.885e-04,0.508,0.000,27893
1042,5.09682,5.20173,4.882e-04,0.507,0.000,27945
1043,5.05679,5.20173,4.880e-04,0.555,0.000,27825
1044,5.24379,5.20173,4.877e-04,0.526,0.000,27791
1045,5.22648,5.20173,4.875e-04,0.521,0.000,27832
1046,5.19935,5.20173,4.872e-04,0.551,0.000,27837
1047,5.10414,5.20173,4.870e-04,0.508,0.000,27993
1048,5.04953,5.20173,4.867e-04,0.593,0.000,27860
1049,5.13907,5.20173,4.865e-04,0.498,0.000,27835
1050,5.20529,5.20173,4.862e-04,0.507,0.000,27789
1051,5.17731,5.20173,4.860e-04,0.529,0.000,27824
1052,5.10773,5.20173,4.857e-04,0.487,0.000,27868
1053,5.16239,5.20173,4.855e-04,0.479,0.000,28018
1054,5.07660,5.20173,4.853e-04,0.552,0.000,27878
1055,5.11891,5.20173,4.850e-04,0.504,0.000,27842
1056,5.14733,5.20173,4.848e-04,0.542,0.000,27806
1057,4.90838,5.20173,4.845e-04,0.493,0.000,27821
1058,5.28647,5.20173,4.843e-04,0.523,0.000,27931
1059,5.07052,5.20173,4.840e-04,0.533,0.000,27981
1060,5.11405,5.20173,4.838e-04,0.501,0.000,27804
1061,5.22253,5.20173,4.835e-04,0.493,0.000,27869
1062,5.05851,5.20173,4.833e-04,0.559,0.000,27817
1063,5.24481,5.20173,4.830e-04,0.511,0.000,27789
1064,5.21653,5.20173,4.828e-04,0.545,0.000,27973
1065,5.26706,5.20173,4.825e-04,0.483,0.000,27879
1066,5.21081,5.20173,4.823e-04,0.501,0.000,27826
1067,5.20025,5.20173,4.820e-04,0.511,0.000,27824
1068,4.99831,5.20173,4.818e-04,0.511,0.000,27808
1069,5.20872,5.20173,4.815e-04,0.528,0.000,27859
1070,5.08032,5.20173,4.813e-04,0.494,0.000,27979
1071,5.16813,5.20173,4.810e-04,0.553,0.000,27878
1072,5.14715,5.20173,4.808e-04,0.514,0.000,27828
1073,5.20516,5.20173,4.805e-04,0.597,0.000,27827
1074,5.19458,5.20173,4.803e-04,0.568,0.000,27817
1075,5.08158,5.20173,4.800e-04,0.515,0.000,27898
1076,5.08951,5.20173,4.798e-04,0.489,0.000,27956
1077,5.23798,5.20173,4.795e-04,0.514,0.000,27822
1078,5.02184,5.20173,4.792e-04,0.511,0.000,27830
1079,5.23450,5.20173,4.790e-04,0.537,0.000,27813
1080,5.15136,5.20173,4.787e-04,0.504,0.000,27825
1081,5.39261,5.20173,4.785e-04,0.547,0.000,27918
1082,5.05332,5.20173,4.782e-04,0.615,0.000,27911
1083,5.23538,5.20173,4.780e-04,0.519,0.000,27825
1084,5.14689,5.20173,4.777e-04,0.581,0.000,27853
1085,5.09828,5.20173,4.775e-04,0.536,0.000,27861
1086,5.22559,5.20173,4.772e-04,0.592,0.000,27869
1087,5.19422,5.20173,4.770e-04,0.616,0.000,27994
1088,4.96420,5.20173,4.767e-04,0.574,0.000,27893
1089,5.22009,5.20173,4.765e-04,0.595,0.000,27845
1090,5.02141,5.20173,4.762e-04,0.551,0.000,27822
1091,5.09598,5.20173,4.759e-04,0.554,0.000,27819
1092,5.12865,5.20173,4.757e-04,0.607,0.000,27895
1093,5.14415,5.20173,4.754e-04,0.527,0.000,28001
1094,5.03014,5.20173,4.752e-04,0.548,0.000,27817
1095,5.25483,5.20173,4.749e-04,0.555,0.000,27820
1096,5.17254,5.20173,4.747e-04,0.556,0.000,27820
1097,5.35544,5.20173,4.744e-04,0.528,0.000,27808
1098,5.08368,5.20173,4.742e-04,0.544,0.000,27958
1099,4.90723,5.20173,4.739e-04,0.540,0.000,27936
1100,5.11288,5.20173,4.736e-04,0.505,0.000,27794
1101,5.16802,5.20173,4.734e-04,0.538,0.000,27842
1102,4.98621,5.20173,4.731e-04,0.474,0.000,27827
1103,4.98514,5.20173,4.729e-04,0.502,0.000,27812
1104,5.26103,5.20173,4.726e-04,0.507,0.000,27985
1105,5.14730,5.20173,4.724e-04,0.537,0.000,27869
1106,5.12149,5.20173,4.721e-04,0.504,0.000,27838
1107,5.21301,5.20173,4.718e-04,0.502,0.000,27825
1108,5.11030,5.20173,4.716e-04,0.504,0.000,27812
1109,5.06159,5.20173,4.713e-04,0.543,0.000,27890
1110,5.03518,5.20173,4.711e-04,0.505,0.000,27997
1111,5.11558,5.20173,4.708e-04,0.532,0.000,27836
1112,5.27311,5.20173,4.706e-04,0.505,0.000,27833
1113,5.08374,5.20173,4.703e-04,0.557,0.000,27777
1114,5.18837,5.20173,4.700e-04,0.508,0.000,27827
1115,5.04719,5.20173,4.698e-04,0.529,0.000,27958
1116,5.09407,5.20173,4.695e-04,0.483,0.000,27906
1117,5.06923,5.20173,4.693e-04,0.566,0.000,27852
1118,5.14647,5.20173,4.690e-04,0.520,0.000,27834
1119,5.06965,5.20173,4.687e-04,0.508,0.000,27818
1120,5.25125,5.20173,4.685e-04,0.530,0.000,27845
1121,5.15468,5.20173,4.682e-04,0.551,0.000,27950
1122,4.93346,5.20173,4.680e-04,0.494,0.000,27881
1123,5.20093,5.20173,4.677e-04,0.559,0.000,27823
1124,5.10798,5.20173,4.674e-04,0.580,0.000,27844
1125,5.15856,5.20173,4.672e-04,0.522,0.000,27822
1126,5.10312,5.20173,4.669e-04,0.557,0.000,27885
1127,5.21502,5.20173,4.667e-04,0.556,0.000,28019
1128,5.33129,5.20173,4.664e-04,0.538,0.000,27829
1129,5.07904,5.20173,4.661e-04,0.563,0.000,27778
1130,5.03832,5.20173,4.659e-04,0.532,0.000,27842
1131,5.14238,5.20173,4.656e-04,0.557,0.000,27802
1132,5.03748,5.20173,4.653e-04,0.559,0.000,27957
1133,5.23157,5.20173,4.651e-04,0.531,0.000,27929
1134,5.16109,5.20173,4.648e-04,0.560,0.000,27825
1135,5.06625,5.20173,4.646e-04,0.502,0.000,27836
1136,5.11063,5.20173,4.643e-04,0.591,0.000,27825
1137,5.18606,5.20173,4.640e-04,0.519,0.000,27822
1138,5.02621,5.20173,4.638e-04,0.555,0.000,27962
1139,5.04028,5.20173,4.635e-04,0.537,0.000,27881
1140,5.11703,5.20173,4.632e-04,0.551,0.000,27830
1141,5.07087,5.20173,4.630e-04,0.523,0.000,27852
1142,4.93061,5.20173,4.627e-04,0.516,0.000,27850
1143,5.04440,5.20173,4.625e-04,0.488,0.000,27872
1144,5.30024,5.20173,4.622e-04,0.552,0.000,27961
1145,5.07942,5.20173,4.619e-04,0.522,0.000,27838
1146,5.14125,5.20173,4.617e-04,0.510,0.000,27853
1147,5.11789,5.20173,4.614e-04,0.551,0.000,27814
1148,5.02662,5.20173,4.611e-04,0.474,0.000,27839
1149,5.21645,5.20173,4.609e-04,0.514,0.000,27921
1150,5.12079,5.20173,4.606e-04,0.520,0.000,27934
1151,5.08306,5.20173,4.603e-04,0.475,0.000,27808
1152,4.98743,5.20173,4.601e-04,0.569,0.000,27833
1153,5.34063,5.20173,4.598e-04,0.505,0.000,27822
1154,5.13336,5.20173,4.595e-04,0.508,0.000,27852
1155,5.17649,5.20173,4.593e-04,0.596,0.000,27995
1156,5.12795,5.20173,4.590e-04,0.512,0.000,27887
1157,5.30226,5.20173,4.587e-04,0.561,0.000,27804
1158,4.94837,5.20173,4.585e-04,0.522,0.000,27802
1159,5.14903,5.20173,4.582e-04,0.519,0.000,27811
1160,5.01740,5.20173,4.579e-04,0.520,0.000,27892
1161,5.39389,5.20173,4.577e-04,0.568,0.000,27935
1162,5.11383,5.20173,4.574e-04,0.539,0.000,27842
1163,4.97587,5.20173,4.571e-04,0.501,0.000,27792
1164,5.11834,5.20173,4.569e-04,0.534,0.000,27843
1165,5.08634,5.20173,4.566e-04,0.480,0.000,27837
1166,5.12352,5.20173,4.563e-04,0.524,0.000,27922
1167,5.07313,5.20173,4.561e-04,0.540,0.000,27933
1168,5.09639,5.20173,4.558e-04,0.514,0.000,27844
1169,4.98444,5.20173,4.555e-04,0.534,0.000,27787
1170,5.13071,5.20173,4.553e-04,0.534,0.000,27809
1171,5.19610,5.20173,4.550e-04,0.541,0.000,27822
1172,5.06726,5.20173,4.547e-04,0.546,0.000,27978
1173,4.92574,5.20173,4.545e-04,0.528,0.000,27923
1174,5.06548,5.20173,4.542e-04,0.538,0.000,27814
1175,5.25931,5.20173,4.539e-04,0.583,0.000,27822
1176,5.24787,5.20173,4.537e-04,0.590,0.000,27809
1177,5.10709,5.20173,4.534e-04,0.574,0.000,27867
1178,5.37953,5.20173,4.531e-04,0.560,0.000,27999
1179,4.95455,5.20173,4.528e-04,0.541,0.000,27848
1180,5.01808,5.20173,4.526e-04,0.568,0.000,27817
1181,5.04468,5.20173,4.523e-04,0.582,0.000,27801
1182,5.05642,5.20173,4.520e-04,0.570,0.000,27801
1183,5.28119,5.20173,4.518e-04,0.540,0.000,27931
1184,5.15432,5.20173,4.515e-04,0.565,0.000,27949
1185,5.23032,5.20173,4.512e-04,0.511,0.000,27826
1186,4.95575,5.20173,4.510e-04,0.546,0.000,27807
1187,4.92092,5.20173,4.507e-04,0.522,0.000,27831
1188,5.16449,5.20173,4.504e-04,0.560,0.000,27824
1189,5.00820,5.20173,4.501e-04,0.538,0.000,28006
1190,5.18875,5.20173,4.499e-04,0.601,0.000,27880
1191,5.01156,5.20173,4.496e-04,0.526,0.000,27823
1192,5.07359,5.20173,4.493e-04,0.555,0.000,27791
1193,5.04617,5.20173,4.491e-04,0.564,0.000,27863
1194,5.20619,5.20173,4.488e-04,0.586,0.000,27821
1195,5.12228,5.20173,4.485e-04,0.633,0.000,27974
1196,4.94065,5.20173,4.482e-04,0.549,0.000,27842
1197,5.19256,5.20173,4.480e-04,0.607,0.000,27831
1198,5.08665,5.20173,4.477e-04,0.506,0.000,27801
1199,5.20853,5.20173,4.474e-04,0.573,0.000,27821
1200,5.13866,5.20173,4.471e-04,0.597,0.000,27906
1201,5.14731,5.20173,4.469e-04,0.506,0.000,27942
1202,5.20397,5.20173,4.466e-04,0.574,0.000,27808
1203,5.04421,5.20173,4.463e-04,0.579,0.000,27823
1204,5.15079,5.20173,4.461e-04,0.580,0.000,27846
1205,5.15113,5.20173,4.458e-04,0.549,0.000,27792
1206,5.11264,5.20173,4.455e-04,0.577,0.000,27965
1207,5.19964,5.20173,4.452e-04,0.563,0.000,27922
1208,5.04959,5.20173,4.450e-04,0.608,0.000,27795
1209,5.11245,5.20173,4.447e-04,0.619,0.000,27807
1210,5.00742,5.20173,4.444e-04,0.579,0.000,27827
1211,5.12381,5.20173,4.441e-04,0.527,0.000,27860
1212,5.08667,5.20173,4.439e-04,0.569,0.000,27968
1213,5.12017,5.20173,4.436e-04,0.559,0.000,27870
1214,5.20936,5.20173,4.433e-04,0.541,0.000,27829
1215,4.97614,5.20173,4.430e-04,0.553,0.000,27803
1216,5.10712,5.20173,4.428e-04,0.543,0.000,27850
1217,5.16532,5.20173,4.425e-04,0.559,0.000,27916
1218,5.23977,5.20173,4.422e-04,0.548,0.000,27970
1219,4.86427,5.20173,4.419e-04,0.537,0.000,27837
1220,5.17296,5.20173,4.417e-04,0.577,0.000,27828
1221,5.18871,5.20173,4.414e-04,0.522,0.000,27808
1222,5.15774,5.20173,4.411e-04,0.523,0.000,27845
1223,4.94054,5.20173,4.408e-04,0.549,0.000,27948
1224,5.08839,5.20173,4.406e-04,0.557,0.000,27874
1225,5.07584,5.20173,4.403e-04,0.527,0.000,27820
1226,5.09939,5.20173,4.400e-04,0.547,0.000,27799
1227,5.11198,5.20173,4.397e-04,0.561,0.000,27831
1228,5.06572,5.20173,4.394e-04,0.519,0.000,27854
1229,5.21001,5.20173,4.392e-04,0.549,0.000,27968
1230,5.11528,5.20173,4.389e-04,0.546,0.000,27845
1231,5.15992,5.20173,4.386e-04,0.512,0.000,27831
1232,4.98525,5.20173,4.383e-04,0.571,0.000,27836
1233,4.97029,5.20173,4.381e-04,0.556,0.000,27791
1234,5.26033,5.20173,4.378e-04,0.617,0.000,27908
1235,5.15108,5.20173,4.375e-04,0.539,0.000,27964
1236,5.00904,5.20173,4.372e-04,0.580,0.000,27825
1237,5.05034,5.20173,4.370e-04,0.555,0.000,27803
1238,4.96179,5.20173,4.367e-04,0.508,0.000,27844
1239,5.08276,5.20173,4.364e-04,0.575,0.000,27809
1240,4.97947,5.20173,4.361e-04,0.589,0.000,27943
1241,5.07762,5.20173,4.358e-04,0.572,0.000,27881
1242,5.20936,5.20173,4.356e-04,0.577,0.000,27829
1243,5.03335,5.20173,4.353e-04,0.551,0.000,27825
1244,5.04028,5.20173,4.350e-04,0.548,0.000,27798
1245,5.03726,5.20173,4.347e-04,0.557,0.000,27876
1246,5.25801,5.20173,4.344e-04,0.551,0.000,27994
1247,5.10147,5.20173,4.342e-04,0.534,0.000,27867
1248,5.14486,5.20173,4.339e-04,0.545,0.000,27822
1249,5.06354,5.20173,4.336e-04,0.570,0.000,27832
1250,5.01559,5.04564,4.333e-04,0.533,0.000,8650
1251,5.01609,5.04564,4.330e-04,0.534,0.000,28488
1252,5.10777,5.04564,4.328e-04,0.556,0.000,27811
1253,5.12364,5.04564,4.325e-04,0.532,0.000,27861
1254,4.87937,5.04564,4.322e-04,0.503,0.000,27990
1255,4.88288,5.04564,4.319e-04,0.514,0.000,27858
1256,4.99650,5.04564,4.316e-04,0.538,0.000,27789
1257,5.01619,5.04564,4.314e-04,0.516,0.000,27847
1258,5.09061,5.04564,4.311e-04,0.588,0.000,27815
1259,4.99695,5.04564,4.308e-04,0.510,0.000,27866
1260,4.98312,5.04564,4.305e-04,0.564,0.000,27954
1261,5.03833,5.04564,4.302e-04,0.561,0.000,27892
1262,5.02722,5.04564,4.300e-04,0.533,0.000,27818
1263,5.03189,5.04564,4.297e-04,0.549,0.000,27815
1264,5.02167,5.04564,4.294e-04,0.552,0.000,27831
1265,5.12684,5.04564,4.291e-04,0.551,0.000,27959
1266,4.87463,5.04564,4.288e-04,0.547,0.000,27930
1267,5.24344,5.04564,4.285e-04,0.599,0.000,27843
1268,5.00292,5.04564,4.283e-04,0.574,0.000,27819
1269,4.97327,5.04564,4.280e-04,0.548,0.000,27820
1270,4.96772,5.04564,4.277e-04,0.531,0.000,27839
1271,4.89372,5.04564,4.274e-04,0.614,0.000,27989
1272,5.18013,5.04564,4.271e-04,0.542,0.000,27887
1273,5.05728,5.04564,4.269e-04,0.597,0.000,27853
1274,5.13635,5.04564,4.266e-04,0.541,0.000,27798
1275,5.07906,5.04564,4.263e-04,0.561,0.000,27850
1276,5.16342,5.04564,4.260e-04,0.539,0.000,27872
1277,4.97992,5.04564,4.257e-04,0.521,0.000,27962
1278,4.96835,5.04564,4.254e-04,0.527,0.000,27824
1279,5.29322,5.04564,4.252e-04,0.574,0.000,27828
1280,5.01897,5.04564,4.249e-04,0.555,0.000,27804
1281,4.97661,5.04564,4.246e-04,0.522,0.000,27797
1282,5.02493,5.04564,4.243e-04,0.546,0.000,27934
1283,5.05062,5.04564,4.240e-04,0.514,0.000,27917
1284,5.07497,5.04564,4.237e-04,0.550,0.000,27829
1285,5.10090,5.04564,4.235e-04,0.517,0.000,27844
1286,5.17222,5.04564,4.232e-04,0.556,0.000,27801
1287,4.91737,5.04564,4.229e-04,0.537,0.000,27851
1288,5.00424,5.04564,4.226e-04,0.581,0.000,27992
1289,4.99985,5.04564,4.223e-04,0.551,0.000,27875
1290,5.11194,5.04564,4.220e-04,0.541,0.000,27826
1291,5.07474,5.04564,4.217e-04,0.566,0.000,27841
1292,5.07513,5.04564,4.215e-04,0.527,0.000,27838
1293,5.18273,5.04564,4.212e-04,0.607,0.000,27893
1294,4.90412,5.04564,4.209e-04,0.587,0.000,28004
1295,5.06896,5.04564,4.206e-04,0.590,0.000,27830
1296,5.02138,5.04564,4.203e-04,0.569,0.000,27845
1297,5.03461,5.04564,4.200e-04,0.575,0.000,27839
1298,4.93528,5.04564,4.197e-04,0.534,0.000,27840
1299,4.70267,5.04564,4.195e-04,0.579,0.000,27950
1300,4.96998,5.04564,4.192e-04,0.558,0.000,27952
1301,4.93617,5.04564,4.189e-04,0.559,0.000,27840
1302,5.10715,5.04564,4.186e-04,0.554,0.000,27816
1303,5.03157,5.04564,4.183e-04,0.533,0.000,27813
1304,4.92674,5.04564,4.180e-04,0.522,0.000,27791
1305,4.99026,5.04564,4.177e-04,0.576,0.000,27970
1306,4.95850,5.04564,4.175e-04,0.569,0.000,27900
1307,5.07438,5.04564,4.172e-04,0.542,0.000,27810
1308,5.06268,5.04564,4.169e-04,0.575,0.000,27822
1309,5.01322,5.04564,4.166e-04,0.571,0.000,27810
1310,5.03344,5.04564,4.163e-04,0.564,0.000,27887
1311,5.01270,5.04564,4.160e-04,0.511,0.000,27965
1312,5.05422,5.04564,4.157e-04,0.523,0.000,27852
1313,4.95704,5.04564,4.154e-04,0.585,0.000,27824
1314,5.05023,5.04564,4.152e-04,0.518,0.000,27826
1315,5.03191,5.04564,4.149e-04,0.600,0.000,27839
1316,5.14309,5.04564,4.146e-04,0.538,0.000,27925
1317,5.02183,5.04564,4.143e-04,0.546,0.000,27922
1318,4.82953,5.04564,4.140e-04,0.610,0.000,27853
1319,5.01216,5.04564,4.137e-04,0.593,0.000,27824
1320,4.99285,5.04564,4.134e-04,0.579,0.000,27797
1321,5.05019,5.04564,4.131e-04,0.565,0.000,27843
1322,4.96711,5.04564,4.129e-04,0.579,0.000,27956
1323,4.91737,5.04564,4.126e-04,0.550,0.000,27897
1324,4.88924,5.04564,4.123e-04,0.570,0.000,27842
1325,5.08009,5.04564,4.120e-04,0.582,0.000,27816
1326,4.96421,5.04564,4.117e-04,0.535,0.000,27790
1327,4.95747,5.04564,4.114e-04,0.536,0.000,27897
1328,5.00194,5.04564,4.111e-04,0.558,0.000,28012
1329,5.27360,5.04564,4.108e-04,0.592,0.000,27818
1330,5.24324,5.04564,4.105e-04,0.596,0.000,27804
1331,5.01664,5.04564,4.103e-04,0.620,0.000,27808
1332,5.02003,5.04564,4.100e-04,0.559,0.000,27820
1333,5.04857,5.04564,4.097e-04,0.559,0.000,27924
1334,5.05799,5.04564,4.094e-04,0.637,0.000,27956
1335,5.10865,5.04564,4.091e-04,0.608,0.000,27834
1336,5.08171,5.04564,4.088e-04,0.638,0.000,27805
1337,4.86060,5.04564,4.085e-04,0.565,0.000,27845
1338,5.09239,5.04564,4.082e-04,0.587,0.000,27809
1339,5.11546,5.04564,4.079e-04,0.551,0.000,27967
1340,4.88613,5.04564,4.077e-04,0.542,0.000,27897
1341,4.96331,5.04564,4.074e-04,0.572,0.000,27904
1342,5.02248,5.04564,4.071e-04,0.521,0.000,27812
1343,4.95223,5.04564,4.068e-04,0.566,0.000,27847
1344,4.78481,5.04564,4.065e-04,0.533,0.000,27865
1345,4.98405,5.04564,4.062e-04,0.575,0.000,27966
1346,5.06292,5.04564,4.059e-04,0.558,0.000,27856
1347,5.07422,5.04564,4.056e-04,0.547,0.000,27823
1348,4.96264,5.04564,4.053e-04,0.590,0.000,27807
1349,4.89880,5.04564,4.050e-04,0.548,0.000,27825
1350,4.79780,5.04564,4.047e-04,0.531,0.000,27918
1351,5.12302,5.04564,4.045e-04,0.544,0.000,27979
1352,5.09592,5.04564,4.042e-04,0.588,0.000,27823
1353,5.14518,5.04564,4.039e-04,0.541,0.000,27811
1354,5.03716,5.04564,4.036e-04,0.538,0.000,27792
1355,4.94312,5.04564,4.033e-04,0.518,0.000,27848
1356,5.19121,5.04564,4.030e-04,0.600,0.000,27941
1357,5.02035,5.04564,4.027e-04,0.586,0.000,27902
1358,4.89785,5.04564,4.024e-04,0.536,0.000,27803
1359,4.71388,5.04564,4.021e-04,0.604,0.000,27799
1360,4.97239,5.04564,4.018e-04,0.582,0.000,27801
1361,5.15698,5.04564,4.015e-04,0.561,0.000,27821
1362,4.91417,5.04564,4.012e-04,0.613,0.000,27994
1363,4.92630,5.04564,4.010e-04,0.575,0.000,27840
1364,5.03667,5.04564,4.007e-04,0.575,0.000,27796
1365,4.97695,5.04564,4.004e-04,0.604,0.000,27813
1366,4.98753,5.04564,4.001e-04,0.604,0.000,27814
1367,4.89278,5.04564,3.998e-04,0.558,0.000,27916
1368,4.99204,5.04564,3.995e-04,0.585,0.000,27956
1369,4.89961,5.04564,3.992e-04,0.616,0.000,27830
1370,4.93800,5.04564,3.989e-04,0.594,0.000,27800
1371,5.14974,5.04564,3.986e-04,0.563,0.000,27811
1372,5.01520,5.04564,3.983e-04,0.545,0.000,27843
1373,5.13516,5.04564,3.980e-04,0.592,0.000,27949
1374,4.76666,5.04564,3.977e-04,0.559,0.000,27895
1375,5.13320,5.04564,3.974e-04,0.586,0.000,27813
1376,4.72141,5.04564,3.971e-04,0.554,0.000,27836
1377,4.98639,5.04564,3.969e-04,0.566,0.000,27833
1378,5.10497,5.04564,3.966e-04,0.573,0.000,27879
1379,4.92811,5.04564,3.963e-04,0.543,0.000,28001
1380,4.91886,5.04564,3.960e-04,0.547,0.000,27841
1381,5.04759,5.04564,3.957e-04,0.497,0.000,27868
1382,4.73752,5.04564,3.954e-04,0.557,0.000,27818
1383,4.81745,5.04564,3.951e-04,0.607,0.000,27819
1384,4.66551,5.04564,3.948e-04,0.556,0.000,27932
1385,5.00165,5.04564,3.945e-04,0.584,0.000,27971
1386,4.94688,5.04564,3.942e-04,0.561,0.000,27832
1387,5.18458,5.04564,3.939e-04,0.584,0.000,27870
1388,5.02634,5.04564,3.936e-04,0.582,0.000,27799
1389,4.80989,5.04564,3.933e-04,0.576,0.000,27829
1390,5.03471,5.04564,3.930e-04,0.554,0.000,27950
1391,5.02850,5.04564,3.927e-04,0.603,0.000,27936
1392,4.87601,5.04564,3.924e-04,0.554,0.000,27788
1393,4.96154,5.04564,3.921e-04,0.566,0.000,27857
1394,5.06478,5.04564,3.919e-04,0.613,0.000,27803
1395,4.94038,5.04564,3.916e-04,0.537,0.000,27845
1396,4.83861,5.04564,3.913e-04,0.590,0.000,27970
1397,4.88004,5.04564,3.910e-04,0.622,0.000,27860
1398,5.00669,5.04564,3.907e-04,0.615,0.000,27807
1399,4.95183,5.04564,3.904e-04,0.566,0.000,27817
1400,4.99198,5.04564,3.901e-04,0.624,0.000,27844
1401,4.98557,5.04564,3.898e-04,0.564,0.000,27873
1402,5.07438,5.04564,3.895e-04,0.528,0.000,27969
1403,5.01786,5.04564,3.892e-04,0.572,0.000,27836
1404,5.08850,5.04564,3.889e-04,0.567,0.000,27842
1405,4.92521,5.04564,3.886e-04,0.558,0.000,27814
1406,5.03578,5.04564,3.883e-04,0.660,0.000,27842
1407,4.89629,5.04564,3.880e-04,0.544,0.000,27936
1408,4.97361,5.04564,3.877e-04,0.559,0.000,27927
1409,4.93530,5.04564,3.874e-04,0.581,0.000,27819
1410,4.92377,5.04564,3.871e-04,0.600,0.000,27804
1411,5.10309,5.04564,3.868e-04,0.564,0.000,27805
1412,4.90799,5.04564,3.865e-04,0.566,0.000,27856
1413,4.99921,5.04564,3.862e-04,0.627,0.000,28012
1414,4.97972,5.04564,3.859e-04,0.574,0.000,27859
1415,4.93612,5.04564,3.856e-04,0.563,0.000,27845
1416,4.88878,5.04564,3.853e-04,0.621,0.000,27819
1417,5.04970,5.04564,3.850e-04,0.602,0.000,27811
1418,5.00783,5.04564,3.848e-04,0.562,0.000,27902
1419,4.88749,5.04564,3.845e-04,0.598,0.000,28019
1420,5.05643,5.04564,3.842e-04,0.577,0.000,27793
1421,4.96027,5.04564,3.839e-04,0.561,0.000,27889
1422,4.88480,5.04564,3.836e-04,0.569,0.000,27815
1423,4.82942,5.04564,3.833e-04,0.581,0.000,27809
1424,4.89854,5.04564,3.830e-04,0.562,0.000,27933
1425,5.04410,5.04564,3.827e-04,0.598,0.000,27924
1426,5.03032,5.04564,3.824e-04,0.576,0.000,27802
1427,5.01077,5.04564,3.821e-04,0.638,0.000,27845
1428,5.04739,5.04564,3.818e-04,0.560,0.000,27828
1429,4.96432,5.04564,3.815e-04,0.642,0.000,27825
1430,5.04691,5.04564,3.812e-04,0.621,0.000,28003
1431,4.63504,5.04564,3.809e-04,0.662,0.000,27869
1432,4.95308,5.04564,3.806e-04,0.639,0.000,27827
1433,5.09776,5.04564,3.803e-04,0.622,0.000,27822
1434,4.95168,5.04564,3.800e-04,0.619,0.000,27861
1435,5.00902,5.04564,3.797e-04,0.595,0.000,27884
1436,4.81961,5.04564,3.794e-04,0.588,0.000,28007
1437,5.11085,5.04564,3.791e-04,0.594,0.000,27809
1438,4.99910,5.04564,3.788e-04,0.642,0.000,27825
1439,4.83684,5.04564,3.785e-04,0.558,0.000,27855
1440,4.87271,5.04564,3.782e-04,0.543,0.000,27818
1441,4.93091,5.04564,3.779e-04,0.627,0.000,27915
1442,5.02423,5.04564,3.776e-04,0.541,0.000,27964
1443,4.73845,5.04564,3.773e-04,0.583,0.000,27826
1444,4.94087,5.04564,3.770e-04,0.561,0.000,27833
1445,4.91685,5.04564,3.767e-04,0.570,0.000,27849
1446,5.04122,5.04564,3.764e-04,0.567,0.000,27809
1447,5.00868,5.04564,3.761e-04,0.627,0.000,27981
1448,4.88080,5.04564,3.758e-04,0.558,0.000,27863
1449,4.86341,5.04564,3.755e-04,0.541,0.000,27809
1450,4.83153,5.04564,3.752e-04,0.571,0.000,27793
1451,4.96897,5.04564,3.749e-04,0.549,0.000,27789
1452,5.01817,5.04564,3.746e-04,0.586,0.000,27904
1453,4.84837,5.04564,3.743e-04,0.626,0.000,27958
1454,5.01738,5.04564,3.740e-04,0.547,0.000,27829
1455,4.90892,5.04564,3.737e-04,0.569,0.000,27846
1456,4.95969,5.04564,3.734e-04,0.587,0.000,27841
1457,5.01873,5.04564,3.731e-04,0.587,0.000,27833
1458,5.01792,5.04564,3.728e-04,0.565,0.000,27905
1459,5.01795,5.04564,3.725e-04,0.545,0.000,27970
1460,4.90928,5.04564,3.722e-04,0.590,0.000,27800
1461,4.95249,5.04564,3.719e-04,0.557,0.000,27888
1462,5.02626,5.04564,3.716e-04,0.577,0.000,27800
1463,5.08867,5.04564,3.713e-04,0.629,0.000,27797
1464,4.87207,5.04564,3.710e-04,0.576,0.000,27976
1465,4.95493,5.04564,3.707e-04,0.590,0.000,27894
1466,4.79191,5.04564,3.704e-04,0.582,0.000,27848
1467,5.03612,5.04564,3.701e-04,0.613,0.000,27819
1468,4.88445,5.04564,3.698e-04,0.518,0.000,27834
1469,4.92311,5.04564,3.695e-04,0.615,0.000,27848
1470,4.93122,5.04564,3.692e-04,0.601,0.000,27989
1471,4.92916,5.04564,3.689e-04,0.583,0.000,27861
1472,4.88354,5.04564,3.686e-04,0.549,0.000,27818
1473,4.80253,5.04564,3.683e-04,0.588,0.000,27776
1474,4.83586,5.04564,3.680e-04,0.608,0.000,27833
1475,5.07817,5.04564,3.677e-04,0.566,0.000,27948
1476,4.91472,5.04564,3.674e-04,0.579,0.000,27897
1477,5.00260,5.04564,3.671e-04,0.581,0.000,27870
1478,4.99513,5.04564,3.668e-04,0.576,0.000,27794
1479,4.90722,5.04564,3.665e-04,0.577,0.000,27811
1480,5.13518,5.04564,3.662e-04,0.676,0.000,27824
1481,5.13715,5.04564,3.659e-04,0.584,0.000,27924
1482,4.86822,5.04564,3.656e-04,0.658,0.000,27864
1483,4.74561,5.04564,3.653e-04,0.593,0.000,27803
1484,5.01511,5.04564,3.650e-04,0.635,0.000,27799
1485,4.83892,5.04564,3.647e-04,0.573,0.000,27843
1486,5.05838,5.04564,3.644e-04,0.576,0.000,27847
1487,4.94497,5.04564,3.641e-04,0.598,0.000,27979
1488,4.84261,5.04564,3.638e-04,0.557,0.000,27848
1489,5.02111,5.04564,3.635e-04,0.579,0.000,27827
1490,5.00514,5.04564,3.632e-04,0.566,0.000,27824
1491,4.89736,5.04564,3.629e-04,0.563,0.000,27831
1492,4.86142,5.04564,3.626e-04,0.577,0.000,27912
1493,5.02061,5.04564,3.623e-04,0.541,0.000,27927
1494,4.89169,5.04564,3.620e-04,0.550,0.000,27843
1495,4.97051,5.04564,3.617e-04,0.596,0.000,27817
1496,4.88051,5.04564,3.614e-04,0.574,0.000,27766
1497,5.06261,5.04564,3.611e-04,0.594,0.000,27837
1498,4.87759,5.04564,3.608e-04,0.588,0.000,27970
1499,5.04759,5.04564,3.605e-04,0.558,0.000,27912
1500,4.88439,4.91996,3.602e-04,0.633,0.000,8651
1501,4.92338,4.91996,3.599e-04,0.643,0.000,28554
1502,4.80688,4.91996,3.596e-04,0.597,0.000,27859
1503,4.97634,4.91996,3.593e-04,0.642,0.000,27826
1504,4.97024,4.91996,3.590e-04,0.610,0.000,27805
1505,5.08354,4.91996,3.587e-04,0.613,0.000,27829
1506,5.03486,4.91996,3.584e-04,0.651,0.000,27980
1507,4.87200,4.91996,3.581e-04,0.580,0.000,27903
1508,4.98979,4.91996,3.578e-04,0.570,0.000,27824
1509,4.86097,4.91996,3.575e-04,0.619,0.000,27826
1510,4.88578,4.91996,3.572e-04,0.567,0.000,27824
1511,4.71454,4.91996,3.569e-04,0.596,0.000,27877
1512,5.04175,4.91996,3.566e-04,0.585,0.000,27988
1513,5.04755,4.91996,3.563e-04,0.597,0.000,27851
1514,4.69126,4.91996,3.560e-04,0.561,0.000,27817
1515,5.14026,4.91996,3.557e-04,0.594,0.000,27831
1516,4.83508,4.91996,3.554e-04,0.565,0.000,27872
1517,5.05173,4.91996,3.551e-04,0.569,0.000,27879
1518,4.83042,4.91996,3.548e-04,0.581,0.000,27970
1519,4.92907,4.91996,3.545e-04,0.570,0.000,27804
1520,4.81295,4.91996,3.542e-04,0.558,0.000,27808
1521,4.99049,4.91996,3.539e-04,0.635,0.000,27833
1522,4.76696,4.91996,3.536e-04,0.547,0.000,27801
1523,4.74938,4.91996,3.533e-04,0.582,0.000,27964
1524,4.78209,4.91996,3.530e-04,0.558,0.000,27878
1525,4.84702,4.91996,3.527e-04,0.582,0.000,27823
1526,4.97538,4.91996,3.524e-04,0.560,0.000,27835
1527,4.77753,4.91996,3.521e-04,0.544,0.000,27847
1528,4.79399,4.91996,3.518e-04,0.555,0.000,27847
1529,4.75574,4.91996,3.515e-04,0.587,0.000,27990
1530,5.05423,4.91996,3.512e-04,0.604,0.000,27880
1531,4.97268,4.91996,3.509e-04,0.590,0.000,27802
1532,4.87706,4.91996,3.506e-04,0.598,0.000,27816
1533,4.97139,4.91996,3.503e-04,0.582,0.000,27813
1534,4.91702,4.91996,3.500e-04,0.599,0.000,27878
1535,4.88840,4.91996,3.497e-04,0.590,0.000,27968
1536,4.78984,4.91996,3.494e-04,0.600,0.000,27787
1537,5.05108,4.91996,3.491e-04,0.611,0.000,27802
1538,4.86943,4.91996,3.488e-04,0.576,0.000,27806
1539,4.87830,4.91996,3.485e-04,0.606,0.000,27861
1540,4.91755,4.91996,3.482e-04,0.598,0.000,27950
1541,5.01138,4.91996,3.479e-04,0.573,0.000,27871
1542,4.86369,4.91996,3.476e-04,0.623,0.000,27832
1543,4.95336,4.91996,3.473e-04,0.603,0.000,27847
1544,4.74990,4.91996,3.470e-04,0.590,0.000,27841
1545,4.86766,4.91996,3.467e-04,0.607,0.000,27859
1546,4.83342,4.91996,3.463e-04,0.576,0.000,28005
1547,4.80964,4.91996,3.460e-04,0.580,0.000,27853
1548,4.81798,4.91996,3.457e-04,0.603,0.000,27812
1549,4.99933,4.91996,3.454e-04,0.565,0.000,27805
1550,4.90597,4.91996,3.451e-04,0.560,0.000,27800
1551,4.98539,4.91996,3.448e-04,0.598,0.000,27853
1552,4.95059,4.91996,3.445e-04,0.543,0.000,27990
1553,4.86075,4.91996,3.442e-04,0.607,0.000,27822
1554,4.90832,4.91996,3.439e-04,0.606,0.000,27802
1555,4.85227,4.91996,3.436e-04,0.598,0.000,27814
1556,4.85072,4.91996,3.433e-04,0.606,0.000,27833
1557,4.91715,4.91996,3.430e-04,0.578,0.000,27954
1558,4.92382,4.91996,3.427e-04,0.583,0.000,27908
1559,4.91392,4.91996,3.424e-04,0.580,0.000,27844
1560,4.87516,4.91996,3.421e-04,0.593,0.000,27829
1561,4.82313,4.91996,3.418e-04,0.604,0.000,27806
1562,4.95516,4.91996,3.415e-04,0.559,0.000,27845
1563,4.87685,4.91996,3.412e-04,0.609,0.000,27980
1564,4.72786,4.91996,3.409e-04,0.604,0.000,27878
1565,4.85681,4.91996,3.406e-04,0.587,0.000,27788
1566,4.85623,4.91996,3.403e-04,0.583,0.000,27841
1567,4.85498,4.91996,3.400e-04,0.565,0.000,27793
1568,4.83431,4.91996,3.397e-04,0.595,0.000,27894
1569,4.88513,4.91996,3.394e-04,0.575,0.000,27974
1570,4.92814,4.91996,3.391e-04,0.632,0.000,27806
1571,4.82997,4.91996,3.388e-04,0.568,0.000,27820
1572,4.79989,4.91996,3.385e-04,0.664,0.000,27863
1573,4.94259,4.91996,3.382e-04,0.619,0.000,27783
1574,4.97371,4.91996,3.379e-04,0.561,0.000,27940
1575,4.96050,4.91996,3.376e-04,0.574,0.000,27905
1576,4.74661,4.91996,3.373e-04,0.584,0.000,27820
1577,4.93067,4.91996,3.370e-04,0.606,0.000,27819
1578,4.88498,4.91996,3.367e-04,0.608,0.000,27844
1579,4.83487,4.91996,3.364e-04,0.569,0.000,27836
1580,4.60515,4.91996,3.361e-04,0.587,0.000,28001
1581,4.80850,4.91996,3.358e-04,0.604,0.000,27835
1582,4.82918,4.91996,3.355e-04,0.570,0.000,27793
1583,4.76191,4.91996,3.351e-04,0.588,0.000,27806
1584,4.91058,4.91996,3.348e-04,0.608,0.000,27796
1585,4.88442,4.91996,3.345e-04,0.580,0.000,27877
1586,4.94710,4.91996,3.342e-04,0.620,0.000,28026
1587,4.78299,4.91996,3.339e-04,0.591,0.000,27843
1588,4.81163,4.91996,3.336e-04,0.560,0.000,27851
1589,4.85096,4.91996,3.333e-04,0.595,0.000,27805
1590,4.65875,4.91996,3.330e-04,0.606,0.000,27803
1591,4.93360,4.91996,3.327e-04,0.574,0.000,27982
1592,4.75315,4.91996,3.324e-04,0.564,0.000,27927
1593,4.95620,4.91996,3.321e-04,0.600,0.000,27832
1594,4.99852,4.91996,3.318e-04,0.594,0.000,27829
1595,4.83404,4.91996,3.315e-04,0.670,0.000,27845
1596,5.10173,4.91996,3.312e-04,0.579,0.000,27811
1597,4.80869,4.91996,3.309e-04,0.646,0.000,27995
1598,4.77007,4.91996,3.306e-04,0.572,0.000,27930
1599,4.91389,4.91996,3.303e-04,0.646,0.000,27809
1600,4.78758,4.91996,3.300e-04,0.545,0.000,27818
1601,4.81552,4.91996,3.297e-04,0.561,0.000,27814
1602,4.92198,4.91996,3.294e-04,0.612,0.000,27884
1603,4.95413,4.91996,3.291e-04,0.578,0.000,28004
1604,4.70985,4.91996,3.288e-04,0.583,0.000,27857
1605,4.75272,4.91996,3.285e-04,0.605,0.000,27828
1606,4.82063,4.91996,3.282e-04,0.585,0.000,27835
1607,5.03921,4.91996,3.279e-04,0.761,0.000,27846
1608,4.83301,4.91996,3.276e-04,0.640,0.000,27941
1609,4.97684,4.91996,3.273e-04,0.672,0.000,27913
1610,4.75148,4.91996,3.270e-04,0.621,0.000,27844
1611,4.83343,4.91996,3.267e-04,0.647,0.000,27827
1612,4.68574,4.91996,3.264e-04,0.595,0.000,27833
1613,5.00947,4.91996,3.261e-04,0.604,0.000,27829
1614,4.80640,4.91996,3.258e-04,0.628,0.000,27994
1615,4.72197,4.91996,3.255e-04,0.604,0.000,27822
1616,4.88551,4.91996,3.252e-04,0.661,0.000,27827
1617,4.86896,4.91996,3.249e-04,0.606,0.000,27828
1618,5.14072,4.91996,3.245e-04,0.629,0.000,27851
1619,4.64422,4.91996,3.242e-04,0.621,0.000,27876
1620,4.92103,4.91996,3.239e-04,0.622,0.000,27980
1621,4.90898,4.91996,3.236e-04,0.586,0.000,27935
1622,4.93412,4.91996,3.233e-04,0.628,0.000,27809
1623,4.97407,4.91996,3.230e-04,0.578,0.000,27827
1624,5.05285,4.91996,3.227e-04,0.633,0.000,27815
1625,4.86685,4.91996,3.224e-04,0.587,0.000,27908
1626,4.78052,4.91996,3.221e-04,0.592,0.000,27967
1627,4.83069,4.91996,3.218e-04,0.580,0.000,27803
1628,4.71021,4.91996,3.215e-04,0.621,0.000,27834
1629,4.93260,4.91996,3.212e-04,0.622,0.000,27822
1630,4.80586,4.91996,3.209e-04,0.588,0.000,27830
1631,4.80870,4.91996,3.206e-04,0.595,0.000,27959
1632,4.83186,4.91996,3.203e-04,0.579,0.000,27914
1633,4.98658,4.91996,3.200e-04,0.602,0.000,27795
1634,4.79141,4.91996,3.197e-04,0.628,0.000,27812
1635,4.95248,4.91996,3.194e-04,0.631,0.000,27829
1636,4.85513,4.91996,3.191e-04,0.603,0.000,27878
1637,4.92385,4.91996,3.188e-04,0.591,0.000,27986
1638,4.92694,4.91996,3.185e-04,0.616,0.000,27862
1639,4.93365,4.91996,3.182e-04,0.580,0.000,27806
1640,4.80835,4.91996,3.179e-04,0.590,0.000,27832
1641,5.03099,4.91996,3.176e-04,0.623,0.000,27830
1642,4.81502,4.91996,3.173e-04,0.615,0.000,27918
1643,4.81763,4.91996,3.170e-04,0.573,0.000,27943
1644,4.94145,4.91996,3.167e-04,0.619,0.000,27827
1645,4.98071,4.91996,3.164e-04,0.576,0.000,27819
1646,4.86797,4.91996,3.161e-04,0.588,0.000,27836
1647,4.76038,4.91996,3.158e-04,0.576,0.000,27829
1648,4.79919,4.91996,3.155e-04,0.559,0.000,27986
1649,4.66663,4.91996,3.152e-04,0.564,0.000,27887
1650,4.90075,4.91996,3.149e-04,0.599,0.000,27821
1651,4.85732,4.91996,3.146e-04,0.545,0.000,27813
1652,4.92065,4.91996,3.143e-04,0.551,0.000,27825
1653,4.95740,4.91996,3.140e-04,0.578,0.000,27824
1654,4.76433,4.91996,3.137e-04,0.591,0.000,27976
1655,4.71953,4.91996,3.133e-04,0.560,0.000,27819
1656,4.81546,4.91996,3.130e-04,0.577,0.000,27835
1657,4.95871,4.91996,3.127e-04,0.571,0.000,27822
1658,4.92081,4.91996,3.124e-04,0.616,0.000,27807
1659,4.96356,4.91996,3.121e-04,0.609,0.000,27940
1660,4.88373,4.91996,3.118e-04,0.635,0.000,27945
1661,4.84421,4.91996,3.115e-04,0.595,0.000,27871
1662,4.84785,4.91996,3.112e-04,0.589,0.000,27845
1663,4.99602,4.91996,3.109e-04,0.599,0.000,27789
1664,4.93203,4.91996,3.106e-04,0.598,0.000,27810
1665,4.82585,4.91996,3.103e-04,0.591,0.000,27986
1666,4.89265,4.91996,3.100e-04,0.641,0.000,27924
1667,5.04654,4.91996,3.097e-04,0.640,0.000,27791
1668,4.85090,4.91996,3.094e-04,0.646,0.000,27844
1669,4.90974,4.91996,3.091e-04,0.594,0.000,27811
1670,4.67728,4.91996,3.088e-04,0.654,0.000,27826
1671,4.95598,4.91996,3.085e-04,0.615,0.000,27978
1672,4.75863,4.91996,3.082e-04,0.601,0.000,27859
1673,4.80768,4.91996,3.079e-04,0.586,0.000,27834
1674,4.81513,4.91996,3.076e-04,0.625,0.000,27813
1675,5.05516,4.91996,3.073e-04,0.624,0.000,27794
1676,4.83415,4.91996,3.070e-04,0.582,0.000,27912
1677,4.83459,4.91996,3.067e-04,0.581,0.000,27961
1678,4.93152,4.91996,3.064e-04,0.605,0.000,27836
1679,4.99183,4.91996,3.061e-04,0.574,0.000,27808
1680,4.99504,4.91996,3.058e-04,0.584,0.000,27824
1681,4.90804,4.91996,3.055e-04,0.574,0.000,27832
1682,4.97855,4.91996,3.052e-04,0.608,0.000,27961
1683,4.80970,4.91996,3.049e-04,0.609,0.000,27910
1684,4.82311,4.91996,3.046e-04,0.619,0.000,27846
1685,4.68775,4.91996,3.043e-04,0.574,0.000,27848
1686,4.83914,4.91996,3.040e-04,0.603,0.000,27786
1687,4.63575,4.91996,3.037e-04,0.650,0.000,27872
1688,4.78636,4.91996,3.034e-04,0.606,0.000,28026
1689,4.89720,4.91996,3.031e-04,0.635,0.000,27862
1690,5.07067,4.91996,3.028e-04,0.675,0.000,27833
1691,4.72437,4.91996,3.025e-04,0.568,0.000,27827
1692,4.89612,4.91996,3.022e-04,0.650,0.000,27813
1693,4.93207,4.91996,3.019e-04,0.573,0.000,27930
1694,4.93837,4.91996,3.016e-04,0.631,0.000,27973
1695,4.96295,4.91996,3.013e-04,0.650,0.000,27818
1696,4.80846,4.91996,3.010e-04,0.596,0.000,27830
1697,4.80693,4.91996,3.007e-04,0.613,0.000,27815
1698,4.82007,4.91996,3.004e-04,0.631,0.000,27801
1699,4.94492,4.91996,3.001e-04,0.631,0.000,27968
1700,4.79339,4.91996,2.998e-04,0.607,0.000,27939
1701,4.97227,4.91996,2.995e-04,0.667,0.000,27830
1702,4.67561,4.91996,2.992e-04,0.619,0.000,27848
1703,4.97312,4.91996,2.989e-04,0.632,0.000,27797
1704,4.80764,4.91996,2.986e-04,0.651,0.000,27844
1705,4.86558,4.91996,2.983e-04,0.572,0.000,27982
1706,4.79058,4.91996,2.980e-04,0.630,0.000,27886
1707,4.98909,4.91996,2.977e-04,0.709,0.000,27819
1708,5.11763,4.91996,2.974e-04,0.600,0.000,27822
1709,4.79504,4.91996,2.971e-04,0.600,0.000,27859
1710,4.84564,4.91996,2.968e-04,0.625,0.000,27878
1711,4.84217,4.91996,2.965e-04,0.704,0.000,27965
1712,4.99867,4.91996,2.962e-04,0.602,0.000,27863
1713,4.93140,4.91996,2.959e-04,0.592,0.000,27784
1714,4.85875,4.91996,2.956e-04,0.587,0.000,27850
1715,4.74115,4.91996,2.953e-04,0.648,0.000,27826
1716,4.72201,4.91996,2.950e-04,0.602,0.000,27946
1717,4.93686,4.91996,2.947e-04,0.587,0.000,27910
1718,4.94236,4.91996,2.944e-04,0.632,0.000,27832
1719,4.86807,4.91996,2.941e-04,0.593,0.000,27830
1720,4.79258,4.91996,2.938e-04,0.602,0.000,27819
1721,4.84541,4.91996,2.935e-04,0.575,0.000,27823
1722,4.75507,4.91996,2.932e-04,0.652,0.000,27993
1723,4.93047,4.91996,2.929e-04,0.610,0.000,27872
1724,4.78001,4.91996,2.926e-04,0.604,0.000,27821
1725,4.84103,4.91996,2.923e-04,0.580,0.000,27814
1726,4.98072,4.91996,2.920e-04,0.623,0.000,27832
1727,4.87057,4.91996,2.917e-04,0.597,0.000,27901
1728,4.77105,4.91996,2.914e-04,0.658,0.000,27977
1729,4.79061,4.91996,2.911e-04,0.648,0.000,27800
1730,4.77462,4.91996,2.908e-04,0.607,0.000,27847
1731,4.75043,4.91996,2.905e-04,0.620,0.000,27829
1732,4.71394,4.91996,2.902e-04,0.597,0.000,27860
1733,4.85211,4.91996,2.899e-04,0.634,0.000,27917
1734,4.81448,4.91996,2.896e-04,0.622,0.000,27921
1735,4.86546,4.91996,2.893e-04,0.571,0.000,27828
1736,4.79665,4.91996,2.890e-04,0.600,0.000,27817
1737,4.88785,4.91996,2.887e-04,0.608,0.000,27832
1738,4.80010,4.91996,2.884e-04,0.589,0.000,27809
1739,4.79089,4.91996,2.881e-04,0.639,0.000,27979
1740,4.85818,4.91996,2.878e-04,0.592,0.000,27895
1741,4.75053,4.91996,2.875e-04,0.611,0.000,27876
1742,4.73491,4.91996,2.872e-04,0.591,0.000,27848
1743,4.83233,4.91996,2.869e-04,0.591,0.000,27827
1744,4.78639,4.91996,2.866e-04,0.561,0.000,27864
1745,4.74614,4.91996,2.863e-04,0.622,0.000,27996
1746,4.66254,4.91996,2.860e-04,0.622,0.000,27826
1747,4.72278,4.91996,2.857e-04,0.595,0.000,27784
1748,4.83616,4.91996,2.854e-04,0.610,0.000,27833
1749,5.03672,4.91996,2.851e-04,0.642,0.000,27821
1750,4.97045,4.81668,2.848e-04,0.579,0.000,8656
1751,4.88554,4.81668,2.845e-04,0.620,0.000,28430
1752,4.75850,4.81668,2.842e-04,0.575,0.000,27875
1753,5.01165,4.81668,2.839e-04,0.628,0.000,27963
1754,4.82433,4.81668,2.836e-04,0.560,0.000,27857
1755,4.76811,4.81668,2.833e-04,0.576,0.000,27841
1756,4.92941,4.81668,2.830e-04,0.617,0.000,27797
1757,4.71346,4.81668,2.827e-04,0.602,0.000,27862
1758,4.89293,4.81668,2.824e-04,0.628,0.000,27908
1759,4.80580,4.81668,2.821e-04,0.568,0.000,27943
1760,4.84933,4.81668,2.818e-04,0.605,0.000,27848
1761,4.79530,4.81668,2.815e-04,0.618,0.000,27828
1762,4.65809,4.81668,2.812e-04,0.605,0.000,27790
1763,4.75249,4.81668,2.809e-04,0.617,0.000,27807
1764,4.90173,4.81668,2.806e-04,0.609,0.000,27978
1765,4.81656,4.81668,2.803e-04,0.603,0.000,27893
1766,4.74868,4.81668,2.800e-04,0.582,0.000,27824
1767,4.85432,4.81668,2.797e-04,0.603,0.000,27850
1768,4.72538,4.81668,2.794e-04,0.596,0.000,27783
1769,4.84080,4.81668,2.791e-04,0.659,0.000,27907
1770,4.87448,4.81668,2.788e-04,0.626,0.000,27986
1771,4.73430,4.81668,2.785e-04,0.599,0.000,27839
1772,4.86850,4.81668,2.782e-04,0.660,0.000,27817
1773,4.66556,4.81668,2.779e-04,0.663,0.000,27787
1774,4.81004,4.81668,2.776e-04,0.624,0.000,27811
1775,4.90728,4.81668,2.773e-04,0.594,0.000,27930
1776,4.74887,4.81668,2.770e-04,0.691,0.000,27951
1777,4.78345,4.81668,2.767e-04,0.644,0.000,27790
1778,4.72861,4.81668,2.764e-04,0.592,0.000,27771
1779,4.93272,4.81668,2.761e-04,0.667,0.000,27805
1780,4.92603,4.81668,2.758e-04,0.694,0.000,27838
1781,4.80722,4.81668,2.755e-04,0.586,0.000,27937
1782,4.94716,4.81668,2.752e-04,0.662,0.000,27866
1783,4.80877,4.81668,2.750e-04,0.625,0.000,27845
1784,4.77964,4.81668,2.747e-04,0.600,0.000,27823
1785,4.87197,4.81668,2.744e-04,0.614,0.000,27795
1786,4.73343,4.81668,2.741e-04,0.605,0.000,27879
1787,4.79409,4.81668,2.738e-04,0.609,0.000,27993
1788,4.75390,4.81668,2.735e-04,0.647,0.000,27839
1789,4.88677,4.81668,2.732e-04,0.648,0.000,27798
1790,4.85276,4.81668,2.729e-04,0.634,0.000,27813
1791,4.91435,4.81668,2.726e-04,0.648,0.000,27779
1792,4.72794,4.81668,2.723e-04,0.612,0.000,27917
1793,4.86102,4.81668,2.720e-04,0.648,0.000,27926
1794,4.49500,4.81668,2.717e-04,0.592,0.000,27838
1795,4.82134,4.81668,2.714e-04,0.664,0.000,27803
1796,4.86644,4.81668,2.711e-04,0.636,0.000,27847
1797,4.70279,4.81668,2.708e-04,0.706,0.000,27791
1798,5.03200,4.81668,2.705e-04,0.649,0.000,27985
1799,4.82197,4.81668,2.702e-04,0.650,0.000,27877
1800,4.75824,4.81668,2.699e-04,0.630,0.000,27845
1801,4.64064,4.81668,2.696e-04,0.673,0.000,27864
1802,4.82017,4.81668,2.693e-04,0.614,0.000,27848
1803,4.87029,4.81668,2.690e-04,0.632,0.000,27884
1804,4.62296,4.81668,2.687e-04,0.640,0.000,27923
1805,5.01897,4.81668,2.684e-04,0.639,0.000,27844
1806,4.73413,4.81668,2.681e-04,0.663,0.000,27825
1807,4.81919,4.81668,2.679e-04,0.606,0.000,27785
1808,4.89404,4.81668,2.676e-04,0.655,0.000,27820
1809,4.68369,4.81668,2.673e-04,0.624,0.000,27903
1810,4.72277,4.81668,2.670e-04,0.596,0.000,27966
1811,4.75791,4.81668,2.667e-04,0.618,0.000,27813
1812,4.81236,4.81668,2.664e-04,0.623,0.000,27837
1813,4.91297,4.81668,2.661e-04,0.590,0.000,27823
1814,4.85839,4.81668,2.658e-04,0.593,0.000,27795
1815,4.83726,4.81668,2.655e-04,0.598,0.000,27953
1816,4.74975,4.81668,2.652e-04,0.596,0.000,27909
1817,4.78886,4.81668,2.649e-04,0.627,0.000,27837
1818,4.55578,4.81668,2.646e-04,0.583,0.000,27803
1819,4.84813,4.81668,2.643e-04,0.597,0.000,27819
1820,4.85111,4.81668,2.640e-04,0.615,0.000,27871
1821,4.78749,4.81668,2.637e-04,0.590,0.000,27952
1822,4.62410,4.81668,2.634e-04,0.594,0.000,27875
1823,4.80990,4.81668,2.631e-04,0.592,0.000,27812
1824,4.78797,4.81668,2.629e-04,0.649,0.000,27807
1825,4.79470,4.81668,2.626e-04,0.645,0.000,27826
1826,4.66856,4.81668,2.623e-04,0.615,0.000,27902
1827,4.71833,4.81668,2.620e-04,0.636,0.000,27970
1828,4.59315,4.81668,2.617e-04,0.609,0.000,27795
1829,4.85973,4.81668,2.614e-04,0.615,0.000,27848
1830,4.85664,4.81668,2.611e-04,0.635,0.000,27824
1831,4.84578,4.81668,2.608e-04,0.648,0.000,27835
1832,4.89642,4.81668,2.605e-04,0.611,0.000,27950
1833,4.80986,4.81668,2.602e-04,0.646,0.000,27922
1834,4.83905,4.81668,2.599e-04,0.628,0.000,27790
1835,4.77637,4.81668,2.596e-04,0.575,0.000,27825
1836,4.79670,4.81668,2.593e-04,0.650,0.000,27820
1837,4.94167,4.81668,2.590e-04,0.625,0.000,27872
1838,4.61750,4.81668,2.588e-04,0.607,0.000,27988
1839,4.81873,4.81668,2.585e-04,0.618,0.000,27819
1840,4.79882,4.81668,2.582e-04,0.617,0.000,27831
1841,4.72415,4.81668,2.579e-04,0.646,0.000,27873
1842,4.78030,4.81668,2.576e-04,0.650,0.000,27818
1843,4.94852,4.81668,2.573e-04,0.602,0.000,27871
1844,4.64962,4.81668,2.570e-04,0.594,0.000,27962
1845,4.73906,4.81668,2.567e-04,0.623,0.000,27809
1846,4.87650,4.81668,2.564e-04,0.646,0.000,27808
1847,4.78440,4.81668,2.561e-04,0.633,0.000,27847
1848,4.66302,4.81668,2.558e-04,0.604,0.000,27840
1849,4.60312,4.81668,2.555e-04,0.673,0.000,27975
1850,4.79654,4.81668,2.553e-04,0.657,0.000,27911
1851,4.73588,4.81668,2.550e-04,0.713,0.000,27815
1852,4.78151,4.81668,2.547e-04,0.620,0.000,27833
1853,4.82655,4.81668,2.544e-04,0.616,0.000,27839
1854,4.85068,4.81668,2.541e-04,0.674,0.000,27864
1855,4.73388,4.81668,2.538e-04,0.615,0.000,27962
1856,4.82181,4.81668,2.535e-04,0.654,0.000,27846
1857,4.94365,4.81668,2.532e-04,0.645,0.000,27822
1858,4.77683,4.81668,2.529e-04,0.621,0.000,27826
1859,4.64182,4.81668,2.526e-04,0.649,0.000,27812
1860,4.84817,4.81668,2.523e-04,0.636,0.000,27891
1861,4.73047,4.81668,2.521e-04,0.635,0.000,27941
1862,4.72642,4.81668,2.518e-04,0.629,0.000,27804
1863,4.59130,4.81668,2.515e-04,0.639,0.000,27837
1864,4.81936,4.81668,2.512e-04,0.648,0.000,27796
1865,4.84364,4.81668,2.509e-04,0.677,0.000,27839
1866,4.79256,4.81668,2.506e-04,0.645,0.000,27937
1867,4.72951,4.81668,2.503e-04,0.666,0.000,27935
1868,4.68145,4.81668,2.500e-04,0.621,0.000,27818
1869,4.74642,4.81668,2.497e-04,0.618,0.000,27836
1870,4.68857,4.81668,2.495e-04,0.621,0.000,27811
1871,4.86696,4.81668,2.492e-04,0.590,0.000,27850
1872,4.93651,4.81668,2.489e-04,0.580,0.000,27956
1873,4.58564,4.81668,2.486e-04,0.616,0.000,27872
1874,4.80226,4.81668,2.483e-04,0.600,0.000,27836
1875,4.83443,4.81668,2.480e-04,0.653,0.000,27800
1876,4.86961,4.81668,2.477e-04,0.651,0.000,27797
1877,4.76160,4.81668,2.474e-04,0.619,0.000,27864
1878,4.67625,4.81668,2.471e-04,0.683,0.000,27938
1879,4.80162,4.81668,2.469e-04,0.615,0.000,27817
1880,4.76851,4.81668,2.466e-04,0.622,0.000,27840
1881,4.62735,4.81668,2.463e-04,0.624,0.000,27844
1882,4.80838,4.81668,2.460e-04,0.628,0.000,27818
1883,4.96778,4.81668,2.457e-04,0.645,0.000,27935
1884,4.47267,4.81668,2.454e-04,0.600,0.000,27906
1885,4.87592,4.81668,2.451e-04,0.639,0.000,27798
1886,4.80427,4.81668,2.448e-04,0.637,0.000,27856
1887,4.88469,4.81668,2.446e-04,0.640,0.000,27835
1888,4.49667,4.81668,2.443e-04,0.672,0.000,27812
1889,4.56605,4.81668,2.440e-04,0.618,0.000,28016
1890,4.82012,4.81668,2.437e-04,0.622,0.000,27865
1891,4.44914,4.81668,2.434e-04,0.664,0.000,27807
1892,4.65807,4.81668,2.431e-04,0.617,0.000,27828
1893,4.78283,4.81668,2.428e-04,0.633,0.000,27816
1894,4.99400,4.81668,2.425e-04,0.676,0.000,27863
1895,4.74379,4.81668,2.423e-04,0.650,0.000,27994
1896,4.65220,4.81668,2.420e-04,0.618,0.000,27832
1897,4.64420,4.81668,2.417e-04,0.673,0.000,27785
1898,4.75856,4.81668,2.414e-04,0.658,0.000,27775
1899,4.83945,4.81668,2.411e-04,0.617,0.000,27861
1900,4.68517,4.81668,2.408e-04,0.627,0.000,27944
1901,4.66201,4.81668,2.405e-04,0.593,0.000,27895
1902,4.63261,4.81668,2.403e-04,0.618,0.000,27801
1903,4.57546,4.81668,2.400e-04,0.636,0.000,27834
1904,4.77324,4.81668,2.397e-04,0.672,0.000,27828
1905,4.70077,4.81668,2.394e-04,0.647,0.000,27870
1906,4.87048,4.81668,2.391e-04,0.616,0.000,27965
1907,4.74366,4.81668,2.388e-04,0.619,0.000,27891
1908,4.63478,4.81668,2.385e-04,0.643,0.000,27807
1909,4.87173,4.81668,2.383e-04,0.626,0.000,27809
1910,4.57038,4.81668,2.380e-04,0.636,0.000,27838
1911,4.76321,4.81668,2.377e-04,0.624,0.000,27877
1912,4.81800,4.81668,2.374e-04,0.664,0.000,28034
1913,4.96079,4.81668,2.371e-04,0.676,0.000,27835
1914,4.56161,4.81668,2.368e-04,0.671,0.000,27840
1915,4.76465,4.81668,2.365e-04,0.632,0.000,27845
1916,4.75622,4.81668,2.363e-04,0.651,0.000,27772
1917,4.88580,4.81668,2.360e-04,0.633,0.000,27963
1918,4.75082,4.81668,2.357e-04,0.605,0.000,27938
1919,4.65651,4.81668,2.354e-04,0.672,0.000,27843
1920,4.79051,4.81668,2.351e-04,0.624,0.000,27841
1921,4.69295,4.81668,2.348e-04,0.639,0.000,27836
1922,4.70537,4.81668,2.346e-04,0.632,0.000,27844
1923,4.85579,4.81668,2.343e-04,0.666,0.000,27981
1924,4.77368,4.81668,2.340e-04,0.599,0.000,27899
1925,4.82270,4.81668,2.337e-04,0.640,0.000,27811
1926,4.73764,4.81668,2.334e-04,0.653,0.000,27838
1927,4.71763,4.81668,2.331e-04,0.640,0.000,27823
1928,4.72590,4.81668,2.329e-04,0.632,0.000,27867
1929,4.83118,4.81668,2.326e-04,0.618,0.000,27970
1930,4.69631,4.81668,2.323e-04,0.623,0.000,27816
1931,4.76972,4.81668,2.320e-04,0.654,0.000,27849
1932,4.90607,4.81668,2.317e-04,0.620,0.000,27812
1933,4.82119,4.81668,2.315e-04,0.635,0.000,27816
1934,4.74621,4.81668,2.312e-04,0.632,0.000,27932
1935,4.77862,4.81668,2.309e-04,0.653,0.000,27967
1936,4.70723,4.81668,2.306e-04,0.607,0.000,27832
1937,4.89508,4.81668,2.303e-04,0.652,0.000,27807
1938,4.69267,4.81668,2.300e-04,0.635,0.000,27811
1939,4.77680,4.81668,2.298e-04,0.598,0.000,27816
1940,4.58219,4.81668,2.295e-04,0.635,0.000,27990
1941,4.60899,4.81668,2.292e-04,0.664,0.000,27881
1942,4.83694,4.81668,2.289e-04,0.622,0.000,27848
1943,4.77406,4.81668,2.286e-04,0.619,0.000,27815
1944,4.59893,4.81668,2.284e-04,0.666,0.000,27825
1945,4.79164,4.81668,2.281e-04,0.602,0.000,27882
1946,4.67098,4.81668,2.278e-04,0.583,0.000,27992
1947,4.93101,4.81668,2.275e-04,0.652,0.000,27825
1948,4.69993,4.81668,2.272e-04,0.620,0.000,27804
1949,4.81922,4.81668,2.270e-04,0.689,0.000,27825
1950,4.65340,4.81668,2.267e-04,0.617,0.000,27831
1951,4.71312,4.81668,2.264e-04,0.623,0.000,27936
1952,4.72067,4.81668,2.261e-04,0.615,0.000,27937
1953,4.89405,4.81668,2.258e-04,0.630,0.000,27844
1954,4.78530,4.81668,2.256e-04,0.659,0.000,27794
1955,4.75753,4.81668,2.253e-04,0.662,0.000,27840
1956,4.70386,4.81668,2.250e-04,0.655,0.000,27836
1957,4.65148,4.81668,2.247e-04,0.606,0.000,27991
1958,4.64249,4.81668,2.244e-04,0.607,0.000,27903
1959,4.77948,4.81668,2.242e-04,0.646,0.000,27848
1960,4.88853,4.81668,2.239e-04,0.614,0.000,27811
1961,4.58950,4.81668,2.236e-04,0.632,0.000,27841
1962,4.72509,4.81668,2.233e-04,0.590,0.000,27838
1963,4.77102,4.81668,2.230e-04,0.653,0.000,27973
1964,4.80825,4.81668,2.228e-04,0.613,0.000,27862
1965,4.71890,4.81668,2.225e-04,0.625,0.000,27839
1966,4.61105,4.81668,2.222e-04,0.681,0.000,27796
1967,4.83656,4.81668,2.219e-04,0.660,0.000,27843
1968,4.68943,4.81668,2.217e-04,0.626,0.000,27910
1969,4.58554,4.81668,2.214e-04,0.670,0.000,27923
1970,4.63233,4.81668,2.211e-04,0.628,0.000,27811
1971,4.63543,4.81668,2.208e-04,0.622,0.000,27836
1972,4.71505,4.81668,2.206e-04,0.613,0.000,27822
1973,4.67397,4.81668,2.203e-04,0.599,0.000,27824
1974,4.75966,4.81668,2.200e-04,0.634,0.000,27964
1975,4.89788,4.81668,2.197e-04,0.654,0.000,27908
1976,4.99033,4.81668,2.194e-04,0.641,0.000,27787
1977,4.58102,4.81668,2.192e-04,0.628,0.000,27837
1978,4.68892,4.81668,2.189e-04,0.699,0.000,27813
1979,4.62303,4.81668,2.186e-04,0.637,0.000,27855
1980,4.67404,4.81668,2.183e-04,0.691,0.000,27984
1981,4.74314,4.81668,2.181e-04,0.650,0.000,27911
1982,4.78315,4.81668,2.178e-04,0.677,0.000,27808
1983,4.68124,4.81668,2.175e-04,0.642,0.000,27822
1984,4.89479,4.81668,2.172e-04,0.652,0.000,27824
1985,4.74550,4.81668,2.170e-04,0.636,0.000,27932
1986,4.78614,4.81668,2.167e-04,0.650,0.000,27969
1987,4.71487,4.81668,2.164e-04,0.663,0.000,27813
1988,4.74553,4.81668,2.161e-04,0.582,0.000,27812
1989,4.76798,4.81668,2.159e-04,0.659,0.000,27839
1990,4.75680,4.81668,2.156e-04,0.655,0.000,27824
1991,4.61749,4.81668,2.153e-04,0.629,0.000,27975
1992,4.66624,4.81668,2.150e-04,0.671,0.000,27921
1993,4.68913,4.81668,2.148e-04,0.658,0.000,27797
1994,4.66752,4.81668,2.145e-04,0.624,0.000,27826
1995,4.66725,4.81668,2.142e-04,0.648,0.000,27827
1996,4.94573,4.81668,2.139e-04,0.674,0.000,27850
1997,4.70531,4.81668,2.137e-04,0.646,0.000,27976
1998,4.84806,4.81668,2.134e-04,0.672,0.000,27883
1999,4.75443,4.81668,2.131e-04,0.643,0.000,27815
2000,4.86302,4.73951,2.129e-04,0.636,0.000,8653
2001,4.70068,4.73951,2.126e-04,0.618,0.000,28539
2002,4.69658,4.73951,2.123e-04,0.661,0.000,27824
2003,4.62777,4.73951,2.120e-04,0.631,0.000,27831
2004,4.78187,4.73951,2.118e-04,0.658,0.000,27840
2005,4.82394,4.73951,2.115e-04,0.652,0.000,27975
2006,4.85776,4.73951,2.112e-04,0.638,0.000,27858
2007,4.79916,4.73951,2.109e-04,0.652,0.000,27850
2008,4.63837,4.73951,2.107e-04,0.650,0.000,27810
2009,4.60309,4.73951,2.104e-04,0.636,0.000,27838
2010,4.76943,4.73951,2.101e-04,0.673,0.000,27880
2011,4.73287,4.73951,2.099e-04,0.630,0.000,27989
2012,4.53390,4.73951,2.096e-04,0.646,0.000,27840
2013,4.69898,4.73951,2.093e-04,0.662,0.000,27820
2014,4.77682,4.73951,2.090e-04,0.644,0.000,27786
2015,4.70218,4.73951,2.088e-04,0.613,0.000,27831
2016,4.73505,4.73951,2.085e-04,0.611,0.000,27974
2017,4.67979,4.73951,2.082e-04,0.641,0.000,27915
2018,4.62556,4.73951,2.080e-04,0.626,0.000,27855
2019,4.77532,4.73951,2.077e-04,0.634,0.000,27830
2020,4.78653,4.73951,2.074e-04,0.659,0.000,27808
2021,4.65243,4.73951,2.072e-04,0.594,0.000,27851
2022,4.63049,4.73951,2.069e-04,0.625,0.000,27988
2023,4.77118,4.73951,2.066e-04,0.653,0.000,27870
2024,4.66838,4.73951,2.063e-04,0.649,0.000,27841
2025,4.48540,4.73951,2.061e-04,0.639,0.000,27813
2026,4.70767,4.73951,2.058e-04,0.629,0.000,27819
2027,4.83703,4.73951,2.055e-04,0.657,0.000,27888
2028,4.76667,4.73951,2.053e-04,0.642,0.000,28001
2029,4.54513,4.73951,2.050e-04,0.636,0.000,27804
2030,4.74623,4.73951,2.047e-04,0.654,0.000,27837
2031,4.78525,4.73951,2.045e-04,0.665,0.000,27820
2032,4.73199,4.73951,2.042e-04,0.661,0.000,27795
2033,4.63500,4.73951,2.039e-04,0.608,0.000,27950
2034,4.66821,4.73951,2.037e-04,0.643,0.000,27926
2035,4.71407,4.73951,2.034e-04,0.678,0.000,27840
2036,4.58530,4.73951,2.031e-04,0.653,0.000,27845
2037,4.73282,4.73951,2.029e-04,0.665,0.000,27805
2038,4.74676,4.73951,2.026e-04,0.632,0.000,27822
2039,4.67593,4.73951,2.023e-04,0.602,0.000,27952
2040,4.88497,4.73951,2.021e-04,0.681,0.000,27827
2041,4.45028,4.73951,2.018e-04,0.627,0.000,27870
2042,4.58446,4.73951,2.015e-04,0.631,0.000,27825
2043,4.79635,4.73951,2.013e-04,0.670,0.000,27812
2044,4.67056,4.73951,2.010e-04,0.680,0.000,27895
2045,4.83835,4.73951,2.007e-04,0.669,0.000,27977
2046,4.61585,4.73951,2.005e-04,0.695,0.000,27826
2047,4.68702,4.73951,2.002e-04,0.699,0.000,27817
2048,4.80999,4.73951,1.999e-04,0.643,0.000,27831
2049,4.65028,4.73951,1.997e-04,0.647,0.000,27833
2050,4.78219,4.73951,1.994e-04,0.702,0.000,27937
2051,4.69234,4.73951,1.991e-04,0.700,0.000,27925
2052,4.72659,4.73951,1.989e-04,0.626,0.000,27895
2053,4.67801,4.73951,1.986e-04,0.636,0.000,27843
2054,4.43671,4.73951,1.983e-04,0.676,0.000,27889
2055,4.75341,4.73951,1.981e-04,0.676,0.000,27835
2056,4.84375,4.73951,1.978e-04,0.679,0.000,27983
2057,4.66347,4.73951,1.975e-04,0.634,0.000,27836
2058,4.67700,4.73951,1.973e-04,0.653,0.000,27851
2059,4.83693,4.73951,1.970e-04,0.664,0.000,27805
2060,4.65338,4.73951,1.968e-04,0.665,0.000,27804
2061,4.76128,4.73951,1.965e-04,0.637,0.000,27850
2062,4.62400,4.73951,1.962e-04,0.634,0.000,27998
2063,4.66745,4.73951,1.960e-04,0.673,0.000,27833
2064,4.54463,4.73951,1.957e-04,0.659,0.000,27853
2065,4.75271,4.73951,1.954e-04,0.707,0.000,27820
2066,4.70415,4.73951,1.952e-04,0.629,0.000,27778
2067,4.85307,4.73951,1.949e-04,0.678,0.000,27937
2068,4.55803,4.73951,1.947e-04,0.663,0.000,27927
2069,4.65191,4.73951,1.944e-04,0.687,0.000,27839
2070,4.49809,4.73951,1.941e-04,0.636,0.000,27812
2071,4.52568,4.73951,1.939e-04,0.658,0.000,27854
2072,4.64316,4.73951,1.936e-04,0.712,0.000,27793
2073,4.71882,4.73951,1.933e-04,0.624,0.000,27988
2074,4.60602,4.73951,1.931e-04,0.710,0.000,27882
2075,4.75039,4.73951,1.928e-04,0.677,0.000,27826
2076,4.74332,4.73951,1.926e-04,0.684,0.000,27815
2077,4.69779,4.73951,1.923e-04,0.630,0.000,27835
2078,4.80380,4.73951,1.920e-04,0.673,0.000,27840
2079,4.84788,4.73951,1.918e-04,0.652,0.000,27997
2080,4.78284,4.73951,1.915e-04,0.654,0.000,27876
2081,4.63255,4.73951,1.913e-04,0.682,0.000,27840
2082,4.58563,4.73951,1.910e-04,0.665,0.000,27811
2083,4.59461,4.73951,1.907e-04,0.692,0.000,27843
2084,4.64314,4.73951,1.905e-04,0.639,0.000,27947
2085,4.63441,4.73951,1.902e-04,0.677,0.000,27930
2086,4.67606,4.73951,1.900e-04,0.653,0.000,27833
2087,4.88142,4.73951,1.897e-04,0.694,0.000,27813
2088,4.73485,4.73951,1.894e-04,0.611,0.000,27815
2089,4.68531,4.73951,1.892e-04,0.644,0.000,27839
2090,4.84003,4.73951,1.889e-04,0.656,0.000,27964
2091,4.67837,4.73951,1.887e-04,0.644,0.000,27883
2092,4.62672,4.73951,1.884e-04,0.594,0.000,27853
2093,4.72620,4.73951,1.882e-04,0.650,0.000,27810
2094,4.78109,4.73951,1.879e-04,0.649,0.000,27786
2095,4.65734,4.73951,1.876e-04,0.603,0.000,27852
2096,4.67160,4.73951,1.874e-04,0.630,0.000,28001
2097,4.80012,4.73951,1.871e-04,0.672,0.000,27826
2098,4.65480,4.73951,1.869e-04,0.682,0.000,27830
2099,4.73499,4.73951,1.866e-04,0.624,0.000,27839
2100,4.73200,4.73951,1.864e-04,0.610,0.000,27830
2101,4.75531,4.73951,1.861e-04,0.613,0.000,27904
2102,4.65755,4.73951,1.858e-04,0.620,0.000,27923
2103,4.72286,4.73951,1.856e-04,0.650,0.000,27818
2104,4.67144,4.73951,1.853e-04,0.585,0.000,27806
2105,4.71235,4.73951,1.851e-04,0.659,0.000,27833
2106,4.56756,4.73951,1.848e-04,0.619,0.000,27807
2107,4.71322,4.73951,1.846e-04,0.639,0.000,27996
2108,4.72534,4.73951,1.843e-04,0.636,0.000,27895
2109,4.49146,4.73951,1.841e-04,0.653,0.000,27840
2110,4.65487,4.73951,1.838e-04,0.654,0.000,27807
2111,4.61749,4.73951,1.835e-04,0.654,0.000,27810
2112,4.68162,4.73951,1.833e-04,0.659,0.000,27858
2113,4.56432,4.73951,1.830e-04,0.658,0.000,28009
2114,4.47021,4.73951,1.828e-04,0.624,0.000,27833
2115,4.75559,4.73951,1.825e-04,0.634,0.000,27837
2116,4.82989,4.73951,1.823e-04,0.638,0.000,27816
2117,4.78948,4.73951,1.820e-04,0.651,0.000,27788
2118,4.76300,4.73951,1.818e-04,0.645,0.000,27949
2119,4.68620,4.73951,1.815e-04,0.644,0.000,27945
2120,4.78523,4.73951,1.813e-04,0.647,0.000,27849
2121,4.74197,4.73951,1.810e-04,0.653,0.000,27854
2122,4.80033,4.73951,1.808e-04,0.603,0.000,27792
2123,4.85634,4.73951,1.805e-04,0.697,0.000,27800
2124,4.68490,4.73951,1.802e-04,0.620,0.000,27975
2125,4.79828,4.73951,1.800e-04,0.672,0.000,27881
2126,4.70025,4.73951,1.797e-04,0.664,0.000,27820
2127,4.66248,4.73951,1.795e-04,0.624,0.000,27815
2128,4.90029,4.73951,1.792e-04,0.638,0.000,27853
2129,4.56345,4.73951,1.790e-04,0.642,0.000,27857
2130,4.40861,4.73951,1.787e-04,0.653,0.000,27970
2131,4.62189,4.73951,1.785e-04,0.659,0.000,27854
2132,4.47354,4.73951,1.782e-04,0.622,0.000,27829
2133,4.53315,4.73951,1.780e-04,0.631,0.000,27810
2134,4.63368,4.73951,1.777e-04,0.621,0.000,27814
2135,4.69144,4.73951,1.775e-04,0.634,0.000,27902
2136,4.66265,4.73951,1.772e-04,0.659,0.000,27956
2137,4.64218,4.73951,1.770e-04,0.620,0.000,27836
2138,4.76523,4.73951,1.767e-04,0.636,0.000,27826
2139,4.85462,4.73951,1.765e-04,0.642,0.000,27793
2140,4.72403,4.73951,1.762e-04,0.698,0.000,27822
2141,4.80809,4.73951,1.760e-04,0.679,0.000,27905
2142,4.46143,4.73951,1.757e-04,0.631,0.000,27893
2143,4.83392,4.73951,1.755e-04,0.634,0.000,27835
2144,4.77650,4.73951,1.752e-04,0.670,0.000,27852
2145,4.53646,4.73951,1.750e-04,0.694,0.000,27836
2146,4.50388,4.73951,1.747e-04,0.653,0.000,27842
2147,4.61094,4.73951,1.745e-04,0.665,0.000,27980
2148,4.83743,4.73951,1.743e-04,0.671,0.000,27870
2149,4.56607,4.73951,1.740e-04,0.666,0.000,27801
2150,4.62882,4.73951,1.738e-04,0.683,0.000,27849
2151,4.73887,4.73951,1.735e-04,0.718,0.000,27818
2152,4.61773,4.73951,1.733e-04,0.619,0.000,27916
2153,4.66359,4.73951,1.730e-04,0.663,0.000,27970
2154,4.58830,4.73951,1.728e-04,0.651,0.000,27855
2155,4.62678,4.73951,1.725e-04,0.673,0.000,27801
2156,4.77218,4.73951,1.723e-04,0.629,0.000,27846
2157,4.69078,4.73951,1.720e-04,0.657,0.000,27825
2158,4.65055,4.73951,1.718e-04,0.653,0.000,27956
2159,4.63302,4.73951,1.715e-04,0.687,0.000,27890
2160,4.73192,4.73951,1.713e-04,0.658,0.000,27803
2161,4.70793,4.73951,1.711e-04,0.679,0.000,27883
2162,4.69737,4.73951,1.708e-04,0.626,0.000,27821
2163,4.51168,4.73951,1.706e-04,0.646,0.000,27845
2164,4.73349,4.73951,1.703e-04,0.634,0.000,27968
2165,4.68763,4.73951,1.701e-04,0.672,0.000,27874
2166,4.90573,4.73951,1.698e-04,0.629,0.000,27840
2167,4.68585,4.73951,1.696e-04,0.617,0.000,27822
2168,4.79267,4.73951,1.693e-04,0.675,0.000,27849
2169,4.66226,4.73951,1.691e-04,0.648,0.000,27895
2170,4.71923,4.73951,1.689e-04,0.656,0.000,27957
2171,4.76675,4.73951,1.686e-04,0.630,0.000,27827
2172,4.70658,4.73951,1.684e-04,0.666,0.000,27821
2173,4.49147,4.73951,1.681e-04,0.662,0.000,27794
2174,4.85019,4.73951,1.679e-04,0.656,0.000,27804
2175,4.66602,4.73951,1.676e-04,0.630,0.000,27955
2176,4.79885,4.73951,1.674e-04,0.642,0.000,27971
2177,4.58382,4.73951,1.672e-04,0.625,0.000,27825
2178,4.79265,4.73951,1.669e-04,0.640,0.000,27833
2179,4.81328,4.73951,1.667e-04,0.626,0.000,27816
2180,4.64357,4.73951,1.664e-04,0.710,0.000,27825
2181,4.72561,4.73951,1.662e-04,0.612,0.000,27945
2182,4.80588,4.73951,1.660e-04,0.638,0.000,27897
2183,4.73673,4.73951,1.657e-04,0.664,0.000,27831
2184,4.70891,4.73951,1.655e-04,0.666,0.000,27832
2185,4.40821,4.73951,1.652e-04,0.793,0.000,27850
2186,4.54493,4.73951,1.650e-04,0.636,0.000,27913
2187,4.68238,4.73951,1.648e-04,0.649,0.000,28004
2188,4.68707,4.73951,1.645e-04,0.757,0.000,27827
2189,4.79892,4.73951,1.643e-04,0.677,0.000,27835
2190,4.72727,4.73951,1.640e-04,0.642,0.000,27820
2191,4.70125,4.73951,1.638e-04,0.644,0.000,27851
2192,4.67064,4.73951,1.636e-04,0.655,0.000,27938
2193,4.69380,4.73951,1.633e-04,0.616,0.000,27927
2194,4.72831,4.73951,1.631e-04,0.645,0.000,27798
2195,4.67189,4.73951,1.628e-04,0.655,0.000,27847
2196,4.69014,4.73951,1.626e-04,0.653,0.000,27817
2197,4.66815,4.73951,1.624e-04,0.683,0.000,27810
2198,4.61281,4.73951,1.621e-04,0.668,0.000,28015
2199,4.63377,4.73951,1.619e-04,0.610,0.000,27875
2200,4.68113,4.73951,1.617e-04,0.648,0.000,27842
2201,4.93844,4.73951,1.614e-04,0.697,0.000,27831
2202,4.62761,4.73951,1.612e-04,0.629,0.000,27829
2203,4.55027,4.73951,1.609e-04,0.635,0.000,27890
2204,4.52814,4.73951,1.607e-04,0.677,0.000,27984
2205,4.75747,4.73951,1.605e-04,0.665,0.000,27819
2206,4.64269,4.73951,1.602e-04,0.664,0.000,27850
2207,4.78596,4.73951,1.600e-04,0.649,0.000,27809
2208,4.69958,4.73951,1.598e-04,0.662,0.000,27859
2209,4.81460,4.73951,1.595e-04,0.649,0.000,27956
2210,4.44842,4.73951,1.593e-04,0.629,0.000,27924
2211,4.65026,4.73951,1.591e-04,0.616,0.000,27846
2212,4.74634,4.73951,1.588e-04,0.633,0.000,27836
2213,4.44713,4.73951,1.586e-04,0.778,0.000,27836
2214,4.59720,4.73951,1.584e-04,0.661,0.000,27853
2215,4.54258,4.73951,1.581e-04,0.665,0.000,27988
2216,4.55177,4.73951,1.579e-04,0.630,0.000,27899
2217,4.57123,4.73951,1.577e-04,0.697,0.000,27827
2218,4.60266,4.73951,1.574e-04,0.677,0.000,27797
2219,4.48737,4.73951,1.572e-04,0.665,0.000,27866
2220,4.71988,4.73951,1.570e-04,0.678,0.000,27849
2221,4.65718,4.73951,1.567e-04,0.676,0.000,27947
2222,4.65985,4.73951,1.565e-04,0.653,0.000,27833
2223,4.59754,4.73951,1.563e-04,0.617,0.000,27821
2224,4.77228,4.73951,1.560e-04,0.674,0.000,27832
2225,4.49079,4.73951,1.558e-04,0.691,0.000,27823
2226,4.69269,4.73951,1.556e-04,0.692,0.000,27908
2227,4.70860,4.73951,1.553e-04,0.690,0.000,27994
2228,4.45333,4.73951,1.551e-04,0.657,0.000,27798
2229,4.64619,4.73951,1.549e-04,0.664,0.000,27872
2230,4.59291,4.73951,1.546e-04,0.671,0.000,27816
2231,4.63515,4.73951,1.544e-04,0.667,0.000,27815
2232,4.64016,4.73951,1.542e-04,0.658,0.000,27986
2233,4.76928,4.73951,1.540e-04,0.651,0.000,27893
2234,4.70545,4.73951,1.537e-04,0.665,0.000,27821
2235,4.72425,4.73951,1.535e-04,0.695,0.000,27841
2236,4.49328,4.73951,1.533e-04,0.649,0.000,27837
2237,4.59225,4.73951,1.530e-04,0.648,0.000,27853
2238,4.77963,4.73951,1.528e-04,0.717,0.000,28013
2239,4.74866,4.73951,1.526e-04,0.647,0.000,27839
2240,4.74783,4.73951,1.524e-04,0.661,0.000,27829
2241,4.66046,4.73951,1.521e-04,0.695,0.000,27832
2242,4.69026,4.73951,1.519e-04,0.649,0.000,27822
2243,4.84791,4.73951,1.517e-04,0.664,0.000,27928
2244,4.57845,4.73951,1.514e-04,0.619,0.000,27990
2245,4.48314,4.73951,1.512e-04,0.636,0.000,27786
2246,4.60611,4.73951,1.510e-04,0.676,0.000,27822
2247,4.67377,4.73951,1.508e-04,0.663,0.000,27845
2248,4.75520,4.73951,1.505e-04,0.684,0.000,27833
2249,4.79361,4.73951,1.503e-04,0.693,0.000,27980
2250,4.83008,4.67107,1.501e-04,0.645,0.000,8637
2251,4.76773,4.67107,1.499e-04,0.654,0.000,28572
2252,4.63209,4.67107,1.496e-04,0.708,0.000,27968
2253,4.78327,4.67107,1.494e-04,0.612,0.000,27808
2254,4.65557,4.67107,1.492e-04,0.672,0.000,27824
2255,4.63876,4.67107,1.490e-04,0.666,0.000,27844
2256,4.69518,4.67107,1.487e-04,0.729,0.000,27809
2257,4.68610,4.67107,1.485e-04,0.638,0.000,27959
2258,4.84123,4.67107,1.483e-04,0.709,0.000,27886
2259,4.45830,4.67107,1.481e-04,0.741,0.000,27815
2260,4.50006,4.67107,1.478e-04,0.660,0.000,27785
2261,4.72973,4.67107,1.476e-04,0.673,0.000,27823
2262,4.57484,4.67107,1.474e-04,0.698,0.000,27866
2263,4.63797,4.67107,1.472e-04,0.653,0.000,27965
2264,4.72972,4.67107,1.469e-04,0.701,0.000,27848
2265,4.66639,4.67107,1.467e-04,0.668,0.000,27854
2266,4.61206,4.67107,1.465e-04,0.669,0.000,27814
2267,4.62343,4.67107,1.463e-04,0.657,0.000,27795
2268,4.71620,4.67107,1.461e-04,0.653,0.000,27898
2269,4.57969,4.67107,1.458e-04,0.639,0.000,27952
2270,4.77796,4.67107,1.456e-04,0.662,0.000,27812
2271,4.81913,4.67107,1.454e-04,0.651,0.000,27814
2272,4.76838,4.67107,1.452e-04,0.630,0.000,27824
2273,4.64340,4.67107,1.450e-04,0.629,0.000,27822
2274,4.73019,4.67107,1.447e-04,0.628,0.000,27939
2275,4.66035,4.67107,1.445e-04,0.649,0.000,27932
2276,4.81310,4.67107,1.443e-04,0.671,0.000,27804
2277,4.67509,4.67107,1.441e-04,0.643,0.000,27783
2278,4.73888,4.67107,1.439e-04,0.649,0.000,27824
2279,4.74708,4.67107,1.436e-04,0.697,0.000,27859
2280,4.50324,4.67107,1.434e-04,0.696,0.000,27979
2281,4.55627,4.67107,1.432e-04,0.682,0.000,27890
2282,4.73919,4.67107,1.430e-04,0.618,0.000,27855
2283,4.63417,4.67107,1.428e-04,0.661,0.000,27805
2284,4.76159,4.67107,1.425e-04,0.659,0.000,27844
2285,4.58069,4.67107,1.423e-04,0.641,0.000,27903
2286,4.66935,4.67107,1.421e-04,0.652,0.000,27961
2287,4.66181,4.67107,1.419e-04,0.669,0.000,27814
2288,4.72055,4.67107,1.417e-04,0.664,0.000,27834
2289,4.65827,4.67107,1.415e-04,0.640,0.000,27865
2290,4.65078,4.67107,1.412e-04,0.718,0.000,27799
2291,4.67343,4.67107,1.410e-04,0.674,0.000,27956
2292,4.59602,4.67107,1.408e-04,0.669,0.000,27910
2293,4.44624,4.67107,1.406e-04,0.658,0.000,27785
2294,4.48336,4.67107,1.404e-04,0.651,0.000,27838
2295,4.56656,4.67107,1.402e-04,0.686,0.000,27817
2296,4.47314,4.67107,1.399e-04,0.677,0.000,27849
2297,4.70298,4.67107,1.397e-04,0.645,0.000,27992
2298,4.67693,4.67107,1.395e-04,0.661,0.000,27881
2299,4.73366,4.67107,1.393e-04,0.652,0.000,27796
2300,4.91440,4.67107,1.391e-04,0.647,0.000,27813
2301,4.57053,4.67107,1.389e-04,0.677,0.000,27844
2302,4.50696,4.67107,1.387e-04,0.681,0.000,27918
2303,4.64697,4.67107,1.384e-04,0.659,0.000,28006
2304,4.77728,4.67107,1.382e-04,0.664,0.000,27819
2305,4.70857,4.67107,1.380e-04,0.686,0.000,27826
2306,4.78307,4.67107,1.378e-04,0.660,0.000,27831
2307,4.53912,4.67107,1.376e-04,0.655,0.000,27837
2308,4.78154,4.67107,1.374e-04,0.692,0.000,27956
2309,4.68482,4.67107,1.372e-04,0.646,0.000,27954
2310,4.57683,4.67107,1.370e-04,0.684,0.000,27785
2311,4.61202,4.67107,1.367e-04,0.640,0.000,27799
2312,4.52821,4.67107,1.365e-04,0.700,0.000,27852
2313,4.69100,4.67107,1.363e-04,0.669,0.000,27810
2314,4.69284,4.67107,1.361e-04,0.703,0.000,27975
2315,4.74875,4.67107,1.359e-04,0.639,0.000,27882
2316,4.55870,4.67107,1.357e-04,0.647,0.000,27818
2317,4.71404,4.67107,1.355e-04,0.677,0.000,27822
2318,4.68463,4.67107,1.353e-04,0.659,0.000,27815
2319,4.59217,4.67107,1.351e-04,0.677,0.000,27879
2320,4.62999,4.67107,1.348e-04,0.694,0.000,27969
2321,4.54330,4.67107,1.346e-04,0.670,0.000,27897
2322,4.64038,4.67107,1.344e-04,0.692,0.000,27854
2323,4.57762,4.67107,1.342e-04,0.661,0.000,27794
2324,4.73828,4.67107,1.340e-04,0.628,0.000,27842
2325,4.66324,4.67107,1.338e-04,0.688,0.000,27902
2326,4.80832,4.67107,1.336e-04,0.679,0.000,27933
2327,4.73068,4.67107,1.334e-04,0.663,0.000,27810
2328,4.59495,4.67107,1.332e-04,0.645,0.000,27844
2329,4.66960,4.67107,1.330e-04,0.666,0.000,27816
2330,4.71952,4.67107,1.328e-04,0.670,0.000,27847
2331,4.61078,4.67107,1.326e-04,0.640,0.000,28003
2332,4.65815,4.67107,1.324e-04,0.668,0.000,27873
2333,4.55869,4.67107,1.321e-04,0.615,0.000,27841
2334,4.70370,4.67107,1.319e-04,0.687,0.000,27841
2335,4.69563,4.67107,1.317e-04,0.667,0.000,27782
2336,4.66713,4.67107,1.315e-04,0.652,0.000,27898
2337,4.65435,4.67107,1.313e-04,0.621,0.000,27993
2338,4.64166,4.67107,1.311e-04,0.679,0.000,27824
2339,4.65424,4.67107,1.309e-04,0.649,0.000,27831
2340,4.51839,4.67107,1.307e-04,0.647,0.000,27810
2341,4.65943,4.67107,1.305e-04,0.705,0.000,27833
2342,4.47802,4.67107,1.303e-04,0.642,0.000,27931
2343,4.65547,4.67107,1.301e-04,0.672,0.000,27942
2344,4.57770,4.67107,1.299e-04,0.654,0.000,27825
2345,4.63839,4.67107,1.297e-04,0.698,0.000,27804
2346,4.70264,4.67107,1.295e-04,0.657,0.000,27857
2347,4.81802,4.67107,1.293e-04,0.642,0.000,27807
2348,4.52655,4.67107,1.291e-04,0.660,0.000,27976
2349,4.55550,4.67107,1.289e-04,0.658,0.000,27871
2350,4.71224,4.67107,1.287e-04,0.695,0.000,27866
2351,4.60456,4.67107,1.285e-04,0.687,0.000,27837
2352,4.79550,4.67107,1.283e-04,0.679,0.000,27848
2353,4.59170,4.67107,1.281e-04,0.674,0.000,27868
2354,4.72908,4.67107,1.279e-04,0.647,0.000,27993
2355,4.54517,4.67107,1.277e-04,0.634,0.000,27852
2356,4.51969,4.67107,1.275e-04,0.716,0.000,27838
2357,4.59413,4.67107,1.273e-04,0.669,0.000,27822
2358,4.47550,4.67107,1.271e-04,0.708,0.000,27814
2359,4.59387,4.67107,1.269e-04,0.695,0.000,27898
2360,4.64185,4.67107,1.267e-04,0.649,0.000,27979
2361,4.58733,4.67107,1.265e-04,0.635,0.000,27878
2362,4.51464,4.67107,1.263e-04,0.727,0.000,27822
2363,4.65313,4.67107,1.261e-04,0.706,0.000,27811
2364,4.56662,4.67107,1.259e-04,0.647,0.000,27843
2365,4.71322,4.67107,1.257e-04,0.690,0.000,28009
2366,4.83610,4.67107,1.255e-04,0.637,0.000,27906
2367,4.57858,4.67107,1.253e-04,0.656,0.000,27830
2368,4.50627,4.67107,1.251e-04,0.667,0.000,27821
2369,4.64583,4.67107,1.249e-04,0.673,0.000,27812
2370,4.53850,4.67107,1.247e-04,0.702,0.000,27873
2371,4.87056,4.67107,1.245e-04,0.711,0.000,28001
2372,4.57252,4.67107,1.243e-04,0.700,0.000,27846
2373,4.76452,4.67107,1.241e-04,0.698,0.000,27829
2374,4.66437,4.67107,1.239e-04,0.658,0.000,27826
2375,4.69147,4.67107,1.237e-04,0.693,0.000,27815
2376,4.62747,4.67107,1.235e-04,0.660,0.000,27918
2377,4.69616,4.67107,1.233e-04,0.698,0.000,27957
2378,4.51487,4.67107,1.231e-04,0.670,0.000,27807
2379,4.61554,4.67107,1.229e-04,0.655,0.000,27809
2380,4.54610,4.67107,1.227e-04,0.659,0.000,27843
2381,4.51911,4.67107,1.225e-04,0.656,0.000,27781
2382,4.55066,4.67107,1.223e-04,0.736,0.000,27976
2383,4.61300,4.67107,1.222e-04,0.664,0.000,27945
2384,4.64664,4.67107,1.220e-04,0.699,0.000,27823
2385,4.76215,4.67107,1.218e-04,0.656,0.000,27820
2386,4.52201,4.67107,1.216e-04,0.649,0.000,27825
2387,4.77587,4.67107,1.214e-04,0.730,0.000,27855
2388,4.60839,4.67107,1.212e-04,0.670,0.000,27975
2389,4.69546,4.67107,1.210e-04,0.648,0.000,27883
2390,4.73533,4.67107,1.208e-04,0.673,0.000,27842
2391,4.59404,4.67107,1.206e-04,0.712,0.000,27804
2392,4.57413,4.67107,1.204e-04,0.715,0.000,27831
2393,4.74229,4.67107,1.202e-04,0.684,0.000,27899
2394,4.43404,4.67107,1.200e-04,0.692,0.000,27952
2395,4.68377,4.67107,1.199e-04,0.633,0.000,27833
2396,4.57015,4.67107,1.197e-04,0.676,0.000,27824
2397,4.63395,4.67107,1.195e-04,0.792,0.000,27778
2398,4.44334,4.67107,1.193e-04,0.616,0.000,27824
2399,4.65709,4.67107,1.191e-04,0.654,0.000,27968
2400,4.64802,4.67107,1.189e-04,0.669,0.000,27913
2401,4.59558,4.67107,1.187e-04,0.653,0.000,27880
2402,4.53032,4.67107,1.185e-04,0.674,0.000,27799
2403,4.65548,4.67107,1.183e-04,0.632,0.000,27820
2404,4.47091,4.67107,1.182e-04,0.653,0.000,27860
2405,4.75140,4.67107,1.180e-04,0.643,0.000,27988
2406,4.47820,4.67107,1.178e-04,0.664,0.000,27894
2407,4.70554,4.67107,1.176e-04,0.652,0.000,27827
2408,4.52994,4.67107,1.174e-04,0.673,0.000,27830
2409,4.59712,4.67107,1.172e-04,0.666,0.000,27827
2410,4.48034,4.67107,1.170e-04,0.644,0.000,27870
2411,4.59323,4.67107,1.168e-04,0.650,0.000,27998
2412,4.74510,4.67107,1.167e-04,0.641,0.000,27758
2413,4.73561,4.67107,1.165e-04,0.694,0.000,27794
2414,4.64322,4.67107,1.163e-04,0.672,0.000,27842
2415,4.49715,4.67107,1.161e-04,0.641,0.000,27817
2416,4.62218,4.67107,1.159e-04,0.690,0.000,27959
2417,4.66287,4.67107,1.157e-04,0.670,0.000,27916
2418,4.76708,4.67107,1.155e-04,0.697,0.000,27796
2419,4.64978,4.67107,1.154e-04,0.701,0.000,27798
2420,4.70585,4.67107,1.152e-04,0.696,0.000,27848
2421,4.60092,4.67107,1.150e-04,0.668,0.000,27783
2422,4.71711,4.67107,1.148e-04,0.698,0.000,28001
2423,4.56923,4.67107,1.146e-04,0.646,0.000,27844
2424,4.72539,4.67107,1.144e-04,0.663,0.000,27820
2425,4.60446,4.67107,1.143e-04,0.666,0.000,27809
2426,4.65951,4.67107,1.141e-04,0.661,0.000,27827
2427,4.46064,4.67107,1.139e-04,0.686,0.000,27874
2428,4.57205,4.67107,1.137e-04,0.686,0.000,27995
2429,4.72672,4.67107,1.135e-04,0.658,0.000,27808
2430,4.48473,4.67107,1.134e-04,0.685,0.000,27838
2431,4.75424,4.67107,1.132e-04,0.704,0.000,27819
2432,4.62968,4.67107,1.130e-04,0.631,0.000,27830
2433,4.53631,4.67107,1.128e-04,0.695,0.000,27941
2434,4.66470,4.67107,1.126e-04,0.695,0.000,27934
2435,4.83403,4.67107,1.125e-04,0.682,0.000,27792
2436,4.29792,4.67107,1.123e-04,0.652,0.000,27868
2437,4.77613,4.67107,1.121e-04,0.682,0.000,27812
2438,4.65214,4.67107,1.119e-04,0.668,0.000,27828
2439,4.74312,4.67107,1.117e-04,0.725,0.000,27959
2440,4.69623,4.67107,1.116e-04,0.707,0.000,27905
2441,4.57452,4.67107,1.114e-04,0.675,0.000,27866
2442,4.76158,4.67107,1.112e-04,0.786,0.000,27836
2443,4.50852,4.67107,1.110e-04,0.685,0.000,27836
2444,4.62040,4.67107,1.109e-04,0.707,0.000,27922
2445,4.62189,4.67107,1.107e-04,0.699,0.000,27995
2446,4.68308,4.67107,1.105e-04,0.734,0.000,27836
2447,4.68158,4.67107,1.103e-04,0.690,0.000,27792
2448,4.56416,4.67107,1.101e-04,0.741,0.000,27860
2449,4.54080,4.67107,1.100e-04,0.708,0.000,27778
2450,4.58252,4.67107,1.098e-04,0.668,0.000,27955
2451,4.72871,4.67107,1.096e-04,0.724,0.000,27913
2452,4.72399,4.67107,1.094e-04,0.783,0.000,27864
2453,4.67385,4.67107,1.093e-04,0.624,0.000,27825
2454,4.52485,4.67107,1.091e-04,0.668,0.000,27860
2455,4.80139,4.67107,1.089e-04,0.724,0.000,27822
2456,4.59886,4.67107,1.088e-04,0.639,0.000,28001
2457,4.66794,4.67107,1.086e-04,0.659,0.000,27874
2458,4.48168,4.67107,1.084e-04,0.765,0.000,27789
2459,4.61562,4.67107,1.082e-04,0.655,0.000,27805
2460,4.59353,4.67107,1.081e-04,0.651,0.000,27814
2461,4.62285,4.67107,1.079e-04,0.653,0.000,27869
2462,4.47904,4.67107,1.077e-04,0.662,0.000,28010
2463,4.60426,4.67107,1.075e-04,0.704,0.000,27780
2464,4.64375,4.67107,1.074e-04,0.686,0.000,27834
2465,4.56772,4.67107,1.072e-04,0.655,0.000,27832
2466,4.59044,4.67107,1.070e-04,0.700,0.000,27799
2467,4.49507,4.67107,1.069e-04,0.685,0.000,27962
2468,4.89906,4.67107,1.067e-04,0.633,0.000,27897
2469,4.73121,4.67107,1.065e-04,0.735,0.000,27792
2470,4.68894,4.67107,1.063e-04,0.646,0.000,27815
2471,4.40259,4.67107,1.062e-04,0.660,0.000,27845
2472,4.72093,4.67107,1.060e-04,0.696,0.000,27814
2473,4.67050,4.67107,1.058e-04,0.676,0.000,27994
2474,4.57330,4.67107,1.057e-04,0.628,0.000,27926
2475,4.53966,4.67107,1.055e-04,0.742,0.000,27823
2476,4.67907,4.67107,1.053e-04,0.714,0.000,27798
2477,4.47568,4.67107,1.052e-04,0.683,0.000,27805
2478,4.59948,4.67107,1.050e-04,0.651,0.000,27878
2479,4.46195,4.67107,1.048e-04,0.703,0.000,27977
2480,4.52746,4.67107,1.047e-04,0.712,0.000,27821
2481,4.58358,4.67107,1.045e-04,0.679,0.000,27892
2482,4.58478,4.67107,1.043e-04,0.643,0.000,27825
2483,4.49735,4.67107,1.042e-04,0.668,0.000,27817
2484,4.67552,4.67107,1.040e-04,0.627,0.000,27944
2485,4.62652,4.67107,1.038e-04,0.660,0.000,27975
2486,4.65903,4.67107,1.037e-04,0.651,0.000,27811
2487,4.56838,4.67107,1.035e-04,0.684,0.000,27829
2488,4.50533,4.67107,1.033e-04,0.673,0.000,27826
2489,4.77687,4.67107,1.032e-04,0.646,0.000,27846
2490,4.50342,4.67107,1.030e-04,0.706,0.000,27987
2491,4.55125,4.67107,1.028e-04,0.664,0.000,27876
2492,4.71481,4.67107,1.027e-04,0.663,0.000,27819
2493,4.56997,4.67107,1.025e-04,0.684,0.000,27848
2494,4.48465,4.67107,1.024e-04,0.676,0.000,27813
2495,4.56081,4.67107,1.022e-04,0.655,0.000,27876
2496,4.76817,4.67107,1.020e-04,0.667,0.000,27979
2497,4.63372,4.67107,1.019e-04,0.693,0.000,27844
2498,4.51010,4.67107,1.017e-04,0.656,0.000,27843
2499,4.64912,4.67107,1.015e-04,0.660,0.000,27824
2500,4.58360,4.62074,1.014e-04,0.635,0.000,8652
2501,4.61513,4.62074,1.012e-04,0.658,0.000,28501
2502,4.65238,4.62074,1.011e-04,0.686,0.000,27828
2503,4.51288,4.62074,1.009e-04,0.660,0.000,27853
2504,4.66850,4.62074,1.007e-04,0.716,0.000,28005
2505,4.56685,4.62074,1.006e-04,0.670,0.000,27851
2506,4.54992,4.62074,1.004e-04,0.698,0.000,27828
2507,4.61700,4.62074,1.003e-04,0.678,0.000,27835
2508,4.62308,4.62074,1.001e-04,0.655,0.000,27860
2509,4.45855,4.62074,9.995e-05,0.638,0.000,27928
2510,4.77066,4.62074,9.979e-05,0.645,0.000,27971
2511,4.58429,4.62074,9.963e-05,0.651,0.000,27827
2512,4.57620,4.62074,9.947e-05,0.676,0.000,27825
2513,4.36292,4.62074,9.931e-05,0.646,0.000,27830
2514,4.74140,4.62074,9.916e-05,0.656,0.000,27851
2515,4.69553,4.62074,9.900e-05,0.650,0.000,27971
2516,4.62750,4.62074,9.884e-05,0.657,0.000,27919
2517,4.71169,4.62074,9.869e-05,0.671,0.000,27839
2518,4.53256,4.62074,9.853e-05,0.624,0.000,27801
2519,4.60673,4.62074,9.837e-05,0.659,0.000,27823
2520,4.66553,4.62074,9.822e-05,0.678,0.000,27855
2521,4.49411,4.62074,9.806e-05,0.663,0.000,27939
2522,4.65140,4.62074,9.791e-05,0.675,0.000,27880
2523,4.65736,4.62074,9.775e-05,0.670,0.000,27816
2524,4.60282,4.62074,9.760e-05,0.655,0.000,27838
2525,4.51271,4.62074,9.745e-05,0.656,0.000,27824
2526,4.65950,4.62074,9.729e-05,0.702,0.000,27928
2527,4.59508,4.62074,9.714e-05,0.727,0.000,27993
2528,4.41310,4.62074,9.699e-05,0.672,0.000,27829
2529,4.51886,4.62074,9.683e-05,0.655,0.000,27829
2530,4.46817,4.62074,9.668e-05,0.678,0.000,27824
2531,4.66552,4.62074,9.653e-05,0.634,0.000,27829
2532,4.58466,4.62074,9.638e-05,0.660,0.000,27960
2533,4.61847,4.62074,9.622e-05,0.697,0.000,27967
2534,4.67968,4.62074,9.607e-05,0.673,0.000,27789
2535,4.50526,4.62074,9.592e-05,0.651,0.000,27845
2536,4.53378,4.62074,9.577e-05,0.727,0.000,27815
2537,4.66673,4.62074,9.562e-05,0.693,0.000,27834
2538,4.67173,4.62074,9.547e-05,0.653,0.000,27991
2539,4.61716,4.62074,9.532e-05,0.650,0.000,27892
2540,4.45679,4.62074,9.517e-05,0.663,0.000,27791
2541,4.75087,4.62074,9.502e-05,0.698,0.000,27877
2542,4.71737,4.62074,9.487e-05,0.662,0.000,27826
2543,4.55583,4.62074,9.472e-05,0.705,0.000,27907
2544,4.78082,4.62074,9.457e-05,0.653,0.000,27987
2545,4.55999,4.62074,9.443e-05,0.740,0.000,27811
2546,4.68283,4.62074,9.428e-05,0.726,0.000,27820
2547,4.66824,4.62074,9.413e-05,0.648,0.000,27858
2548,4.83195,4.62074,9.398e-05,0.648,0.000,27821
2549,4.55478,4.62074,9.384e-05,0.663,0.000,27919
2550,4.66374,4.62074,9.369e-05,0.653,0.000,27908
2551,4.64506,4.62074,9.354e-05,0.718,0.000,27853
2552,4.41557,4.62074,9.340e-05,0.713,0.000,27813
2553,4.72997,4.62074,9.325e-05,0.702,0.000,27861
2554,4.56438,4.62074,9.311e-05,0.695,0.000,27806
2555,4.65515,4.62074,9.296e-05,0.658,0.000,28018
2556,4.56417,4.62074,9.282e-05,0.676,0.000,27853
2557,4.79367,4.62074,9.267e-05,0.667,0.000,27815
2558,4.55051,4.62074,9.253e-05,0.650,0.000,27821
2559,4.60693,4.62074,9.238e-05,0.678,0.000,27823
2560,4.56996,4.62074,9.224e-05,0.670,0.000,27849
2561,4.58031,4.62074,9.210e-05,0.672,0.000,27958
2562,4.67259,4.62074,9.195e-05,0.633,0.000,27819
2563,4.56885,4.62074,9.181e-05,0.677,0.000,27821
2564,4.68613,4.62074,9.167e-05,0.710,0.000,27819
2565,4.41292,4.62074,9.153e-05,0.660,0.000,27816
2566,4.52352,4.62074,9.138e-05,0.669,0.000,27937
2567,4.77470,4.62074,9.124e-05,0.642,0.000,27955
2568,4.50094,4.62074,9.110e-05,0.702,0.000,27801
2569,4.67366,4.62074,9.096e-05,0.713,0.000,27820
2570,4.43624,4.62074,9.082e-05,0.679,0.000,27833
2571,4.66772,4.62074,9.068e-05,0.694,0.000,27810
2572,4.61672,4.62074,9.054e-05,0.646,0.000,27991
2573,4.64916,4.62074,9.040e-05,0.667,0.000,27865
2574,4.51360,4.62074,9.026e-05,0.671,0.000,27844
2575,4.59297,4.62074,9.012e-05,0.677,0.000,27798
2576,4.75131,4.62074,8.998e-05,0.667,0.000,27834
2577,4.55830,4.62074,8.984e-05,0.670,0.000,27856
2578,4.56137,4.62074,8.970e-05,0.720,0.000,27983
2579,4.59098,4.62074,8.957e-05,0.672,0.000,27815
2580,4.54434,4.62074,8.943e-05,0.660,0.000,27810
2581,4.48502,4.62074,8.929e-05,0.672,0.000,27853
2582,4.60185,4.62074,8.915e-05,0.681,0.000,27832
2583,4.63265,4.62074,8.902e-05,0.644,0.000,27935
2584,4.75302,4.62074,8.888e-05,0.686,0.000,27938
2585,4.57799,4.62074,8.874e-05,0.739,0.000,27795
2586,4.55855,4.62074,8.861e-05,0.659,0.000,27854
2587,4.52646,4.62074,8.847e-05,0.667,0.000,27837
2588,4.67450,4.62074,8.834e-05,0.670,0.000,27858
2589,4.65172,4.62074,8.820e-05,0.647,0.000,28002
2590,4.52533,4.62074,8.807e-05,0.696,0.000,27916
2591,4.53914,4.62074,8.793e-05,0.691,0.000,27839
2592,4.72454,4.62074,8.780e-05,0.683,0.000,27815
2593,4.36178,4.62074,8.767e-05,0.668,0.000,27831
2594,4.58889,4.62074,8.753e-05,0.678,0.000,27857
2595,4.62094,4.62074,8.740e-05,0.662,0.000,27978
2596,4.66325,4.62074,8.727e-05,0.694,0.000,27846
2597,4.84672,4.62074,8.713e-05,0.659,0.000,27820
2598,4.61393,4.62074,8.700e-05,0.704,0.000,27815
2599,4.66353,4.62074,8.687e-05,0.687,0.000,27822
2600,4.53458,4.62074,8.674e-05,0.656,0.000,27915
2601,4.63524,4.62074,8.661e-05,0.726,0.000,27919
2602,4.67793,4.62074,8.648e-05,0.703,0.000,27822
2603,4.46709,4.62074,8.635e-05,0.671,0.000,27830
2604,4.60165,4.62074,8.622e-05,0.659,0.000,27831
2605,4.33881,4.62074,8.609e-05,0.693,0.000,27848
2606,4.42357,4.62074,8.596e-05,0.695,0.000,27952
2607,4.52613,4.62074,8.583e-05,0.678,0.000,27933
2608,4.72688,4.62074,8.570e-05,0.663,0.000,27827
2609,4.74269,4.62074,8.557e-05,0.704,0.000,27812
2610,4.60925,4.62074,8.544e-05,0.648,0.000,27849
2611,4.54190,4.62074,8.531e-05,0.718,0.000,27857
2612,4.39143,4.62074,8.518e-05,0.686,0.000,27988
2613,4.41094,4.62074,8.506e-05,0.699,0.000,27818
2614,4.59863,4.62074,8.493e-05,0.707,0.000,27794
2615,4.45228,4.62074,8.480e-05,0.681,0.000,27839
2616,4.70097,4.62074,8.467e-05,0.681,0.000,27827
2617,4.61042,4.62074,8.455e-05,0.670,0.000,27916
2618,4.31337,4.62074,8.442e-05,0.680,0.000,27967
2619,4.54524,4.62074,8.430e-05,0.681,0.000,27815
2620,4.71414,4.62074,8.417e-05,0.674,0.000,27858
2621,4.60084,4.62074,8.405e-05,0.677,0.000,27833
2622,4.73350,4.62074,8.392e-05,0.714,0.000,27829
2623,4.76911,4.62074,8.380e-05,0.729,0.000,27956
2624,4.46878,4.62074,8.367e-05,0.657,0.000,27905
2625,4.61684,4.62074,8.355e-05,0.696,0.000,27824
2626,4.47329,4.62074,8.342e-05,0.661,0.000,27856
2627,4.42840,4.62074,8.330e-05,0.675,0.000,27855
2628,4.44670,4.62074,8.318e-05,0.699,0.000,27865
2629,4.53891,4.62074,8.306e-05,0.640,0.000,27987
2630,4.58379,4.62074,8.293e-05,0.665,0.000,27856
2631,4.66108,4.62074,8.281e-05,0.676,0.000,27821
2632,4.57135,4.62074,8.269e-05,0.706,0.000,27836
2633,4.51742,4.62074,8.257e-05,0.687,0.000,27826
2634,4.57674,4.62074,8.245e-05,0.691,0.000,27908
2635,4.58224,4.62074,8.233e-05,0.674,0.000,27974
2636,4.50023,4.62074,8.221e-05,0.696,0.000,27802
2637,4.59844,4.62074,8.209e-05,0.721,0.000,27802
2638,4.69026,4.62074,8.197e-05,0.674,0.000,27835
2639,4.50242,4.62074,8.185e-05,0.676,0.000,27813
2640,4.65359,4.62074,8.173e-05,0.680,0.000,27949
2641,4.70100,4.62074,8.161e-05,0.738,0.000,27865
2642,4.60906,4.62074,8.149e-05,0.685,0.000,27819
2643,4.46318,4.62074,8.137e-05,0.642,0.000,27787
2644,4.53538,4.62074,8.125e-05,0.748,0.000,27817
2645,4.56227,4.62074,8.114e-05,0.674,0.000,27873
2646,4.68492,4.62074,8.102e-05,0.694,0.000,27980
2647,4.57933,4.62074,8.090e-05,0.668,0.000,27839
2648,4.67102,4.62074,8.079e-05,0.643,0.000,27808
2649,4.65085,4.62074,8.067e-05,0.646,0.000,27848
2650,4.52663,4.62074,8.055e-05,0.695,0.000,27824
2651,4.60544,4.62074,8.044e-05,0.713,0.000,27917
2652,4.62060,4.62074,8.032e-05,0.687,0.000,28000
2653,4.57669,4.62074,8.021e-05,0.669,0.000,27806
2654,4.52408,4.62074,8.009e-05,0.679,0.000,27846
2655,4.68893,4.62074,7.998e-05,0.705,0.000,27788
2656,4.61686,4.62074,7.986e-05,0.672,0.000,27833
2657,4.57953,4.62074,7.975e-05,0.640,0.000,27933
2658,4.56320,4.62074,7.964e-05,0.655,0.000,27901
2659,4.62895,4.62074,7.952e-05,0.650,0.000,27845
2660,4.75878,4.62074,7.941e-05,0.733,0.000,27805
2661,4.47901,4.62074,7.930e-05,0.722,0.000,27815
2662,4.48180,4.62074,7.918e-05,0.649,0.000,27839
2663,4.52945,4.62074,7.907e-05,0.699,0.000,27987
2664,4.65234,4.62074,7.896e-05,0.670,0.000,27842
2665,4.52733,4.62074,7.885e-05,0.717,0.000,27825
2666,4.55039,4.62074,7.874e-05,0.653,0.000,27813
2667,4.50939,4.62074,7.863e-05,0.689,0.000,27806
2668,4.54374,4.62074,7.852e-05,0.662,0.000,27907
2669,4.52531,4.62074,7.841e-05,0.655,0.000,27972
2670,4.55107,4.62074,7.830e-05,0.711,0.000,27832
2671,4.56962,4.62074,7.819e-05,0.669,0.000,27838
2672,4.46624,4.62074,7.808e-05,0.721,0.000,27831
2673,4.79529,4.62074,7.797e-05,0.631,0.000,27817
2674,4.67222,4.62074,7.786e-05,0.655,0.000,27933
2675,4.56241,4.62074,7.775e-05,0.706,0.000,27899
2676,4.47487,4.62074,7.764e-05,0.650,0.000,27816
2677,4.35579,4.62074,7.754e-05,0.658,0.000,27860
2678,4.60211,4.62074,7.743e-05,0.668,0.000,27789
2679,4.52454,4.62074,7.732e-05,0.650,0.000,27870
2680,4.64840,4.62074,7.722e-05,0.711,0.000,27981
2681,4.57624,4.62074,7.711e-05,0.700,0.000,27847
2682,4.63766,4.62074,7.700e-05,0.653,0.000,27813
2683,4.44697,4.62074,7.690e-05,0.712,0.000,27832
2684,4.56401,4.62074,7.679e-05,0.684,0.000,27843
2685,4.54922,4.62074,7.669e-05,0.662,0.000,27898
2686,4.62613,4.62074,7.658e-05,0.708,0.000,27983
2687,4.73351,4.62074,7.648e-05,0.680,0.000,27817
2688,4.47541,4.62074,7.638e-05,0.630,0.000,27797
2689,4.63965,4.62074,7.627e-05,0.666,0.000,27825
2690,4.39308,4.62074,7.617e-05,0.681,0.000,27807
2691,4.40480,4.62074,7.606e-05,0.689,0.000,27957
2692,4.64956,4.62074,7.596e-05,0.645,0.000,27898
2693,4.59534,4.62074,7.586e-05,0.674,0.000,27822
2694,4.57710,4.62074,7.576e-05,0.700,0.000,27832
2695,4.55095,4.62074,7.566e-05,0.685,0.000,27827
2696,4.40012,4.62074,7.555e-05,0.661,0.000,27818
2697,4.62609,4.62074,7.545e-05,0.617,0.000,27972
2698,4.50470,4.62074,7.535e-05,0.708,0.000,27876
2699,4.60873,4.62074,7.525e-05,0.708,0.000,27787
2700,4.57695,4.62074,7.515e-05,0.641,0.000,27840
2701,4.59979,4.62074,7.505e-05,0.693,0.000,27801
2702,4.54891,4.62074,7.495e-05,0.716,0.000,27882
2703,4.46270,4.62074,7.485e-05,0.669,0.000,27992
2704,4.54985,4.62074,7.475e-05,0.679,0.000,27834
2705,4.65836,4.62074,7.466e-05,0.693,0.000,27813
2706,4.48729,4.62074,7.456e-05,0.709,0.000,27856
2707,4.48055,4.62074,7.446e-05,0.703,0.000,27808
2708,4.62171,4.62074,7.436e-05,0.662,0.000,27990
2709,4.50121,4.62074,7.426e-05,0.698,0.000,27908
2710,4.58745,4.62074,7.417e-05,0.743,0.000,27823
2711,4.43499,4.62074,7.407e-05,0.714,0.000,27794
2712,4.46869,4.62074,7.397e-05,0.684,0.000,27839
2713,4.53092,4.62074,7.388e-05,0.687,0.000,27795
2714,4.34781,4.62074,7.378e-05,0.706,0.000,27976
2715,4.58559,4.62074,7.369e-05,0.695,0.000,27881
2716,4.51365,4.62074,7.359e-05,0.695,0.000,27832
2717,4.57376,4.62074,7.350e-05,0.646,0.000,27836
2718,4.75704,4.62074,7.340e-05,0.692,0.000,27832
2719,4.55953,4.62074,7.331e-05,0.713,0.000,27875
2720,4.69862,4.62074,7.321e-05,0.647,0.000,27969
2721,4.65026,4.62074,7.312e-05,0.628,0.000,27857
2722,4.69895,4.62074,7.303e-05,0.703,0.000,27876
2723,4.54220,4.62074,7.294e-05,0.681,0.000,27784
2724,4.47351,4.62074,7.284e-05,0.695,0.000,27875
2725,4.78856,4.62074,7.275e-05,0.654,0.000,27976
2726,4.69730,4.62074,7.266e-05,0.707,0.000,27922
2727,4.55932,4.62074,7.257e-05,0.728,0.000,27801
2728,4.68992,4.62074,7.248e-05,0.687,0.000,27801
2729,4.55276,4.62074,7.239e-05,0.655,0.000,27813
2730,4.60098,4.62074,7.229e-05,0.675,0.000,27806
2731,4.63623,4.62074,7.220e-05,0.697,0.000,27982
2732,4.64676,4.62074,7.211e-05,0.710,0.000,27902
2733,4.56603,4.62074,7.203e-05,0.709,0.000,27817
2734,4.42022,4.62074,7.194e-05,0.666,0.000,27836
2735,4.51780,4.62074,7.185e-05,0.708,0.000,27833
2736,4.62471,4.62074,7.176e-05,0.666,0.000,27892
2737,4.57488,4.62074,7.167e-05,0.701,0.000,27981
2738,4.65236,4.62074,7.158e-05,0.674,0.000,27831
2739,4.46141,4.62074,7.149e-05,0.644,0.000,27815
2740,4.58157,4.62074,7.141e-05,0.698,0.000,27827
2741,4.71825,4.62074,7.132e-05,0.725,0.000,27829
2742,4.57240,4.62074,7.123e-05,0.645,0.000,27945
2743,4.62299,4.62074,7.115e-05,0.730,0.000,27955
2744,4.55670,4.62074,7.106e-05,0.715,0.000,27845
2745,4.61796,4.62074,7.098e-05,0.674,0.000,27804
2746,4.51541,4.62074,7.089e-05,0.712,0.000,27832
2747,4.50791,4.62074,7.081e-05,0.689,0.000,27822
2748,4.64342,4.62074,7.072e-05,0.685,0.000,27997
2749,4.73527,4.62074,7.064e-05,0.721,0.000,27843
2750,4.57637,4.58453,7.055e-05,0.648,0.000,8649
2751,4.62095,4.58453,7.047e-05,0.742,0.000,28555
2752,4.40675,4.58453,7.039e-05,0.646,0.000,27823
2753,4.45208,4.58453,7.030e-05,0.699,0.000,27803
2754,4.38284,4.58453,7.022e-05,0.723,0.000,27819
2755,4.65435,4.58453,7.014e-05,0.725,0.000,27789
2756,4.64473,4.58453,7.006e-05,0.769,0.000,27997
2757,4.45527,4.58453,6.997e-05,0.697,0.000,27792
2758,4.48895,4.58453,6.989e-05,0.694,0.000,27829
2759,4.56293,4.58453,6.981e-05,0.688,0.000,27833
2760,4.52293,4.58453,6.973e-05,0.691,0.000,27810
2761,4.70471,4.58453,6.965e-05,0.695,0.000,27848
2762,4.37989,4.58453,6.957e-05,0.644,0.000,27991
2763,4.66068,4.58453,6.949e-05,0.750,0.000,27825
2764,4.43981,4.58453,6.941e-05,0.687,0.000,27822
2765,4.51450,4.58453,6.933e-05,0.684,0.000,27779
2766,4.58322,4.58453,6.925e-05,0.706,0.000,27840
2767,4.51626,4.58453,6.917e-05,0.673,0.000,27938
2768,4.77130,4.58453,6.910e-05,0.707,0.000,27955
2769,4.53247,4.58453,6.902e-05,0.661,0.000,27823
2770,4.65995,4.58453,6.894e-05,0.673,0.000,27823
2771,4.68529,4.58453,6.886e-05,0.693,0.000,27877
2772,4.50250,4.58453,6.879e-05,0.660,0.000,27812
2773,4.47714,4.58453,6.871e-05,0.685,0.000,27974
2774,4.65174,4.58453,6.863e-05,0.752,0.000,27902
2775,4.55294,4.58453,6.856e-05,0.649,0.000,27819
2776,4.63952,4.58453,6.848e-05,0.692,0.000,27788
2777,4.45768,4.58453,6.841e-05,0.689,0.000,27868
2778,4.52340,4.58453,6.833e-05,0.664,0.000,27860
2779,4.66909,4.58453,6.826e-05,0.706,0.000,27979
2780,4.62636,4.58453,6.818e-05,0.706,0.000,27852
2781,4.50670,4.58453,6.811e-05,0.740,0.000,27869
2782,4.46945,4.58453,6.804e-05,0.658,0.000,27842
2783,4.53935,4.58453,6.796e-05,0.710,0.000,27824
2784,4.50246,4.58453,6.789e-05,0.713,0.000,27894
2785,4.50009,4.58453,6.782e-05,0.680,0.000,27950
2786,4.46163,4.58453,6.775e-05,0.703,0.000,27821
2787,4.60993,4.58453,6.767e-05,0.696,0.000,27833
2788,4.44745,4.58453,6.760e-05,0.684,0.000,27810
2789,4.58206,4.58453,6.753e-05,0.701,0.000,27841
2790,4.48336,4.58453,6.746e-05,0.677,0.000,27981
2791,4.55890,4.58453,6.739e-05,0.705,0.000,27883
2792,4.69551,4.58453,6.732e-05,0.658,0.000,27857
2793,4.62585,4.58453,6.725e-05,0.721,0.000,27816
2794,4.47123,4.58453,6.718e-05,0.699,0.000,27859
2795,4.76904,4.58453,6.711e-05,0.745,0.000,27826
2796,4.54943,4.58453,6.704e-05,0.685,0.000,27974
2797,4.75557,4.58453,6.697e-05,0.758,0.000,27837
2798,4.48267,4.58453,6.690e-05,0.718,0.000,27851
2799,4.63154,4.58453,6.684e-05,0.666,0.000,27804
2800,4.54008,4.58453,6.677e-05,0.704,0.000,27846
2801,4.57043,4.58453,6.670e-05,0.697,0.000,27884
2802,4.42934,4.58453,6.664e-05,0.767,0.000,27969
2803,4.58546,4.58453,6.657e-05,0.694,0.000,27784
2804,4.50576,4.58453,6.650e-05,0.694,0.000,27827
2805,4.61444,4.58453,6.644e-05,0.700,0.000,27848
2806,4.53178,4.58453,6.637e-05,0.701,0.000,27819
2807,4.41401,4.58453,6.631e-05,0.726,0.000,27975
2808,4.39814,4.58453,6.624e-05,0.737,0.000,27934
2809,4.64372,4.58453,6.618e-05,0.715,0.000,27815
2810,4.49061,4.58453,6.611e-05,0.755,0.000,27850
2811,4.46624,4.58453,6.605e-05,0.696,0.000,27855
2812,4.36891,4.58453,6.598e-05,0.670,0.000,27847
2813,4.35586,4.58453,6.592e-05,0.705,0.000,27992
2814,4.60891,4.58453,6.586e-05,0.708,0.000,27875
2815,4.53190,4.58453,6.580e-05,0.707,0.000,27819
2816,4.58974,4.58453,6.573e-05,0.681,0.000,27801
2817,4.62246,4.58453,6.567e-05,0.667,0.000,27853
2818,4.71348,4.58453,6.561e-05,0.688,0.000,27925
2819,4.50670,4.58453,6.555e-05,0.667,0.000,27999
2820,4.43953,4.58453,6.549e-05,0.648,0.000,27839
2821,4.50430,4.58453,6.543e-05,0.676,0.000,27844
2822,4.52319,4.58453,6.537e-05,0.720,0.000,27826
2823,4.59096,4.58453,6.531e-05,0.666,0.000,27800
2824,4.37751,4.58453,6.525e-05,0.636,0.000,27975
2825,4.53800,4.58453,6.519e-05,0.681,0.000,27897
2826,4.73012,4.58453,6.513e-05,0.729,0.000,27848
2827,4.48525,4.58453,6.507e-05,0.674,0.000,27837
2828,4.63402,4.58453,6.501e-05,0.666,0.000,27812
2829,4.40415,4.58453,6.495e-05,0.672,0.000,27832
2830,4.60841,4.58453,6.490e-05,0.735,0.000,27984
2831,4.52850,4.58453,6.484e-05,0.684,0.000,27884
2832,4.60785,4.58453,6.478e-05,0.706,0.000,27847
2833,4.54338,4.58453,6.473e-05,0.660,0.000,27827
2834,4.61332,4.58453,6.467e-05,0.683,0.000,27843
2835,4.51259,4.58453,6.461e-05,0.708,0.000,27891
2836,4.67396,4.58453,6.456e-05,0.735,0.000,27991
2837,4.52476,4.58453,6.450e-05,0.663,0.000,27867
2838,4.66787,4.58453,6.445e-05,0.683,0.000,27831
2839,4.44786,4.58453,6.439e-05,0.685,0.000,27840
2840,4.31778,4.58453,6.434e-05,0.694,0.000,27829
2841,4.64598,4.58453,6.429e-05,0.662,0.000,27904
2842,4.67349,4.58453,6.423e-05,0.700,0.000,27926
2843,4.53793,4.58453,6.418e-05,0.705,0.000,27838
2844,4.40352,4.58453,6.413e-05,0.722,0.000,27822
2845,4.58482,4.58453,6.407e-05,0.682,0.000,27852
2846,4.68592,4.58453,6.402e-05,0.648,0.000,27807
2847,4.36731,4.58453,6.397e-05,0.724,0.000,27981
2848,4.63391,4.58453,6.392e-05,0.674,0.000,27868
2849,4.39228,4.58453,6.387e-05,0.712,0.000,27823
2850,4.71054,4.58453,6.381e-05,0.716,0.000,27807
2851,4.53141,4.58453,6.376e-05,0.704,0.000,27801
2852,4.50270,4.58453,6.371e-05,0.670,0.000,27872
2853,4.57969,4.58453,6.366e-05,0.685,0.000,28012
2854,4.63921,4.58453,6.361e-05,0.701,0.000,27823
2855,4.56443,4.58453,6.357e-05,0.694,0.000,27826
2856,4.65543,4.58453,6.352e-05,0.704,0.000,27833
2857,4.42770,4.58453,6.347e-05,0.680,0.000,27817
2858,4.51681,4.58453,6.342e-05,0.732,0.000,27940
2859,4.53466,4.58453,6.337e-05,0.704,0.000,27937
2860,4.41761,4.58453,6.332e-05,0.703,0.000,27824
2861,4.70021,4.58453,6.328e-05,0.704,0.000,27848
2862,4.54058,4.58453,6.323e-05,0.652,0.000,27809
2863,4.62203,4.58453,6.318e-05,0.659,0.000,27830
2864,4.65177,4.58453,6.314e-05,0.760,0.000,27969
2865,4.52527,4.58453,6.309e-05,0.711,0.000,27891
2866,4.37183,4.58453,6.305e-05,0.719,0.000,27814
2867,4.57297,4.58453,6.300e-05,0.682,0.000,27796
2868,4.48771,4.58453,6.296e-05,0.682,0.000,27851
2869,4.54922,4.58453,6.291e-05,0.716,0.000,27868
2870,4.53044,4.58453,6.287e-05,0.737,0.000,27954
2871,4.64726,4.58453,6.282e-05,0.666,0.000,27792
2872,4.55506,4.58453,6.278e-05,0.706,0.000,27814
2873,4.61198,4.58453,6.274e-05,0.675,0.000,27812
2874,4.60516,4.58453,6.269e-05,0.678,0.000,27842
2875,4.53905,4.58453,6.265e-05,0.690,0.000,27933
2876,4.55068,4.58453,6.261e-05,0.682,0.000,27930
2877,4.62367,4.58453,6.257e-05,0.665,0.000,27832
2878,4.59746,4.58453,6.253e-05,0.688,0.000,27788
2879,4.49983,4.58453,6.248e-05,0.722,0.000,27817
2880,4.68282,4.58453,6.244e-05,0.674,0.000,27808
2881,4.50751,4.58453,6.240e-05,0.699,0.000,27910
2882,4.43937,4.58453,6.236e-05,0.732,0.000,27862
2883,4.55793,4.58453,6.232e-05,0.701,0.000,27811
2884,4.63035,4.58453,6.228e-05,0.706,0.000,27841
2885,4.48030,4.58453,6.224e-05,0.726,0.000,27821
2886,4.44553,4.58453,6.221e-05,0.739,0.000,27858
2887,4.56047,4.58453,6.217e-05,0.712,0.000,27966
2888,4.52268,4.58453,6.213e-05,0.724,0.000,27822
2889,4.52109,4.58453,6.209e-05,0.766,0.000,27815
2890,4.49608,4.58453,6.205e-05,0.716,0.000,27822
2891,4.53781,4.58453,6.202e-05,0.666,0.000,27819
2892,4.56162,4.58453,6.198e-05,0.702,0.000,27945
2893,4.49907,4.58453,6.194e-05,0.732,0.000,27905
2894,4.53970,4.58453,6.191e-05,0.729,0.000,27838
2895,4.50993,4.58453,6.187e-05,0.671,0.000,27822
2896,4.45731,4.58453,6.184e-05,0.711,0.000,27811
2897,4.55974,4.58453,6.180e-05,0.710,0.000,27807
2898,4.69384,4.58453,6.177e-05,0.684,0.000,27974
2899,4.54462,4.58453,6.173e-05,0.688,0.000,27886
2900,4.55946,4.58453,6.170e-05,0.720,0.000,27828
2901,4.61476,4.58453,6.166e-05,0.692,0.000,27836
2902,4.53976,4.58453,6.163e-05,0.678,0.000,27819
2903,4.66534,4.58453,6.160e-05,0.688,0.000,27883
2904,4.55418,4.58453,6.156e-05,0.724,0.000,27968
2905,4.49659,4.58453,6.153e-05,0.718,0.000,27832
2906,4.42995,4.58453,6.150e-05,0.703,0.000,27833
2907,4.50903,4.58453,6.147e-05,0.691,0.000,27815
2908,4.54591,4.58453,6.144e-05,0.693,0.000,27825
2909,4.58486,4.58453,6.141e-05,0.683,0.000,27938
2910,4.57478,4.58453,6.138e-05,0.726,0.000,27974
2911,4.41906,4.58453,6.135e-05,0.699,0.000,27825
2912,4.71005,4.58453,6.132e-05,0.644,0.000,27814
2913,4.31175,4.58453,6.129e-05,0.682,0.000,27832
2914,4.59041,4.58453,6.126e-05,0.690,0.000,27867
2915,4.64863,4.58453,6.123e-05,0.747,0.000,27951
2916,4.59525,4.58453,6.120e-05,0.742,0.000,27902
2917,4.69647,4.58453,6.117e-05,0.658,0.000,27841
2918,4.63102,4.58453,6.114e-05,0.693,0.000,27797
2919,4.50035,4.58453,6.111e-05,0.709,0.000,27799
2920,4.54245,4.58453,6.109e-05,0.739,0.000,27858
2921,4.60859,4.58453,6.106e-05,0.691,0.000,27957
2922,4.47370,4.58453,6.103e-05,0.673,0.000,27850
2923,4.53055,4.58453,6.101e-05,0.699,0.000,27767
2924,4.47067,4.58453,6.098e-05,0.723,0.000,27839
2925,4.47483,4.58453,6.096e-05,0.693,0.000,27817
2926,4.63062,4.58453,6.093e-05,0.707,0.000,27925
2927,4.67878,4.58453,6.091e-05,0.675,0.000,27975
2928,4.59504,4.58453,6.088e-05,0.701,0.000,27823
2929,4.41384,4.58453,6.086e-05,0.709,0.000,27822
2930,4.40577,4.58453,6.083e-05,0.757,0.000,27843
2931,4.59085,4.58453,6.081e-05,0.701,0.000,27832
2932,4.59941,4.58453,6.079e-05,0.671,0.000,27967
2933,4.48804,4.58453,6.076e-05,0.768,0.000,27901
2934,4.52708,4.58453,6.074e-05,0.721,0.000,27797
2935,4.50379,4.58453,6.072e-05,0.705,0.000,27847
2936,4.52420,4.58453,6.070e-05,0.715,0.000,27852
2937,4.46830,4.58453,6.067e-05,0.688,0.000,27855
2938,4.69071,4.58453,6.065e-05,0.688,0.000,27985
2939,4.57414,4.58453,6.063e-05,0.680,0.000,27839
2940,4.62466,4.58453,6.061e-05,0.708,0.000,27818
2941,4.78480,4.58453,6.059e-05,0.695,0.000,27832
2942,4.51843,4.58453,6.057e-05,0.709,0.000,27815
2943,4.44654,4.58453,6.055e-05,0.678,0.000,27925
2944,4.61076,4.58453,6.053e-05,0.708,0.000,27955
2945,4.41233,4.58453,6.051e-05,0.719,0.000,27847
2946,4.46507,4.58453,6.050e-05,0.693,0.000,27814
2947,4.62841,4.58453,6.048e-05,0.673,0.000,27827
2948,4.65553,4.58453,6.046e-05,0.728,0.000,27847
2949,4.62257,4.58453,6.044e-05,0.683,0.000,27968
2950,4.57714,4.58453,6.042e-05,0.701,0.000,27916
2951,4.40583,4.58453,6.041e-05,0.701,0.000,27826
2952,4.79363,4.58453,6.039e-05,0.703,0.000,27837
2953,4.71520,4.58453,6.038e-05,0.695,0.000,27834
2954,4.53934,4.58453,6.036e-05,0.706,0.000,27874
2955,4.61898,4.58453,6.034e-05,0.741,0.000,27934
2956,4.48627,4.58453,6.033e-05,0.689,0.000,27802
2957,4.42482,4.58453,6.031e-05,0.736,0.000,27811
2958,4.63081,4.58453,6.030e-05,0.694,0.000,27783
2959,4.47517,4.58453,6.029e-05,0.705,0.000,27817
2960,4.42425,4.58453,6.027e-05,0.754,0.000,27918
2961,4.66356,4.58453,6.026e-05,0.733,0.000,27914
2962,4.50662,4.58453,6.025e-05,0.702,0.000,27859
2963,4.52822,4.58453,6.023e-05,0.749,0.000,27826
2964,4.50826,4.58453,6.022e-05,0.711,0.000,27822
2965,4.46253,4.58453,6.021e-05,0.709,0.000,27834
2966,4.67895,4.58453,6.020e-05,0.724,0.000,27958
2967,4.66096,4.58453,6.019e-05,0.694,0.000,27893
2968,4.42070,4.58453,6.017e-05,0.727,0.000,27853
2969,4.43298,4.58453,6.016e-05,0.705,0.000,27815
2970,4.56583,4.58453,6.015e-05,0.686,0.000,27785
2971,4.55764,4.58453,6.014e-05,0.689,0.000,27889
2972,4.52748,4.58453,6.013e-05,0.687,0.000,28003
2973,4.62418,4.58453,6.012e-05,0.719,0.000,27833
2974,4.39086,4.58453,6.011e-05,0.747,0.000,27839
2975,4.56761,4.58453,6.011e-05,0.704,0.000,27800
2976,4.58358,4.58453,6.010e-05,0.699,0.000,27826
2977,4.54895,4.58453,6.009e-05,0.726,0.000,27920
2978,4.35666,4.58453,6.008e-05,0.699,0.000,27938
2979,4.59563,4.58453,6.007e-05,0.680,0.000,27850
2980,4.33286,4.58453,6.007e-05,0.741,0.000,27801
2981,4.44223,4.58453,6.006e-05,0.715,0.000,27854
2982,4.54992,4.58453,6.006e-05,0.698,0.000,27827
2983,4.68067,4.58453,6.005e-05,0.678,0.000,27943
2984,4.49234,4.58453,6.004e-05,0.844,0.000,27929
2985,4.54120,4.58453,6.004e-05,0.668,0.000,27838
2986,4.54738,4.58453,6.003e-05,0.735,0.000,27798
2987,4.66555,4.58453,6.003e-05,0.640,0.000,27818
2988,4.65485,4.58453,6.002e-05,0.701,0.000,27833
2989,4.53966,4.58453,6.002e-05,0.703,0.000,28008
2990,4.56726,4.58453,6.002e-05,0.685,0.000,27831
2991,4.43122,4.58453,6.001e-05,0.664,0.000,27837
2992,4.61052,4.58453,6.001e-05,0.687,0.000,27795
2993,4.42130,4.58453,6.001e-05,0.690,0.000,27836
2994,4.57576,4.58453,6.001e-05,0.673,0.000,27900
2995,4.54684,4.58453,6.000e-05,0.796,0.000,27981
2996,4.63538,4.58453,6.000e-05,0.694,0.000,27861
2997,4.64164,4.58453,6.000e-05,0.707,0.000,27826
2998,4.61297,4.58453,6.000e-05,0.712,0.000,27817
2999,4.46649,4.55920,6.000e-05,0.757,0.000,8641
