step,loss,val_loss,lr,grad_norm,proj_grad_norm,tokens_per_s
0,11.86581,11.86217,3.000e-06,1.097,0.718,5862
1,11.85662,11.86217,6.000e-06,1.169,0.762,19341
2,11.85126,11.86217,9.000e-06,1.055,0.686,20047
3,11.82417,11.86217,1.200e-05,1.137,0.737,20026
4,11.81057,11.86217,1.500e-05,1.063,0.687,20010
5,11.79133,11.86217,1.800e-05,0.936,0.599,20033
6,11.74646,11.86217,2.100e-05,1.017,0.648,20048
7,11.72010,11.86217,2.400e-05,0.995,0.613,20009
8,11.66093,11.86217,2.700e-05,1.045,0.624,20031
9,11.60851,11.86217,3.000e-05,1.056,0.595,20045
10,11.57105,11.86217,3.300e-05,0.970,0.522,20000
11,11.53359,11.86217,3.600e-05,0.943,0.473,20060
12,11.44001,11.86217,3.900e-05,1.023,0.465,20064
13,11.41214,11.86217,4.200e-05,0.985,0.390,20021
14,11.34062,11.86217,4.500e-05,1.046,0.357,20071
15,11.29912,11.86217,4.800e-05,0.987,0.322,20054
16,11.22460,11.86217,5.100e-05,1.098,0.279,20016
17,11.18016,11.86217,5.400e-05,1.091,0.241,20050
18,11.08824,11.86217,5.700e-05,1.310,0.222,20050
19,11.07267,11.86217,6.000e-05,1.188,0.186,20037
20,11.08399,11.86217,6.300e-05,1.061,0.192,20053
21,11.04813,11.86217,6.600e-05,1.045,0.183,19087
22,10.93722,11.86217,6.900e-05,1.202,0.168,20027
23,10.81707,11.86217,7.200e-05,1.407,0.159,20049
24,10.94208,11.86217,7.500e-05,1.022,0.188,20064
25,10.84597,11.86217,7.800e-05,1.113,0.146,20019
26,10.83963,11.86217,8.100e-05,0.990,0.174,20062
27,10.73598,11.86217,8.400e-05,1.106,0.144,20057
28,10.65862,11.86217,8.700e-05,1.170,0.130,20033
29,10.59101,11.86217,9.000e-05,1.223,0.130,20047
30,10.61522,11.86217,9.300e-05,0.992,0.158,20055
31,10.52594,11.86217,9.600e-05,1.118,0.137,20008
32,10.40008,11.86217,9.900e-05,1.213,0.107,20069
33,10.36831,11.86217,1.020e-04,1.101,0.104,20044
34,10.29110,11.86217,1.050e-04,1.207,0.096,20039
35,10.30037,11.86217,1.080e-04,1.017,0.115,20052
36,10.19216,11.86217,1.110e-04,1.071,0.105,20047
37,10.12969,11.86217,1.140e-04,1.141,0.096,20035
38,10.06520,11.86217,1.170e-04,1.090,0.077,20053
39,10.02866,11.86217,1.200e-04,1.051,0.109,20058
40,9.87135,11.86217,1.230e-04,1.258,0.089,20012
41,9.84303,11.86217,1.260e-04,1.133,0.082,19243
42,9.77193,11.86217,1.290e-04,1.001,0.078,20060
43,9.68430,11.86217,1.320e-04,1.174,0.073,20054
44,9.63300,11.86217,1.350e-04,1.058,0.095,20056
45,9.55378,11.86217,1.380e-04,1.066,0.099,20064
46,9.57105,11.86217,1.410e-04,1.063,0.083,20008
47,9.42576,11.86217,1.440e-04,1.082,0.077,20073
48,9.33352,11.86217,1.470e-04,1.088,0.067,20052
49,9.25142,11.86217,1.500e-04,0.995,0.072,20027
50,9.22050,11.86217,1.530e-04,0.910,0.070,20052
51,9.12066,11.86217,1.560e-04,0.991,0.088,20038
52,9.05319,11.86217,1.590e-04,0.948,0.079,20026
53,9.07110,11.86217,1.620e-04,0.898,0.092,20056
54,8.97053,11.86217,1.650e-04,0.906,0.082,20061
55,8.87783,11.86217,1.680e-04,1.045,0.099,20022
56,8.82107,11.86217,1.710e-04,0.892,0.091,20062
57,8.68623,11.86217,1.740e-04,1.007,0.081,20053
58,8.68848,11.86217,1.770e-04,0.865,0.085,20053
59,8.66244,11.86217,1.800e-04,0.919,0.067,20017
60,8.55183,11.86217,1.830e-04,0.797,0.074,20053
61,8.56137,11.86217,1.860e-04,0.834,0.088,18972
62,8.42173,11.86217,1.890e-04,0.755,0.083,19991
63,8.49887,11.86217,1.920e-04,0.835,0.080,20052
64,8.43754,11.86217,1.950e-04,0.665,0.107,20041
65,8.30822,11.86217,1.980e-04,0.652,0.105,20020
66,8.23494,11.86217,2.010e-04,0.689,0.120,20064
67,8.20822,11.86217,2.040e-04,0.629,0.139,20049
68,8.14019,11.86217,2.070e-04,0.571,0.086,20021
69,8.09641,11.86217,2.100e-04,0.557,0.165,20052
70,8.03763,11.86217,2.130e-04,0.587,0.106,20046
71,8.14320,11.86217,2.160e-04,0.587,0.153,20029
72,8.01312,11.86217,2.190e-04,0.516,0.095,20064
73,7.92858,11.86217,2.220e-04,0.541,0.136,20046
74,7.95206,11.86217,2.250e-04,0.496,0.127,20024
75,7.86615,11.86217,2.280e-04,0.526,0.165,20048
76,7.87008,11.86217,2.310e-04,0.507,0.196,20056
77,7.80235,11.86217,2.340e-04,0.471,0.125,20017
78,7.82675,11.86217,2.370e-04,0.429,0.148,20039
79,7.83382,11.86217,2.400e-04,0.437,0.185,20067
80,7.63898,11.86217,2.430e-04,0.471,0.186,20031
81,7.61304,11.86217,2.460e-04,0.487,0.248,19151
82,7.63468,11.86217,2.490e-04,0.536,0.276,20045
83,7.67301,11.86217,2.520e-04,1.015,0.652,20005
84,7.64972,11.86217,2.550e-04,0.516,0.324,20046
85,7.62961,11.86217,2.580e-04,0.572,0.377,20048
86,7.59609,11.86217,2.610e-04,0.376,0.195,20024
87,7.55088,11.86217,2.640e-04,0.583,0.328,20043
88,7.59960,11.86217,2.670e-04,0.648,0.348,20053
89,7.55527,11.86217,2.700e-04,0.417,0.259,20027
90,7.35455,11.86217,2.730e-04,0.406,0.232,20041
91,7.51156,11.86217,2.760e-04,0.577,0.396,20050
92,7.54866,11.86217,2.790e-04,0.434,0.275,20019
93,7.39282,11.86217,2.820e-04,0.619,0.376,20059
94,7.58997,11.86217,2.850e-04,0.475,0.267,20042
95,7.26654,11.86217,2.880e-04,0.472,0.270,20008
96,7.41196,11.86217,2.910e-04,0.434,0.252,20060
97,7.41054,11.86217,2.940e-04,0.394,0.237,20053
98,7.36048,11.86217,2.970e-04,0.570,0.379,20020
99,7.37028,11.86217,3.000e-04,0.501,0.336,20055
100,7.23136,11.86217,3.030e-04,0.382,0.258,20052
101,7.34347,11.86217,3.060e-04,0.518,0.372,19060
102,7.26982,11.86217,3.090e-04,0.413,0.288,20024
103,7.21561,11.86217,3.120e-04,0.377,0.223,20073
104,7.34504,11.86217,3.150e-04,0.488,0.339,20057
105,7.19550,11.86217,3.180e-04,0.447,0.276,20060
106,7.24249,11.86217,3.210e-04,0.431,0.296,20051
107,7.21844,11.86217,3.240e-04,0.375,0.203,20057
108,7.21281,11.86217,3.270e-04,0.467,0.314,20040
109,7.19036,11.86217,3.300e-04,0.393,0.240,20053
110,7.11016,11.86217,3.330e-04,0.339,0.208,20064
111,7.15856,11.86217,3.360e-04,0.362,0.237,20029
112,7.17028,11.86217,3.390e-04,0.377,0.213,20048
113,7.08826,11.86217,3.420e-04,0.408,0.267,20041
114,7.10081,11.86217,3.450e-04,0.343,0.216,19982
115,7.04017,11.86217,3.480e-04,0.398,0.290,20062
116,7.02362,11.86217,3.510e-04,0.349,0.227,20064
117,7.11977,11.86217,3.540e-04,0.439,0.331,20030
118,6.95035,11.86217,3.570e-04,0.498,0.394,20037
119,6.98935,11.86217,3.600e-04,0.365,0.256,20056
120,7.05475,11.86217,3.630e-04,0.536,0.445,20019
121,6.92628,11.86217,3.660e-04,0.515,0.419,19103
122,6.99083,11.86217,3.690e-04,0.408,0.266,20055
123,7.22870,11.86217,3.720e-04,0.611,0.481,20027
124,7.01437,11.86217,3.750e-04,0.639,0.486,20044
125,6.98388,11.86217,3.780e-04,0.607,0.435,20048
126,6.91844,11.86217,3.810e-04,0.443,0.335,20006
127,6.97766,11.86217,3.840e-04,0.514,0.341,20073
128,6.95867,11.86217,3.870e-04,0.506,0.372,20042
129,7.00094,11.86217,3.900e-04,0.517,0.355,20035
130,6.88490,11.86217,3.930e-04,0.518,0.420,20056
131,6.92963,11.86217,3.960e-04,0.486,0.344,20047
132,6.97565,11.86217,3.990e-04,0.596,0.459,20057
133,6.73950,11.86217,4.020e-04,0.505,0.393,20029
134,6.91144,11.86217,4.050e-04,0.579,0.449,20045
135,6.87340,11.86217,4.080e-04,0.544,0.445,20049
136,6.86591,11.86217,4.110e-04,0.435,0.326,20047
137,6.81376,11.86217,4.140e-04,0.474,0.351,20062
138,6.73851,11.86217,4.170e-04,0.626,0.533,20055
139,6.81825,11.86217,4.200e-04,0.632,0.542,20008
140,6.90693,11.86217,4.230e-04,0.827,0.757,20045
141,6.81050,11.86217,4.260e-04,0.629,0.524,19064
142,6.88006,11.86217,4.290e-04,0.677,0.561,20031
143,6.76922,11.86217,4.320e-04,0.677,0.556,20067
144,6.82164,11.86217,4.350e-04,0.478,0.381,20059
145,6.72214,11.86217,4.380e-04,0.594,0.483,20033
146,6.92417,11.86217,4.410e-04,0.635,0.533,20074
147,7.21554,11.86217,4.440e-04,0.546,0.370,20048
148,6.63527,11.86217,4.470e-04,0.743,0.649,20025
149,6.92958,11.86217,4.500e-04,0.658,0.546,20048
150,6.73269,11.86217,4.530e-04,0.686,0.572,20045
151,6.87397,11.86217,4.560e-04,0.632,0.487,20015
152,6.82005,11.86217,4.590e-04,0.630,0.476,20059
153,6.60316,11.86217,4.620e-04,0.578,0.492,20044
154,6.62523,11.86217,4.650e-04,0.692,0.592,20033
155,6.73747,11.86217,4.680e-04,0.660,0.571,20052
156,6.57185,11.86217,4.710e-04,0.633,0.549,20024
157,6.58804,11.86217,4.740e-04,0.524,0.391,20043
158,6.73407,11.86217,4.770e-04,0.619,0.507,20059
159,6.60836,11.86217,4.800e-04,0.623,0.526,20049
160,6.57525,11.86217,4.830e-04,0.546,0.445,20021
161,6.69406,11.86217,4.860e-04,0.719,0.609,19338
162,6.73296,11.86217,4.890e-04,0.570,0.476,20028
163,6.61596,11.86217,4.920e-04,0.646,0.506,20011
164,6.44726,11.86217,4.950e-04,0.553,0.451,20046
165,6.67577,11.86217,4.980e-04,0.646,0.481,20052
166,6.60515,11.86217,5.010e-04,0.620,0.535,20030
167,6.58449,11.86217,5.040e-04,0.677,0.545,20051
168,6.43003,11.86217,5.070e-04,0.570,0.470,20059
169,6.44630,11.86217,5.100e-04,0.485,0.391,20025
170,6.44771,11.86217,5.130e-04,0.684,0.584,20040
171,6.60003,11.86217,5.160e-04,0.625,0.540,20037
172,6.67131,11.86217,5.190e-04,0.559,0.408,20040
173,6.48319,11.86217,5.220e-04,0.693,0.609,20047
174,6.63059,11.86217,5.250e-04,0.690,0.579,20047
175,6.47914,11.86217,5.280e-04,0.852,0.780,20024
176,6.50491,11.86217,5.310e-04,0.689,0.611,20057
177,6.45467,11.86217,5.340e-04,0.656,0.556,20054
178,6.55363,11.86217,5.370e-04,0.984,0.892,20020
179,6.59364,11.86217,5.400e-04,0.800,0.717,20056
180,6.40842,11.86217,5.430e-04,0.852,0.761,20069
181,6.39213,11.86217,5.460e-04,0.954,0.881,19122
182,6.43952,11.86217,5.490e-04,0.820,0.708,20021
183,6.48588,11.86217,5.520e-04,0.587,0.474,20035
184,6.47869,11.86217,5.550e-04,0.792,0.698,20025
185,6.31162,11.86217,5.580e-04,0.499,0.393,20049
186,6.41262,11.86217,5.610e-04,0.736,0.650,20059
187,6.38221,11.86217,5.640e-04,0.658,0.552,20035
188,6.39236,11.86217,5.670e-04,0.687,0.600,20026
189,6.42521,11.86217,5.700e-04,0.828,0.730,20054
190,6.27566,11.86217,5.730e-04,0.961,0.886,20054
191,6.50694,11.86217,5.760e-04,0.813,0.718,20031
192,6.41855,11.86217,5.790e-04,0.790,0.700,20073
193,6.55781,11.86217,5.820e-04,0.641,0.548,20020
194,6.44096,11.86217,5.850e-04,0.719,0.610,20025
195,6.45512,11.86217,5.880e-04,0.627,0.471,20044
196,6.45640,11.86217,5.910e-04,0.639,0.494,20055
197,6.53596,11.86217,5.940e-04,0.754,0.634,20030
198,6.55991,11.86217,5.970e-04,0.635,0.525,20059
199,6.50587,11.86217,6.000e-04,0.596,0.491,20046
200,6.37670,11.86217,6.000e-04,0.640,0.563,20019
201,6.43061,11.86217,6.000e-04,0.562,0.447,19036
202,6.32477,11.86217,6.000e-04,0.609,0.512,20068
203,6.32178,11.86217,6.000e-04,0.547,0.467,20046
204,6.13704,11.86217,6.000e-04,0.602,0.519,20069
205,6.33014,11.86217,6.000e-04,0.555,0.467,20053
206,6.14790,11.86217,6.000e-04,0.602,0.535,20024
207,6.48918,11.86217,6.000e-04,0.552,0.468,20049
208,6.42117,11.86217,6.000e-04,0.726,0.621,20072
209,6.26508,11.86217,6.000e-04,0.506,0.421,20031
210,6.32065,11.86217,6.000e-04,0.654,0.560,20056
211,6.49982,11.86217,6.000e-04,0.653,0.555,20060
212,6.13036,11.86217,6.000e-04,0.611,0.512,20022
213,6.15378,11.86217,6.000e-04,0.574,0.494,20049
214,6.06745,11.86217,6.000e-04,0.557,0.476,20055
215,6.32477,11.86217,6.000e-04,0.507,0.400,20020
216,6.28154,11.86217,6.000e-04,0.590,0.427,20059
217,6.45029,11.86217,6.000e-04,0.505,0.404,20050
218,6.03605,11.86217,5.999e-04,0.710,0.620,20015
219,6.21104,11.86217,5.999e-04,0.571,0.481,20064
220,6.19440,11.86217,5.999e-04,0.602,0.500,20066
221,6.20350,11.86217,5.999e-04,0.613,0.524,19093
222,6.16819,11.86217,5.999e-04,0.547,0.460,20048
223,6.36146,11.86217,5.999e-04,0.636,0.554,20034
224,6.33278,11.86217,5.999e-04,0.593,0.492,20005
225,6.20607,11.86217,5.999e-04,0.592,0.517,20051
226,6.25312,11.86217,5.999e-04,0.559,0.465,20055
227,6.30151,11.86217,5.999e-04,0.553,0.454,20015
228,6.03514,11.86217,5.999e-04,0.783,0.715,20050
229,6.23942,11.86217,5.999e-04,0.602,0.489,20068
230,6.30031,11.86217,5.998e-04,0.630,0.538,19993
231,6.09779,11.86217,5.998e-04,0.659,0.559,20062
232,6.22445,11.86217,5.998e-04,0.605,0.496,20066
233,6.41518,11.86217,5.998e-04,0.559,0.456,20023
234,6.17536,11.86217,5.998e-04,0.697,0.583,20045
235,6.24599,11.86217,5.998e-04,0.592,0.467,20057
236,5.99582,11.86217,5.998e-04,0.698,0.613,20030
237,6.01207,11.86217,5.998e-04,0.600,0.517,20052
238,6.27174,11.86217,5.998e-04,0.539,0.430,20077
239,6.35164,11.86217,5.997e-04,0.570,0.473,20074
240,6.11943,11.86217,5.997e-04,0.627,0.545,20006
241,5.94074,11.86217,5.997e-04,0.554,0.460,19099
242,6.17823,11.86217,5.997e-04,0.500,0.409,20044
243,6.06624,11.86217,5.997e-04,0.633,0.542,20012
244,6.04398,11.86217,5.997e-04,0.576,0.494,20043
245,6.03554,11.86217,5.997e-04,0.526,0.439,20043
246,6.32287,11.86217,5.996e-04,0.460,0.363,20033
247,6.04284,11.86217,5.996e-04,0.541,0.458,20057
248,6.07354,11.86217,5.996e-04,0.566,0.452,20048
249,6.06377,11.86217,5.996e-04,0.590,0.505,20015
250,6.03639,6.03217,5.996e-04,0.657,0.578,6245
251,5.95202,6.03217,5.996e-04,0.656,0.573,19322
252,6.34162,6.03217,5.995e-04,0.778,0.641,20070
253,6.08914,6.03217,5.995e-04,0.559,0.475,20027
254,6.08170,6.03217,5.995e-04,0.558,0.464,20066
255,6.20880,6.03217,5.995e-04,0.595,0.510,20062
256,6.25761,6.03217,5.995e-04,0.549,0.454,20034
257,6.11274,6.03217,5.994e-04,0.620,0.501,20060
258,6.02953,6.03217,5.994e-04,0.600,0.505,20032
259,6.04377,6.03217,5.994e-04,0.707,0.621,20033
260,6.11494,6.03217,5.994e-04,0.711,0.632,20048
261,5.97708,6.03217,5.994e-04,0.589,0.507,19010
262,6.09111,6.03217,5.993e-04,0.569,0.467,20010
263,6.00364,6.03217,5.993e-04,0.633,0.536,20046
264,5.99694,6.03217,5.993e-04,0.588,0.497,20031
265,6.01749,6.03217,5.993e-04,0.582,0.486,20032
266,5.91264,6.03217,5.993e-04,0.831,0.760,20043
267,6.00960,6.03217,5.992e-04,0.678,0.589,20034
268,6.26163,6.03217,5.992e-04,0.744,0.654,20013
269,6.33320,6.03217,5.992e-04,0.556,0.454,20049
270,6.14211,6.03217,5.992e-04,0.621,0.529,20059
271,5.86595,6.03217,5.991e-04,0.601,0.505,20032
272,6.21810,6.03217,5.991e-04,0.612,0.506,20044
273,6.13440,6.03217,5.991e-04,0.515,0.431,20031
274,6.09873,6.03217,5.991e-04,0.583,0.473,20034
275,6.00868,6.03217,5.990e-04,0.545,0.441,20056
276,5.99827,6.03217,5.990e-04,0.504,0.419,20051
277,5.96129,6.03217,5.990e-04,0.540,0.450,20048
278,6.01333,6.03217,5.990e-04,0.564,0.468,20046
279,6.03427,6.03217,5.989e-04,0.475,0.388,20063
280,5.95879,6.03217,5.989e-04,0.599,0.516,20010
281,5.92085,6.03217,5.989e-04,0.577,0.492,19067
282,5.96650,6.03217,5.989e-04,0.550,0.460,20030
283,6.07122,6.03217,5.988e-04,0.503,0.408,20052
284,5.94588,6.03217,5.988e-04,0.579,0.497,20057
285,6.03813,6.03217,5.988e-04,0.558,0.475,20064
286,5.99613,6.03217,5.987e-04,0.573,0.485,20021
287,5.86988,6.03217,5.987e-04,0.608,0.518,20063
288,5.91561,6.03217,5.987e-04,0.564,0.465,20056
289,6.22509,6.03217,5.987e-04,0.579,0.463,20016
290,6.08510,6.03217,5.986e-04,0.500,0.407,20045
291,5.79229,6.03217,5.986e-04,0.575,0.488,20055
292,5.93654,6.03217,5.986e-04,0.532,0.439,20041
293,6.03505,6.03217,5.985e-04,0.537,0.440,20048
294,6.20241,6.03217,5.985e-04,0.519,0.416,20057
295,6.06369,6.03217,5.985e-04,0.571,0.477,19997
296,6.02808,6.03217,5.984e-04,0.530,0.435,20067
297,6.06126,6.03217,5.984e-04,0.493,0.400,20051
298,6.02423,6.03217,5.984e-04,0.565,0.476,20025
299,5.91518,6.03217,5.983e-04,0.527,0.427,20049
300,5.99517,6.03217,5.983e-04,0.553,0.467,20072
301,5.83691,6.03217,5.983e-04,0.530,0.426,19333
302,6.00963,6.03217,5.982e-04,0.533,0.441,20064
303,6.09129,6.03217,5.982e-04,0.546,0.438,20083
304,5.84232,6.03217,5.982e-04,0.548,0.455,20067
305,5.89207,6.03217,5.981e-04,0.640,0.556,20035
306,5.96094,6.03217,5.981e-04,0.493,0.400,20069
307,5.91341,6.03217,5.981e-04,0.548,0.438,20058
308,5.84021,6.03217,5.980e-04,0.540,0.449,20016
309,6.26294,6.03217,5.980e-04,0.573,0.476,20052
310,5.93523,6.03217,5.979e-04,0.587,0.483,20050
311,5.86650,6.03217,5.979e-04,0.617,0.516,20030
312,5.84633,6.03217,5.979e-04,0.633,0.540,20063
313,5.73706,6.03217,5.978e-04,0.574,0.479,20051
314,6.01257,6.03217,5.978e-04,0.533,0.448,20039
315,5.94867,6.03217,5.978e-04,0.488,0.397,20057
316,5.89033,6.03217,5.977e-04,0.590,0.485,20058
317,5.81971,6.03217,5.977e-04,0.555,0.449,20016
318,5.95336,6.03217,5.976e-04,0.568,0.460,20071
319,6.06493,6.03217,5.976e-04,0.455,0.368,20066
320,5.89068,6.03217,5.976e-04,0.516,0.404,20000
321,5.89778,6.03217,5.975e-04,0.668,0.562,19011
322,5.96626,6.03217,5.975e-04,0.527,0.434,20075
323,5.84988,6.03217,5.974e-04,0.601,0.520,20052
324,5.96099,6.03217,5.974e-04,0.656,0.556,20056
325,5.73363,6.03217,5.973e-04,0.567,0.470,20071
326,5.87397,6.03217,5.973e-04,0.618,0.537,20021
327,5.85126,6.03217,5.973e-04,0.503,0.415,20078
328,5.85968,6.03217,5.972e-04,0.639,0.544,20068
329,5.89118,6.03217,5.972e-04,0.512,0.407,20036
330,5.78326,6.03217,5.971e-04,0.535,0.446,20057
331,5.82544,6.03217,5.971e-04,0.522,0.422,20055
332,5.96069,6.03217,5.970e-04,0.641,0.516,19994
333,5.67345,6.03217,5.970e-04,0.585,0.498,20070
334,5.86681,6.03217,5.970e-04,0.573,0.488,20053
335,5.96680,6.03217,5.969e-04,0.500,0.404,20032
336,5.67584,6.03217,5.969e-04,0.668,0.571,20079
337,6.01636,6.03217,5.968e-04,0.478,0.390,20027
338,5.73105,6.03217,5.968e-04,0.577,0.492,20038
339,5.72369,6.03217,5.967e-04,0.532,0.439,20067
340,5.83869,6.03217,5.967e-04,0.598,0.515,20063
341,5.80263,6.03217,5.966e-04,0.536,0.456,19073
342,5.72622,6.03217,5.966e-04,0.523,0.441,20023
343,5.88761,6.03217,5.965e-04,0.530,0.440,20047
344,5.76729,6.03217,5.965e-04,0.553,0.470,20032
345,5.89655,6.03217,5.964e-04,0.545,0.411,20049
346,5.56028,6.03217,5.964e-04,0.758,0.689,20069
347,5.88815,6.03217,5.963e-04,0.601,0.520,20035
348,5.90128,6.03217,5.963e-04,0.541,0.449,20059
349,5.84999,6.03217,5.962e-04,0.520,0.436,20076
350,5.82555,6.03217,5.962e-04,0.526,0.441,20025
351,5.85871,6.03217,5.961e-04,0.555,0.466,20041
352,5.89801,6.03217,5.961e-04,0.600,0.465,20078
353,5.87779,6.03217,5.960e-04,0.588,0.484,20052
354,5.79373,6.03217,5.960e-04,0.541,0.448,20081
355,5.81414,6.03217,5.959e-04,0.559,0.454,20077
356,5.84296,6.03217,5.959e-04,0.544,0.456,20036
357,5.70990,6.03217,5.958e-04,0.515,0.432,20062
358,6.10005,6.03217,5.958e-04,0.490,0.380,20069
359,5.84320,6.03217,5.957e-04,0.648,0.548,20055
360,5.95581,6.03217,5.957e-04,0.684,0.600,20038
361,5.63499,6.03217,5.956e-04,0.518,0.434,19038
362,5.92155,6.03217,5.956e-04,0.507,0.414,20060
363,5.90169,6.03217,5.955e-04,0.631,0.526,20022
364,5.77281,6.03217,5.954e-04,0.621,0.538,20071
365,5.75985,6.03217,5.954e-04,0.574,0.478,20066
366,5.90876,6.03217,5.953e-04,0.532,0.437,20037
367,5.83946,6.03217,5.953e-04,0.479,0.360,20047
368,5.76400,6.03217,5.952e-04,0.562,0.462,20008
369,5.92090,6.03217,5.952e-04,0.567,0.444,20027
370,5.52374,6.03217,5.951e-04,0.558,0.456,20075
371,5.96488,6.03217,5.950e-04,0.561,0.448,20057
372,5.64947,6.03217,5.950e-04,0.582,0.493,20034
373,5.66390,6.03217,5.949e-04,0.514,0.423,20061
374,5.88490,6.03217,5.949e-04,0.511,0.421,20054
375,5.62773,6.03217,5.948e-04,0.616,0.527,20018
376,6.02859,6.03217,5.948e-04,0.491,0.385,20045
377,5.67635,6.03217,5.947e-04,0.693,0.599,20068
378,5.77312,6.03217,5.946e-04,0.531,0.440,20024
379,5.93707,6.03217,5.946e-04,0.625,0.538,20042
380,5.68869,6.03217,5.945e-04,0.598,0.502,20049
381,5.88710,6.03217,5.945e-04,0.533,0.445,19036
382,5.64299,6.03217,5.944e-04,0.633,0.540,20079
383,5.87924,6.03217,5.943e-04,0.510,0.418,20053
384,5.64097,6.03217,5.943e-04,0.589,0.506,20026
385,5.80110,6.03217,5.942e-04,0.533,0.440,20078
386,5.81941,6.03217,5.941e-04,0.530,0.418,20042
387,5.80104,6.03217,5.941e-04,0.468,0.370,20018
388,5.81350,6.03217,5.940e-04,0.497,0.407,20060
389,5.98172,6.03217,5.940e-04,0.548,0.445,20051
390,5.59556,6.03217,5.939e-04,0.542,0.445,20030
391,5.72095,6.03217,5.938e-04,0.474,0.385,20063
392,5.82296,6.03217,5.938e-04,0.493,0.380,20069
393,5.77021,6.03217,5.937e-04,0.489,0.397,20023
394,5.86849,6.03217,5.936e-04,0.506,0.404,20071
395,5.87139,6.03217,5.936e-04,0.499,0.392,20034
396,5.92297,6.03217,5.935e-04,0.472,0.363,20024
397,5.62428,6.03217,5.934e-04,0.521,0.428,20061
398,5.72444,6.03217,5.934e-04,0.479,0.389,20062
399,5.72346,6.03217,5.933e-04,0.533,0.437,20031
400,5.86586,6.03217,5.932e-04,0.538,0.431,20067
401,5.66903,6.03217,5.932e-04,0.607,0.507,19384
402,5.87666,6.03217,5.931e-04,0.597,0.453,20010
403,5.64633,6.03217,5.930e-04,0.550,0.457,20076
404,5.62081,6.03217,5.930e-04,0.485,0.387,20068
405,5.68691,6.03217,5.929e-04,0.521,0.434,19996
406,5.94199,6.03217,5.928e-04,0.502,0.399,20084
407,5.93297,6.03217,5.928e-04,0.456,0.346,20052
408,5.69319,6.03217,5.927e-04,0.553,0.457,20038
409,5.74337,6.03217,5.926e-04,0.513,0.401,20064
410,5.67362,6.03217,5.925e-04,0.508,0.407,20068
411,5.82798,6.03217,5.925e-04,0.548,0.432,20045
412,5.83402,6.03217,5.924e-04,0.521,0.420,20022
413,5.62355,6.03217,5.923e-04,0.565,0.460,20053
414,5.53994,6.03217,5.923e-04,0.568,0.475,20053
415,5.70576,6.03217,5.922e-04,0.549,0.435,20033
416,5.68278,6.03217,5.921e-04,0.539,0.437,20060
417,5.68070,6.03217,5.920e-04,0.536,0.442,20029
418,5.81084,6.03217,5.920e-04,0.492,0.373,20039
419,5.66334,6.03217,5.919e-04,0.582,0.487,20058
420,5.79897,6.03217,5.918e-04,0.487,0.382,20044
421,5.71844,6.03217,5.917e-04,0.529,0.439,19144
422,5.91668,6.03217,5.917e-04,0.558,0.427,20077
423,5.72797,6.03217,5.916e-04,0.544,0.448,20045
424,5.71676,6.03217,5.915e-04,0.518,0.416,20038
425,5.70025,6.03217,5.914e-04,0.513,0.412,20087
426,5.62679,6.03217,5.914e-04,0.534,0.437,20068
427,5.97002,6.03217,5.913e-04,0.570,0.427,20051
428,5.65681,6.03217,5.912e-04,0.484,0.397,20056
429,5.86040,6.03217,5.911e-04,0.472,0.371,20052
430,5.89602,6.03217,5.911e-04,0.511,0.414,20028
431,5.77152,6.03217,5.910e-04,0.503,0.413,20068
432,5.86280,6.03217,5.909e-04,0.540,0.440,20032
433,5.66871,6.03217,5.908e-04,0.513,0.427,20046
434,5.61295,6.03217,5.907e-04,0.513,0.412,20048
435,5.61361,6.03217,5.907e-04,0.498,0.403,20047
436,5.51860,6.03217,5.906e-04,0.493,0.396,20040
437,5.86079,6.03217,5.905e-04,0.487,0.394,20070
438,5.83014,6.03217,5.904e-04,0.591,0.496,20053
439,5.78069,6.03217,5.904e-04,0.552,0.450,20033
440,5.74454,6.03217,5.903e-04,0.536,0.428,20034
441,5.45401,6.03217,5.902e-04,0.501,0.413,19028
442,5.69089,6.03217,5.901e-04,0.557,0.446,20002
443,5.81117,6.03217,5.900e-04,0.556,0.454,20083
444,5.91597,6.03217,5.899e-04,0.522,0.426,20066
445,5.78300,6.03217,5.899e-04,0.536,0.439,20032
446,5.78775,6.03217,5.898e-04,0.615,0.519,20062
447,5.70545,6.03217,5.897e-04,0.697,0.615,20053
448,5.77483,6.03217,5.896e-04,0.502,0.404,20023
449,5.70432,6.03217,5.895e-04,0.673,0.579,20062
450,5.61097,6.03217,5.894e-04,0.538,0.431,20044
451,5.79382,6.03217,5.894e-04,0.518,0.413,20034
452,5.77733,6.03217,5.893e-04,0.555,0.448,20080
453,5.66193,6.03217,5.892e-04,0.572,0.455,20060
454,5.62076,6.03217,5.891e-04,0.574,0.485,20014
455,5.65275,6.03217,5.890e-04,0.542,0.444,20066
456,5.69637,6.03217,5.889e-04,0.566,0.469,20054
457,5.82410,6.03217,5.889e-04,0.546,0.445,20045
458,5.79903,6.03217,5.888e-04,0.558,0.407,20038
459,5.73927,6.03217,5.887e-04,0.489,0.387,20083
460,5.68544,6.03217,5.886e-04,0.550,0.439,20018
461,5.67177,6.03217,5.885e-04,0.451,0.359,19112
462,5.57503,6.03217,5.884e-04,0.544,0.441,20082
463,5.72207,6.03217,5.883e-04,0.419,0.316,20051
464,5.79956,6.03217,5.882e-04,0.504,0.405,20084
465,5.65377,6.03217,5.882e-04,0.495,0.400,20048
466,5.58230,6.03217,5.881e-04,0.573,0.461,20068
467,5.59664,6.03217,5.880e-04,0.529,0.430,20035
468,5.67444,6.03217,5.879e-04,0.531,0.434,20056
469,5.71152,6.03217,5.878e-04,0.501,0.396,20053
470,5.46640,6.03217,5.877e-04,0.472,0.378,20022
471,5.77502,6.03217,5.876e-04,0.485,0.388,20080
472,5.75984,6.03217,5.875e-04,0.547,0.439,20053
473,5.61493,6.03217,5.874e-04,0.500,0.397,20038
474,5.48631,6.03217,5.873e-04,0.479,0.383,20057
475,5.70014,6.03217,5.872e-04,0.533,0.429,20037
476,5.57139,6.03217,5.872e-04,0.576,0.485,20022
477,5.52018,6.03217,5.871e-04,0.548,0.439,20062
478,5.42492,6.03217,5.870e-04,0.578,0.471,20035
479,5.53040,6.03217,5.869e-04,0.557,0.439,20044
480,5.47198,6.03217,5.868e-04,0.543,0.399,20058
481,5.77547,6.03217,5.867e-04,0.531,0.417,19142
482,5.77554,6.03217,5.866e-04,0.531,0.424,20008
483,5.69232,6.03217,5.865e-04,0.516,0.413,20063
484,5.63716,6.03217,5.864e-04,0.465,0.361,20063
485,5.65810,6.03217,5.863e-04,0.518,0.417,20031
486,5.59532,6.03217,5.862e-04,0.502,0.392,20059
487,5.49461,6.03217,5.861e-04,0.493,0.397,20080
488,5.75984,6.03217,5.860e-04,0.503,0.390,20050
489,5.58297,6.03217,5.859e-04,0.523,0.426,20072
490,5.67617,6.03217,5.858e-04,0.527,0.427,20063
491,5.57802,6.03217,5.857e-04,0.475,0.377,20048
492,5.67116,6.03217,5.856e-04,0.500,0.395,20051
493,5.61512,6.03217,5.855e-04,0.500,0.404,20082
494,5.63462,6.03217,5.854e-04,0.487,0.384,20012
495,5.46535,6.03217,5.853e-04,0.478,0.385,20069
496,5.63234,6.03217,5.852e-04,0.481,0.357,20047
497,5.72335,6.03217,5.851e-04,0.597,0.454,20022
498,5.54692,6.03217,5.850e-04,0.526,0.428,20054
499,5.70596,6.03217,5.849e-04,0.498,0.401,20061
500,5.65828,5.54477,5.848e-04,0.502,0.395,6130
501,5.67399,5.54477,5.847e-04,0.507,0.390,19393
502,5.62049,5.54477,5.846e-04,0.589,0.495,20051
503,5.57648,5.54477,5.845e-04,0.469,0.365,20080
504,5.61053,5.54477,5.844e-04,0.490,0.395,20049
505,5.63882,5.54477,5.843e-04,0.541,0.442,20060
506,5.53449,5.54477,5.842e-04,0.551,0.456,20081
507,5.40371,5.54477,5.841e-04,0.501,0.390,20038
508,5.73840,5.54477,5.840e-04,0.520,0.413,20084
509,5.55106,5.54477,5.839e-04,0.555,0.454,20040
510,5.63547,5.54477,5.838e-04,0.617,0.522,20036
511,5.60011,5.54477,5.837e-04,0.469,0.368,20057
512,5.30392,5.54477,5.836e-04,0.556,0.461,20043
513,5.73436,5.54477,5.835e-04,0.513,0.389,20025
514,5.50702,5.54477,5.834e-04,0.497,0.392,20080
515,5.84932,5.54477,5.833e-04,0.480,0.366,20050
516,5.60813,5.54477,5.832e-04,0.535,0.389,20013
517,5.59836,5.54477,5.831e-04,0.493,0.397,20051
518,5.44239,5.54477,5.830e-04,0.477,0.384,20064
519,5.65728,5.54477,5.829e-04,0.504,0.391,20024
520,5.68547,5.54477,5.828e-04,0.493,0.385,20070
521,5.71100,5.54477,5.827e-04,0.480,0.372,19158
522,5.64853,5.54477,5.826e-04,0.612,0.492,20031
523,5.65949,5.54477,5.825e-04,0.566,0.457,20110
524,5.48615,5.54477,5.824e-04,0.519,0.413,20070
525,5.63347,5.54477,5.822e-04,0.557,0.456,20025
526,5.56008,5.54477,5.821e-04,0.540,0.439,20068
527,5.45113,5.54477,5.820e-04,0.555,0.449,20049
528,5.80047,5.54477,5.819e-04,0.471,0.354,20072
529,5.63327,5.54477,5.818e-04,0.527,0.417,20035
530,5.59509,5.54477,5.817e-04,0.504,0.394,20054
531,5.51228,5.54477,5.816e-04,0.456,0.349,20070
532,5.65356,5.54477,5.815e-04,0.504,0.404,20044
533,5.62913,5.54477,5.814e-04,0.516,0.405,20084
534,5.57129,5.54477,5.813e-04,0.445,0.335,20039
535,5.76557,5.54477,5.812e-04,0.509,0.396,20046
536,5.85376,5.54477,5.810e-04,0.489,0.367,20056
537,5.63279,5.54477,5.809e-04,0.473,0.371,20081
538,5.53401,5.54477,5.808e-04,0.566,0.465,20052
539,5.55626,5.54477,5.807e-04,0.420,0.321,20086
540,5.55899,5.54477,5.806e-04,0.453,0.358,20066
541,5.64428,5.54477,5.805e-04,0.496,0.384,19155
542,5.62081,5.54477,5.804e-04,0.453,0.349,20082
543,5.63734,5.54477,5.803e-04,0.504,0.385,20071
544,5.43455,5.54477,5.801e-04,0.485,0.383,20057
545,5.80321,5.54477,5.800e-04,0.508,0.391,20085
546,5.67937,5.54477,5.799e-04,0.488,0.378,20066
547,5.55771,5.54477,5.798e-04,0.479,0.360,20045
548,5.66962,5.54477,5.797e-04,0.501,0.378,20067
549,5.65536,5.54477,5.796e-04,0.540,0.434,19994
550,5.70537,5.54477,5.794e-04,0.443,0.339,20031
551,5.58956,5.54477,5.793e-04,0.496,0.387,20078
552,5.44905,5.54477,5.792e-04,0.477,0.372,20057
553,5.55387,5.54477,5.791e-04,0.461,0.353,20033
554,5.58237,5.54477,5.790e-04,0.526,0.425,20052
555,5.55096,5.54477,5.789e-04,0.465,0.358,20053
556,5.56851,5.54477,5.787e-04,0.543,0.435,20043
557,5.62537,5.54477,5.786e-04,0.512,0.413,20072
558,5.78031,5.54477,5.785e-04,0.486,0.385,20066
559,5.48141,5.54477,5.784e-04,0.508,0.401,20022
560,5.57732,5.54477,5.783e-04,0.523,0.418,20054
561,5.45004,5.54477,5.782e-04,0.475,0.362,19124
562,5.52173,5.54477,5.780e-04,0.519,0.422,20041
563,5.42206,5.54477,5.779e-04,0.463,0.360,20085
564,5.62087,5.54477,5.778e-04,0.482,0.377,20088
565,5.42536,5.54477,5.777e-04,0.489,0.392,20040
566,5.51561,5.54477,5.776e-04,0.475,0.373,20075
567,5.49555,5.54477,5.774e-04,0.478,0.377,20050
568,5.62615,5.54477,5.773e-04,0.501,0.383,20045
569,5.60521,5.54477,5.772e-04,0.486,0.375,20064
570,5.59239,5.54477,5.771e-04,0.522,0.414,20060
571,5.65964,5.54477,5.769e-04,0.505,0.391,20056
572,5.48549,5.54477,5.768e-04,0.471,0.362,20063
573,5.43520,5.54477,5.767e-04,0.516,0.399,20074
574,5.59362,5.54477,5.766e-04,0.478,0.370,20050
575,5.51291,5.54477,5.765e-04,0.494,0.399,20086
576,5.55333,5.54477,5.763e-04,0.486,0.380,20086
577,5.61055,5.54477,5.762e-04,0.476,0.372,20026
578,5.48034,5.54477,5.761e-04,0.494,0.384,20085
579,5.32268,5.54477,5.760e-04,0.440,0.344,20064
580,5.53718,5.54477,5.758e-04,0.452,0.342,20058
581,5.55759,5.54477,5.757e-04,0.520,0.409,19206
582,5.34546,5.54477,5.756e-04,0.476,0.370,20052
583,5.42801,5.54477,5.755e-04,0.509,0.389,20057
584,5.43969,5.54477,5.753e-04,0.562,0.466,20033
585,5.67514,5.54477,5.752e-04,0.530,0.405,20068
586,5.46124,5.54477,5.751e-04,0.507,0.400,20043
587,5.45430,5.54477,5.749e-04,0.509,0.408,20037
588,5.68429,5.54477,5.748e-04,0.512,0.397,20062
589,5.62328,5.54477,5.747e-04,0.521,0.415,20072
590,5.51885,5.54477,5.746e-04,0.478,0.368,20038
591,5.60269,5.54477,5.744e-04,0.462,0.354,20050
592,5.47838,5.54477,5.743e-04,0.531,0.403,20049
593,5.70997,5.54477,5.742e-04,0.436,0.331,20034
594,5.46306,5.54477,5.740e-04,0.535,0.425,20043
595,5.56704,5.54477,5.739e-04,0.468,0.365,20071
596,5.51095,5.54477,5.738e-04,0.495,0.378,20030
597,5.41559,5.54477,5.737e-04,0.514,0.414,20055
598,5.50047,5.54477,5.735e-04,0.526,0.396,20068
599,5.45015,5.54477,5.734e-04,0.490,0.378,20028
600,5.52769,5.54477,5.733e-04,0.468,0.350,20071
601,5.56744,5.54477,5.731e-04,0.509,0.387,19093
602,5.68921,5.54477,5.730e-04,0.512,0.382,20041
603,5.48824,5.54477,5.729e-04,0.549,0.428,20070
604,5.47371,5.54477,5.727e-04,0.530,0.414,20065
605,5.48026,5.54477,5.726e-04,0.487,0.383,20041
606,5.52734,5.54477,5.725e-04,0.552,0.409,20067
607,5.51552,5.54477,5.723e-04,0.534,0.414,20058
608,5.43346,5.54477,5.722e-04,0.505,0.377,20041
609,5.63639,5.54477,5.721e-04,0.542,0.442,20062
610,5.60290,5.54477,5.719e-04,0.511,0.394,20070
611,5.57052,5.54477,5.718e-04,0.533,0.427,20033
612,5.42925,5.54477,5.717e-04,0.457,0.350,20041
613,5.26692,5.54477,5.715e-04,0.500,0.395,20068
614,5.63023,5.54477,5.714e-04,0.497,0.387,20027
615,5.42751,5.54477,5.713e-04,0.509,0.403,20055
616,5.50713,5.54477,5.711e-04,0.466,0.353,20061
617,5.62339,5.54477,5.710e-04,0.489,0.385,20041
618,5.38029,5.54477,5.708e-04,0.475,0.356,20066
619,5.47866,5.54477,5.707e-04,0.548,0.442,20076
620,5.48403,5.54477,5.706e-04,0.525,0.424,20056
621,5.65982,5.54477,5.704e-04,0.483,0.374,19099
622,5.33900,5.54477,5.703e-04,0.506,0.402,20058
623,5.52535,5.54477,5.702e-04,0.479,0.360,20034
624,5.60027,5.54477,5.700e-04,0.459,0.352,20091
625,5.40148,5.54477,5.699e-04,0.465,0.352,20072
626,5.52853,5.54477,5.697e-04,0.485,0.369,20053
627,5.69249,5.54477,5.696e-04,0.477,0.369,20066
628,5.46280,5.54477,5.695e-04,0.490,0.368,20039
629,5.46650,5.54477,5.693e-04,0.487,0.381,20036
630,5.45903,5.54477,5.692e-04,0.465,0.361,20071
631,5.51710,5.54477,5.690e-04,0.464,0.354,20057
632,5.36175,5.54477,5.689e-04,0.439,0.334,20059
633,5.39919,5.54477,5.688e-04,0.477,0.365,20037
634,5.52842,5.54477,5.686e-04,0.460,0.347,20069
635,5.66690,5.54477,5.685e-04,0.479,0.363,20066
636,5.54902,5.54477,5.683e-04,0.481,0.370,20035
637,5.41885,5.54477,5.682e-04,0.523,0.374,20067
638,5.65364,5.54477,5.680e-04,0.505,0.397,20086
639,5.57792,5.54477,5.679e-04,0.465,0.349,20041
640,5.46324,5.54477,5.678e-04,0.507,0.404,20081
641,5.47022,5.54477,5.676e-04,0.460,0.357,19005
642,5.57697,5.54477,5.675e-04,0.498,0.379,20038
643,5.22344,5.54477,5.673e-04,0.501,0.393,20086
644,5.34541,5.54477,5.672e-04,0.478,0.374,20073
645,5.72887,5.54477,5.670e-04,0.461,0.349,20048
646,5.52086,5.54477,5.669e-04,0.489,0.388,20054
647,5.39250,5.54477,5.667e-04,0.446,0.344,20069
648,5.59366,5.54477,5.666e-04,0.477,0.367,20052
649,5.76029,5.54477,5.665e-04,0.559,0.427,20059
650,5.44595,5.54477,5.663e-04,0.521,0.398,20077
651,5.37895,5.54477,5.662e-04,0.456,0.352,20022
652,5.47032,5.54477,5.660e-04,0.560,0.434,20052
653,5.23948,5.54477,5.659e-04,0.473,0.369,20065
654,5.26886,5.54477,5.657e-04,0.468,0.366,20042
655,5.31752,5.54477,5.656e-04,0.449,0.343,20077
656,5.26311,5.54477,5.654e-04,0.521,0.402,20094
657,5.56499,5.54477,5.653e-04,0.465,0.353,20026
658,5.76441,5.54477,5.651e-04,0.471,0.351,20081
659,5.20793,5.54477,5.650e-04,0.560,0.386,20044
660,5.62385,5.54477,5.648e-04,0.447,0.339,20043
661,5.62043,5.54477,5.647e-04,0.486,0.369,19078
662,5.29386,5.54477,5.645e-04,0.465,0.362,20076
663,5.37572,5.54477,5.644e-04,0.516,0.417,20015
664,5.24270,5.54477,5.642e-04,0.491,0.386,20076
665,5.59997,5.54477,5.641e-04,0.520,0.387,20056
666,5.36053,5.54477,5.639e-04,0.454,0.343,20047
667,5.20764,5.54477,5.638e-04,0.452,0.348,20063
668,5.29533,5.54477,5.636e-04,0.489,0.382,20067
669,5.54305,5.54477,5.635e-04,0.501,0.389,20059
670,5.54084,5.54477,5.633e-04,0.479,0.367,20069
671,5.38484,5.54477,5.632e-04,0.464,0.357,20089
672,5.46445,5.54477,5.630e-04,0.476,0.361,20045
673,5.74373,5.54477,5.629e-04,0.501,0.368,20077
674,5.56778,5.54477,5.627e-04,0.448,0.343,20069
675,5.32115,5.54477,5.626e-04,0.500,0.392,20015
676,5.48845,5.54477,5.624e-04,0.497,0.389,20049
677,5.38966,5.54477,5.622e-04,0.476,0.373,20065
678,5.44431,5.54477,5.621e-04,0.506,0.402,20038
679,5.54534,5.54477,5.619e-04,0.522,0.415,20072
680,5.34754,5.54477,5.618e-04,0.496,0.386,20067
681,5.52062,5.54477,5.616e-04,0.477,0.373,18984
682,5.58303,5.54477,5.615e-04,0.474,0.366,20061
683,5.50290,5.54477,5.613e-04,0.475,0.355,20076
684,5.68001,5.54477,5.612e-04,0.444,0.334,20032
685,5.51204,5.54477,5.610e-04,0.456,0.348,20083
686,5.46729,5.54477,5.608e-04,0.494,0.392,20071
687,5.28465,5.54477,5.607e-04,0.437,0.327,20049
688,5.56616,5.54477,5.605e-04,0.509,0.407,20023
689,5.66476,5.54477,5.604e-04,0.471,0.358,20061
690,5.46904,5.54477,5.602e-04,0.499,0.391,20065
691,5.52198,5.54477,5.601e-04,0.514,0.398,20037
692,5.40708,5.54477,5.599e-04,0.508,0.398,20040
693,5.54854,5.54477,5.597e-04,0.472,0.356,20059
694,5.60936,5.54477,5.596e-04,0.502,0.390,20033
695,5.41108,5.54477,5.594e-04,0.482,0.375,20064
696,5.77794,5.54477,5.593e-04,0.593,0.452,20036
697,5.54484,5.54477,5.591e-04,0.480,0.371,20000
698,5.45480,5.54477,5.589e-04,0.486,0.365,20074
699,5.45377,5.54477,5.588e-04,0.498,0.389,20054
700,5.28637,5.54477,5.586e-04,0.472,0.365,20014
701,5.37279,5.54477,5.585e-04,0.513,0.411,19042
702,5.54610,5.54477,5.583e-04,0.499,0.367,20064
703,5.37024,5.54477,5.581e-04,0.480,0.370,20029
704,5.36874,5.54477,5.580e-04,0.496,0.381,20058
705,5.47689,5.54477,5.578e-04,0.459,0.355,20072
706,5.48923,5.54477,5.576e-04,0.451,0.337,20045
707,5.45438,5.54477,5.575e-04,0.471,0.360,20061
708,5.37256,5.54477,5.573e-04,0.486,0.370,20066
709,5.30089,5.54477,5.572e-04,0.490,0.373,20038
710,5.25399,5.54477,5.570e-04,0.450,0.335,20063
711,5.44487,5.54477,5.568e-04,0.478,0.361,20084
712,5.51134,5.54477,5.567e-04,0.474,0.362,20053
713,5.43375,5.54477,5.565e-04,0.515,0.402,20094
714,5.40184,5.54477,5.563e-04,0.508,0.399,20074
715,5.27072,5.54477,5.562e-04,0.539,0.421,20025
716,5.49297,5.54477,5.560e-04,0.545,0.433,20056
717,5.41149,5.54477,5.558e-04,0.484,0.378,20077
718,5.35922,5.54477,5.557e-04,0.491,0.389,20010
719,5.47640,5.54477,5.555e-04,0.465,0.358,20055
720,5.54449,5.54477,5.553e-04,0.487,0.375,20061
721,5.42520,5.54477,5.552e-04,0.488,0.364,19084
722,5.47761,5.54477,5.550e-04,0.494,0.383,20065
723,5.34885,5.54477,5.548e-04,0.476,0.371,20064
724,5.42322,5.54477,5.547e-04,0.435,0.331,20043
725,5.45210,5.54477,5.545e-04,0.472,0.365,20082
726,5.47859,5.54477,5.543e-04,0.462,0.355,20103
727,5.33784,5.54477,5.542e-04,0.440,0.333,20034
728,5.56692,5.54477,5.540e-04,0.475,0.361,20081
729,5.62683,5.54477,5.538e-04,0.461,0.355,20056
730,5.57831,5.54477,5.537e-04,0.471,0.360,20028
731,5.35843,5.54477,5.535e-04,0.480,0.370,20074
732,5.40370,5.54477,5.533e-04,0.492,0.379,20046
733,5.34153,5.54477,5.531e-04,0.495,0.383,20039
734,5.65561,5.54477,5.530e-04,0.502,0.386,20064
735,5.50966,5.54477,5.528e-04,0.467,0.367,20059
736,5.35916,5.54477,5.526e-04,0.486,0.372,20088
737,5.63326,5.54477,5.525e-04,0.531,0.418,20048
738,5.41515,5.54477,5.523e-04,0.524,0.407,20040
739,5.52088,5.54477,5.521e-04,0.485,0.375,20073
740,5.49728,5.54477,5.519e-04,0.525,0.410,20048
741,5.52663,5.54477,5.518e-04,0.452,0.344,19226
742,5.47947,5.54477,5.516e-04,0.502,0.375,20056
743,5.40451,5.54477,5.514e-04,0.454,0.347,20065
744,5.50770,5.54477,5.512e-04,0.469,0.348,20092
745,5.24582,5.54477,5.511e-04,0.476,0.368,20064
746,5.63195,5.54477,5.509e-04,0.468,0.352,20043
747,5.29129,5.54477,5.507e-04,0.503,0.379,20069
748,5.33330,5.54477,5.506e-04,0.497,0.372,20070
749,5.20198,5.54477,5.504e-04,0.495,0.389,20026
750,5.62827,5.30111,5.502e-04,0.533,0.393,6243
751,5.20152,5.30111,5.500e-04,0.456,0.345,19505
752,5.27644,5.30111,5.499e-04,0.451,0.338,20065
753,5.52101,5.30111,5.497e-04,0.538,0.427,20067
754,5.36888,5.30111,5.495e-04,0.459,0.345,20063
755,5.35393,5.30111,5.493e-04,0.542,0.428,20084
756,5.46892,5.30111,5.491e-04,0.507,0.369,20046
757,5.18276,5.30111,5.490e-04,0.531,0.404,20062
758,5.41511,5.30111,5.488e-04,0.442,0.326,20078
759,5.37838,5.30111,5.486e-04,0.550,0.421,20029
760,5.52945,5.30111,5.484e-04,0.497,0.374,20055
761,5.41276,5.30111,5.483e-04,0.542,0.424,19386
762,5.19024,5.30111,5.481e-04,0.500,0.387,20029
763,5.49662,5.30111,5.479e-04,0.532,0.427,20077
764,5.35564,5.30111,5.477e-04,0.542,0.433,20060
765,5.39057,5.30111,5.475e-04,0.502,0.389,20033
766,5.36803,5.30111,5.474e-04,0.496,0.387,20055
767,5.42297,5.30111,5.472e-04,0.479,0.366,20012
768,5.53431,5.30111,5.470e-04,0.514,0.401,20046
769,5.38323,5.30111,5.468e-04,0.490,0.374,20072
770,5.33860,5.30111,5.466e-04,0.471,0.357,20058
771,5.27616,5.30111,5.465e-04,0.478,0.365,20031
772,5.67876,5.30111,5.463e-04,0.467,0.344,20072
773,5.41336,5.30111,5.461e-04,0.476,0.368,20060
774,5.37837,5.30111,5.459e-04,0.468,0.354,20040
775,5.19469,5.30111,5.457e-04,0.475,0.370,20076
776,5.48947,5.30111,5.456e-04,0.521,0.406,20095
777,5.40060,5.30111,5.454e-04,0.493,0.379,20047
778,5.40002,5.30111,5.452e-04,0.465,0.349,20079
779,5.33945,5.30111,5.450e-04,0.480,0.374,20050
780,5.41967,5.30111,5.448e-04,0.462,0.346,20018
781,5.25516,5.30111,5.446e-04,0.492,0.369,19354
782,5.44234,5.30111,5.445e-04,0.460,0.342,20063
783,5.17613,5.30111,5.443e-04,0.462,0.350,20006
784,5.36123,5.30111,5.441e-04,0.470,0.356,20056
785,5.23755,5.30111,5.439e-04,0.463,0.338,20080
786,5.30123,5.30111,5.437e-04,0.470,0.348,20058
787,5.35393,5.30111,5.435e-04,0.472,0.352,20104
788,5.41465,5.30111,5.433e-04,0.499,0.379,20078
789,5.29997,5.30111,5.432e-04,0.471,0.356,20040
790,5.34220,5.30111,5.430e-04,0.502,0.375,20072
791,5.28825,5.30111,5.428e-04,0.462,0.345,20070
792,5.32537,5.30111,5.426e-04,0.514,0.411,20057
793,5.39698,5.30111,5.424e-04,0.457,0.330,20057
794,5.33248,5.30111,5.422e-04,0.513,0.403,20080
795,5.40331,5.30111,5.420e-04,0.474,0.351,20064
796,5.36000,5.30111,5.418e-04,0.488,0.378,20051
797,5.30729,5.30111,5.417e-04,0.498,0.371,20095
798,5.31533,5.30111,5.415e-04,0.495,0.377,20077
799,5.32526,5.30111,5.413e-04,0.507,0.399,20039
800,5.43421,5.30111,5.411e-04,0.521,0.377,20064
801,5.64868,5.30111,5.409e-04,0.533,0.408,19213
802,5.24137,5.30111,5.407e-04,0.506,0.388,20050
803,5.41091,5.30111,5.405e-04,0.487,0.376,20075
804,5.47826,5.30111,5.403e-04,0.545,0.407,20072
805,5.35317,5.30111,5.401e-04,0.623,0.515,20031
806,5.43166,5.30111,5.400e-04,0.477,0.356,20063
807,5.17456,5.30111,5.398e-04,0.511,0.402,20069
808,5.35057,5.30111,5.396e-04,0.482,0.369,20036
809,5.27044,5.30111,5.394e-04,0.462,0.347,20038
810,5.39746,5.30111,5.392e-04,0.483,0.362,20067
811,5.43593,5.30111,5.390e-04,0.452,0.344,20022
812,5.38831,5.30111,5.388e-04,0.513,0.395,20060
813,5.42750,5.30111,5.386e-04,0.492,0.377,20075
814,5.25466,5.30111,5.384e-04,0.483,0.372,20049
815,4.97411,5.30111,5.382e-04,0.572,0.443,20078
816,5.27288,5.30111,5.380e-04,0.487,0.361,20079
817,5.13731,5.30111,5.378e-04,0.565,0.466,20051
818,5.28996,5.30111,5.377e-04,0.500,0.374,20069
819,5.38228,5.30111,5.375e-04,0.498,0.390,20069
820,5.40587,5.30111,5.373e-04,0.505,0.391,20025
821,5.34336,5.30111,5.371e-04,0.492,0.363,19155
822,5.23138,5.30111,5.369e-04,0.443,0.329,20068
823,5.24819,5.30111,5.367e-04,0.517,0.392,20035
824,5.26153,5.30111,5.365e-04,0.428,0.316,20105
825,5.38726,5.30111,5.363e-04,0.455,0.332,20076
826,5.12140,5.30111,5.361e-04,0.456,0.338,20042
827,5.29759,5.30111,5.359e-04,0.463,0.334,20062
828,5.42306,5.30111,5.357e-04,0.506,0.381,20074
829,5.20462,5.30111,5.355e-04,0.605,0.501,20024
830,5.13289,5.30111,5.353e-04,0.515,0.394,20070
831,5.42517,5.30111,5.351e-04,0.517,0.384,20069
832,5.47878,5.30111,5.349e-04,0.483,0.362,20047
833,5.29994,5.30111,5.347e-04,0.462,0.354,20058
834,5.25927,5.30111,5.345e-04,0.516,0.400,20055
835,5.32766,5.30111,5.343e-04,0.482,0.358,20040
836,5.34741,5.30111,5.341e-04,0.477,0.363,20080
837,5.26849,5.30111,5.339e-04,0.493,0.380,20078
838,5.35721,5.30111,5.337e-04,0.476,0.354,20035
839,5.42910,5.30111,5.335e-04,0.453,0.334,20084
840,5.38844,5.30111,5.333e-04,0.439,0.323,20045
841,5.26120,5.30111,5.331e-04,0.446,0.330,19026
842,5.33283,5.30111,5.329e-04,0.468,0.349,20073
843,5.24684,5.30111,5.327e-04,0.478,0.361,20069
844,5.27669,5.30111,5.325e-04,0.457,0.336,20045
845,5.33976,5.30111,5.323e-04,0.499,0.377,20059
846,5.41452,5.30111,5.321e-04,0.477,0.351,20042
847,5.43299,5.30111,5.319e-04,0.458,0.349,20061
848,5.35499,5.30111,5.317e-04,0.470,0.345,20031
849,5.41595,5.30111,5.315e-04,0.434,0.317,20064
850,5.30134,5.30111,5.313e-04,0.459,0.348,20061
851,5.30623,5.30111,5.311e-04,0.431,0.324,20041
852,5.42267,5.30111,5.309e-04,0.478,0.355,20088
853,5.21595,5.30111,5.307e-04,0.475,0.365,20073
854,5.40617,5.30111,5.305e-04,0.476,0.358,20032
855,5.25639,5.30111,5.303e-04,0.487,0.366,20054
856,5.41853,5.30111,5.301e-04,0.478,0.357,20104
857,5.42485,5.30111,5.299e-04,0.485,0.369,20065
858,5.24881,5.30111,5.297e-04,0.497,0.366,20059
859,5.34540,5.30111,5.295e-04,0.467,0.350,20080
860,5.17657,5.30111,5.293e-04,0.505,0.387,20054
861,5.34724,5.30111,5.291e-04,0.598,0.483,19034
862,5.43610,5.30111,5.289e-04,0.517,0.404,20060
863,5.18381,5.30111,5.287e-04,0.551,0.432,20031
864,5.27802,5.30111,5.285e-04,0.472,0.357,20071
865,5.34368,5.30111,5.283e-04,0.548,0.425,20067
866,5.23688,5.30111,5.281e-04,0.506,0.398,19982
867,5.39589,5.30111,5.279e-04,0.510,0.391,20049
868,5.38300,5.30111,5.276e-04,0.496,0.376,20065
869,5.30225,5.30111,5.274e-04,0.484,0.366,20046
870,5.48421,5.30111,5.272e-04,0.533,0.410,20067
871,5.25096,5.30111,5.270e-04,0.488,0.376,20056
872,5.47804,5.30111,5.268e-04,0.526,0.403,20027
873,5.30971,5.30111,5.266e-04,0.538,0.405,20073
874,5.36189,5.30111,5.264e-04,0.488,0.371,20068
875,5.33842,5.30111,5.262e-04,0.516,0.377,20054
876,5.49146,5.30111,5.260e-04,0.439,0.325,20037
877,5.22658,5.30111,5.258e-04,0.464,0.338,20063
878,5.12375,5.30111,5.256e-04,0.503,0.362,20032
879,5.29398,5.30111,5.254e-04,0.454,0.332,20091
880,5.29876,5.30111,5.252e-04,0.496,0.369,20092
881,5.10190,5.30111,5.249e-04,0.498,0.380,19141
882,5.35496,5.30111,5.247e-04,0.488,0.348,20030
883,5.42243,5.30111,5.245e-04,0.480,0.360,20060
884,5.21784,5.30111,5.243e-04,0.489,0.371,20030
885,5.24656,5.30111,5.241e-04,0.530,0.417,20053
886,5.13091,5.30111,5.239e-04,0.506,0.366,20077
887,5.31209,5.30111,5.237e-04,0.451,0.338,20037
888,5.26867,5.30111,5.235e-04,0.508,0.385,20082
889,5.33818,5.30111,5.233e-04,0.490,0.369,20080
890,5.24719,5.30111,5.230e-04,0.491,0.368,20067
891,5.13945,5.30111,5.228e-04,0.495,0.378,20075
892,5.48868,5.30111,5.226e-04,0.515,0.378,20083
893,5.36383,5.30111,5.224e-04,0.461,0.345,20030
894,5.33821,5.30111,5.222e-04,0.495,0.367,20076
895,5.19823,5.30111,5.220e-04,0.508,0.393,20051
896,5.45559,5.30111,5.218e-04,0.481,0.354,20066
897,5.22485,5.30111,5.216e-04,0.474,0.366,20025
898,5.22276,5.30111,5.213e-04,0.500,0.383,20069
899,5.34388,5.30111,5.211e-04,0.546,0.420,20055
900,5.44973,5.30111,5.209e-04,0.537,0.416,20015
901,5.08390,5.30111,5.207e-04,0.512,0.397,19398
902,5.31268,5.30111,5.205e-04,0.515,0.405,20055
903,5.29761,5.30111,5.203e-04,0.545,0.413,20037
904,5.40342,5.30111,5.201e-04,0.491,0.386,20060
905,5.24832,5.30111,5.198e-04,0.525,0.397,20059
906,5.34088,5.30111,5.196e-04,0.500,0.383,20027
907,5.44838,5.30111,5.194e-04,0.479,0.336,20066
908,5.39277,5.30111,5.192e-04,0.463,0.339,20054
909,5.45576,5.30111,5.190e-04,0.483,0.355,20033
910,5.19377,5.30111,5.188e-04,0.478,0.357,20050
911,5.03210,5.30111,5.185e-04,0.472,0.354,20084
912,5.38456,5.30111,5.183e-04,0.483,0.359,20057
913,5.42115,5.30111,5.181e-04,0.474,0.344,20035
914,5.14257,5.30111,5.179e-04,0.480,0.355,20071
915,5.38915,5.30111,5.177e-04,0.459,0.332,20087
916,5.29288,5.30111,5.175e-04,0.496,0.373,20078
917,5.38304,5.30111,5.172e-04,0.488,0.354,20054
918,5.24787,5.30111,5.170e-04,0.496,0.372,20024
919,5.14854,5.30111,5.168e-04,0.493,0.371,20052
920,5.42590,5.30111,5.166e-04,0.521,0.365,20076
921,5.18469,5.30111,5.164e-04,0.439,0.322,19031
922,5.11904,5.30111,5.161e-04,0.464,0.341,20059
923,5.30568,5.30111,5.159e-04,0.487,0.354,20068
924,5.34200,5.30111,5.157e-04,0.452,0.329,20028
925,5.07489,5.30111,5.155e-04,0.521,0.401,20071
926,5.40612,5.30111,5.153e-04,0.497,0.368,20062
927,5.21606,5.30111,5.150e-04,0.532,0.401,20037
928,5.21642,5.30111,5.148e-04,0.526,0.389,20068
929,5.20905,5.30111,5.146e-04,0.496,0.383,20067
930,5.37515,5.30111,5.144e-04,0.483,0.368,20031
931,5.22505,5.30111,5.142e-04,0.659,0.542,20088
932,5.09932,5.30111,5.139e-04,0.586,0.470,20075
933,5.19640,5.30111,5.137e-04,0.522,0.368,20065
934,5.29634,5.30111,5.135e-04,0.517,0.394,20082
935,5.24099,5.30111,5.133e-04,0.497,0.376,20065
936,5.40773,5.30111,5.131e-04,0.473,0.356,20037
937,5.28781,5.30111,5.128e-04,0.498,0.370,20058
938,5.27737,5.30111,5.126e-04,0.531,0.414,20070
939,5.42932,5.30111,5.124e-04,0.510,0.396,20088
940,5.17266,5.30111,5.122e-04,0.546,0.426,20093
941,5.24670,5.30111,5.119e-04,0.501,0.383,19058
942,5.25182,5.30111,5.117e-04,0.468,0.345,20071
943,5.25014,5.30111,5.115e-04,0.539,0.418,20079
944,5.24297,5.30111,5.113e-04,0.500,0.392,20059
945,5.25661,5.30111,5.110e-04,0.505,0.403,20069
946,5.26652,5.30111,5.108e-04,0.501,0.394,20086
947,5.25713,5.30111,5.106e-04,0.572,0.453,20040
948,5.25807,5.30111,5.104e-04,0.489,0.365,20064
949,5.20293,5.30111,5.101e-04,0.491,0.353,20072
950,5.03550,5.30111,5.099e-04,0.509,0.391,20015
951,5.10948,5.30111,5.097e-04,0.493,0.372,20085
952,5.24743,5.30111,5.095e-04,0.493,0.364,20087
953,5.01783,5.30111,5.092e-04,0.515,0.389,20053
954,5.10674,5.30111,5.090e-04,0.538,0.421,20076
955,5.28273,5.30111,5.088e-04,0.514,0.384,20075
956,5.41870,5.30111,5.086e-04,0.550,0.421,20027
957,5.32463,5.30111,5.083e-04,0.529,0.385,20054
958,5.36622,5.30111,5.081e-04,0.470,0.351,20061
959,5.42922,5.30111,5.079e-04,0.526,0.410,20018
960,5.15474,5.30111,5.076e-04,0.546,0.438,20054
961,5.24298,5.30111,5.074e-04,0.523,0.411,19162
962,5.37151,5.30111,5.072e-04,0.529,0.401,20074
963,5.15116,5.30111,5.070e-04,0.484,0.361,20078
964,5.46789,5.30111,5.067e-04,0.562,0.424,20067
965,5.12354,5.30111,5.065e-04,0.619,0.502,20034
966,5.15623,5.30111,5.063e-04,0.528,0.398,20052
967,5.26453,5.30111,5.060e-04,0.535,0.396,20069
968,5.21659,5.30111,5.058e-04,0.482,0.375,20028
969,5.19530,5.30111,5.056e-04,0.521,0.414,20080
970,5.05336,5.30111,5.054e-04,0.515,0.394,20043
971,5.23661,5.30111,5.051e-04,0.470,0.344,20033
972,5.18367,5.30111,5.049e-04,0.479,0.362,20066
973,5.25462,5.30111,5.047e-04,0.491,0.354,20049
974,5.09362,5.30111,5.044e-04,0.541,0.428,20035
975,5.13752,5.30111,5.042e-04,0.479,0.359,20066
976,5.06811,5.30111,5.040e-04,0.509,0.383,20058
977,5.29872,5.30111,5.037e-04,0.472,0.354,20055
978,5.17997,5.30111,5.035e-04,0.453,0.321,20082
979,5.36609,5.30111,5.033e-04,0.522,0.387,20075
980,5.06813,5.30111,5.030e-04,0.497,0.382,20068
981,5.14523,5.30111,5.028e-04,0.468,0.344,19194
982,5.16616,5.30111,5.026e-04,0.459,0.333,20085
983,5.26964,5.30111,5.023e-04,0.607,0.493,20032
984,5.19474,5.30111,5.021e-04,0.504,0.381,20088
985,5.22691,5.30111,5.019e-04,0.574,0.450,20058
986,5.29643,5.30111,5.016e-04,0.466,0.334,20042
987,5.37333,5.30111,5.014e-04,0.629,0.512,20032
988,5.17247,5.30111,5.012e-04,0.451,0.332,20065
989,5.20942,5.30111,5.009e-04,0.558,0.418,20028
990,5.28044,5.30111,5.007e-04,0.495,0.369,20057
991,5.12605,5.30111,5.005e-04,0.481,0.362,20081
992,5.25119,5.30111,5.002e-04,0.515,0.393,19997
993,5.28248,5.30111,5.000e-04,0.497,0.368,20062
994,5.04604,5.30111,4.998e-04,0.492,0.371,20086
995,5.31564,5.30111,4.995e-04,0.590,0.477,20081
996,5.37807,5.30111,4.993e-04,0.503,0.369,20024
997,5.05827,5.30111,4.991e-04,0.557,0.424,20040
998,5.42866,5.30111,4.988e-04,0.510,0.380,20064
999,5.14685,5.30111,4.986e-04,0.506,0.383,20049
1000,5.48057,5.12278,4.983e-04,0.531,0.397,6169
1001,5.13202,5.12278,4.981e-04,0.498,0.377,19416
1002,5.07200,5.12278,4.979e-04,0.489,0.375,20051
1003,5.33494,5.12278,4.976e-04,0.509,0.376,20048
1004,5.31605,5.12278,4.974e-04,0.475,0.348,20077
1005,5.29271,5.12278,4.972e-04,0.511,0.387,20062
1006,5.04980,5.12278,4.969e-04,0.489,0.367,20033
1007,5.21332,5.12278,4.967e-04,0.501,0.371,20080
1008,5.17144,5.12278,4.964e-04,0.498,0.376,20055
1009,5.12290,5.12278,4.962e-04,0.469,0.349,20040
1010,5.02393,5.12278,4.960e-04,0.537,0.419,20058
1011,5.14014,5.12278,4.957e-04,0.507,0.390,20072
1012,5.31767,5.12278,4.955e-04,0.537,0.414,20045
1013,5.19125,5.12278,4.952e-04,0.473,0.347,20097
1014,5.12849,5.12278,4.950e-04,0.493,0.373,20068
1015,5.09277,5.12278,4.948e-04,0.517,0.401,20047
1016,5.19076,5.12278,4.945e-04,0.463,0.340,20082
1017,5.11742,5.12278,4.943e-04,0.495,0.370,20076
1018,5.20635,5.12278,4.940e-04,0.560,0.413,20034
1019,5.33034,5.12278,4.938e-04,0.457,0.333,20063
1020,4.77699,5.12278,4.936e-04,0.508,0.388,20063
1021,5.34522,5.12278,4.933e-04,0.540,0.398,19362
1022,5.21905,5.12278,4.931e-04,0.681,0.435,20052
1023,5.19166,5.12278,4.928e-04,0.619,0.505,20076
1024,5.44428,5.12278,4.926e-04,0.522,0.395,20032
1025,5.15576,5.12278,4.924e-04,0.678,0.567,20062
1026,5.01034,5.12278,4.921e-04,0.555,0.433,20068
1027,5.23685,5.12278,4.919e-04,0.516,0.401,20010
1028,5.05066,5.12278,4.916e-04,0.521,0.401,20081
1029,5.29729,5.12278,4.914e-04,0.555,0.427,20057
1030,5.12174,5.12278,4.911e-04,0.506,0.387,20015
1031,5.03639,5.12278,4.909e-04,0.514,0.392,20088
1032,5.14183,5.12278,4.907e-04,0.502,0.377,20081
1033,5.35427,5.12278,4.904e-04,0.477,0.344,20062
1034,5.28999,5.12278,4.902e-04,0.536,0.409,20076
1035,5.10463,5.12278,4.899e-04,0.495,0.368,20062
1036,5.07332,5.12278,4.897e-04,0.464,0.337,20022
1037,5.39219,5.12278,4.894e-04,0.497,0.364,20065
1038,5.17413,5.12278,4.892e-04,0.525,0.405,20066
1039,5.21268,5.12278,4.889e-04,0.557,0.434,20054
1040,5.17546,5.12278,4.887e-04,0.490,0.356,20071
1041,5.20267,5.12278,4.885e-04,0.485,0.363,18978
1042,4.85420,5.12278,4.882e-04,0.550,0.422,20081
1043,5.30107,5.12278,4.880e-04,0.595,0.463,20055
1044,4.94256,5.12278,4.877e-04,0.580,0.467,20038
1045,5.26657,5.12278,4.875e-04,0.520,0.389,20084
1046,5.21187,5.12278,4.872e-04,0.492,0.371,20036
1047,5.34757,5.12278,4.870e-04,0.523,0.387,20024
1048,5.26206,5.12278,4.867e-04,0.582,0.457,20077
1049,5.19418,5.12278,4.865e-04,0.504,0.382,20056
1050,5.13535,5.12278,4.862e-04,0.502,0.375,20024
1051,5.30291,5.12278,4.860e-04,0.558,0.440,20058
1052,5.08257,5.12278,4.857e-04,0.543,0.429,20058
1053,5.15024,5.12278,4.855e-04,0.474,0.355,20017
1054,5.21764,5.12278,4.853e-04,0.513,0.388,20063
1055,5.15692,5.12278,4.850e-04,0.523,0.403,20074
1056,5.07589,5.12278,4.848e-04,0.576,0.448,20055
1057,5.24455,5.12278,4.845e-04,0.475,0.350,20053
1058,5.36674,5.12278,4.843e-04,0.510,0.386,20051
1059,5.18355,5.12278,4.840e-04,0.529,0.409,20044
1060,5.19842,5.12278,4.838e-04,0.518,0.381,20090
1061,5.27642,5.12278,4.835e-04,0.503,0.364,19320
1062,5.27790,5.12278,4.833e-04,0.479,0.356,20054
1063,5.13387,5.12278,4.830e-04,0.494,0.363,20051
1064,5.15398,5.12278,4.828e-04,0.510,0.379,20074
1065,5.13142,5.12278,4.825e-04,0.492,0.370,20038
1066,5.23851,5.12278,4.823e-04,0.477,0.346,20059
1067,5.00199,5.12278,4.820e-04,0.539,0.415,20069
1068,5.18766,5.12278,4.818e-04,0.540,0.420,20031
1069,5.05212,5.12278,4.815e-04,0.515,0.394,20059
1070,4.95169,5.12278,4.813e-04,0.562,0.440,20057
1071,5.11282,5.12278,4.810e-04,0.525,0.407,20031
1072,5.15966,5.12278,4.808e-04,0.613,0.494,20084
1073,5.08498,5.12278,4.805e-04,0.484,0.363,20094
1074,5.01707,5.12278,4.803e-04,0.538,0.408,20037
1075,5.21921,5.12278,4.800e-04,0.460,0.329,20091
1076,5.10327,5.12278,4.798e-04,0.587,0.470,20069
1077,5.03895,5.12278,4.795e-04,0.649,0.550,20044
1078,5.28099,5.12278,4.792e-04,0.602,0.480,20068
1079,5.10492,5.12278,4.790e-04,0.763,0.653,20089
1080,5.13584,5.12278,4.787e-04,0.552,0.434,20056
1081,5.36844,5.12278,4.785e-04,0.840,0.710,19060
1082,5.20158,5.12278,4.782e-04,0.482,0.357,20074
1083,5.27659,5.12278,4.780e-04,0.503,0.382,20042
1084,5.19043,5.12278,4.777e-04,0.506,0.377,20093
1085,5.21074,5.12278,4.775e-04,0.508,0.373,20064
1086,4.92308,5.12278,4.772e-04,0.499,0.379,20032
1087,5.15376,5.12278,4.770e-04,0.510,0.385,20062
1088,5.00886,5.12278,4.767e-04,0.524,0.402,20070
1089,5.30988,5.12278,4.765e-04,0.597,0.458,20026
1090,4.92853,5.12278,4.762e-04,0.545,0.422,20072
1091,5.15097,5.12278,4.759e-04,0.542,0.415,20055
1092,5.15208,5.12278,4.757e-04,0.509,0.375,20045
1093,5.28222,5.12278,4.754e-04,0.570,0.430,20054
1094,5.10494,5.12278,4.752e-04,0.511,0.389,20060
1095,5.09151,5.12278,4.749e-04,0.491,0.359,20074
1096,5.14049,5.12278,4.747e-04,0.544,0.426,20075
1097,5.16708,5.12278,4.744e-04,0.526,0.406,20098
1098,5.06920,5.12278,4.742e-04,0.548,0.418,20059
1099,5.21976,5.12278,4.739e-04,0.546,0.428,20047
1100,5.05524,5.12278,4.736e-04,0.536,0.411,20049
1101,5.15970,5.12278,4.734e-04,0.539,0.418,19023
1102,5.11490,5.12278,4.731e-04,0.547,0.434,20057
1103,5.16880,5.12278,4.729e-04,0.642,0.518,20079
1104,5.07951,5.12278,4.726e-04,0.498,0.375,20074
1105,5.15713,5.12278,4.724e-04,0.516,0.397,20026
1106,5.07816,5.12278,4.721e-04,0.528,0.399,20075
1107,5.07966,5.12278,4.718e-04,0.566,0.434,20065
1108,5.16735,5.12278,4.716e-04,0.500,0.373,20037
1109,5.15846,5.12278,4.713e-04,0.535,0.400,20060
1110,5.19419,5.12278,4.711e-04,0.566,0.436,20070
1111,4.88387,5.12278,4.708e-04,0.675,0.562,20000
1112,5.14888,5.12278,4.706e-04,0.523,0.401,20062
1113,5.31135,5.12278,4.703e-04,0.539,0.413,20074
1114,4.91534,5.12278,4.700e-04,0.491,0.378,20100
1115,4.72912,5.12278,4.698e-04,0.658,0.545,20079
1116,5.07580,5.12278,4.695e-04,0.569,0.445,20054
1117,5.10884,5.12278,4.693e-04,0.503,0.379,20056
1118,5.17889,5.12278,4.690e-04,0.570,0.448,20063
1119,5.02412,5.12278,4.687e-04,0.506,0.384,20077
1120,5.29151,5.12278,4.685e-04,0.522,0.398,20063
1121,5.11362,5.12278,4.682e-04,0.487,0.366,19008
1122,5.25149,5.12278,4.680e-04,0.493,0.367,20055
1123,5.26244,5.12278,4.677e-04,0.508,0.376,20069
1124,4.95132,5.12278,4.674e-04,0.635,0.519,20051
1125,5.00615,5.12278,4.672e-04,0.555,0.427,20068
1126,5.08581,5.12278,4.669e-04,0.624,0.505,20045
1127,4.98117,5.12278,4.667e-04,0.506,0.395,20050
1128,5.09904,5.12278,4.664e-04,0.558,0.444,20077
1129,5.24047,5.12278,4.661e-04,0.587,0.464,20082
1130,5.08663,5.12278,4.659e-04,0.605,0.487,20064
1131,5.16451,5.12278,4.656e-04,0.520,0.392,20010
1132,5.07590,5.12278,4.653e-04,0.589,0.464,20072
1133,5.08273,5.12278,4.651e-04,0.514,0.382,20037
1134,5.16193,5.12278,4.648e-04,0.589,0.433,20095
1135,5.17767,5.12278,4.646e-04,0.655,0.538,20054
1136,5.18679,5.12278,4.643e-04,0.573,0.440,20052
1137,5.23128,5.12278,4.640e-04,0.557,0.430,20079
1138,5.11261,5.12278,4.638e-04,0.555,0.430,20072
1139,5.17979,5.12278,4.635e-04,0.578,0.435,20056
1140,5.15133,5.12278,4.632e-04,0.518,0.389,20063
1141,5.18517,5.12278,4.630e-04,0.511,0.373,19152
1142,5.17070,5.12278,4.627e-04,0.539,0.406,20046
1143,5.04698,5.12278,4.625e-04,0.581,0.462,20074
1144,5.08695,5.12278,4.622e-04,0.516,0.379,20073
1145,5.32346,5.12278,4.619e-04,0.578,0.451,20029
1146,5.17449,5.12278,4.617e-04,0.557,0.423,20069
1147,4.98204,5.12278,4.614e-04,0.541,0.410,20059
1148,5.10488,5.12278,4.611e-04,0.485,0.355,20033
1149,5.08489,5.12278,4.609e-04,0.488,0.349,20062
1150,5.24027,5.12278,4.606e-04,0.536,0.404,20072
1151,5.07131,5.12278,4.603e-04,0.478,0.344,20054
1152,5.08776,5.12278,4.601e-04,0.582,0.454,20078
1153,5.15445,5.12278,4.598e-04,0.486,0.356,20092
1154,5.05216,5.12278,4.595e-04,0.658,0.540,20049
1155,4.99789,5.12278,4.593e-04,0.551,0.418,20079
1156,5.15446,5.12278,4.590e-04,0.560,0.428,20061
1157,4.98707,5.12278,4.587e-04,0.541,0.414,20045
1158,5.16215,5.12278,4.585e-04,0.567,0.433,20060
1159,5.18469,5.12278,4.582e-04,0.586,0.447,20059
1160,5.16733,5.12278,4.579e-04,0.533,0.400,20023
1161,5.15515,5.12278,4.577e-04,0.626,0.514,19111
1162,5.07052,5.12278,4.574e-04,0.579,0.432,20069
1163,5.10722,5.12278,4.571e-04,0.609,0.481,20069
1164,5.25582,5.12278,4.569e-04,0.645,0.516,20072
1165,5.16302,5.12278,4.566e-04,0.589,0.448,20069
1166,5.12309,5.12278,4.563e-04,0.565,0.452,20052
1167,5.12372,5.12278,4.561e-04,0.651,0.535,20066
1168,5.11862,5.12278,4.558e-04,0.711,0.586,20051
1169,4.93194,5.12278,4.555e-04,0.533,0.400,20048
1170,5.35931,5.12278,4.553e-04,0.572,0.424,20061
1171,5.02372,5.12278,4.550e-04,0.813,0.678,20053
1172,5.20568,5.12278,4.547e-04,0.489,0.351,20082
1173,5.12395,5.12278,4.545e-04,0.633,0.504,19996
1174,5.32208,5.12278,4.542e-04,0.637,0.512,20058
1175,4.93128,5.12278,4.539e-04,0.497,0.357,20045
1176,5.03538,5.12278,4.537e-04,0.641,0.512,20019
1177,5.21998,5.12278,4.534e-04,0.520,0.384,20054
1178,5.12316,5.12278,4.531e-04,0.580,0.451,20058
1179,4.93827,5.12278,4.528e-04,0.561,0.418,20045
1180,4.93688,5.12278,4.526e-04,0.556,0.432,20061
1181,5.10198,5.12278,4.523e-04,0.520,0.374,19131
1182,5.05316,5.12278,4.520e-04,0.541,0.414,20037
1183,5.21158,5.12278,4.518e-04,0.590,0.447,20101
1184,5.11294,5.12278,4.515e-04,0.861,0.737,20061
1185,5.13878,5.12278,4.512e-04,0.635,0.511,20071
1186,5.15419,5.12278,4.510e-04,0.586,0.451,20069
1187,4.92183,5.12278,4.507e-04,0.544,0.404,20085
1188,5.08566,5.12278,4.504e-04,0.708,0.583,20022
1189,5.08091,5.12278,4.501e-04,0.592,0.457,20072
1190,5.24494,5.12278,4.499e-04,0.544,0.406,20056
1191,5.00918,5.12278,4.496e-04,0.528,0.395,20050
1192,5.04267,5.12278,4.493e-04,0.514,0.381,20088
1193,4.90818,5.12278,4.491e-04,0.593,0.460,20089
1194,5.14468,5.12278,4.488e-04,0.521,0.394,20054
1195,5.08789,5.12278,4.485e-04,0.546,0.416,20060
1196,4.85530,5.12278,4.482e-04,0.535,0.414,20071
1197,4.96509,5.12278,4.480e-04,0.561,0.423,20049
1198,4.90384,5.12278,4.477e-04,0.545,0.418,20064
1199,5.28757,5.12278,4.474e-04,0.502,0.369,20072
1200,5.05972,5.12278,4.471e-04,0.530,0.406,20046
1201,5.10198,5.12278,4.469e-04,0.533,0.411,19129
1202,5.13400,5.12278,4.466e-04,0.479,0.345,20066
1203,4.91825,5.12278,4.463e-04,0.537,0.408,20055
1204,5.18709,5.12278,4.461e-04,0.515,0.392,20049
1205,5.16204,5.12278,4.458e-04,0.493,0.365,20086
1206,5.05895,5.12278,4.455e-04,0.524,0.395,20036
1207,5.27734,5.12278,4.452e-04,0.576,0.397,20071
1208,4.98829,5.12278,4.450e-04,0.566,0.445,20051
1209,4.92472,5.12278,4.447e-04,0.719,0.612,20013
1210,4.96302,5.12278,4.444e-04,0.507,0.376,20062
1211,5.14989,5.12278,4.441e-04,0.553,0.427,20068
1212,4.97175,5.12278,4.439e-04,0.580,0.449,20056
1213,5.09469,5.12278,4.436e-04,0.494,0.369,20073
1214,5.01545,5.12278,4.433e-04,0.524,0.394,20093
1215,5.21950,5.12278,4.430e-04,0.495,0.347,20058
1216,4.90421,5.12278,4.428e-04,0.561,0.443,20080
1217,4.91521,5.12278,4.425e-04,0.504,0.374,20083
1218,5.15452,5.12278,4.422e-04,0.502,0.368,20017
1219,4.97729,5.12278,4.419e-04,0.574,0.440,20081
1220,5.18283,5.12278,4.417e-04,0.524,0.391,20070
1221,4.69245,5.12278,4.414e-04,0.674,0.531,19341
1222,5.09474,5.12278,4.411e-04,0.708,0.582,20094
1223,5.00855,5.12278,4.408e-04,0.551,0.423,20076
1224,5.21239,5.12278,4.406e-04,0.591,0.463,20067
1225,5.16800,5.12278,4.403e-04,0.619,0.493,20036
1226,4.98305,5.12278,4.400e-04,0.571,0.436,20063
1227,4.98672,5.12278,4.397e-04,0.532,0.402,20054
1228,5.08651,5.12278,4.394e-04,0.637,0.523,20040
1229,5.23367,5.12278,4.392e-04,0.649,0.517,20066
1230,5.03403,5.12278,4.389e-04,0.623,0.501,20065
1231,5.02882,5.12278,4.386e-04,0.516,0.387,20022
1232,4.93778,5.12278,4.383e-04,0.516,0.380,20050
1233,5.06649,5.12278,4.381e-04,0.561,0.429,20069
1234,5.21769,5.12278,4.378e-04,0.613,0.484,20039
1235,5.21529,5.12278,4.375e-04,0.617,0.489,20077
1236,5.04771,5.12278,4.372e-04,0.620,0.473,20068
1237,5.09178,5.12278,4.370e-04,0.679,0.560,20061
1238,4.83304,5.12278,4.367e-04,0.606,0.471,20084
1239,4.96451,5.12278,4.364e-04,0.584,0.454,20069
1240,5.07763,5.12278,4.361e-04,0.765,0.658,20025
1241,4.94416,5.12278,4.358e-04,0.734,0.617,19260
1242,5.33672,5.12278,4.356e-04,0.607,0.465,20055
1243,5.19997,5.12278,4.353e-04,0.557,0.428,20045
1244,4.99850,5.12278,4.350e-04,0.559,0.433,20071
1245,4.99351,5.12278,4.347e-04,0.569,0.440,20058
1246,5.11228,5.12278,4.344e-04,0.607,0.489,19989
1247,4.82485,5.12278,4.342e-04,0.596,0.471,20065
1248,4.93385,5.12278,4.339e-04,1.255,1.134,20085
1249,5.00288,5.12278,4.336e-04,0.541,0.414,20042
1250,4.95331,4.95099,4.333e-04,0.572,0.437,6242
1251,4.96220,4.95099,4.330e-04,0.532,0.400,19307
1252,5.13342,4.95099,4.328e-04,0.547,0.411,20084
1253,5.22911,4.95099,4.325e-04,0.510,0.371,20047
1254,4.93088,4.95099,4.322e-04,0.539,0.404,20064
1255,5.02168,4.95099,4.319e-04,0.521,0.389,20074
1256,5.09949,4.95099,4.316e-04,0.580,0.440,20040
1257,4.78768,4.95099,4.314e-04,0.563,0.443,20064
1258,5.13112,4.95099,4.311e-04,0.515,0.377,20064
1259,5.07888,4.95099,4.308e-04,0.655,0.529,20032
1260,4.96120,4.95099,4.305e-04,0.500,0.366,20052
1261,5.03872,4.95099,4.302e-04,0.619,0.480,19053
1262,4.87351,4.95099,4.300e-04,0.629,0.514,20040
1263,5.15783,4.95099,4.297e-04,0.655,0.524,20074
1264,4.98082,4.95099,4.294e-04,0.586,0.464,20059
1265,4.89575,4.95099,4.291e-04,0.584,0.444,20033
1266,5.15098,4.95099,4.288e-04,0.801,0.684,20067
1267,4.93783,4.95099,4.285e-04,0.601,0.468,20079
1268,4.94109,4.95099,4.283e-04,0.635,0.509,20055
1269,5.26000,4.95099,4.280e-04,0.533,0.393,20079
1270,5.10103,4.95099,4.277e-04,0.655,0.510,20071
1271,5.17275,4.95099,4.274e-04,0.584,0.443,20057
1272,4.98281,4.95099,4.271e-04,0.532,0.396,20059
1273,5.18648,4.95099,4.269e-04,0.523,0.376,20068
1274,5.06241,4.95099,4.266e-04,0.553,0.411,20030
1275,4.98803,4.95099,4.263e-04,0.500,0.360,19993
1276,5.27068,4.95099,4.260e-04,0.569,0.385,19833
1277,5.16623,4.95099,4.257e-04,0.536,0.395,19836
1278,5.14599,4.95099,4.254e-04,0.608,0.466,20062
1279,4.92460,4.95099,4.252e-04,0.519,0.390,20072
1280,5.28740,4.95099,4.249e-04,0.696,0.556,20054
1281,4.96748,4.95099,4.246e-04,0.634,0.512,19032
1282,4.89697,4.95099,4.243e-04,0.537,0.404,20059
1283,4.86054,4.95099,4.240e-04,0.512,0.378,20010
1284,5.23172,4.95099,4.237e-04,0.613,0.468,20080
1285,5.24268,4.95099,4.235e-04,0.555,0.416,20061
1286,5.02581,4.95099,4.232e-04,0.575,0.458,20045
1287,5.03212,4.95099,4.229e-04,0.694,0.573,20055
1288,4.87600,4.95099,4.226e-04,0.597,0.476,20054
1289,4.95679,4.95099,4.223e-04,0.527,0.393,20053
1290,5.01399,4.95099,4.220e-04,0.670,0.548,20032
1291,4.93616,4.95099,4.217e-04,0.554,0.419,20061
1292,5.11810,4.95099,4.215e-04,0.634,0.502,20054
1293,4.93813,4.95099,4.212e-04,0.721,0.601,20025
1294,5.04859,4.95099,4.209e-04,0.531,0.389,20070
1295,5.01798,4.95099,4.206e-04,0.684,0.560,20067
1296,4.68866,4.95099,4.203e-04,0.505,0.374,20061
1297,5.21831,4.95099,4.200e-04,0.711,0.579,20094
1298,4.91408,4.95099,4.197e-04,0.550,0.406,20073
1299,4.89191,4.95099,4.195e-04,0.599,0.478,20043
1300,4.65316,4.95099,4.192e-04,0.551,0.411,20076
1301,5.10809,4.95099,4.189e-04,0.603,0.467,19376
1302,4.90655,4.95099,4.186e-04,0.598,0.472,20063
1303,5.01583,4.95099,4.183e-04,0.576,0.445,20063
1304,5.10112,4.95099,4.180e-04,0.612,0.466,20066
1305,4.97534,4.95099,4.177e-04,0.570,0.430,20052
1306,5.09334,4.95099,4.175e-04,0.708,0.591,20056
1307,4.78927,4.95099,4.172e-04,0.744,0.627,20056
1308,5.04138,4.95099,4.169e-04,0.582,0.451,20040
1309,5.10966,4.95099,4.166e-04,0.642,0.509,20062
1310,4.91566,4.95099,4.163e-04,0.701,0.590,20067
1311,5.07668,4.95099,4.160e-04,0.630,0.478,20040
1312,5.05444,4.95099,4.157e-04,0.750,0.629,20059
1313,5.00086,4.95099,4.154e-04,0.556,0.410,20066
1314,5.01564,4.95099,4.152e-04,0.759,0.651,20028
1315,4.93040,4.95099,4.149e-04,0.530,0.388,20050
1316,5.33520,4.95099,4.146e-04,0.766,0.613,20068
1317,4.91963,4.95099,4.143e-04,0.577,0.431,20025
1318,5.30437,4.95099,4.140e-04,0.670,0.528,20081
1319,4.87232,4.95099,4.137e-04,0.553,0.425,20077
1320,5.14324,4.95099,4.134e-04,0.639,0.507,20041
1321,5.01125,4.95099,4.131e-04,0.528,0.386,19085
1322,4.77387,4.95099,4.129e-04,0.612,0.463,20069
1323,4.98096,4.95099,4.126e-04,0.558,0.416,20031
1324,4.82713,4.95099,4.123e-04,0.530,0.382,20069
1325,4.87922,4.95099,4.120e-04,0.531,0.397,20069
1326,4.98346,4.95099,4.117e-04,0.610,0.476,20023
1327,5.03480,4.95099,4.114e-04,0.523,0.387,20074
1328,5.10893,4.95099,4.111e-04,0.542,0.399,20066
1329,4.98697,4.95099,4.108e-04,0.620,0.492,20034
1330,4.92510,4.95099,4.105e-04,0.584,0.455,20054
1331,5.00586,4.95099,4.103e-04,0.561,0.428,20062
1332,5.00798,4.95099,4.100e-04,0.625,0.499,20039
1333,4.96980,4.95099,4.097e-04,0.587,0.442,20056
1334,4.97991,4.95099,4.094e-04,0.576,0.440,20084
1335,4.83636,4.95099,4.091e-04,0.615,0.487,20043
1336,5.02341,4.95099,4.088e-04,0.528,0.390,20070
1337,4.70540,4.95099,4.085e-04,0.746,0.625,20086
1338,4.82954,4.95099,4.082e-04,0.596,0.460,20059
1339,4.93985,4.95099,4.079e-04,0.639,0.507,20060
1340,4.99546,4.95099,4.077e-04,0.547,0.399,20055
1341,5.01568,4.95099,4.074e-04,0.734,0.612,19151
1342,4.86292,4.95099,4.071e-04,0.521,0.383,20020
1343,4.91639,4.95099,4.068e-04,0.622,0.490,20081
1344,4.91934,4.95099,4.065e-04,0.550,0.413,20092
1345,5.10368,4.95099,4.062e-04,0.689,0.569,20069
1346,4.94577,4.95099,4.059e-04,0.569,0.427,20073
1347,5.03956,4.95099,4.056e-04,0.631,0.498,20072
1348,4.99818,4.95099,4.053e-04,0.530,0.384,20046
1349,5.27899,4.95099,4.050e-04,0.602,0.466,20041
1350,5.20927,4.95099,4.047e-04,0.538,0.394,20064
1351,4.94174,4.95099,4.045e-04,0.638,0.494,20037
1352,5.07809,4.95099,4.042e-04,0.535,0.384,20073
1353,5.07925,4.95099,4.039e-04,0.694,0.515,20047
1354,5.16047,4.95099,4.036e-04,0.608,0.473,20026
1355,5.15584,4.95099,4.033e-04,0.622,0.490,20057
1356,5.06433,4.95099,4.030e-04,0.568,0.428,20049
1357,5.09429,4.95099,4.027e-04,0.537,0.394,20040
1358,5.03342,4.95099,4.024e-04,0.640,0.508,20059
1359,4.87713,4.95099,4.021e-04,0.604,0.471,20071
1360,4.96861,4.95099,4.018e-04,0.585,0.451,20048
1361,4.79728,4.95099,4.015e-04,0.579,0.449,19136
1362,5.05832,4.95099,4.012e-04,0.605,0.472,20069
1363,5.05169,4.95099,4.010e-04,0.531,0.380,20053
1364,5.02188,4.95099,4.007e-04,0.613,0.482,20065
1365,5.03457,4.95099,4.004e-04,0.552,0.403,20050
1366,5.00084,4.95099,4.001e-04,0.639,0.512,20039
1367,4.80871,4.95099,3.998e-04,0.538,0.396,20057
1368,4.89971,4.95099,3.995e-04,0.650,0.517,20057
1369,4.97997,4.95099,3.992e-04,0.567,0.426,20040
1370,5.13467,4.95099,3.989e-04,0.685,0.556,20055
1371,4.94478,4.95099,3.986e-04,0.552,0.400,20061
1372,4.93677,4.95099,3.983e-04,0.663,0.544,20037
1373,5.14169,4.95099,3.980e-04,0.654,0.527,20093
1374,4.73474,4.95099,3.977e-04,0.540,0.392,20089
1375,4.90215,4.95099,3.974e-04,0.537,0.395,20050
1376,4.85247,4.95099,3.971e-04,0.551,0.414,20054
1377,4.94289,4.95099,3.969e-04,0.690,0.555,20078
1378,4.98444,4.95099,3.966e-04,0.563,0.435,20038
1379,5.13216,4.95099,3.963e-04,0.570,0.428,20066
1380,4.87226,4.95099,3.960e-04,0.587,0.431,20077
1381,4.93288,4.95099,3.957e-04,0.564,0.431,19077
1382,5.04235,4.95099,3.954e-04,0.568,0.431,20044
1383,5.12212,4.95099,3.951e-04,0.574,0.431,20073
1384,5.11658,4.95099,3.948e-04,0.570,0.407,20040
1385,4.73250,4.95099,3.945e-04,0.607,0.480,20012
1386,5.01745,4.95099,3.942e-04,0.625,0.495,20038
1387,4.96279,4.95099,3.939e-04,0.537,0.401,20041
1388,4.90997,4.95099,3.936e-04,0.582,0.441,20055
1389,5.04767,4.95099,3.933e-04,0.584,0.435,20058
1390,4.95555,4.95099,3.930e-04,0.562,0.418,20064
1391,4.73198,4.95099,3.927e-04,0.554,0.415,20004
1392,4.96653,4.95099,3.924e-04,0.544,0.401,20076
1393,5.05766,4.95099,3.921e-04,0.575,0.425,20043
1394,4.83690,4.95099,3.919e-04,0.540,0.390,20025
1395,5.03804,4.95099,3.916e-04,0.573,0.424,20047
1396,4.96281,4.95099,3.913e-04,0.557,0.424,20048
1397,4.81083,4.95099,3.910e-04,0.591,0.440,20033
1398,4.90528,4.95099,3.907e-04,0.693,0.554,20047
1399,4.93894,4.95099,3.904e-04,0.582,0.428,20057
1400,4.95874,4.95099,3.901e-04,0.997,0.886,20008
1401,5.08310,4.95099,3.898e-04,0.873,0.748,19169
1402,4.83625,4.95099,3.895e-04,0.583,0.439,20080
1403,4.74596,4.95099,3.892e-04,0.578,0.441,20046
1404,4.88904,4.95099,3.889e-04,0.784,0.656,20079
1405,4.98135,4.95099,3.886e-04,0.634,0.473,20058
1406,4.93476,4.95099,3.883e-04,0.721,0.524,20047
1407,4.90268,4.95099,3.880e-04,0.564,0.418,20058
1408,4.82893,4.95099,3.877e-04,0.567,0.416,20072
1409,4.93459,4.95099,3.874e-04,0.554,0.403,20036
1410,4.85505,4.95099,3.871e-04,0.571,0.435,20059
1411,4.73678,4.95099,3.868e-04,0.772,0.653,20036
1412,5.08122,4.95099,3.865e-04,0.674,0.543,20037
1413,4.91845,4.95099,3.862e-04,0.614,0.468,20054
1414,4.81660,4.95099,3.859e-04,0.604,0.447,20053
1415,4.95118,4.95099,3.856e-04,0.797,0.671,20023
1416,4.91194,4.95099,3.853e-04,0.594,0.450,20065
1417,4.85658,4.95099,3.850e-04,0.643,0.512,20041
1418,5.07540,4.95099,3.848e-04,0.600,0.433,20021
1419,4.98572,4.95099,3.845e-04,0.900,0.768,20059
1420,4.84973,4.95099,3.842e-04,0.559,0.422,20061
1421,5.01336,4.95099,3.839e-04,0.657,0.510,19073
1422,4.90921,4.95099,3.836e-04,0.632,0.487,20047
1423,4.96318,4.95099,3.833e-04,0.537,0.392,20082
1424,5.07176,4.95099,3.830e-04,0.659,0.538,20060
1425,4.92205,4.95099,3.827e-04,0.580,0.439,20083
1426,4.73582,4.95099,3.824e-04,0.629,0.498,20076
1427,4.91001,4.95099,3.821e-04,0.571,0.425,20030
1428,4.88105,4.95099,3.818e-04,0.631,0.498,20067
1429,5.03016,4.95099,3.815e-04,0.645,0.490,20071
1430,5.02090,4.95099,3.812e-04,0.567,0.420,20034
1431,4.79288,4.95099,3.809e-04,0.594,0.458,20062
1432,4.82417,4.95099,3.806e-04,0.594,0.440,20063
1433,5.10327,4.95099,3.803e-04,0.633,0.502,20030
1434,4.83176,4.95099,3.800e-04,0.580,0.434,20066
1435,5.12313,4.95099,3.797e-04,0.582,0.413,20064
1436,4.82719,4.95099,3.794e-04,0.581,0.431,20028
1437,4.83226,4.95099,3.791e-04,0.607,0.460,20082
1438,4.79891,4.95099,3.788e-04,0.600,0.470,20061
1439,4.97151,4.95099,3.785e-04,0.583,0.442,20062
1440,4.76889,4.95099,3.782e-04,0.592,0.445,20083
1441,4.95346,4.95099,3.779e-04,0.639,0.498,19059
1442,4.86593,4.95099,3.776e-04,0.560,0.412,20052
1443,5.00386,4.95099,3.773e-04,0.596,0.462,20087
1444,4.80307,4.95099,3.770e-04,0.602,0.457,20059
1445,4.94567,4.95099,3.767e-04,0.565,0.407,20064
1446,4.76867,4.95099,3.764e-04,0.594,0.451,20048
1447,5.04914,4.95099,3.761e-04,0.612,0.475,20075
1448,4.96531,4.95099,3.758e-04,0.577,0.439,20048
1449,4.94168,4.95099,3.755e-04,0.564,0.419,20029
1450,4.92475,4.95099,3.752e-04,0.607,0.465,20058
1451,4.92964,4.95099,3.749e-04,0.568,0.425,20064
1452,5.09718,4.95099,3.746e-04,0.572,0.411,20039
1453,4.91068,4.95099,3.743e-04,0.597,0.447,20072
1454,4.81389,4.95099,3.740e-04,0.606,0.468,20101
1455,5.05453,4.95099,3.737e-04,0.635,0.493,20069
1456,4.78887,4.95099,3.734e-04,0.779,0.648,20059
1457,4.78153,4.95099,3.731e-04,0.611,0.471,20070
1458,5.04496,4.95099,3.728e-04,0.547,0.396,20007
1459,4.91678,4.95099,3.725e-04,0.602,0.470,20042
1460,4.78159,4.95099,3.722e-04,0.588,0.440,20080
1461,4.82405,4.95099,3.719e-04,0.583,0.437,19223
1462,4.86547,4.95099,3.716e-04,0.580,0.435,20075
1463,4.88099,4.95099,3.713e-04,0.569,0.419,20056
1464,4.94101,4.95099,3.710e-04,0.506,0.352,20021
1465,4.88385,4.95099,3.707e-04,0.552,0.412,20055
1466,5.07318,4.95099,3.704e-04,0.631,0.417,20069
1467,4.92453,4.95099,3.701e-04,0.609,0.466,20047
1468,5.02619,4.95099,3.698e-04,0.594,0.427,20059
1469,4.96086,4.95099,3.695e-04,0.559,0.423,20067
1470,4.95882,4.95099,3.692e-04,0.656,0.529,20046
1471,4.61033,4.95099,3.689e-04,0.545,0.401,20080
1472,4.75061,4.95099,3.686e-04,0.677,0.547,20102
1473,5.12537,4.95099,3.683e-04,0.565,0.411,20056
1474,4.94345,4.95099,3.680e-04,0.684,0.565,20073
1475,4.70642,4.95099,3.677e-04,0.563,0.433,20075
1476,4.93846,4.95099,3.674e-04,0.903,0.786,20038
1477,4.82327,4.95099,3.671e-04,0.743,0.621,20061
1478,4.71646,4.95099,3.668e-04,0.629,0.504,20054
1479,4.79727,4.95099,3.665e-04,0.666,0.539,20042
1480,4.89549,4.95099,3.662e-04,0.680,0.515,20070
1481,4.85703,4.95099,3.659e-04,0.577,0.426,19155
1482,4.85363,4.95099,3.656e-04,0.750,0.635,20053
1483,4.99304,4.95099,3.653e-04,0.632,0.495,20075
1484,4.86207,4.95099,3.650e-04,0.592,0.457,20061
1485,4.99293,4.95099,3.647e-04,0.635,0.449,20043
1486,5.02964,4.95099,3.644e-04,0.718,0.593,20050
1487,4.81677,4.95099,3.641e-04,0.669,0.509,20058
1488,4.82547,4.95099,3.638e-04,0.615,0.464,20026
1489,4.67980,4.95099,3.635e-04,0.593,0.442,20060
1490,4.70013,4.95099,3.632e-04,0.626,0.490,20068
1491,4.94878,4.95099,3.629e-04,0.639,0.479,20032
1492,4.97718,4.95099,3.626e-04,0.608,0.454,20076
1493,4.85674,4.95099,3.623e-04,0.714,0.574,20074
1494,4.89874,4.95099,3.620e-04,0.604,0.448,20057
1495,4.79587,4.95099,3.617e-04,0.624,0.465,20058
1496,4.86992,4.95099,3.614e-04,0.635,0.465,20054
1497,4.89733,4.95099,3.611e-04,0.663,0.517,20070
1498,4.83972,4.95099,3.608e-04,0.645,0.512,20050
1499,4.93655,4.95099,3.605e-04,0.626,0.478,20063
1500,4.79667,4.78228,3.602e-04,0.638,0.475,6171
1501,4.84344,4.78228,3.599e-04,0.596,0.456,19271
1502,5.00122,4.78228,3.596e-04,0.629,0.490,20072
1503,4.81371,4.78228,3.593e-04,0.602,0.462,20077
1504,4.95873,4.78228,3.590e-04,0.616,0.463,20034
1505,4.88296,4.78228,3.587e-04,0.593,0.453,20051
1506,4.85158,4.78228,3.584e-04,0.655,0.518,20067
1507,4.96194,4.78228,3.581e-04,0.559,0.409,20051
1508,4.96519,4.78228,3.578e-04,0.578,0.438,20043
1509,4.96750,4.78228,3.575e-04,0.639,0.492,20049
1510,4.87051,4.78228,3.572e-04,0.551,0.405,20055
1511,4.74902,4.78228,3.569e-04,0.676,0.543,20014
1512,4.87380,4.78228,3.566e-04,0.594,0.439,20049
1513,4.82591,4.78228,3.563e-04,0.574,0.433,20054
1514,4.61032,4.78228,3.560e-04,0.584,0.442,20025
1515,4.71100,4.78228,3.557e-04,0.638,0.508,20060
1516,4.90493,4.78228,3.554e-04,0.568,0.416,20071
1517,5.10442,4.78228,3.551e-04,0.578,0.428,20030
1518,4.78362,4.78228,3.548e-04,0.613,0.474,20052
1519,4.88272,4.78228,3.545e-04,0.594,0.445,20057
1520,4.93529,4.78228,3.542e-04,0.567,0.414,20028
1521,4.73762,4.78228,3.539e-04,0.711,0.594,19094
1522,5.09790,4.78228,3.536e-04,0.690,0.550,20047
1523,4.75677,4.78228,3.533e-04,0.639,0.502,20018
1524,4.71816,4.78228,3.530e-04,0.945,0.820,20069
1525,4.98311,4.78228,3.527e-04,0.639,0.483,20060
1526,4.79158,4.78228,3.524e-04,0.655,0.517,20011
1527,4.95831,4.78228,3.521e-04,0.634,0.481,20052
1528,4.90370,4.78228,3.518e-04,0.562,0.427,20043
1529,4.86287,4.78228,3.515e-04,0.585,0.437,20022
1530,4.89057,4.78228,3.512e-04,0.653,0.514,20034
1531,4.85231,4.78228,3.509e-04,0.576,0.414,20055
1532,4.66563,4.78228,3.506e-04,0.656,0.525,20010
1533,4.97601,4.78228,3.503e-04,0.601,0.453,20068
1534,4.71526,4.78228,3.500e-04,0.651,0.500,20071
1535,4.72991,4.78228,3.497e-04,0.723,0.595,20020
1536,4.86411,4.78228,3.494e-04,0.558,0.412,20046
1537,4.83065,4.78228,3.491e-04,1.312,1.168,20027
1538,5.14553,4.78228,3.488e-04,0.639,0.482,20027
1539,4.94522,4.78228,3.485e-04,0.656,0.503,20058
1540,4.57360,4.78228,3.482e-04,0.693,0.556,20061
1541,4.85050,4.78228,3.479e-04,0.612,0.464,19034
1542,4.91730,4.78228,3.476e-04,0.599,0.454,20072
1543,4.76697,4.78228,3.473e-04,0.633,0.506,20063
1544,4.84855,4.78228,3.470e-04,0.648,0.518,20033
1545,4.77333,4.78228,3.467e-04,0.608,0.464,20048
1546,4.73463,4.78228,3.463e-04,0.606,0.466,20064
1547,4.92006,4.78228,3.460e-04,0.691,0.524,20036
1548,4.85390,4.78228,3.457e-04,0.576,0.415,20072
1549,4.90025,4.78228,3.454e-04,0.586,0.434,20030
1550,4.66994,4.78228,3.451e-04,0.566,0.413,20033
1551,4.87869,4.78228,3.448e-04,0.618,0.467,20043
1552,4.91203,4.78228,3.445e-04,0.614,0.457,20065
1553,4.79372,4.78228,3.442e-04,0.565,0.411,20039
1554,4.92359,4.78228,3.439e-04,0.593,0.421,20059
1555,4.82802,4.78228,3.436e-04,0.608,0.460,20066
1556,4.80780,4.78228,3.433e-04,0.625,0.478,20042
1557,4.68529,4.78228,3.430e-04,0.575,0.426,20053
1558,4.70926,4.78228,3.427e-04,0.599,0.460,20059
1559,4.76272,4.78228,3.424e-04,0.568,0.398,20074
1560,4.86152,4.78228,3.421e-04,0.562,0.407,20039
1561,4.95872,4.78228,3.418e-04,0.546,0.398,19092
1562,4.83007,4.78228,3.415e-04,0.587,0.435,20083
1563,4.91495,4.78228,3.412e-04,0.602,0.465,20048
1564,4.88140,4.78228,3.409e-04,0.638,0.493,20086
1565,5.10850,4.78228,3.406e-04,0.558,0.401,20058
1566,5.15064,4.78228,3.403e-04,0.582,0.437,20016
1567,4.68886,4.78228,3.400e-04,0.674,0.521,20052
1568,5.22808,4.78228,3.397e-04,0.637,0.471,20066
1569,4.84214,4.78228,3.394e-04,0.679,0.553,20034
1570,4.62834,4.78228,3.391e-04,0.594,0.433,20056
1571,4.78605,4.78228,3.388e-04,0.613,0.450,20064
1572,4.97584,4.78228,3.385e-04,0.550,0.398,20025
1573,4.95647,4.78228,3.382e-04,0.610,0.440,20058
1574,5.04431,4.78228,3.379e-04,0.553,0.401,20060
1575,4.63980,4.78228,3.376e-04,0.591,0.448,20027
1576,4.81129,4.78228,3.373e-04,0.621,0.470,20060
1577,4.80565,4.78228,3.370e-04,0.608,0.459,20061
1578,4.81086,4.78228,3.367e-04,0.560,0.404,20039
1579,4.66849,4.78228,3.364e-04,0.624,0.479,20062
1580,4.58295,4.78228,3.361e-04,0.580,0.429,20061
1581,4.87290,4.78228,3.358e-04,0.627,0.468,19103
1582,5.12211,4.78228,3.355e-04,0.614,0.444,20094
1583,4.94575,4.78228,3.351e-04,0.673,0.538,20066
1584,4.68188,4.78228,3.348e-04,0.624,0.477,20029
1585,4.81567,4.78228,3.345e-04,0.607,0.464,20078
1586,4.80506,4.78228,3.342e-04,0.596,0.446,20060
1587,4.58747,4.78228,3.339e-04,0.618,0.470,20044
1588,5.04247,4.78228,3.336e-04,0.647,0.487,20041
1589,4.88026,4.78228,3.333e-04,0.599,0.444,20058
1590,4.88755,4.78228,3.330e-04,0.561,0.412,20053
1591,4.63809,4.78228,3.327e-04,0.744,0.626,20062
1592,4.73753,4.78228,3.324e-04,0.654,0.521,20061
1593,4.69871,4.78228,3.321e-04,0.636,0.503,20035
1594,4.71695,4.78228,3.318e-04,0.605,0.451,20058
1595,4.92879,4.78228,3.315e-04,0.790,0.660,20058
1596,4.69320,4.78228,3.312e-04,0.625,0.489,20011
1597,4.84212,4.78228,3.309e-04,0.769,0.636,20058
1598,4.91585,4.78228,3.306e-04,0.622,0.461,20052
1599,4.55177,4.78228,3.303e-04,0.777,0.645,20041
1600,4.82846,4.78228,3.300e-04,0.679,0.532,20057
1601,4.87749,4.78228,3.297e-04,0.766,0.635,19227
1602,5.03679,4.78228,3.294e-04,0.678,0.512,20011
1603,4.78614,4.78228,3.291e-04,0.713,0.565,20059
1604,4.91112,4.78228,3.288e-04,0.748,0.604,20054
1605,4.96562,4.78228,3.285e-04,0.558,0.404,20031
1606,4.82207,4.78228,3.282e-04,0.657,0.501,20053
1607,4.90306,4.78228,3.279e-04,0.985,0.861,20067
1608,4.70338,4.78228,3.276e-04,0.613,0.451,20018
1609,5.02218,4.78228,3.273e-04,0.731,0.580,20051
1610,4.87005,4.78228,3.270e-04,0.629,0.448,20042
1611,4.76577,4.78228,3.267e-04,0.648,0.497,20020
1612,4.78593,4.78228,3.264e-04,0.630,0.459,20065
1613,4.78516,4.78228,3.261e-04,0.592,0.438,20036
1614,4.94396,4.78228,3.258e-04,0.613,0.441,20052
1615,4.83024,4.78228,3.255e-04,0.642,0.503,20061
1616,4.67617,4.78228,3.252e-04,0.627,0.480,20052
1617,4.73665,4.78228,3.249e-04,0.608,0.470,20052
1618,4.95373,4.78228,3.245e-04,0.581,0.417,20036
1619,4.89263,4.78228,3.242e-04,0.668,0.529,20046
1620,4.83848,4.78228,3.239e-04,0.606,0.454,20046
1621,4.73547,4.78228,3.236e-04,0.581,0.426,19021
1622,4.69398,4.78228,3.233e-04,0.644,0.490,20050
1623,4.85086,4.78228,3.230e-04,0.658,0.493,20073
1624,4.90103,4.78228,3.227e-04,0.612,0.428,20037
1625,4.68444,4.78228,3.224e-04,0.592,0.448,20053
1626,4.82904,4.78228,3.221e-04,0.695,0.539,20056
1627,4.89281,4.78228,3.218e-04,0.609,0.474,20023
1628,4.61156,4.78228,3.215e-04,0.726,0.596,20075
1629,4.71946,4.78228,3.212e-04,0.643,0.487,20071
1630,4.68479,4.78228,3.209e-04,0.598,0.449,20021
1631,4.89828,4.78228,3.206e-04,0.624,0.469,20054
1632,4.89075,4.78228,3.203e-04,0.580,0.433,20046
1633,4.72000,4.78228,3.200e-04,0.749,0.601,20029
1634,4.93324,4.78228,3.197e-04,0.628,0.482,20049
1635,4.74557,4.78228,3.194e-04,0.683,0.535,20061
1636,4.78754,4.78228,3.191e-04,0.586,0.444,20031
1637,4.94233,4.78228,3.188e-04,0.633,0.478,20041
1638,4.81267,4.78228,3.185e-04,0.652,0.517,20053
1639,4.88053,4.78228,3.182e-04,0.632,0.476,20020
1640,4.82037,4.78228,3.179e-04,0.678,0.523,20069
1641,4.78356,4.78228,3.176e-04,0.574,0.422,19001
1642,4.72220,4.78228,3.173e-04,0.696,0.559,20040
1643,4.82433,4.78228,3.170e-04,0.684,0.533,20084
1644,4.66426,4.78228,3.167e-04,0.716,0.582,20053
1645,4.78636,4.78228,3.164e-04,0.659,0.502,20032
1646,4.71027,4.78228,3.161e-04,0.600,0.446,20035
1647,4.83790,4.78228,3.158e-04,0.678,0.524,20071
1648,4.89354,4.78228,3.155e-04,0.628,0.464,20025
1649,4.75145,4.78228,3.152e-04,0.708,0.569,20061
1650,4.71487,4.78228,3.149e-04,0.626,0.470,20064
1651,4.81499,4.78228,3.146e-04,0.615,0.462,20037
1652,5.03940,4.78228,3.143e-04,0.609,0.443,20073
1653,4.75261,4.78228,3.140e-04,0.629,0.465,20050
1654,4.69691,4.78228,3.137e-04,0.562,0.408,20019
1655,4.68564,4.78228,3.133e-04,0.605,0.447,20065
1656,5.00245,4.78228,3.130e-04,0.628,0.477,20072
1657,4.79002,4.78228,3.127e-04,0.573,0.413,20048
1658,4.67082,4.78228,3.124e-04,0.613,0.451,20047
1659,4.59850,4.78228,3.121e-04,0.607,0.453,20073
1660,4.79304,4.78228,3.118e-04,0.596,0.441,20041
1661,4.75536,4.78228,3.115e-04,0.622,0.469,19044
1662,4.72084,4.78228,3.112e-04,0.600,0.440,20054
1663,4.87519,4.78228,3.109e-04,0.585,0.430,20044
1664,4.80487,4.78228,3.106e-04,0.596,0.431,20081
1665,4.67952,4.78228,3.103e-04,0.626,0.470,20088
1666,4.69850,4.78228,3.100e-04,0.615,0.447,20072
1667,4.81230,4.78228,3.097e-04,0.629,0.486,20053
1668,4.89366,4.78228,3.094e-04,0.631,0.476,20065
1669,4.75419,4.78228,3.091e-04,0.616,0.467,20071
1670,4.81429,4.78228,3.088e-04,0.657,0.501,20040
1671,4.73845,4.78228,3.085e-04,0.603,0.450,20062
1672,4.86392,4.78228,3.082e-04,0.583,0.430,20056
1673,4.77299,4.78228,3.079e-04,0.686,0.532,20040
1674,4.86449,4.78228,3.076e-04,0.582,0.431,20068
1675,4.77919,4.78228,3.073e-04,0.658,0.511,20031
1676,4.66076,4.78228,3.070e-04,0.677,0.532,20018
1677,4.70531,4.78228,3.067e-04,0.589,0.434,20065
1678,4.94708,4.78228,3.064e-04,0.586,0.431,20071
1679,4.78820,4.78228,3.061e-04,0.636,0.482,20014
1680,4.59645,4.78228,3.058e-04,0.664,0.516,20048
1681,4.85132,4.78228,3.055e-04,0.644,0.499,19320
1682,4.92018,4.78228,3.052e-04,0.633,0.456,20041
1683,4.79208,4.78228,3.049e-04,0.630,0.462,20099
1684,4.73678,4.78228,3.046e-04,0.654,0.492,20071
1685,5.03856,4.78228,3.043e-04,0.586,0.426,20037
1686,4.77392,4.78228,3.040e-04,0.595,0.442,20055
1687,4.60429,4.78228,3.037e-04,0.608,0.457,20051
1688,4.82294,4.78228,3.034e-04,0.727,0.577,20041
1689,4.83720,4.78228,3.031e-04,0.597,0.442,20057
1690,4.92497,4.78228,3.028e-04,0.706,0.549,20057
1691,4.67341,4.78228,3.025e-04,0.623,0.471,20049
1692,4.84848,4.78228,3.022e-04,0.646,0.506,20042
1693,4.98304,4.78228,3.019e-04,0.788,0.631,20050
1694,4.93015,4.78228,3.016e-04,0.650,0.515,19972
1695,4.80840,4.78228,3.013e-04,0.802,0.684,20062
1696,4.96657,4.78228,3.010e-04,0.623,0.471,20055
1697,4.51492,4.78228,3.007e-04,0.719,0.590,20019
1698,4.73651,4.78228,3.004e-04,0.616,0.459,20081
1699,4.72914,4.78228,3.001e-04,0.702,0.569,20063
1700,4.80283,4.78228,2.998e-04,0.629,0.474,20032
1701,4.79651,4.78228,2.995e-04,0.614,0.460,19035
1702,4.86199,4.78228,2.992e-04,0.611,0.458,20063
1703,4.78127,4.78228,2.989e-04,0.713,0.577,20049
1704,4.74424,4.78228,2.986e-04,0.608,0.457,20073
1705,4.67176,4.78228,2.983e-04,0.606,0.445,20065
1706,4.68367,4.78228,2.980e-04,0.618,0.462,20056
1707,4.83818,4.78228,2.977e-04,0.633,0.469,20053
1708,4.95537,4.78228,2.974e-04,0.652,0.492,20055
1709,4.95592,4.78228,2.971e-04,0.589,0.426,20031
1710,4.55506,4.78228,2.968e-04,0.603,0.450,20064
1711,4.83313,4.78228,2.965e-04,0.602,0.428,20055
1712,4.96164,4.78228,2.962e-04,0.614,0.449,20027
1713,4.79207,4.78228,2.959e-04,0.639,0.491,20038
1714,4.93724,4.78228,2.956e-04,0.604,0.459,20048
1715,4.92147,4.78228,2.953e-04,0.634,0.470,20073
1716,4.88663,4.78228,2.950e-04,0.626,0.484,20025
1717,4.91708,4.78228,2.947e-04,0.600,0.443,20054
1718,4.66245,4.78228,2.944e-04,0.648,0.485,20058
1719,4.82479,4.78228,2.941e-04,0.671,0.501,20029
1720,4.68231,4.78228,2.938e-04,0.598,0.437,20066
1721,4.71333,4.78228,2.935e-04,0.624,0.458,19329
1722,4.84985,4.78228,2.932e-04,0.609,0.451,20043
1723,4.78925,4.78228,2.929e-04,0.569,0.415,20074
1724,4.79968,4.78228,2.926e-04,0.597,0.438,20050
1725,4.80854,4.78228,2.923e-04,0.820,0.670,20019
1726,4.40907,4.78228,2.920e-04,0.762,0.623,20076
1727,4.63089,4.78228,2.917e-04,0.713,0.578,20050
1728,4.67542,4.78228,2.914e-04,0.640,0.501,20060
1729,4.92855,4.78228,2.911e-04,0.672,0.505,20051
1730,4.79211,4.78228,2.908e-04,0.600,0.438,20060
1731,4.65098,4.78228,2.905e-04,0.690,0.546,20020
1732,4.82553,4.78228,2.902e-04,0.662,0.512,20074
1733,4.51968,4.78228,2.899e-04,0.740,0.604,20061
1734,4.85253,4.78228,2.896e-04,0.636,0.475,20026
1735,4.68130,4.78228,2.893e-04,0.617,0.466,20061
1736,4.59699,4.78228,2.890e-04,0.733,0.598,20058
1737,4.63880,4.78228,2.887e-04,0.714,0.577,20033
1738,4.71864,4.78228,2.884e-04,0.597,0.430,20045
1739,4.73247,4.78228,2.881e-04,0.644,0.476,20069
1740,4.99736,4.78228,2.878e-04,0.737,0.557,20010
1741,4.76244,4.78228,2.875e-04,0.691,0.544,19059
1742,4.95374,4.78228,2.872e-04,0.619,0.450,20046
1743,4.85577,4.78228,2.869e-04,0.670,0.503,20034
1744,4.83938,4.78228,2.866e-04,0.654,0.492,20057
1745,4.76367,4.78228,2.863e-04,0.617,0.471,20060
1746,4.70813,4.78228,2.860e-04,0.662,0.493,20026
1747,4.75648,4.78228,2.857e-04,0.722,0.567,20064
1748,4.71901,4.78228,2.854e-04,0.637,0.431,20052
1749,4.80963,4.78228,2.851e-04,0.656,0.497,20006
1750,4.93179,4.64999,2.848e-04,0.650,0.490,6243
1751,4.69868,4.64999,2.845e-04,0.597,0.433,19373
1752,4.53703,4.64999,2.842e-04,0.685,0.513,20051
1753,4.61814,4.64999,2.839e-04,0.642,0.470,20021
1754,4.88807,4.64999,2.836e-04,0.633,0.465,20063
1755,4.75228,4.64999,2.833e-04,0.628,0.479,20067
1756,4.82838,4.64999,2.830e-04,0.631,0.465,20008
1757,4.64490,4.64999,2.827e-04,0.659,0.485,20068
1758,4.95767,4.64999,2.824e-04,0.624,0.463,20058
1759,4.54812,4.64999,2.821e-04,0.602,0.444,20013
1760,4.57888,4.64999,2.818e-04,0.653,0.469,20065
1761,4.70896,4.64999,2.815e-04,0.616,0.459,18907
1762,4.62060,4.64999,2.812e-04,0.583,0.430,20019
1763,4.49004,4.64999,2.809e-04,0.615,0.457,20060
1764,4.61034,4.64999,2.806e-04,0.608,0.447,20067
1765,4.62977,4.64999,2.803e-04,0.635,0.475,20037
1766,4.69146,4.64999,2.800e-04,0.655,0.480,20042
1767,4.72713,4.64999,2.797e-04,0.647,0.491,20053
1768,4.66186,4.64999,2.794e-04,0.546,0.387,20028
1769,4.62612,4.64999,2.791e-04,0.625,0.464,20044
1770,4.70601,4.64999,2.788e-04,0.622,0.462,20046
1771,4.66158,4.64999,2.785e-04,0.620,0.450,20034
1772,4.79376,4.64999,2.782e-04,0.587,0.424,20049
1773,4.85845,4.64999,2.779e-04,0.574,0.421,20051
1774,4.78667,4.64999,2.776e-04,0.604,0.449,20038
1775,4.75454,4.64999,2.773e-04,0.604,0.445,20059
1776,4.46157,4.64999,2.770e-04,0.647,0.485,20060
1777,4.98289,4.64999,2.767e-04,0.651,0.482,20053
1778,4.67360,4.64999,2.764e-04,0.613,0.444,20010
1779,4.77307,4.64999,2.761e-04,0.649,0.485,20047
1780,4.89447,4.64999,2.758e-04,0.678,0.490,20056
1781,4.69755,4.64999,2.755e-04,0.631,0.457,19137
1782,4.52155,4.64999,2.752e-04,0.581,0.429,20083
1783,4.69401,4.64999,2.750e-04,0.677,0.539,20069
1784,4.83814,4.64999,2.747e-04,0.603,0.447,20028
1785,4.81831,4.64999,2.744e-04,0.596,0.444,20080
1786,4.75903,4.64999,2.741e-04,0.663,0.497,20053
1787,4.55756,4.64999,2.738e-04,0.804,0.669,20055
1788,4.78430,4.64999,2.735e-04,0.644,0.481,20057
1789,4.76571,4.64999,2.732e-04,0.730,0.580,20038
1790,4.80029,4.64999,2.729e-04,0.624,0.459,20043
1791,4.85170,4.64999,2.726e-04,0.707,0.526,20054
1792,4.58872,4.64999,2.723e-04,0.648,0.499,20044
1793,4.65385,4.64999,2.720e-04,0.627,0.464,20034
1794,4.79034,4.64999,2.717e-04,0.623,0.449,20046
1795,4.67579,4.64999,2.714e-04,0.581,0.432,20056
1796,4.93758,4.64999,2.711e-04,0.645,0.485,20039
1797,4.54406,4.64999,2.708e-04,0.714,0.517,20058
1798,4.84818,4.64999,2.705e-04,0.618,0.461,20049
1799,4.74558,4.64999,2.702e-04,0.635,0.471,20049
1800,4.69462,4.64999,2.699e-04,0.593,0.433,20056
1801,4.79806,4.64999,2.696e-04,0.614,0.456,19024
1802,4.85162,4.64999,2.693e-04,0.609,0.459,20026
1803,4.66550,4.64999,2.690e-04,0.649,0.476,20083
1804,5.05382,4.64999,2.687e-04,0.608,0.444,20048
1805,4.83999,4.64999,2.684e-04,0.634,0.477,20039
1806,4.84050,4.64999,2.681e-04,0.635,0.459,20065
1807,4.74077,4.64999,2.679e-04,0.655,0.479,20054
1808,4.79435,4.64999,2.676e-04,0.616,0.456,20047
1809,4.74937,4.64999,2.673e-04,0.758,0.598,20057
1810,4.64315,4.64999,2.670e-04,0.629,0.459,20060
1811,4.74746,4.64999,2.667e-04,0.701,0.549,20053
1812,4.94647,4.64999,2.664e-04,0.625,0.457,20085
1813,4.77645,4.64999,2.661e-04,0.661,0.522,20082
1814,4.63855,4.64999,2.658e-04,0.646,0.479,20050
1815,4.54292,4.64999,2.655e-04,0.667,0.523,20080
1816,4.77686,4.64999,2.652e-04,0.612,0.446,20058
1817,4.73025,4.64999,2.649e-04,0.702,0.568,20038
1818,4.80231,4.64999,2.646e-04,0.654,0.481,20054
1819,4.75315,4.64999,2.643e-04,0.594,0.435,20074
1820,4.86508,4.64999,2.640e-04,0.591,0.431,20028
1821,4.80790,4.64999,2.637e-04,0.658,0.495,19332
1822,4.57917,4.64999,2.634e-04,0.617,0.454,20089
1823,4.63547,4.64999,2.631e-04,0.637,0.487,20058
1824,4.66153,4.64999,2.629e-04,0.579,0.410,20074
1825,4.77522,4.64999,2.626e-04,0.594,0.434,20055
1826,4.85485,4.64999,2.623e-04,0.592,0.424,19990
1827,4.58566,4.64999,2.620e-04,0.702,0.560,20068
1828,4.84160,4.64999,2.617e-04,0.673,0.522,20061
1829,4.66691,4.64999,2.614e-04,0.661,0.502,20033
1830,4.72298,4.64999,2.611e-04,0.642,0.467,20070
1831,4.57303,4.64999,2.608e-04,0.740,0.595,20054
1832,4.64015,4.64999,2.605e-04,0.618,0.443,20055
1833,4.57652,4.64999,2.602e-04,0.676,0.524,20024
1834,4.81566,4.64999,2.599e-04,0.659,0.492,20064
1835,4.81179,4.64999,2.596e-04,0.685,0.527,20070
1836,4.92003,4.64999,2.593e-04,0.672,0.504,20028
1837,4.84612,4.64999,2.590e-04,0.577,0.410,20053
1838,4.59108,4.64999,2.588e-04,0.647,0.482,20073
1839,4.73979,4.64999,2.585e-04,0.689,0.521,20033
1840,4.92991,4.64999,2.582e-04,0.639,0.457,20070
1841,4.50040,4.64999,2.579e-04,0.645,0.489,19326
1842,4.70812,4.64999,2.576e-04,0.604,0.435,20032
1843,4.55969,4.64999,2.573e-04,0.639,0.471,20076
1844,4.65459,4.64999,2.570e-04,0.612,0.449,20055
1845,4.79259,4.64999,2.567e-04,0.653,0.466,20063
1846,4.72977,4.64999,2.564e-04,0.647,0.485,20055
1847,4.67784,4.64999,2.561e-04,0.702,0.542,20066
1848,4.86640,4.64999,2.558e-04,0.672,0.497,20060
1849,4.70952,4.64999,2.555e-04,0.705,0.555,20061
1850,4.67632,4.64999,2.553e-04,0.681,0.518,20080
1851,4.66401,4.64999,2.550e-04,0.661,0.499,20039
1852,4.56896,4.64999,2.547e-04,0.638,0.481,20089
1853,4.47229,4.64999,2.544e-04,0.639,0.491,20064
1854,4.64205,4.64999,2.541e-04,0.658,0.499,20036
1855,4.74046,4.64999,2.538e-04,0.596,0.419,20084
1856,4.81477,4.64999,2.535e-04,0.652,0.492,20068
1857,4.69696,4.64999,2.532e-04,0.658,0.506,20023
1858,4.79485,4.64999,2.529e-04,0.632,0.448,20061
1859,4.67373,4.64999,2.526e-04,0.704,0.555,20067
1860,4.76366,4.64999,2.523e-04,0.607,0.448,20039
1861,4.61116,4.64999,2.521e-04,0.696,0.491,19060
1862,4.74700,4.64999,2.518e-04,0.837,0.709,20039
1863,4.72650,4.64999,2.515e-04,0.601,0.436,19984
1864,4.60274,4.64999,2.512e-04,0.666,0.502,20078
1865,4.93127,4.64999,2.509e-04,0.659,0.496,20068
1866,4.73975,4.64999,2.506e-04,0.600,0.441,20014
1867,4.56306,4.64999,2.503e-04,0.773,0.635,20048
1868,4.73709,4.64999,2.500e-04,0.650,0.480,20065
1869,4.67843,4.64999,2.497e-04,0.734,0.581,20041
1870,4.65661,4.64999,2.495e-04,0.624,0.462,20089
1871,4.55995,4.64999,2.492e-04,0.693,0.538,20058
1872,4.60080,4.64999,2.489e-04,0.650,0.492,20014
1873,4.56622,4.64999,2.486e-04,0.624,0.463,20073
1874,4.63551,4.64999,2.483e-04,0.702,0.545,20061
1875,4.67383,4.64999,2.480e-04,0.637,0.486,20026
1876,4.70374,4.64999,2.477e-04,0.668,0.492,20047
1877,4.83980,4.64999,2.474e-04,0.635,0.463,20051
1878,4.51224,4.64999,2.471e-04,0.662,0.495,20040
1879,4.64470,4.64999,2.469e-04,0.592,0.428,20062
1880,4.59578,4.64999,2.466e-04,0.645,0.484,20069
1881,4.76885,4.64999,2.463e-04,0.627,0.444,19090
1882,4.78094,4.64999,2.460e-04,0.652,0.505,20058
1883,4.71723,4.64999,2.457e-04,0.670,0.519,20091
1884,4.66605,4.64999,2.454e-04,0.626,0.465,20062
1885,4.52998,4.64999,2.451e-04,0.803,0.637,20050
1886,4.73277,4.64999,2.448e-04,0.613,0.435,20075
1887,4.71793,4.64999,2.446e-04,0.672,0.493,20078
1888,4.57518,4.64999,2.443e-04,0.633,0.472,20051
1889,4.58291,4.64999,2.440e-04,0.734,0.556,20047
1890,4.89177,4.64999,2.437e-04,0.628,0.472,20073
1891,4.64529,4.64999,2.434e-04,0.722,0.545,20023
1892,4.65115,4.64999,2.431e-04,0.614,0.452,20042
1893,4.63357,4.64999,2.428e-04,0.620,0.459,20031
1894,4.81513,4.64999,2.425e-04,0.655,0.497,20008
1895,4.71555,4.64999,2.423e-04,0.671,0.514,20070
1896,4.61402,4.64999,2.420e-04,0.618,0.449,20068
1897,4.47094,4.64999,2.417e-04,0.717,0.571,20035
1898,4.72029,4.64999,2.414e-04,0.658,0.473,20054
1899,4.58797,4.64999,2.411e-04,0.635,0.495,20030
1900,4.54602,4.64999,2.408e-04,0.637,0.480,20013
1901,4.70798,4.64999,2.405e-04,0.654,0.503,19110
1902,4.78645,4.64999,2.403e-04,0.668,0.489,20051
1903,4.58875,4.64999,2.400e-04,0.654,0.494,20030
1904,4.60351,4.64999,2.397e-04,0.630,0.458,20048
1905,4.73986,4.64999,2.394e-04,0.678,0.514,20054
1906,4.57467,4.64999,2.391e-04,0.593,0.436,20018
1907,4.78270,4.64999,2.388e-04,0.649,0.495,20060
1908,4.75323,4.64999,2.385e-04,0.624,0.447,20073
1909,4.59897,4.64999,2.383e-04,0.770,0.617,20047
1910,4.71918,4.64999,2.380e-04,0.671,0.515,20068
1911,4.78759,4.64999,2.377e-04,0.697,0.554,20051
1912,4.65673,4.64999,2.374e-04,0.761,0.615,20046
1913,4.53740,4.64999,2.371e-04,0.668,0.504,20079
1914,4.78978,4.64999,2.368e-04,0.932,0.787,20073
1915,4.53734,4.64999,2.365e-04,0.740,0.589,20058
1916,4.74800,4.64999,2.363e-04,0.665,0.497,20065
1917,4.52082,4.64999,2.360e-04,0.937,0.805,20044
1918,4.52117,4.64999,2.357e-04,0.633,0.480,20028
1919,4.71290,4.64999,2.354e-04,0.687,0.524,20054
1920,4.71547,4.64999,2.351e-04,0.725,0.572,20074
1921,4.71716,4.64999,2.348e-04,0.739,0.587,19145
1922,4.71592,4.64999,2.346e-04,0.675,0.504,20056
1923,4.56700,4.64999,2.343e-04,0.749,0.577,20085
1924,4.60704,4.64999,2.340e-04,0.639,0.469,20036
1925,4.69624,4.64999,2.337e-04,0.714,0.532,20075
1926,4.52646,4.64999,2.334e-04,0.705,0.534,20086
1927,4.63014,4.64999,2.331e-04,0.660,0.488,20033
1928,4.55442,4.64999,2.329e-04,0.602,0.444,20061
1929,4.73702,4.64999,2.326e-04,0.669,0.510,20053
1930,4.73854,4.64999,2.323e-04,0.684,0.529,20003
1931,4.67233,4.64999,2.320e-04,0.642,0.472,20059
1932,4.89577,4.64999,2.317e-04,0.648,0.493,20073
1933,4.77228,4.64999,2.315e-04,0.623,0.451,20032
1934,4.78719,4.64999,2.312e-04,0.651,0.483,20064
1935,4.57953,4.64999,2.309e-04,0.630,0.459,20054
1936,4.72675,4.64999,2.306e-04,0.621,0.452,20020
1937,4.80518,4.64999,2.303e-04,0.614,0.449,20028
1938,4.44686,4.64999,2.300e-04,0.714,0.518,20068
1939,4.71272,4.64999,2.298e-04,0.657,0.470,20040
1940,4.42521,4.64999,2.295e-04,0.623,0.459,20019
1941,4.67032,4.64999,2.292e-04,0.630,0.461,19395
1942,4.82497,4.64999,2.289e-04,0.620,0.457,20077
1943,4.73188,4.64999,2.286e-04,0.611,0.444,20032
1944,4.79657,4.64999,2.284e-04,0.691,0.536,20087
1945,4.70966,4.64999,2.281e-04,0.661,0.491,20053
1946,4.52459,4.64999,2.278e-04,0.640,0.488,20057
1947,4.55221,4.64999,2.275e-04,0.681,0.528,20055
1948,4.75162,4.64999,2.272e-04,0.663,0.509,20057
1949,4.61656,4.64999,2.270e-04,0.636,0.458,20028
1950,4.72217,4.64999,2.267e-04,0.642,0.461,20071
1951,4.67327,4.64999,2.264e-04,0.682,0.501,20078
1952,4.61109,4.64999,2.261e-04,0.641,0.484,20039
1953,4.64971,4.64999,2.258e-04,0.624,0.463,20052
1954,4.62891,4.64999,2.256e-04,0.670,0.466,20091
1955,4.68118,4.64999,2.253e-04,0.658,0.493,20048
1956,4.57191,4.64999,2.250e-04,0.612,0.454,20092
1957,4.75559,4.64999,2.247e-04,0.646,0.459,20054
1958,4.54186,4.64999,2.244e-04,0.614,0.454,20046
1959,4.64107,4.64999,2.242e-04,0.618,0.448,20068
1960,4.69802,4.64999,2.239e-04,0.673,0.517,20047
1961,4.69933,4.64999,2.236e-04,0.686,0.514,19049
1962,4.57041,4.64999,2.233e-04,0.598,0.439,20053
1963,4.56653,4.64999,2.230e-04,0.630,0.468,20066
1964,4.68037,4.64999,2.228e-04,0.603,0.431,20031
1965,4.76609,4.64999,2.225e-04,0.735,0.586,20057
1966,4.75437,4.64999,2.222e-04,0.644,0.474,20060
1967,4.84145,4.64999,2.219e-04,0.637,0.467,20020
1968,4.71171,4.64999,2.217e-04,0.669,0.510,20072
1969,4.70533,4.64999,2.214e-04,0.638,0.465,20063
1970,4.62528,4.64999,2.211e-04,0.626,0.465,20007
1971,4.65899,4.64999,2.208e-04,0.708,0.548,20053
1972,4.84426,4.64999,2.206e-04,0.633,0.477,20036
1973,4.62039,4.64999,2.203e-04,0.685,0.516,20032
1974,4.66434,4.64999,2.200e-04,0.672,0.508,20049
1975,4.72386,4.64999,2.197e-04,0.700,0.530,20069
1976,4.47770,4.64999,2.194e-04,0.678,0.521,20015
1977,4.80840,4.64999,2.192e-04,0.658,0.499,20064
1978,4.83566,4.64999,2.189e-04,0.620,0.452,20064
1979,4.69086,4.64999,2.186e-04,0.605,0.443,20033
1980,4.66293,4.64999,2.183e-04,0.640,0.463,20049
1981,4.47052,4.64999,2.181e-04,0.638,0.477,19125
1982,4.67806,4.64999,2.178e-04,0.613,0.440,20046
1983,4.82538,4.64999,2.175e-04,0.605,0.438,20092
1984,4.74134,4.64999,2.172e-04,0.638,0.460,20082
1985,4.68831,4.64999,2.170e-04,0.585,0.425,20011
1986,4.83449,4.64999,2.167e-04,0.632,0.459,20092
1987,4.66696,4.64999,2.164e-04,0.658,0.490,20059
1988,4.74936,4.64999,2.161e-04,0.638,0.470,20033
1989,4.61956,4.64999,2.159e-04,0.711,0.547,20067
1990,4.67060,4.64999,2.156e-04,0.647,0.486,20062
1991,4.64519,4.64999,2.153e-04,0.637,0.472,20046
1992,4.45527,4.64999,2.150e-04,0.730,0.533,20019
1993,4.79518,4.64999,2.148e-04,0.652,0.488,20065
1994,4.55401,4.64999,2.145e-04,0.611,0.450,20049
1995,4.77972,4.64999,2.142e-04,0.720,0.542,20029
1996,4.65668,4.64999,2.139e-04,0.615,0.446,20072
1997,4.57554,4.64999,2.137e-04,0.648,0.472,20075
1998,4.58238,4.64999,2.134e-04,0.643,0.479,20013
1999,4.71739,4.64999,2.131e-04,0.622,0.446,20052
2000,4.66123,4.53830,2.129e-04,0.688,0.526,6134
2001,4.57673,4.53830,2.126e-04,0.635,0.460,19416
2002,4.57162,4.53830,2.123e-04,0.670,0.490,20041
2003,4.64905,4.53830,2.120e-04,0.706,0.550,20056
2004,4.53039,4.53830,2.118e-04,0.619,0.453,20062
2005,4.55979,4.53830,2.115e-04,0.666,0.515,20040
2006,4.55889,4.53830,2.112e-04,0.674,0.507,20071
2007,4.66616,4.53830,2.109e-04,0.697,0.529,20061
2008,4.52468,4.53830,2.107e-04,0.622,0.457,20031
2009,4.66164,4.53830,2.104e-04,0.626,0.457,20049
2010,4.49113,4.53830,2.101e-04,0.638,0.482,20051
2011,4.70698,4.53830,2.099e-04,0.671,0.496,20033
2012,4.34522,4.53830,2.096e-04,0.639,0.464,20042
2013,4.62805,4.53830,2.093e-04,0.615,0.458,20066
2014,4.77055,4.53830,2.090e-04,0.645,0.461,20028
2015,4.68545,4.53830,2.088e-04,0.635,0.449,20066
2016,4.47768,4.53830,2.085e-04,0.610,0.453,20045
2017,4.58877,4.53830,2.082e-04,0.623,0.457,20011
2018,4.47522,4.53830,2.080e-04,0.653,0.484,20056
2019,4.82721,4.53830,2.077e-04,0.649,0.451,20061
2020,4.42317,4.53830,2.074e-04,0.672,0.499,20018
2021,4.66179,4.53830,2.072e-04,0.662,0.487,19172
2022,4.51202,4.53830,2.069e-04,0.612,0.449,20069
2023,4.42809,4.53830,2.066e-04,0.655,0.480,20049
2024,4.74140,4.53830,2.063e-04,0.617,0.438,20079
2025,4.76632,4.53830,2.061e-04,0.598,0.425,20062
2026,4.68591,4.53830,2.058e-04,0.598,0.432,20039
2027,4.54865,4.53830,2.055e-04,0.645,0.475,20060
2028,4.62876,4.53830,2.053e-04,0.662,0.494,20050
2029,4.49751,4.53830,2.050e-04,0.632,0.466,20048
2030,4.70643,4.53830,2.047e-04,0.616,0.448,20049
2031,4.77969,4.53830,2.045e-04,0.653,0.484,20068
2032,4.67228,4.53830,2.042e-04,0.654,0.476,20028
2033,4.62153,4.53830,2.039e-04,0.631,0.458,20059
2034,4.47433,4.53830,2.037e-04,0.649,0.500,20061
2035,4.61994,4.53830,2.034e-04,0.635,0.466,20047
2036,4.73073,4.53830,2.031e-04,0.638,0.463,20054
2037,4.72443,4.53830,2.029e-04,0.705,0.498,20062
2038,4.50839,4.53830,2.026e-04,0.651,0.497,20031
2039,4.47609,4.53830,2.023e-04,0.648,0.463,20061
2040,4.69126,4.53830,2.021e-04,0.743,0.549,20073
2041,4.73589,4.53830,2.018e-04,0.672,0.501,19137
2042,4.55574,4.53830,2.015e-04,0.674,0.506,20061
2043,4.46362,4.53830,2.013e-04,0.663,0.493,20061
2044,4.52445,4.53830,2.010e-04,0.624,0.442,20025
2045,4.58432,4.53830,2.007e-04,0.667,0.493,20057
2046,4.48652,4.53830,2.005e-04,0.656,0.478,20050
2047,4.86564,4.53830,2.002e-04,0.651,0.479,20024
2048,4.68036,4.53830,1.999e-04,0.685,0.520,20051
2049,4.64297,4.53830,1.997e-04,0.658,0.483,20056
2050,4.65946,4.53830,1.994e-04,0.628,0.461,20036
2051,4.56836,4.53830,1.991e-04,0.640,0.471,20053
2052,4.85121,4.53830,1.989e-04,0.612,0.435,20057
2053,4.70893,4.53830,1.986e-04,0.661,0.492,20052
2054,4.59764,4.53830,1.983e-04,0.665,0.498,20026
2055,4.53211,4.53830,1.981e-04,0.629,0.466,20059
2056,4.65481,4.53830,1.978e-04,0.726,0.556,20032
2057,4.56571,4.53830,1.975e-04,0.702,0.535,20010
2058,4.72100,4.53830,1.973e-04,0.627,0.460,20075
2059,4.48374,4.53830,1.970e-04,0.668,0.490,20072
2060,4.57664,4.53830,1.968e-04,0.645,0.478,20001
2061,4.74736,4.53830,1.965e-04,0.658,0.488,19166
2062,4.68059,4.53830,1.962e-04,0.645,0.478,20060
2063,4.66859,4.53830,1.960e-04,0.639,0.468,20050
2064,4.83518,4.53830,1.957e-04,0.693,0.475,20073
2065,4.37168,4.53830,1.954e-04,0.638,0.462,20056
2066,4.38819,4.53830,1.952e-04,0.743,0.551,20040
2067,4.62260,4.53830,1.949e-04,0.681,0.490,20047
2068,4.77916,4.53830,1.947e-04,0.689,0.522,20045
2069,4.55781,4.53830,1.944e-04,0.690,0.500,20050
2070,4.70006,4.53830,1.941e-04,0.661,0.480,20071
2071,4.50361,4.53830,1.939e-04,0.667,0.503,20055
2072,4.61143,4.53830,1.936e-04,0.678,0.504,20025
2073,4.51893,4.53830,1.933e-04,0.668,0.499,20055
2074,4.40599,4.53830,1.931e-04,0.694,0.532,20047
2075,4.47432,4.53830,1.928e-04,0.628,0.462,20013
2076,4.66966,4.53830,1.926e-04,0.601,0.429,20071
2077,4.75644,4.53830,1.923e-04,0.605,0.428,20047
2078,4.59499,4.53830,1.920e-04,0.662,0.488,20027
2079,4.58918,4.53830,1.918e-04,0.639,0.467,20062
2080,4.58107,4.53830,1.915e-04,0.682,0.527,20045
2081,4.38350,4.53830,1.913e-04,0.622,0.458,19026
2082,4.62010,4.53830,1.910e-04,0.641,0.470,20062
2083,4.70130,4.53830,1.907e-04,0.659,0.482,20062
2084,4.45192,4.53830,1.905e-04,0.628,0.461,20047
2085,4.43302,4.53830,1.902e-04,0.687,0.522,20062
2086,4.47440,4.53830,1.900e-04,0.630,0.462,20052
2087,4.45651,4.53830,1.897e-04,0.669,0.506,20038
2088,4.61809,4.53830,1.894e-04,0.638,0.470,20042
2089,4.47463,4.53830,1.892e-04,0.645,0.481,20057
2090,4.74379,4.53830,1.889e-04,0.661,0.482,20034
2091,4.68542,4.53830,1.887e-04,0.657,0.469,20054
2092,4.49654,4.53830,1.884e-04,0.644,0.460,20053
2093,4.58227,4.53830,1.882e-04,0.644,0.490,20034
2094,4.68613,4.53830,1.879e-04,0.661,0.485,20061
2095,4.50650,4.53830,1.876e-04,0.661,0.482,20050
2096,4.72395,4.53830,1.874e-04,0.683,0.496,20029
2097,4.48249,4.53830,1.871e-04,0.667,0.488,20053
2098,4.63633,4.53830,1.869e-04,0.631,0.455,20069
2099,4.71810,4.53830,1.866e-04,0.699,0.513,20038
2100,4.58325,4.53830,1.864e-04,0.682,0.485,20068
2101,4.65371,4.53830,1.861e-04,0.758,0.605,19124
2102,4.53978,4.53830,1.858e-04,0.650,0.483,20043
2103,4.29694,4.53830,1.856e-04,0.717,0.557,20085
2104,4.74839,4.53830,1.853e-04,0.675,0.498,20075
2105,4.74442,4.53830,1.851e-04,0.644,0.463,20069
2106,4.61246,4.53830,1.848e-04,0.685,0.508,20031
2107,4.71260,4.53830,1.846e-04,0.674,0.509,20073
2108,4.72495,4.53830,1.843e-04,0.642,0.460,20055
2109,4.56751,4.53830,1.841e-04,0.684,0.497,20019
2110,4.79579,4.53830,1.838e-04,0.634,0.464,20070
2111,4.66842,4.53830,1.835e-04,0.709,0.531,20046
2112,4.55866,4.53830,1.833e-04,0.660,0.488,20033
2113,4.64991,4.53830,1.830e-04,0.729,0.564,20050
2114,4.42343,4.53830,1.828e-04,0.647,0.488,20060
2115,4.46339,4.53830,1.825e-04,0.683,0.499,20027
2116,4.53225,4.53830,1.823e-04,0.694,0.537,20042
2117,4.50606,4.53830,1.820e-04,0.704,0.531,20048
2118,4.51687,4.53830,1.818e-04,0.627,0.452,20007
2119,4.44130,4.53830,1.815e-04,0.658,0.502,20060
2120,4.64412,4.53830,1.813e-04,0.668,0.503,20069
2121,4.42801,4.53830,1.810e-04,0.712,0.533,19039
2122,4.48903,4.53830,1.808e-04,0.683,0.514,20021
2123,4.65277,4.53830,1.805e-04,0.675,0.500,20062
2124,4.48494,4.53830,1.802e-04,0.732,0.567,20033
2125,4.65503,4.53830,1.800e-04,0.694,0.525,20051
2126,4.76352,4.53830,1.797e-04,0.625,0.444,20051
2127,4.52944,4.53830,1.795e-04,0.751,0.592,20040
2128,4.45437,4.53830,1.792e-04,0.703,0.541,20043
2129,4.92457,4.53830,1.790e-04,0.692,0.524,20061
2130,4.56182,4.53830,1.787e-04,0.651,0.479,20033
2131,4.63371,4.53830,1.785e-04,0.601,0.436,20060
2132,4.59040,4.53830,1.782e-04,0.697,0.520,20068
2133,4.69072,4.53830,1.780e-04,0.635,0.467,20032
2134,4.56046,4.53830,1.777e-04,0.653,0.486,20059
2135,4.56053,4.53830,1.775e-04,0.639,0.468,20070
2136,4.52737,4.53830,1.772e-04,0.624,0.455,20042
2137,4.55389,4.53830,1.770e-04,0.615,0.459,20094
2138,4.55002,4.53830,1.767e-04,0.626,0.452,20087
2139,4.67368,4.53830,1.765e-04,2.861,2.676,20056
2140,4.61940,4.53830,1.762e-04,0.685,0.514,20050
2141,4.60989,4.53830,1.760e-04,0.620,0.439,19212
2142,4.47238,4.53830,1.757e-04,0.621,0.454,20027
2143,4.40315,4.53830,1.755e-04,0.705,0.541,20095
2144,4.46884,4.53830,1.752e-04,0.624,0.454,20058
2145,4.37567,4.53830,1.750e-04,0.727,0.578,20045
2146,4.46534,4.53830,1.747e-04,0.624,0.458,20054
2147,4.63472,4.53830,1.745e-04,0.687,0.515,20071
2148,4.56927,4.53830,1.743e-04,0.645,0.481,20004
2149,4.69758,4.53830,1.740e-04,0.617,0.442,20071
2150,4.73221,4.53830,1.738e-04,0.604,0.429,20057
2151,4.53066,4.53830,1.735e-04,0.697,0.529,20032
2152,4.48217,4.53830,1.733e-04,0.647,0.486,20053
2153,4.60151,4.53830,1.730e-04,0.677,0.506,20020
2154,4.68818,4.53830,1.728e-04,0.682,0.500,20039
2155,4.61647,4.53830,1.725e-04,0.637,0.462,20051
2156,4.58137,4.53830,1.723e-04,0.628,0.455,20057
2157,4.58817,4.53830,1.720e-04,0.700,0.525,20067
2158,4.67931,4.53830,1.718e-04,0.631,0.474,20023
2159,4.57679,4.53830,1.715e-04,0.691,0.521,20060
2160,4.67383,4.53830,1.713e-04,0.620,0.438,20062
2161,4.69501,4.53830,1.711e-04,0.702,0.525,19039
2162,4.64983,4.53830,1.708e-04,0.656,0.479,20076
2163,4.77049,4.53830,1.706e-04,0.665,0.469,20048
2164,4.65620,4.53830,1.703e-04,0.668,0.493,20033
2165,4.55742,4.53830,1.701e-04,0.633,0.464,20044
2166,4.53646,4.53830,1.698e-04,0.642,0.471,20058
2167,4.57320,4.53830,1.696e-04,0.649,0.477,20026
2168,4.39321,4.53830,1.693e-04,0.647,0.464,20069
2169,4.74732,4.53830,1.691e-04,0.634,0.446,20049
2170,4.45102,4.53830,1.689e-04,0.672,0.497,20043
2171,4.62429,4.53830,1.686e-04,0.649,0.457,20051
2172,4.35799,4.53830,1.684e-04,0.675,0.514,20057
2173,4.82561,4.53830,1.681e-04,0.646,0.463,20069
2174,4.64374,4.53830,1.679e-04,0.602,0.430,20075
2175,4.70322,4.53830,1.676e-04,0.659,0.477,20066
2176,4.52529,4.53830,1.674e-04,0.658,0.495,20067
2177,4.48409,4.53830,1.672e-04,0.621,0.441,20057
2178,4.58479,4.53830,1.669e-04,0.640,0.471,20087
2179,4.55828,4.53830,1.667e-04,0.705,0.548,20063
2180,4.74263,4.53830,1.664e-04,0.647,0.483,20050
2181,4.63481,4.53830,1.662e-04,0.636,0.451,18975
2182,4.78306,4.53830,1.660e-04,0.661,0.484,20053
2183,4.57786,4.53830,1.657e-04,0.664,0.481,20081
2184,4.59526,4.53830,1.655e-04,0.681,0.499,20010
2185,4.60848,4.53830,1.652e-04,0.634,0.452,20092
2186,4.68517,4.53830,1.650e-04,0.643,0.463,20080
2187,4.66756,4.53830,1.648e-04,0.654,0.484,20036
2188,4.51811,4.53830,1.645e-04,0.656,0.490,20062
2189,4.67238,4.53830,1.643e-04,0.631,0.463,20058
2190,4.52977,4.53830,1.640e-04,0.627,0.453,20035
2191,4.39151,4.53830,1.638e-04,0.684,0.508,20049
2192,4.67585,4.53830,1.636e-04,0.686,0.514,20048
2193,4.47765,4.53830,1.633e-04,0.638,0.471,20042
2194,4.74100,4.53830,1.631e-04,0.651,0.483,20061
2195,4.52148,4.53830,1.628e-04,0.639,0.467,20066
2196,4.67635,4.53830,1.626e-04,0.616,0.443,20024
2197,4.48917,4.53830,1.624e-04,0.700,0.542,20068
2198,4.51283,4.53830,1.621e-04,0.632,0.459,20055
2199,4.57196,4.53830,1.619e-04,0.642,0.475,20035
2200,4.72721,4.53830,1.617e-04,0.710,0.543,20070
2201,4.56086,4.53830,1.614e-04,0.658,0.486,19102
2202,4.70917,4.53830,1.612e-04,0.661,0.486,20068
2203,4.38001,4.53830,1.609e-04,0.688,0.506,20069
2204,4.64194,4.53830,1.607e-04,0.631,0.455,20078
2205,4.39423,4.53830,1.605e-04,0.670,0.492,20038
2206,4.45796,4.53830,1.602e-04,0.696,0.497,20062
2207,4.61380,4.53830,1.600e-04,0.638,0.453,20059
2208,4.69539,4.53830,1.598e-04,0.625,0.455,20030
2209,4.67254,4.53830,1.595e-04,0.676,0.508,20061
2210,4.58238,4.53830,1.593e-04,0.654,0.467,20064
2211,4.81843,4.53830,1.591e-04,0.631,0.453,20037
2212,4.59361,4.53830,1.588e-04,0.656,0.495,20062
2213,4.62301,4.53830,1.586e-04,0.647,0.473,20063
2214,4.63347,4.53830,1.584e-04,0.664,0.487,20043
2215,4.46857,4.53830,1.581e-04,0.956,0.807,20079
2216,4.39433,4.53830,1.579e-04,0.690,0.495,20075
2217,4.67542,4.53830,1.577e-04,0.626,0.453,20032
2218,4.57633,4.53830,1.574e-04,0.645,0.475,20079
2219,4.44271,4.53830,1.572e-04,0.656,0.475,20088
2220,4.55907,4.53830,1.570e-04,0.653,0.485,20041
2221,4.54322,4.53830,1.567e-04,0.707,0.531,19109
2222,4.25711,4.53830,1.565e-04,0.666,0.499,20036
2223,4.55335,4.53830,1.563e-04,0.595,0.425,20037
2224,4.69928,4.53830,1.560e-04,0.698,0.491,20070
2225,4.71403,4.53830,1.558e-04,0.677,0.483,20055
2226,4.58982,4.53830,1.556e-04,0.692,0.508,20009
2227,4.47269,4.53830,1.553e-04,0.772,0.540,20065
2228,4.42717,4.53830,1.551e-04,0.671,0.504,20060
2229,4.70573,4.53830,1.549e-04,0.677,0.499,20032
2230,4.70350,4.53830,1.546e-04,0.663,0.473,20047
2231,4.49915,4.53830,1.544e-04,0.696,0.506,20060
2232,4.65118,4.53830,1.542e-04,0.686,0.506,20057
2233,4.62464,4.53830,1.540e-04,0.667,0.495,20076
2234,4.51861,4.53830,1.537e-04,0.662,0.486,20070
2235,4.42340,4.53830,1.535e-04,0.640,0.476,20080
2236,4.38319,4.53830,1.533e-04,0.762,0.607,20055
2237,4.57969,4.53830,1.530e-04,0.660,0.481,20084
2238,4.52764,4.53830,1.528e-04,0.600,0.430,20081
2239,4.53221,4.53830,1.526e-04,0.640,0.458,20027
2240,4.52653,4.53830,1.524e-04,0.656,0.475,20055
2241,4.75484,4.53830,1.521e-04,0.654,0.490,19131
2242,4.44503,4.53830,1.519e-04,0.705,0.536,20052
2243,4.65794,4.53830,1.517e-04,0.654,0.477,20064
2244,4.57767,4.53830,1.514e-04,0.676,0.496,20091
2245,4.65205,4.53830,1.512e-04,0.632,0.450,20052
2246,4.61010,4.53830,1.510e-04,0.650,0.474,20070
2247,4.68790,4.53830,1.508e-04,0.682,0.526,20065
2248,4.69008,4.53830,1.505e-04,0.665,0.496,20039
2249,4.64024,4.53830,1.503e-04,0.651,0.477,20046
2250,4.51718,4.45412,1.501e-04,0.639,0.461,6244
2251,4.55063,4.45412,1.499e-04,0.645,0.465,19380
2252,4.56418,4.45412,1.496e-04,0.656,0.478,20024
2253,4.33382,4.45412,1.494e-04,0.615,0.440,20074
2254,4.58648,4.45412,1.492e-04,0.683,0.515,20059
2255,4.55745,4.45412,1.490e-04,0.677,0.499,20029
2256,4.71939,4.45412,1.487e-04,0.679,0.508,20054
2257,4.41566,4.45412,1.485e-04,0.651,0.481,20064
2258,4.52227,4.45412,1.483e-04,0.629,0.456,20024
2259,4.68302,4.45412,1.481e-04,0.632,0.449,20070
2260,4.49378,4.45412,1.478e-04,0.662,0.489,20056
2261,4.54472,4.45412,1.476e-04,0.650,0.461,19323
2262,4.48427,4.45412,1.474e-04,0.655,0.488,20102
2263,4.84781,4.45412,1.472e-04,0.652,0.465,20076
2264,4.67561,4.45412,1.469e-04,0.634,0.455,20034
2265,4.48538,4.45412,1.467e-04,0.651,0.480,20063
2266,4.56995,4.45412,1.465e-04,0.662,0.479,20058
2267,4.48537,4.45412,1.463e-04,0.660,0.486,20034
2268,4.51886,4.45412,1.461e-04,0.636,0.461,20046
2269,4.68409,4.45412,1.458e-04,0.667,0.491,20056
2270,4.55006,4.45412,1.456e-04,0.655,0.474,20027
2271,4.68056,4.45412,1.454e-04,0.642,0.469,20060
2272,4.56669,4.45412,1.452e-04,0.729,0.552,20054
2273,4.51359,4.45412,1.450e-04,0.736,0.549,20030
2274,4.51777,4.45412,1.447e-04,0.741,0.562,20056
2275,4.72030,4.45412,1.445e-04,0.646,0.469,20042
2276,4.39645,4.45412,1.443e-04,0.672,0.488,20023
2277,4.54269,4.45412,1.441e-04,0.679,0.512,20065
2278,4.57746,4.45412,1.439e-04,0.641,0.459,20068
2279,4.52412,4.45412,1.436e-04,0.677,0.488,20037
2280,4.68141,4.45412,1.434e-04,0.678,0.489,20058
2281,4.66963,4.45412,1.432e-04,0.703,0.524,19150
2282,4.60155,4.45412,1.430e-04,0.654,0.486,20032
2283,4.58170,4.45412,1.428e-04,0.670,0.491,20075
2284,4.59482,4.45412,1.425e-04,0.700,0.535,20071
2285,4.61821,4.45412,1.423e-04,0.700,0.531,20043
2286,4.48075,4.45412,1.421e-04,0.662,0.491,20067
2287,4.70073,4.45412,1.419e-04,0.692,0.520,20058
2288,4.49780,4.45412,1.417e-04,0.702,0.538,20040
2289,4.76866,4.45412,1.415e-04,0.653,0.483,20042
2290,4.51409,4.45412,1.412e-04,0.681,0.503,20056
2291,4.34170,4.45412,1.410e-04,0.711,0.548,20024
2292,4.47223,4.45412,1.408e-04,0.632,0.468,20044
2293,4.57056,4.45412,1.406e-04,0.662,0.482,20072
2294,4.52046,4.45412,1.404e-04,0.700,0.522,20062
2295,4.52244,4.45412,1.402e-04,0.698,0.525,20039
2296,4.36071,4.45412,1.399e-04,0.679,0.509,20047
2297,4.48896,4.45412,1.397e-04,0.672,0.500,20048
2298,4.63761,4.45412,1.395e-04,0.658,0.486,20029
2299,4.52715,4.45412,1.393e-04,0.651,0.461,20069
2300,4.63213,4.45412,1.391e-04,0.688,0.500,20063
2301,4.53849,4.45412,1.389e-04,0.668,0.482,19115
2302,4.43084,4.45412,1.387e-04,0.684,0.507,20085
2303,4.60054,4.45412,1.384e-04,0.653,0.464,20075
2304,4.59839,4.45412,1.382e-04,0.680,0.499,20048
2305,4.55492,4.45412,1.380e-04,0.636,0.463,20066
2306,4.62035,4.45412,1.378e-04,0.674,0.478,20067
2307,4.63610,4.45412,1.376e-04,0.658,0.483,20037
2308,4.48909,4.45412,1.374e-04,0.679,0.518,20076
2309,4.72655,4.45412,1.372e-04,0.679,0.494,20052
2310,4.42382,4.45412,1.370e-04,0.649,0.464,20008
2311,4.54571,4.45412,1.367e-04,0.761,0.561,20071
2312,4.62645,4.45412,1.365e-04,0.681,0.497,20068
2313,4.55612,4.45412,1.363e-04,0.677,0.495,20015
2314,4.31908,4.45412,1.361e-04,0.683,0.504,20061
2315,4.32340,4.45412,1.359e-04,0.707,0.556,20052
2316,4.58578,4.45412,1.357e-04,0.664,0.483,20053
2317,4.40169,4.45412,1.355e-04,0.722,0.532,20052
2318,4.47584,4.45412,1.353e-04,0.669,0.500,20074
2319,4.65027,4.45412,1.351e-04,0.669,0.490,20040
2320,4.76699,4.45412,1.348e-04,0.664,0.485,20090
2321,4.42954,4.45412,1.346e-04,0.689,0.511,19289
2322,4.56883,4.45412,1.344e-04,0.699,0.526,20019
2323,4.41026,4.45412,1.342e-04,0.717,0.542,20083
2324,4.30082,4.45412,1.340e-04,0.696,0.514,20059
2325,4.65131,4.45412,1.338e-04,0.784,0.596,20040
2326,4.30565,4.45412,1.336e-04,0.749,0.587,20060
2327,4.39786,4.45412,1.334e-04,0.637,0.455,20058
2328,4.48830,4.45412,1.332e-04,0.704,0.520,20021
2329,4.49606,4.45412,1.330e-04,0.721,0.530,20038
2330,4.32761,4.45412,1.328e-04,0.653,0.476,20047
2331,4.58953,4.45412,1.326e-04,0.664,0.484,20035
2332,4.54011,4.45412,1.324e-04,0.721,0.564,20051
2333,4.57238,4.45412,1.321e-04,0.682,0.529,20066
2334,4.50200,4.45412,1.319e-04,0.694,0.503,19998
2335,4.54698,4.45412,1.317e-04,0.687,0.520,20061
2336,4.41154,4.45412,1.315e-04,0.669,0.484,20075
2337,4.63819,4.45412,1.313e-04,0.662,0.481,20029
2338,4.61246,4.45412,1.311e-04,0.710,0.517,20076
2339,4.48981,4.45412,1.309e-04,0.683,0.508,20062
2340,4.68081,4.45412,1.307e-04,0.645,0.469,20013
2341,4.70819,4.45412,1.305e-04,0.658,0.490,19120
2342,4.64834,4.45412,1.303e-04,0.696,0.517,20052
2343,4.68270,4.45412,1.301e-04,0.688,0.503,20035
2344,4.64689,4.45412,1.299e-04,0.650,0.466,20055
2345,4.56258,4.45412,1.297e-04,0.686,0.510,20077
2346,4.65899,4.45412,1.295e-04,0.679,0.504,20081
2347,4.49847,4.45412,1.293e-04,0.663,0.488,20046
2348,4.42216,4.45412,1.291e-04,0.670,0.489,20071
2349,4.63251,4.45412,1.289e-04,0.722,0.542,20067
2350,4.56856,4.45412,1.287e-04,0.610,0.436,20034
2351,4.57384,4.45412,1.285e-04,0.666,0.490,20074
2352,4.58386,4.45412,1.283e-04,0.664,0.480,20038
2353,4.44328,4.45412,1.281e-04,0.656,0.486,20045
2354,4.69778,4.45412,1.279e-04,0.754,0.572,20069
2355,4.58945,4.45412,1.277e-04,0.628,0.457,20062
2356,4.65665,4.45412,1.275e-04,0.673,0.500,20057
2357,4.45033,4.45412,1.273e-04,0.685,0.498,20061
2358,4.25083,4.45412,1.271e-04,0.703,0.521,20071
2359,4.36973,4.45412,1.269e-04,0.644,0.473,20067
2360,4.57562,4.45412,1.267e-04,0.653,0.481,20068
2361,4.61679,4.45412,1.265e-04,0.607,0.433,18953
2362,4.45845,4.45412,1.263e-04,0.644,0.475,20020
2363,4.43419,4.45412,1.261e-04,0.695,0.516,20063
2364,4.44201,4.45412,1.259e-04,0.684,0.513,20042
2365,4.65218,4.45412,1.257e-04,0.649,0.469,20011
2366,4.80249,4.45412,1.255e-04,0.651,0.478,20051
2367,4.40925,4.45412,1.253e-04,0.671,0.507,20061
2368,4.51113,4.45412,1.251e-04,0.650,0.467,20040
2369,4.57864,4.45412,1.249e-04,0.650,0.473,20073
2370,4.65133,4.45412,1.247e-04,0.663,0.492,20036
2371,4.39100,4.45412,1.245e-04,0.667,0.495,20012
2372,4.54072,4.45412,1.243e-04,0.653,0.470,20069
2373,4.50597,4.45412,1.241e-04,0.652,0.481,20061
2374,4.46397,4.45412,1.239e-04,0.731,0.554,20018
2375,4.49831,4.45412,1.237e-04,0.690,0.520,20066
2376,4.47389,4.45412,1.235e-04,0.681,0.510,20056
2377,4.87446,4.45412,1.233e-04,0.677,0.501,20029
2378,4.49376,4.45412,1.231e-04,0.703,0.513,20062
2379,4.64630,4.45412,1.229e-04,0.679,0.491,20049
2380,4.51666,4.45412,1.227e-04,0.735,0.540,20010
2381,4.42904,4.45412,1.225e-04,0.673,0.502,19147
2382,4.48821,4.45412,1.223e-04,0.657,0.482,20083
2383,4.43011,4.45412,1.222e-04,0.698,0.515,20044
2384,4.38655,4.45412,1.220e-04,0.742,0.539,20085
2385,4.72630,4.45412,1.218e-04,0.613,0.434,20064
2386,4.34571,4.45412,1.216e-04,0.699,0.526,20051
2387,4.30452,4.45412,1.214e-04,0.731,0.551,20056
2388,4.51540,4.45412,1.212e-04,0.667,0.498,20066
2389,4.56650,4.45412,1.210e-04,0.664,0.495,20022
2390,4.65819,4.45412,1.208e-04,0.692,0.517,20077
2391,4.44734,4.45412,1.206e-04,0.689,0.522,20064
2392,4.59133,4.45412,1.204e-04,0.700,0.520,20026
2393,4.59092,4.45412,1.202e-04,0.653,0.482,20054
2394,4.51225,4.45412,1.200e-04,0.691,0.524,20058
2395,4.41445,4.45412,1.199e-04,0.769,0.580,20027
2396,4.54086,4.45412,1.197e-04,0.706,0.539,20060
2397,4.42417,4.45412,1.195e-04,0.705,0.519,20042
2398,4.43818,4.45412,1.193e-04,0.703,0.528,20052
2399,4.41943,4.45412,1.191e-04,0.694,0.522,20035
2400,4.53914,4.45412,1.189e-04,0.721,0.546,20059
2401,4.32645,4.45412,1.187e-04,0.733,0.576,19033
2402,4.75687,4.45412,1.185e-04,0.670,0.486,20003
2403,4.39609,4.45412,1.183e-04,0.740,0.559,20068
2404,4.60347,4.45412,1.182e-04,0.683,0.494,20058
2405,4.58125,4.45412,1.180e-04,0.659,0.485,20026
2406,4.53965,4.45412,1.178e-04,0.687,0.514,20047
2407,4.40657,4.45412,1.176e-04,0.649,0.475,20042
2408,4.46068,4.45412,1.174e-04,0.665,0.488,20033
2409,4.65479,4.45412,1.172e-04,0.704,0.515,20045
2410,4.36677,4.45412,1.170e-04,0.671,0.488,20052
2411,4.35862,4.45412,1.168e-04,0.684,0.522,20023
2412,4.46359,4.45412,1.167e-04,0.704,0.517,20055
2413,4.35699,4.45412,1.165e-04,0.730,0.539,20045
2414,4.45534,4.45412,1.163e-04,0.642,0.470,20015
2415,4.33297,4.45412,1.161e-04,0.666,0.494,20067
2416,4.71004,4.45412,1.159e-04,0.744,0.557,20057
2417,4.44564,4.45412,1.157e-04,0.720,0.545,20044
2418,4.45594,4.45412,1.155e-04,0.692,0.511,20047
2419,4.64980,4.45412,1.154e-04,0.671,0.483,20055
2420,4.38519,4.45412,1.152e-04,0.697,0.518,20024
2421,4.64587,4.45412,1.150e-04,0.671,0.485,19083
2422,4.31738,4.45412,1.148e-04,0.695,0.514,20047
2423,4.44992,4.45412,1.146e-04,0.680,0.503,20033
2424,4.47572,4.45412,1.144e-04,0.701,0.516,20047
2425,4.45289,4.45412,1.143e-04,0.669,0.490,20045
2426,4.82002,4.45412,1.141e-04,0.626,0.452,20037
2427,4.57260,4.45412,1.139e-04,0.666,0.491,20055
2428,4.36177,4.45412,1.137e-04,0.716,0.530,20054
2429,4.44185,4.45412,1.135e-04,0.654,0.474,20035
2430,4.47098,4.45412,1.134e-04,0.655,0.484,20053
2431,4.45594,4.45412,1.132e-04,0.697,0.530,20051
2432,4.61375,4.45412,1.130e-04,0.660,0.476,20024
2433,4.49755,4.45412,1.128e-04,0.705,0.532,20043
2434,4.43527,4.45412,1.126e-04,0.689,0.492,20056
2435,4.44872,4.45412,1.125e-04,0.671,0.493,20012
2436,4.46298,4.45412,1.123e-04,0.686,0.507,20076
2437,4.75526,4.45412,1.121e-04,0.689,0.504,20055
2438,4.46384,4.45412,1.119e-04,0.754,0.571,20030
2439,4.56375,4.45412,1.117e-04,0.676,0.505,20063
2440,4.59167,4.45412,1.116e-04,0.720,0.520,20046
2441,4.38346,4.45412,1.114e-04,0.709,0.509,18962
2442,4.65445,4.45412,1.112e-04,0.700,0.526,20071
2443,4.45273,4.45412,1.110e-04,0.654,0.479,20080
2444,4.42345,4.45412,1.109e-04,0.710,0.530,20020
2445,4.57618,4.45412,1.107e-04,0.670,0.482,20077
2446,4.46547,4.45412,1.105e-04,0.722,0.555,20063
2447,4.51741,4.45412,1.103e-04,0.669,0.487,20015
2448,4.39427,4.45412,1.101e-04,0.685,0.517,20072
2449,4.73655,4.45412,1.100e-04,0.649,0.476,20074
2450,4.52751,4.45412,1.098e-04,0.710,0.512,20015
2451,4.56458,4.45412,1.096e-04,0.675,0.493,20071
2452,4.44293,4.45412,1.094e-04,0.698,0.515,20057
2453,4.42124,4.45412,1.093e-04,0.774,0.593,20034
2454,4.57123,4.45412,1.091e-04,0.670,0.495,20058
2455,4.52912,4.45412,1.089e-04,0.671,0.489,20053
2456,4.50827,4.45412,1.088e-04,0.667,0.478,20053
2457,4.43084,4.45412,1.086e-04,0.666,0.492,20018
2458,4.44082,4.45412,1.084e-04,0.657,0.475,20064
2459,4.43940,4.45412,1.082e-04,0.718,0.532,20048
2460,4.54970,4.45412,1.081e-04,0.674,0.486,20033
2461,4.33321,4.45412,1.079e-04,0.679,0.500,19334
2462,4.49099,4.45412,1.077e-04,0.687,0.510,20050
2463,4.71633,4.45412,1.075e-04,0.673,0.490,20044
2464,4.40190,4.45412,1.074e-04,0.676,0.493,20074
2465,4.57066,4.45412,1.072e-04,0.682,0.496,20063
2466,4.27491,4.45412,1.070e-04,0.678,0.502,20043
2467,4.56855,4.45412,1.069e-04,0.634,0.458,20067
2468,4.74458,4.45412,1.067e-04,0.650,0.482,20052
2469,4.57550,4.45412,1.065e-04,0.637,0.458,20050
2470,4.61268,4.45412,1.063e-04,0.668,0.494,20052
2471,4.70221,4.45412,1.062e-04,0.675,0.508,20058
2472,4.64099,4.45412,1.060e-04,0.647,0.470,20034
2473,4.60525,4.45412,1.058e-04,0.675,0.504,20048
2474,4.36552,4.45412,1.057e-04,0.678,0.507,20061
2475,4.72557,4.45412,1.055e-04,0.668,0.485,19996
2476,4.40775,4.45412,1.053e-04,0.665,0.476,20046
2477,4.51931,4.45412,1.052e-04,0.695,0.503,20073
2478,4.53105,4.45412,1.050e-04,0.764,0.576,20022
2479,4.58292,4.45412,1.048e-04,0.675,0.491,20048
2480,4.54409,4.45412,1.047e-04,0.699,0.506,20052
2481,4.57958,4.45412,1.045e-04,0.646,0.466,18996
2482,4.31553,4.45412,1.043e-04,0.739,0.564,20075
2483,4.35060,4.45412,1.042e-04,0.709,0.530,20060
2484,4.39459,4.45412,1.040e-04,0.690,0.511,20028
2485,4.45469,4.45412,1.038e-04,0.678,0.495,20078
2486,4.32729,4.45412,1.037e-04,0.678,0.504,20059
2487,4.48540,4.45412,1.035e-04,0.685,0.498,20002
2488,4.50992,4.45412,1.033e-04,0.651,0.473,20068
2489,4.50433,4.45412,1.032e-04,0.722,0.555,20049
2490,4.63581,4.45412,1.030e-04,0.668,0.483,20027
2491,4.40437,4.45412,1.028e-04,0.728,0.554,20058
2492,4.51048,4.45412,1.027e-04,0.723,0.535,20046
2493,4.56306,4.45412,1.025e-04,0.625,0.448,20036
2494,4.45836,4.45412,1.024e-04,0.702,0.511,20058
2495,4.58057,4.45412,1.022e-04,0.660,0.478,20061
2496,4.33850,4.45412,1.020e-04,0.744,0.572,20028
2497,4.31937,4.45412,1.019e-04,0.706,0.529,20046
2498,4.47123,4.45412,1.017e-04,0.659,0.475,20056
2499,4.45736,4.45412,1.015e-04,0.664,0.478,20028
2500,4.46708,4.39169,1.014e-04,0.670,0.490,6130
2501,4.68735,4.39169,1.012e-04,0.651,0.471,19437
2502,4.12545,4.39169,1.011e-04,0.697,0.520,20058
2503,4.26277,4.39169,1.009e-04,0.636,0.460,20031
2504,4.36929,4.39169,1.007e-04,0.653,0.472,20076
2505,4.44405,4.39169,1.006e-04,0.761,0.594,20072
2506,4.37879,4.39169,1.004e-04,0.747,0.570,20031
2507,4.61707,4.39169,1.003e-04,0.694,0.505,20072
2508,4.49025,4.39169,1.001e-04,0.771,0.569,20071
2509,4.68905,4.39169,9.995e-05,0.646,0.466,20010
2510,4.46994,4.39169,9.979e-05,0.742,0.554,20054
2511,4.59253,4.39169,9.963e-05,0.632,0.455,20070
2512,4.33890,4.39169,9.947e-05,0.675,0.481,20028
2513,4.44210,4.39169,9.931e-05,0.656,0.477,20060
2514,4.44394,4.39169,9.916e-05,0.673,0.478,20055
2515,4.42754,4.39169,9.900e-05,0.654,0.474,20029
2516,4.46361,4.39169,9.884e-05,0.647,0.469,20072
2517,4.59886,4.39169,9.869e-05,0.662,0.483,20044
2518,4.18149,4.39169,9.853e-05,0.673,0.498,20060
2519,4.57361,4.39169,9.837e-05,0.660,0.478,20047
2520,4.72221,4.39169,9.822e-05,0.728,0.525,20052
2521,4.43955,4.39169,9.806e-05,0.693,0.509,18965
2522,4.58057,4.39169,9.791e-05,0.649,0.470,20036
2523,4.58538,4.39169,9.775e-05,0.672,0.486,20070
2524,4.15990,4.39169,9.760e-05,0.757,0.569,20076
2525,4.36371,4.39169,9.745e-05,0.660,0.481,20064
2526,4.44706,4.39169,9.729e-05,0.727,0.542,20061
2527,4.74470,4.39169,9.714e-05,0.689,0.507,20076
2528,4.49626,4.39169,9.699e-05,0.640,0.467,20036
2529,4.38835,4.39169,9.683e-05,0.660,0.473,20058
2530,4.53320,4.39169,9.668e-05,0.673,0.499,20076
2531,4.55033,4.39169,9.653e-05,0.744,0.548,20016
2532,4.32350,4.39169,9.638e-05,0.686,0.499,20081
2533,4.37767,4.39169,9.622e-05,0.685,0.503,20063
2534,4.47586,4.39169,9.607e-05,0.672,0.494,20012
2535,4.54082,4.39169,9.592e-05,0.678,0.498,20056
2536,4.38482,4.39169,9.577e-05,0.701,0.511,20063
2537,4.35312,4.39169,9.562e-05,0.680,0.500,20027
2538,4.59859,4.39169,9.547e-05,0.738,0.554,20066
2539,4.54224,4.39169,9.532e-05,0.724,0.545,20073
2540,4.62178,4.39169,9.517e-05,0.653,0.479,20026
2541,4.36078,4.39169,9.502e-05,0.726,0.558,19106
2542,4.53166,4.39169,9.487e-05,0.720,0.520,20077
2543,4.57735,4.39169,9.472e-05,0.642,0.467,20031
2544,4.40821,4.39169,9.457e-05,0.753,0.576,20085
2545,4.48149,4.39169,9.443e-05,0.687,0.499,20059
2546,4.56086,4.39169,9.428e-05,0.659,0.479,19994
2547,4.53887,4.39169,9.413e-05,0.731,0.558,20076
2548,4.64650,4.39169,9.398e-05,0.722,0.517,20058
2549,4.55943,4.39169,9.384e-05,0.702,0.523,20021
2550,4.52173,4.39169,9.369e-05,0.666,0.487,20047
2551,4.69095,4.39169,9.354e-05,0.701,0.518,20051
2552,4.69711,4.39169,9.340e-05,0.669,0.489,20002
2553,4.35140,4.39169,9.325e-05,0.674,0.498,20084
2554,4.36954,4.39169,9.311e-05,0.728,0.559,20062
2555,4.57443,4.39169,9.296e-05,0.681,0.504,20027
2556,4.57224,4.39169,9.282e-05,0.689,0.497,20068
2557,4.64967,4.39169,9.267e-05,0.677,0.488,20054
2558,4.51676,4.39169,9.253e-05,0.688,0.498,20048
2559,4.56110,4.39169,9.238e-05,0.676,0.510,20049
2560,4.37683,4.39169,9.224e-05,0.661,0.486,20075
2561,4.62437,4.39169,9.210e-05,0.669,0.486,19368
2562,4.56060,4.39169,9.195e-05,0.696,0.506,20069
2563,4.54313,4.39169,9.181e-05,0.668,0.495,20070
2564,4.20258,4.39169,9.167e-05,0.756,0.588,20020
2565,4.55258,4.39169,9.153e-05,0.655,0.474,20063
2566,4.51493,4.39169,9.138e-05,0.670,0.491,20048
2567,4.38276,4.39169,9.124e-05,0.691,0.509,20041
2568,4.26365,4.39169,9.110e-05,0.696,0.512,20065
2569,4.69292,4.39169,9.096e-05,0.708,0.513,20055
2570,4.48901,4.39169,9.082e-05,0.664,0.482,20034
2571,4.43183,4.39169,9.068e-05,0.692,0.512,20058
2572,4.26117,4.39169,9.054e-05,0.697,0.516,20061
2573,4.35380,4.39169,9.040e-05,0.688,0.507,20057
2574,4.32908,4.39169,9.026e-05,0.654,0.483,20042
2575,4.46373,4.39169,9.012e-05,0.686,0.494,20053
2576,4.24215,4.39169,8.998e-05,0.704,0.509,20060
2577,4.31208,4.39169,8.984e-05,0.684,0.502,20040
2578,4.51487,4.39169,8.970e-05,0.672,0.486,20087
2579,4.40699,4.39169,8.957e-05,0.685,0.500,20072
2580,4.56585,4.39169,8.943e-05,0.645,0.477,20042
2581,4.38493,4.39169,8.929e-05,0.660,0.484,19119
2582,4.28026,4.39169,8.915e-05,0.651,0.465,20052
2583,4.54925,4.39169,8.902e-05,0.684,0.489,20000
2584,4.50798,4.39169,8.888e-05,0.686,0.500,20057
2585,4.55281,4.39169,8.874e-05,0.669,0.489,20047
2586,4.65166,4.39169,8.861e-05,0.704,0.512,20034
2587,4.45913,4.39169,8.847e-05,0.675,0.499,20064
2588,4.61805,4.39169,8.834e-05,0.742,0.547,20054
2589,4.57038,4.39169,8.820e-05,0.742,0.541,20004
2590,4.36601,4.39169,8.807e-05,0.751,0.572,20065
2591,4.72662,4.39169,8.793e-05,0.651,0.466,20056
2592,4.38330,4.39169,8.780e-05,0.724,0.522,20015
2593,4.30882,4.39169,8.767e-05,0.785,0.552,20069
2594,4.51022,4.39169,8.753e-05,0.711,0.542,20069
2595,4.42371,4.39169,8.740e-05,0.688,0.504,20019
2596,4.50834,4.39169,8.727e-05,0.709,0.528,20050
2597,4.35495,4.39169,8.713e-05,0.771,0.589,20050
2598,4.51275,4.39169,8.700e-05,0.666,0.488,20030
2599,4.50044,4.39169,8.687e-05,0.723,0.556,20057
2600,4.34025,4.39169,8.674e-05,0.731,0.565,20039
2601,4.62310,4.39169,8.661e-05,0.686,0.477,19010
2602,4.48155,4.39169,8.648e-05,0.707,0.540,20063
2603,4.46815,4.39169,8.635e-05,0.770,0.591,20059
2604,4.48634,4.39169,8.622e-05,0.714,0.539,20051
2605,4.28704,4.39169,8.609e-05,0.662,0.489,20057
2606,4.40762,4.39169,8.596e-05,0.700,0.523,20051
2607,4.56901,4.39169,8.583e-05,0.730,0.558,20027
2608,4.68420,4.39169,8.570e-05,0.749,0.555,20061
2609,4.58815,4.39169,8.557e-05,0.671,0.491,20045
2610,4.45916,4.39169,8.544e-05,0.685,0.503,20034
2611,4.56102,4.39169,8.531e-05,0.732,0.543,20047
2612,4.41576,4.39169,8.518e-05,0.699,0.527,20051
2613,4.70225,4.39169,8.506e-05,0.694,0.510,20038
2614,4.60210,4.39169,8.493e-05,0.658,0.482,20064
2615,4.40875,4.39169,8.480e-05,0.697,0.504,20051
2616,4.46105,4.39169,8.467e-05,0.711,0.532,20032
2617,4.53203,4.39169,8.455e-05,0.687,0.501,20054
2618,4.55566,4.39169,8.442e-05,0.682,0.492,20054
2619,4.49287,4.39169,8.430e-05,0.804,0.624,19998
2620,4.24123,4.39169,8.417e-05,0.681,0.507,20044
2621,4.44451,4.39169,8.405e-05,0.705,0.515,19044
2622,4.52660,4.39169,8.392e-05,0.672,0.483,20024
2623,4.30464,4.39169,8.380e-05,0.657,0.479,20079
2624,4.37786,4.39169,8.367e-05,0.690,0.497,20053
2625,4.59098,4.39169,8.355e-05,0.707,0.508,20023
2626,4.57453,4.39169,8.342e-05,0.707,0.530,20071
2627,4.51956,4.39169,8.330e-05,0.678,0.485,20065
2628,4.57403,4.39169,8.318e-05,0.678,0.485,20051
2629,4.43554,4.39169,8.306e-05,0.727,0.547,20032
2630,4.54072,4.39169,8.293e-05,0.671,0.495,20055
2631,4.33124,4.39169,8.281e-05,0.663,0.487,20063
2632,4.59642,4.39169,8.269e-05,0.649,0.461,20026
2633,4.49967,4.39169,8.257e-05,0.659,0.475,20053
2634,4.40452,4.39169,8.245e-05,0.691,0.510,20051
2635,4.63675,4.39169,8.233e-05,0.690,0.501,20035
2636,4.57753,4.39169,8.221e-05,0.670,0.466,20065
2637,4.47861,4.39169,8.209e-05,0.659,0.478,20044
2638,4.50611,4.39169,8.197e-05,0.673,0.492,20026
2639,4.51281,4.39169,8.185e-05,0.701,0.506,20036
2640,4.53306,4.39169,8.173e-05,0.716,0.509,20058
2641,4.67492,4.39169,8.161e-05,0.681,0.491,19342
2642,4.28497,4.39169,8.149e-05,0.675,0.492,20073
2643,4.88887,4.39169,8.137e-05,0.709,0.518,20075
2644,4.35773,4.39169,8.125e-05,0.695,0.507,20024
2645,4.40401,4.39169,8.114e-05,0.720,0.521,20070
2646,4.45995,4.39169,8.102e-05,0.733,0.535,20051
2647,4.55211,4.39169,8.090e-05,0.657,0.472,20041
2648,4.35484,4.39169,8.079e-05,0.676,0.498,20062
2649,4.32774,4.39169,8.067e-05,0.684,0.494,20056
2650,4.49285,4.39169,8.055e-05,0.673,0.489,20023
2651,4.37780,4.39169,8.044e-05,0.644,0.460,20059
2652,4.41533,4.39169,8.032e-05,0.662,0.485,20060
2653,4.46185,4.39169,8.021e-05,0.704,0.521,20029
2654,4.51595,4.39169,8.009e-05,0.722,0.523,20046
2655,4.28521,4.39169,7.998e-05,0.678,0.501,20068
2656,4.65382,4.39169,7.986e-05,0.637,0.457,19970
2657,4.41055,4.39169,7.975e-05,0.680,0.491,20072
2658,4.38041,4.39169,7.964e-05,0.704,0.514,20063
2659,4.32377,4.39169,7.952e-05,0.661,0.476,20034
2660,4.51966,4.39169,7.941e-05,0.685,0.491,20067
2661,4.23048,4.39169,7.930e-05,0.771,0.568,19340
2662,4.32450,4.39169,7.918e-05,0.698,0.514,20029
2663,4.43641,4.39169,7.907e-05,0.722,0.526,20069
2664,4.53051,4.39169,7.896e-05,0.740,0.553,20068
2665,4.42741,4.39169,7.885e-05,0.664,0.488,20032
2666,4.59524,4.39169,7.874e-05,0.663,0.477,20065
2667,4.33152,4.39169,7.863e-05,0.659,0.480,20081
2668,4.47841,4.39169,7.852e-05,0.740,0.558,20043
2669,4.46724,4.39169,7.841e-05,0.686,0.499,20071
2670,4.40865,4.39169,7.830e-05,0.662,0.487,20049
2671,4.43624,4.39169,7.819e-05,0.724,0.545,20025
2672,4.34233,4.39169,7.808e-05,0.730,0.543,20064
2673,4.50645,4.39169,7.797e-05,0.738,0.536,20048
2674,4.30222,4.39169,7.786e-05,0.702,0.524,20044
2675,4.46948,4.39169,7.775e-05,0.686,0.501,20049
2676,4.39259,4.39169,7.764e-05,0.716,0.534,20049
2677,4.41719,4.39169,7.754e-05,0.684,0.499,20068
2678,4.40620,4.39169,7.743e-05,0.652,0.470,20047
2679,4.41414,4.39169,7.732e-05,0.730,0.546,20071
2680,4.39887,4.39169,7.722e-05,0.677,0.481,20044
2681,4.37051,4.39169,7.711e-05,0.674,0.490,19132
2682,4.46788,4.39169,7.700e-05,0.651,0.478,20088
2683,4.35702,4.39169,7.690e-05,0.650,0.469,20079
2684,4.42231,4.39169,7.679e-05,0.699,0.508,20053
2685,4.52816,4.39169,7.669e-05,0.687,0.506,20067
2686,4.45350,4.39169,7.658e-05,0.694,0.503,20057
2687,4.46484,4.39169,7.648e-05,0.695,0.514,20034
2688,4.47552,4.39169,7.638e-05,0.702,0.528,20059
2689,4.45458,4.39169,7.627e-05,0.689,0.502,20054
2690,4.56659,4.39169,7.617e-05,0.723,0.541,20044
2691,4.49046,4.39169,7.606e-05,0.713,0.539,20043
2692,4.55276,4.39169,7.596e-05,0.655,0.472,20062
2693,4.55090,4.39169,7.586e-05,0.660,0.469,19980
2694,4.56896,4.39169,7.576e-05,0.747,0.570,20054
2695,4.53461,4.39169,7.566e-05,0.708,0.525,20065
2696,4.54771,4.39169,7.555e-05,0.687,0.491,20005
2697,4.44466,4.39169,7.545e-05,0.693,0.510,20059
2698,4.66397,4.39169,7.535e-05,0.685,0.486,20034
2699,4.37577,4.39169,7.525e-05,0.718,0.524,20003
2700,4.53342,4.39169,7.515e-05,0.688,0.507,20053
2701,4.61310,4.39169,7.505e-05,0.683,0.497,19026
2702,4.36636,4.39169,7.495e-05,0.722,0.535,20009
2703,4.39459,4.39169,7.485e-05,0.697,0.510,20083
2704,4.56200,4.39169,7.475e-05,0.702,0.513,20077
2705,4.47524,4.39169,7.466e-05,0.702,0.513,20044
2706,4.53400,4.39169,7.456e-05,0.728,0.538,20074
2707,4.10996,4.39169,7.446e-05,0.673,0.483,20057
2708,4.19090,4.39169,7.436e-05,0.731,0.541,20053
2709,4.39862,4.39169,7.426e-05,0.682,0.498,20053
2710,4.39006,4.39169,7.417e-05,0.694,0.512,20044
2711,4.45380,4.39169,7.407e-05,0.713,0.513,20031
2712,4.45493,4.39169,7.397e-05,0.672,0.488,20049
2713,4.30618,4.39169,7.388e-05,0.690,0.501,20069
2714,4.38342,4.39169,7.378e-05,0.675,0.488,20021
2715,4.66500,4.39169,7.369e-05,0.676,0.497,20055
2716,4.47505,4.39169,7.359e-05,0.672,0.491,20046
2717,4.44652,4.39169,7.350e-05,0.665,0.484,20034
2718,4.60082,4.39169,7.340e-05,0.652,0.470,20076
2719,4.54781,4.39169,7.331e-05,0.719,0.532,20044
2720,4.60436,4.39169,7.321e-05,0.690,0.512,20013
2721,4.39593,4.39169,7.312e-05,0.697,0.512,18994
2722,4.37717,4.39169,7.303e-05,0.733,0.555,20066
2723,4.37074,4.39169,7.294e-05,0.661,0.475,20051
2724,4.50038,4.39169,7.284e-05,0.728,0.530,20078
2725,4.62507,4.39169,7.275e-05,0.716,0.522,20065
2726,4.30988,4.39169,7.266e-05,0.673,0.495,20032
2727,4.40690,4.39169,7.257e-05,0.689,0.502,20060
2728,4.45513,4.39169,7.248e-05,0.668,0.480,20051
2729,4.41379,4.39169,7.239e-05,0.670,0.497,19982
2730,4.57305,4.39169,7.229e-05,0.668,0.481,20074
2731,4.72980,4.39169,7.220e-05,0.705,0.506,20063
2732,4.58296,4.39169,7.211e-05,0.694,0.515,20030
2733,4.26337,4.39169,7.203e-05,0.681,0.496,20068
2734,4.34477,4.39169,7.194e-05,0.706,0.522,20055
2735,4.51538,4.39169,7.185e-05,0.671,0.482,20046
2736,4.31855,4.39169,7.176e-05,0.672,0.487,20035
2737,4.41019,4.39169,7.167e-05,0.683,0.497,20063
2738,4.39569,4.39169,7.158e-05,0.761,0.595,20061
2739,4.41717,4.39169,7.149e-05,0.673,0.489,20023
2740,4.42462,4.39169,7.141e-05,0.694,0.510,20054
2741,4.30460,4.39169,7.132e-05,0.698,0.514,18963
2742,4.49941,4.39169,7.123e-05,0.708,0.514,20030
2743,4.61987,4.39169,7.115e-05,0.646,0.464,20066
2744,4.46536,4.39169,7.106e-05,0.681,0.500,20108
2745,4.44506,4.39169,7.098e-05,0.694,0.513,20043
2746,4.30668,4.39169,7.089e-05,0.720,0.537,20074
2747,4.63065,4.39169,7.081e-05,0.720,0.527,20066
2748,4.32620,4.39169,7.072e-05,0.730,0.557,20035
2749,4.53049,4.39169,7.064e-05,0.714,0.533,20041
2750,4.53267,4.34693,7.055e-05,0.706,0.510,6244
2751,4.31721,4.34693,7.047e-05,0.747,0.556,19308
2752,4.49618,4.34693,7.039e-05,0.732,0.558,20040
2753,4.29889,4.34693,7.030e-05,0.662,0.479,20092
2754,4.34364,4.34693,7.022e-05,0.668,0.488,20076
2755,4.46360,4.34693,7.014e-05,0.696,0.509,20031
2756,4.30208,4.34693,7.006e-05,0.732,0.529,20061
2757,4.73952,4.34693,6.997e-05,0.649,0.464,20072
2758,4.46131,4.34693,6.989e-05,0.685,0.503,20030
2759,4.45074,4.34693,6.981e-05,0.675,0.496,20056
2760,4.32782,4.34693,6.973e-05,0.687,0.501,20059
2761,4.40400,4.34693,6.965e-05,0.670,0.476,18990
2762,4.47818,4.34693,6.957e-05,0.695,0.504,20058
2763,4.26772,4.34693,6.949e-05,0.715,0.529,20071
2764,4.44030,4.34693,6.941e-05,0.720,0.526,20016
2765,4.58243,4.34693,6.933e-05,0.655,0.467,20062
2766,4.49459,4.34693,6.925e-05,0.646,0.470,20068
2767,4.48897,4.34693,6.917e-05,0.698,0.518,20024
2768,4.42400,4.34693,6.910e-05,0.654,0.475,20067
2769,4.38942,4.34693,6.902e-05,0.711,0.520,20076
2770,4.29631,4.34693,6.894e-05,0.690,0.501,20034
2771,4.25385,4.34693,6.886e-05,0.699,0.525,20055
2772,4.49177,4.34693,6.879e-05,0.700,0.510,20048
2773,4.46238,4.34693,6.871e-05,0.669,0.482,20022
2774,4.29840,4.34693,6.863e-05,0.678,0.482,20047
2775,4.33528,4.34693,6.856e-05,0.653,0.466,20050
2776,4.50598,4.34693,6.848e-05,0.722,0.548,20015
2777,4.41749,4.34693,6.841e-05,0.743,0.540,20068
2778,4.32747,4.34693,6.833e-05,0.752,0.549,20054
2779,4.48728,4.34693,6.826e-05,0.662,0.474,20041
2780,4.44184,4.34693,6.818e-05,0.727,0.537,20057
2781,4.49407,4.34693,6.811e-05,0.688,0.507,19043
2782,4.43349,4.34693,6.804e-05,0.715,0.525,20016
2783,4.24467,4.34693,6.796e-05,0.684,0.507,20053
2784,4.43387,4.34693,6.789e-05,0.745,0.551,20069
2785,4.46828,4.34693,6.782e-05,0.684,0.504,20034
2786,4.38981,4.34693,6.775e-05,0.690,0.493,20052
2787,4.27355,4.34693,6.767e-05,0.651,0.470,20057
2788,4.43634,4.34693,6.760e-05,0.696,0.496,20026
2789,4.27004,4.34693,6.753e-05,0.701,0.508,20065
2790,4.42365,4.34693,6.746e-05,0.737,0.555,20068
2791,4.43795,4.34693,6.739e-05,0.688,0.490,20038
2792,4.40576,4.34693,6.732e-05,0.744,0.529,20045
2793,4.20144,4.34693,6.725e-05,0.669,0.478,20055
2794,4.55515,4.34693,6.718e-05,0.660,0.477,20022
2795,4.65225,4.34693,6.711e-05,0.704,0.515,20042
2796,4.46824,4.34693,6.704e-05,0.691,0.507,20042
2797,4.45583,4.34693,6.697e-05,0.719,0.519,20029
2798,4.47642,4.34693,6.690e-05,0.668,0.483,20049
2799,4.39261,4.34693,6.684e-05,0.697,0.498,20065
2800,4.47070,4.34693,6.677e-05,0.733,0.546,19975
2801,4.37431,4.34693,6.670e-05,0.696,0.507,19078
2802,4.34403,4.34693,6.664e-05,0.683,0.502,20068
2803,4.51574,4.34693,6.657e-05,0.680,0.489,20057
2804,4.63346,4.34693,6.650e-05,0.686,0.505,20034
2805,4.38720,4.34693,6.644e-05,0.695,0.506,20061
2806,4.36242,4.34693,6.637e-05,0.728,0.538,20044
2807,4.43876,4.34693,6.631e-05,0.687,0.509,20030
2808,4.18727,4.34693,6.624e-05,0.777,0.610,20055
2809,4.48918,4.34693,6.618e-05,0.722,0.540,20068
2810,4.28230,4.34693,6.611e-05,0.679,0.476,20037
2811,4.38984,4.34693,6.605e-05,0.735,0.539,20038
2812,4.37354,4.34693,6.598e-05,0.728,0.552,20057
2813,4.37895,4.34693,6.592e-05,0.692,0.512,20016
2814,4.51860,4.34693,6.586e-05,0.672,0.496,20052
2815,4.65194,4.34693,6.580e-05,0.708,0.517,20066
2816,4.50409,4.34693,6.573e-05,0.728,0.548,20034
2817,4.14241,4.34693,6.567e-05,0.669,0.487,20062
2818,4.59630,4.34693,6.561e-05,0.697,0.513,20070
2819,4.52890,4.34693,6.555e-05,0.678,0.496,20015
2820,4.40677,4.34693,6.549e-05,0.707,0.508,20055
2821,4.53159,4.34693,6.543e-05,0.690,0.503,19007
2822,4.33866,4.34693,6.537e-05,0.682,0.500,20036
2823,4.42234,4.34693,6.531e-05,0.702,0.516,20079
2824,4.33088,4.34693,6.525e-05,0.745,0.549,20065
2825,4.31490,4.34693,6.519e-05,0.681,0.508,20034
2826,4.37551,4.34693,6.513e-05,0.708,0.517,20070
2827,4.42789,4.34693,6.507e-05,0.679,0.501,20061
2828,4.42306,4.34693,6.501e-05,0.701,0.507,20019
2829,4.39622,4.34693,6.495e-05,0.693,0.507,20061
2830,4.36884,4.34693,6.490e-05,0.671,0.482,20048
2831,4.40575,4.34693,6.484e-05,0.784,0.585,20036
2832,4.49620,4.34693,6.478e-05,0.660,0.487,20064
2833,4.45705,4.34693,6.473e-05,0.695,0.508,20057
2834,4.47904,4.34693,6.467e-05,0.668,0.485,20018
2835,4.52727,4.34693,6.461e-05,0.712,0.532,20061
2836,4.30903,4.34693,6.456e-05,0.710,0.519,20043
2837,4.48103,4.34693,6.450e-05,0.666,0.489,20021
2838,4.43744,4.34693,6.445e-05,0.744,0.569,20052
2839,4.39567,4.34693,6.439e-05,0.711,0.526,20057
2840,4.33961,4.34693,6.434e-05,0.714,0.534,20044
2841,4.48436,4.34693,6.429e-05,0.646,0.467,19044
2842,4.51577,4.34693,6.423e-05,0.709,0.522,20054
2843,4.50471,4.34693,6.418e-05,0.734,0.558,20051
2844,4.37929,4.34693,6.413e-05,0.681,0.504,20062
2845,4.42301,4.34693,6.407e-05,0.674,0.495,20075
2846,4.39555,4.34693,6.402e-05,0.727,0.555,20015
2847,4.53130,4.34693,6.397e-05,0.725,0.540,20054
2848,4.31841,4.34693,6.392e-05,0.702,0.513,20061
2849,4.31156,4.34693,6.387e-05,0.753,0.564,20027
2850,4.46900,4.34693,6.381e-05,0.685,0.490,20052
2851,4.51004,4.34693,6.376e-05,0.695,0.522,20069
2852,4.62853,4.34693,6.371e-05,0.748,0.543,20015
2853,4.38115,4.34693,6.366e-05,0.704,0.514,20063
2854,4.42811,4.34693,6.361e-05,0.719,0.531,20060
2855,4.44232,4.34693,6.357e-05,0.698,0.514,20025
2856,4.65143,4.34693,6.352e-05,0.673,0.482,20049
2857,4.43915,4.34693,6.347e-05,0.753,0.547,20065
2858,4.15755,4.34693,6.342e-05,0.770,0.588,20076
2859,4.47846,4.34693,6.337e-05,0.710,0.511,20019
2860,4.32026,4.34693,6.332e-05,0.681,0.496,20053
2861,4.43102,4.34693,6.328e-05,0.707,0.511,19125
2862,4.41059,4.34693,6.323e-05,0.686,0.504,20032
2863,4.25392,4.34693,6.318e-05,0.693,0.514,20065
2864,4.28141,4.34693,6.314e-05,0.769,0.565,20091
2865,4.53380,4.34693,6.309e-05,0.690,0.499,20032
2866,4.48423,4.34693,6.305e-05,0.707,0.516,20062
2867,4.55593,4.34693,6.300e-05,0.707,0.505,20059
2868,4.48233,4.34693,6.296e-05,0.704,0.532,20030
2869,4.39022,4.34693,6.291e-05,0.728,0.536,20055
2870,4.53715,4.34693,6.287e-05,0.678,0.488,20038
2871,4.27895,4.34693,6.282e-05,0.789,0.576,20050
2872,4.24177,4.34693,6.278e-05,0.696,0.512,20066
2873,4.54510,4.34693,6.274e-05,0.704,0.506,20055
2874,4.48627,4.34693,6.269e-05,0.811,0.613,20019
2875,4.42676,4.34693,6.265e-05,0.684,0.497,20043
2876,4.40205,4.34693,6.261e-05,0.727,0.534,19893
2877,4.33992,4.34693,6.257e-05,0.729,0.541,19307
2878,4.28090,4.34693,6.253e-05,0.729,0.548,20075
2879,4.39425,4.34693,6.248e-05,0.717,0.521,20035
2880,4.38189,4.34693,6.244e-05,0.691,0.502,20066
2881,4.64216,4.34693,6.240e-05,0.687,0.504,19108
2882,4.55046,4.34693,6.236e-05,0.728,0.527,20054
2883,4.47072,4.34693,6.232e-05,0.733,0.560,20018
2884,4.51525,4.34693,6.228e-05,0.694,0.508,20066
2885,4.34141,4.34693,6.224e-05,0.734,0.542,20052
2886,4.22312,4.34693,6.221e-05,0.719,0.527,20048
2887,4.33635,4.34693,6.217e-05,0.770,0.590,20060
2888,4.25803,4.34693,6.213e-05,0.787,0.584,20048
2889,4.46269,4.34693,6.209e-05,0.724,0.536,20009
2890,4.51548,4.34693,6.205e-05,0.667,0.489,20075
2891,4.52433,4.34693,6.202e-05,0.683,0.500,20042
2892,4.24713,4.34693,6.198e-05,0.741,0.565,20042
2893,4.53975,4.34693,6.194e-05,0.739,0.554,20049
2894,4.50153,4.34693,6.191e-05,0.729,0.531,20068
2895,4.43590,4.34693,6.187e-05,0.692,0.516,20023
2896,4.53037,4.34693,6.184e-05,0.746,0.570,20049
2897,4.51021,4.34693,6.180e-05,0.721,0.548,20060
2898,4.45259,4.34693,6.177e-05,0.692,0.508,20043
2899,4.52267,4.34693,6.173e-05,0.715,0.521,20063
2900,4.72760,4.34693,6.170e-05,0.727,0.522,20071
2901,4.30928,4.34693,6.166e-05,0.771,0.566,18993
2902,4.40999,4.34693,6.163e-05,0.654,0.472,20048
2903,4.47770,4.34693,6.160e-05,0.753,0.562,20061
2904,4.37417,4.34693,6.156e-05,0.674,0.501,20023
2905,4.32437,4.34693,6.153e-05,0.681,0.495,20058
2906,4.39838,4.34693,6.150e-05,0.689,0.509,20072
2907,4.36171,4.34693,6.147e-05,0.694,0.509,20032
2908,4.49322,4.34693,6.144e-05,0.673,0.485,20059
2909,4.50390,4.34693,6.141e-05,0.643,0.462,20085
2910,4.61197,4.34693,6.138e-05,0.732,0.535,20016
2911,4.51181,4.34693,6.135e-05,0.721,0.523,20066
2912,4.37735,4.34693,6.132e-05,0.698,0.504,20054
2913,4.17535,4.34693,6.129e-05,0.688,0.505,20047
2914,4.59320,4.34693,6.126e-05,0.979,0.623,20031
2915,4.37652,4.34693,6.123e-05,0.714,0.543,20032
2916,4.37452,4.34693,6.120e-05,0.709,0.525,20048
2917,4.60073,4.34693,6.117e-05,0.724,0.522,20022
2918,4.35759,4.34693,6.114e-05,0.763,0.563,20071
2919,4.31414,4.34693,6.111e-05,0.660,0.484,20042
2920,4.37081,4.34693,6.109e-05,0.682,0.496,20043
2921,4.24676,4.34693,6.106e-05,0.706,0.529,19035
2922,4.53214,4.34693,6.103e-05,0.656,0.473,20043
2923,4.28031,4.34693,6.101e-05,0.658,0.472,20023
2924,4.56329,4.34693,6.098e-05,0.666,0.478,20070
2925,4.23773,4.34693,6.096e-05,0.701,0.516,20060
2926,4.37790,4.34693,6.093e-05,0.696,0.500,20034
2927,4.37868,4.34693,6.091e-05,0.698,0.512,20054
2928,4.41709,4.34693,6.088e-05,0.736,0.544,20085
2929,4.46201,4.34693,6.086e-05,0.785,0.579,20002
2930,4.36755,4.34693,6.083e-05,0.719,0.529,20057
2931,4.35807,4.34693,6.081e-05,0.671,0.480,20066
2932,4.56502,4.34693,6.079e-05,0.682,0.492,20027
2933,4.58343,4.34693,6.076e-05,0.776,0.550,20049
2934,4.69224,4.34693,6.074e-05,0.695,0.496,20046
2935,4.40347,4.34693,6.072e-05,0.704,0.520,20034
2936,4.64682,4.34693,6.070e-05,0.681,0.496,20057
2937,4.37352,4.34693,6.067e-05,0.675,0.488,20040
2938,4.37953,4.34693,6.065e-05,0.708,0.529,20038
2939,4.52274,4.34693,6.063e-05,0.717,0.530,20071
2940,4.36396,4.34693,6.061e-05,0.712,0.528,20044
2941,4.28192,4.34693,6.059e-05,0.750,0.563,18964
2942,4.62742,4.34693,6.057e-05,0.748,0.549,20057
2943,4.41792,4.34693,6.055e-05,0.732,0.542,20090
2944,4.41398,4.34693,6.053e-05,0.689,0.505,20037
2945,4.36826,4.34693,6.051e-05,0.727,0.511,20079
2946,4.36041,4.34693,6.050e-05,0.673,0.484,20064
2947,4.37505,4.34693,6.048e-05,0.725,0.533,20015
2948,4.44905,4.34693,6.046e-05,0.734,0.543,20040
2949,4.39318,4.34693,6.044e-05,0.689,0.499,20056
2950,4.53498,4.34693,6.042e-05,0.710,0.523,20013
2951,4.31102,4.34693,6.041e-05,0.674,0.496,20072
2952,4.51799,4.34693,6.039e-05,0.682,0.488,20046
2953,4.46417,4.34693,6.038e-05,0.696,0.504,20035
2954,4.47174,4.34693,6.036e-05,0.685,0.501,20065
2955,4.56850,4.34693,6.034e-05,0.763,0.561,20054
2956,4.04661,4.34693,6.033e-05,0.699,0.515,20012
2957,4.26405,4.34693,6.031e-05,0.776,0.576,20066
2958,4.28777,4.34693,6.030e-05,0.703,0.512,20055
2959,4.51839,4.34693,6.029e-05,0.690,0.506,20033
2960,4.62336,4.34693,6.027e-05,0.756,0.574,20062
2961,4.43367,4.34693,6.026e-05,0.833,0.640,18988
2962,4.76648,4.34693,6.025e-05,0.715,0.529,20038
2963,4.33146,4.34693,6.023e-05,0.754,0.561,20073
2964,4.48897,4.34693,6.022e-05,0.802,0.593,20070
2965,4.56955,4.34693,6.021e-05,0.701,0.508,20014
2966,4.47660,4.34693,6.020e-05,0.703,0.509,20071
2967,4.54981,4.34693,6.019e-05,0.700,0.523,20063
2968,4.30713,4.34693,6.017e-05,0.682,0.493,20073
2969,4.40011,4.34693,6.016e-05,0.718,0.512,20041
2970,4.44418,4.34693,6.015e-05,0.724,0.533,20043
2971,4.17917,4.34693,6.014e-05,0.736,0.548,20062
2972,4.54767,4.34693,6.013e-05,0.667,0.480,20017
2973,4.54063,4.34693,6.012e-05,0.696,0.508,20054
2974,4.52918,4.34693,6.011e-05,0.711,0.513,20052
2975,4.50246,4.34693,6.011e-05,0.714,0.516,20014
2976,4.38610,4.34693,6.010e-05,0.734,0.545,20061
2977,4.63771,4.34693,6.009e-05,0.682,0.488,20040
2978,4.48528,4.34693,6.008e-05,0.739,0.534,20043
2979,4.35187,4.34693,6.007e-05,0.691,0.512,20046
2980,4.47873,4.34693,6.007e-05,0.701,0.501,20058
2981,4.20067,4.34693,6.006e-05,0.740,0.540,19169
2982,4.45858,4.34693,6.006e-05,0.716,0.524,20076
2983,4.55769,4.34693,6.005e-05,0.696,0.505,20011
2984,4.35917,4.34693,6.004e-05,0.678,0.496,20015
2985,4.68154,4.34693,6.004e-05,0.671,0.482,20067
2986,4.29032,4.34693,6.003e-05,0.717,0.538,20088
2987,4.66553,4.34693,6.003e-05,0.699,0.519,20056
2988,4.38826,4.34693,6.002e-05,0.704,0.521,20076
2989,4.34889,4.34693,6.002e-05,0.728,0.534,20042
2990,4.38622,4.34693,6.002e-05,0.718,0.517,20016
2991,4.29202,4.34693,6.001e-05,0.746,0.559,20068
2992,4.51929,4.34693,6.001e-05,0.699,0.508,20057
2993,4.45373,4.34693,6.001e-05,0.696,0.500,20043
2994,4.18403,4.34693,6.001e-05,0.754,0.563,20022
2995,4.26499,4.34693,6.000e-05,0.730,0.548,20049
2996,4.48005,4.34693,6.000e-05,0.690,0.495,20038
2997,4.41884,4.34693,6.000e-05,0.696,0.503,20070
2998,4.43420,4.34693,6.000e-05,0.652,0.469,20059
2999,4.45239,4.31794,6.000e-05,0.734,0.534,6135
