step,loss,val_loss,lr,grad_norm,proj_grad_norm,tokens_per_s
0,11.87809,11.85527,3.000e-06,5.196,0.838,8174
1,11.85384,11.85527,6.000e-06,5.135,0.813,29126
2,11.81159,11.85527,9.000e-06,4.638,0.787,28785
3,11.74854,11.85527,1.200e-05,4.196,0.690,28767
4,11.66839,11.85527,1.500e-05,3.644,0.483,28659
5,11.64327,11.85527,1.800e-05,2.819,0.365,29146
6,11.54561,11.85527,2.100e-05,2.823,0.289,29110
7,11.50544,11.85527,2.400e-05,2.335,0.208,29147
8,11.46399,11.85527,2.700e-05,2.071,0.188,29181
9,11.48620,11.85527,3.000e-05,1.660,0.164,29128
10,11.41373,11.85527,3.300e-05,1.558,0.127,29124
11,11.39875,11.85527,3.600e-05,1.390,0.104,28771
12,11.32644,11.85527,3.900e-05,1.638,0.163,28751
13,11.29996,11.85527,4.200e-05,1.491,0.084,28790
14,11.26747,11.85527,4.500e-05,1.508,0.090,28785
15,11.31219,11.85527,4.800e-05,1.262,0.118,28848
16,11.28580,11.85527,5.100e-05,1.246,0.089,29133
17,11.22775,11.85527,5.400e-05,1.282,0.087,29151
18,11.18889,11.85527,5.700e-05,1.305,0.057,29176
19,11.18200,11.85527,6.000e-05,1.418,0.166,29150
20,11.11339,11.85527,6.300e-05,1.483,0.113,28810
21,11.18140,11.85527,6.600e-05,1.159,0.095,28752
22,11.07529,11.85527,6.900e-05,1.325,0.091,28758
23,11.03326,11.85527,7.200e-05,1.328,0.074,28811
24,11.05810,11.85527,7.500e-05,1.120,0.052,28741
25,10.97849,11.85527,7.800e-05,1.330,0.057,29159
26,10.94542,11.85527,8.100e-05,1.259,0.084,29137
27,10.90361,11.85527,8.400e-05,1.297,0.050,29180
28,10.88489,11.85527,8.700e-05,1.201,0.087,29163
29,10.81405,11.85527,9.000e-05,1.219,0.052,29164
30,10.83343,11.85527,9.300e-05,1.085,0.057,29141
31,10.77758,11.85527,9.600e-05,1.173,0.110,29178
32,10.72456,11.85527,9.900e-05,1.168,0.072,29151
33,10.62224,11.85527,1.020e-04,1.353,0.092,29152
34,10.59226,11.85527,1.050e-04,1.307,0.117,29186
35,10.53910,11.85527,1.080e-04,1.192,0.066,29160
36,10.49902,11.85527,1.110e-04,1.333,0.093,29170
37,10.44197,11.85527,1.140e-04,1.287,0.107,29151
38,10.36871,11.85527,1.170e-04,1.234,0.061,29141
39,10.33702,11.85527,1.200e-04,1.220,0.039,29162
40,10.27826,11.85527,1.230e-04,1.194,0.075,29174
41,10.23705,11.85527,1.260e-04,1.254,0.064,29121
42,10.16746,11.85527,1.290e-04,1.141,0.047,29156
43,10.08567,11.85527,1.320e-04,1.292,0.090,29179
44,10.05145,11.85527,1.350e-04,1.176,0.061,29158
45,9.98829,11.85527,1.380e-04,1.147,0.083,29160
46,9.93420,11.85527,1.410e-04,1.150,0.058,29177
47,9.85035,11.85527,1.440e-04,1.151,0.080,29142
48,9.77118,11.85527,1.470e-04,1.231,0.084,29162
49,9.72576,11.85527,1.500e-04,1.199,0.055,29180
50,9.66584,11.85527,1.530e-04,1.221,0.086,29149
51,9.58456,11.85527,1.560e-04,1.219,0.062,29170
52,9.52480,11.85527,1.590e-04,1.091,0.053,29159
53,9.48049,11.85527,1.620e-04,1.139,0.066,29168
54,9.41094,11.85527,1.650e-04,1.139,0.052,29152
55,9.36897,11.85527,1.680e-04,1.193,0.077,29154
56,9.27661,11.85527,1.710e-04,1.074,0.062,29188
57,9.24573,11.85527,1.740e-04,1.162,0.080,29154
58,9.19717,11.85527,1.770e-04,1.138,0.043,29127
59,9.18408,11.85527,1.800e-04,1.266,0.135,29172
60,9.07909,11.85527,1.830e-04,1.169,0.074,29160
61,9.05520,11.85527,1.860e-04,1.331,0.106,29134
62,8.92769,11.85527,1.890e-04,1.203,0.054,29155
63,8.85676,11.85527,1.920e-04,1.047,0.106,29163
64,8.86382,11.85527,1.950e-04,0.982,0.062,29152
65,8.70275,11.85527,1.980e-04,1.094,0.127,29186
66,8.69913,11.85527,2.010e-04,1.111,0.071,29155
67,8.68472,11.85527,2.040e-04,1.045,0.117,29172
68,8.55739,11.85527,2.070e-04,1.126,0.087,29151
69,8.53389,11.85527,2.100e-04,1.165,0.087,29162
70,8.44080,11.85527,2.130e-04,0.959,0.086,29166
71,8.48028,11.85527,2.160e-04,1.082,0.060,29160
72,8.39191,11.85527,2.190e-04,0.997,0.050,29196
73,8.31429,11.85527,2.220e-04,0.933,0.056,29179
74,8.30283,11.85527,2.250e-04,0.939,0.048,29161
75,8.14696,11.85527,2.280e-04,0.867,0.055,29162
76,8.15566,11.85527,2.310e-04,0.920,0.072,29161
77,8.19558,11.85527,2.340e-04,0.982,0.061,29167
78,8.16026,11.85527,2.370e-04,0.944,0.094,29147
79,8.07887,11.85527,2.400e-04,0.891,0.100,29190
80,8.09908,11.85527,2.430e-04,0.880,0.078,29135
81,7.98354,11.85527,2.460e-04,0.917,0.094,29108
82,7.94185,11.85527,2.490e-04,0.871,0.118,29149
83,7.95189,11.85527,2.520e-04,0.794,0.101,29188
84,7.89209,11.85527,2.550e-04,0.858,0.109,29193
85,7.79108,11.85527,2.580e-04,0.776,0.110,29170
86,7.93632,11.85527,2.610e-04,0.742,0.110,29180
87,7.86698,11.85527,2.640e-04,0.816,0.147,29162
88,7.75592,11.85527,2.670e-04,0.748,0.119,29172
89,7.81440,11.85527,2.700e-04,0.559,0.059,29158
90,7.62998,11.85527,2.730e-04,0.617,0.105,29140
91,7.64004,11.85527,2.760e-04,0.596,0.101,29140
92,7.64031,11.85527,2.790e-04,0.847,0.200,29178
93,7.62161,11.85527,2.820e-04,0.971,0.256,29172
94,7.60714,11.85527,2.850e-04,0.628,0.171,29174
95,7.60833,11.85527,2.880e-04,1.294,0.297,29174
96,7.59509,11.85527,2.910e-04,0.829,0.299,29159
97,7.54391,11.85527,2.940e-04,0.719,0.161,29178
98,7.41350,11.85527,2.970e-04,0.670,0.193,29167
99,7.56652,11.85527,3.000e-04,0.708,0.156,29136
100,7.43365,11.85527,3.030e-04,0.499,0.119,29188
101,7.52679,11.85527,3.060e-04,0.541,0.116,29114
102,7.44406,11.85527,3.090e-04,0.542,0.155,29142
103,7.50144,11.85527,3.120e-04,0.580,0.172,29184
104,7.45840,11.85527,3.150e-04,0.507,0.109,29139
105,7.47580,11.85527,3.180e-04,0.503,0.148,29177
106,7.36844,11.85527,3.210e-04,0.614,0.209,29160
107,7.48233,11.85527,3.240e-04,0.481,0.151,29157
108,7.32519,11.85527,3.270e-04,0.545,0.179,29174
109,7.34795,11.85527,3.300e-04,0.577,0.142,29161
110,7.38349,11.85527,3.330e-04,0.663,0.233,29181
111,7.38743,11.85527,3.360e-04,0.851,0.360,29198
112,7.39313,11.85527,3.390e-04,0.623,0.200,29139
113,7.36437,11.85527,3.420e-04,0.545,0.172,29145
114,7.36801,11.85527,3.450e-04,0.709,0.201,29173
115,7.40443,11.85527,3.480e-04,0.542,0.162,29167
116,7.23208,11.85527,3.510e-04,0.640,0.159,29152
117,7.31425,11.85527,3.540e-04,0.501,0.155,29169
118,7.31713,11.85527,3.570e-04,0.463,0.144,29160
119,7.27900,11.85527,3.600e-04,0.411,0.105,29169
120,7.30983,11.85527,3.630e-04,0.482,0.205,29166
121,7.30891,11.85527,3.660e-04,0.561,0.278,29104
122,7.18621,11.85527,3.690e-04,0.497,0.203,29166
123,7.16574,11.85527,3.720e-04,0.425,0.135,29159
124,7.16478,11.85527,3.750e-04,0.572,0.207,29164
125,7.12731,11.85527,3.780e-04,0.439,0.142,29154
126,7.23538,11.85527,3.810e-04,0.466,0.143,29150
127,7.19571,11.85527,3.840e-04,0.409,0.122,29175
128,7.21407,11.85527,3.870e-04,0.501,0.193,29176
129,7.26138,11.85527,3.900e-04,0.601,0.319,29140
130,7.21255,11.85527,3.930e-04,0.836,0.470,29191
131,7.13549,11.85527,3.960e-04,0.597,0.268,29156
132,7.03391,11.85527,3.990e-04,0.470,0.190,29172
133,7.19376,11.85527,4.020e-04,0.545,0.186,29165
134,7.11845,11.85527,4.050e-04,0.726,0.258,29140
135,7.12314,11.85527,4.080e-04,0.444,0.154,29178
136,7.09017,11.85527,4.110e-04,0.592,0.228,29155
137,6.96886,11.85527,4.140e-04,0.461,0.176,29173
138,7.06795,11.85527,4.170e-04,0.561,0.208,29167
139,7.00370,11.85527,4.200e-04,0.543,0.209,29171
140,6.94645,11.85527,4.230e-04,0.476,0.172,29166
141,7.14082,11.85527,4.260e-04,0.550,0.246,29098
142,7.05601,11.85527,4.290e-04,0.658,0.262,29156
143,6.98833,11.85527,4.320e-04,0.510,0.206,29185
144,6.99149,11.85527,4.350e-04,0.761,0.334,29145
145,7.07839,11.85527,4.380e-04,0.853,0.377,29151
146,7.07124,11.85527,4.410e-04,0.532,0.198,29177
147,6.93528,11.85527,4.440e-04,0.659,0.278,29156
148,7.04553,11.85527,4.470e-04,0.553,0.220,29169
149,6.98392,11.85527,4.500e-04,0.506,0.193,29166
150,7.08136,11.85527,4.530e-04,0.552,0.255,29153
151,6.93536,11.85527,4.560e-04,0.509,0.223,29154
152,7.02956,11.85527,4.590e-04,0.489,0.211,29174
153,6.88587,11.85527,4.620e-04,0.459,0.195,29151
154,6.88618,11.85527,4.650e-04,0.502,0.212,29183
155,6.93710,11.85527,4.680e-04,0.523,0.258,29157
156,7.01980,11.85527,4.710e-04,0.529,0.236,29168
157,6.94104,11.85527,4.740e-04,0.979,0.470,29151
158,6.96305,11.85527,4.770e-04,0.759,0.356,29168
159,6.95526,11.85527,4.800e-04,0.633,0.272,29157
160,6.97112,11.85527,4.830e-04,0.749,0.323,29176
161,6.94892,11.85527,4.860e-04,0.626,0.339,29102
162,7.06191,11.85527,4.890e-04,0.568,0.259,29164
163,6.74342,11.85527,4.920e-04,0.778,0.397,29158
164,6.97031,11.85527,4.950e-04,0.707,0.356,29165
165,7.01322,11.85527,4.980e-04,0.627,0.304,29162
166,6.85041,11.85527,5.010e-04,0.831,0.413,29161
167,6.97642,11.85527,5.040e-04,0.577,0.255,29152
168,6.86703,11.85527,5.070e-04,0.739,0.280,29181
169,6.89276,11.85527,5.100e-04,0.544,0.191,29166
170,6.78995,11.85527,5.130e-04,0.777,0.367,29168
171,6.81258,11.85527,5.160e-04,0.485,0.236,29154
172,6.86406,11.85527,5.190e-04,0.482,0.232,29135
173,6.86704,11.85527,5.220e-04,0.695,0.360,29166
174,6.85174,11.85527,5.250e-04,0.809,0.386,29166
175,6.79416,11.85527,5.280e-04,0.647,0.287,29156
176,6.83705,11.85527,5.310e-04,0.568,0.272,29168
177,7.03683,11.85527,5.340e-04,0.455,0.172,29172
178,6.91846,11.85527,5.370e-04,0.542,0.276,29141
179,6.85917,11.85527,5.400e-04,0.507,0.222,29183
180,6.74946,11.85527,5.430e-04,0.566,0.278,29165
181,6.80103,11.85527,5.460e-04,0.554,0.201,29116
182,7.00365,11.85527,5.490e-04,0.591,0.270,29162
183,6.83685,11.85527,5.520e-04,0.618,0.323,29150
184,6.83254,11.85527,5.550e-04,0.713,0.328,29166
185,6.68485,11.85527,5.580e-04,0.587,0.318,29168
186,6.82860,11.85527,5.610e-04,0.586,0.222,29156
187,6.90087,11.85527,5.640e-04,0.700,0.303,29189
188,6.81724,11.85527,5.670e-04,0.749,0.419,29159
189,6.84673,11.85527,5.700e-04,0.964,0.596,29141
190,6.74549,11.85527,5.730e-04,0.676,0.391,29179
191,6.80376,11.85527,5.760e-04,0.513,0.251,29181
192,6.63582,11.85527,5.790e-04,0.592,0.304,29183
193,6.73279,11.85527,5.820e-04,0.571,0.271,29161
194,6.75550,11.85527,5.850e-04,0.662,0.324,29165
195,6.79157,11.85527,5.880e-04,0.671,0.364,29170
196,6.82217,11.85527,5.910e-04,0.638,0.315,29141
197,6.71721,11.85527,5.940e-04,0.612,0.247,29171
198,6.71121,11.85527,5.970e-04,0.724,0.401,29168
199,6.71230,11.85527,6.000e-04,0.621,0.294,29171
200,6.60917,11.85527,6.000e-04,0.514,0.236,29168
201,6.75665,11.85527,6.000e-04,0.510,0.218,29106
202,6.73937,11.85527,6.000e-04,0.634,0.308,29166
203,6.66210,11.85527,6.000e-04,0.560,0.271,29175
204,6.65208,11.85527,6.000e-04,0.533,0.228,29148
205,6.53069,11.85527,6.000e-04,0.475,0.216,29162
206,6.81138,11.85527,6.000e-04,0.489,0.204,29160
207,6.68683,11.85527,6.000e-04,0.801,0.387,29173
208,6.73941,11.85527,6.000e-04,1.171,0.620,29156
209,6.56412,11.85527,6.000e-04,0.853,0.472,29168
210,6.71081,11.85527,6.000e-04,0.892,0.520,29161
211,6.68123,11.85527,6.000e-04,0.770,0.413,29178
212,6.61542,11.85527,6.000e-04,0.571,0.268,29185
213,6.69339,11.85527,6.000e-04,0.699,0.332,29134
214,6.61504,11.85527,6.000e-04,0.605,0.287,29184
215,6.62741,11.85527,6.000e-04,0.615,0.278,29139
216,6.67133,11.85527,6.000e-04,0.449,0.201,29160
217,6.58237,11.85527,6.000e-04,0.692,0.301,29174
218,6.74210,11.85527,5.999e-04,1.054,0.512,29148
219,6.62394,11.85527,5.999e-04,0.671,0.373,29135
220,6.75113,11.85527,5.999e-04,0.602,0.245,29162
221,6.69285,11.85527,5.999e-04,0.503,0.245,29134
222,6.57600,11.85527,5.999e-04,0.488,0.225,29163
223,6.63388,11.85527,5.999e-04,0.469,0.202,29145
224,6.70738,11.85527,5.999e-04,0.503,0.221,29176
225,6.72320,11.85527,5.999e-04,0.475,0.210,29161
226,6.49270,11.85527,5.999e-04,0.538,0.263,29161
227,6.63526,11.85527,5.999e-04,0.546,0.263,29127
228,6.64599,11.85527,5.999e-04,0.515,0.217,29189
229,6.68284,11.85527,5.999e-04,0.574,0.268,29151
230,6.66512,11.85527,5.998e-04,0.500,0.210,29052
231,6.67318,11.85527,5.998e-04,0.600,0.303,28809
232,6.59036,11.85527,5.998e-04,0.520,0.239,29171
233,6.63089,11.85527,5.998e-04,0.679,0.291,29141
234,6.59657,11.85527,5.998e-04,0.544,0.245,29187
235,6.76642,11.85527,5.998e-04,0.540,0.240,29135
236,6.67545,11.85527,5.998e-04,0.546,0.252,29169
237,6.64824,11.85527,5.998e-04,0.616,0.310,29168
238,6.72399,11.85527,5.998e-04,0.668,0.346,29159
239,6.64079,11.85527,5.997e-04,0.718,0.406,29178
240,6.69442,11.85527,5.997e-04,0.628,0.335,29141
241,6.72762,11.85527,5.997e-04,0.541,0.261,29129
242,6.69705,11.85527,5.997e-04,0.772,0.418,29163
243,6.60180,11.85527,5.997e-04,0.539,0.252,29156
244,6.56729,11.85527,5.997e-04,0.613,0.301,29162
245,6.60403,11.85527,5.997e-04,0.526,0.228,29143
246,6.56469,11.85527,5.996e-04,0.524,0.240,29186
247,6.51250,11.85527,5.996e-04,0.535,0.274,29177
248,6.60695,11.85527,5.996e-04,0.597,0.332,29145
249,6.52242,11.85527,5.996e-04,0.653,0.380,29158
250,6.40409,6.52865,5.996e-04,0.621,0.348,8833
251,6.62715,6.52865,5.996e-04,0.661,0.368,29494
252,6.60316,6.52865,5.995e-04,0.678,0.360,29192
253,6.65493,6.52865,5.995e-04,0.565,0.284,29142
254,6.54527,6.52865,5.995e-04,0.534,0.240,29170
255,6.54719,6.52865,5.995e-04,0.494,0.233,29169
256,6.60796,6.52865,5.995e-04,0.488,0.211,29163
257,6.56223,6.52865,5.994e-04,0.471,0.220,29157
258,6.50827,6.52865,5.994e-04,0.497,0.242,29149
259,6.58322,6.52865,5.994e-04,0.809,0.428,29169
260,6.45722,6.52865,5.994e-04,0.592,0.306,29148
261,6.46092,6.52865,5.994e-04,0.580,0.292,29104
262,6.52708,6.52865,5.993e-04,0.725,0.356,29148
263,6.44260,6.52865,5.993e-04,0.728,0.391,29157
264,6.46382,6.52865,5.993e-04,0.578,0.295,29185
265,6.44493,6.52865,5.993e-04,0.525,0.273,29133
266,6.57208,6.52865,5.993e-04,0.552,0.274,29170
267,6.51552,6.52865,5.992e-04,0.622,0.359,29176
268,6.47056,6.52865,5.992e-04,0.731,0.384,29164
269,6.50877,6.52865,5.992e-04,0.643,0.304,29147
270,6.42177,6.52865,5.992e-04,0.621,0.291,29153
271,6.50461,6.52865,5.991e-04,0.663,0.335,29165
272,6.56162,6.52865,5.991e-04,0.432,0.191,29144
273,6.42168,6.52865,5.991e-04,0.599,0.291,29167
274,6.55522,6.52865,5.991e-04,0.570,0.264,29152
275,6.67044,6.52865,5.990e-04,0.503,0.229,29169
276,6.53439,6.52865,5.990e-04,0.628,0.343,29196
277,6.33186,6.52865,5.990e-04,0.540,0.262,29149
278,6.50538,6.52865,5.990e-04,0.517,0.221,29169
279,6.52654,6.52865,5.989e-04,0.507,0.232,29152
280,6.47026,6.52865,5.989e-04,0.541,0.232,29186
281,6.43269,6.52865,5.989e-04,0.514,0.260,29115
282,6.49149,6.52865,5.989e-04,0.615,0.293,29150
283,6.43094,6.52865,5.988e-04,0.474,0.210,29171
284,6.65226,6.52865,5.988e-04,0.600,0.247,29165
285,6.31769,6.52865,5.988e-04,0.563,0.282,29131
286,6.47363,6.52865,5.987e-04,0.686,0.350,29182
287,6.50217,6.52865,5.987e-04,0.617,0.332,29163
288,6.66198,6.52865,5.987e-04,0.506,0.223,29174
289,6.41414,6.52865,5.987e-04,0.642,0.345,29163
290,6.41867,6.52865,5.986e-04,0.637,0.309,29156
291,6.52605,6.52865,5.986e-04,0.593,0.299,29167
292,6.39312,6.52865,5.986e-04,0.576,0.290,29163
293,6.47643,6.52865,5.985e-04,0.527,0.259,29161
294,6.51937,6.52865,5.985e-04,0.530,0.236,29178
295,6.45985,6.52865,5.985e-04,0.522,0.246,29160
296,6.43724,6.52865,5.984e-04,0.620,0.320,29154
297,6.52320,6.52865,5.984e-04,0.582,0.304,29172
298,6.38325,6.52865,5.984e-04,0.493,0.251,29158
299,6.49726,6.52865,5.983e-04,0.617,0.320,29138
300,6.32957,6.52865,5.983e-04,0.583,0.323,29194
301,6.41365,6.52865,5.983e-04,0.518,0.271,29103
302,6.41831,6.52865,5.982e-04,0.474,0.243,29141
303,6.40567,6.52865,5.982e-04,0.443,0.202,29172
304,6.47142,6.52865,5.982e-04,0.505,0.253,29146
305,6.37784,6.52865,5.981e-04,0.445,0.208,29174
306,6.23427,6.52865,5.981e-04,0.541,0.254,29175
307,6.46750,6.52865,5.981e-04,0.672,0.359,29138
308,6.32328,6.52865,5.980e-04,0.544,0.261,29177
309,6.52502,6.52865,5.980e-04,0.573,0.267,29169
310,6.43449,6.52865,5.979e-04,0.475,0.225,29137
311,6.57226,6.52865,5.979e-04,0.609,0.293,29168
312,6.38341,6.52865,5.979e-04,0.506,0.253,29175
313,6.36853,6.52865,5.978e-04,0.520,0.230,29143
314,6.29924,6.52865,5.978e-04,0.583,0.299,29166
315,6.43175,6.52865,5.978e-04,0.502,0.233,29160
316,6.54626,6.52865,5.977e-04,0.535,0.229,29169
317,6.38740,6.52865,5.977e-04,0.687,0.347,29156
318,6.35453,6.52865,5.976e-04,0.522,0.237,29181
319,6.30911,6.52865,5.976e-04,0.443,0.192,29177
320,6.38109,6.52865,5.976e-04,0.517,0.243,29156
321,6.32217,6.52865,5.975e-04,0.525,0.242,29103
322,6.19164,6.52865,5.975e-04,0.596,0.295,29170
323,6.51339,6.52865,5.974e-04,0.670,0.339,29135
324,6.41177,6.52865,5.974e-04,0.622,0.291,29185
325,6.41862,6.52865,5.973e-04,0.555,0.270,29159
326,6.48900,6.52865,5.973e-04,0.552,0.240,29147
327,6.29635,6.52865,5.973e-04,0.584,0.309,29178
328,6.27130,6.52865,5.972e-04,0.526,0.238,29164
329,6.41449,6.52865,5.972e-04,0.622,0.299,29159
330,6.37138,6.52865,5.971e-04,0.588,0.292,29161
331,6.33398,6.52865,5.971e-04,0.612,0.313,29163
332,6.28606,6.52865,5.970e-04,0.530,0.249,29160
333,6.43066,6.52865,5.970e-04,0.528,0.234,29173
334,6.35363,6.52865,5.970e-04,0.598,0.266,29135
335,6.41184,6.52865,5.969e-04,0.519,0.226,29182
336,6.51253,6.52865,5.969e-04,0.587,0.263,29157
337,6.40275,6.52865,5.968e-04,0.534,0.257,29166
338,6.36563,6.52865,5.968e-04,0.471,0.202,29174
339,6.40790,6.52865,5.967e-04,0.564,0.263,29147
340,6.19816,6.52865,5.967e-04,0.533,0.261,29158
341,6.21796,6.52865,5.966e-04,0.537,0.257,29109
342,6.44123,6.52865,5.966e-04,0.582,0.290,29177
343,6.16100,6.52865,5.965e-04,0.557,0.315,29168
344,6.36736,6.52865,5.965e-04,0.565,0.276,29161
345,6.48546,6.52865,5.964e-04,0.564,0.279,29155
346,6.28930,6.52865,5.964e-04,0.583,0.322,29176
347,6.39885,6.52865,5.963e-04,0.686,0.365,29174
348,6.28208,6.52865,5.963e-04,0.523,0.245,29136
349,6.22418,6.52865,5.962e-04,0.634,0.285,29162
350,6.24830,6.52865,5.962e-04,0.552,0.272,29165
351,6.41455,6.52865,5.961e-04,0.512,0.203,29184
352,6.30099,6.52865,5.961e-04,0.582,0.287,29173
353,6.33675,6.52865,5.960e-04,0.571,0.272,29170
354,6.26821,6.52865,5.960e-04,0.595,0.265,29152
355,6.37809,6.52865,5.959e-04,0.470,0.199,29148
356,6.36576,6.52865,5.959e-04,0.583,0.236,29155
357,6.40598,6.52865,5.958e-04,0.535,0.230,29166
358,6.34473,6.52865,5.958e-04,0.558,0.262,29147
359,6.36016,6.52865,5.957e-04,0.584,0.260,29164
360,6.25201,6.52865,5.957e-04,0.475,0.200,29170
361,6.43662,6.52865,5.956e-04,0.605,0.302,29124
362,6.31521,6.52865,5.956e-04,0.542,0.248,29189
363,6.27962,6.52865,5.955e-04,0.534,0.257,29162
364,6.29341,6.52865,5.954e-04,0.514,0.227,29150
365,6.49283,6.52865,5.954e-04,0.476,0.218,29154
366,6.26103,6.52865,5.953e-04,0.768,0.390,29165
367,6.28175,6.52865,5.953e-04,0.494,0.232,29173
368,6.35319,6.52865,5.952e-04,0.603,0.286,29165
369,6.34324,6.52865,5.952e-04,0.583,0.290,29159
370,6.18786,6.52865,5.951e-04,0.481,0.213,29146
371,6.12739,6.52865,5.950e-04,0.567,0.283,29174
372,6.21231,6.52865,5.950e-04,0.447,0.200,29184
373,6.27567,6.52865,5.949e-04,0.513,0.234,29146
374,6.25023,6.52865,5.949e-04,0.643,0.293,29172
375,6.21804,6.52865,5.948e-04,0.526,0.245,29161
376,6.31947,6.52865,5.948e-04,0.553,0.245,29148
377,6.29249,6.52865,5.947e-04,0.512,0.226,29162
378,6.25308,6.52865,5.946e-04,0.608,0.277,29151
379,6.27387,6.52865,5.946e-04,0.652,0.284,29171
380,6.28950,6.52865,5.945e-04,0.665,0.333,29156
381,6.16145,6.52865,5.945e-04,0.531,0.245,29142
382,6.17018,6.52865,5.944e-04,0.551,0.281,29154
383,6.29796,6.52865,5.943e-04,0.469,0.212,29161
384,6.10826,6.52865,5.943e-04,0.847,0.447,29162
385,6.38255,6.52865,5.942e-04,0.597,0.264,29148
386,6.36233,6.52865,5.941e-04,0.623,0.295,29186
387,6.34859,6.52865,5.941e-04,0.563,0.237,29159
388,6.22890,6.52865,5.940e-04,0.537,0.244,29175
389,6.21685,6.52865,5.940e-04,0.638,0.317,29146
390,6.11703,6.52865,5.939e-04,0.691,0.370,29183
391,6.27091,6.52865,5.938e-04,0.816,0.439,29142
392,6.20727,6.52865,5.938e-04,0.586,0.285,29169
393,6.20553,6.52865,5.937e-04,0.613,0.309,29154
394,6.31908,6.52865,5.936e-04,0.482,0.209,29177
395,6.20100,6.52865,5.936e-04,0.487,0.211,29156
396,6.14930,6.52865,5.935e-04,0.578,0.275,29175
397,6.18355,6.52865,5.934e-04,0.562,0.269,29153
398,6.17950,6.52865,5.934e-04,0.449,0.204,29178
399,6.28146,6.52865,5.933e-04,0.479,0.215,29156
400,6.29908,6.52865,5.932e-04,0.450,0.185,29152
401,6.18561,6.52865,5.932e-04,0.467,0.184,29132
402,6.17720,6.52865,5.931e-04,0.559,0.241,29148
403,6.12457,6.52865,5.930e-04,0.640,0.297,29173
404,6.21021,6.52865,5.930e-04,0.553,0.202,29160
405,6.18813,6.52865,5.929e-04,0.607,0.284,29150
406,6.24200,6.52865,5.928e-04,0.668,0.319,29163
407,6.23194,6.52865,5.928e-04,0.534,0.248,29165
408,6.10323,6.52865,5.927e-04,0.484,0.218,29178
409,6.18071,6.52865,5.926e-04,0.509,0.232,29156
410,6.29342,6.52865,5.925e-04,0.484,0.213,29153
411,6.13365,6.52865,5.925e-04,0.557,0.260,29173
412,6.24054,6.52865,5.924e-04,0.523,0.243,29175
413,6.27449,6.52865,5.923e-04,0.500,0.219,29160
414,6.13660,6.52865,5.923e-04,0.557,0.238,29170
415,6.22819,6.52865,5.922e-04,0.485,0.227,29169
416,6.08260,6.52865,5.921e-04,0.496,0.219,29146
417,6.20247,6.52865,5.920e-04,0.532,0.236,29171
418,6.21826,6.52865,5.920e-04,0.463,0.200,29179
419,6.20850,6.52865,5.919e-04,0.617,0.286,29154
420,6.28463,6.52865,5.918e-04,0.450,0.184,29179
421,6.06883,6.52865,5.917e-04,0.567,0.271,29091
422,6.10920,6.52865,5.917e-04,0.556,0.279,29199
423,6.20823,6.52865,5.916e-04,0.535,0.241,29174
424,6.17692,6.52865,5.915e-04,0.454,0.187,29150
425,6.05568,6.52865,5.914e-04,0.521,0.244,29168
426,6.15194,6.52865,5.914e-04,0.504,0.225,29163
427,6.26926,6.52865,5.913e-04,0.437,0.178,29152
428,6.18904,6.52865,5.912e-04,0.567,0.274,29174
429,6.29785,6.52865,5.911e-04,0.569,0.244,29188
430,6.21412,6.52865,5.911e-04,0.534,0.250,29111
431,6.21953,6.52865,5.910e-04,0.499,0.227,29161
432,6.23582,6.52865,5.909e-04,0.564,0.238,29172
433,6.28750,6.52865,5.908e-04,0.495,0.207,29173
434,6.09301,6.52865,5.907e-04,0.514,0.220,29173
435,6.14775,6.52865,5.907e-04,0.533,0.246,29156
436,6.10175,6.52865,5.906e-04,0.493,0.224,29177
437,6.17561,6.52865,5.905e-04,0.496,0.227,29158
438,6.02199,6.52865,5.904e-04,0.485,0.215,29124
439,6.09145,6.52865,5.904e-04,0.559,0.253,29184
440,6.03773,6.52865,5.903e-04,0.608,0.235,29144
441,6.21125,6.52865,5.902e-04,0.514,0.223,29140
442,6.13492,6.52865,5.901e-04,0.520,0.251,29162
443,6.00917,6.52865,5.900e-04,0.504,0.219,29168
444,6.25382,6.52865,5.899e-04,0.541,0.210,29165
445,5.96335,6.52865,5.899e-04,0.458,0.189,29179
446,6.20238,6.52865,5.898e-04,0.514,0.211,29150
447,6.13074,6.52865,5.897e-04,0.487,0.207,29161
448,6.10244,6.52865,5.896e-04,0.521,0.218,29168
449,6.04814,6.52865,5.895e-04,0.520,0.217,29161
450,6.08046,6.52865,5.894e-04,0.543,0.228,29176
451,6.22049,6.52865,5.894e-04,0.530,0.236,29162
452,6.03258,6.52865,5.893e-04,0.543,0.255,29158
453,6.25214,6.52865,5.892e-04,0.521,0.224,29168
454,6.10479,6.52865,5.891e-04,0.746,0.330,29142
455,5.99366,6.52865,5.890e-04,0.531,0.249,29164
456,6.22404,6.52865,5.889e-04,0.650,0.279,29169
457,6.07883,6.52865,5.889e-04,0.578,0.258,29158
458,6.20622,6.52865,5.888e-04,0.562,0.257,29163
459,6.18710,6.52865,5.887e-04,0.537,0.227,29149
460,6.07921,6.52865,5.886e-04,0.510,0.228,29159
461,6.12821,6.52865,5.885e-04,0.485,0.209,29146
462,6.00455,6.52865,5.884e-04,0.492,0.218,29141
463,6.20107,6.52865,5.883e-04,0.464,0.186,29187
464,6.15968,6.52865,5.882e-04,0.513,0.217,29152
465,6.27574,6.52865,5.882e-04,0.496,0.193,29167
466,5.94657,6.52865,5.881e-04,0.547,0.245,29153
467,6.17721,6.52865,5.880e-04,0.604,0.294,29160
468,5.96602,6.52865,5.879e-04,0.627,0.311,29181
469,6.22595,6.52865,5.878e-04,0.652,0.274,29156
470,6.05812,6.52865,5.877e-04,0.656,0.284,29166
471,6.16685,6.52865,5.876e-04,0.555,0.241,29164
472,6.08340,6.52865,5.875e-04,0.597,0.252,29155
473,6.10326,6.52865,5.874e-04,0.558,0.247,29150
474,6.14197,6.52865,5.873e-04,0.492,0.215,29187
475,6.11767,6.52865,5.872e-04,0.515,0.223,29188
476,6.10725,6.52865,5.872e-04,0.604,0.273,29167
477,5.98385,6.52865,5.871e-04,0.543,0.234,29152
478,5.95339,6.52865,5.870e-04,0.639,0.298,29172
479,6.02904,6.52865,5.869e-04,0.643,0.295,29145
480,6.24083,6.52865,5.868e-04,0.554,0.219,29169
481,5.97176,6.52865,5.867e-04,0.688,0.349,29106
482,6.05696,6.52865,5.866e-04,0.525,0.226,29170
483,6.23535,6.52865,5.865e-04,0.526,0.212,29148
484,6.26306,6.52865,5.864e-04,0.574,0.245,29150
485,6.13416,6.52865,5.863e-04,0.569,0.257,29167
486,6.00450,6.52865,5.862e-04,0.605,0.289,29155
487,6.02264,6.52865,5.861e-04,0.501,0.197,29160
488,6.14526,6.52865,5.860e-04,0.559,0.255,29173
489,6.24133,6.52865,5.859e-04,0.511,0.202,29165
490,6.08509,6.52865,5.858e-04,0.556,0.246,29180
491,6.24594,6.52865,5.857e-04,0.609,0.240,29170
492,6.06857,6.52865,5.856e-04,0.541,0.247,29168
493,6.10500,6.52865,5.855e-04,0.672,0.322,29170
494,6.11555,6.52865,5.854e-04,0.592,0.260,29151
495,6.42276,6.52865,5.853e-04,0.494,0.205,29145
496,6.11571,6.52865,5.852e-04,0.683,0.300,29178
497,6.11114,6.52865,5.851e-04,0.513,0.228,29149
498,6.04083,6.52865,5.850e-04,0.522,0.225,29164
499,5.99372,6.52865,5.849e-04,0.507,0.212,29161
500,6.13074,5.99185,5.848e-04,0.520,0.220,8830
501,6.11498,5.99185,5.847e-04,0.609,0.211,29495
502,5.91686,5.99185,5.846e-04,0.553,0.234,29168
503,5.98936,5.99185,5.845e-04,0.635,0.329,29164
504,5.99071,5.99185,5.844e-04,0.536,0.216,29150
505,5.94300,5.99185,5.843e-04,0.532,0.236,29164
506,6.10440,5.99185,5.842e-04,0.597,0.237,29175
507,6.09026,5.99185,5.841e-04,0.492,0.191,29187
508,6.06697,5.99185,5.840e-04,0.591,0.242,29160
509,6.01743,5.99185,5.839e-04,0.527,0.210,29158
510,6.13381,5.99185,5.838e-04,0.653,0.281,29143
511,5.85076,5.99185,5.837e-04,0.537,0.238,28937
512,5.94599,5.99185,5.836e-04,0.571,0.214,29160
513,5.85939,5.99185,5.835e-04,0.660,0.249,29155
514,6.04871,5.99185,5.834e-04,0.681,0.294,29170
515,6.00177,5.99185,5.833e-04,0.550,0.231,29186
516,5.99746,5.99185,5.832e-04,0.554,0.256,29139
517,5.99365,5.99185,5.831e-04,0.537,0.218,29168
518,5.95158,5.99185,5.830e-04,0.509,0.242,29162
519,6.00072,5.99185,5.829e-04,0.545,0.236,29163
520,6.01238,5.99185,5.828e-04,0.655,0.335,29153
521,6.11852,5.99185,5.827e-04,0.612,0.253,29108
522,5.85820,5.99185,5.826e-04,0.621,0.291,29162
523,5.95170,5.99185,5.825e-04,0.634,0.289,29181
524,6.09002,5.99185,5.824e-04,0.505,0.210,29161
525,5.99577,5.99185,5.822e-04,0.592,0.271,29162
526,5.90838,5.99185,5.821e-04,0.597,0.275,29163
527,5.94462,5.99185,5.820e-04,0.520,0.228,29162
528,5.95297,5.99185,5.819e-04,0.449,0.177,29157
529,5.99899,5.99185,5.818e-04,0.484,0.189,29162
530,5.97357,5.99185,5.817e-04,0.482,0.203,29158
531,5.91544,5.99185,5.816e-04,0.478,0.185,29181
532,5.99852,5.99185,5.815e-04,0.621,0.279,29152
533,5.98991,5.99185,5.814e-04,0.520,0.214,29175
534,6.07564,5.99185,5.813e-04,0.651,0.292,29144
535,5.83783,5.99185,5.812e-04,0.559,0.228,29165
536,6.03910,5.99185,5.810e-04,0.616,0.257,29140
537,6.05488,5.99185,5.809e-04,0.787,0.295,29179
538,5.86503,5.99185,5.808e-04,0.561,0.242,29151
539,6.08997,5.99185,5.807e-04,0.613,0.228,29156
540,5.94070,5.99185,5.806e-04,0.509,0.222,29165
541,5.99443,5.99185,5.805e-04,0.647,0.243,29114
542,5.92335,5.99185,5.804e-04,0.537,0.240,29153
543,5.91580,5.99185,5.803e-04,0.574,0.273,29153
544,5.99195,5.99185,5.801e-04,0.480,0.189,29168
545,5.98847,5.99185,5.800e-04,0.482,0.190,29143
546,6.16276,5.99185,5.799e-04,0.752,0.280,29147
547,6.17492,5.99185,5.798e-04,0.728,0.322,29177
548,6.06397,5.99185,5.797e-04,0.656,0.293,29160
549,5.90522,5.99185,5.796e-04,0.525,0.213,29148
550,5.93861,5.99185,5.794e-04,0.501,0.223,29182
551,5.92496,5.99185,5.793e-04,0.469,0.185,29141
552,5.88651,5.99185,5.792e-04,0.602,0.267,29153
553,5.77737,5.99185,5.791e-04,0.676,0.314,29171
554,6.04734,5.99185,5.790e-04,0.491,0.198,29154
555,5.96321,5.99185,5.789e-04,0.522,0.187,29165
556,6.03154,5.99185,5.787e-04,0.561,0.229,29173
557,5.91663,5.99185,5.786e-04,0.549,0.219,29140
558,5.83706,5.99185,5.785e-04,0.498,0.193,29151
559,5.96353,5.99185,5.784e-04,0.504,0.207,29173
560,5.86839,5.99185,5.783e-04,0.465,0.171,29151
561,5.99859,5.99185,5.782e-04,0.493,0.199,29147
562,5.82746,5.99185,5.780e-04,0.479,0.202,29162
563,5.90668,5.99185,5.779e-04,0.481,0.177,29155
564,6.02706,5.99185,5.778e-04,0.491,0.183,29181
565,5.81295,5.99185,5.777e-04,0.568,0.232,29159
566,5.88501,5.99185,5.776e-04,0.471,0.209,29149
567,5.93676,5.99185,5.774e-04,0.486,0.191,29172
568,5.81956,5.99185,5.773e-04,0.493,0.199,29137
569,6.01419,5.99185,5.772e-04,0.566,0.217,29165
570,5.89040,5.99185,5.771e-04,0.569,0.240,29161
571,5.89256,5.99185,5.769e-04,0.586,0.279,29174
572,5.96633,5.99185,5.768e-04,0.553,0.225,29167
573,6.04684,5.99185,5.767e-04,0.520,0.203,29172
574,6.00463,5.99185,5.766e-04,0.645,0.279,29150
575,5.77886,5.99185,5.765e-04,0.705,0.351,29159
576,5.97988,5.99185,5.763e-04,0.583,0.235,29168
577,5.78543,5.99185,5.762e-04,0.788,0.374,29164
578,5.89839,5.99185,5.761e-04,0.554,0.231,29162
579,5.95115,5.99185,5.760e-04,0.609,0.227,29151
580,5.98307,5.99185,5.758e-04,0.512,0.204,29180
581,5.91556,5.99185,5.757e-04,0.558,0.213,29100
582,5.71503,5.99185,5.756e-04,0.548,0.213,29164
583,6.02373,5.99185,5.755e-04,0.521,0.200,29159
584,5.75647,5.99185,5.753e-04,0.561,0.231,29167
585,5.89501,5.99185,5.752e-04,0.596,0.262,29160
586,5.92127,5.99185,5.751e-04,0.649,0.242,29161
587,5.84686,5.99185,5.749e-04,0.496,0.208,29170
588,5.96320,5.99185,5.748e-04,0.588,0.235,29141
589,5.95997,5.99185,5.747e-04,0.487,0.178,29174
590,6.11910,5.99185,5.746e-04,0.656,0.212,29153
591,5.96945,5.99185,5.744e-04,0.554,0.214,29154
592,6.08508,5.99185,5.743e-04,0.584,0.210,29137
593,6.03108,5.99185,5.742e-04,0.584,0.223,29152
594,5.90500,5.99185,5.740e-04,0.520,0.195,29180
595,5.79733,5.99185,5.739e-04,0.554,0.226,29147
596,5.92157,5.99185,5.738e-04,0.556,0.192,29158
597,5.84665,5.99185,5.737e-04,0.660,0.271,29163
598,5.93563,5.99185,5.735e-04,0.567,0.213,29167
599,5.93853,5.99185,5.734e-04,0.634,0.248,29143
600,5.84831,5.99185,5.733e-04,0.495,0.194,29151
601,5.81526,5.99185,5.731e-04,0.536,0.233,29142
602,6.03412,5.99185,5.730e-04,0.525,0.195,29160
603,6.07049,5.99185,5.729e-04,0.566,0.217,29182
604,5.92058,5.99185,5.727e-04,0.543,0.208,29170
605,5.88332,5.99185,5.726e-04,0.496,0.205,29154
606,5.98382,5.99185,5.725e-04,0.513,0.213,29168
607,5.96932,5.99185,5.723e-04,0.556,0.211,29164
608,5.86496,5.99185,5.722e-04,0.565,0.199,29179
609,5.97831,5.99185,5.721e-04,0.559,0.201,29150
610,5.90773,5.99185,5.719e-04,0.602,0.244,29164
611,5.91012,5.99185,5.718e-04,0.629,0.250,29162
612,5.92200,5.99185,5.717e-04,0.659,0.277,29173
613,6.13654,5.99185,5.715e-04,0.566,0.231,29154
614,5.97858,5.99185,5.714e-04,0.635,0.249,29170
615,5.94065,5.99185,5.713e-04,0.482,0.182,29149
616,5.99302,5.99185,5.711e-04,0.550,0.196,29164
617,5.96320,5.99185,5.710e-04,0.498,0.189,29177
618,5.86974,5.99185,5.708e-04,0.509,0.187,29164
619,5.83656,5.99185,5.707e-04,0.510,0.192,29175
620,5.87927,5.99185,5.706e-04,0.473,0.180,29142
621,5.81429,5.99185,5.704e-04,0.520,0.196,29124
622,5.73616,5.99185,5.703e-04,0.543,0.228,29140
623,5.98606,5.99185,5.702e-04,0.506,0.175,29173
624,5.73873,5.99185,5.700e-04,0.521,0.203,29167
625,5.84864,5.99185,5.699e-04,0.548,0.216,29167
626,5.61956,5.99185,5.697e-04,0.657,0.225,29160
627,5.81560,5.99185,5.696e-04,0.636,0.237,29155
628,5.75498,5.99185,5.695e-04,0.602,0.256,29150
629,5.96150,5.99185,5.693e-04,0.583,0.242,29183
630,5.90612,5.99185,5.692e-04,0.493,0.196,29163
631,5.87533,5.99185,5.690e-04,0.479,0.183,29149
632,5.70033,5.99185,5.689e-04,0.614,0.277,29148
633,5.75393,5.99185,5.688e-04,0.727,0.353,29182
634,5.73743,5.99185,5.686e-04,0.664,0.302,29167
635,5.78061,5.99185,5.685e-04,0.533,0.214,29173
636,5.93019,5.99185,5.683e-04,0.556,0.219,29152
637,5.73420,5.99185,5.682e-04,0.578,0.251,29185
638,5.75537,5.99185,5.680e-04,0.526,0.193,29159
639,5.94543,5.99185,5.679e-04,0.567,0.217,29145
640,5.87021,5.99185,5.678e-04,0.610,0.207,29163
641,5.92505,5.99185,5.676e-04,0.578,0.212,29109
642,5.68400,5.99185,5.675e-04,0.633,0.240,29158
643,5.84918,5.99185,5.673e-04,0.600,0.220,29181
644,5.84660,5.99185,5.672e-04,0.475,0.160,29162
645,5.83751,5.99185,5.670e-04,0.624,0.216,29174
646,5.83171,5.99185,5.669e-04,0.558,0.209,29156
647,5.60880,5.99185,5.667e-04,0.535,0.220,29148
648,5.82203,5.99185,5.666e-04,0.619,0.232,29176
649,5.89189,5.99185,5.665e-04,0.615,0.224,29153
650,5.87287,5.99185,5.663e-04,0.511,0.198,29173
651,5.80306,5.99185,5.662e-04,0.496,0.188,29159
652,6.02779,5.99185,5.660e-04,0.480,0.169,29172
653,5.79013,5.99185,5.659e-04,0.527,0.205,29119
654,5.69465,5.99185,5.657e-04,0.549,0.220,29165
655,5.66817,5.99185,5.656e-04,0.555,0.203,29156
656,5.82718,5.99185,5.654e-04,0.563,0.203,29174
657,5.88732,5.99185,5.653e-04,0.614,0.203,29152
658,5.83693,5.99185,5.651e-04,0.674,0.245,29159
659,5.96005,5.99185,5.650e-04,0.506,0.183,29163
660,5.74686,5.99185,5.648e-04,0.640,0.234,29166
661,5.74536,5.99185,5.647e-04,0.545,0.199,29126
662,5.91849,5.99185,5.645e-04,0.572,0.197,29165
663,5.88181,5.99185,5.644e-04,0.557,0.219,29157
664,5.95589,5.99185,5.642e-04,0.539,0.201,29186
665,5.96978,5.99185,5.641e-04,0.540,0.199,29155
666,5.69729,5.99185,5.639e-04,0.534,0.208,29156
667,5.89459,5.99185,5.638e-04,0.547,0.194,29157
668,5.76241,5.99185,5.636e-04,0.490,0.175,29160
669,5.91599,5.99185,5.635e-04,0.645,0.229,29177
670,5.70432,5.99185,5.633e-04,0.528,0.196,29156
671,5.81084,5.99185,5.632e-04,0.585,0.229,29161
672,5.90420,5.99185,5.630e-04,0.559,0.195,29162
673,5.90837,5.99185,5.629e-04,0.558,0.182,29152
674,5.84502,5.99185,5.627e-04,0.548,0.194,29163
675,5.81635,5.99185,5.626e-04,0.601,0.198,29181
676,5.73295,5.99185,5.624e-04,0.630,0.247,29166
677,5.91485,5.99185,5.622e-04,0.626,0.266,29160
678,5.85949,5.99185,5.621e-04,0.589,0.220,29153
679,5.78176,5.99185,5.619e-04,0.561,0.230,29179
680,5.84697,5.99185,5.618e-04,0.610,0.216,29149
681,5.72857,5.99185,5.616e-04,0.582,0.211,29107
682,5.83850,5.99185,5.615e-04,0.583,0.219,29156
683,5.74274,5.99185,5.613e-04,0.610,0.195,29151
684,5.87095,5.99185,5.612e-04,0.648,0.223,29176
685,5.77174,5.99185,5.610e-04,0.567,0.205,29182
686,5.78536,5.99185,5.608e-04,0.501,0.175,29182
687,5.58221,5.99185,5.607e-04,0.518,0.187,29159
688,5.80314,5.99185,5.605e-04,0.528,0.188,29148
689,5.76054,5.99185,5.604e-04,0.497,0.179,29164
690,5.94134,5.99185,5.602e-04,0.558,0.189,29176
691,5.60402,5.99185,5.601e-04,0.514,0.192,29141
692,6.06521,5.99185,5.599e-04,0.659,0.215,29182
693,5.66861,5.99185,5.597e-04,0.576,0.234,29160
694,5.81292,5.99185,5.596e-04,0.608,0.225,29120
695,5.99666,5.99185,5.594e-04,0.577,0.200,29172
696,5.69841,5.99185,5.593e-04,0.575,0.209,29156
697,5.79855,5.99185,5.591e-04,0.660,0.240,29170
698,5.89238,5.99185,5.589e-04,0.496,0.165,29174
699,5.82100,5.99185,5.588e-04,0.539,0.198,29188
700,5.89646,5.99185,5.586e-04,0.501,0.169,29155
701,5.71446,5.99185,5.585e-04,0.503,0.174,29107
702,5.58981,5.99185,5.583e-04,0.605,0.228,29157
703,5.78190,5.99185,5.581e-04,0.620,0.226,29162
704,5.72611,5.99185,5.580e-04,0.606,0.240,29155
705,5.80525,5.99185,5.578e-04,0.589,0.218,29163
706,5.81765,5.99185,5.576e-04,0.570,0.216,29143
707,5.78948,5.99185,5.575e-04,0.502,0.180,29167
708,5.90673,5.99185,5.573e-04,0.644,0.234,29185
709,5.73213,5.99185,5.572e-04,0.558,0.219,29153
710,5.61583,5.99185,5.570e-04,0.541,0.192,29170
711,5.74691,5.99185,5.568e-04,0.583,0.226,29152
712,5.63278,5.99185,5.567e-04,0.581,0.208,29174
713,5.71497,5.99185,5.565e-04,0.520,0.171,29172
714,5.65694,5.99185,5.563e-04,0.642,0.243,29168
715,5.56116,5.99185,5.562e-04,0.621,0.243,29170
716,5.56990,5.99185,5.560e-04,0.634,0.235,29145
717,5.82988,5.99185,5.558e-04,0.572,0.212,29156
718,5.61660,5.99185,5.557e-04,0.548,0.203,29197
719,5.86186,5.99185,5.555e-04,0.526,0.182,29123
720,5.72480,5.99185,5.553e-04,0.558,0.200,29175
721,5.64768,5.99185,5.552e-04,0.673,0.284,29133
722,5.67887,5.99185,5.550e-04,0.572,0.192,29151
723,5.82457,5.99185,5.548e-04,0.587,0.218,29175
724,5.75320,5.99185,5.547e-04,0.614,0.237,29138
725,5.78314,5.99185,5.545e-04,0.606,0.200,29178
726,5.67823,5.99185,5.543e-04,0.588,0.215,29151
727,5.81031,5.99185,5.542e-04,0.682,0.215,29173
728,6.03542,5.99185,5.540e-04,0.544,0.173,29168
729,5.79922,5.99185,5.538e-04,0.797,0.275,29182
730,5.61779,5.99185,5.537e-04,0.649,0.250,29151
731,5.73540,5.99185,5.535e-04,0.735,0.260,29161
732,5.79696,5.99185,5.533e-04,0.618,0.196,29182
733,5.69426,5.99185,5.531e-04,0.595,0.217,29158
734,5.88768,5.99185,5.530e-04,0.595,0.204,29157
735,5.82386,5.99185,5.528e-04,0.565,0.201,29177
736,5.76539,5.99185,5.526e-04,0.594,0.212,29149
737,5.53987,5.99185,5.525e-04,0.716,0.282,29167
738,5.76627,5.99185,5.523e-04,0.713,0.325,29157
739,5.75360,5.99185,5.521e-04,0.572,0.205,29179
740,5.71273,5.99185,5.519e-04,0.548,0.202,29151
741,5.75655,5.99185,5.518e-04,0.549,0.193,29123
742,5.73949,5.99185,5.516e-04,0.537,0.171,29135
743,5.75770,5.99185,5.514e-04,0.605,0.208,29200
744,5.59812,5.99185,5.512e-04,0.533,0.181,29124
745,5.66480,5.99185,5.511e-04,0.583,0.234,29152
746,5.75970,5.99185,5.509e-04,0.554,0.179,29176
747,5.88998,5.99185,5.507e-04,0.523,0.175,29158
748,5.74169,5.99185,5.506e-04,0.632,0.216,29160
749,5.72544,5.99185,5.504e-04,0.556,0.183,29166
750,5.94835,5.65554,5.502e-04,0.554,0.173,8832
751,5.74330,5.65554,5.500e-04,0.501,0.175,29484
752,5.74566,5.65554,5.499e-04,0.565,0.185,29176
753,5.74735,5.65554,5.497e-04,0.508,0.174,29166
754,5.62506,5.65554,5.495e-04,0.581,0.193,29122
755,5.53729,5.65554,5.493e-04,0.510,0.167,29158
756,5.71728,5.65554,5.491e-04,0.534,0.165,29157
757,5.59519,5.65554,5.490e-04,0.572,0.193,29164
758,5.78824,5.65554,5.488e-04,0.674,0.209,29169
759,5.69497,5.65554,5.486e-04,0.670,0.212,29172
760,5.70943,5.65554,5.484e-04,0.520,0.168,29150
761,5.71250,5.65554,5.483e-04,0.659,0.215,29099
762,5.96642,5.65554,5.481e-04,0.486,0.151,29167
763,5.53741,5.65554,5.479e-04,0.629,0.226,29173
764,5.49698,5.65554,5.477e-04,0.592,0.233,29176
765,5.71813,5.65554,5.475e-04,0.623,0.214,29162
766,5.68308,5.65554,5.474e-04,0.618,0.213,29161
767,5.76350,5.65554,5.472e-04,0.583,0.196,29166
768,5.70455,5.65554,5.470e-04,0.580,0.219,29146
769,5.53637,5.65554,5.468e-04,0.643,0.230,29176
770,5.57200,5.65554,5.466e-04,0.541,0.186,29163
771,5.83250,5.65554,5.465e-04,0.545,0.193,29158
772,5.73285,5.65554,5.463e-04,0.515,0.167,29148
773,5.73562,5.65554,5.461e-04,0.561,0.186,29171
774,5.54656,5.65554,5.459e-04,0.609,0.237,29177
775,5.71266,5.65554,5.457e-04,0.563,0.193,29168
776,5.77576,5.65554,5.456e-04,0.538,0.175,29156
777,5.58181,5.65554,5.454e-04,0.563,0.194,29166
778,5.60056,5.65554,5.452e-04,0.583,0.207,29138
779,5.74464,5.65554,5.450e-04,0.644,0.201,29166
780,5.75569,5.65554,5.448e-04,0.542,0.171,29169
781,5.68737,5.65554,5.446e-04,0.539,0.188,29104
782,5.56909,5.65554,5.445e-04,0.608,0.218,29171
783,5.63929,5.65554,5.443e-04,0.575,0.188,29152
784,5.75914,5.65554,5.441e-04,0.541,0.186,29151
785,5.49159,5.65554,5.439e-04,0.514,0.188,29169
786,5.67199,5.65554,5.437e-04,0.598,0.213,29164
787,5.74920,5.65554,5.435e-04,0.526,0.174,29170
788,5.63531,5.65554,5.433e-04,0.618,0.194,29178
789,5.81234,5.65554,5.432e-04,0.565,0.190,29166
790,5.68357,5.65554,5.430e-04,0.553,0.171,29140
791,5.80413,5.65554,5.428e-04,0.503,0.166,29177
792,5.54525,5.65554,5.426e-04,0.649,0.207,29168
793,5.77700,5.65554,5.424e-04,0.532,0.163,29160
794,5.61204,5.65554,5.422e-04,0.631,0.210,29164
795,5.93832,5.65554,5.420e-04,0.785,0.264,29155
796,5.85038,5.65554,5.418e-04,0.826,0.243,29170
797,5.62310,5.65554,5.417e-04,0.584,0.212,29179
798,5.65122,5.65554,5.415e-04,0.641,0.197,29136
799,5.78065,5.65554,5.413e-04,0.614,0.187,29158
800,5.68202,5.65554,5.411e-04,0.599,0.205,29146
801,5.68602,5.65554,5.409e-04,0.661,0.200,29130
802,5.80229,5.65554,5.407e-04,0.744,0.240,29159
803,5.64368,5.65554,5.405e-04,0.606,0.197,29159
804,5.48099,5.65554,5.403e-04,0.624,0.216,29160
805,5.72219,5.65554,5.401e-04,0.671,0.231,29164
806,5.74105,5.65554,5.400e-04,0.541,0.184,29149
807,5.61781,5.65554,5.398e-04,0.640,0.242,29186
808,5.59844,5.65554,5.396e-04,0.524,0.181,29141
809,5.62232,5.65554,5.394e-04,0.556,0.205,29169
810,5.58669,5.65554,5.392e-04,0.585,0.199,29172
811,5.68291,5.65554,5.390e-04,0.527,0.169,29154
812,5.70231,5.65554,5.388e-04,0.545,0.182,29163
813,5.58861,5.65554,5.386e-04,0.558,0.205,29171
814,5.74243,5.65554,5.384e-04,0.515,0.150,29151
815,5.81888,5.65554,5.382e-04,0.618,0.202,29146
816,5.73928,5.65554,5.380e-04,0.537,0.176,29179
817,5.55037,5.65554,5.378e-04,0.649,0.229,29169
818,5.58282,5.65554,5.377e-04,0.574,0.185,29179
819,5.68289,5.65554,5.375e-04,0.511,0.177,29158
820,5.77525,5.65554,5.373e-04,0.561,0.173,29164
821,5.67403,5.65554,5.371e-04,0.571,0.181,29104
822,5.66809,5.65554,5.369e-04,0.593,0.200,29143
823,5.73512,5.65554,5.367e-04,0.593,0.201,29189
824,5.57665,5.65554,5.365e-04,0.675,0.241,29144
825,5.69429,5.65554,5.363e-04,0.522,0.162,29165
826,5.65418,5.65554,5.361e-04,0.547,0.170,29156
827,5.79704,5.65554,5.359e-04,0.635,0.194,29160
828,5.63970,5.65554,5.357e-04,0.614,0.193,29155
829,5.67528,5.65554,5.355e-04,0.556,0.179,29172
830,5.70324,5.65554,5.353e-04,0.550,0.180,29173
831,5.69608,5.65554,5.351e-04,0.586,0.200,29159
832,5.75167,5.65554,5.349e-04,0.578,0.174,29168
833,5.66329,5.65554,5.347e-04,0.626,0.200,29146
834,5.75039,5.65554,5.345e-04,0.601,0.196,29191
835,5.65976,5.65554,5.343e-04,0.569,0.184,29155
836,5.71691,5.65554,5.341e-04,0.527,0.164,29154
837,5.62373,5.65554,5.339e-04,0.593,0.206,29158
838,5.57078,5.65554,5.337e-04,0.550,0.172,29173
839,5.81763,5.65554,5.335e-04,0.606,0.191,29147
840,5.40187,5.65554,5.333e-04,0.505,0.182,29160
841,5.57133,5.65554,5.331e-04,0.572,0.190,29105
842,5.68995,5.65554,5.329e-04,0.563,0.180,29159
843,5.65495,5.65554,5.327e-04,0.615,0.212,29172
844,5.66503,5.65554,5.325e-04,0.528,0.173,29174
845,5.47382,5.65554,5.323e-04,0.551,0.197,29161
846,5.59707,5.65554,5.321e-04,0.578,0.185,29170
847,5.63637,5.65554,5.319e-04,0.572,0.171,29145
848,5.76591,5.65554,5.317e-04,0.577,0.182,29165
849,5.62790,5.65554,5.315e-04,0.651,0.200,29183
850,5.59372,5.65554,5.313e-04,0.534,0.168,29163
851,5.55134,5.65554,5.311e-04,0.623,0.210,29160
852,5.70591,5.65554,5.309e-04,0.550,0.196,29138
853,5.61126,5.65554,5.307e-04,0.543,0.164,29178
854,5.64814,5.65554,5.305e-04,0.559,0.173,29194
855,5.56321,5.65554,5.303e-04,0.557,0.194,29142
856,5.52950,5.65554,5.301e-04,0.528,0.161,29151
857,5.71590,5.65554,5.299e-04,0.548,0.183,29169
858,5.68341,5.65554,5.297e-04,0.530,0.169,29173
859,5.64416,5.65554,5.295e-04,0.530,0.161,29151
860,5.62854,5.65554,5.293e-04,0.534,0.161,29187
861,5.68040,5.65554,5.291e-04,0.566,0.185,29118
862,5.47793,5.65554,5.289e-04,0.525,0.162,29161
863,5.31291,5.65554,5.287e-04,0.531,0.189,29165
864,5.38626,5.65554,5.285e-04,0.522,0.171,29178
865,5.50367,5.65554,5.283e-04,0.587,0.205,29168
866,5.59354,5.65554,5.281e-04,0.552,0.182,29131
867,5.56828,5.65554,5.279e-04,0.633,0.215,29170
868,5.55548,5.65554,5.276e-04,0.609,0.208,29166
869,5.59051,5.65554,5.274e-04,0.588,0.218,29176
870,5.69740,5.65554,5.272e-04,0.603,0.178,29164
871,5.60423,5.65554,5.270e-04,0.561,0.192,29145
872,5.65657,5.65554,5.268e-04,0.546,0.172,29165
873,5.77180,5.65554,5.266e-04,0.525,0.156,29197
874,5.49855,5.65554,5.264e-04,0.593,0.187,29141
875,5.59525,5.65554,5.262e-04,0.567,0.189,29163
876,5.66560,5.65554,5.260e-04,0.641,0.220,29178
877,5.44813,5.65554,5.258e-04,0.538,0.182,29163
878,5.50457,5.65554,5.256e-04,0.591,0.207,29185
879,5.74059,5.65554,5.254e-04,0.632,0.186,29141
880,5.47148,5.65554,5.252e-04,0.620,0.223,29176
881,5.86780,5.65554,5.249e-04,0.665,0.237,29118
882,5.45395,5.65554,5.247e-04,0.584,0.187,29174
883,5.48846,5.65554,5.245e-04,0.560,0.197,29168
884,5.40709,5.65554,5.243e-04,0.563,0.188,29172
885,5.69373,5.65554,5.241e-04,0.605,0.172,29150
886,5.67739,5.65554,5.239e-04,0.558,0.198,29157
887,5.57036,5.65554,5.237e-04,0.653,0.186,29186
888,5.67503,5.65554,5.235e-04,0.522,0.150,29137
889,5.51701,5.65554,5.233e-04,0.586,0.196,29160
890,5.65441,5.65554,5.230e-04,0.563,0.172,29191
891,5.67576,5.65554,5.228e-04,0.557,0.175,29171
892,5.74494,5.65554,5.226e-04,0.628,0.181,29168
893,5.60732,5.65554,5.224e-04,0.598,0.182,29153
894,5.45577,5.65554,5.222e-04,0.588,0.192,29181
895,5.62406,5.65554,5.220e-04,0.583,0.183,29177
896,5.49545,5.65554,5.218e-04,0.558,0.177,29173
897,5.57569,5.65554,5.216e-04,0.531,0.154,29179
898,5.38235,5.65554,5.213e-04,0.603,0.202,29167
899,5.51352,5.65554,5.211e-04,0.600,0.180,29160
900,5.62869,5.65554,5.209e-04,0.528,0.141,29147
901,5.64897,5.65554,5.207e-04,0.597,0.170,29116
902,5.62890,5.65554,5.205e-04,0.556,0.164,29163
903,5.61484,5.65554,5.203e-04,0.586,0.181,29169
904,5.67534,5.65554,5.201e-04,0.583,0.188,29170
905,5.44456,5.65554,5.198e-04,0.642,0.214,29150
906,5.46438,5.65554,5.196e-04,0.622,0.214,29145
907,5.52969,5.65554,5.194e-04,0.635,0.231,29167
908,5.46502,5.65554,5.192e-04,0.654,0.263,29165
909,5.58584,5.65554,5.190e-04,0.589,0.181,29160
910,5.51667,5.65554,5.188e-04,0.788,0.292,29143
911,5.55308,5.65554,5.185e-04,0.535,0.152,29166
912,5.55888,5.65554,5.183e-04,0.687,0.219,29154
913,5.59392,5.65554,5.181e-04,0.597,0.193,29160
914,5.67177,5.65554,5.179e-04,0.583,0.177,29180
915,5.70720,5.65554,5.177e-04,0.598,0.169,29140
916,5.49966,5.65554,5.175e-04,0.613,0.193,29150
917,5.52594,5.65554,5.172e-04,0.590,0.177,29169
918,5.49044,5.65554,5.170e-04,0.614,0.192,29146
919,5.58432,5.65554,5.168e-04,0.625,0.196,29185
920,5.52296,5.65554,5.166e-04,0.552,0.163,29152
921,5.53351,5.65554,5.164e-04,0.642,0.185,29117
922,5.57937,5.65554,5.161e-04,0.597,0.165,29180
923,5.38277,5.65554,5.159e-04,0.588,0.172,29171
924,5.63475,5.65554,5.157e-04,0.570,0.164,29183
925,5.49001,5.65554,5.155e-04,0.579,0.179,29167
926,5.49045,5.65554,5.153e-04,0.558,0.177,29148
927,5.53038,5.65554,5.150e-04,0.550,0.171,29164
928,5.53262,5.65554,5.148e-04,0.625,0.197,29181
929,5.47617,5.65554,5.146e-04,0.558,0.155,29153
930,5.52536,5.65554,5.144e-04,0.668,0.218,29154
931,5.50717,5.65554,5.142e-04,0.564,0.180,29155
932,5.51865,5.65554,5.139e-04,0.571,0.161,29181
933,5.59143,5.65554,5.137e-04,0.512,0.146,29166
934,5.63998,5.65554,5.135e-04,0.614,0.183,29157
935,5.38697,5.65554,5.133e-04,0.504,0.148,29164
936,5.35217,5.65554,5.131e-04,0.715,0.203,29162
937,5.57963,5.65554,5.128e-04,0.580,0.168,29152
938,5.59991,5.65554,5.126e-04,0.565,0.154,29154
939,5.57087,5.65554,5.124e-04,0.629,0.174,29151
940,5.55692,5.65554,5.122e-04,0.546,0.163,29168
941,5.49836,5.65554,5.119e-04,0.610,0.171,29112
942,5.53290,5.65554,5.117e-04,0.576,0.171,29154
943,5.57009,5.65554,5.115e-04,0.619,0.193,29187
944,5.75551,5.65554,5.113e-04,0.643,0.161,29163
945,5.52844,5.65554,5.110e-04,0.647,0.184,29160
946,5.61842,5.65554,5.108e-04,0.627,0.185,29162
947,5.59884,5.65554,5.106e-04,0.659,0.161,29172
948,5.61801,5.65554,5.104e-04,0.666,0.186,29197
949,5.42463,5.65554,5.101e-04,0.580,0.183,29139
950,5.56488,5.65554,5.099e-04,0.640,0.180,29158
951,5.64134,5.65554,5.097e-04,0.573,0.157,29170
952,5.63283,5.65554,5.095e-04,0.637,0.177,29157
953,5.62533,5.65554,5.092e-04,0.647,0.223,29173
954,5.61972,5.65554,5.090e-04,0.593,0.165,29161
955,5.69785,5.65554,5.088e-04,0.589,0.157,29178
956,5.59659,5.65554,5.086e-04,0.642,0.181,29176
957,5.51788,5.65554,5.083e-04,0.645,0.192,29173
958,5.54720,5.65554,5.081e-04,0.657,0.190,29165
959,5.52511,5.65554,5.079e-04,0.578,0.170,29137
960,5.42526,5.65554,5.076e-04,0.617,0.182,29159
961,5.84494,5.65554,5.074e-04,0.711,0.193,29121
962,5.50207,5.65554,5.072e-04,0.688,0.233,29156
963,5.57757,5.65554,5.070e-04,0.684,0.209,29183
964,5.53518,5.65554,5.067e-04,0.589,0.193,29162
965,5.60481,5.65554,5.065e-04,0.701,0.222,29189
966,5.49563,5.65554,5.063e-04,0.648,0.216,29175
967,5.55553,5.65554,5.060e-04,0.590,0.164,29183
968,5.49333,5.65554,5.058e-04,0.663,0.253,29164
969,5.50305,5.65554,5.056e-04,0.578,0.172,29167
970,5.42346,5.65554,5.054e-04,0.592,0.165,29179
971,5.59280,5.65554,5.051e-04,0.586,0.175,29178
972,5.71205,5.65554,5.049e-04,0.563,0.151,29146
973,5.42409,5.65554,5.047e-04,0.616,0.179,29172
974,5.45032,5.65554,5.044e-04,0.574,0.174,29181
975,5.55218,5.65554,5.042e-04,0.535,0.146,29146
976,5.65275,5.65554,5.040e-04,0.592,0.167,29177
977,5.57535,5.65554,5.037e-04,0.651,0.172,29173
978,5.40463,5.65554,5.035e-04,0.578,0.180,29159
979,5.61292,5.65554,5.033e-04,0.683,0.214,29184
980,5.43514,5.65554,5.030e-04,0.682,0.235,29153
981,5.39217,5.65554,5.028e-04,0.579,0.180,29106
982,5.36001,5.65554,5.026e-04,0.705,0.216,29176
983,5.63326,5.65554,5.023e-04,0.638,0.191,29152
984,5.48282,5.65554,5.021e-04,0.694,0.190,29147
985,5.50591,5.65554,5.019e-04,0.615,0.179,29173
986,5.43723,5.65554,5.016e-04,0.653,0.184,29153
987,5.42155,5.65554,5.014e-04,0.637,0.213,29167
988,5.50366,5.65554,5.012e-04,0.622,0.201,29164
989,5.53160,5.65554,5.009e-04,0.608,0.181,29150
990,5.68012,5.65554,5.007e-04,0.746,0.227,29182
991,5.50929,5.65554,5.005e-04,0.623,0.193,29177
992,5.48090,5.65554,5.002e-04,0.561,0.147,29142
993,5.35745,5.65554,5.000e-04,0.674,0.223,29184
994,5.44514,5.65554,4.998e-04,0.566,0.172,29144
995,5.60291,5.65554,4.995e-04,0.658,0.198,29169
996,5.36560,5.65554,4.993e-04,0.595,0.164,29150
997,5.40535,5.65554,4.991e-04,0.597,0.185,29173
998,5.39040,5.65554,4.988e-04,0.627,0.210,29176
999,5.43337,5.65554,4.986e-04,0.527,0.149,29180
1000,5.50573,5.44538,4.983e-04,0.610,0.167,8832
1001,5.45459,5.44538,4.981e-04,0.565,0.167,29496
1002,5.54094,5.44538,4.979e-04,0.615,0.168,29157
1003,5.54645,5.44538,4.976e-04,0.611,0.152,29139
1004,5.38914,5.44538,4.974e-04,0.611,0.186,29169
1005,5.55407,5.44538,4.972e-04,0.652,0.169,29147
1006,5.51658,5.44538,4.969e-04,0.579,0.162,29147
1007,5.35861,5.44538,4.967e-04,0.595,0.160,29150
1008,5.46477,5.44538,4.964e-04,0.640,0.167,29165
1009,5.25733,5.44538,4.962e-04,0.530,0.167,29165
1010,5.41885,5.44538,4.960e-04,0.606,0.175,29138
1011,5.56840,5.44538,4.957e-04,0.652,0.159,29156
1012,5.55193,5.44538,4.955e-04,0.711,0.216,29175
1013,5.48715,5.44538,4.952e-04,0.524,0.144,29149
1014,5.38262,5.44538,4.950e-04,0.604,0.197,29176
1015,5.29005,5.44538,4.948e-04,0.651,0.200,29173
1016,5.34061,5.44538,4.945e-04,0.693,0.237,29159
1017,5.50132,5.44538,4.943e-04,0.584,0.173,29161
1018,5.25951,5.44538,4.940e-04,0.569,0.191,29175
1019,5.44717,5.44538,4.938e-04,0.594,0.175,29168
1020,5.53200,5.44538,4.936e-04,0.562,0.147,29167
1021,5.45128,5.44538,4.933e-04,0.547,0.145,29101
1022,5.45009,5.44538,4.931e-04,0.590,0.165,29190
1023,5.37509,5.44538,4.928e-04,0.635,0.166,29150
1024,5.47954,5.44538,4.926e-04,0.638,0.194,29178
1025,5.35432,5.44538,4.924e-04,0.585,0.162,29164
1026,5.46388,5.44538,4.921e-04,0.652,0.194,29153
1027,5.44859,5.44538,4.919e-04,0.543,0.152,29166
1028,5.34734,5.44538,4.916e-04,0.606,0.187,29181
1029,5.52244,5.44538,4.914e-04,0.536,0.145,29155
1030,5.68028,5.44538,4.911e-04,0.530,0.142,29164
1031,5.55783,5.44538,4.909e-04,0.590,0.178,29171
1032,5.54771,5.44538,4.907e-04,0.555,0.163,29166
1033,5.50160,5.44538,4.904e-04,0.555,0.158,29178
1034,5.34319,5.44538,4.902e-04,0.551,0.146,29168
1035,5.50226,5.44538,4.899e-04,0.624,0.170,29173
1036,5.53122,5.44538,4.897e-04,0.572,0.166,29168
1037,5.38780,5.44538,4.894e-04,0.603,0.182,29169
1038,5.35577,5.44538,4.892e-04,0.600,0.179,29156
1039,5.36156,5.44538,4.889e-04,0.590,0.182,29178
1040,5.49850,5.44538,4.887e-04,0.563,0.160,29167
1041,5.28514,5.44538,4.885e-04,0.568,0.167,29114
1042,5.38183,5.44538,4.882e-04,0.555,0.149,29153
1043,5.33621,5.44538,4.880e-04,0.694,0.201,29135
1044,5.50859,5.44538,4.877e-04,0.618,0.176,29173
1045,5.47822,5.44538,4.875e-04,0.570,0.173,29167
1046,5.47987,5.44538,4.872e-04,0.658,0.171,29164
1047,5.34163,5.44538,4.870e-04,0.584,0.152,29177
1048,5.34317,5.44538,4.867e-04,0.704,0.191,29162
1049,5.39829,5.44538,4.865e-04,0.565,0.148,29158
1050,5.47859,5.44538,4.862e-04,0.621,0.193,29160
1051,5.42833,5.44538,4.860e-04,0.666,0.205,29153
1052,5.36907,5.44538,4.857e-04,0.571,0.158,29177
1053,5.40419,5.44538,4.855e-04,0.596,0.188,29159
1054,5.35968,5.44538,4.853e-04,0.576,0.158,29157
1055,5.39322,5.44538,4.850e-04,0.594,0.153,29178
1056,5.39883,5.44538,4.848e-04,0.580,0.160,29148
1057,5.14531,5.44538,4.845e-04,0.546,0.157,29149
1058,5.55778,5.44538,4.843e-04,0.620,0.168,29176
1059,5.34052,5.44538,4.840e-04,0.599,0.174,29170
1060,5.37046,5.44538,4.838e-04,0.626,0.178,29178
1061,5.48198,5.44538,4.835e-04,0.664,0.214,29113
1062,5.32979,5.44538,4.833e-04,0.651,0.201,29163
1063,5.50579,5.44538,4.830e-04,0.550,0.159,29175
1064,5.48563,5.44538,4.828e-04,0.566,0.144,29124
1065,5.54866,5.44538,4.825e-04,0.521,0.139,29170
1066,5.49524,5.44538,4.823e-04,0.673,0.181,29171
1067,5.45673,5.44538,4.820e-04,0.594,0.162,29169
1068,5.25190,5.44538,4.818e-04,0.643,0.191,29158
1069,5.46948,5.44538,4.815e-04,0.605,0.161,29184
1070,5.34218,5.44538,4.813e-04,0.605,0.180,29160
1071,5.42866,5.44538,4.810e-04,0.600,0.179,29157
1072,5.41223,5.44538,4.808e-04,0.577,0.182,29153
1073,5.47598,5.44538,4.805e-04,0.639,0.164,29164
1074,5.45075,5.44538,4.803e-04,0.741,0.190,29178
1075,5.34530,5.44538,4.800e-04,0.622,0.192,29189
1076,5.35128,5.44538,4.798e-04,0.632,0.167,29137
1077,5.49432,5.44538,4.795e-04,0.618,0.179,29157
1078,5.26524,5.44538,4.792e-04,0.588,0.192,29180
1079,5.50516,5.44538,4.790e-04,0.616,0.163,29152
1080,5.41721,5.44538,4.787e-04,0.640,0.207,29154
1081,5.67022,5.44538,4.785e-04,0.683,0.167,29122
1082,5.29973,5.44538,4.782e-04,0.726,0.216,29167
1083,5.51448,5.44538,4.780e-04,0.713,0.180,29175
1084,5.39695,5.44538,4.777e-04,0.647,0.198,29168
1085,5.35587,5.44538,4.775e-04,0.606,0.161,29139
1086,5.48563,5.44538,4.772e-04,0.607,0.183,29191
1087,5.46042,5.44538,4.770e-04,0.688,0.158,29155
1088,5.24961,5.44538,4.767e-04,0.670,0.199,29174
1089,5.49123,5.44538,4.765e-04,0.594,0.164,29145
1090,5.25679,5.44538,4.762e-04,0.639,0.196,29167
1091,5.32904,5.44538,4.759e-04,0.623,0.189,29159
1092,5.38307,5.44538,4.757e-04,0.595,0.148,29167
1093,5.40205,5.44538,4.754e-04,0.591,0.163,29153
1094,5.30430,5.44538,4.752e-04,0.646,0.159,29167
1095,5.50724,5.44538,4.749e-04,0.642,0.177,29179
1096,5.45658,5.44538,4.747e-04,0.714,0.205,29137
1097,5.62299,5.44538,4.744e-04,0.556,0.144,29145
1098,5.33286,5.44538,4.742e-04,0.631,0.184,29163
1099,5.17258,5.44538,4.739e-04,0.585,0.173,29171
1100,5.37189,5.44538,4.736e-04,0.634,0.184,29164
1101,5.42951,5.44538,4.734e-04,0.620,0.179,29113
1102,5.25665,5.44538,4.731e-04,0.589,0.196,29171
1103,5.25886,5.44538,4.729e-04,0.595,0.168,29174
1104,5.54567,5.44538,4.726e-04,0.566,0.151,29151
1105,5.43907,5.44538,4.724e-04,0.654,0.160,29174
1106,5.37731,5.44538,4.721e-04,0.615,0.183,29174
1107,5.46467,5.44538,4.718e-04,0.563,0.148,29158
1108,5.36727,5.44538,4.716e-04,0.667,0.209,29171
1109,5.33592,5.44538,4.713e-04,0.550,0.139,29167
1110,5.29635,5.44538,4.711e-04,0.615,0.164,29142
1111,5.37453,5.44538,4.708e-04,0.602,0.164,29168
1112,5.56048,5.44538,4.706e-04,0.673,0.182,29185
1113,5.34580,5.44538,4.703e-04,0.631,0.189,29171
1114,5.45448,5.44538,4.700e-04,0.662,0.171,29157
1115,5.29821,5.44538,4.698e-04,0.641,0.175,29158
1116,5.35568,5.44538,4.695e-04,0.651,0.173,29176
1117,5.30695,5.44538,4.693e-04,0.633,0.185,29134
1118,5.39749,5.44538,4.690e-04,0.604,0.172,29053
1119,5.31935,5.44538,4.687e-04,0.552,0.167,29093
1120,5.51965,5.44538,4.685e-04,0.656,0.185,29156
1121,5.44455,5.44538,4.682e-04,0.631,0.171,29099
1122,5.21692,5.44538,4.680e-04,0.620,0.203,29184
1123,5.43488,5.44538,4.677e-04,0.639,0.180,29163
1124,5.35149,5.44538,4.674e-04,0.640,0.174,29136
1125,5.41459,5.44538,4.672e-04,0.628,0.164,29168
1126,5.37632,5.44538,4.669e-04,0.621,0.177,29172
1127,5.45145,5.44538,4.667e-04,0.634,0.159,29129
1128,5.58086,5.44538,4.664e-04,0.571,0.145,29187
1129,5.33564,5.44538,4.661e-04,0.627,0.187,29171
1130,5.30716,5.44538,4.659e-04,0.605,0.160,29154
1131,5.41052,5.44538,4.656e-04,0.554,0.141,29154
1132,5.32333,5.44538,4.653e-04,0.652,0.179,29156
1133,5.50268,5.44538,4.651e-04,0.587,0.132,29180
1134,5.44147,5.44538,4.648e-04,0.579,0.157,29150
1135,5.31719,5.44538,4.646e-04,0.589,0.160,29166
1136,5.38899,5.44538,4.643e-04,0.666,0.157,29174
1137,5.45544,5.44538,4.640e-04,0.736,0.171,29163
1138,5.28437,5.44538,4.638e-04,0.616,0.179,29140
1139,5.31779,5.44538,4.635e-04,0.652,0.168,29141
1140,5.35369,5.44538,4.632e-04,0.571,0.148,29181
1141,5.33894,5.44538,4.630e-04,0.621,0.178,29109
1142,5.20235,5.44538,4.627e-04,0.594,0.150,29178
1143,5.34492,5.44538,4.625e-04,0.629,0.167,29158
1144,5.56064,5.44538,4.622e-04,0.610,0.166,29158
1145,5.34730,5.44538,4.619e-04,0.611,0.161,29161
1146,5.41990,5.44538,4.617e-04,0.623,0.164,29171
1147,5.39576,5.44538,4.614e-04,0.685,0.186,29147
1148,5.29843,5.44538,4.611e-04,0.621,0.165,29171
1149,5.46659,5.44538,4.609e-04,0.575,0.154,29149
1150,5.39882,5.44538,4.606e-04,0.654,0.186,29141
1151,5.35082,5.44538,4.603e-04,0.604,0.164,29183
1152,5.25598,5.44538,4.601e-04,0.677,0.197,29151
1153,5.60016,5.44538,4.598e-04,0.648,0.182,29180
1154,5.41312,5.44538,4.595e-04,0.649,0.174,29159
1155,5.46899,5.44538,4.593e-04,0.690,0.180,29179
1156,5.39734,5.44538,4.590e-04,0.649,0.186,29174
1157,5.59074,5.44538,4.587e-04,0.612,0.148,29159
1158,5.20176,5.44538,4.585e-04,0.609,0.185,29174
1159,5.43026,5.44538,4.582e-04,0.652,0.150,29147
1160,5.27390,5.44538,4.579e-04,0.591,0.148,29164
1161,5.66586,5.44538,4.577e-04,0.651,0.159,29134
1162,5.39555,5.44538,4.574e-04,0.598,0.154,29158
1163,5.25685,5.44538,4.571e-04,0.567,0.153,29184
1164,5.38179,5.44538,4.569e-04,0.553,0.156,29172
1165,5.35875,5.44538,4.566e-04,0.620,0.166,29142
1166,5.36146,5.44538,4.563e-04,0.596,0.151,29194
1167,5.34436,5.44538,4.561e-04,0.653,0.176,29154
1168,5.38118,5.44538,4.558e-04,0.661,0.166,29145
1169,5.25548,5.44538,4.555e-04,0.645,0.167,29155
1170,5.41650,5.44538,4.553e-04,0.657,0.162,29138
1171,5.45609,5.44538,4.550e-04,0.596,0.156,29162
1172,5.33538,5.44538,4.547e-04,0.589,0.156,29163
1173,5.18799,5.44538,4.545e-04,0.618,0.186,29157
1174,5.32884,5.44538,4.542e-04,0.607,0.150,29156
1175,5.50873,5.44538,4.539e-04,0.677,0.163,29164
1176,5.53000,5.44538,4.537e-04,0.654,0.163,29174
1177,5.36768,5.44538,4.534e-04,0.632,0.150,29144
1178,5.65070,5.44538,4.531e-04,0.601,0.148,29164
1179,5.19734,5.44538,4.528e-04,0.644,0.178,29161
1180,5.26464,5.44538,4.526e-04,0.604,0.155,29175
1181,5.31318,5.44538,4.523e-04,0.653,0.155,29094
1182,5.31674,5.44538,4.520e-04,0.621,0.152,29177
1183,5.55286,5.44538,4.518e-04,0.700,0.162,29186
1184,5.42787,5.44538,4.515e-04,0.743,0.190,29154
1185,5.49542,5.44538,4.512e-04,0.637,0.154,29143
1186,5.18860,5.44538,4.510e-04,0.636,0.194,29180
1187,5.18539,5.44538,4.507e-04,0.688,0.174,29160
1188,5.41981,5.44538,4.504e-04,0.592,0.146,29164
1189,5.27283,5.44538,4.501e-04,0.657,0.181,29162
1190,5.44392,5.44538,4.499e-04,0.626,0.150,29156
1191,5.27260,5.44538,4.496e-04,0.631,0.171,29171
1192,5.34621,5.44538,4.493e-04,0.597,0.153,29165
1193,5.30672,5.44538,4.491e-04,0.637,0.161,29164
1194,5.48548,5.44538,4.488e-04,0.659,0.163,29164
1195,5.40867,5.44538,4.485e-04,0.692,0.153,29145
1196,5.21300,5.44538,4.482e-04,0.602,0.171,29168
1197,5.46117,5.44538,4.480e-04,0.713,0.169,29178
1198,5.33355,5.44538,4.477e-04,0.582,0.137,29159
1199,5.47259,5.44538,4.474e-04,0.639,0.164,29154
1200,5.38977,5.44538,4.471e-04,0.600,0.161,29180
1201,5.40984,5.44538,4.469e-04,0.587,0.156,29115
1202,5.45205,5.44538,4.466e-04,0.667,0.154,29167
1203,5.34023,5.44538,4.463e-04,0.664,0.181,29132
1204,5.43358,5.44538,4.461e-04,0.677,0.168,29164
1205,5.43454,5.44538,4.458e-04,0.738,0.200,29153
1206,5.40121,5.44538,4.455e-04,0.574,0.146,29122
1207,5.45047,5.44538,4.452e-04,0.643,0.162,29184
1208,5.29162,5.44538,4.450e-04,0.639,0.168,29147
1209,5.36336,5.44538,4.447e-04,0.638,0.182,29183
1210,5.24994,5.44538,4.444e-04,0.599,0.152,29161
1211,5.39603,5.44538,4.441e-04,0.657,0.178,29175
1212,5.35288,5.44538,4.439e-04,0.597,0.147,29160
1213,5.38308,5.44538,4.436e-04,0.711,0.174,29162
1214,5.46509,5.44538,4.433e-04,0.629,0.158,29170
1215,5.22654,5.44538,4.430e-04,0.643,0.172,29156
1216,5.36414,5.44538,4.428e-04,0.631,0.162,29160
1217,5.42451,5.44538,4.425e-04,0.598,0.152,29142
1218,5.49445,5.44538,4.422e-04,0.656,0.151,29166
1219,5.13037,5.44538,4.419e-04,0.610,0.174,29142
1220,5.43981,5.44538,4.417e-04,0.609,0.143,29166
1221,5.45732,5.44538,4.414e-04,0.588,0.145,29124
1222,5.41993,5.44538,4.411e-04,0.570,0.147,29175
1223,5.18209,5.44538,4.408e-04,0.640,0.203,29143
1224,5.34387,5.44538,4.406e-04,0.664,0.160,29141
1225,5.33362,5.44538,4.403e-04,0.614,0.179,29156
1226,5.35626,5.44538,4.400e-04,0.600,0.154,29179
1227,5.38679,5.44538,4.397e-04,0.638,0.167,29158
1228,5.34121,5.44538,4.394e-04,0.641,0.164,29172
1229,5.49967,5.44538,4.392e-04,0.652,0.162,29171
1230,5.39885,5.44538,4.389e-04,0.737,0.206,29163
1231,5.42623,5.44538,4.386e-04,0.610,0.159,29154
1232,5.24209,5.44538,4.383e-04,0.785,0.228,29172
1233,5.23028,5.44538,4.381e-04,0.639,0.200,29157
1234,5.54122,5.44538,4.378e-04,0.704,0.165,29171
1235,5.40815,5.44538,4.375e-04,0.612,0.145,29169
1236,5.27162,5.44538,4.372e-04,0.676,0.195,29147
1237,5.30993,5.44538,4.370e-04,0.657,0.167,29161
1238,5.24627,5.44538,4.367e-04,0.735,0.190,29183
1239,5.35497,5.44538,4.364e-04,0.723,0.153,29141
1240,5.23508,5.44538,4.361e-04,0.631,0.156,29172
1241,5.33470,5.44538,4.358e-04,0.655,0.151,29113
1242,5.46965,5.44538,4.356e-04,0.679,0.166,29197
1243,5.26316,5.44538,4.353e-04,0.655,0.168,29181
1244,5.28955,5.44538,4.350e-04,0.600,0.156,29155
1245,5.29398,5.44538,4.347e-04,0.662,0.170,29144
1246,5.51653,5.44538,4.344e-04,0.554,0.136,29181
1247,5.35568,5.44538,4.342e-04,0.596,0.146,29147
1248,5.39386,5.44538,4.339e-04,0.621,0.158,29149
1249,5.32728,5.44538,4.336e-04,0.614,0.156,29159
1250,5.27603,5.27927,4.333e-04,0.658,0.194,8831
1251,5.28887,5.27927,4.330e-04,0.621,0.157,29490
1252,5.37547,5.27927,4.328e-04,0.668,0.192,29166
1253,5.36952,5.27927,4.325e-04,0.630,0.159,29191
1254,5.12068,5.27927,4.322e-04,0.593,0.172,29164
1255,5.13758,5.27927,4.319e-04,0.628,0.176,29150
1256,5.25940,5.27927,4.316e-04,0.544,0.142,29162
1257,5.28535,5.27927,4.314e-04,0.620,0.154,29168
1258,5.35590,5.27927,4.311e-04,0.625,0.164,29175
1259,5.25893,5.27927,4.308e-04,0.599,0.151,29140
1260,5.22329,5.27927,4.305e-04,0.685,0.163,29177
1261,5.31029,5.27927,4.302e-04,0.581,0.138,29114
1262,5.30868,5.27927,4.300e-04,0.622,0.160,29152
1263,5.27673,5.27927,4.297e-04,0.569,0.159,29172
1264,5.29312,5.27927,4.294e-04,0.670,0.174,29148
1265,5.38336,5.27927,4.291e-04,0.647,0.168,29163
1266,5.14754,5.27927,4.288e-04,0.626,0.158,29177
1267,5.47803,5.27927,4.285e-04,0.747,0.183,29160
1268,5.26915,5.27927,4.283e-04,0.615,0.150,29154
1269,5.24858,5.27927,4.280e-04,0.762,0.208,29171
1270,5.25342,5.27927,4.277e-04,0.617,0.154,29181
1271,5.12462,5.27927,4.274e-04,0.686,0.195,29141
1272,5.42295,5.27927,4.271e-04,0.600,0.158,29175
1273,5.31326,5.27927,4.269e-04,0.725,0.174,29137
1274,5.40375,5.27927,4.266e-04,0.629,0.153,29171
1275,5.32744,5.27927,4.263e-04,0.710,0.166,29135
1276,5.43152,5.27927,4.260e-04,0.627,0.144,29161
1277,5.26506,5.27927,4.257e-04,0.723,0.170,29161
1278,5.22276,5.27927,4.254e-04,0.611,0.154,29167
1279,5.54373,5.27927,4.252e-04,0.632,0.136,29177
1280,5.26184,5.27927,4.249e-04,0.646,0.167,29180
1281,5.24561,5.27927,4.246e-04,0.648,0.172,29093
1282,5.27504,5.27927,4.243e-04,0.642,0.150,29183
1283,5.32542,5.27927,4.240e-04,0.591,0.144,29154
1284,5.34567,5.27927,4.237e-04,0.582,0.133,29148
1285,5.34603,5.27927,4.235e-04,0.583,0.144,29166
1286,5.45453,5.27927,4.232e-04,0.683,0.171,29160
1287,5.17330,5.27927,4.229e-04,0.681,0.193,29151
1288,5.24884,5.27927,4.226e-04,0.603,0.143,29166
1289,5.27919,5.27927,4.223e-04,0.666,0.198,29141
1290,5.34542,5.27927,4.220e-04,0.588,0.147,29178
1291,5.33113,5.27927,4.217e-04,0.636,0.148,29158
1292,5.32262,5.27927,4.215e-04,0.585,0.137,29170
1293,5.45085,5.27927,4.212e-04,0.679,0.159,29173
1294,5.15703,5.27927,4.209e-04,0.612,0.172,29171
1295,5.33779,5.27927,4.206e-04,0.685,0.174,29111
1296,5.27794,5.27927,4.203e-04,0.636,0.171,29180
1297,5.28180,5.27927,4.200e-04,0.648,0.145,29144
1298,5.19664,5.27927,4.197e-04,0.615,0.166,29180
1299,4.92314,5.27927,4.195e-04,0.597,0.155,29147
1300,5.23638,5.27927,4.192e-04,0.643,0.166,29174
1301,5.18580,5.27927,4.189e-04,0.620,0.165,29120
1302,5.35285,5.27927,4.186e-04,0.631,0.162,29143
1303,5.27567,5.27927,4.183e-04,0.621,0.152,29161
1304,5.18232,5.27927,4.180e-04,0.609,0.151,29168
1305,5.26259,5.27927,4.177e-04,0.713,0.159,29164
1306,5.22483,5.27927,4.175e-04,0.713,0.179,29142
1307,5.32965,5.27927,4.172e-04,0.649,0.168,29150
1308,5.31109,5.27927,4.169e-04,0.670,0.153,29161
1309,5.26046,5.27927,4.166e-04,0.637,0.160,29191
1310,5.29054,5.27927,4.163e-04,0.661,0.174,29144
1311,5.29365,5.27927,4.160e-04,0.599,0.140,29164
1312,5.30784,5.27927,4.157e-04,0.687,0.189,29183
1313,5.20346,5.27927,4.154e-04,0.665,0.153,29155
1314,5.29946,5.27927,4.152e-04,0.577,0.138,29168
1315,5.30221,5.27927,4.149e-04,0.657,0.161,29171
1316,5.40635,5.27927,4.146e-04,0.625,0.155,29150
1317,5.28635,5.27927,4.143e-04,0.668,0.156,29177
1318,5.09126,5.27927,4.140e-04,0.678,0.167,29177
1319,5.26458,5.27927,4.137e-04,0.700,0.156,29138
1320,5.26582,5.27927,4.134e-04,0.653,0.173,29181
1321,5.29334,5.27927,4.131e-04,0.649,0.164,29116
1322,5.24549,5.27927,4.129e-04,0.615,0.139,29154
1323,5.18784,5.27927,4.126e-04,0.660,0.175,29187
1324,5.15933,5.27927,4.123e-04,0.640,0.160,29157
1325,5.34738,5.27927,4.120e-04,0.698,0.174,29158
1326,5.21581,5.27927,4.117e-04,0.570,0.140,29169
1327,5.17632,5.27927,4.114e-04,0.623,0.156,29162
1328,5.27335,5.27927,4.111e-04,0.644,0.151,29151
1329,5.55891,5.27927,4.108e-04,0.672,0.155,29160
1330,5.51294,5.27927,4.105e-04,0.773,0.193,29151
1331,5.27305,5.27927,4.103e-04,0.759,0.173,29168
1332,5.25788,5.27927,4.100e-04,0.635,0.168,29175
1333,5.30037,5.27927,4.097e-04,0.666,0.156,29182
1334,5.32981,5.27927,4.094e-04,0.688,0.178,29166
1335,5.37765,5.27927,4.091e-04,0.635,0.145,29151
1336,5.34292,5.27927,4.088e-04,0.710,0.156,29163
1337,5.10373,5.27927,4.085e-04,0.631,0.145,29165
1338,5.35813,5.27927,4.082e-04,0.595,0.135,29171
1339,5.36890,5.27927,4.079e-04,0.624,0.155,29168
1340,5.14275,5.27927,4.077e-04,0.642,0.156,29163
1341,5.21231,5.27927,4.074e-04,0.663,0.164,29133
1342,5.28784,5.27927,4.071e-04,0.659,0.174,29152
1343,5.23594,5.27927,4.068e-04,0.708,0.178,29176
1344,5.06441,5.27927,4.065e-04,0.618,0.176,29162
1345,5.26996,5.27927,4.062e-04,0.688,0.193,29165
1346,5.33934,5.27927,4.059e-04,0.618,0.133,29184
1347,5.34525,5.27927,4.056e-04,0.724,0.209,29154
1348,5.20652,5.27927,4.053e-04,0.763,0.207,29179
1349,5.14660,5.27927,4.050e-04,0.654,0.170,29193
1350,5.04912,5.27927,4.047e-04,0.633,0.154,29159
1351,5.37657,5.27927,4.045e-04,0.611,0.136,29171
1352,5.35794,5.27927,4.042e-04,0.648,0.157,29179
1353,5.40127,5.27927,4.039e-04,0.619,0.144,29149
1354,5.31291,5.27927,4.036e-04,0.611,0.144,29147
1355,5.20578,5.27927,4.033e-04,0.587,0.144,29168
1356,5.45598,5.27927,4.030e-04,0.680,0.159,29176
1357,5.28948,5.27927,4.027e-04,0.704,0.163,29152
1358,5.14385,5.27927,4.024e-04,0.602,0.150,29152
1359,4.97444,5.27927,4.021e-04,0.659,0.174,29153
1360,5.22815,5.27927,4.018e-04,0.672,0.148,29196
1361,5.42734,5.27927,4.015e-04,0.629,0.145,29117
1362,5.14937,5.27927,4.012e-04,0.685,0.169,29161
1363,5.19809,5.27927,4.010e-04,0.668,0.143,29163
1364,5.30815,5.27927,4.007e-04,0.761,0.183,29175
1365,5.23126,5.27927,4.004e-04,0.658,0.147,29177
1366,5.23665,5.27927,4.001e-04,0.697,0.162,29153
1367,5.14417,5.27927,3.998e-04,0.637,0.153,29179
1368,5.23167,5.27927,3.995e-04,0.664,0.156,29155
1369,5.14987,5.27927,3.992e-04,0.704,0.169,29161
1370,5.20017,5.27927,3.989e-04,0.709,0.173,29168
1371,5.40110,5.27927,3.986e-04,0.621,0.136,29163
1372,5.26499,5.27927,3.983e-04,0.607,0.148,29169
1373,5.38129,5.27927,3.980e-04,0.647,0.148,29164
1374,5.02554,5.27927,3.977e-04,0.665,0.175,29151
1375,5.38825,5.27927,3.974e-04,0.643,0.148,29177
1376,5.01215,5.27927,3.971e-04,0.647,0.169,29145
1377,5.26010,5.27927,3.969e-04,0.624,0.155,29153
1378,5.36178,5.27927,3.966e-04,0.638,0.148,29172
1379,5.16309,5.27927,3.963e-04,0.603,0.157,29158
1380,5.19038,5.27927,3.960e-04,0.734,0.198,29166
1381,5.30579,5.27927,3.957e-04,0.612,0.143,29117
1382,4.99101,5.27927,3.954e-04,0.631,0.141,29141
1383,5.10427,5.27927,3.951e-04,0.719,0.186,29162
1384,4.92634,5.27927,3.948e-04,0.639,0.148,29146
1385,5.24807,5.27927,3.945e-04,0.647,0.151,29160
1386,5.21087,5.27927,3.942e-04,0.651,0.170,29191
1387,5.44881,5.27927,3.939e-04,0.645,0.158,29154
1388,5.28419,5.27927,3.936e-04,0.721,0.164,29167
1389,5.06486,5.27927,3.933e-04,0.659,0.186,29175
1390,5.26552,5.27927,3.930e-04,0.624,0.145,29140
1391,5.30174,5.27927,3.927e-04,0.737,0.159,29180
1392,5.12499,5.27927,3.924e-04,0.666,0.162,29115
1393,5.22360,5.27927,3.921e-04,0.678,0.168,29163
1394,5.32164,5.27927,3.919e-04,0.712,0.166,29165
1395,5.19908,5.27927,3.916e-04,0.680,0.174,29162
1396,5.11106,5.27927,3.913e-04,0.722,0.176,29163
1397,5.12489,5.27927,3.910e-04,0.795,0.200,29170
1398,5.26323,5.27927,3.907e-04,0.631,0.141,29170
1399,5.19456,5.27927,3.904e-04,0.841,0.247,29125
1400,5.25150,5.27927,3.901e-04,0.686,0.144,29179
1401,5.23327,5.27927,3.898e-04,0.732,0.198,29108
1402,5.32893,5.27927,3.895e-04,0.652,0.161,29148
1403,5.30867,5.27927,3.892e-04,0.712,0.180,29183
1404,5.32771,5.27927,3.889e-04,0.611,0.143,29143
1405,5.20541,5.27927,3.886e-04,0.689,0.141,29166
1406,5.29595,5.27927,3.883e-04,0.692,0.158,29169
1407,5.16371,5.27927,3.880e-04,0.619,0.140,29161
1408,5.21857,5.27927,3.877e-04,0.730,0.177,29176
1409,5.16789,5.27927,3.874e-04,0.584,0.137,29158
1410,5.19058,5.27927,3.871e-04,0.668,0.158,29171
1411,5.30996,5.27927,3.868e-04,0.682,0.155,29161
1412,5.12684,5.27927,3.865e-04,0.636,0.165,29164
1413,5.26470,5.27927,3.862e-04,0.695,0.160,29141
1414,5.23666,5.27927,3.859e-04,0.661,0.154,29163
1415,5.20932,5.27927,3.856e-04,0.641,0.160,29163
1416,5.11557,5.27927,3.853e-04,0.608,0.144,29166
1417,5.29348,5.27927,3.850e-04,0.669,0.152,29162
1418,5.25511,5.27927,3.848e-04,0.611,0.157,29171
1419,5.14254,5.27927,3.845e-04,0.652,0.148,29189
1420,5.32223,5.27927,3.842e-04,0.592,0.129,29133
1421,5.22395,5.27927,3.839e-04,0.625,0.136,29136
1422,5.13699,5.27927,3.836e-04,0.618,0.140,29175
1423,5.08331,5.27927,3.833e-04,0.602,0.139,29141
1424,5.13601,5.27927,3.830e-04,0.634,0.146,29173
1425,5.29242,5.27927,3.827e-04,0.616,0.137,29142
1426,5.27376,5.27927,3.824e-04,0.636,0.151,29177
1427,5.24745,5.27927,3.821e-04,0.695,0.154,29171
1428,5.31238,5.27927,3.818e-04,0.647,0.163,29152
1429,5.22116,5.27927,3.815e-04,0.701,0.198,29155
1430,5.30087,5.27927,3.812e-04,0.668,0.182,29172
1431,4.87512,5.27927,3.809e-04,0.662,0.155,29188
1432,5.21397,5.27927,3.806e-04,0.681,0.171,29151
1433,5.35830,5.27927,3.803e-04,0.676,0.150,29170
1434,5.19747,5.27927,3.800e-04,0.740,0.168,29166
1435,5.24941,5.27927,3.797e-04,0.645,0.147,29132
1436,5.06655,5.27927,3.794e-04,0.670,0.163,29159
1437,5.38607,5.27927,3.791e-04,0.674,0.159,29167
1438,5.25687,5.27927,3.788e-04,0.649,0.145,29160
1439,5.09466,5.27927,3.785e-04,0.644,0.138,29153
1440,5.12457,5.27927,3.782e-04,0.617,0.144,29167
1441,5.20261,5.27927,3.779e-04,0.641,0.144,29121
1442,5.27728,5.27927,3.776e-04,0.647,0.139,29180
1443,4.99618,5.27927,3.773e-04,0.652,0.161,29177
1444,5.16986,5.27927,3.770e-04,0.635,0.144,29167
1445,5.18967,5.27927,3.767e-04,0.654,0.148,29167
1446,5.30443,5.27927,3.764e-04,0.965,0.223,29141
1447,5.27685,5.27927,3.761e-04,0.744,0.154,29178
1448,5.14432,5.27927,3.758e-04,0.681,0.165,29161
1449,5.11933,5.27927,3.755e-04,0.660,0.160,29159
1450,5.10189,5.27927,3.752e-04,0.656,0.158,29150
1451,5.22441,5.27927,3.749e-04,0.625,0.147,29154
1452,5.28894,5.27927,3.746e-04,0.665,0.141,29161
1453,5.10728,5.27927,3.743e-04,0.651,0.147,29160
1454,5.28411,5.27927,3.740e-04,0.628,0.136,29195
1455,5.17749,5.27927,3.737e-04,0.706,0.170,29159
1456,5.23844,5.27927,3.734e-04,0.702,0.166,29168
1457,5.28962,5.27927,3.731e-04,0.730,0.175,29174
1458,5.25551,5.27927,3.728e-04,0.662,0.160,29156
1459,5.28558,5.27927,3.725e-04,0.842,0.226,29153
1460,5.16297,5.27927,3.722e-04,0.673,0.168,29170
1461,5.21761,5.27927,3.719e-04,0.660,0.151,29086
1462,5.29468,5.27927,3.716e-04,0.704,0.182,29180
1463,5.34111,5.27927,3.713e-04,0.675,0.164,29170
1464,5.13584,5.27927,3.710e-04,0.753,0.207,29139
1465,5.19299,5.27927,3.707e-04,0.635,0.144,29189
1466,5.04461,5.27927,3.704e-04,0.712,0.158,29162
1467,5.28586,5.27927,3.701e-04,0.659,0.145,29137
1468,5.14283,5.27927,3.698e-04,0.662,0.149,29149
1469,5.18136,5.27927,3.695e-04,0.772,0.151,29127
1470,5.18050,5.27927,3.692e-04,0.647,0.160,29181
1471,5.18073,5.27927,3.689e-04,0.751,0.157,29157
1472,5.16676,5.27927,3.686e-04,0.718,0.165,29156
1473,5.05999,5.27927,3.683e-04,0.646,0.158,29188
1474,5.09836,5.27927,3.680e-04,0.743,0.157,29163
1475,5.33123,5.27927,3.677e-04,0.684,0.161,29159
1476,5.17214,5.27927,3.674e-04,0.604,0.142,29176
1477,5.26569,5.27927,3.671e-04,0.714,0.173,29171
1478,5.24837,5.27927,3.668e-04,0.644,0.144,29176
1479,5.17872,5.27927,3.665e-04,0.715,0.168,29153
1480,5.37853,5.27927,3.662e-04,0.632,0.124,29151
1481,5.40104,5.27927,3.659e-04,0.739,0.174,29153
1482,5.11994,5.27927,3.656e-04,0.678,0.142,29143
1483,5.01417,5.27927,3.653e-04,0.696,0.161,29163
1484,5.29004,5.27927,3.650e-04,0.740,0.150,29165
1485,5.06628,5.27927,3.647e-04,0.620,0.151,29164
1486,5.29777,5.27927,3.644e-04,0.760,0.156,29154
1487,5.18961,5.27927,3.641e-04,0.644,0.128,29184
1488,5.09125,5.27927,3.638e-04,0.661,0.143,29172
1489,5.27114,5.27927,3.635e-04,0.691,0.146,29136
1490,5.24619,5.27927,3.632e-04,0.661,0.165,29163
1491,5.14618,5.27927,3.629e-04,0.626,0.138,29161
1492,5.10615,5.27927,3.626e-04,0.635,0.166,29175
1493,5.29430,5.27927,3.623e-04,0.634,0.146,29158
1494,5.14128,5.27927,3.620e-04,0.623,0.130,29141
1495,5.20294,5.27927,3.617e-04,0.625,0.139,29175
1496,5.11116,5.27927,3.614e-04,0.656,0.159,29151
1497,5.34629,5.27927,3.611e-04,0.715,0.137,29166
1498,5.15100,5.27927,3.608e-04,0.684,0.150,29142
1499,5.28830,5.27927,3.605e-04,0.693,0.153,29149
1500,5.15180,5.14965,3.602e-04,0.729,0.145,8832
1501,5.18264,5.14965,3.599e-04,0.738,0.169,29494
1502,5.06476,5.14965,3.596e-04,0.666,0.167,29162
1503,5.24255,5.14965,3.593e-04,0.670,0.149,29173
1504,5.24572,5.14965,3.590e-04,0.739,0.167,29152
1505,5.34978,5.14965,3.587e-04,0.712,0.158,29189
1506,5.29356,5.14965,3.584e-04,0.684,0.148,29188
1507,5.13680,5.14965,3.581e-04,0.671,0.158,29157
1508,5.24175,5.14965,3.578e-04,0.624,0.145,29153
1509,5.10563,5.14965,3.575e-04,0.651,0.142,29157
1510,5.14960,5.14965,3.572e-04,0.614,0.139,29182
1511,4.96472,5.14965,3.569e-04,0.725,0.173,29148
1512,5.29624,5.14965,3.566e-04,0.689,0.138,29173
1513,5.29889,5.14965,3.563e-04,0.733,0.176,29164
1514,4.93486,5.14965,3.560e-04,0.653,0.142,29155
1515,5.38858,5.14965,3.557e-04,0.663,0.146,29172
1516,5.08143,5.14965,3.554e-04,0.628,0.142,29146
1517,5.31554,5.14965,3.551e-04,0.686,0.139,29171
1518,5.06545,5.14965,3.548e-04,0.639,0.140,29167
1519,5.17045,5.14965,3.545e-04,0.669,0.134,29152
1520,5.04936,5.14965,3.542e-04,0.630,0.159,29147
1521,5.24688,5.14965,3.539e-04,0.700,0.164,29138
1522,5.02446,5.14965,3.536e-04,0.665,0.177,29154
1523,4.99095,5.14965,3.533e-04,0.757,0.189,29178
1524,5.02466,5.14965,3.530e-04,0.622,0.152,29162
1525,5.09521,5.14965,3.527e-04,0.607,0.137,29159
1526,5.23222,5.14965,3.524e-04,0.681,0.164,29144
1527,5.02416,5.14965,3.521e-04,0.606,0.138,29161
1528,5.06375,5.14965,3.518e-04,0.685,0.157,29156
1529,4.97314,5.14965,3.515e-04,0.625,0.137,29164
1530,5.31816,5.14965,3.512e-04,0.720,0.145,29153
1531,5.24877,5.14965,3.509e-04,0.640,0.138,29179
1532,5.11729,5.14965,3.506e-04,0.676,0.145,29169
1533,5.23081,5.14965,3.503e-04,0.712,0.182,29144
1534,5.17523,5.14965,3.500e-04,0.759,0.158,29154
1535,5.13794,5.14965,3.497e-04,0.685,0.149,29193
1536,5.03700,5.14965,3.494e-04,0.747,0.179,29141
1537,5.30675,5.14965,3.491e-04,0.694,0.147,29142
1538,5.11015,5.14965,3.488e-04,0.631,0.148,29169
1539,5.14523,5.14965,3.485e-04,0.718,0.159,29165
1540,5.18868,5.14965,3.482e-04,0.662,0.146,29135
1541,5.28141,5.14965,3.479e-04,0.715,0.161,29122
1542,5.11031,5.14965,3.476e-04,0.693,0.152,29149
1543,5.22103,5.14965,3.473e-04,0.703,0.174,29166
1544,4.98969,5.14965,3.470e-04,0.673,0.154,29156
1545,5.12985,5.14965,3.467e-04,0.680,0.144,29147
1546,5.06846,5.14965,3.463e-04,0.661,0.161,29161
1547,5.07225,5.14965,3.460e-04,0.683,0.151,29161
1548,5.06375,5.14965,3.457e-04,0.703,0.158,29182
1549,5.24306,5.14965,3.454e-04,0.620,0.126,29179
1550,5.16122,5.14965,3.451e-04,0.699,0.162,29164
1551,5.23473,5.14965,3.448e-04,0.657,0.143,29171
1552,5.23036,5.14965,3.445e-04,0.671,0.143,29180
1553,5.12005,5.14965,3.442e-04,0.704,0.149,29150
1554,5.16764,5.14965,3.439e-04,0.761,0.178,29179
1555,5.09629,5.14965,3.436e-04,0.655,0.148,29175
1556,5.11364,5.14965,3.433e-04,0.783,0.187,29135
1557,5.18172,5.14965,3.430e-04,0.688,0.147,29190
1558,5.19211,5.14965,3.427e-04,0.713,0.180,29163
1559,5.18180,5.14965,3.424e-04,0.715,0.161,29176
1560,5.11761,5.14965,3.421e-04,0.681,0.161,29169
1561,5.05908,5.14965,3.418e-04,0.668,0.144,29104
1562,5.19654,5.14965,3.415e-04,0.641,0.139,29168
1563,5.12803,5.14965,3.412e-04,0.643,0.139,29149
1564,4.97028,5.14965,3.409e-04,0.650,0.168,29150
1565,5.10853,5.14965,3.406e-04,0.654,0.143,29164
1566,5.11657,5.14965,3.403e-04,0.698,0.160,29150
1567,5.11512,5.14965,3.400e-04,0.630,0.157,29171
1568,5.09467,5.14965,3.397e-04,0.677,0.155,29178
1569,5.13040,5.14965,3.394e-04,0.627,0.138,29163
1570,5.18609,5.14965,3.391e-04,0.733,0.145,29144
1571,5.06817,5.14965,3.388e-04,0.661,0.149,29167
1572,5.07630,5.14965,3.385e-04,0.697,0.139,29164
1573,5.17735,5.14965,3.382e-04,0.720,0.152,29165
1574,5.23432,5.14965,3.379e-04,0.678,0.153,29177
1575,5.19943,5.14965,3.376e-04,0.644,0.154,29140
1576,4.98826,5.14965,3.373e-04,0.729,0.165,29166
1577,5.20934,5.14965,3.370e-04,0.661,0.145,29166
1578,5.13401,5.14965,3.367e-04,0.765,0.160,29171
1579,5.11418,5.14965,3.364e-04,0.683,0.138,29156
1580,4.86045,5.14965,3.361e-04,0.741,0.200,29151
1581,5.05923,5.14965,3.358e-04,0.619,0.130,29117
1582,5.09315,5.14965,3.355e-04,0.728,0.164,29167
1583,5.00793,5.14965,3.351e-04,0.752,0.182,29162
1584,5.14842,5.14965,3.348e-04,0.669,0.149,29166
1585,5.13206,5.14965,3.345e-04,0.692,0.152,29135
1586,5.19795,5.14965,3.342e-04,0.667,0.144,29180
1587,5.03470,5.14965,3.339e-04,0.717,0.169,29162
1588,5.07054,5.14965,3.336e-04,0.678,0.157,29159
1589,5.08525,5.14965,3.333e-04,0.666,0.154,29163
1590,4.89064,5.14965,3.330e-04,0.658,0.141,29180
1591,5.21549,5.14965,3.327e-04,0.745,0.164,29161
1592,5.03281,5.14965,3.324e-04,0.719,0.149,29167
1593,5.23737,5.14965,3.321e-04,0.753,0.156,29149
1594,5.25308,5.14965,3.318e-04,0.720,0.147,29158
1595,5.07719,5.14965,3.315e-04,0.673,0.146,29169
1596,5.36738,5.14965,3.312e-04,0.655,0.144,29154
1597,5.06542,5.14965,3.309e-04,0.697,0.165,29154
1598,5.01182,5.14965,3.306e-04,0.662,0.164,29180
1599,5.17614,5.14965,3.303e-04,0.699,0.166,29165
1600,5.05710,5.14965,3.300e-04,0.680,0.148,29149
1601,5.06399,5.14965,3.297e-04,0.675,0.156,29121
1602,5.15802,5.14965,3.294e-04,0.658,0.136,29185
1603,5.21369,5.14965,3.291e-04,0.651,0.139,29182
1604,4.95272,5.14965,3.288e-04,0.632,0.149,29177
1605,4.99824,5.14965,3.285e-04,0.641,0.135,29153
1606,5.06757,5.14965,3.282e-04,0.720,0.171,29178
1607,5.29679,5.14965,3.279e-04,0.780,0.167,29142
1608,5.08821,5.14965,3.276e-04,0.772,0.152,29162
1609,5.21898,5.14965,3.273e-04,0.672,0.138,29163
1610,5.00918,5.14965,3.270e-04,0.767,0.188,29160
1611,5.07194,5.14965,3.267e-04,0.709,0.176,29188
1612,4.92556,5.14965,3.264e-04,0.652,0.169,29129
1613,5.24966,5.14965,3.261e-04,0.681,0.155,29154
1614,5.06911,5.14965,3.258e-04,0.666,0.154,29161
1615,4.97009,5.14965,3.255e-04,0.690,0.169,29166
1616,5.12745,5.14965,3.252e-04,0.773,0.163,29172
1617,5.09975,5.14965,3.249e-04,0.661,0.142,29180
1618,5.40915,5.14965,3.245e-04,0.730,0.152,29160
1619,4.88988,5.14965,3.242e-04,0.655,0.151,29161
1620,5.16823,5.14965,3.239e-04,0.792,0.170,29182
1621,5.16777,5.14965,3.236e-04,0.671,0.146,29117
1622,5.19863,5.14965,3.233e-04,0.695,0.145,29140
1623,5.22327,5.14965,3.230e-04,0.692,0.155,29171
1624,5.32406,5.14965,3.227e-04,0.753,0.152,29177
1625,5.09951,5.14965,3.224e-04,0.699,0.148,29159
1626,5.02839,5.14965,3.221e-04,0.653,0.134,29143
1627,5.09554,5.14965,3.218e-04,0.671,0.143,29177
1628,4.94826,5.14965,3.215e-04,0.661,0.149,29174
1629,5.19113,5.14965,3.212e-04,0.739,0.166,29160
1630,5.05295,5.14965,3.209e-04,0.660,0.170,29160
1631,5.07106,5.14965,3.206e-04,0.738,0.182,29161
1632,5.09157,5.14965,3.203e-04,0.711,0.144,29172
1633,5.24298,5.14965,3.200e-04,0.756,0.188,29174
1634,5.03240,5.14965,3.197e-04,0.750,0.163,29162
1635,5.20144,5.14965,3.194e-04,0.678,0.155,29177
1636,5.10039,5.14965,3.191e-04,0.693,0.164,29162
1637,5.17957,5.14965,3.188e-04,0.675,0.162,29152
1638,5.18835,5.14965,3.185e-04,0.673,0.142,29151
1639,5.15643,5.14965,3.182e-04,0.648,0.141,29185
1640,5.07488,5.14965,3.179e-04,0.737,0.164,29157
1641,5.29118,5.14965,3.176e-04,0.695,0.141,29112
1642,5.08540,5.14965,3.173e-04,0.717,0.154,29175
1643,5.05329,5.14965,3.170e-04,0.678,0.171,29168
1644,5.19836,5.14965,3.167e-04,0.723,0.173,29174
1645,5.22724,5.14965,3.164e-04,0.729,0.171,29146
1646,5.11461,5.14965,3.161e-04,0.764,0.154,29159
1647,5.00958,5.14965,3.158e-04,0.744,0.160,29185
1648,5.06640,5.14965,3.155e-04,0.711,0.149,29159
1649,4.89996,5.14965,3.152e-04,0.688,0.156,29171
1650,5.16905,5.14965,3.149e-04,0.679,0.137,29151
1651,5.09918,5.14965,3.146e-04,0.677,0.140,29154
1652,5.16103,5.14965,3.143e-04,0.654,0.149,29187
1653,5.20616,5.14965,3.140e-04,0.669,0.146,29153
1654,5.01712,5.14965,3.137e-04,0.748,0.168,29173
1655,4.99623,5.14965,3.133e-04,0.651,0.161,29160
1656,5.07454,5.14965,3.130e-04,0.681,0.152,29164
1657,5.20952,5.14965,3.127e-04,0.698,0.149,29153
1658,5.19078,5.14965,3.124e-04,0.668,0.140,29160
1659,5.22602,5.14965,3.121e-04,0.684,0.138,29164
1660,5.15840,5.14965,3.118e-04,0.712,0.146,29151
1661,5.08863,5.14965,3.115e-04,0.665,0.137,29129
1662,5.08631,5.14965,3.112e-04,0.697,0.149,29154
1663,5.25313,5.14965,3.109e-04,0.717,0.136,29186
1664,5.18997,5.14965,3.106e-04,0.675,0.137,29183
1665,5.07930,5.14965,3.103e-04,0.697,0.164,29174
1666,5.15076,5.14965,3.100e-04,0.753,0.168,29164
1667,5.28507,5.14965,3.097e-04,0.673,0.126,29163
1668,5.08597,5.14965,3.094e-04,0.724,0.149,29153
1669,5.16120,5.14965,3.091e-04,0.765,0.151,29175
1670,4.90572,5.14965,3.088e-04,0.716,0.151,29162
1671,5.18259,5.14965,3.085e-04,0.717,0.152,29142
1672,4.99942,5.14965,3.082e-04,0.725,0.166,29185
1673,5.06138,5.14965,3.079e-04,0.683,0.159,29168
1674,5.06880,5.14965,3.076e-04,0.749,0.155,29165
1675,5.32558,5.14965,3.073e-04,0.708,0.141,29169
1676,5.07238,5.14965,3.070e-04,0.669,0.149,29176
1677,5.09059,5.14965,3.067e-04,0.668,0.145,29172
1678,5.17034,5.14965,3.064e-04,0.667,0.138,29162
1679,5.26419,5.14965,3.061e-04,0.698,0.134,29119
1680,5.24536,5.14965,3.058e-04,0.729,0.150,29161
1681,5.15983,5.14965,3.055e-04,0.698,0.146,29118
1682,5.22298,5.14965,3.052e-04,0.673,0.139,29173
1683,5.06158,5.14965,3.049e-04,0.712,0.141,29177
1684,5.06470,5.14965,3.046e-04,0.715,0.156,29149
1685,4.92280,5.14965,3.043e-04,0.663,0.156,29173
1686,5.07236,5.14965,3.040e-04,0.710,0.148,29165
1687,4.87964,5.14965,3.037e-04,0.649,0.143,29170
1688,5.05348,5.14965,3.034e-04,0.750,0.168,29168
1689,5.13860,5.14965,3.031e-04,0.686,0.142,29161
1690,5.32376,5.14965,3.028e-04,0.734,0.158,29162
1691,4.96444,5.14965,3.025e-04,0.686,0.165,29194
1692,5.15950,5.14965,3.022e-04,0.733,0.194,29158
1693,5.15173,5.14965,3.019e-04,0.644,0.142,29137
1694,5.18359,5.14965,3.016e-04,0.745,0.184,29159
1695,5.21831,5.14965,3.013e-04,0.614,0.130,29170
1696,5.05721,5.14965,3.010e-04,0.735,0.190,29185
1697,5.04340,5.14965,3.007e-04,0.658,0.130,29188
1698,5.07440,5.14965,3.004e-04,0.714,0.172,29143
1699,5.20641,5.14965,3.001e-04,0.704,0.146,29173
1700,5.04260,5.14965,2.998e-04,0.703,0.152,29159
1701,5.21777,5.14965,2.995e-04,0.750,0.159,29099
1702,4.92184,5.14965,2.992e-04,0.730,0.175,29157
1703,5.21500,5.14965,2.989e-04,0.671,0.150,29171
1704,5.03813,5.14965,2.986e-04,0.635,0.133,29141
1705,5.13577,5.14965,2.983e-04,0.731,0.163,29191
1706,5.02248,5.14965,2.980e-04,0.650,0.149,29149
1707,5.24600,5.14965,2.977e-04,0.748,0.145,29161
1708,5.38307,5.14965,2.974e-04,0.722,0.152,29167
1709,5.03021,5.14965,2.971e-04,0.736,0.168,29163
1710,5.10823,5.14965,2.968e-04,0.692,0.151,29148
1711,5.09189,5.14965,2.965e-04,0.702,0.152,29153
1712,5.24535,5.14965,2.962e-04,0.716,0.174,29162
1713,5.18411,5.14965,2.959e-04,0.746,0.143,29165
1714,5.11397,5.14965,2.956e-04,0.733,0.170,29166
1715,4.99315,5.14965,2.953e-04,0.753,0.152,29147
1716,4.94802,5.14965,2.950e-04,0.687,0.152,29178
1717,5.15478,5.14965,2.947e-04,0.645,0.139,29140
1718,5.18958,5.14965,2.944e-04,0.703,0.164,29163
1719,5.11881,5.14965,2.941e-04,0.660,0.145,29172
1720,5.04426,5.14965,2.938e-04,0.695,0.145,29148
1721,5.09890,5.14965,2.935e-04,0.641,0.134,29098
1722,5.02113,5.14965,2.932e-04,0.755,0.168,29200
1723,5.16701,5.14965,2.929e-04,0.746,0.158,29173
1724,5.04466,5.14965,2.926e-04,0.669,0.132,29148
1725,5.08061,5.14965,2.923e-04,0.699,0.149,29138
1726,5.21158,5.14965,2.920e-04,0.622,0.126,29184
1727,5.12686,5.14965,2.917e-04,0.738,0.143,29129
1728,5.00216,5.14965,2.914e-04,0.670,0.134,29183
1729,5.05241,5.14965,2.911e-04,0.713,0.131,29176
1730,5.02129,5.14965,2.908e-04,0.662,0.141,29149
1731,5.00136,5.14965,2.905e-04,0.652,0.134,29161
1732,4.96253,5.14965,2.902e-04,0.678,0.146,29145
1733,5.08714,5.14965,2.899e-04,0.690,0.132,29169
1734,5.05338,5.14965,2.896e-04,0.742,0.148,29151
1735,5.10895,5.14965,2.893e-04,0.681,0.134,29184
1736,5.02205,5.14965,2.890e-04,0.661,0.136,29148
1737,5.13826,5.14965,2.887e-04,0.719,0.161,29177
1738,5.05790,5.14965,2.884e-04,0.698,0.138,29162
1739,5.05956,5.14965,2.881e-04,0.750,0.159,29178
1740,5.11055,5.14965,2.878e-04,0.714,0.150,29172
1741,5.01438,5.14965,2.875e-04,0.709,0.165,29117
1742,4.98317,5.14965,2.872e-04,0.657,0.128,29152
1743,5.08833,5.14965,2.869e-04,0.649,0.141,29194
1744,5.01688,5.14965,2.866e-04,0.679,0.143,29149
1745,4.99105,5.14965,2.863e-04,0.695,0.145,29168
1746,4.91668,5.14965,2.860e-04,0.675,0.132,29161
1747,4.97618,5.14965,2.857e-04,0.629,0.125,29153
1748,5.07075,5.14965,2.854e-04,0.738,0.152,29168
1749,5.27627,5.14965,2.851e-04,0.681,0.124,29167
1750,5.22527,5.03820,2.848e-04,0.687,0.133,8836
1751,5.13682,5.03820,2.845e-04,0.717,0.145,29485
1752,4.98225,5.03820,2.842e-04,0.664,0.136,29152
1753,5.26953,5.03820,2.839e-04,0.687,0.140,29173
1754,5.06141,5.03820,2.836e-04,0.753,0.155,29184
1755,5.01985,5.03820,2.833e-04,0.678,0.161,29166
1756,5.18736,5.03820,2.830e-04,0.730,0.151,29180
1757,4.97483,5.03820,2.827e-04,0.860,0.220,29154
1758,5.10900,5.03820,2.824e-04,0.684,0.141,29160
1759,5.06079,5.03820,2.821e-04,0.759,0.192,29187
1760,5.11400,5.03820,2.818e-04,0.722,0.161,29166
1761,5.02818,5.03820,2.815e-04,0.701,0.147,29115
1762,4.87617,5.03820,2.812e-04,0.818,0.208,29179
1763,4.99528,5.03820,2.809e-04,0.698,0.140,29158
1764,5.14419,5.03820,2.806e-04,0.804,0.203,29167
1765,5.06676,5.03820,2.803e-04,0.746,0.157,29167
1766,4.98643,5.03820,2.800e-04,0.751,0.151,29154
1767,5.10174,5.03820,2.797e-04,0.809,0.204,29176
1768,4.97779,5.03820,2.794e-04,0.697,0.139,29158
1769,5.07166,5.03820,2.791e-04,0.779,0.176,29177
1770,5.13911,5.03820,2.788e-04,0.698,0.143,29159
1771,4.99271,5.03820,2.785e-04,0.689,0.141,29143
1772,5.13194,5.03820,2.782e-04,0.742,0.149,29174
1773,4.90578,5.03820,2.779e-04,0.676,0.143,29167
1774,5.05797,5.03820,2.776e-04,0.732,0.151,29138
1775,5.14174,5.03820,2.773e-04,0.734,0.138,29171
1776,4.99347,5.03820,2.770e-04,0.706,0.161,29164
1777,5.01761,5.03820,2.767e-04,0.677,0.130,29155
1778,4.97481,5.03820,2.764e-04,0.692,0.156,29180
1779,5.19349,5.03820,2.761e-04,0.708,0.138,29150
1780,5.16425,5.03820,2.758e-04,0.765,0.148,29159
1781,5.04648,5.03820,2.755e-04,0.704,0.179,29150
1782,5.19293,5.03820,2.752e-04,0.807,0.166,29161
1783,5.03057,5.03820,2.750e-04,0.617,0.127,29144
1784,5.03525,5.03820,2.747e-04,0.694,0.139,29184
1785,5.11915,5.03820,2.744e-04,0.704,0.134,29124
1786,4.99803,5.03820,2.741e-04,0.735,0.150,29185
1787,5.00772,5.03820,2.738e-04,0.679,0.136,29159
1788,5.00809,5.03820,2.735e-04,0.674,0.142,29176
1789,5.13570,5.03820,2.732e-04,0.701,0.129,29166
1790,5.10402,5.03820,2.729e-04,0.696,0.150,29171
1791,5.17427,5.03820,2.726e-04,0.773,0.152,29144
1792,4.96440,5.03820,2.723e-04,0.708,0.134,29158
1793,5.14772,5.03820,2.720e-04,0.664,0.121,29163
1794,4.71257,5.03820,2.717e-04,0.681,0.147,29186
1795,5.07741,5.03820,2.714e-04,0.715,0.142,29171
1796,5.10450,5.03820,2.711e-04,0.726,0.147,29158
1797,4.95029,5.03820,2.708e-04,0.745,0.152,29163
1798,5.27544,5.03820,2.705e-04,0.669,0.126,29161
1799,5.04575,5.03820,2.702e-04,0.734,0.153,29135
1800,4.98607,5.03820,2.699e-04,0.721,0.153,29146
1801,4.86385,5.03820,2.696e-04,0.672,0.151,29126
1802,5.06670,5.03820,2.693e-04,0.662,0.129,29187
1803,5.12524,5.03820,2.690e-04,0.709,0.136,29165
1804,4.86896,5.03820,2.687e-04,0.717,0.147,29112
1805,5.25930,5.03820,2.684e-04,0.721,0.136,29196
1806,4.97553,5.03820,2.681e-04,0.707,0.162,29133
1807,5.07952,5.03820,2.679e-04,0.730,0.151,29158
1808,5.13457,5.03820,2.676e-04,0.711,0.142,29174
1809,4.93158,5.03820,2.673e-04,0.711,0.156,29163
1810,4.97593,5.03820,2.670e-04,0.717,0.148,29185
1811,4.98735,5.03820,2.667e-04,0.689,0.138,29150
1812,5.07891,5.03820,2.664e-04,0.771,0.170,29163
1813,5.17926,5.03820,2.661e-04,0.744,0.143,29167
1814,5.09812,5.03820,2.658e-04,0.746,0.147,29186
1815,5.09075,5.03820,2.655e-04,0.731,0.138,29150
1816,5.00596,5.03820,2.652e-04,0.679,0.139,29171
1817,5.01634,5.03820,2.649e-04,0.720,0.145,29146
1818,4.79545,5.03820,2.646e-04,0.670,0.145,29148
1819,5.09048,5.03820,2.643e-04,0.700,0.151,29177
1820,5.11166,5.03820,2.640e-04,0.734,0.152,29166
1821,5.03413,5.03820,2.637e-04,0.664,0.136,29111
1822,4.87690,5.03820,2.634e-04,0.665,0.143,29173
1823,5.03859,5.03820,2.631e-04,0.679,0.134,29161
1824,5.03974,5.03820,2.629e-04,0.720,0.149,29168
1825,5.04066,5.03820,2.626e-04,0.747,0.142,29141
1826,4.90648,5.03820,2.623e-04,0.769,0.154,29183
1827,4.95091,5.03820,2.620e-04,0.671,0.130,29161
1828,4.84832,5.03820,2.617e-04,0.737,0.144,29171
1829,5.10917,5.03820,2.614e-04,0.711,0.143,29149
1830,5.08409,5.03820,2.611e-04,0.654,0.125,29161
1831,5.09644,5.03820,2.608e-04,0.727,0.134,29176
1832,5.14275,5.03820,2.605e-04,0.738,0.149,29168
1833,5.06160,5.03820,2.602e-04,0.705,0.138,29157
1834,5.05769,5.03820,2.599e-04,0.687,0.150,29155
1835,5.01674,5.03820,2.596e-04,0.711,0.162,29188
1836,5.05374,5.03820,2.593e-04,0.698,0.139,29128
1837,5.18767,5.03820,2.590e-04,0.735,0.158,29164
1838,4.86003,5.03820,2.588e-04,0.741,0.197,29169
1839,5.07157,5.03820,2.585e-04,0.801,0.177,29159
1840,5.04555,5.03820,2.582e-04,0.745,0.176,29143
1841,4.96598,5.03820,2.579e-04,0.879,0.174,29125
1842,5.03230,5.03820,2.576e-04,0.735,0.168,29150
1843,5.18087,5.03820,2.573e-04,0.829,0.200,29174
1844,4.88019,5.03820,2.570e-04,0.702,0.147,29163
1845,4.98833,5.03820,2.567e-04,0.882,0.219,29154
1846,5.12287,5.03820,2.564e-04,0.779,0.166,29151
1847,5.02148,5.03820,2.561e-04,0.737,0.155,29175
1848,4.92122,5.03820,2.558e-04,0.818,0.202,29168
1849,4.83996,5.03820,2.555e-04,0.694,0.151,29171
1850,5.04025,5.03820,2.553e-04,0.727,0.158,29172
1851,4.97335,5.03820,2.550e-04,0.864,0.224,29167
1852,5.01354,5.03820,2.547e-04,0.700,0.137,29172
1853,5.06157,5.03820,2.544e-04,0.692,0.147,29142
1854,5.09067,5.03820,2.541e-04,0.752,0.153,29159
1855,4.96271,5.03820,2.538e-04,0.689,0.150,29167
1856,5.08429,5.03820,2.535e-04,0.763,0.149,29157
1857,5.19333,5.03820,2.532e-04,0.775,0.174,29157
1858,5.00802,5.03820,2.529e-04,0.711,0.157,29141
1859,4.88903,5.03820,2.526e-04,0.794,0.151,29156
1860,5.09230,5.03820,2.523e-04,0.717,0.150,29179
1861,4.96086,5.03820,2.521e-04,0.665,0.127,29121
1862,4.93858,5.03820,2.518e-04,0.708,0.152,29153
1863,4.83494,5.03820,2.515e-04,0.748,0.153,29147
1864,5.04207,5.03820,2.512e-04,0.657,0.130,29167
1865,5.07781,5.03820,2.509e-04,0.697,0.125,29178
1866,5.03811,5.03820,2.506e-04,0.734,0.142,29145
1867,4.98135,5.03820,2.503e-04,0.717,0.129,29162
1868,4.91992,5.03820,2.500e-04,0.713,0.156,29176
1869,4.98145,5.03820,2.497e-04,0.711,0.139,29165
1870,4.92893,5.03820,2.495e-04,0.723,0.151,29168
1871,5.11944,5.03820,2.492e-04,0.665,0.126,29165
1872,5.17934,5.03820,2.489e-04,0.734,0.150,29183
1873,4.81361,5.03820,2.486e-04,0.647,0.140,29188
1874,5.05089,5.03820,2.483e-04,0.743,0.162,29144
1875,5.07437,5.03820,2.480e-04,0.745,0.160,29164
1876,5.11541,5.03820,2.477e-04,0.635,0.125,29177
1877,4.98715,5.03820,2.474e-04,0.670,0.130,29147
1878,4.90793,5.03820,2.471e-04,0.775,0.179,29151
1879,5.02639,5.03820,2.469e-04,0.677,0.136,29177
1880,5.01439,5.03820,2.466e-04,0.767,0.169,29166
1881,4.85876,5.03820,2.463e-04,0.713,0.131,29133
1882,5.05270,5.03820,2.460e-04,0.725,0.150,29153
1883,5.19867,5.03820,2.457e-04,0.710,0.144,29154
1884,4.71006,5.03820,2.454e-04,0.709,0.153,29188
1885,5.11619,5.03820,2.451e-04,0.740,0.153,29169
1886,5.03112,5.03820,2.448e-04,0.698,0.144,29158
1887,5.14543,5.03820,2.446e-04,0.735,0.139,29140
1888,4.75279,5.03820,2.443e-04,0.792,0.171,29152
1889,4.81528,5.03820,2.440e-04,0.718,0.147,29174
1890,5.06400,5.03820,2.437e-04,0.770,0.133,29168
1891,4.69316,5.03820,2.434e-04,0.627,0.138,29156
1892,4.89228,5.03820,2.431e-04,0.761,0.170,29157
1893,5.02054,5.03820,2.428e-04,0.760,0.152,29179
1894,5.21703,5.03820,2.425e-04,0.749,0.144,29163
1895,4.98039,5.03820,2.423e-04,0.748,0.139,29178
1896,4.90350,5.03820,2.420e-04,0.783,0.168,29176
1897,4.88168,5.03820,2.417e-04,0.709,0.139,29148
1898,5.00173,5.03820,2.414e-04,0.767,0.143,29171
1899,5.07068,5.03820,2.411e-04,0.751,0.139,29147
1900,4.95030,5.03820,2.408e-04,0.773,0.150,29162
1901,4.89859,5.03820,2.405e-04,0.649,0.134,29122
1902,4.88891,5.03820,2.403e-04,0.772,0.163,29155
1903,4.82962,5.03820,2.400e-04,0.763,0.154,29158
1904,5.02193,5.03820,2.397e-04,0.734,0.154,29201
1905,4.93859,5.03820,2.394e-04,0.723,0.138,29161
1906,5.13303,5.03820,2.391e-04,0.713,0.136,29150
1907,4.97659,5.03820,2.388e-04,0.731,0.160,29159
1908,4.87617,5.03820,2.385e-04,0.694,0.132,29178
1909,5.11416,5.03820,2.383e-04,0.701,0.143,29141
1910,4.81055,5.03820,2.380e-04,0.733,0.156,29157
1911,4.97707,5.03820,2.377e-04,0.716,0.139,29156
1912,5.04954,5.03820,2.374e-04,0.788,0.187,29143
1913,5.18550,5.03820,2.371e-04,0.697,0.135,29181
1914,4.79455,5.03820,2.368e-04,0.742,0.153,29199
1915,5.01464,5.03820,2.365e-04,0.738,0.164,29163
1916,4.97955,5.03820,2.363e-04,0.728,0.172,29137
1917,5.13309,5.03820,2.360e-04,0.808,0.151,29176
1918,4.99049,5.03820,2.357e-04,0.724,0.145,29144
1919,4.89992,5.03820,2.354e-04,0.772,0.161,29171
1920,5.00826,5.03820,2.351e-04,0.726,0.133,29160
1921,4.94047,5.03820,2.348e-04,0.686,0.143,29111
1922,4.95135,5.03820,2.346e-04,0.723,0.151,29161
1923,5.09241,5.03820,2.343e-04,0.795,0.147,29173
1924,5.02460,5.03820,2.340e-04,0.726,0.146,29160
1925,5.04858,5.03820,2.337e-04,0.699,0.137,29174
1926,4.95483,5.03820,2.334e-04,0.701,0.142,29159
1927,4.95412,5.03820,2.331e-04,0.712,0.135,29151
1928,4.96316,5.03820,2.329e-04,0.685,0.134,29169
1929,5.07018,5.03820,2.326e-04,0.721,0.135,29165
1930,4.93877,5.03820,2.323e-04,0.681,0.137,29169
1931,5.00985,5.03820,2.320e-04,0.738,0.152,29161
1932,5.14797,5.03820,2.317e-04,0.707,0.132,29175
1933,5.04766,5.03820,2.315e-04,0.714,0.151,29157
1934,4.96663,5.03820,2.312e-04,0.708,0.137,29166
1935,5.01510,5.03820,2.309e-04,0.730,0.137,29179
1936,4.92718,5.03820,2.306e-04,0.717,0.137,29170
1937,5.13147,5.03820,2.303e-04,0.658,0.130,29157
1938,4.92278,5.03820,2.300e-04,0.705,0.142,29164
1939,5.02899,5.03820,2.298e-04,0.704,0.135,29170
1940,4.80727,5.03820,2.295e-04,0.733,0.149,29180
1941,4.85022,5.03820,2.292e-04,0.688,0.135,29111
1942,5.08191,5.03820,2.289e-04,0.755,0.169,29176
1943,5.02186,5.03820,2.286e-04,0.773,0.150,29127
1944,4.81298,5.03820,2.284e-04,0.727,0.153,29158
1945,5.02153,5.03820,2.281e-04,0.734,0.141,29185
1946,4.89711,5.03820,2.278e-04,0.763,0.154,29135
1947,5.17454,5.03820,2.275e-04,0.808,0.161,29183
1948,4.93847,5.03820,2.272e-04,0.715,0.155,29142
1949,5.06660,5.03820,2.270e-04,0.856,0.173,29172
1950,4.91663,5.03820,2.267e-04,0.843,0.187,29166
1951,4.95062,5.03820,2.264e-04,0.794,0.163,29186
1952,4.95393,5.03820,2.261e-04,0.814,0.167,29128
1953,5.13057,5.03820,2.258e-04,0.751,0.138,29163
1954,4.99550,5.03820,2.256e-04,0.724,0.170,29190
1955,5.00197,5.03820,2.253e-04,0.734,0.168,29182
1956,4.95025,5.03820,2.250e-04,0.782,0.151,29169
1957,4.87662,5.03820,2.247e-04,0.701,0.152,29133
1958,4.88744,5.03820,2.244e-04,0.743,0.144,29195
1959,5.03545,5.03820,2.242e-04,0.734,0.138,29175
1960,5.14304,5.03820,2.239e-04,0.765,0.158,29164
1961,4.83320,5.03820,2.236e-04,0.750,0.158,29137
1962,4.95807,5.03820,2.233e-04,0.819,0.174,29144
1963,5.02101,5.03820,2.230e-04,0.775,0.180,29190
1964,5.04942,5.03820,2.228e-04,0.726,0.141,29182
1965,4.95616,5.03820,2.225e-04,0.714,0.155,29149
1966,4.83386,5.03820,2.222e-04,0.787,0.201,29166
1967,5.08532,5.03820,2.219e-04,0.705,0.137,29168
1968,4.94292,5.03820,2.217e-04,0.762,0.156,29152
1969,4.82299,5.03820,2.214e-04,0.731,0.153,29182
1970,4.86448,5.03820,2.211e-04,0.655,0.132,29161
1971,4.88890,5.03820,2.208e-04,0.737,0.144,29172
1972,4.95441,5.03820,2.206e-04,0.647,0.122,29175
1973,4.90574,5.03820,2.203e-04,0.670,0.134,29162
1974,4.96937,5.03820,2.200e-04,0.710,0.156,29167
1975,5.13255,5.03820,2.197e-04,0.711,0.140,29158
1976,5.22056,5.03820,2.194e-04,0.729,0.133,29152
1977,4.80739,5.03820,2.192e-04,0.691,0.144,29189
1978,4.94880,5.03820,2.189e-04,0.786,0.153,29151
1979,4.85037,5.03820,2.186e-04,0.694,0.142,29170
1980,4.89578,5.03820,2.183e-04,0.752,0.148,29156
1981,4.98807,5.03820,2.181e-04,0.703,0.139,29133
1982,5.01186,5.03820,2.178e-04,0.764,0.154,29187
1983,4.90089,5.03820,2.175e-04,0.747,0.167,29157
1984,5.14589,5.03820,2.172e-04,0.776,0.165,29150
1985,4.99849,5.03820,2.170e-04,0.703,0.132,29178
1986,5.04633,5.03820,2.167e-04,0.724,0.133,29165
1987,4.95116,5.03820,2.164e-04,0.719,0.146,29153
1988,4.96892,5.03820,2.161e-04,0.729,0.154,29168
1989,5.00799,5.03820,2.159e-04,0.767,0.150,29183
1990,4.98811,5.03820,2.156e-04,0.711,0.137,29154
1991,4.87348,5.03820,2.153e-04,0.757,0.168,29166
1992,4.91497,5.03820,2.150e-04,0.772,0.176,29167
1993,4.91188,5.03820,2.148e-04,0.738,0.144,29169
1994,4.88424,5.03820,2.145e-04,0.861,0.214,29162
1995,4.91919,5.03820,2.142e-04,0.719,0.137,29167
1996,5.16017,5.03820,2.139e-04,0.748,0.147,29147
1997,4.93865,5.03820,2.137e-04,0.813,0.202,29150
1998,5.08747,5.03820,2.134e-04,0.709,0.147,29151
1999,4.99919,5.03820,2.131e-04,0.770,0.137,29149
2000,5.10922,4.95124,2.129e-04,0.758,0.169,8829
2001,4.96086,4.95124,2.126e-04,0.783,0.180,29498
2002,4.93352,4.95124,2.123e-04,0.767,0.138,29182
2003,4.84399,4.95124,2.120e-04,0.702,0.147,29153
2004,5.04139,4.95124,2.118e-04,0.679,0.122,29187
2005,5.06340,4.95124,2.115e-04,0.762,0.143,29172
2006,5.11401,4.95124,2.112e-04,0.732,0.138,29137
2007,5.04747,4.95124,2.109e-04,0.670,0.120,29185
2008,4.90300,4.95124,2.107e-04,0.768,0.135,29174
2009,4.84155,4.95124,2.104e-04,0.703,0.139,29149
2010,5.00157,4.95124,2.101e-04,0.813,0.164,29174
2011,4.96519,4.95124,2.099e-04,0.731,0.144,29163
2012,4.76786,4.95124,2.096e-04,0.716,0.150,29161
2013,4.93766,4.95124,2.093e-04,0.746,0.134,29171
2014,5.02937,4.95124,2.090e-04,0.715,0.131,29165
2015,4.95334,4.95124,2.088e-04,0.764,0.150,29165
2016,4.96179,4.95124,2.085e-04,0.715,0.143,29134
2017,4.92558,4.95124,2.082e-04,0.704,0.141,29173
2018,4.85850,4.95124,2.080e-04,0.702,0.137,29137
2019,5.01902,4.95124,2.077e-04,0.753,0.136,29158
2020,5.02532,4.95124,2.074e-04,0.705,0.128,29155
2021,4.89096,4.95124,2.072e-04,0.691,0.136,29140
2022,4.88620,4.95124,2.069e-04,0.740,0.143,29130
2023,5.00220,4.95124,2.066e-04,0.700,0.137,29149
2024,4.89478,4.95124,2.063e-04,0.728,0.132,29171
2025,4.69549,4.95124,2.061e-04,0.730,0.162,29159
2026,4.95347,4.95124,2.058e-04,0.749,0.144,29177
2027,5.05835,4.95124,2.055e-04,0.732,0.141,29137
2028,4.99526,4.95124,2.053e-04,0.712,0.133,29168
2029,4.76368,4.95124,2.050e-04,0.727,0.143,29162
2030,4.98246,4.95124,2.047e-04,0.708,0.140,29170
2031,5.02050,4.95124,2.045e-04,0.748,0.140,29184
2032,4.96500,4.95124,2.042e-04,0.715,0.136,29143
2033,4.87819,4.95124,2.039e-04,0.730,0.132,29157
2034,4.90079,4.95124,2.037e-04,0.674,0.127,29183
2035,4.93303,4.95124,2.034e-04,0.719,0.145,29142
2036,4.83195,4.95124,2.031e-04,0.737,0.134,29166
2037,4.97820,4.95124,2.029e-04,0.704,0.123,29174
2038,4.98507,4.95124,2.026e-04,0.676,0.135,29151
2039,4.92118,4.95124,2.023e-04,0.712,0.127,29158
2040,5.11757,4.95124,2.021e-04,0.716,0.129,29162
2041,4.68015,4.95124,2.018e-04,0.716,0.136,29106
2042,4.79924,4.95124,2.015e-04,0.760,0.163,29160
2043,5.02612,4.95124,2.013e-04,0.709,0.133,29150
2044,4.90751,4.95124,2.010e-04,0.723,0.131,29169
2045,5.08820,4.95124,2.007e-04,0.734,0.141,29171
2046,4.84041,4.95124,2.005e-04,0.728,0.136,29174
2047,4.91425,4.95124,2.002e-04,0.760,0.146,29158
2048,5.05207,4.95124,1.999e-04,0.761,0.140,29154
2049,4.89788,4.95124,1.997e-04,0.696,0.140,29169
2050,5.01291,4.95124,1.994e-04,0.768,0.140,29143
2051,4.93242,4.95124,1.991e-04,0.751,0.144,29185
2052,4.97577,4.95124,1.989e-04,0.779,0.146,29140
2053,4.90985,4.95124,1.986e-04,0.689,0.132,29169
2054,4.66095,4.95124,1.983e-04,0.731,0.133,29171
2055,4.99312,4.95124,1.981e-04,0.749,0.147,29137
2056,5.06180,4.95124,1.978e-04,0.774,0.148,29186
2057,4.91645,4.95124,1.975e-04,0.761,0.161,29149
2058,4.90773,4.95124,1.973e-04,0.796,0.172,29163
2059,5.08407,4.95124,1.970e-04,0.785,0.142,29178
2060,4.90097,4.95124,1.968e-04,0.780,0.165,29157
2061,5.01391,4.95124,1.965e-04,0.794,0.142,29120
2062,4.86492,4.95124,1.962e-04,0.772,0.160,29184
2063,4.90746,4.95124,1.960e-04,0.719,0.137,29157
2064,4.78768,4.95124,1.957e-04,0.815,0.179,29146
2065,4.99471,4.95124,1.954e-04,0.784,0.141,29152
2066,4.93884,4.95124,1.952e-04,0.725,0.144,29184
2067,5.09210,4.95124,1.949e-04,0.742,0.137,29169
2068,4.79747,4.95124,1.947e-04,0.763,0.143,29174
2069,4.89179,4.95124,1.944e-04,0.707,0.130,29119
2070,4.74211,4.95124,1.941e-04,0.695,0.153,29190
2071,4.76968,4.95124,1.939e-04,0.766,0.147,29144
2072,4.89886,4.95124,1.936e-04,0.793,0.193,29190
2073,4.95458,4.95124,1.933e-04,0.754,0.152,29152
2074,4.84722,4.95124,1.931e-04,0.777,0.145,29159
2075,4.99315,4.95124,1.928e-04,0.809,0.169,29168
2076,4.99019,4.95124,1.926e-04,0.768,0.164,29160
2077,4.94926,4.95124,1.923e-04,0.704,0.136,29156
2078,5.05432,4.95124,1.920e-04,0.827,0.166,29176
2079,5.08460,4.95124,1.918e-04,0.772,0.150,29152
2080,5.01466,4.95124,1.915e-04,0.756,0.140,29175
2081,4.90432,4.95124,1.913e-04,0.812,0.159,29107
2082,4.83118,4.95124,1.910e-04,0.808,0.175,29173
2083,4.83095,4.95124,1.907e-04,0.799,0.147,29173
2084,4.87670,4.95124,1.905e-04,0.758,0.146,29169
2085,4.85533,4.95124,1.902e-04,0.784,0.163,29150
2086,4.91085,4.95124,1.900e-04,0.781,0.146,29159
2087,5.14324,4.95124,1.897e-04,0.727,0.124,29162
2088,4.99567,4.95124,1.894e-04,0.794,0.155,29176
2089,4.92306,4.95124,1.892e-04,0.738,0.147,29154
2090,5.06847,4.95124,1.889e-04,0.738,0.135,29170
2091,4.93057,4.95124,1.887e-04,0.805,0.157,29170
2092,4.85429,4.95124,1.884e-04,0.692,0.162,29162
2093,4.97309,4.95124,1.882e-04,0.778,0.161,29154
2094,5.02906,4.95124,1.879e-04,0.751,0.141,29179
2095,4.90578,4.95124,1.876e-04,0.755,0.166,29143
2096,4.91561,4.95124,1.874e-04,0.780,0.154,29147
2097,5.03189,4.95124,1.871e-04,0.819,0.151,29184
2098,4.90161,4.95124,1.869e-04,0.794,0.166,29146
2099,4.97249,4.95124,1.866e-04,0.720,0.145,29169
2100,4.96558,4.95124,1.864e-04,0.748,0.137,29155
2101,4.98897,4.95124,1.861e-04,0.719,0.130,29112
2102,4.87707,4.95124,1.858e-04,0.733,0.154,29149
2103,4.95171,4.95124,1.856e-04,0.779,0.141,29195
2104,4.89749,4.95124,1.853e-04,0.675,0.126,29146
2105,4.94499,4.95124,1.851e-04,0.747,0.152,29166
2106,4.79726,4.95124,1.848e-04,0.781,0.149,29151
2107,4.94190,4.95124,1.846e-04,0.718,0.136,29180
2108,4.96809,4.95124,1.843e-04,0.728,0.150,29161
2109,4.71751,4.95124,1.841e-04,0.822,0.193,29167
2110,4.90097,4.95124,1.838e-04,0.718,0.137,29160
2111,4.85978,4.95124,1.835e-04,0.723,0.133,29178
2112,4.90696,4.95124,1.833e-04,0.764,0.157,29156
2113,4.79298,4.95124,1.830e-04,0.696,0.143,29183
2114,4.71168,4.95124,1.828e-04,0.771,0.147,29160
2115,4.99383,4.95124,1.825e-04,0.741,0.132,29161
2116,5.08313,4.95124,1.823e-04,0.706,0.134,29157
2117,5.02313,4.95124,1.820e-04,0.767,0.138,29190
2118,4.98406,4.95124,1.818e-04,0.749,0.134,29156
2119,4.91921,4.95124,1.815e-04,0.731,0.145,29152
2120,5.01059,4.95124,1.813e-04,0.767,0.142,29160
2121,4.98205,4.95124,1.810e-04,0.767,0.143,29117
2122,5.04095,4.95124,1.808e-04,0.731,0.126,29139
2123,5.09380,4.95124,1.805e-04,0.795,0.147,29134
2124,4.92717,4.95124,1.802e-04,0.857,0.197,29177
2125,5.02185,4.95124,1.800e-04,0.778,0.158,29174
2126,4.94565,4.95124,1.797e-04,0.732,0.139,29178
2127,4.90083,4.95124,1.795e-04,0.785,0.163,29164
2128,5.13075,4.95124,1.792e-04,0.746,0.150,29149
2129,4.79397,4.95124,1.790e-04,0.731,0.139,29178
2130,4.64624,4.95124,1.787e-04,0.827,0.186,29162
2131,4.86741,4.95124,1.785e-04,0.792,0.154,29164
2132,4.71052,4.95124,1.782e-04,0.765,0.147,29152
2133,4.77314,4.95124,1.780e-04,0.756,0.151,29157
2134,4.86866,4.95124,1.777e-04,0.748,0.137,29164
2135,4.92871,4.95124,1.775e-04,0.753,0.141,29171
2136,4.90545,4.95124,1.772e-04,0.699,0.133,29181
2137,4.88736,4.95124,1.770e-04,0.766,0.140,29184
2138,5.00589,4.95124,1.767e-04,0.701,0.131,29127
2139,5.08115,4.95124,1.765e-04,0.685,0.135,29175
2140,4.97794,4.95124,1.762e-04,0.738,0.135,29181
2141,5.03918,4.95124,1.760e-04,0.717,0.139,29116
2142,4.70733,4.95124,1.757e-04,0.727,0.135,29143
2143,5.05955,4.95124,1.755e-04,0.715,0.131,29166
2144,5.01912,4.95124,1.752e-04,0.759,0.152,29174
2145,4.77411,4.95124,1.750e-04,0.791,0.167,29085
2146,4.73463,4.95124,1.747e-04,0.734,0.146,29176
2147,4.83720,4.95124,1.745e-04,0.802,0.166,29147
2148,5.09215,4.95124,1.743e-04,0.822,0.156,29188
2149,4.80438,4.95124,1.740e-04,0.747,0.143,29170
2150,4.85408,4.95124,1.738e-04,0.810,0.164,29158
2151,4.99365,4.95124,1.735e-04,0.825,0.169,29159
2152,4.83995,4.95124,1.733e-04,0.702,0.138,29168
2153,4.88268,4.95124,1.730e-04,0.766,0.145,29148
2154,4.82143,4.95124,1.728e-04,0.823,0.187,29183
2155,4.85311,4.95124,1.725e-04,0.783,0.156,29154
2156,5.00155,4.95124,1.723e-04,0.687,0.124,29152
2157,4.92751,4.95124,1.720e-04,0.766,0.164,29183
2158,4.88100,4.95124,1.718e-04,0.770,0.159,29169
2159,4.87894,4.95124,1.715e-04,0.714,0.130,29157
2160,4.97108,4.95124,1.713e-04,0.735,0.141,29169
2161,4.95162,4.95124,1.711e-04,0.753,0.177,29136
2162,4.91057,4.95124,1.708e-04,0.740,0.156,29146
2163,4.74194,4.95124,1.706e-04,0.755,0.140,29184
2164,4.94737,4.95124,1.703e-04,0.737,0.146,29164
2165,4.92164,4.95124,1.701e-04,0.754,0.141,29165
2166,5.14403,4.95124,1.698e-04,0.706,0.126,29170
2167,4.91752,4.95124,1.696e-04,0.716,0.142,29144
2168,5.02685,4.95124,1.693e-04,0.791,0.140,29153
2169,4.90507,4.95124,1.691e-04,0.668,0.125,29174
2170,4.94536,4.95124,1.689e-04,0.727,0.134,29174
2171,5.00763,4.95124,1.686e-04,0.772,0.144,29150
2172,4.95910,4.95124,1.684e-04,0.737,0.134,29147
2173,4.73416,4.95124,1.681e-04,0.748,0.142,29176
2174,5.09842,4.95124,1.679e-04,0.741,0.134,29172
2175,4.89711,4.95124,1.676e-04,0.715,0.128,29163
2176,5.01974,4.95124,1.674e-04,0.768,0.143,29130
2177,4.81194,4.95124,1.672e-04,0.739,0.143,29180
2178,5.02729,4.95124,1.669e-04,0.755,0.142,29151
2179,5.05399,4.95124,1.667e-04,0.714,0.129,29170
2180,4.88628,4.95124,1.664e-04,0.693,0.119,29141
2181,4.97383,4.95124,1.662e-04,0.756,0.132,29125
2182,5.05148,4.95124,1.660e-04,0.720,0.135,29170
2183,4.98080,4.95124,1.657e-04,0.693,0.136,29164
2184,4.92406,4.95124,1.655e-04,0.722,0.136,29177
2185,4.64201,4.95124,1.652e-04,0.904,0.155,29150
2186,4.77992,4.95124,1.650e-04,0.751,0.134,29185
2187,4.91503,4.95124,1.648e-04,0.742,0.135,29159
2188,4.92378,4.95124,1.645e-04,0.745,0.136,29164
2189,5.02836,4.95124,1.643e-04,0.750,0.137,29151
2190,4.95341,4.95124,1.640e-04,0.718,0.136,29165
2191,4.91899,4.95124,1.638e-04,0.721,0.142,29159
2192,4.92676,4.95124,1.636e-04,0.799,0.156,29173
2193,4.93968,4.95124,1.633e-04,0.727,0.136,29171
2194,4.95751,4.95124,1.631e-04,0.769,0.138,29149
2195,4.89038,4.95124,1.628e-04,0.738,0.136,29151
2196,4.92512,4.95124,1.626e-04,0.778,0.143,29157
2197,4.92304,4.95124,1.624e-04,0.761,0.148,29179
2198,4.84316,4.95124,1.621e-04,0.797,0.150,29143
2199,4.87617,4.95124,1.619e-04,0.742,0.139,29157
2200,4.92017,4.95124,1.617e-04,0.783,0.153,29178
2201,5.18019,4.95124,1.614e-04,0.810,0.143,29108
2202,4.87242,4.95124,1.612e-04,0.775,0.139,29154
2203,4.80570,4.95124,1.609e-04,0.763,0.135,29174
2204,4.75627,4.95124,1.607e-04,0.778,0.153,29181
2205,5.01192,4.95124,1.605e-04,0.778,0.141,29159
2206,4.88014,4.95124,1.602e-04,0.776,0.140,29179
2207,5.00945,4.95124,1.600e-04,0.762,0.138,29149
2208,4.95635,4.95124,1.598e-04,0.827,0.153,29144
2209,5.05310,4.95124,1.595e-04,0.721,0.137,29177
2210,4.67887,4.95124,1.593e-04,0.759,0.147,29155
2211,4.89140,4.95124,1.591e-04,0.743,0.130,29159
2212,4.99662,4.95124,1.588e-04,0.779,0.131,29168
2213,4.67599,4.95124,1.586e-04,0.817,0.152,29139
2214,4.84008,4.95124,1.584e-04,0.829,0.151,29165
2215,4.77065,4.95124,1.581e-04,0.762,0.137,29133
2216,4.76935,4.95124,1.579e-04,0.739,0.151,29182
2217,4.79467,4.95124,1.577e-04,0.780,0.131,29159
2218,4.81049,4.95124,1.574e-04,0.749,0.150,29151
2219,4.70844,4.95124,1.572e-04,0.720,0.129,29174
2220,4.95156,4.95124,1.570e-04,0.803,0.166,29170
2221,4.88516,4.95124,1.567e-04,0.803,0.156,29104
2222,4.90712,4.95124,1.565e-04,0.759,0.141,29170
2223,4.81659,4.95124,1.563e-04,0.702,0.128,29172
2224,5.00771,4.95124,1.560e-04,0.776,0.143,29163
2225,4.70758,4.95124,1.558e-04,0.775,0.155,29169
2226,4.91169,4.95124,1.556e-04,0.846,0.150,29154
2227,4.94584,4.95124,1.553e-04,0.797,0.150,29172
2228,4.67452,4.95124,1.551e-04,0.755,0.148,29159
2229,4.89299,4.95124,1.549e-04,0.753,0.147,29134
2230,4.82166,4.95124,1.546e-04,0.776,0.153,29151
2231,4.85641,4.95124,1.544e-04,0.753,0.136,29166
2232,4.88093,4.95124,1.542e-04,0.741,0.133,29176
2233,5.00783,4.95124,1.540e-04,0.782,0.135,29145
2234,4.91790,4.95124,1.537e-04,0.741,0.144,29166
2235,4.96227,4.95124,1.535e-04,0.735,0.131,29154
2236,4.70079,4.95124,1.533e-04,0.714,0.145,29182
2237,4.81702,4.95124,1.530e-04,0.718,0.139,29141
2238,5.02134,4.95124,1.528e-04,0.823,0.147,29150
2239,4.96371,4.95124,1.526e-04,0.744,0.143,29154
2240,4.97046,4.95124,1.524e-04,0.806,0.146,29156
2241,4.90260,4.95124,1.521e-04,0.810,0.143,29122
2242,4.91707,4.95124,1.519e-04,0.721,0.137,29152
2243,5.08965,4.95124,1.517e-04,0.824,0.149,29185
2244,4.81032,4.95124,1.514e-04,0.738,0.150,29158
2245,4.71627,4.95124,1.512e-04,0.731,0.136,29156
2246,4.82660,4.95124,1.510e-04,0.777,0.134,29181
2247,4.88992,4.95124,1.508e-04,0.799,0.148,29154
2248,4.96583,4.95124,1.505e-04,0.770,0.135,29162
2249,5.01520,4.95124,1.503e-04,0.786,0.134,29152
2250,5.05863,4.87961,1.501e-04,0.803,0.155,8831
2251,5.00121,4.87961,1.499e-04,0.815,0.143,29485
2252,4.86689,4.87961,1.496e-04,0.808,0.143,29178
2253,5.02454,4.87961,1.494e-04,0.846,0.164,29150
2254,4.90986,4.87961,1.492e-04,0.850,0.151,29173
2255,4.87966,4.87961,1.490e-04,0.777,0.156,29166
2256,4.92765,4.87961,1.487e-04,0.865,0.169,29150
2257,4.91942,4.87961,1.485e-04,0.765,0.146,29158
2258,5.07321,4.87961,1.483e-04,0.783,0.154,29177
2259,4.68577,4.87961,1.481e-04,0.821,0.172,29135
2260,4.72760,4.87961,1.478e-04,0.757,0.134,29167
2261,4.96357,4.87961,1.476e-04,0.761,0.136,29120
2262,4.80840,4.87961,1.474e-04,0.798,0.155,29167
2263,4.88670,4.87961,1.472e-04,0.789,0.141,29173
2264,4.95915,4.87961,1.469e-04,0.890,0.164,29161
2265,4.89793,4.87961,1.467e-04,0.759,0.138,29166
2266,4.84303,4.87961,1.465e-04,0.719,0.137,29162
2267,4.84934,4.87961,1.463e-04,0.737,0.135,29152
2268,4.93781,4.87961,1.461e-04,0.754,0.140,29167
2269,4.81696,4.87961,1.458e-04,0.734,0.131,29153
2270,5.02220,4.87961,1.456e-04,0.730,0.128,29154
2271,5.04906,4.87961,1.454e-04,0.715,0.125,29157
2272,4.99612,4.87961,1.452e-04,0.760,0.135,29196
2273,4.86379,4.87961,1.450e-04,0.712,0.136,29176
2274,4.96195,4.87961,1.447e-04,0.759,0.138,29162
2275,4.88695,4.87961,1.445e-04,0.717,0.133,29183
2276,5.02438,4.87961,1.443e-04,0.708,0.131,29157
2277,4.92054,4.87961,1.441e-04,0.757,0.132,29155
2278,4.95810,4.87961,1.439e-04,0.766,0.138,29181
2279,4.98009,4.87961,1.436e-04,0.776,0.144,29164
2280,4.72761,4.87961,1.434e-04,0.783,0.169,29127
2281,4.79641,4.87961,1.432e-04,0.719,0.136,29121
2282,4.97649,4.87961,1.430e-04,0.780,0.169,29148
2283,4.87577,4.87961,1.428e-04,0.770,0.148,29189
2284,4.99122,4.87961,1.425e-04,0.776,0.141,29148
2285,4.81623,4.87961,1.423e-04,0.713,0.127,29171
2286,4.89466,4.87961,1.421e-04,0.713,0.130,29160
2287,4.88143,4.87961,1.419e-04,0.755,0.141,29176
2288,4.94667,4.87961,1.417e-04,0.732,0.132,29170
2289,4.87927,4.87961,1.415e-04,0.708,0.123,29170
2290,4.88923,4.87961,1.412e-04,0.804,0.144,29150
2291,4.92096,4.87961,1.410e-04,0.785,0.140,29172
2292,4.82824,4.87961,1.408e-04,0.742,0.134,29175
2293,4.67053,4.87961,1.406e-04,0.787,0.141,29148
2294,4.71132,4.87961,1.404e-04,0.735,0.136,29160
2295,4.79904,4.87961,1.402e-04,0.805,0.151,29183
2296,4.69415,4.87961,1.399e-04,0.758,0.152,29169
2297,4.95041,4.87961,1.397e-04,0.748,0.130,29153
2298,4.90332,4.87961,1.395e-04,0.737,0.137,29191
2299,4.97535,4.87961,1.393e-04,0.758,0.140,29142
2300,5.15959,4.87961,1.391e-04,0.760,0.129,29177
2301,4.79447,4.87961,1.389e-04,0.858,0.158,29121
2302,4.73818,4.87961,1.387e-04,0.808,0.170,29161
2303,4.87917,4.87961,1.384e-04,0.848,0.148,29178
2304,5.00830,4.87961,1.382e-04,0.792,0.157,29157
2305,4.93320,4.87961,1.380e-04,0.845,0.152,29130
2306,5.00427,4.87961,1.378e-04,0.771,0.138,29160
2307,4.75176,4.87961,1.376e-04,0.829,0.154,29158
2308,4.99833,4.87961,1.374e-04,0.747,0.136,29179
2309,4.90647,4.87961,1.372e-04,0.762,0.135,29140
2310,4.81596,4.87961,1.370e-04,0.768,0.135,29163
2311,4.84958,4.87961,1.367e-04,0.775,0.132,29169
2312,4.75945,4.87961,1.365e-04,0.807,0.140,29185
2313,4.93026,4.87961,1.363e-04,0.837,0.154,29162
2314,4.94138,4.87961,1.361e-04,0.865,0.151,29175
2315,4.97149,4.87961,1.359e-04,0.798,0.135,29162
2316,4.79248,4.87961,1.357e-04,0.745,0.139,29172
2317,4.94046,4.87961,1.355e-04,0.765,0.129,29172
2318,4.91187,4.87961,1.353e-04,0.753,0.143,29130
2319,4.83753,4.87961,1.351e-04,0.784,0.165,29168
2320,4.86066,4.87961,1.348e-04,0.732,0.131,29194
2321,4.78699,4.87961,1.346e-04,0.761,0.133,29117
2322,4.88144,4.87961,1.344e-04,0.771,0.139,29144
2323,4.82637,4.87961,1.342e-04,0.773,0.139,29176
2324,4.97968,4.87961,1.340e-04,0.751,0.137,29165
2325,4.88134,4.87961,1.338e-04,0.751,0.132,29158
2326,5.03917,4.87961,1.336e-04,0.758,0.132,29174
2327,4.96045,4.87961,1.334e-04,0.702,0.122,29166
2328,4.82505,4.87961,1.332e-04,0.692,0.126,29177
2329,4.89532,4.87961,1.330e-04,0.782,0.147,29168
2330,4.93590,4.87961,1.328e-04,0.770,0.131,29137
2331,4.82981,4.87961,1.326e-04,0.786,0.158,29195
2332,4.89994,4.87961,1.324e-04,0.809,0.147,29143
2333,4.78198,4.87961,1.321e-04,0.682,0.123,29162
2334,4.93164,4.87961,1.319e-04,0.759,0.147,29126
2335,4.92427,4.87961,1.317e-04,0.776,0.140,29177
2336,4.89585,4.87961,1.315e-04,0.720,0.124,29170
2337,4.90345,4.87961,1.313e-04,0.810,0.155,29129
2338,4.84925,4.87961,1.311e-04,0.713,0.132,29193
2339,4.87036,4.87961,1.309e-04,0.716,0.128,29173
2340,4.75559,4.87961,1.307e-04,0.799,0.155,29134
2341,4.87813,4.87961,1.305e-04,0.768,0.139,29115
2342,4.69971,4.87961,1.303e-04,0.764,0.146,29157
2343,4.88258,4.87961,1.301e-04,0.754,0.133,29180
2344,4.81592,4.87961,1.299e-04,0.743,0.144,29156
2345,4.86577,4.87961,1.297e-04,0.769,0.140,29175
2346,4.91939,4.87961,1.295e-04,0.734,0.126,29133
2347,5.05140,4.87961,1.293e-04,0.736,0.137,29188
2348,4.74995,4.87961,1.291e-04,0.775,0.164,29144
2349,4.75582,4.87961,1.289e-04,0.691,0.126,29175
2350,4.94493,4.87961,1.287e-04,0.754,0.131,29156
2351,4.84395,4.87961,1.285e-04,0.811,0.146,29153
2352,5.04122,4.87961,1.283e-04,0.788,0.152,29182
2353,4.81915,4.87961,1.281e-04,0.721,0.126,29148
2354,4.96202,4.87961,1.279e-04,0.816,0.136,29160
2355,4.77310,4.87961,1.277e-04,0.748,0.131,29155
2356,4.74322,4.87961,1.275e-04,0.869,0.157,29160
2357,4.82216,4.87961,1.273e-04,0.727,0.128,29190
2358,4.70307,4.87961,1.271e-04,0.828,0.159,29163
2359,4.83566,4.87961,1.269e-04,0.767,0.139,29176
2360,4.86111,4.87961,1.267e-04,0.789,0.154,29164
2361,4.79993,4.87961,1.265e-04,0.702,0.122,29102
2362,4.72948,4.87961,1.263e-04,0.786,0.141,29166
2363,4.89310,4.87961,1.261e-04,0.804,0.145,29162
2364,4.78885,4.87961,1.259e-04,0.723,0.136,29150
2365,4.92436,4.87961,1.257e-04,0.737,0.121,29180
2366,5.06935,4.87961,1.255e-04,0.806,0.137,29137
2367,4.78295,4.87961,1.253e-04,0.781,0.143,29161
2368,4.73317,4.87961,1.251e-04,0.708,0.137,29197
2369,4.87524,4.87961,1.249e-04,0.802,0.135,29171
2370,4.76839,4.87961,1.247e-04,0.772,0.140,29154
2371,5.09977,4.87961,1.245e-04,0.798,0.135,29173
2372,4.79993,4.87961,1.243e-04,0.761,0.135,29163
2373,4.99836,4.87961,1.241e-04,0.855,0.150,29159
2374,4.90345,4.87961,1.239e-04,0.784,0.144,29167
2375,4.93271,4.87961,1.237e-04,0.834,0.164,29177
2376,4.87184,4.87961,1.235e-04,0.763,0.129,29165
2377,4.92632,4.87961,1.233e-04,0.741,0.128,29150
2378,4.73841,4.87961,1.231e-04,0.761,0.143,29175
2379,4.82990,4.87961,1.229e-04,0.712,0.122,29164
2380,4.76445,4.87961,1.227e-04,0.780,0.126,29157
2381,4.75508,4.87961,1.225e-04,0.754,0.126,29101
2382,4.77041,4.87961,1.223e-04,0.812,0.140,29182
2383,4.83532,4.87961,1.222e-04,0.815,0.145,29163
2384,4.87148,4.87961,1.220e-04,0.795,0.130,29188
2385,5.01614,4.87961,1.218e-04,0.779,0.134,29147
2386,4.73992,4.87961,1.216e-04,0.739,0.134,29160
2387,5.01653,4.87961,1.214e-04,0.847,0.142,29132
2388,4.84012,4.87961,1.212e-04,0.728,0.129,29167
2389,4.94324,4.87961,1.210e-04,0.758,0.133,29141
2390,4.96051,4.87961,1.208e-04,0.741,0.124,29170
2391,4.82613,4.87961,1.206e-04,0.780,0.138,29168
2392,4.80679,4.87961,1.204e-04,0.838,0.150,29151
2393,4.97161,4.87961,1.202e-04,0.785,0.132,29166
2394,4.66357,4.87961,1.200e-04,0.775,0.150,29152
2395,4.91588,4.87961,1.199e-04,0.768,0.135,29161
2396,4.80310,4.87961,1.197e-04,0.770,0.157,29182
2397,4.86322,4.87961,1.195e-04,0.926,0.153,29167
2398,4.67029,4.87961,1.193e-04,0.738,0.134,29157
2399,4.89651,4.87961,1.191e-04,0.772,0.136,29169
2400,4.87509,4.87961,1.189e-04,0.750,0.145,29156
2401,4.84640,4.87961,1.187e-04,0.791,0.133,29140
2402,4.76007,4.87961,1.185e-04,0.854,0.164,29155
2403,4.86290,4.87961,1.183e-04,0.745,0.145,29178
2404,4.69756,4.87961,1.182e-04,0.801,0.143,29172
2405,4.99097,4.87961,1.180e-04,0.808,0.129,29174
2406,4.72004,4.87961,1.178e-04,0.749,0.136,29163
2407,4.91722,4.87961,1.176e-04,0.762,0.129,29167
2408,4.76826,4.87961,1.174e-04,0.827,0.143,29162
2409,4.81369,4.87961,1.172e-04,0.749,0.130,29129
2410,4.70998,4.87961,1.170e-04,0.812,0.135,29182
2411,4.84295,4.87961,1.168e-04,0.808,0.141,29132
2412,4.98402,4.87961,1.167e-04,0.792,0.136,29180
2413,4.97338,4.87961,1.165e-04,0.771,0.134,29167
2414,4.86235,4.87961,1.163e-04,0.776,0.136,29155
2415,4.75181,4.87961,1.161e-04,0.770,0.134,29159
2416,4.85697,4.87961,1.159e-04,0.810,0.140,29137
2417,4.89848,4.87961,1.157e-04,0.830,0.150,29180
2418,4.99893,4.87961,1.155e-04,0.743,0.130,29155
2419,4.88247,4.87961,1.154e-04,0.817,0.135,29153
2420,4.91946,4.87961,1.152e-04,0.778,0.132,29181
2421,4.84163,4.87961,1.150e-04,0.797,0.143,29102
2422,4.95237,4.87961,1.148e-04,0.740,0.136,29151
2423,4.79398,4.87961,1.146e-04,0.739,0.135,29164
2424,4.95839,4.87961,1.144e-04,0.748,0.126,29183
2425,4.83196,4.87961,1.143e-04,0.812,0.154,29166
2426,4.88787,4.87961,1.141e-04,0.741,0.130,29163
2427,4.68714,4.87961,1.139e-04,0.778,0.150,29175
2428,4.79696,4.87961,1.137e-04,0.765,0.139,29157
2429,4.94520,4.87961,1.135e-04,0.718,0.128,29192
2430,4.70262,4.87961,1.134e-04,0.729,0.136,29159
2431,4.99077,4.87961,1.132e-04,0.782,0.124,29170
2432,4.87058,4.87961,1.130e-04,0.717,0.120,29178
2433,4.75091,4.87961,1.128e-04,0.739,0.155,29142
2434,4.89473,4.87961,1.126e-04,0.791,0.142,29182
2435,5.06331,4.87961,1.125e-04,0.796,0.152,29146
2436,4.51337,4.87961,1.123e-04,0.876,0.183,29161
2437,5.00010,4.87961,1.121e-04,0.737,0.134,29189
2438,4.88493,4.87961,1.119e-04,0.753,0.149,29152
2439,4.98075,4.87961,1.117e-04,0.822,0.161,29173
2440,4.93581,4.87961,1.116e-04,0.765,0.150,29169
2441,4.81283,4.87961,1.114e-04,0.766,0.140,29111
2442,4.98579,4.87961,1.112e-04,0.810,0.159,29172
2443,4.71551,4.87961,1.110e-04,0.743,0.159,29144
2444,4.86126,4.87961,1.109e-04,0.790,0.136,29147
2445,4.84449,4.87961,1.107e-04,0.868,0.179,29175
2446,4.91169,4.87961,1.105e-04,0.820,0.150,29162
2447,4.89837,4.87961,1.103e-04,0.759,0.139,29151
2448,4.80199,4.87961,1.101e-04,0.778,0.141,29174
2449,4.76692,4.87961,1.100e-04,0.798,0.157,29179
2450,4.79761,4.87961,1.098e-04,0.802,0.154,29161
2451,4.96108,4.87961,1.096e-04,0.837,0.156,29179
2452,4.96164,4.87961,1.094e-04,0.901,0.160,29160
2453,4.89359,4.87961,1.093e-04,0.764,0.139,29158
2454,4.76716,4.87961,1.091e-04,0.754,0.127,29156
2455,5.02449,4.87961,1.089e-04,0.827,0.146,29174
2456,4.81171,4.87961,1.088e-04,0.791,0.146,29164
2457,4.91144,4.87961,1.086e-04,0.716,0.120,29178
2458,4.71498,4.87961,1.084e-04,0.845,0.140,29124
2459,4.85186,4.87961,1.082e-04,0.745,0.142,29155
2460,4.80709,4.87961,1.081e-04,0.762,0.132,29168
2461,4.84405,4.87961,1.079e-04,0.795,0.144,29125
2462,4.69441,4.87961,1.077e-04,0.782,0.159,29162
2463,4.82180,4.87961,1.075e-04,0.774,0.146,29162
2464,4.89688,4.87961,1.074e-04,0.767,0.138,29172
2465,4.79767,4.87961,1.072e-04,0.782,0.133,29168
2466,4.83612,4.87961,1.070e-04,0.751,0.130,29149
2467,4.73513,4.87961,1.069e-04,0.744,0.125,29165
2468,5.11023,4.87961,1.067e-04,0.722,0.121,29165
2469,4.94405,4.87961,1.065e-04,0.774,0.138,29164
2470,4.91344,4.87961,1.063e-04,0.774,0.144,29159
2471,4.62409,4.87961,1.062e-04,0.726,0.125,29151
2472,4.95365,4.87961,1.060e-04,0.791,0.131,29171
2473,4.90704,4.87961,1.058e-04,0.847,0.155,29163
2474,4.79804,4.87961,1.057e-04,0.746,0.146,29138
2475,4.77749,4.87961,1.055e-04,0.824,0.142,29178
2476,4.87676,4.87961,1.053e-04,0.811,0.139,29176
2477,4.70485,4.87961,1.052e-04,0.719,0.130,29146
2478,4.83324,4.87961,1.050e-04,0.783,0.141,29184
2479,4.69685,4.87961,1.048e-04,0.787,0.137,29144
2480,4.77210,4.87961,1.047e-04,0.929,0.158,29173
2481,4.81409,4.87961,1.045e-04,0.815,0.157,29114
2482,4.80890,4.87961,1.043e-04,0.786,0.137,29150
2483,4.71767,4.87961,1.042e-04,0.772,0.132,29188
2484,4.91389,4.87961,1.040e-04,0.753,0.132,29167
2485,4.88134,4.87961,1.038e-04,0.745,0.124,29179
2486,4.88661,4.87961,1.037e-04,0.797,0.148,29146
2487,4.80352,4.87961,1.035e-04,0.799,0.138,29167
2488,4.74142,4.87961,1.033e-04,0.767,0.132,29165
2489,5.00296,4.87961,1.032e-04,0.759,0.133,29156
2490,4.73563,4.87961,1.030e-04,0.779,0.145,29161
2491,4.75761,4.87961,1.028e-04,0.782,0.146,29173
2492,4.94501,4.87961,1.027e-04,0.727,0.124,29156
2493,4.78613,4.87961,1.025e-04,0.800,0.139,29167
2494,4.69679,4.87961,1.024e-04,0.796,0.151,29144
2495,4.78951,4.87961,1.022e-04,0.772,0.146,29173
2496,5.00593,4.87961,1.020e-04,0.731,0.126,29139
2497,4.86798,4.87961,1.019e-04,0.792,0.144,29168
2498,4.71931,4.87961,1.017e-04,0.769,0.138,29183
2499,4.88056,4.87961,1.015e-04,0.740,0.126,29159
2500,4.81599,4.82571,1.014e-04,0.734,0.123,8829
2501,4.84298,4.82571,1.012e-04,0.799,0.148,29509
2502,4.87391,4.82571,1.011e-04,0.849,0.163,29161
2503,4.71263,4.82571,1.009e-04,0.772,0.135,29169
2504,4.89839,4.82571,1.007e-04,0.853,0.165,29157
2505,4.79748,4.82571,1.006e-04,0.857,0.164,29183
2506,4.77552,4.82571,1.004e-04,0.836,0.151,29165
2507,4.83402,4.82571,1.003e-04,0.776,0.129,29177
2508,4.85383,4.82571,1.001e-04,0.826,0.157,29167
2509,4.67830,4.82571,9.995e-05,0.802,0.148,29164
2510,5.01650,4.82571,9.979e-05,0.755,0.129,29156
2511,4.79912,4.82571,9.963e-05,0.761,0.135,29174
2512,4.79928,4.82571,9.947e-05,0.735,0.128,29150
2513,4.57039,4.82571,9.931e-05,0.722,0.130,29144
2514,4.96333,4.82571,9.916e-05,0.749,0.135,29168
2515,4.90459,4.82571,9.900e-05,0.714,0.127,29153
2516,4.85317,4.82571,9.884e-05,0.762,0.142,29182
2517,4.94935,4.82571,9.869e-05,0.800,0.134,29158
2518,4.76331,4.82571,9.853e-05,0.769,0.128,29150
2519,4.83743,4.82571,9.837e-05,0.798,0.144,29183
2520,4.89895,4.82571,9.822e-05,0.823,0.150,29150
2521,4.71250,4.82571,9.806e-05,0.742,0.137,29127
2522,4.87033,4.82571,9.791e-05,0.751,0.129,29186
2523,4.89400,4.82571,9.775e-05,0.756,0.131,29166
2524,4.84151,4.82571,9.760e-05,0.754,0.141,29130
2525,4.75976,4.82571,9.745e-05,0.751,0.129,29171
2526,4.89642,4.82571,9.729e-05,0.834,0.152,29159
2527,4.80232,4.82571,9.714e-05,0.785,0.135,29187
2528,4.63620,4.82571,9.699e-05,0.786,0.143,29153
2529,4.74764,4.82571,9.683e-05,0.717,0.125,29170
2530,4.69422,4.82571,9.668e-05,0.796,0.137,29158
2531,4.89422,4.82571,9.653e-05,0.757,0.143,29172
2532,4.78770,4.82571,9.638e-05,0.749,0.139,29170
2533,4.86513,4.82571,9.622e-05,0.790,0.164,29166
2534,4.90127,4.82571,9.607e-05,0.748,0.129,29147
2535,4.71780,4.82571,9.592e-05,0.805,0.149,29195
2536,4.77784,4.82571,9.577e-05,0.821,0.145,29181
2537,4.90657,4.82571,9.562e-05,0.866,0.140,29165
2538,4.89055,4.82571,9.547e-05,0.769,0.136,29132
2539,4.83550,4.82571,9.532e-05,0.821,0.134,29177
2540,4.66278,4.82571,9.517e-05,0.803,0.135,29167
2541,4.98020,4.82571,9.502e-05,0.811,0.140,29109
2542,4.92658,4.82571,9.487e-05,0.759,0.138,29165
2543,4.78590,4.82571,9.472e-05,0.899,0.161,29172
2544,5.00520,4.82571,9.457e-05,0.782,0.131,29129
2545,4.79154,4.82571,9.443e-05,0.818,0.139,29157
2546,4.90183,4.82571,9.428e-05,0.815,0.149,29170
2547,4.89580,4.82571,9.413e-05,0.769,0.137,29151
2548,5.07964,4.82571,9.398e-05,0.828,0.141,29174
2549,4.78063,4.82571,9.384e-05,0.779,0.140,29169
2550,4.89116,4.82571,9.369e-05,0.807,0.146,29145
2551,4.88081,4.82571,9.354e-05,0.769,0.138,29186
2552,4.66411,4.82571,9.340e-05,0.878,0.151,29165
2553,4.94668,4.82571,9.325e-05,0.804,0.148,29154
2554,4.80622,4.82571,9.311e-05,0.836,0.138,29163
2555,4.91464,4.82571,9.296e-05,0.825,0.137,29164
2556,4.78406,4.82571,9.282e-05,0.804,0.137,29157
2557,5.04304,4.82571,9.267e-05,0.794,0.132,29179
2558,4.77612,4.82571,9.253e-05,0.821,0.132,29143
2559,4.82333,4.82571,9.238e-05,0.803,0.131,29176
2560,4.79685,4.82571,9.224e-05,0.804,0.147,29171
2561,4.80944,4.82571,9.210e-05,0.815,0.146,29090
2562,4.91202,4.82571,9.195e-05,0.810,0.129,29179
2563,4.78929,4.82571,9.181e-05,0.789,0.134,29165
2564,4.92187,4.82571,9.167e-05,0.788,0.127,29148
2565,4.63923,4.82571,9.153e-05,0.729,0.123,29163
2566,4.75649,4.82571,9.138e-05,0.769,0.144,29167
2567,5.00520,4.82571,9.124e-05,0.771,0.127,29164
2568,4.71790,4.82571,9.110e-05,0.801,0.150,29168
2569,4.90020,4.82571,9.096e-05,0.757,0.132,29159
2570,4.65570,4.82571,9.082e-05,0.799,0.139,29187
2571,4.90941,4.82571,9.068e-05,0.796,0.136,29162
2572,4.84440,4.82571,9.054e-05,0.725,0.138,29158
2573,4.88817,4.82571,9.040e-05,0.755,0.146,29157
2574,4.73415,4.82571,9.026e-05,0.756,0.148,29164
2575,4.80907,4.82571,9.012e-05,0.773,0.136,29162
2576,4.98105,4.82571,8.998e-05,0.784,0.141,29157
2577,4.77999,4.82571,8.984e-05,0.750,0.129,29152
2578,4.80894,4.82571,8.970e-05,0.838,0.138,29181
2579,4.81629,4.82571,8.957e-05,0.794,0.144,29152
2580,4.76941,4.82571,8.943e-05,0.787,0.137,29168
2581,4.70340,4.82571,8.929e-05,0.735,0.132,29136
2582,4.84263,4.82571,8.915e-05,0.781,0.143,29173
2583,4.86433,4.82571,8.902e-05,0.777,0.138,29165
2584,4.97269,4.82571,8.888e-05,0.811,0.133,29159
2585,4.81762,4.82571,8.874e-05,0.822,0.142,29154
2586,4.79357,4.82571,8.861e-05,0.755,0.139,29162
2587,4.76365,4.82571,8.847e-05,0.758,0.136,29182
2588,4.90538,4.82571,8.834e-05,0.810,0.145,29143
2589,4.89919,4.82571,8.820e-05,0.829,0.136,29170
2590,4.75728,4.82571,8.807e-05,0.845,0.146,29175
2591,4.73829,4.82571,8.793e-05,0.751,0.142,29152
2592,4.96473,4.82571,8.780e-05,0.766,0.134,29162
2593,4.57289,4.82571,8.767e-05,0.758,0.134,29166
2594,4.83088,4.82571,8.753e-05,0.773,0.141,29154
2595,4.84836,4.82571,8.740e-05,0.743,0.124,29189
2596,4.89828,4.82571,8.727e-05,0.767,0.131,29168
2597,5.06859,4.82571,8.713e-05,0.806,0.135,29157
2598,4.84339,4.82571,8.700e-05,0.803,0.137,29181
2599,4.88101,4.82571,8.687e-05,0.766,0.127,29132
2600,4.73829,4.82571,8.674e-05,0.749,0.133,29156
2601,4.85603,4.82571,8.661e-05,0.803,0.139,29123
2602,4.91636,4.82571,8.648e-05,0.815,0.133,29165
2603,4.68333,4.82571,8.635e-05,0.729,0.125,29169
2604,4.83032,4.82571,8.622e-05,0.799,0.133,29177
2605,4.54924,4.82571,8.609e-05,0.769,0.131,29164
2606,4.65361,4.82571,8.596e-05,0.775,0.136,29184
2607,4.74651,4.82571,8.583e-05,0.749,0.126,29173
2608,4.95199,4.82571,8.570e-05,0.809,0.126,29155
2609,4.97478,4.82571,8.557e-05,0.774,0.130,29182
2610,4.84310,4.82571,8.544e-05,0.779,0.139,29154
2611,4.76217,4.82571,8.531e-05,0.793,0.136,29144
2612,4.61432,4.82571,8.518e-05,0.771,0.128,29177
2613,4.65011,4.82571,8.506e-05,0.794,0.142,29176
2614,4.82111,4.82571,8.493e-05,0.802,0.146,29176
2615,4.69366,4.82571,8.480e-05,0.768,0.133,29184
2616,4.91355,4.82571,8.467e-05,0.731,0.125,29156
2617,4.83324,4.82571,8.455e-05,0.758,0.131,29178
2618,4.54553,4.82571,8.442e-05,0.822,0.152,29168
2619,4.77388,4.82571,8.430e-05,0.757,0.127,29154
2620,4.95104,4.82571,8.417e-05,0.819,0.141,29164
2621,4.83716,4.82571,8.405e-05,0.756,0.130,29142
2622,4.97483,4.82571,8.392e-05,0.777,0.125,29167
2623,4.97436,4.82571,8.380e-05,0.766,0.137,29168
2624,4.69467,4.82571,8.367e-05,0.743,0.124,29164
2625,4.83300,4.82571,8.355e-05,0.810,0.134,29150
2626,4.69225,4.82571,8.342e-05,0.741,0.139,29158
2627,4.65405,4.82571,8.330e-05,0.826,0.141,29165
2628,4.66859,4.82571,8.318e-05,0.758,0.135,29159
2629,4.76893,4.82571,8.306e-05,0.770,0.140,29161
2630,4.80040,4.82571,8.293e-05,0.819,0.139,29155
2631,4.88392,4.82571,8.281e-05,0.797,0.133,29151
2632,4.80145,4.82571,8.269e-05,0.784,0.141,29142
2633,4.75970,4.82571,8.257e-05,0.801,0.137,29181
2634,4.81406,4.82571,8.245e-05,0.789,0.127,29141
2635,4.79996,4.82571,8.233e-05,0.758,0.141,29150
2636,4.73158,4.82571,8.221e-05,0.827,0.141,29187
2637,4.82521,4.82571,8.209e-05,0.821,0.144,29167
2638,4.92164,4.82571,8.197e-05,0.748,0.136,29154
2639,4.73161,4.82571,8.185e-05,0.793,0.133,29188
2640,4.87349,4.82571,8.173e-05,0.807,0.130,29150
2641,4.92505,4.82571,8.161e-05,0.743,0.134,29108
2642,4.81926,4.82571,8.149e-05,0.817,0.132,29185
2643,4.68821,4.82571,8.137e-05,0.818,0.143,29160
2644,4.76779,4.82571,8.125e-05,0.853,0.147,29152
2645,4.79557,4.82571,8.114e-05,0.759,0.133,29173
2646,4.91634,4.82571,8.102e-05,0.810,0.151,29158
2647,4.80936,4.82571,8.090e-05,0.820,0.151,29173
2648,4.90651,4.82571,8.079e-05,0.767,0.127,29164
2649,4.87113,4.82571,8.067e-05,0.769,0.134,29179
2650,4.74401,4.82571,8.055e-05,0.760,0.135,29161
2651,4.84764,4.82571,8.044e-05,0.902,0.148,29158
2652,4.85579,4.82571,8.032e-05,0.777,0.133,29140
2653,4.79775,4.82571,8.021e-05,0.790,0.138,29165
2654,4.74378,4.82571,8.009e-05,0.781,0.132,29151
2655,4.91755,4.82571,7.998e-05,0.844,0.138,29153
2656,4.85242,4.82571,7.986e-05,0.806,0.131,29164
2657,4.81460,4.82571,7.975e-05,0.791,0.140,29157
2658,4.79194,4.82571,7.964e-05,0.773,0.144,29143
2659,4.86290,4.82571,7.952e-05,0.800,0.133,29168
2660,4.97967,4.82571,7.941e-05,0.809,0.143,29162
2661,4.70313,4.82571,7.930e-05,0.802,0.138,29119
2662,4.70423,4.82571,7.918e-05,0.783,0.147,29164
2663,4.76378,4.82571,7.907e-05,0.841,0.146,29169
2664,4.87694,4.82571,7.896e-05,0.835,0.134,29163
2665,4.74968,4.82571,7.885e-05,0.862,0.145,29158
2666,4.77295,4.82571,7.874e-05,0.767,0.130,29174
2667,4.76236,4.82571,7.863e-05,0.823,0.149,29150
2668,4.78180,4.82571,7.852e-05,0.793,0.137,29160
2669,4.75739,4.82571,7.841e-05,0.761,0.125,29179
2670,4.76292,4.82571,7.830e-05,0.751,0.129,29160
2671,4.80259,4.82571,7.819e-05,0.765,0.129,29160
2672,4.68459,4.82571,7.808e-05,0.789,0.145,29187
2673,5.01877,4.82571,7.797e-05,0.769,0.122,29194
2674,4.88787,4.82571,7.786e-05,0.770,0.131,29158
2675,4.78552,4.82571,7.775e-05,0.767,0.141,29175
2676,4.70734,4.82571,7.764e-05,0.763,0.126,29185
2677,4.57874,4.82571,7.754e-05,0.772,0.140,29147
2678,4.83016,4.82571,7.743e-05,0.776,0.128,29167
2679,4.74766,4.82571,7.732e-05,0.805,0.152,29156
2680,4.90158,4.82571,7.722e-05,0.767,0.127,29152
2681,4.80414,4.82571,7.711e-05,0.762,0.140,29126
2682,4.86228,4.82571,7.700e-05,0.861,0.140,29165
2683,4.67238,4.82571,7.690e-05,0.765,0.139,29157
2684,4.78828,4.82571,7.679e-05,0.795,0.132,29147
2685,4.77434,4.82571,7.669e-05,0.799,0.124,29175
2686,4.84958,4.82571,7.658e-05,0.800,0.141,29180
2687,4.96424,4.82571,7.648e-05,0.755,0.138,29169
2688,4.70176,4.82571,7.638e-05,0.774,0.127,29173
2689,4.84698,4.82571,7.627e-05,0.802,0.133,29168
2690,4.64084,4.82571,7.617e-05,0.760,0.128,29148
2691,4.61947,4.82571,7.606e-05,0.751,0.130,29162
2692,4.86108,4.82571,7.596e-05,0.751,0.134,29183
2693,4.83147,4.82571,7.586e-05,0.749,0.132,29151
2694,4.81282,4.82571,7.576e-05,0.775,0.138,29181
2695,4.77162,4.82571,7.566e-05,0.760,0.142,29176
2696,4.62681,4.82571,7.555e-05,0.757,0.131,29161
2697,4.83964,4.82571,7.545e-05,0.743,0.122,29174
2698,4.73637,4.82571,7.535e-05,0.778,0.133,29167
2699,4.81794,4.82571,7.525e-05,0.780,0.146,29155
2700,4.80116,4.82571,7.515e-05,0.721,0.138,29153
2701,4.83147,4.82571,7.505e-05,0.772,0.137,29119
2702,4.78482,4.82571,7.495e-05,0.808,0.151,29153
2703,4.67558,4.82571,7.485e-05,0.772,0.137,29176
2704,4.78227,4.82571,7.475e-05,0.744,0.124,29155
2705,4.88683,4.82571,7.466e-05,0.745,0.139,29134
2706,4.70526,4.82571,7.456e-05,0.745,0.135,29162
2707,4.70421,4.82571,7.446e-05,0.792,0.136,29175
2708,4.84586,4.82571,7.436e-05,0.772,0.127,29160
2709,4.73284,4.82571,7.426e-05,0.760,0.132,29154
2710,4.81138,4.82571,7.417e-05,0.817,0.143,29153
2711,4.66722,4.82571,7.407e-05,0.810,0.138,29188
2712,4.69372,4.82571,7.397e-05,0.780,0.133,29161
2713,4.74220,4.82571,7.388e-05,0.763,0.128,29152
2714,4.55842,4.82571,7.378e-05,0.787,0.140,29166
2715,4.81162,4.82571,7.369e-05,0.816,0.137,29160
2716,4.74351,4.82571,7.359e-05,0.834,0.141,29164
2717,4.80975,4.82571,7.350e-05,0.778,0.140,29171
2718,4.98817,4.82571,7.340e-05,0.752,0.135,29164
2719,4.78825,4.82571,7.331e-05,0.774,0.138,29161
2720,4.91942,4.82571,7.321e-05,0.829,0.140,29157
2721,4.88079,4.82571,7.312e-05,0.769,0.125,29103
2722,4.92113,4.82571,7.303e-05,0.824,0.132,29172
2723,4.78082,4.82571,7.294e-05,0.783,0.133,29164
2724,4.67978,4.82571,7.284e-05,0.839,0.141,29153
2725,5.03923,4.82571,7.275e-05,0.790,0.129,29172
2726,4.91438,4.82571,7.266e-05,0.829,0.146,29160
2727,4.81102,4.82571,7.257e-05,0.819,0.143,29185
2728,4.90754,4.82571,7.248e-05,0.806,0.139,29161
2729,4.78746,4.82571,7.239e-05,0.805,0.127,29168
2730,4.82630,4.82571,7.229e-05,0.843,0.137,29174
2731,4.86492,4.82571,7.220e-05,0.842,0.133,29160
2732,4.85939,4.82571,7.211e-05,0.791,0.139,29158
2733,4.78790,4.82571,7.203e-05,0.823,0.138,29171
2734,4.64896,4.82571,7.194e-05,0.840,0.137,29166
2735,4.75282,4.82571,7.185e-05,0.804,0.133,29174
2736,4.83278,4.82571,7.176e-05,0.744,0.131,29174
2737,4.81381,4.82571,7.167e-05,0.828,0.163,29135
2738,4.87232,4.82571,7.158e-05,0.801,0.144,29181
2739,4.68259,4.82571,7.149e-05,0.737,0.121,29154
2740,4.80005,4.82571,7.141e-05,0.832,0.138,29158
2741,4.94677,4.82571,7.132e-05,0.857,0.155,29125
2742,4.80251,4.82571,7.123e-05,0.829,0.153,29176
2743,4.84708,4.82571,7.115e-05,0.889,0.154,29161
2744,4.78517,4.82571,7.106e-05,0.888,0.143,29165
2745,4.86338,4.82571,7.098e-05,0.785,0.143,29148
2746,4.74692,4.82571,7.089e-05,0.809,0.160,29182
2747,4.74369,4.82571,7.081e-05,0.858,0.148,29174
2748,4.87010,4.82571,7.072e-05,0.793,0.141,29154
2749,4.95285,4.82571,7.064e-05,0.812,0.143,29156
2750,4.80550,4.78719,7.055e-05,0.856,0.160,8833
2751,4.84704,4.78719,7.047e-05,0.864,0.151,29487
2752,4.62298,4.78719,7.039e-05,0.776,0.138,29165
2753,4.68817,4.78719,7.030e-05,0.904,0.176,29147
2754,4.61655,4.78719,7.022e-05,0.840,0.142,29170
2755,4.89666,4.78719,7.014e-05,0.828,0.138,29173
2756,4.86495,4.78719,7.006e-05,0.895,0.146,29167
2757,4.68575,4.78719,6.997e-05,0.799,0.158,29158
2758,4.71316,4.78719,6.989e-05,0.762,0.134,29174
2759,4.79827,4.78719,6.981e-05,0.831,0.134,29170
2760,4.74944,4.78719,6.973e-05,0.800,0.141,29167
2761,4.91147,4.78719,6.965e-05,0.803,0.130,29122
2762,4.60751,4.78719,6.957e-05,0.793,0.137,29153
2763,4.88734,4.78719,6.949e-05,0.775,0.135,29152
2764,4.65341,4.78719,6.941e-05,0.794,0.143,29191
2765,4.76466,4.78719,6.933e-05,0.850,0.138,29143
2766,4.81381,4.78719,6.925e-05,0.806,0.136,29163
2767,4.72687,4.78719,6.917e-05,0.766,0.126,29175
2768,5.02925,4.78719,6.910e-05,0.834,0.136,29171
2769,4.77131,4.78719,6.902e-05,0.814,0.138,29136
2770,4.90635,4.78719,6.894e-05,0.826,0.146,29188
2771,4.89572,4.78719,6.886e-05,0.789,0.133,29164
2772,4.73436,4.78719,6.879e-05,0.773,0.131,29149
2773,4.71946,4.78719,6.871e-05,0.788,0.133,29158
2774,4.88298,4.78719,6.863e-05,0.815,0.136,29136
2775,4.77931,4.78719,6.856e-05,0.765,0.133,29175
2776,4.89166,4.78719,6.848e-05,0.762,0.132,29180
2777,4.66864,4.78719,6.841e-05,0.773,0.138,29154
2778,4.76309,4.78719,6.833e-05,0.827,0.141,29160
2779,4.91683,4.78719,6.826e-05,0.835,0.146,29156
2780,4.84932,4.78719,6.818e-05,0.774,0.136,29162
2781,4.74464,4.78719,6.811e-05,0.788,0.138,29120
2782,4.70053,4.78719,6.804e-05,0.786,0.147,29147
2783,4.77342,4.78719,6.796e-05,0.832,0.163,29182
2784,4.73602,4.78719,6.789e-05,0.790,0.139,29169
2785,4.73066,4.78719,6.782e-05,0.853,0.157,29171
2786,4.68804,4.78719,6.775e-05,0.836,0.144,29164
2787,4.82329,4.78719,6.767e-05,0.845,0.151,29179
2788,4.66368,4.78719,6.760e-05,0.787,0.140,29157
2789,4.80270,4.78719,6.753e-05,0.786,0.133,29193
2790,4.70391,4.78719,6.746e-05,0.765,0.134,29182
2791,4.77985,4.78719,6.739e-05,0.790,0.138,29144
2792,4.91042,4.78719,6.732e-05,0.780,0.133,29169
2793,4.85798,4.78719,6.725e-05,0.802,0.135,29160
2794,4.70983,4.78719,6.718e-05,0.813,0.129,29154
2795,4.99500,4.78719,6.711e-05,0.759,0.133,29164
2796,4.77744,4.78719,6.704e-05,0.778,0.132,29148
2797,4.99133,4.78719,6.697e-05,0.838,0.142,29171
2798,4.71147,4.78719,6.690e-05,0.806,0.138,29174
2799,4.86155,4.78719,6.684e-05,0.784,0.140,29164
2800,4.77320,4.78719,6.677e-05,0.833,0.135,29176
2801,4.79363,4.78719,6.670e-05,0.791,0.130,29107
2802,4.65628,4.78719,6.664e-05,0.873,0.140,29176
2803,4.81525,4.78719,6.657e-05,0.803,0.143,29157
2804,4.71455,4.78719,6.650e-05,0.794,0.136,29174
2805,4.83143,4.78719,6.644e-05,0.801,0.120,29168
2806,4.75611,4.78719,6.637e-05,0.828,0.139,29154
2807,4.62093,4.78719,6.631e-05,0.814,0.156,29164
2808,4.63196,4.78719,6.624e-05,0.846,0.145,29158
2809,4.87613,4.78719,6.618e-05,0.830,0.136,29169
2810,4.71143,4.78719,6.611e-05,0.747,0.129,29133
2811,4.68591,4.78719,6.605e-05,0.798,0.155,29168
2812,4.58652,4.78719,6.598e-05,0.800,0.137,29181
2813,4.58445,4.78719,6.592e-05,0.883,0.137,29170
2814,4.84652,4.78719,6.586e-05,0.875,0.147,29175
2815,4.74453,4.78719,6.580e-05,0.838,0.133,29157
2816,4.82065,4.78719,6.573e-05,0.796,0.130,29155
2817,4.86595,4.78719,6.567e-05,0.764,0.125,29184
2818,4.95006,4.78719,6.561e-05,0.823,0.136,29153
2819,4.73815,4.78719,6.555e-05,0.767,0.125,29186
2820,4.66228,4.78719,6.549e-05,0.737,0.127,29127
2821,4.72717,4.78719,6.543e-05,0.766,0.133,29110
2822,4.73513,4.78719,6.537e-05,0.772,0.132,29155
2823,4.80515,4.78719,6.531e-05,0.823,0.144,29187
2824,4.61514,4.78719,6.525e-05,0.740,0.127,29153
2825,4.76940,4.78719,6.519e-05,0.756,0.123,29174
2826,4.94060,4.78719,6.513e-05,0.797,0.142,29169
2827,4.74182,4.78719,6.507e-05,0.811,0.139,29166
2828,4.86103,4.78719,6.501e-05,0.834,0.149,29155
2829,4.63542,4.78719,6.495e-05,0.839,0.149,29169
2830,4.85343,4.78719,6.490e-05,0.847,0.158,29168
2831,4.73298,4.78719,6.484e-05,0.845,0.165,29171
2832,4.83342,4.78719,6.478e-05,0.878,0.145,29163
2833,4.77655,4.78719,6.473e-05,0.818,0.139,29179
2834,4.84264,4.78719,6.467e-05,0.812,0.145,29142
2835,4.73861,4.78719,6.461e-05,0.802,0.136,29160
2836,4.88889,4.78719,6.456e-05,0.797,0.128,29168
2837,4.75574,4.78719,6.450e-05,0.768,0.128,29170
2838,4.89536,4.78719,6.445e-05,0.861,0.159,29165
2839,4.68882,4.78719,6.439e-05,0.848,0.149,29150
2840,4.54020,4.78719,6.434e-05,0.816,0.144,29181
2841,4.87453,4.78719,6.429e-05,0.859,0.152,29111
2842,4.88861,4.78719,6.423e-05,0.865,0.151,29178
2843,4.76466,4.78719,6.418e-05,0.795,0.135,29153
2844,4.63538,4.78719,6.413e-05,0.825,0.144,29165
2845,4.82953,4.78719,6.407e-05,0.843,0.141,29166
2846,4.90999,4.78719,6.402e-05,0.781,0.135,29165
2847,4.58113,4.78719,6.397e-05,0.864,0.150,29178
2848,4.88049,4.78719,6.392e-05,0.784,0.136,29164
2849,4.61587,4.78719,6.387e-05,0.799,0.128,29157
2850,4.94298,4.78719,6.381e-05,0.856,0.147,29181
2851,4.75806,4.78719,6.376e-05,0.826,0.149,29168
2852,4.73717,4.78719,6.371e-05,0.792,0.135,29155
2853,4.81300,4.78719,6.366e-05,0.838,0.131,29174
2854,4.87243,4.78719,6.361e-05,0.829,0.151,29170
2855,4.80400,4.78719,6.357e-05,0.885,0.158,29172
2856,4.88996,4.78719,6.352e-05,0.847,0.148,29179
2857,4.65496,4.78719,6.347e-05,0.778,0.139,29164
2858,4.74268,4.78719,6.342e-05,0.865,0.148,29157
2859,4.76828,4.78719,6.337e-05,0.802,0.142,29159
2860,4.63199,4.78719,6.332e-05,0.796,0.137,29171
2861,4.90456,4.78719,6.328e-05,0.787,0.131,29133
2862,4.77885,4.78719,6.323e-05,0.779,0.137,29134
2863,4.86220,4.78719,6.318e-05,0.780,0.132,29161
2864,4.88847,4.78719,6.314e-05,0.838,0.135,29149
2865,4.76461,4.78719,6.309e-05,0.849,0.149,29173
2866,4.60183,4.78719,6.305e-05,0.774,0.130,29179
2867,4.79988,4.78719,6.300e-05,0.832,0.138,29137
2868,4.72006,4.78719,6.296e-05,0.815,0.132,29159
2869,4.77931,4.78719,6.291e-05,0.824,0.134,29172
2870,4.76239,4.78719,6.287e-05,0.843,0.140,29178
2871,4.87173,4.78719,6.282e-05,0.851,0.149,29171
2872,4.78844,4.78719,6.278e-05,0.848,0.156,29163
2873,4.84087,4.78719,6.274e-05,0.787,0.148,29151
2874,4.85558,4.78719,6.269e-05,0.816,0.133,29157
2875,4.75807,4.78719,6.265e-05,0.809,0.133,29167
2876,4.77463,4.78719,6.261e-05,0.779,0.148,29165
2877,4.86337,4.78719,6.257e-05,0.816,0.141,29167
2878,4.82219,4.78719,6.253e-05,0.828,0.154,29164
2879,4.72600,4.78719,6.248e-05,0.825,0.144,29176
2880,4.89922,4.78719,6.244e-05,0.818,0.143,29154
2881,4.71835,4.78719,6.240e-05,0.764,0.152,29112
2882,4.66416,4.78719,6.236e-05,0.753,0.133,29163
2883,4.77428,4.78719,6.232e-05,0.797,0.147,29163
2884,4.86089,4.78719,6.228e-05,0.822,0.132,29148
2885,4.69698,4.78719,6.224e-05,0.796,0.142,29141
2886,4.66713,4.78719,6.221e-05,0.792,0.146,29169
2887,4.80299,4.78719,6.217e-05,0.802,0.130,29155
2888,4.74735,4.78719,6.213e-05,0.815,0.143,29152
2889,4.74349,4.78719,6.209e-05,0.782,0.129,29170
2890,4.72658,4.78719,6.205e-05,0.830,0.145,29148
2891,4.74749,4.78719,6.202e-05,0.770,0.129,29164
2892,4.78103,4.78719,6.198e-05,0.791,0.142,29163
2893,4.73099,4.78719,6.194e-05,0.816,0.139,29179
2894,4.75691,4.78719,6.191e-05,0.803,0.141,29186
2895,4.75140,4.78719,6.187e-05,0.759,0.130,29170
2896,4.70175,4.78719,6.184e-05,0.871,0.137,29179
2897,4.80275,4.78719,6.180e-05,0.821,0.132,29166
2898,4.92483,4.78719,6.177e-05,0.772,0.127,29156
2899,4.77957,4.78719,6.173e-05,0.870,0.147,29161
2900,4.79637,4.78719,6.170e-05,0.857,0.148,29165
2901,4.83584,4.78719,6.166e-05,0.812,0.140,29120
2902,4.75861,4.78719,6.163e-05,0.841,0.141,29184
2903,4.90364,4.78719,6.160e-05,0.848,0.144,29161
2904,4.80953,4.78719,6.156e-05,0.853,0.136,29150
2905,4.71595,4.78719,6.153e-05,0.860,0.159,29168
2906,4.65240,4.78719,6.150e-05,0.825,0.152,29171
2907,4.72552,4.78719,6.147e-05,0.756,0.134,29180
2908,4.76095,4.78719,6.144e-05,0.846,0.150,29174
2909,4.83169,4.78719,6.141e-05,0.893,0.135,29164
2910,4.79290,4.78719,6.138e-05,0.788,0.131,29157
2911,4.63826,4.78719,6.135e-05,0.766,0.137,29168
2912,4.93955,4.78719,6.132e-05,0.756,0.119,29161
2913,4.51571,4.78719,6.129e-05,0.781,0.135,29165
2914,4.82931,4.78719,6.126e-05,0.840,0.144,29178
2915,4.88739,4.78719,6.123e-05,0.791,0.137,29170
2916,4.82026,4.78719,6.120e-05,0.792,0.128,29137
2917,4.92258,4.78719,6.117e-05,0.776,0.132,29161
2918,4.85157,4.78719,6.114e-05,0.794,0.134,29179
2919,4.70800,4.78719,6.111e-05,0.745,0.124,29164
2920,4.77903,4.78719,6.109e-05,0.819,0.138,29162
2921,4.82543,4.78719,6.106e-05,0.779,0.128,29129
2922,4.70766,4.78719,6.103e-05,0.834,0.141,29157
2923,4.75861,4.78719,6.101e-05,0.827,0.138,29169
2924,4.70674,4.78719,6.098e-05,0.775,0.134,29178
2925,4.68320,4.78719,6.096e-05,0.820,0.147,29149
2926,4.85217,4.78719,6.093e-05,0.811,0.143,29173
2927,4.89525,4.78719,6.091e-05,0.779,0.132,29133
2928,4.80380,4.78719,6.088e-05,0.821,0.139,29179
2929,4.65724,4.78719,6.086e-05,0.815,0.140,29169
2930,4.62832,4.78719,6.083e-05,0.776,0.134,29184
2931,4.81594,4.78719,6.081e-05,0.839,0.141,29146
2932,4.83971,4.78719,6.079e-05,0.813,0.131,29180
2933,4.72497,4.78719,6.076e-05,0.867,0.160,29163
2934,4.77415,4.78719,6.074e-05,0.801,0.130,29150
2935,4.71649,4.78719,6.072e-05,0.817,0.135,29165
2936,4.76608,4.78719,6.070e-05,0.826,0.137,29185
2937,4.69742,4.78719,6.067e-05,0.776,0.129,29162
2938,4.89326,4.78719,6.065e-05,0.809,0.140,29166
2939,4.82409,4.78719,6.063e-05,0.821,0.136,29169
2940,4.85443,4.78719,6.061e-05,0.785,0.131,29155
2941,5.02263,4.78719,6.059e-05,0.792,0.134,29146
2942,4.73668,4.78719,6.057e-05,0.818,0.140,29148
2943,4.66454,4.78719,6.055e-05,0.769,0.131,29179
2944,4.84394,4.78719,6.053e-05,0.773,0.127,29187
2945,4.64327,4.78719,6.051e-05,0.799,0.134,29138
2946,4.68679,4.78719,6.050e-05,0.796,0.130,29184
2947,4.86715,4.78719,6.048e-05,0.784,0.131,29160
2948,4.87325,4.78719,6.046e-05,0.830,0.128,29162
2949,4.87063,4.78719,6.044e-05,0.747,0.123,29165
2950,4.82394,4.78719,6.042e-05,0.795,0.132,29187
2951,4.63904,4.78719,6.041e-05,0.784,0.133,29166
2952,5.03425,4.78719,6.039e-05,0.819,0.142,29153
2953,4.94604,4.78719,6.038e-05,0.777,0.130,29185
2954,4.77541,4.78719,6.036e-05,0.803,0.133,29168
2955,4.85459,4.78719,6.034e-05,0.775,0.134,29139
2956,4.72438,4.78719,6.033e-05,0.784,0.140,29169
2957,4.65671,4.78719,6.031e-05,0.804,0.132,29161
2958,4.85926,4.78719,6.030e-05,0.823,0.147,29162
2959,4.69844,4.78719,6.029e-05,0.832,0.135,29156
2960,4.66432,4.78719,6.027e-05,0.806,0.144,29160
2961,4.90074,4.78719,6.026e-05,0.811,0.133,29109
2962,4.71552,4.78719,6.025e-05,0.797,0.147,29160
2963,4.74814,4.78719,6.023e-05,0.863,0.177,29190
2964,4.74584,4.78719,6.022e-05,0.759,0.130,29151
2965,4.69033,4.78719,6.021e-05,0.803,0.138,29169
2966,4.93343,4.78719,6.020e-05,0.922,0.169,29187
2967,4.89573,4.78719,6.019e-05,0.805,0.147,29139
2968,4.65488,4.78719,6.017e-05,0.797,0.133,29153
2969,4.63699,4.78719,6.016e-05,0.800,0.143,29175
2970,4.80583,4.78719,6.015e-05,0.889,0.162,29141
2971,4.78199,4.78719,6.014e-05,0.804,0.137,29164
2972,4.74300,4.78719,6.013e-05,0.787,0.125,29174
2973,4.86378,4.78719,6.012e-05,0.848,0.133,29156
2974,4.60183,4.78719,6.011e-05,0.873,0.144,29192
2975,4.78086,4.78719,6.011e-05,0.834,0.155,29155
2976,4.80263,4.78719,6.010e-05,0.817,0.131,29155
2977,4.75247,4.78719,6.009e-05,0.792,0.138,29169
2978,4.57438,4.78719,6.008e-05,0.899,0.165,29146
2979,4.82898,4.78719,6.007e-05,0.810,0.138,29176
2980,4.57088,4.78719,6.007e-05,0.848,0.141,29146
2981,4.66329,4.78719,6.006e-05,0.813,0.140,29081
2982,4.79240,4.78719,6.006e-05,0.890,0.150,29163
2983,4.90641,4.78719,6.005e-05,0.823,0.132,29159
2984,4.72957,4.78719,6.004e-05,0.989,0.168,29133
2985,4.77354,4.78719,6.004e-05,0.830,0.150,29174
2986,4.77421,4.78719,6.003e-05,0.842,0.157,29152
2987,4.89946,4.78719,6.003e-05,0.776,0.129,29176
2988,4.88607,4.78719,6.002e-05,0.824,0.131,29182
2989,4.76930,4.78719,6.002e-05,0.809,0.127,29139
2990,4.79726,4.78719,6.002e-05,0.806,0.133,29186
2991,4.67100,4.78719,6.001e-05,0.821,0.138,29145
2992,4.82902,4.78719,6.001e-05,0.785,0.131,29185
2993,4.63562,4.78719,6.001e-05,0.801,0.133,29150
2994,4.80846,4.78719,6.001e-05,0.830,0.144,29174
2995,4.76661,4.78719,6.000e-05,0.879,0.160,29144
2996,4.85192,4.78719,6.000e-05,0.818,0.135,29161
2997,4.87059,4.78719,6.000e-05,0.811,0.151,29167
2998,4.83330,4.78719,6.000e-05,0.833,0.138,29187
2999,4.70223,4.76124,6.000e-05,0.831,0.137,8826
