step,loss,val_loss,lr,grad_norm,proj_grad_norm,tokens_per_s
0,11.89641,11.84807,3.000e-06,6.671,0.016,5940
1,11.83671,11.84807,6.000e-06,7.200,0.017,20011
2,11.75115,11.84807,9.000e-06,5.975,0.015,19985
3,11.64917,11.84807,1.200e-05,4.276,0.010,20035
4,11.58142,11.84807,1.500e-05,3.420,0.008,20037
5,11.49833,11.84807,1.800e-05,2.936,0.006,20029
6,11.45392,11.84807,2.100e-05,2.294,0.005,19987
7,11.39184,11.84807,2.400e-05,1.924,0.004,20081
8,11.36941,11.84807,2.700e-05,1.660,0.003,20063
9,11.32878,11.84807,3.000e-05,1.503,0.003,20030
10,11.32651,11.84807,3.300e-05,1.543,0.003,20027
11,11.28550,11.84807,3.600e-05,1.445,0.002,20043
12,11.22952,11.84807,3.900e-05,1.418,0.002,20053
13,11.28800,11.84807,4.200e-05,1.236,0.002,20006
14,11.15707,11.84807,4.500e-05,1.503,0.002,20040
15,11.23202,11.84807,4.800e-05,1.209,0.001,20054
16,11.19204,11.84807,5.100e-05,1.272,0.001,20046
17,11.15868,11.84807,5.400e-05,1.173,0.001,20008
18,11.08766,11.84807,5.700e-05,1.239,0.001,20074
19,11.08803,11.84807,6.000e-05,1.165,0.001,20071
20,11.01353,11.84807,6.300e-05,1.254,0.001,20049
21,10.99432,11.84807,6.600e-05,1.190,0.001,19687
22,10.92138,11.84807,6.900e-05,1.222,0.001,20062
23,10.84384,11.84807,7.200e-05,1.310,0.002,20044
24,10.77853,11.84807,7.500e-05,1.337,0.001,19996
25,10.81925,11.84807,7.800e-05,1.211,0.002,20055
26,10.76173,11.84807,8.100e-05,1.141,0.002,20059
27,10.69866,11.84807,8.400e-05,1.128,0.001,20036
28,10.59944,11.84807,8.700e-05,1.305,0.003,20006
29,10.59095,11.84807,9.000e-05,1.133,0.002,20063
30,10.45174,11.84807,9.300e-05,1.384,0.004,20061
31,10.44090,11.84807,9.600e-05,1.276,0.003,20052
32,10.36509,11.84807,9.900e-05,1.212,0.002,20031
33,10.32902,11.84807,1.020e-04,1.158,0.002,20069
34,10.22426,11.84807,1.050e-04,1.201,0.002,20047
35,10.14792,11.84807,1.080e-04,1.219,0.002,19998
36,10.11837,11.84807,1.110e-04,1.182,0.002,20039
37,10.04598,11.84807,1.140e-04,1.283,0.002,20067
38,9.98361,11.84807,1.170e-04,1.153,0.002,20039
39,9.95148,11.84807,1.200e-04,1.042,0.003,19997
40,9.84876,11.84807,1.230e-04,1.151,0.002,20061
41,9.80609,11.84807,1.260e-04,1.037,0.002,19719
42,9.70170,11.84807,1.290e-04,1.154,0.003,20029
43,9.69064,11.84807,1.320e-04,0.943,0.003,20048
44,9.55219,11.84807,1.350e-04,1.067,0.002,20072
45,9.45780,11.84807,1.380e-04,1.188,0.003,20050
46,9.40713,11.84807,1.410e-04,1.101,0.002,19979
47,9.33086,11.84807,1.440e-04,1.143,0.003,20037
48,9.31128,11.84807,1.470e-04,1.042,0.002,20067
49,9.23508,11.84807,1.500e-04,1.064,0.004,20026
50,9.12811,11.84807,1.530e-04,1.153,0.004,19989
51,9.10048,11.84807,1.560e-04,0.933,0.002,20069
52,9.04275,11.84807,1.590e-04,0.923,0.002,20058
53,8.96720,11.84807,1.620e-04,1.004,0.003,20028
54,8.91263,11.84807,1.650e-04,1.105,0.007,20036
55,8.84504,11.84807,1.680e-04,0.850,0.003,20094
56,8.80902,11.84807,1.710e-04,0.722,0.002,20083
57,8.81732,11.84807,1.740e-04,1.014,0.007,20005
58,8.74778,11.84807,1.770e-04,0.806,0.003,20052
59,8.61986,11.84807,1.800e-04,0.841,0.006,20057
60,8.64147,11.84807,1.830e-04,0.822,0.003,20047
61,8.59749,11.84807,1.860e-04,0.945,0.004,19698
62,8.56821,11.84807,1.890e-04,0.778,0.003,20038
63,8.50332,11.84807,1.920e-04,0.795,0.003,20064
64,8.48758,11.84807,1.950e-04,0.688,0.005,20021
65,8.33494,11.84807,1.980e-04,0.775,0.007,20003
66,8.38296,11.84807,2.010e-04,0.680,0.003,20072
67,8.33975,11.84807,2.040e-04,0.703,0.005,20058
68,8.35270,11.84807,2.070e-04,0.538,0.004,20030
69,8.23847,11.84807,2.100e-04,0.636,0.007,20053
70,8.27432,11.84807,2.130e-04,0.562,0.005,20047
71,8.29872,11.84807,2.160e-04,0.827,0.009,20047
72,8.16339,11.84807,2.190e-04,0.520,0.003,20006
73,8.10818,11.84807,2.220e-04,0.563,0.006,20058
74,8.23788,11.84807,2.250e-04,0.522,0.004,20048
75,8.10664,11.84807,2.280e-04,0.641,0.006,20029
76,8.12672,11.84807,2.310e-04,0.472,0.004,20010
77,8.05359,11.84807,2.340e-04,0.545,0.007,20053
78,8.05937,11.84807,2.370e-04,0.603,0.008,20059
79,8.02181,11.84807,2.400e-04,0.509,0.005,20035
80,8.05015,11.84807,2.430e-04,0.754,0.009,20056
81,8.03213,11.84807,2.460e-04,0.535,0.007,19722
82,8.05479,11.84807,2.490e-04,0.816,0.013,20037
83,8.05451,11.84807,2.520e-04,1.041,0.018,19998
84,7.95944,11.84807,2.550e-04,0.592,0.007,20059
85,7.92998,11.84807,2.580e-04,0.697,0.014,20054
86,7.85768,11.84807,2.610e-04,0.581,0.008,20021
87,7.92227,11.84807,2.640e-04,0.647,0.013,20038
88,7.87137,11.84807,2.670e-04,0.552,0.010,20058
89,7.83102,11.84807,2.700e-04,0.784,0.015,20063
90,7.88122,11.84807,2.730e-04,0.578,0.013,20008
91,7.84737,11.84807,2.760e-04,0.884,0.014,20078
92,7.84070,11.84807,2.790e-04,0.628,0.010,20081
93,7.78421,11.84807,2.820e-04,1.184,0.027,20035
94,7.79203,11.84807,2.850e-04,0.788,0.016,19996
95,7.74004,11.84807,2.880e-04,0.871,0.016,20063
96,7.73662,11.84807,2.910e-04,1.213,0.019,20059
97,7.66311,11.84807,2.940e-04,1.066,0.024,20029
98,7.70469,11.84807,2.970e-04,0.824,0.019,20023
99,7.70563,11.84807,3.000e-04,0.784,0.019,20070
100,7.60175,11.84807,3.030e-04,1.052,0.020,20059
101,7.68383,11.84807,3.060e-04,0.618,0.011,19735
102,7.53302,11.84807,3.090e-04,0.832,0.022,20043
103,7.57604,11.84807,3.120e-04,0.647,0.013,20070
104,7.48510,11.84807,3.150e-04,0.810,0.015,20084
105,7.57326,11.84807,3.180e-04,0.581,0.012,19998
106,7.61285,11.84807,3.210e-04,0.548,0.010,20070
107,7.55637,11.84807,3.240e-04,0.711,0.014,20059
108,7.50305,11.84807,3.270e-04,0.544,0.012,20031
109,7.45007,11.84807,3.300e-04,0.769,0.015,20015
110,7.45961,11.84807,3.330e-04,0.779,0.020,20066
111,7.40928,11.84807,3.360e-04,0.888,0.021,20066
112,7.45856,11.84807,3.390e-04,2.125,0.041,20031
113,7.39696,11.84807,3.420e-04,0.736,0.013,20037
114,7.51759,11.84807,3.450e-04,1.141,0.024,20060
115,7.38050,11.84807,3.480e-04,0.839,0.020,20091
116,7.38353,11.84807,3.510e-04,1.192,0.033,20020
117,7.44259,11.84807,3.540e-04,0.992,0.022,20062
118,7.34115,11.84807,3.570e-04,0.733,0.016,20054
119,7.37655,11.84807,3.600e-04,0.941,0.019,20037
120,7.38986,11.84807,3.630e-04,0.822,0.019,20011
121,7.37543,11.84807,3.660e-04,0.595,0.013,19684
122,7.43393,11.84807,3.690e-04,1.040,0.030,20051
123,7.33196,11.84807,3.720e-04,0.943,0.019,19999
124,7.29749,11.84807,3.750e-04,0.618,0.014,20048
125,7.42576,11.84807,3.780e-04,1.126,0.033,20065
126,7.28583,11.84807,3.810e-04,0.779,0.019,20064
127,7.26455,11.84807,3.840e-04,0.815,0.021,20020
128,7.29728,11.84807,3.870e-04,0.824,0.021,20063
129,7.28893,11.84807,3.900e-04,0.935,0.030,20047
130,7.30776,11.84807,3.930e-04,1.548,0.046,20030
131,7.28640,11.84807,3.960e-04,0.883,0.020,20030
132,7.32502,11.84807,3.990e-04,3.699,0.097,20049
133,7.21469,11.84807,4.020e-04,1.799,0.050,20071
134,7.25067,11.84807,4.050e-04,0.933,0.017,20007
135,7.23647,11.84807,4.080e-04,0.680,0.014,20011
136,7.12085,11.84807,4.110e-04,0.939,0.020,20056
137,7.29340,11.84807,4.140e-04,0.951,0.026,20049
138,7.23881,11.84807,4.170e-04,0.861,0.017,19990
139,7.14395,11.84807,4.200e-04,0.786,0.017,20083
140,7.21714,11.84807,4.230e-04,1.026,0.033,20073
141,7.17183,11.84807,4.260e-04,0.682,0.017,19717
142,7.18287,11.84807,4.290e-04,1.453,0.043,20029
143,7.17324,11.84807,4.320e-04,0.719,0.020,20047
144,7.24268,11.84807,4.350e-04,0.662,0.018,20064
145,7.10849,11.84807,4.380e-04,0.752,0.020,19997
146,6.99135,11.84807,4.410e-04,0.792,0.020,20035
147,7.12751,11.84807,4.440e-04,0.661,0.018,20057
148,7.05550,11.84807,4.470e-04,1.579,0.042,20045
149,6.99153,11.84807,4.500e-04,0.836,0.022,19996
150,7.09031,11.84807,4.530e-04,0.801,0.019,20096
151,7.22327,11.84807,4.560e-04,0.811,0.025,20077
152,7.07512,11.84807,4.590e-04,1.105,0.032,20031
153,7.08088,11.84807,4.620e-04,0.800,0.022,20018
154,7.04478,11.84807,4.650e-04,0.738,0.020,20062
155,6.95863,11.84807,4.680e-04,0.677,0.015,20055
156,7.06442,11.84807,4.710e-04,0.797,0.020,20009
157,7.07193,11.84807,4.740e-04,0.769,0.019,20022
158,6.97366,11.84807,4.770e-04,0.683,0.014,20055
159,7.11481,11.84807,4.800e-04,0.710,0.016,20056
160,7.00800,11.84807,4.830e-04,0.835,0.023,19996
161,7.05548,11.84807,4.860e-04,0.709,0.015,19659
162,6.99129,11.84807,4.890e-04,0.842,0.020,20096
163,6.92502,11.84807,4.920e-04,0.625,0.013,20047
164,6.97845,11.84807,4.950e-04,0.855,0.027,20033
165,6.91915,11.84807,4.980e-04,0.658,0.014,20053
166,6.91459,11.84807,5.010e-04,0.703,0.019,20067
167,7.01139,11.84807,5.040e-04,0.496,0.010,19985
168,6.88262,11.84807,5.070e-04,0.610,0.014,20041
169,7.08255,11.84807,5.100e-04,0.713,0.015,20064
170,6.91302,11.84807,5.130e-04,0.724,0.015,20064
171,6.77240,11.84807,5.160e-04,0.516,0.011,19997
172,7.05638,11.84807,5.190e-04,0.631,0.013,20050
173,6.93053,11.84807,5.220e-04,0.819,0.015,20057
174,7.01272,11.84807,5.250e-04,0.689,0.015,20045
175,6.89921,11.84807,5.280e-04,0.839,0.022,20038
176,6.87713,11.84807,5.310e-04,0.776,0.017,20074
177,6.90052,11.84807,5.340e-04,0.827,0.024,20051
178,6.76099,11.84807,5.370e-04,0.612,0.014,20014
179,6.81277,11.84807,5.400e-04,0.692,0.019,20031
180,6.71303,11.84807,5.430e-04,0.569,0.014,20049
181,6.76535,11.84807,5.460e-04,0.551,0.012,19722
182,6.74211,11.84807,5.490e-04,1.046,0.027,20006
183,6.70236,11.84807,5.520e-04,0.800,0.021,20058
184,6.70227,11.84807,5.550e-04,0.635,0.014,20058
185,6.76224,11.84807,5.580e-04,0.581,0.016,20027
186,6.65140,11.84807,5.610e-04,0.744,0.023,20047
187,6.74816,11.84807,5.640e-04,0.562,0.013,20085
188,6.89910,11.84807,5.670e-04,0.724,0.018,20056
189,6.69388,11.84807,5.700e-04,0.622,0.017,20007
190,6.76555,11.84807,5.730e-04,0.639,0.016,20043
191,6.64273,11.84807,5.760e-04,0.789,0.024,20053
192,6.88068,11.84807,5.790e-04,0.627,0.016,20059
193,6.58665,11.84807,5.820e-04,0.635,0.016,19979
194,6.80987,11.84807,5.850e-04,0.726,0.021,20074
195,6.68160,11.84807,5.880e-04,0.582,0.016,20057
196,6.70470,11.84807,5.910e-04,0.642,0.016,20032
197,6.67459,11.84807,5.940e-04,0.583,0.013,20011
198,6.63474,11.84807,5.970e-04,0.631,0.018,20086
199,6.63382,11.84807,6.000e-04,0.542,0.013,20087
200,6.65709,11.84807,6.000e-04,0.663,0.018,20020
201,6.75257,11.84807,6.000e-04,0.574,0.014,19706
202,6.57035,11.84807,6.000e-04,0.532,0.013,20060
203,6.65702,11.84807,6.000e-04,0.598,0.016,20039
204,6.51937,11.84807,6.000e-04,0.608,0.015,20000
205,6.65466,11.84807,6.000e-04,0.628,0.014,20055
206,6.64256,11.84807,6.000e-04,0.673,0.016,20058
207,6.47726,11.84807,6.000e-04,0.523,0.013,20038
208,6.54691,11.84807,6.000e-04,0.691,0.017,20016
209,6.59828,11.84807,6.000e-04,0.525,0.011,20077
210,6.50901,11.84807,6.000e-04,0.588,0.016,20088
211,6.47644,11.84807,6.000e-04,0.524,0.012,20026
212,6.55791,11.84807,6.000e-04,0.644,0.018,20035
213,6.43993,11.84807,6.000e-04,0.723,0.024,20062
214,6.50119,11.84807,6.000e-04,0.728,0.022,20055
215,6.61259,11.84807,6.000e-04,0.632,0.019,20003
216,6.52084,11.84807,6.000e-04,0.717,0.023,20055
217,6.43436,11.84807,6.000e-04,0.738,0.021,20051
218,6.56915,11.84807,5.999e-04,0.687,0.019,20036
219,6.53777,11.84807,5.999e-04,0.706,0.019,20014
220,6.47122,11.84807,5.999e-04,0.506,0.013,20058
221,6.52350,11.84807,5.999e-04,0.595,0.015,19710
222,6.47457,11.84807,5.999e-04,0.566,0.015,20021
223,6.45902,11.84807,5.999e-04,0.663,0.018,20071
224,6.42688,11.84807,5.999e-04,0.654,0.018,20054
225,6.38930,11.84807,5.999e-04,0.612,0.019,20034
226,6.47988,11.84807,5.999e-04,0.742,0.023,20003
227,6.39434,11.84807,5.999e-04,0.619,0.021,20051
228,6.33231,11.84807,5.999e-04,0.586,0.016,20056
229,6.48997,11.84807,5.999e-04,0.629,0.016,20013
230,6.34214,11.84807,5.998e-04,0.645,0.019,20005
231,6.36865,11.84807,5.998e-04,0.512,0.012,20063
232,6.53795,11.84807,5.998e-04,0.573,0.015,20065
233,6.55299,11.84807,5.998e-04,0.650,0.018,20019
234,6.36518,11.84807,5.998e-04,0.763,0.024,20070
235,6.47076,11.84807,5.998e-04,0.641,0.021,20084
236,6.30972,11.84807,5.998e-04,0.681,0.023,20030
237,6.45365,11.84807,5.998e-04,0.642,0.020,19993
238,6.53568,11.84807,5.998e-04,0.698,0.021,20070
239,6.38807,11.84807,5.997e-04,0.661,0.020,20064
240,6.32215,11.84807,5.997e-04,0.595,0.019,20039
241,6.35375,11.84807,5.997e-04,0.585,0.019,19689
242,6.44840,11.84807,5.997e-04,0.621,0.018,20052
243,6.35556,11.84807,5.997e-04,0.599,0.018,20048
244,6.44486,11.84807,5.997e-04,0.546,0.016,19999
245,6.58918,11.84807,5.997e-04,0.605,0.014,20061
246,6.32069,11.84807,5.996e-04,0.619,0.017,20069
247,6.25372,11.84807,5.996e-04,0.730,0.017,20062
248,6.24714,11.84807,5.996e-04,0.547,0.015,19992
249,6.29213,11.84807,5.996e-04,0.601,0.017,20063
250,6.31429,6.28524,5.996e-04,0.569,0.016,6270
251,6.41782,6.28524,5.996e-04,0.601,0.016,20023
252,6.30142,6.28524,5.995e-04,0.544,0.017,20056
253,6.33043,6.28524,5.995e-04,0.552,0.017,20054
254,6.32147,6.28524,5.995e-04,0.581,0.016,20031
255,6.32865,6.28524,5.995e-04,0.578,0.014,20039
256,6.37139,6.28524,5.995e-04,0.577,0.016,20097
257,6.27269,6.28524,5.994e-04,0.595,0.017,20067
258,6.33587,6.28524,5.994e-04,0.468,0.010,20012
259,6.32315,6.28524,5.994e-04,0.602,0.017,20043
260,6.50667,6.28524,5.994e-04,0.593,0.015,20056
261,6.49840,6.28524,5.994e-04,0.717,0.017,19755
262,6.41036,6.28524,5.993e-04,0.656,0.019,20005
263,6.28580,6.28524,5.993e-04,0.560,0.016,20050
264,6.16172,6.28524,5.993e-04,0.644,0.021,20047
265,6.31198,6.28524,5.993e-04,0.560,0.014,20017
266,6.25570,6.28524,5.993e-04,0.635,0.018,19996
267,6.32716,6.28524,5.992e-04,0.563,0.015,20081
268,6.26001,6.28524,5.992e-04,0.692,0.017,20097
269,6.30884,6.28524,5.992e-04,0.860,0.020,20013
270,6.40813,6.28524,5.992e-04,0.566,0.015,20032
271,6.48043,6.28524,5.991e-04,1.065,0.023,20050
272,6.48326,6.28524,5.991e-04,0.720,0.020,20035
273,6.36291,6.28524,5.991e-04,0.594,0.016,20000
274,6.15970,6.28524,5.991e-04,0.684,0.020,20052
275,6.46876,6.28524,5.990e-04,0.560,0.016,20052
276,6.09687,6.28524,5.990e-04,0.666,0.027,20023
277,6.23712,6.28524,5.990e-04,0.599,0.018,20020
278,6.15017,6.28524,5.990e-04,0.658,0.022,20049
279,6.15296,6.28524,5.989e-04,0.601,0.020,20062
280,6.19857,6.28524,5.989e-04,0.613,0.018,20040
281,6.28971,6.28524,5.989e-04,0.641,0.021,19690
282,6.12321,6.28524,5.989e-04,0.609,0.020,20069
283,6.23605,6.28524,5.988e-04,0.606,0.017,20039
284,6.25338,6.28524,5.988e-04,0.693,0.019,19995
285,6.10012,6.28524,5.988e-04,0.574,0.018,20065
286,6.15370,6.28524,5.987e-04,0.573,0.018,20059
287,6.24301,6.28524,5.987e-04,0.633,0.018,20009
288,6.23529,6.28524,5.987e-04,0.669,0.019,20012
289,6.26155,6.28524,5.987e-04,0.525,0.015,20063
290,6.17110,6.28524,5.986e-04,0.586,0.018,20071
291,6.39715,6.28524,5.986e-04,0.567,0.013,20043
292,6.03534,6.28524,5.986e-04,0.610,0.018,20057
293,6.23911,6.28524,5.985e-04,0.614,0.019,20078
294,6.03675,6.28524,5.985e-04,0.626,0.021,20048
295,6.23979,6.28524,5.985e-04,0.644,0.017,19986
296,6.25093,6.28524,5.984e-04,0.638,0.018,20063
297,6.37093,6.28524,5.984e-04,0.544,0.014,20034
298,6.20853,6.28524,5.984e-04,0.611,0.018,20031
299,6.16342,6.28524,5.983e-04,0.589,0.018,20018
300,5.97568,6.28524,5.983e-04,0.570,0.016,20043
301,6.25115,6.28524,5.983e-04,0.536,0.014,19712
302,6.18011,6.28524,5.982e-04,0.595,0.017,20005
303,6.04026,6.28524,5.982e-04,0.593,0.017,20080
304,6.21110,6.28524,5.982e-04,0.684,0.019,20091
305,6.18929,6.28524,5.981e-04,0.616,0.018,20048
306,6.17529,6.28524,5.981e-04,0.612,0.017,19996
307,6.19986,6.28524,5.981e-04,0.553,0.015,20069
308,6.23379,6.28524,5.980e-04,0.560,0.015,20054
309,6.09715,6.28524,5.980e-04,0.655,0.015,20030
310,6.13293,6.28524,5.979e-04,0.647,0.019,20025
311,6.19195,6.28524,5.979e-04,0.619,0.020,20067
312,6.04601,6.28524,5.979e-04,0.580,0.017,20061
313,6.15453,6.28524,5.978e-04,0.565,0.018,20008
314,6.28925,6.28524,5.978e-04,0.624,0.015,20027
315,6.05546,6.28524,5.978e-04,0.619,0.019,20079
316,6.11515,6.28524,5.977e-04,0.605,0.015,20071
317,5.91320,6.28524,5.977e-04,0.568,0.016,19997
318,6.12629,6.28524,5.976e-04,0.556,0.014,20061
319,6.08091,6.28524,5.976e-04,0.619,0.021,20053
320,6.24800,6.28524,5.976e-04,0.547,0.015,20032
321,6.02065,6.28524,5.975e-04,0.521,0.013,19731
322,5.99665,6.28524,5.975e-04,0.677,0.019,20049
323,6.14888,6.28524,5.974e-04,0.531,0.013,20050
324,6.10389,6.28524,5.974e-04,0.567,0.015,19993
325,6.30719,6.28524,5.973e-04,0.567,0.013,20045
326,6.12100,6.28524,5.973e-04,0.548,0.015,20066
327,6.04189,6.28524,5.973e-04,0.554,0.015,20078
328,6.24346,6.28524,5.972e-04,0.618,0.013,20027
329,5.89260,6.28524,5.972e-04,0.542,0.014,20065
330,6.02683,6.28524,5.971e-04,0.647,0.017,20050
331,6.21208,6.28524,5.971e-04,0.571,0.015,20013
332,6.12553,6.28524,5.970e-04,0.645,0.020,20014
333,6.05854,6.28524,5.970e-04,0.624,0.018,20061
334,6.06816,6.28524,5.970e-04,0.606,0.021,20054
335,6.02713,6.28524,5.969e-04,0.586,0.016,20016
336,6.01721,6.28524,5.969e-04,0.603,0.015,20029
337,5.99415,6.28524,5.968e-04,0.621,0.020,20059
338,5.94564,6.28524,5.968e-04,0.591,0.015,20062
339,5.90209,6.28524,5.967e-04,0.580,0.015,20027
340,6.10897,6.28524,5.967e-04,0.527,0.015,20084
341,6.05124,6.28524,5.966e-04,0.614,0.017,19724
342,6.12166,6.28524,5.966e-04,0.542,0.012,20020
343,5.97049,6.28524,5.965e-04,0.591,0.017,20003
344,6.15594,6.28524,5.965e-04,0.557,0.016,20057
345,6.18215,6.28524,5.964e-04,0.578,0.015,20046
346,5.78675,6.28524,5.964e-04,0.585,0.017,19992
347,6.06776,6.28524,5.963e-04,0.598,0.015,20042
348,6.32385,6.28524,5.963e-04,0.641,0.016,20052
349,6.18012,6.28524,5.962e-04,0.577,0.014,20056
350,5.91060,6.28524,5.962e-04,0.555,0.013,20009
351,5.85077,6.28524,5.961e-04,0.602,0.018,20084
352,6.00782,6.28524,5.961e-04,0.612,0.016,20073
353,6.00569,6.28524,5.960e-04,0.557,0.015,20019
354,6.10040,6.28524,5.960e-04,0.587,0.015,20005
355,6.01117,6.28524,5.959e-04,0.599,0.016,20051
356,6.20176,6.28524,5.959e-04,0.579,0.017,20052
357,6.01067,6.28524,5.958e-04,0.603,0.015,20017
358,6.10163,6.28524,5.958e-04,0.722,0.021,20028
359,6.13990,6.28524,5.957e-04,0.614,0.018,20062
360,5.94073,6.28524,5.957e-04,0.617,0.017,20053
361,6.03778,6.28524,5.956e-04,0.520,0.014,19694
362,5.98079,6.28524,5.956e-04,0.578,0.019,20063
363,6.04885,6.28524,5.955e-04,0.617,0.016,20076
364,6.19973,6.28524,5.954e-04,0.601,0.020,20021
365,6.03364,6.28524,5.954e-04,0.633,0.020,20025
366,6.03839,6.28524,5.953e-04,0.547,0.013,20058
367,6.02881,6.28524,5.953e-04,0.665,0.021,20062
368,6.10590,6.28524,5.952e-04,0.589,0.015,19996
369,6.07904,6.28524,5.952e-04,0.559,0.015,20050
370,5.97034,6.28524,5.951e-04,0.598,0.014,20055
371,5.82188,6.28524,5.950e-04,0.564,0.016,20042
372,6.05675,6.28524,5.950e-04,0.517,0.012,19990
373,6.10319,6.28524,5.949e-04,0.556,0.014,20057
374,6.07937,6.28524,5.949e-04,0.549,0.014,20078
375,5.87929,6.28524,5.948e-04,0.566,0.016,20042
376,6.03260,6.28524,5.948e-04,0.551,0.014,20028
377,5.98681,6.28524,5.947e-04,0.532,0.014,20056
378,6.00419,6.28524,5.946e-04,0.541,0.013,20058
379,6.01811,6.28524,5.946e-04,0.608,0.017,20011
380,5.98460,6.28524,5.945e-04,0.615,0.016,20030
381,5.94537,6.28524,5.945e-04,0.519,0.012,19695
382,5.96080,6.28524,5.944e-04,0.588,0.015,20050
383,6.02403,6.28524,5.943e-04,0.579,0.016,19999
384,6.00674,6.28524,5.943e-04,0.532,0.014,20073
385,5.81025,6.28524,5.942e-04,0.549,0.014,19827
386,5.86254,6.28524,5.941e-04,0.580,0.015,19826
387,5.73161,6.28524,5.941e-04,0.567,0.015,19837
388,5.99785,6.28524,5.940e-04,0.532,0.014,19877
389,5.96644,6.28524,5.940e-04,0.704,0.017,19795
390,5.96680,6.28524,5.939e-04,0.649,0.017,19839
391,5.81899,6.28524,5.938e-04,0.720,0.022,20050
392,6.06464,6.28524,5.938e-04,0.595,0.016,20065
393,5.86903,6.28524,5.937e-04,0.620,0.018,20007
394,5.90474,6.28524,5.936e-04,0.627,0.015,20049
395,6.01041,6.28524,5.936e-04,0.664,0.021,20055
396,6.05644,6.28524,5.935e-04,0.538,0.014,20056
397,5.99110,6.28524,5.934e-04,0.618,0.018,19996
398,5.97633,6.28524,5.934e-04,0.591,0.015,20085
399,5.80628,6.28524,5.933e-04,0.638,0.021,20087
400,5.78324,6.28524,5.932e-04,0.637,0.017,20031
401,5.94358,6.28524,5.932e-04,0.588,0.017,19716
402,6.06710,6.28524,5.931e-04,0.719,0.020,20038
403,6.02698,6.28524,5.930e-04,0.617,0.018,20053
404,5.76560,6.28524,5.930e-04,0.680,0.021,19977
405,5.90514,6.28524,5.929e-04,0.573,0.015,20059
406,5.88016,6.28524,5.928e-04,0.630,0.018,20036
407,5.80535,6.28524,5.928e-04,0.627,0.020,20051
408,5.69324,6.28524,5.927e-04,0.585,0.016,20009
409,6.00564,6.28524,5.926e-04,0.642,0.019,20053
410,5.76147,6.28524,5.925e-04,0.543,0.015,20087
411,5.97282,6.28524,5.925e-04,0.571,0.016,20033
412,5.91116,6.28524,5.924e-04,0.562,0.015,20025
413,5.87542,6.28524,5.923e-04,0.641,0.018,20065
414,5.92858,6.28524,5.923e-04,0.600,0.018,20065
415,5.80990,6.28524,5.922e-04,0.627,0.019,20005
416,5.87587,6.28524,5.921e-04,0.601,0.018,20038
417,5.76537,6.28524,5.920e-04,0.588,0.016,20054
418,5.81007,6.28524,5.920e-04,0.603,0.016,20043
419,5.94942,6.28524,5.919e-04,0.569,0.013,19997
420,6.09538,6.28524,5.918e-04,0.671,0.018,20063
421,6.05983,6.28524,5.917e-04,0.646,0.018,19714
422,5.71019,6.28524,5.917e-04,0.691,0.020,20045
423,5.83393,6.28524,5.916e-04,0.611,0.016,20059
424,5.87767,6.28524,5.915e-04,0.678,0.020,20065
425,5.91966,6.28524,5.914e-04,0.784,0.017,20045
426,5.70318,6.28524,5.914e-04,0.622,0.018,19969
427,5.94042,6.28524,5.913e-04,0.616,0.016,20059
428,5.77607,6.28524,5.912e-04,0.641,0.016,20055
429,5.80518,6.28524,5.911e-04,0.594,0.016,20043
430,6.09089,6.28524,5.911e-04,0.621,0.019,19999
431,5.69706,6.28524,5.910e-04,0.584,0.016,20055
432,5.88565,6.28524,5.909e-04,0.639,0.018,20071
433,6.20980,6.28524,5.908e-04,0.565,0.014,20028
434,5.84794,6.28524,5.907e-04,0.582,0.017,20049
435,5.71282,6.28524,5.907e-04,0.577,0.017,20083
436,5.80037,6.28524,5.906e-04,0.580,0.016,20075
437,5.81389,6.28524,5.905e-04,0.563,0.018,20000
438,5.86277,6.28524,5.904e-04,0.557,0.015,20036
439,5.96406,6.28524,5.904e-04,0.588,0.016,20061
440,5.87150,6.28524,5.903e-04,0.643,0.017,20041
441,6.04042,6.28524,5.902e-04,0.670,0.015,19718
442,5.80131,6.28524,5.901e-04,0.588,0.019,20045
443,5.66355,6.28524,5.900e-04,0.550,0.015,20059
444,5.77801,6.28524,5.899e-04,0.568,0.015,20023
445,5.90448,6.28524,5.899e-04,0.659,0.016,20021
446,5.88255,6.28524,5.898e-04,0.581,0.017,20072
447,5.76704,6.28524,5.897e-04,0.621,0.017,20082
448,6.07913,6.28524,5.896e-04,0.610,0.016,19991
449,5.70947,6.28524,5.895e-04,0.626,0.016,20032
450,5.79591,6.28524,5.894e-04,0.583,0.016,20063
451,5.99415,6.28524,5.894e-04,0.672,0.018,20046
452,5.78668,6.28524,5.893e-04,0.692,0.020,19999
453,5.75112,6.28524,5.892e-04,0.613,0.018,20041
454,5.75128,6.28524,5.891e-04,0.547,0.014,20049
455,5.71979,6.28524,5.890e-04,0.596,0.019,20028
456,5.76949,6.28524,5.889e-04,0.565,0.014,20032
457,5.59331,6.28524,5.889e-04,0.568,0.016,20058
458,5.75243,6.28524,5.888e-04,0.598,0.015,20083
459,5.61398,6.28524,5.887e-04,0.613,0.022,20021
460,5.58948,6.28524,5.886e-04,0.546,0.015,20035
461,5.78090,6.28524,5.885e-04,0.555,0.014,19709
462,5.83865,6.28524,5.884e-04,0.569,0.016,20027
463,6.03335,6.28524,5.883e-04,0.563,0.014,20006
464,5.90900,6.28524,5.882e-04,0.576,0.018,20054
465,5.81620,6.28524,5.882e-04,0.632,0.017,20073
466,5.79284,6.28524,5.881e-04,0.531,0.015,20009
467,5.62166,6.28524,5.880e-04,0.623,0.018,20021
468,5.86719,6.28524,5.879e-04,0.578,0.015,20062
469,5.89376,6.28524,5.878e-04,0.557,0.014,20059
470,5.90465,6.28524,5.877e-04,0.575,0.017,20026
471,5.70320,6.28524,5.876e-04,0.593,0.014,20074
472,5.83690,6.28524,5.875e-04,0.574,0.016,20062
473,5.72054,6.28524,5.874e-04,0.579,0.017,20047
474,5.79734,6.28524,5.873e-04,0.560,0.014,20000
475,5.73838,6.28524,5.872e-04,0.609,0.016,20050
476,5.72006,6.28524,5.872e-04,0.589,0.016,20052
477,5.67187,6.28524,5.871e-04,0.573,0.015,20024
478,5.78712,6.28524,5.870e-04,0.604,0.016,20029
479,5.81945,6.28524,5.869e-04,0.586,0.016,20060
480,5.81927,6.28524,5.868e-04,0.705,0.023,20052
481,5.82816,6.28524,5.867e-04,0.589,0.015,19732
482,5.59176,6.28524,5.866e-04,0.624,0.018,20073
483,5.63971,6.28524,5.865e-04,0.565,0.016,20093
484,5.78941,6.28524,5.864e-04,0.597,0.015,20045
485,5.86061,6.28524,5.863e-04,0.609,0.017,19991
486,5.71892,6.28524,5.862e-04,0.604,0.016,20058
487,5.85577,6.28524,5.861e-04,0.632,0.017,20056
488,5.57687,6.28524,5.860e-04,0.571,0.016,20028
489,5.77657,6.28524,5.859e-04,0.592,0.017,20012
490,5.62876,6.28524,5.858e-04,0.609,0.016,20039
491,5.78399,6.28524,5.857e-04,0.696,0.021,20047
492,5.77756,6.28524,5.856e-04,0.614,0.018,19987
493,5.79335,6.28524,5.855e-04,0.633,0.018,20056
494,5.69442,6.28524,5.854e-04,0.588,0.015,20076
495,5.70884,6.28524,5.853e-04,0.602,0.016,20068
496,5.64570,6.28524,5.852e-04,0.577,0.015,19982
497,5.53654,6.28524,5.851e-04,0.603,0.015,20061
498,5.78230,6.28524,5.850e-04,0.557,0.014,20055
499,5.84731,6.28524,5.849e-04,0.553,0.013,20023
500,5.67001,5.64850,5.848e-04,0.613,0.016,6231
501,5.64569,5.64850,5.847e-04,0.524,0.015,20021
502,5.73258,5.64850,5.846e-04,0.594,0.018,20015
503,5.81316,5.64850,5.845e-04,0.592,0.014,20030
504,5.67803,5.64850,5.844e-04,0.653,0.022,20092
505,5.85696,5.64850,5.843e-04,0.522,0.014,20079
506,5.69165,5.64850,5.842e-04,0.577,0.015,19986
507,5.62318,5.64850,5.841e-04,0.578,0.016,20046
508,5.63057,5.64850,5.840e-04,0.541,0.013,20056
509,5.86937,5.64850,5.839e-04,0.592,0.015,20038
510,5.83936,5.64850,5.838e-04,0.538,0.013,19988
511,5.72033,5.64850,5.837e-04,0.583,0.015,20038
512,5.95703,5.64850,5.836e-04,0.576,0.016,20062
513,5.62595,5.64850,5.835e-04,0.638,0.019,19998
514,5.74632,5.64850,5.834e-04,0.543,0.013,20024
515,5.56360,5.64850,5.833e-04,0.593,0.017,20061
516,5.77075,5.64850,5.832e-04,0.551,0.014,20077
517,5.83072,5.64850,5.831e-04,0.599,0.016,20015
518,5.78944,5.64850,5.830e-04,0.604,0.014,20036
519,5.66680,5.64850,5.829e-04,0.570,0.014,20058
520,5.79322,5.64850,5.828e-04,0.547,0.013,20034
521,5.70656,5.64850,5.827e-04,0.534,0.014,19691
522,5.80185,5.64850,5.826e-04,0.622,0.016,20043
523,5.44554,5.64850,5.825e-04,0.605,0.018,20057
524,5.77226,5.64850,5.824e-04,0.607,0.017,20005
525,5.80607,5.64850,5.822e-04,0.588,0.016,20016
526,5.77750,5.64850,5.821e-04,0.626,0.019,20057
527,5.62286,5.64850,5.820e-04,0.588,0.019,20087
528,5.92060,5.64850,5.819e-04,0.642,0.016,20017
529,5.72467,5.64850,5.818e-04,0.590,0.017,20056
530,5.60658,5.64850,5.817e-04,0.608,0.019,20062
531,5.64524,5.64850,5.816e-04,0.682,0.023,20017
532,5.87395,5.64850,5.815e-04,0.597,0.016,20025
533,5.56782,5.64850,5.814e-04,0.583,0.019,20049
534,5.66683,5.64850,5.813e-04,0.585,0.019,20048
535,5.81353,5.64850,5.812e-04,0.590,0.015,20019
536,5.62103,5.64850,5.810e-04,0.572,0.013,20019
537,5.49266,5.64850,5.809e-04,0.625,0.018,20059
538,5.79662,5.64850,5.808e-04,0.573,0.015,20055
539,5.70431,5.64850,5.807e-04,0.581,0.014,20024
540,5.82237,5.64850,5.806e-04,0.576,0.013,20075
541,5.61750,5.64850,5.805e-04,0.581,0.015,19727
542,5.54095,5.64850,5.804e-04,0.579,0.015,20011
543,5.58298,5.64850,5.803e-04,0.582,0.014,20022
544,5.70090,5.64850,5.801e-04,0.609,0.015,20051
545,5.73726,5.64850,5.800e-04,0.630,0.018,20056
546,5.77469,5.64850,5.799e-04,0.567,0.014,20013
547,5.75988,5.64850,5.798e-04,0.553,0.014,20032
548,5.51921,5.64850,5.797e-04,0.559,0.014,20053
549,5.65842,5.64850,5.796e-04,0.591,0.017,20056
550,5.69009,5.64850,5.794e-04,0.569,0.014,19993
551,5.66530,5.64850,5.793e-04,0.536,0.015,20076
552,5.78139,5.64850,5.792e-04,0.556,0.014,20080
553,5.72948,5.64850,5.791e-04,0.568,0.017,20048
554,5.86826,5.64850,5.790e-04,0.606,0.015,20007
555,5.79994,5.64850,5.789e-04,0.639,0.019,20058
556,5.59264,5.64850,5.787e-04,0.578,0.016,20067
557,5.49324,5.64850,5.786e-04,0.543,0.018,20012
558,5.71159,5.64850,5.785e-04,0.616,0.022,20032
559,5.63572,5.64850,5.784e-04,0.602,0.018,20059
560,5.73083,5.64850,5.783e-04,0.602,0.018,20063
561,5.63518,5.64850,5.782e-04,0.598,0.015,19720
562,5.80015,5.64850,5.780e-04,0.633,0.018,20049
563,5.61874,5.64850,5.779e-04,0.561,0.014,20085
564,5.50011,5.64850,5.778e-04,0.595,0.019,20077
565,5.55387,5.64850,5.777e-04,0.558,0.014,20010
566,5.70672,5.64850,5.776e-04,0.626,0.019,20054
567,5.60494,5.64850,5.774e-04,0.612,0.019,20060
568,5.49773,5.64850,5.773e-04,0.546,0.014,20009
569,5.49729,5.64850,5.772e-04,0.559,0.014,20025
570,5.54012,5.64850,5.771e-04,0.525,0.015,20048
571,5.46518,5.64850,5.769e-04,0.565,0.016,20050
572,5.59465,5.64850,5.768e-04,0.530,0.012,19986
573,5.56100,5.64850,5.767e-04,0.611,0.018,20040
574,5.50617,5.64850,5.766e-04,0.641,0.017,20063
575,5.60976,5.64850,5.765e-04,0.629,0.016,20062
576,5.67449,5.64850,5.763e-04,0.630,0.018,20019
577,5.79537,5.64850,5.762e-04,0.701,0.021,20068
578,5.45914,5.64850,5.761e-04,0.635,0.018,20049
579,5.65931,5.64850,5.760e-04,0.666,0.020,19996
580,5.70710,5.64850,5.758e-04,0.558,0.014,20011
581,5.53083,5.64850,5.757e-04,0.600,0.017,19711
582,5.65410,5.64850,5.756e-04,0.567,0.015,20032
583,5.90171,5.64850,5.755e-04,0.598,0.016,19995
584,5.57823,5.64850,5.753e-04,0.614,0.018,20047
585,5.75808,5.64850,5.752e-04,0.597,0.017,20057
586,5.77192,5.64850,5.751e-04,0.624,0.017,20040
587,5.84273,5.64850,5.749e-04,0.555,0.013,20026
588,5.52320,5.64850,5.748e-04,0.582,0.013,20080
589,5.60912,5.64850,5.747e-04,0.578,0.017,20052
590,5.49031,5.64850,5.746e-04,0.607,0.018,20015
591,5.65920,5.64850,5.744e-04,0.626,0.018,20027
592,5.52179,5.64850,5.743e-04,0.578,0.014,20049
593,5.77310,5.64850,5.742e-04,0.603,0.018,20068
594,5.50785,5.64850,5.740e-04,0.572,0.014,19997
595,5.58585,5.64850,5.739e-04,0.638,0.020,20045
596,5.53521,5.64850,5.738e-04,0.638,0.017,20055
597,5.47519,5.64850,5.737e-04,0.677,0.020,20053
598,5.60457,5.64850,5.735e-04,0.599,0.019,20013
599,5.46257,5.64850,5.734e-04,0.577,0.016,20076
600,5.46543,5.64850,5.733e-04,0.631,0.018,20078
601,5.61833,5.64850,5.731e-04,0.598,0.015,19704
602,5.57840,5.64850,5.730e-04,0.626,0.017,20032
603,5.71379,5.64850,5.729e-04,0.613,0.016,20056
604,5.65803,5.64850,5.727e-04,0.614,0.017,20023
605,5.53357,5.64850,5.726e-04,0.597,0.016,19990
606,5.56880,5.64850,5.725e-04,0.711,0.017,20058
607,5.58332,5.64850,5.723e-04,0.657,0.016,20035
608,5.63413,5.64850,5.722e-04,0.610,0.019,20041
609,5.64730,5.64850,5.721e-04,0.570,0.017,19999
610,5.50860,5.64850,5.719e-04,0.532,0.014,20063
611,5.74869,5.64850,5.718e-04,0.583,0.016,20091
612,5.53614,5.64850,5.717e-04,0.573,0.016,20044
613,5.47750,5.64850,5.715e-04,0.564,0.015,20030
614,5.56140,5.64850,5.714e-04,0.554,0.016,20061
615,5.40827,5.64850,5.713e-04,0.611,0.018,20064
616,5.62932,5.64850,5.711e-04,0.566,0.015,19974
617,5.51089,5.64850,5.710e-04,0.562,0.015,20053
618,5.62782,5.64850,5.708e-04,0.581,0.016,19343
619,5.65562,5.64850,5.707e-04,0.538,0.012,19476
620,5.55773,5.64850,5.706e-04,0.569,0.016,19100
621,5.56259,5.64850,5.704e-04,0.575,0.016,19202
622,5.55886,5.64850,5.703e-04,0.558,0.016,19568
623,5.60516,5.64850,5.702e-04,0.598,0.018,19389
624,5.52972,5.64850,5.700e-04,0.610,0.017,19528
625,5.62364,5.64850,5.699e-04,0.582,0.017,19451
626,5.50192,5.64850,5.697e-04,0.588,0.016,19479
627,5.57783,5.64850,5.696e-04,0.577,0.014,19459
628,5.51747,5.64850,5.695e-04,0.550,0.013,19273
629,5.66941,5.64850,5.693e-04,0.556,0.013,19275
630,5.51483,5.64850,5.692e-04,0.563,0.015,19591
631,5.44360,5.64850,5.690e-04,0.625,0.016,19593
632,5.43820,5.64850,5.689e-04,0.587,0.015,19701
633,5.35318,5.64850,5.688e-04,0.565,0.015,19737
634,5.44614,5.64850,5.686e-04,0.581,0.016,19623
635,5.48311,5.64850,5.685e-04,0.529,0.014,19582
636,5.42628,5.64850,5.683e-04,0.571,0.017,19432
637,5.64520,5.64850,5.682e-04,0.573,0.015,19636
638,5.63423,5.64850,5.680e-04,0.657,0.016,19538
639,5.48859,5.64850,5.679e-04,0.603,0.014,19649
640,5.46937,5.64850,5.678e-04,0.608,0.018,19538
641,5.81597,5.64850,5.676e-04,0.601,0.014,19409
642,5.54459,5.64850,5.675e-04,0.575,0.017,19641
643,5.47574,5.64850,5.673e-04,0.558,0.015,19502
644,5.40451,5.64850,5.672e-04,0.543,0.013,19487
645,5.59544,5.64850,5.670e-04,0.592,0.015,19594
646,5.66300,5.64850,5.669e-04,0.603,0.019,19472
647,5.71766,5.64850,5.667e-04,0.573,0.015,19495
648,5.56830,5.64850,5.666e-04,0.578,0.018,19521
649,5.45734,5.64850,5.665e-04,0.596,0.017,19473
650,5.43897,5.64850,5.663e-04,0.608,0.015,19443
651,5.39398,5.64850,5.662e-04,0.565,0.016,19573
652,5.38990,5.64850,5.660e-04,0.570,0.016,19565
653,5.55261,5.64850,5.659e-04,0.584,0.016,19420
654,5.38147,5.64850,5.657e-04,0.600,0.017,19639
655,5.60798,5.64850,5.656e-04,0.592,0.015,19687
656,5.29556,5.64850,5.654e-04,0.622,0.016,19617
657,5.54009,5.64850,5.653e-04,0.592,0.017,19705
658,5.57493,5.64850,5.651e-04,0.610,0.015,19630
659,5.45940,5.64850,5.650e-04,0.610,0.015,19445
660,5.56704,5.64850,5.648e-04,0.583,0.015,19550
661,5.61165,5.64850,5.647e-04,0.582,0.013,19539
662,5.46121,5.64850,5.645e-04,0.561,0.016,19453
663,5.59633,5.64850,5.644e-04,0.574,0.015,19526
664,5.43954,5.64850,5.642e-04,0.536,0.013,19573
665,5.61302,5.64850,5.641e-04,0.588,0.015,19457
666,5.52324,5.64850,5.639e-04,0.603,0.015,19587
667,5.55871,5.64850,5.638e-04,0.630,0.015,19647
668,5.50768,5.64850,5.636e-04,0.641,0.017,19398
669,5.72276,5.64850,5.635e-04,0.571,0.015,19690
670,5.47115,5.64850,5.633e-04,0.567,0.015,19704
671,5.63555,5.64850,5.632e-04,0.591,0.017,19562
672,5.46050,5.64850,5.630e-04,0.559,0.013,19622
673,5.28330,5.64850,5.629e-04,0.645,0.018,19685
674,5.54948,5.64850,5.627e-04,0.559,0.017,19639
675,5.41193,5.64850,5.626e-04,0.600,0.015,19664
676,5.51100,5.64850,5.624e-04,0.615,0.017,19683
677,5.47961,5.64850,5.622e-04,0.579,0.013,19594
678,5.61738,5.64850,5.621e-04,0.598,0.017,19687
679,5.62134,5.64850,5.619e-04,0.645,0.014,19705
680,5.57918,5.64850,5.618e-04,0.681,0.024,19583
681,5.49307,5.64850,5.616e-04,0.586,0.016,19478
682,5.36064,5.64850,5.615e-04,0.652,0.021,19711
683,5.59295,5.64850,5.613e-04,0.574,0.017,19607
684,5.55316,5.64850,5.612e-04,0.649,0.019,19683
685,5.53366,5.64850,5.610e-04,0.575,0.019,19697
686,5.41281,5.64850,5.608e-04,0.640,0.019,19601
687,5.33667,5.64850,5.607e-04,0.668,0.019,19695
688,5.41056,5.64850,5.605e-04,0.745,0.024,19686
689,5.52203,5.64850,5.604e-04,0.618,0.016,19594
690,5.55143,5.64850,5.602e-04,0.652,0.020,19672
691,5.56007,5.64850,5.601e-04,0.623,0.017,19686
692,5.35816,5.64850,5.599e-04,0.587,0.015,19588
693,5.42746,5.64850,5.597e-04,0.669,0.018,19680
694,5.47560,5.64850,5.596e-04,0.550,0.014,19689
695,5.54386,5.64850,5.594e-04,0.567,0.017,19602
696,5.52093,5.64850,5.593e-04,0.600,0.018,19663
697,5.39067,5.64850,5.591e-04,0.557,0.015,19682
698,5.38672,5.64850,5.589e-04,0.680,0.019,19600
699,5.48741,5.64850,5.588e-04,0.569,0.015,19663
700,5.61791,5.64850,5.586e-04,0.576,0.014,19675
701,5.34142,5.64850,5.585e-04,0.596,0.016,19437
702,5.46275,5.64850,5.583e-04,0.600,0.014,19665
703,5.44836,5.64850,5.581e-04,0.615,0.015,19700
704,5.56587,5.64850,5.580e-04,0.611,0.016,19600
705,5.41299,5.64850,5.578e-04,0.641,0.021,19654
706,5.55483,5.64850,5.576e-04,0.575,0.015,19683
707,5.33905,5.64850,5.575e-04,0.608,0.018,19603
708,5.62653,5.64850,5.573e-04,0.570,0.016,19671
709,5.55523,5.64850,5.572e-04,0.639,0.017,19688
710,5.59385,5.64850,5.570e-04,0.578,0.014,19633
711,5.68288,5.64850,5.568e-04,0.654,0.020,19659
712,5.39800,5.64850,5.567e-04,0.568,0.016,19691
713,5.65623,5.64850,5.565e-04,0.780,0.025,19633
714,5.37600,5.64850,5.563e-04,0.657,0.016,19675
715,5.37565,5.64850,5.562e-04,0.595,0.018,19717
716,5.55933,5.64850,5.560e-04,0.700,0.020,19610
717,5.50384,5.64850,5.558e-04,0.606,0.016,19661
718,5.56212,5.64850,5.557e-04,0.614,0.016,19699
719,5.27832,5.64850,5.555e-04,0.624,0.020,19607
720,5.53366,5.64850,5.553e-04,0.577,0.016,19669
721,5.60468,5.64850,5.552e-04,0.647,0.020,19538
722,5.53554,5.64850,5.550e-04,0.631,0.017,19635
723,5.34224,5.64850,5.548e-04,0.638,0.020,19650
724,5.43786,5.64850,5.547e-04,0.586,0.016,19687
725,5.49935,5.64850,5.545e-04,0.570,0.017,19613
726,5.31818,5.64850,5.543e-04,0.581,0.016,19659
727,5.36277,5.64850,5.542e-04,0.576,0.015,19694
728,5.42120,5.64850,5.540e-04,0.601,0.015,19627
729,5.54377,5.64850,5.538e-04,0.653,0.019,19642
730,5.64854,5.64850,5.537e-04,0.656,0.021,19682
731,5.38451,5.64850,5.535e-04,0.644,0.018,19626
732,5.45039,5.64850,5.533e-04,0.594,0.016,19650
733,5.57862,5.64850,5.531e-04,0.626,0.016,19695
734,5.31289,5.64850,5.530e-04,0.621,0.018,19632
735,5.50734,5.64850,5.528e-04,0.604,0.017,19644
736,5.29818,5.64850,5.526e-04,0.582,0.015,19670
737,5.45523,5.64850,5.525e-04,0.614,0.017,19648
738,5.58072,5.64850,5.523e-04,0.620,0.017,19645
739,5.46722,5.64850,5.521e-04,0.608,0.015,19708
740,5.40020,5.64850,5.519e-04,0.589,0.015,19625
741,5.51191,5.64850,5.518e-04,0.634,0.015,19446
742,5.36245,5.64850,5.516e-04,0.561,0.014,19692
743,5.47615,5.64850,5.514e-04,0.587,0.015,19636
744,5.36966,5.64850,5.512e-04,0.584,0.017,19648
745,5.44948,5.64850,5.511e-04,0.594,0.016,19691
746,5.30181,5.64850,5.509e-04,0.591,0.016,19649
747,5.26175,5.64850,5.507e-04,0.571,0.015,19644
748,5.53447,5.64850,5.506e-04,0.551,0.014,19692
749,5.52027,5.64850,5.504e-04,0.598,0.017,19655
750,5.40404,5.32590,5.502e-04,0.622,0.015,6158
751,5.38273,5.32590,5.500e-04,0.581,0.015,19786
752,5.51463,5.32590,5.499e-04,0.603,0.018,19643
753,5.34618,5.32590,5.497e-04,0.570,0.015,19714
754,5.46385,5.32590,5.495e-04,0.556,0.013,19616
755,5.43382,5.32590,5.493e-04,0.585,0.015,19660
756,5.29026,5.32590,5.491e-04,0.575,0.015,19691
757,5.39273,5.32590,5.490e-04,0.584,0.016,19644
758,5.47325,5.32590,5.488e-04,0.560,0.016,19669
759,5.37747,5.32590,5.486e-04,0.603,0.015,19685
760,5.37259,5.32590,5.484e-04,0.575,0.015,19675
761,5.58460,5.32590,5.483e-04,0.604,0.016,19456
762,5.26221,5.32590,5.481e-04,0.585,0.017,19713
763,5.39851,5.32590,5.479e-04,0.593,0.016,19628
764,5.29675,5.32590,5.477e-04,0.567,0.013,19651
765,5.24214,5.32590,5.475e-04,0.624,0.017,19691
766,5.26132,5.32590,5.474e-04,0.597,0.015,19645
767,5.46359,5.32590,5.472e-04,0.575,0.017,19651
768,5.20356,5.32590,5.470e-04,0.579,0.016,19696
769,5.32425,5.32590,5.468e-04,0.569,0.015,19639
770,5.42826,5.32590,5.466e-04,0.598,0.016,19630
771,5.41471,5.32590,5.465e-04,0.566,0.015,19682
772,5.55262,5.32590,5.463e-04,0.581,0.015,19621
773,5.55183,5.32590,5.461e-04,0.572,0.014,19623
774,5.33172,5.32590,5.459e-04,0.602,0.016,19709
775,5.56188,5.32590,5.457e-04,0.604,0.016,19634
776,5.51121,5.32590,5.456e-04,0.569,0.014,19565
777,5.46338,5.32590,5.454e-04,0.578,0.015,19728
778,5.45595,5.32590,5.452e-04,0.648,0.020,19622
779,5.34289,5.32590,5.450e-04,0.586,0.016,19639
780,5.31811,5.32590,5.448e-04,0.610,0.018,19703
781,5.53449,5.32590,5.446e-04,0.546,0.014,19490
782,5.46528,5.32590,5.445e-04,0.590,0.015,19637
783,5.40955,5.32590,5.443e-04,0.555,0.015,19683
784,5.52975,5.32590,5.441e-04,0.601,0.015,19658
785,5.52204,5.32590,5.439e-04,0.572,0.014,19626
786,5.42433,5.32590,5.437e-04,0.593,0.019,19695
787,5.43359,5.32590,5.435e-04,0.567,0.014,19645
788,5.40534,5.32590,5.433e-04,0.584,0.016,19626
789,5.26487,5.32590,5.432e-04,0.626,0.019,19675
790,5.22182,5.32590,5.430e-04,0.596,0.017,19642
791,5.54541,5.32590,5.428e-04,0.577,0.015,19624
792,5.44798,5.32590,5.426e-04,0.580,0.017,19697
793,5.38314,5.32590,5.424e-04,0.594,0.016,19657
794,5.56037,5.32590,5.422e-04,0.606,0.015,19606
795,5.51730,5.32590,5.420e-04,0.584,0.019,19698
796,5.54314,5.32590,5.418e-04,0.574,0.014,19643
797,5.48643,5.32590,5.417e-04,0.566,0.014,19623
798,5.20081,5.32590,5.415e-04,0.603,0.018,19709
799,5.33160,5.32590,5.413e-04,0.560,0.017,19635
800,5.50840,5.32590,5.411e-04,0.632,0.019,19612
801,5.38003,5.32590,5.409e-04,0.620,0.018,19501
802,5.43258,5.32590,5.407e-04,0.591,0.015,19669
803,5.31489,5.32590,5.405e-04,0.599,0.019,19626
804,5.49183,5.32590,5.403e-04,0.636,0.019,19689
805,5.25300,5.32590,5.401e-04,0.625,0.018,19663
806,5.40360,5.32590,5.400e-04,0.577,0.015,19612
807,5.23978,5.32590,5.398e-04,0.605,0.016,19671
808,5.54540,5.32590,5.396e-04,0.602,0.015,19676
809,5.48518,5.32590,5.394e-04,0.625,0.017,19608
810,5.24266,5.32590,5.392e-04,0.638,0.017,19714
811,5.33255,5.32590,5.390e-04,0.579,0.014,19657
812,5.33715,5.32590,5.388e-04,0.630,0.016,19619
813,5.35448,5.32590,5.386e-04,0.587,0.016,19682
814,5.16454,5.32590,5.384e-04,0.566,0.014,19673
815,5.28236,5.32590,5.382e-04,0.612,0.018,19615
816,5.57083,5.32590,5.380e-04,0.553,0.013,19682
817,5.44198,5.32590,5.378e-04,0.586,0.015,19679
818,5.27915,5.32590,5.377e-04,0.578,0.015,19611
819,5.47643,5.32590,5.375e-04,0.594,0.016,19698
820,5.36989,5.32590,5.373e-04,0.559,0.014,19667
821,5.31498,5.32590,5.371e-04,0.594,0.017,19475
822,5.44142,5.32590,5.369e-04,0.556,0.014,19703
823,5.52394,5.32590,5.367e-04,0.627,0.016,19671
824,5.49203,5.32590,5.365e-04,0.607,0.018,19619
825,5.30445,5.32590,5.363e-04,0.578,0.014,19675
826,5.17123,5.32590,5.361e-04,0.680,0.026,19655
827,5.10906,5.32590,5.359e-04,0.576,0.014,19613
828,5.30411,5.32590,5.357e-04,0.588,0.017,19689
829,5.33954,5.32590,5.355e-04,0.601,0.018,19674
830,5.34205,5.32590,5.353e-04,0.579,0.016,19601
831,5.29115,5.32590,5.351e-04,0.582,0.016,19692
832,5.31315,5.32590,5.349e-04,0.586,0.017,19661
833,5.49003,5.32590,5.347e-04,0.608,0.014,19616
834,5.30478,5.32590,5.345e-04,0.630,0.018,19674
835,5.14803,5.32590,5.343e-04,0.613,0.018,19671
836,5.25353,5.32590,5.341e-04,0.589,0.014,19607
837,5.36481,5.32590,5.339e-04,0.666,0.017,19697
838,5.35803,5.32590,5.337e-04,0.616,0.015,19657
839,5.27067,5.32590,5.335e-04,0.604,0.018,19594
840,5.26610,5.32590,5.333e-04,0.566,0.015,19681
841,5.19792,5.32590,5.331e-04,0.603,0.015,19524
842,5.47363,5.32590,5.329e-04,0.607,0.015,19599
843,5.34868,5.32590,5.327e-04,0.592,0.016,19672
844,5.27399,5.32590,5.325e-04,0.594,0.017,19670
845,5.46559,5.32590,5.323e-04,0.605,0.014,19605
846,5.42475,5.32590,5.321e-04,0.618,0.018,19688
847,5.38056,5.32590,5.319e-04,0.624,0.019,19685
848,5.33195,5.32590,5.317e-04,0.582,0.015,19587
849,5.27464,5.32590,5.315e-04,0.619,0.019,19697
850,5.46989,5.32590,5.313e-04,0.622,0.018,19674
851,5.49739,5.32590,5.311e-04,0.691,0.019,19598
852,5.31640,5.32590,5.309e-04,0.603,0.017,19691
853,5.44438,5.32590,5.307e-04,0.667,0.019,19677
854,5.46965,5.32590,5.305e-04,0.589,0.014,19583
855,5.27045,5.32590,5.303e-04,0.701,0.020,19685
856,5.19642,5.32590,5.301e-04,0.660,0.019,19709
857,5.33256,5.32590,5.299e-04,0.686,0.022,19587
858,5.27430,5.32590,5.297e-04,0.684,0.019,19710
859,5.39338,5.32590,5.295e-04,0.616,0.017,19677
860,5.32795,5.32590,5.293e-04,0.581,0.015,19591
861,5.38740,5.32590,5.291e-04,0.592,0.016,19471
862,5.47789,5.32590,5.289e-04,0.639,0.019,19700
863,5.29615,5.32590,5.287e-04,0.621,0.015,19603
864,5.21886,5.32590,5.285e-04,0.579,0.016,19693
865,5.40559,5.32590,5.283e-04,0.625,0.018,19687
866,5.30994,5.32590,5.281e-04,0.567,0.014,19588
867,5.36371,5.32590,5.279e-04,0.609,0.014,19682
868,5.50484,5.32590,5.276e-04,0.612,0.015,19692
869,5.39943,5.32590,5.274e-04,0.597,0.016,19596
870,5.40362,5.32590,5.272e-04,0.645,0.017,19694
871,5.40807,5.32590,5.270e-04,0.583,0.016,19707
872,5.29002,5.32590,5.268e-04,0.578,0.014,19565
873,5.29683,5.32590,5.266e-04,0.601,0.015,19691
874,5.36591,5.32590,5.264e-04,0.589,0.017,19696
875,5.30910,5.32590,5.262e-04,0.565,0.015,19579
876,5.30519,5.32590,5.260e-04,0.613,0.017,19709
877,5.31650,5.32590,5.258e-04,0.581,0.014,19688
878,5.41417,5.32590,5.256e-04,0.616,0.016,19550
879,5.29455,5.32590,5.254e-04,0.597,0.015,19687
880,5.31647,5.32590,5.252e-04,0.624,0.019,19691
881,5.28632,5.32590,5.249e-04,0.592,0.015,19460
882,5.21544,5.32590,5.247e-04,0.598,0.018,19684
883,5.15162,5.32590,5.245e-04,0.566,0.014,19670
884,5.38324,5.32590,5.243e-04,0.598,0.016,19576
885,4.98519,5.32590,5.241e-04,0.623,0.017,19702
886,5.41690,5.32590,5.239e-04,0.609,0.016,19681
887,5.19965,5.32590,5.237e-04,0.602,0.018,19576
888,5.17215,5.32590,5.235e-04,0.626,0.017,19690
889,5.29370,5.32590,5.233e-04,0.627,0.015,19690
890,5.28567,5.32590,5.230e-04,0.630,0.018,19575
891,5.00126,5.32590,5.228e-04,0.635,0.019,19673
892,5.32837,5.32590,5.226e-04,0.572,0.017,19726
893,5.13521,5.32590,5.224e-04,0.620,0.017,19573
894,5.22319,5.32590,5.222e-04,0.572,0.015,19702
895,5.12290,5.32590,5.220e-04,0.609,0.016,19696
896,5.37501,5.32590,5.218e-04,0.657,0.018,19587
897,5.22105,5.32590,5.216e-04,0.674,0.019,19711
898,5.08274,5.32590,5.213e-04,0.597,0.017,19686
899,5.37090,5.32590,5.211e-04,0.627,0.019,19591
900,5.43476,5.32590,5.209e-04,0.639,0.019,19706
901,5.28467,5.32590,5.207e-04,0.631,0.019,19539
902,5.42183,5.32590,5.205e-04,0.652,0.019,19568
903,5.42007,5.32590,5.203e-04,0.592,0.016,19707
904,5.25188,5.32590,5.201e-04,0.633,0.019,19689
905,5.22147,5.32590,5.198e-04,0.582,0.015,19580
906,5.09885,5.32590,5.196e-04,0.669,0.017,19709
907,5.30793,5.32590,5.194e-04,0.617,0.018,19691
908,5.18506,5.32590,5.192e-04,0.611,0.016,19597
909,5.26590,5.32590,5.190e-04,0.630,0.017,19688
910,5.48746,5.32590,5.188e-04,0.654,0.018,19696
911,5.45265,5.32590,5.185e-04,0.651,0.017,19588
912,5.30025,5.32590,5.183e-04,0.594,0.015,19676
913,5.36625,5.32590,5.181e-04,0.655,0.022,19696
914,5.29573,5.32590,5.179e-04,0.612,0.015,19585
915,5.21721,5.32590,5.177e-04,0.646,0.019,19686
916,5.30966,5.32590,5.175e-04,0.614,0.020,19677
917,5.06561,5.32590,5.172e-04,0.627,0.016,19575
918,5.44463,5.32590,5.170e-04,0.639,0.016,19681
919,5.19832,5.32590,5.168e-04,0.633,0.019,19711
920,5.33433,5.32590,5.166e-04,0.637,0.017,19580
921,5.33851,5.32590,5.164e-04,0.578,0.015,19476
922,5.16111,5.32590,5.161e-04,0.620,0.017,19726
923,5.12054,5.32590,5.159e-04,0.580,0.017,19572
924,5.37802,5.32590,5.157e-04,0.644,0.019,19693
925,5.30742,5.32590,5.155e-04,0.703,0.019,19684
926,5.35043,5.32590,5.153e-04,0.651,0.016,19573
927,5.15810,5.32590,5.150e-04,0.617,0.017,19670
928,5.12447,5.32590,5.148e-04,0.620,0.017,19706
929,5.19460,5.32590,5.146e-04,0.631,0.017,19575
930,5.23670,5.32590,5.144e-04,0.588,0.012,19684
931,5.27440,5.32590,5.142e-04,0.569,0.013,19678
932,5.25505,5.32590,5.139e-04,0.610,0.016,19572
933,5.30006,5.32590,5.137e-04,0.574,0.017,19690
934,5.30005,5.32590,5.135e-04,0.596,0.015,19694
935,4.93436,5.32590,5.133e-04,0.577,0.019,19592
936,4.97218,5.32590,5.131e-04,0.613,0.018,19678
937,5.25256,5.32590,5.128e-04,0.577,0.016,19697
938,5.17943,5.32590,5.126e-04,0.606,0.018,19558
939,5.24141,5.32590,5.124e-04,0.616,0.016,19705
940,5.23111,5.32590,5.122e-04,0.603,0.014,19691
941,4.96692,5.32590,5.119e-04,0.612,0.018,19450
942,5.41407,5.32590,5.117e-04,0.742,0.021,19697
943,5.35775,5.32590,5.115e-04,0.682,0.020,19683
944,5.37272,5.32590,5.113e-04,0.664,0.021,19588
945,5.29234,5.32590,5.110e-04,0.669,0.017,19686
946,5.17246,5.32590,5.108e-04,0.653,0.019,19692
947,5.21826,5.32590,5.106e-04,0.595,0.016,19592
948,5.28713,5.32590,5.104e-04,0.627,0.016,19701
949,5.30002,5.32590,5.101e-04,0.624,0.019,19679
950,5.33328,5.32590,5.099e-04,0.608,0.019,19585
951,5.44222,5.32590,5.097e-04,1.423,0.033,19681
952,5.23675,5.32590,5.095e-04,0.630,0.018,19693
953,5.08224,5.32590,5.092e-04,0.634,0.017,19595
954,5.38673,5.32590,5.090e-04,0.632,0.019,19702
955,5.12677,5.32590,5.088e-04,0.612,0.018,19697
956,5.13310,5.32590,5.086e-04,0.600,0.018,19575
957,5.19797,5.32590,5.083e-04,0.640,0.022,19691
958,5.11343,5.32590,5.081e-04,0.632,0.019,19713
959,5.26596,5.32590,5.079e-04,0.611,0.016,19595
960,5.31007,5.32590,5.076e-04,0.645,0.017,19686
961,5.19739,5.32590,5.074e-04,0.699,0.020,19545
962,5.35523,5.32590,5.072e-04,0.596,0.016,19605
963,4.99342,5.32590,5.070e-04,0.578,0.018,19689
964,5.17249,5.32590,5.067e-04,0.566,0.013,19732
965,5.35659,5.32590,5.065e-04,0.650,0.019,19592
966,5.23348,5.32590,5.063e-04,0.640,0.022,19680
967,5.15275,5.32590,5.060e-04,0.616,0.017,19698
968,5.24789,5.32590,5.058e-04,0.633,0.017,19598
969,5.18109,5.32590,5.056e-04,0.579,0.017,19675
970,5.15129,5.32590,5.054e-04,0.618,0.017,19693
971,5.21403,5.32590,5.051e-04,0.626,0.020,19601
972,5.03016,5.32590,5.049e-04,0.602,0.017,19688
973,5.17886,5.32590,5.047e-04,0.756,0.019,19689
974,5.21493,5.32590,5.044e-04,0.606,0.018,19588
975,5.18382,5.32590,5.042e-04,0.572,0.016,19705
976,5.42083,5.32590,5.040e-04,0.629,0.019,19688
977,5.08420,5.32590,5.037e-04,0.623,0.017,19600
978,5.02598,5.32590,5.035e-04,0.593,0.016,19682
979,5.24258,5.32590,5.033e-04,0.604,0.016,19698
980,5.24506,5.32590,5.030e-04,0.630,0.015,19598
981,5.16582,5.32590,5.028e-04,0.592,0.013,19493
982,5.13468,5.32590,5.026e-04,0.587,0.015,19724
983,5.22278,5.32590,5.023e-04,0.600,0.018,19606
984,5.20425,5.32590,5.021e-04,0.593,0.014,19666
985,5.22919,5.32590,5.019e-04,0.612,0.016,19688
986,5.33257,5.32590,5.016e-04,0.634,0.018,19603
987,5.16132,5.32590,5.014e-04,0.624,0.016,19672
988,5.15019,5.32590,5.012e-04,0.632,0.017,19705
989,5.07887,5.32590,5.009e-04,0.628,0.019,19595
990,5.21495,5.32590,5.007e-04,0.649,0.018,19657
991,5.17036,5.32590,5.005e-04,0.637,0.020,19696
992,5.26269,5.32590,5.002e-04,0.656,0.017,19613
993,5.35581,5.32590,5.000e-04,0.687,0.022,19663
994,5.15410,5.32590,4.998e-04,0.619,0.019,19689
995,5.15296,5.32590,4.995e-04,0.603,0.017,19604
996,5.09543,5.32590,4.993e-04,0.592,0.017,19672
997,5.34686,5.32590,4.991e-04,0.622,0.016,19696
998,5.23599,5.32590,4.988e-04,0.598,0.016,19599
999,5.27026,5.32590,4.986e-04,0.623,0.017,19687
1000,5.18838,5.09457,4.983e-04,0.603,0.018,6135
1001,5.08461,5.09457,4.981e-04,0.627,0.017,19746
1002,5.14130,5.09457,4.979e-04,0.644,0.017,19723
1003,5.22703,5.09457,4.976e-04,0.612,0.016,19597
1004,5.21796,5.09457,4.974e-04,0.612,0.016,19688
1005,5.32480,5.09457,4.972e-04,0.627,0.015,19676
1006,5.14388,5.09457,4.969e-04,0.611,0.016,19599
1007,5.43125,5.09457,4.967e-04,0.596,0.017,19662
1008,5.20720,5.09457,4.964e-04,0.626,0.015,19691
1009,5.32949,5.09457,4.962e-04,0.643,0.016,19606
1010,5.18030,5.09457,4.960e-04,0.650,0.019,19671
1011,5.25115,5.09457,4.957e-04,0.615,0.015,19685
1012,5.16178,5.09457,4.955e-04,0.607,0.016,19611
1013,5.08275,5.09457,4.952e-04,0.619,0.017,19663
1014,5.27996,5.09457,4.950e-04,0.621,0.015,19681
1015,5.07757,5.09457,4.948e-04,0.597,0.015,19600
1016,5.19340,5.09457,4.945e-04,0.648,0.017,19667
1017,5.14544,5.09457,4.943e-04,0.661,0.020,19710
1018,5.17978,5.09457,4.940e-04,0.621,0.018,19598
1019,5.36615,5.09457,4.938e-04,0.614,0.016,19676
1020,5.21665,5.09457,4.936e-04,0.616,0.016,19709
1021,5.27454,5.09457,4.933e-04,0.636,0.015,19448
1022,5.14764,5.09457,4.931e-04,0.635,0.018,19681
1023,5.18051,5.09457,4.928e-04,0.633,0.016,19671
1024,5.11703,5.09457,4.926e-04,0.598,0.015,19618
1025,5.25668,5.09457,4.924e-04,0.647,0.018,19686
1026,5.46036,5.09457,4.921e-04,0.646,0.016,19682
1027,5.13718,5.09457,4.919e-04,0.674,0.019,19619
1028,5.24228,5.09457,4.916e-04,0.682,0.018,19679
1029,5.05117,5.09457,4.914e-04,0.692,0.017,19696
1030,5.14969,5.09457,4.911e-04,0.683,0.017,19612
1031,5.27603,5.09457,4.909e-04,0.656,0.018,19668
1032,5.27343,5.09457,4.907e-04,0.667,0.018,19677
1033,5.16099,5.09457,4.904e-04,0.665,0.018,19610
1034,5.07043,5.09457,4.902e-04,0.608,0.014,19677
1035,5.14771,5.09457,4.899e-04,0.579,0.013,19692
1036,5.12859,5.09457,4.897e-04,0.709,0.018,19614
1037,5.10117,5.09457,4.894e-04,0.629,0.019,19668
1038,5.00312,5.09457,4.892e-04,0.636,0.017,19682
1039,5.19492,5.09457,4.889e-04,0.658,0.021,19623
1040,5.23799,5.09457,4.887e-04,0.645,0.016,19659
1041,5.39523,5.09457,4.885e-04,0.662,0.017,19569
1042,5.24887,5.09457,4.882e-04,0.592,0.016,19613
1043,5.08663,5.09457,4.880e-04,0.603,0.017,19676
1044,5.25375,5.09457,4.877e-04,0.654,0.016,19695
1045,4.91849,5.09457,4.875e-04,0.637,0.018,19626
1046,5.12869,5.09457,4.872e-04,0.597,0.018,19676
1047,5.06028,5.09457,4.870e-04,0.604,0.015,19689
1048,5.35799,5.09457,4.867e-04,0.624,0.015,19612
1049,5.19639,5.09457,4.865e-04,0.705,0.020,19658
1050,5.22494,5.09457,4.862e-04,0.612,0.015,19689
1051,5.27126,5.09457,4.860e-04,0.634,0.018,19617
1052,5.21212,5.09457,4.857e-04,0.599,0.015,19646
1053,5.36075,5.09457,4.855e-04,0.630,0.017,19692
1054,5.00114,5.09457,4.853e-04,0.598,0.015,19628
1055,5.02479,5.09457,4.850e-04,0.599,0.017,19657
1056,5.06827,5.09457,4.848e-04,0.593,0.015,19686
1057,5.27504,5.09457,4.845e-04,0.629,0.016,19633
1058,4.97562,5.09457,4.843e-04,0.585,0.014,19655
1059,5.05071,5.09457,4.840e-04,0.632,0.017,19680
1060,5.29041,5.09457,4.838e-04,0.581,0.015,19639
1061,5.26533,5.09457,4.835e-04,0.656,0.017,19472
1062,5.13292,5.09457,4.833e-04,0.607,0.015,19695
1063,5.17870,5.09457,4.830e-04,0.644,0.016,19637
1064,5.15934,5.09457,4.828e-04,0.588,0.016,19655
1065,5.09104,5.09457,4.825e-04,0.629,0.016,19702
1066,4.98634,5.09457,4.823e-04,0.594,0.015,19623
1067,5.12172,5.09457,4.820e-04,0.605,0.018,19647
1068,5.02598,5.09457,4.818e-04,0.672,0.023,19694
1069,5.09611,5.09457,4.815e-04,0.590,0.017,19623
1070,5.02679,5.09457,4.813e-04,0.671,0.019,19657
1071,5.16492,5.09457,4.810e-04,0.666,0.019,19695
1072,5.13415,5.09457,4.808e-04,0.592,0.014,19634
1073,5.18320,5.09457,4.805e-04,0.646,0.018,19658
1074,5.07384,5.09457,4.803e-04,0.625,0.015,19691
1075,5.19557,5.09457,4.800e-04,0.673,0.017,19633
1076,4.98806,5.09457,4.798e-04,0.648,0.016,19650
1077,4.95825,5.09457,4.795e-04,0.625,0.015,19695
1078,4.86619,5.09457,4.792e-04,0.688,0.019,19628
1079,5.13889,5.09457,4.790e-04,0.612,0.015,19654
1080,5.01860,5.09457,4.787e-04,0.635,0.017,19683
1081,5.02060,5.09457,4.785e-04,0.648,0.020,19490
1082,4.95340,5.09457,4.782e-04,0.611,0.016,19621
1083,4.98991,5.09457,4.780e-04,0.583,0.017,19680
1084,5.19725,5.09457,4.777e-04,0.621,0.017,19642
1085,5.07542,5.09457,4.775e-04,0.618,0.015,19651
1086,4.96443,5.09457,4.772e-04,0.657,0.022,19702
1087,5.01317,5.09457,4.770e-04,0.629,0.021,19636
1088,5.04471,5.09457,4.767e-04,0.649,0.019,19626
1089,5.14299,5.09457,4.765e-04,0.659,0.018,19687
1090,5.04148,5.09457,4.762e-04,0.604,0.014,19646
1091,5.09927,5.09457,4.759e-04,0.631,0.018,19648
1092,5.08313,5.09457,4.757e-04,0.606,0.015,19704
1093,4.96012,5.09457,4.754e-04,0.701,0.016,19628
1094,5.20952,5.09457,4.752e-04,0.651,0.020,19601
1095,4.88040,5.09457,4.749e-04,0.689,0.018,19707
1096,4.98329,5.09457,4.747e-04,0.682,0.021,19637
1097,5.15349,5.09457,4.744e-04,0.681,0.020,19619
1098,5.20911,5.09457,4.742e-04,0.671,0.017,19703
1099,5.11053,5.09457,4.739e-04,0.633,0.016,19620
1100,5.03691,5.09457,4.736e-04,0.637,0.015,19607
1101,5.36884,5.09457,4.734e-04,0.672,0.017,19517
1102,4.99425,5.09457,4.731e-04,0.652,0.019,19643
1103,4.88800,5.09457,4.729e-04,0.651,0.016,19630
1104,5.14369,5.09457,4.726e-04,0.628,0.017,19683
1105,5.16498,5.09457,4.724e-04,0.600,0.014,19647
1106,5.08028,5.09457,4.721e-04,0.618,0.014,19631
1107,4.94384,5.09457,4.718e-04,0.801,0.021,19689
1108,4.81550,5.09457,4.716e-04,0.633,0.014,19635
1109,4.99884,5.09457,4.713e-04,0.607,0.014,19622
1110,5.12373,5.09457,4.711e-04,0.655,0.017,19689
1111,5.09897,5.09457,4.708e-04,0.610,0.015,19636
1112,5.04608,5.09457,4.706e-04,0.622,0.014,19629
1113,5.07798,5.09457,4.703e-04,0.631,0.018,19686
1114,4.86953,5.09457,4.700e-04,0.674,0.017,19649
1115,5.02817,5.09457,4.698e-04,0.628,0.017,19626
1116,4.87420,5.09457,4.695e-04,0.648,0.016,19703
1117,5.08484,5.09457,4.693e-04,0.648,0.018,19660
1118,4.99107,5.09457,4.690e-04,0.622,0.015,19610
1119,5.03414,5.09457,4.687e-04,0.685,0.018,19727
1120,5.26964,5.09457,4.685e-04,0.650,0.015,19641
1121,5.17374,5.09457,4.682e-04,0.642,0.019,19471
1122,5.21848,5.09457,4.680e-04,0.648,0.016,19689
1123,5.27473,5.09457,4.677e-04,0.642,0.016,19647
1124,4.99219,5.09457,4.674e-04,0.651,0.016,19615
1125,5.03066,5.09457,4.672e-04,0.597,0.014,19689
1126,4.93386,5.09457,4.669e-04,0.596,0.014,19655
1127,5.10330,5.09457,4.667e-04,0.698,0.022,19608
1128,5.03461,5.09457,4.664e-04,0.630,0.016,19683
1129,5.12186,5.09457,4.661e-04,0.632,0.016,19651
1130,4.80773,5.09457,4.659e-04,0.609,0.016,19608
1131,4.73501,5.09457,4.656e-04,0.642,0.018,19685
1132,5.00323,5.09457,4.653e-04,0.651,0.018,19660
1133,4.93807,5.09457,4.651e-04,0.641,0.014,19602
1134,5.18036,5.09457,4.648e-04,0.645,0.017,19700
1135,5.09210,5.09457,4.646e-04,0.640,0.015,19662
1136,5.12674,5.09457,4.643e-04,0.617,0.014,19600
1137,5.14371,5.09457,4.640e-04,0.633,0.016,19689
1138,5.12240,5.09457,4.638e-04,0.640,0.021,19667
1139,5.07298,5.09457,4.635e-04,0.667,0.018,19625
1140,5.11838,5.09457,4.632e-04,0.595,0.015,19691
1141,5.26421,5.09457,4.630e-04,0.640,0.020,19474
1142,5.24386,5.09457,4.627e-04,0.638,0.015,19616
1143,5.00479,5.09457,4.625e-04,0.630,0.017,19705
1144,5.02746,5.09457,4.622e-04,0.624,0.015,19671
1145,4.92171,5.09457,4.619e-04,0.652,0.015,19597
1146,4.88240,5.09457,4.617e-04,0.667,0.017,19687
1147,4.90574,5.09457,4.614e-04,0.613,0.014,19674
1148,5.04630,5.09457,4.611e-04,0.735,0.018,19592
1149,5.26529,5.09457,4.609e-04,0.663,0.018,19678
1150,5.35282,5.09457,4.606e-04,0.721,0.018,19680
1151,4.99434,5.09457,4.603e-04,0.705,0.020,19595
1152,5.17470,5.09457,4.601e-04,0.660,0.018,19682
1153,5.03718,5.09457,4.598e-04,0.623,0.016,19671
1154,4.97574,5.09457,4.595e-04,0.626,0.016,19594
1155,5.04132,5.09457,4.593e-04,0.612,0.015,19719
1156,5.08670,5.09457,4.590e-04,0.675,0.015,19669
1157,4.97975,5.09457,4.587e-04,0.633,0.015,19595
1158,5.14988,5.09457,4.585e-04,0.630,0.014,19686
1159,5.14472,5.09457,4.582e-04,0.644,0.015,19672
1160,4.92139,5.09457,4.579e-04,0.618,0.015,19595
1161,5.05982,5.09457,4.577e-04,0.593,0.014,19500
1162,5.05925,5.09457,4.574e-04,0.645,0.019,19687
1163,5.08314,5.09457,4.571e-04,0.666,0.016,19591
1164,5.05803,5.09457,4.569e-04,0.653,0.019,19672
1165,5.21130,5.09457,4.566e-04,0.655,0.020,19687
1166,5.09362,5.09457,4.563e-04,0.621,0.014,19597
1167,5.10602,5.09457,4.561e-04,0.640,0.017,19708
1168,5.19734,5.09457,4.558e-04,0.661,0.016,19666
1169,5.00073,5.09457,4.555e-04,0.638,0.016,19606
1170,5.03630,5.09457,4.553e-04,0.704,0.017,19688
1171,5.02221,5.09457,4.550e-04,0.657,0.017,19700
1172,5.12411,5.09457,4.547e-04,0.623,0.016,19578
1173,4.97584,5.09457,4.545e-04,0.682,0.017,19704
1174,4.98514,5.09457,4.542e-04,0.618,0.014,19702
1175,5.05128,5.09457,4.539e-04,0.623,0.014,19590
1176,4.99134,5.09457,4.537e-04,0.619,0.017,19689
1177,5.15206,5.09457,4.534e-04,0.628,0.015,19681
1178,5.27195,5.09457,4.531e-04,0.661,0.017,19613
1179,5.11762,5.09457,4.528e-04,0.625,0.015,19703
1180,5.00064,5.09457,4.526e-04,0.638,0.017,19673
1181,4.91236,5.09457,4.523e-04,0.610,0.015,19449
1182,5.14635,5.09457,4.520e-04,0.638,0.015,19698
1183,4.95714,5.09457,4.518e-04,0.626,0.015,19702
1184,4.95943,5.09457,4.515e-04,0.669,0.019,19584
1185,5.18153,5.09457,4.512e-04,0.603,0.015,19702
1186,5.10212,5.09457,4.510e-04,0.672,0.019,19689
1187,5.12762,5.09457,4.507e-04,0.632,0.018,19585
1188,4.95702,5.09457,4.504e-04,0.632,0.017,19687
1189,5.17289,5.09457,4.501e-04,0.639,0.014,19682
1190,5.03637,5.09457,4.499e-04,0.584,0.013,19586
1191,5.09823,5.09457,4.496e-04,0.671,0.020,19708
1192,4.98165,5.09457,4.493e-04,0.632,0.018,19699
1193,4.85657,5.09457,4.491e-04,0.665,0.018,19588
1194,5.06851,5.09457,4.488e-04,0.651,0.016,19687
1195,4.91862,5.09457,4.485e-04,0.665,0.018,19709
1196,4.74329,5.09457,4.482e-04,0.635,0.015,19568
1197,5.08367,5.09457,4.480e-04,0.818,0.018,19709
1198,5.00785,5.09457,4.477e-04,0.670,0.016,19676
1199,5.12180,5.09457,4.474e-04,0.622,0.015,19587
1200,5.13105,5.09457,4.471e-04,0.655,0.019,19694
1201,4.87425,5.09457,4.469e-04,0.634,0.017,19547
1202,4.96485,5.09457,4.466e-04,0.668,0.019,19588
1203,5.08686,5.09457,4.463e-04,0.674,0.017,19689
1204,5.01374,5.09457,4.461e-04,0.648,0.016,19705
1205,4.81703,5.09457,4.458e-04,0.669,0.017,19567
1206,4.94127,5.09457,4.455e-04,0.669,0.018,19690
1207,5.12006,5.09457,4.452e-04,0.660,0.015,19684
1208,4.86679,5.09457,4.450e-04,0.622,0.016,19580
1209,5.05252,5.09457,4.447e-04,0.672,0.018,19703
1210,5.21665,5.09457,4.444e-04,0.666,0.017,19692
1211,4.91888,5.09457,4.441e-04,0.709,0.022,19582
1212,5.01849,5.09457,4.439e-04,0.677,0.017,19707
1213,4.85967,5.09457,4.436e-04,0.704,0.018,19680
1214,5.16595,5.09457,4.433e-04,0.674,0.016,19601
1215,4.77793,5.09457,4.430e-04,0.630,0.014,19696
1216,4.90818,5.09457,4.428e-04,0.651,0.017,19691
1217,4.90024,5.09457,4.425e-04,0.609,0.016,19599
1218,5.05460,5.09457,4.422e-04,0.629,0.016,19679
1219,4.98362,5.09457,4.419e-04,0.670,0.020,19695
1220,4.91679,5.09457,4.417e-04,0.645,0.018,19574
1221,5.00536,5.09457,4.414e-04,0.619,0.016,19499
1222,4.98167,5.09457,4.411e-04,0.703,0.022,19728
1223,5.12417,5.09457,4.408e-04,0.690,0.020,19576
1224,4.99381,5.09457,4.406e-04,0.662,0.018,19685
1225,5.00855,5.09457,4.403e-04,0.685,0.018,19701
1226,4.77776,5.09457,4.400e-04,0.663,0.019,19587
1227,4.93442,5.09457,4.397e-04,0.687,0.020,19675
1228,5.07894,5.09457,4.394e-04,0.647,0.019,19690
1229,5.14275,5.09457,4.392e-04,0.725,0.018,19595
1230,5.12257,5.09457,4.389e-04,0.750,0.018,19690
1231,5.05767,5.09457,4.386e-04,0.801,0.022,19689
1232,5.06622,5.09457,4.383e-04,0.683,0.020,19588
1233,5.14826,5.09457,4.381e-04,0.669,0.019,19686
1234,4.91771,5.09457,4.378e-04,0.632,0.016,19683
1235,5.22281,5.09457,4.375e-04,0.641,0.017,19596
1236,5.13771,5.09457,4.372e-04,0.755,0.020,19673
1237,5.01160,5.09457,4.370e-04,0.630,0.019,19703
1238,4.70582,5.09457,4.367e-04,0.704,0.020,19571
1239,4.99340,5.09457,4.364e-04,0.706,0.019,19700
1240,4.93844,5.09457,4.361e-04,0.646,0.016,19694
1241,5.06084,5.09457,4.358e-04,0.649,0.016,19451
1242,4.90169,5.09457,4.356e-04,0.645,0.015,19673
1243,4.95236,5.09457,4.353e-04,0.630,0.016,19695
1244,5.01811,5.09457,4.350e-04,0.657,0.018,19586
1245,4.72462,5.09457,4.347e-04,0.691,0.019,19694
1246,5.09410,5.09457,4.344e-04,0.612,0.015,19688
1247,4.77391,5.09457,4.342e-04,0.727,0.019,19583
1248,4.99978,5.09457,4.339e-04,0.628,0.016,19695
1249,5.00363,5.09457,4.336e-04,0.695,0.019,19707
1250,5.03916,4.89569,4.333e-04,0.670,0.015,6148
1251,5.10790,4.89569,4.330e-04,0.688,0.019,19880
1252,5.00085,4.89569,4.328e-04,0.677,0.018,19568
1253,5.01662,4.89569,4.325e-04,0.675,0.017,19703
1254,4.95916,4.89569,4.322e-04,0.650,0.017,19677
1255,5.02625,4.89569,4.319e-04,0.693,0.015,19591
1256,4.94084,4.89569,4.316e-04,0.642,0.018,19681
1257,4.91815,4.89569,4.314e-04,0.695,0.020,19699
1258,5.00359,4.89569,4.311e-04,0.629,0.016,19579
1259,4.99536,4.89569,4.308e-04,0.818,0.021,19702
1260,4.98102,4.89569,4.305e-04,0.673,0.016,19689
1261,5.12514,4.89569,4.302e-04,0.714,0.020,19449
1262,5.14015,4.89569,4.300e-04,0.728,0.018,19701
1263,4.82667,4.89569,4.297e-04,0.673,0.018,19684
1264,4.98241,4.89569,4.294e-04,0.730,0.020,19591
1265,5.01576,4.89569,4.291e-04,0.725,0.016,19689
1266,4.90546,4.89569,4.288e-04,0.674,0.018,19687
1267,5.01553,4.89569,4.285e-04,0.697,0.018,19579
1268,4.89729,4.89569,4.283e-04,0.647,0.017,19704
1269,4.74573,4.89569,4.280e-04,0.658,0.018,19686
1270,5.03287,4.89569,4.277e-04,0.787,0.017,19570
1271,5.05124,4.89569,4.274e-04,0.663,0.015,19684
1272,5.06716,4.89569,4.271e-04,0.639,0.016,19697
1273,5.03164,4.89569,4.269e-04,0.728,0.022,19580
1274,4.98780,4.89569,4.266e-04,0.649,0.016,19699
1275,5.01285,4.89569,4.263e-04,0.672,0.016,19675
1276,5.07608,4.89569,4.260e-04,0.593,0.014,19563
1277,4.77313,4.89569,4.257e-04,0.969,0.031,19708
1278,4.80180,4.89569,4.254e-04,0.659,0.017,19686
1279,5.00462,4.89569,4.252e-04,0.670,0.017,19598
1280,5.21138,4.89569,4.249e-04,0.642,0.016,19683
1281,4.88222,4.89569,4.246e-04,0.765,0.020,19546
1282,5.07289,4.89569,4.243e-04,0.619,0.014,19579
1283,5.06221,4.89569,4.240e-04,0.642,0.017,19702
1284,4.99643,4.89569,4.237e-04,0.664,0.016,19706
1285,5.00415,4.89569,4.235e-04,0.727,0.019,19594
1286,4.89453,4.89569,4.232e-04,0.670,0.018,19698
1287,4.87894,4.89569,4.229e-04,0.685,0.016,19695
1288,4.93871,4.89569,4.226e-04,0.700,0.018,19570
1289,5.18510,4.89569,4.223e-04,0.779,0.019,19701
1290,4.80821,4.89569,4.220e-04,0.745,0.017,19685
1291,4.87875,4.89569,4.217e-04,0.668,0.015,19586
1292,5.13649,4.89569,4.215e-04,0.674,0.017,19684
1293,4.78654,4.89569,4.212e-04,0.716,0.016,19691
1294,4.89545,4.89569,4.209e-04,0.646,0.018,19586
1295,4.84203,4.89569,4.206e-04,0.685,0.018,19702
1296,5.10945,4.89569,4.203e-04,0.689,0.018,19690
1297,4.96036,4.89569,4.200e-04,0.693,0.019,19586
1298,4.95757,4.89569,4.197e-04,0.647,0.016,19693
1299,4.98237,4.89569,4.195e-04,0.596,0.014,19701
1300,5.06698,4.89569,4.192e-04,0.692,0.019,19577
1301,5.08464,4.89569,4.189e-04,0.643,0.015,19474
1302,5.07056,4.89569,4.186e-04,0.656,0.018,19710
1303,4.96904,4.89569,4.183e-04,0.644,0.017,19593
1304,4.72428,4.89569,4.180e-04,0.735,0.020,19684
1305,4.97521,4.89569,4.177e-04,0.667,0.016,19686
1306,4.90191,4.89569,4.175e-04,0.666,0.015,19590
1307,5.04093,4.89569,4.172e-04,0.676,0.017,19671
1308,4.97151,4.89569,4.169e-04,0.666,0.016,19696
1309,4.94166,4.89569,4.166e-04,0.700,0.018,19587
1310,5.03147,4.89569,4.163e-04,0.656,0.017,19686
1311,4.98595,4.89569,4.160e-04,0.696,0.019,19687
1312,4.85678,4.89569,4.157e-04,0.688,0.018,19591
1313,5.02856,4.89569,4.154e-04,0.659,0.016,19680
1314,4.89478,4.89569,4.152e-04,0.755,0.021,19687
1315,4.85552,4.89569,4.149e-04,0.716,0.019,19605
1316,4.95550,4.89569,4.146e-04,0.671,0.017,19680
1317,5.01390,4.89569,4.143e-04,0.700,0.018,19679
1318,5.05207,4.89569,4.140e-04,0.659,0.014,19602
1319,4.91981,4.89569,4.137e-04,0.677,0.017,19660
1320,4.79337,4.89569,4.134e-04,0.641,0.015,19705
1321,4.85101,4.89569,4.131e-04,0.639,0.016,19456
1322,4.82279,4.89569,4.129e-04,0.701,0.017,19667
1323,5.16302,4.89569,4.126e-04,0.700,0.021,19686
1324,5.02285,4.89569,4.123e-04,0.593,0.014,19611
1325,4.75983,4.89569,4.120e-04,0.660,0.016,19665
1326,4.92262,4.89569,4.117e-04,0.621,0.017,19661
1327,4.74906,4.89569,4.114e-04,0.709,0.016,19617
1328,4.93435,4.89569,4.111e-04,0.658,0.019,19678
1329,5.03074,4.89569,4.108e-04,0.664,0.015,19676
1330,4.88170,4.89569,4.105e-04,0.648,0.017,19601
1331,4.94462,4.89569,4.103e-04,0.697,0.017,19677
1332,4.78533,4.89569,4.100e-04,0.636,0.017,19683
1333,5.08088,4.89569,4.097e-04,0.734,0.019,19609
1334,5.02662,4.89569,4.094e-04,0.725,0.020,19669
1335,5.05162,4.89569,4.091e-04,0.718,0.019,19699
1336,4.79087,4.89569,4.088e-04,0.702,0.016,19588
1337,4.93324,4.89569,4.085e-04,0.685,0.017,19645
1338,4.92267,4.89569,4.082e-04,0.706,0.017,19711
1339,4.80385,4.89569,4.079e-04,0.654,0.017,19607
1340,4.76477,4.89569,4.077e-04,0.647,0.017,19655
1341,4.73023,4.89569,4.074e-04,0.648,0.018,19539
1342,5.11222,4.89569,4.071e-04,0.674,0.017,19627
1343,4.87179,4.89569,4.068e-04,0.649,0.016,19648
1344,4.67207,4.89569,4.065e-04,0.716,0.017,19687
1345,5.04463,4.89569,4.062e-04,0.662,0.016,19620
1346,4.90041,4.89569,4.059e-04,0.653,0.016,19663
1347,5.00607,4.89569,4.056e-04,0.654,0.015,19690
1348,4.90784,4.89569,4.053e-04,0.670,0.017,19623
1349,4.82124,4.89569,4.050e-04,0.619,0.015,19646
1350,4.88517,4.89569,4.047e-04,0.642,0.016,19696
1351,5.03912,4.89569,4.045e-04,0.643,0.016,19610
1352,4.88966,4.89569,4.042e-04,0.657,0.015,19656
1353,4.76699,4.89569,4.039e-04,0.616,0.015,19712
1354,5.08385,4.89569,4.036e-04,0.642,0.014,19614
1355,5.03402,4.89569,4.033e-04,0.657,0.017,19658
1356,5.09114,4.89569,4.030e-04,0.685,0.015,19701
1357,4.91689,4.89569,4.027e-04,0.634,0.016,19611
1358,4.97797,4.89569,4.024e-04,0.641,0.014,19656
1359,4.90291,4.89569,4.021e-04,0.672,0.016,19684
1360,4.93242,4.89569,4.018e-04,0.676,0.016,19606
1361,5.01850,4.89569,4.015e-04,0.654,0.014,19438
1362,4.78728,4.89569,4.012e-04,0.698,0.017,19712
1363,4.92140,4.89569,4.010e-04,0.677,0.015,19627
1364,4.79350,4.89569,4.007e-04,0.684,0.018,19646
1365,4.94030,4.89569,4.004e-04,0.648,0.012,19688
1366,4.84670,4.89569,4.001e-04,0.666,0.015,19643
1367,5.00438,4.89569,3.998e-04,0.656,0.014,19639
1368,5.03845,4.89569,3.995e-04,0.641,0.016,19700
1369,5.00619,4.89569,3.992e-04,0.677,0.016,19629
1370,4.81197,4.89569,3.989e-04,0.715,0.015,19656
1371,4.88874,4.89569,3.986e-04,0.649,0.016,19698
1372,4.87922,4.89569,3.983e-04,0.713,0.017,19626
1373,4.97922,4.89569,3.980e-04,0.689,0.018,19635
1374,4.97118,4.89569,3.977e-04,0.673,0.015,19672
1375,5.12744,4.89569,3.974e-04,0.644,0.013,19614
1376,4.82478,4.89569,3.971e-04,0.716,0.016,19643
1377,4.94488,4.89569,3.969e-04,0.682,0.017,19708
1378,5.02023,4.89569,3.966e-04,0.611,0.015,19621
1379,4.95285,4.89569,3.963e-04,0.650,0.017,19653
1380,5.00285,4.89569,3.960e-04,0.664,0.016,19693
1381,5.04542,4.89569,3.957e-04,0.685,0.015,19464
1382,4.67448,4.89569,3.954e-04,0.685,0.017,19642
1383,4.73109,4.89569,3.951e-04,0.698,0.018,19699
1384,4.89740,4.89569,3.948e-04,0.674,0.018,19635
1385,4.93675,4.89569,3.945e-04,0.639,0.016,19632
1386,5.12552,4.89569,3.942e-04,0.634,0.016,19705
1387,5.02825,4.89569,3.939e-04,0.661,0.016,19630
1388,4.76908,4.89569,3.936e-04,0.685,0.019,19610
1389,4.78177,4.89569,3.933e-04,0.658,0.016,19699
1390,4.93035,4.89569,3.930e-04,0.671,0.016,19627
1391,4.86164,4.89569,3.927e-04,0.654,0.016,19621
1392,4.91108,4.89569,3.924e-04,0.629,0.014,19705
1393,4.80854,4.89569,3.921e-04,0.658,0.016,19639
1394,4.63660,4.89569,3.919e-04,0.713,0.018,19645
1395,4.95267,4.89569,3.916e-04,0.681,0.016,19686
1396,4.97989,4.89569,3.913e-04,0.629,0.016,19662
1397,4.97111,4.89569,3.910e-04,0.696,0.017,19637
1398,4.98849,4.89569,3.907e-04,0.707,0.017,19687
1399,4.89304,4.89569,3.904e-04,0.618,0.018,19656
1400,4.84223,4.89569,3.901e-04,0.640,0.017,19633
1401,4.96575,4.89569,3.898e-04,0.735,0.015,19530
1402,4.98110,4.89569,3.895e-04,0.684,0.022,19658
1403,4.90385,4.89569,3.892e-04,0.701,0.018,19633
1404,4.84825,4.89569,3.889e-04,0.897,0.026,19693
1405,4.94470,4.89569,3.886e-04,0.709,0.019,19676
1406,4.89309,4.89569,3.883e-04,0.680,0.016,19639
1407,5.00481,4.89569,3.880e-04,0.669,0.019,19700
1408,4.96839,4.89569,3.877e-04,0.683,0.019,19664
1409,4.97917,4.89569,3.874e-04,0.644,0.015,19631
1410,4.82951,4.89569,3.871e-04,0.675,0.017,19711
1411,4.79100,4.89569,3.868e-04,0.722,0.021,19653
1412,5.08798,4.89569,3.865e-04,0.685,0.016,19634
1413,4.79657,4.89569,3.862e-04,0.715,0.019,19684
1414,4.95909,4.89569,3.859e-04,0.679,0.018,19659
1415,4.95540,4.89569,3.856e-04,0.678,0.018,19622
1416,5.01016,4.89569,3.853e-04,0.622,0.013,19675
1417,4.75897,4.89569,3.850e-04,0.682,0.016,19671
1418,4.93273,4.89569,3.848e-04,0.672,0.015,19637
1419,4.87364,4.89569,3.845e-04,0.688,0.016,19685
1420,4.79200,4.89569,3.842e-04,0.672,0.015,19665
1421,4.84897,4.89569,3.839e-04,0.644,0.014,19463
1422,5.01310,4.89569,3.836e-04,0.684,0.019,19716
1423,4.86176,4.89569,3.833e-04,0.713,0.016,19641
1424,4.73716,4.89569,3.830e-04,0.700,0.016,19617
1425,4.89449,4.89569,3.827e-04,0.662,0.019,19686
1426,4.91490,4.89569,3.824e-04,0.640,0.016,19660
1427,4.90906,4.89569,3.821e-04,0.712,0.017,19631
1428,4.73805,4.89569,3.818e-04,0.708,0.018,19703
1429,4.80211,4.89569,3.815e-04,0.653,0.016,19659
1430,4.67803,4.89569,3.812e-04,0.670,0.016,19604
1431,4.76174,4.89569,3.809e-04,0.631,0.017,19678
1432,4.90281,4.89569,3.806e-04,0.646,0.015,19670
1433,4.84857,4.89569,3.803e-04,0.664,0.017,19610
1434,5.07666,4.89569,3.800e-04,0.657,0.016,19700
1435,4.87245,4.89569,3.797e-04,0.663,0.014,19669
1436,4.99041,4.89569,3.794e-04,0.698,0.018,19609
1437,4.84200,4.89569,3.791e-04,0.620,0.014,19693
1438,4.91824,4.89569,3.788e-04,0.685,0.018,19649
1439,4.79239,4.89569,3.785e-04,0.696,0.017,19625
1440,4.69321,4.89569,3.782e-04,0.687,0.015,19696
1441,4.86106,4.89569,3.779e-04,0.643,0.013,19491
1442,4.93652,4.89569,3.776e-04,0.727,0.017,19618
1443,4.63156,4.89569,3.773e-04,0.693,0.017,19695
1444,5.03012,4.89569,3.770e-04,0.635,0.017,19664
1445,4.94380,4.89569,3.767e-04,0.723,0.016,19606
1446,5.09831,4.89569,3.764e-04,0.657,0.014,19699
1447,5.01316,4.89569,3.761e-04,0.665,0.015,19668
1448,4.85414,4.89569,3.758e-04,0.731,0.016,19602
1449,4.92837,4.89569,3.755e-04,0.682,0.015,19706
1450,4.96889,4.89569,3.752e-04,0.671,0.013,19656
1451,4.75351,4.89569,3.749e-04,0.698,0.017,19626
1452,4.71333,4.89569,3.746e-04,0.659,0.013,19694
1453,4.86975,4.89569,3.743e-04,0.647,0.014,19673
1454,5.03384,4.89569,3.740e-04,0.666,0.015,19588
1455,4.82694,4.89569,3.737e-04,0.640,0.013,19705
1456,4.85621,4.89569,3.734e-04,0.660,0.014,19675
1457,4.86776,4.89569,3.731e-04,0.658,0.014,19620
1458,4.84795,4.89569,3.728e-04,0.709,0.015,19683
1459,4.78050,4.89569,3.725e-04,0.703,0.017,19662
1460,4.77297,4.89569,3.722e-04,0.678,0.015,19619
1461,4.87505,4.89569,3.719e-04,0.662,0.015,19525
1462,4.83463,4.89569,3.716e-04,0.644,0.016,19667
1463,4.95415,4.89569,3.713e-04,0.669,0.017,19614
1464,4.59486,4.89569,3.710e-04,0.666,0.016,19702
1465,4.67692,4.89569,3.707e-04,0.664,0.017,19670
1466,5.05312,4.89569,3.704e-04,0.642,0.015,19594
1467,4.88103,4.89569,3.701e-04,0.692,0.018,19674
1468,4.93711,4.89569,3.698e-04,0.677,0.019,19675
1469,4.90393,4.89569,3.695e-04,0.676,0.016,19613
1470,4.83812,4.89569,3.692e-04,0.665,0.015,19697
1471,4.76444,4.89569,3.689e-04,0.691,0.016,19677
1472,4.77759,4.89569,3.686e-04,0.674,0.017,19603
1473,4.92892,4.89569,3.683e-04,0.701,0.017,19690
1474,4.61402,4.89569,3.680e-04,0.706,0.019,19686
1475,4.95255,4.89569,3.677e-04,0.656,0.017,19594
1476,4.82279,4.89569,3.674e-04,0.687,0.017,19718
1477,4.80398,4.89569,3.671e-04,0.655,0.015,19673
1478,4.81596,4.89569,3.668e-04,0.701,0.018,19604
1479,4.87331,4.89569,3.665e-04,0.655,0.015,19707
1480,4.93076,4.89569,3.662e-04,0.634,0.015,19677
1481,4.94751,4.89569,3.659e-04,0.709,0.017,19444
1482,4.79679,4.89569,3.656e-04,0.658,0.018,19699
1483,5.01316,4.89569,3.653e-04,0.717,0.017,19678
1484,4.98801,4.89569,3.650e-04,0.731,0.015,19599
1485,4.89390,4.89569,3.647e-04,0.699,0.017,19689
1486,4.83679,4.89569,3.644e-04,0.681,0.016,19677
1487,4.87411,4.89569,3.641e-04,0.716,0.017,19580
1488,4.69885,4.89569,3.638e-04,0.684,0.018,19692
1489,4.92168,4.89569,3.635e-04,0.736,0.018,19699
1490,4.84391,4.89569,3.632e-04,0.658,0.016,19567
1491,4.97305,4.89569,3.629e-04,0.729,0.020,19704
1492,4.91630,4.89569,3.626e-04,0.684,0.015,19684
1493,4.88551,4.89569,3.623e-04,0.693,0.017,19601
1494,4.98713,4.89569,3.620e-04,0.701,0.017,19687
1495,4.91978,4.89569,3.617e-04,0.670,0.014,19688
1496,5.00174,4.89569,3.614e-04,0.700,0.016,19649
1497,4.95177,4.89569,3.611e-04,0.695,0.016,19712
1498,4.89213,4.89569,3.608e-04,0.665,0.016,19668
1499,4.64111,4.89569,3.605e-04,0.674,0.016,19598
1500,4.74853,4.72080,3.602e-04,0.701,0.018,6140
1501,4.86124,4.72080,3.599e-04,0.664,0.017,19748
1502,4.71936,4.72080,3.596e-04,0.651,0.015,19677
1503,4.96746,4.72080,3.593e-04,0.676,0.016,19678
1504,4.62074,4.72080,3.590e-04,0.684,0.016,19588
1505,4.71200,4.72080,3.587e-04,0.672,0.015,19682
1506,4.76893,4.72080,3.584e-04,0.654,0.018,19672
1507,4.79173,4.72080,3.581e-04,0.701,0.018,19608
1508,4.87601,4.72080,3.578e-04,0.779,0.016,19703
1509,5.00938,4.72080,3.575e-04,0.704,0.017,19691
1510,4.70135,4.72080,3.572e-04,0.708,0.017,19577
1511,4.68519,4.72080,3.569e-04,0.704,0.017,19710
1512,4.80282,4.72080,3.566e-04,0.705,0.017,19664
1513,4.84619,4.72080,3.563e-04,0.698,0.016,19587
1514,4.88022,4.72080,3.560e-04,0.748,0.019,19748
1515,4.90426,4.72080,3.557e-04,0.673,0.017,19668
1516,4.94662,4.72080,3.554e-04,0.702,0.016,19601
1517,4.76854,4.72080,3.551e-04,0.687,0.017,19687
1518,5.04657,4.72080,3.548e-04,0.694,0.018,19677
1519,4.74283,4.72080,3.545e-04,0.681,0.019,19593
1520,4.79672,4.72080,3.542e-04,0.636,0.015,19684
1521,4.70907,4.72080,3.539e-04,0.715,0.018,19534
1522,4.72301,4.72080,3.536e-04,0.662,0.015,19573
1523,4.85869,4.72080,3.533e-04,0.684,0.015,19696
1524,4.85255,4.72080,3.530e-04,0.705,0.017,19688
1525,4.78194,4.72080,3.527e-04,0.654,0.017,19570
1526,4.76927,4.72080,3.524e-04,0.634,0.014,19709
1527,4.67442,4.72080,3.521e-04,0.681,0.016,19682
1528,4.98937,4.72080,3.518e-04,0.744,0.016,19577
1529,4.83184,4.72080,3.515e-04,0.753,0.021,19699
1530,4.66651,4.72080,3.512e-04,0.645,0.016,19673
1531,4.84088,4.72080,3.509e-04,0.686,0.017,19572
1532,4.96687,4.72080,3.506e-04,0.673,0.015,19680
1533,4.69289,4.72080,3.503e-04,0.657,0.016,19705
1534,4.56946,4.72080,3.500e-04,0.697,0.018,19590
1535,4.84217,4.72080,3.497e-04,0.670,0.016,19680
1536,4.62639,4.72080,3.494e-04,0.750,0.016,19691
1537,4.96587,4.72080,3.491e-04,0.740,0.017,19577
1538,4.92823,4.72080,3.488e-04,0.653,0.017,19688
1539,4.76170,4.72080,3.485e-04,0.680,0.016,19696
1540,4.88460,4.72080,3.482e-04,0.668,0.015,19587
1541,4.80721,4.72080,3.479e-04,0.643,0.015,19544
1542,4.85343,4.72080,3.476e-04,0.767,0.018,19720
1543,5.02311,4.72080,3.473e-04,1.075,0.020,19604
1544,4.86754,4.72080,3.470e-04,0.700,0.016,19687
1545,4.83688,4.72080,3.467e-04,0.697,0.016,19688
1546,4.88423,4.72080,3.463e-04,0.718,0.017,19588
1547,4.95441,4.72080,3.460e-04,0.728,0.019,19692
1548,5.03595,4.72080,3.457e-04,0.635,0.013,19680
1549,4.91791,4.72080,3.454e-04,0.706,0.016,19569
1550,4.78715,4.72080,3.451e-04,0.694,0.015,19698
1551,4.71908,4.72080,3.448e-04,0.738,0.016,19681
1552,4.69631,4.72080,3.445e-04,0.712,0.015,19591
1553,4.64391,4.72080,3.442e-04,0.698,0.019,19675
1554,5.05438,4.72080,3.439e-04,0.704,0.017,19706
1555,4.66745,4.72080,3.436e-04,0.764,0.018,19583
1556,4.89025,4.72080,3.433e-04,0.686,0.015,19683
1557,4.75017,4.72080,3.430e-04,0.680,0.019,19694
1558,4.65925,4.72080,3.427e-04,0.812,0.030,19569
1559,4.88785,4.72080,3.424e-04,0.779,0.019,19674
1560,4.78423,4.72080,3.421e-04,0.683,0.016,19691
1561,4.79791,4.72080,3.418e-04,0.716,0.023,19447
1562,4.81854,4.72080,3.415e-04,0.736,0.022,19692
1563,4.71913,4.72080,3.412e-04,0.732,0.021,19683
1564,4.96072,4.72080,3.409e-04,0.658,0.017,19587
1565,4.75396,4.72080,3.406e-04,0.677,0.017,19685
1566,4.82459,4.72080,3.403e-04,0.786,0.019,19696
1567,5.01317,4.72080,3.400e-04,0.712,0.019,19565
1568,4.79654,4.72080,3.397e-04,0.687,0.018,19682
1569,4.78167,4.72080,3.394e-04,0.702,0.017,19689
1570,4.75232,4.72080,3.391e-04,0.655,0.017,19585
1571,4.81079,4.72080,3.388e-04,0.742,0.020,19685
1572,4.75852,4.72080,3.385e-04,0.688,0.015,19686
1573,4.89692,4.72080,3.382e-04,0.698,0.016,19580
1574,4.88615,4.72080,3.379e-04,0.691,0.016,19679
1575,4.87749,4.72080,3.376e-04,0.714,0.016,19718
1576,4.90123,4.72080,3.373e-04,0.713,0.018,19573
1577,4.75284,4.72080,3.370e-04,0.640,0.014,19701
1578,4.67279,4.72080,3.367e-04,0.739,0.016,19689
1579,4.88287,4.72080,3.364e-04,0.645,0.013,19566
1580,4.66960,4.72080,3.361e-04,0.701,0.016,19684
1581,4.68082,4.72080,3.358e-04,0.665,0.018,19532
1582,4.96243,4.72080,3.355e-04,0.659,0.015,19596
1583,4.81298,4.72080,3.351e-04,0.723,0.015,19669
1584,4.59700,4.72080,3.348e-04,0.668,0.018,19676
1585,4.69733,4.72080,3.345e-04,0.726,0.018,19576
1586,4.60978,4.72080,3.342e-04,0.732,0.017,19697
1587,4.83647,4.72080,3.339e-04,0.658,0.014,19697
1588,4.78469,4.72080,3.336e-04,0.648,0.016,19588
1589,4.59964,4.72080,3.333e-04,0.671,0.015,19702
1590,4.68955,4.72080,3.330e-04,0.674,0.016,19664
1591,4.81692,4.72080,3.327e-04,0.673,0.014,19590
1592,4.54939,4.72080,3.324e-04,0.750,0.017,19675
1593,4.63572,4.72080,3.321e-04,0.672,0.016,19703
1594,4.72196,4.72080,3.318e-04,0.666,0.014,19587
1595,4.79649,4.72080,3.315e-04,0.703,0.017,19701
1596,4.66111,4.72080,3.312e-04,0.658,0.014,19692
1597,4.77956,4.72080,3.309e-04,0.632,0.015,19563
1598,4.58653,4.72080,3.306e-04,0.648,0.014,19709
1599,4.69093,4.72080,3.303e-04,0.667,0.014,19696
1600,4.99917,4.72080,3.300e-04,0.697,0.015,19578
1601,4.74810,4.72080,3.297e-04,0.774,0.019,19470
1602,4.84858,4.72080,3.294e-04,0.660,0.016,19710
1603,4.73473,4.72080,3.291e-04,0.676,0.013,19607
1604,4.70586,4.72080,3.288e-04,0.690,0.018,19682
1605,4.68399,4.72080,3.285e-04,0.681,0.015,19690
1606,4.90698,4.72080,3.282e-04,0.689,0.014,19593
1607,4.62988,4.72080,3.279e-04,0.883,0.021,19692
1608,4.84573,4.72080,3.276e-04,0.704,0.016,19673
1609,4.72050,4.72080,3.273e-04,0.709,0.015,19586
1610,4.84850,4.72080,3.270e-04,0.793,0.021,19682
1611,4.66088,4.72080,3.267e-04,0.711,0.017,19710
1612,4.72840,4.72080,3.264e-04,0.731,0.018,19586
1613,4.60601,4.72080,3.261e-04,0.721,0.018,19703
1614,4.65026,4.72080,3.258e-04,0.701,0.017,19677
1615,4.85315,4.72080,3.255e-04,0.689,0.016,19581
1616,4.84068,4.72080,3.252e-04,0.678,0.017,19686
1617,4.82579,4.72080,3.249e-04,0.689,0.016,19695
1618,4.72432,4.72080,3.245e-04,0.722,0.017,19590
1619,4.89260,4.72080,3.242e-04,0.749,0.020,19684
1620,4.49326,4.72080,3.239e-04,0.646,0.014,19702
1621,4.62885,4.72080,3.236e-04,0.679,0.016,19443
1622,4.77606,4.72080,3.233e-04,0.674,0.016,19679
1623,4.74263,4.72080,3.230e-04,0.677,0.016,19676
1624,4.71055,4.72080,3.227e-04,0.701,0.014,19600
1625,4.78726,4.72080,3.224e-04,0.678,0.016,19665
1626,4.86993,4.72080,3.221e-04,0.765,0.014,19716
1627,4.74524,4.72080,3.218e-04,0.663,0.015,19604
1628,4.81915,4.72080,3.215e-04,0.702,0.017,19660
1629,4.66386,4.72080,3.212e-04,0.693,0.015,19689
1630,4.61902,4.72080,3.209e-04,0.690,0.018,19608
1631,4.81551,4.72080,3.206e-04,0.670,0.015,19674
1632,4.92221,4.72080,3.203e-04,0.702,0.019,19692
1633,4.97788,4.72080,3.200e-04,0.721,0.019,19604
1634,4.84262,4.72080,3.197e-04,0.682,0.015,19669
1635,4.78073,4.72080,3.194e-04,0.709,0.017,19677
1636,4.70854,4.72080,3.191e-04,0.683,0.015,19593
1637,4.65025,4.72080,3.188e-04,0.768,0.018,19674
1638,4.55240,4.72080,3.185e-04,0.651,0.015,19687
1639,4.89572,4.72080,3.182e-04,0.675,0.015,19597
1640,4.81856,4.72080,3.179e-04,0.753,0.017,19671
1641,4.70516,4.72080,3.176e-04,0.747,0.022,19543
1642,4.82014,4.72080,3.173e-04,0.739,0.016,19618
1643,4.68915,4.72080,3.170e-04,0.692,0.018,19659
1644,4.81688,4.72080,3.167e-04,0.791,0.022,19687
1645,4.73569,4.72080,3.164e-04,0.667,0.014,19622
1646,4.78819,4.72080,3.161e-04,0.777,0.017,19675
1647,4.68998,4.72080,3.158e-04,0.684,0.016,19683
1648,4.58002,4.72080,3.155e-04,0.653,0.017,19599
1649,4.74407,4.72080,3.152e-04,0.681,0.015,19662
1650,4.71715,4.72080,3.149e-04,0.678,0.017,19691
1651,4.81952,4.72080,3.146e-04,0.688,0.017,19610
1652,4.82809,4.72080,3.143e-04,0.718,0.014,19668
1653,4.60344,4.72080,3.140e-04,0.671,0.016,19687
1654,4.77940,4.72080,3.137e-04,0.732,0.017,19624
1655,4.71673,4.72080,3.133e-04,0.672,0.017,19649
1656,4.72460,4.72080,3.130e-04,0.655,0.017,19685
1657,4.62238,4.72080,3.127e-04,0.667,0.013,19621
1658,4.84576,4.72080,3.124e-04,0.691,0.015,19688
1659,4.61308,4.72080,3.121e-04,0.684,0.016,19689
1660,4.85219,4.72080,3.118e-04,0.692,0.015,19610
1661,4.68229,4.72080,3.115e-04,0.758,0.018,19453
1662,4.77675,4.72080,3.112e-04,0.694,0.017,19711
1663,4.65228,4.72080,3.109e-04,0.727,0.018,19612
1664,4.68474,4.72080,3.106e-04,0.717,0.014,19671
1665,4.77838,4.72080,3.103e-04,0.675,0.015,19699
1666,4.62024,4.72080,3.100e-04,0.722,0.020,19631
1667,5.11829,4.72080,3.097e-04,0.697,0.015,19655
1668,4.64444,4.72080,3.094e-04,0.737,0.018,19694
1669,4.86780,4.72080,3.091e-04,0.677,0.016,19616
1670,4.68508,4.72080,3.088e-04,0.750,0.016,19671
1671,4.74025,4.72080,3.085e-04,0.744,0.017,19709
1672,4.82772,4.72080,3.082e-04,0.681,0.018,19621
1673,4.89330,4.72080,3.079e-04,0.723,0.016,19634
1674,4.80390,4.72080,3.076e-04,0.745,0.018,19700
1675,4.74609,4.72080,3.073e-04,0.702,0.016,19623
1676,4.78587,4.72080,3.070e-04,0.769,0.018,19657
1677,4.60463,4.72080,3.067e-04,0.724,0.015,19701
1678,4.70602,4.72080,3.064e-04,0.756,0.016,19627
1679,4.78733,4.72080,3.061e-04,0.701,0.017,19666
1680,4.77817,4.72080,3.058e-04,0.676,0.015,19686
1681,5.03581,4.72080,3.055e-04,0.688,0.015,19480
1682,4.67114,4.72080,3.052e-04,0.687,0.014,19635
1683,4.73624,4.72080,3.049e-04,0.674,0.016,19695
1684,4.64852,4.72080,3.046e-04,0.677,0.014,19637
1685,4.66722,4.72080,3.043e-04,0.718,0.016,19635
1686,4.62249,4.72080,3.040e-04,0.656,0.012,19699
1687,4.77142,4.72080,3.037e-04,0.668,0.014,19602
1688,4.72239,4.72080,3.034e-04,0.652,0.015,19627
1689,4.53582,4.72080,3.031e-04,0.731,0.018,19706
1690,4.73261,4.72080,3.028e-04,0.724,0.016,19646
1691,4.63178,4.72080,3.025e-04,0.668,0.016,19649
1692,4.81976,4.72080,3.022e-04,0.824,0.018,19681
1693,4.75245,4.72080,3.019e-04,0.641,0.015,19634
1694,4.57228,4.72080,3.016e-04,0.687,0.018,19635
1695,4.77787,4.72080,3.013e-04,0.730,0.014,19703
1696,4.80720,4.72080,3.010e-04,0.672,0.015,19645
1697,4.85204,4.72080,3.007e-04,0.703,0.016,19658
1698,4.97348,4.72080,3.004e-04,0.709,0.018,19694
1699,4.56586,4.72080,3.001e-04,0.707,0.015,19631
1700,4.49107,4.72080,2.998e-04,0.660,0.016,19643
1701,4.94229,4.72080,2.995e-04,0.708,0.017,19540
1702,4.60554,4.72080,2.992e-04,0.713,0.016,19633
1703,4.74098,4.72080,2.989e-04,0.677,0.015,19649
1704,4.77737,4.72080,2.986e-04,0.705,0.016,19687
1705,4.72079,4.72080,2.983e-04,0.677,0.014,19643
1706,4.73745,4.72080,2.980e-04,0.738,0.020,19634
1707,4.75124,4.72080,2.977e-04,0.705,0.018,19692
1708,4.48160,4.72080,2.974e-04,0.731,0.017,19636
1709,4.64323,4.72080,2.971e-04,0.710,0.014,19642
1710,4.51123,4.72080,2.968e-04,0.694,0.016,19688
1711,4.61778,4.72080,2.965e-04,0.733,0.016,19637
1712,4.76843,4.72080,2.962e-04,0.803,0.017,19637
1713,4.88676,4.72080,2.959e-04,0.669,0.014,19705
1714,4.67725,4.72080,2.956e-04,0.747,0.018,19641
1715,4.68034,4.72080,2.953e-04,0.745,0.018,19622
1716,4.74064,4.72080,2.950e-04,0.646,0.014,19708
1717,4.56702,4.72080,2.947e-04,0.701,0.014,19653
1718,4.57843,4.72080,2.944e-04,0.738,0.016,19619
1719,4.95039,4.72080,2.941e-04,0.756,0.018,19681
1720,4.75386,4.72080,2.938e-04,0.719,0.021,19636
1721,4.66878,4.72080,2.935e-04,0.687,0.016,19506
1722,4.87479,4.72080,2.932e-04,0.704,0.016,19697
1723,4.52778,4.72080,2.929e-04,0.686,0.015,19659
1724,4.68358,4.72080,2.926e-04,0.709,0.017,19617
1725,4.90857,4.72080,2.923e-04,0.689,0.017,19681
1726,4.89401,4.72080,2.920e-04,0.706,0.016,19642
1727,4.60275,4.72080,2.917e-04,0.720,0.016,19615
1728,4.53257,4.72080,2.914e-04,0.691,0.014,19706
1729,4.97345,4.72080,2.911e-04,0.706,0.016,19646
1730,4.98846,4.72080,2.908e-04,0.681,0.016,19607
1731,4.74788,4.72080,2.905e-04,0.705,0.015,19694
1732,4.57033,4.72080,2.902e-04,0.644,0.014,19661
1733,4.56115,4.72080,2.899e-04,0.648,0.018,19616
1734,4.71160,4.72080,2.896e-04,0.690,0.016,19684
1735,4.81210,4.72080,2.893e-04,0.655,0.013,19641
1736,4.87641,4.72080,2.890e-04,0.692,0.015,19610
1737,4.67477,4.72080,2.887e-04,0.729,0.015,19652
1738,4.68112,4.72080,2.884e-04,0.727,0.016,19618
1739,4.91413,4.72080,2.881e-04,0.700,0.015,19618
1740,4.80345,4.72080,2.878e-04,0.682,0.015,19700
1741,4.77376,4.72080,2.875e-04,0.685,0.016,19495
1742,4.79579,4.72080,2.872e-04,0.720,0.018,19620
1743,4.56177,4.72080,2.869e-04,0.701,0.015,19683
1744,4.59889,4.72080,2.866e-04,0.682,0.014,19666
1745,4.62278,4.72080,2.863e-04,0.668,0.014,19599
1746,4.57816,4.72080,2.860e-04,0.681,0.015,19691
1747,4.65686,4.72080,2.857e-04,0.650,0.015,19649
1748,4.83248,4.72080,2.854e-04,0.676,0.015,19617
1749,4.70196,4.72080,2.851e-04,0.697,0.017,19691
1750,4.59938,4.59427,2.848e-04,0.666,0.014,6144
1751,4.64864,4.59427,2.845e-04,0.723,0.017,19841
1752,4.85781,4.59427,2.842e-04,0.674,0.014,19673
1753,4.81953,4.59427,2.839e-04,0.675,0.022,19608
1754,4.82141,4.59427,2.836e-04,0.738,0.017,19695
1755,4.79026,4.59427,2.833e-04,0.770,0.021,19653
1756,4.68641,4.59427,2.830e-04,0.786,0.018,19601
1757,4.54589,4.59427,2.827e-04,0.702,0.018,19693
1758,5.02311,4.59427,2.824e-04,0.761,0.018,19671
1759,4.55780,4.59427,2.821e-04,0.674,0.015,19614
1760,4.70994,4.59427,2.818e-04,0.710,0.016,19693
1761,4.59607,4.59427,2.815e-04,0.692,0.017,19516
1762,4.72519,4.59427,2.812e-04,0.674,0.017,19610
1763,4.90075,4.59427,2.809e-04,0.668,0.015,19682
1764,4.45441,4.59427,2.806e-04,0.695,0.016,19654
1765,4.47060,4.59427,2.803e-04,0.706,0.019,19614
1766,4.76555,4.59427,2.800e-04,0.730,0.018,19694
1767,4.52404,4.59427,2.797e-04,0.774,0.016,19667
1768,4.76036,4.59427,2.794e-04,0.698,0.017,19590
1769,4.53030,4.59427,2.791e-04,0.782,0.017,19693
1770,4.94927,4.59427,2.788e-04,0.763,0.016,19671
1771,4.83862,4.59427,2.785e-04,0.680,0.014,19602
1772,4.76453,4.59427,2.782e-04,0.690,0.014,19691
1773,4.75422,4.59427,2.779e-04,0.732,0.016,19664
1774,4.71140,4.59427,2.776e-04,0.752,0.018,19600
1775,4.85397,4.59427,2.773e-04,0.719,0.017,19669
1776,4.76639,4.59427,2.770e-04,0.707,0.015,19669
1777,4.90809,4.59427,2.767e-04,0.769,0.015,19598
1778,4.70350,4.59427,2.764e-04,0.691,0.017,19682
1779,4.76707,4.59427,2.761e-04,0.714,0.019,19650
1780,4.86030,4.59427,2.758e-04,0.749,0.016,19589
1781,4.80913,4.59427,2.755e-04,0.666,0.015,19477
1782,4.71666,4.59427,2.752e-04,0.685,0.015,19669
1783,4.74907,4.59427,2.750e-04,0.752,0.016,19578
1784,4.72601,4.59427,2.747e-04,0.688,0.017,19707
1785,4.73461,4.59427,2.744e-04,0.686,0.017,19686
1786,4.67328,4.59427,2.741e-04,0.647,0.014,19589
1787,4.77203,4.59427,2.738e-04,0.656,0.016,19699
1788,4.75016,4.59427,2.735e-04,0.714,0.019,19679
1789,4.53063,4.59427,2.732e-04,0.650,0.014,19600
1790,4.62923,4.59427,2.729e-04,0.719,0.016,19682
1791,4.41533,4.59427,2.726e-04,0.696,0.014,19680
1792,4.60617,4.59427,2.723e-04,0.679,0.014,19598
1793,4.89959,4.59427,2.720e-04,0.640,0.014,19680
1794,4.51070,4.59427,2.717e-04,0.837,0.017,19698
1795,4.72773,4.59427,2.714e-04,0.704,0.014,19587
1796,4.87569,4.59427,2.711e-04,0.700,0.019,19709
1797,4.68490,4.59427,2.708e-04,0.704,0.017,19693
1798,4.56824,4.59427,2.705e-04,0.663,0.015,19586
1799,4.61313,4.59427,2.702e-04,0.747,0.017,19699
1800,4.89801,4.59427,2.699e-04,0.687,0.016,19689
1801,4.86553,4.59427,2.696e-04,0.617,0.013,19445
1802,4.73427,4.59427,2.693e-04,0.656,0.016,19690
1803,4.72757,4.59427,2.690e-04,0.662,0.014,19700
1804,4.79360,4.59427,2.687e-04,0.676,0.016,19586
1805,4.70563,4.59427,2.684e-04,0.663,0.015,19692
1806,4.65873,4.59427,2.681e-04,0.720,0.018,19678
1807,4.57662,4.59427,2.679e-04,0.768,0.016,19571
1808,4.53588,4.59427,2.676e-04,0.688,0.016,19715
1809,4.81381,4.59427,2.673e-04,0.738,0.017,19683
1810,4.59769,4.59427,2.670e-04,0.705,0.015,19594
1811,4.66957,4.59427,2.667e-04,0.742,0.016,19682
1812,4.69479,4.59427,2.664e-04,0.698,0.017,19699
1813,4.43362,4.59427,2.661e-04,0.818,0.019,19593
1814,4.77566,4.59427,2.658e-04,0.714,0.016,19681
1815,4.61612,4.59427,2.655e-04,0.678,0.015,19697
1816,4.77814,4.59427,2.652e-04,0.734,0.015,19591
1817,4.56752,4.59427,2.649e-04,0.757,0.019,19694
1818,4.61267,4.59427,2.646e-04,0.720,0.016,19696
1819,4.55074,4.59427,2.643e-04,0.696,0.018,19586
1820,4.80699,4.59427,2.640e-04,0.768,0.018,19707
1821,4.65348,4.59427,2.637e-04,0.706,0.016,19546
1822,4.56878,4.59427,2.634e-04,0.723,0.019,19593
1823,4.71990,4.59427,2.631e-04,0.737,0.018,19685
1824,4.80457,4.59427,2.629e-04,0.721,0.018,19691
1825,4.59987,4.59427,2.626e-04,0.759,0.019,19583
1826,4.58571,4.59427,2.623e-04,0.708,0.014,19708
1827,4.73623,4.59427,2.620e-04,0.718,0.015,19680
1828,4.87333,4.59427,2.617e-04,0.744,0.017,19588
1829,4.51782,4.59427,2.614e-04,0.753,0.019,19700
1830,4.69969,4.59427,2.611e-04,0.699,0.015,19706
1831,4.57491,4.59427,2.608e-04,0.731,0.015,19565
1832,4.60803,4.59427,2.605e-04,0.701,0.016,19692
1833,4.77497,4.59427,2.602e-04,0.735,0.015,19704
1834,4.61325,4.59427,2.599e-04,0.680,0.017,19616
1835,4.65058,4.59427,2.596e-04,0.702,0.016,19692
1836,4.61260,4.59427,2.593e-04,0.719,0.016,19699
1837,5.02046,4.59427,2.590e-04,0.905,0.018,19577
1838,4.63151,4.59427,2.588e-04,0.785,0.019,19706
1839,4.58888,4.59427,2.585e-04,0.669,0.013,19690
1840,4.62792,4.59427,2.582e-04,0.696,0.014,19578
1841,4.57502,4.59427,2.579e-04,0.715,0.016,19475
1842,4.71896,4.59427,2.576e-04,0.707,0.014,19728
1843,4.56671,4.59427,2.573e-04,0.712,0.017,19571
1844,4.71640,4.59427,2.570e-04,0.713,0.016,19674
1845,4.73838,4.59427,2.567e-04,0.694,0.015,19685
1846,4.69737,4.59427,2.564e-04,0.749,0.017,19583
1847,4.71705,4.59427,2.561e-04,0.726,0.014,19700
1848,4.66146,4.59427,2.558e-04,0.686,0.016,19704
1849,4.90292,4.59427,2.555e-04,0.881,0.017,19593
1850,4.57892,4.59427,2.553e-04,0.694,0.015,19688
1851,4.59876,4.59427,2.550e-04,0.759,0.017,19682
1852,4.64908,4.59427,2.547e-04,0.715,0.018,19583
1853,4.55621,4.59427,2.544e-04,0.686,0.014,19684
1854,4.68134,4.59427,2.541e-04,0.701,0.014,19693
1855,4.55827,4.59427,2.538e-04,0.691,0.015,19592
1856,4.64826,4.59427,2.535e-04,0.684,0.015,19692
1857,4.44341,4.59427,2.532e-04,0.678,0.016,19678
1858,4.41768,4.59427,2.529e-04,0.744,0.015,19584
1859,4.66597,4.59427,2.526e-04,0.787,0.020,19685
1860,4.78543,4.59427,2.523e-04,0.681,0.015,19695
1861,4.69811,4.59427,2.521e-04,0.712,0.016,19430
1862,4.59595,4.59427,2.518e-04,0.732,0.016,19699
1863,4.71675,4.59427,2.515e-04,0.724,0.015,19686
1864,4.75193,4.59427,2.512e-04,0.740,0.014,19588
1865,4.70342,4.59427,2.509e-04,0.744,0.017,19694
1866,4.71076,4.59427,2.506e-04,0.687,0.014,19693
1867,4.68272,4.59427,2.503e-04,0.701,0.014,19583
1868,4.87225,4.59427,2.500e-04,0.803,0.015,19702
1869,4.56532,4.59427,2.497e-04,0.688,0.014,19677
1870,4.59584,4.59427,2.495e-04,0.676,0.015,19586
1871,4.61599,4.59427,2.492e-04,0.698,0.014,19678
1872,4.69408,4.59427,2.489e-04,0.663,0.014,19696
1873,4.57563,4.59427,2.486e-04,0.711,0.015,19582
1874,4.55014,4.59427,2.483e-04,0.678,0.015,19692
1875,4.75028,4.59427,2.480e-04,0.695,0.014,19695
1876,4.61671,4.59427,2.477e-04,0.684,0.013,19579
1877,4.64779,4.59427,2.474e-04,0.688,0.014,19660
1878,4.40615,4.59427,2.471e-04,0.687,0.016,19684
1879,4.77458,4.59427,2.469e-04,0.676,0.018,19585
1880,4.60260,4.59427,2.466e-04,0.674,0.013,19686
1881,4.75221,4.59427,2.463e-04,0.697,0.017,19562
1882,4.51070,4.59427,2.460e-04,0.669,0.013,19594
1883,4.58245,4.59427,2.457e-04,0.726,0.016,19697
1884,4.74142,4.59427,2.454e-04,0.739,0.016,19697
1885,4.77446,4.59427,2.451e-04,0.743,0.017,19594
1886,4.57942,4.59427,2.448e-04,0.715,0.016,19702
1887,4.62955,4.59427,2.446e-04,0.664,0.014,19703
1888,4.68823,4.59427,2.443e-04,0.724,0.016,19577
1889,4.42691,4.59427,2.440e-04,0.702,0.018,19690
1890,4.67479,4.59427,2.437e-04,0.716,0.014,19692
1891,4.72569,4.59427,2.434e-04,0.746,0.016,19588
1892,4.49537,4.59427,2.431e-04,0.722,0.015,19701
1893,4.53404,4.59427,2.428e-04,0.751,0.016,19683
1894,4.66719,4.59427,2.425e-04,0.696,0.016,19584
1895,4.45902,4.59427,2.423e-04,0.749,0.018,19687
1896,4.50212,4.59427,2.420e-04,0.751,0.019,19677
1897,4.65808,4.59427,2.417e-04,0.714,0.015,19598
1898,4.67371,4.59427,2.414e-04,0.706,0.015,19694
1899,4.48764,4.59427,2.411e-04,0.692,0.016,19672
1900,4.28849,4.59427,2.408e-04,0.701,0.016,19599
1901,4.63702,4.59427,2.405e-04,0.721,0.016,19505
1902,4.38403,4.59427,2.403e-04,0.687,0.015,19732
1903,4.43158,4.59427,2.400e-04,0.688,0.018,19580
1904,4.67808,4.59427,2.397e-04,0.701,0.013,19694
1905,4.63266,4.59427,2.394e-04,0.711,0.017,19705
1906,4.66752,4.59427,2.391e-04,0.694,0.014,19598
1907,4.66699,4.59427,2.388e-04,0.704,0.015,19700
1908,4.41193,4.59427,2.385e-04,0.730,0.017,19693
1909,4.46203,4.59427,2.383e-04,0.718,0.017,19595
1910,4.56853,4.59427,2.380e-04,0.669,0.013,19684
1911,4.56307,4.59427,2.377e-04,0.705,0.016,19691
1912,4.57124,4.59427,2.374e-04,0.685,0.015,19590
1913,4.66259,4.59427,2.371e-04,0.705,0.017,19689
1914,4.41586,4.59427,2.368e-04,0.712,0.016,19686
1915,4.63379,4.59427,2.365e-04,0.695,0.017,19582
1916,4.73295,4.59427,2.363e-04,0.714,0.016,19688
1917,4.63019,4.59427,2.360e-04,0.704,0.016,19699
1918,4.41604,4.59427,2.357e-04,0.692,0.015,19591
1919,4.62209,4.59427,2.354e-04,0.715,0.016,19670
1920,4.54357,4.59427,2.351e-04,0.696,0.016,19697
1921,4.74290,4.59427,2.348e-04,0.719,0.016,19433
1922,4.73291,4.59427,2.346e-04,0.683,0.014,19681
1923,4.64883,4.59427,2.343e-04,0.702,0.015,19688
1924,4.62156,4.59427,2.340e-04,0.717,0.017,19592
1925,4.62338,4.59427,2.337e-04,0.759,0.017,19682
1926,4.61584,4.59427,2.334e-04,0.784,0.016,19677
1927,4.37611,4.59427,2.331e-04,0.709,0.016,19615
1928,4.29922,4.59427,2.329e-04,0.731,0.019,19660
1929,4.58604,4.59427,2.326e-04,0.719,0.015,19693
1930,4.40322,4.59427,2.323e-04,0.746,0.015,19615
1931,4.72009,4.59427,2.320e-04,0.675,0.014,19669
1932,4.63652,4.59427,2.317e-04,0.719,0.016,19682
1933,4.67753,4.59427,2.315e-04,0.678,0.014,19618
1934,4.64954,4.59427,2.312e-04,0.716,0.015,19674
1935,4.76284,4.59427,2.309e-04,0.784,0.015,19707
1936,4.51371,4.59427,2.306e-04,0.730,0.015,19581
1937,4.61125,4.59427,2.303e-04,0.739,0.018,19676
1938,4.81918,4.59427,2.300e-04,0.709,0.015,19678
1939,4.56787,4.59427,2.298e-04,0.713,0.016,19611
1940,4.44034,4.59427,2.295e-04,0.759,0.017,19665
1941,4.53037,4.59427,2.292e-04,0.763,0.015,19550
1942,4.65304,4.59427,2.289e-04,0.811,0.017,19599
1943,4.54878,4.59427,2.286e-04,0.743,0.016,19670
1944,4.47346,4.59427,2.284e-04,0.705,0.018,19686
1945,4.54857,4.59427,2.281e-04,0.754,0.018,19608
1946,4.26424,4.59427,2.278e-04,0.700,0.016,19654
1947,4.93626,4.59427,2.275e-04,0.739,0.016,19715
1948,4.45900,4.59427,2.272e-04,0.739,0.014,19606
1949,4.57493,4.59427,2.270e-04,0.722,0.017,19643
1950,4.61275,4.59427,2.267e-04,0.724,0.016,19702
1951,4.55569,4.59427,2.264e-04,0.720,0.015,19612
1952,4.52845,4.59427,2.261e-04,0.702,0.014,19658
1953,4.46867,4.59427,2.258e-04,0.724,0.016,19706
1954,4.20041,4.59427,2.256e-04,0.745,0.015,19600
1955,4.61979,4.59427,2.253e-04,0.718,0.014,19671
1956,4.70889,4.59427,2.250e-04,0.703,0.015,19678
1957,4.57920,4.59427,2.247e-04,0.699,0.015,19624
1958,4.67448,4.59427,2.244e-04,0.666,0.016,19657
1959,4.49595,4.59427,2.242e-04,0.699,0.016,19683
1960,4.74240,4.59427,2.239e-04,0.682,0.014,19604
1961,4.32990,4.59427,2.236e-04,0.725,0.017,19445
1962,4.70849,4.59427,2.233e-04,0.712,0.013,19704
1963,4.73740,4.59427,2.230e-04,0.673,0.015,19621
1964,4.36737,4.59427,2.228e-04,0.708,0.016,19647
1965,4.60954,4.59427,2.225e-04,0.708,0.014,19684
1966,4.68768,4.59427,2.222e-04,0.741,0.015,19635
1967,4.72753,4.59427,2.219e-04,0.641,0.012,19644
1968,4.61011,4.59427,2.217e-04,0.745,0.015,19703
1969,4.47605,4.59427,2.214e-04,0.678,0.013,19604
1970,4.72746,4.59427,2.211e-04,0.703,0.016,19635
1971,4.74887,4.59427,2.208e-04,0.674,0.014,19697
1972,4.58880,4.59427,2.206e-04,0.715,0.015,19610
1973,4.60907,4.59427,2.203e-04,0.704,0.015,19646
1974,4.53440,4.59427,2.200e-04,0.740,0.015,19682
1975,4.72186,4.59427,2.197e-04,0.733,0.015,19631
1976,4.63182,4.59427,2.194e-04,0.795,0.017,19637
1977,4.42534,4.59427,2.192e-04,0.686,0.014,19698
1978,4.44874,4.59427,2.189e-04,0.733,0.016,19626
1979,4.49894,4.59427,2.186e-04,0.641,0.013,19652
1980,4.62067,4.59427,2.183e-04,0.734,0.014,19686
1981,4.55604,4.59427,2.181e-04,0.684,0.013,19480
1982,4.63624,4.59427,2.178e-04,0.728,0.015,19618
1983,4.53754,4.59427,2.175e-04,0.729,0.014,19706
1984,4.59545,4.59427,2.172e-04,0.716,0.017,19619
1985,4.36879,4.59427,2.170e-04,0.699,0.016,19627
1986,4.55217,4.59427,2.167e-04,0.703,0.015,19693
1987,4.49058,4.59427,2.164e-04,0.714,0.016,19643
1988,4.85490,4.59427,2.161e-04,0.689,0.014,19622
1989,4.53118,4.59427,2.159e-04,0.685,0.013,19663
1990,4.49742,4.59427,2.156e-04,0.722,0.017,19644
1991,4.31929,4.59427,2.153e-04,0.712,0.013,19622
1992,4.71601,4.59427,2.150e-04,0.753,0.016,19691
1993,4.44740,4.59427,2.148e-04,0.713,0.015,19640
1994,4.72197,4.59427,2.145e-04,0.719,0.015,19621
1995,4.53523,4.59427,2.142e-04,0.713,0.014,19714
1996,4.48916,4.59427,2.139e-04,0.711,0.015,19660
1997,4.56067,4.59427,2.137e-04,0.682,0.016,19620
1998,4.42079,4.59427,2.134e-04,0.747,0.015,19694
1999,4.46315,4.59427,2.131e-04,0.688,0.014,19653
2000,4.61851,4.47538,2.129e-04,0.688,0.015,6133
2001,4.52917,4.47538,2.126e-04,0.676,0.014,19823
2002,4.78577,4.47538,2.123e-04,0.859,0.020,19628
2003,4.43884,4.47538,2.120e-04,0.711,0.015,19694
2004,4.62338,4.47538,2.118e-04,0.722,0.015,19645
2005,4.48174,4.47538,2.115e-04,0.697,0.016,19638
2006,4.62218,4.47538,2.112e-04,0.753,0.016,19695
2007,4.57084,4.47538,2.109e-04,0.706,0.016,19636
2008,4.65979,4.47538,2.107e-04,0.744,0.019,19619
2009,4.57746,4.47538,2.104e-04,0.674,0.015,19709
2010,4.54271,4.47538,2.101e-04,0.715,0.015,19649
2011,4.40212,4.47538,2.099e-04,0.746,0.017,19631
2012,4.52545,4.47538,2.096e-04,0.730,0.018,19679
2013,4.38785,4.47538,2.093e-04,0.736,0.017,19645
2014,4.72131,4.47538,2.090e-04,0.723,0.015,19606
2015,4.58828,4.47538,2.088e-04,0.701,0.015,19680
2016,4.76089,4.47538,2.085e-04,0.774,0.015,19670
2017,4.43082,4.47538,2.082e-04,0.832,0.018,19633
2018,4.41264,4.47538,2.080e-04,0.713,0.015,19671
2019,4.30911,4.47538,2.077e-04,0.713,0.014,19652
2020,4.50013,4.47538,2.074e-04,0.743,0.016,19641
2021,4.74728,4.47538,2.072e-04,0.747,0.017,19522
2022,4.78180,4.47538,2.069e-04,0.722,0.014,19673
2023,4.47128,4.47538,2.066e-04,0.736,0.016,19611
2024,4.55118,4.47538,2.063e-04,0.703,0.014,19695
2025,4.68438,4.47538,2.061e-04,0.706,0.014,19647
2026,4.56985,4.47538,2.058e-04,0.733,0.017,19637
2027,4.67906,4.47538,2.055e-04,0.745,0.016,19683
2028,4.69260,4.47538,2.053e-04,0.796,0.015,19655
2029,4.49879,4.47538,2.050e-04,0.681,0.014,19631
2030,4.33995,4.47538,2.047e-04,0.743,0.016,19678
2031,4.46098,4.47538,2.045e-04,0.678,0.015,19638
2032,4.48918,4.47538,2.042e-04,0.688,0.014,19620
2033,4.60847,4.47538,2.039e-04,0.740,0.020,19690
2034,4.67885,4.47538,2.037e-04,0.783,0.015,19656
2035,4.52717,4.47538,2.034e-04,0.717,0.014,19621
2036,4.43724,4.47538,2.031e-04,0.759,0.016,19711
2037,4.47926,4.47538,2.029e-04,0.747,0.016,19659
2038,4.53222,4.47538,2.026e-04,0.681,0.014,19619
2039,4.66928,4.47538,2.023e-04,0.730,0.015,19714
2040,4.54230,4.47538,2.021e-04,0.862,0.017,19661
2041,4.64681,4.47538,2.018e-04,0.718,0.017,19462
2042,4.47014,4.47538,2.015e-04,0.698,0.015,19711
2043,4.50862,4.47538,2.013e-04,0.719,0.018,19656
2044,4.75533,4.47538,2.010e-04,0.705,0.016,19625
2045,4.36609,4.47538,2.007e-04,0.820,0.019,19706
2046,4.30665,4.47538,2.005e-04,0.739,0.017,19649
2047,4.64970,4.47538,2.002e-04,0.748,0.014,19630
2048,4.71259,4.47538,1.999e-04,0.722,0.016,19707
2049,4.52043,4.47538,1.997e-04,0.712,0.015,19677
2050,4.53486,4.47538,1.994e-04,0.757,0.016,19621
2051,4.55876,4.47538,1.991e-04,0.766,0.016,19688
2052,4.31149,4.47538,1.989e-04,0.746,0.016,19668
2053,4.73347,4.47538,1.986e-04,0.750,0.017,19606
2054,4.64754,4.47538,1.983e-04,0.750,0.018,19664
2055,4.47540,4.47538,1.981e-04,0.712,0.014,19662
2056,4.41978,4.47538,1.978e-04,0.718,0.014,19595
2057,4.69687,4.47538,1.975e-04,0.727,0.014,19673
2058,4.57297,4.47538,1.973e-04,0.731,0.014,19671
2059,4.57901,4.47538,1.970e-04,0.759,0.017,19603
2060,4.62114,4.47538,1.968e-04,0.679,0.015,19688
2061,4.44194,4.47538,1.965e-04,0.722,0.013,19524
2062,4.52182,4.47538,1.962e-04,0.699,0.016,19614
2063,4.45045,4.47538,1.960e-04,0.699,0.015,19691
2064,4.66960,4.47538,1.957e-04,0.745,0.015,19679
2065,4.45938,4.47538,1.954e-04,0.692,0.013,19617
2066,4.89588,4.47538,1.952e-04,0.764,0.016,19700
2067,4.62509,4.47538,1.949e-04,0.722,0.015,19666
2068,4.50584,4.47538,1.947e-04,0.642,0.015,19604
2069,4.81044,4.47538,1.944e-04,0.680,0.015,19682
2070,4.50993,4.47538,1.941e-04,0.750,0.015,19669
2071,4.54386,4.47538,1.939e-04,0.695,0.014,19598
2072,4.61540,4.47538,1.936e-04,0.708,0.014,19708
2073,4.64360,4.47538,1.933e-04,0.711,0.015,19681
2074,4.60589,4.47538,1.931e-04,0.731,0.015,19605
2075,4.33472,4.47538,1.928e-04,0.746,0.018,19693
2076,4.53741,4.47538,1.926e-04,0.719,0.018,19678
2077,4.50997,4.47538,1.923e-04,0.709,0.014,19596
2078,4.54997,4.47538,1.920e-04,0.695,0.017,19687
2079,4.66379,4.47538,1.918e-04,0.681,0.014,19676
2080,4.43684,4.47538,1.915e-04,0.762,0.014,19607
2081,4.42047,4.47538,1.913e-04,0.738,0.018,19497
2082,4.54808,4.47538,1.910e-04,0.771,0.013,19687
2083,4.25601,4.47538,1.907e-04,0.738,0.018,19593
2084,4.48278,4.47538,1.905e-04,0.724,0.014,19692
2085,4.50851,4.47538,1.902e-04,0.703,0.014,19681
2086,4.62570,4.47538,1.900e-04,0.820,0.016,19593
2087,4.65092,4.47538,1.897e-04,0.735,0.017,19728
2088,4.75766,4.47538,1.894e-04,0.694,0.017,19663
2089,4.48512,4.47538,1.892e-04,0.741,0.017,19608
2090,4.57286,4.47538,1.889e-04,0.764,0.016,19691
2091,4.69809,4.47538,1.887e-04,0.683,0.014,19691
2092,4.57422,4.47538,1.884e-04,0.748,0.017,19609
2093,4.70197,4.47538,1.882e-04,0.720,0.015,19695
2094,4.40762,4.47538,1.879e-04,0.734,0.015,19694
2095,4.57089,4.47538,1.876e-04,0.752,0.014,19596
2096,4.20692,4.47538,1.874e-04,0.733,0.016,19438
2097,4.66149,4.47538,1.871e-04,0.712,0.017,19185
2098,4.43085,4.47538,1.869e-04,0.741,0.016,19586
2099,4.18081,4.47538,1.866e-04,0.791,0.021,19723
2100,4.68769,4.47538,1.864e-04,0.691,0.014,19110
2101,4.60554,4.47538,1.861e-04,0.771,0.014,19499
2102,4.51483,4.47538,1.858e-04,0.706,0.013,19480
2103,4.58218,4.47538,1.856e-04,0.712,0.016,19866
2104,4.63512,4.47538,1.853e-04,0.732,0.015,20084
2105,4.57670,4.47538,1.851e-04,0.714,0.016,20002
2106,4.28226,4.47538,1.848e-04,0.718,0.014,20178
2107,4.54492,4.47538,1.846e-04,0.719,0.015,20220
2108,4.70934,4.47538,1.843e-04,0.750,0.015,20018
2109,4.57889,4.47538,1.841e-04,0.737,0.015,19984
2110,4.43387,4.47538,1.838e-04,0.736,0.012,20131
2111,4.57451,4.47538,1.835e-04,0.707,0.013,20131
2112,4.73972,4.47538,1.833e-04,0.775,0.015,20250
2113,4.60410,4.47538,1.830e-04,0.728,0.013,20257
2114,4.48483,4.47538,1.828e-04,0.786,0.016,20253
2115,4.51248,4.47538,1.825e-04,0.715,0.015,20217
2116,4.44490,4.47538,1.823e-04,0.719,0.016,20207
2117,4.51632,4.47538,1.820e-04,0.683,0.013,20223
2118,4.43324,4.47538,1.818e-04,0.758,0.016,20246
2119,4.39896,4.47538,1.815e-04,0.756,0.017,20223
2120,4.46926,4.47538,1.813e-04,0.724,0.013,20236
2121,4.46991,4.47538,1.810e-04,0.668,0.014,19757
2122,4.42891,4.47538,1.808e-04,0.697,0.015,20132
2123,4.22548,4.47538,1.805e-04,0.669,0.012,20230
2124,4.45984,4.47538,1.802e-04,0.663,0.012,20237
2125,4.52421,4.47538,1.800e-04,0.716,0.016,19839
2126,4.67827,4.47538,1.797e-04,0.630,0.013,20065
2127,4.21886,4.47538,1.795e-04,0.745,0.017,20261
2128,4.46649,4.47538,1.792e-04,0.724,0.014,20219
2129,4.30227,4.47538,1.790e-04,0.663,0.013,20233
2130,4.59293,4.47538,1.787e-04,0.689,0.013,19743
2131,4.72815,4.47538,1.785e-04,0.750,0.015,18387
2132,4.80296,4.47538,1.782e-04,0.676,0.013,18750
2133,4.79816,4.47538,1.780e-04,0.710,0.015,19638
2134,4.65881,4.47538,1.777e-04,0.714,0.015,20038
2135,4.50581,4.47538,1.775e-04,0.719,0.015,19855
2136,4.55418,4.47538,1.772e-04,0.722,0.014,20231
2137,4.48117,4.47538,1.770e-04,0.713,0.014,19549
2138,4.71485,4.47538,1.767e-04,0.689,0.013,19434
2139,4.53753,4.47538,1.765e-04,0.712,0.015,19253
2140,4.44707,4.47538,1.762e-04,0.755,0.016,19080
2141,4.66836,4.47538,1.760e-04,0.669,0.014,19429
2142,4.70600,4.47538,1.757e-04,0.738,0.017,19371
2143,4.46685,4.47538,1.755e-04,0.698,0.015,19939
2144,4.67180,4.47538,1.752e-04,0.761,0.014,19766
2145,4.68559,4.47538,1.750e-04,0.701,0.016,19740
2146,4.60217,4.47538,1.747e-04,0.714,0.014,20170
2147,4.49494,4.47538,1.745e-04,0.740,0.016,19896
2148,4.52841,4.47538,1.743e-04,0.678,0.013,20015
2149,4.64231,4.47538,1.740e-04,0.736,0.014,19351
2150,4.54084,4.47538,1.738e-04,0.717,0.015,19277
2151,4.73610,4.47538,1.735e-04,0.685,0.014,19326
2152,4.37106,4.47538,1.733e-04,0.748,0.016,19275
2153,4.55980,4.47538,1.730e-04,0.688,0.014,19319
2154,4.74518,4.47538,1.728e-04,0.743,0.015,17687
2155,4.46649,4.47538,1.725e-04,0.797,0.018,17751
2156,4.78027,4.47538,1.723e-04,0.849,0.018,17736
2157,4.52890,4.47538,1.720e-04,0.702,0.015,17690
2158,4.57999,4.47538,1.718e-04,0.717,0.013,17723
2159,4.39054,4.47538,1.715e-04,0.681,0.016,17755
2160,4.59240,4.47538,1.713e-04,0.705,0.015,17732
2161,4.44781,4.47538,1.711e-04,0.709,0.014,17628
2162,4.61806,4.47538,1.708e-04,0.712,0.016,17749
2163,4.82217,4.47538,1.706e-04,0.745,0.019,17736
2164,4.47495,4.47538,1.703e-04,0.698,0.014,17730
2165,4.35242,4.47538,1.701e-04,0.744,0.016,17711
2166,4.56980,4.47538,1.698e-04,0.709,0.015,17721
2167,4.60820,4.47538,1.696e-04,0.701,0.014,17766
2168,4.47738,4.47538,1.693e-04,0.739,0.014,17735
2169,4.66449,4.47538,1.691e-04,0.694,0.014,17724
2170,4.62204,4.47538,1.689e-04,0.737,0.015,17727
2171,4.31676,4.47538,1.686e-04,0.738,0.015,17775
2172,4.58337,4.47538,1.684e-04,0.706,0.014,17757
2173,4.33803,4.47538,1.681e-04,0.697,0.015,17756
2174,4.43859,4.47538,1.679e-04,0.742,0.015,17715
2175,4.38782,4.47538,1.676e-04,0.739,0.015,17712
2176,4.58886,4.47538,1.674e-04,0.717,0.016,17703
2177,4.82252,4.47538,1.672e-04,0.721,0.016,17733
2178,4.48535,4.47538,1.669e-04,0.765,0.018,17709
2179,4.65671,4.47538,1.667e-04,0.711,0.013,17697
2180,4.33036,4.47538,1.664e-04,0.716,0.017,18394
2181,4.50366,4.47538,1.662e-04,0.742,0.017,18086
2182,4.59009,4.47538,1.660e-04,0.707,0.015,17847
2183,4.53037,4.47538,1.657e-04,0.752,0.014,17809
2184,4.41622,4.47538,1.655e-04,0.748,0.015,17821
2185,4.49713,4.47538,1.652e-04,0.787,0.017,17876
2186,4.49159,4.47538,1.650e-04,0.714,0.015,17838
2187,4.44155,4.47538,1.648e-04,0.803,0.020,17862
2188,4.42688,4.47538,1.645e-04,0.748,0.014,17874
2189,4.34467,4.47538,1.643e-04,0.706,0.017,17862
2190,4.62710,4.47538,1.640e-04,0.716,0.016,17862
2191,4.40387,4.47538,1.638e-04,0.754,0.017,17787
2192,4.64826,4.47538,1.636e-04,0.685,0.013,17854
2193,4.67004,4.47538,1.633e-04,0.719,0.018,17842
2194,4.57152,4.47538,1.631e-04,0.707,0.015,17793
2195,4.63792,4.47538,1.628e-04,0.710,0.013,17858
2196,4.47278,4.47538,1.626e-04,0.685,0.013,17838
2197,4.65635,4.47538,1.624e-04,0.730,0.014,17806
2198,4.56132,4.47538,1.621e-04,0.704,0.014,17834
2199,4.72478,4.47538,1.619e-04,0.728,0.015,17812
2200,4.68284,4.47538,1.617e-04,0.746,0.013,17847
2201,4.40475,4.47538,1.614e-04,0.778,0.014,17693
2202,4.53386,4.47538,1.612e-04,0.725,0.015,17855
2203,4.65327,4.47538,1.609e-04,0.717,0.013,17837
2204,4.50060,4.47538,1.607e-04,0.800,0.015,17861
2205,4.40791,4.47538,1.605e-04,0.712,0.013,17849
2206,4.53405,4.47538,1.602e-04,0.703,0.013,17837
2207,4.81801,4.47538,1.600e-04,0.683,0.013,17723
2208,4.44356,4.47538,1.598e-04,0.742,0.017,17868
2209,4.65503,4.47538,1.595e-04,0.685,0.014,17793
2210,4.39063,4.47538,1.593e-04,0.700,0.015,17798
2211,4.58680,4.47538,1.591e-04,0.691,0.014,17833
2212,4.50550,4.47538,1.588e-04,0.740,0.013,17793
2213,4.46633,4.47538,1.586e-04,0.742,0.015,17838
2214,4.26119,4.47538,1.584e-04,0.704,0.015,17806
2215,4.64832,4.47538,1.581e-04,0.765,0.016,17824
2216,4.70639,4.47538,1.579e-04,0.685,0.013,17872
2217,4.49539,4.47538,1.577e-04,0.742,0.015,17810
2218,4.58192,4.47538,1.574e-04,0.701,0.014,17837
2219,4.60465,4.47538,1.572e-04,0.751,0.014,17818
2220,4.41983,4.47538,1.570e-04,0.773,0.019,17828
2221,4.42217,4.47538,1.567e-04,0.744,0.016,17672
2222,4.34944,4.47538,1.565e-04,0.758,0.016,17855
2223,4.67484,4.47538,1.563e-04,0.730,0.015,17833
2224,4.52377,4.47538,1.560e-04,0.754,0.019,17800
2225,4.40289,4.47538,1.558e-04,0.778,0.020,17874
2226,4.61152,4.47538,1.556e-04,0.729,0.014,17836
2227,4.48190,4.47538,1.553e-04,0.722,0.013,17832
2228,4.35399,4.47538,1.551e-04,0.808,0.016,17816
2229,4.45532,4.47538,1.549e-04,0.734,0.015,17837
2230,4.42432,4.47538,1.546e-04,0.713,0.018,17837
2231,4.46798,4.47538,1.544e-04,0.686,0.014,17833
2232,4.64489,4.47538,1.542e-04,0.787,0.014,17841
2233,4.34747,4.47538,1.540e-04,0.728,0.015,17845
2234,4.28683,4.47538,1.537e-04,0.746,0.017,17882
2235,4.68656,4.47538,1.535e-04,0.737,0.022,17837
2236,4.56656,4.47538,1.533e-04,0.749,0.014,17800
2237,4.32876,4.47538,1.530e-04,0.780,0.016,17823
2238,4.80632,4.47538,1.528e-04,0.735,0.015,17844
2239,4.48386,4.47538,1.526e-04,0.784,0.019,17843
2240,4.22465,4.47538,1.524e-04,0.732,0.014,17782
2241,4.48939,4.47538,1.521e-04,0.712,0.016,17725
2242,4.51129,4.47538,1.519e-04,0.738,0.014,17815
2243,4.58930,4.47538,1.517e-04,0.664,0.014,17848
2244,4.54401,4.47538,1.514e-04,0.676,0.014,17842
2245,4.49832,4.47538,1.512e-04,0.738,0.015,17870
2246,4.43803,4.47538,1.510e-04,0.723,0.015,17840
2247,4.65597,4.47538,1.508e-04,0.686,0.014,17834
2248,4.43031,4.47538,1.505e-04,0.678,0.012,17818
2249,4.52701,4.47538,1.503e-04,0.709,0.013,17792
2250,4.44428,4.38639,1.501e-04,0.681,0.015,5587
2251,4.63444,4.38639,1.499e-04,0.735,0.016,17886
2252,4.57600,4.38639,1.496e-04,0.713,0.014,17834
2253,4.69782,4.38639,1.494e-04,0.704,0.016,17859
2254,4.66670,4.38639,1.492e-04,0.662,0.014,17835
2255,4.50511,4.38639,1.490e-04,0.699,0.013,17811
2256,4.45051,4.38639,1.487e-04,0.687,0.014,17807
2257,4.45213,4.38639,1.485e-04,0.694,0.013,17875
2258,4.63214,4.38639,1.483e-04,0.703,0.013,17862
2259,4.52100,4.38639,1.481e-04,0.747,0.015,17779
2260,4.51690,4.38639,1.478e-04,0.766,0.015,17800
2261,4.39495,4.38639,1.476e-04,0.716,0.014,17667
2262,4.45470,4.38639,1.474e-04,0.686,0.012,17844
2263,4.78144,4.38639,1.472e-04,0.727,0.013,17829
2264,4.51264,4.38639,1.469e-04,0.722,0.015,17884
2265,4.31267,4.38639,1.467e-04,0.737,0.016,17811
2266,4.32478,4.38639,1.465e-04,0.729,0.014,17879
2267,4.39006,4.38639,1.463e-04,0.692,0.014,17807
2268,4.48825,4.38639,1.461e-04,0.717,0.014,17822
2269,4.53797,4.38639,1.458e-04,0.780,0.015,17836
2270,4.40940,4.38639,1.456e-04,0.703,0.014,17827
2271,4.28288,4.38639,1.454e-04,0.725,0.014,17871
2272,4.43753,4.38639,1.452e-04,0.728,0.014,17850
2273,4.55591,4.38639,1.450e-04,0.671,0.014,17789
2274,4.64059,4.38639,1.447e-04,0.721,0.014,17818
2275,4.44649,4.38639,1.445e-04,0.736,0.016,17781
2276,4.40199,4.38639,1.443e-04,0.728,0.018,17768
2277,4.45255,4.38639,1.441e-04,0.707,0.014,17807
2278,4.52958,4.38639,1.439e-04,0.726,0.019,17814
2279,4.68250,4.38639,1.436e-04,0.713,0.015,17813
2280,4.55278,4.38639,1.434e-04,0.672,0.015,17820
2281,4.51777,4.38639,1.432e-04,0.712,0.016,17637
2282,4.57086,4.38639,1.430e-04,0.803,0.015,17783
2283,4.56728,4.38639,1.428e-04,0.701,0.013,17818
2284,4.47805,4.38639,1.425e-04,0.718,0.016,17841
2285,4.51118,4.38639,1.423e-04,0.840,0.020,17805
2286,4.58835,4.38639,1.421e-04,0.694,0.012,17865
2287,4.68765,4.38639,1.419e-04,0.734,0.014,17890
2288,4.40338,4.38639,1.417e-04,0.715,0.018,17877
2289,4.33063,4.38639,1.415e-04,0.760,0.016,17847
2290,4.48982,4.38639,1.412e-04,0.719,0.013,17818
2291,4.53675,4.38639,1.410e-04,0.710,0.014,17897
2292,4.14716,4.38639,1.408e-04,0.765,0.016,17841
2293,4.43416,4.38639,1.406e-04,0.779,0.015,17866
2294,4.60959,4.38639,1.404e-04,0.739,0.015,17880
2295,4.72664,4.38639,1.402e-04,0.684,0.013,17769
2296,4.66893,4.38639,1.399e-04,0.708,0.013,17758
2297,4.64228,4.38639,1.397e-04,0.778,0.015,18326
2298,4.42574,4.38639,1.395e-04,0.714,0.016,19476
2299,4.57726,4.38639,1.393e-04,0.697,0.016,19665
2300,4.36822,4.38639,1.391e-04,0.741,0.014,19671
2301,4.59106,4.38639,1.389e-04,0.754,0.015,19423
2302,4.57089,4.38639,1.387e-04,0.670,0.013,19676
2303,4.70315,4.38639,1.384e-04,0.683,0.015,19659
2304,4.33463,4.38639,1.382e-04,0.786,0.017,19680
2305,4.70429,4.38639,1.380e-04,0.766,0.015,19657
2306,4.42823,4.38639,1.378e-04,0.733,0.015,19653
2307,4.66915,4.38639,1.376e-04,0.736,0.013,19669
2308,4.80627,4.38639,1.374e-04,0.746,0.016,19668
2309,4.38605,4.38639,1.372e-04,0.747,0.015,19688
2310,4.27009,4.38639,1.370e-04,0.726,0.015,19665
2311,4.47462,4.38639,1.367e-04,0.683,0.013,19683
2312,4.49299,4.38639,1.365e-04,0.713,0.016,19672
2313,4.73624,4.38639,1.363e-04,0.711,0.015,19680
2314,4.58503,4.38639,1.361e-04,0.782,0.014,19662
2315,4.36203,4.38639,1.359e-04,0.727,0.012,19668
2316,4.34408,4.38639,1.357e-04,0.741,0.014,19678
2317,4.28867,4.38639,1.355e-04,0.791,0.014,19657
2318,4.51172,4.38639,1.353e-04,0.711,0.013,19672
2319,4.44126,4.38639,1.351e-04,0.723,0.016,19670
2320,4.61454,4.38639,1.348e-04,0.715,0.015,19665
2321,4.79489,4.38639,1.346e-04,0.732,0.014,19446
2322,4.37415,4.38639,1.344e-04,0.770,0.016,19676
2323,4.55623,4.38639,1.342e-04,0.762,0.017,19677
2324,4.37836,4.38639,1.340e-04,0.703,0.015,19681
2325,4.33711,4.38639,1.338e-04,0.794,0.016,19638
2326,4.13181,4.38639,1.336e-04,0.755,0.014,19676
2327,4.39255,4.38639,1.334e-04,0.780,0.015,19663
2328,4.53368,4.38639,1.332e-04,0.723,0.016,19681
2329,4.29200,4.38639,1.330e-04,0.714,0.015,19183
2330,4.65896,4.38639,1.328e-04,0.745,0.013,19373
2331,4.34384,4.38639,1.326e-04,0.706,0.015,19672
2332,4.72710,4.38639,1.324e-04,0.753,0.014,19681
2333,4.50371,4.38639,1.321e-04,0.710,0.014,19677
2334,4.56123,4.38639,1.319e-04,0.800,0.014,19668
2335,4.46650,4.38639,1.317e-04,0.715,0.014,19497
2336,4.53122,4.38639,1.315e-04,0.801,0.017,19665
2337,4.62984,4.38639,1.313e-04,0.712,0.014,19655
2338,4.44499,4.38639,1.311e-04,0.750,0.012,19674
2339,4.27477,4.38639,1.309e-04,0.773,0.016,19673
2340,4.64664,4.38639,1.307e-04,0.707,0.014,19662
2341,4.46608,4.38639,1.305e-04,0.785,0.017,19441
2342,4.46484,4.38639,1.303e-04,0.776,0.016,19656
2343,4.51985,4.38639,1.301e-04,0.707,0.013,19691
2344,4.36006,4.38639,1.299e-04,0.726,0.016,19660
2345,4.63651,4.38639,1.297e-04,0.690,0.014,19677
2346,4.52635,4.38639,1.295e-04,0.758,0.014,19661
2347,4.40466,4.38639,1.293e-04,0.705,0.012,19667
2348,4.29004,4.38639,1.291e-04,0.769,0.013,19659
2349,4.57891,4.38639,1.289e-04,0.695,0.013,19668
2350,4.49626,4.38639,1.287e-04,0.699,0.014,19665
2351,4.41208,4.38639,1.285e-04,0.691,0.014,19678
2352,4.40919,4.38639,1.283e-04,0.714,0.012,19682
2353,4.40188,4.38639,1.281e-04,0.716,0.014,19674
2354,4.54839,4.38639,1.279e-04,0.698,0.014,19679
2355,4.39126,4.38639,1.277e-04,0.712,0.014,19668
2356,4.34119,4.38639,1.275e-04,0.673,0.012,19675
2357,4.36469,4.38639,1.273e-04,0.733,0.015,19675
2358,4.53746,4.38639,1.271e-04,0.755,0.015,19670
2359,4.45702,4.38639,1.269e-04,0.709,0.013,19668
2360,4.56150,4.38639,1.267e-04,0.741,0.014,19674
2361,4.32169,4.38639,1.265e-04,0.734,0.015,19448
2362,4.60653,4.38639,1.263e-04,0.744,0.015,19685
2363,4.55711,4.38639,1.261e-04,0.779,0.014,19674
2364,4.49914,4.38639,1.259e-04,0.730,0.015,19678
2365,4.28802,4.38639,1.257e-04,0.746,0.016,19661
2366,4.54954,4.38639,1.255e-04,0.710,0.013,19683
2367,4.55245,4.38639,1.253e-04,0.747,0.014,19664
2368,4.77606,4.38639,1.251e-04,0.757,0.016,19670
2369,4.56044,4.38639,1.249e-04,0.721,0.014,19670
2370,4.18758,4.38639,1.247e-04,0.734,0.016,19774
2371,4.36542,4.38639,1.245e-04,0.748,0.016,20242
2372,4.52477,4.38639,1.243e-04,0.735,0.014,20228
2373,4.55423,4.38639,1.241e-04,0.710,0.015,20246
2374,4.34440,4.38639,1.239e-04,0.709,0.014,20241
2375,4.48751,4.38639,1.237e-04,0.741,0.014,20253
2376,4.54655,4.38639,1.235e-04,0.731,0.015,20235
2377,4.31076,4.38639,1.233e-04,0.696,0.014,20244
2378,4.47444,4.38639,1.231e-04,0.697,0.014,20260
2379,4.33672,4.38639,1.229e-04,0.739,0.012,20033
2380,4.59427,4.38639,1.227e-04,0.759,0.015,19146
2381,4.47267,4.38639,1.225e-04,0.733,0.014,20088
2382,4.34773,4.38639,1.223e-04,0.698,0.012,19908
2383,4.36526,4.38639,1.222e-04,0.662,0.013,19658
2384,4.54704,4.38639,1.220e-04,0.744,0.013,19031
2385,4.43800,4.38639,1.218e-04,0.728,0.013,19483
2386,4.49467,4.38639,1.216e-04,0.698,0.016,19514
2387,4.49363,4.38639,1.214e-04,0.725,0.016,19508
2388,4.28669,4.38639,1.212e-04,0.709,0.015,19615
2389,4.50916,4.38639,1.210e-04,0.691,0.013,19657
2390,4.39686,4.38639,1.208e-04,0.759,0.015,19575
2391,4.32682,4.38639,1.206e-04,0.722,0.013,19380
2392,4.44708,4.38639,1.204e-04,0.698,0.012,19403
2393,4.48758,4.38639,1.202e-04,0.749,0.014,19655
2394,4.57950,4.38639,1.200e-04,0.758,0.016,19593
2395,4.30315,4.38639,1.199e-04,0.705,0.014,19791
2396,4.16763,4.38639,1.197e-04,0.737,0.013,19657
2397,4.57367,4.38639,1.195e-04,0.791,0.015,20254
2398,4.66421,4.38639,1.193e-04,0.786,0.015,20153
2399,4.45166,4.38639,1.191e-04,0.730,0.015,19707
2400,4.52138,4.38639,1.189e-04,0.726,0.015,19615
2401,4.71043,4.38639,1.187e-04,0.755,0.015,19386
2402,4.35115,4.38639,1.185e-04,0.790,0.014,19570
2403,4.53938,4.38639,1.183e-04,0.676,0.015,19588
2404,4.37326,4.38639,1.182e-04,0.794,0.016,19625
2405,4.31247,4.38639,1.180e-04,0.739,0.013,19591
2406,4.82680,4.38639,1.178e-04,0.741,0.015,19609
2407,4.75931,4.38639,1.176e-04,0.749,0.014,19916
2408,4.45625,4.38639,1.174e-04,0.753,0.020,20250
2409,4.58719,4.38639,1.172e-04,0.759,0.014,20241
2410,4.26645,4.38639,1.170e-04,0.781,0.016,20248
2411,4.33939,4.38639,1.168e-04,0.784,0.016,20261
2412,4.51063,4.38639,1.167e-04,0.705,0.015,20242
2413,4.42096,4.38639,1.165e-04,0.725,0.011,20253
2414,4.54101,4.38639,1.163e-04,0.687,0.012,20259
2415,4.40085,4.38639,1.161e-04,0.773,0.016,20251
2416,4.36650,4.38639,1.159e-04,0.743,0.014,20250
2417,4.63115,4.38639,1.157e-04,0.669,0.014,20242
2418,4.39724,4.38639,1.155e-04,0.718,0.016,20265
2419,4.27753,4.38639,1.154e-04,0.856,0.015,20245
2420,4.41000,4.38639,1.152e-04,0.768,0.013,20258
2421,4.28931,4.38639,1.150e-04,0.720,0.014,19868
2422,4.53443,4.38639,1.148e-04,0.782,0.017,20252
2423,4.51536,4.38639,1.146e-04,0.757,0.015,20253
2424,4.44352,4.38639,1.144e-04,0.697,0.013,20263
2425,4.29126,4.38639,1.143e-04,0.689,0.014,20258
2426,4.63051,4.38639,1.141e-04,0.694,0.014,20252
2427,4.44096,4.38639,1.139e-04,0.729,0.016,20249
2428,4.63189,4.38639,1.137e-04,0.697,0.013,20262
2429,4.38809,4.38639,1.135e-04,0.705,0.015,20254
2430,4.54131,4.38639,1.134e-04,0.706,0.016,20250
2431,4.44837,4.38639,1.132e-04,0.759,0.014,20258
2432,4.36887,4.38639,1.130e-04,0.678,0.014,20265
2433,4.50072,4.38639,1.128e-04,0.710,0.013,20246
2434,4.63345,4.38639,1.126e-04,0.713,0.014,20252
2435,4.49905,4.38639,1.125e-04,0.716,0.014,20262
2436,4.28875,4.38639,1.123e-04,0.687,0.015,20260
2437,4.41795,4.38639,1.121e-04,0.755,0.015,20261
2438,4.52498,4.38639,1.119e-04,0.783,0.014,20245
2439,4.20150,4.38639,1.117e-04,0.725,0.014,20247
2440,4.41134,4.38639,1.116e-04,0.705,0.014,20263
2441,4.55941,4.38639,1.114e-04,0.706,0.012,19791
2442,4.48374,4.38639,1.112e-04,0.723,0.014,20261
2443,4.53964,4.38639,1.110e-04,0.728,0.013,20273
2444,4.65005,4.38639,1.109e-04,0.714,0.013,20270
2445,4.51485,4.38639,1.107e-04,0.721,0.015,20255
2446,4.61844,4.38639,1.105e-04,0.776,0.016,20244
2447,4.46083,4.38639,1.103e-04,0.714,0.015,20257
2448,4.43633,4.38639,1.101e-04,0.694,0.013,20245
2449,4.39782,4.38639,1.100e-04,0.703,0.012,20242
2450,4.16501,4.38639,1.098e-04,0.742,0.014,20264
2451,4.31315,4.38639,1.096e-04,0.742,0.013,20248
2452,4.48687,4.38639,1.094e-04,0.683,0.013,20249
2453,4.54393,4.38639,1.093e-04,0.724,0.013,20250
2454,4.62487,4.38639,1.091e-04,0.744,0.013,20254
2455,4.55767,4.38639,1.089e-04,0.757,0.013,20258
2456,4.52090,4.38639,1.088e-04,0.705,0.014,20256
2457,4.41598,4.38639,1.086e-04,0.728,0.017,20256
2458,4.18963,4.38639,1.084e-04,0.745,0.013,20253
2459,4.44474,4.38639,1.082e-04,0.718,0.014,20251
2460,4.38296,4.38639,1.081e-04,0.733,0.015,20258
2461,4.37392,4.38639,1.079e-04,0.735,0.014,19795
2462,4.41502,4.38639,1.077e-04,0.728,0.012,20262
2463,4.65133,4.38639,1.075e-04,0.736,0.015,20254
2464,4.35647,4.38639,1.074e-04,0.780,0.016,20265
2465,4.34746,4.38639,1.072e-04,0.758,0.015,20256
2466,4.42041,4.38639,1.070e-04,0.729,0.015,20262
2467,4.27646,4.38639,1.069e-04,0.756,0.018,20246
2468,4.48400,4.38639,1.067e-04,0.746,0.015,20254
2469,4.59323,4.38639,1.065e-04,0.811,0.016,20250
2470,4.58109,4.38639,1.063e-04,0.728,0.014,20264
2471,4.44991,4.38639,1.062e-04,0.738,0.014,20250
2472,4.36044,4.38639,1.060e-04,0.765,0.014,20244
2473,4.65384,4.38639,1.058e-04,0.762,0.015,20257
2474,4.49616,4.38639,1.057e-04,0.689,0.012,20245
2475,4.41094,4.38639,1.055e-04,0.740,0.014,20248
2476,4.40454,4.38639,1.053e-04,0.829,0.018,20251
2477,4.55132,4.38639,1.052e-04,0.710,0.014,20257
2478,4.34401,4.38639,1.050e-04,0.685,0.012,20256
2479,4.43499,4.38639,1.048e-04,0.794,0.013,20262
2480,4.23583,4.38639,1.047e-04,0.771,0.015,20248
2481,4.36847,4.38639,1.045e-04,0.746,0.017,19803
2482,4.32213,4.38639,1.043e-04,0.693,0.013,20251
2483,4.45073,4.38639,1.042e-04,0.704,0.013,20264
2484,4.53037,4.38639,1.040e-04,0.720,0.013,20256
2485,4.44193,4.38639,1.038e-04,0.682,0.013,20253
2486,4.35432,4.38639,1.037e-04,0.711,0.013,20249
2487,4.46291,4.38639,1.035e-04,0.761,0.014,20252
2488,4.48468,4.38639,1.033e-04,0.710,0.015,20246
2489,4.37541,4.38639,1.032e-04,0.703,0.013,20001
2490,4.63721,4.38639,1.030e-04,0.824,0.018,20254
2491,4.50097,4.38639,1.028e-04,0.721,0.013,20250
2492,4.20198,4.38639,1.027e-04,0.742,0.013,20267
2493,4.63086,4.38639,1.025e-04,0.699,0.013,20260
2494,4.66103,4.38639,1.024e-04,0.707,0.015,20116
2495,4.39233,4.38639,1.022e-04,0.760,0.013,20064
2496,4.26281,4.38639,1.020e-04,0.757,0.013,19382
2497,4.47145,4.38639,1.019e-04,0.737,0.013,19141
2498,4.52034,4.38639,1.017e-04,0.758,0.015,19356
2499,4.44382,4.38639,1.015e-04,0.674,0.011,19462
2500,4.31044,4.32444,1.014e-04,0.689,0.013,6115
2501,4.60301,4.32444,1.012e-04,0.777,0.014,20044
2502,4.27586,4.32444,1.011e-04,0.751,0.015,19437
2503,4.30280,4.32444,1.009e-04,0.800,0.014,19633
2504,4.29848,4.32444,1.007e-04,0.789,0.018,19599
2505,4.25839,4.32444,1.006e-04,0.679,0.013,19496
2506,4.28800,4.32444,1.004e-04,0.745,0.014,19689
2507,4.45808,4.32444,1.003e-04,0.768,0.014,19602
2508,4.38712,4.32444,1.001e-04,0.778,0.015,19481
2509,4.30310,4.32444,9.995e-05,0.722,0.013,19660
2510,4.60929,4.32444,9.979e-05,0.710,0.012,19521
2511,4.55663,4.32444,9.963e-05,0.772,0.015,19516
2512,4.26451,4.32444,9.947e-05,0.747,0.014,19708
2513,4.37966,4.32444,9.931e-05,0.692,0.015,19714
2514,4.65350,4.32444,9.916e-05,0.765,0.018,19592
2515,4.43482,4.32444,9.900e-05,0.755,0.015,19707
2516,4.29476,4.32444,9.884e-05,0.717,0.012,19710
2517,4.50142,4.32444,9.869e-05,0.705,0.015,19593
2518,4.43026,4.32444,9.853e-05,0.764,0.015,19711
2519,4.25159,4.32444,9.837e-05,0.769,0.018,19719
2520,4.53488,4.32444,9.822e-05,0.751,0.014,19583
2521,4.41241,4.32444,9.806e-05,0.695,0.013,19698
2522,4.54587,4.32444,9.791e-05,0.712,0.012,19725
2523,4.57923,4.32444,9.775e-05,0.814,0.018,19588
2524,4.42980,4.32444,9.760e-05,0.705,0.013,19698
2525,4.25520,4.32444,9.745e-05,0.722,0.015,19711
2526,4.39088,4.32444,9.729e-05,0.714,0.014,19609
2527,4.63161,4.32444,9.714e-05,0.749,0.015,19704
2528,4.54085,4.32444,9.699e-05,0.742,0.014,19705
2529,4.61867,4.32444,9.683e-05,0.712,0.015,19591
2530,4.54778,4.32444,9.668e-05,0.728,0.015,19727
2531,4.48363,4.32444,9.653e-05,0.735,0.014,19702
2532,4.51514,4.32444,9.638e-05,0.819,0.018,19619
2533,4.45806,4.32444,9.622e-05,0.752,0.014,19712
2534,4.64328,4.32444,9.607e-05,0.750,0.015,19710
2535,4.36523,4.32444,9.592e-05,0.693,0.013,19631
2536,4.19010,4.32444,9.577e-05,0.709,0.012,19709
2537,4.24106,4.32444,9.562e-05,0.722,0.014,19705
2538,4.46035,4.32444,9.547e-05,0.734,0.013,19602
2539,4.47107,4.32444,9.532e-05,0.752,0.015,19709
2540,4.36918,4.32444,9.517e-05,0.699,0.012,19721
2541,4.45960,4.32444,9.502e-05,0.726,0.013,19635
2542,4.37796,4.32444,9.487e-05,0.708,0.015,19698
2543,4.09799,4.32444,9.472e-05,0.723,0.016,19710
2544,4.37413,4.32444,9.457e-05,0.749,0.011,19606
2545,4.50698,4.32444,9.443e-05,0.730,0.014,19696
2546,4.25332,4.32444,9.428e-05,0.775,0.015,19716
2547,4.43143,4.32444,9.413e-05,0.728,0.014,19609
2548,4.36947,4.32444,9.398e-05,0.738,0.014,19705
2549,4.52560,4.32444,9.384e-05,0.736,0.012,19705
2550,4.54838,4.32444,9.369e-05,0.750,0.013,19596
2551,4.39000,4.32444,9.354e-05,0.749,0.014,19725
2552,4.52950,4.32444,9.340e-05,0.725,0.014,19714
2553,4.49138,4.32444,9.325e-05,0.767,0.014,19615
2554,4.39531,4.32444,9.311e-05,0.770,0.015,19703
2555,4.46486,4.32444,9.296e-05,0.740,0.016,19711
2556,4.34630,4.32444,9.282e-05,0.696,0.013,19603
2557,4.43378,4.32444,9.267e-05,0.695,0.013,19709
2558,4.11128,4.32444,9.253e-05,0.701,0.012,19718
2559,4.64454,4.32444,9.238e-05,0.712,0.012,19591
2560,4.71237,4.32444,9.224e-05,0.734,0.014,19720
2561,4.13463,4.32444,9.210e-05,0.692,0.015,19708
2562,4.32669,4.32444,9.195e-05,0.708,0.019,19600
2563,4.33978,4.32444,9.181e-05,0.713,0.017,19704
2564,4.44140,4.32444,9.167e-05,0.705,0.014,19698
2565,4.35283,4.32444,9.153e-05,0.755,0.014,19606
2566,4.60315,4.32444,9.138e-05,0.705,0.016,19721
2567,4.49933,4.32444,9.124e-05,0.715,0.011,19719
2568,4.43221,4.32444,9.110e-05,0.734,0.015,19610
2569,4.49384,4.32444,9.096e-05,0.685,0.015,19700
2570,4.44509,4.32444,9.082e-05,0.752,0.015,19711
2571,4.54743,4.32444,9.068e-05,0.709,0.012,19590
2572,4.33096,4.32444,9.054e-05,0.745,0.015,19715
2573,4.24598,4.32444,9.040e-05,0.792,0.014,19720
2574,4.32204,4.32444,9.026e-05,0.744,0.016,19598
2575,4.40892,4.32444,9.012e-05,0.701,0.013,19694
2576,4.37276,4.32444,8.998e-05,0.735,0.013,19706
2577,4.51000,4.32444,8.984e-05,0.708,0.013,19610
2578,4.27721,4.32444,8.970e-05,0.736,0.013,19710
2579,4.34071,4.32444,8.957e-05,0.744,0.013,19704
2580,4.66023,4.32444,8.943e-05,0.728,0.013,19572
2581,4.36957,4.32444,8.929e-05,0.739,0.013,19679
2582,4.44019,4.32444,8.915e-05,0.766,0.013,19718
2583,4.43806,4.32444,8.902e-05,0.791,0.016,19598
2584,4.48462,4.32444,8.888e-05,0.714,0.015,19722
2585,4.27851,4.32444,8.874e-05,0.774,0.016,19702
2586,4.34107,4.32444,8.861e-05,0.833,0.016,19576
2587,4.35411,4.32444,8.847e-05,0.662,0.012,19723
2588,4.43789,4.32444,8.834e-05,0.713,0.013,19697
2589,4.40935,4.32444,8.820e-05,0.756,0.014,19600
2590,4.37898,4.32444,8.807e-05,0.785,0.014,19713
2591,4.45960,4.32444,8.793e-05,0.764,0.014,19723
2592,4.45852,4.32444,8.780e-05,0.711,0.012,19594
2593,4.39107,4.32444,8.767e-05,0.838,0.016,19696
2594,4.47252,4.32444,8.753e-05,0.705,0.015,19706
2595,4.46669,4.32444,8.740e-05,0.704,0.015,19595
2596,4.55793,4.32444,8.727e-05,0.817,0.014,19688
2597,4.27149,4.32444,8.713e-05,0.738,0.014,19715
2598,4.48142,4.32444,8.700e-05,0.711,0.014,19603
2599,4.41515,4.32444,8.687e-05,0.706,0.014,19717
2600,4.35973,4.32444,8.674e-05,0.744,0.014,19709
2601,4.40510,4.32444,8.661e-05,0.744,0.014,19636
2602,4.22474,4.32444,8.648e-05,0.684,0.015,19720
2603,4.37518,4.32444,8.635e-05,0.661,0.013,19702
2604,4.43186,4.32444,8.622e-05,0.718,0.013,19609
2605,4.49836,4.32444,8.609e-05,0.741,0.015,19699
2606,4.34971,4.32444,8.596e-05,0.686,0.012,19695
2607,4.44360,4.32444,8.583e-05,0.706,0.016,19608
2608,4.26844,4.32444,8.570e-05,0.715,0.013,19699
2609,4.40233,4.32444,8.557e-05,0.693,0.015,19701
2610,4.30710,4.32444,8.544e-05,0.732,0.016,19612
2611,4.29105,4.32444,8.531e-05,0.705,0.013,19729
2612,4.50890,4.32444,8.518e-05,0.718,0.018,19702
2613,4.40111,4.32444,8.506e-05,0.707,0.013,19619
2614,4.43618,4.32444,8.493e-05,0.807,0.014,19694
2615,4.48672,4.32444,8.480e-05,0.734,0.014,19698
2616,4.47732,4.32444,8.467e-05,0.723,0.013,19597
2617,4.29364,4.32444,8.455e-05,0.754,0.015,19714
2618,4.48296,4.32444,8.442e-05,0.741,0.015,19705
2619,4.44823,4.32444,8.430e-05,0.783,0.014,19606
2620,4.63688,4.32444,8.417e-05,0.697,0.014,19705
2621,4.55353,4.32444,8.405e-05,0.707,0.014,19709
2622,4.17951,4.32444,8.392e-05,0.737,0.012,19612
2623,4.30669,4.32444,8.380e-05,0.789,0.014,19723
2624,4.23521,4.32444,8.367e-05,0.730,0.012,19688
2625,4.45523,4.32444,8.355e-05,0.750,0.014,19616
2626,4.62130,4.32444,8.342e-05,0.789,0.015,19722
2627,4.46583,4.32444,8.330e-05,0.716,0.014,19686
2628,4.29678,4.32444,8.318e-05,0.769,0.016,19596
2629,4.42563,4.32444,8.306e-05,0.836,0.016,19725
2630,4.34347,4.32444,8.293e-05,0.751,0.018,19697
2631,4.38389,4.32444,8.281e-05,0.754,0.013,19640
2632,4.48585,4.32444,8.269e-05,0.778,0.015,19691
2633,4.55105,4.32444,8.257e-05,0.830,0.016,19678
2634,4.29940,4.32444,8.245e-05,0.718,0.013,19627
2635,4.52337,4.32444,8.233e-05,0.731,0.015,19728
2636,4.38301,4.32444,8.221e-05,0.744,0.014,19679
2637,4.42219,4.32444,8.209e-05,0.735,0.014,19615
2638,4.33149,4.32444,8.197e-05,0.712,0.015,19707
2639,4.20768,4.32444,8.185e-05,0.732,0.014,19700
2640,4.46044,4.32444,8.173e-05,0.743,0.012,19625
2641,4.70044,4.32444,8.161e-05,0.826,0.014,19728
2642,4.44581,4.32444,8.149e-05,0.671,0.012,19688
2643,4.49541,4.32444,8.137e-05,0.773,0.014,19635
2644,4.21374,4.32444,8.125e-05,0.762,0.014,19702
2645,4.35283,4.32444,8.114e-05,0.720,0.012,19660
2646,4.43880,4.32444,8.102e-05,0.713,0.011,19647
2647,4.43329,4.32444,8.090e-05,0.743,0.015,19703
2648,4.34590,4.32444,8.079e-05,0.774,0.018,19691
2649,4.35890,4.32444,8.067e-05,0.720,0.014,19633
2650,4.33941,4.32444,8.055e-05,0.743,0.013,19716
2651,4.54420,4.32444,8.044e-05,0.763,0.014,19683
2652,4.25318,4.32444,8.032e-05,0.750,0.015,19645
2653,4.55250,4.32444,8.021e-05,0.748,0.013,19702
2654,4.57199,4.32444,8.009e-05,0.725,0.016,19698
2655,4.23200,4.32444,7.998e-05,0.787,0.014,19647
2656,4.44531,4.32444,7.986e-05,0.781,0.014,19711
2657,4.47029,4.32444,7.975e-05,0.699,0.013,19663
2658,4.28508,4.32444,7.964e-05,0.694,0.012,19635
2659,4.38621,4.32444,7.952e-05,0.761,0.014,19688
2660,4.26592,4.32444,7.941e-05,0.748,0.015,19666
2661,4.43471,4.32444,7.930e-05,0.697,0.011,19620
2662,4.60846,4.32444,7.918e-05,0.681,0.011,19715
2663,4.46114,4.32444,7.907e-05,0.718,0.013,19684
2664,4.37368,4.32444,7.896e-05,0.733,0.013,19614
2665,4.55873,4.32444,7.885e-05,0.740,0.015,19708
2666,4.55274,4.32444,7.874e-05,0.727,0.012,19690
2667,4.37399,4.32444,7.863e-05,0.730,0.013,19646
2668,4.27719,4.32444,7.852e-05,0.731,0.013,19732
2669,4.50648,4.32444,7.841e-05,0.791,0.017,19671
2670,4.79023,4.32444,7.830e-05,0.817,0.014,19659
2671,4.48745,4.32444,7.819e-05,0.729,0.015,19714
2672,4.29985,4.32444,7.808e-05,0.758,0.016,19697
2673,4.38869,4.32444,7.797e-05,0.784,0.013,19644
2674,4.28924,4.32444,7.786e-05,0.716,0.013,19712
2675,4.38324,4.32444,7.775e-05,0.738,0.014,19671
2676,4.46108,4.32444,7.764e-05,0.752,0.014,19651
2677,4.39246,4.32444,7.754e-05,0.720,0.016,19709
2678,4.13863,4.32444,7.743e-05,0.763,0.015,19672
2679,4.30899,4.32444,7.732e-05,0.687,0.014,19646
2680,4.39574,4.32444,7.722e-05,0.703,0.014,19726
2681,4.38970,4.32444,7.711e-05,0.744,0.014,19689
2682,4.32581,4.32444,7.700e-05,0.717,0.014,19653
2683,4.41705,4.32444,7.690e-05,0.817,0.017,19735
2684,4.22596,4.32444,7.679e-05,0.812,0.017,19643
2685,4.41178,4.32444,7.669e-05,0.730,0.017,19667
2686,4.39663,4.32444,7.658e-05,0.753,0.013,19709
2687,4.50350,4.32444,7.648e-05,0.820,0.015,19655
2688,4.27570,4.32444,7.638e-05,0.745,0.013,19661
2689,4.49376,4.32444,7.627e-05,0.729,0.013,19718
2690,4.42058,4.32444,7.617e-05,0.738,0.016,19642
2691,4.46946,4.32444,7.606e-05,0.738,0.013,19663
2692,4.46225,4.32444,7.596e-05,0.752,0.015,19700
2693,4.40803,4.32444,7.586e-05,0.707,0.013,19634
2694,4.38660,4.32444,7.576e-05,0.756,0.015,19663
2695,4.30899,4.32444,7.566e-05,0.740,0.015,19694
2696,4.52661,4.32444,7.555e-05,0.752,0.013,19657
2697,4.46986,4.32444,7.545e-05,0.741,0.013,19653
2698,4.42913,4.32444,7.535e-05,0.751,0.013,19711
2699,4.34078,4.32444,7.525e-05,0.711,0.014,19653
2700,4.45475,4.32444,7.515e-05,0.697,0.013,19653
2701,4.40911,4.32444,7.505e-05,0.764,0.012,19694
2702,4.45948,4.32444,7.495e-05,0.765,0.014,19662
2703,4.51905,4.32444,7.485e-05,0.771,0.012,19661
2704,4.44263,4.32444,7.475e-05,0.735,0.014,19745
2705,4.39367,4.32444,7.466e-05,0.722,0.013,19645
2706,4.32740,4.32444,7.456e-05,0.717,0.013,19657
2707,4.48900,4.32444,7.446e-05,0.752,0.013,19710
2708,4.42145,4.32444,7.436e-05,0.769,0.014,19630
2709,4.46822,4.32444,7.426e-05,0.703,0.012,19673
2710,4.37685,4.32444,7.417e-05,0.712,0.015,19705
2711,4.62716,4.32444,7.407e-05,0.714,0.013,19644
2712,4.22059,4.32444,7.397e-05,0.783,0.014,19651
2713,4.06985,4.32444,7.388e-05,0.739,0.014,19732
2714,4.50845,4.32444,7.378e-05,0.703,0.013,19647
2715,4.27784,4.32444,7.369e-05,0.717,0.012,19693
2716,4.42012,4.32444,7.359e-05,0.710,0.015,19713
2717,4.44747,4.32444,7.350e-05,0.715,0.014,19649
2718,4.46138,4.32444,7.340e-05,0.675,0.011,19657
2719,4.20510,4.32444,7.331e-05,0.750,0.012,19708
2720,4.29739,4.32444,7.321e-05,0.713,0.013,19652
2721,4.21454,4.32444,7.312e-05,0.742,0.014,19648
2722,4.48160,4.32444,7.303e-05,0.754,0.013,19694
2723,4.19570,4.32444,7.294e-05,0.725,0.013,19656
2724,4.32027,4.32444,7.284e-05,0.751,0.015,19669
2725,4.28820,4.32444,7.275e-05,0.762,0.013,19717
2726,4.22354,4.32444,7.266e-05,0.804,0.014,19627
2727,4.44473,4.32444,7.257e-05,0.739,0.014,19681
2728,4.20569,4.32444,7.248e-05,0.732,0.013,19703
2729,4.19938,4.32444,7.239e-05,0.762,0.013,19614
2730,4.51023,4.32444,7.229e-05,0.724,0.013,19684
2731,4.35070,4.32444,7.220e-05,0.793,0.013,19693
2732,4.34234,4.32444,7.211e-05,0.730,0.014,19630
2733,4.48945,4.32444,7.203e-05,0.690,0.012,19688
2734,4.36316,4.32444,7.194e-05,0.752,0.013,19715
2735,4.64282,4.32444,7.185e-05,0.762,0.013,19627
2736,4.57469,4.32444,7.176e-05,0.702,0.012,19687
2737,4.50914,4.32444,7.167e-05,0.693,0.012,19718
2738,4.35519,4.32444,7.158e-05,0.699,0.013,19628
2739,4.49293,4.32444,7.149e-05,0.694,0.013,19676
2740,4.48409,4.32444,7.141e-05,0.728,0.013,19726
2741,4.32367,4.32444,7.132e-05,0.737,0.014,19672
2742,4.53557,4.32444,7.123e-05,0.700,0.013,19683
2743,4.52541,4.32444,7.115e-05,0.721,0.012,19730
2744,4.26972,4.32444,7.106e-05,0.719,0.013,19636
2745,4.52853,4.32444,7.098e-05,0.726,0.012,19677
2746,4.61485,4.32444,7.089e-05,0.720,0.012,19712
2747,4.59675,4.32444,7.081e-05,0.698,0.012,19617
2748,4.54157,4.32444,7.072e-05,0.865,0.014,19695
2749,4.25392,4.32444,7.064e-05,0.754,0.013,19708
2750,4.66725,4.27923,7.055e-05,0.748,0.012,6152
2751,4.14146,4.27923,7.047e-05,0.733,0.012,20036
2752,4.44831,4.27923,7.039e-05,0.729,0.012,19599
2753,4.32154,4.27923,7.030e-05,0.739,0.013,19705
2754,4.22063,4.27923,7.022e-05,0.762,0.016,19715
2755,4.33544,4.27923,7.014e-05,0.707,0.013,19609
2756,4.47065,4.27923,7.006e-05,0.666,0.012,19714
2757,4.30493,4.27923,6.997e-05,0.728,0.014,19699
2758,4.24902,4.27923,6.989e-05,0.706,0.012,19600
2759,4.26528,4.27923,6.981e-05,0.751,0.013,19709
2760,4.44453,4.27923,6.973e-05,0.711,0.012,19725
2761,4.44055,4.27923,6.965e-05,0.671,0.012,19617
2762,4.46847,4.27923,6.957e-05,0.688,0.014,19715
2763,4.15118,4.27923,6.949e-05,0.715,0.013,19689
2764,4.27553,4.27923,6.941e-05,0.743,0.013,19598
2765,4.19437,4.27923,6.933e-05,0.735,0.015,19703
2766,4.41144,4.27923,6.925e-05,0.710,0.012,19717
2767,4.39821,4.27923,6.917e-05,0.770,0.015,19593
2768,4.38939,4.27923,6.910e-05,0.812,0.015,19724
2769,4.36951,4.27923,6.902e-05,0.756,0.013,19712
2770,4.17408,4.27923,6.894e-05,0.737,0.014,19590
2771,4.30578,4.27923,6.886e-05,0.716,0.015,19718
2772,4.35241,4.27923,6.879e-05,0.805,0.015,19704
2773,4.26735,4.27923,6.871e-05,0.743,0.013,19600
2774,4.21456,4.27923,6.863e-05,0.730,0.014,19710
2775,4.31239,4.27923,6.856e-05,0.763,0.012,19736
2776,4.28318,4.27923,6.848e-05,0.770,0.015,19615
2777,4.24810,4.27923,6.841e-05,0.912,0.019,19702
2778,4.42214,4.27923,6.833e-05,0.757,0.015,19700
2779,4.51800,4.27923,6.826e-05,0.749,0.014,19603
2780,4.27947,4.27923,6.818e-05,0.755,0.014,19712
2781,4.30169,4.27923,6.811e-05,0.749,0.012,19724
2782,4.41454,4.27923,6.804e-05,0.762,0.014,19618
2783,4.42811,4.27923,6.796e-05,0.698,0.013,19714
2784,4.31428,4.27923,6.789e-05,0.802,0.014,19702
2785,4.40945,4.27923,6.782e-05,0.733,0.014,19600
2786,4.61921,4.27923,6.775e-05,0.707,0.012,19717
2787,4.44426,4.27923,6.767e-05,0.710,0.013,19722
2788,4.52583,4.27923,6.760e-05,0.757,0.014,19601
2789,4.29735,4.27923,6.753e-05,0.753,0.014,19719
2790,4.52938,4.27923,6.746e-05,0.734,0.014,19700
2791,4.37707,4.27923,6.739e-05,0.775,0.016,19593
2792,4.39244,4.27923,6.732e-05,0.730,0.013,19696
2793,4.43986,4.27923,6.725e-05,0.673,0.012,19719
2794,4.55888,4.27923,6.718e-05,0.678,0.013,19603
2795,4.41828,4.27923,6.711e-05,0.709,0.013,19717
2796,4.34873,4.27923,6.704e-05,0.723,0.013,19719
2797,4.49417,4.27923,6.697e-05,0.722,0.012,19603
2798,4.33044,4.27923,6.690e-05,0.740,0.013,19688
2799,4.50975,4.27923,6.684e-05,0.720,0.013,19709
2800,4.54156,4.27923,6.677e-05,0.790,0.014,19593
2801,4.50395,4.27923,6.670e-05,0.719,0.015,19696
2802,4.44206,4.27923,6.664e-05,0.762,0.013,19711
2803,4.46167,4.27923,6.657e-05,0.738,0.016,19602
2804,4.31460,4.27923,6.650e-05,0.713,0.013,19690
2805,4.35680,4.27923,6.644e-05,0.753,0.013,19708
2806,4.41333,4.27923,6.637e-05,0.712,0.014,19594
2807,4.36471,4.27923,6.631e-05,0.693,0.012,19709
2808,4.36791,4.27923,6.624e-05,0.744,0.012,19708
2809,4.25325,4.27923,6.618e-05,0.717,0.015,19610
2810,4.22836,4.27923,6.611e-05,0.699,0.014,19717
2811,4.21858,4.27923,6.605e-05,0.658,0.013,19710
2812,4.38853,4.27923,6.598e-05,0.745,0.014,19605
2813,4.13251,4.27923,6.592e-05,0.802,0.017,19713
2814,4.36011,4.27923,6.586e-05,0.693,0.012,19722
2815,4.28085,4.27923,6.580e-05,0.692,0.012,19605
2816,4.16257,4.27923,6.573e-05,0.751,0.013,19705
2817,4.50641,4.27923,6.567e-05,0.747,0.013,19722
2818,4.53184,4.27923,6.561e-05,0.686,0.012,19603
2819,4.60807,4.27923,6.555e-05,0.724,0.014,19693
2820,4.40766,4.27923,6.549e-05,0.740,0.014,19726
2821,4.16800,4.27923,6.543e-05,0.734,0.014,19614
2822,4.59853,4.27923,6.537e-05,0.724,0.012,19713
2823,4.39173,4.27923,6.531e-05,0.761,0.014,19722
2824,4.48191,4.27923,6.525e-05,0.713,0.013,19606
2825,4.32550,4.27923,6.519e-05,0.772,0.016,19703
2826,4.24936,4.27923,6.513e-05,0.707,0.014,19734
2827,4.43626,4.27923,6.507e-05,0.789,0.012,19601
2828,4.40033,4.27923,6.501e-05,0.758,0.013,19704
2829,4.44841,4.27923,6.495e-05,0.686,0.014,19704
2830,4.64273,4.27923,6.490e-05,0.744,0.014,19608
2831,4.43841,4.27923,6.484e-05,0.749,0.014,19709
2832,4.34737,4.27923,6.478e-05,0.802,0.016,19722
2833,4.54701,4.27923,6.473e-05,0.714,0.012,19577
2834,4.30115,4.27923,6.467e-05,0.738,0.014,19724
2835,4.34449,4.27923,6.461e-05,0.748,0.015,19703
2836,4.30527,4.27923,6.456e-05,0.750,0.015,19594
2837,4.46320,4.27923,6.450e-05,0.705,0.012,19717
2838,4.49238,4.27923,6.445e-05,0.749,0.013,19709
2839,4.21382,4.27923,6.439e-05,0.687,0.011,19585
2840,4.25602,4.27923,6.434e-05,0.689,0.015,19711
2841,4.20436,4.27923,6.429e-05,0.731,0.014,19729
2842,4.32128,4.27923,6.423e-05,0.704,0.012,19603
2843,4.27399,4.27923,6.418e-05,0.719,0.011,19722
2844,4.37138,4.27923,6.413e-05,0.722,0.014,19728
2845,4.33258,4.27923,6.407e-05,0.771,0.015,19592
2846,4.44334,4.27923,6.402e-05,0.699,0.014,19723
2847,4.38449,4.27923,6.397e-05,0.773,0.013,19706
2848,4.37633,4.27923,6.392e-05,0.755,0.014,19608
2849,4.43698,4.27923,6.387e-05,0.728,0.017,19698
2850,4.17957,4.27923,6.381e-05,0.718,0.013,19721
2851,4.24395,4.27923,6.376e-05,0.695,0.011,19623
2852,4.42204,4.27923,6.371e-05,0.780,0.015,19706
2853,4.45060,4.27923,6.366e-05,0.733,0.012,19703
2854,4.53919,4.27923,6.361e-05,0.735,0.014,19614
2855,4.50788,4.27923,6.357e-05,0.803,0.013,19708
2856,4.39618,4.27923,6.352e-05,0.783,0.014,19718
2857,4.51719,4.27923,6.347e-05,0.735,0.013,19594
2858,4.26343,4.27923,6.342e-05,0.742,0.014,19714
2859,4.34366,4.27923,6.337e-05,0.794,0.014,19680
2860,4.37599,4.27923,6.332e-05,0.760,0.012,19621
2861,4.39952,4.27923,6.328e-05,0.720,0.012,19707
2862,4.32914,4.27923,6.323e-05,0.714,0.014,19694
2863,4.59332,4.27923,6.318e-05,0.710,0.012,19588
2864,4.21924,4.27923,6.314e-05,0.782,0.014,19726
2865,4.31350,4.27923,6.309e-05,0.716,0.013,19692
2866,4.33608,4.27923,6.305e-05,0.746,0.011,19621
2867,4.18398,4.27923,6.300e-05,0.735,0.014,19704
2868,4.15582,4.27923,6.296e-05,0.765,0.013,19693
2869,4.29767,4.27923,6.291e-05,0.719,0.012,19612
2870,4.26212,4.27923,6.287e-05,0.733,0.013,19715
2871,4.42188,4.27923,6.282e-05,0.762,0.013,19700
2872,4.21913,4.27923,6.278e-05,0.765,0.014,19605
2873,4.43687,4.27923,6.274e-05,0.831,0.018,19717
2874,4.31004,4.27923,6.269e-05,0.729,0.013,19686
2875,4.62494,4.27923,6.265e-05,0.761,0.014,19623
2876,4.49178,4.27923,6.261e-05,0.769,0.013,19705
2877,4.41439,4.27923,6.257e-05,0.734,0.015,19685
2878,4.50672,4.27923,6.253e-05,0.777,0.016,19601
2879,4.27293,4.27923,6.248e-05,0.770,0.012,19733
2880,4.21451,4.27923,6.244e-05,0.776,0.012,19672
2881,4.43869,4.27923,6.240e-05,0.796,0.014,19651
2882,4.34906,4.27923,6.236e-05,0.704,0.015,19710
2883,4.12204,4.27923,6.232e-05,0.757,0.013,19707
2884,4.40098,4.27923,6.228e-05,0.704,0.012,19617
2885,4.43370,4.27923,6.224e-05,0.745,0.012,19719
2886,4.11057,4.27923,6.221e-05,0.731,0.014,19685
2887,4.55072,4.27923,6.217e-05,0.748,0.014,19632
2888,4.47514,4.27923,6.213e-05,0.707,0.013,19703
2889,4.34844,4.27923,6.209e-05,0.738,0.013,19676
2890,4.35715,4.27923,6.205e-05,0.705,0.011,19614
2891,4.31576,4.27923,6.202e-05,0.747,0.013,19725
2892,4.45782,4.27923,6.198e-05,0.729,0.013,19663
2893,4.46642,4.27923,6.194e-05,0.755,0.016,19622
2894,4.31650,4.27923,6.191e-05,0.714,0.014,19707
2895,4.32398,4.27923,6.187e-05,0.805,0.014,19670
2896,4.59791,4.27923,6.184e-05,0.733,0.014,19619
2897,4.36919,4.27923,6.180e-05,0.699,0.014,19707
2898,4.44246,4.27923,6.177e-05,0.765,0.016,19706
2899,4.53466,4.27923,6.173e-05,0.799,0.015,19620
2900,4.08027,4.27923,6.170e-05,0.746,0.015,19714
2901,4.32713,4.27923,6.166e-05,0.764,0.013,19682
2902,4.38628,4.27923,6.163e-05,0.718,0.012,19636
2903,4.41278,4.27923,6.160e-05,0.788,0.013,19710
2904,4.13211,4.27923,6.156e-05,0.750,0.013,19687
2905,4.21401,4.27923,6.153e-05,0.713,0.014,19643
2906,4.55854,4.27923,6.150e-05,0.704,0.014,19712
2907,4.38620,4.27923,6.147e-05,0.751,0.014,19689
2908,4.31126,4.27923,6.144e-05,0.781,0.014,19644
2909,4.10077,4.27923,6.141e-05,0.736,0.014,19701
2910,4.47917,4.27923,6.138e-05,0.726,0.014,19680
2911,4.51542,4.27923,6.135e-05,0.711,0.011,19641
2912,4.39944,4.27923,6.132e-05,0.728,0.012,19710
2913,4.31578,4.27923,6.129e-05,0.744,0.014,19673
2914,4.61640,4.27923,6.126e-05,0.717,0.014,19622
2915,4.23701,4.27923,6.123e-05,0.710,0.011,19705
2916,4.16437,4.27923,6.120e-05,0.798,0.013,19673
2917,4.38331,4.27923,6.117e-05,0.747,0.013,19614
2918,4.67770,4.27923,6.114e-05,0.733,0.013,19722
2919,4.40112,4.27923,6.111e-05,0.719,0.014,19663
2920,4.30634,4.27923,6.109e-05,0.705,0.012,19641
2921,4.34200,4.27923,6.106e-05,0.691,0.014,19693
2922,4.36943,4.27923,6.103e-05,0.729,0.013,19656
2923,4.66302,4.27923,6.101e-05,0.740,0.014,19658
2924,4.42442,4.27923,6.098e-05,0.707,0.013,19701
2925,4.56842,4.27923,6.096e-05,0.766,0.014,19678
2926,4.49082,4.27923,6.093e-05,0.681,0.012,19626
2927,4.49943,4.27923,6.091e-05,0.765,0.012,19725
2928,4.20320,4.27923,6.088e-05,0.740,0.014,19676
2929,4.34268,4.27923,6.086e-05,0.740,0.014,19650
2930,4.42008,4.27923,6.083e-05,0.718,0.012,19710
2931,4.21624,4.27923,6.081e-05,0.760,0.014,19654
2932,4.21640,4.27923,6.079e-05,0.740,0.015,19655
2933,4.31046,4.27923,6.076e-05,0.742,0.015,19718
2934,4.39735,4.27923,6.074e-05,0.713,0.012,19652
2935,4.14218,4.27923,6.072e-05,0.734,0.014,19635
2936,4.38328,4.27923,6.070e-05,0.764,0.013,19689
2937,4.11758,4.27923,6.067e-05,0.703,0.014,19670
2938,4.25874,4.27923,6.065e-05,0.779,0.015,19640
2939,4.23909,4.27923,6.063e-05,0.680,0.013,19714
2940,4.41080,4.27923,6.061e-05,0.735,0.013,19675
2941,4.26501,4.27923,6.059e-05,0.755,0.014,19630
2942,4.64841,4.27923,6.057e-05,0.788,0.015,19707
2943,4.21069,4.27923,6.055e-05,0.766,0.014,19671
2944,4.50058,4.27923,6.053e-05,0.771,0.012,19659
2945,4.31355,4.27923,6.051e-05,0.715,0.014,19699
2946,4.50023,4.27923,6.050e-05,0.740,0.014,19650
2947,4.18389,4.27923,6.048e-05,0.762,0.015,19660
2948,4.46928,4.27923,6.046e-05,0.728,0.011,19715
2949,4.55099,4.27923,6.044e-05,0.747,0.011,19669
2950,4.27103,4.27923,6.042e-05,0.771,0.016,19648
2951,4.60994,4.27923,6.041e-05,0.698,0.011,19706
2952,4.26298,4.27923,6.039e-05,0.721,0.012,19674
2953,4.41575,4.27923,6.038e-05,0.737,0.013,19644
2954,4.25384,4.27923,6.036e-05,0.721,0.013,19707
2955,4.34148,4.27923,6.034e-05,0.694,0.013,19667
2956,4.25079,4.27923,6.033e-05,0.741,0.014,19652
2957,4.40023,4.27923,6.031e-05,0.759,0.013,19712
2958,4.43565,4.27923,6.030e-05,0.715,0.012,19658
2959,4.28202,4.27923,6.029e-05,0.705,0.012,19661
2960,4.39870,4.27923,6.027e-05,0.717,0.012,19704
2961,4.14123,4.27923,6.026e-05,0.733,0.013,19659
2962,4.49166,4.27923,6.025e-05,0.764,0.014,19672
2963,4.18563,4.27923,6.023e-05,0.788,0.013,19700
2964,4.32922,4.27923,6.022e-05,0.756,0.014,19669
2965,4.21625,4.27923,6.021e-05,0.737,0.014,19660
2966,4.43370,4.27923,6.020e-05,0.740,0.013,19726
2967,4.43984,4.27923,6.019e-05,0.717,0.013,19655
2968,4.28355,4.27923,6.017e-05,0.831,0.015,19679
2969,4.69210,4.27923,6.016e-05,0.826,0.014,19693
2970,4.32408,4.27923,6.015e-05,0.699,0.013,19635
2971,4.37137,4.27923,6.014e-05,0.726,0.012,19651
2972,4.43761,4.27923,6.013e-05,0.820,0.016,19709
2973,4.47218,4.27923,6.012e-05,0.739,0.013,19659
2974,4.38024,4.27923,6.011e-05,0.763,0.016,19670
2975,4.17215,4.27923,6.011e-05,0.747,0.014,19712
2976,4.42332,4.27923,6.010e-05,0.785,0.014,19663
2977,4.26343,4.27923,6.009e-05,0.766,0.014,19681
2978,4.01845,4.27923,6.008e-05,0.759,0.014,19714
2979,4.24015,4.27923,6.007e-05,0.732,0.013,19630
2980,4.56737,4.27923,6.007e-05,0.698,0.012,19692
2981,4.41693,4.27923,6.006e-05,0.746,0.014,19698
2982,4.44914,4.27923,6.006e-05,0.733,0.014,19649
2983,4.31225,4.27923,6.005e-05,0.747,0.014,19656
2984,4.41077,4.27923,6.004e-05,0.723,0.012,19728
2985,4.24018,4.27923,6.004e-05,0.704,0.013,19631
2986,4.40942,4.27923,6.003e-05,0.767,0.011,19664
2987,4.41159,4.27923,6.003e-05,0.730,0.012,19712
2988,4.32361,4.27923,6.002e-05,0.782,0.015,19631
2989,4.38697,4.27923,6.002e-05,0.753,0.013,19657
2990,4.29129,4.27923,6.002e-05,0.720,0.014,19716
2991,4.17138,4.27923,6.001e-05,0.797,0.014,19617
2992,4.43636,4.27923,6.001e-05,0.761,0.012,19675
2993,4.24503,4.27923,6.001e-05,0.733,0.013,19719
2994,4.16968,4.27923,6.001e-05,0.758,0.014,19630
2995,4.55464,4.27923,6.000e-05,0.746,0.015,19673
2996,4.29684,4.27923,6.000e-05,0.732,0.013,19698
2997,4.35216,4.27923,6.000e-05,0.803,0.014,19626
2998,4.33905,4.27923,6.000e-05,0.728,0.011,19663
2999,4.40518,4.24850,6.000e-05,0.708,0.012,6157
