step,loss,val_loss,lr,grad_norm,proj_grad_norm,tokens_per_s
0,11.89676,11.83869,3.000e-06,7.852,0.680,5835
1,11.82869,11.83869,6.000e-06,8.419,0.724,19776
2,11.72619,11.83869,9.000e-06,6.401,0.482,19694
3,11.62438,11.83869,1.200e-05,4.563,0.309,19925
4,11.55821,11.83869,1.500e-05,3.665,0.239,19883
5,11.47707,11.83869,1.800e-05,3.162,0.196,19877
6,11.43233,11.83869,2.100e-05,2.445,0.135,19843
7,11.36041,11.83869,2.400e-05,2.118,0.138,19841
8,11.33723,11.83869,2.700e-05,1.909,0.135,19598
9,11.29640,11.83869,3.000e-05,1.723,0.117,19704
10,11.28395,11.83869,3.300e-05,1.777,0.121,19620
11,11.24769,11.83869,3.600e-05,1.679,0.125,19710
12,11.18100,11.83869,3.900e-05,1.694,0.135,19857
13,11.23216,11.83869,4.200e-05,1.397,0.103,19832
14,11.11124,11.83869,4.500e-05,1.660,0.141,19634
15,11.15642,11.83869,4.800e-05,1.316,0.094,19708
16,11.11637,11.83869,5.100e-05,1.322,0.085,19617
17,11.09424,11.83869,5.400e-05,1.304,0.104,19628
18,11.02949,11.83869,5.700e-05,1.386,0.129,19889
19,11.00140,11.83869,6.000e-05,1.287,0.119,19814
20,10.92961,11.83869,6.300e-05,1.294,0.092,19914
21,10.91608,11.83869,6.600e-05,1.264,0.087,19483
22,10.83845,11.83869,6.900e-05,1.427,0.142,19862
23,10.77133,11.83869,7.200e-05,1.485,0.115,19888
24,10.72370,11.83869,7.500e-05,1.507,0.141,19845
25,10.73342,11.83869,7.800e-05,1.479,0.147,19851
26,10.69579,11.83869,8.100e-05,1.428,0.171,19859
27,10.63548,11.83869,8.400e-05,1.236,0.086,19908
28,10.54651,11.83869,8.700e-05,1.362,0.110,19879
29,10.53208,11.83869,9.000e-05,1.296,0.147,19899
30,10.39475,11.83869,9.300e-05,1.527,0.152,19862
31,10.38368,11.83869,9.600e-05,1.332,0.116,19908
32,10.31143,11.83869,9.900e-05,1.252,0.076,19867
33,10.28589,11.83869,1.020e-04,1.318,0.150,19847
34,10.18680,11.83869,1.050e-04,1.297,0.119,19861
35,10.09366,11.83869,1.080e-04,1.299,0.119,19884
36,10.07173,11.83869,1.110e-04,1.241,0.125,19893
37,10.00466,11.83869,1.140e-04,1.300,0.088,19932
38,9.93022,11.83869,1.170e-04,1.332,0.167,19808
39,9.90438,11.83869,1.200e-04,1.123,0.107,19810
40,9.79450,11.83869,1.230e-04,1.177,0.079,19867
41,9.74191,11.83869,1.260e-04,1.103,0.116,19560
42,9.64698,11.83869,1.290e-04,1.140,0.071,19974
43,9.64298,11.83869,1.320e-04,1.020,0.106,20064
44,9.49833,11.83869,1.350e-04,1.114,0.102,20075
45,9.39854,11.83869,1.380e-04,1.372,0.202,20064
46,9.35615,11.83869,1.410e-04,1.315,0.181,19935
47,9.26604,11.83869,1.440e-04,1.225,0.139,19769
48,9.24955,11.83869,1.470e-04,1.079,0.073,19862
49,9.16247,11.83869,1.500e-04,1.065,0.068,20056
50,9.05749,11.83869,1.530e-04,1.186,0.087,19812
51,9.02658,11.83869,1.560e-04,0.986,0.079,19901
52,8.95688,11.83869,1.590e-04,0.941,0.083,19848
53,8.88862,11.83869,1.620e-04,1.074,0.106,19931
54,8.81476,11.83869,1.650e-04,1.071,0.096,19813
55,8.74003,11.83869,1.680e-04,0.936,0.096,19966
56,8.69832,11.83869,1.710e-04,0.787,0.069,19802
57,8.69146,11.83869,1.740e-04,0.996,0.080,19858
58,8.61725,11.83869,1.770e-04,0.871,0.080,19850
59,8.47261,11.83869,1.800e-04,0.824,0.065,19899
60,8.49845,11.83869,1.830e-04,0.912,0.111,19856
61,8.44789,11.83869,1.860e-04,1.121,0.165,19518
62,8.39440,11.83869,1.890e-04,0.861,0.067,19891
63,8.31951,11.83869,1.920e-04,0.950,0.137,20035
64,8.27818,11.83869,1.950e-04,0.803,0.085,20070
65,8.10441,11.83869,1.980e-04,0.783,0.089,20004
66,8.14958,11.83869,2.010e-04,0.837,0.097,19856
67,8.07614,11.83869,2.040e-04,0.700,0.079,19866
68,8.09091,11.83869,2.070e-04,0.704,0.089,19863
69,7.96755,11.83869,2.100e-04,0.618,0.059,19831
70,7.98672,11.83869,2.130e-04,0.696,0.106,19818
71,8.03460,11.83869,2.160e-04,0.795,0.126,19866
72,7.85178,11.83869,2.190e-04,0.818,0.138,19840
73,7.77521,11.83869,2.220e-04,0.692,0.092,19800
74,7.93089,11.83869,2.250e-04,0.970,0.170,19856
75,7.77311,11.83869,2.280e-04,0.785,0.197,19864
76,7.77993,11.83869,2.310e-04,0.756,0.186,19794
77,7.69868,11.83869,2.340e-04,0.809,0.154,19898
78,7.68158,11.83869,2.370e-04,0.698,0.139,19877
79,7.63917,11.83869,2.400e-04,0.752,0.206,19836
80,7.67145,11.83869,2.430e-04,0.604,0.113,19833
81,7.65953,11.83869,2.460e-04,0.783,0.184,19528
82,7.70172,11.83869,2.490e-04,0.645,0.163,19811
83,7.62659,11.83869,2.520e-04,0.528,0.110,19828
84,7.59584,11.83869,2.550e-04,0.608,0.103,19860
85,7.52798,11.83869,2.580e-04,0.565,0.188,19828
86,7.46402,11.83869,2.610e-04,0.427,0.073,19814
87,7.51338,11.83869,2.640e-04,0.531,0.137,19861
88,7.46125,11.83869,2.670e-04,0.503,0.109,19868
89,7.40241,11.83869,2.700e-04,0.630,0.209,19827
90,7.49666,11.83869,2.730e-04,0.551,0.158,19879
91,7.48298,11.83869,2.760e-04,0.481,0.115,19877
92,7.45302,11.83869,2.790e-04,0.474,0.110,19822
93,7.41922,11.83869,2.820e-04,0.588,0.205,19826
94,7.42837,11.83869,2.850e-04,0.610,0.141,19864
95,7.32336,11.83869,2.880e-04,0.515,0.156,19829
96,7.31826,11.83869,2.910e-04,0.581,0.140,19818
97,7.30158,11.83869,2.940e-04,0.554,0.174,19855
98,7.31735,11.83869,2.970e-04,0.529,0.160,19859
99,7.34668,11.83869,3.000e-04,0.575,0.171,19803
100,7.22934,11.83869,3.030e-04,0.582,0.161,19867
101,7.35355,11.83869,3.060e-04,0.731,0.241,19568
102,7.18531,11.83869,3.090e-04,0.517,0.169,19824
103,7.25820,11.83869,3.120e-04,0.632,0.185,19850
104,7.16310,11.83869,3.150e-04,0.733,0.280,19867
105,7.29389,11.83869,3.180e-04,1.232,0.662,19818
106,7.30278,11.83869,3.210e-04,0.702,0.349,19827
107,7.27471,11.83869,3.240e-04,0.596,0.171,19863
108,7.22056,11.83869,3.270e-04,0.384,0.117,19838
109,7.12102,11.83869,3.300e-04,0.507,0.156,19787
110,7.16798,11.83869,3.330e-04,0.425,0.114,19856
111,7.12231,11.83869,3.360e-04,0.440,0.116,19856
112,7.14095,11.83869,3.390e-04,0.424,0.128,19823
113,7.09739,11.83869,3.420e-04,0.381,0.132,19896
114,7.21876,11.83869,3.450e-04,0.640,0.150,19890
115,7.06697,11.83869,3.480e-04,0.508,0.188,19809
116,7.11734,11.83869,3.510e-04,0.765,0.257,19841
117,7.17166,11.83869,3.540e-04,0.930,0.419,19864
118,7.11113,11.83869,3.570e-04,0.976,0.536,19847
119,7.11172,11.83869,3.600e-04,0.606,0.245,19790
120,7.14526,11.83869,3.630e-04,1.079,0.557,19862
121,7.13246,11.83869,3.660e-04,0.609,0.235,19525
122,7.20180,11.83869,3.690e-04,0.759,0.329,19804
123,7.08730,11.83869,3.720e-04,0.573,0.218,19867
124,7.07046,11.83869,3.750e-04,0.878,0.343,19875
125,7.17533,11.83869,3.780e-04,0.712,0.275,19825
126,7.06485,11.83869,3.810e-04,0.576,0.221,19889
127,7.00283,11.83869,3.840e-04,0.616,0.233,19856
128,7.06076,11.83869,3.870e-04,0.800,0.340,19803
129,7.03935,11.83869,3.900e-04,0.570,0.228,19823
130,7.01768,11.83869,3.930e-04,0.604,0.243,19861
131,6.99703,11.83869,3.960e-04,0.602,0.200,19838
132,6.96649,11.83869,3.990e-04,0.525,0.190,19801
133,6.89910,11.83869,4.020e-04,0.565,0.226,19861
134,6.97556,11.83869,4.050e-04,0.624,0.262,19868
135,6.97134,11.83869,4.080e-04,0.536,0.207,19791
136,6.82807,11.83869,4.110e-04,0.919,0.475,19878
137,7.03653,11.83869,4.140e-04,0.848,0.446,19869
138,7.02966,11.83869,4.170e-04,1.105,0.616,19808
139,6.90611,11.83869,4.200e-04,0.611,0.254,19846
140,7.00004,11.83869,4.230e-04,0.821,0.392,19853
141,6.95270,11.83869,4.260e-04,0.542,0.224,19539
142,6.90462,11.83869,4.290e-04,0.538,0.220,19831
143,6.92714,11.83869,4.320e-04,0.578,0.263,19846
144,7.01412,11.83869,4.350e-04,0.642,0.263,19827
145,6.87855,11.83869,4.380e-04,0.565,0.245,19798
146,6.73999,11.83869,4.410e-04,0.591,0.255,19846
147,6.91951,11.83869,4.440e-04,0.572,0.249,19855
148,6.79551,11.83869,4.470e-04,0.660,0.287,19818
149,6.76724,11.83869,4.500e-04,0.739,0.317,19876
150,6.82950,11.83869,4.530e-04,0.608,0.241,19867
151,6.99927,11.83869,4.560e-04,0.536,0.217,19793
152,6.83547,11.83869,4.590e-04,0.712,0.291,19846
153,6.85246,11.83869,4.620e-04,0.636,0.284,19852
154,6.85957,11.83869,4.650e-04,0.624,0.287,19811
155,6.77021,11.83869,4.680e-04,0.506,0.204,19804
156,6.85457,11.83869,4.710e-04,0.509,0.236,19851
157,6.86143,11.83869,4.740e-04,0.577,0.283,19852
158,6.77332,11.83869,4.770e-04,0.457,0.212,19784
159,6.96363,11.83869,4.800e-04,0.588,0.259,19854
160,6.80075,11.83869,4.830e-04,0.616,0.289,19877
161,6.89007,11.83869,4.860e-04,0.689,0.352,19543
162,6.79589,11.83869,4.890e-04,0.840,0.387,19862
163,6.76389,11.83869,4.920e-04,0.683,0.323,19833
164,6.83468,11.83869,4.950e-04,0.571,0.243,19793
165,6.77952,11.83869,4.980e-04,0.652,0.311,19838
166,6.77483,11.83869,5.010e-04,0.490,0.224,19844
167,6.86883,11.83869,5.040e-04,0.489,0.215,19816
168,6.73899,11.83869,5.070e-04,0.591,0.272,19822
169,6.92627,11.83869,5.100e-04,0.616,0.248,19849
170,6.77811,11.83869,5.130e-04,0.971,0.517,19850
171,6.65663,11.83869,5.160e-04,0.694,0.363,19804
172,6.95402,11.83869,5.190e-04,0.785,0.426,19880
173,6.78312,11.83869,5.220e-04,0.852,0.499,19880
174,6.91820,11.83869,5.250e-04,0.686,0.316,19797
175,6.78163,11.83869,5.280e-04,0.890,0.471,19833
176,6.79258,11.83869,5.310e-04,0.576,0.294,19863
177,6.79952,11.83869,5.340e-04,0.734,0.312,19807
178,6.67998,11.83869,5.370e-04,0.611,0.300,19819
179,6.72080,11.83869,5.400e-04,0.612,0.305,19845
180,6.63516,11.83869,5.430e-04,0.580,0.272,19832
181,6.69040,11.83869,5.460e-04,0.664,0.343,19510
182,6.65342,11.83869,5.490e-04,0.681,0.369,19856
183,6.62467,11.83869,5.520e-04,0.579,0.303,19866
184,6.63298,11.83869,5.550e-04,0.627,0.326,19834
185,6.67199,11.83869,5.580e-04,0.481,0.231,19867
186,6.57956,11.83869,5.610e-04,0.728,0.409,19848
187,6.69421,11.83869,5.640e-04,0.973,0.513,19776
188,6.82508,11.83869,5.670e-04,0.597,0.292,19847
189,6.65539,11.83869,5.700e-04,0.801,0.430,19847
190,6.73629,11.83869,5.730e-04,0.722,0.356,19804
191,6.60948,11.83869,5.760e-04,0.828,0.382,19815
192,6.84131,11.83869,5.790e-04,0.826,0.418,19864
193,6.55608,11.83869,5.820e-04,0.700,0.318,19845
194,6.80791,11.83869,5.850e-04,0.713,0.329,19805
195,6.69537,11.83869,5.880e-04,0.594,0.299,19877
196,6.71440,11.83869,5.910e-04,0.831,0.446,19892
197,6.68669,11.83869,5.940e-04,0.628,0.298,19789
198,6.61915,11.83869,5.970e-04,0.637,0.273,19866
199,6.64321,11.83869,6.000e-04,0.478,0.206,19854
200,6.65846,11.83869,6.000e-04,0.719,0.327,19803
201,6.75717,11.83869,6.000e-04,0.504,0.223,19481
202,6.58794,11.83869,6.000e-04,0.551,0.258,19852
203,6.67863,11.83869,6.000e-04,0.574,0.256,19825
204,6.54554,11.83869,6.000e-04,0.603,0.319,19820
205,6.66820,11.83869,6.000e-04,0.510,0.218,19863
206,6.65290,11.83869,6.000e-04,0.683,0.326,19839
207,6.52004,11.83869,6.000e-04,0.467,0.204,19834
208,6.56943,11.83869,6.000e-04,0.516,0.250,19873
209,6.62029,11.83869,6.000e-04,0.491,0.211,19865
210,6.53879,11.83869,6.000e-04,0.501,0.220,19773
211,6.54266,11.83869,6.000e-04,0.581,0.314,19845
212,6.60398,11.83869,6.000e-04,0.471,0.194,19875
213,6.49318,11.83869,6.000e-04,0.566,0.324,19805
214,6.54331,11.83869,6.000e-04,0.628,0.347,19835
215,6.66507,11.83869,6.000e-04,0.713,0.427,19860
216,6.58053,11.83869,6.000e-04,0.504,0.239,19838
217,6.46362,11.83869,6.000e-04,0.593,0.290,19798
218,6.60783,11.83869,5.999e-04,0.484,0.231,19862
219,6.59002,11.83869,5.999e-04,0.542,0.265,19881
220,6.53680,11.83869,5.999e-04,0.498,0.241,19817
221,6.59251,11.83869,5.999e-04,0.494,0.251,19492
222,6.54664,11.83869,5.999e-04,0.487,0.217,19858
223,6.50713,11.83869,5.999e-04,0.479,0.199,19783
224,6.47644,11.83869,5.999e-04,0.494,0.232,19830
225,6.46722,11.83869,5.999e-04,0.839,0.461,19877
226,6.56847,11.83869,5.999e-04,0.838,0.446,19806
227,6.49734,11.83869,5.999e-04,0.533,0.266,19828
228,6.41215,11.83869,5.999e-04,0.478,0.242,19851
229,6.57301,11.83869,5.999e-04,0.457,0.203,19822
230,6.42656,11.83869,5.998e-04,0.606,0.317,19832
231,6.48712,11.83869,5.998e-04,0.618,0.334,19873
232,6.63956,11.83869,5.998e-04,0.557,0.275,19883
233,6.66250,11.83869,5.998e-04,0.538,0.260,19795
234,6.45359,11.83869,5.998e-04,0.654,0.338,19847
235,6.56742,11.83869,5.998e-04,0.642,0.313,19839
236,6.43960,11.83869,5.998e-04,0.636,0.338,19776
237,6.56446,11.83869,5.998e-04,0.514,0.229,19838
238,6.59755,11.83869,5.998e-04,0.561,0.216,19855
239,6.50639,11.83869,5.997e-04,0.546,0.238,19821
240,6.45361,11.83869,5.997e-04,0.493,0.228,19820
241,6.47458,11.83869,5.997e-04,0.580,0.270,19488
242,6.55281,11.83869,5.997e-04,0.535,0.254,19850
243,6.48657,11.83869,5.997e-04,0.479,0.233,19851
244,6.55461,11.83869,5.997e-04,0.448,0.207,19861
245,6.67325,11.83869,5.997e-04,0.467,0.208,19836
246,6.42048,11.83869,5.996e-04,0.467,0.208,19808
247,6.37172,11.83869,5.996e-04,0.616,0.331,19851
248,6.38891,11.83869,5.996e-04,0.800,0.445,19869
249,6.43204,11.83869,5.996e-04,0.750,0.398,19799
250,6.44793,6.43417,5.996e-04,0.490,0.245,6165
251,6.52541,6.43417,5.996e-04,0.518,0.251,19801
252,6.45833,6.43417,5.995e-04,0.662,0.344,19871
253,6.49173,6.43417,5.995e-04,0.571,0.290,19880
254,6.45557,6.43417,5.995e-04,0.544,0.271,19838
255,6.45668,6.43417,5.995e-04,0.731,0.373,19821
256,6.48093,6.43417,5.995e-04,0.589,0.274,19869
257,6.42608,6.43417,5.994e-04,0.520,0.263,19851
258,6.48260,6.43417,5.994e-04,0.547,0.250,19782
259,6.47776,6.43417,5.994e-04,0.457,0.207,19858
260,6.64537,6.43417,5.994e-04,0.531,0.244,19842
261,6.60302,6.43417,5.994e-04,0.666,0.326,19511
262,6.53616,6.43417,5.993e-04,0.547,0.265,19850
263,6.43897,6.43417,5.993e-04,0.539,0.267,19878
264,6.33683,6.43417,5.993e-04,0.505,0.223,19839
265,6.47129,6.43417,5.993e-04,0.672,0.320,19840
266,6.42517,6.43417,5.993e-04,0.621,0.284,19852
267,6.46478,6.43417,5.992e-04,0.445,0.185,19839
268,6.40381,6.43417,5.992e-04,0.662,0.280,19817
269,6.43133,6.43417,5.992e-04,0.690,0.246,19851
270,6.54753,6.43417,5.992e-04,0.480,0.204,19861
271,6.59753,6.43417,5.991e-04,0.762,0.283,19779
272,6.59103,6.43417,5.991e-04,0.556,0.227,19852
273,6.51195,6.43417,5.991e-04,0.560,0.276,19856
274,6.30435,6.43417,5.991e-04,0.705,0.348,19818
275,6.59753,6.43417,5.990e-04,0.603,0.261,19852
276,6.27771,6.43417,5.990e-04,0.575,0.274,19885
277,6.38866,6.43417,5.990e-04,0.558,0.275,19844
278,6.31999,6.43417,5.990e-04,0.754,0.415,19822
279,6.32629,6.43417,5.989e-04,0.701,0.417,19857
280,6.37117,6.43417,5.989e-04,0.658,0.366,19855
281,6.44320,6.43417,5.989e-04,0.428,0.194,19517
282,6.28680,6.43417,5.989e-04,0.652,0.371,19859
283,6.39078,6.43417,5.988e-04,0.549,0.288,19854
284,6.42116,6.43417,5.988e-04,0.680,0.344,19785
285,6.30211,6.43417,5.988e-04,0.742,0.407,19863
286,6.32233,6.43417,5.987e-04,0.521,0.252,19848
287,6.39366,6.43417,5.987e-04,0.570,0.253,19842
288,6.41996,6.43417,5.987e-04,0.658,0.311,19841
289,6.44333,6.43417,5.987e-04,0.542,0.270,19872
290,6.34924,6.43417,5.986e-04,0.597,0.300,19823
291,6.54440,6.43417,5.986e-04,0.498,0.204,19818
292,6.23547,6.43417,5.986e-04,0.632,0.343,19854
293,6.43169,6.43417,5.985e-04,0.716,0.380,19842
294,6.24152,6.43417,5.985e-04,0.526,0.242,19799
295,6.41188,6.43417,5.985e-04,0.551,0.258,19853
296,6.41536,6.43417,5.984e-04,0.550,0.252,19865
297,6.53367,6.43417,5.984e-04,0.472,0.198,19798
298,6.38667,6.43417,5.984e-04,0.561,0.237,19847
299,6.33280,6.43417,5.983e-04,0.457,0.190,19891
300,6.17546,6.43417,5.983e-04,0.529,0.264,19865
301,6.44647,6.43417,5.983e-04,0.479,0.219,19492
302,6.37538,6.43417,5.982e-04,0.463,0.208,19856
303,6.23482,6.43417,5.982e-04,0.488,0.217,19847
304,6.37611,6.43417,5.982e-04,0.511,0.237,19826
305,6.37593,6.43417,5.981e-04,0.505,0.246,19838
306,6.34877,6.43417,5.981e-04,0.439,0.197,19865
307,6.36099,6.43417,5.981e-04,0.449,0.195,19773
308,6.39755,6.43417,5.980e-04,0.450,0.221,19861
309,6.27491,6.43417,5.980e-04,0.540,0.266,19851
310,6.31733,6.43417,5.979e-04,0.491,0.216,19814
311,6.37776,6.43417,5.979e-04,0.635,0.284,19873
312,6.24208,6.43417,5.979e-04,0.545,0.216,19891
313,6.34444,6.43417,5.978e-04,0.463,0.210,19824
314,6.47024,6.43417,5.978e-04,0.553,0.249,19823
315,6.22819,6.43417,5.978e-04,0.440,0.183,19865
316,6.31419,6.43417,5.977e-04,0.609,0.329,19837
317,6.14332,6.43417,5.977e-04,0.475,0.241,19792
318,6.30373,6.43417,5.976e-04,0.449,0.206,19866
319,6.26019,6.43417,5.976e-04,0.442,0.205,19853
320,6.41827,6.43417,5.976e-04,0.444,0.206,19790
321,6.23254,6.43417,5.975e-04,0.426,0.205,19510
322,6.17607,6.43417,5.975e-04,0.591,0.296,19869
323,6.31878,6.43417,5.974e-04,0.505,0.249,19835
324,6.28435,6.43417,5.974e-04,0.446,0.209,19854
325,6.47447,6.43417,5.973e-04,0.484,0.200,19831
326,6.30150,6.43417,5.973e-04,0.498,0.246,19830
327,6.24527,6.43417,5.973e-04,0.505,0.265,19825
328,6.42176,6.43417,5.972e-04,0.579,0.224,19863
329,6.12161,6.43417,5.972e-04,0.577,0.323,19852
330,6.23574,6.43417,5.971e-04,0.538,0.278,19792
331,6.40592,6.43417,5.971e-04,0.668,0.337,19861
332,6.30153,6.43417,5.970e-04,0.552,0.270,19860
333,6.26733,6.43417,5.970e-04,0.590,0.288,19797
334,6.29077,6.43417,5.970e-04,0.550,0.281,19853
335,6.22620,6.43417,5.969e-04,0.520,0.263,19882
336,6.24403,6.43417,5.969e-04,0.571,0.260,19845
337,6.19758,6.43417,5.968e-04,0.565,0.269,19827
338,6.15723,6.43417,5.968e-04,0.509,0.241,19858
339,6.12868,6.43417,5.967e-04,0.532,0.257,19826
340,6.28994,6.43417,5.967e-04,0.461,0.216,19804
341,6.24424,6.43417,5.966e-04,0.488,0.227,19511
342,6.31046,6.43417,5.966e-04,0.435,0.202,19841
343,6.17930,6.43417,5.965e-04,0.505,0.215,19803
344,6.34223,6.43417,5.965e-04,0.444,0.201,19861
345,6.36999,6.43417,5.964e-04,0.561,0.222,19848
346,6.01316,6.43417,5.964e-04,0.568,0.296,19811
347,6.26795,6.43417,5.963e-04,0.511,0.249,19875
348,6.48955,6.43417,5.963e-04,0.569,0.238,19881
349,6.37744,6.43417,5.962e-04,0.411,0.176,19779
350,6.11864,6.43417,5.962e-04,0.540,0.249,19825
351,6.06620,6.43417,5.961e-04,0.432,0.185,19858
352,6.21602,6.43417,5.961e-04,0.535,0.257,19824
353,6.21057,6.43417,5.960e-04,0.636,0.306,19817
354,6.29137,6.43417,5.960e-04,0.657,0.350,19850
355,6.18928,6.43417,5.959e-04,0.500,0.240,19845
356,6.38844,6.43417,5.959e-04,0.504,0.228,19782
357,6.21875,6.43417,5.958e-04,0.642,0.322,19842
358,6.26069,6.43417,5.958e-04,0.529,0.267,19880
359,6.32738,6.43417,5.957e-04,0.519,0.245,19834
360,6.13941,6.43417,5.957e-04,0.588,0.288,19837
361,6.22349,6.43417,5.956e-04,0.422,0.180,19536
362,6.19441,6.43417,5.956e-04,0.544,0.264,19805
363,6.26787,6.43417,5.955e-04,0.614,0.305,19832
364,6.37069,6.43417,5.954e-04,0.572,0.244,19838
365,6.23197,6.43417,5.954e-04,0.494,0.245,19816
366,6.24284,6.43417,5.953e-04,0.473,0.202,19808
367,6.19669,6.43417,5.953e-04,0.487,0.220,19863
368,6.28540,6.43417,5.952e-04,0.482,0.228,19864
369,6.27447,6.43417,5.952e-04,0.462,0.205,19792
370,6.16377,6.43417,5.951e-04,0.447,0.197,19878
371,6.04025,6.43417,5.950e-04,0.526,0.273,19875
372,6.25072,6.43417,5.950e-04,0.437,0.207,19815
373,6.27847,6.43417,5.949e-04,0.489,0.234,19841
374,6.26313,6.43417,5.949e-04,0.416,0.176,19857
375,6.09166,6.43417,5.948e-04,0.587,0.331,19834
376,6.20070,6.43417,5.948e-04,0.461,0.226,19805
377,6.19073,6.43417,5.947e-04,0.477,0.230,19842
378,6.19558,6.43417,5.946e-04,0.516,0.268,19852
379,6.16024,6.43417,5.946e-04,0.427,0.192,19788
380,6.18111,6.43417,5.945e-04,0.554,0.249,19861
381,6.13777,6.43417,5.945e-04,0.468,0.225,19539
382,6.13997,6.43417,5.944e-04,0.435,0.187,19812
383,6.22122,6.43417,5.943e-04,0.477,0.230,19884
384,6.17410,6.43417,5.943e-04,0.423,0.195,19857
385,6.03505,6.43417,5.942e-04,0.493,0.260,19802
386,6.05454,6.43417,5.941e-04,0.483,0.222,19837
387,5.97117,6.43417,5.941e-04,0.461,0.214,19862
388,6.18469,6.43417,5.940e-04,0.442,0.211,19821
389,6.14348,6.43417,5.940e-04,0.536,0.233,19818
390,6.15093,6.43417,5.939e-04,0.608,0.291,19858
391,6.00779,6.43417,5.938e-04,0.513,0.233,19868
392,6.25140,6.43417,5.938e-04,0.594,0.299,19785
393,6.08740,6.43417,5.937e-04,0.610,0.312,19874
394,6.09050,6.43417,5.936e-04,0.612,0.303,19862
395,6.20456,6.43417,5.936e-04,0.555,0.229,19823
396,6.25654,6.43417,5.935e-04,0.502,0.216,19857
397,6.19093,6.43417,5.934e-04,0.484,0.196,19843
398,6.18511,6.43417,5.934e-04,0.601,0.290,19835
399,6.02614,6.43417,5.933e-04,0.559,0.265,19810
400,5.97200,6.43417,5.932e-04,0.515,0.233,19864
401,6.14953,6.43417,5.932e-04,0.470,0.198,19519
402,6.26319,6.43417,5.931e-04,0.488,0.217,19810
403,6.22492,6.43417,5.930e-04,0.540,0.216,19868
404,5.96020,6.43417,5.930e-04,0.480,0.218,19841
405,6.10705,6.43417,5.929e-04,0.439,0.175,19826
406,6.09548,6.43417,5.928e-04,0.449,0.199,19870
407,5.99331,6.43417,5.928e-04,0.480,0.203,19878
408,5.90509,6.43417,5.927e-04,0.416,0.187,19807
409,6.18067,6.43417,5.926e-04,0.472,0.209,19847
410,5.97934,6.43417,5.925e-04,0.470,0.224,19847
411,6.17309,6.43417,5.925e-04,0.440,0.183,19812
412,6.11267,6.43417,5.924e-04,0.490,0.224,19820
413,6.08540,6.43417,5.923e-04,0.562,0.223,19857
414,6.11375,6.43417,5.923e-04,0.486,0.237,19843
415,5.99063,6.43417,5.922e-04,0.464,0.191,19808
416,6.05739,6.43417,5.921e-04,0.579,0.270,19856
417,5.98141,6.43417,5.920e-04,0.561,0.264,19886
418,6.00631,6.43417,5.920e-04,0.451,0.186,19819
419,6.12110,6.43417,5.919e-04,0.432,0.174,19890
420,6.29075,6.43417,5.918e-04,0.473,0.190,19834
421,6.22080,6.43417,5.917e-04,0.478,0.180,19532
422,5.91910,6.43417,5.917e-04,0.569,0.269,19850
423,6.00534,6.43417,5.916e-04,0.484,0.185,19861
424,6.05035,6.43417,5.915e-04,0.558,0.234,19824
425,6.13392,6.43417,5.914e-04,0.583,0.248,19814
426,5.92503,6.43417,5.914e-04,0.519,0.243,19847
427,6.11880,6.43417,5.913e-04,0.501,0.174,19851
428,5.95636,6.43417,5.912e-04,0.480,0.226,19815
429,6.02427,6.43417,5.911e-04,0.460,0.205,19869
430,6.24325,6.43417,5.911e-04,0.461,0.186,19876
431,5.92465,6.43417,5.910e-04,0.546,0.277,19793
432,6.04841,6.43417,5.909e-04,0.479,0.200,19856
433,6.37657,6.43417,5.908e-04,0.471,0.192,19838
434,6.04653,6.43417,5.907e-04,0.464,0.210,19816
435,5.91219,6.43417,5.907e-04,0.493,0.238,19818
436,6.01554,6.43417,5.906e-04,0.515,0.245,19856
437,6.01594,6.43417,5.905e-04,0.466,0.215,19829
438,6.04890,6.43417,5.904e-04,0.479,0.220,19811
439,6.13906,6.43417,5.904e-04,0.435,0.189,19871
440,6.06044,6.43417,5.903e-04,0.623,0.260,19865
441,6.24761,6.43417,5.902e-04,0.543,0.234,19514
442,5.99298,6.43417,5.901e-04,0.457,0.209,19872
443,5.87177,6.43417,5.900e-04,0.497,0.245,19859
444,5.96133,6.43417,5.899e-04,0.471,0.212,19790
445,6.06528,6.43417,5.899e-04,0.515,0.253,19847
446,6.07312,6.43417,5.898e-04,0.480,0.201,19853
447,5.96495,6.43417,5.897e-04,0.558,0.283,19813
448,6.23082,6.43417,5.896e-04,0.495,0.219,19834
449,5.89474,6.43417,5.895e-04,0.513,0.242,19855
450,5.97008,6.43417,5.894e-04,0.419,0.175,19832
451,6.18701,6.43417,5.894e-04,0.514,0.204,19804
452,5.98681,6.43417,5.893e-04,0.647,0.331,19861
453,5.92002,6.43417,5.892e-04,0.445,0.197,19872
454,5.95952,6.43417,5.891e-04,0.502,0.236,19805
455,5.90203,6.43417,5.890e-04,0.469,0.216,19862
456,5.94900,6.43417,5.889e-04,0.431,0.199,19850
457,5.79456,6.43417,5.889e-04,0.504,0.240,19792
458,5.93954,6.43417,5.888e-04,0.475,0.205,19840
459,5.80337,6.43417,5.887e-04,0.466,0.222,19850
460,5.76053,6.43417,5.886e-04,0.427,0.188,19829
461,5.95065,6.43417,5.885e-04,0.428,0.188,19493
462,6.02282,6.43417,5.884e-04,0.423,0.167,19868
463,6.17273,6.43417,5.883e-04,0.389,0.148,19843
464,6.06275,6.43417,5.882e-04,0.393,0.151,19815
465,5.99466,6.43417,5.882e-04,0.437,0.184,19880
466,5.97605,6.43417,5.881e-04,0.410,0.168,19881
467,5.78866,6.43417,5.880e-04,0.483,0.223,19792
468,6.03353,6.43417,5.879e-04,0.410,0.170,19853
469,6.07686,6.43417,5.878e-04,0.514,0.221,19861
470,6.08958,6.43417,5.877e-04,0.457,0.194,19795
471,5.89659,6.43417,5.876e-04,0.546,0.238,19851
472,6.00324,6.43417,5.875e-04,0.432,0.182,19860
473,5.90348,6.43417,5.874e-04,0.461,0.202,19831
474,5.96100,6.43417,5.873e-04,0.459,0.203,19807
475,5.91158,6.43417,5.872e-04,0.475,0.204,19865
476,5.90447,6.43417,5.872e-04,0.428,0.169,19882
477,5.85698,6.43417,5.871e-04,0.473,0.204,19816
478,5.93396,6.43417,5.870e-04,0.445,0.199,19868
479,6.00195,6.43417,5.869e-04,0.457,0.197,19863
480,5.98902,6.43417,5.868e-04,0.488,0.218,19807
481,5.99569,6.43417,5.867e-04,0.440,0.179,19476
482,5.76876,6.43417,5.866e-04,0.422,0.171,19861
483,5.81757,6.43417,5.865e-04,0.484,0.235,19797
484,5.93163,6.43417,5.864e-04,0.405,0.168,19830
485,6.03366,6.43417,5.863e-04,0.452,0.201,19872
486,5.87335,6.43417,5.862e-04,0.445,0.210,19818
487,6.03389,6.43417,5.861e-04,0.453,0.186,19823
488,5.76404,6.43417,5.860e-04,0.502,0.238,19877
489,5.92346,6.43417,5.859e-04,0.461,0.210,19887
490,5.81100,6.43417,5.858e-04,0.479,0.212,19778
491,5.94741,6.43417,5.857e-04,0.450,0.209,19862
492,5.92866,6.43417,5.856e-04,0.538,0.217,19864
493,5.93895,6.43417,5.855e-04,0.497,0.224,19787
494,5.83349,6.43417,5.854e-04,0.429,0.171,19850
495,5.87160,6.43417,5.853e-04,0.457,0.204,19845
496,5.82385,6.43417,5.852e-04,0.458,0.192,19819
497,5.71350,6.43417,5.851e-04,0.500,0.245,19816
498,5.94936,6.43417,5.850e-04,0.398,0.153,19863
499,6.00616,6.43417,5.849e-04,0.415,0.166,19859
500,5.83281,5.82078,5.848e-04,0.407,0.177,6131
501,5.81824,5.82078,5.847e-04,0.440,0.192,19855
502,5.86576,5.82078,5.846e-04,0.445,0.196,19798
503,5.98597,5.82078,5.845e-04,0.476,0.194,19861
504,5.84081,5.82078,5.844e-04,0.553,0.260,19833
505,6.01830,5.82078,5.843e-04,0.446,0.194,19803
506,5.84805,5.82078,5.842e-04,0.460,0.198,19846
507,5.79278,5.82078,5.841e-04,0.408,0.170,19865
508,5.79969,5.82078,5.840e-04,0.422,0.185,19808
509,6.02194,5.82078,5.839e-04,0.447,0.177,19854
510,6.00226,5.82078,5.838e-04,0.455,0.209,19881
511,5.86764,5.82078,5.837e-04,0.439,0.175,19859
512,6.10253,5.82078,5.836e-04,0.459,0.189,19817
513,5.79387,5.82078,5.835e-04,0.486,0.219,19853
514,5.90436,5.82078,5.834e-04,0.435,0.166,19843
515,5.71200,5.82078,5.833e-04,0.484,0.230,19782
516,5.92655,5.82078,5.832e-04,0.412,0.175,19852
517,5.97789,5.82078,5.831e-04,0.454,0.170,19860
518,5.92341,5.82078,5.830e-04,0.467,0.183,19805
519,5.81155,5.82078,5.829e-04,0.409,0.171,19843
520,5.93887,5.82078,5.828e-04,0.422,0.169,19785
521,5.85443,5.82078,5.827e-04,0.417,0.162,19484
522,5.95942,5.82078,5.826e-04,0.473,0.184,19866
523,5.59552,5.82078,5.825e-04,0.479,0.232,19873
524,5.93571,5.82078,5.824e-04,0.495,0.201,19816
525,5.95237,5.82078,5.822e-04,0.455,0.187,19822
526,5.92940,5.82078,5.821e-04,0.445,0.182,19847
527,5.79749,5.82078,5.820e-04,0.476,0.224,19839
528,6.05323,5.82078,5.819e-04,0.448,0.179,19797
529,5.88388,5.82078,5.818e-04,0.485,0.230,19859
530,5.75863,5.82078,5.817e-04,0.468,0.205,19864
531,5.79918,5.82078,5.816e-04,0.487,0.200,19795
532,6.01924,5.82078,5.815e-04,0.441,0.188,19849
533,5.72248,5.82078,5.814e-04,0.456,0.196,19888
534,5.82990,5.82078,5.813e-04,0.430,0.175,19846
535,5.98033,5.82078,5.812e-04,0.490,0.206,19827
536,5.77095,5.82078,5.810e-04,0.447,0.199,19852
537,5.67912,5.82078,5.809e-04,0.543,0.257,19839
538,5.94815,5.82078,5.808e-04,0.553,0.230,19798
539,5.85587,5.82078,5.807e-04,0.541,0.253,19873
540,5.97549,5.82078,5.806e-04,0.403,0.160,19839
541,5.77692,5.82078,5.805e-04,0.481,0.218,19526
542,5.68994,5.82078,5.804e-04,0.454,0.199,19856
543,5.73850,5.82078,5.803e-04,0.455,0.203,19864
544,5.86998,5.82078,5.801e-04,0.423,0.161,19822
545,5.87504,5.82078,5.800e-04,0.435,0.162,19872
546,5.92789,5.82078,5.799e-04,0.422,0.182,19880
547,5.91923,5.82078,5.798e-04,0.435,0.177,19826
548,5.66760,5.82078,5.797e-04,0.423,0.164,19829
549,5.80314,5.82078,5.796e-04,0.477,0.199,19845
550,5.84017,5.82078,5.794e-04,0.409,0.155,19856
551,5.80606,5.82078,5.793e-04,0.420,0.185,19795
552,5.92553,5.82078,5.792e-04,0.419,0.168,19854
553,5.87086,5.82078,5.791e-04,0.406,0.164,19854
554,6.02011,5.82078,5.790e-04,0.459,0.188,19808
555,5.92398,5.82078,5.789e-04,0.421,0.169,19848
556,5.74180,5.82078,5.787e-04,0.475,0.189,19880
557,5.64455,5.82078,5.786e-04,0.449,0.207,19863
558,5.84670,5.82078,5.785e-04,0.428,0.184,19845
559,5.76645,5.82078,5.784e-04,0.480,0.222,19867
560,5.86260,5.82078,5.783e-04,0.539,0.252,19848
561,5.77782,5.82078,5.782e-04,0.420,0.183,19512
562,5.94754,5.82078,5.780e-04,0.474,0.176,19860
563,5.77383,5.82078,5.779e-04,0.448,0.177,19840
564,5.63908,5.82078,5.778e-04,0.419,0.169,19776
565,5.71654,5.82078,5.777e-04,0.416,0.161,19863
566,5.85236,5.82078,5.776e-04,0.445,0.166,19867
567,5.74479,5.82078,5.774e-04,0.435,0.163,19793
568,5.63360,5.82078,5.773e-04,0.403,0.163,19868
569,5.63663,5.82078,5.772e-04,0.421,0.164,19868
570,5.67833,5.82078,5.771e-04,0.391,0.158,19817
571,5.60576,5.82078,5.769e-04,0.461,0.204,19821
572,5.75741,5.82078,5.768e-04,0.411,0.160,19849
573,5.69961,5.82078,5.767e-04,0.508,0.238,19855
574,5.64732,5.82078,5.766e-04,0.513,0.218,19790
575,5.75682,5.82078,5.765e-04,0.457,0.172,19857
576,5.82592,5.82078,5.763e-04,0.508,0.224,19854
577,5.93053,5.82078,5.762e-04,0.436,0.179,19785
578,5.62212,5.82078,5.761e-04,0.515,0.237,19849
579,5.80036,5.82078,5.760e-04,0.432,0.163,19853
580,5.85641,5.82078,5.758e-04,0.478,0.198,19831
581,5.66210,5.82078,5.757e-04,0.411,0.172,19511
582,5.79194,5.82078,5.756e-04,0.483,0.186,19860
583,6.04703,5.82078,5.755e-04,0.453,0.167,19825
584,5.73487,5.82078,5.753e-04,0.471,0.198,19833
585,5.88283,5.82078,5.752e-04,0.394,0.148,19859
586,5.90632,5.82078,5.751e-04,0.426,0.171,19834
587,5.97470,5.82078,5.749e-04,0.437,0.169,19783
588,5.63302,5.82078,5.748e-04,0.424,0.160,19858
589,5.72536,5.82078,5.747e-04,0.407,0.154,19846
590,5.61315,5.82078,5.746e-04,0.418,0.173,19783
591,5.78559,5.82078,5.744e-04,0.400,0.145,19863
592,5.62845,5.82078,5.743e-04,0.417,0.167,19867
593,5.92151,5.82078,5.742e-04,0.464,0.174,19846
594,5.65015,5.82078,5.740e-04,0.476,0.207,19826
595,5.71195,5.82078,5.739e-04,0.461,0.160,19856
596,5.65090,5.82078,5.738e-04,0.515,0.208,19823
597,5.61227,5.82078,5.737e-04,0.488,0.196,19795
598,5.75625,5.82078,5.735e-04,0.459,0.184,19859
599,5.59469,5.82078,5.734e-04,0.441,0.181,19834
600,5.58913,5.82078,5.733e-04,0.468,0.202,19798
601,5.72054,5.82078,5.731e-04,0.392,0.145,19499
602,5.69018,5.82078,5.730e-04,0.438,0.162,19863
603,5.85003,5.82078,5.729e-04,0.400,0.144,19787
604,5.76575,5.82078,5.727e-04,0.424,0.159,19875
605,5.64120,5.82078,5.726e-04,0.423,0.167,19875
606,5.71435,5.82078,5.725e-04,0.520,0.164,19805
607,5.70218,5.82078,5.723e-04,0.526,0.169,19827
608,5.73109,5.82078,5.722e-04,0.431,0.157,19864
609,5.77125,5.82078,5.721e-04,0.404,0.156,19833
610,5.65122,5.82078,5.719e-04,0.412,0.164,19800
611,5.88087,5.82078,5.718e-04,0.435,0.156,19854
612,5.67623,5.82078,5.717e-04,0.492,0.206,19849
613,5.60242,5.82078,5.715e-04,0.397,0.156,19782
614,5.69589,5.82078,5.714e-04,0.504,0.215,19856
615,5.54757,5.82078,5.713e-04,0.481,0.198,19863
616,5.76837,5.82078,5.711e-04,0.441,0.174,19819
617,5.64213,5.82078,5.710e-04,0.509,0.221,19868
618,5.78871,5.82078,5.708e-04,0.505,0.212,19853
619,5.80165,5.82078,5.707e-04,0.473,0.208,19825
620,5.70652,5.82078,5.706e-04,0.527,0.235,19821
621,5.69515,5.82078,5.704e-04,0.499,0.204,19497
622,5.69458,5.82078,5.703e-04,0.473,0.190,19834
623,5.72666,5.82078,5.702e-04,0.473,0.179,19814
624,5.65764,5.82078,5.700e-04,0.409,0.159,19862
625,5.76788,5.82078,5.699e-04,0.437,0.166,19853
626,5.63680,5.82078,5.697e-04,0.401,0.153,19779
627,5.69400,5.82078,5.696e-04,0.425,0.159,19891
628,5.64525,5.82078,5.695e-04,0.410,0.172,19885
629,5.79275,5.82078,5.693e-04,0.385,0.142,19800
630,5.65965,5.82078,5.692e-04,0.444,0.187,19838
631,5.57987,5.82078,5.690e-04,0.423,0.153,19859
632,5.59898,5.82078,5.689e-04,0.854,0.229,19819
633,5.48235,5.82078,5.688e-04,0.392,0.151,19829
634,5.56935,5.82078,5.686e-04,0.425,0.162,19856
635,5.61117,5.82078,5.685e-04,0.405,0.160,19839
636,5.55621,5.82078,5.683e-04,0.462,0.182,19804
637,5.77522,5.82078,5.682e-04,0.391,0.154,19862
638,5.76110,5.82078,5.680e-04,0.497,0.205,19860
639,5.61917,5.82078,5.679e-04,0.474,0.193,19811
640,5.60657,5.82078,5.678e-04,0.454,0.195,19889
641,5.93879,5.82078,5.676e-04,0.564,0.261,19538
642,5.69369,5.82078,5.675e-04,0.506,0.213,19795
643,5.61283,5.82078,5.673e-04,0.505,0.233,19842
644,5.53512,5.82078,5.672e-04,0.422,0.184,19866
645,5.72804,5.82078,5.670e-04,0.457,0.177,19816
646,5.79168,5.82078,5.669e-04,0.502,0.187,19815
647,5.86179,5.82078,5.667e-04,0.480,0.189,19867
648,5.72139,5.82078,5.666e-04,0.508,0.194,19829
649,5.59311,5.82078,5.665e-04,0.470,0.193,19804
650,5.56189,5.82078,5.663e-04,0.469,0.178,19874
651,5.53841,5.82078,5.662e-04,0.431,0.160,19900
652,5.51758,5.82078,5.660e-04,0.414,0.158,19816
653,5.67670,5.82078,5.659e-04,0.428,0.155,19867
654,5.51112,5.82078,5.657e-04,0.425,0.165,19857
655,5.72176,5.82078,5.656e-04,0.391,0.131,19798
656,5.43081,5.82078,5.654e-04,0.463,0.167,19827
657,5.67927,5.82078,5.653e-04,0.413,0.153,19861
658,5.71207,5.82078,5.651e-04,0.462,0.168,19832
659,5.60274,5.82078,5.650e-04,0.500,0.183,19792
660,5.66877,5.82078,5.648e-04,0.429,0.178,19843
661,5.74214,5.82078,5.647e-04,0.416,0.159,19538
662,5.59012,5.82078,5.645e-04,0.424,0.169,19825
663,5.72728,5.82078,5.644e-04,0.413,0.146,19881
664,5.57811,5.82078,5.642e-04,0.448,0.177,19888
665,5.72935,5.82078,5.641e-04,0.414,0.155,19790
666,5.64022,5.82078,5.639e-04,0.438,0.159,19856
667,5.71183,5.82078,5.638e-04,0.547,0.165,19860
668,5.62630,5.82078,5.636e-04,0.479,0.189,19818
669,5.85229,5.82078,5.635e-04,0.427,0.149,19818
670,5.60616,5.82078,5.633e-04,0.439,0.192,19860
671,5.74954,5.82078,5.632e-04,0.427,0.144,19820
672,5.57207,5.82078,5.630e-04,0.408,0.156,19805
673,5.42809,5.82078,5.629e-04,0.461,0.189,19851
674,5.66845,5.82078,5.627e-04,0.430,0.175,19870
675,5.52285,5.82078,5.626e-04,0.442,0.169,19828
676,5.63878,5.82078,5.624e-04,0.436,0.175,19884
677,5.62281,5.82078,5.622e-04,0.526,0.203,19869
678,5.70919,5.82078,5.621e-04,0.471,0.198,19807
679,5.74579,5.82078,5.619e-04,0.818,0.258,19844
680,5.70548,5.82078,5.618e-04,0.529,0.231,19857
681,5.64810,5.82078,5.616e-04,0.545,0.216,19554
682,5.48603,5.82078,5.615e-04,0.534,0.251,19816
683,5.71708,5.82078,5.613e-04,0.576,0.222,19864
684,5.66745,5.82078,5.612e-04,0.480,0.187,19842
685,5.67530,5.82078,5.610e-04,0.472,0.189,19806
686,5.54756,5.82078,5.608e-04,0.509,0.218,19874
687,5.44349,5.82078,5.607e-04,0.453,0.169,19895
688,5.53577,5.82078,5.605e-04,0.481,0.178,19799
689,5.64519,5.82078,5.604e-04,0.496,0.183,19858
690,5.66914,5.82078,5.602e-04,0.429,0.157,19851
691,5.67849,5.82078,5.601e-04,0.481,0.173,19818
692,5.49818,5.82078,5.599e-04,0.521,0.209,19827
693,5.54609,5.82078,5.597e-04,0.461,0.174,19860
694,5.61189,5.82078,5.596e-04,0.441,0.174,19818
695,5.67486,5.82078,5.594e-04,0.419,0.155,19805
696,5.65354,5.82078,5.593e-04,0.472,0.184,19867
697,5.51889,5.82078,5.591e-04,0.411,0.151,19859
698,5.49202,5.82078,5.589e-04,0.499,0.200,19812
699,5.60960,5.82078,5.588e-04,0.468,0.184,19884
700,5.74060,5.82078,5.586e-04,0.436,0.156,19858
701,5.46018,5.82078,5.585e-04,0.411,0.158,19510
702,5.59023,5.82078,5.583e-04,0.398,0.132,19868
703,5.58087,5.82078,5.581e-04,0.476,0.183,19854
704,5.68969,5.82078,5.580e-04,0.429,0.168,19807
705,5.52148,5.82078,5.578e-04,0.478,0.191,19841
706,5.67780,5.82078,5.576e-04,0.422,0.162,19853
707,5.45537,5.82078,5.575e-04,0.420,0.174,19837
708,5.77899,5.82078,5.573e-04,0.435,0.152,19796
709,5.67370,5.82078,5.572e-04,0.500,0.192,19863
710,5.71600,5.82078,5.570e-04,0.418,0.146,19888
711,5.82734,5.82078,5.568e-04,0.565,0.203,19817
712,5.52179,5.82078,5.567e-04,0.508,0.190,19849
713,5.80142,5.82078,5.565e-04,0.599,0.202,19868
714,5.50159,5.82078,5.563e-04,0.541,0.197,19798
715,5.48532,5.82078,5.562e-04,0.506,0.214,19845
716,5.68965,5.82078,5.560e-04,0.517,0.181,19855
717,5.62024,5.82078,5.558e-04,0.445,0.155,19818
718,5.66477,5.82078,5.557e-04,0.463,0.162,19822
719,5.39009,5.82078,5.555e-04,0.448,0.167,19854
720,5.66588,5.82078,5.553e-04,0.448,0.151,19859
721,5.74393,5.82078,5.552e-04,0.473,0.155,19533
722,5.66379,5.82078,5.550e-04,0.473,0.170,19876
723,5.47834,5.82078,5.548e-04,0.448,0.176,19894
724,5.55973,5.82078,5.547e-04,0.464,0.158,19782
725,5.62618,5.82078,5.545e-04,0.392,0.125,19858
726,5.42939,5.82078,5.543e-04,0.392,0.135,19854
727,5.49078,5.82078,5.542e-04,0.412,0.141,19793
728,5.54111,5.82078,5.540e-04,0.421,0.134,19842
729,5.65267,5.82078,5.538e-04,0.447,0.140,19857
730,5.77570,5.82078,5.537e-04,0.438,0.143,19828
731,5.50201,5.82078,5.535e-04,0.454,0.154,19827
732,5.57244,5.82078,5.533e-04,0.450,0.160,19860
733,5.69195,5.82078,5.531e-04,0.496,0.151,19861
734,5.43286,5.82078,5.530e-04,0.429,0.169,19831
735,5.61526,5.82078,5.528e-04,0.475,0.174,19876
736,5.41338,5.82078,5.526e-04,0.407,0.145,19862
737,5.56434,5.82078,5.525e-04,0.425,0.149,19787
738,5.70892,5.82078,5.523e-04,0.415,0.136,19854
739,5.56784,5.82078,5.521e-04,0.462,0.172,19853
740,5.50577,5.82078,5.519e-04,0.402,0.144,19815
741,5.63162,5.82078,5.518e-04,0.449,0.143,19512
742,5.48927,5.82078,5.516e-04,0.437,0.160,19866
743,5.58706,5.82078,5.514e-04,0.423,0.149,19835
744,5.50551,5.82078,5.512e-04,0.467,0.175,19814
745,5.57947,5.82078,5.511e-04,0.438,0.146,19809
746,5.40974,5.82078,5.509e-04,0.467,0.182,19870
747,5.38613,5.82078,5.507e-04,0.438,0.167,19807
748,5.66724,5.82078,5.506e-04,0.502,0.194,19860
749,5.64943,5.82078,5.504e-04,0.504,0.171,19855
750,5.51654,5.45991,5.502e-04,0.479,0.159,6160
751,5.49846,5.45991,5.500e-04,0.438,0.155,19824
752,5.64845,5.45991,5.499e-04,0.455,0.177,19810
753,5.46861,5.45991,5.497e-04,0.451,0.161,19835
754,5.61685,5.45991,5.495e-04,0.468,0.151,19866
755,5.55591,5.45991,5.493e-04,0.435,0.148,19858
756,5.42433,5.45991,5.491e-04,0.442,0.155,19832
757,5.50612,5.45991,5.490e-04,0.412,0.153,19859
758,5.60752,5.45991,5.488e-04,0.419,0.153,19845
759,5.50762,5.45991,5.486e-04,0.438,0.162,19774
760,5.51324,5.45991,5.484e-04,0.449,0.157,19866
761,5.72265,5.45991,5.483e-04,0.416,0.142,19519
762,5.38138,5.45991,5.481e-04,0.438,0.151,19775
763,5.51914,5.45991,5.479e-04,0.405,0.132,19862
764,5.41690,5.45991,5.477e-04,0.428,0.149,19854
765,5.35291,5.45991,5.475e-04,0.420,0.137,19809
766,5.37776,5.45991,5.474e-04,0.415,0.140,19846
767,5.59341,5.45991,5.472e-04,0.403,0.132,19877
768,5.30724,5.45991,5.470e-04,0.393,0.131,19864
769,5.46122,5.45991,5.468e-04,0.422,0.132,19811
770,5.56207,5.45991,5.466e-04,0.462,0.164,19860
771,5.54261,5.45991,5.465e-04,0.426,0.139,19848
772,5.67440,5.45991,5.463e-04,0.387,0.127,19786
773,5.66270,5.45991,5.461e-04,0.414,0.128,19872
774,5.44774,5.45991,5.459e-04,0.422,0.148,19864
775,5.70210,5.45991,5.457e-04,0.472,0.168,19804
776,5.62847,5.45991,5.456e-04,0.387,0.123,19837
777,5.58771,5.45991,5.454e-04,0.464,0.157,19857
778,5.57138,5.45991,5.452e-04,0.505,0.168,19846
779,5.45885,5.45991,5.450e-04,0.431,0.154,19841
780,5.43418,5.45991,5.448e-04,0.423,0.141,19870
781,5.65386,5.45991,5.446e-04,0.384,0.128,19512
782,5.59405,5.45991,5.445e-04,0.461,0.154,19818
783,5.51776,5.45991,5.443e-04,0.384,0.118,19827
784,5.66604,5.45991,5.441e-04,0.458,0.154,19847
785,5.64607,5.45991,5.439e-04,0.385,0.125,19760
786,5.54139,5.45991,5.437e-04,0.457,0.158,19852
787,5.55351,5.45991,5.435e-04,0.398,0.126,19837
788,5.52008,5.45991,5.433e-04,0.447,0.163,19808
789,5.36495,5.45991,5.432e-04,0.399,0.140,19829
790,5.32895,5.45991,5.430e-04,0.476,0.187,19875
791,5.66235,5.45991,5.428e-04,0.418,0.136,19845
792,5.57838,5.45991,5.426e-04,0.437,0.157,19819
793,5.49425,5.45991,5.424e-04,0.408,0.132,19851
794,5.68132,5.45991,5.422e-04,0.458,0.142,19850
795,5.63184,5.45991,5.420e-04,0.422,0.138,19797
796,5.67099,5.45991,5.418e-04,0.459,0.137,19842
797,5.60247,5.45991,5.417e-04,0.464,0.141,19867
798,5.31013,5.45991,5.415e-04,0.430,0.150,19786
799,5.44025,5.45991,5.413e-04,0.418,0.134,19859
800,5.63809,5.45991,5.411e-04,0.482,0.162,19849
801,5.50176,5.45991,5.409e-04,0.478,0.169,19506
802,5.55506,5.45991,5.407e-04,0.456,0.133,19870
803,5.45088,5.45991,5.405e-04,0.499,0.172,19886
804,5.61434,5.45991,5.403e-04,0.458,0.142,19818
805,5.37599,5.45991,5.401e-04,0.459,0.164,19818
806,5.52324,5.45991,5.400e-04,0.424,0.132,19856
807,5.35118,5.45991,5.398e-04,0.438,0.153,19829
808,5.65391,5.45991,5.396e-04,0.421,0.130,19795
809,5.61099,5.45991,5.394e-04,0.417,0.140,19848
810,5.34755,5.45991,5.392e-04,0.430,0.143,19853
811,5.44088,5.45991,5.390e-04,0.410,0.133,19786
812,5.44875,5.45991,5.388e-04,0.396,0.129,19861
813,5.46692,5.45991,5.386e-04,0.403,0.122,19855
814,5.26977,5.45991,5.384e-04,0.395,0.129,19834
815,5.38770,5.45991,5.382e-04,0.413,0.134,19837
816,5.68932,5.45991,5.380e-04,0.457,0.141,19853
817,5.56857,5.45991,5.378e-04,0.444,0.135,19835
818,5.39620,5.45991,5.377e-04,0.425,0.140,19800
819,5.61238,5.45991,5.375e-04,0.496,0.167,19860
820,5.47655,5.45991,5.373e-04,0.380,0.130,19860
821,5.42853,5.45991,5.371e-04,0.432,0.144,19513
822,5.55692,5.45991,5.369e-04,0.419,0.127,19856
823,5.65227,5.45991,5.367e-04,0.489,0.174,19868
824,5.61365,5.45991,5.365e-04,0.432,0.146,19789
825,5.41344,5.45991,5.363e-04,0.461,0.158,19870
826,5.26478,5.45991,5.361e-04,0.445,0.162,19879
827,5.20189,5.45991,5.359e-04,0.399,0.139,19820
828,5.41400,5.45991,5.357e-04,0.398,0.133,19835
829,5.45950,5.45991,5.355e-04,0.435,0.158,19851
830,5.45222,5.45991,5.353e-04,0.425,0.146,19830
831,5.39468,5.45991,5.351e-04,0.410,0.133,19800
832,5.44183,5.45991,5.349e-04,0.435,0.146,19858
833,5.57917,5.45991,5.347e-04,0.423,0.135,19857
834,5.40741,5.45991,5.345e-04,0.420,0.136,19778
835,5.25321,5.45991,5.343e-04,0.417,0.136,19855
836,5.36422,5.45991,5.341e-04,0.393,0.126,19875
837,5.45492,5.45991,5.339e-04,0.460,0.141,19829
838,5.47496,5.45991,5.337e-04,0.428,0.127,19881
839,5.39045,5.45991,5.335e-04,0.436,0.145,19876
840,5.38154,5.45991,5.333e-04,0.415,0.146,19825
841,5.30695,5.45991,5.331e-04,0.402,0.133,19503
842,5.61043,5.45991,5.329e-04,0.437,0.131,19862
843,5.46667,5.45991,5.327e-04,0.404,0.131,19830
844,5.39346,5.45991,5.325e-04,0.425,0.140,19793
845,5.57095,5.45991,5.323e-04,0.416,0.123,19865
846,5.54431,5.45991,5.321e-04,0.447,0.140,19866
847,5.51439,5.45991,5.319e-04,0.453,0.164,19779
848,5.45815,5.45991,5.317e-04,0.464,0.166,19846
849,5.36672,5.45991,5.315e-04,0.444,0.162,19882
850,5.60006,5.45991,5.313e-04,0.452,0.132,19824
851,5.61221,5.45991,5.311e-04,0.438,0.138,19823
852,5.43330,5.45991,5.309e-04,0.423,0.140,19850
853,5.57417,5.45991,5.307e-04,0.439,0.151,19849
854,5.58051,5.45991,5.305e-04,0.440,0.147,19807
855,5.38040,5.45991,5.303e-04,0.441,0.149,19861
856,5.30236,5.45991,5.301e-04,0.418,0.138,19835
857,5.43387,5.45991,5.299e-04,0.468,0.161,19789
858,5.36456,5.45991,5.297e-04,0.504,0.161,19863
859,5.50096,5.45991,5.295e-04,0.435,0.146,19852
860,5.43439,5.45991,5.293e-04,0.435,0.142,19798
861,5.49179,5.45991,5.291e-04,0.392,0.122,19484
862,5.58214,5.45991,5.289e-04,0.478,0.153,19882
863,5.40094,5.45991,5.287e-04,0.453,0.156,19808
864,5.35367,5.45991,5.285e-04,0.442,0.139,19840
865,5.51813,5.45991,5.283e-04,0.445,0.138,19854
866,5.42651,5.45991,5.281e-04,0.449,0.144,19825
867,5.45867,5.45991,5.279e-04,0.452,0.150,19812
868,5.62207,5.45991,5.276e-04,0.487,0.142,19849
869,5.52099,5.45991,5.274e-04,0.440,0.135,19851
870,5.51445,5.45991,5.272e-04,0.414,0.129,19806
871,5.53599,5.45991,5.270e-04,0.432,0.126,19865
872,5.39984,5.45991,5.268e-04,0.413,0.131,19859
873,5.42301,5.45991,5.266e-04,0.443,0.144,19828
874,5.46822,5.45991,5.264e-04,0.413,0.124,19863
875,5.41307,5.45991,5.262e-04,0.418,0.124,19866
876,5.42402,5.45991,5.260e-04,0.441,0.139,19815
877,5.43561,5.45991,5.258e-04,0.433,0.121,19827
878,5.53232,5.45991,5.256e-04,0.444,0.129,19849
879,5.39154,5.45991,5.254e-04,0.442,0.144,19835
880,5.41990,5.45991,5.252e-04,0.431,0.141,19800
881,5.39082,5.45991,5.249e-04,0.399,0.118,19489
882,5.31250,5.45991,5.247e-04,0.411,0.132,19838
883,5.26487,5.45991,5.245e-04,0.413,0.138,19802
884,5.47989,5.45991,5.243e-04,0.433,0.123,19872
885,5.09610,5.45991,5.241e-04,0.453,0.141,19886
886,5.53884,5.45991,5.239e-04,0.436,0.131,19809
887,5.29474,5.45991,5.237e-04,0.426,0.139,19835
888,5.29366,5.45991,5.235e-04,0.488,0.175,19866
889,5.39720,5.45991,5.233e-04,0.485,0.158,19821
890,5.38391,5.45991,5.230e-04,0.420,0.133,19831
891,5.11102,5.45991,5.228e-04,0.480,0.161,19850
892,5.44419,5.45991,5.226e-04,0.459,0.151,19845
893,5.22743,5.45991,5.224e-04,0.393,0.124,19810
894,5.31961,5.45991,5.222e-04,0.436,0.138,19854
895,5.21076,5.45991,5.220e-04,0.407,0.140,19851
896,5.47284,5.45991,5.218e-04,0.432,0.121,19823
897,5.32984,5.45991,5.216e-04,0.433,0.133,19873
898,5.18297,5.45991,5.213e-04,0.415,0.139,19884
899,5.48331,5.45991,5.211e-04,0.441,0.138,19827
900,5.53386,5.45991,5.209e-04,0.436,0.135,19822
901,5.38185,5.45991,5.207e-04,0.423,0.128,19531
902,5.53283,5.45991,5.205e-04,0.432,0.124,19828
903,5.52259,5.45991,5.203e-04,0.420,0.132,19835
904,5.37809,5.45991,5.201e-04,0.426,0.144,19873
905,5.31669,5.45991,5.198e-04,0.420,0.134,19843
906,5.20210,5.45991,5.196e-04,0.481,0.156,19805
907,5.43026,5.45991,5.194e-04,0.450,0.139,19868
908,5.29069,5.45991,5.192e-04,0.423,0.137,19876
909,5.35888,5.45991,5.190e-04,0.469,0.161,19815
910,5.60342,5.45991,5.188e-04,0.486,0.156,19865
911,5.56564,5.45991,5.185e-04,0.482,0.162,19854
912,5.40060,5.45991,5.183e-04,0.454,0.140,19814
913,5.46865,5.45991,5.181e-04,0.464,0.139,19836
914,5.39424,5.45991,5.179e-04,0.450,0.146,19851
915,5.31981,5.45991,5.177e-04,0.466,0.138,19845
916,5.39728,5.45991,5.175e-04,0.451,0.126,19810
917,5.17358,5.45991,5.172e-04,0.462,0.161,19853
918,5.56134,5.45991,5.170e-04,0.454,0.136,19865
919,5.29555,5.45991,5.168e-04,0.445,0.134,19779
920,5.45210,5.45991,5.166e-04,0.455,0.140,19871
921,5.43538,5.45991,5.164e-04,0.433,0.135,19534
922,5.25844,5.45991,5.161e-04,0.434,0.139,19785
923,5.22198,5.45991,5.159e-04,0.403,0.127,19867
924,5.48899,5.45991,5.157e-04,0.497,0.154,19850
925,5.40816,5.45991,5.155e-04,0.462,0.136,19820
926,5.45765,5.45991,5.153e-04,0.466,0.141,19824
927,5.25473,5.45991,5.150e-04,0.417,0.130,19857
928,5.22359,5.45991,5.148e-04,0.463,0.148,19831
929,5.29705,5.45991,5.146e-04,0.448,0.146,19813
930,5.33548,5.45991,5.144e-04,0.426,0.124,19852
931,5.38488,5.45991,5.142e-04,0.424,0.134,19879
932,5.34779,5.45991,5.139e-04,0.399,0.120,19819
933,5.41164,5.45991,5.137e-04,0.451,0.133,19872
934,5.39125,5.45991,5.135e-04,0.400,0.115,19862
935,5.03766,5.45991,5.133e-04,0.409,0.130,19806
936,5.07311,5.45991,5.131e-04,0.440,0.147,19840
937,5.35180,5.45991,5.128e-04,0.433,0.121,19854
938,5.29488,5.45991,5.126e-04,0.463,0.161,19838
939,5.34852,5.45991,5.124e-04,0.411,0.123,19828
940,5.35018,5.45991,5.122e-04,0.457,0.130,19846
941,5.05505,5.45991,5.119e-04,0.417,0.128,19521
942,5.52123,5.45991,5.117e-04,0.513,0.142,19821
943,5.47461,5.45991,5.115e-04,0.490,0.141,19871
944,5.49199,5.45991,5.113e-04,0.534,0.158,19887
945,5.39520,5.45991,5.110e-04,0.462,0.141,19808
946,5.27145,5.45991,5.108e-04,0.454,0.127,19854
947,5.30670,5.45991,5.106e-04,0.410,0.131,19862
948,5.37883,5.45991,5.104e-04,0.430,0.124,19812
949,5.41658,5.45991,5.101e-04,0.438,0.118,19849
950,5.44630,5.45991,5.099e-04,0.469,0.134,19852
951,5.48899,5.45991,5.097e-04,0.708,0.170,19834
952,5.33538,5.45991,5.095e-04,0.416,0.126,19820
953,5.17934,5.45991,5.092e-04,0.397,0.123,19849
954,5.48870,5.45991,5.090e-04,0.443,0.120,19844
955,5.22090,5.45991,5.088e-04,0.420,0.130,19817
956,5.21230,5.45991,5.086e-04,0.410,0.125,19891
957,5.30369,5.45991,5.083e-04,0.432,0.130,19878
958,5.21299,5.45991,5.081e-04,0.437,0.135,19806
959,5.36232,5.45991,5.079e-04,0.405,0.109,19845
960,5.42192,5.45991,5.076e-04,0.484,0.130,19837
961,5.30451,5.45991,5.074e-04,0.458,0.137,19528
962,5.47103,5.45991,5.072e-04,0.502,0.161,19832
963,5.10245,5.45991,5.070e-04,0.484,0.179,19859
964,5.28858,5.45991,5.067e-04,0.486,0.184,19838
965,5.45725,5.45991,5.065e-04,0.486,0.157,19810
966,5.33680,5.45991,5.063e-04,0.454,0.145,19858
967,5.24868,5.45991,5.060e-04,0.466,0.149,19868
968,5.36561,5.45991,5.058e-04,0.480,0.130,19807
969,5.29722,5.45991,5.056e-04,0.448,0.122,19864
970,5.25655,5.45991,5.054e-04,0.448,0.130,19854
971,5.31795,5.45991,5.051e-04,0.429,0.123,19796
972,5.13189,5.45991,5.049e-04,0.452,0.148,19845
973,5.26193,5.45991,5.047e-04,0.524,0.140,19873
974,5.33553,5.45991,5.044e-04,0.459,0.124,19816
975,5.29890,5.45991,5.042e-04,0.428,0.130,19820
976,5.50590,5.45991,5.040e-04,0.507,0.154,19859
977,5.18530,5.45991,5.037e-04,0.463,0.137,19842
978,5.14319,5.45991,5.035e-04,0.436,0.128,19813
979,5.36776,5.45991,5.033e-04,0.441,0.124,19883
980,5.34875,5.45991,5.030e-04,0.454,0.139,19882
981,5.28079,5.45991,5.028e-04,0.417,0.124,19515
982,5.24767,5.45991,5.026e-04,0.440,0.133,19855
983,5.32157,5.45991,5.023e-04,0.441,0.144,19847
984,5.31330,5.45991,5.021e-04,0.417,0.115,19806
985,5.34233,5.45991,5.019e-04,0.484,0.148,19847
986,5.43564,5.45991,5.016e-04,0.463,0.131,19859
987,5.26184,5.45991,5.014e-04,0.482,0.168,19828
988,5.24968,5.45991,5.012e-04,0.448,0.130,19820
989,5.18252,5.45991,5.009e-04,0.479,0.151,19842
990,5.31887,5.45991,5.007e-04,0.455,0.130,19865
991,5.27615,5.45991,5.005e-04,0.749,0.264,19844
992,5.37002,5.45991,5.002e-04,0.464,0.145,19891
993,5.44501,5.45991,5.000e-04,0.436,0.122,19866
994,5.24955,5.45991,4.998e-04,0.442,0.134,19812
995,5.24422,5.45991,4.995e-04,0.434,0.131,19844
996,5.16498,5.45991,4.993e-04,0.402,0.123,19848
997,5.44558,5.45991,4.991e-04,0.413,0.111,19812
998,5.33028,5.45991,4.988e-04,0.402,0.118,19812
999,5.37819,5.45991,4.986e-04,0.461,0.136,19826
1000,5.28463,5.19592,4.983e-04,0.487,0.168,6130
1001,5.18988,5.19592,4.981e-04,0.438,0.138,19829
1002,5.23707,5.19592,4.979e-04,0.479,0.143,19849
1003,5.33326,5.19592,4.976e-04,0.443,0.117,19810
1004,5.32240,5.19592,4.974e-04,0.447,0.139,19851
1005,5.43066,5.19592,4.972e-04,0.508,0.153,19846
1006,5.22678,5.19592,4.969e-04,0.412,0.117,19775
1007,5.54810,5.19592,4.967e-04,0.456,0.122,19845
1008,5.31396,5.19592,4.964e-04,0.422,0.117,19865
1009,5.43437,5.19592,4.962e-04,0.546,0.155,19800
1010,5.28531,5.19592,4.960e-04,0.528,0.168,19827
1011,5.36765,5.19592,4.957e-04,0.481,0.139,19864
1012,5.27077,5.19592,4.955e-04,0.493,0.159,19840
1013,5.18768,5.19592,4.952e-04,0.466,0.157,19846
1014,5.38687,5.19592,4.950e-04,0.432,0.128,19847
1015,5.18177,5.19592,4.948e-04,0.512,0.195,19834
1016,5.29487,5.19592,4.945e-04,0.486,0.161,19787
1017,5.25902,5.19592,4.943e-04,0.506,0.167,19858
1018,5.29040,5.19592,4.940e-04,0.474,0.165,19851
1019,5.49320,5.19592,4.938e-04,0.528,0.177,19781
1020,5.32171,5.19592,4.936e-04,0.513,0.161,19856
1021,5.37589,5.19592,4.933e-04,0.469,0.129,19514
1022,5.25102,5.19592,4.931e-04,0.485,0.152,19807
1023,5.28539,5.19592,4.928e-04,0.490,0.155,19847
1024,5.23892,5.19592,4.926e-04,0.495,0.145,19884
1025,5.36681,5.19592,4.924e-04,0.468,0.134,19860
1026,5.56589,5.19592,4.921e-04,0.447,0.114,19813
1027,5.24735,5.19592,4.919e-04,0.478,0.130,19848
1028,5.35101,5.19592,4.916e-04,0.483,0.141,19826
1029,5.14738,5.19592,4.914e-04,0.486,0.141,19787
1030,5.24758,5.19592,4.911e-04,0.492,0.137,19835
1031,5.37444,5.19592,4.909e-04,0.511,0.156,19845
1032,5.37128,5.19592,4.907e-04,0.471,0.132,19789
1033,5.24598,5.19592,4.904e-04,0.503,0.165,19858
1034,5.17594,5.19592,4.902e-04,0.433,0.122,19852
1035,5.26084,5.19592,4.899e-04,0.459,0.137,19826
1036,5.23367,5.19592,4.897e-04,0.487,0.123,19867
1037,5.19756,5.19592,4.894e-04,0.454,0.129,19879
1038,5.11822,5.19592,4.892e-04,0.463,0.128,19820
1039,5.28337,5.19592,4.889e-04,0.457,0.120,19810
1040,5.33163,5.19592,4.887e-04,0.436,0.120,19845
1041,5.49866,5.19592,4.885e-04,0.452,0.108,19525
1042,5.36885,5.19592,4.882e-04,0.461,0.136,19802
1043,5.19274,5.19592,4.880e-04,0.435,0.113,19841
1044,5.34493,5.19592,4.877e-04,0.453,0.120,19849
1045,5.02197,5.19592,4.875e-04,0.412,0.111,19785
1046,5.23598,5.19592,4.872e-04,0.419,0.119,19857
1047,5.15856,5.19592,4.870e-04,0.427,0.122,19873
1048,5.45257,5.19592,4.867e-04,0.452,0.129,19848
1049,5.29370,5.19592,4.865e-04,0.503,0.136,19833
1050,5.33898,5.19592,4.862e-04,0.432,0.131,19846
1051,5.37807,5.19592,4.860e-04,0.454,0.122,19834
1052,5.31510,5.19592,4.857e-04,0.447,0.119,19801
1053,5.44826,5.19592,4.855e-04,0.483,0.148,19858
1054,5.10950,5.19592,4.853e-04,0.438,0.118,19862
1055,5.12895,5.19592,4.850e-04,0.482,0.153,19777
1056,5.17409,5.19592,4.848e-04,0.443,0.136,19857
1057,5.36582,5.19592,4.845e-04,0.452,0.116,19861
1058,5.07522,5.19592,4.843e-04,0.408,0.115,19822
1059,5.15562,5.19592,4.840e-04,0.462,0.142,19843
1060,5.39104,5.19592,4.838e-04,0.435,0.120,19886
1061,5.36687,5.19592,4.835e-04,0.482,0.123,19549
1062,5.22382,5.19592,4.833e-04,0.430,0.120,19831
1063,5.27398,5.19592,4.830e-04,0.453,0.121,19852
1064,5.27020,5.19592,4.828e-04,0.417,0.117,19828
1065,5.18307,5.19592,4.825e-04,0.455,0.129,19806
1066,5.08923,5.19592,4.823e-04,0.413,0.107,19852
1067,5.21077,5.19592,4.820e-04,0.471,0.153,19847
1068,5.10629,5.19592,4.818e-04,0.459,0.130,19774
1069,5.17354,5.19592,4.815e-04,0.421,0.116,19860
1070,5.11453,5.19592,4.813e-04,0.501,0.129,19852
1071,5.25217,5.19592,4.810e-04,0.457,0.136,19852
1072,5.22793,5.19592,4.808e-04,0.422,0.112,19845
1073,5.27529,5.19592,4.805e-04,0.436,0.116,19868
1074,5.16448,5.19592,4.803e-04,0.441,0.125,19830
1075,5.28603,5.19592,4.800e-04,0.488,0.125,19823
1076,5.07930,5.19592,4.798e-04,0.457,0.133,19849
1077,5.05337,5.19592,4.795e-04,0.460,0.111,19847
1078,4.96444,5.19592,4.792e-04,0.484,0.154,19807
1079,5.24343,5.19592,4.790e-04,0.439,0.128,19869
1080,5.10512,5.19592,4.787e-04,0.498,0.150,19857
1081,5.11795,5.19592,4.785e-04,0.474,0.118,19515
1082,5.05373,5.19592,4.782e-04,0.493,0.168,19865
1083,5.07000,5.19592,4.780e-04,0.421,0.127,19885
1084,5.29765,5.19592,4.777e-04,0.460,0.123,19845
1085,5.17772,5.19592,4.775e-04,0.459,0.134,19835
1086,5.05886,5.19592,4.772e-04,0.436,0.118,19859
1087,5.10689,5.19592,4.770e-04,0.472,0.132,19824
1088,5.13967,5.19592,4.767e-04,0.450,0.136,19815
1089,5.23486,5.19592,4.765e-04,0.447,0.126,19838
1090,5.15186,5.19592,4.762e-04,0.505,0.149,19860
1091,5.19225,5.19592,4.759e-04,0.565,0.197,19783
1092,5.17792,5.19592,4.757e-04,0.434,0.127,19871
1093,5.07287,5.19592,4.754e-04,0.450,0.141,19853
1094,5.29085,5.19592,4.752e-04,0.485,0.131,19792
1095,4.96541,5.19592,4.749e-04,0.464,0.130,19870
1096,5.06900,5.19592,4.747e-04,0.427,0.120,19878
1097,5.24599,5.19592,4.744e-04,0.491,0.143,19828
1098,5.29752,5.19592,4.742e-04,0.465,0.118,19832
1099,5.20488,5.19592,4.739e-04,0.455,0.129,19855
1100,5.14459,5.19592,4.736e-04,0.478,0.128,19862
1101,5.47069,5.19592,4.734e-04,0.497,0.124,19513
1102,5.11076,5.19592,4.731e-04,0.472,0.138,19857
1103,4.98202,5.19592,4.729e-04,0.481,0.111,19849
1104,5.23832,5.19592,4.726e-04,0.459,0.132,19790
1105,5.25552,5.19592,4.724e-04,0.469,0.120,19869
1106,5.18468,5.19592,4.721e-04,0.457,0.128,19872
1107,5.04346,5.19592,4.718e-04,0.572,0.157,19839
1108,4.89998,5.19592,4.716e-04,0.466,0.115,19857
1109,5.08334,5.19592,4.713e-04,0.470,0.138,19863
1110,5.22579,5.19592,4.711e-04,0.438,0.113,19833
1111,5.18105,5.19592,4.708e-04,0.489,0.147,19829
1112,5.14573,5.19592,4.706e-04,0.474,0.126,19859
1113,5.16699,5.19592,4.703e-04,0.471,0.141,19849
1114,4.97268,5.19592,4.700e-04,0.449,0.117,19782
1115,5.11773,5.19592,4.698e-04,0.451,0.123,19874
1116,4.96766,5.19592,4.695e-04,0.461,0.128,19859
1117,5.18082,5.19592,4.693e-04,0.435,0.107,19797
1118,5.08211,5.19592,4.690e-04,0.439,0.131,19871
1119,5.11570,5.19592,4.687e-04,0.432,0.113,19882
1120,5.37099,5.19592,4.685e-04,0.467,0.118,19843
1121,5.27866,5.19592,4.682e-04,0.461,0.121,19498
1122,5.31252,5.19592,4.680e-04,0.465,0.116,19862
1123,5.35495,5.19592,4.677e-04,0.486,0.135,19829
1124,5.08567,5.19592,4.674e-04,0.452,0.116,19804
1125,5.11532,5.19592,4.672e-04,0.479,0.144,19851
1126,5.01714,5.19592,4.669e-04,0.422,0.104,19831
1127,5.19524,5.19592,4.667e-04,0.465,0.113,19797
1128,5.12375,5.19592,4.664e-04,0.451,0.114,19854
1129,5.23114,5.19592,4.661e-04,0.431,0.110,19861
1130,4.91953,5.19592,4.659e-04,0.485,0.147,19823
1131,4.83488,5.19592,4.656e-04,0.458,0.137,19879
1132,5.08969,5.19592,4.653e-04,0.499,0.128,19877
1133,5.03922,5.19592,4.651e-04,0.435,0.122,19811
1134,5.26349,5.19592,4.648e-04,0.487,0.126,19829
1135,5.18250,5.19592,4.646e-04,0.474,0.124,19848
1136,5.21807,5.19592,4.643e-04,0.489,0.116,19828
1137,5.24204,5.19592,4.640e-04,0.451,0.122,19795
1138,5.22186,5.19592,4.638e-04,0.471,0.115,19875
1139,5.15309,5.19592,4.635e-04,0.447,0.119,19831
1140,5.20847,5.19592,4.632e-04,0.460,0.122,19798
1141,5.35870,5.19592,4.630e-04,0.464,0.121,19477
1142,5.33867,5.19592,4.627e-04,0.501,0.141,19888
1143,5.09584,5.19592,4.625e-04,0.487,0.128,19821
1144,5.12508,5.19592,4.622e-04,0.440,0.113,19846
1145,5.02130,5.19592,4.619e-04,0.494,0.126,19859
1146,4.97441,5.19592,4.617e-04,0.473,0.132,19827
1147,5.00196,5.19592,4.614e-04,0.436,0.111,19829
1148,5.13480,5.19592,4.611e-04,0.450,0.117,19847
1149,5.36766,5.19592,4.609e-04,0.481,0.120,19841
1150,5.44015,5.19592,4.606e-04,0.493,0.130,19807
1151,5.09141,5.19592,4.603e-04,0.548,0.176,19863
1152,5.27948,5.19592,4.601e-04,0.526,0.140,19860
1153,5.13338,5.19592,4.598e-04,0.482,0.143,19789
1154,5.07663,5.19592,4.595e-04,0.470,0.131,19888
1155,5.13500,5.19592,4.593e-04,0.449,0.112,19883
1156,5.17867,5.19592,4.590e-04,0.515,0.148,19819
1157,5.08038,5.19592,4.587e-04,0.499,0.149,19838
1158,5.25143,5.19592,4.585e-04,0.477,0.124,19861
1159,5.24695,5.19592,4.582e-04,0.457,0.124,19847
1160,5.02107,5.19592,4.579e-04,0.481,0.137,19817
1161,5.15817,5.19592,4.577e-04,0.471,0.130,19491
1162,5.13939,5.19592,4.574e-04,0.450,0.122,19837
1163,5.17377,5.19592,4.571e-04,0.462,0.109,19807
1164,5.14058,5.19592,4.569e-04,0.475,0.127,19880
1165,5.30896,5.19592,4.566e-04,0.503,0.125,19873
1166,5.18410,5.19592,4.563e-04,0.432,0.102,19823
1167,5.19334,5.19592,4.561e-04,0.452,0.109,19877
1168,5.27831,5.19592,4.558e-04,0.459,0.119,19850
1169,5.10351,5.19592,4.555e-04,0.473,0.120,19806
1170,5.12099,5.19592,4.553e-04,0.481,0.118,19838
1171,5.10797,5.19592,4.550e-04,0.473,0.125,19850
1172,5.22017,5.19592,4.547e-04,0.514,0.137,19845
1173,5.06172,5.19592,4.545e-04,0.467,0.127,19814
1174,5.08487,5.19592,4.542e-04,0.447,0.116,19859
1175,5.15294,5.19592,4.539e-04,0.471,0.130,19865
1176,5.08044,5.19592,4.537e-04,0.442,0.113,19774
1177,5.24091,5.19592,4.534e-04,0.451,0.111,19895
1178,5.37038,5.19592,4.531e-04,0.451,0.104,19876
1179,5.21236,5.19592,4.528e-04,0.436,0.119,19825
1180,5.09117,5.19592,4.526e-04,0.475,0.132,19834
1181,5.01558,5.19592,4.523e-04,0.444,0.117,19514
1182,5.21996,5.19592,4.520e-04,0.454,0.111,19827
1183,5.03157,5.19592,4.518e-04,0.439,0.109,19839
1184,5.05405,5.19592,4.515e-04,0.486,0.138,19847
1185,5.25651,5.19592,4.512e-04,0.511,0.153,19838
1186,5.17635,5.19592,4.510e-04,0.467,0.116,19812
1187,5.23473,5.19592,4.507e-04,0.488,0.126,19856
1188,5.03904,5.19592,4.504e-04,0.450,0.118,19871
1189,5.26730,5.19592,4.501e-04,0.496,0.121,19808
1190,5.12468,5.19592,4.499e-04,0.453,0.112,19894
1191,5.17842,5.19592,4.496e-04,0.448,0.117,19858
1192,5.07314,5.19592,4.493e-04,0.479,0.129,19822
1193,4.95810,5.19592,4.491e-04,0.470,0.121,19830
1194,5.16465,5.19592,4.488e-04,0.513,0.130,19866
1195,5.01959,5.19592,4.485e-04,0.481,0.133,19827
1196,4.82954,5.19592,4.482e-04,0.485,0.137,19797
1197,5.16703,5.19592,4.480e-04,0.560,0.158,19867
1198,5.09665,5.19592,4.477e-04,0.474,0.116,19845
1199,5.20969,5.19592,4.474e-04,0.563,0.160,19789
1200,5.22877,5.19592,4.471e-04,0.520,0.142,19860
1201,4.96766,5.19592,4.469e-04,0.484,0.137,19540
1202,5.05102,5.19592,4.466e-04,0.494,0.144,19825
1203,5.19322,5.19592,4.463e-04,0.536,0.146,19852
1204,5.10411,5.19592,4.461e-04,0.464,0.114,19866
1205,4.92402,5.19592,4.458e-04,0.539,0.165,19823
1206,5.03540,5.19592,4.455e-04,0.478,0.121,19838
1207,5.19971,5.19592,4.452e-04,0.499,0.136,19864
1208,4.96170,5.19592,4.450e-04,0.512,0.155,19821
1209,5.14972,5.19592,4.447e-04,0.472,0.116,19805
1210,5.29960,5.19592,4.444e-04,0.451,0.119,19846
1211,5.01849,5.19592,4.441e-04,0.468,0.120,19862
1212,5.09715,5.19592,4.439e-04,0.444,0.107,19776
1213,4.92391,5.19592,4.436e-04,0.454,0.134,19866
1214,5.24742,5.19592,4.433e-04,0.456,0.120,19868
1215,4.86915,5.19592,4.430e-04,0.510,0.123,19797
1216,4.99370,5.19592,4.428e-04,0.455,0.107,19828
1217,4.99448,5.19592,4.425e-04,0.464,0.110,19835
1218,5.14095,5.19592,4.422e-04,0.446,0.110,19818
1219,5.06165,5.19592,4.419e-04,0.507,0.135,19811
1220,5.01499,5.19592,4.417e-04,0.485,0.120,19843
1221,5.08433,5.19592,4.414e-04,0.446,0.104,19528
1222,5.06796,5.19592,4.411e-04,0.504,0.135,19817
1223,5.20100,5.19592,4.408e-04,0.454,0.107,19846
1224,5.08731,5.19592,4.406e-04,0.509,0.140,19868
1225,5.09168,5.19592,4.403e-04,0.519,0.142,19804
1226,4.85999,5.19592,4.400e-04,0.512,0.145,19870
1227,5.02196,5.19592,4.397e-04,0.494,0.143,19849
1228,5.16475,5.19592,4.394e-04,0.472,0.111,19795
1229,5.22540,5.19592,4.392e-04,0.625,0.161,19847
1230,5.21561,5.19592,4.389e-04,0.607,0.130,19845
1231,5.14580,5.19592,4.386e-04,0.520,0.121,19816
1232,5.14694,5.19592,4.383e-04,0.491,0.131,19815
1233,5.23582,5.19592,4.381e-04,0.519,0.141,19861
1234,5.00717,5.19592,4.378e-04,0.471,0.111,19831
1235,5.33566,5.19592,4.375e-04,0.567,0.156,19799
1236,5.21418,5.19592,4.372e-04,0.504,0.122,19883
1237,5.11014,5.19592,4.370e-04,0.472,0.115,19884
1238,4.78574,5.19592,4.367e-04,0.459,0.121,19795
1239,5.07564,5.19592,4.364e-04,0.464,0.109,19857
1240,5.02892,5.19592,4.361e-04,0.441,0.103,19848
1241,5.16989,5.19592,4.358e-04,0.513,0.125,19533
1242,4.97540,5.19592,4.356e-04,0.447,0.108,19843
1243,5.02025,5.19592,4.353e-04,0.436,0.104,19870
1244,5.10886,5.19592,4.350e-04,0.456,0.107,19792
1245,4.80801,5.19592,4.347e-04,0.448,0.120,19817
1246,5.17418,5.19592,4.344e-04,0.476,0.123,19854
1247,4.86887,5.19592,4.342e-04,0.548,0.140,19850
1248,5.10682,5.19592,4.339e-04,0.497,0.130,19826
1249,5.07760,5.19592,4.336e-04,0.551,0.141,19875
1250,5.13065,4.98163,4.333e-04,0.459,0.115,6162
1251,5.20090,4.98163,4.330e-04,0.502,0.115,19779
1252,5.10354,4.98163,4.328e-04,0.489,0.114,19854
1253,5.11430,4.98163,4.325e-04,0.503,0.137,19804
1254,5.03548,4.98163,4.322e-04,0.547,0.161,19841
1255,5.11192,4.98163,4.319e-04,0.468,0.112,19859
1256,5.02795,4.98163,4.316e-04,0.488,0.143,19814
1257,4.99714,4.98163,4.314e-04,0.426,0.101,19846
1258,5.08225,4.98163,4.311e-04,0.503,0.142,19877
1259,5.07346,4.98163,4.308e-04,0.583,0.145,19880
1260,5.05325,4.98163,4.305e-04,0.515,0.135,19787
1261,5.18875,4.98163,4.302e-04,0.436,0.107,19488
1262,5.20071,4.98163,4.300e-04,0.506,0.108,19845
1263,4.90406,4.98163,4.297e-04,0.468,0.122,19787
1264,5.06289,4.98163,4.294e-04,0.514,0.133,19866
1265,5.07813,4.98163,4.291e-04,0.454,0.104,19853
1266,4.99051,4.98163,4.288e-04,0.483,0.115,19802
1267,5.10062,4.98163,4.285e-04,0.456,0.103,19843
1268,4.97913,4.98163,4.283e-04,0.457,0.121,19848
1269,4.82364,4.98163,4.280e-04,0.476,0.121,19839
1270,5.09670,4.98163,4.277e-04,0.574,0.126,19847
1271,5.12713,4.98163,4.274e-04,0.462,0.113,19876
1272,5.14427,4.98163,4.271e-04,0.450,0.113,19836
1273,5.11009,4.98163,4.269e-04,0.496,0.130,19805
1274,5.05881,4.98163,4.266e-04,0.449,0.113,19862
1275,5.09351,4.98163,4.263e-04,0.482,0.117,19856
1276,5.15975,4.98163,4.260e-04,0.488,0.136,19786
1277,4.82382,4.98163,4.257e-04,0.512,0.134,19857
1278,4.87109,4.98163,4.254e-04,0.477,0.113,19854
1279,5.08221,4.98163,4.252e-04,0.481,0.118,19827
1280,5.29123,4.98163,4.249e-04,0.523,0.123,19830
1281,4.96108,4.98163,4.246e-04,0.520,0.130,19538
1282,5.15348,4.98163,4.243e-04,0.490,0.118,19843
1283,5.14181,4.98163,4.240e-04,0.490,0.108,19830
1284,5.07648,4.98163,4.237e-04,0.542,0.133,19860
1285,5.08900,4.98163,4.235e-04,0.498,0.116,19839
1286,4.97614,4.98163,4.232e-04,0.467,0.116,19802
1287,4.95297,4.98163,4.229e-04,0.481,0.129,19838
1288,5.01847,4.98163,4.226e-04,0.507,0.134,19866
1289,5.26591,4.98163,4.223e-04,0.517,0.120,19801
1290,4.88013,4.98163,4.220e-04,0.514,0.143,19850
1291,4.95568,4.98163,4.217e-04,0.546,0.169,19854
1292,5.21179,4.98163,4.215e-04,0.498,0.134,19815
1293,4.87748,4.98163,4.212e-04,0.513,0.137,19862
1294,4.96643,4.98163,4.209e-04,0.502,0.141,19879
1295,4.92825,4.98163,4.206e-04,0.536,0.129,19857
1296,5.18773,4.98163,4.203e-04,0.498,0.117,19804
1297,5.04805,4.98163,4.200e-04,0.540,0.127,19855
1298,5.04847,4.98163,4.197e-04,0.520,0.141,19870
1299,5.06915,4.98163,4.195e-04,0.504,0.128,19773
1300,5.15736,4.98163,4.192e-04,0.495,0.122,19858
1301,5.17049,4.98163,4.189e-04,0.635,0.200,19521
1302,5.13468,4.98163,4.186e-04,0.496,0.131,19804
1303,5.05251,4.98163,4.183e-04,0.507,0.131,19855
1304,4.80082,4.98163,4.180e-04,0.587,0.145,19864
1305,5.05920,4.98163,4.177e-04,0.480,0.121,19836
1306,4.99538,4.98163,4.175e-04,0.506,0.126,19854
1307,5.10196,4.98163,4.172e-04,0.507,0.129,19854
1308,5.06053,4.98163,4.169e-04,0.506,0.119,19836
1309,5.02825,4.98163,4.166e-04,0.540,0.141,19808
1310,5.10633,4.98163,4.163e-04,0.492,0.113,19860
1311,5.05066,4.98163,4.160e-04,0.484,0.117,19844
1312,4.93734,4.98163,4.157e-04,0.503,0.136,19778
1313,5.11015,4.98163,4.154e-04,0.512,0.134,19864
1314,4.96982,4.98163,4.152e-04,0.512,0.134,19872
1315,4.91905,4.98163,4.149e-04,0.486,0.116,19821
1316,5.04007,4.98163,4.146e-04,0.504,0.117,19850
1317,5.09964,4.98163,4.143e-04,0.471,0.104,19869
1318,5.12844,4.98163,4.140e-04,0.489,0.110,19861
1319,4.99167,4.98163,4.137e-04,0.485,0.113,19809
1320,4.88013,4.98163,4.134e-04,0.549,0.124,19862
1321,4.92340,4.98163,4.131e-04,0.521,0.148,19538
1322,4.88452,4.98163,4.129e-04,0.477,0.112,19814
1323,5.23505,4.98163,4.126e-04,0.476,0.116,19853
1324,5.09129,4.98163,4.123e-04,0.450,0.119,19852
1325,4.84491,4.98163,4.120e-04,0.477,0.126,19779
1326,5.00714,4.98163,4.117e-04,0.463,0.106,19863
1327,4.83191,4.98163,4.114e-04,0.567,0.144,19867
1328,5.00205,4.98163,4.111e-04,0.506,0.136,19809
1329,5.09727,4.98163,4.108e-04,0.496,0.114,19869
1330,4.96699,4.98163,4.105e-04,0.478,0.134,19888
1331,5.01334,4.98163,4.103e-04,0.531,0.155,19847
1332,4.87055,4.98163,4.100e-04,0.519,0.135,19806
1333,5.14757,4.98163,4.097e-04,0.489,0.118,19853
1334,5.10232,4.98163,4.094e-04,0.492,0.127,19864
1335,5.10977,4.98163,4.091e-04,0.512,0.116,19795
1336,4.85964,4.98163,4.088e-04,0.448,0.109,19850
1337,5.00510,4.98163,4.085e-04,0.501,0.127,19863
1338,5.01050,4.98163,4.082e-04,0.502,0.119,19791
1339,4.88142,4.98163,4.079e-04,0.513,0.145,19854
1340,4.84314,4.98163,4.077e-04,0.476,0.109,19884
1341,4.80817,4.98163,4.074e-04,0.517,0.131,19522
1342,5.18516,4.98163,4.071e-04,0.486,0.119,19835
1343,4.95130,4.98163,4.068e-04,0.469,0.118,19868
1344,4.74094,4.98163,4.065e-04,0.496,0.113,19836
1345,5.11310,4.98163,4.062e-04,0.452,0.105,19817
1346,4.97363,4.98163,4.059e-04,0.449,0.105,19853
1347,5.07338,4.98163,4.056e-04,0.474,0.105,19862
1348,4.98722,4.98163,4.053e-04,0.476,0.117,19793
1349,4.88784,4.98163,4.050e-04,0.473,0.113,19859
1350,4.94716,4.98163,4.047e-04,0.445,0.104,19846
1351,5.11754,4.98163,4.045e-04,0.484,0.110,19825
1352,4.95702,4.98163,4.042e-04,0.498,0.124,19867
1353,4.83725,4.98163,4.039e-04,0.484,0.111,19876
1354,5.15571,4.98163,4.036e-04,0.514,0.117,19834
1355,5.10039,4.98163,4.033e-04,0.575,0.170,19816
1356,5.17116,4.98163,4.030e-04,0.518,0.122,19861
1357,4.98577,4.98163,4.027e-04,0.482,0.118,19846
1358,5.04010,4.98163,4.024e-04,0.516,0.134,19798
1359,4.96809,4.98163,4.021e-04,0.454,0.104,19860
1360,5.00375,4.98163,4.018e-04,0.514,0.117,19864
1361,5.08650,4.98163,4.015e-04,0.474,0.109,19511
1362,4.86988,4.98163,4.012e-04,0.483,0.111,19852
1363,4.99930,4.98163,4.010e-04,0.460,0.104,19851
1364,4.86640,4.98163,4.007e-04,0.489,0.127,19840
1365,5.00550,4.98163,4.004e-04,0.488,0.106,19871
1366,4.92262,4.98163,4.001e-04,0.514,0.127,19862
1367,5.06234,4.98163,3.998e-04,0.492,0.107,19817
1368,5.12434,4.98163,3.995e-04,0.476,0.105,19807
1369,5.08927,4.98163,3.992e-04,0.486,0.106,19862
1370,4.89850,4.98163,3.989e-04,0.541,0.132,19850
1371,4.96590,4.98163,3.986e-04,0.484,0.120,19798
1372,4.94658,4.98163,3.983e-04,0.508,0.110,19857
1373,5.05209,4.98163,3.980e-04,0.528,0.134,19856
1374,5.04732,4.98163,3.977e-04,0.465,0.118,19796
1375,5.20416,4.98163,3.974e-04,0.478,0.113,19858
1376,4.89305,4.98163,3.971e-04,0.536,0.129,19893
1377,5.02868,4.98163,3.969e-04,0.499,0.115,19855
1378,5.09655,4.98163,3.966e-04,0.476,0.110,19826
1379,5.02254,4.98163,3.963e-04,0.486,0.117,19864
1380,5.07557,4.98163,3.960e-04,0.499,0.124,19833
1381,5.11743,4.98163,3.957e-04,0.528,0.114,19496
1382,4.73965,4.98163,3.954e-04,0.481,0.106,19863
1383,4.81389,4.98163,3.951e-04,0.498,0.118,19868
1384,4.96348,4.98163,3.948e-04,0.471,0.104,19793
1385,5.00547,4.98163,3.945e-04,0.451,0.103,19862
1386,5.21006,4.98163,3.942e-04,0.536,0.119,19865
1387,5.09916,4.98163,3.939e-04,0.508,0.125,19824
1388,4.84545,4.98163,3.936e-04,0.476,0.108,19877
1389,4.85007,4.98163,3.933e-04,0.476,0.116,19872
1390,4.99413,4.98163,3.930e-04,0.454,0.105,19837
1391,4.92104,4.98163,3.927e-04,0.455,0.100,19791
1392,4.99405,4.98163,3.924e-04,0.472,0.107,19867
1393,4.88877,4.98163,3.921e-04,0.478,0.107,19861
1394,4.70360,4.98163,3.919e-04,0.488,0.116,19781
1395,5.03705,4.98163,3.916e-04,0.502,0.108,19864
1396,5.05724,4.98163,3.913e-04,0.461,0.104,19855
1397,5.04582,4.98163,3.910e-04,0.523,0.113,19802
1398,5.05486,4.98163,3.907e-04,0.529,0.143,19849
1399,4.96204,4.98163,3.904e-04,0.544,0.145,19876
1400,4.92481,4.98163,3.901e-04,0.500,0.113,19863
1401,5.02556,4.98163,3.898e-04,0.519,0.117,19490
1402,5.03496,4.98163,3.895e-04,0.503,0.110,19874
1403,4.97842,4.98163,3.892e-04,0.526,0.133,19824
1404,4.91712,4.98163,3.889e-04,0.643,0.158,19805
1405,5.00069,4.98163,3.886e-04,0.479,0.105,19853
1406,4.96725,4.98163,3.883e-04,0.505,0.121,19847
1407,5.05855,4.98163,3.880e-04,0.488,0.114,19798
1408,5.03494,4.98163,3.877e-04,0.493,0.119,19857
1409,5.06661,4.98163,3.874e-04,0.517,0.108,19855
1410,4.90380,4.98163,3.871e-04,0.515,0.120,19797
1411,4.85691,4.98163,3.868e-04,0.508,0.124,19884
1412,5.16185,4.98163,3.865e-04,0.473,0.100,19873
1413,4.88101,4.98163,3.862e-04,0.508,0.114,19825
1414,5.03704,4.98163,3.859e-04,0.517,0.118,19839
1415,5.01560,4.98163,3.856e-04,0.459,0.103,19853
1416,5.07985,4.98163,3.853e-04,0.462,0.107,19843
1417,4.83977,4.98163,3.850e-04,0.489,0.118,19794
1418,4.99401,4.98163,3.848e-04,0.508,0.117,19873
1419,4.93439,4.98163,3.845e-04,0.468,0.106,19850
1420,4.84930,4.98163,3.842e-04,0.516,0.124,19797
1421,4.91997,4.98163,3.839e-04,0.476,0.108,19488
1422,5.07929,4.98163,3.836e-04,0.562,0.150,19862
1423,4.92329,4.98163,3.833e-04,0.570,0.135,19827
1424,4.81305,4.98163,3.830e-04,0.520,0.123,19858
1425,4.94936,4.98163,3.827e-04,0.487,0.112,19871
1426,4.97386,4.98163,3.824e-04,0.478,0.109,19825
1427,4.96099,4.98163,3.821e-04,0.478,0.106,19827
1428,4.80778,4.98163,3.818e-04,0.512,0.118,19844
1429,4.86842,4.98163,3.815e-04,0.487,0.111,19845
1430,4.74095,4.98163,3.812e-04,0.474,0.109,19791
1431,4.82570,4.98163,3.809e-04,0.479,0.106,19834
1432,4.96355,4.98163,3.806e-04,0.528,0.122,19861
1433,4.91204,4.98163,3.803e-04,0.475,0.117,19785
1434,5.14361,4.98163,3.800e-04,0.518,0.128,19863
1435,4.94144,4.98163,3.797e-04,0.533,0.119,19875
1436,5.06482,4.98163,3.794e-04,0.585,0.156,19834
1437,4.90692,4.98163,3.791e-04,0.529,0.132,19840
1438,4.98286,4.98163,3.788e-04,0.518,0.112,19847
1439,4.85110,4.98163,3.785e-04,0.506,0.117,19836
1440,4.75486,4.98163,3.782e-04,0.491,0.119,19810
1441,4.92950,4.98163,3.779e-04,0.517,0.105,19492
1442,5.00136,4.98163,3.776e-04,0.496,0.111,19854
1443,4.69425,4.98163,3.773e-04,0.598,0.162,19769
1444,5.10225,4.98163,3.770e-04,0.582,0.143,19832
1445,5.00520,4.98163,3.767e-04,0.498,0.119,19867
1446,5.15675,4.98163,3.764e-04,0.555,0.144,19792
1447,5.08227,4.98163,3.761e-04,0.493,0.102,19881
1448,4.91697,4.98163,3.758e-04,0.499,0.112,19871
1449,4.99664,4.98163,3.755e-04,0.550,0.134,19796
1450,5.03061,4.98163,3.752e-04,0.496,0.122,19827
1451,4.81078,4.98163,3.749e-04,0.597,0.158,19855
1452,4.77477,4.98163,3.746e-04,0.509,0.118,19815
1453,4.93593,4.98163,3.743e-04,0.522,0.122,19789
1454,5.10453,4.98163,3.740e-04,0.526,0.111,19855
1455,4.90087,4.98163,3.737e-04,0.487,0.108,19836
1456,4.91193,4.98163,3.734e-04,0.464,0.110,19794
1457,4.93794,4.98163,3.731e-04,0.512,0.119,19864
1458,4.91800,4.98163,3.728e-04,0.531,0.136,19880
1459,4.84450,4.98163,3.725e-04,0.511,0.124,19816
1460,4.84223,4.98163,3.722e-04,0.481,0.106,19863
1461,4.95022,4.98163,3.719e-04,0.535,0.142,19533
1462,4.89752,4.98163,3.716e-04,0.484,0.114,19789
1463,5.02279,4.98163,3.713e-04,0.518,0.106,19829
1464,4.65920,4.98163,3.710e-04,0.477,0.101,19837
1465,4.74335,4.98163,3.707e-04,0.535,0.121,19836
1466,5.12145,4.98163,3.704e-04,0.482,0.112,19833
1467,4.92632,4.98163,3.701e-04,0.483,0.103,19858
1468,5.00244,4.98163,3.698e-04,0.550,0.131,19853
1469,4.97668,4.98163,3.695e-04,0.490,0.107,19797
1470,4.91297,4.98163,3.692e-04,0.537,0.126,19892
1471,4.83264,4.98163,3.689e-04,0.532,0.110,19885
1472,4.84159,4.98163,3.686e-04,0.491,0.108,19813
1473,4.99161,4.98163,3.683e-04,0.538,0.113,19851
1474,4.68344,4.98163,3.680e-04,0.465,0.102,19838
1475,5.02002,4.98163,3.677e-04,0.509,0.110,19811
1476,4.88117,4.98163,3.674e-04,0.478,0.102,19833
1477,4.86978,4.98163,3.671e-04,0.515,0.107,19835
1478,4.86023,4.98163,3.668e-04,0.483,0.099,19841
1479,4.92744,4.98163,3.665e-04,0.513,0.116,19789
1480,4.99877,4.98163,3.662e-04,0.470,0.100,19868
1481,5.01311,4.98163,3.659e-04,0.540,0.122,19552
1482,4.85702,4.98163,3.656e-04,0.557,0.147,19821
1483,5.07352,4.98163,3.653e-04,0.524,0.117,19876
1484,5.04438,4.98163,3.650e-04,0.523,0.108,19868
1485,4.96092,4.98163,3.647e-04,0.581,0.127,19787
1486,4.88253,4.98163,3.644e-04,0.521,0.125,19833
1487,4.94159,4.98163,3.641e-04,0.502,0.105,19863
1488,4.75750,4.98163,3.638e-04,0.544,0.130,19812
1489,4.98135,4.98163,3.635e-04,0.501,0.106,19839
1490,4.90139,4.98163,3.632e-04,0.551,0.131,19850
1491,5.02701,4.98163,3.629e-04,0.535,0.108,19843
1492,4.95862,4.98163,3.626e-04,0.495,0.117,19798
1493,4.94858,4.98163,3.623e-04,0.503,0.109,19868
1494,5.04698,4.98163,3.620e-04,0.518,0.112,19873
1495,4.98279,4.98163,3.617e-04,0.538,0.123,19824
1496,5.06349,4.98163,3.614e-04,0.485,0.102,19848
1497,4.99471,4.98163,3.611e-04,0.480,0.101,19853
1498,4.94489,4.98163,3.608e-04,0.469,0.103,19813
1499,4.69849,4.98163,3.605e-04,0.486,0.116,19827
1500,4.80437,4.77897,3.602e-04,0.534,0.127,6132
1501,4.91934,4.77897,3.599e-04,0.489,0.107,19789
1502,4.79131,4.77897,3.596e-04,0.474,0.102,19873
1503,5.03930,4.77897,3.593e-04,0.543,0.116,19861
1504,4.68051,4.77897,3.590e-04,0.533,0.124,19831
1505,4.77606,4.77897,3.587e-04,0.492,0.098,19869
1506,4.83014,4.77897,3.584e-04,0.461,0.102,19875
1507,4.84283,4.77897,3.581e-04,0.496,0.105,19779
1508,4.92759,4.77897,3.578e-04,0.539,0.112,19852
1509,5.07177,4.77897,3.575e-04,0.504,0.102,19856
1510,4.76358,4.77897,3.572e-04,0.518,0.119,19809
1511,4.76237,4.77897,3.569e-04,0.500,0.115,19839
1512,4.86532,4.77897,3.566e-04,0.522,0.114,19853
1513,4.89780,4.77897,3.563e-04,0.520,0.126,19835
1514,4.94623,4.77897,3.560e-04,0.589,0.134,19793
1515,4.96709,4.77897,3.557e-04,0.525,0.114,19873
1516,4.99920,4.77897,3.554e-04,0.505,0.108,19887
1517,4.81114,4.77897,3.551e-04,0.495,0.105,19808
1518,5.11626,4.77897,3.548e-04,0.517,0.108,19855
1519,4.81218,4.77897,3.545e-04,0.517,0.117,19855
1520,4.86767,4.77897,3.542e-04,0.498,0.106,19774
1521,4.77618,4.77897,3.539e-04,0.554,0.135,19471
1522,4.76950,4.77897,3.536e-04,0.540,0.132,19864
1523,4.91125,4.77897,3.533e-04,0.509,0.104,19797
1524,4.90724,4.77897,3.530e-04,0.522,0.111,19829
1525,4.84849,4.77897,3.527e-04,0.504,0.110,19863
1526,4.82580,4.77897,3.524e-04,0.507,0.116,19827
1527,4.73405,4.77897,3.521e-04,0.491,0.106,19842
1528,5.04124,4.77897,3.518e-04,0.522,0.114,19862
1529,4.88074,4.77897,3.515e-04,0.523,0.114,19852
1530,4.71901,4.77897,3.512e-04,0.506,0.111,19814
1531,4.89536,4.77897,3.509e-04,0.524,0.123,19854
1532,5.02316,4.77897,3.506e-04,0.490,0.102,19844
1533,4.74824,4.77897,3.503e-04,0.479,0.110,19777
1534,4.61863,4.77897,3.500e-04,0.539,0.121,19843
1535,4.90253,4.77897,3.497e-04,0.533,0.111,19861
1536,4.68834,4.77897,3.494e-04,0.527,0.123,19820
1537,5.00033,4.77897,3.491e-04,0.503,0.103,19826
1538,4.98365,4.77897,3.488e-04,0.508,0.112,19876
1539,4.81474,4.77897,3.485e-04,0.506,0.105,19868
1540,4.95305,4.77897,3.482e-04,0.511,0.107,19840
1541,4.87364,4.77897,3.479e-04,0.497,0.105,19503
1542,4.91953,4.77897,3.476e-04,0.518,0.110,19832
1543,4.95803,4.77897,3.473e-04,0.513,0.104,19802
1544,4.92814,4.77897,3.470e-04,0.561,0.130,19859
1545,4.89160,4.77897,3.467e-04,0.491,0.107,19851
1546,4.93863,4.77897,3.463e-04,0.559,0.122,19804
1547,5.03562,4.77897,3.460e-04,0.576,0.116,19854
1548,5.09679,4.77897,3.457e-04,0.522,0.114,19841
1549,4.95690,4.77897,3.454e-04,0.521,0.117,19829
1550,4.84116,4.77897,3.451e-04,0.487,0.098,19834
1551,4.77673,4.77897,3.448e-04,0.525,0.105,19881
1552,4.74495,4.77897,3.445e-04,0.476,0.100,19860
1553,4.69474,4.77897,3.442e-04,0.513,0.115,19820
1554,5.11287,4.77897,3.439e-04,0.589,0.148,19855
1555,4.71979,4.77897,3.436e-04,0.504,0.105,19852
1556,4.95127,4.77897,3.433e-04,0.517,0.108,19779
1557,4.79888,4.77897,3.430e-04,0.511,0.110,19867
1558,4.71175,4.77897,3.427e-04,0.533,0.108,19850
1559,4.93568,4.77897,3.424e-04,0.532,0.108,19802
1560,4.84654,4.77897,3.421e-04,0.598,0.152,19835
1561,4.83753,4.77897,3.418e-04,0.513,0.101,19519
1562,4.86725,4.77897,3.415e-04,0.539,0.123,19832
1563,4.76558,4.77897,3.412e-04,0.525,0.100,19850
1564,5.02556,4.77897,3.409e-04,0.581,0.132,19881
1565,4.82010,4.77897,3.406e-04,0.563,0.127,19833
1566,4.88438,4.77897,3.403e-04,0.565,0.121,19810
1567,5.05632,4.77897,3.400e-04,0.516,0.116,19864
1568,4.86161,4.77897,3.397e-04,0.519,0.110,19841
1569,4.84250,4.77897,3.394e-04,0.498,0.102,19784
1570,4.81160,4.77897,3.391e-04,0.476,0.100,19855
1571,4.86086,4.77897,3.388e-04,0.495,0.108,19854
1572,4.81294,4.77897,3.385e-04,0.494,0.108,19807
1573,4.94898,4.77897,3.382e-04,0.514,0.111,19831
1574,4.92893,4.77897,3.379e-04,0.520,0.121,19872
1575,4.93194,4.77897,3.376e-04,0.503,0.105,19854
1576,4.96326,4.77897,3.373e-04,0.527,0.108,19822
1577,4.80874,4.77897,3.370e-04,0.506,0.110,19861
1578,4.72255,4.77897,3.367e-04,0.519,0.115,19851
1579,4.92769,4.77897,3.364e-04,0.498,0.099,19792
1580,4.71939,4.77897,3.361e-04,0.577,0.138,19864
1581,4.73851,4.77897,3.358e-04,0.558,0.127,19525
1582,4.99783,4.77897,3.355e-04,0.527,0.117,19793
1583,4.86509,4.77897,3.351e-04,0.519,0.109,19854
1584,4.65640,4.77897,3.348e-04,0.548,0.116,19867
1585,4.75791,4.77897,3.345e-04,0.555,0.122,19797
1586,4.66295,4.77897,3.342e-04,0.541,0.118,19868
1587,4.89360,4.77897,3.339e-04,0.519,0.112,19873
1588,4.85210,4.77897,3.336e-04,0.506,0.104,19828
1589,4.64790,4.77897,3.333e-04,0.522,0.119,19824
1590,4.74235,4.77897,3.330e-04,0.510,0.110,19872
1591,4.88436,4.77897,3.327e-04,0.508,0.107,19839
1592,4.60175,4.77897,3.324e-04,0.562,0.118,19800
1593,4.69703,4.77897,3.321e-04,0.532,0.124,19850
1594,4.78515,4.77897,3.318e-04,0.495,0.111,19855
1595,4.85658,4.77897,3.315e-04,0.541,0.128,19801
1596,4.71402,4.77897,3.312e-04,0.499,0.107,19846
1597,4.83943,4.77897,3.309e-04,0.571,0.134,19869
1598,4.63764,4.77897,3.306e-04,0.485,0.105,19864
1599,4.75346,4.77897,3.303e-04,0.501,0.112,19844
1600,5.05944,4.77897,3.300e-04,0.555,0.109,19866
1601,4.79022,4.77897,3.297e-04,0.544,0.115,19533
1602,4.90106,4.77897,3.294e-04,0.486,0.098,19820
1603,4.79424,4.77897,3.291e-04,0.527,0.124,19854
1604,4.77354,4.77897,3.288e-04,0.500,0.112,19857
1605,4.73018,4.77897,3.285e-04,0.540,0.129,19795
1606,4.95970,4.77897,3.282e-04,0.521,0.102,19855
1607,4.65940,4.77897,3.279e-04,0.537,0.108,19863
1608,4.89368,4.77897,3.276e-04,0.536,0.114,19817
1609,4.76977,4.77897,3.273e-04,0.515,0.103,19841
1610,4.89841,4.77897,3.270e-04,0.529,0.107,19880
1611,4.72056,4.77897,3.267e-04,0.613,0.159,19866
1612,4.77334,4.77897,3.264e-04,0.535,0.123,19816
1613,4.66018,4.77897,3.261e-04,0.612,0.162,19853
1614,4.69323,4.77897,3.258e-04,0.481,0.102,19868
1615,4.89808,4.77897,3.255e-04,0.584,0.146,19784
1616,4.88353,4.77897,3.252e-04,0.514,0.104,19870
1617,4.88598,4.77897,3.249e-04,0.586,0.138,19851
1618,4.76201,4.77897,3.245e-04,0.511,0.109,19811
1619,4.95591,4.77897,3.242e-04,0.606,0.121,19844
1620,4.54748,4.77897,3.239e-04,0.511,0.114,19853
1621,4.68232,4.77897,3.236e-04,0.578,0.137,19532
1622,4.82770,4.77897,3.233e-04,0.504,0.100,19869
1623,4.79803,4.77897,3.230e-04,0.595,0.153,19888
1624,4.75150,4.77897,3.227e-04,0.503,0.102,19834
1625,4.83497,4.77897,3.224e-04,0.533,0.108,19811
1626,4.89537,4.77897,3.221e-04,0.656,0.139,19866
1627,4.78891,4.77897,3.218e-04,0.515,0.109,19865
1628,4.88523,4.77897,3.215e-04,0.606,0.134,19785
1629,4.71067,4.77897,3.212e-04,0.521,0.112,19851
1630,4.68151,4.77897,3.209e-04,0.540,0.118,19845
1631,4.86858,4.77897,3.206e-04,0.494,0.099,19817
1632,4.97000,4.77897,3.203e-04,0.544,0.133,19832
1633,5.02088,4.77897,3.200e-04,0.512,0.102,19880
1634,4.90859,4.77897,3.197e-04,0.539,0.118,19850
1635,4.84902,4.77897,3.194e-04,0.533,0.103,19832
1636,4.76228,4.77897,3.191e-04,0.498,0.103,19873
1637,4.69589,4.77897,3.188e-04,0.492,0.109,19843
1638,4.59009,4.77897,3.185e-04,0.504,0.105,19796
1639,4.93438,4.77897,3.182e-04,0.506,0.101,19867
1640,4.86722,4.77897,3.179e-04,0.570,0.121,19858
1641,4.75852,4.77897,3.176e-04,0.552,0.113,19508
1642,4.87574,4.77897,3.173e-04,0.527,0.099,19851
1643,4.73874,4.77897,3.170e-04,0.509,0.109,19848
1644,4.87103,4.77897,3.167e-04,0.552,0.110,19813
1645,4.78410,4.77897,3.164e-04,0.484,0.103,19870
1646,4.83959,4.77897,3.161e-04,0.581,0.115,19884
1647,4.73633,4.77897,3.158e-04,0.497,0.102,19827
1648,4.64311,4.77897,3.155e-04,0.492,0.100,19813
1649,4.78574,4.77897,3.152e-04,0.490,0.102,19853
1650,4.76179,4.77897,3.149e-04,0.540,0.109,19841
1651,4.85300,4.77897,3.146e-04,0.492,0.106,19791
1652,4.87679,4.77897,3.143e-04,0.500,0.103,19855
1653,4.65239,4.77897,3.140e-04,0.508,0.105,19843
1654,4.81953,4.77897,3.137e-04,0.512,0.109,19778
1655,4.76638,4.77897,3.133e-04,0.553,0.135,19849
1656,4.78171,4.77897,3.130e-04,0.575,0.134,19843
1657,4.66886,4.77897,3.127e-04,0.505,0.107,19843
1658,4.89254,4.77897,3.124e-04,0.486,0.094,19847
1659,4.65539,4.77897,3.121e-04,0.553,0.124,19850
1660,4.89419,4.77897,3.118e-04,0.502,0.104,19829
1661,4.73645,4.77897,3.115e-04,0.661,0.168,19502
1662,4.81971,4.77897,3.112e-04,0.504,0.101,19861
1663,4.71779,4.77897,3.109e-04,0.721,0.204,19838
1664,4.72293,4.77897,3.106e-04,0.513,0.101,19792
1665,4.82160,4.77897,3.103e-04,0.623,0.158,19845
1666,4.65989,4.77897,3.100e-04,0.568,0.139,19843
1667,5.17253,4.77897,3.097e-04,0.642,0.141,19803
1668,4.70583,4.77897,3.094e-04,0.772,0.196,19855
1669,4.91788,4.77897,3.091e-04,0.592,0.126,19897
1670,4.71536,4.77897,3.088e-04,0.591,0.135,19814
1671,4.77820,4.77897,3.085e-04,0.551,0.110,19824
1672,4.88590,4.77897,3.082e-04,0.589,0.146,19859
1673,4.92685,4.77897,3.079e-04,0.517,0.109,19831
1674,4.85275,4.77897,3.076e-04,0.544,0.107,19802
1675,4.78938,4.77897,3.073e-04,0.494,0.094,19856
1676,4.84315,4.77897,3.070e-04,0.563,0.109,19852
1677,4.65329,4.77897,3.067e-04,0.592,0.128,19785
1678,4.76015,4.77897,3.064e-04,0.560,0.111,19863
1679,4.84478,4.77897,3.061e-04,0.547,0.107,19839
1680,4.82657,4.77897,3.058e-04,0.531,0.115,19824
1681,5.07388,4.77897,3.055e-04,0.504,0.098,19518
1682,4.71139,4.77897,3.052e-04,0.509,0.101,19876
1683,4.77671,4.77897,3.049e-04,0.504,0.101,19814
1684,4.68808,4.77897,3.046e-04,0.531,0.110,19817
1685,4.72449,4.77897,3.043e-04,0.494,0.095,19857
1686,4.67627,4.77897,3.040e-04,0.500,0.093,19830
1687,4.81274,4.77897,3.037e-04,0.475,0.097,19803
1688,4.76901,4.77897,3.034e-04,0.474,0.100,19855
1689,4.57975,4.77897,3.031e-04,0.537,0.104,19846
1690,4.78237,4.77897,3.028e-04,0.515,0.106,19777
1691,4.66798,4.77897,3.025e-04,0.493,0.096,19860
1692,4.85122,4.77897,3.022e-04,0.553,0.110,19888
1693,4.80520,4.77897,3.019e-04,0.526,0.111,19829
1694,4.62356,4.77897,3.016e-04,0.535,0.107,19844
1695,4.81350,4.77897,3.013e-04,0.534,0.113,19866
1696,4.86869,4.77897,3.010e-04,0.611,0.116,19840
1697,4.89073,4.77897,3.007e-04,0.574,0.123,19807
1698,5.02690,4.77897,3.004e-04,0.577,0.123,19861
1699,4.60599,4.77897,3.001e-04,0.532,0.109,19855
1700,4.53365,4.77897,2.998e-04,0.519,0.113,19789
1701,4.97849,4.77897,2.995e-04,0.536,0.117,19479
1702,4.64659,4.77897,2.992e-04,0.576,0.136,19870
1703,4.78339,4.77897,2.989e-04,0.531,0.102,19791
1704,4.82196,4.77897,2.986e-04,0.527,0.100,19887
1705,4.77048,4.77897,2.983e-04,0.512,0.104,19885
1706,4.77690,4.77897,2.980e-04,0.574,0.131,19802
1707,4.79684,4.77897,2.977e-04,0.525,0.109,19853
1708,4.54607,4.77897,2.974e-04,0.517,0.107,19847
1709,4.70431,4.77897,2.971e-04,0.523,0.104,19837
1710,4.55497,4.77897,2.968e-04,0.475,0.094,19820
1711,4.65641,4.77897,2.965e-04,0.531,0.109,19870
1712,4.81497,4.77897,2.962e-04,0.494,0.095,19842
1713,4.92359,4.77897,2.959e-04,0.522,0.100,19790
1714,4.72034,4.77897,2.956e-04,0.533,0.098,19848
1715,4.75304,4.77897,2.953e-04,0.659,0.135,19863
1716,4.78547,4.77897,2.950e-04,0.473,0.094,19818
1717,4.61062,4.77897,2.947e-04,0.546,0.117,19881
1718,4.62109,4.77897,2.944e-04,0.512,0.100,19854
1719,4.99919,4.77897,2.941e-04,0.565,0.108,19821
1720,4.80218,4.77897,2.938e-04,0.519,0.104,19834
1721,4.71576,4.77897,2.935e-04,0.527,0.101,19512
1722,4.92079,4.77897,2.932e-04,0.550,0.101,19812
1723,4.58560,4.77897,2.929e-04,0.523,0.110,19824
1724,4.73469,4.77897,2.926e-04,0.577,0.125,19861
1725,4.96046,4.77897,2.923e-04,0.511,0.102,19848
1726,4.93795,4.77897,2.920e-04,0.523,0.110,19791
1727,4.64053,4.77897,2.917e-04,0.572,0.133,19881
1728,4.57633,4.77897,2.914e-04,0.540,0.108,19894
1729,5.01584,4.77897,2.911e-04,0.598,0.129,19817
1730,5.00877,4.77897,2.908e-04,0.506,0.094,19842
1731,4.79518,4.77897,2.905e-04,0.595,0.141,19857
1732,4.61754,4.77897,2.902e-04,0.531,0.104,19823
1733,4.61653,4.77897,2.899e-04,0.508,0.098,19829
1734,4.77402,4.77897,2.896e-04,0.554,0.101,19866
1735,4.84906,4.77897,2.893e-04,0.526,0.107,19830
1736,4.92747,4.77897,2.890e-04,0.530,0.099,19810
1737,4.71631,4.77897,2.887e-04,0.538,0.106,19853
1738,4.71974,4.77897,2.884e-04,0.556,0.115,19854
1739,4.95412,4.77897,2.881e-04,0.514,0.099,19811
1740,4.84270,4.77897,2.878e-04,0.521,0.105,19881
1741,4.82499,4.77897,2.875e-04,0.512,0.101,19545
1742,4.83538,4.77897,2.872e-04,0.551,0.115,19782
1743,4.61971,4.77897,2.869e-04,0.530,0.111,19851
1744,4.64737,4.77897,2.866e-04,0.519,0.101,19849
1745,4.66396,4.77897,2.863e-04,0.496,0.101,19827
1746,4.62884,4.77897,2.860e-04,0.520,0.115,19832
1747,4.69635,4.77897,2.857e-04,0.494,0.100,19867
1748,4.87293,4.77897,2.854e-04,0.509,0.099,19833
1749,4.73010,4.77897,2.851e-04,0.494,0.097,19774
1750,4.64061,4.63222,2.848e-04,0.538,0.113,6171
1751,4.70115,4.63222,2.845e-04,0.556,0.116,19804
1752,4.91598,4.63222,2.842e-04,0.517,0.101,19857
1753,4.85838,4.63222,2.839e-04,0.549,0.111,19865
1754,4.86626,4.63222,2.836e-04,0.554,0.103,19794
1755,4.81866,4.63222,2.833e-04,0.553,0.115,19850
1756,4.72988,4.63222,2.830e-04,0.534,0.101,19868
1757,4.59012,4.63222,2.827e-04,0.539,0.107,19814
1758,5.05684,4.63222,2.824e-04,0.510,0.103,19817
1759,4.61057,4.63222,2.821e-04,0.669,0.168,19857
1760,4.74574,4.63222,2.818e-04,0.520,0.102,19853
1761,4.63714,4.63222,2.815e-04,0.564,0.126,19512
1762,4.77506,4.63222,2.812e-04,0.555,0.113,19887
1763,4.93746,4.63222,2.809e-04,0.558,0.124,19862
1764,4.51644,4.63222,2.806e-04,0.540,0.116,19775
1765,4.53366,4.63222,2.803e-04,0.560,0.111,19859
1766,4.79481,4.63222,2.800e-04,0.563,0.111,19867
1767,4.56696,4.63222,2.797e-04,0.574,0.117,19801
1768,4.80390,4.63222,2.794e-04,0.509,0.095,19844
1769,4.56165,4.63222,2.791e-04,0.570,0.111,19847
1770,4.98662,4.63222,2.788e-04,0.527,0.099,19811
1771,4.86912,4.63222,2.785e-04,0.525,0.100,19820
1772,4.80240,4.63222,2.782e-04,0.532,0.101,19868
1773,4.78436,4.63222,2.779e-04,0.501,0.097,19888
1774,4.75168,4.63222,2.776e-04,0.513,0.099,19808
1775,4.89413,4.63222,2.773e-04,0.531,0.112,19859
1776,4.81765,4.63222,2.770e-04,0.536,0.103,19850
1777,4.94499,4.63222,2.767e-04,0.517,0.102,19784
1778,4.73995,4.63222,2.764e-04,0.520,0.103,19843
1779,4.81737,4.63222,2.761e-04,0.551,0.100,19845
1780,4.90207,4.63222,2.758e-04,0.552,0.103,19808
1781,4.84733,4.63222,2.755e-04,0.505,0.094,19496
1782,4.76829,4.63222,2.752e-04,0.534,0.107,19855
1783,4.78629,4.63222,2.750e-04,0.531,0.105,19822
1784,4.76093,4.63222,2.747e-04,0.519,0.095,19839
1785,4.78617,4.63222,2.744e-04,0.527,0.111,19880
1786,4.71349,4.63222,2.741e-04,0.515,0.100,19851
1787,4.81509,4.63222,2.738e-04,0.549,0.122,19777
1788,4.79239,4.63222,2.735e-04,0.485,0.091,19869
1789,4.57780,4.63222,2.732e-04,0.506,0.102,19859
1790,4.66379,4.63222,2.729e-04,0.502,0.094,19788
1791,4.45687,4.63222,2.726e-04,0.527,0.114,19847
1792,4.63708,4.63222,2.723e-04,0.498,0.091,19845
1793,4.92883,4.63222,2.720e-04,0.504,0.095,19816
1794,4.55551,4.63222,2.717e-04,0.529,0.100,19819
1795,4.75809,4.63222,2.714e-04,0.517,0.098,19858
1796,4.90386,4.63222,2.711e-04,0.477,0.088,19875
1797,4.72902,4.63222,2.708e-04,0.504,0.092,19826
1798,4.59960,4.63222,2.705e-04,0.489,0.093,19854
1799,4.64585,4.63222,2.702e-04,0.547,0.102,19862
1800,4.92644,4.63222,2.699e-04,0.532,0.109,19782
1801,4.89581,4.63222,2.696e-04,0.508,0.097,19486
1802,4.76700,4.63222,2.693e-04,0.491,0.093,19862
1803,4.76713,4.63222,2.690e-04,0.488,0.092,19795
1804,4.84307,4.63222,2.687e-04,0.558,0.110,19848
1805,4.75746,4.63222,2.684e-04,0.516,0.093,19858
1806,4.70622,4.63222,2.681e-04,0.530,0.107,19826
1807,4.61098,4.63222,2.679e-04,0.565,0.106,19834
1808,4.57276,4.63222,2.676e-04,0.557,0.102,19879
1809,4.85490,4.63222,2.673e-04,0.563,0.118,19864
1810,4.64122,4.63222,2.670e-04,0.539,0.104,19801
1811,4.68656,4.63222,2.667e-04,0.571,0.131,19867
1812,4.72558,4.63222,2.664e-04,0.530,0.105,19848
1813,4.47779,4.63222,2.661e-04,0.599,0.128,19793
1814,4.80301,4.63222,2.658e-04,0.539,0.104,19853
1815,4.66609,4.63222,2.655e-04,0.502,0.095,19868
1816,4.81794,4.63222,2.652e-04,0.519,0.095,19806
1817,4.60728,4.63222,2.649e-04,0.529,0.100,19835
1818,4.64293,4.63222,2.646e-04,0.521,0.109,19858
1819,4.59914,4.63222,2.643e-04,0.548,0.110,19857
1820,4.84860,4.63222,2.640e-04,0.538,0.097,19840
1821,4.69881,4.63222,2.637e-04,0.514,0.099,19537
1822,4.61918,4.63222,2.634e-04,0.555,0.103,19817
1823,4.76355,4.63222,2.631e-04,0.531,0.106,19812
1824,4.84271,4.63222,2.629e-04,0.583,0.114,19856
1825,4.63306,4.63222,2.626e-04,0.515,0.107,19861
1826,4.62627,4.63222,2.623e-04,0.569,0.131,19794
1827,4.77402,4.63222,2.620e-04,0.528,0.104,19847
1828,4.90048,4.63222,2.617e-04,0.507,0.108,19863
1829,4.55065,4.63222,2.614e-04,0.541,0.112,19819
1830,4.74548,4.63222,2.611e-04,0.529,0.094,19823
1831,4.62498,4.63222,2.608e-04,0.529,0.096,19872
1832,4.65006,4.63222,2.605e-04,0.523,0.096,19864
1833,4.81146,4.63222,2.602e-04,0.534,0.113,19835
1834,4.65064,4.63222,2.599e-04,0.509,0.103,19866
1835,4.68724,4.63222,2.596e-04,0.551,0.104,19858
1836,4.65327,4.63222,2.593e-04,0.549,0.103,19787
1837,5.07501,4.63222,2.590e-04,0.772,0.130,19844
1838,4.66830,4.63222,2.588e-04,0.502,0.091,19862
1839,4.63632,4.63222,2.585e-04,0.590,0.131,19806
1840,4.65908,4.63222,2.582e-04,0.507,0.093,19840
1841,4.62179,4.63222,2.579e-04,0.543,0.111,19530
1842,4.76843,4.63222,2.576e-04,0.544,0.110,19812
1843,4.60791,4.63222,2.573e-04,0.556,0.128,19859
1844,4.76709,4.63222,2.570e-04,0.498,0.099,19870
1845,4.78784,4.63222,2.567e-04,0.531,0.101,19842
1846,4.73080,4.63222,2.564e-04,0.542,0.109,19826
1847,4.75056,4.63222,2.561e-04,0.543,0.112,19845
1848,4.68495,4.63222,2.558e-04,0.491,0.094,19868
1849,4.93072,4.63222,2.555e-04,0.590,0.112,19781
1850,4.61533,4.63222,2.553e-04,0.532,0.104,19869
1851,4.62986,4.63222,2.550e-04,0.569,0.117,19861
1852,4.67784,4.63222,2.547e-04,0.518,0.103,19801
1853,4.59115,4.63222,2.544e-04,0.537,0.102,19838
1854,4.72549,4.63222,2.541e-04,0.550,0.102,19862
1855,4.60394,4.63222,2.538e-04,0.560,0.120,19859
1856,4.68742,4.63222,2.535e-04,0.493,0.095,19837
1857,4.47920,4.63222,2.532e-04,0.539,0.114,19859
1858,4.44746,4.63222,2.529e-04,0.552,0.106,19845
1859,4.70911,4.63222,2.526e-04,0.554,0.104,19781
1860,4.82253,4.63222,2.523e-04,0.508,0.098,19840
1861,4.73831,4.63222,2.521e-04,0.546,0.105,19539
1862,4.63484,4.63222,2.518e-04,0.544,0.105,19772
1863,4.74988,4.63222,2.515e-04,0.490,0.093,19849
1864,4.79509,4.63222,2.512e-04,0.601,0.123,19849
1865,4.73331,4.63222,2.509e-04,0.534,0.105,19805
1866,4.75255,4.63222,2.506e-04,0.544,0.109,19840
1867,4.72488,4.63222,2.503e-04,0.534,0.097,19873
1868,4.89963,4.63222,2.500e-04,0.575,0.101,19828
1869,4.60677,4.63222,2.497e-04,0.526,0.101,19822
1870,4.63086,4.63222,2.495e-04,0.510,0.104,19863
1871,4.66354,4.63222,2.492e-04,0.555,0.100,19849
1872,4.74529,4.63222,2.489e-04,0.546,0.101,19805
1873,4.60814,4.63222,2.486e-04,0.506,0.094,19839
1874,4.59476,4.63222,2.483e-04,0.521,0.096,19844
1875,4.79132,4.63222,2.480e-04,0.523,0.095,19783
1876,4.65588,4.63222,2.477e-04,0.529,0.098,19859
1877,4.67654,4.63222,2.474e-04,0.506,0.096,19831
1878,4.44615,4.63222,2.471e-04,0.565,0.109,19843
1879,4.81010,4.63222,2.469e-04,0.555,0.103,19849
1880,4.64615,4.63222,2.466e-04,0.529,0.095,19882
1881,4.79657,4.63222,2.463e-04,0.537,0.101,19512
1882,4.55327,4.63222,2.460e-04,0.540,0.105,19807
1883,4.62955,4.63222,2.457e-04,0.542,0.104,19835
1884,4.77568,4.63222,2.454e-04,0.548,0.108,19826
1885,4.80348,4.63222,2.451e-04,0.519,0.103,19789
1886,4.62297,4.63222,2.448e-04,0.540,0.104,19853
1887,4.66889,4.63222,2.446e-04,0.564,0.113,19848
1888,4.73237,4.63222,2.443e-04,0.551,0.103,19795
1889,4.46700,4.63222,2.440e-04,0.555,0.105,19847
1890,4.71544,4.63222,2.437e-04,0.514,0.095,19861
1891,4.74789,4.63222,2.434e-04,0.548,0.109,19832
1892,4.53679,4.63222,2.431e-04,0.516,0.102,19836
1893,4.57214,4.63222,2.428e-04,0.579,0.129,19846
1894,4.70198,4.63222,2.425e-04,0.558,0.110,19824
1895,4.49125,4.63222,2.423e-04,0.558,0.109,19777
1896,4.54747,4.63222,2.420e-04,0.531,0.098,19848
1897,4.68327,4.63222,2.417e-04,0.505,0.095,19847
1898,4.70827,4.63222,2.414e-04,0.516,0.094,19796
1899,4.53349,4.63222,2.411e-04,0.536,0.113,19851
1900,4.30740,4.63222,2.408e-04,0.512,0.097,19852
1901,4.67367,4.63222,2.405e-04,0.524,0.101,19532
1902,4.41801,4.63222,2.403e-04,0.522,0.097,19877
1903,4.47471,4.63222,2.400e-04,0.565,0.115,19893
1904,4.72309,4.63222,2.397e-04,0.520,0.100,19825
1905,4.65983,4.63222,2.394e-04,0.529,0.106,19797
1906,4.70587,4.63222,2.391e-04,0.533,0.100,19869
1907,4.69830,4.63222,2.388e-04,0.516,0.102,19836
1908,4.45033,4.63222,2.385e-04,0.526,0.101,19812
1909,4.49875,4.63222,2.383e-04,0.513,0.096,19849
1910,4.60000,4.63222,2.380e-04,0.524,0.109,19854
1911,4.59138,4.63222,2.377e-04,0.511,0.099,19781
1912,4.61262,4.63222,2.374e-04,0.511,0.102,19862
1913,4.70247,4.63222,2.371e-04,0.523,0.105,19857
1914,4.45792,4.63222,2.368e-04,0.538,0.109,19818
1915,4.67306,4.63222,2.365e-04,0.526,0.098,19861
1916,4.76197,4.63222,2.363e-04,0.527,0.098,19872
1917,4.65338,4.63222,2.360e-04,0.549,0.114,19826
1918,4.45910,4.63222,2.357e-04,0.561,0.118,19816
1919,4.65342,4.63222,2.354e-04,0.512,0.097,19849
1920,4.58688,4.63222,2.351e-04,0.558,0.123,19848
1921,4.78749,4.63222,2.348e-04,0.501,0.091,19510
1922,4.75334,4.63222,2.346e-04,0.517,0.101,19859
1923,4.68457,4.63222,2.343e-04,0.526,0.093,19876
1924,4.66162,4.63222,2.340e-04,0.518,0.095,19794
1925,4.65623,4.63222,2.337e-04,0.550,0.101,19861
1926,4.65011,4.63222,2.334e-04,0.555,0.103,19889
1927,4.40819,4.63222,2.331e-04,0.575,0.093,19837
1928,4.33058,4.63222,2.329e-04,0.564,0.113,19844
1929,4.62829,4.63222,2.326e-04,0.540,0.100,19861
1930,4.43906,4.63222,2.323e-04,0.567,0.103,19821
1931,4.74928,4.63222,2.320e-04,0.495,0.094,19802
1932,4.67303,4.63222,2.317e-04,0.528,0.106,19865
1933,4.71781,4.63222,2.315e-04,0.542,0.104,19856
1934,4.67570,4.63222,2.312e-04,0.511,0.092,19789
1935,4.78943,4.63222,2.309e-04,0.559,0.095,19850
1936,4.55710,4.63222,2.306e-04,0.551,0.110,19859
1937,4.63166,4.63222,2.303e-04,0.589,0.116,19806
1938,4.84572,4.63222,2.300e-04,0.560,0.105,19880
1939,4.59925,4.63222,2.298e-04,0.539,0.107,19878
1940,4.46345,4.63222,2.295e-04,0.554,0.107,19816
1941,4.55884,4.63222,2.292e-04,0.524,0.101,19500
1942,4.68570,4.63222,2.289e-04,0.540,0.098,19860
1943,4.57875,4.63222,2.286e-04,0.602,0.141,19823
1944,4.51893,4.63222,2.284e-04,0.535,0.099,19820
1945,4.57168,4.63222,2.281e-04,0.590,0.115,19856
1946,4.29724,4.63222,2.278e-04,0.522,0.104,19855
1947,4.95583,4.63222,2.275e-04,0.547,0.098,19782
1948,4.49602,4.63222,2.272e-04,0.582,0.122,19869
1949,4.60021,4.63222,2.270e-04,0.514,0.097,19875
1950,4.65412,4.63222,2.267e-04,0.575,0.121,19821
1951,4.57128,4.63222,2.264e-04,0.539,0.100,19858
1952,4.55817,4.63222,2.261e-04,0.542,0.103,19874
1953,4.51200,4.63222,2.258e-04,0.544,0.100,19792
1954,4.23442,4.63222,2.256e-04,0.518,0.101,19826
1955,4.65378,4.63222,2.253e-04,0.545,0.100,19856
1956,4.73608,4.63222,2.250e-04,0.530,0.094,19842
1957,4.61430,4.63222,2.247e-04,0.535,0.100,19786
1958,4.70532,4.63222,2.244e-04,0.517,0.087,19861
1959,4.52611,4.63222,2.242e-04,0.544,0.097,19857
1960,4.77720,4.63222,2.239e-04,0.497,0.090,19800
1961,4.37342,4.63222,2.236e-04,0.606,0.120,19524
1962,4.72844,4.63222,2.233e-04,0.535,0.106,19889
1963,4.77236,4.63222,2.230e-04,0.506,0.097,19795
1964,4.41482,4.63222,2.228e-04,0.560,0.106,19862
1965,4.64133,4.63222,2.225e-04,0.573,0.109,19862
1966,4.71737,4.63222,2.222e-04,0.557,0.109,19833
1967,4.76660,4.63222,2.219e-04,0.559,0.101,19804
1968,4.63429,4.63222,2.217e-04,0.512,0.095,19834
1969,4.50794,4.63222,2.214e-04,0.532,0.101,19840
1970,4.76786,4.63222,2.211e-04,0.546,0.094,19803
1971,4.80548,4.63222,2.208e-04,0.615,0.120,19867
1972,4.61974,4.63222,2.206e-04,0.538,0.107,19869
1973,4.65060,4.63222,2.203e-04,0.552,0.105,19823
1974,4.57036,4.63222,2.200e-04,0.556,0.110,19878
1975,4.75274,4.63222,2.197e-04,0.518,0.095,19873
1976,4.69317,4.63222,2.194e-04,0.629,0.119,19821
1977,4.47631,4.63222,2.192e-04,0.602,0.124,19839
1978,4.49140,4.63222,2.189e-04,0.600,0.121,19866
1979,4.53195,4.63222,2.186e-04,0.519,0.090,19823
1980,4.65467,4.63222,2.183e-04,0.614,0.124,19806
1981,4.58718,4.63222,2.181e-04,0.540,0.097,19495
1982,4.66807,4.63222,2.178e-04,0.551,0.104,19842
1983,4.57329,4.63222,2.175e-04,0.561,0.115,19801
1984,4.64109,4.63222,2.172e-04,0.562,0.104,19875
1985,4.41664,4.63222,2.170e-04,0.556,0.112,19877
1986,4.59244,4.63222,2.167e-04,0.562,0.103,19832
1987,4.52988,4.63222,2.164e-04,0.547,0.104,19844
1988,4.88940,4.63222,2.161e-04,0.540,0.093,19852
1989,4.56430,4.63222,2.159e-04,0.547,0.112,19829
1990,4.52623,4.63222,2.156e-04,0.554,0.106,19832
1991,4.36560,4.63222,2.153e-04,0.581,0.109,19868
1992,4.75111,4.63222,2.150e-04,0.595,0.110,19830
1993,4.48859,4.63222,2.148e-04,0.528,0.106,19805
1994,4.74937,4.63222,2.145e-04,0.586,0.112,19846
1995,4.57461,4.63222,2.142e-04,0.561,0.104,19858
1996,4.52698,4.63222,2.139e-04,0.543,0.101,19805
1997,4.60030,4.63222,2.137e-04,0.518,0.094,19886
1998,4.45690,4.63222,2.134e-04,0.554,0.115,19877
1999,4.49784,4.63222,2.131e-04,0.564,0.111,19809
2000,4.64499,4.51239,2.129e-04,0.516,0.092,6134
2001,4.56383,4.51239,2.126e-04,0.511,0.092,19820
2002,4.89385,4.51239,2.123e-04,2.069,0.558,19830
2003,4.46739,4.51239,2.120e-04,0.562,0.108,19856
2004,4.66050,4.51239,2.118e-04,0.535,0.101,19816
2005,4.51591,4.51239,2.115e-04,0.514,0.097,19823
2006,4.64852,4.51239,2.112e-04,0.598,0.106,19889
2007,4.60687,4.51239,2.109e-04,0.521,0.096,19894
2008,4.69607,4.51239,2.107e-04,0.556,0.107,19791
2009,4.61734,4.51239,2.104e-04,0.534,0.094,19862
2010,4.58797,4.51239,2.101e-04,0.552,0.108,19859
2011,4.43445,4.51239,2.099e-04,0.548,0.107,19816
2012,4.55517,4.51239,2.096e-04,0.506,0.095,19838
2013,4.42106,4.51239,2.093e-04,0.550,0.108,19856
2014,4.75397,4.51239,2.090e-04,0.543,0.100,19837
2015,4.62108,4.51239,2.088e-04,0.525,0.098,19810
2016,4.79712,4.51239,2.085e-04,0.613,0.117,19853
2017,4.47645,4.51239,2.082e-04,0.566,0.104,19856
2018,4.45237,4.51239,2.080e-04,0.554,0.114,19830
2019,4.34356,4.51239,2.077e-04,0.542,0.106,19891
2020,4.53094,4.51239,2.074e-04,0.555,0.113,19858
2021,4.77502,4.51239,2.072e-04,0.587,0.106,19536
2022,4.80070,4.51239,2.069e-04,0.557,0.110,19867
2023,4.51476,4.51239,2.066e-04,0.588,0.120,19849
2024,4.57914,4.51239,2.063e-04,0.568,0.107,19805
2025,4.71074,4.51239,2.061e-04,0.568,0.101,19837
2026,4.61586,4.51239,2.058e-04,0.599,0.121,19862
2027,4.70992,4.51239,2.055e-04,0.540,0.094,19828
2028,4.72998,4.51239,2.053e-04,0.613,0.112,19822
2029,4.54072,4.51239,2.050e-04,0.574,0.111,19864
2030,4.38167,4.51239,2.047e-04,0.567,0.096,19875
2031,4.49942,4.51239,2.045e-04,0.620,0.127,19818
2032,4.53320,4.51239,2.042e-04,0.542,0.093,19865
2033,4.64122,4.51239,2.039e-04,0.597,0.113,19863
2034,4.71374,4.51239,2.037e-04,0.609,0.098,19813
2035,4.56571,4.51239,2.034e-04,0.546,0.102,19854
2036,4.46335,4.51239,2.031e-04,0.560,0.102,19864
2037,4.53163,4.51239,2.029e-04,0.582,0.104,19817
2038,4.56946,4.51239,2.026e-04,0.534,0.098,19816
2039,4.68972,4.51239,2.023e-04,0.546,0.094,19854
2040,4.56226,4.51239,2.021e-04,0.619,0.117,19850
2041,4.67532,4.51239,2.018e-04,0.552,0.109,19512
2042,4.49615,4.51239,2.015e-04,0.572,0.119,19864
2043,4.54621,4.51239,2.013e-04,0.588,0.104,19880
2044,4.79392,4.51239,2.010e-04,0.544,0.097,19792
2045,4.42149,4.51239,2.007e-04,0.676,0.119,19857
2046,4.34682,4.51239,2.005e-04,0.562,0.101,19862
2047,4.68067,4.51239,2.002e-04,0.549,0.102,19806
2048,4.74933,4.51239,1.999e-04,0.542,0.105,19837
2049,4.55101,4.51239,1.997e-04,0.514,0.091,19865
2050,4.56892,4.51239,1.994e-04,0.558,0.095,19824
2051,4.59038,4.51239,1.991e-04,0.586,0.116,19821
2052,4.34600,4.51239,1.989e-04,0.571,0.106,19868
2053,4.76254,4.51239,1.986e-04,0.554,0.095,19864
2054,4.68050,4.51239,1.983e-04,0.558,0.108,19833
2055,4.51100,4.51239,1.981e-04,0.541,0.099,19876
2056,4.45701,4.51239,1.978e-04,0.585,0.115,19846
2057,4.71948,4.51239,1.975e-04,0.544,0.101,19811
2058,4.59262,4.51239,1.973e-04,0.584,0.118,19852
2059,4.61331,4.51239,1.970e-04,0.549,0.101,19856
2060,4.65021,4.51239,1.968e-04,0.546,0.101,19811
2061,4.47286,4.51239,1.965e-04,0.540,0.104,19510
2062,4.56390,4.51239,1.962e-04,0.554,0.104,19844
2063,4.47590,4.51239,1.960e-04,0.539,0.097,19825
2064,4.70792,4.51239,1.957e-04,0.576,0.100,19824
2065,4.49946,4.51239,1.954e-04,0.555,0.095,19879
2066,4.93589,4.51239,1.952e-04,0.558,0.101,19889
2067,4.65825,4.51239,1.949e-04,0.550,0.103,19802
2068,4.55159,4.51239,1.947e-04,0.531,0.105,19858
2069,4.83992,4.51239,1.944e-04,0.545,0.111,19862
2070,4.53241,4.51239,1.941e-04,0.556,0.103,19784
2071,4.57214,4.51239,1.939e-04,0.561,0.103,19851
2072,4.64841,4.51239,1.936e-04,0.554,0.104,19863
2073,4.67885,4.51239,1.933e-04,0.539,0.098,19821
2074,4.63886,4.51239,1.931e-04,0.557,0.102,19809
2075,4.36788,4.51239,1.928e-04,0.550,0.104,19855
2076,4.57127,4.51239,1.926e-04,0.558,0.106,19844
2077,4.54030,4.51239,1.923e-04,0.559,0.106,19838
2078,4.58515,4.51239,1.920e-04,0.537,0.098,19880
2079,4.69673,4.51239,1.918e-04,0.569,0.112,19865
2080,4.47201,4.51239,1.915e-04,0.538,0.101,19783
2081,4.46904,4.51239,1.913e-04,0.552,0.107,19484
2082,4.58106,4.51239,1.910e-04,0.551,0.101,19861
2083,4.28526,4.51239,1.907e-04,0.543,0.103,19788
2084,4.51411,4.51239,1.905e-04,0.544,0.099,19841
2085,4.52154,4.51239,1.902e-04,0.555,0.105,19838
2086,4.64891,4.51239,1.900e-04,0.567,0.106,19825
2087,4.68276,4.51239,1.897e-04,0.529,0.091,19817
2088,4.79754,4.51239,1.894e-04,0.570,0.099,19865
2089,4.51097,4.51239,1.892e-04,0.543,0.107,19870
2090,4.60364,4.51239,1.889e-04,0.527,0.098,19828
2091,4.73208,4.51239,1.887e-04,0.559,0.100,19854
2092,4.59640,4.51239,1.884e-04,0.535,0.099,19854
2093,4.72400,4.51239,1.882e-04,0.528,0.099,19763
2094,4.44472,4.51239,1.879e-04,0.545,0.099,19857
2095,4.59240,4.51239,1.876e-04,0.555,0.110,19854
2096,4.23520,4.51239,1.874e-04,0.571,0.102,19803
2097,4.70040,4.51239,1.871e-04,0.552,0.095,19830
2098,4.46699,4.51239,1.869e-04,0.550,0.099,19857
2099,4.21318,4.51239,1.866e-04,0.608,0.114,19828
2100,4.72062,4.51239,1.864e-04,0.533,0.101,19817
2101,4.64316,4.51239,1.861e-04,0.586,0.109,19511
2102,4.54946,4.51239,1.858e-04,0.560,0.095,19868
2103,4.62538,4.51239,1.856e-04,0.539,0.095,19798
2104,4.66196,4.51239,1.853e-04,0.550,0.098,19837
2105,4.61084,4.51239,1.851e-04,0.549,0.103,19859
2106,4.32929,4.51239,1.848e-04,0.578,0.099,19765
2107,4.57392,4.51239,1.846e-04,0.541,0.093,19856
2108,4.72993,4.51239,1.843e-04,0.528,0.091,19846
2109,4.60914,4.51239,1.841e-04,0.539,0.097,19777
2110,4.46219,4.51239,1.838e-04,0.569,0.110,19835
2111,4.61045,4.51239,1.835e-04,0.526,0.093,19845
2112,4.75513,4.51239,1.833e-04,0.539,0.097,19846
2113,4.63235,4.51239,1.830e-04,0.538,0.093,19860
2114,4.52305,4.51239,1.828e-04,0.561,0.103,19874
2115,4.55052,4.51239,1.825e-04,0.537,0.092,19848
2116,4.48793,4.51239,1.823e-04,0.548,0.096,19790
2117,4.56074,4.51239,1.820e-04,0.577,0.103,19846
2118,4.47121,4.51239,1.818e-04,0.575,0.112,19863
2119,4.43084,4.51239,1.815e-04,0.563,0.095,19767
2120,4.50554,4.51239,1.813e-04,0.568,0.103,19861
2121,4.50813,4.51239,1.810e-04,0.533,0.091,19533
2122,4.45731,4.51239,1.808e-04,0.563,0.101,19799
2123,4.25412,4.51239,1.805e-04,0.531,0.092,19826
2124,4.49166,4.51239,1.802e-04,0.531,0.091,19878
2125,4.55362,4.51239,1.800e-04,0.526,0.098,19860
2126,4.71088,4.51239,1.797e-04,0.507,0.089,19821
2127,4.24884,4.51239,1.795e-04,0.578,0.099,19780
2128,4.48477,4.51239,1.792e-04,0.527,0.100,19636
2129,4.31816,4.51239,1.790e-04,0.529,0.098,19621
2130,4.62221,4.51239,1.787e-04,0.527,0.089,19671
2131,4.75723,4.51239,1.785e-04,0.552,0.103,19608
2132,4.83973,4.51239,1.782e-04,0.549,0.098,19787
2133,4.82193,4.51239,1.780e-04,0.539,0.097,19790
2134,4.69127,4.51239,1.777e-04,0.555,0.103,19642
2135,4.53476,4.51239,1.775e-04,0.597,0.116,19625
2136,4.59520,4.51239,1.772e-04,0.562,0.098,19674
2137,4.51966,4.51239,1.770e-04,0.563,0.091,19723
2138,4.75550,4.51239,1.767e-04,0.567,0.098,19802
2139,4.55834,4.51239,1.765e-04,0.535,0.097,19831
2140,4.48182,4.51239,1.762e-04,0.528,0.092,19856
2141,4.69816,4.51239,1.760e-04,0.526,0.095,19485
2142,4.74277,4.51239,1.757e-04,0.572,0.105,19854
2143,4.50309,4.51239,1.755e-04,0.531,0.095,19868
2144,4.70496,4.51239,1.752e-04,0.582,0.106,19801
2145,4.73438,4.51239,1.750e-04,0.519,0.087,19856
2146,4.63218,4.51239,1.747e-04,0.551,0.097,19854
2147,4.52405,4.51239,1.745e-04,0.562,0.096,19818
2148,4.56231,4.51239,1.743e-04,0.524,0.096,19856
2149,4.66449,4.51239,1.740e-04,0.546,0.101,19879
2150,4.57428,4.51239,1.738e-04,0.544,0.097,19838
2151,4.77201,4.51239,1.735e-04,0.570,0.097,19802
2152,4.40800,4.51239,1.733e-04,0.563,0.102,19848
2153,4.58898,4.51239,1.730e-04,0.524,0.097,19859
2154,4.77749,4.51239,1.728e-04,0.586,0.102,19785
2155,4.48320,4.51239,1.725e-04,0.542,0.091,19854
2156,4.81376,4.51239,1.723e-04,0.773,0.130,19724
2157,4.55766,4.51239,1.720e-04,0.549,0.108,19618
2158,4.61278,4.51239,1.718e-04,0.525,0.090,19611
2159,4.41743,4.51239,1.715e-04,0.574,0.112,19641
2160,4.62550,4.51239,1.713e-04,0.542,0.095,19602
2161,4.48867,4.51239,1.711e-04,0.516,0.094,19473
2162,4.63962,4.51239,1.708e-04,0.539,0.094,19783
2163,4.84380,4.51239,1.706e-04,0.538,0.095,19594
2164,4.49172,4.51239,1.703e-04,0.531,0.093,19648
2165,4.37584,4.51239,1.701e-04,0.552,0.090,19657
2166,4.59945,4.51239,1.698e-04,0.560,0.092,19609
2167,4.64947,4.51239,1.696e-04,0.558,0.100,19655
2168,4.51448,4.51239,1.693e-04,0.630,0.117,19853
2169,4.69980,4.51239,1.691e-04,0.561,0.095,19785
2170,4.65690,4.51239,1.689e-04,0.556,0.095,19850
2171,4.35638,4.51239,1.686e-04,0.593,0.109,19882
2172,4.61957,4.51239,1.684e-04,0.544,0.100,19865
2173,4.37854,4.51239,1.681e-04,0.539,0.092,19813
2174,4.47838,4.51239,1.679e-04,0.581,0.103,19871
2175,4.42625,4.51239,1.676e-04,0.549,0.103,19834
2176,4.61493,4.51239,1.674e-04,0.553,0.101,19806
2177,4.85486,4.51239,1.672e-04,0.537,0.100,19868
2178,4.52039,4.51239,1.669e-04,0.533,0.096,19850
2179,4.69065,4.51239,1.667e-04,0.565,0.097,19796
2180,4.36523,4.51239,1.664e-04,0.561,0.098,19848
2181,4.52344,4.51239,1.662e-04,0.575,0.099,19536
2182,4.62241,4.51239,1.660e-04,0.529,0.090,19804
2183,4.55994,4.51239,1.657e-04,0.566,0.103,19860
2184,4.44811,4.51239,1.655e-04,0.556,0.092,19884
2185,4.52379,4.51239,1.652e-04,0.560,0.099,19822
2186,4.53105,4.51239,1.650e-04,0.559,0.103,19839
2187,4.46599,4.51239,1.648e-04,0.612,0.100,19843
2188,4.45832,4.51239,1.645e-04,0.554,0.101,19843
2189,4.37527,4.51239,1.643e-04,0.545,0.097,19803
2190,4.65511,4.51239,1.640e-04,0.560,0.103,19870
2191,4.43398,4.51239,1.638e-04,0.539,0.090,19850
2192,4.67035,4.51239,1.636e-04,0.534,0.098,19804
2193,4.70751,4.51239,1.633e-04,0.559,0.094,19851
2194,4.60380,4.51239,1.631e-04,0.527,0.089,19878
2195,4.67846,4.51239,1.628e-04,0.537,0.091,19846
2196,4.50828,4.51239,1.626e-04,0.556,0.093,19864
2197,4.67697,4.51239,1.624e-04,0.542,0.094,19855
2198,4.58885,4.51239,1.621e-04,0.553,0.095,19817
2199,4.75083,4.51239,1.619e-04,0.565,0.093,19819
2200,4.70961,4.51239,1.617e-04,0.576,0.105,19860
2201,4.43653,4.51239,1.614e-04,0.565,0.102,19499
2202,4.57673,4.51239,1.612e-04,0.681,0.154,19796
2203,4.68528,4.51239,1.609e-04,0.577,0.105,19851
2204,4.53300,4.51239,1.607e-04,0.686,0.150,19852
2205,4.44607,4.51239,1.605e-04,0.595,0.118,19796
2206,4.56348,4.51239,1.602e-04,0.564,0.104,19856
2207,4.84149,4.51239,1.600e-04,0.590,0.106,19884
2208,4.47164,4.51239,1.598e-04,0.578,0.105,19836
2209,4.68104,4.51239,1.595e-04,0.564,0.104,19828
2210,4.42655,4.51239,1.593e-04,0.566,0.101,19848
2211,4.60377,4.51239,1.591e-04,0.542,0.094,19837
2212,4.54518,4.51239,1.588e-04,0.559,0.104,19812
2213,4.49429,4.51239,1.586e-04,0.574,0.104,19856
2214,4.28840,4.51239,1.584e-04,0.576,0.107,19861
2215,4.66979,4.51239,1.581e-04,0.571,0.096,19782
2216,4.73255,4.51239,1.579e-04,0.548,0.094,19866
2217,4.51739,4.51239,1.577e-04,0.551,0.102,19860
2218,4.61735,4.51239,1.574e-04,0.532,0.093,19816
2219,4.63475,4.51239,1.572e-04,0.544,0.098,19864
2220,4.44964,4.51239,1.570e-04,0.534,0.096,19858
2221,4.45945,4.51239,1.567e-04,0.571,0.100,19515
2222,4.39089,4.51239,1.565e-04,0.590,0.106,19830
2223,4.68915,4.51239,1.563e-04,0.557,0.091,19850
2224,4.55015,4.51239,1.560e-04,0.624,0.120,19832
2225,4.43935,4.51239,1.558e-04,0.572,0.103,19811
2226,4.63165,4.51239,1.556e-04,0.568,0.098,19849
2227,4.51047,4.51239,1.553e-04,0.600,0.117,19851
2228,4.39007,4.51239,1.551e-04,0.569,0.108,19799
2229,4.47507,4.51239,1.549e-04,0.568,0.108,19862
2230,4.46629,4.51239,1.546e-04,0.607,0.118,19880
2231,4.49960,4.51239,1.544e-04,0.544,0.094,19823
2232,4.68872,4.51239,1.542e-04,0.659,0.132,19838
2233,4.38247,4.51239,1.540e-04,0.580,0.118,19854
2234,4.31738,4.51239,1.537e-04,0.558,0.098,19816
2235,4.70919,4.51239,1.535e-04,0.590,0.118,19821
2236,4.58906,4.51239,1.533e-04,0.550,0.100,19858
2237,4.35794,4.51239,1.530e-04,0.564,0.103,19850
2238,4.82000,4.51239,1.528e-04,0.635,0.120,19781
2239,4.50492,4.51239,1.526e-04,0.567,0.103,19866
2240,4.25127,4.51239,1.524e-04,0.577,0.105,19855
2241,4.52376,4.51239,1.521e-04,0.550,0.101,19534
2242,4.52157,4.51239,1.519e-04,0.549,0.097,19876
2243,4.61306,4.51239,1.517e-04,0.558,0.108,19888
2244,4.57189,4.51239,1.514e-04,0.533,0.095,19818
2245,4.53002,4.51239,1.512e-04,0.556,0.093,19833
2246,4.45998,4.51239,1.510e-04,0.590,0.109,19871
2247,4.68544,4.51239,1.508e-04,0.556,0.093,19846
2248,4.45966,4.51239,1.505e-04,0.553,0.096,19803
2249,4.54879,4.51239,1.503e-04,0.556,0.092,19862
2250,4.46648,4.41254,1.501e-04,0.569,0.111,6163
2251,4.65728,4.41254,1.499e-04,0.562,0.091,19786
2252,4.60090,4.41254,1.496e-04,0.555,0.090,19878
2253,4.72472,4.41254,1.494e-04,0.594,0.101,19825
2254,4.70093,4.41254,1.492e-04,0.557,0.096,19833
2255,4.53908,4.41254,1.490e-04,0.555,0.090,19865
2256,4.47931,4.41254,1.487e-04,0.565,0.093,19816
2257,4.48537,4.41254,1.485e-04,0.548,0.095,19821
2258,4.66598,4.41254,1.483e-04,0.574,0.096,19856
2259,4.55891,4.41254,1.481e-04,0.576,0.100,19846
2260,4.56316,4.41254,1.478e-04,0.593,0.104,19808
2261,4.42776,4.41254,1.476e-04,0.559,0.094,19516
2262,4.47788,4.41254,1.474e-04,0.556,0.091,19859
2263,4.80551,4.41254,1.472e-04,0.569,0.106,19814
2264,4.54416,4.41254,1.469e-04,0.544,0.094,19881
2265,4.35004,4.41254,1.467e-04,0.554,0.097,19872
2266,4.36029,4.41254,1.465e-04,0.560,0.101,19801
2267,4.41618,4.41254,1.463e-04,0.526,0.088,19853
2268,4.52162,4.41254,1.461e-04,0.520,0.090,19846
2269,4.57022,4.41254,1.458e-04,0.599,0.108,19827
2270,4.44351,4.41254,1.456e-04,0.549,0.097,19837
2271,4.31057,4.41254,1.454e-04,0.518,0.090,19852
2272,4.47066,4.41254,1.452e-04,0.537,0.089,19850
2273,4.58687,4.41254,1.450e-04,0.534,0.090,19800
2274,4.67450,4.41254,1.447e-04,0.566,0.101,19855
2275,4.48192,4.41254,1.445e-04,0.540,0.093,19888
2276,4.41891,4.41254,1.443e-04,0.532,0.087,19816
2277,4.47441,4.41254,1.441e-04,0.543,0.098,19872
2278,4.55172,4.41254,1.439e-04,0.531,0.090,19862
2279,4.70283,4.41254,1.436e-04,0.552,0.094,19804
2280,4.57303,4.41254,1.434e-04,0.537,0.095,19837
2281,4.53933,4.41254,1.432e-04,0.580,0.097,19537
2282,4.61286,4.41254,1.430e-04,0.600,0.104,19798
2283,4.59892,4.41254,1.428e-04,0.606,0.114,19834
2284,4.50455,4.41254,1.425e-04,0.554,0.098,19858
2285,4.53931,4.41254,1.423e-04,0.604,0.100,19842
2286,4.61900,4.41254,1.421e-04,0.564,0.100,19806
2287,4.71515,4.41254,1.419e-04,0.565,0.099,19875
2288,4.42766,4.41254,1.417e-04,0.535,0.093,19877
2289,4.36640,4.41254,1.415e-04,0.647,0.118,19796
2290,4.51823,4.41254,1.412e-04,0.554,0.092,19856
2291,4.57341,4.41254,1.410e-04,0.561,0.092,19846
2292,4.17641,4.41254,1.408e-04,0.584,0.111,19820
2293,4.46810,4.41254,1.406e-04,0.596,0.106,19816
2294,4.63487,4.41254,1.404e-04,0.565,0.097,19848
2295,4.75877,4.41254,1.402e-04,0.564,0.103,19831
2296,4.67410,4.41254,1.399e-04,0.535,0.092,19806
2297,4.66465,4.41254,1.397e-04,0.560,0.097,19846
2298,4.45943,4.41254,1.395e-04,0.546,0.097,19873
2299,4.60746,4.41254,1.393e-04,0.564,0.101,19809
2300,4.39468,4.41254,1.391e-04,0.569,0.103,19715
2301,4.62043,4.41254,1.389e-04,0.561,0.105,19402
2302,4.59580,4.41254,1.387e-04,0.529,0.088,19616
2303,4.73334,4.41254,1.384e-04,0.561,0.096,19681
2304,4.35535,4.41254,1.382e-04,0.570,0.104,19852
2305,4.71206,4.41254,1.380e-04,0.552,0.104,19765
2306,4.45416,4.41254,1.378e-04,0.581,0.097,19838
2307,4.70029,4.41254,1.376e-04,0.599,0.102,19863
2308,4.86025,4.41254,1.374e-04,0.613,0.103,19816
2309,4.41227,4.41254,1.372e-04,0.581,0.098,19840
2310,4.29854,4.41254,1.370e-04,0.591,0.120,19872
2311,4.50526,4.41254,1.367e-04,0.534,0.092,19845
2312,4.51209,4.41254,1.365e-04,0.566,0.101,19811
2313,4.77399,4.41254,1.363e-04,0.575,0.103,19848
2314,4.61278,4.41254,1.361e-04,0.620,0.101,19857
2315,4.39191,4.41254,1.359e-04,0.570,0.100,19792
2316,4.36793,4.41254,1.357e-04,0.552,0.099,19840
2317,4.31756,4.41254,1.355e-04,0.579,0.101,19866
2318,4.54355,4.41254,1.353e-04,0.561,0.095,19780
2319,4.46925,4.41254,1.351e-04,0.558,0.096,19835
2320,4.64676,4.41254,1.348e-04,0.585,0.098,19862
2321,4.79480,4.41254,1.346e-04,0.550,0.092,19555
2322,4.40424,4.41254,1.344e-04,0.565,0.098,19845
2323,4.57894,4.41254,1.342e-04,0.554,0.094,19882
2324,4.40286,4.41254,1.340e-04,0.528,0.089,19835
2325,4.36787,4.41254,1.338e-04,0.590,0.096,19822
2326,4.16996,4.41254,1.336e-04,0.540,0.094,19852
2327,4.41255,4.41254,1.334e-04,0.591,0.101,19857
2328,4.55742,4.41254,1.332e-04,0.549,0.088,19785
2329,4.31704,4.41254,1.330e-04,0.530,0.091,19864
2330,4.68959,4.41254,1.328e-04,0.540,0.090,19860
2331,4.37006,4.41254,1.326e-04,0.547,0.099,19800
2332,4.75629,4.41254,1.324e-04,0.578,0.097,19842
2333,4.53195,4.41254,1.321e-04,0.536,0.090,19853
2334,4.58228,4.41254,1.319e-04,0.662,0.110,19851
2335,4.49179,4.41254,1.317e-04,0.542,0.090,19850
2336,4.55044,4.41254,1.315e-04,0.552,0.097,19879
2337,4.65962,4.41254,1.313e-04,0.554,0.090,19842
2338,4.46995,4.41254,1.311e-04,0.554,0.093,19800
2339,4.31549,4.41254,1.309e-04,0.611,0.101,19857
2340,4.67267,4.41254,1.307e-04,0.570,0.092,19849
2341,4.50116,4.41254,1.305e-04,0.566,0.098,19485
2342,4.48780,4.41254,1.303e-04,0.559,0.091,19852
2343,4.53966,4.41254,1.301e-04,0.546,0.092,19856
2344,4.39187,4.41254,1.299e-04,0.596,0.101,19804
2345,4.65908,4.41254,1.297e-04,0.580,0.101,19843
2346,4.56431,4.41254,1.295e-04,0.600,0.096,19868
2347,4.43516,4.41254,1.293e-04,0.551,0.091,19850
2348,4.32414,4.41254,1.291e-04,0.632,0.108,19817
2349,4.60646,4.41254,1.289e-04,0.573,0.101,19859
2350,4.51668,4.41254,1.287e-04,0.548,0.096,19843
2351,4.45332,4.41254,1.285e-04,0.568,0.095,19791
2352,4.43192,4.41254,1.283e-04,0.579,0.092,19870
2353,4.42976,4.41254,1.281e-04,0.582,0.114,19859
2354,4.57071,4.41254,1.279e-04,0.555,0.098,19777
2355,4.42952,4.41254,1.277e-04,0.575,0.096,19842
2356,4.37113,4.41254,1.275e-04,0.552,0.091,19853
2357,4.39804,4.41254,1.273e-04,0.582,0.102,19821
2358,4.56025,4.41254,1.271e-04,0.577,0.101,19853
2359,4.48715,4.41254,1.269e-04,0.556,0.088,19881
2360,4.58002,4.41254,1.267e-04,0.580,0.102,19853
2361,4.35867,4.41254,1.265e-04,0.577,0.102,19496
2362,4.62216,4.41254,1.263e-04,0.565,0.104,19860
2363,4.59222,4.41254,1.261e-04,0.559,0.095,19842
2364,4.52137,4.41254,1.259e-04,0.596,0.112,19802
2365,4.31094,4.41254,1.257e-04,0.602,0.116,19861
2366,4.58171,4.41254,1.255e-04,0.564,0.096,19855
2367,4.57652,4.41254,1.253e-04,0.526,0.090,19798
2368,4.78751,4.41254,1.251e-04,0.554,0.096,19851
2369,4.58193,4.41254,1.249e-04,0.544,0.090,19876
2370,4.22568,4.41254,1.247e-04,0.567,0.095,19837
2371,4.40417,4.41254,1.245e-04,0.560,0.099,19847
2372,4.54711,4.41254,1.243e-04,0.562,0.094,19849
2373,4.58958,4.41254,1.241e-04,0.562,0.098,19844
2374,4.36905,4.41254,1.239e-04,0.525,0.089,19804
2375,4.51147,4.41254,1.237e-04,0.545,0.089,19857
2376,4.57091,4.41254,1.235e-04,0.533,0.085,19857
2377,4.34081,4.41254,1.233e-04,0.566,0.098,19780
2378,4.49926,4.41254,1.231e-04,0.553,0.099,19874
2379,4.35023,4.41254,1.229e-04,0.590,0.106,19840
2380,4.62068,4.41254,1.227e-04,0.613,0.104,19810
2381,4.49048,4.41254,1.225e-04,0.593,0.100,19509
2382,4.37714,4.41254,1.223e-04,0.555,0.095,19890
2383,4.39181,4.41254,1.222e-04,0.524,0.086,19818
2384,4.56938,4.41254,1.220e-04,0.536,0.089,19819
2385,4.46565,4.41254,1.218e-04,0.531,0.091,19857
2386,4.51316,4.41254,1.216e-04,0.532,0.089,19831
2387,4.50612,4.41254,1.214e-04,0.573,0.097,19805
2388,4.31096,4.41254,1.212e-04,0.555,0.094,19849
2389,4.54539,4.41254,1.210e-04,0.543,0.095,19858
2390,4.41187,4.41254,1.208e-04,0.576,0.104,19786
2391,4.35345,4.41254,1.206e-04,0.566,0.091,19847
2392,4.47525,4.41254,1.204e-04,0.596,0.107,19859
2393,4.51154,4.41254,1.202e-04,0.599,0.118,19836
2394,4.59459,4.41254,1.200e-04,0.548,0.092,19859
2395,4.33488,4.41254,1.199e-04,0.605,0.113,19862
2396,4.19263,4.41254,1.197e-04,0.538,0.093,19828
2397,4.59033,4.41254,1.195e-04,0.586,0.093,19806
2398,4.68786,4.41254,1.193e-04,0.601,0.101,19838
2399,4.48547,4.41254,1.191e-04,0.562,0.099,19856
2400,4.54131,4.41254,1.189e-04,0.576,0.103,19795
2401,4.72945,4.41254,1.187e-04,0.572,0.098,19483
2402,4.36542,4.41254,1.185e-04,0.567,0.092,19864
2403,4.56490,4.41254,1.183e-04,0.565,0.096,19781
2404,4.40320,4.41254,1.182e-04,0.591,0.101,19877
2405,4.33767,4.41254,1.180e-04,0.548,0.090,19880
2406,4.84441,4.41254,1.178e-04,0.539,0.090,19852
2407,4.78494,4.41254,1.176e-04,0.558,0.092,19844
2408,4.48194,4.41254,1.174e-04,0.604,0.109,19849
2409,4.61545,4.41254,1.172e-04,0.560,0.099,19830
2410,4.29553,4.41254,1.170e-04,0.599,0.110,19825
2411,4.36082,4.41254,1.168e-04,0.561,0.098,19865
2412,4.52829,4.41254,1.167e-04,0.591,0.102,19830
2413,4.44489,4.41254,1.165e-04,0.581,0.103,19803
2414,4.56496,4.41254,1.163e-04,0.527,0.081,19854
2415,4.43331,4.41254,1.161e-04,0.629,0.118,19865
2416,4.39634,4.41254,1.159e-04,0.637,0.114,19805
2417,4.65398,4.41254,1.157e-04,0.536,0.097,19876
2418,4.41916,4.41254,1.155e-04,0.593,0.115,19883
2419,4.30471,4.41254,1.154e-04,0.674,0.126,19835
2420,4.43108,4.41254,1.152e-04,0.581,0.096,19809
2421,4.31751,4.41254,1.150e-04,0.665,0.143,19519
2422,4.55835,4.41254,1.148e-04,0.565,0.103,19826
2423,4.53232,4.41254,1.146e-04,0.550,0.095,19817
2424,4.45972,4.41254,1.144e-04,0.587,0.108,19861
2425,4.31795,4.41254,1.143e-04,0.667,0.136,19858
2426,4.64758,4.41254,1.141e-04,0.542,0.085,19793
2427,4.46880,4.41254,1.139e-04,0.591,0.108,19855
2428,4.65643,4.41254,1.137e-04,0.614,0.108,19876
2429,4.42508,4.41254,1.135e-04,0.555,0.095,19825
2430,4.56641,4.41254,1.134e-04,0.546,0.090,19872
2431,4.46440,4.41254,1.132e-04,0.613,0.111,19848
2432,4.39692,4.41254,1.130e-04,0.566,0.102,19835
2433,4.52445,4.41254,1.128e-04,0.581,0.095,19825
2434,4.64950,4.41254,1.126e-04,0.569,0.100,19854
2435,4.52125,4.41254,1.125e-04,0.589,0.114,19844
2436,4.31413,4.41254,1.123e-04,0.550,0.093,19802
2437,4.43878,4.41254,1.121e-04,0.599,0.102,19865
2438,4.55926,4.41254,1.119e-04,0.574,0.093,19852
2439,4.21204,4.41254,1.117e-04,0.545,0.097,19787
2440,4.43280,4.41254,1.116e-04,0.578,0.100,19884
2441,4.59117,4.41254,1.114e-04,0.550,0.094,19542
2442,4.51991,4.41254,1.112e-04,0.540,0.089,19821
2443,4.55500,4.41254,1.110e-04,0.561,0.100,19846
2444,4.66427,4.41254,1.109e-04,0.574,0.095,19856
2445,4.54142,4.41254,1.107e-04,0.566,0.095,19803
2446,4.63359,4.41254,1.105e-04,0.575,0.092,19828
2447,4.48813,4.41254,1.103e-04,0.550,0.090,19848
2448,4.46690,4.41254,1.101e-04,0.534,0.091,19839
2449,4.42810,4.41254,1.100e-04,0.567,0.095,19806
2450,4.18749,4.41254,1.098e-04,0.583,0.088,19864
2451,4.33804,4.41254,1.096e-04,0.545,0.089,19861
2452,4.51183,4.41254,1.094e-04,0.550,0.093,19815
2453,4.55493,4.41254,1.093e-04,0.604,0.116,19884
2454,4.65410,4.41254,1.091e-04,0.579,0.095,19877
2455,4.57091,4.41254,1.089e-04,0.620,0.115,19808
2456,4.54889,4.41254,1.088e-04,0.599,0.102,19814
2457,4.44068,4.41254,1.086e-04,0.559,0.094,19861
2458,4.22491,4.41254,1.084e-04,0.577,0.096,19841
2459,4.46452,4.41254,1.082e-04,0.555,0.093,19807
2460,4.41351,4.41254,1.081e-04,0.558,0.084,19857
2461,4.39536,4.41254,1.079e-04,0.568,0.092,19531
2462,4.43671,4.41254,1.077e-04,0.553,0.092,19805
2463,4.66960,4.41254,1.075e-04,0.573,0.097,19866
2464,4.39929,4.41254,1.074e-04,0.602,0.102,19882
2465,4.37838,4.41254,1.072e-04,0.570,0.088,19830
2466,4.44492,4.41254,1.070e-04,0.590,0.101,19850
2467,4.29872,4.41254,1.069e-04,0.581,0.093,19858
2468,4.49989,4.41254,1.067e-04,0.563,0.096,19814
2469,4.60978,4.41254,1.065e-04,0.604,0.103,19820
2470,4.59482,4.41254,1.063e-04,0.551,0.096,19850
2471,4.46429,4.41254,1.062e-04,0.638,0.127,19817
2472,4.38545,4.41254,1.060e-04,0.574,0.101,19806
2473,4.68177,4.41254,1.058e-04,0.591,0.103,19850
2474,4.51916,4.41254,1.057e-04,0.616,0.113,19861
2475,4.43823,4.41254,1.055e-04,0.619,0.120,19812
2476,4.42494,4.41254,1.053e-04,0.596,0.100,19889
2477,4.59361,4.41254,1.052e-04,0.622,0.114,19874
2478,4.38014,4.41254,1.050e-04,0.617,0.113,19827
2479,4.46384,4.41254,1.048e-04,0.606,0.103,19838
2480,4.27131,4.41254,1.047e-04,0.633,0.118,19854
2481,4.39654,4.41254,1.045e-04,0.587,0.097,19537
2482,4.33959,4.41254,1.043e-04,0.568,0.094,19833
2483,4.48138,4.41254,1.042e-04,0.574,0.094,19855
2484,4.55566,4.41254,1.040e-04,0.557,0.089,19848
2485,4.46866,4.41254,1.038e-04,0.532,0.086,19802
2486,4.38177,4.41254,1.037e-04,0.557,0.096,19856
2487,4.48667,4.41254,1.035e-04,0.576,0.090,19866
2488,4.49456,4.41254,1.033e-04,0.568,0.093,19823
2489,4.40072,4.41254,1.032e-04,0.566,0.095,19880
2490,4.66623,4.41254,1.030e-04,0.623,0.104,19847
2491,4.52745,4.41254,1.028e-04,0.561,0.095,19805
2492,4.21867,4.41254,1.027e-04,0.617,0.107,19843
2493,4.63834,4.41254,1.025e-04,0.558,0.093,19847
2494,4.69137,4.41254,1.024e-04,0.559,0.091,19841
2495,4.41373,4.41254,1.022e-04,0.583,0.096,19809
2496,4.29754,4.41254,1.020e-04,0.589,0.103,19857
2497,4.49896,4.41254,1.019e-04,0.560,0.095,19858
2498,4.54652,4.41254,1.017e-04,0.621,0.107,19785
2499,4.46928,4.41254,1.015e-04,0.526,0.085,19885
2500,4.33800,4.34610,1.014e-04,0.552,0.088,6136
2501,4.60649,4.34610,1.012e-04,0.586,0.092,19772
2502,4.29901,4.34610,1.011e-04,0.581,0.095,19857
2503,4.32538,4.34610,1.009e-04,0.578,0.094,19806
2504,4.31643,4.34610,1.007e-04,0.588,0.102,19832
2505,4.28359,4.34610,1.006e-04,0.569,0.098,19846
2506,4.31843,4.34610,1.004e-04,0.571,0.097,19813
2507,4.47833,4.34610,1.003e-04,0.595,0.099,19826
2508,4.41392,4.34610,1.001e-04,0.580,0.102,19856
2509,4.32278,4.34610,9.995e-05,0.579,0.098,19870
2510,4.63157,4.34610,9.979e-05,0.582,0.094,19829
2511,4.57905,4.34610,9.963e-05,0.552,0.096,19840
2512,4.29687,4.34610,9.947e-05,0.581,0.096,19856
2513,4.40361,4.34610,9.931e-05,0.548,0.093,19793
2514,4.66195,4.34610,9.916e-05,0.567,0.093,19855
2515,4.45090,4.34610,9.900e-05,0.571,0.092,19840
2516,4.32009,4.34610,9.884e-05,0.551,0.091,19810
2517,4.53994,4.34610,9.869e-05,0.562,0.093,19815
2518,4.46444,4.34610,9.853e-05,0.602,0.096,19849
2519,4.26913,4.34610,9.837e-05,0.558,0.094,19831
2520,4.55211,4.34610,9.822e-05,0.579,0.096,19822
2521,4.44372,4.34610,9.806e-05,0.553,0.089,19505
2522,4.55055,4.34610,9.791e-05,0.543,0.092,19884
2523,4.59310,4.34610,9.775e-05,0.544,0.093,19795
2524,4.45290,4.34610,9.760e-05,0.574,0.096,19849
2525,4.27616,4.34610,9.745e-05,0.577,0.098,19868
2526,4.41359,4.34610,9.729e-05,0.559,0.089,19793
2527,4.65086,4.34610,9.714e-05,0.578,0.092,19847
2528,4.56237,4.34610,9.699e-05,0.576,0.094,19850
2529,4.64040,4.34610,9.683e-05,0.555,0.089,19828
2530,4.56210,4.34610,9.668e-05,0.605,0.107,19824
2531,4.50191,4.34610,9.653e-05,0.556,0.090,19845
2532,4.53036,4.34610,9.638e-05,0.607,0.100,19844
2533,4.47252,4.34610,9.622e-05,0.560,0.089,19829
2534,4.65502,4.34610,9.607e-05,0.568,0.093,19895
2535,4.39271,4.34610,9.592e-05,0.551,0.090,19846
2536,4.21465,4.34610,9.577e-05,0.619,0.103,19782
2537,4.27705,4.34610,9.562e-05,0.603,0.098,19858
2538,4.48105,4.34610,9.547e-05,0.591,0.094,19835
2539,4.49327,4.34610,9.532e-05,0.579,0.090,19804
2540,4.39925,4.34610,9.517e-05,0.573,0.095,19841
2541,4.47486,4.34610,9.502e-05,0.546,0.090,19529
2542,4.39754,4.34610,9.487e-05,0.548,0.096,19806
2543,4.12258,4.34610,9.472e-05,0.551,0.089,19829
2544,4.39096,4.34610,9.457e-05,0.573,0.100,19881
2545,4.52766,4.34610,9.443e-05,0.573,0.096,19874
2546,4.27597,4.34610,9.428e-05,0.570,0.097,19821
2547,4.45424,4.34610,9.413e-05,0.592,0.099,19857
2548,4.39984,4.34610,9.398e-05,0.568,0.096,19865
2549,4.53790,4.34610,9.384e-05,0.580,0.090,19773
2550,4.56574,4.34610,9.369e-05,0.578,0.100,19852
2551,4.40186,4.34610,9.354e-05,0.600,0.109,19861
2552,4.54098,4.34610,9.340e-05,0.563,0.092,19800
2553,4.52300,4.34610,9.325e-05,0.558,0.093,19824
2554,4.40370,4.34610,9.311e-05,0.574,0.094,19857
2555,4.47806,4.34610,9.296e-05,0.558,0.087,19820
2556,4.37105,4.34610,9.282e-05,0.562,0.098,19833
2557,4.46350,4.34610,9.267e-05,0.563,0.097,19854
2558,4.14705,4.34610,9.253e-05,0.574,0.096,19863
2559,4.67296,4.34610,9.238e-05,0.567,0.091,19797
2560,4.72167,4.34610,9.224e-05,0.553,0.091,19858
2561,4.15506,4.34610,9.210e-05,0.565,0.091,19521
2562,4.35432,4.34610,9.195e-05,0.550,0.090,19773
2563,4.35539,4.34610,9.181e-05,0.579,0.108,19846
2564,4.46337,4.34610,9.167e-05,0.553,0.090,19858
2565,4.37184,4.34610,9.153e-05,0.560,0.088,19802
2566,4.62307,4.34610,9.138e-05,0.557,0.093,19841
2567,4.53061,4.34610,9.124e-05,0.549,0.092,19864
2568,4.44674,4.34610,9.110e-05,0.588,0.096,19843
2569,4.51779,4.34610,9.096e-05,0.541,0.089,19846
2570,4.46368,4.34610,9.082e-05,0.572,0.097,19849
2571,4.56686,4.34610,9.068e-05,0.562,0.090,19848
2572,4.35437,4.34610,9.054e-05,0.576,0.096,19787
2573,4.27099,4.34610,9.040e-05,0.611,0.099,19867
2574,4.34391,4.34610,9.026e-05,0.585,0.097,19853
2575,4.43266,4.34610,9.012e-05,0.574,0.091,19796
2576,4.38671,4.34610,8.998e-05,0.572,0.095,19856
2577,4.52905,4.34610,8.984e-05,0.550,0.093,19840
2578,4.30569,4.34610,8.970e-05,0.584,0.096,19813
2579,4.35703,4.34610,8.957e-05,0.560,0.092,19826
2580,4.68378,4.34610,8.943e-05,0.579,0.097,19883
2581,4.38961,4.34610,8.929e-05,0.563,0.091,19554
2582,4.46103,4.34610,8.915e-05,0.551,0.088,19815
2583,4.44661,4.34610,8.902e-05,0.593,0.102,19858
2584,4.49941,4.34610,8.888e-05,0.569,0.089,19837
2585,4.29449,4.34610,8.874e-05,0.571,0.090,19789
2586,4.35891,4.34610,8.861e-05,0.606,0.105,19853
2587,4.37973,4.34610,8.847e-05,0.572,0.096,19493
2588,4.45602,4.34610,8.834e-05,0.548,0.091,19770
2589,4.43464,4.34610,8.820e-05,0.565,0.090,19853
2590,4.40535,4.34610,8.807e-05,0.614,0.102,19862
2591,4.48354,4.34610,8.793e-05,0.600,0.096,19814
2592,4.48360,4.34610,8.780e-05,0.568,0.095,19877
2593,4.42105,4.34610,8.767e-05,0.599,0.099,19868
2594,4.50733,4.34610,8.753e-05,0.557,0.090,19813
2595,4.48699,4.34610,8.740e-05,0.551,0.094,19816
2596,4.58309,4.34610,8.727e-05,0.616,0.115,19848
2597,4.29248,4.34610,8.713e-05,0.572,0.096,19846
2598,4.50623,4.34610,8.700e-05,0.605,0.104,19798
2599,4.44244,4.34610,8.687e-05,0.573,0.102,19863
2600,4.40249,4.34610,8.674e-05,0.612,0.098,19838
2601,4.43543,4.34610,8.661e-05,0.608,0.099,19517
2602,4.25101,4.34610,8.648e-05,0.565,0.092,19848
2603,4.40047,4.34610,8.635e-05,0.546,0.088,19882
2604,4.45188,4.34610,8.622e-05,0.572,0.095,19824
2605,4.52301,4.34610,8.609e-05,0.582,0.091,19865
2606,4.38009,4.34610,8.596e-05,0.539,0.086,19861
2607,4.45987,4.34610,8.583e-05,0.559,0.099,19809
2608,4.28945,4.34610,8.570e-05,0.568,0.095,19820
2609,4.42985,4.34610,8.557e-05,0.579,0.091,19844
2610,4.33267,4.34610,8.544e-05,0.600,0.108,19836
2611,4.31954,4.34610,8.531e-05,0.569,0.093,19803
2612,4.53267,4.34610,8.518e-05,0.582,0.099,19840
2613,4.43534,4.34610,8.506e-05,0.582,0.096,19850
2614,4.45713,4.34610,8.493e-05,0.576,0.089,19799
2615,4.51216,4.34610,8.480e-05,0.570,0.098,19872
2616,4.50448,4.34610,8.467e-05,0.581,0.101,19896
2617,4.30916,4.34610,8.455e-05,0.623,0.112,19825
2618,4.49744,4.34610,8.442e-05,0.591,0.105,19829
2619,4.45970,4.34610,8.430e-05,0.644,0.118,19851
2620,4.66384,4.34610,8.417e-05,0.572,0.097,19841
2621,4.57176,4.34610,8.405e-05,0.556,0.088,19497
2622,4.19382,4.34610,8.392e-05,0.608,0.104,19873
2623,4.33227,4.34610,8.380e-05,0.629,0.107,19853
2624,4.25672,4.34610,8.367e-05,0.575,0.100,19804
2625,4.48664,4.34610,8.355e-05,0.580,0.097,19853
2626,4.63862,4.34610,8.342e-05,0.594,0.094,19880
2627,4.48608,4.34610,8.330e-05,0.600,0.094,19829
2628,4.33230,4.34610,8.318e-05,0.570,0.096,19875
2629,4.43076,4.34610,8.306e-05,0.605,0.102,19860
2630,4.35566,4.34610,8.293e-05,0.566,0.096,19819
2631,4.41125,4.34610,8.281e-05,0.617,0.108,19833
2632,4.49455,4.34610,8.269e-05,0.611,0.110,19858
2633,4.56169,4.34610,8.257e-05,0.585,0.095,19839
2634,4.33158,4.34610,8.245e-05,0.588,0.095,19804
2635,4.54130,4.34610,8.233e-05,0.609,0.108,19861
2636,4.41723,4.34610,8.221e-05,0.613,0.104,19862
2637,4.45055,4.34610,8.209e-05,0.559,0.093,19801
2638,4.35273,4.34610,8.197e-05,0.591,0.104,19861
2639,4.23742,4.34610,8.185e-05,0.580,0.098,19881
2640,4.48283,4.34610,8.173e-05,0.582,0.088,19849
2641,4.71679,4.34610,8.161e-05,0.557,0.088,19503
2642,4.47888,4.34610,8.149e-05,0.549,0.091,19850
2643,4.51186,4.34610,8.137e-05,0.563,0.088,19823
2644,4.23500,4.34610,8.125e-05,0.574,0.090,19834
2645,4.38431,4.34610,8.114e-05,0.598,0.096,19862
2646,4.47252,4.34610,8.102e-05,0.584,0.096,19839
2647,4.45409,4.34610,8.090e-05,0.570,0.095,19802
2648,4.36849,4.34610,8.079e-05,0.571,0.098,19834
2649,4.37723,4.34610,8.067e-05,0.573,0.092,19859
2650,4.36358,4.34610,8.055e-05,0.584,0.092,19815
2651,4.55825,4.34610,8.044e-05,0.558,0.092,19883
2652,4.26668,4.34610,8.032e-05,0.571,0.101,19884
2653,4.56792,4.34610,8.021e-05,0.568,0.095,19806
2654,4.58706,4.34610,8.009e-05,0.572,0.093,19840
2655,4.24123,4.34610,7.998e-05,0.554,0.099,19846
2656,4.46598,4.34610,7.986e-05,0.561,0.090,19839
2657,4.48339,4.34610,7.975e-05,0.557,0.089,19803
2658,4.30457,4.34610,7.964e-05,0.554,0.085,19872
2659,4.40907,4.34610,7.952e-05,0.593,0.098,19862
2660,4.29410,4.34610,7.941e-05,0.577,0.094,19780
2661,4.46143,4.34610,7.930e-05,0.562,0.091,19484
2662,4.62820,4.34610,7.918e-05,0.539,0.086,19866
2663,4.47860,4.34610,7.907e-05,0.571,0.098,19816
2664,4.39745,4.34610,7.896e-05,0.560,0.090,19876
2665,4.57893,4.34610,7.885e-05,0.556,0.094,19853
2666,4.57197,4.34610,7.874e-05,0.588,0.094,19819
2667,4.39219,4.34610,7.863e-05,0.582,0.100,19835
2668,4.30480,4.34610,7.852e-05,0.571,0.100,19861
2669,4.52700,4.34610,7.841e-05,0.555,0.090,19835
2670,4.77185,4.34610,7.830e-05,0.621,0.096,19807
2671,4.50774,4.34610,7.819e-05,0.629,0.101,19871
2672,4.31342,4.34610,7.808e-05,0.588,0.102,19841
2673,4.40391,4.34610,7.797e-05,0.618,0.104,19775
2674,4.31140,4.34610,7.786e-05,0.581,0.094,19881
2675,4.40170,4.34610,7.775e-05,0.614,0.097,19877
2676,4.48973,4.34610,7.764e-05,0.673,0.117,19826
2677,4.41362,4.34610,7.754e-05,0.577,0.098,19846
2678,4.16050,4.34610,7.743e-05,0.637,0.125,19859
2679,4.33559,4.34610,7.732e-05,0.560,0.094,19819
2680,4.40695,4.34610,7.722e-05,0.578,0.096,19825
2681,4.40928,4.34610,7.711e-05,0.592,0.104,19547
2682,4.34710,4.34610,7.700e-05,0.578,0.101,19827
2683,4.43253,4.34610,7.690e-05,0.658,0.109,19795
2684,4.26034,4.34610,7.679e-05,0.615,0.099,19866
2685,4.43638,4.34610,7.669e-05,0.587,0.091,19857
2686,4.40949,4.34610,7.658e-05,0.575,0.094,19806
2687,4.52002,4.34610,7.648e-05,0.662,0.111,19895
2688,4.29840,4.34610,7.638e-05,0.624,0.108,19862
2689,4.50373,4.34610,7.627e-05,0.592,0.094,19800
2690,4.44132,4.34610,7.617e-05,0.558,0.089,19846
2691,4.48889,4.34610,7.606e-05,0.571,0.090,19844
2692,4.47740,4.34610,7.596e-05,0.646,0.115,19825
2693,4.42437,4.34610,7.586e-05,0.554,0.089,19820
2694,4.41394,4.34610,7.576e-05,0.596,0.095,19847
2695,4.33735,4.34610,7.566e-05,0.610,0.104,19856
2696,4.53548,4.34610,7.555e-05,0.578,0.090,19787
2697,4.48430,4.34610,7.545e-05,0.554,0.086,19887
2698,4.44686,4.34610,7.535e-05,0.596,0.098,19885
2699,4.36755,4.34610,7.525e-05,0.568,0.097,19815
2700,4.47774,4.34610,7.515e-05,0.569,0.090,19852
2701,4.43201,4.34610,7.505e-05,0.599,0.094,19537
2702,4.48394,4.34610,7.495e-05,0.609,0.101,19794
2703,4.53490,4.34610,7.485e-05,0.582,0.090,19830
2704,4.46331,4.34610,7.475e-05,0.607,0.097,19859
2705,4.41352,4.34610,7.466e-05,0.573,0.091,19815
2706,4.35717,4.34610,7.456e-05,0.607,0.093,19823
2707,4.51636,4.34610,7.446e-05,0.606,0.093,19856
2708,4.43242,4.34610,7.436e-05,0.572,0.088,19853
2709,4.48063,4.34610,7.426e-05,0.592,0.096,19789
2710,4.39827,4.34610,7.417e-05,0.582,0.103,19884
2711,4.65144,4.34610,7.407e-05,0.593,0.101,19883
2712,4.22053,4.34610,7.397e-05,0.612,0.100,19792
2713,4.08973,4.34610,7.388e-05,0.586,0.096,19850
2714,4.53043,4.34610,7.378e-05,0.551,0.092,19865
2715,4.30216,4.34610,7.369e-05,0.538,0.086,19806
2716,4.44067,4.34610,7.359e-05,0.545,0.090,19835
2717,4.46452,4.34610,7.350e-05,0.616,0.106,19856
2718,4.49086,4.34610,7.340e-05,0.565,0.096,19845
2719,4.22433,4.34610,7.331e-05,0.563,0.091,19808
2720,4.32171,4.34610,7.321e-05,0.565,0.091,19857
2721,4.24572,4.34610,7.312e-05,0.581,0.087,19579
2722,4.49890,4.34610,7.303e-05,0.576,0.091,19818
2723,4.21620,4.34610,7.294e-05,0.561,0.093,19875
2724,4.35316,4.34610,7.284e-05,0.589,0.089,19858
2725,4.31328,4.34610,7.275e-05,0.558,0.092,19799
2726,4.25136,4.34610,7.266e-05,0.573,0.091,19852
2727,4.47339,4.34610,7.257e-05,0.575,0.091,19841
2728,4.22631,4.34610,7.248e-05,0.548,0.086,19829
2729,4.21482,4.34610,7.239e-05,0.560,0.086,19797
2730,4.53200,4.34610,7.229e-05,0.567,0.093,19859
2731,4.37074,4.34610,7.220e-05,0.584,0.090,19844
2732,4.36592,4.34610,7.211e-05,0.554,0.089,19798
2733,4.51397,4.34610,7.203e-05,0.580,0.102,19875
2734,4.38384,4.34610,7.194e-05,0.623,0.108,19885
2735,4.66950,4.34610,7.185e-05,0.566,0.091,19798
2736,4.59074,4.34610,7.176e-05,0.630,0.122,19863
2737,4.53535,4.34610,7.167e-05,0.584,0.100,19845
2738,4.36997,4.34610,7.158e-05,0.570,0.091,19807
2739,4.51104,4.34610,7.149e-05,0.605,0.111,19824
2740,4.50492,4.34610,7.141e-05,0.636,0.111,19848
2741,4.34045,4.34610,7.132e-05,0.574,0.093,19538
2742,4.55259,4.34610,7.123e-05,0.583,0.099,19807
2743,4.54420,4.34610,7.115e-05,0.650,0.103,19850
2744,4.28900,4.34610,7.106e-05,0.574,0.088,19843
2745,4.54385,4.34610,7.098e-05,0.556,0.090,19830
2746,4.61601,4.34610,7.089e-05,0.597,0.101,19863
2747,4.61021,4.34610,7.081e-05,0.570,0.092,19878
2748,4.54457,4.34610,7.072e-05,0.598,0.100,19784
2749,4.27049,4.34610,7.064e-05,0.635,0.112,19847
2750,4.68911,4.29718,7.055e-05,0.610,0.109,6159
2751,4.16549,4.29718,7.047e-05,0.595,0.102,19797
2752,4.47257,4.29718,7.039e-05,0.561,0.094,19854
2753,4.34042,4.29718,7.030e-05,0.581,0.101,19817
2754,4.25756,4.29718,7.022e-05,0.643,0.110,19822
2755,4.35891,4.29718,7.014e-05,0.569,0.090,19872
2756,4.48081,4.29718,7.006e-05,0.644,0.113,19879
2757,4.32643,4.29718,6.997e-05,0.605,0.102,19776
2758,4.27585,4.29718,6.989e-05,0.595,0.092,19856
2759,4.28051,4.29718,6.981e-05,0.577,0.100,19841
2760,4.46031,4.29718,6.973e-05,0.601,0.093,19794
2761,4.46091,4.29718,6.965e-05,0.573,0.094,19462
2762,4.48714,4.29718,6.957e-05,0.554,0.084,19860
2763,4.16607,4.29718,6.949e-05,0.578,0.093,19798
2764,4.28805,4.29718,6.941e-05,0.576,0.089,19852
2765,4.21936,4.29718,6.933e-05,0.575,0.094,19851
2766,4.42786,4.29718,6.925e-05,0.586,0.096,19849
2767,4.42005,4.29718,6.917e-05,0.603,0.093,19864
2768,4.42507,4.29718,6.910e-05,0.638,0.100,19867
2769,4.40349,4.29718,6.902e-05,0.616,0.098,19844
2770,4.20156,4.29718,6.894e-05,0.622,0.101,19805
2771,4.32028,4.29718,6.886e-05,0.553,0.091,19854
2772,4.37100,4.29718,6.879e-05,0.573,0.089,19838
2773,4.28982,4.29718,6.871e-05,0.581,0.090,19784
2774,4.23963,4.29718,6.863e-05,0.594,0.101,19832
2775,4.34049,4.29718,6.856e-05,0.578,0.102,19865
2776,4.31166,4.29718,6.848e-05,0.615,0.098,19808
2777,4.26750,4.29718,6.841e-05,0.612,0.106,19827
2778,4.44577,4.29718,6.833e-05,0.590,0.099,19886
2779,4.52612,4.29718,6.826e-05,0.560,0.096,19867
2780,4.29515,4.29718,6.818e-05,0.589,0.094,19811
2781,4.32986,4.29718,6.811e-05,0.614,0.099,19542
2782,4.42983,4.29718,6.804e-05,0.600,0.098,19831
2783,4.44848,4.29718,6.796e-05,0.566,0.093,19803
2784,4.32681,4.29718,6.789e-05,0.633,0.107,19849
2785,4.43103,4.29718,6.782e-05,0.564,0.094,19854
2786,4.63631,4.29718,6.775e-05,0.545,0.086,19800
2787,4.46430,4.29718,6.767e-05,0.571,0.099,19856
2788,4.53911,4.29718,6.760e-05,0.562,0.094,19856
2789,4.32237,4.29718,6.753e-05,0.631,0.104,19818
2790,4.54903,4.29718,6.746e-05,0.548,0.095,19863
2791,4.39145,4.29718,6.739e-05,0.605,0.097,19877
2792,4.39740,4.29718,6.732e-05,0.579,0.092,19828
2793,4.45723,4.29718,6.725e-05,0.567,0.091,19829
2794,4.58319,4.29718,6.718e-05,0.571,0.091,19860
2795,4.43757,4.29718,6.711e-05,0.581,0.098,19860
2796,4.37010,4.29718,6.704e-05,0.572,0.100,19770
2797,4.51463,4.29718,6.697e-05,0.570,0.098,19868
2798,4.34765,4.29718,6.690e-05,0.562,0.092,19848
2799,4.53353,4.29718,6.684e-05,0.614,0.103,19813
2800,4.55294,4.29718,6.677e-05,0.621,0.101,19827
2801,4.52407,4.29718,6.670e-05,0.569,0.095,19542
2802,4.45410,4.29718,6.664e-05,0.608,0.105,19843
2803,4.47620,4.29718,6.657e-05,0.608,0.095,19859
2804,4.32430,4.29718,6.650e-05,0.592,0.093,19861
2805,4.37045,4.29718,6.644e-05,0.565,0.093,19828
2806,4.43520,4.29718,6.637e-05,0.597,0.101,19814
2807,4.38394,4.29718,6.631e-05,0.583,0.097,19867
2808,4.38662,4.29718,6.624e-05,0.584,0.097,19844
2809,4.27313,4.29718,6.618e-05,0.571,0.091,19798
2810,4.24881,4.29718,6.611e-05,0.565,0.092,19848
2811,4.23055,4.29718,6.605e-05,0.579,0.095,19862
2812,4.40791,4.29718,6.598e-05,0.574,0.090,19804
2813,4.17614,4.29718,6.592e-05,0.620,0.099,19856
2814,4.37884,4.29718,6.586e-05,0.581,0.090,19887
2815,4.30377,4.29718,6.580e-05,0.569,0.089,19850
2816,4.18305,4.29718,6.573e-05,0.553,0.086,19818
2817,4.53218,4.29718,6.567e-05,0.589,0.092,19856
2818,4.54895,4.29718,6.561e-05,0.561,0.089,19828
2819,4.61997,4.29718,6.555e-05,0.542,0.088,19819
2820,4.41832,4.29718,6.549e-05,0.569,0.092,19848
2821,4.19496,4.29718,6.543e-05,0.564,0.087,19518
2822,4.62456,4.29718,6.537e-05,0.580,0.090,19789
2823,4.39837,4.29718,6.531e-05,0.569,0.092,19845
2824,4.50281,4.29718,6.525e-05,0.588,0.101,19851
2825,4.34197,4.29718,6.519e-05,0.599,0.095,19830
2826,4.27091,4.29718,6.513e-05,0.543,0.086,19858
2827,4.45064,4.29718,6.507e-05,0.635,0.104,19871
2828,4.41658,4.29718,6.501e-05,0.598,0.092,19809
2829,4.47567,4.29718,6.495e-05,0.560,0.087,19826
2830,4.65635,4.29718,6.490e-05,0.606,0.090,19868
2831,4.45291,4.29718,6.484e-05,0.629,0.105,19855
2832,4.37043,4.29718,6.478e-05,0.628,0.103,19794
2833,4.56009,4.29718,6.473e-05,0.563,0.085,19850
2834,4.31728,4.29718,6.467e-05,0.609,0.102,19859
2835,4.36140,4.29718,6.461e-05,0.579,0.092,19796
2836,4.30542,4.29718,6.456e-05,0.578,0.093,19842
2837,4.47739,4.29718,6.450e-05,0.557,0.088,19882
2838,4.51271,4.29718,6.445e-05,0.632,0.107,19848
2839,4.24070,4.29718,6.439e-05,0.572,0.092,19837
2840,4.28185,4.29718,6.434e-05,0.568,0.091,19864
2841,4.23130,4.29718,6.429e-05,0.583,0.095,19557
2842,4.33879,4.29718,6.423e-05,0.585,0.098,19807
2843,4.29955,4.29718,6.418e-05,0.571,0.089,19849
2844,4.38523,4.29718,6.413e-05,0.585,0.091,19861
2845,4.35250,4.29718,6.407e-05,0.562,0.085,19788
2846,4.45954,4.29718,6.402e-05,0.629,0.106,19856
2847,4.39972,4.29718,6.397e-05,0.574,0.094,19848
2848,4.38672,4.29718,6.392e-05,0.579,0.095,19813
2849,4.45247,4.29718,6.387e-05,0.573,0.093,19872
2850,4.21401,4.29718,6.381e-05,0.559,0.089,19881
2851,4.26538,4.29718,6.376e-05,0.556,0.086,19838
2852,4.45595,4.29718,6.371e-05,0.621,0.097,19818
2853,4.47567,4.29718,6.366e-05,0.605,0.100,19847
2854,4.55019,4.29718,6.361e-05,0.599,0.094,19850
2855,4.52592,4.29718,6.357e-05,0.589,0.094,19792
2856,4.41353,4.29718,6.352e-05,0.584,0.093,19851
2857,4.53063,4.29718,6.347e-05,0.602,0.096,19861
2858,4.27838,4.29718,6.342e-05,0.580,0.096,19788
2859,4.36067,4.29718,6.337e-05,0.596,0.091,19845
2860,4.39223,4.29718,6.332e-05,0.570,0.096,19876
2861,4.42638,4.29718,6.328e-05,0.590,0.105,19535
2862,4.35139,4.29718,6.323e-05,0.571,0.092,19877
2863,4.60701,4.29718,6.318e-05,0.568,0.089,19857
2864,4.23915,4.29718,6.314e-05,0.587,0.092,19824
2865,4.32530,4.29718,6.309e-05,0.576,0.093,19812
2866,4.33637,4.29718,6.305e-05,0.567,0.089,19862
2867,4.22111,4.29718,6.300e-05,0.623,0.105,19841
2868,4.19168,4.29718,6.296e-05,0.650,0.109,19795
2869,4.31471,4.29718,6.291e-05,0.557,0.090,19862
2870,4.28647,4.29718,6.287e-05,0.626,0.116,19858
2871,4.43797,4.29718,6.282e-05,0.626,0.104,19809
2872,4.23738,4.29718,6.278e-05,0.625,0.099,19867
2873,4.45525,4.29718,6.274e-05,0.631,0.108,19873
2874,4.33874,4.29718,6.269e-05,0.581,0.091,19835
2875,4.65022,4.29718,6.265e-05,0.577,0.092,19819
2876,4.51113,4.29718,6.261e-05,0.584,0.088,19861
2877,4.44048,4.29718,6.257e-05,0.634,0.107,19843
2878,4.51725,4.29718,6.253e-05,0.600,0.095,19805
2879,4.28797,4.29718,6.248e-05,0.586,0.093,19865
2880,4.23718,4.29718,6.244e-05,0.614,0.098,19851
2881,4.45210,4.29718,6.240e-05,0.608,0.093,19513
2882,4.36982,4.29718,6.236e-05,0.560,0.086,19848
2883,4.15731,4.29718,6.232e-05,0.628,0.105,19858
2884,4.40727,4.29718,6.228e-05,0.565,0.089,19814
2885,4.44924,4.29718,6.224e-05,0.596,0.096,19876
2886,4.12788,4.29718,6.221e-05,0.579,0.088,19881
2887,4.55331,4.29718,6.217e-05,0.572,0.095,19819
2888,4.49485,4.29718,6.213e-05,0.631,0.112,19816
2889,4.36391,4.29718,6.209e-05,0.606,0.099,19872
2890,4.36571,4.29718,6.205e-05,0.584,0.093,19846
2891,4.33837,4.29718,6.202e-05,0.581,0.097,19789
2892,4.47230,4.29718,6.198e-05,0.570,0.092,19862
2893,4.47666,4.29718,6.194e-05,0.567,0.087,19855
2894,4.33915,4.29718,6.191e-05,0.560,0.088,19799
2895,4.35125,4.29718,6.187e-05,0.593,0.099,19849
2896,4.61744,4.29718,6.184e-05,0.564,0.092,19880
2897,4.37449,4.29718,6.180e-05,0.564,0.092,19843
2898,4.45860,4.29718,6.177e-05,0.570,0.093,19843
2899,4.55149,4.29718,6.173e-05,0.588,0.090,19861
2900,4.10785,4.29718,6.170e-05,0.581,0.094,19833
2901,4.34585,4.29718,6.166e-05,0.553,0.090,19493
2902,4.39690,4.29718,6.163e-05,0.577,0.089,19863
2903,4.43593,4.29718,6.160e-05,0.589,0.093,19852
2904,4.15550,4.29718,6.156e-05,0.581,0.100,19794
2905,4.23332,4.29718,6.153e-05,0.584,0.096,19834
2906,4.57109,4.29718,6.150e-05,0.565,0.089,19858
2907,4.40165,4.29718,6.147e-05,0.601,0.094,19796
2908,4.32322,4.29718,6.144e-05,0.616,0.097,19881
2909,4.11570,4.29718,6.141e-05,0.597,0.092,19879
2910,4.50538,4.29718,6.138e-05,0.571,0.089,19822
2911,4.53767,4.29718,6.135e-05,0.581,0.090,19828
2912,4.41234,4.29718,6.132e-05,0.578,0.089,19853
2913,4.33208,4.29718,6.129e-05,0.601,0.094,19841
2914,4.62043,4.29718,6.126e-05,0.555,0.085,19814
2915,4.25422,4.29718,6.123e-05,0.553,0.087,19833
2916,4.18671,4.29718,6.120e-05,0.604,0.096,19869
2917,4.40281,4.29718,6.117e-05,0.575,0.088,19763
2918,4.69945,4.29718,6.114e-05,0.594,0.099,19841
2919,4.42000,4.29718,6.111e-05,0.565,0.092,19865
2920,4.32248,4.29718,6.109e-05,0.552,0.085,19847
2921,4.36443,4.29718,6.106e-05,0.585,0.098,19562
2922,4.39383,4.29718,6.103e-05,0.630,0.106,19855
2923,4.66950,4.29718,6.101e-05,0.592,0.090,19820
2924,4.42652,4.29718,6.098e-05,0.557,0.088,19835
2925,4.56672,4.29718,6.096e-05,0.624,0.105,19847
2926,4.50254,4.29718,6.093e-05,0.585,0.097,19837
2927,4.51579,4.29718,6.091e-05,0.622,0.095,19802
2928,4.22427,4.29718,6.088e-05,0.598,0.099,19863
2929,4.34360,4.29718,6.086e-05,0.566,0.087,19855
2930,4.43306,4.29718,6.083e-05,0.586,0.087,19785
2931,4.23360,4.29718,6.081e-05,0.600,0.098,19885
2932,4.23696,4.29718,6.079e-05,0.610,0.097,19885
2933,4.31978,4.29718,6.076e-05,0.599,0.090,19841
2934,4.40937,4.29718,6.074e-05,0.577,0.090,19840
2935,4.16203,4.29718,6.072e-05,0.588,0.089,19864
2936,4.39889,4.29718,6.070e-05,0.577,0.092,19829
2937,4.14168,4.29718,6.067e-05,0.563,0.088,19808
2938,4.26913,4.29718,6.065e-05,0.600,0.094,19868
2939,4.25799,4.29718,6.063e-05,0.574,0.092,19861
2940,4.42459,4.29718,6.061e-05,0.573,0.090,19785
2941,4.28980,4.29718,6.059e-05,0.599,0.102,19520
2942,4.65309,4.29718,6.057e-05,0.578,0.093,19849
2943,4.23226,4.29718,6.055e-05,0.594,0.093,19818
2944,4.51601,4.29718,6.053e-05,0.564,0.087,19877
2945,4.33206,4.29718,6.051e-05,0.584,0.093,19867
2946,4.51772,4.29718,6.050e-05,0.601,0.096,19815
2947,4.20794,4.29718,6.048e-05,0.600,0.092,19826
2948,4.48242,4.29718,6.046e-05,0.569,0.096,19861
2949,4.56389,4.29718,6.044e-05,0.593,0.094,19819
2950,4.29095,4.29718,6.042e-05,0.609,0.097,19810
2951,4.61817,4.29718,6.041e-05,0.583,0.098,19855
2952,4.28541,4.29718,6.039e-05,0.582,0.091,19863
2953,4.43439,4.29718,6.038e-05,0.609,0.094,19771
2954,4.28097,4.29718,6.036e-05,0.577,0.091,19846
2955,4.35789,4.29718,6.034e-05,0.565,0.089,19881
2956,4.26641,4.29718,6.033e-05,0.604,0.097,19819
2957,4.41697,4.29718,6.031e-05,0.615,0.099,19860
2958,4.44993,4.29718,6.030e-05,0.588,0.089,19853
2959,4.29505,4.29718,6.029e-05,0.580,0.095,19817
2960,4.41238,4.29718,6.027e-05,0.609,0.104,19797
2961,4.16512,4.29718,6.026e-05,0.619,0.102,19519
2962,4.50596,4.29718,6.025e-05,0.599,0.092,19826
2963,4.19042,4.29718,6.023e-05,0.589,0.095,19803
2964,4.34505,4.29718,6.022e-05,0.592,0.094,19855
2965,4.23437,4.29718,6.021e-05,0.574,0.091,19840
2966,4.45410,4.29718,6.020e-05,0.599,0.097,19807
2967,4.45777,4.29718,6.019e-05,0.599,0.089,19879
2968,4.30215,4.29718,6.017e-05,0.604,0.102,19871
2969,4.71254,4.29718,6.016e-05,0.621,0.105,19811
2970,4.35388,4.29718,6.015e-05,0.608,0.092,19827
2971,4.39063,4.29718,6.014e-05,0.573,0.087,19841
2972,4.45787,4.29718,6.013e-05,0.620,0.095,19820
2973,4.48080,4.29718,6.012e-05,0.581,0.092,19800
2974,4.39639,4.29718,6.011e-05,0.620,0.098,19856
2975,4.19198,4.29718,6.011e-05,0.624,0.102,19827
2976,4.43950,4.29718,6.010e-05,0.618,0.098,19792
2977,4.28982,4.29718,6.009e-05,0.651,0.102,19855
2978,4.04519,4.29718,6.008e-05,0.684,0.120,19856
2979,4.26235,4.29718,6.007e-05,0.578,0.088,19821
2980,4.57940,4.29718,6.007e-05,0.600,0.102,19883
2981,4.43791,4.29718,6.006e-05,0.626,0.101,19524
2982,4.46099,4.29718,6.006e-05,0.616,0.099,19777
2983,4.33037,4.29718,6.005e-05,0.574,0.087,19849
2984,4.41734,4.29718,6.004e-05,0.582,0.092,19851
2985,4.26018,4.29718,6.004e-05,0.612,0.102,19821
2986,4.43355,4.29718,6.003e-05,0.592,0.090,19814
2987,4.42590,4.29718,6.003e-05,0.625,0.102,19846
2988,4.34801,4.29718,6.002e-05,0.625,0.103,19842
2989,4.39638,4.29718,6.002e-05,0.580,0.093,19804
2990,4.31099,4.29718,6.002e-05,0.596,0.094,19869
2991,4.20300,4.29718,6.001e-05,0.635,0.102,19890
2992,4.44448,4.29718,6.001e-05,0.611,0.093,19817
2993,4.26494,4.29718,6.001e-05,0.599,0.095,19854
2994,4.18981,4.29718,6.001e-05,0.593,0.094,19852
2995,4.55943,4.29718,6.000e-05,0.605,0.098,19801
2996,4.31856,4.29718,6.000e-05,0.618,0.100,19819
2997,4.37508,4.29718,6.000e-05,0.617,0.096,19853
2998,4.35606,4.29718,6.000e-05,0.589,0.093,19837
2999,4.41339,4.26456,6.000e-05,0.597,0.096,6128
