step,loss,val_loss,lr,grad_norm,proj_grad_norm,tokens_per_s
0,11.84659,11.82597,3.000e-06,5.502,0.801,8054
1,11.82706,11.82597,6.000e-06,5.313,0.747,28723
2,11.78331,11.82597,9.000e-06,4.737,0.713,28444
3,11.71495,11.82597,1.200e-05,4.071,0.568,28331
4,11.64588,11.82597,1.500e-05,3.536,0.395,28316
5,11.61621,11.82597,1.800e-05,2.752,0.346,28348
6,11.52444,11.82597,2.100e-05,2.721,0.274,28304
7,11.48927,11.82597,2.400e-05,2.221,0.195,28331
8,11.45104,11.82597,2.700e-05,1.988,0.169,28475
9,11.47784,11.82597,3.000e-05,1.630,0.158,28357
10,11.40136,11.82597,3.300e-05,1.554,0.131,28331
11,11.39042,11.82597,3.600e-05,1.374,0.098,28264
12,11.31759,11.82597,3.900e-05,1.630,0.153,28214
13,11.29242,11.82597,4.200e-05,1.483,0.080,28195
14,11.25666,11.82597,4.500e-05,1.495,0.080,28301
15,11.30387,11.82597,4.800e-05,1.266,0.121,28318
16,11.27607,11.82597,5.100e-05,1.245,0.079,28210
17,11.22033,11.82597,5.400e-05,1.271,0.073,28215
18,11.18153,11.82597,5.700e-05,1.300,0.053,28221
19,11.16928,11.82597,6.000e-05,1.367,0.147,28209
20,11.10174,11.82597,6.300e-05,1.466,0.095,28280
21,11.16983,11.82597,6.600e-05,1.176,0.112,28308
22,11.06508,11.82597,6.900e-05,1.321,0.090,28178
23,11.02045,11.82597,7.200e-05,1.315,0.065,28215
24,11.04590,11.82597,7.500e-05,1.117,0.043,28194
25,10.96570,11.82597,7.800e-05,1.327,0.056,28183
26,10.93316,11.82597,8.100e-05,1.236,0.070,28235
27,10.89122,11.82597,8.400e-05,1.287,0.039,28358
28,10.87331,11.82597,8.700e-05,1.206,0.095,28272
29,10.80193,11.82597,9.000e-05,1.219,0.050,28194
30,10.81961,11.82597,9.300e-05,1.055,0.043,28187
31,10.76357,11.82597,9.600e-05,1.093,0.068,28237
32,10.71143,11.82597,9.900e-05,1.166,0.070,28206
33,10.60767,11.82597,1.020e-04,1.315,0.056,28345
34,10.57499,11.82597,1.050e-04,1.234,0.082,28248
35,10.52286,11.82597,1.080e-04,1.168,0.055,28182
36,10.48437,11.82597,1.110e-04,1.269,0.053,28195
37,10.42704,11.82597,1.140e-04,1.284,0.099,28187
38,10.35446,11.82597,1.170e-04,1.230,0.060,28212
39,10.32268,11.82597,1.200e-04,1.235,0.049,28308
40,10.26213,11.82597,1.230e-04,1.193,0.069,28307
41,10.21840,11.82597,1.260e-04,1.291,0.088,28268
42,10.14981,11.82597,1.290e-04,1.205,0.093,28224
43,10.06820,11.82597,1.320e-04,1.318,0.101,28171
44,10.03377,11.82597,1.350e-04,1.261,0.132,28212
45,9.96700,11.82597,1.380e-04,1.144,0.080,28278
46,9.91193,11.82597,1.410e-04,1.152,0.066,28340
47,9.83012,11.82597,1.440e-04,1.162,0.093,28210
48,9.75329,11.82597,1.470e-04,1.201,0.060,28212
49,9.70808,11.82597,1.500e-04,1.236,0.091,28223
50,9.64532,11.82597,1.530e-04,1.192,0.064,28179
51,9.56582,11.82597,1.560e-04,1.253,0.093,28252
52,9.50354,11.82597,1.590e-04,1.092,0.050,28349
53,9.45989,11.82597,1.620e-04,1.132,0.067,28203
54,9.39289,11.82597,1.650e-04,1.169,0.076,28203
55,9.35211,11.82597,1.680e-04,1.171,0.057,28202
56,9.25725,11.82597,1.710e-04,1.103,0.089,28217
57,9.22917,11.82597,1.740e-04,1.150,0.075,28238
58,9.18032,11.82597,1.770e-04,1.169,0.079,28349
59,9.16884,11.82597,1.800e-04,1.190,0.083,28262
60,9.06958,11.82597,1.830e-04,1.234,0.119,28213
61,9.04274,11.82597,1.860e-04,1.305,0.084,28242
62,8.92042,11.82597,1.890e-04,1.279,0.128,28180
63,8.84052,11.82597,1.920e-04,1.022,0.071,28235
64,8.84867,11.82597,1.950e-04,1.111,0.136,28302
65,8.68659,11.82597,1.980e-04,1.075,0.114,28297
66,8.69064,11.82597,2.010e-04,1.129,0.084,28207
67,8.67487,11.82597,2.040e-04,1.016,0.090,28206
68,8.55083,11.82597,2.070e-04,1.158,0.085,28197
69,8.52862,11.82597,2.100e-04,1.155,0.063,28191
70,8.42920,11.82597,2.130e-04,0.969,0.087,28319
71,8.47657,11.82597,2.160e-04,1.099,0.092,28356
72,8.39183,11.82597,2.190e-04,1.110,0.132,28203
73,8.30846,11.82597,2.220e-04,0.941,0.066,28214
74,8.30343,11.82597,2.250e-04,1.041,0.140,28204
75,8.14296,11.82597,2.280e-04,0.890,0.096,28199
76,8.16076,11.82597,2.310e-04,0.985,0.126,28272
77,8.20077,11.82597,2.340e-04,1.000,0.066,28324
78,8.17406,11.82597,2.370e-04,1.141,0.222,28225
79,8.08195,11.82597,2.400e-04,0.872,0.070,28170
80,8.10887,11.82597,2.430e-04,0.861,0.089,28191
81,7.98984,11.82597,2.460e-04,0.879,0.085,28231
82,7.95197,11.82597,2.490e-04,0.938,0.108,28207
83,7.96821,11.82597,2.520e-04,0.830,0.130,28334
84,7.90113,11.82597,2.550e-04,0.836,0.126,28236
85,7.80516,11.82597,2.580e-04,0.958,0.136,28172
86,7.95063,11.82597,2.610e-04,0.758,0.073,28227
87,7.88643,11.82597,2.640e-04,0.849,0.115,28160
88,7.77454,11.82597,2.670e-04,0.858,0.169,28184
89,7.83290,11.82597,2.700e-04,0.717,0.122,28340
90,7.64646,11.82597,2.730e-04,0.827,0.208,28237
91,7.66267,11.82597,2.760e-04,0.671,0.128,28200
92,7.65580,11.82597,2.790e-04,0.638,0.119,28173
93,7.61573,11.82597,2.820e-04,0.675,0.091,28199
94,7.62901,11.82597,2.850e-04,0.664,0.162,28211
95,7.60829,11.82597,2.880e-04,0.602,0.154,28316
96,7.59454,11.82597,2.910e-04,0.578,0.158,28305
97,7.54791,11.82597,2.940e-04,0.511,0.129,28184
98,7.41580,11.82597,2.970e-04,0.509,0.132,28206
99,7.57604,11.82597,3.000e-04,0.629,0.199,28203
100,7.44319,11.82597,3.030e-04,0.496,0.114,28203
101,7.53226,11.82597,3.060e-04,0.545,0.152,28279
102,7.45075,11.82597,3.090e-04,0.546,0.169,28356
103,7.50586,11.82597,3.120e-04,0.494,0.150,28192
104,7.46992,11.82597,3.150e-04,0.648,0.129,28193
105,7.49997,11.82597,3.180e-04,0.869,0.313,28160
106,7.38073,11.82597,3.210e-04,0.836,0.230,28209
107,7.49628,11.82597,3.240e-04,0.594,0.138,28258
108,7.33497,11.82597,3.270e-04,0.566,0.197,28381
109,7.35394,11.82597,3.300e-04,0.440,0.094,28219
110,7.39097,11.82597,3.330e-04,0.523,0.168,28215
111,7.38675,11.82597,3.360e-04,0.565,0.190,28219
112,7.39853,11.82597,3.390e-04,0.423,0.102,28191
113,7.37114,11.82597,3.420e-04,0.377,0.091,28192
114,7.36894,11.82597,3.450e-04,0.654,0.172,28355
115,7.41848,11.82597,3.480e-04,0.711,0.235,28262
116,7.23105,11.82597,3.510e-04,0.401,0.118,28193
117,7.31955,11.82597,3.540e-04,0.523,0.174,28188
118,7.32947,11.82597,3.570e-04,0.505,0.210,28182
119,7.29146,11.82597,3.600e-04,0.434,0.155,28189
120,7.31562,11.82597,3.630e-04,0.395,0.152,28336
121,7.31830,11.82597,3.660e-04,0.450,0.112,28242
122,7.19655,11.82597,3.690e-04,0.561,0.238,28190
123,7.18271,11.82597,3.720e-04,0.836,0.419,28205
124,7.19373,11.82597,3.750e-04,0.877,0.400,28184
125,7.13923,11.82597,3.780e-04,0.494,0.113,28188
126,7.26375,11.82597,3.810e-04,0.739,0.252,28284
127,7.21900,11.82597,3.840e-04,0.457,0.161,28331
128,7.23169,11.82597,3.870e-04,0.460,0.136,28132
129,7.27987,11.82597,3.900e-04,0.551,0.216,28145
130,7.21706,11.82597,3.930e-04,0.425,0.143,28151
131,7.13930,11.82597,3.960e-04,0.474,0.189,28207
132,7.04579,11.82597,3.990e-04,0.457,0.156,28246
133,7.21011,11.82597,4.020e-04,0.543,0.223,28359
134,7.12300,11.82597,4.050e-04,0.726,0.323,28149
135,7.13620,11.82597,4.080e-04,0.624,0.283,28194
136,7.09455,11.82597,4.110e-04,0.443,0.193,28153
137,6.98582,11.82597,4.140e-04,0.645,0.324,28171
138,7.08359,11.82597,4.170e-04,0.597,0.252,28221
139,7.01743,11.82597,4.200e-04,0.489,0.210,28317
140,6.95996,11.82597,4.230e-04,0.605,0.238,28171
141,7.14707,11.82597,4.260e-04,0.545,0.267,28264
142,7.06930,11.82597,4.290e-04,0.757,0.371,28161
143,6.99764,11.82597,4.320e-04,0.504,0.211,28171
144,6.99791,11.82597,4.350e-04,0.690,0.299,28223
145,7.07058,11.82597,4.380e-04,0.702,0.305,28343
146,7.07977,11.82597,4.410e-04,0.578,0.234,28298
147,6.94193,11.82597,4.440e-04,0.563,0.234,28154
148,7.06592,11.82597,4.470e-04,0.693,0.264,28212
149,7.00036,11.82597,4.500e-04,0.652,0.272,28168
150,7.09113,11.82597,4.530e-04,0.573,0.230,28186
151,6.94269,11.82597,4.560e-04,0.464,0.194,28345
152,7.04239,11.82597,4.590e-04,0.517,0.175,28257
153,6.89602,11.82597,4.620e-04,0.498,0.208,28171
154,6.89911,11.82597,4.650e-04,0.500,0.230,28178
155,6.94797,11.82597,4.680e-04,0.572,0.245,28196
156,7.03399,11.82597,4.710e-04,0.569,0.294,28138
157,6.93870,11.82597,4.740e-04,0.503,0.228,28310
158,6.95614,11.82597,4.770e-04,0.540,0.275,28324
159,6.96612,11.82597,4.800e-04,0.897,0.485,28180
160,6.97171,11.82597,4.830e-04,0.742,0.307,28249
161,6.95326,11.82597,4.860e-04,0.634,0.291,28226
162,7.06143,11.82597,4.890e-04,0.488,0.196,28199
163,6.75071,11.82597,4.920e-04,0.664,0.305,28229
164,6.97308,11.82597,4.950e-04,0.713,0.374,28352
165,7.01901,11.82597,4.980e-04,0.722,0.330,28226
166,6.86046,11.82597,5.010e-04,0.728,0.329,28193
167,6.98857,11.82597,5.040e-04,0.696,0.322,28181
168,6.87127,11.82597,5.070e-04,0.726,0.375,28210
169,6.90719,11.82597,5.100e-04,0.746,0.371,28194
170,6.78579,11.82597,5.130e-04,0.511,0.234,28310
171,6.82089,11.82597,5.160e-04,0.675,0.299,28216
172,6.87588,11.82597,5.190e-04,0.684,0.286,28198
173,6.87139,11.82597,5.220e-04,0.581,0.259,28202
174,6.84328,11.82597,5.250e-04,0.481,0.198,28196
175,6.79357,11.82597,5.280e-04,0.588,0.243,28214
176,6.84222,11.82597,5.310e-04,0.580,0.270,28332
177,7.03940,11.82597,5.340e-04,0.549,0.225,28283
178,6.92745,11.82597,5.370e-04,0.895,0.475,28185
179,6.87414,11.82597,5.400e-04,0.905,0.491,28175
180,6.74928,11.82597,5.430e-04,0.530,0.227,28172
181,6.81577,11.82597,5.460e-04,0.774,0.414,28200
182,6.99757,11.82597,5.490e-04,0.455,0.187,28305
183,6.83709,11.82597,5.520e-04,0.534,0.257,28298
184,6.83049,11.82597,5.550e-04,0.600,0.265,28183
185,6.68252,11.82597,5.580e-04,0.542,0.247,28187
186,6.82872,11.82597,5.610e-04,0.621,0.306,28183
187,6.88828,11.82597,5.640e-04,0.546,0.240,28167
188,6.83672,11.82597,5.670e-04,1.165,0.680,28318
189,6.84929,11.82597,5.700e-04,0.868,0.465,28322
190,6.74295,11.82597,5.730e-04,0.529,0.277,28196
191,6.81612,11.82597,5.760e-04,0.645,0.318,28165
192,6.63542,11.82597,5.790e-04,0.597,0.299,28161
193,6.74384,11.82597,5.820e-04,0.697,0.315,28147
194,6.75512,11.82597,5.850e-04,0.562,0.274,28232
195,6.79533,11.82597,5.880e-04,0.661,0.374,28337
196,6.83046,11.82597,5.910e-04,0.789,0.370,28228
197,6.71655,11.82597,5.940e-04,0.722,0.365,28184
198,6.72016,11.82597,5.970e-04,0.903,0.544,28207
199,6.71806,11.82597,6.000e-04,0.650,0.341,28219
200,6.61167,11.82597,6.000e-04,0.654,0.328,28201
201,6.77311,11.82597,6.000e-04,0.822,0.409,28297
202,6.73790,11.82597,6.000e-04,0.566,0.266,28253
203,6.67030,11.82597,6.000e-04,0.627,0.298,28221
204,6.65293,11.82597,6.000e-04,0.608,0.299,28174
205,6.53501,11.82597,6.000e-04,0.558,0.283,28216
206,6.81653,11.82597,6.000e-04,0.494,0.217,28216
207,6.68667,11.82597,6.000e-04,0.764,0.395,28338
208,6.73277,11.82597,6.000e-04,0.887,0.419,28294
209,6.55195,11.82597,6.000e-04,0.523,0.249,28171
210,6.69636,11.82597,6.000e-04,0.570,0.245,28214
211,6.66845,11.82597,6.000e-04,0.486,0.229,28079
212,6.61800,11.82597,6.000e-04,0.697,0.351,28236
213,6.69252,11.82597,6.000e-04,0.794,0.427,28250
214,6.61332,11.82597,6.000e-04,0.703,0.371,28314
215,6.62333,11.82597,6.000e-04,0.612,0.281,28215
216,6.66789,11.82597,6.000e-04,0.471,0.230,28198
217,6.57149,11.82597,6.000e-04,0.517,0.235,28216
218,6.72937,11.82597,5.999e-04,0.673,0.270,28191
219,6.61350,11.82597,5.999e-04,0.530,0.260,28271
220,6.73876,11.82597,5.999e-04,0.576,0.237,28353
221,6.68732,11.82597,5.999e-04,0.466,0.231,28238
222,6.57373,11.82597,5.999e-04,0.522,0.249,28163
223,6.63578,11.82597,5.999e-04,0.596,0.315,28226
224,6.70276,11.82597,5.999e-04,0.534,0.289,28186
225,6.72264,11.82597,5.999e-04,0.544,0.264,28207
226,6.48898,11.82597,5.999e-04,0.597,0.307,28321
227,6.63310,11.82597,5.999e-04,0.591,0.312,28253
228,6.64727,11.82597,5.999e-04,0.652,0.332,28190
229,6.67396,11.82597,5.999e-04,0.539,0.272,28177
230,6.66008,11.82597,5.998e-04,0.506,0.246,28216
231,6.67144,11.82597,5.998e-04,0.651,0.339,28182
232,6.58665,11.82597,5.998e-04,0.491,0.247,28313
233,6.63052,11.82597,5.998e-04,0.662,0.258,28282
234,6.58751,11.82597,5.998e-04,0.577,0.296,28184
235,6.76207,11.82597,5.998e-04,0.591,0.290,28224
236,6.66667,11.82597,5.998e-04,0.545,0.241,28195
237,6.65011,11.82597,5.998e-04,0.920,0.481,28199
238,6.74152,11.82597,5.998e-04,0.917,0.470,28338
239,6.63315,11.82597,5.997e-04,0.549,0.285,28274
240,6.69404,11.82597,5.997e-04,0.669,0.322,28196
241,6.74598,11.82597,5.997e-04,0.878,0.499,28227
242,6.68498,11.82597,5.997e-04,0.597,0.306,28200
243,6.61180,11.82597,5.997e-04,0.881,0.476,28182
244,6.55303,11.82597,5.997e-04,0.625,0.354,28260
245,6.61244,11.82597,5.997e-04,0.653,0.329,28344
246,6.56375,11.82597,5.996e-04,0.578,0.275,28173
247,6.51227,11.82597,5.996e-04,0.572,0.285,28171
248,6.60953,11.82597,5.996e-04,0.580,0.291,28192
249,6.51866,11.82597,5.996e-04,0.668,0.357,28187
250,6.41798,6.54999,5.996e-04,1.160,0.708,8556
251,6.65046,6.54999,5.996e-04,1.051,0.603,28535
252,6.61600,6.54999,5.995e-04,0.986,0.619,28238
253,6.66387,6.54999,5.995e-04,0.769,0.417,28355
254,6.55793,6.54999,5.995e-04,0.761,0.402,28200
255,6.55195,6.54999,5.995e-04,0.459,0.212,28198
256,6.61274,6.54999,5.995e-04,0.532,0.241,28198
257,6.56930,6.54999,5.994e-04,0.504,0.236,28142
258,6.51833,6.54999,5.994e-04,0.578,0.274,28208
259,6.58432,6.54999,5.994e-04,0.617,0.297,28322
260,6.46347,6.54999,5.994e-04,0.587,0.260,28290
261,6.46697,6.54999,5.994e-04,0.538,0.266,28243
262,6.53949,6.54999,5.993e-04,0.603,0.225,28252
263,6.43245,6.54999,5.993e-04,0.485,0.221,28153
264,6.46321,6.54999,5.993e-04,0.563,0.277,28210
265,6.45190,6.54999,5.993e-04,0.633,0.337,28328
266,6.57599,6.54999,5.993e-04,0.582,0.276,28328
267,6.51283,6.54999,5.992e-04,0.481,0.223,28170
268,6.46835,6.54999,5.992e-04,0.550,0.280,28179
269,6.50769,6.54999,5.992e-04,0.524,0.239,28242
270,6.41273,6.54999,5.992e-04,0.538,0.255,28176
271,6.48775,6.54999,5.991e-04,0.471,0.220,28285
272,6.56893,6.54999,5.991e-04,0.531,0.237,28339
273,6.40837,6.54999,5.991e-04,0.484,0.207,28204
274,6.55237,6.54999,5.991e-04,0.665,0.345,28210
275,6.66864,6.54999,5.990e-04,0.504,0.213,28202
276,6.52571,6.54999,5.990e-04,0.584,0.323,28145
277,6.32687,6.54999,5.990e-04,0.500,0.243,28250
278,6.50197,6.54999,5.990e-04,0.575,0.258,28349
279,6.52775,6.54999,5.989e-04,0.524,0.244,28219
280,6.46953,6.54999,5.989e-04,0.534,0.246,28221
281,6.43342,6.54999,5.989e-04,0.483,0.221,28229
282,6.48840,6.54999,5.989e-04,0.588,0.281,28168
283,6.43714,6.54999,5.988e-04,0.611,0.308,28193
284,6.65574,6.54999,5.988e-04,0.610,0.270,28354
285,6.31651,6.54999,5.988e-04,0.586,0.308,28218
286,6.47108,6.54999,5.987e-04,0.584,0.291,28194
287,6.49942,6.54999,5.987e-04,0.472,0.231,28184
288,6.66222,6.54999,5.987e-04,0.483,0.207,28173
289,6.40807,6.54999,5.987e-04,0.538,0.275,28204
290,6.41363,6.54999,5.986e-04,0.553,0.265,28305
291,6.52442,6.54999,5.986e-04,0.487,0.225,28276
292,6.38856,6.54999,5.986e-04,0.670,0.375,28190
293,6.48205,6.54999,5.985e-04,0.652,0.350,28198
294,6.51567,6.54999,5.985e-04,0.616,0.329,28198
295,6.45670,6.54999,5.985e-04,0.544,0.269,28182
296,6.44976,6.54999,5.984e-04,0.938,0.548,28315
297,6.52999,6.54999,5.984e-04,0.657,0.346,28283
298,6.40214,6.54999,5.984e-04,0.625,0.319,28229
299,6.49733,6.54999,5.983e-04,0.572,0.283,28200
300,6.35008,6.54999,5.983e-04,0.825,0.467,28201
301,6.41983,6.54999,5.983e-04,0.563,0.310,28211
302,6.43396,6.54999,5.982e-04,0.623,0.284,28261
303,6.41624,6.54999,5.982e-04,0.500,0.225,28351
304,6.47629,6.54999,5.982e-04,0.501,0.232,28198
305,6.38530,6.54999,5.981e-04,0.543,0.258,28222
306,6.24028,6.54999,5.981e-04,0.505,0.247,28202
307,6.46581,6.54999,5.981e-04,0.545,0.232,28187
308,6.33955,6.54999,5.980e-04,0.704,0.333,28254
309,6.52863,6.54999,5.980e-04,0.646,0.294,28300
310,6.43856,6.54999,5.979e-04,0.481,0.188,28246
311,6.56999,6.54999,5.979e-04,0.587,0.282,28191
312,6.38206,6.54999,5.979e-04,0.488,0.206,28216
313,6.37784,6.54999,5.978e-04,0.527,0.223,28216
314,6.30702,6.54999,5.978e-04,0.667,0.346,28192
315,6.43630,6.54999,5.978e-04,0.570,0.261,28378
316,6.54164,6.54999,5.977e-04,0.506,0.216,28275
317,6.38527,6.54999,5.977e-04,0.632,0.320,28158
318,6.36058,6.54999,5.976e-04,0.528,0.216,28190
319,6.31733,6.54999,5.976e-04,0.524,0.226,28153
320,6.38077,6.54999,5.976e-04,0.472,0.217,28209
321,6.32667,6.54999,5.975e-04,0.573,0.269,28260
322,6.19070,6.54999,5.975e-04,0.474,0.228,28307
323,6.50762,6.54999,5.974e-04,0.580,0.251,28168
324,6.41008,6.54999,5.974e-04,0.569,0.259,28162
325,6.41997,6.54999,5.973e-04,0.538,0.217,28194
326,6.48190,6.54999,5.973e-04,0.490,0.212,28193
327,6.29538,6.54999,5.973e-04,0.560,0.250,28270
328,6.27936,6.54999,5.972e-04,0.556,0.275,28326
329,6.41115,6.54999,5.972e-04,0.604,0.287,28178
330,6.37363,6.54999,5.971e-04,0.576,0.274,28204
331,6.33666,6.54999,5.971e-04,0.589,0.300,28186
332,6.29899,6.54999,5.970e-04,0.669,0.349,28184
333,6.43584,6.54999,5.970e-04,0.556,0.265,28269
334,6.35814,6.54999,5.970e-04,0.603,0.267,28339
335,6.41444,6.54999,5.969e-04,0.514,0.249,28216
336,6.51684,6.54999,5.969e-04,0.588,0.277,28226
337,6.41229,6.54999,5.968e-04,0.602,0.295,28214
338,6.36853,6.54999,5.968e-04,0.508,0.226,28187
339,6.40968,6.54999,5.967e-04,0.540,0.251,28238
340,6.20715,6.54999,5.967e-04,0.572,0.261,28341
341,6.21894,6.54999,5.966e-04,0.503,0.240,28179
342,6.44168,6.54999,5.966e-04,0.629,0.309,28212
343,6.16098,6.54999,5.965e-04,0.548,0.284,28166
344,6.36164,6.54999,5.965e-04,0.490,0.225,28196
345,6.48972,6.54999,5.964e-04,0.466,0.213,28202
346,6.28830,6.54999,5.964e-04,0.485,0.219,28373
347,6.40541,6.54999,5.963e-04,0.826,0.480,28268
348,6.29934,6.54999,5.963e-04,0.752,0.436,28189
349,6.21771,6.54999,5.962e-04,0.564,0.295,28184
350,6.26069,6.54999,5.962e-04,0.682,0.359,28217
351,6.41465,6.54999,5.961e-04,0.477,0.209,28202
352,6.29910,6.54999,5.961e-04,0.541,0.239,28317
353,6.33637,6.54999,5.960e-04,0.538,0.260,28304
354,6.26697,6.54999,5.960e-04,0.583,0.233,28214
355,6.38281,6.54999,5.959e-04,0.553,0.243,28172
356,6.36379,6.54999,5.959e-04,0.512,0.215,28194
357,6.41858,6.54999,5.958e-04,0.801,0.427,28192
358,6.35879,6.54999,5.958e-04,0.817,0.457,28265
359,6.36030,6.54999,5.957e-04,0.550,0.254,28330
360,6.27493,6.54999,5.957e-04,0.636,0.317,28196
361,6.45641,6.54999,5.956e-04,0.706,0.364,28280
362,6.32548,6.54999,5.956e-04,0.672,0.317,28183
363,6.28656,6.54999,5.955e-04,0.550,0.281,28203
364,6.30400,6.54999,5.954e-04,0.522,0.232,28243
365,6.49737,6.54999,5.954e-04,0.461,0.180,28332
366,6.25607,6.54999,5.953e-04,0.566,0.266,28259
367,6.29590,6.54999,5.953e-04,0.540,0.260,28200
368,6.35955,6.54999,5.952e-04,0.564,0.268,28209
369,6.33906,6.54999,5.952e-04,0.556,0.266,28177
370,6.19352,6.54999,5.951e-04,0.489,0.223,28192
371,6.12647,6.54999,5.950e-04,0.619,0.292,28329
372,6.21827,6.54999,5.950e-04,0.473,0.207,28265
373,6.28053,6.54999,5.949e-04,0.572,0.269,28197
374,6.24814,6.54999,5.949e-04,0.594,0.288,28153
375,6.22166,6.54999,5.948e-04,0.510,0.261,28194
376,6.31587,6.54999,5.948e-04,0.544,0.255,28208
377,6.29434,6.54999,5.947e-04,0.488,0.236,28327
378,6.25232,6.54999,5.946e-04,0.638,0.310,28297
379,6.25465,6.54999,5.946e-04,0.493,0.220,28158
380,6.27736,6.54999,5.945e-04,0.517,0.216,28188
381,6.16000,6.54999,5.945e-04,0.476,0.207,28227
382,6.16068,6.54999,5.944e-04,0.486,0.210,28196
383,6.30086,6.54999,5.943e-04,0.509,0.250,28338
384,6.10761,6.54999,5.943e-04,0.840,0.468,28324
385,6.37894,6.54999,5.942e-04,0.567,0.256,28194
386,6.35368,6.54999,5.941e-04,0.578,0.276,28171
387,6.33553,6.54999,5.941e-04,0.506,0.223,28202
388,6.22550,6.54999,5.940e-04,0.530,0.248,28184
389,6.22501,6.54999,5.940e-04,0.604,0.275,28201
390,6.10642,6.54999,5.939e-04,0.534,0.255,28387
391,6.25664,6.54999,5.938e-04,0.601,0.268,28203
392,6.19561,6.54999,5.938e-04,0.489,0.206,28230
393,6.20158,6.54999,5.937e-04,0.611,0.295,28183
394,6.31342,6.54999,5.936e-04,0.484,0.207,28192
395,6.19736,6.54999,5.936e-04,0.514,0.237,28172
396,6.14306,6.54999,5.935e-04,0.470,0.195,28346
397,6.17476,6.54999,5.934e-04,0.510,0.261,28243
398,6.18627,6.54999,5.934e-04,0.468,0.210,28187
399,6.28249,6.54999,5.933e-04,0.530,0.247,28173
400,6.29146,6.54999,5.932e-04,0.487,0.248,28205
401,6.18594,6.54999,5.932e-04,0.529,0.254,28175
402,6.17412,6.54999,5.931e-04,0.507,0.213,28363
403,6.11065,6.54999,5.930e-04,0.497,0.216,28284
404,6.22281,6.54999,5.930e-04,0.585,0.205,28225
405,6.18143,6.54999,5.929e-04,0.536,0.229,28222
406,6.22147,6.54999,5.928e-04,0.532,0.261,28216
407,6.23146,6.54999,5.928e-04,0.580,0.297,28222
408,6.10608,6.54999,5.927e-04,0.557,0.270,28306
409,6.17544,6.54999,5.926e-04,0.511,0.227,28316
410,6.29566,6.54999,5.925e-04,0.518,0.204,28200
411,6.12556,6.54999,5.925e-04,0.536,0.244,28204
412,6.23621,6.54999,5.924e-04,0.468,0.199,28178
413,6.26786,6.54999,5.923e-04,0.461,0.193,28212
414,6.16121,6.54999,5.923e-04,0.974,0.298,28253
415,6.23280,6.54999,5.922e-04,0.563,0.265,28348
416,6.08662,6.54999,5.921e-04,0.517,0.232,28248
417,6.20166,6.54999,5.920e-04,0.543,0.237,28160
418,6.22214,6.54999,5.920e-04,0.472,0.218,28163
419,6.21179,6.54999,5.919e-04,0.791,0.414,28197
420,6.30915,6.54999,5.918e-04,0.989,0.554,28230
421,6.09388,6.54999,5.917e-04,0.907,0.449,28271
422,6.10646,6.54999,5.917e-04,0.483,0.230,28208
423,6.21737,6.54999,5.916e-04,0.542,0.239,28165
424,6.19339,6.54999,5.915e-04,0.527,0.229,28209
425,6.05658,6.54999,5.914e-04,0.492,0.233,28176
426,6.15449,6.54999,5.914e-04,0.470,0.197,28201
427,6.29544,6.54999,5.913e-04,0.575,0.261,28352
428,6.19599,6.54999,5.912e-04,0.603,0.273,28242
429,6.30371,6.54999,5.911e-04,0.557,0.222,28202
430,6.22210,6.54999,5.911e-04,0.545,0.247,28160
431,6.22963,6.54999,5.910e-04,0.514,0.239,28161
432,6.24130,6.54999,5.909e-04,0.604,0.263,28224
433,6.29754,6.54999,5.908e-04,0.517,0.199,28308
434,6.09743,6.54999,5.907e-04,0.566,0.245,28285
435,6.14901,6.54999,5.907e-04,0.533,0.233,28177
436,6.10496,6.54999,5.906e-04,0.555,0.266,28189
437,6.17773,6.54999,5.905e-04,0.494,0.221,28190
438,6.02856,6.54999,5.904e-04,0.525,0.254,28177
439,6.08908,6.54999,5.904e-04,0.506,0.238,28297
440,6.04951,6.54999,5.903e-04,0.606,0.237,28319
441,6.21595,6.54999,5.902e-04,0.531,0.264,28276
442,6.13564,6.54999,5.901e-04,0.445,0.185,28181
443,6.01691,6.54999,5.900e-04,0.531,0.251,28170
444,6.25627,6.54999,5.899e-04,0.529,0.188,28213
445,5.97461,6.54999,5.899e-04,0.517,0.219,28270
446,6.21206,6.54999,5.898e-04,0.590,0.255,28330
447,6.14676,6.54999,5.897e-04,0.610,0.259,28222
448,6.10593,6.54999,5.896e-04,0.534,0.254,28237
449,6.05008,6.54999,5.895e-04,0.513,0.218,28152
450,6.07883,6.54999,5.894e-04,0.511,0.214,28214
451,6.22582,6.54999,5.894e-04,0.499,0.222,28236
452,6.04407,6.54999,5.893e-04,0.573,0.261,28367
453,6.24898,6.54999,5.892e-04,0.527,0.246,28250
454,6.10770,6.54999,5.891e-04,0.760,0.352,28183
455,6.00168,6.54999,5.890e-04,0.507,0.242,28187
456,6.23646,6.54999,5.889e-04,0.651,0.298,28191
457,6.08559,6.54999,5.889e-04,0.571,0.225,28150
458,6.21482,6.54999,5.888e-04,0.568,0.262,28319
459,6.19463,6.54999,5.887e-04,0.591,0.240,28283
460,6.08894,6.54999,5.886e-04,0.671,0.306,28172
461,6.12804,6.54999,5.885e-04,0.463,0.199,28254
462,6.00858,6.54999,5.884e-04,0.491,0.213,28196
463,6.20741,6.54999,5.883e-04,0.467,0.190,28216
464,6.15950,6.54999,5.882e-04,0.443,0.183,28288
465,6.28296,6.54999,5.882e-04,0.521,0.203,28272
466,5.94261,6.54999,5.881e-04,0.455,0.193,28190
467,6.16864,6.54999,5.880e-04,0.519,0.243,28177
468,5.96584,6.54999,5.879e-04,0.618,0.297,28231
469,6.23346,6.54999,5.878e-04,0.772,0.324,28175
470,6.05564,6.54999,5.877e-04,0.713,0.327,28286
471,6.18220,6.54999,5.876e-04,0.602,0.239,28307
472,6.07856,6.54999,5.875e-04,0.567,0.259,28141
473,6.10767,6.54999,5.874e-04,0.603,0.278,28212
474,6.15088,6.54999,5.873e-04,0.516,0.230,28180
475,6.12349,6.54999,5.872e-04,0.499,0.211,28192
476,6.11730,6.54999,5.872e-04,0.574,0.254,28212
477,5.97430,6.54999,5.871e-04,0.512,0.221,28333
478,5.96084,6.54999,5.870e-04,0.726,0.358,28222
479,6.03224,6.54999,5.869e-04,0.668,0.334,28175
480,6.23836,6.54999,5.868e-04,0.519,0.215,28180
481,5.97304,6.54999,5.867e-04,0.613,0.289,28258
482,6.05718,6.54999,5.866e-04,0.514,0.228,28188
483,6.23220,6.54999,5.865e-04,0.477,0.187,28355
484,6.26534,6.54999,5.864e-04,0.461,0.181,28238
485,6.14580,6.54999,5.863e-04,0.550,0.233,28227
486,6.00077,6.54999,5.862e-04,0.463,0.193,28183
487,6.03028,6.54999,5.861e-04,0.564,0.262,28178
488,6.13367,6.54999,5.860e-04,0.440,0.181,28207
489,6.23291,6.54999,5.859e-04,0.440,0.184,28316
490,6.08225,6.54999,5.858e-04,0.487,0.198,28270
491,6.23346,6.54999,5.857e-04,0.526,0.223,28180
492,6.07410,6.54999,5.856e-04,0.616,0.280,28176
493,6.09327,6.54999,5.855e-04,0.590,0.265,28205
494,6.10782,6.54999,5.854e-04,0.527,0.218,28177
495,6.42724,6.54999,5.853e-04,0.584,0.222,28277
496,6.11394,6.54999,5.852e-04,0.805,0.399,28310
497,6.10519,6.54999,5.851e-04,0.500,0.196,28210
498,6.04894,6.54999,5.850e-04,0.603,0.283,28191
499,6.00526,6.54999,5.849e-04,0.560,0.231,28180
500,6.13267,5.99914,5.848e-04,0.504,0.204,8549
501,6.11807,5.99914,5.847e-04,0.648,0.210,28589
502,5.92095,5.99914,5.846e-04,0.557,0.254,28194
503,5.99779,5.99914,5.845e-04,0.650,0.327,28244
504,5.99046,5.99914,5.844e-04,0.474,0.181,28314
505,5.95328,5.99914,5.843e-04,0.572,0.261,28193
506,6.10617,5.99914,5.842e-04,0.604,0.263,28186
507,6.09690,5.99914,5.841e-04,0.511,0.191,28203
508,6.05941,5.99914,5.840e-04,0.526,0.230,28204
509,6.01599,5.99914,5.839e-04,0.509,0.198,28238
510,6.13518,5.99914,5.838e-04,0.603,0.247,28354
511,5.85058,5.99914,5.837e-04,0.632,0.322,27937
512,5.93905,5.99914,5.836e-04,0.534,0.226,28203
513,5.86501,5.99914,5.835e-04,0.642,0.252,28226
514,6.04848,5.99914,5.834e-04,0.508,0.210,28196
515,6.00214,5.99914,5.833e-04,0.592,0.254,28178
516,5.99446,5.99914,5.832e-04,0.573,0.275,28361
517,5.99372,5.99914,5.831e-04,0.549,0.221,28324
518,5.95781,5.99914,5.830e-04,0.573,0.243,28203
519,6.00524,5.99914,5.829e-04,0.637,0.298,28209
520,6.01515,5.99914,5.828e-04,0.645,0.282,28206
521,6.12041,5.99914,5.827e-04,0.710,0.331,28172
522,5.85355,5.99914,5.826e-04,0.619,0.282,28321
523,5.94811,5.99914,5.825e-04,0.502,0.202,28311
524,6.09822,5.99914,5.824e-04,0.550,0.219,28216
525,5.99982,5.99914,5.822e-04,0.567,0.266,28183
526,5.90316,5.99914,5.821e-04,0.568,0.237,28188
527,5.94798,5.99914,5.820e-04,0.675,0.359,28197
528,5.95941,5.99914,5.819e-04,0.546,0.231,28261
529,5.99895,5.99914,5.818e-04,0.496,0.211,28376
530,5.98352,5.99914,5.817e-04,0.533,0.245,28167
531,5.91692,5.99914,5.816e-04,0.494,0.191,28220
532,5.99388,5.99914,5.815e-04,0.531,0.230,28193
533,5.98563,5.99914,5.814e-04,0.449,0.162,28177
534,6.06990,5.99914,5.813e-04,0.501,0.208,28251
535,5.83993,5.99914,5.812e-04,0.561,0.243,28333
536,6.03528,5.99914,5.810e-04,0.481,0.191,28239
537,6.04332,5.99914,5.809e-04,0.545,0.239,28218
538,5.87027,5.99914,5.808e-04,0.541,0.219,28163
539,6.07696,5.99914,5.807e-04,0.486,0.177,28185
540,5.94552,5.99914,5.806e-04,0.531,0.224,28194
541,5.97765,5.99914,5.805e-04,0.581,0.251,28327
542,5.90718,5.99914,5.804e-04,0.483,0.192,28221
543,5.91019,5.99914,5.803e-04,0.563,0.241,28190
544,5.99030,5.99914,5.801e-04,0.535,0.218,28212
545,5.98773,5.99914,5.800e-04,0.549,0.226,28179
546,6.14077,5.99914,5.799e-04,0.594,0.255,28185
547,6.16144,5.99914,5.798e-04,0.511,0.193,28325
548,6.04221,5.99914,5.797e-04,0.499,0.185,28320
549,5.89787,5.99914,5.796e-04,0.516,0.224,28183
550,5.93721,5.99914,5.794e-04,0.518,0.222,28160
551,5.92698,5.99914,5.793e-04,0.560,0.246,28202
552,5.88388,5.99914,5.792e-04,0.570,0.260,28208
553,5.76157,5.99914,5.791e-04,0.664,0.325,28308
554,6.04381,5.99914,5.790e-04,0.577,0.265,28300
555,5.95804,5.99914,5.789e-04,0.570,0.240,28159
556,6.02257,5.99914,5.787e-04,0.514,0.204,28219
557,5.91331,5.99914,5.786e-04,0.495,0.199,28189
558,5.83831,5.99914,5.785e-04,0.579,0.234,28170
559,5.95701,5.99914,5.784e-04,0.501,0.209,28276
560,5.86686,5.99914,5.783e-04,0.532,0.238,28350
561,5.99494,5.99914,5.782e-04,0.537,0.240,28278
562,5.83136,5.99914,5.780e-04,0.564,0.261,28216
563,5.91069,5.99914,5.779e-04,0.524,0.215,28180
564,6.03649,5.99914,5.778e-04,0.544,0.235,28184
565,5.80661,5.99914,5.777e-04,0.583,0.252,28243
566,5.88700,5.99914,5.776e-04,0.483,0.212,28346
567,5.93326,5.99914,5.774e-04,0.502,0.201,28243
568,5.81954,5.99914,5.773e-04,0.517,0.223,28191
569,6.01071,5.99914,5.772e-04,0.524,0.203,28220
570,5.88706,5.99914,5.771e-04,0.548,0.235,28188
571,5.88672,5.99914,5.769e-04,0.502,0.224,28182
572,5.96594,5.99914,5.768e-04,0.541,0.220,28326
573,6.04189,5.99914,5.767e-04,0.485,0.184,28233
574,6.00800,5.99914,5.766e-04,0.654,0.283,28198
575,5.77194,5.99914,5.765e-04,0.567,0.230,28186
576,5.99319,5.99914,5.763e-04,0.629,0.285,28221
577,5.77647,5.99914,5.762e-04,0.577,0.251,28193
578,5.89028,5.99914,5.761e-04,0.559,0.247,28309
579,5.94865,5.99914,5.760e-04,0.614,0.231,28330
580,5.97060,5.99914,5.758e-04,0.569,0.238,28193
581,5.91172,5.99914,5.757e-04,0.630,0.266,28248
582,5.70765,5.99914,5.756e-04,0.541,0.195,28196
583,6.03186,5.99914,5.755e-04,0.533,0.201,28201
584,5.75780,5.99914,5.753e-04,0.601,0.228,28303
585,5.88650,5.99914,5.752e-04,0.496,0.195,28344
586,5.91892,5.99914,5.751e-04,0.597,0.220,28207
587,5.84620,5.99914,5.749e-04,0.495,0.196,28201
588,5.96389,5.99914,5.748e-04,0.545,0.217,28169
589,5.96242,5.99914,5.747e-04,0.502,0.192,28200
590,6.12114,5.99914,5.746e-04,0.662,0.209,28242
591,5.96243,5.99914,5.744e-04,0.523,0.216,28350
592,6.08680,5.99914,5.743e-04,0.641,0.251,28242
593,6.01838,5.99914,5.742e-04,0.524,0.201,28186
594,5.90911,5.99914,5.740e-04,0.610,0.219,28197
595,5.79726,5.99914,5.739e-04,0.610,0.259,28196
596,5.92255,5.99914,5.738e-04,0.563,0.207,28219
597,5.84134,5.99914,5.737e-04,0.603,0.242,28341
598,5.93635,5.99914,5.735e-04,0.645,0.231,28231
599,5.92996,5.99914,5.734e-04,0.615,0.209,28201
600,5.85566,5.99914,5.733e-04,0.591,0.266,28175
601,5.81357,5.99914,5.731e-04,0.480,0.208,28226
602,6.03427,5.99914,5.730e-04,0.600,0.229,28209
603,6.07080,5.99914,5.729e-04,0.590,0.222,28319
604,5.92785,5.99914,5.727e-04,0.651,0.271,28284
605,5.87520,5.99914,5.726e-04,0.474,0.173,28220
606,5.98330,5.99914,5.725e-04,0.568,0.264,28179
607,5.97546,5.99914,5.723e-04,0.573,0.206,28196
608,5.86075,5.99914,5.722e-04,0.534,0.196,28205
609,5.98495,5.99914,5.721e-04,0.583,0.204,28283
610,5.91063,5.99914,5.719e-04,0.579,0.219,28338
611,5.90093,5.99914,5.718e-04,0.657,0.272,28189
612,5.91220,5.99914,5.717e-04,0.676,0.288,28163
613,6.13892,5.99914,5.715e-04,0.573,0.195,28210
614,5.96935,5.99914,5.714e-04,0.581,0.222,28207
615,5.95606,5.99914,5.713e-04,0.629,0.240,28271
616,5.98776,5.99914,5.711e-04,0.546,0.178,28345
617,5.98226,5.99914,5.710e-04,0.649,0.275,28218
618,5.86916,5.99914,5.708e-04,0.527,0.206,28166
619,5.82961,5.99914,5.707e-04,0.517,0.218,28198
620,5.88583,5.99914,5.706e-04,0.468,0.184,28201
621,5.82656,5.99914,5.704e-04,0.533,0.209,28187
622,5.73227,5.99914,5.703e-04,0.515,0.227,28371
623,5.99452,5.99914,5.702e-04,0.563,0.194,28244
624,5.73007,5.99914,5.700e-04,0.530,0.220,28194
625,5.84647,5.99914,5.699e-04,0.594,0.232,28238
626,5.61662,5.99914,5.697e-04,0.656,0.247,28164
627,5.81429,5.99914,5.696e-04,0.677,0.286,28207
628,5.74196,5.99914,5.695e-04,0.488,0.199,28321
629,5.96501,5.99914,5.693e-04,0.567,0.242,28298
630,5.90094,5.99914,5.692e-04,0.504,0.185,28166
631,5.87860,5.99914,5.690e-04,0.516,0.206,28204
632,5.69765,5.99914,5.689e-04,0.644,0.293,28160
633,5.74554,5.99914,5.688e-04,0.594,0.235,28201
634,5.72651,5.99914,5.686e-04,0.535,0.222,28333
635,5.78225,5.99914,5.685e-04,0.519,0.183,28287
636,5.94070,5.99914,5.683e-04,0.630,0.225,28190
637,5.72735,5.99914,5.682e-04,0.471,0.177,28207
638,5.76520,5.99914,5.680e-04,0.632,0.251,28185
639,5.94842,5.99914,5.679e-04,0.546,0.201,28192
640,5.86856,5.99914,5.678e-04,0.653,0.248,28320
641,5.92151,5.99914,5.676e-04,0.550,0.178,28307
642,5.68713,5.99914,5.675e-04,0.756,0.348,28203
643,5.84912,5.99914,5.673e-04,0.619,0.253,28228
644,5.84724,5.99914,5.672e-04,0.514,0.189,28214
645,5.84454,5.99914,5.670e-04,0.576,0.224,28170
646,5.82403,5.99914,5.669e-04,0.549,0.215,28247
647,5.60952,5.99914,5.667e-04,0.549,0.210,28336
648,5.82454,5.99914,5.666e-04,0.684,0.285,28236
649,5.89436,5.99914,5.665e-04,0.664,0.250,28206
650,5.87688,5.99914,5.663e-04,0.546,0.202,28179
651,5.80776,5.99914,5.662e-04,0.509,0.194,28189
652,6.03450,5.99914,5.660e-04,0.549,0.199,28216
653,5.79395,5.99914,5.659e-04,0.643,0.245,28331
654,5.69006,5.99914,5.657e-04,0.538,0.201,28263
655,5.66040,5.99914,5.656e-04,0.542,0.199,28180
656,5.82776,5.99914,5.654e-04,0.504,0.174,28199
657,5.88891,5.99914,5.653e-04,0.657,0.202,28194
658,5.83042,5.99914,5.651e-04,0.652,0.235,28214
659,5.95759,5.99914,5.650e-04,0.508,0.185,28338
660,5.75645,5.99914,5.648e-04,0.722,0.292,28299
661,5.73771,5.99914,5.647e-04,0.596,0.245,28285
662,5.92374,5.99914,5.645e-04,0.616,0.212,28172
663,5.88389,5.99914,5.644e-04,0.578,0.226,28212
664,5.95832,5.99914,5.642e-04,0.584,0.207,28220
665,5.96562,5.99914,5.641e-04,0.522,0.207,28296
666,5.70437,5.99914,5.639e-04,0.642,0.251,28327
667,5.89097,5.99914,5.638e-04,0.550,0.213,28205
668,5.76368,5.99914,5.636e-04,0.527,0.222,28187
669,5.90196,5.99914,5.635e-04,0.554,0.200,28202
670,5.71197,5.99914,5.633e-04,0.599,0.246,28236
671,5.80202,5.99914,5.632e-04,0.532,0.197,28243
672,5.91121,5.99914,5.630e-04,0.579,0.218,28361
673,5.91227,5.99914,5.629e-04,0.559,0.195,28187
674,5.84956,5.99914,5.627e-04,0.585,0.210,28220
675,5.79979,5.99914,5.626e-04,0.546,0.200,28187
676,5.74145,5.99914,5.624e-04,0.651,0.238,28172
677,5.92024,5.99914,5.622e-04,0.703,0.297,28220
678,5.86108,5.99914,5.621e-04,0.572,0.205,28363
679,5.78638,5.99914,5.619e-04,0.630,0.248,28262
680,5.83905,5.99914,5.618e-04,0.644,0.235,28216
681,5.73235,5.99914,5.616e-04,0.598,0.214,28258
682,5.85720,5.99914,5.615e-04,0.663,0.243,28175
683,5.74498,5.99914,5.613e-04,0.572,0.181,28200
684,5.87345,5.99914,5.612e-04,0.681,0.265,28336
685,5.77213,5.99914,5.610e-04,0.596,0.226,28293
686,5.78879,5.99914,5.608e-04,0.538,0.210,28189
687,5.58034,5.99914,5.607e-04,0.514,0.189,28199
688,5.80743,5.99914,5.605e-04,0.558,0.217,28195
689,5.76010,5.99914,5.604e-04,0.508,0.179,28193
690,5.93812,5.99914,5.602e-04,0.552,0.206,28314
691,5.59195,5.99914,5.601e-04,0.546,0.217,28293
692,6.05526,5.99914,5.599e-04,0.543,0.181,28156
693,5.66340,5.99914,5.597e-04,0.556,0.222,28231
694,5.80148,5.99914,5.596e-04,0.573,0.204,28180
695,6.00120,5.99914,5.594e-04,0.597,0.191,28173
696,5.69357,5.99914,5.593e-04,0.602,0.229,28269
697,5.78969,5.99914,5.591e-04,0.573,0.194,28366
698,5.89600,5.99914,5.589e-04,0.529,0.192,28223
699,5.81782,5.99914,5.588e-04,0.537,0.183,28207
700,5.89386,5.99914,5.586e-04,0.566,0.200,28215
701,5.71972,5.99914,5.585e-04,0.662,0.258,28190
702,5.59105,5.99914,5.583e-04,0.649,0.257,28230
703,5.77738,5.99914,5.581e-04,0.595,0.202,28333
704,5.73135,5.99914,5.580e-04,0.630,0.243,28228
705,5.80402,5.99914,5.578e-04,0.527,0.190,28183
706,5.82268,5.99914,5.576e-04,0.537,0.188,28213
707,5.79261,5.99914,5.575e-04,0.566,0.188,28181
708,5.89476,5.99914,5.573e-04,0.582,0.215,28195
709,5.73020,5.99914,5.572e-04,0.616,0.222,28330
710,5.60707,5.99914,5.570e-04,0.497,0.175,28290
711,5.73531,5.99914,5.568e-04,0.577,0.217,28160
712,5.63175,5.99914,5.567e-04,0.567,0.205,28211
713,5.71046,5.99914,5.565e-04,0.550,0.221,28200
714,5.64855,5.99914,5.563e-04,0.593,0.227,28196
715,5.55976,5.99914,5.562e-04,0.594,0.233,28337
716,5.56890,5.99914,5.560e-04,0.640,0.261,28315
717,5.81216,5.99914,5.558e-04,0.524,0.187,28193
718,5.60786,5.99914,5.557e-04,0.577,0.255,28215
719,5.87166,5.99914,5.555e-04,0.614,0.215,28198
720,5.70960,5.99914,5.553e-04,0.561,0.209,28197
721,5.64394,5.99914,5.552e-04,0.657,0.247,28237
722,5.68131,5.99914,5.550e-04,0.605,0.212,28335
723,5.82253,5.99914,5.548e-04,0.628,0.262,28163
724,5.73384,5.99914,5.547e-04,0.562,0.213,28208
725,5.78939,5.99914,5.545e-04,0.693,0.236,28185
726,5.67590,5.99914,5.543e-04,0.644,0.247,28164
727,5.82034,5.99914,5.542e-04,0.695,0.223,28255
728,6.04105,5.99914,5.540e-04,0.591,0.213,28333
729,5.79223,5.99914,5.538e-04,0.734,0.239,28184
730,5.61148,5.99914,5.537e-04,0.590,0.221,28169
731,5.71801,5.99914,5.535e-04,0.668,0.227,28181
732,5.78437,5.99914,5.533e-04,0.651,0.210,28216
733,5.70145,5.99914,5.531e-04,0.735,0.234,28199
734,5.87535,5.99914,5.530e-04,0.560,0.202,28316
735,5.82051,5.99914,5.528e-04,0.532,0.182,28249
736,5.76146,5.99914,5.526e-04,0.635,0.213,28177
737,5.51741,5.99914,5.525e-04,0.647,0.236,28202
738,5.74716,5.99914,5.523e-04,0.506,0.161,28182
739,5.76248,5.99914,5.521e-04,0.614,0.211,28172
740,5.71257,5.99914,5.519e-04,0.552,0.204,28352
741,5.75588,5.99914,5.518e-04,0.572,0.187,28235
742,5.73413,5.99914,5.516e-04,0.569,0.188,28227
743,5.73570,5.99914,5.514e-04,0.593,0.206,28202
744,5.59029,5.99914,5.512e-04,0.500,0.172,28178
745,5.64467,5.99914,5.511e-04,0.518,0.183,28167
746,5.75686,5.99914,5.509e-04,0.530,0.177,28263
747,5.88313,5.99914,5.507e-04,0.524,0.170,28316
748,5.73190,5.99914,5.506e-04,0.656,0.238,28154
749,5.72010,5.99914,5.504e-04,0.570,0.203,28209
750,5.93523,5.65316,5.502e-04,0.555,0.189,8548
751,5.75092,5.65316,5.500e-04,0.622,0.230,28616
752,5.73628,5.65316,5.499e-04,0.500,0.175,28141
753,5.75263,5.65316,5.497e-04,0.620,0.209,28188
754,5.62142,5.65316,5.495e-04,0.527,0.174,28251
755,5.53625,5.65316,5.493e-04,0.551,0.197,28331
756,5.71716,5.65316,5.491e-04,0.512,0.157,28184
757,5.58294,5.65316,5.490e-04,0.553,0.204,28200
758,5.77779,5.65316,5.488e-04,0.628,0.216,28202
759,5.70409,5.65316,5.486e-04,0.616,0.206,28190
760,5.70608,5.65316,5.484e-04,0.539,0.190,28229
761,5.69914,5.65316,5.483e-04,0.614,0.219,28314
762,5.97907,5.65316,5.481e-04,0.533,0.174,28245
763,5.52808,5.65316,5.479e-04,0.658,0.290,28149
764,5.48528,5.65316,5.477e-04,0.628,0.264,28202
765,5.69842,5.65316,5.475e-04,0.500,0.182,28197
766,5.67214,5.65316,5.474e-04,0.591,0.239,28207
767,5.75935,5.65316,5.472e-04,0.549,0.168,28326
768,5.69740,5.65316,5.470e-04,0.549,0.201,28238
769,5.51841,5.65316,5.468e-04,0.539,0.201,28196
770,5.55477,5.65316,5.466e-04,0.501,0.166,28159
771,5.82209,5.65316,5.465e-04,0.551,0.209,28172
772,5.72732,5.65316,5.463e-04,0.463,0.162,28210
773,5.72688,5.65316,5.461e-04,0.559,0.199,28332
774,5.55088,5.65316,5.459e-04,0.608,0.220,28289
775,5.70824,5.65316,5.457e-04,0.623,0.214,28190
776,5.77676,5.65316,5.456e-04,0.558,0.186,28214
777,5.58028,5.65316,5.454e-04,0.664,0.240,28173
778,5.58119,5.65316,5.452e-04,0.542,0.178,28182
779,5.73507,5.65316,5.450e-04,0.623,0.195,28269
780,5.75604,5.65316,5.448e-04,0.609,0.200,28349
781,5.68721,5.65316,5.446e-04,0.655,0.215,28254
782,5.55787,5.65316,5.445e-04,0.595,0.237,28181
783,5.62594,5.65316,5.443e-04,0.523,0.185,28193
784,5.75541,5.65316,5.441e-04,0.563,0.185,28196
785,5.47874,5.65316,5.439e-04,0.527,0.198,28243
786,5.67316,5.65316,5.437e-04,0.600,0.192,28354
787,5.74820,5.65316,5.435e-04,0.530,0.184,28173
788,5.62645,5.65316,5.433e-04,0.570,0.200,28191
789,5.80865,5.65316,5.432e-04,0.570,0.202,28158
790,5.67344,5.65316,5.430e-04,0.537,0.175,28188
791,5.80718,5.65316,5.428e-04,0.559,0.192,28209
792,5.53404,5.65316,5.426e-04,0.598,0.205,28361
793,5.77131,5.65316,5.424e-04,0.523,0.174,28236
794,5.60677,5.65316,5.422e-04,0.570,0.186,28163
795,5.94263,5.65316,5.420e-04,0.685,0.224,28176
796,5.85006,5.65316,5.418e-04,0.875,0.258,28200
797,5.61331,5.65316,5.417e-04,0.554,0.206,28197
798,5.65080,5.65316,5.415e-04,0.684,0.221,28326
799,5.78171,5.65316,5.413e-04,0.607,0.192,28242
800,5.67514,5.65316,5.411e-04,0.576,0.194,28201
801,5.67718,5.65316,5.409e-04,0.655,0.217,28260
802,5.79716,5.65316,5.407e-04,0.606,0.195,28151
803,5.62628,5.65316,5.405e-04,0.536,0.186,28175
804,5.46828,5.65316,5.403e-04,0.602,0.205,28315
805,5.71045,5.65316,5.401e-04,0.659,0.222,28336
806,5.73963,5.65316,5.400e-04,0.643,0.218,28173
807,5.60390,5.65316,5.398e-04,0.522,0.183,28227
808,5.59637,5.65316,5.396e-04,0.555,0.202,28221
809,5.61865,5.65316,5.394e-04,0.518,0.181,28191
810,5.58782,5.65316,5.392e-04,0.551,0.186,28264
811,5.69152,5.65316,5.390e-04,0.545,0.177,28347
812,5.69562,5.65316,5.388e-04,0.522,0.164,28215
813,5.58672,5.65316,5.386e-04,0.583,0.208,28182
814,5.75066,5.65316,5.384e-04,0.588,0.191,28175
815,5.81966,5.65316,5.382e-04,0.647,0.187,28221
816,5.74342,5.65316,5.380e-04,0.567,0.178,28217
817,5.55347,5.65316,5.378e-04,0.671,0.235,28331
818,5.58058,5.65316,5.377e-04,0.534,0.183,28206
819,5.69493,5.65316,5.375e-04,0.605,0.203,28186
820,5.77924,5.65316,5.373e-04,0.571,0.171,28210
821,5.67006,5.65316,5.371e-04,0.598,0.202,28182
822,5.66815,5.65316,5.369e-04,0.564,0.193,28186
823,5.73269,5.65316,5.367e-04,0.598,0.222,28354
824,5.55624,5.65316,5.365e-04,0.568,0.193,28248
825,5.70324,5.65316,5.363e-04,0.531,0.171,28218
826,5.64761,5.65316,5.361e-04,0.512,0.185,28172
827,5.80692,5.65316,5.359e-04,0.717,0.237,28193
828,5.63800,5.65316,5.357e-04,0.644,0.198,28201
829,5.67865,5.65316,5.355e-04,0.596,0.194,28297
830,5.70683,5.65316,5.353e-04,0.628,0.189,28317
831,5.70372,5.65316,5.351e-04,0.596,0.191,28190
832,5.75612,5.65316,5.349e-04,0.597,0.192,28225
833,5.66700,5.65316,5.347e-04,0.554,0.167,28227
834,5.74910,5.65316,5.345e-04,0.562,0.182,28128
835,5.66248,5.65316,5.343e-04,0.577,0.190,28318
836,5.71888,5.65316,5.341e-04,0.561,0.186,28322
837,5.61320,5.65316,5.339e-04,0.532,0.184,28189
838,5.56298,5.65316,5.337e-04,0.547,0.172,28172
839,5.82157,5.65316,5.335e-04,0.621,0.187,28207
840,5.40145,5.65316,5.333e-04,0.534,0.190,28210
841,5.56494,5.65316,5.331e-04,0.605,0.195,28232
842,5.67716,5.65316,5.329e-04,0.531,0.158,28362
843,5.65510,5.65316,5.327e-04,0.633,0.195,28174
844,5.66615,5.65316,5.325e-04,0.625,0.198,28241
845,5.46872,5.65316,5.323e-04,0.564,0.186,28203
846,5.59382,5.65316,5.321e-04,0.591,0.212,28160
847,5.63534,5.65316,5.319e-04,0.592,0.171,28218
848,5.75813,5.65316,5.317e-04,0.531,0.175,28343
849,5.62715,5.65316,5.315e-04,0.594,0.196,28230
850,5.59129,5.65316,5.313e-04,0.585,0.218,28172
851,5.54424,5.65316,5.311e-04,0.644,0.215,28193
852,5.71011,5.65316,5.309e-04,0.578,0.198,28207
853,5.61579,5.65316,5.307e-04,0.594,0.204,28212
854,5.64798,5.65316,5.305e-04,0.547,0.188,28336
855,5.56251,5.65316,5.303e-04,0.583,0.193,28293
856,5.52615,5.65316,5.301e-04,0.579,0.194,28189
857,5.71310,5.65316,5.299e-04,0.551,0.178,28222
858,5.68282,5.65316,5.297e-04,0.536,0.159,28196
859,5.64645,5.65316,5.295e-04,0.530,0.166,28203
860,5.63294,5.65316,5.293e-04,0.581,0.203,28252
861,5.67729,5.65316,5.291e-04,0.593,0.197,28267
862,5.47736,5.65316,5.289e-04,0.565,0.183,28169
863,5.31013,5.65316,5.287e-04,0.573,0.203,28192
864,5.39152,5.65316,5.285e-04,0.628,0.236,28230
865,5.49838,5.65316,5.283e-04,0.676,0.223,28168
866,5.59480,5.65316,5.281e-04,0.586,0.191,28249
867,5.57568,5.65316,5.279e-04,0.686,0.231,28340
868,5.55905,5.65316,5.276e-04,0.601,0.194,28165
869,5.59222,5.65316,5.274e-04,0.594,0.207,28182
870,5.67866,5.65316,5.272e-04,0.514,0.163,28218
871,5.60285,5.65316,5.270e-04,0.604,0.212,28204
872,5.65678,5.65316,5.268e-04,0.548,0.167,28237
873,5.76557,5.65316,5.266e-04,0.577,0.179,28355
874,5.48638,5.65316,5.264e-04,0.565,0.183,28235
875,5.59474,5.65316,5.262e-04,0.632,0.208,28183
876,5.65618,5.65316,5.260e-04,0.599,0.194,28245
877,5.45415,5.65316,5.258e-04,0.644,0.207,28178
878,5.50384,5.65316,5.256e-04,0.561,0.199,28220
879,5.74794,5.65316,5.254e-04,0.744,0.201,28340
880,5.46855,5.65316,5.252e-04,0.567,0.201,28285
881,5.88001,5.65316,5.249e-04,0.695,0.214,28233
882,5.44706,5.65316,5.247e-04,0.636,0.214,28226
883,5.48513,5.65316,5.245e-04,0.569,0.191,28226
884,5.40715,5.65316,5.243e-04,0.563,0.192,28209
885,5.69843,5.65316,5.241e-04,0.610,0.178,28353
886,5.67270,5.65316,5.239e-04,0.540,0.174,28270
887,5.56974,5.65316,5.237e-04,0.662,0.232,28227
888,5.67776,5.65316,5.235e-04,0.578,0.164,28195
889,5.51561,5.65316,5.233e-04,0.606,0.205,28186
890,5.65612,5.65316,5.230e-04,0.641,0.190,28223
891,5.67229,5.65316,5.228e-04,0.572,0.168,28308
892,5.73692,5.65316,5.226e-04,0.606,0.171,28318
893,5.60863,5.65316,5.224e-04,0.605,0.172,28206
894,5.44884,5.65316,5.222e-04,0.575,0.190,28205
895,5.62093,5.65316,5.220e-04,0.578,0.175,28175
896,5.49310,5.65316,5.218e-04,0.566,0.169,28205
897,5.56927,5.65316,5.216e-04,0.552,0.159,28262
898,5.36613,5.65316,5.213e-04,0.540,0.174,28348
899,5.49715,5.65316,5.211e-04,0.618,0.183,28218
900,5.62695,5.65316,5.209e-04,0.571,0.160,28225
901,5.65268,5.65316,5.207e-04,0.644,0.183,28216
902,5.62135,5.65316,5.205e-04,0.512,0.148,28188
903,5.61941,5.65316,5.203e-04,0.626,0.222,28213
904,5.67268,5.65316,5.201e-04,0.557,0.159,28321
905,5.44138,5.65316,5.198e-04,0.639,0.213,28265
906,5.45013,5.65316,5.196e-04,0.551,0.186,28187
907,5.53547,5.65316,5.194e-04,0.641,0.219,28196
908,5.45908,5.65316,5.192e-04,0.579,0.213,28204
909,5.57926,5.65316,5.190e-04,0.530,0.159,28193
910,5.50631,5.65316,5.188e-04,0.606,0.199,28290
911,5.55362,5.65316,5.185e-04,0.559,0.167,28278
912,5.54631,5.65316,5.183e-04,0.578,0.175,28175
913,5.60021,5.65316,5.181e-04,0.732,0.231,28206
914,5.66435,5.65316,5.179e-04,0.594,0.185,28215
915,5.71041,5.65316,5.177e-04,0.638,0.200,28196
916,5.50412,5.65316,5.175e-04,0.691,0.230,28283
917,5.52218,5.65316,5.172e-04,0.596,0.173,28319
918,5.48855,5.65316,5.170e-04,0.725,0.245,28211
919,5.58052,5.65316,5.168e-04,0.557,0.178,28184
920,5.53436,5.65316,5.166e-04,0.673,0.205,28223
921,5.53272,5.65316,5.164e-04,0.601,0.175,28190
922,5.58664,5.65316,5.161e-04,0.724,0.190,28257
923,5.37571,5.65316,5.159e-04,0.611,0.197,28347
924,5.64298,5.65316,5.157e-04,0.667,0.205,28220
925,5.48421,5.65316,5.155e-04,0.556,0.178,28215
926,5.49300,5.65316,5.153e-04,0.567,0.187,28184
927,5.52078,5.65316,5.150e-04,0.587,0.194,28202
928,5.53784,5.65316,5.148e-04,0.608,0.191,28265
929,5.48441,5.65316,5.146e-04,0.635,0.200,28372
930,5.51583,5.65316,5.144e-04,0.549,0.159,28270
931,5.50036,5.65316,5.142e-04,0.537,0.172,28181
932,5.51474,5.65316,5.139e-04,0.574,0.170,28183
933,5.59891,5.65316,5.137e-04,0.555,0.157,28219
934,5.63183,5.65316,5.135e-04,0.590,0.181,28190
935,5.38854,5.65316,5.133e-04,0.597,0.197,28334
936,5.33589,5.65316,5.131e-04,0.695,0.227,28245
937,5.57453,5.65316,5.128e-04,0.549,0.174,28191
938,5.59210,5.65316,5.126e-04,0.539,0.156,28217
939,5.57511,5.65316,5.124e-04,0.639,0.200,28192
940,5.55298,5.65316,5.122e-04,0.541,0.166,28206
941,5.49814,5.65316,5.119e-04,0.669,0.198,28242
942,5.53377,5.65316,5.117e-04,0.606,0.174,28326
943,5.57025,5.65316,5.115e-04,0.681,0.214,28175
944,5.76194,5.65316,5.113e-04,0.700,0.203,28200
945,5.52508,5.65316,5.110e-04,0.608,0.181,28189
946,5.61471,5.65316,5.108e-04,0.620,0.196,28208
947,5.59877,5.65316,5.106e-04,0.605,0.169,28316
948,5.62121,5.65316,5.104e-04,0.581,0.162,28349
949,5.41581,5.65316,5.101e-04,0.624,0.217,28185
950,5.56111,5.65316,5.099e-04,0.558,0.169,28213
951,5.63439,5.65316,5.097e-04,0.587,0.186,28173
952,5.62094,5.65316,5.095e-04,0.564,0.173,28229
953,5.60978,5.65316,5.092e-04,0.592,0.181,28222
954,5.63245,5.65316,5.090e-04,0.719,0.218,28350
955,5.69919,5.65316,5.088e-04,0.591,0.158,28215
956,5.60282,5.65316,5.086e-04,0.649,0.203,28191
957,5.50986,5.65316,5.083e-04,0.560,0.166,28214
958,5.54102,5.65316,5.081e-04,0.609,0.188,28189
959,5.52266,5.65316,5.079e-04,0.531,0.150,28203
960,5.42708,5.65316,5.076e-04,0.586,0.184,28358
961,5.83545,5.65316,5.074e-04,0.595,0.171,28210
962,5.49536,5.65316,5.072e-04,0.659,0.204,28199
963,5.56390,5.65316,5.070e-04,0.589,0.165,28220
964,5.52786,5.65316,5.067e-04,0.553,0.172,28198
965,5.60372,5.65316,5.065e-04,0.656,0.179,28198
966,5.49788,5.65316,5.063e-04,0.691,0.211,28332
967,5.56227,5.65316,5.060e-04,0.691,0.191,28296
968,5.48535,5.65316,5.058e-04,0.696,0.225,28223
969,5.48968,5.65316,5.056e-04,0.648,0.198,28171
970,5.42559,5.65316,5.054e-04,0.647,0.178,28169
971,5.58695,5.65316,5.051e-04,0.589,0.189,28213
972,5.70306,5.65316,5.049e-04,0.587,0.145,28298
973,5.41199,5.65316,5.047e-04,0.570,0.170,28333
974,5.44957,5.65316,5.044e-04,0.563,0.166,28194
975,5.55053,5.65316,5.042e-04,0.580,0.163,28241
976,5.66037,5.65316,5.040e-04,0.681,0.182,28170
977,5.56735,5.65316,5.037e-04,0.550,0.158,28207
978,5.40356,5.65316,5.035e-04,0.608,0.195,28324
979,5.61009,5.65316,5.033e-04,0.605,0.162,28342
980,5.42664,5.65316,5.030e-04,0.567,0.166,28207
981,5.38369,5.65316,5.028e-04,0.579,0.177,28249
982,5.34298,5.65316,5.026e-04,0.600,0.176,28179
983,5.62048,5.65316,5.023e-04,0.614,0.183,28194
984,5.47349,5.65316,5.021e-04,0.626,0.172,28244
985,5.50802,5.65316,5.019e-04,0.603,0.178,28337
986,5.43762,5.65316,5.016e-04,0.671,0.202,28241
987,5.41973,5.65316,5.014e-04,0.619,0.189,28200
988,5.49755,5.65316,5.012e-04,0.667,0.234,28168
989,5.52829,5.65316,5.009e-04,0.635,0.207,28203
990,5.67621,5.65316,5.007e-04,0.645,0.174,28220
991,5.50796,5.65316,5.005e-04,0.593,0.172,28343
992,5.46803,5.65316,5.002e-04,0.520,0.144,28270
993,5.34617,5.65316,5.000e-04,0.640,0.205,28225
994,5.44367,5.65316,4.998e-04,0.587,0.171,28195
995,5.59244,5.65316,4.995e-04,0.620,0.171,28216
996,5.36923,5.65316,4.993e-04,0.632,0.179,28205
997,5.40140,5.65316,4.991e-04,0.693,0.243,28308
998,5.38341,5.65316,4.988e-04,0.579,0.187,28325
999,5.43342,5.65316,4.986e-04,0.610,0.204,28199
1000,5.50302,5.44763,4.983e-04,0.616,0.199,8556
1001,5.44758,5.44763,4.981e-04,0.610,0.196,28616
1002,5.54351,5.44763,4.979e-04,0.721,0.213,28197
1003,5.55417,5.44763,4.976e-04,0.663,0.186,28197
1004,5.39281,5.44763,4.974e-04,0.692,0.193,28167
1005,5.55388,5.44763,4.972e-04,0.604,0.158,28258
1006,5.52656,5.44763,4.969e-04,0.688,0.183,28341
1007,5.35556,5.44763,4.967e-04,0.632,0.182,28196
1008,5.46643,5.44763,4.964e-04,0.669,0.198,28212
1009,5.25369,5.44763,4.962e-04,0.586,0.180,28160
1010,5.40940,5.44763,4.960e-04,0.616,0.200,28229
1011,5.56703,5.44763,4.957e-04,0.595,0.159,28193
1012,5.55215,5.44763,4.955e-04,0.694,0.189,28346
1013,5.49785,5.44763,4.952e-04,0.582,0.167,28244
1014,5.37328,5.44763,4.950e-04,0.596,0.181,28210
1015,5.28183,5.44763,4.948e-04,0.665,0.228,28215
1016,5.33494,5.44763,4.945e-04,0.730,0.260,28204
1017,5.48995,5.44763,4.943e-04,0.587,0.164,28203
1018,5.24529,5.44763,4.940e-04,0.608,0.199,28339
1019,5.44313,5.44763,4.938e-04,0.625,0.192,28293
1020,5.53618,5.44763,4.936e-04,0.654,0.185,28192
1021,5.46091,5.44763,4.933e-04,0.627,0.183,28225
1022,5.44195,5.44763,4.931e-04,0.656,0.176,28175
1023,5.37557,5.44763,4.928e-04,0.615,0.175,28193
1024,5.47873,5.44763,4.926e-04,0.590,0.154,28262
1025,5.35360,5.44763,4.924e-04,0.594,0.191,28326
1026,5.45632,5.44763,4.921e-04,0.584,0.152,28190
1027,5.45563,5.44763,4.919e-04,0.584,0.167,28173
1028,5.34430,5.44763,4.916e-04,0.628,0.186,28182
1029,5.52825,5.44763,4.914e-04,0.593,0.151,28194
1030,5.68831,5.44763,4.911e-04,0.596,0.151,28255
1031,5.55432,5.44763,4.909e-04,0.610,0.174,28312
1032,5.54298,5.44763,4.907e-04,0.540,0.160,28207
1033,5.49541,5.44763,4.904e-04,0.549,0.155,28193
1034,5.33996,5.44763,4.902e-04,0.577,0.164,28234
1035,5.49243,5.44763,4.899e-04,0.613,0.161,28184
1036,5.52796,5.44763,4.897e-04,0.552,0.147,28252
1037,5.38781,5.44763,4.894e-04,0.634,0.198,28293
1038,5.35710,5.44763,4.892e-04,0.668,0.206,28193
1039,5.35910,5.44763,4.889e-04,0.649,0.213,28196
1040,5.50187,5.44763,4.887e-04,0.603,0.163,28240
1041,5.28843,5.44763,4.885e-04,0.578,0.171,28202
1042,5.38554,5.44763,4.882e-04,0.602,0.151,28230
1043,5.32900,5.44763,4.880e-04,0.693,0.216,28335
1044,5.49835,5.44763,4.877e-04,0.588,0.153,28260
1045,5.48319,5.44763,4.875e-04,0.611,0.180,28213
1046,5.47087,5.44763,4.872e-04,0.600,0.175,28177
1047,5.33473,5.44763,4.870e-04,0.597,0.193,28210
1048,5.33090,5.44763,4.867e-04,0.683,0.176,28193
1049,5.39856,5.44763,4.865e-04,0.655,0.196,28333
1050,5.47029,5.44763,4.862e-04,0.681,0.203,28261
1051,5.41482,5.44763,4.860e-04,0.632,0.197,28154
1052,5.35676,5.44763,4.857e-04,0.564,0.166,28182
1053,5.39985,5.44763,4.855e-04,0.601,0.196,28206
1054,5.34453,5.44763,4.853e-04,0.582,0.156,28148
1055,5.38350,5.44763,4.850e-04,0.658,0.232,28332
1056,5.39905,5.44763,4.848e-04,0.670,0.193,28293
1057,5.13988,5.44763,4.845e-04,0.592,0.188,28210
1058,5.55765,5.44763,4.843e-04,0.710,0.185,28184
1059,5.33738,5.44763,4.840e-04,0.609,0.171,28180
1060,5.36705,5.44763,4.838e-04,0.668,0.180,28185
1061,5.47603,5.44763,4.835e-04,0.556,0.173,28262
1062,5.32284,5.44763,4.833e-04,0.603,0.169,28367
1063,5.50512,5.44763,4.830e-04,0.587,0.155,28205
1064,5.48470,5.44763,4.828e-04,0.573,0.152,28202
1065,5.54722,5.44763,4.825e-04,0.524,0.147,28177
1066,5.49053,5.44763,4.823e-04,0.573,0.147,28191
1067,5.44627,5.44763,4.820e-04,0.533,0.147,28207
1068,5.25176,5.44763,4.818e-04,0.679,0.234,28342
1069,5.47102,5.44763,4.815e-04,0.637,0.182,28237
1070,5.32913,5.44763,4.813e-04,0.582,0.196,28183
1071,5.42736,5.44763,4.810e-04,0.599,0.186,28177
1072,5.40580,5.44763,4.808e-04,0.570,0.169,28219
1073,5.46839,5.44763,4.805e-04,0.584,0.162,28175
1074,5.45147,5.44763,4.803e-04,0.733,0.166,28357
1075,5.34522,5.44763,4.800e-04,0.585,0.158,28243
1076,5.34532,5.44763,4.798e-04,0.624,0.152,28186
1077,5.48769,5.44763,4.795e-04,0.640,0.186,28175
1078,5.26723,5.44763,4.792e-04,0.608,0.183,28174
1079,5.50058,5.44763,4.790e-04,0.559,0.144,28192
1080,5.41310,5.44763,4.787e-04,0.663,0.201,28324
1081,5.67327,5.44763,4.785e-04,0.581,0.147,28278
1082,5.30849,5.44763,4.782e-04,0.865,0.244,28196
1083,5.50384,5.44763,4.780e-04,0.587,0.154,28182
1084,5.37976,5.44763,4.777e-04,0.593,0.161,28198
1085,5.35409,5.44763,4.775e-04,0.588,0.163,28181
1086,5.47054,5.44763,4.772e-04,0.541,0.141,28286
1087,5.45743,5.44763,4.770e-04,0.616,0.157,28327
1088,5.24699,5.44763,4.767e-04,0.611,0.173,28181
1089,5.48372,5.44763,4.765e-04,0.580,0.151,28221
1090,5.25169,5.44763,4.762e-04,0.636,0.190,28174
1091,5.32278,5.44763,4.759e-04,0.646,0.174,28168
1092,5.38350,5.44763,4.757e-04,0.625,0.155,28240
1093,5.39516,5.44763,4.754e-04,0.608,0.181,28363
1094,5.30200,5.44763,4.752e-04,0.613,0.155,28217
1095,5.50539,5.44763,4.749e-04,0.595,0.164,28211
1096,5.44280,5.44763,4.747e-04,0.685,0.191,28197
1097,5.63126,5.44763,4.744e-04,0.600,0.165,28228
1098,5.33401,5.44763,4.742e-04,0.705,0.207,28180
1099,5.18034,5.44763,4.739e-04,0.762,0.247,28336
1100,5.37280,5.44763,4.736e-04,0.680,0.220,28224
1101,5.41929,5.44763,4.734e-04,0.620,0.162,28251
1102,5.25919,5.44763,4.731e-04,0.654,0.225,28179
1103,5.26350,5.44763,4.729e-04,0.626,0.166,28191
1104,5.55159,5.44763,4.726e-04,0.611,0.155,28210
1105,5.44760,5.44763,4.724e-04,0.688,0.176,28314
1106,5.39082,5.44763,4.721e-04,0.697,0.197,28273
1107,5.47323,5.44763,4.718e-04,0.621,0.175,28207
1108,5.35797,5.44763,4.716e-04,0.649,0.197,28160
1109,5.34210,5.44763,4.713e-04,0.639,0.164,28203
1110,5.30017,5.44763,4.711e-04,0.643,0.196,28189
1111,5.38157,5.44763,4.708e-04,0.688,0.180,28284
1112,5.56064,5.44763,4.706e-04,0.658,0.188,28308
1113,5.35504,5.44763,4.703e-04,0.702,0.219,28193
1114,5.45306,5.44763,4.700e-04,0.630,0.162,28178
1115,5.29893,5.44763,4.698e-04,0.732,0.211,28170
1116,5.35816,5.44763,4.695e-04,0.602,0.159,28160
1117,5.31458,5.44763,4.693e-04,0.665,0.182,28305
1118,5.40831,5.44763,4.690e-04,0.660,0.181,28350
1119,5.31917,5.44763,4.687e-04,0.580,0.148,28179
1120,5.51657,5.44763,4.685e-04,0.648,0.154,28172
1121,5.44186,5.44763,4.682e-04,0.611,0.163,28223
1122,5.21690,5.44763,4.680e-04,0.675,0.200,28191
1123,5.42650,5.44763,4.677e-04,0.632,0.185,28246
1124,5.35910,5.44763,4.674e-04,0.744,0.210,28328
1125,5.41507,5.44763,4.672e-04,0.639,0.176,28219
1126,5.37098,5.44763,4.669e-04,0.655,0.199,28175
1127,5.45911,5.44763,4.667e-04,0.643,0.174,28201
1128,5.58750,5.44763,4.664e-04,0.625,0.172,28175
1129,5.33339,5.44763,4.661e-04,0.658,0.226,28179
1130,5.30427,5.44763,4.659e-04,0.607,0.161,28337
1131,5.40830,5.44763,4.656e-04,0.648,0.184,28258
1132,5.31832,5.44763,4.653e-04,0.595,0.160,28183
1133,5.51065,5.44763,4.651e-04,0.659,0.165,28183
1134,5.44167,5.44763,4.648e-04,0.597,0.164,28237
1135,5.31992,5.44763,4.646e-04,0.628,0.189,28194
1136,5.39837,5.44763,4.643e-04,0.709,0.189,28319
1137,5.45111,5.44763,4.640e-04,0.674,0.190,28257
1138,5.27809,5.44763,4.638e-04,0.647,0.192,28172
1139,5.30354,5.44763,4.635e-04,0.620,0.160,28195
1140,5.36624,5.44763,4.632e-04,0.676,0.190,28186
1141,5.32875,5.44763,4.630e-04,0.630,0.176,28226
1142,5.19657,5.44763,4.627e-04,0.632,0.158,28280
1143,5.33280,5.44763,4.625e-04,0.571,0.159,28365
1144,5.56187,5.44763,4.622e-04,0.612,0.171,28195
1145,5.34820,5.44763,4.619e-04,0.630,0.160,28163
1146,5.41507,5.44763,4.617e-04,0.634,0.169,28185
1147,5.39042,5.44763,4.614e-04,0.675,0.181,28166
1148,5.28813,5.44763,4.611e-04,0.637,0.184,28275
1149,5.46453,5.44763,4.609e-04,0.552,0.137,28354
1150,5.38808,5.44763,4.606e-04,0.575,0.156,28215
1151,5.34466,5.44763,4.603e-04,0.585,0.156,28203
1152,5.25264,5.44763,4.601e-04,0.666,0.156,28185
1153,5.60185,5.44763,4.598e-04,0.608,0.156,28172
1154,5.40542,5.44763,4.595e-04,0.692,0.168,28246
1155,5.46715,5.44763,4.593e-04,0.716,0.172,28349
1156,5.38555,5.44763,4.590e-04,0.614,0.166,28219
1157,5.58844,5.44763,4.587e-04,0.632,0.149,28184
1158,5.19322,5.44763,4.585e-04,0.600,0.171,28198
1159,5.42969,5.44763,4.582e-04,0.611,0.155,28205
1160,5.27575,5.44763,4.579e-04,0.689,0.155,28214
1161,5.65708,5.44763,4.577e-04,0.640,0.154,28299
1162,5.39914,5.44763,4.574e-04,0.705,0.177,28240
1163,5.25606,5.44763,4.571e-04,0.581,0.153,28204
1164,5.37337,5.44763,4.569e-04,0.612,0.157,28177
1165,5.35490,5.44763,4.566e-04,0.637,0.171,28176
1166,5.36228,5.44763,4.563e-04,0.642,0.154,28198
1167,5.34075,5.44763,4.561e-04,0.609,0.156,28295
1168,5.36797,5.44763,4.558e-04,0.608,0.163,28298
1169,5.25536,5.44763,4.555e-04,0.622,0.153,28226
1170,5.40144,5.44763,4.553e-04,0.558,0.150,28170
1171,5.44807,5.44763,4.550e-04,0.601,0.140,28191
1172,5.33159,5.44763,4.547e-04,0.603,0.179,28162
1173,5.17224,5.44763,4.545e-04,0.558,0.156,28295
1174,5.32061,5.44763,4.542e-04,0.588,0.153,28343
1175,5.50311,5.44763,4.539e-04,0.589,0.140,28168
1176,5.52641,5.44763,4.537e-04,0.677,0.159,28192
1177,5.37408,5.44763,4.534e-04,0.652,0.156,28209
1178,5.65067,5.44763,4.531e-04,0.720,0.187,28194
1179,5.19230,5.44763,4.528e-04,0.645,0.168,28235
1180,5.27109,5.44763,4.526e-04,0.677,0.192,28355
1181,5.32532,5.44763,4.523e-04,0.709,0.180,28316
1182,5.31791,5.44763,4.520e-04,0.764,0.246,28221
1183,5.55824,5.44763,4.518e-04,0.695,0.176,28178
1184,5.42926,5.44763,4.515e-04,0.672,0.181,28202
1185,5.49341,5.44763,4.512e-04,0.660,0.167,28236
1186,5.18915,5.44763,4.510e-04,0.638,0.178,28353
1187,5.18121,5.44763,4.507e-04,0.691,0.180,28254
1188,5.40914,5.44763,4.504e-04,0.588,0.142,28185
1189,5.26625,5.44763,4.501e-04,0.622,0.169,28226
1190,5.44799,5.44763,4.499e-04,0.682,0.161,28178
1191,5.26619,5.44763,4.496e-04,0.635,0.164,28211
1192,5.35467,5.44763,4.493e-04,0.748,0.203,28360
1193,5.29807,5.44763,4.491e-04,0.584,0.175,28323
1194,5.48611,5.44763,4.488e-04,0.703,0.169,28202
1195,5.41295,5.44763,4.485e-04,0.656,0.167,28213
1196,5.20863,5.44763,4.482e-04,0.667,0.235,28216
1197,5.46046,5.44763,4.480e-04,0.658,0.156,28192
1198,5.33138,5.44763,4.477e-04,0.609,0.174,28295
1199,5.46808,5.44763,4.474e-04,0.608,0.162,28325
1200,5.39227,5.44763,4.471e-04,0.638,0.175,28242
1201,5.40279,5.44763,4.469e-04,0.577,0.158,28215
1202,5.45448,5.44763,4.466e-04,0.653,0.173,28197
1203,5.33454,5.44763,4.463e-04,0.642,0.167,28223
1204,5.42731,5.44763,4.461e-04,0.714,0.194,28248
1205,5.43014,5.44763,4.458e-04,0.636,0.157,28348
1206,5.40349,5.44763,4.455e-04,0.567,0.157,28216
1207,5.45212,5.44763,4.452e-04,0.645,0.161,28209
1208,5.29226,5.44763,4.450e-04,0.649,0.186,28193
1209,5.35642,5.44763,4.447e-04,0.634,0.174,28192
1210,5.24106,5.44763,4.444e-04,0.587,0.161,28221
1211,5.39424,5.44763,4.441e-04,0.634,0.159,28323
1212,5.35295,5.44763,4.439e-04,0.670,0.171,28284
1213,5.37817,5.44763,4.436e-04,0.658,0.177,28176
1214,5.46459,5.44763,4.433e-04,0.634,0.153,28218
1215,5.22369,5.44763,4.430e-04,0.651,0.179,28168
1216,5.36450,5.44763,4.428e-04,0.662,0.174,28170
1217,5.42901,5.44763,4.425e-04,0.675,0.153,28380
1218,5.48595,5.44763,4.422e-04,0.651,0.167,28250
1219,5.12254,5.44763,4.419e-04,0.725,0.200,28204
1220,5.44954,5.44763,4.417e-04,0.655,0.154,28173
1221,5.46468,5.44763,4.414e-04,0.665,0.160,28203
1222,5.43096,5.44763,4.411e-04,0.655,0.168,28204
1223,5.18225,5.44763,4.408e-04,0.617,0.182,28304
1224,5.34818,5.44763,4.406e-04,0.698,0.169,28307
1225,5.33275,5.44763,4.403e-04,0.654,0.162,28201
1226,5.34056,5.44763,4.400e-04,0.619,0.153,28199
1227,5.38381,5.44763,4.397e-04,0.662,0.162,28198
1228,5.34769,5.44763,4.394e-04,0.725,0.178,28209
1229,5.49914,5.44763,4.392e-04,0.671,0.159,28273
1230,5.39670,5.44763,4.389e-04,0.646,0.148,28339
1231,5.42432,5.44763,4.386e-04,0.667,0.162,28216
1232,5.23076,5.44763,4.383e-04,0.676,0.175,28228
1233,5.21266,5.44763,4.381e-04,0.565,0.151,28202
1234,5.54260,5.44763,4.378e-04,0.739,0.171,28194
1235,5.40980,5.44763,4.375e-04,0.634,0.151,28243
1236,5.26053,5.44763,4.372e-04,0.593,0.134,28372
1237,5.30012,5.44763,4.370e-04,0.646,0.158,28214
1238,5.23999,5.44763,4.367e-04,0.644,0.155,28214
1239,5.34627,5.44763,4.364e-04,0.696,0.159,28182
1240,5.23003,5.44763,4.361e-04,0.711,0.174,28193
1241,5.33917,5.44763,4.358e-04,0.700,0.167,28180
1242,5.46255,5.44763,4.356e-04,0.657,0.148,28345
1243,5.26216,5.44763,4.353e-04,0.674,0.168,28257
1244,5.29247,5.44763,4.350e-04,0.637,0.152,28206
1245,5.28872,5.44763,4.347e-04,0.650,0.169,28222
1246,5.51963,5.44763,4.344e-04,0.686,0.152,28206
1247,5.34557,5.44763,4.342e-04,0.588,0.150,28176
1248,5.38764,5.44763,4.339e-04,0.616,0.139,28320
1249,5.33866,5.44763,4.336e-04,0.746,0.211,28307
1250,5.25882,5.28123,4.333e-04,0.588,0.144,8543
1251,5.29352,5.28123,4.330e-04,0.713,0.199,28608
1252,5.37074,5.28123,4.328e-04,0.620,0.166,28148
1253,5.37386,5.28123,4.325e-04,0.702,0.172,28233
1254,5.11168,5.28123,4.322e-04,0.603,0.164,28217
1255,5.12618,5.28123,4.319e-04,0.611,0.160,28223
1256,5.26555,5.28123,4.316e-04,0.689,0.166,28284
1257,5.28242,5.28123,4.314e-04,0.675,0.187,28337
1258,5.35488,5.28123,4.311e-04,0.736,0.173,28203
1259,5.25330,5.28123,4.308e-04,0.601,0.156,28225
1260,5.22810,5.28123,4.305e-04,0.765,0.189,28224
1261,5.30102,5.28123,4.302e-04,0.592,0.134,28180
1262,5.31909,5.28123,4.300e-04,0.795,0.174,28254
1263,5.27916,5.28123,4.297e-04,0.597,0.154,28352
1264,5.28982,5.28123,4.294e-04,0.689,0.177,28253
1265,5.39456,5.28123,4.291e-04,0.694,0.170,28167
1266,5.14247,5.28123,4.288e-04,0.584,0.148,28207
1267,5.48652,5.28123,4.285e-04,0.691,0.170,28207
1268,5.27304,5.28123,4.283e-04,0.715,0.179,28170
1269,5.24260,5.28123,4.280e-04,0.621,0.156,28376
1270,5.25565,5.28123,4.277e-04,0.666,0.156,28245
1271,5.13009,5.28123,4.274e-04,0.728,0.213,28171
1272,5.42261,5.28123,4.271e-04,0.702,0.177,28214
1273,5.30872,5.28123,4.269e-04,0.714,0.185,28200
1274,5.40569,5.28123,4.266e-04,0.649,0.158,28173
1275,5.32252,5.28123,4.263e-04,0.653,0.185,28324
1276,5.42962,5.28123,4.260e-04,0.648,0.168,28321
1277,5.26262,5.28123,4.257e-04,0.751,0.162,28176
1278,5.21797,5.28123,4.254e-04,0.631,0.178,28187
1279,5.54467,5.28123,4.252e-04,0.686,0.169,28201
1280,5.25671,5.28123,4.249e-04,0.636,0.154,28205
1281,5.24261,5.28123,4.246e-04,0.676,0.170,28250
1282,5.26123,5.28123,4.243e-04,0.648,0.164,28350
1283,5.31774,5.28123,4.240e-04,0.645,0.149,28203
1284,5.33811,5.28123,4.237e-04,0.578,0.125,28189
1285,5.34989,5.28123,4.235e-04,0.652,0.156,28179
1286,5.44818,5.28123,4.232e-04,0.620,0.132,28211
1287,5.17331,5.28123,4.229e-04,0.696,0.158,28240
1288,5.24248,5.28123,4.226e-04,0.689,0.192,28367
1289,5.28378,5.28123,4.223e-04,0.694,0.163,28225
1290,5.34620,5.28123,4.220e-04,0.653,0.150,28190
1291,5.34166,5.28123,4.217e-04,0.692,0.170,28217
1292,5.31684,5.28123,4.215e-04,0.612,0.137,28177
1293,5.44909,5.28123,4.212e-04,0.683,0.155,28210
1294,5.15086,5.28123,4.209e-04,0.656,0.159,28337
1295,5.34404,5.28123,4.206e-04,0.684,0.168,28267
1296,5.27093,5.28123,4.203e-04,0.631,0.179,28173
1297,5.29252,5.28123,4.200e-04,0.707,0.173,28155
1298,5.20092,5.28123,4.197e-04,0.651,0.176,28199
1299,4.91774,5.28123,4.195e-04,0.669,0.175,28237
1300,5.23538,5.28123,4.192e-04,0.640,0.162,28327
1301,5.19766,5.28123,4.189e-04,0.670,0.170,28240
1302,5.34982,5.28123,4.186e-04,0.609,0.140,28167
1303,5.27176,5.28123,4.183e-04,0.612,0.149,28170
1304,5.18106,5.28123,4.180e-04,0.628,0.159,28239
1305,5.26413,5.28123,4.177e-04,0.735,0.149,28174
1306,5.22344,5.28123,4.175e-04,0.733,0.174,28310
1307,5.32104,5.28123,4.172e-04,0.664,0.173,28295
1308,5.30489,5.28123,4.169e-04,0.661,0.148,28238
1309,5.26263,5.28123,4.166e-04,0.695,0.174,28172
1310,5.28898,5.28123,4.163e-04,0.647,0.148,28210
1311,5.29109,5.28123,4.160e-04,0.599,0.137,28221
1312,5.29972,5.28123,4.157e-04,0.654,0.161,28244
1313,5.21573,5.28123,4.154e-04,0.686,0.150,28338
1314,5.30548,5.28123,4.152e-04,0.689,0.187,28244
1315,5.29753,5.28123,4.149e-04,0.660,0.158,28198
1316,5.40545,5.28123,4.146e-04,0.731,0.207,28221
1317,5.27512,5.28123,4.143e-04,0.621,0.139,28168
1318,5.09403,5.28123,4.140e-04,0.696,0.181,28259
1319,5.26753,5.28123,4.137e-04,0.717,0.190,28345
1320,5.25136,5.28123,4.134e-04,0.638,0.169,28255
1321,5.29317,5.28123,4.131e-04,0.687,0.182,28272
1322,5.24048,5.28123,4.129e-04,0.673,0.167,28212
1323,5.17606,5.28123,4.126e-04,0.648,0.206,28202
1324,5.16029,5.28123,4.123e-04,0.683,0.166,28211
1325,5.35116,5.28123,4.120e-04,0.734,0.190,28292
1326,5.21939,5.28123,4.117e-04,0.654,0.149,28296
1327,5.18536,5.28123,4.114e-04,0.736,0.169,28168
1328,5.27899,5.28123,4.111e-04,0.719,0.171,28170
1329,5.55775,5.28123,4.108e-04,0.741,0.170,28177
1330,5.51721,5.28123,4.105e-04,0.793,0.174,28198
1331,5.27774,5.28123,4.103e-04,0.720,0.171,28327
1332,5.27027,5.28123,4.100e-04,0.671,0.159,28293
1333,5.29427,5.28123,4.097e-04,0.684,0.158,28157
1334,5.32301,5.28123,4.094e-04,0.678,0.151,28208
1335,5.37855,5.28123,4.091e-04,0.670,0.149,28191
1336,5.34300,5.28123,4.088e-04,0.731,0.165,28204
1337,5.09663,5.28123,4.085e-04,0.641,0.150,28281
1338,5.35624,5.28123,4.082e-04,0.658,0.149,28354
1339,5.35971,5.28123,4.079e-04,0.614,0.156,28185
1340,5.14549,5.28123,4.077e-04,0.688,0.164,28183
1341,5.20319,5.28123,4.074e-04,0.599,0.153,28243
1342,5.28611,5.28123,4.071e-04,0.601,0.133,28154
1343,5.22862,5.28123,4.068e-04,0.634,0.148,28226
1344,5.05394,5.28123,4.065e-04,0.623,0.143,28336
1345,5.27074,5.28123,4.062e-04,0.666,0.164,28213
1346,5.33801,5.28123,4.059e-04,0.716,0.175,28183
1347,5.33773,5.28123,4.056e-04,0.692,0.170,28150
1348,5.20594,5.28123,4.053e-04,0.815,0.202,28221
1349,5.13858,5.28123,4.050e-04,0.692,0.194,28227
1350,5.04683,5.28123,4.047e-04,0.715,0.186,28312
1351,5.37500,5.28123,4.045e-04,0.658,0.168,28252
1352,5.35831,5.28123,4.042e-04,0.688,0.190,28176
1353,5.40254,5.28123,4.039e-04,0.718,0.201,28173
1354,5.30245,5.28123,4.036e-04,0.581,0.138,28206
1355,5.20842,5.28123,4.033e-04,0.663,0.157,28182
1356,5.45923,5.28123,4.030e-04,0.655,0.158,28316
1357,5.28829,5.28123,4.027e-04,0.719,0.168,28269
1358,5.14592,5.28123,4.024e-04,0.673,0.208,28171
1359,4.96107,5.28123,4.021e-04,0.695,0.179,28222
1360,5.21715,5.28123,4.018e-04,0.683,0.175,28197
1361,5.43026,5.28123,4.015e-04,0.672,0.152,28192
1362,5.14118,5.28123,4.012e-04,0.663,0.162,28323
1363,5.19318,5.28123,4.010e-04,0.638,0.142,28302
1364,5.30482,5.28123,4.007e-04,0.761,0.177,28186
1365,5.23743,5.28123,4.004e-04,0.755,0.169,28206
1366,5.22461,5.28123,4.001e-04,0.719,0.153,28175
1367,5.13536,5.28123,3.998e-04,0.712,0.181,28198
1368,5.23705,5.28123,3.995e-04,0.746,0.178,28254
1369,5.14424,5.28123,3.992e-04,0.698,0.160,28340
1370,5.20471,5.28123,3.989e-04,0.775,0.182,28196
1371,5.40290,5.28123,3.986e-04,0.655,0.147,28209
1372,5.25934,5.28123,3.983e-04,0.645,0.151,28190
1373,5.38191,5.28123,3.980e-04,0.715,0.168,28182
1374,5.01933,5.28123,3.977e-04,0.706,0.177,28235
1375,5.38025,5.28123,3.974e-04,0.659,0.183,28357
1376,5.00990,5.28123,3.971e-04,0.702,0.183,28257
1377,5.25268,5.28123,3.969e-04,0.714,0.172,28181
1378,5.36861,5.28123,3.966e-04,0.730,0.178,28212
1379,5.16175,5.28123,3.963e-04,0.710,0.184,28196
1380,5.18560,5.28123,3.960e-04,0.657,0.157,28201
1381,5.30429,5.28123,3.957e-04,0.632,0.149,28326
1382,4.99432,5.28123,3.954e-04,0.653,0.173,28233
1383,5.11066,5.28123,3.951e-04,0.707,0.167,28211
1384,4.91888,5.28123,3.948e-04,0.670,0.160,28179
1385,5.24757,5.28123,3.945e-04,0.728,0.160,28184
1386,5.20054,5.28123,3.942e-04,0.617,0.148,28223
1387,5.45241,5.28123,3.939e-04,0.752,0.139,28298
1388,5.29335,5.28123,3.936e-04,0.753,0.152,28292
1389,5.05090,5.28123,3.933e-04,0.655,0.161,28156
1390,5.25549,5.28123,3.930e-04,0.652,0.132,28198
1391,5.28149,5.28123,3.927e-04,0.665,0.143,28201
1392,5.12394,5.28123,3.924e-04,0.695,0.169,28178
1393,5.21554,5.28123,3.921e-04,0.686,0.156,28278
1394,5.32088,5.28123,3.919e-04,0.715,0.172,28348
1395,5.19621,5.28123,3.916e-04,0.714,0.175,28231
1396,5.10526,5.28123,3.913e-04,0.768,0.182,28205
1397,5.11883,5.28123,3.910e-04,0.742,0.183,28164
1398,5.25961,5.28123,3.907e-04,0.726,0.156,28233
1399,5.18836,5.28123,3.904e-04,0.769,0.227,28253
1400,5.24116,5.28123,3.901e-04,0.691,0.142,28374
1401,5.22621,5.28123,3.898e-04,0.805,0.202,28275
1402,5.31960,5.28123,3.895e-04,0.666,0.148,28155
1403,5.30522,5.28123,3.892e-04,0.711,0.158,28206
1404,5.32717,5.28123,3.889e-04,0.723,0.167,28193
1405,5.19048,5.28123,3.886e-04,0.689,0.143,28222
1406,5.29161,5.28123,3.883e-04,0.711,0.161,28333
1407,5.16630,5.28123,3.880e-04,0.657,0.146,28228
1408,5.21625,5.28123,3.877e-04,0.693,0.178,28200
1409,5.15942,5.28123,3.874e-04,0.637,0.157,28182
1410,5.19710,5.28123,3.871e-04,0.746,0.183,28220
1411,5.29843,5.28123,3.868e-04,0.644,0.154,28171
1412,5.11663,5.28123,3.865e-04,0.618,0.149,28340
1413,5.25278,5.28123,3.862e-04,0.704,0.161,28273
1414,5.23954,5.28123,3.859e-04,0.743,0.186,28203
1415,5.20137,5.28123,3.856e-04,0.666,0.162,28199
1416,5.11808,5.28123,3.853e-04,0.685,0.179,28212
1417,5.29394,5.28123,3.850e-04,0.671,0.163,28252
1418,5.25683,5.28123,3.848e-04,0.672,0.151,28271
1419,5.13613,5.28123,3.845e-04,0.641,0.154,28325
1420,5.31945,5.28123,3.842e-04,0.638,0.157,28206
1421,5.22071,5.28123,3.839e-04,0.723,0.165,28223
1422,5.12794,5.28123,3.836e-04,0.667,0.171,28165
1423,5.08206,5.28123,3.833e-04,0.729,0.169,28161
1424,5.13282,5.28123,3.830e-04,0.664,0.178,28254
1425,5.29275,5.28123,3.827e-04,0.736,0.162,28347
1426,5.27494,5.28123,3.824e-04,0.669,0.157,28222
1427,5.25363,5.28123,3.821e-04,0.740,0.159,28208
1428,5.30906,5.28123,3.818e-04,0.645,0.154,28168
1429,5.21107,5.28123,3.815e-04,0.716,0.163,28200
1430,5.29565,5.28123,3.812e-04,0.667,0.151,28242
1431,4.86915,5.28123,3.809e-04,0.759,0.214,28363
1432,5.22051,5.28123,3.806e-04,0.704,0.152,28210
1433,5.35404,5.28123,3.803e-04,0.711,0.144,28208
1434,5.19260,5.28123,3.800e-04,0.887,0.217,28192
1435,5.25485,5.28123,3.797e-04,0.706,0.163,28170
1436,5.05613,5.28123,3.794e-04,0.700,0.165,28218
1437,5.38001,5.28123,3.791e-04,0.650,0.151,28327
1438,5.25610,5.28123,3.788e-04,0.729,0.171,28295
1439,5.08159,5.28123,3.785e-04,0.635,0.173,28174
1440,5.12132,5.28123,3.782e-04,0.638,0.141,28190
1441,5.20514,5.28123,3.779e-04,0.740,0.145,28193
1442,5.27555,5.28123,3.776e-04,0.676,0.143,28199
1443,4.99153,5.28123,3.773e-04,0.700,0.147,28313
1444,5.17029,5.28123,3.770e-04,0.652,0.154,28273
1445,5.18257,5.28123,3.767e-04,0.656,0.139,28200
1446,5.29276,5.28123,3.764e-04,0.825,0.171,28177
1447,5.27332,5.28123,3.761e-04,0.751,0.163,28178
1448,5.13639,5.28123,3.758e-04,0.704,0.166,28177
1449,5.10409,5.28123,3.755e-04,0.675,0.145,28306
1450,5.10323,5.28123,3.752e-04,0.761,0.207,28312
1451,5.22223,5.28123,3.749e-04,0.723,0.165,28187
1452,5.28224,5.28123,3.746e-04,0.712,0.162,28189
1453,5.10856,5.28123,3.743e-04,0.693,0.157,28214
1454,5.28388,5.28123,3.740e-04,0.661,0.136,28163
1455,5.16805,5.28123,3.737e-04,0.656,0.166,28257
1456,5.23672,5.28123,3.734e-04,0.741,0.160,28352
1457,5.28146,5.28123,3.731e-04,0.677,0.167,28191
1458,5.25355,5.28123,3.728e-04,0.623,0.139,28208
1459,5.27662,5.28123,3.725e-04,0.736,0.190,28176
1460,5.15935,5.28123,3.722e-04,0.684,0.147,28196
1461,5.20540,5.28123,3.719e-04,0.647,0.131,28222
1462,5.29241,5.28123,3.716e-04,0.703,0.155,28350
1463,5.33740,5.28123,3.713e-04,0.711,0.145,28217
1464,5.11879,5.28123,3.710e-04,0.691,0.161,28185
1465,5.17815,5.28123,3.707e-04,0.633,0.145,28189
1466,5.04023,5.28123,3.704e-04,0.712,0.158,28209
1467,5.27881,5.28123,3.701e-04,0.673,0.137,28162
1468,5.13681,5.28123,3.698e-04,0.662,0.155,28367
1469,5.17508,5.28123,3.695e-04,0.814,0.168,28264
1470,5.17563,5.28123,3.692e-04,0.664,0.161,28234
1471,5.17598,5.28123,3.689e-04,0.788,0.180,28193
1472,5.15269,5.28123,3.686e-04,0.696,0.140,28162
1473,5.05533,5.28123,3.683e-04,0.724,0.172,28188
1474,5.09645,5.28123,3.680e-04,0.773,0.159,28328
1475,5.33262,5.28123,3.677e-04,0.738,0.165,28338
1476,5.17011,5.28123,3.674e-04,0.693,0.158,28182
1477,5.26102,5.28123,3.671e-04,0.713,0.158,28192
1478,5.24772,5.28123,3.668e-04,0.647,0.146,28207
1479,5.17321,5.28123,3.665e-04,0.639,0.138,28156
1480,5.39063,5.28123,3.662e-04,0.722,0.149,28268
1481,5.39568,5.28123,3.659e-04,0.653,0.138,28302
1482,5.11284,5.28123,3.656e-04,0.728,0.153,28135
1483,5.00417,5.28123,3.653e-04,0.671,0.144,28195
1484,5.28084,5.28123,3.650e-04,0.782,0.150,28199
1485,5.05309,5.28123,3.647e-04,0.636,0.148,28202
1486,5.29780,5.28123,3.644e-04,0.762,0.165,28265
1487,5.19895,5.28123,3.641e-04,0.791,0.183,28364
1488,5.08525,5.28123,3.638e-04,0.665,0.142,28243
1489,5.26447,5.28123,3.635e-04,0.718,0.148,28176
1490,5.25416,5.28123,3.632e-04,0.638,0.134,28219
1491,5.14116,5.28123,3.629e-04,0.678,0.160,28222
1492,5.10011,5.28123,3.626e-04,0.659,0.144,28181
1493,5.28767,5.28123,3.623e-04,0.659,0.142,28363
1494,5.13310,5.28123,3.620e-04,0.646,0.135,28236
1495,5.20048,5.28123,3.617e-04,0.708,0.147,28215
1496,5.10992,5.28123,3.614e-04,0.710,0.190,28186
1497,5.33441,5.28123,3.611e-04,0.791,0.150,28187
1498,5.14411,5.28123,3.608e-04,0.707,0.156,28213
1499,5.28871,5.28123,3.605e-04,0.709,0.147,28337
1500,5.14549,5.14298,3.602e-04,0.742,0.155,8551
1501,5.17720,5.14298,3.599e-04,0.791,0.158,28639
1502,5.06650,5.14298,3.596e-04,0.737,0.166,28353
1503,5.24276,5.14298,3.593e-04,0.756,0.160,28196
1504,5.24245,5.14298,3.590e-04,0.812,0.180,28187
1505,5.34603,5.14298,3.587e-04,0.797,0.172,28194
1506,5.29027,5.14298,3.584e-04,0.744,0.167,28194
1507,5.12801,5.14298,3.581e-04,0.763,0.175,28270
1508,5.23739,5.14298,3.578e-04,0.676,0.148,28353
1509,5.09437,5.14298,3.575e-04,0.697,0.162,28233
1510,5.15524,5.14298,3.572e-04,0.763,0.162,28180
1511,4.95113,5.14298,3.569e-04,0.688,0.155,28230
1512,5.29337,5.14298,3.566e-04,0.701,0.134,28192
1513,5.30585,5.14298,3.563e-04,0.680,0.155,28239
1514,4.93598,5.14298,3.560e-04,0.727,0.160,28344
1515,5.37862,5.14298,3.557e-04,0.670,0.131,28188
1516,5.08314,5.14298,3.554e-04,0.676,0.165,28231
1517,5.32552,5.14298,3.551e-04,0.749,0.138,28169
1518,5.05903,5.14298,3.548e-04,0.677,0.166,28174
1519,5.16847,5.14298,3.545e-04,0.727,0.150,28216
1520,5.03662,5.14298,3.542e-04,0.634,0.137,28323
1521,5.23672,5.14298,3.539e-04,0.728,0.169,28201
1522,5.00955,5.14298,3.536e-04,0.654,0.157,28199
1523,4.97820,5.14298,3.533e-04,0.664,0.153,28186
1524,5.01586,5.14298,3.530e-04,0.694,0.165,28198
1525,5.08313,5.14298,3.527e-04,0.661,0.163,28216
1526,5.22283,5.14298,3.524e-04,0.688,0.141,28315
1527,5.01359,5.14298,3.521e-04,0.665,0.151,28287
1528,5.05139,5.14298,3.518e-04,0.643,0.146,28206
1529,4.97582,5.14298,3.515e-04,0.674,0.144,28161
1530,5.30759,5.14298,3.512e-04,0.726,0.171,28208
1531,5.24896,5.14298,3.509e-04,0.652,0.133,28193
1532,5.11100,5.14298,3.506e-04,0.725,0.154,28283
1533,5.22953,5.14298,3.503e-04,0.714,0.170,28335
1534,5.16814,5.14298,3.500e-04,0.752,0.130,28176
1535,5.12593,5.14298,3.497e-04,0.698,0.173,28176
1536,5.02099,5.14298,3.494e-04,0.737,0.162,28226
1537,5.30336,5.14298,3.491e-04,0.711,0.151,28176
1538,5.10560,5.14298,3.488e-04,0.704,0.156,28252
1539,5.13285,5.14298,3.485e-04,0.673,0.148,28328
1540,5.18082,5.14298,3.482e-04,0.691,0.155,28211
1541,5.27581,5.14298,3.479e-04,0.732,0.144,28235
1542,5.09788,5.14298,3.476e-04,0.698,0.142,28196
1543,5.21550,5.14298,3.473e-04,0.792,0.184,28194
1544,4.98443,5.14298,3.470e-04,0.723,0.166,28219
1545,5.11210,5.14298,3.467e-04,0.718,0.168,28337
1546,5.06364,5.14298,3.463e-04,0.687,0.151,28249
1547,5.05619,5.14298,3.460e-04,0.693,0.164,28169
1548,5.05437,5.14298,3.457e-04,0.710,0.152,28241
1549,5.23444,5.14298,3.454e-04,0.645,0.141,28179
1550,5.15407,5.14298,3.451e-04,0.707,0.155,28207
1551,5.22492,5.14298,3.448e-04,0.686,0.136,28356
1552,5.22012,5.14298,3.445e-04,0.655,0.135,28276
1553,5.11242,5.14298,3.442e-04,0.716,0.141,28191
1554,5.15267,5.14298,3.439e-04,0.721,0.165,28179
1555,5.08750,5.14298,3.436e-04,0.666,0.140,28218
1556,5.10620,5.14298,3.433e-04,0.712,0.150,28172
1557,5.16930,5.14298,3.430e-04,0.675,0.137,28309
1558,5.19415,5.14298,3.427e-04,0.715,0.159,28325
1559,5.17659,5.14298,3.424e-04,0.748,0.144,28198
1560,5.10781,5.14298,3.421e-04,0.722,0.175,28183
1561,5.05355,5.14298,3.418e-04,0.747,0.166,28239
1562,5.19019,5.14298,3.415e-04,0.699,0.148,28200
1563,5.12210,5.14298,3.412e-04,0.684,0.141,28267
1564,4.96939,5.14298,3.409e-04,0.658,0.150,28339
1565,5.10752,5.14298,3.406e-04,0.769,0.163,28214
1566,5.10052,5.14298,3.403e-04,0.704,0.147,28208
1567,5.11209,5.14298,3.400e-04,0.701,0.143,28191
1568,5.09016,5.14298,3.397e-04,0.740,0.152,28212
1569,5.13046,5.14298,3.394e-04,0.727,0.170,28210
1570,5.18002,5.14298,3.391e-04,0.725,0.147,28346
1571,5.05423,5.14298,3.388e-04,0.662,0.147,28220
1572,5.07254,5.14298,3.385e-04,0.736,0.166,28195
1573,5.16294,5.14298,3.382e-04,0.729,0.156,28183
1574,5.22347,5.14298,3.379e-04,0.681,0.155,28221
1575,5.19304,5.14298,3.376e-04,0.670,0.147,28194
1576,4.97770,5.14298,3.373e-04,0.740,0.157,28381
1577,5.19891,5.14298,3.370e-04,0.708,0.153,28254
1578,5.11675,5.14298,3.367e-04,0.764,0.153,28209
1579,5.11119,5.14298,3.364e-04,0.751,0.159,28202
1580,4.83588,5.14298,3.361e-04,0.761,0.202,28199
1581,5.06257,5.14298,3.358e-04,0.796,0.193,28215
1582,5.07784,5.14298,3.355e-04,0.760,0.178,28313
1583,5.00118,5.14298,3.351e-04,0.786,0.181,28288
1584,5.14148,5.14298,3.348e-04,0.694,0.144,28186
1585,5.11814,5.14298,3.345e-04,0.779,0.169,28210
1586,5.19711,5.14298,3.342e-04,0.685,0.142,28185
1587,5.02203,5.14298,3.339e-04,0.714,0.139,28139
1588,5.05883,5.14298,3.336e-04,0.691,0.152,28288
1589,5.07760,5.14298,3.333e-04,0.721,0.162,28349
1590,4.88546,5.14298,3.330e-04,0.719,0.177,28220
1591,5.21370,5.14298,3.327e-04,0.760,0.131,28177
1592,5.02172,5.14298,3.324e-04,0.718,0.165,28205
1593,5.24167,5.14298,3.321e-04,0.754,0.146,28222
1594,5.24793,5.14298,3.318e-04,0.680,0.144,28248
1595,5.08089,5.14298,3.315e-04,0.744,0.147,28364
1596,5.36186,5.14298,3.312e-04,0.679,0.149,28197
1597,5.03970,5.14298,3.309e-04,0.671,0.153,28226
1598,5.01999,5.14298,3.306e-04,0.764,0.155,28194
1599,5.16734,5.14298,3.303e-04,0.703,0.150,28216
1600,5.04101,5.14298,3.300e-04,0.717,0.161,28211
1601,5.05769,5.14298,3.297e-04,0.749,0.169,28303
1602,5.15198,5.14298,3.294e-04,0.709,0.154,28269
1603,5.20776,5.14298,3.291e-04,0.715,0.157,28207
1604,4.94403,5.14298,3.288e-04,0.679,0.155,28234
1605,4.99144,5.14298,3.285e-04,0.729,0.152,28189
1606,5.05736,5.14298,3.282e-04,0.683,0.167,28193
1607,5.30114,5.14298,3.279e-04,0.914,0.200,28352
1608,5.08444,5.14298,3.276e-04,0.804,0.167,28275
1609,5.21048,5.14298,3.273e-04,0.716,0.158,28221
1610,5.00441,5.14298,3.270e-04,0.787,0.190,28182
1611,5.06647,5.14298,3.267e-04,0.774,0.172,28203
1612,4.90875,5.14298,3.264e-04,0.735,0.159,28227
1613,5.23941,5.14298,3.261e-04,0.729,0.169,28270
1614,5.06628,5.14298,3.258e-04,0.758,0.173,28340
1615,4.96506,5.14298,3.255e-04,0.744,0.157,28190
1616,5.11289,5.14298,3.252e-04,0.705,0.142,28217
1617,5.09761,5.14298,3.249e-04,0.734,0.161,28162
1618,5.39591,5.14298,3.245e-04,0.692,0.135,28194
1619,4.88152,5.14298,3.242e-04,0.719,0.181,28287
1620,5.15675,5.14298,3.239e-04,0.723,0.153,28363
1621,5.17014,5.14298,3.236e-04,0.820,0.209,28344
1622,5.19767,5.14298,3.233e-04,0.739,0.133,28203
1623,5.20690,5.14298,3.230e-04,0.684,0.146,28209
1624,5.32770,5.14298,3.227e-04,0.860,0.149,28177
1625,5.09513,5.14298,3.224e-04,0.699,0.138,28234
1626,5.02194,5.14298,3.221e-04,0.687,0.155,28334
1627,5.08631,5.14298,3.218e-04,0.679,0.142,28243
1628,4.94982,5.14298,3.215e-04,0.701,0.159,28173
1629,5.18423,5.14298,3.212e-04,0.737,0.149,28177
1630,5.04928,5.14298,3.209e-04,0.694,0.155,28213
1631,5.06113,5.14298,3.206e-04,0.647,0.135,28215
1632,5.08345,5.14298,3.203e-04,0.671,0.126,28337
1633,5.23239,5.14298,3.200e-04,0.663,0.139,28256
1634,5.01810,5.14298,3.197e-04,0.738,0.159,28233
1635,5.19260,5.14298,3.194e-04,0.698,0.135,28183
1636,5.09364,5.14298,3.191e-04,0.714,0.142,28197
1637,5.16649,5.14298,3.188e-04,0.687,0.127,28227
1638,5.18459,5.14298,3.185e-04,0.654,0.134,28267
1639,5.15804,5.14298,3.182e-04,0.736,0.156,28340
1640,5.05465,5.14298,3.179e-04,0.669,0.133,28186
1641,5.28836,5.14298,3.176e-04,0.733,0.133,28254
1642,5.08544,5.14298,3.173e-04,0.775,0.152,28219
1643,5.04006,5.14298,3.170e-04,0.672,0.149,28159
1644,5.19013,5.14298,3.167e-04,0.799,0.157,28257
1645,5.22109,5.14298,3.164e-04,0.736,0.146,28361
1646,5.10508,5.14298,3.161e-04,0.777,0.157,28211
1647,5.00985,5.14298,3.158e-04,0.799,0.158,28196
1648,5.05522,5.14298,3.155e-04,0.767,0.150,28220
1649,4.89031,5.14298,3.152e-04,0.764,0.175,28202
1650,5.16590,5.14298,3.149e-04,0.804,0.167,28224
1651,5.08962,5.14298,3.146e-04,0.708,0.148,28344
1652,5.17106,5.14298,3.143e-04,0.771,0.146,28210
1653,5.19644,5.14298,3.140e-04,0.705,0.132,28213
1654,5.01493,5.14298,3.137e-04,0.809,0.181,28207
1655,4.98982,5.14298,3.133e-04,0.770,0.147,28175
1656,5.07327,5.14298,3.130e-04,0.709,0.155,28192
1657,5.21152,5.14298,3.127e-04,0.741,0.149,28337
1658,5.18933,5.14298,3.124e-04,0.753,0.148,28227
1659,5.22659,5.14298,3.121e-04,0.770,0.152,28270
1660,5.15448,5.14298,3.118e-04,0.802,0.172,28182
1661,5.08361,5.14298,3.115e-04,0.719,0.137,28177
1662,5.07593,5.14298,3.112e-04,0.751,0.151,28188
1663,5.25175,5.14298,3.109e-04,0.767,0.154,28320
1664,5.18498,5.14298,3.106e-04,0.709,0.132,28262
1665,5.07476,5.14298,3.103e-04,0.692,0.142,28179
1666,5.14579,5.14298,3.100e-04,0.723,0.155,28158
1667,5.29449,5.14298,3.097e-04,0.784,0.162,28156
1668,5.08643,5.14298,3.094e-04,0.731,0.154,28169
1669,5.15549,5.14298,3.091e-04,0.751,0.159,28306
1670,4.89789,5.14298,3.088e-04,0.784,0.181,28316
1671,5.17800,5.14298,3.085e-04,0.735,0.147,28192
1672,4.99138,5.14298,3.082e-04,0.793,0.202,28133
1673,5.05130,5.14298,3.079e-04,0.694,0.144,28171
1674,5.06915,5.14298,3.076e-04,0.824,0.217,28213
1675,5.32118,5.14298,3.073e-04,0.790,0.167,28271
1676,5.05596,5.14298,3.070e-04,0.765,0.191,28349
1677,5.08982,5.14298,3.067e-04,0.767,0.176,28211
1678,5.16380,5.14298,3.064e-04,0.726,0.154,28196
1679,5.26025,5.14298,3.061e-04,0.708,0.140,28170
1680,5.24152,5.14298,3.058e-04,0.693,0.130,28194
1681,5.16209,5.14298,3.055e-04,0.701,0.138,28188
1682,5.21663,5.14298,3.052e-04,0.658,0.132,28353
1683,5.05396,5.14298,3.049e-04,0.735,0.165,28234
1684,5.05963,5.14298,3.046e-04,0.652,0.143,28201
1685,4.91821,5.14298,3.043e-04,0.691,0.151,28181
1686,5.07462,5.14298,3.040e-04,0.694,0.145,28196
1687,4.86252,5.14298,3.037e-04,0.681,0.146,28173
1688,5.04535,5.14298,3.034e-04,0.749,0.175,28328
1689,5.13425,5.14298,3.031e-04,0.705,0.137,28239
1690,5.32784,5.14298,3.028e-04,0.781,0.147,28175
1691,4.95604,5.14298,3.025e-04,0.691,0.154,28201
1692,5.14320,5.14298,3.022e-04,0.646,0.123,28190
1693,5.14645,5.14298,3.019e-04,0.677,0.144,28169
1694,5.17311,5.14298,3.016e-04,0.733,0.149,28319
1695,5.20950,5.14298,3.013e-04,0.671,0.127,28293
1696,5.05320,5.14298,3.010e-04,0.674,0.131,28207
1697,5.05090,5.14298,3.007e-04,0.693,0.137,28153
1698,5.06839,5.14298,3.004e-04,0.703,0.148,28210
1699,5.21536,5.14298,3.001e-04,0.784,0.150,28192
1700,5.03294,5.14298,2.998e-04,0.690,0.138,28247
1701,5.21144,5.14298,2.995e-04,0.750,0.151,28276
1702,4.90252,5.14298,2.992e-04,0.696,0.148,28179
1703,5.20828,5.14298,2.989e-04,0.696,0.143,28198
1704,5.02430,5.14298,2.986e-04,0.687,0.130,28198
1705,5.12572,5.14298,2.983e-04,0.728,0.156,28186
1706,5.02034,5.14298,2.980e-04,0.712,0.147,28244
1707,5.25063,5.14298,2.977e-04,0.812,0.151,28353
1708,5.38450,5.14298,2.974e-04,0.742,0.142,28218
1709,5.02121,5.14298,2.971e-04,0.823,0.183,28217
1710,5.10224,5.14298,2.968e-04,0.729,0.139,28170
1711,5.08490,5.14298,2.965e-04,0.782,0.173,28187
1712,5.24286,5.14298,2.962e-04,0.814,0.177,28186
1713,5.18377,5.14298,2.959e-04,0.838,0.185,28349
1714,5.10694,5.14298,2.956e-04,0.855,0.192,28252
1715,4.97819,5.14298,2.953e-04,0.770,0.153,28214
1716,4.94865,5.14298,2.950e-04,0.765,0.171,28189
1717,5.14914,5.14298,2.947e-04,0.720,0.155,28189
1718,5.18148,5.14298,2.944e-04,0.770,0.161,28205
1719,5.11202,5.14298,2.941e-04,0.662,0.132,28326
1720,5.04568,5.14298,2.938e-04,0.708,0.152,28231
1721,5.10222,5.14298,2.935e-04,0.722,0.150,28230
1722,5.02165,5.14298,2.932e-04,0.772,0.169,28190
1723,5.16719,5.14298,2.929e-04,0.769,0.161,28170
1724,5.03316,5.14298,2.926e-04,0.666,0.140,28199
1725,5.08596,5.14298,2.923e-04,0.720,0.149,28312
1726,5.20767,5.14298,2.920e-04,0.690,0.143,28325
1727,5.11722,5.14298,2.917e-04,0.705,0.155,28192
1728,4.99144,5.14298,2.914e-04,0.668,0.130,28194
1729,5.04947,5.14298,2.911e-04,0.802,0.151,28202
1730,5.01118,5.14298,2.908e-04,0.727,0.170,28188
1731,5.00495,5.14298,2.905e-04,0.786,0.147,28287
1732,4.95940,5.14298,2.902e-04,0.691,0.168,28362
1733,5.08215,5.14298,2.899e-04,0.730,0.144,28181
1734,5.04875,5.14298,2.896e-04,0.731,0.154,28163
1735,5.11218,5.14298,2.893e-04,0.780,0.160,28204
1736,5.01883,5.14298,2.890e-04,0.695,0.157,28213
1737,5.13313,5.14298,2.887e-04,0.727,0.145,28222
1738,5.04658,5.14298,2.884e-04,0.762,0.178,28351
1739,5.04260,5.14298,2.881e-04,0.718,0.167,28178
1740,5.10100,5.14298,2.878e-04,0.688,0.153,28197
1741,5.00425,5.14298,2.875e-04,0.697,0.149,28248
1742,4.96759,5.14298,2.872e-04,0.671,0.127,28195
1743,5.07686,5.14298,2.869e-04,0.670,0.134,28201
1744,5.00319,5.14298,2.866e-04,0.675,0.138,28321
1745,4.98102,5.14298,2.863e-04,0.704,0.142,28280
1746,4.91419,5.14298,2.860e-04,0.725,0.136,28175
1747,4.96996,5.14298,2.857e-04,0.673,0.125,28190
1748,5.05893,5.14298,2.854e-04,0.697,0.133,28237
1749,5.27378,5.14298,2.851e-04,0.751,0.141,28187
1750,5.22397,5.03075,2.848e-04,0.714,0.128,8553
1751,5.12170,5.03075,2.845e-04,0.703,0.140,28548
1752,4.97648,5.03075,2.842e-04,0.720,0.144,28289
1753,5.26929,5.03075,2.839e-04,0.785,0.144,28302
1754,5.05320,5.03075,2.836e-04,0.772,0.159,28197
1755,5.00504,5.03075,2.833e-04,0.657,0.127,28186
1756,5.18410,5.03075,2.830e-04,0.774,0.139,28194
1757,4.95097,5.03075,2.827e-04,0.731,0.175,28189
1758,5.09577,5.03075,2.824e-04,0.638,0.126,28265
1759,5.03849,5.03075,2.821e-04,0.748,0.156,28347
1760,5.10567,5.03075,2.818e-04,0.715,0.137,28206
1761,5.02247,5.03075,2.815e-04,0.759,0.149,28266
1762,4.86404,5.03075,2.812e-04,0.676,0.143,28216
1763,4.97956,5.03075,2.809e-04,0.704,0.142,28205
1764,5.12786,5.03075,2.806e-04,0.757,0.156,28235
1765,5.05593,5.03075,2.803e-04,0.748,0.141,28334
1766,4.97556,5.03075,2.800e-04,0.772,0.146,28229
1767,5.08759,5.03075,2.797e-04,0.743,0.141,28178
1768,4.97355,5.03075,2.794e-04,0.787,0.156,28174
1769,5.04530,5.03075,2.791e-04,0.685,0.139,28181
1770,5.13893,5.03075,2.788e-04,0.857,0.172,28210
1771,4.97472,5.03075,2.785e-04,0.756,0.153,28311
1772,5.12091,5.03075,2.782e-04,0.780,0.134,28267
1773,4.89844,5.03075,2.779e-04,0.688,0.142,28202
1774,5.04522,5.03075,2.776e-04,0.742,0.153,28165
1775,5.13218,5.03075,2.773e-04,0.669,0.123,28183
1776,4.98316,5.03075,2.770e-04,0.687,0.141,28196
1777,5.01419,5.03075,2.767e-04,0.770,0.136,28331
1778,4.96533,5.03075,2.764e-04,0.738,0.151,28307
1779,5.18898,5.03075,2.761e-04,0.764,0.152,28200
1780,5.15489,5.03075,2.758e-04,0.752,0.139,28187
1781,5.03167,5.03075,2.755e-04,0.668,0.134,28210
1782,5.19505,5.03075,2.752e-04,0.841,0.187,28166
1783,5.01781,5.03075,2.750e-04,0.648,0.138,28338
1784,5.02339,5.03075,2.747e-04,0.753,0.177,28296
1785,5.11996,5.03075,2.744e-04,0.753,0.140,28206
1786,4.98923,5.03075,2.741e-04,0.735,0.156,28185
1787,4.99064,5.03075,2.738e-04,0.688,0.143,28197
1788,4.98721,5.03075,2.735e-04,0.678,0.138,28198
1789,5.13099,5.03075,2.732e-04,0.746,0.158,28265
1790,5.09451,5.03075,2.729e-04,0.711,0.139,28294
1791,5.15532,5.03075,2.726e-04,0.750,0.158,28220
1792,4.95703,5.03075,2.723e-04,0.780,0.144,28220
1793,5.14841,5.03075,2.720e-04,0.692,0.129,28230
1794,4.69587,5.03075,2.717e-04,0.724,0.159,28194
1795,5.06701,5.03075,2.714e-04,0.739,0.131,28260
1796,5.09851,5.03075,2.711e-04,0.724,0.132,28382
1797,4.94380,5.03075,2.708e-04,0.816,0.149,28230
1798,5.28335,5.03075,2.705e-04,0.810,0.142,28193
1799,5.04015,5.03075,2.702e-04,0.761,0.145,28202
1800,4.99074,5.03075,2.699e-04,0.781,0.145,28183
1801,4.85526,5.03075,2.696e-04,0.778,0.177,28227
1802,5.06384,5.03075,2.693e-04,0.768,0.126,28341
1803,5.12614,5.03075,2.690e-04,0.753,0.137,28250
1804,4.86003,5.03075,2.687e-04,0.738,0.166,28227
1805,5.26946,5.03075,2.684e-04,0.750,0.138,28179
1806,4.96864,5.03075,2.681e-04,0.766,0.153,28186
1807,5.06756,5.03075,2.679e-04,0.694,0.128,28204
1808,5.11579,5.03075,2.676e-04,0.723,0.131,28301
1809,4.90806,5.03075,2.673e-04,0.728,0.149,28335
1810,4.96795,5.03075,2.670e-04,0.772,0.155,28191
1811,4.97062,5.03075,2.667e-04,0.691,0.133,28235
1812,5.06681,5.03075,2.664e-04,0.833,0.163,28190
1813,5.16968,5.03075,2.661e-04,0.751,0.139,28222
1814,5.09044,5.03075,2.658e-04,0.751,0.147,28244
1815,5.08125,5.03075,2.655e-04,0.765,0.150,28367
1816,4.99562,5.03075,2.652e-04,0.744,0.144,28198
1817,5.00467,5.03075,2.649e-04,0.672,0.130,28215
1818,4.78275,5.03075,2.646e-04,0.777,0.147,28198
1819,5.07210,5.03075,2.643e-04,0.690,0.131,28201
1820,5.10389,5.03075,2.640e-04,0.693,0.136,28230
1821,5.02357,5.03075,2.637e-04,0.736,0.149,28283
1822,4.86433,5.03075,2.634e-04,0.707,0.149,28244
1823,5.02589,5.03075,2.631e-04,0.711,0.128,28206
1824,5.03789,5.03075,2.629e-04,0.778,0.150,28202
1825,5.03203,5.03075,2.626e-04,0.758,0.147,28208
1826,4.89169,5.03075,2.623e-04,0.720,0.141,28203
1827,4.94539,5.03075,2.620e-04,0.728,0.150,28335
1828,4.83860,5.03075,2.617e-04,0.746,0.157,28261
1829,5.10291,5.03075,2.614e-04,0.742,0.150,28196
1830,5.07938,5.03075,2.611e-04,0.744,0.134,28182
1831,5.09140,5.03075,2.608e-04,0.748,0.145,28182
1832,5.13392,5.03075,2.605e-04,0.748,0.135,28169
1833,5.06124,5.03075,2.602e-04,0.726,0.141,28342
1834,5.05584,5.03075,2.599e-04,0.748,0.147,28324
1835,5.00606,5.03075,2.596e-04,0.760,0.152,28181
1836,5.04310,5.03075,2.593e-04,0.720,0.132,28197
1837,5.18766,5.03075,2.590e-04,0.764,0.148,28195
1838,4.85121,5.03075,2.588e-04,0.733,0.148,28190
1839,5.07393,5.03075,2.585e-04,0.741,0.154,28286
1840,5.04452,5.03075,2.582e-04,0.762,0.156,28317
1841,4.95787,5.03075,2.579e-04,0.762,0.144,28304
1842,5.02131,5.03075,2.576e-04,0.737,0.149,28203
1843,5.18202,5.03075,2.573e-04,0.767,0.150,28176
1844,4.87946,5.03075,2.570e-04,0.723,0.160,28239
1845,4.97743,5.03075,2.567e-04,0.799,0.175,28262
1846,5.10632,5.03075,2.564e-04,0.760,0.139,28348
1847,5.02348,5.03075,2.561e-04,0.846,0.178,28200
1848,4.89643,5.03075,2.558e-04,0.723,0.156,28217
1849,4.82632,5.03075,2.555e-04,0.686,0.142,28175
1850,5.03234,5.03075,2.553e-04,0.811,0.179,28181
1851,4.95395,5.03075,2.550e-04,0.765,0.148,28195
1852,5.00350,5.03075,2.547e-04,0.782,0.173,28337
1853,5.05769,5.03075,2.544e-04,0.730,0.157,28249
1854,5.08529,5.03075,2.541e-04,0.765,0.142,28208
1855,4.95228,5.03075,2.538e-04,0.766,0.152,28180
1856,5.06411,5.03075,2.535e-04,0.753,0.138,28201
1857,5.18113,5.03075,2.532e-04,0.748,0.131,28186
1858,4.99587,5.03075,2.529e-04,0.792,0.150,28341
1859,4.88503,5.03075,2.526e-04,0.807,0.145,28266
1860,5.09439,5.03075,2.523e-04,0.786,0.150,28161
1861,4.95744,5.03075,2.521e-04,0.798,0.148,28252
1862,4.92702,5.03075,2.518e-04,0.744,0.168,28187
1863,4.81886,5.03075,2.515e-04,0.821,0.166,28224
1864,5.03100,5.03075,2.512e-04,0.754,0.147,28291
1865,5.07165,5.03075,2.509e-04,0.738,0.154,28330
1866,5.02093,5.03075,2.506e-04,0.742,0.139,28192
1867,4.96212,5.03075,2.503e-04,0.716,0.137,28184
1868,4.90977,5.03075,2.500e-04,0.711,0.149,28187
1869,4.96860,5.03075,2.497e-04,0.710,0.147,28190
1870,4.91483,5.03075,2.495e-04,0.703,0.137,28276
1871,5.11137,5.03075,2.492e-04,0.805,0.170,28331
1872,5.16517,5.03075,2.489e-04,0.754,0.141,28214
1873,4.80213,5.03075,2.486e-04,0.709,0.153,28203
1874,5.03989,5.03075,2.483e-04,0.737,0.138,28193
1875,5.06371,5.03075,2.480e-04,0.823,0.157,28184
1876,5.11409,5.03075,2.477e-04,0.724,0.133,28217
1877,4.98832,5.03075,2.474e-04,0.707,0.134,28352
1878,4.88974,5.03075,2.471e-04,0.738,0.146,28235
1879,5.02168,5.03075,2.469e-04,0.703,0.140,28181
1880,5.00968,5.03075,2.466e-04,0.816,0.146,28195
1881,4.84822,5.03075,2.463e-04,0.703,0.135,28178
1882,5.04796,5.03075,2.460e-04,0.739,0.149,28229
1883,5.20244,5.03075,2.457e-04,0.760,0.146,28335
1884,4.69611,5.03075,2.454e-04,0.795,0.185,28263
1885,5.10644,5.03075,2.451e-04,0.777,0.151,28206
1886,5.01976,5.03075,2.448e-04,0.744,0.153,28194
1887,5.13984,5.03075,2.446e-04,0.799,0.150,28191
1888,4.74526,5.03075,2.443e-04,0.798,0.170,28196
1889,4.80290,5.03075,2.440e-04,0.787,0.148,28319
1890,5.05623,5.03075,2.437e-04,0.780,0.159,28302
1891,4.68967,5.03075,2.434e-04,0.747,0.159,28197
1892,4.87664,5.03075,2.431e-04,0.745,0.147,28206
1893,5.01286,5.03075,2.428e-04,0.722,0.150,28173
1894,5.22334,5.03075,2.425e-04,0.755,0.134,28206
1895,4.96835,5.03075,2.423e-04,0.833,0.164,28290
1896,4.88773,5.03075,2.420e-04,0.737,0.148,28333
1897,4.87811,5.03075,2.417e-04,0.797,0.148,28192
1898,4.99609,5.03075,2.414e-04,0.771,0.145,28196
1899,5.06128,5.03075,2.411e-04,0.795,0.163,28193
1900,4.93858,5.03075,2.408e-04,0.769,0.139,28192
1901,4.88623,5.03075,2.405e-04,0.725,0.144,28240
1902,4.87749,5.03075,2.403e-04,0.753,0.144,28332
1903,4.81987,5.03075,2.400e-04,0.779,0.148,28228
1904,5.00393,5.03075,2.397e-04,0.692,0.129,28213
1905,4.92639,5.03075,2.394e-04,0.729,0.157,28197
1906,5.13207,5.03075,2.391e-04,0.755,0.136,28161
1907,4.96870,5.03075,2.388e-04,0.706,0.127,28238
1908,4.86484,5.03075,2.385e-04,0.743,0.138,28330
1909,5.11127,5.03075,2.383e-04,0.757,0.139,28253
1910,4.80424,5.03075,2.380e-04,0.717,0.137,28172
1911,4.97191,5.03075,2.377e-04,0.672,0.131,28222
1912,5.04181,5.03075,2.374e-04,0.764,0.136,28214
1913,5.18621,5.03075,2.371e-04,0.734,0.134,28196
1914,4.78315,5.03075,2.368e-04,0.814,0.167,28353
1915,5.00668,5.03075,2.365e-04,0.715,0.147,28275
1916,4.96618,5.03075,2.363e-04,0.728,0.149,28208
1917,5.12406,5.03075,2.360e-04,0.740,0.132,28169
1918,4.98452,5.03075,2.357e-04,0.728,0.124,28160
1919,4.87565,5.03075,2.354e-04,0.747,0.139,28230
1920,5.00706,5.03075,2.351e-04,0.737,0.130,28292
1921,4.92978,5.03075,2.348e-04,0.699,0.132,28288
1922,4.94612,5.03075,2.346e-04,0.721,0.147,28176
1923,5.09232,5.03075,2.343e-04,0.859,0.151,28194
1924,5.01555,5.03075,2.340e-04,0.718,0.138,28213
1925,5.04564,5.03075,2.337e-04,0.747,0.143,28194
1926,4.94176,5.03075,2.334e-04,0.713,0.137,28299
1927,4.94259,5.03075,2.331e-04,0.736,0.135,28359
1928,4.95608,5.03075,2.329e-04,0.723,0.137,28222
1929,5.06077,5.03075,2.326e-04,0.715,0.133,28214
1930,4.92464,5.03075,2.323e-04,0.683,0.125,28234
1931,4.98848,5.03075,2.320e-04,0.767,0.136,28186
1932,5.14365,5.03075,2.317e-04,0.757,0.130,28246
1933,5.04975,5.03075,2.315e-04,0.723,0.139,28350
1934,4.95752,5.03075,2.312e-04,0.693,0.130,28226
1935,5.00522,5.03075,2.309e-04,0.779,0.137,28195
1936,4.91441,5.03075,2.306e-04,0.695,0.138,28184
1937,5.12577,5.03075,2.303e-04,0.718,0.134,28207
1938,4.90820,5.03075,2.300e-04,0.749,0.131,28212
1939,5.02129,5.03075,2.298e-04,0.731,0.142,28340
1940,4.78813,5.03075,2.295e-04,0.738,0.150,28270
1941,4.83376,5.03075,2.292e-04,0.765,0.166,28262
1942,5.07543,5.03075,2.289e-04,0.740,0.128,28205
1943,5.00830,5.03075,2.286e-04,0.809,0.135,28179
1944,4.81086,5.03075,2.284e-04,0.754,0.150,28209
1945,5.02040,5.03075,2.281e-04,0.833,0.145,28297
1946,4.89391,5.03075,2.278e-04,0.756,0.148,28307
1947,5.16479,5.03075,2.275e-04,0.819,0.159,28182
1948,4.92223,5.03075,2.272e-04,0.771,0.151,28171
1949,5.06176,5.03075,2.270e-04,0.816,0.147,28173
1950,4.90716,5.03075,2.267e-04,0.756,0.137,28171
1951,4.93610,5.03075,2.264e-04,0.794,0.153,28298
1952,4.94209,5.03075,2.261e-04,0.700,0.116,28291
1953,5.12581,5.03075,2.258e-04,0.775,0.133,28169
1954,4.98802,5.03075,2.256e-04,0.677,0.134,28209
1955,4.99752,5.03075,2.253e-04,0.788,0.148,28181
1956,4.94061,5.03075,2.250e-04,0.751,0.131,28174
1957,4.87676,5.03075,2.247e-04,0.777,0.172,28239
1958,4.88015,5.03075,2.244e-04,0.750,0.126,28332
1959,5.02232,5.03075,2.242e-04,0.831,0.155,28225
1960,5.13019,5.03075,2.239e-04,0.783,0.144,28192
1961,4.82419,5.03075,2.236e-04,0.835,0.199,28209
1962,4.94964,5.03075,2.233e-04,0.768,0.142,28206
1963,5.00485,5.03075,2.230e-04,0.780,0.156,28201
1964,5.03379,5.03075,2.228e-04,0.789,0.142,28363
1965,4.93791,5.03075,2.225e-04,0.726,0.140,28258
1966,4.82284,5.03075,2.222e-04,0.761,0.161,28212
1967,5.07647,5.03075,2.219e-04,0.757,0.137,28180
1968,4.93849,5.03075,2.217e-04,0.890,0.174,28167
1969,4.81078,5.03075,2.214e-04,0.775,0.149,28179
1970,4.85209,5.03075,2.211e-04,0.739,0.131,28310
1971,4.87408,5.03075,2.208e-04,0.767,0.158,28254
1972,4.95176,5.03075,2.206e-04,0.777,0.147,28180
1973,4.89343,5.03075,2.203e-04,0.734,0.145,28171
1974,4.96265,5.03075,2.200e-04,0.725,0.146,28161
1975,5.12818,5.03075,2.197e-04,0.854,0.161,28169
1976,5.21316,5.03075,2.194e-04,0.765,0.142,28285
1977,4.79498,5.03075,2.192e-04,0.786,0.171,28302
1978,4.94348,5.03075,2.189e-04,0.784,0.159,28185
1979,4.84394,5.03075,2.186e-04,0.820,0.212,28172
1980,4.88611,5.03075,2.183e-04,0.771,0.159,28232
1981,4.97621,5.03075,2.181e-04,0.893,0.191,28155
1982,5.00035,5.03075,2.178e-04,0.805,0.146,28277
1983,4.88809,5.03075,2.175e-04,0.766,0.155,28335
1984,5.14579,5.03075,2.172e-04,0.861,0.158,28166
1985,4.99601,5.03075,2.170e-04,0.743,0.142,28180
1986,5.04234,5.03075,2.167e-04,0.831,0.152,28156
1987,4.94492,5.03075,2.164e-04,0.729,0.132,28189
1988,4.96220,5.03075,2.161e-04,0.712,0.130,28255
1989,4.99845,5.03075,2.159e-04,0.792,0.144,28346
1990,4.98398,5.03075,2.156e-04,0.717,0.140,28227
1991,4.86030,5.03075,2.153e-04,0.797,0.132,28173
1992,4.90217,5.03075,2.150e-04,0.684,0.136,28203
1993,4.89516,5.03075,2.148e-04,0.748,0.146,28207
1994,4.87170,5.03075,2.145e-04,0.747,0.131,28200
1995,4.90469,5.03075,2.142e-04,0.714,0.126,28320
1996,5.15641,5.03075,2.139e-04,0.775,0.148,28251
1997,4.92135,5.03075,2.137e-04,0.733,0.131,28226
1998,5.08413,5.03075,2.134e-04,0.709,0.132,28211
1999,4.99221,5.03075,2.131e-04,0.774,0.140,28227
2000,5.09469,4.93896,2.129e-04,0.690,0.128,8546
2001,4.94049,4.93896,2.126e-04,0.740,0.140,28550
2002,4.92383,4.93896,2.123e-04,0.698,0.137,28175
2003,4.83472,4.93896,2.120e-04,0.740,0.126,28311
2004,5.03101,4.93896,2.118e-04,0.740,0.124,28295
2005,5.04404,4.93896,2.115e-04,0.778,0.137,28195
2006,5.10148,4.93896,2.112e-04,0.789,0.144,28179
2007,5.04701,4.93896,2.109e-04,0.741,0.130,28173
2008,4.88557,4.93896,2.107e-04,0.765,0.145,28165
2009,4.83153,4.93896,2.104e-04,0.737,0.139,28271
2010,5.00619,4.93896,2.101e-04,0.804,0.153,28332
2011,4.94585,4.93896,2.099e-04,0.745,0.153,28224
2012,4.75469,4.93896,2.096e-04,0.769,0.150,28138
2013,4.93120,4.93896,2.093e-04,0.780,0.135,28180
2014,5.01857,4.93896,2.090e-04,0.819,0.169,28172
2015,4.94675,4.93896,2.088e-04,0.774,0.143,28266
2016,4.95890,4.93896,2.085e-04,0.778,0.140,28352
2017,4.93469,4.93896,2.082e-04,0.834,0.162,28182
2018,4.83733,4.93896,2.080e-04,0.724,0.145,28156
2019,5.00550,4.93896,2.077e-04,0.849,0.143,28190
2020,5.01429,4.93896,2.074e-04,0.762,0.140,28183
2021,4.87388,4.93896,2.072e-04,0.720,0.134,28182
2022,4.88113,4.93896,2.069e-04,0.804,0.140,28367
2023,4.99633,4.93896,2.066e-04,0.749,0.136,28245
2024,4.89333,4.93896,2.063e-04,0.847,0.147,28203
2025,4.69549,4.93896,2.061e-04,0.792,0.175,28194
2026,4.94125,4.93896,2.058e-04,0.785,0.143,28174
2027,5.05817,4.93896,2.055e-04,0.819,0.148,28203
2028,4.98981,4.93896,2.053e-04,0.743,0.130,28314
2029,4.74872,4.93896,2.050e-04,0.713,0.145,28286
2030,4.97933,4.93896,2.047e-04,0.771,0.151,28178
2031,5.01903,4.93896,2.045e-04,0.724,0.128,28216
2032,4.96192,4.93896,2.042e-04,0.804,0.142,28192
2033,4.87372,4.93896,2.039e-04,0.747,0.137,28202
2034,4.89568,4.93896,2.037e-04,0.777,0.153,28295
2035,4.92475,4.93896,2.034e-04,0.737,0.147,28327
2036,4.82176,4.93896,2.031e-04,0.754,0.149,28213
2037,4.96883,4.93896,2.029e-04,0.755,0.131,28142
2038,4.97723,4.93896,2.026e-04,0.706,0.135,28223
2039,4.91549,4.93896,2.023e-04,0.732,0.130,28195
2040,5.10893,4.93896,2.021e-04,0.753,0.128,28203
2041,4.66666,4.93896,2.018e-04,0.742,0.151,28306
2042,4.79388,4.93896,2.015e-04,0.793,0.151,28173
2043,5.02129,4.93896,2.013e-04,0.764,0.135,28191
2044,4.90612,4.93896,2.010e-04,0.778,0.148,28192
2045,5.07808,4.93896,2.007e-04,0.792,0.142,28179
2046,4.83203,4.93896,2.005e-04,0.736,0.132,28243
2047,4.90414,4.93896,2.002e-04,0.740,0.147,28352
2048,5.03994,4.93896,1.999e-04,0.762,0.148,28232
2049,4.89861,4.93896,1.997e-04,0.793,0.152,28207
2050,5.00607,4.93896,1.994e-04,0.795,0.140,28183
2051,4.92460,4.93896,1.991e-04,0.776,0.133,28180
2052,4.95903,4.93896,1.989e-04,0.770,0.132,28246
2053,4.90029,4.93896,1.986e-04,0.724,0.136,28306
2054,4.65066,4.93896,1.983e-04,0.731,0.140,28251
2055,4.98207,4.93896,1.981e-04,0.764,0.133,28201
2056,5.04282,4.93896,1.978e-04,0.796,0.149,28233
2057,4.90602,4.93896,1.975e-04,0.783,0.147,28174
2058,4.89784,4.93896,1.973e-04,0.793,0.148,28201
2059,5.07704,4.93896,1.970e-04,0.822,0.137,28356
2060,4.88431,4.93896,1.968e-04,0.771,0.159,28270
2061,5.01556,4.93896,1.965e-04,0.853,0.139,28263
2062,4.84744,4.93896,1.962e-04,0.759,0.131,28171
2063,4.90108,4.93896,1.960e-04,0.773,0.146,28231
2064,4.76625,4.93896,1.957e-04,0.800,0.148,28183
2065,4.99027,4.93896,1.954e-04,0.778,0.131,28293
2066,4.93337,4.93896,1.952e-04,0.738,0.131,28347
2067,5.08649,4.93896,1.949e-04,0.838,0.141,28211
2068,4.78668,4.93896,1.947e-04,0.802,0.162,28211
2069,4.87687,4.93896,1.944e-04,0.757,0.137,28189
2070,4.71863,4.93896,1.941e-04,0.744,0.135,28168
2071,4.75450,4.93896,1.939e-04,0.782,0.136,28276
2072,4.88129,4.93896,1.936e-04,0.770,0.143,28369
2073,4.94114,4.93896,1.933e-04,0.766,0.133,28232
2074,4.82844,4.93896,1.931e-04,0.804,0.141,28180
2075,4.97398,4.93896,1.928e-04,0.757,0.139,28209
2076,4.98689,4.93896,1.926e-04,0.784,0.141,28204
2077,4.94182,4.93896,1.923e-04,0.733,0.136,28207
2078,5.04887,4.93896,1.920e-04,0.832,0.135,28315
2079,5.06415,4.93896,1.918e-04,0.742,0.129,28230
2080,5.00367,4.93896,1.915e-04,0.796,0.140,28189
2081,4.89068,4.93896,1.913e-04,0.871,0.176,28239
2082,4.82011,4.93896,1.910e-04,0.796,0.169,28211
2083,4.82279,4.93896,1.907e-04,0.803,0.145,28171
2084,4.86679,4.93896,1.905e-04,0.764,0.136,28352
2085,4.84737,4.93896,1.902e-04,0.767,0.139,28272
2086,4.89774,4.93896,1.900e-04,0.829,0.154,28185
2087,5.13219,4.93896,1.897e-04,0.736,0.124,28226
2088,4.98280,4.93896,1.894e-04,0.743,0.130,28175
2089,4.91983,4.93896,1.892e-04,0.786,0.133,28234
2090,5.06777,4.93896,1.889e-04,0.781,0.145,28278
2091,4.91593,4.93896,1.887e-04,0.798,0.133,28333
2092,4.83835,4.93896,1.884e-04,0.762,0.160,28181
2093,4.96316,4.93896,1.882e-04,0.743,0.134,28150
2094,5.02417,4.93896,1.879e-04,0.765,0.133,28205
2095,4.89113,4.93896,1.876e-04,0.723,0.136,28183
2096,4.89598,4.93896,1.874e-04,0.765,0.133,28265
2097,5.01317,4.93896,1.871e-04,0.786,0.134,28331
2098,4.90437,4.93896,1.869e-04,0.795,0.149,28219
2099,4.96704,4.93896,1.866e-04,0.836,0.152,28196
2100,4.96216,4.93896,1.864e-04,0.771,0.135,28183
2101,4.98746,4.93896,1.861e-04,0.764,0.137,28210
2102,4.86580,4.93896,1.858e-04,0.778,0.171,28208
2103,4.93805,4.93896,1.856e-04,0.835,0.137,28366
2104,4.89520,4.93896,1.853e-04,0.756,0.133,28204
2105,4.93556,4.93896,1.851e-04,0.779,0.158,28188
2106,4.79147,4.93896,1.848e-04,0.826,0.143,28177
2107,4.93427,4.93896,1.846e-04,0.784,0.140,28208
2108,4.95057,4.93896,1.843e-04,0.777,0.140,28197
2109,4.69861,4.93896,1.841e-04,0.761,0.133,28350
2110,4.88489,4.93896,1.838e-04,0.794,0.132,28276
2111,4.85664,4.93896,1.835e-04,0.763,0.131,28178
2112,4.89372,4.93896,1.833e-04,0.799,0.152,28228
2113,4.77168,4.93896,1.830e-04,0.844,0.162,28223
2114,4.69063,4.93896,1.828e-04,0.782,0.142,28181
2115,4.98650,4.93896,1.825e-04,0.776,0.162,28351
2116,5.07574,4.93896,1.823e-04,0.789,0.148,28286
2117,5.01779,4.93896,1.820e-04,0.785,0.127,28194
2118,4.97300,4.93896,1.818e-04,0.771,0.136,28210
2119,4.91212,4.93896,1.815e-04,0.813,0.148,28206
2120,5.01249,4.93896,1.813e-04,0.841,0.135,28206
2121,4.97707,4.93896,1.810e-04,0.767,0.137,28253
2122,5.03756,4.93896,1.808e-04,0.805,0.145,28329
2123,5.08389,4.93896,1.805e-04,0.842,0.148,28184
2124,4.91420,4.93896,1.802e-04,0.788,0.142,28168
2125,5.01024,4.93896,1.800e-04,0.780,0.146,28188
2126,4.93489,4.93896,1.797e-04,0.756,0.133,28193
2127,4.88950,4.93896,1.795e-04,0.790,0.140,28209
2128,5.11443,4.93896,1.792e-04,0.738,0.128,28349
2129,4.77539,4.93896,1.790e-04,0.797,0.163,28192
2130,4.63130,4.93896,1.787e-04,0.781,0.139,28214
2131,4.85945,4.93896,1.785e-04,0.798,0.142,28167
2132,4.69732,4.93896,1.782e-04,0.760,0.138,28194
2133,4.76290,4.93896,1.780e-04,0.784,0.137,28236
2134,4.85599,4.93896,1.777e-04,0.802,0.136,28336
2135,4.91417,4.93896,1.775e-04,0.738,0.138,28238
2136,4.89270,4.93896,1.772e-04,0.766,0.128,28184
2137,4.87348,4.93896,1.770e-04,0.866,0.154,28169
2138,4.99794,4.93896,1.767e-04,0.761,0.131,28223
2139,5.08692,4.93896,1.765e-04,0.816,0.144,28231
2140,4.96679,4.93896,1.762e-04,0.719,0.118,28357
2141,5.03121,4.93896,1.760e-04,0.740,0.136,28217
2142,4.69812,4.93896,1.757e-04,0.783,0.146,28243
2143,5.05717,4.93896,1.755e-04,0.756,0.120,28185
2144,5.00868,4.93896,1.752e-04,0.767,0.131,28173
2145,4.75339,4.93896,1.750e-04,0.830,0.158,28234
2146,4.72586,4.93896,1.747e-04,0.730,0.120,28298
2147,4.82416,4.93896,1.745e-04,0.850,0.171,28321
2148,5.07881,4.93896,1.743e-04,0.760,0.136,28197
2149,4.78907,4.93896,1.740e-04,0.768,0.138,28196
2150,4.84992,4.93896,1.738e-04,0.854,0.158,28197
2151,4.98436,4.93896,1.735e-04,0.818,0.140,28204
2152,4.83179,4.93896,1.733e-04,0.748,0.133,28285
2153,4.86889,4.93896,1.730e-04,0.816,0.143,28370
2154,4.80726,4.93896,1.728e-04,0.777,0.145,28184
2155,4.85673,4.93896,1.725e-04,0.795,0.144,28195
2156,4.99909,4.93896,1.723e-04,0.740,0.144,28192
2157,4.92261,4.93896,1.720e-04,0.809,0.136,28169
2158,4.85830,4.93896,1.718e-04,0.756,0.147,28224
2159,4.87583,4.93896,1.715e-04,0.882,0.154,28348
2160,4.96941,4.93896,1.713e-04,0.824,0.143,28230
2161,4.94278,4.93896,1.711e-04,0.741,0.126,28278
2162,4.89295,4.93896,1.708e-04,0.813,0.153,28165
2163,4.72729,4.93896,1.706e-04,0.805,0.159,28199
2164,4.94494,4.93896,1.703e-04,0.742,0.134,28230
2165,4.90857,4.93896,1.701e-04,0.757,0.126,28320
2166,5.14336,4.93896,1.698e-04,0.789,0.133,28265
2167,4.90115,4.93896,1.696e-04,0.734,0.148,28186
2168,5.02067,4.93896,1.693e-04,0.825,0.150,28197
2169,4.90419,4.93896,1.691e-04,0.749,0.134,28205
2170,4.94091,4.93896,1.689e-04,0.833,0.178,28187
2171,4.99535,4.93896,1.686e-04,0.785,0.139,28331
2172,4.94454,4.93896,1.684e-04,0.814,0.139,28328
2173,4.71628,4.93896,1.681e-04,0.780,0.153,28160
2174,5.09326,4.93896,1.679e-04,0.823,0.139,28197
2175,4.88514,4.93896,1.676e-04,0.746,0.148,28238
2176,5.01174,4.93896,1.674e-04,0.702,0.128,28154
2177,4.80451,4.93896,1.672e-04,0.757,0.139,28285
2178,5.02205,4.93896,1.669e-04,0.749,0.125,28342
2179,5.04177,4.93896,1.667e-04,0.729,0.131,28173
2180,4.89025,4.93896,1.664e-04,0.777,0.139,28195
2181,4.97222,4.93896,1.662e-04,0.768,0.131,28202
2182,5.04779,4.93896,1.660e-04,0.770,0.131,28204
2183,4.96270,4.93896,1.657e-04,0.719,0.132,28266
2184,4.91894,4.93896,1.655e-04,0.753,0.139,28347
2185,4.63802,4.93896,1.652e-04,0.964,0.169,28201
2186,4.77324,4.93896,1.650e-04,0.704,0.130,28219
2187,4.90383,4.93896,1.648e-04,0.748,0.143,28231
2188,4.91012,4.93896,1.645e-04,0.798,0.140,28174
2189,5.01650,4.93896,1.643e-04,0.763,0.136,28217
2190,4.93811,4.93896,1.640e-04,0.758,0.134,28342
2191,4.90978,4.93896,1.638e-04,0.748,0.140,28222
2192,4.90957,4.93896,1.636e-04,0.767,0.139,28199
2193,4.93501,4.93896,1.633e-04,0.812,0.148,28166
2194,4.94941,4.93896,1.631e-04,0.772,0.155,28177
2195,4.88317,4.93896,1.628e-04,0.736,0.139,28237
2196,4.92435,4.93896,1.626e-04,0.832,0.135,28342
2197,4.91846,4.93896,1.624e-04,0.857,0.166,28283
2198,4.82851,4.93896,1.621e-04,0.810,0.149,28179
2199,4.86616,4.93896,1.619e-04,0.820,0.148,28221
2200,4.90905,4.93896,1.617e-04,0.792,0.138,28214
2201,5.17270,4.93896,1.614e-04,0.841,0.143,28199
2202,4.86671,4.93896,1.612e-04,0.816,0.144,28320
2203,4.79949,4.93896,1.609e-04,0.837,0.168,28310
2204,4.74613,4.93896,1.607e-04,0.761,0.148,28161
2205,5.00615,4.93896,1.605e-04,0.788,0.142,28218
2206,4.86598,4.93896,1.602e-04,0.803,0.147,28192
2207,5.00234,4.93896,1.600e-04,0.792,0.138,28192
2208,4.93232,4.93896,1.598e-04,0.796,0.145,28244
2209,5.05277,4.93896,1.595e-04,0.775,0.151,28334
2210,4.66819,4.93896,1.593e-04,0.797,0.141,28209
2211,4.89763,4.93896,1.591e-04,0.771,0.140,28189
2212,4.98866,4.93896,1.588e-04,0.797,0.149,28200
2213,4.67225,4.93896,1.586e-04,0.926,0.192,28184
2214,4.82550,4.93896,1.584e-04,0.849,0.149,28247
2215,4.76985,4.93896,1.581e-04,0.807,0.157,28324
2216,4.75918,4.93896,1.579e-04,0.866,0.179,28222
2217,4.78704,4.93896,1.577e-04,0.828,0.147,28195
2218,4.79826,4.93896,1.574e-04,0.774,0.152,28208
2219,4.69410,4.93896,1.572e-04,0.792,0.140,28235
2220,4.94808,4.93896,1.570e-04,0.795,0.145,28218
2221,4.88018,4.93896,1.567e-04,0.762,0.141,28312
2222,4.89389,4.93896,1.565e-04,0.736,0.137,28221
2223,4.79981,4.93896,1.563e-04,0.734,0.119,28203
2224,5.00072,4.93896,1.560e-04,0.785,0.132,28211
2225,4.69611,4.93896,1.558e-04,0.836,0.169,28182
2226,4.89800,4.93896,1.556e-04,0.816,0.137,28206
2227,4.92072,4.93896,1.553e-04,0.789,0.150,28330
2228,4.65502,4.93896,1.551e-04,0.771,0.131,28287
2229,4.88478,4.93896,1.549e-04,0.778,0.136,28193
2230,4.80850,4.93896,1.546e-04,0.797,0.151,28213
2231,4.83867,4.93896,1.544e-04,0.797,0.139,28182
2232,4.87309,4.93896,1.542e-04,0.818,0.137,28191
2233,5.01347,4.93896,1.540e-04,0.835,0.148,28344
2234,4.90454,4.93896,1.537e-04,0.773,0.144,28340
2235,4.94464,4.93896,1.535e-04,0.753,0.133,28154
2236,4.68684,4.93896,1.533e-04,0.730,0.139,28219
2237,4.80270,4.93896,1.530e-04,0.780,0.152,28203
2238,5.02163,4.93896,1.528e-04,0.828,0.144,28195
2239,4.95519,4.93896,1.526e-04,0.777,0.144,28237
2240,4.95240,4.93896,1.524e-04,0.786,0.133,28330
2241,4.88581,4.93896,1.521e-04,0.866,0.142,28322
2242,4.90459,4.93896,1.519e-04,0.748,0.147,28189
2243,5.08089,4.93896,1.517e-04,0.819,0.133,28201
2244,4.79603,4.93896,1.514e-04,0.767,0.129,28206
2245,4.70864,4.93896,1.512e-04,0.799,0.137,28213
2246,4.81495,4.93896,1.510e-04,0.771,0.131,28364
2247,4.88498,4.93896,1.508e-04,0.772,0.141,28246
2248,4.96001,4.93896,1.505e-04,0.823,0.151,28239
2249,5.00323,4.93896,1.503e-04,0.829,0.137,28175
2250,5.05092,4.86932,1.501e-04,0.806,0.147,8549
2251,4.99391,4.86932,1.499e-04,0.831,0.150,28652
2252,4.85313,4.86932,1.496e-04,0.772,0.136,28201
2253,5.01581,4.86932,1.494e-04,0.819,0.140,28182
2254,4.90089,4.86932,1.492e-04,0.817,0.160,28316
2255,4.85977,4.86932,1.490e-04,0.765,0.128,28324
2256,4.90997,4.86932,1.487e-04,0.830,0.158,28188
2257,4.91292,4.86932,1.485e-04,0.827,0.143,28205
2258,5.06056,4.86932,1.483e-04,0.809,0.137,28202
2259,4.68263,4.86932,1.481e-04,0.781,0.136,28169
2260,4.71756,4.86932,1.478e-04,0.783,0.142,28258
2261,4.96627,4.86932,1.476e-04,0.798,0.136,28314
2262,4.79423,4.86932,1.474e-04,0.872,0.153,28199
2263,4.87311,4.86932,1.472e-04,0.806,0.136,28178
2264,4.95739,4.86932,1.469e-04,0.914,0.155,28193
2265,4.89084,4.86932,1.467e-04,0.757,0.143,28178
2266,4.82915,4.86932,1.465e-04,0.824,0.141,28219
2267,4.84450,4.86932,1.463e-04,0.858,0.153,28341
2268,4.92656,4.86932,1.461e-04,0.769,0.125,28236
2269,4.80112,4.86932,1.458e-04,0.753,0.142,28187
2270,5.01870,4.86932,1.456e-04,0.812,0.139,28181
2271,5.04112,4.86932,1.454e-04,0.756,0.132,28211
2272,4.98283,4.86932,1.452e-04,0.790,0.148,28213
2273,4.85399,4.86932,1.450e-04,0.783,0.140,28339
2274,4.95277,4.86932,1.447e-04,0.812,0.131,28240
2275,4.88106,4.86932,1.445e-04,0.758,0.133,28158
2276,5.01917,4.86932,1.443e-04,0.778,0.140,28208
2277,4.90689,4.86932,1.441e-04,0.773,0.130,28193
2278,4.94945,4.86932,1.439e-04,0.769,0.131,28200
2279,4.96282,4.86932,1.436e-04,0.792,0.140,28352
2280,4.72164,4.86932,1.434e-04,0.830,0.144,28235
2281,4.78363,4.86932,1.432e-04,0.792,0.147,28275
2282,4.96825,4.86932,1.430e-04,0.847,0.177,28154
2283,4.86966,4.86932,1.428e-04,0.804,0.130,28218
2284,4.98161,4.86932,1.425e-04,0.804,0.147,28178
2285,4.80714,4.86932,1.423e-04,0.752,0.130,28297
2286,4.88807,4.86932,1.421e-04,0.784,0.134,28328
2287,4.87318,4.86932,1.419e-04,0.792,0.139,28188
2288,4.94715,4.86932,1.417e-04,0.814,0.141,28203
2289,4.87846,4.86932,1.415e-04,0.759,0.129,28160
2290,4.87961,4.86932,1.412e-04,0.821,0.141,28196
2291,4.90337,4.86932,1.410e-04,0.815,0.151,28292
2292,4.81733,4.86932,1.408e-04,0.823,0.151,28354
2293,4.66125,4.86932,1.406e-04,0.802,0.137,28183
2294,4.71159,4.86932,1.404e-04,0.805,0.149,28179
2295,4.78128,4.86932,1.402e-04,0.854,0.159,28206
2296,4.68126,4.86932,1.399e-04,0.771,0.132,28174
2297,4.94777,4.86932,1.397e-04,0.835,0.139,28236
2298,4.89861,4.86932,1.395e-04,0.787,0.143,28343
2299,4.96207,4.86932,1.393e-04,0.763,0.139,28183
2300,5.14449,4.86932,1.391e-04,0.771,0.130,28187
2301,4.79007,4.86932,1.389e-04,0.899,0.156,28211
2302,4.72648,4.86932,1.387e-04,0.784,0.147,28227
2303,4.87814,4.86932,1.384e-04,0.804,0.146,28215
2304,5.00491,4.86932,1.382e-04,0.773,0.140,28335
2305,4.92437,4.86932,1.380e-04,0.875,0.142,28281
2306,4.99367,4.86932,1.378e-04,0.744,0.124,28201
2307,4.73880,4.86932,1.376e-04,0.851,0.146,28197
2308,4.97923,4.86932,1.374e-04,0.820,0.145,28199
2309,4.89601,4.86932,1.372e-04,0.787,0.148,28225
2310,4.80510,4.86932,1.370e-04,0.845,0.151,28293
2311,4.83504,4.86932,1.367e-04,0.750,0.137,28331
2312,4.75325,4.86932,1.365e-04,0.831,0.145,28165
2313,4.91005,4.86932,1.363e-04,0.831,0.151,28140
2314,4.92329,4.86932,1.361e-04,0.841,0.143,28173
2315,4.96065,4.86932,1.359e-04,0.817,0.138,28177
2316,4.77641,4.86932,1.357e-04,0.789,0.140,28257
2317,4.93851,4.86932,1.355e-04,0.771,0.126,28344
2318,4.90612,4.86932,1.353e-04,0.788,0.139,28173
2319,4.81774,4.86932,1.351e-04,0.770,0.157,28178
2320,4.85340,4.86932,1.348e-04,0.825,0.138,28212
2321,4.78118,4.86932,1.346e-04,0.784,0.141,28222
2322,4.86330,4.86932,1.344e-04,0.807,0.139,28240
2323,4.81278,4.86932,1.342e-04,0.731,0.124,28353
2324,4.97975,4.86932,1.340e-04,0.762,0.140,28206
2325,4.87260,4.86932,1.338e-04,0.882,0.150,28192
2326,5.03886,4.86932,1.336e-04,0.774,0.134,28196
2327,4.95164,4.86932,1.334e-04,0.749,0.137,28155
2328,4.82774,4.86932,1.332e-04,0.773,0.133,28215
2329,4.87318,4.86932,1.330e-04,0.799,0.141,28358
2330,4.92778,4.86932,1.328e-04,0.788,0.142,28248
2331,4.82291,4.86932,1.326e-04,0.804,0.135,28181
2332,4.89617,4.86932,1.324e-04,0.817,0.150,28203
2333,4.77582,4.86932,1.321e-04,0.730,0.146,28205
2334,4.93344,4.86932,1.319e-04,0.800,0.144,28185
2335,4.91888,4.86932,1.317e-04,0.832,0.142,28279
2336,4.89271,4.86932,1.315e-04,0.739,0.129,28248
2337,4.89690,4.86932,1.313e-04,0.818,0.136,28211
2338,4.85413,4.86932,1.311e-04,0.805,0.135,28204
2339,4.86948,4.86932,1.309e-04,0.759,0.127,28177
2340,4.74201,4.86932,1.307e-04,0.824,0.153,28174
2341,4.86561,4.86932,1.305e-04,0.818,0.142,28274
2342,4.68434,4.86932,1.303e-04,0.791,0.138,28308
2343,4.87569,4.86932,1.301e-04,0.814,0.137,28164
2344,4.80088,4.86932,1.299e-04,0.802,0.145,28206
2345,4.86746,4.86932,1.297e-04,0.897,0.144,28157
2346,4.91985,4.86932,1.295e-04,0.807,0.122,28173
2347,5.04035,4.86932,1.293e-04,0.796,0.140,28265
2348,4.74684,4.86932,1.291e-04,0.793,0.149,28345
2349,4.75831,4.86932,1.289e-04,0.803,0.135,28193
2350,4.93299,4.86932,1.287e-04,0.757,0.126,28200
2351,4.84547,4.86932,1.285e-04,0.969,0.199,28196
2352,5.03539,4.86932,1.283e-04,0.776,0.136,28173
2353,4.80831,4.86932,1.281e-04,0.803,0.160,28270
2354,4.94836,4.86932,1.279e-04,0.838,0.141,28340
2355,4.76119,4.86932,1.277e-04,0.770,0.135,28232
2356,4.73508,4.86932,1.275e-04,0.847,0.143,28175
2357,4.81969,4.86932,1.273e-04,0.841,0.139,28211
2358,4.69832,4.86932,1.271e-04,0.917,0.167,28210
2359,4.82445,4.86932,1.269e-04,0.796,0.136,28207
2360,4.84317,4.86932,1.267e-04,0.807,0.147,28321
2361,4.79843,4.86932,1.265e-04,0.809,0.126,28198
2362,4.71177,4.86932,1.263e-04,0.768,0.141,28181
2363,4.88367,4.86932,1.261e-04,0.855,0.136,28220
2364,4.78293,4.86932,1.259e-04,0.773,0.137,28191
2365,4.92794,4.86932,1.257e-04,0.827,0.138,28212
2366,5.05339,4.86932,1.255e-04,0.836,0.145,28318
2367,4.77248,4.86932,1.253e-04,0.830,0.138,28259
2368,4.72954,4.86932,1.251e-04,0.781,0.139,28192
2369,4.85876,4.86932,1.249e-04,0.759,0.132,28183
2370,4.76277,4.86932,1.247e-04,0.789,0.134,28221
2371,5.09289,4.86932,1.245e-04,0.757,0.128,28158
2372,4.79577,4.86932,1.243e-04,0.826,0.156,28283
2373,4.99072,4.86932,1.241e-04,0.864,0.138,28294
2374,4.90435,4.86932,1.239e-04,0.806,0.135,28201
2375,4.91653,4.86932,1.237e-04,0.800,0.131,28202
2376,4.85290,4.86932,1.235e-04,0.750,0.128,28186
2377,4.91477,4.86932,1.233e-04,0.754,0.126,28212
2378,4.73010,4.86932,1.231e-04,0.749,0.129,28278
2379,4.81980,4.86932,1.229e-04,0.768,0.132,28348
2380,4.76253,4.86932,1.227e-04,0.762,0.135,28183
2381,4.74724,4.86932,1.225e-04,0.732,0.127,28218
2382,4.76112,4.86932,1.223e-04,0.915,0.156,28209
2383,4.82225,4.86932,1.222e-04,0.752,0.131,28154
2384,4.85732,4.86932,1.220e-04,0.805,0.137,28238
2385,5.00718,4.86932,1.218e-04,0.929,0.148,28345
2386,4.73468,4.86932,1.216e-04,0.777,0.131,28192
2387,5.00347,4.86932,1.214e-04,0.836,0.137,28167
2388,4.83136,4.86932,1.212e-04,0.813,0.133,28201
2389,4.93259,4.86932,1.210e-04,0.790,0.150,28211
2390,4.95554,4.86932,1.208e-04,0.729,0.130,28169
2391,4.81725,4.86932,1.206e-04,0.816,0.151,28359
2392,4.79574,4.86932,1.204e-04,0.898,0.164,28253
2393,4.97781,4.86932,1.202e-04,0.850,0.137,28154
2394,4.65731,4.86932,1.200e-04,0.839,0.158,28160
2395,4.90655,4.86932,1.199e-04,0.839,0.144,28151
2396,4.80635,4.86932,1.197e-04,0.830,0.140,28235
2397,4.85309,4.86932,1.195e-04,0.899,0.147,28309
2398,4.65567,4.86932,1.193e-04,0.784,0.133,28291
2399,4.88946,4.86932,1.191e-04,0.803,0.130,28185
2400,4.86742,4.86932,1.189e-04,0.812,0.139,28192
2401,4.83585,4.86932,1.187e-04,0.786,0.127,28205
2402,4.74407,4.86932,1.185e-04,0.802,0.129,28218
2403,4.85222,4.86932,1.183e-04,0.790,0.144,28341
2404,4.68924,4.86932,1.182e-04,0.802,0.133,28315
2405,4.98252,4.86932,1.180e-04,0.795,0.127,28202
2406,4.70900,4.86932,1.178e-04,0.786,0.132,28176
2407,4.92063,4.86932,1.176e-04,0.779,0.129,28194
2408,4.74958,4.86932,1.174e-04,0.821,0.158,28177
2409,4.80581,4.86932,1.172e-04,0.772,0.128,28223
2410,4.70280,4.86932,1.170e-04,0.823,0.139,28375
2411,4.83333,4.86932,1.168e-04,0.815,0.142,28183
2412,4.97502,4.86932,1.167e-04,0.786,0.129,28219
2413,4.97218,4.86932,1.165e-04,0.831,0.140,28155
2414,4.85742,4.86932,1.163e-04,0.775,0.143,28155
2415,4.74417,4.86932,1.161e-04,0.734,0.123,28243
2416,4.84253,4.86932,1.159e-04,0.844,0.149,28355
2417,4.89531,4.86932,1.157e-04,0.804,0.134,28258
2418,4.99630,4.86932,1.155e-04,0.712,0.125,28219
2419,4.87425,4.86932,1.154e-04,0.830,0.140,28195
2420,4.91553,4.86932,1.152e-04,0.816,0.131,28206
2421,4.82717,4.86932,1.150e-04,0.800,0.133,28160
2422,4.94718,4.86932,1.148e-04,0.777,0.139,28363
2423,4.78330,4.86932,1.146e-04,0.751,0.131,28247
2424,4.94547,4.86932,1.144e-04,0.813,0.153,28198
2425,4.82854,4.86932,1.143e-04,0.811,0.142,28193
2426,4.88662,4.86932,1.141e-04,0.759,0.126,28199
2427,4.67665,4.86932,1.139e-04,0.860,0.163,28233
2428,4.79375,4.86932,1.137e-04,0.790,0.136,28295
2429,4.94091,4.86932,1.135e-04,0.777,0.130,28333
2430,4.68750,4.86932,1.134e-04,0.795,0.146,28195
2431,4.98206,4.86932,1.132e-04,0.760,0.132,28178
2432,4.86653,4.86932,1.130e-04,0.752,0.131,28183
2433,4.74554,4.86932,1.128e-04,0.760,0.135,28209
2434,4.89242,4.86932,1.126e-04,0.787,0.142,28295
2435,5.05986,4.86932,1.125e-04,0.723,0.127,28343
2436,4.49805,4.86932,1.123e-04,0.751,0.149,28202
2437,4.99097,4.86932,1.121e-04,0.761,0.139,28212
2438,4.87359,4.86932,1.119e-04,0.726,0.126,28152
2439,4.96718,4.86932,1.117e-04,0.812,0.140,28220
2440,4.92812,4.86932,1.116e-04,0.790,0.155,28184
2441,4.80699,4.86932,1.114e-04,0.823,0.141,28298
2442,4.98356,4.86932,1.112e-04,0.824,0.142,28218
2443,4.70833,4.86932,1.110e-04,0.768,0.137,28165
2444,4.85853,4.86932,1.109e-04,0.860,0.144,28220
2445,4.81762,4.86932,1.107e-04,0.737,0.135,28193
2446,4.90630,4.86932,1.105e-04,0.860,0.159,28175
2447,4.89170,4.86932,1.103e-04,0.803,0.148,28380
2448,4.79214,4.86932,1.101e-04,0.768,0.126,28235
2449,4.76253,4.86932,1.100e-04,0.784,0.132,28203
2450,4.79380,4.86932,1.098e-04,0.839,0.151,28211
2451,4.95428,4.86932,1.096e-04,0.821,0.143,28159
2452,4.95867,4.86932,1.094e-04,0.825,0.136,28205
2453,4.87908,4.86932,1.093e-04,0.757,0.134,28334
2454,4.76016,4.86932,1.091e-04,0.873,0.143,28293
2455,5.01300,4.86932,1.089e-04,0.802,0.144,28149
2456,4.80484,4.86932,1.088e-04,0.729,0.127,28216
2457,4.89803,4.86932,1.086e-04,0.767,0.127,28213
2458,4.69930,4.86932,1.084e-04,0.911,0.152,28175
2459,4.83803,4.86932,1.082e-04,0.786,0.135,28291
2460,4.80373,4.86932,1.081e-04,0.802,0.133,28330
2461,4.82859,4.86932,1.079e-04,0.859,0.147,28291
2462,4.67661,4.86932,1.077e-04,0.820,0.146,28181
2463,4.81233,4.86932,1.075e-04,0.791,0.129,28216
2464,4.88171,4.86932,1.074e-04,0.901,0.146,28161
2465,4.78187,4.86932,1.072e-04,0.868,0.154,28267
2466,4.82518,4.86932,1.070e-04,0.802,0.134,28340
2467,4.72477,4.86932,1.069e-04,0.805,0.136,28201
2468,5.10649,4.86932,1.067e-04,0.763,0.131,28176
2469,4.93301,4.86932,1.065e-04,0.815,0.146,28225
2470,4.91689,4.86932,1.063e-04,0.892,0.139,28197
2471,4.61633,4.86932,1.062e-04,0.785,0.138,28225
2472,4.94866,4.86932,1.060e-04,0.854,0.130,28329
2473,4.89823,4.86932,1.058e-04,0.792,0.131,28240
2474,4.79172,4.86932,1.057e-04,0.789,0.147,28218
2475,4.77424,4.86932,1.055e-04,0.860,0.146,28217
2476,4.86829,4.86932,1.053e-04,0.804,0.130,28193
2477,4.69092,4.86932,1.052e-04,0.783,0.142,28199
2478,4.82150,4.86932,1.050e-04,0.759,0.125,28352
2479,4.69019,4.86932,1.048e-04,0.740,0.130,28275
2480,4.77110,4.86932,1.047e-04,0.909,0.146,28191
2481,4.80375,4.86932,1.045e-04,0.810,0.146,28228
2482,4.80652,4.86932,1.043e-04,0.817,0.146,28224
2483,4.70337,4.86932,1.042e-04,0.770,0.136,28177
2484,4.90621,4.86932,1.040e-04,0.834,0.131,28335
2485,4.87009,4.86932,1.038e-04,0.770,0.132,28345
2486,4.88321,4.86932,1.037e-04,0.818,0.131,28195
2487,4.79600,4.86932,1.035e-04,0.825,0.141,28201
2488,4.73682,4.86932,1.033e-04,0.813,0.136,28186
2489,4.99395,4.86932,1.032e-04,0.836,0.134,28235
2490,4.71650,4.86932,1.030e-04,0.836,0.141,28236
2491,4.74764,4.86932,1.028e-04,0.752,0.132,28356
2492,4.92904,4.86932,1.027e-04,0.737,0.120,28203
2493,4.77942,4.86932,1.025e-04,0.833,0.136,28212
2494,4.68031,4.86932,1.024e-04,0.778,0.129,28227
2495,4.76933,4.86932,1.022e-04,0.758,0.122,28170
2496,5.00232,4.86932,1.020e-04,0.786,0.127,28239
2497,4.85996,4.86932,1.019e-04,0.808,0.130,28399
2498,4.70686,4.86932,1.017e-04,0.745,0.130,28243
2499,4.87473,4.86932,1.015e-04,0.749,0.128,28166
2500,4.80801,4.81521,1.014e-04,0.774,0.124,8560
2501,4.83861,4.81521,1.012e-04,0.775,0.138,28622
2502,4.86425,4.81521,1.011e-04,0.793,0.133,28217
2503,4.70866,4.81521,1.009e-04,0.797,0.139,28215
2504,4.89078,4.81521,1.007e-04,0.926,0.180,28190
2505,4.79206,4.81521,1.006e-04,0.832,0.135,28317
2506,4.76970,4.81521,1.004e-04,0.875,0.152,28322
2507,4.82644,4.81521,1.003e-04,0.813,0.126,28224
2508,4.84231,4.81521,1.001e-04,0.815,0.124,28182
2509,4.67656,4.81521,9.995e-05,0.793,0.141,28203
2510,5.00944,4.81521,9.979e-05,0.803,0.128,28195
2511,4.78911,4.81521,9.963e-05,0.780,0.136,28269
2512,4.78871,4.81521,9.947e-05,0.777,0.137,28315
2513,4.56825,4.81521,9.931e-05,0.803,0.135,28187
2514,4.95791,4.81521,9.916e-05,0.846,0.153,28200
2515,4.89460,4.81521,9.900e-05,0.775,0.124,28189
2516,4.84582,4.81521,9.884e-05,0.796,0.136,28206
2517,4.94736,4.81521,9.869e-05,0.901,0.156,28290
2518,4.75884,4.81521,9.853e-05,0.831,0.135,28366
2519,4.83267,4.81521,9.837e-05,0.815,0.139,28208
2520,4.89375,4.81521,9.822e-05,0.846,0.153,28188
2521,4.70390,4.81521,9.806e-05,0.833,0.138,28241
2522,4.86567,4.81521,9.791e-05,0.798,0.135,28199
2523,4.88557,4.81521,9.775e-05,0.742,0.124,28229
2524,4.83365,4.81521,9.760e-05,0.859,0.147,28350
2525,4.75240,4.81521,9.745e-05,0.780,0.133,28249
2526,4.88432,4.81521,9.729e-05,0.781,0.128,28178
2527,4.80081,4.81521,9.714e-05,0.841,0.144,28210
2528,4.62348,4.81521,9.699e-05,0.853,0.142,28211
2529,4.74148,4.81521,9.683e-05,0.753,0.133,28215
2530,4.67868,4.81521,9.668e-05,0.795,0.139,28341
2531,4.88727,4.81521,9.653e-05,0.727,0.124,28269
2532,4.77715,4.81521,9.638e-05,0.812,0.138,28250
2533,4.85005,4.81521,9.622e-05,0.825,0.138,28212
2534,4.89250,4.81521,9.607e-05,0.758,0.132,28181
2535,4.70662,4.81521,9.592e-05,0.801,0.140,28211
2536,4.76646,4.81521,9.577e-05,0.821,0.141,28296
2537,4.90259,4.81521,9.562e-05,0.921,0.136,28342
2538,4.88124,4.81521,9.547e-05,0.775,0.124,28180
2539,4.82597,4.81521,9.532e-05,0.807,0.144,28207
2540,4.65000,4.81521,9.517e-05,0.824,0.140,28184
2541,4.98205,4.81521,9.502e-05,0.895,0.137,28204
2542,4.92159,4.81521,9.487e-05,0.774,0.130,28291
2543,4.77172,4.81521,9.472e-05,0.942,0.149,28359
2544,5.00256,4.81521,9.457e-05,0.957,0.157,28200
2545,4.78949,4.81521,9.443e-05,0.879,0.141,28191
2546,4.89023,4.81521,9.428e-05,0.828,0.138,28156
2547,4.89410,4.81521,9.413e-05,0.836,0.145,28226
2548,5.07892,4.81521,9.398e-05,0.881,0.152,28232
2549,4.77242,4.81521,9.384e-05,0.824,0.140,28357
2550,4.88156,4.81521,9.369e-05,0.792,0.124,28219
2551,4.88009,4.81521,9.354e-05,0.859,0.152,28211
2552,4.64326,4.81521,9.340e-05,0.858,0.162,28139
2553,4.93443,4.81521,9.325e-05,0.811,0.157,28195
2554,4.79419,4.81521,9.311e-05,0.923,0.142,28235
2555,4.90666,4.81521,9.296e-05,0.879,0.176,28341
2556,4.77473,4.81521,9.282e-05,0.836,0.133,28273
2557,5.04250,4.81521,9.267e-05,0.856,0.128,28194
2558,4.76938,4.81521,9.253e-05,0.821,0.136,28241
2559,4.82345,4.81521,9.238e-05,0.845,0.131,28168
2560,4.78644,4.81521,9.224e-05,0.804,0.138,28164
2561,4.79821,4.81521,9.210e-05,0.921,0.148,28253
2562,4.90466,4.81521,9.195e-05,0.815,0.139,28315
2563,4.78153,4.81521,9.181e-05,0.792,0.128,28190
2564,4.90969,4.81521,9.167e-05,0.857,0.140,28218
2565,4.63238,4.81521,9.153e-05,0.815,0.135,28227
2566,4.74264,4.81521,9.138e-05,0.775,0.130,28199
2567,5.00029,4.81521,9.124e-05,0.746,0.119,28280
2568,4.70241,4.81521,9.110e-05,0.888,0.154,28317
2569,4.88696,4.81521,9.096e-05,0.802,0.139,28157
2570,4.63936,4.81521,9.082e-05,0.854,0.144,28147
2571,4.90196,4.81521,9.068e-05,0.854,0.138,28206
2572,4.83649,4.81521,9.054e-05,0.786,0.137,28195
2573,4.88129,4.81521,9.040e-05,0.796,0.137,28229
2574,4.73136,4.81521,9.026e-05,0.807,0.139,28349
2575,4.79495,4.81521,9.012e-05,0.809,0.132,28180
2576,4.97532,4.81521,8.998e-05,0.836,0.134,28191
2577,4.76947,4.81521,8.984e-05,0.817,0.138,28207
2578,4.79471,4.81521,8.970e-05,0.826,0.135,28159
2579,4.81050,4.81521,8.957e-05,0.819,0.142,28201
2580,4.76295,4.81521,8.943e-05,0.753,0.133,28337
2581,4.69402,4.81521,8.929e-05,0.738,0.125,28179
2582,4.82959,4.81521,8.915e-05,0.859,0.151,28214
2583,4.85585,4.81521,8.902e-05,0.768,0.140,28204
2584,4.96581,4.81521,8.888e-05,0.810,0.131,28235
2585,4.80291,4.81521,8.874e-05,0.848,0.142,28160
2586,4.79271,4.81521,8.861e-05,0.754,0.132,28337
2587,4.75403,4.81521,8.847e-05,0.785,0.137,28240
2588,4.89106,4.81521,8.834e-05,0.797,0.134,28175
2589,4.89426,4.81521,8.820e-05,0.804,0.128,28209
2590,4.74670,4.81521,8.807e-05,0.809,0.139,28157
2591,4.73308,4.81521,8.793e-05,0.776,0.129,28191
2592,4.96662,4.81521,8.780e-05,0.844,0.130,28327
2593,4.56273,4.81521,8.767e-05,0.799,0.143,28308
2594,4.82347,4.81521,8.753e-05,0.808,0.133,28215
2595,4.84646,4.81521,8.740e-05,0.836,0.143,28160
2596,4.89438,4.81521,8.727e-05,0.856,0.131,28196
2597,5.04820,4.81521,8.713e-05,0.813,0.128,28191
2598,4.83872,4.81521,8.700e-05,0.859,0.132,28310
2599,4.86922,4.81521,8.687e-05,0.743,0.126,28334
2600,4.72932,4.81521,8.674e-05,0.799,0.135,28201
2601,4.85028,4.81521,8.661e-05,0.815,0.135,28233
2602,4.91599,4.81521,8.648e-05,0.807,0.128,28161
2603,4.67665,4.81521,8.635e-05,0.712,0.123,28186
2604,4.82778,4.81521,8.622e-05,0.859,0.146,28236
2605,4.54004,4.81521,8.609e-05,0.768,0.125,28355
2606,4.63893,4.81521,8.596e-05,0.748,0.122,28235
2607,4.73757,4.81521,8.583e-05,0.789,0.132,28192
2608,4.93446,4.81521,8.570e-05,0.799,0.134,28187
2609,4.96606,4.81521,8.557e-05,0.800,0.133,28188
2610,4.83375,4.81521,8.544e-05,0.826,0.135,28198
2611,4.75292,4.81521,8.531e-05,0.819,0.135,28353
2612,4.60479,4.81521,8.518e-05,0.840,0.130,28219
2613,4.64487,4.81521,8.506e-05,0.821,0.142,28192
2614,4.81860,4.81521,8.493e-05,0.836,0.135,28168
2615,4.68778,4.81521,8.480e-05,0.785,0.124,28146
2616,4.92186,4.81521,8.467e-05,0.823,0.147,28171
2617,4.82025,4.81521,8.455e-05,0.826,0.138,28320
2618,4.53698,4.81521,8.442e-05,0.859,0.137,28272
2619,4.76474,4.81521,8.430e-05,0.793,0.134,28193
2620,4.94251,4.81521,8.417e-05,0.837,0.134,28217
2621,4.82569,4.81521,8.405e-05,0.771,0.127,28188
2622,4.97188,4.81521,8.392e-05,0.847,0.131,28198
2623,4.97587,4.81521,8.380e-05,0.816,0.133,28230
2624,4.68519,4.81521,8.367e-05,0.778,0.131,28285
2625,4.82065,4.81521,8.355e-05,0.789,0.124,28216
2626,4.68295,4.81521,8.342e-05,0.774,0.128,28185
2627,4.64565,4.81521,8.330e-05,0.852,0.144,28199
2628,4.66045,4.81521,8.318e-05,0.790,0.137,28184
2629,4.76158,4.81521,8.306e-05,0.817,0.138,28278
2630,4.79703,4.81521,8.293e-05,0.864,0.131,28326
2631,4.88563,4.81521,8.281e-05,0.877,0.146,28209
2632,4.79208,4.81521,8.269e-05,0.779,0.149,28200
2633,4.75624,4.81521,8.257e-05,0.826,0.143,28190
2634,4.80815,4.81521,8.245e-05,0.837,0.149,28170
2635,4.78970,4.81521,8.233e-05,0.789,0.135,28237
2636,4.72529,4.81521,8.221e-05,0.816,0.141,28367
2637,4.81976,4.81521,8.209e-05,0.800,0.132,28254
2638,4.91808,4.81521,8.197e-05,0.786,0.148,28194
2639,4.72875,4.81521,8.185e-05,0.804,0.147,28149
2640,4.85311,4.81521,8.173e-05,0.805,0.134,28165
2641,4.92124,4.81521,8.161e-05,0.796,0.127,28184
2642,4.80804,4.81521,8.149e-05,0.793,0.146,28331
2643,4.67407,4.81521,8.137e-05,0.771,0.134,28255
2644,4.74332,4.81521,8.125e-05,0.897,0.147,28191
2645,4.77447,4.81521,8.114e-05,0.765,0.137,28207
2646,4.90866,4.81521,8.102e-05,0.777,0.136,28196
2647,4.79943,4.81521,8.090e-05,0.804,0.138,28203
2648,4.90011,4.81521,8.079e-05,0.852,0.149,28322
2649,4.87087,4.81521,8.067e-05,0.787,0.129,28277
2650,4.74215,4.81521,8.055e-05,0.784,0.129,28191
2651,4.84479,4.81521,8.044e-05,0.884,0.142,28169
2652,4.85658,4.81521,8.032e-05,0.811,0.126,28189
2653,4.78804,4.81521,8.021e-05,0.798,0.134,28199
2654,4.73533,4.81521,8.009e-05,0.822,0.141,28309
2655,4.90991,4.81521,7.998e-05,0.880,0.148,28313
2656,4.84158,4.81521,7.986e-05,0.789,0.126,28204
2657,4.80828,4.81521,7.975e-05,0.776,0.135,28169
2658,4.77242,4.81521,7.964e-05,0.804,0.130,28219
2659,4.85994,4.81521,7.952e-05,0.816,0.129,28217
2660,4.97935,4.81521,7.941e-05,0.862,0.145,28267
2661,4.68539,4.81521,7.930e-05,0.870,0.138,28292
2662,4.69160,4.81521,7.918e-05,0.820,0.135,28216
2663,4.75487,4.81521,7.907e-05,0.916,0.145,28188
2664,4.87044,4.81521,7.896e-05,0.879,0.143,28212
2665,4.74990,4.81521,7.885e-05,0.907,0.150,28178
2666,4.77313,4.81521,7.874e-05,0.802,0.131,28248
2667,4.75431,4.81521,7.863e-05,0.869,0.150,28362
2668,4.77876,4.81521,7.852e-05,0.824,0.132,28232
2669,4.74716,4.81521,7.841e-05,0.751,0.128,28188
2670,4.76522,4.81521,7.830e-05,0.838,0.139,28179
2671,4.78732,4.81521,7.819e-05,0.798,0.138,28194
2672,4.67356,4.81521,7.808e-05,0.802,0.136,28185
2673,5.01054,4.81521,7.797e-05,0.784,0.123,28346
2674,4.88910,4.81521,7.786e-05,0.845,0.160,28243
2675,4.78041,4.81521,7.775e-05,0.800,0.138,28144
2676,4.70524,4.81521,7.764e-05,0.779,0.132,28186
2677,4.55544,4.81521,7.754e-05,0.746,0.128,28217
2678,4.82342,4.81521,7.743e-05,0.800,0.146,28200
2679,4.74597,4.81521,7.732e-05,0.804,0.149,28301
2680,4.89210,4.81521,7.722e-05,0.839,0.125,28246
2681,4.79337,4.81521,7.711e-05,0.831,0.133,28302
2682,4.85542,4.81521,7.700e-05,0.786,0.134,28170
2683,4.65779,4.81521,7.690e-05,0.786,0.128,28198
2684,4.77856,4.81521,7.679e-05,0.926,0.145,28183
2685,4.77499,4.81521,7.669e-05,0.870,0.133,28280
2686,4.83709,4.81521,7.658e-05,0.835,0.145,28343
2687,4.95735,4.81521,7.648e-05,0.811,0.123,28204
2688,4.69162,4.81521,7.638e-05,0.802,0.128,28161
2689,4.84271,4.81521,7.627e-05,0.818,0.138,28116
2690,4.62437,4.81521,7.617e-05,0.846,0.145,28192
2691,4.62124,4.81521,7.606e-05,0.791,0.133,28258
2692,4.85981,4.81521,7.596e-05,0.777,0.127,28335
2693,4.82603,4.81521,7.586e-05,0.807,0.130,28204
2694,4.80834,4.81521,7.576e-05,0.759,0.125,28183
2695,4.76692,4.81521,7.566e-05,0.733,0.123,28184
2696,4.61008,4.81521,7.555e-05,0.778,0.130,28179
2697,4.84331,4.81521,7.545e-05,0.786,0.128,28226
2698,4.72913,4.81521,7.535e-05,0.797,0.124,28356
2699,4.80405,4.81521,7.525e-05,0.751,0.123,28228
2700,4.79692,4.81521,7.515e-05,0.766,0.128,28213
2701,4.81833,4.81521,7.505e-05,0.773,0.133,28228
2702,4.77482,4.81521,7.495e-05,0.857,0.150,28154
2703,4.66619,4.81521,7.485e-05,0.809,0.132,28190
2704,4.77438,4.81521,7.475e-05,0.805,0.123,28355
2705,4.87302,4.81521,7.466e-05,0.819,0.130,28274
2706,4.69760,4.81521,7.456e-05,0.786,0.130,28168
2707,4.69847,4.81521,7.446e-05,0.794,0.130,28201
2708,4.83734,4.81521,7.436e-05,0.787,0.128,28224
2709,4.71480,4.81521,7.426e-05,0.779,0.132,28188
2710,4.79892,4.81521,7.417e-05,0.779,0.128,28282
2711,4.66257,4.81521,7.407e-05,0.841,0.137,28316
2712,4.67921,4.81521,7.397e-05,0.773,0.133,28191
2713,4.73889,4.81521,7.388e-05,0.797,0.132,28183
2714,4.54724,4.81521,7.378e-05,0.825,0.145,28202
2715,4.79084,4.81521,7.369e-05,0.869,0.147,28175
2716,4.72719,4.81521,7.359e-05,0.786,0.132,28261
2717,4.80188,4.81521,7.350e-05,0.791,0.132,28368
2718,4.97854,4.81521,7.340e-05,0.808,0.133,28195
2719,4.77359,4.81521,7.331e-05,0.773,0.129,28189
2720,4.90745,4.81521,7.321e-05,0.793,0.129,28209
2721,4.88603,4.81521,7.312e-05,0.761,0.121,28204
2722,4.92201,4.81521,7.303e-05,0.832,0.137,28199
2723,4.76932,4.81521,7.294e-05,0.766,0.130,28372
2724,4.67013,4.81521,7.284e-05,0.766,0.131,28209
2725,5.03631,4.81521,7.275e-05,0.770,0.140,28201
2726,4.90706,4.81521,7.266e-05,0.848,0.145,28176
2727,4.79412,4.81521,7.257e-05,0.826,0.133,28181
2728,4.89610,4.81521,7.248e-05,0.841,0.139,28224
2729,4.78324,4.81521,7.239e-05,0.789,0.133,28324
2730,4.81585,4.81521,7.229e-05,0.852,0.145,28296
2731,4.86161,4.81521,7.220e-05,0.839,0.137,28181
2732,4.84326,4.81521,7.211e-05,0.835,0.143,28201
2733,4.78294,4.81521,7.203e-05,0.871,0.144,28205
2734,4.63409,4.81521,7.194e-05,0.821,0.134,28206
2735,4.74583,4.81521,7.185e-05,0.873,0.147,28335
2736,4.83141,4.81521,7.176e-05,0.807,0.139,28303
2737,4.80573,4.81521,7.167e-05,0.831,0.141,28191
2738,4.86742,4.81521,7.158e-05,0.835,0.134,28208
2739,4.68176,4.81521,7.149e-05,0.829,0.142,28235
2740,4.79745,4.81521,7.141e-05,0.817,0.133,28175
2741,4.93212,4.81521,7.132e-05,0.827,0.131,28235
2742,4.79254,4.81521,7.123e-05,0.854,0.136,28338
2743,4.84058,4.81521,7.115e-05,0.829,0.146,28188
2744,4.76810,4.81521,7.106e-05,0.863,0.139,28209
2745,4.84958,4.81521,7.098e-05,0.850,0.128,28172
2746,4.73987,4.81521,7.089e-05,0.815,0.136,28181
2747,4.73253,4.81521,7.081e-05,0.811,0.133,28266
2748,4.86132,4.81521,7.072e-05,0.833,0.131,28359
2749,4.95592,4.81521,7.064e-05,0.849,0.141,28205
2750,4.79612,4.77889,7.055e-05,0.807,0.137,8546
2751,4.83633,4.77889,7.047e-05,0.882,0.143,28652
2752,4.60770,4.77889,7.039e-05,0.792,0.127,28178
2753,4.67088,4.77889,7.030e-05,0.861,0.144,28179
2754,4.60463,4.77889,7.022e-05,0.819,0.136,28174
2755,4.88966,4.77889,7.014e-05,0.801,0.128,28216
2756,4.85434,4.77889,7.006e-05,0.833,0.141,28350
2757,4.67829,4.77889,6.997e-05,0.824,0.133,28243
2758,4.71216,4.77889,6.989e-05,0.811,0.129,28193
2759,4.78388,4.77889,6.981e-05,0.821,0.126,28192
2760,4.74467,4.77889,6.973e-05,0.775,0.122,28205
2761,4.90773,4.77889,6.965e-05,0.781,0.123,28182
2762,4.59144,4.77889,6.957e-05,0.806,0.134,28339
2763,4.87826,4.77889,6.949e-05,0.799,0.122,28307
2764,4.63841,4.77889,6.941e-05,0.770,0.124,28182
2765,4.74678,4.77889,6.933e-05,0.806,0.137,28206
2766,4.79409,4.77889,6.925e-05,0.794,0.134,28161
2767,4.71918,4.77889,6.917e-05,0.835,0.131,28203
2768,5.02127,4.77889,6.910e-05,0.829,0.129,28291
2769,4.76665,4.77889,6.902e-05,0.805,0.131,28327
2770,4.89281,4.77889,6.894e-05,0.797,0.126,28193
2771,4.89390,4.77889,6.886e-05,0.813,0.129,28220
2772,4.73073,4.77889,6.879e-05,0.801,0.129,28207
2773,4.70393,4.77889,6.871e-05,0.754,0.127,28184
2774,4.87957,4.77889,6.863e-05,0.914,0.141,28239
2775,4.77262,4.77889,6.856e-05,0.843,0.145,28351
2776,4.88245,4.77889,6.848e-05,0.852,0.132,28226
2777,4.65612,4.77889,6.841e-05,0.873,0.159,28191
2778,4.74596,4.77889,6.833e-05,0.930,0.156,28180
2779,4.91195,4.77889,6.826e-05,0.915,0.155,28212
2780,4.83807,4.77889,6.818e-05,0.795,0.134,28195
2781,4.73854,4.77889,6.811e-05,0.851,0.137,28295
2782,4.69404,4.77889,6.804e-05,0.845,0.165,28239
2783,4.76296,4.77889,6.796e-05,0.821,0.153,28213
2784,4.73171,4.77889,6.789e-05,0.796,0.134,28194
2785,4.71618,4.77889,6.782e-05,0.863,0.143,28177
2786,4.68601,4.77889,6.775e-05,0.946,0.153,28203
2787,4.80798,4.77889,6.767e-05,0.889,0.185,28333
2788,4.65599,4.77889,6.760e-05,0.828,0.152,28289
2789,4.79790,4.77889,6.753e-05,0.834,0.132,28178
2790,4.69351,4.77889,6.746e-05,0.864,0.156,28168
2791,4.77118,4.77889,6.739e-05,0.838,0.137,28219
2792,4.89921,4.77889,6.732e-05,0.806,0.129,28201
2793,4.85110,4.77889,6.725e-05,0.879,0.143,28330
2794,4.70080,4.77889,6.718e-05,0.860,0.150,28338
2795,4.99415,4.77889,6.711e-05,0.812,0.128,28227
2796,4.77209,4.77889,6.704e-05,0.827,0.132,28187
2797,4.98517,4.77889,6.697e-05,0.897,0.142,28195
2798,4.70262,4.77889,6.690e-05,0.826,0.147,28232
2799,4.85009,4.77889,6.684e-05,0.803,0.144,28274
2800,4.76962,4.77889,6.677e-05,0.868,0.131,28349
2801,4.78381,4.77889,6.670e-05,0.842,0.140,28267
2802,4.65193,4.77889,6.664e-05,0.936,0.161,28169
2803,4.80624,4.77889,6.657e-05,0.802,0.127,28212
2804,4.70466,4.77889,6.650e-05,0.854,0.153,28171
2805,4.82777,4.77889,6.644e-05,0.944,0.158,28239
2806,4.73770,4.77889,6.637e-05,0.873,0.140,28367
2807,4.60742,4.77889,6.631e-05,0.850,0.137,28228
2808,4.62042,4.77889,6.624e-05,0.861,0.135,28196
2809,4.86584,4.77889,6.618e-05,0.888,0.139,28204
2810,4.70698,4.77889,6.611e-05,0.827,0.145,28222
2811,4.67545,4.77889,6.605e-05,0.830,0.161,28208
2812,4.57291,4.77889,6.598e-05,0.837,0.144,28344
2813,4.57476,4.77889,6.592e-05,0.853,0.137,28266
2814,4.82622,4.77889,6.586e-05,0.771,0.126,28221
2815,4.74225,4.77889,6.580e-05,0.889,0.141,28175
2816,4.81291,4.77889,6.573e-05,0.813,0.135,28207
2817,4.85218,4.77889,6.567e-05,0.789,0.132,28204
2818,4.94525,4.77889,6.561e-05,0.875,0.136,28324
2819,4.72635,4.77889,6.555e-05,0.794,0.133,28335
2820,4.65591,4.77889,6.549e-05,0.827,0.138,28209
2821,4.71976,4.77889,6.543e-05,0.841,0.148,28241
2822,4.72712,4.77889,6.537e-05,0.804,0.131,28157
2823,4.80619,4.77889,6.531e-05,0.818,0.134,28215
2824,4.60622,4.77889,6.525e-05,0.805,0.133,28257
2825,4.77258,4.77889,6.519e-05,0.833,0.132,28362
2826,4.94291,4.77889,6.513e-05,0.834,0.143,28202
2827,4.72758,4.77889,6.507e-05,0.862,0.130,28203
2828,4.86187,4.77889,6.501e-05,0.842,0.138,28172
2829,4.62445,4.77889,6.495e-05,0.869,0.147,28233
2830,4.84749,4.77889,6.490e-05,0.849,0.139,28281
2831,4.71944,4.77889,6.484e-05,0.799,0.143,28346
2832,4.82737,4.77889,6.478e-05,0.923,0.150,28202
2833,4.77335,4.77889,6.473e-05,0.797,0.130,28199
2834,4.83931,4.77889,6.467e-05,0.805,0.134,28205
2835,4.73398,4.77889,6.461e-05,0.800,0.129,28182
2836,4.88094,4.77889,6.456e-05,0.781,0.126,28211
2837,4.74867,4.77889,6.450e-05,0.840,0.135,28360
2838,4.88835,4.77889,6.445e-05,0.823,0.132,28224
2839,4.68183,4.77889,6.439e-05,0.809,0.128,28229
2840,4.52685,4.77889,6.434e-05,0.858,0.142,28202
2841,4.87599,4.77889,6.429e-05,0.982,0.141,28192
2842,4.89863,4.77889,6.423e-05,0.855,0.133,28169
2843,4.75337,4.77889,6.418e-05,0.786,0.129,28305
2844,4.63006,4.77889,6.413e-05,0.851,0.144,28316
2845,4.82938,4.77889,6.407e-05,0.916,0.144,28177
2846,4.90667,4.77889,6.402e-05,0.820,0.120,28223
2847,4.57048,4.77889,6.397e-05,0.887,0.143,28190
2848,4.87674,4.77889,6.392e-05,0.829,0.135,28193
2849,4.60163,4.77889,6.387e-05,0.837,0.141,28317
2850,4.93672,4.77889,6.381e-05,0.884,0.136,28340
2851,4.75078,4.77889,6.376e-05,0.856,0.142,28191
2852,4.72539,4.77889,6.371e-05,0.801,0.138,28206
2853,4.80848,4.77889,6.366e-05,0.837,0.133,28216
2854,4.86238,4.77889,6.361e-05,0.925,0.144,28210
2855,4.79052,4.77889,6.357e-05,0.905,0.160,28251
2856,4.87193,4.77889,6.352e-05,0.855,0.149,28348
2857,4.63287,4.77889,6.347e-05,0.812,0.136,28223
2858,4.73304,4.77889,6.342e-05,0.919,0.162,28174
2859,4.75952,4.77889,6.337e-05,0.830,0.130,28194
2860,4.62290,4.77889,6.332e-05,0.789,0.146,28205
2861,4.90697,4.77889,6.328e-05,0.887,0.139,28198
2862,4.76527,4.77889,6.323e-05,0.790,0.127,28350
2863,4.84823,4.77889,6.318e-05,0.841,0.132,28254
2864,4.86531,4.77889,6.314e-05,0.828,0.132,28185
2865,4.74980,4.77889,6.309e-05,0.828,0.136,28213
2866,4.59406,4.77889,6.305e-05,0.830,0.128,28220
2867,4.79827,4.77889,6.300e-05,0.820,0.127,28199
2868,4.71642,4.77889,6.296e-05,0.856,0.129,28310
2869,4.77452,4.77889,6.291e-05,0.811,0.132,28275
2870,4.75017,4.77889,6.287e-05,0.894,0.141,28182
2871,4.88039,4.77889,6.282e-05,0.898,0.142,28159
2872,4.77458,4.77889,6.278e-05,0.876,0.141,28178
2873,4.82797,4.77889,6.274e-05,0.820,0.133,28243
2874,4.85485,4.77889,6.269e-05,0.829,0.133,28257
2875,4.74582,4.77889,6.265e-05,0.815,0.138,28321
2876,4.77357,4.77889,6.261e-05,0.840,0.142,28165
2877,4.84957,4.77889,6.257e-05,0.894,0.138,28137
2878,4.81386,4.77889,6.253e-05,0.782,0.130,28196
2879,4.70484,4.77889,6.248e-05,0.834,0.147,28164
2880,4.89195,4.77889,6.244e-05,0.853,0.139,28270
2881,4.70996,4.77889,6.240e-05,0.800,0.131,28282
2882,4.65335,4.77889,6.236e-05,0.809,0.139,28210
2883,4.75846,4.77889,6.232e-05,0.815,0.136,28202
2884,4.85377,4.77889,6.228e-05,0.895,0.146,28188
2885,4.68810,4.77889,6.224e-05,0.843,0.131,28209
2886,4.64820,4.77889,6.221e-05,0.818,0.135,28227
2887,4.79143,4.77889,6.217e-05,0.828,0.132,28374
2888,4.73769,4.77889,6.213e-05,0.894,0.148,28240
2889,4.74603,4.77889,6.209e-05,0.839,0.135,28193
2890,4.70980,4.77889,6.205e-05,0.801,0.125,28182
2891,4.73829,4.77889,6.202e-05,0.757,0.129,28208
2892,4.77825,4.77889,6.198e-05,0.855,0.132,28223
2893,4.72000,4.77889,6.194e-05,0.914,0.140,28317
2894,4.75658,4.77889,6.191e-05,0.841,0.126,28276
2895,4.74836,4.77889,6.187e-05,0.812,0.131,28197
2896,4.68784,4.77889,6.184e-05,0.873,0.141,28178
2897,4.80165,4.77889,6.180e-05,0.871,0.132,28172
2898,4.92033,4.77889,6.177e-05,0.844,0.134,28177
2899,4.76859,4.77889,6.173e-05,0.822,0.139,28302
2900,4.79116,4.77889,6.170e-05,0.884,0.140,28319
2901,4.82823,4.77889,6.166e-05,0.831,0.132,28254
2902,4.75031,4.77889,6.163e-05,0.825,0.137,28219
2903,4.89868,4.77889,6.160e-05,0.862,0.125,28210
2904,4.78897,4.77889,6.156e-05,0.859,0.137,28199
2905,4.70786,4.77889,6.153e-05,0.842,0.139,28296
2906,4.63543,4.77889,6.150e-05,0.770,0.131,28349
2907,4.71235,4.77889,6.147e-05,0.786,0.127,28201
2908,4.75743,4.77889,6.144e-05,0.838,0.135,28170
2909,4.82656,4.77889,6.141e-05,0.865,0.128,28181
2910,4.78989,4.77889,6.138e-05,0.789,0.133,28158
2911,4.63278,4.77889,6.135e-05,0.824,0.147,28263
2912,4.93600,4.77889,6.132e-05,0.768,0.122,28376
2913,4.50249,4.77889,6.129e-05,0.805,0.133,28182
2914,4.81476,4.77889,6.126e-05,0.865,0.134,28174
2915,4.88550,4.77889,6.123e-05,0.867,0.150,28206
2916,4.82005,4.77889,6.120e-05,0.885,0.138,28191
2917,4.91623,4.77889,6.117e-05,0.794,0.122,28242
2918,4.84040,4.77889,6.114e-05,0.826,0.143,28344
2919,4.70324,4.77889,6.111e-05,0.806,0.128,28226
2920,4.76639,4.77889,6.109e-05,0.843,0.134,28205
2921,4.81987,4.77889,6.106e-05,0.839,0.131,28227
2922,4.69894,4.77889,6.103e-05,0.800,0.131,28189
2923,4.74413,4.77889,6.101e-05,0.857,0.135,28132
2924,4.68415,4.77889,6.098e-05,0.807,0.128,28355
2925,4.66830,4.77889,6.096e-05,0.796,0.133,28258
2926,4.84657,4.77889,6.093e-05,0.853,0.149,28198
2927,4.89146,4.77889,6.091e-05,0.805,0.131,28167
2928,4.79831,4.77889,6.088e-05,0.842,0.136,28149
2929,4.63590,4.77889,6.086e-05,0.845,0.146,28196
2930,4.62992,4.77889,6.083e-05,0.844,0.150,28334
2931,4.81167,4.77889,6.081e-05,0.853,0.139,28274
2932,4.84077,4.77889,6.079e-05,0.813,0.130,28185
2933,4.72235,4.77889,6.076e-05,0.849,0.142,28175
2934,4.76819,4.77889,6.074e-05,0.887,0.152,28176
2935,4.71620,4.77889,6.072e-05,0.825,0.144,28205
2936,4.75981,4.77889,6.070e-05,0.783,0.126,28279
2937,4.69286,4.77889,6.067e-05,0.812,0.138,28322
2938,4.89527,4.77889,6.065e-05,0.870,0.155,28193
2939,4.82243,4.77889,6.063e-05,0.816,0.141,28215
2940,4.85044,4.77889,6.061e-05,0.818,0.125,28163
2941,5.01753,4.77889,6.059e-05,0.869,0.146,28162
2942,4.72782,4.77889,6.057e-05,0.858,0.142,28239
2943,4.65684,4.77889,6.055e-05,0.881,0.149,28346
2944,4.84287,4.77889,6.053e-05,0.837,0.129,28194
2945,4.63395,4.77889,6.051e-05,0.830,0.144,28198
2946,4.66861,4.77889,6.050e-05,0.834,0.140,28195
2947,4.85789,4.77889,6.048e-05,0.828,0.130,28203
2948,4.87250,4.77889,6.046e-05,0.895,0.149,28205
2949,4.86680,4.77889,6.044e-05,0.886,0.141,28374
2950,4.81223,4.77889,6.042e-05,0.871,0.142,28239
2951,4.63600,4.77889,6.041e-05,0.856,0.133,28190
2952,5.02977,4.77889,6.039e-05,0.855,0.132,28229
2953,4.94441,4.77889,6.038e-05,0.855,0.139,28194
2954,4.76087,4.77889,6.036e-05,0.823,0.128,28176
2955,4.84979,4.77889,6.034e-05,0.828,0.128,28314
2956,4.71646,4.77889,6.033e-05,0.791,0.131,28240
2957,4.64470,4.77889,6.031e-05,0.877,0.144,28180
2958,4.84933,4.77889,6.030e-05,0.836,0.137,28190
2959,4.68056,4.77889,6.029e-05,0.824,0.129,28186
2960,4.65175,4.77889,6.027e-05,0.847,0.140,28226
2961,4.88961,4.77889,6.026e-05,0.895,0.138,28259
2962,4.71139,4.77889,6.025e-05,0.845,0.136,28320
2963,4.74487,4.77889,6.023e-05,0.870,0.137,28176
2964,4.73188,4.77889,6.022e-05,0.764,0.121,28189
2965,4.67236,4.77889,6.021e-05,0.797,0.125,28230
2966,4.92145,4.77889,6.020e-05,0.833,0.144,28191
2967,4.88707,4.77889,6.019e-05,0.780,0.140,28308
2968,4.63844,4.77889,6.017e-05,0.808,0.137,28346
2969,4.62277,4.77889,6.016e-05,0.825,0.135,28202
2970,4.80169,4.77889,6.015e-05,0.838,0.141,28169
2971,4.76963,4.77889,6.014e-05,0.794,0.132,28175
2972,4.72947,4.77889,6.013e-05,0.817,0.135,28207
2973,4.85424,4.77889,6.012e-05,0.885,0.136,28247
2974,4.59613,4.77889,6.011e-05,0.856,0.137,28360
2975,4.78023,4.77889,6.011e-05,0.821,0.146,28223
2976,4.79870,4.77889,6.010e-05,0.828,0.126,28187
2977,4.74648,4.77889,6.009e-05,0.846,0.147,28179
2978,4.56707,4.77889,6.008e-05,0.818,0.131,28177
2979,4.81759,4.77889,6.007e-05,0.835,0.137,28227
2980,4.55236,4.77889,6.007e-05,0.883,0.140,28334
2981,4.65377,4.77889,6.006e-05,0.818,0.142,28200
2982,4.78631,4.77889,6.006e-05,0.857,0.133,28181
2983,4.89672,4.77889,6.005e-05,0.802,0.129,28211
2984,4.72160,4.77889,6.004e-05,1.131,0.213,28191
2985,4.76469,4.77889,6.004e-05,0.850,0.134,28181
2986,4.76609,4.77889,6.003e-05,0.890,0.147,28302
2987,4.90160,4.77889,6.003e-05,0.773,0.123,28289
2988,4.87993,4.77889,6.002e-05,0.894,0.135,28220
2989,4.75625,4.77889,6.002e-05,0.860,0.131,28188
2990,4.79079,4.77889,6.002e-05,0.819,0.120,28213
2991,4.65540,4.77889,6.001e-05,0.865,0.136,28194
2992,4.82178,4.77889,6.001e-05,0.782,0.125,28292
2993,4.61303,4.77889,6.001e-05,0.841,0.155,28336
2994,4.79588,4.77889,6.001e-05,0.823,0.139,28185
2995,4.75659,4.77889,6.000e-05,0.961,0.180,28203
2996,4.84541,4.77889,6.000e-05,0.805,0.131,28188
2997,4.85536,4.77889,6.000e-05,0.794,0.131,28164
2998,4.83200,4.77889,6.000e-05,0.854,0.136,28265
2999,4.69640,4.75320,6.000e-05,0.911,0.147,8549
