step,loss,val_loss,lr,grad_norm,proj_grad_norm,tokens_per_s
0,11.89399,11.82612,3.000e-06,9.067,0.578,5821
1,11.80906,11.82612,6.000e-06,9.543,0.621,19891
2,11.70627,11.82612,9.000e-06,6.831,0.416,19517
3,11.57744,11.82612,1.200e-05,5.253,0.297,19595
4,11.50431,11.82612,1.500e-05,3.836,0.213,19598
5,11.49076,11.82612,1.800e-05,2.814,0.131,19524
6,11.40439,11.82612,2.100e-05,2.393,0.109,19580
7,11.35011,11.82612,2.400e-05,2.084,0.111,19590
8,11.29069,11.82612,2.700e-05,1.915,0.098,19527
9,11.23928,11.82612,3.000e-05,1.872,0.095,19572
10,11.26167,11.82612,3.300e-05,1.540,0.071,19618
11,11.26222,11.82612,3.600e-05,1.514,0.078,19515
12,11.17671,11.82612,3.900e-05,1.577,0.087,19619
13,11.17677,11.82612,4.200e-05,1.484,0.082,19584
14,11.13008,11.82612,4.500e-05,1.559,0.091,19534
15,11.10215,11.82612,4.800e-05,1.344,0.082,19572
16,11.03508,11.82612,5.100e-05,1.392,0.068,19591
17,11.01251,11.82612,5.400e-05,1.422,0.085,19562
18,10.93277,11.82612,5.700e-05,1.639,0.100,19572
19,10.91184,11.82612,6.000e-05,1.367,0.061,19596
20,10.92758,11.82612,6.300e-05,1.439,0.125,19574
21,10.89459,11.82612,6.600e-05,1.184,0.062,19540
22,10.79072,11.82612,6.900e-05,1.728,0.149,19553
23,10.67949,11.82612,7.200e-05,2.170,0.223,19514
24,10.78799,11.82612,7.500e-05,1.206,0.085,19497
25,10.70198,11.82612,7.800e-05,1.528,0.129,19538
26,10.68793,11.82612,8.100e-05,1.303,0.117,19534
27,10.58890,11.82612,8.400e-05,1.348,0.112,19468
28,10.50685,11.82612,8.700e-05,1.494,0.132,19553
29,10.43752,11.82612,9.000e-05,1.467,0.135,19526
30,10.46702,11.82612,9.300e-05,1.281,0.134,19452
31,10.36950,11.82612,9.600e-05,1.292,0.114,19558
32,10.26913,11.82612,9.900e-05,1.820,0.238,19548
33,10.22045,11.82612,1.020e-04,1.308,0.132,19485
34,10.14213,11.82612,1.050e-04,1.393,0.136,19559
35,10.15997,11.82612,1.080e-04,1.258,0.128,19561
36,10.04756,11.82612,1.110e-04,1.139,0.066,19455
37,9.99261,11.82612,1.140e-04,1.183,0.057,19528
38,9.92173,11.82612,1.170e-04,1.210,0.099,19534
39,9.89054,11.82612,1.200e-04,1.084,0.056,19432
40,9.73178,11.82612,1.230e-04,1.285,0.104,19551
41,9.70874,11.82612,1.260e-04,1.165,0.098,19528
42,9.62891,11.82612,1.290e-04,1.119,0.114,19478
43,9.54427,11.82612,1.320e-04,1.187,0.061,19498
44,9.49307,11.82612,1.350e-04,1.121,0.084,19539
45,9.41657,11.82612,1.380e-04,1.109,0.079,19493
46,9.43745,11.82612,1.410e-04,1.117,0.090,19495
47,9.29624,11.82612,1.440e-04,1.358,0.156,19533
48,9.20488,11.82612,1.470e-04,1.227,0.148,19499
49,9.12778,11.82612,1.500e-04,1.147,0.123,19497
50,9.09240,11.82612,1.530e-04,1.058,0.102,19539
51,8.98576,11.82612,1.560e-04,1.034,0.081,19522
52,8.92771,11.82612,1.590e-04,1.029,0.077,19495
53,8.94034,11.82612,1.620e-04,0.968,0.070,19538
54,8.83723,11.82612,1.650e-04,0.926,0.055,19543
55,8.76076,11.82612,1.680e-04,1.064,0.072,19450
56,8.69189,11.82612,1.710e-04,0.934,0.076,19519
57,8.56318,11.82612,1.740e-04,1.032,0.065,19536
58,8.55459,11.82612,1.770e-04,0.991,0.126,19466
59,8.54590,11.82612,1.800e-04,1.185,0.160,19541
60,8.42079,11.82612,1.830e-04,0.883,0.088,19529
61,8.43539,11.82612,1.860e-04,0.911,0.083,19456
62,8.28501,11.82612,1.890e-04,0.840,0.103,19522
63,8.38830,11.82612,1.920e-04,0.875,0.095,19525
64,8.31385,11.82612,1.950e-04,0.753,0.083,19464
65,8.17355,11.82612,1.980e-04,0.748,0.082,19527
66,8.11066,11.82612,2.010e-04,0.867,0.132,19542
67,8.07616,11.82612,2.040e-04,0.666,0.071,19487
68,8.00464,11.82612,2.070e-04,0.661,0.087,19481
69,7.95321,11.82612,2.100e-04,0.697,0.121,19538
70,7.89660,11.82612,2.130e-04,0.698,0.126,19484
71,8.01082,11.82612,2.160e-04,0.616,0.076,19512
72,7.87577,11.82612,2.190e-04,0.686,0.105,19564
73,7.80044,11.82612,2.220e-04,0.738,0.131,19489
74,7.82559,11.82612,2.250e-04,0.779,0.113,19489
75,7.72364,11.82612,2.280e-04,0.617,0.131,19543
76,7.73113,11.82612,2.310e-04,0.629,0.131,19520
77,7.67804,11.82612,2.340e-04,0.790,0.145,19485
78,7.71052,11.82612,2.370e-04,0.767,0.187,19541
79,7.71850,11.82612,2.400e-04,0.605,0.120,19540
80,7.53056,11.82612,2.430e-04,0.997,0.190,19482
81,7.48447,11.82612,2.460e-04,0.858,0.196,19544
82,7.53217,11.82612,2.490e-04,0.914,0.176,19506
83,7.54524,11.82612,2.520e-04,0.631,0.155,19463
84,7.53516,11.82612,2.550e-04,0.641,0.119,19527
85,7.50917,11.82612,2.580e-04,0.723,0.198,19513
86,7.49261,11.82612,2.610e-04,0.536,0.135,19434
87,7.44819,11.82612,2.640e-04,0.722,0.168,19540
88,7.50231,11.82612,2.670e-04,1.062,0.346,19518
89,7.46835,11.82612,2.700e-04,0.531,0.142,19464
90,7.27810,11.82612,2.730e-04,0.840,0.242,19523
91,7.42174,11.82612,2.760e-04,0.664,0.201,19546
92,7.46310,11.82612,2.790e-04,0.648,0.150,19496
93,7.31333,11.82612,2.820e-04,0.726,0.237,19524
94,7.51292,11.82612,2.850e-04,0.633,0.161,19554
95,7.19803,11.82612,2.880e-04,0.735,0.206,19481
96,7.35634,11.82612,2.910e-04,0.838,0.234,19516
97,7.34656,11.82612,2.940e-04,0.637,0.174,19550
98,7.30611,11.82612,2.970e-04,0.734,0.269,19495
99,7.31314,11.82612,3.000e-04,0.803,0.290,19475
100,7.17579,11.82612,3.030e-04,0.581,0.205,19507
101,7.29024,11.82612,3.060e-04,0.875,0.337,19525
102,7.22530,11.82612,3.090e-04,0.625,0.243,19466
103,7.17840,11.82612,3.120e-04,0.782,0.351,19538
104,7.30801,11.82612,3.150e-04,0.688,0.316,19514
105,7.16673,11.82612,3.180e-04,0.816,0.319,19454
106,7.21282,11.82612,3.210e-04,0.680,0.177,19541
107,7.17810,11.82612,3.240e-04,0.465,0.134,19535
108,7.18626,11.82612,3.270e-04,0.649,0.206,19454
109,7.16531,11.82612,3.300e-04,0.571,0.149,19511
110,7.09136,11.82612,3.330e-04,0.565,0.180,19487
111,7.14074,11.82612,3.360e-04,0.710,0.263,19480
112,7.14914,11.82612,3.390e-04,0.698,0.266,19532
113,7.06642,11.82612,3.420e-04,0.455,0.139,19540
114,7.09351,11.82612,3.450e-04,0.788,0.362,19486
115,7.02841,11.82612,3.480e-04,0.688,0.306,19502
116,7.01716,11.82612,3.510e-04,0.508,0.201,19535
117,7.11062,11.82612,3.540e-04,0.559,0.205,19472
118,6.95242,11.82612,3.570e-04,0.711,0.307,19546
119,6.99489,11.82612,3.600e-04,0.688,0.315,19511
120,7.05843,11.82612,3.630e-04,0.676,0.264,19518
121,6.95624,11.82612,3.660e-04,1.340,0.627,19503
122,7.00205,11.82612,3.690e-04,0.642,0.256,19516
123,7.24275,11.82612,3.720e-04,0.809,0.305,19488
124,7.01264,11.82612,3.750e-04,0.564,0.191,19513
125,7.00193,11.82612,3.780e-04,0.990,0.378,19522
126,6.95169,11.82612,3.810e-04,0.983,0.407,19510
127,6.99211,11.82612,3.840e-04,0.644,0.236,19492
128,6.99757,11.82612,3.870e-04,0.975,0.382,19556
129,7.01561,11.82612,3.900e-04,0.616,0.285,19528
130,6.93455,11.82612,3.930e-04,0.668,0.305,19490
131,6.96274,11.82612,3.960e-04,0.536,0.171,19530
132,7.00976,11.82612,3.990e-04,0.712,0.274,19542
133,6.79920,11.82612,4.020e-04,0.859,0.409,19470
134,6.94318,11.82612,4.050e-04,0.492,0.176,19545
135,6.92034,11.82612,4.080e-04,0.675,0.306,19551
136,6.91099,11.82612,4.110e-04,0.482,0.173,19455
137,6.86353,11.82612,4.140e-04,0.658,0.291,19542
138,6.80008,11.82612,4.170e-04,0.704,0.306,19501
139,6.87179,11.82612,4.200e-04,0.516,0.201,19437
140,6.96630,11.82612,4.230e-04,0.781,0.329,19551
141,6.87355,11.82612,4.260e-04,0.743,0.314,19490
142,6.92508,11.82612,4.290e-04,0.614,0.221,19463
143,6.84890,11.82612,4.320e-04,0.990,0.431,19531
144,6.89180,11.82612,4.350e-04,0.995,0.601,19529
145,6.80157,11.82612,4.380e-04,0.779,0.320,19496
146,6.98406,11.82612,4.410e-04,0.711,0.318,19521
147,7.27790,11.82612,4.440e-04,0.700,0.217,19531
148,6.72768,11.82612,4.470e-04,0.744,0.393,19489
149,6.99493,11.82612,4.500e-04,0.819,0.372,19532
150,6.83803,11.82612,4.530e-04,0.938,0.503,19512
151,6.94306,11.82612,4.560e-04,0.702,0.303,19516
152,6.89393,11.82612,4.590e-04,0.633,0.230,19463
153,6.70856,11.82612,4.620e-04,0.703,0.338,19533
154,6.71340,11.82612,4.650e-04,0.500,0.204,19516
155,6.83009,11.82612,4.680e-04,0.658,0.327,19467
156,6.67258,11.82612,4.710e-04,0.610,0.307,19517
157,6.70955,11.82612,4.740e-04,0.612,0.264,19519
158,6.84748,11.82612,4.770e-04,0.741,0.280,19434
159,6.72297,11.82612,4.800e-04,0.682,0.297,19512
160,6.67813,11.82612,4.830e-04,0.748,0.383,19546
161,6.77145,11.82612,4.860e-04,0.578,0.202,19462
162,6.83562,11.82612,4.890e-04,0.577,0.279,19520
163,6.72275,11.82612,4.920e-04,0.542,0.225,19522
164,6.59300,11.82612,4.950e-04,0.669,0.318,19461
165,6.78567,11.82612,4.980e-04,0.938,0.504,19549
166,6.75851,11.82612,5.010e-04,1.112,0.657,19534
167,6.75319,11.82612,5.040e-04,0.932,0.464,19464
168,6.60527,11.82612,5.070e-04,0.823,0.453,19515
169,6.61493,11.82612,5.100e-04,0.708,0.381,19535
170,6.61381,11.82612,5.130e-04,0.989,0.583,19501
171,6.75622,11.82612,5.160e-04,0.712,0.371,19513
172,6.79339,11.82612,5.190e-04,0.739,0.374,19509
173,6.64362,11.82612,5.220e-04,0.713,0.351,19491
174,6.77356,11.82612,5.250e-04,0.829,0.422,19491
175,6.68567,11.82612,5.280e-04,0.894,0.486,19541
176,6.65977,11.82612,5.310e-04,0.583,0.276,19500
177,6.63470,11.82612,5.340e-04,0.718,0.416,19454
178,6.72476,11.82612,5.370e-04,1.006,0.610,19521
179,6.73473,11.82612,5.400e-04,0.641,0.327,19539
180,6.58926,11.82612,5.430e-04,0.973,0.613,19477
181,6.55098,11.82612,5.460e-04,0.808,0.448,19519
182,6.65423,11.82612,5.490e-04,0.924,0.510,19554
183,6.63444,11.82612,5.520e-04,0.603,0.223,19483
184,6.65135,11.82612,5.550e-04,0.764,0.406,19527
185,6.53360,11.82612,5.580e-04,0.680,0.384,19529
186,6.62843,11.82612,5.610e-04,0.727,0.402,19457
187,6.56896,11.82612,5.640e-04,0.655,0.334,19548
188,6.59260,11.82612,5.670e-04,0.666,0.327,19532
189,6.63958,11.82612,5.700e-04,0.683,0.340,19453
190,6.51163,11.82612,5.730e-04,1.044,0.539,19554
191,6.69861,11.82612,5.760e-04,0.792,0.401,19551
192,6.61779,11.82612,5.790e-04,0.779,0.374,19494
193,6.75398,11.82612,5.820e-04,1.407,0.864,19543
194,6.69035,11.82612,5.850e-04,0.794,0.449,19533
195,6.69318,11.82612,5.880e-04,1.610,1.058,19441
196,6.74670,11.82612,5.910e-04,0.932,0.459,19544
197,6.71692,11.82612,5.940e-04,0.680,0.336,19543
198,6.75987,11.82612,5.970e-04,0.894,0.491,19464
199,6.71682,11.82612,6.000e-04,0.896,0.503,19536
200,6.59275,11.82612,6.000e-04,0.554,0.256,19521
201,6.66923,11.82612,6.000e-04,0.702,0.368,19510
202,6.55434,11.82612,6.000e-04,0.571,0.261,19520
203,6.55899,11.82612,6.000e-04,0.588,0.295,19531
204,6.41232,11.82612,6.000e-04,0.543,0.271,19524
205,6.57402,11.82612,6.000e-04,0.658,0.325,19489
206,6.41909,11.82612,6.000e-04,0.618,0.318,19528
207,6.68216,11.82612,6.000e-04,0.609,0.286,19527
208,6.65412,11.82612,6.000e-04,0.932,0.491,19490
209,6.51296,11.82612,6.000e-04,0.517,0.246,19516
210,6.57493,11.82612,6.000e-04,0.664,0.353,19535
211,6.71829,11.82612,6.000e-04,0.553,0.253,19484
212,6.41471,11.82612,6.000e-04,0.597,0.312,19531
213,6.41809,11.82612,6.000e-04,0.566,0.302,19536
214,6.36349,11.82612,6.000e-04,0.657,0.359,19485
215,6.59150,11.82612,6.000e-04,0.594,0.263,19522
216,6.57141,11.82612,6.000e-04,0.789,0.301,19543
217,6.65216,11.82612,6.000e-04,0.512,0.211,19460
218,6.34764,11.82612,5.999e-04,0.597,0.306,19540
219,6.47660,11.82612,5.999e-04,0.609,0.335,19560
220,6.44059,11.82612,5.999e-04,0.576,0.287,19485
221,6.48531,11.82612,5.999e-04,0.596,0.308,19524
222,6.42902,11.82612,5.999e-04,0.558,0.279,19566
223,6.60912,11.82612,5.999e-04,0.513,0.258,19508
224,6.58870,11.82612,5.999e-04,0.714,0.385,19519
225,6.45517,11.82612,5.999e-04,0.575,0.283,19514
226,6.51285,11.82612,5.999e-04,0.663,0.372,19497
227,6.53724,11.82612,5.999e-04,0.696,0.405,19545
228,6.34906,11.82612,5.999e-04,0.574,0.323,19499
229,6.49368,11.82612,5.999e-04,0.636,0.354,19505
230,6.57562,11.82612,5.998e-04,0.724,0.448,19483
231,6.37888,11.82612,5.998e-04,0.572,0.278,19510
232,6.48727,11.82612,5.998e-04,0.596,0.336,19509
233,6.62657,11.82612,5.998e-04,0.645,0.337,19498
234,6.42968,11.82612,5.998e-04,0.714,0.414,19527
235,6.52764,11.82612,5.998e-04,0.842,0.387,19522
236,6.32437,11.82612,5.998e-04,1.520,0.933,19473
237,6.32711,11.82612,5.998e-04,0.819,0.479,19519
238,6.53080,11.82612,5.998e-04,0.527,0.265,19530
239,6.60328,11.82612,5.997e-04,0.709,0.336,19483
240,6.42417,11.82612,5.997e-04,0.572,0.280,19516
241,6.24229,11.82612,5.997e-04,0.548,0.275,19501
242,6.46487,11.82612,5.997e-04,0.557,0.238,19452
243,6.38093,11.82612,5.997e-04,0.669,0.340,19544
244,6.34429,11.82612,5.997e-04,0.544,0.264,19536
245,6.34170,11.82612,5.997e-04,0.618,0.326,19449
246,6.56205,11.82612,5.996e-04,0.493,0.225,19541
247,6.37746,11.82612,5.996e-04,0.647,0.358,19535
248,6.34783,11.82612,5.996e-04,0.555,0.251,19489
249,6.36813,11.82612,5.996e-04,0.574,0.261,19554
250,6.34166,6.35075,5.996e-04,0.653,0.331,6091
251,6.31497,6.35075,5.996e-04,0.746,0.382,19795
252,6.64963,6.35075,5.995e-04,2.433,0.891,19519
253,6.42206,6.35075,5.995e-04,0.767,0.389,19498
254,6.38173,6.35075,5.995e-04,0.610,0.322,19486
255,6.49883,6.35075,5.995e-04,0.569,0.269,19526
256,6.54908,6.35075,5.995e-04,0.763,0.409,19505
257,6.41943,6.35075,5.994e-04,1.434,0.947,19495
258,6.38025,6.35075,5.994e-04,1.073,0.664,19525
259,6.36970,6.35075,5.994e-04,0.790,0.455,19541
260,6.44185,6.35075,5.994e-04,1.087,0.603,19468
261,6.31143,6.35075,5.994e-04,0.588,0.308,19520
262,6.38731,6.35075,5.993e-04,0.533,0.257,19515
263,6.34790,6.35075,5.993e-04,0.946,0.388,19480
264,6.35163,6.35075,5.993e-04,0.676,0.385,19503
265,6.32134,6.35075,5.993e-04,0.598,0.294,19548
266,6.26248,6.35075,5.993e-04,0.752,0.425,19467
267,6.33407,6.35075,5.992e-04,0.704,0.370,19519
268,6.51362,6.35075,5.992e-04,0.619,0.307,19520
269,6.62286,6.35075,5.992e-04,0.587,0.270,19467
270,6.44500,6.35075,5.992e-04,0.641,0.311,19540
271,6.21434,6.35075,5.991e-04,0.612,0.339,19541
272,6.48410,6.35075,5.991e-04,0.520,0.248,19466
273,6.41398,6.35075,5.991e-04,0.599,0.280,19528
274,6.37484,6.35075,5.991e-04,0.496,0.233,19554
275,6.31429,6.35075,5.990e-04,0.495,0.232,19463
276,6.31270,6.35075,5.990e-04,0.484,0.229,19502
277,6.28005,6.35075,5.990e-04,0.537,0.279,19542
278,6.31542,6.35075,5.990e-04,0.535,0.276,19505
279,6.32244,6.35075,5.989e-04,0.475,0.245,19494
280,6.26371,6.35075,5.989e-04,0.557,0.293,19538
281,6.24430,6.35075,5.989e-04,0.502,0.249,19517
282,6.29702,6.35075,5.989e-04,0.645,0.361,19494
283,6.37150,6.35075,5.988e-04,0.491,0.244,19548
284,6.25929,6.35075,5.988e-04,0.572,0.305,19506
285,6.32108,6.35075,5.988e-04,0.504,0.247,19490
286,6.30205,6.35075,5.987e-04,0.657,0.367,19520
287,6.18290,6.35075,5.987e-04,0.616,0.355,19526
288,6.21411,6.35075,5.987e-04,0.548,0.273,19462
289,6.49141,6.35075,5.987e-04,0.551,0.269,19520
290,6.37620,6.35075,5.986e-04,0.653,0.355,19540
291,6.11612,6.35075,5.986e-04,0.664,0.372,19487
292,6.24584,6.35075,5.986e-04,0.515,0.263,19512
293,6.33993,6.35075,5.985e-04,0.568,0.303,19541
294,6.47676,6.35075,5.985e-04,0.537,0.258,19451
295,6.36870,6.35075,5.985e-04,0.623,0.346,19517
296,6.33740,6.35075,5.984e-04,0.622,0.321,19516
297,6.32775,6.35075,5.984e-04,0.577,0.300,19492
298,6.31396,6.35075,5.984e-04,0.637,0.354,19525
299,6.26272,6.35075,5.983e-04,0.751,0.425,19509
300,6.29203,6.35075,5.983e-04,0.525,0.265,19489
301,6.18497,6.35075,5.983e-04,0.698,0.366,19472
302,6.29670,6.35075,5.982e-04,0.562,0.278,19532
303,6.37697,6.35075,5.982e-04,0.531,0.250,19536
304,6.17615,6.35075,5.982e-04,0.666,0.368,19482
305,6.19753,6.35075,5.981e-04,0.587,0.290,19543
306,6.27563,6.35075,5.981e-04,0.584,0.323,19481
307,6.20683,6.35075,5.981e-04,0.602,0.303,19499
308,6.16314,6.35075,5.980e-04,0.576,0.310,19501
309,6.49253,6.35075,5.980e-04,0.560,0.216,19500
310,6.25641,6.35075,5.979e-04,0.579,0.300,19468
311,6.22530,6.35075,5.979e-04,0.673,0.343,19534
312,6.13531,6.35075,5.979e-04,0.618,0.319,19551
313,6.09044,6.35075,5.978e-04,0.615,0.305,19480
314,6.29610,6.35075,5.978e-04,0.459,0.220,19505
315,6.27358,6.35075,5.978e-04,0.518,0.255,19528
316,6.19253,6.35075,5.977e-04,0.540,0.260,19482
317,6.14616,6.35075,5.977e-04,0.591,0.310,19534
318,6.23737,6.35075,5.976e-04,0.590,0.316,19529
319,6.33952,6.35075,5.976e-04,0.523,0.281,19470
320,6.19825,6.35075,5.976e-04,0.584,0.326,19563
321,6.20846,6.35075,5.975e-04,0.650,0.362,19509
322,6.26166,6.35075,5.975e-04,0.556,0.285,19435
323,6.17207,6.35075,5.974e-04,0.592,0.342,19536
324,6.23631,6.35075,5.974e-04,0.523,0.263,19495
325,6.04987,6.35075,5.973e-04,0.529,0.290,19493
326,6.17453,6.35075,5.973e-04,0.582,0.331,19502
327,6.14871,6.35075,5.973e-04,0.629,0.358,19536
328,6.15234,6.35075,5.972e-04,0.555,0.280,19504
329,6.20442,6.35075,5.972e-04,0.548,0.291,19508
330,6.08850,6.35075,5.971e-04,0.513,0.277,19554
331,6.11227,6.35075,5.971e-04,0.497,0.232,19510
332,6.22008,6.35075,5.970e-04,0.609,0.306,19480
333,6.00999,6.35075,5.970e-04,0.609,0.324,19504
334,6.17388,6.35075,5.970e-04,0.610,0.360,19495
335,6.23576,6.35075,5.969e-04,0.514,0.240,19473
336,5.99301,6.35075,5.969e-04,0.625,0.326,19493
337,6.27090,6.35075,5.968e-04,0.531,0.260,19512
338,6.05004,6.35075,5.968e-04,0.531,0.278,19445
339,6.02756,6.35075,5.967e-04,0.513,0.257,19523
340,6.14565,6.35075,5.967e-04,0.513,0.270,19518
341,6.12394,6.35075,5.966e-04,0.522,0.258,19443
342,6.03361,6.35075,5.966e-04,0.476,0.252,19522
343,6.17933,6.35075,5.965e-04,0.490,0.243,19534
344,6.08029,6.35075,5.965e-04,0.478,0.234,19478
345,6.27533,6.35075,5.964e-04,1.068,0.417,19528
346,5.88999,6.35075,5.964e-04,0.840,0.508,19508
347,6.17363,6.35075,5.963e-04,0.890,0.558,19482
348,6.18837,6.35075,5.963e-04,0.543,0.294,19531
349,6.15496,6.35075,5.962e-04,0.705,0.445,19541
350,6.11675,6.35075,5.962e-04,0.755,0.449,19462
351,6.16206,6.35075,5.961e-04,0.700,0.423,19519
352,6.22782,6.35075,5.961e-04,0.608,0.281,19549
353,6.15929,6.35075,5.960e-04,0.633,0.360,19507
354,6.09367,6.35075,5.960e-04,0.564,0.285,19488
355,6.08055,6.35075,5.959e-04,0.525,0.276,19542
356,6.12609,6.35075,5.959e-04,0.539,0.285,19502
357,6.01659,6.35075,5.958e-04,0.540,0.290,19471
358,6.33715,6.35075,5.958e-04,0.517,0.235,19530
359,6.16394,6.35075,5.957e-04,0.624,0.352,19521
360,6.24836,6.35075,5.957e-04,0.675,0.368,19456
361,5.96378,6.35075,5.956e-04,0.586,0.320,19521
362,6.19910,6.35075,5.956e-04,0.571,0.287,19532
363,6.17509,6.35075,5.955e-04,0.528,0.266,19475
364,6.07145,6.35075,5.954e-04,0.664,0.398,19515
365,6.07445,6.35075,5.954e-04,0.567,0.306,19526
366,6.16867,6.35075,5.953e-04,0.616,0.328,19473
367,6.08294,6.35075,5.953e-04,0.488,0.214,19518
368,6.05706,6.35075,5.952e-04,0.549,0.299,19533
369,6.19108,6.35075,5.952e-04,0.657,0.299,19440
370,5.84624,6.35075,5.951e-04,0.637,0.362,19518
371,6.23409,6.35075,5.950e-04,0.626,0.294,19524
372,5.93647,6.35075,5.950e-04,0.661,0.380,19460
373,5.97910,6.35075,5.949e-04,0.497,0.245,19553
374,6.15502,6.35075,5.949e-04,0.494,0.256,19538
375,5.91945,6.35075,5.948e-04,0.601,0.327,19483
376,6.25151,6.35075,5.948e-04,0.436,0.197,19524
377,5.96820,6.35075,5.947e-04,0.622,0.334,19514
378,6.05244,6.35075,5.946e-04,0.500,0.249,19493
379,6.18002,6.35075,5.946e-04,0.499,0.240,19489
380,5.97449,6.35075,5.945e-04,0.520,0.252,19565
381,6.14784,6.35075,5.945e-04,0.532,0.276,19511
382,5.92733,6.35075,5.944e-04,0.494,0.260,19444
383,6.12452,6.35075,5.943e-04,0.549,0.272,19544
384,5.93272,6.35075,5.943e-04,0.535,0.288,19480
385,6.05855,6.35075,5.942e-04,0.537,0.280,19488
386,6.08324,6.35075,5.941e-04,0.535,0.259,19513
387,6.06454,6.35075,5.941e-04,0.498,0.263,19526
388,6.06241,6.35075,5.940e-04,0.499,0.256,19482
389,6.21067,6.35075,5.940e-04,0.491,0.227,19542
390,5.87589,6.35075,5.939e-04,0.538,0.273,19536
391,5.96815,6.35075,5.938e-04,0.529,0.283,19480
392,6.07590,6.35075,5.938e-04,0.526,0.245,19519
393,6.04145,6.35075,5.937e-04,0.555,0.309,19520
394,6.15262,6.35075,5.936e-04,0.519,0.242,19473
395,6.13602,6.35075,5.936e-04,0.494,0.212,19523
396,6.17098,6.35075,5.935e-04,0.507,0.258,19537
397,5.90848,6.35075,5.934e-04,0.511,0.256,19475
398,5.98899,6.35075,5.934e-04,0.441,0.213,19539
399,5.96345,6.35075,5.933e-04,0.488,0.246,19527
400,6.10882,6.35075,5.932e-04,0.466,0.215,19479
401,5.92372,6.35075,5.932e-04,0.498,0.249,19506
402,6.18238,6.35075,5.931e-04,0.697,0.321,19540
403,5.91406,6.35075,5.930e-04,0.544,0.308,19477
404,5.89331,6.35075,5.930e-04,0.523,0.258,19498
405,5.93200,6.35075,5.929e-04,0.453,0.223,19544
406,6.16609,6.35075,5.928e-04,0.464,0.200,19519
407,6.16333,6.35075,5.928e-04,0.421,0.196,19490
408,5.98187,6.35075,5.927e-04,0.495,0.235,19517
409,5.99665,6.35075,5.926e-04,0.513,0.238,19507
410,5.93093,6.35075,5.925e-04,0.503,0.238,19481
411,6.05276,6.35075,5.925e-04,0.465,0.222,19526
412,6.07078,6.35075,5.924e-04,0.563,0.263,19519
413,5.89014,6.35075,5.923e-04,0.595,0.311,19454
414,5.82873,6.35075,5.923e-04,0.606,0.311,19518
415,5.97217,6.35075,5.922e-04,0.535,0.244,19546
416,5.93703,6.35075,5.921e-04,0.527,0.267,19451
417,5.96433,6.35075,5.920e-04,0.626,0.357,19526
418,6.03446,6.35075,5.920e-04,0.487,0.225,19543
419,5.93312,6.35075,5.919e-04,0.603,0.351,19484
420,6.05308,6.35075,5.918e-04,0.510,0.256,19515
421,5.96891,6.35075,5.917e-04,0.517,0.262,19501
422,6.12643,6.35075,5.917e-04,0.458,0.191,19457
423,5.95860,6.35075,5.916e-04,0.487,0.232,19522
424,5.95532,6.35075,5.915e-04,0.492,0.223,19531
425,5.94596,6.35075,5.914e-04,0.491,0.241,19501
426,5.88464,6.35075,5.914e-04,0.522,0.253,19501
427,6.20467,6.35075,5.913e-04,0.565,0.227,19544
428,5.93252,6.35075,5.912e-04,0.553,0.300,19499
429,6.09760,6.35075,5.911e-04,0.565,0.307,19520
430,6.12097,6.35075,5.911e-04,0.437,0.201,19538
431,6.01912,6.35075,5.910e-04,0.507,0.273,19478
432,6.09604,6.35075,5.909e-04,0.476,0.222,19496
433,5.90927,6.35075,5.908e-04,0.607,0.336,19550
434,5.83904,6.35075,5.907e-04,0.497,0.263,19515
435,5.85272,6.35075,5.907e-04,0.478,0.235,19501
436,5.77226,6.35075,5.906e-04,0.535,0.281,19555
437,6.09017,6.35075,5.905e-04,0.487,0.224,19552
438,6.04255,6.35075,5.904e-04,0.468,0.212,19488
439,6.02368,6.35075,5.904e-04,0.541,0.270,19557
440,5.96085,6.35075,5.903e-04,0.484,0.209,19543
441,5.72001,6.35075,5.902e-04,0.588,0.320,19464
442,5.92970,6.35075,5.901e-04,0.520,0.261,19546
443,6.05378,6.35075,5.900e-04,0.628,0.355,19546
444,6.17132,6.35075,5.899e-04,0.644,0.281,19461
445,6.03041,6.35075,5.899e-04,0.551,0.273,19525
446,5.99134,6.35075,5.898e-04,0.479,0.237,19545
447,5.93427,6.35075,5.897e-04,0.515,0.251,19469
448,5.99653,6.35075,5.896e-04,0.503,0.253,19531
449,5.91710,6.35075,5.895e-04,0.539,0.270,19528
450,5.84943,6.35075,5.894e-04,0.684,0.379,19444
451,6.00021,6.35075,5.894e-04,0.521,0.250,19552
452,6.05008,6.35075,5.893e-04,0.642,0.285,19545
453,5.90708,6.35075,5.892e-04,0.620,0.321,19499
454,5.86570,6.35075,5.891e-04,0.581,0.290,19525
455,5.86600,6.35075,5.890e-04,0.521,0.267,19558
456,5.92920,6.35075,5.889e-04,0.519,0.268,19476
457,6.03940,6.35075,5.889e-04,0.643,0.363,19513
458,6.01791,6.35075,5.888e-04,0.515,0.221,19562
459,5.96737,6.35075,5.887e-04,0.555,0.285,19514
460,5.90568,6.35075,5.886e-04,0.475,0.215,19476
461,5.87241,6.35075,5.885e-04,0.476,0.238,19524
462,5.80573,6.35075,5.884e-04,0.482,0.230,19528
463,5.94397,6.35075,5.883e-04,0.489,0.237,19489
464,6.00991,6.35075,5.882e-04,0.458,0.211,19538
465,5.86342,6.35075,5.882e-04,0.538,0.284,19507
466,5.77874,6.35075,5.881e-04,0.518,0.263,19476
467,5.80351,6.35075,5.880e-04,0.544,0.286,19538
468,5.88283,6.35075,5.879e-04,0.499,0.235,19537
469,5.94166,6.35075,5.878e-04,0.492,0.244,19450
470,5.71388,6.35075,5.877e-04,0.587,0.330,19538
471,5.96647,6.35075,5.876e-04,0.454,0.227,19520
472,5.96602,6.35075,5.875e-04,0.556,0.279,19483
473,5.83336,6.35075,5.874e-04,0.550,0.304,19531
474,5.69293,6.35075,5.873e-04,0.501,0.243,19517
475,5.90017,6.35075,5.872e-04,0.482,0.229,19474
476,5.76520,6.35075,5.872e-04,0.445,0.193,19518
477,5.73810,6.35075,5.871e-04,0.529,0.263,19530
478,5.64097,6.35075,5.870e-04,0.512,0.242,19468
479,5.73945,6.35075,5.869e-04,0.555,0.256,19521
480,5.67683,6.35075,5.868e-04,0.508,0.236,19521
481,5.96885,6.35075,5.867e-04,0.532,0.224,19471
482,5.96777,6.35075,5.866e-04,0.645,0.316,19515
483,5.89017,6.35075,5.865e-04,0.637,0.296,19513
484,5.84540,6.35075,5.864e-04,0.482,0.230,19527
485,5.86752,6.35075,5.863e-04,0.500,0.237,19503
486,5.80536,6.35075,5.862e-04,0.582,0.287,19514
487,5.68969,6.35075,5.861e-04,0.481,0.225,19526
488,5.97866,6.35075,5.860e-04,0.453,0.212,19485
489,5.81544,6.35075,5.859e-04,0.586,0.296,19504
490,5.90411,6.35075,5.858e-04,0.505,0.254,19532
491,5.80406,6.35075,5.857e-04,0.481,0.225,19430
492,5.87499,6.35075,5.856e-04,0.551,0.253,19541
493,5.82051,6.35075,5.855e-04,0.496,0.244,19515
494,5.82003,6.35075,5.854e-04,0.498,0.233,19465
495,5.64394,6.35075,5.853e-04,0.480,0.243,19491
496,5.83479,6.35075,5.852e-04,0.567,0.290,19523
497,5.91835,6.35075,5.851e-04,0.701,0.306,19466
498,5.74480,6.35075,5.850e-04,0.517,0.258,19534
499,5.90086,6.35075,5.849e-04,0.458,0.208,19525
500,5.83901,5.74664,5.848e-04,0.556,0.288,6086
501,5.84339,5.74664,5.847e-04,0.519,0.242,19818
502,5.80499,5.74664,5.846e-04,0.524,0.254,19527
503,5.77932,5.74664,5.845e-04,0.493,0.240,19508
504,5.79998,5.74664,5.844e-04,0.536,0.281,19524
505,5.83558,5.74664,5.843e-04,0.506,0.236,19503
506,5.75868,5.74664,5.842e-04,0.516,0.238,19494
507,5.65424,5.74664,5.841e-04,0.678,0.321,19532
508,5.93741,5.74664,5.840e-04,0.503,0.231,19482
509,5.74248,5.74664,5.839e-04,0.536,0.280,19504
510,5.82451,5.74664,5.838e-04,0.560,0.296,19511
511,5.79164,5.74664,5.837e-04,0.474,0.227,19542
512,5.53121,5.74664,5.836e-04,0.537,0.277,19473
513,5.90526,5.74664,5.835e-04,0.493,0.232,19522
514,5.70289,5.74664,5.834e-04,0.573,0.302,19543
515,6.03152,5.74664,5.833e-04,0.453,0.207,19456
516,5.86940,5.74664,5.832e-04,0.922,0.388,19540
517,5.80483,5.74664,5.831e-04,0.565,0.282,19522
518,5.65078,5.74664,5.830e-04,0.477,0.236,19460
519,5.85971,5.74664,5.829e-04,0.545,0.252,19533
520,5.87641,5.74664,5.828e-04,0.539,0.243,19523
521,5.90142,5.74664,5.827e-04,0.521,0.229,19476
522,5.86408,5.74664,5.826e-04,0.655,0.331,19521
523,5.84628,5.74664,5.825e-04,0.536,0.242,19529
524,5.68024,5.74664,5.824e-04,0.532,0.279,19455
525,5.81547,5.74664,5.822e-04,0.537,0.252,19523
526,5.75586,5.74664,5.821e-04,0.492,0.243,19534
527,5.64802,5.74664,5.820e-04,0.539,0.267,19469
528,5.97072,5.74664,5.819e-04,0.556,0.275,19500
529,5.83005,5.74664,5.818e-04,0.598,0.326,19392
530,5.77879,5.74664,5.817e-04,0.509,0.228,19286
531,5.72023,5.74664,5.816e-04,0.514,0.254,19490
532,5.83105,5.74664,5.815e-04,0.511,0.248,19519
533,5.82147,5.74664,5.814e-04,0.536,0.259,19507
534,5.77242,5.74664,5.813e-04,0.480,0.224,19480
535,5.93785,5.74664,5.812e-04,0.553,0.293,19547
536,6.01853,5.74664,5.810e-04,0.499,0.215,19535
537,5.82033,5.74664,5.809e-04,0.546,0.281,19484
538,5.72348,5.74664,5.808e-04,0.526,0.258,19521
539,5.71643,5.74664,5.807e-04,0.460,0.229,19560
540,5.74082,5.74664,5.806e-04,0.461,0.207,19452
541,5.82298,5.74664,5.805e-04,0.499,0.229,19511
542,5.82536,5.74664,5.804e-04,0.480,0.223,19496
543,5.79955,5.74664,5.803e-04,0.466,0.188,19463
544,5.62875,5.74664,5.801e-04,0.539,0.255,19526
545,5.97068,5.74664,5.800e-04,0.596,0.256,19518
546,5.85147,5.74664,5.799e-04,0.575,0.284,19440
547,5.74946,5.74664,5.798e-04,0.508,0.212,19541
548,5.84225,5.74664,5.797e-04,0.604,0.294,19530
549,5.82487,5.74664,5.796e-04,0.505,0.240,19472
550,5.86807,5.74664,5.794e-04,0.463,0.196,19494
551,5.78781,5.74664,5.793e-04,0.516,0.251,19550
552,5.63658,5.74664,5.792e-04,0.509,0.215,19475
553,5.72896,5.74664,5.791e-04,0.561,0.301,19505
554,5.74292,5.74664,5.790e-04,0.463,0.207,19535
555,5.73159,5.74664,5.789e-04,0.604,0.322,19522
556,5.71748,5.74664,5.787e-04,0.483,0.228,19458
557,5.78390,5.74664,5.786e-04,0.530,0.261,19531
558,5.93781,5.74664,5.785e-04,0.461,0.184,19519
559,5.62852,5.74664,5.784e-04,0.482,0.229,19465
560,5.73567,5.74664,5.783e-04,0.504,0.233,19540
561,5.62625,5.74664,5.782e-04,0.501,0.226,19503
562,5.70167,5.74664,5.780e-04,0.557,0.285,19468
563,5.61624,5.74664,5.779e-04,0.590,0.316,19521
564,5.79319,5.74664,5.778e-04,0.495,0.207,19538
565,5.59356,5.74664,5.777e-04,0.461,0.208,19482
566,5.66643,5.74664,5.776e-04,0.466,0.208,19541
567,5.65531,5.74664,5.774e-04,0.475,0.221,19509
568,5.78393,5.74664,5.773e-04,0.500,0.222,19454
569,5.75180,5.74664,5.772e-04,0.433,0.182,19529
570,5.75252,5.74664,5.771e-04,0.505,0.236,19528
571,5.81899,5.74664,5.769e-04,0.459,0.193,19450
572,5.65882,5.74664,5.768e-04,0.513,0.230,19548
573,5.60900,5.74664,5.767e-04,0.484,0.216,19538
574,5.75300,5.74664,5.766e-04,0.468,0.209,19468
575,5.68203,5.74664,5.765e-04,0.489,0.220,19534
576,5.71886,5.74664,5.763e-04,0.499,0.237,19530
577,5.79044,5.74664,5.762e-04,0.530,0.240,19482
578,5.61956,5.74664,5.761e-04,0.471,0.212,19530
579,5.49296,5.74664,5.760e-04,0.449,0.206,19493
580,5.69097,5.74664,5.758e-04,0.445,0.195,19517
581,5.72291,5.74664,5.757e-04,0.476,0.191,19469
582,5.50276,5.74664,5.756e-04,0.468,0.213,19533
583,5.58569,5.74664,5.755e-04,0.475,0.187,19501
584,5.62564,5.74664,5.753e-04,0.508,0.250,19462
585,5.80778,5.74664,5.752e-04,0.489,0.231,19550
586,5.62361,5.74664,5.751e-04,0.482,0.222,19525
587,5.61361,5.74664,5.749e-04,0.513,0.261,19460
588,5.82311,5.74664,5.748e-04,0.493,0.232,19534
589,5.76612,5.74664,5.747e-04,0.520,0.247,19555
590,5.65663,5.74664,5.746e-04,0.457,0.210,19470
591,5.76689,5.74664,5.744e-04,0.564,0.283,19556
592,5.63154,5.74664,5.743e-04,0.463,0.188,19514
593,5.84736,5.74664,5.742e-04,0.451,0.191,19455
594,5.62547,5.74664,5.740e-04,0.591,0.305,19546
595,5.71221,5.74664,5.739e-04,0.476,0.212,19507
596,5.66038,5.74664,5.738e-04,0.512,0.230,19471
597,5.58958,5.74664,5.737e-04,0.577,0.288,19546
598,5.64695,5.74664,5.735e-04,0.537,0.240,19514
599,5.63213,5.74664,5.734e-04,0.566,0.225,19499
600,5.67706,5.74664,5.733e-04,0.529,0.227,19542
601,5.72719,5.74664,5.731e-04,0.497,0.199,19523
602,5.83190,5.74664,5.730e-04,0.495,0.210,19482
603,5.64044,5.74664,5.729e-04,0.548,0.278,19509
604,5.63318,5.74664,5.727e-04,0.535,0.245,19517
605,5.61589,5.74664,5.726e-04,0.478,0.209,19508
606,5.67744,5.74664,5.725e-04,0.508,0.219,19469
607,5.65041,5.74664,5.723e-04,0.483,0.217,19541
608,5.58959,5.74664,5.722e-04,0.502,0.197,19525
609,5.79243,5.74664,5.721e-04,0.505,0.220,19507
610,5.74460,5.74664,5.719e-04,0.473,0.208,19522
611,5.71281,5.74664,5.718e-04,0.509,0.229,19522
612,5.56262,5.74664,5.717e-04,0.493,0.237,19509
613,5.42715,5.74664,5.715e-04,0.541,0.277,19535
614,5.75814,5.74664,5.714e-04,0.438,0.194,19560
615,5.57721,5.74664,5.713e-04,0.481,0.231,19466
616,5.65493,5.74664,5.711e-04,0.478,0.205,19509
617,5.77701,5.74664,5.710e-04,0.520,0.242,19561
618,5.56522,5.74664,5.708e-04,0.633,0.245,19443
619,5.61849,5.74664,5.707e-04,0.500,0.228,19539
620,5.64414,5.74664,5.706e-04,0.561,0.276,19509
621,5.80841,5.74664,5.704e-04,0.566,0.246,19479
622,5.47306,5.74664,5.703e-04,0.493,0.222,19546
623,5.68494,5.74664,5.702e-04,0.483,0.203,19543
624,5.75332,5.74664,5.700e-04,0.526,0.242,19464
625,5.54650,5.74664,5.699e-04,0.482,0.194,19548
626,5.70228,5.74664,5.697e-04,0.605,0.273,19537
627,5.82887,5.74664,5.696e-04,0.575,0.267,19467
628,5.58385,5.74664,5.695e-04,0.498,0.224,19505
629,5.60878,5.74664,5.693e-04,0.463,0.187,19553
630,5.57763,5.74664,5.692e-04,0.472,0.210,19484
631,5.65087,5.74664,5.690e-04,0.440,0.177,19517
632,5.48881,5.74664,5.689e-04,0.479,0.227,19516
633,5.56406,5.74664,5.688e-04,0.516,0.251,19489
634,5.65846,5.74664,5.686e-04,0.480,0.207,19519
635,5.80875,5.74664,5.685e-04,0.487,0.194,19533
636,5.69030,5.74664,5.683e-04,0.498,0.214,19489
637,5.55219,5.74664,5.682e-04,0.544,0.228,19504
638,5.78439,5.74664,5.680e-04,0.493,0.196,19543
639,5.71762,5.74664,5.679e-04,0.566,0.273,19529
640,5.58938,5.74664,5.678e-04,0.507,0.244,19495
641,5.60843,5.74664,5.676e-04,0.505,0.220,19530
642,5.70166,5.74664,5.675e-04,0.486,0.210,19527
643,5.35710,5.74664,5.673e-04,0.500,0.238,19467
644,5.47778,5.74664,5.672e-04,0.467,0.196,19532
645,5.87342,5.74664,5.670e-04,0.530,0.240,19530
646,5.64776,5.74664,5.669e-04,0.516,0.237,19465
647,5.52495,5.74664,5.667e-04,0.500,0.237,19519
648,5.72336,5.74664,5.666e-04,0.568,0.256,19545
649,5.88135,5.74664,5.665e-04,0.511,0.219,19470
650,5.57845,5.74664,5.663e-04,0.580,0.269,19538
651,5.49855,5.74664,5.662e-04,0.476,0.218,19518
652,5.60816,5.74664,5.660e-04,0.494,0.201,19465
653,5.35397,5.74664,5.659e-04,0.504,0.233,19531
654,5.39063,5.74664,5.657e-04,0.444,0.191,19519
655,5.44497,5.74664,5.656e-04,0.516,0.228,19467
656,5.39254,5.74664,5.654e-04,0.476,0.199,19485
657,5.69907,5.74664,5.653e-04,0.522,0.208,19521
658,5.90001,5.74664,5.651e-04,0.521,0.216,19504
659,5.34359,5.74664,5.650e-04,0.538,0.220,19496
660,5.75628,5.74664,5.648e-04,0.507,0.215,19534
661,5.75744,5.74664,5.647e-04,0.534,0.254,19480
662,5.40911,5.74664,5.645e-04,0.488,0.222,19496
663,5.49911,5.74664,5.644e-04,0.461,0.201,19531
664,5.37588,5.74664,5.642e-04,0.521,0.242,19539
665,5.71539,5.74664,5.641e-04,0.475,0.187,19488
666,5.47308,5.74664,5.639e-04,0.454,0.197,19536
667,5.34532,5.74664,5.638e-04,0.466,0.199,19524
668,5.41639,5.74664,5.636e-04,0.502,0.222,19461
669,5.64560,5.74664,5.635e-04,0.467,0.181,19555
670,5.67191,5.74664,5.633e-04,0.488,0.207,19517
671,5.49756,5.74664,5.632e-04,0.443,0.178,19475
672,5.58782,5.74664,5.630e-04,0.482,0.185,19543
673,5.87388,5.74664,5.629e-04,0.525,0.199,19535
674,5.70350,5.74664,5.627e-04,0.594,0.257,19481
675,5.44354,5.74664,5.626e-04,0.514,0.232,19560
676,5.61908,5.74664,5.624e-04,0.517,0.222,19536
677,5.51414,5.74664,5.622e-04,0.513,0.233,19471
678,5.60033,5.74664,5.621e-04,0.560,0.249,19524
679,5.67346,5.74664,5.619e-04,0.512,0.224,19525
680,5.45352,5.74664,5.618e-04,0.479,0.217,19473
681,5.63410,5.74664,5.616e-04,0.477,0.189,19489
682,5.69301,5.74664,5.615e-04,0.444,0.173,19554
683,5.62312,5.74664,5.613e-04,0.551,0.255,19482
684,5.78946,5.74664,5.612e-04,0.427,0.169,19510
685,5.65101,5.74664,5.610e-04,0.578,0.274,19539
686,5.58591,5.74664,5.608e-04,0.478,0.221,19506
687,5.41147,5.74664,5.607e-04,0.565,0.282,19514
688,5.67772,5.74664,5.605e-04,0.482,0.212,19537
689,5.76858,5.74664,5.604e-04,0.431,0.163,19508
690,5.57652,5.74664,5.602e-04,0.504,0.219,19497
691,5.64251,5.74664,5.601e-04,0.459,0.197,19534
692,5.52521,5.74664,5.599e-04,0.539,0.240,19526
693,5.67544,5.74664,5.597e-04,0.517,0.206,19453
694,5.72329,5.74664,5.596e-04,0.524,0.240,19544
695,5.53683,5.74664,5.594e-04,0.513,0.222,19517
696,5.86980,5.74664,5.593e-04,0.540,0.201,19484
697,5.63327,5.74664,5.591e-04,0.490,0.199,19550
698,5.54794,5.74664,5.589e-04,0.470,0.184,19535
699,5.56157,5.74664,5.588e-04,0.476,0.198,19457
700,5.39806,5.74664,5.586e-04,0.459,0.201,19526
701,5.45896,5.74664,5.585e-04,0.442,0.183,19519
702,5.65630,5.74664,5.583e-04,0.473,0.203,19459
703,5.48098,5.74664,5.581e-04,0.451,0.184,19537
704,5.48210,5.74664,5.580e-04,0.489,0.199,19524
705,5.57664,5.74664,5.578e-04,0.415,0.169,19463
706,5.58671,5.74664,5.576e-04,0.487,0.200,19527
707,5.55594,5.74664,5.575e-04,0.543,0.262,19536
708,5.48686,5.74664,5.573e-04,0.425,0.169,19482
709,5.40982,5.74664,5.572e-04,0.568,0.255,19500
710,5.34541,5.74664,5.570e-04,0.401,0.159,19561
711,5.55367,5.74664,5.568e-04,0.488,0.221,19490
712,5.61218,5.74664,5.567e-04,0.466,0.187,19510
713,5.52188,5.74664,5.565e-04,0.484,0.177,19549
714,5.49466,5.74664,5.563e-04,0.495,0.195,19483
715,5.36576,5.74664,5.562e-04,0.506,0.206,19477
716,5.59283,5.74664,5.560e-04,0.503,0.195,19533
717,5.50251,5.74664,5.558e-04,0.458,0.194,19509
718,5.44129,5.74664,5.557e-04,0.420,0.169,19463
719,5.57038,5.74664,5.555e-04,0.419,0.149,19519
720,5.60734,5.74664,5.553e-04,0.475,0.181,19523
721,5.52904,5.74664,5.552e-04,0.488,0.191,19457
722,5.58216,5.74664,5.550e-04,0.470,0.178,19538
723,5.45504,5.74664,5.548e-04,0.481,0.211,19539
724,5.50683,5.74664,5.547e-04,0.456,0.173,19447
725,5.56837,5.74664,5.545e-04,0.519,0.253,19547
726,5.56983,5.74664,5.543e-04,0.442,0.183,19536
727,5.43437,5.74664,5.542e-04,0.476,0.215,19429
728,5.65849,5.74664,5.540e-04,0.505,0.206,19555
729,5.73319,5.74664,5.538e-04,0.445,0.178,19532
730,5.67013,5.74664,5.537e-04,0.506,0.199,19471
731,5.45512,5.74664,5.535e-04,0.477,0.188,19540
732,5.50069,5.74664,5.533e-04,0.517,0.215,19549
733,5.42461,5.74664,5.531e-04,0.469,0.200,19472
734,5.74619,5.74664,5.530e-04,0.515,0.221,19513
735,5.61441,5.74664,5.528e-04,0.524,0.218,19544
736,5.45118,5.74664,5.526e-04,0.485,0.199,19485
737,5.72494,5.74664,5.525e-04,0.521,0.194,19494
738,5.51069,5.74664,5.523e-04,0.570,0.239,19506
739,5.62676,5.74664,5.521e-04,0.504,0.220,19520
740,5.59323,5.74664,5.519e-04,0.489,0.199,19493
741,5.62007,5.74664,5.518e-04,0.496,0.221,19487
742,5.55812,5.74664,5.516e-04,0.492,0.210,19514
743,5.49986,5.74664,5.514e-04,0.455,0.184,19477
744,5.59715,5.74664,5.512e-04,0.470,0.193,19556
745,5.32823,5.74664,5.511e-04,0.465,0.196,19537
746,5.71358,5.74664,5.509e-04,0.436,0.155,19478
747,5.36548,5.74664,5.507e-04,0.483,0.202,19551
748,5.41354,5.74664,5.506e-04,0.505,0.208,19501
749,5.28684,5.74664,5.504e-04,0.495,0.207,19465
750,5.71931,5.39285,5.502e-04,0.515,0.182,6094
751,5.29121,5.39285,5.500e-04,0.471,0.200,19765
752,5.36299,5.39285,5.499e-04,0.457,0.184,19522
753,5.60166,5.39285,5.497e-04,0.477,0.176,19563
754,5.45338,5.39285,5.495e-04,0.458,0.182,19470
755,5.43142,5.39285,5.493e-04,0.476,0.190,19514
756,5.55158,5.39285,5.491e-04,0.465,0.159,19517
757,5.26780,5.39285,5.490e-04,0.501,0.218,19484
758,5.49629,5.39285,5.488e-04,0.431,0.158,19488
759,5.45741,5.39285,5.486e-04,0.474,0.196,19546
760,5.60751,5.39285,5.484e-04,0.435,0.156,19480
761,5.48561,5.39285,5.483e-04,0.447,0.171,19484
762,5.27491,5.39285,5.481e-04,0.473,0.194,19530
763,5.57559,5.39285,5.479e-04,0.451,0.174,19518
764,5.44309,5.39285,5.477e-04,0.486,0.194,19473
765,5.45540,5.39285,5.475e-04,0.485,0.188,19536
766,5.44213,5.39285,5.474e-04,0.540,0.228,19506
767,5.49961,5.39285,5.472e-04,0.508,0.221,19512
768,5.61611,5.39285,5.470e-04,0.526,0.224,19530
769,5.46933,5.39285,5.468e-04,0.484,0.202,19544
770,5.41889,5.39285,5.466e-04,0.486,0.220,19469
771,5.35770,5.39285,5.465e-04,0.464,0.175,19529
772,5.76508,5.39285,5.463e-04,0.487,0.168,19557
773,5.48247,5.39285,5.461e-04,0.497,0.210,19466
774,5.44451,5.39285,5.459e-04,0.476,0.192,19530
775,5.26986,5.39285,5.457e-04,0.449,0.180,19536
776,5.56456,5.39285,5.456e-04,0.524,0.184,19441
777,5.46485,5.39285,5.454e-04,0.487,0.206,19552
778,5.48025,5.39285,5.452e-04,0.487,0.187,19517
779,5.40180,5.39285,5.450e-04,0.474,0.197,19461
780,5.50207,5.39285,5.448e-04,0.475,0.191,19542
781,5.33446,5.39285,5.446e-04,0.526,0.232,19507
782,5.50454,5.39285,5.445e-04,0.448,0.169,19485
783,5.25404,5.39285,5.443e-04,0.468,0.188,19521
784,5.44854,5.39285,5.441e-04,0.483,0.195,19520
785,5.31904,5.39285,5.439e-04,0.478,0.185,19492
786,5.36644,5.39285,5.437e-04,0.486,0.213,19511
787,5.41883,5.39285,5.435e-04,0.585,0.283,19530
788,5.48394,5.39285,5.433e-04,0.471,0.179,19488
789,5.37843,5.39285,5.432e-04,0.515,0.226,19515
790,5.42559,5.39285,5.430e-04,0.482,0.175,19532
791,5.36684,5.39285,5.428e-04,0.482,0.205,19542
792,5.40711,5.39285,5.426e-04,0.464,0.182,19490
793,5.46699,5.39285,5.424e-04,0.470,0.176,19527
794,5.42337,5.39285,5.422e-04,0.498,0.203,19516
795,5.47511,5.39285,5.420e-04,0.511,0.183,19451
796,5.43572,5.39285,5.418e-04,0.491,0.207,19505
797,5.37911,5.39285,5.417e-04,0.468,0.179,19527
798,5.37577,5.39285,5.415e-04,0.509,0.194,19465
799,5.38921,5.39285,5.413e-04,0.466,0.188,19557
800,5.51074,5.39285,5.411e-04,0.544,0.196,19513
801,5.71536,5.39285,5.409e-04,0.521,0.193,19468
802,5.31051,5.39285,5.407e-04,0.461,0.180,19502
803,5.49482,5.39285,5.405e-04,0.504,0.198,19526
804,5.55306,5.39285,5.403e-04,0.495,0.188,19453
805,5.40415,5.39285,5.401e-04,0.527,0.211,19510
806,5.48898,5.39285,5.400e-04,0.463,0.175,19536
807,5.24222,5.39285,5.398e-04,0.483,0.210,19469
808,5.40569,5.39285,5.396e-04,0.445,0.160,19505
809,5.32888,5.39285,5.394e-04,0.440,0.179,19512
810,5.46589,5.39285,5.392e-04,0.475,0.187,19482
811,5.48779,5.39285,5.390e-04,0.430,0.157,19494
812,5.45137,5.39285,5.388e-04,0.528,0.233,19513
813,5.48313,5.39285,5.386e-04,0.433,0.170,19511
814,5.31552,5.39285,5.384e-04,0.473,0.209,19498
815,5.02983,5.39285,5.382e-04,0.513,0.200,19555
816,5.32734,5.39285,5.380e-04,0.469,0.176,19518
817,5.19299,5.39285,5.378e-04,0.454,0.180,19492
818,5.35980,5.39285,5.377e-04,0.493,0.204,19552
819,5.45171,5.39285,5.375e-04,0.463,0.195,19549
820,5.45548,5.39285,5.373e-04,0.458,0.187,19471
821,5.42491,5.39285,5.371e-04,0.513,0.179,19517
822,5.29533,5.39285,5.369e-04,0.462,0.194,19545
823,5.31394,5.39285,5.367e-04,0.535,0.232,19476
824,5.33793,5.39285,5.365e-04,0.527,0.211,19525
825,5.44711,5.39285,5.363e-04,0.454,0.170,19545
826,5.19362,5.39285,5.361e-04,0.456,0.183,19451
827,5.37150,5.39285,5.359e-04,0.472,0.172,19532
828,5.47883,5.39285,5.357e-04,0.485,0.176,19538
829,5.27555,5.39285,5.355e-04,0.481,0.198,19459
830,5.19132,5.39285,5.353e-04,0.515,0.196,19542
831,5.47790,5.39285,5.351e-04,0.504,0.187,19567
832,5.52372,5.39285,5.349e-04,0.453,0.165,19455
833,5.36398,5.39285,5.347e-04,0.515,0.220,19513
834,5.31188,5.39285,5.345e-04,0.500,0.209,19526
835,5.37311,5.39285,5.343e-04,0.449,0.181,19509
836,5.39880,5.39285,5.341e-04,0.468,0.178,19503
837,5.30454,5.39285,5.339e-04,0.440,0.175,19548
838,5.40528,5.39285,5.337e-04,0.441,0.145,19502
839,5.49639,5.39285,5.335e-04,0.471,0.181,19514
840,5.42893,5.39285,5.333e-04,0.451,0.156,19532
841,5.31390,5.39285,5.331e-04,0.476,0.175,19531
842,5.39486,5.39285,5.329e-04,0.461,0.173,19474
843,5.29859,5.39285,5.327e-04,0.454,0.163,19549
844,5.34312,5.39285,5.325e-04,0.523,0.207,19531
845,5.41080,5.39285,5.323e-04,0.505,0.191,19477
846,5.47687,5.39285,5.321e-04,0.505,0.185,19517
847,5.47843,5.39285,5.319e-04,0.559,0.258,19553
848,5.41137,5.39285,5.317e-04,0.512,0.200,19483
849,5.46416,5.39285,5.315e-04,0.490,0.183,19557
850,5.35112,5.39285,5.313e-04,0.504,0.211,19529
851,5.35147,5.39285,5.311e-04,0.422,0.145,19472
852,5.47340,5.39285,5.309e-04,0.505,0.189,19543
853,5.27053,5.39285,5.307e-04,0.545,0.231,19516
854,5.44210,5.39285,5.305e-04,0.434,0.161,19467
855,5.30971,5.39285,5.303e-04,0.503,0.194,19542
856,5.46860,5.39285,5.301e-04,0.480,0.183,19547
857,5.47330,5.39285,5.299e-04,0.599,0.237,19476
858,5.27979,5.39285,5.297e-04,0.458,0.171,19545
859,5.39501,5.39285,5.295e-04,0.557,0.202,19530
860,5.20950,5.39285,5.293e-04,0.445,0.160,19480
861,5.40396,5.39285,5.291e-04,0.529,0.199,19515
862,5.47883,5.39285,5.289e-04,0.496,0.201,19530
863,5.23584,5.39285,5.287e-04,0.498,0.179,19491
864,5.33205,5.39285,5.285e-04,0.504,0.193,19538
865,5.37822,5.39285,5.283e-04,0.485,0.173,19524
866,5.27795,5.39285,5.281e-04,0.485,0.178,19514
867,5.43717,5.39285,5.279e-04,0.490,0.217,19494
868,5.41859,5.39285,5.276e-04,0.505,0.192,19521
869,5.33848,5.39285,5.274e-04,0.441,0.155,19502
870,5.53164,5.39285,5.272e-04,0.504,0.185,19509
871,5.31197,5.39285,5.270e-04,0.504,0.196,19532
872,5.52691,5.39285,5.268e-04,0.497,0.181,19559
873,5.36113,5.39285,5.266e-04,0.495,0.186,19454
874,5.40303,5.39285,5.264e-04,0.508,0.192,19534
875,5.38265,5.39285,5.262e-04,0.558,0.240,19510
876,5.53831,5.39285,5.260e-04,0.532,0.213,19445
877,5.26855,5.39285,5.258e-04,0.485,0.183,19477
878,5.15386,5.39285,5.256e-04,0.476,0.179,19519
879,5.34254,5.39285,5.254e-04,0.474,0.173,19424
880,5.33504,5.39285,5.252e-04,0.469,0.185,19501
881,5.14044,5.39285,5.249e-04,0.458,0.168,19487
882,5.41444,5.39285,5.247e-04,0.483,0.162,19447
883,5.46386,5.39285,5.245e-04,0.465,0.163,19495
884,5.25409,5.39285,5.243e-04,0.481,0.164,19533
885,5.27569,5.39285,5.241e-04,0.427,0.147,19444
886,5.18164,5.39285,5.239e-04,0.521,0.181,19488
887,5.34946,5.39285,5.237e-04,0.462,0.176,19498
888,5.31377,5.39285,5.235e-04,0.491,0.188,19470
889,5.37787,5.39285,5.233e-04,0.479,0.162,19493
890,5.28159,5.39285,5.230e-04,0.473,0.165,19501
891,5.16307,5.39285,5.228e-04,0.462,0.161,19491
892,5.52964,5.39285,5.226e-04,0.475,0.159,19474
893,5.39135,5.39285,5.224e-04,0.468,0.165,19494
894,5.37600,5.39285,5.222e-04,0.454,0.162,19507
895,5.24153,5.39285,5.220e-04,0.471,0.178,19429
896,5.49556,5.39285,5.218e-04,0.486,0.180,19512
897,5.26532,5.39285,5.216e-04,0.436,0.150,19479
898,5.26907,5.39285,5.213e-04,0.475,0.180,19453
899,5.38283,5.39285,5.211e-04,0.471,0.162,19502
900,5.50744,5.39285,5.209e-04,0.553,0.216,19497
901,5.12057,5.39285,5.207e-04,0.528,0.209,19415
902,5.34922,5.39285,5.205e-04,0.464,0.173,19490
903,5.33148,5.39285,5.203e-04,0.541,0.193,19530
904,5.46239,5.39285,5.201e-04,0.507,0.189,19402
905,5.30229,5.39285,5.198e-04,0.546,0.202,19510
906,5.38421,5.39285,5.196e-04,0.549,0.227,19549
907,5.51677,5.39285,5.194e-04,0.577,0.198,19490
908,5.43195,5.39285,5.192e-04,0.465,0.174,19508
909,5.51905,5.39285,5.190e-04,0.544,0.180,19513
910,5.23510,5.39285,5.188e-04,0.488,0.201,19472
911,5.06588,5.39285,5.185e-04,0.447,0.157,19467
912,5.41555,5.39285,5.183e-04,0.495,0.185,19517
913,5.47206,5.39285,5.181e-04,0.488,0.173,19505
914,5.19419,5.39285,5.179e-04,0.501,0.182,19462
915,5.42954,5.39285,5.177e-04,0.475,0.150,19542
916,5.33542,5.39285,5.175e-04,0.499,0.181,19523
917,5.42387,5.39285,5.172e-04,0.486,0.175,19442
918,5.28342,5.39285,5.170e-04,0.448,0.154,19527
919,5.17586,5.39285,5.168e-04,0.455,0.168,19488
920,5.45348,5.39285,5.166e-04,0.464,0.159,19470
921,5.21047,5.39285,5.164e-04,0.475,0.186,19479
922,5.13241,5.39285,5.161e-04,0.424,0.143,19525
923,5.33760,5.39285,5.159e-04,0.451,0.143,19451
924,5.38092,5.39285,5.157e-04,0.452,0.148,19523
925,5.09969,5.39285,5.155e-04,0.475,0.173,19502
926,5.42822,5.39285,5.153e-04,0.474,0.162,19472
927,5.25008,5.39285,5.150e-04,0.482,0.154,19531
928,5.25524,5.39285,5.148e-04,0.547,0.202,19502
929,5.24519,5.39285,5.146e-04,0.472,0.167,19451
930,5.43043,5.39285,5.144e-04,0.499,0.185,19528
931,5.24045,5.39285,5.142e-04,0.468,0.158,19521
932,5.12360,5.39285,5.139e-04,0.526,0.212,19466
933,5.21323,5.39285,5.137e-04,0.518,0.199,19481
934,5.32222,5.39285,5.135e-04,0.463,0.169,19496
935,5.28748,5.39285,5.133e-04,0.522,0.205,19471
936,5.43740,5.39285,5.131e-04,0.482,0.170,19475
937,5.31530,5.39285,5.128e-04,0.461,0.158,19517
938,5.30449,5.39285,5.126e-04,0.500,0.165,19513
939,5.47684,5.39285,5.124e-04,0.511,0.195,19455
940,5.21286,5.39285,5.122e-04,0.492,0.191,19509
941,5.27883,5.39285,5.119e-04,0.494,0.179,19499
942,5.26183,5.39285,5.117e-04,0.495,0.205,19473
943,5.28626,5.39285,5.115e-04,0.510,0.218,19535
944,5.27927,5.39285,5.113e-04,0.517,0.207,19541
945,5.27753,5.39285,5.110e-04,0.442,0.153,19451
946,5.28812,5.39285,5.108e-04,0.500,0.173,19548
947,5.28207,5.39285,5.106e-04,0.517,0.200,19520
948,5.29360,5.39285,5.104e-04,0.466,0.171,19489
949,5.22891,5.39285,5.101e-04,0.512,0.188,19534
950,5.05501,5.39285,5.099e-04,0.470,0.171,19535
951,5.12557,5.39285,5.097e-04,0.505,0.194,19454
952,5.27052,5.39285,5.095e-04,0.483,0.183,19547
953,5.03187,5.39285,5.092e-04,0.467,0.172,19541
954,5.11844,5.39285,5.090e-04,0.474,0.178,19470
955,5.30501,5.39285,5.088e-04,0.451,0.151,19526
956,5.44848,5.39285,5.086e-04,0.506,0.175,19528
957,5.36318,5.39285,5.083e-04,0.545,0.187,19467
958,5.39819,5.39285,5.081e-04,0.512,0.178,19520
959,5.45878,5.39285,5.079e-04,0.485,0.163,19515
960,5.17336,5.39285,5.076e-04,0.462,0.160,19482
961,5.26188,5.39285,5.074e-04,0.477,0.175,19464
962,5.39325,5.39285,5.072e-04,0.510,0.173,19544
963,5.16186,5.39285,5.070e-04,0.473,0.165,19502
964,5.49782,5.39285,5.067e-04,0.533,0.180,19469
965,5.14440,5.39285,5.065e-04,0.460,0.155,19482
966,5.17796,5.39285,5.063e-04,0.511,0.178,19491
967,5.29318,5.39285,5.060e-04,0.466,0.157,19456
968,5.25472,5.39285,5.058e-04,0.472,0.159,19534
969,5.22163,5.39285,5.056e-04,0.451,0.164,19505
970,5.06111,5.39285,5.054e-04,0.506,0.191,19439
971,5.23875,5.39285,5.051e-04,0.444,0.148,19530
972,5.19948,5.39285,5.049e-04,0.473,0.160,19500
973,5.28363,5.39285,5.047e-04,0.496,0.168,19462
974,5.09935,5.39285,5.044e-04,0.466,0.163,19552
975,5.14484,5.39285,5.042e-04,0.464,0.170,19506
976,5.09092,5.39285,5.040e-04,0.490,0.172,19463
977,5.32832,5.39285,5.037e-04,0.474,0.178,19540
978,5.20164,5.39285,5.035e-04,0.464,0.162,19530
979,5.38113,5.39285,5.033e-04,0.462,0.141,19468
980,5.07837,5.39285,5.030e-04,0.515,0.203,19493
981,5.17374,5.39285,5.028e-04,0.505,0.198,19508
982,5.19085,5.39285,5.026e-04,0.468,0.159,19499
983,5.28948,5.39285,5.023e-04,0.545,0.216,19509
984,5.20069,5.39285,5.021e-04,0.512,0.187,19534
985,5.24886,5.39285,5.019e-04,0.520,0.178,19486
986,5.30975,5.39285,5.016e-04,0.480,0.173,19479
987,5.39943,5.39285,5.014e-04,0.470,0.168,19519
988,5.19608,5.39285,5.012e-04,0.499,0.180,19498
989,5.21570,5.39285,5.009e-04,0.453,0.143,19458
990,5.29483,5.39285,5.007e-04,0.495,0.180,19554
991,5.14952,5.39285,5.005e-04,0.469,0.163,19522
992,5.27438,5.39285,5.002e-04,0.472,0.152,19502
993,5.31551,5.39285,5.000e-04,0.482,0.167,19539
994,5.06368,5.39285,4.998e-04,0.485,0.165,19540
995,5.33491,5.39285,4.995e-04,0.508,0.159,19482
996,5.38792,5.39285,4.993e-04,0.586,0.220,19532
997,5.07352,5.39285,4.991e-04,0.582,0.236,19567
998,5.48286,5.39285,4.988e-04,0.521,0.158,19471
999,5.18154,5.39285,4.986e-04,0.609,0.254,19566
1000,5.51709,5.14127,4.983e-04,0.620,0.242,6087
1001,5.14957,5.14127,4.981e-04,0.517,0.182,19827
1002,5.09454,5.14127,4.979e-04,0.513,0.207,19554
1003,5.35351,5.14127,4.976e-04,0.531,0.189,19483
1004,5.35601,5.14127,4.974e-04,0.498,0.170,19560
1005,5.32175,5.14127,4.972e-04,0.559,0.192,19525
1006,5.05692,5.14127,4.969e-04,0.442,0.143,19480
1007,5.21535,5.14127,4.967e-04,0.476,0.165,19529
1008,5.17408,5.14127,4.964e-04,0.443,0.146,19529
1009,5.13120,5.14127,4.962e-04,0.504,0.188,19500
1010,5.02925,5.14127,4.960e-04,0.429,0.139,19489
1011,5.14450,5.14127,4.957e-04,0.478,0.163,19516
1012,5.33708,5.14127,4.955e-04,0.492,0.160,19507
1013,5.20013,5.14127,4.952e-04,0.497,0.154,19456
1014,5.14923,5.14127,4.950e-04,0.630,0.294,19533
1015,5.11674,5.14127,4.948e-04,0.491,0.168,19497
1016,5.20260,5.14127,4.945e-04,0.479,0.174,19464
1017,5.13380,5.14127,4.943e-04,0.469,0.165,19560
1018,5.22001,5.14127,4.940e-04,0.519,0.174,19525
1019,5.34336,5.14127,4.938e-04,0.471,0.169,19478
1020,4.78542,5.14127,4.936e-04,0.487,0.180,19531
1021,5.37968,5.14127,4.933e-04,0.597,0.205,19492
1022,5.27881,5.14127,4.931e-04,0.783,0.210,19451
1023,5.21217,5.14127,4.928e-04,0.509,0.162,19523
1024,5.46250,5.14127,4.926e-04,0.517,0.165,19525
1025,5.15646,5.14127,4.924e-04,0.479,0.166,19448
1026,5.02259,5.14127,4.921e-04,0.504,0.173,19544
1027,5.25627,5.14127,4.919e-04,0.471,0.155,19537
1028,5.04490,5.14127,4.916e-04,0.481,0.175,19464
1029,5.31720,5.14127,4.914e-04,0.510,0.167,19524
1030,5.13570,5.14127,4.911e-04,0.475,0.173,19530
1031,5.04009,5.14127,4.909e-04,0.505,0.185,19454
1032,5.16220,5.14127,4.907e-04,0.470,0.161,19517
1033,5.38300,5.14127,4.904e-04,0.558,0.202,19552
1034,5.30229,5.14127,4.902e-04,0.504,0.179,19537
1035,5.11796,5.14127,4.899e-04,0.534,0.218,19505
1036,5.09145,5.14127,4.897e-04,0.549,0.234,19527
1037,5.39830,5.14127,4.894e-04,0.497,0.174,19514
1038,5.16490,5.14127,4.892e-04,0.464,0.171,19472
1039,5.21763,5.14127,4.889e-04,0.496,0.156,19538
1040,5.16997,5.14127,4.887e-04,0.498,0.185,19525
1041,5.20605,5.14127,4.885e-04,0.483,0.163,19475
1042,4.84498,5.14127,4.882e-04,0.484,0.159,19509
1043,5.30601,5.14127,4.880e-04,0.496,0.149,19508
1044,4.96480,5.14127,4.877e-04,0.538,0.199,19409
1045,5.28023,5.14127,4.875e-04,0.535,0.178,19526
1046,5.22130,5.14127,4.872e-04,0.502,0.170,19513
1047,5.35354,5.14127,4.870e-04,0.499,0.175,19454
1048,5.28768,5.14127,4.867e-04,0.588,0.213,19505
1049,5.19488,5.14127,4.865e-04,0.536,0.207,19519
1050,5.13968,5.14127,4.862e-04,0.500,0.157,19472
1051,5.31198,5.14127,4.860e-04,0.493,0.156,19526
1052,5.09031,5.14127,4.857e-04,0.491,0.168,19539
1053,5.14812,5.14127,4.855e-04,0.472,0.167,19459
1054,5.22758,5.14127,4.853e-04,0.488,0.165,19522
1055,5.17756,5.14127,4.850e-04,0.503,0.190,19498
1056,5.08232,5.14127,4.848e-04,0.527,0.173,19476
1057,5.25779,5.14127,4.845e-04,0.467,0.152,19494
1058,5.38707,5.14127,4.843e-04,0.495,0.165,19515
1059,5.18672,5.14127,4.840e-04,0.512,0.169,19493
1060,5.20218,5.14127,4.838e-04,0.484,0.144,19486
1061,5.28987,5.14127,4.835e-04,0.471,0.143,19533
1062,5.29891,5.14127,4.833e-04,0.510,0.160,19497
1063,5.12629,5.14127,4.830e-04,0.539,0.178,19485
1064,5.18651,5.14127,4.828e-04,0.568,0.199,19519
1065,5.13201,5.14127,4.825e-04,0.467,0.149,19524
1066,5.24062,5.14127,4.823e-04,0.552,0.212,19479
1067,5.00465,5.14127,4.820e-04,0.515,0.175,19531
1068,5.17863,5.14127,4.818e-04,0.562,0.204,19515
1069,5.04964,5.14127,4.815e-04,0.458,0.142,19448
1070,4.96413,5.14127,4.813e-04,0.504,0.171,19516
1071,5.13089,5.14127,4.810e-04,0.504,0.171,19514
1072,5.14971,5.14127,4.808e-04,0.490,0.152,19482
1073,5.08509,5.14127,4.805e-04,0.489,0.145,19495
1074,5.01130,5.14127,4.803e-04,0.484,0.144,19524
1075,5.24419,5.14127,4.800e-04,0.487,0.139,19459
1076,5.09981,5.14127,4.798e-04,0.471,0.161,19524
1077,5.04413,5.14127,4.795e-04,0.510,0.162,19505
1078,5.29895,5.14127,4.792e-04,0.531,0.164,19492
1079,5.09524,5.14127,4.790e-04,0.510,0.190,19502
1080,5.13730,5.14127,4.787e-04,0.602,0.242,19538
1081,5.36742,5.14127,4.785e-04,0.593,0.175,19488
1082,5.22417,5.14127,4.782e-04,0.615,0.258,19491
1083,5.27319,5.14127,4.780e-04,0.469,0.154,19563
1084,5.19452,5.14127,4.777e-04,0.476,0.156,19461
1085,5.21193,5.14127,4.775e-04,0.584,0.251,19529
1086,4.91991,5.14127,4.772e-04,0.471,0.161,19509
1087,5.14369,5.14127,4.770e-04,0.483,0.162,19501
1088,5.01570,5.14127,4.767e-04,0.530,0.213,19481
1089,5.29580,5.14127,4.765e-04,0.511,0.178,19529
1090,4.92522,5.14127,4.762e-04,0.566,0.230,19506
1091,5.13813,5.14127,4.759e-04,0.472,0.148,19465
1092,5.15515,5.14127,4.757e-04,0.514,0.156,19519
1093,5.28810,5.14127,4.754e-04,0.518,0.166,19536
1094,5.10034,5.14127,4.752e-04,0.458,0.146,19428
1095,5.08118,5.14127,4.749e-04,0.502,0.145,19508
1096,5.13433,5.14127,4.747e-04,0.470,0.146,19522
1097,5.15990,5.14127,4.744e-04,0.457,0.155,19476
1098,5.05174,5.14127,4.742e-04,0.462,0.153,19544
1099,5.21349,5.14127,4.739e-04,0.424,0.128,19523
1100,5.05441,5.14127,4.736e-04,0.473,0.147,19446
1101,5.17124,5.14127,4.734e-04,0.455,0.148,19518
1102,5.11401,5.14127,4.731e-04,0.440,0.140,19523
1103,5.15141,5.14127,4.729e-04,0.491,0.147,19461
1104,5.07996,5.14127,4.726e-04,0.478,0.151,19505
1105,5.14325,5.14127,4.724e-04,0.455,0.141,19514
1106,5.06294,5.14127,4.721e-04,0.536,0.211,19471
1107,5.04321,5.14127,4.718e-04,0.496,0.168,19490
1108,5.16393,5.14127,4.716e-04,0.526,0.194,19520
1109,5.16207,5.14127,4.713e-04,0.507,0.159,19511
1110,5.18256,5.14127,4.711e-04,0.523,0.160,19495
1111,4.86166,5.14127,4.708e-04,0.481,0.154,19513
1112,5.14829,5.14127,4.706e-04,0.506,0.161,19513
1113,5.30891,5.14127,4.703e-04,0.510,0.165,19458
1114,4.91018,5.14127,4.700e-04,0.483,0.171,19508
1115,4.70986,5.14127,4.698e-04,0.480,0.156,19513
1116,5.05372,5.14127,4.695e-04,0.481,0.157,19437
1117,5.09371,5.14127,4.693e-04,0.559,0.191,19519
1118,5.18894,5.14127,4.690e-04,0.529,0.185,19531
1119,5.01549,5.14127,4.687e-04,0.527,0.183,19456
1120,5.29386,5.14127,4.685e-04,0.459,0.151,19529
1121,5.11705,5.14127,4.682e-04,0.503,0.175,19526
1122,5.25204,5.14127,4.680e-04,0.462,0.141,19436
1123,5.26373,5.14127,4.677e-04,0.502,0.162,19519
1124,4.94922,5.14127,4.674e-04,0.506,0.185,19514
1125,4.98763,5.14127,4.672e-04,0.501,0.167,19463
1126,5.06606,5.14127,4.669e-04,0.494,0.163,19498
1127,4.98353,5.14127,4.667e-04,0.475,0.162,19503
1128,5.10148,5.14127,4.664e-04,0.501,0.163,19501
1129,5.21803,5.14127,4.661e-04,0.492,0.149,19518
1130,5.07942,5.14127,4.659e-04,0.518,0.172,19493
1131,5.16549,5.14127,4.656e-04,0.526,0.166,19491
1132,5.06644,5.14127,4.653e-04,0.491,0.168,19454
1133,5.06326,5.14127,4.651e-04,0.504,0.158,19540
1134,5.15978,5.14127,4.648e-04,0.552,0.166,19494
1135,5.17090,5.14127,4.646e-04,0.563,0.206,19460
1136,5.18117,5.14127,4.643e-04,0.524,0.159,19537
1137,5.22959,5.14127,4.640e-04,0.515,0.171,19509
1138,5.08749,5.14127,4.638e-04,0.527,0.206,19480
1139,5.18672,5.14127,4.635e-04,0.522,0.163,19514
1140,5.15570,5.14127,4.632e-04,0.616,0.251,19517
1141,5.16623,5.14127,4.630e-04,0.545,0.192,19472
1142,5.15121,5.14127,4.627e-04,0.506,0.156,19506
1143,5.03154,5.14127,4.625e-04,0.490,0.165,19511
1144,5.08187,5.14127,4.622e-04,0.468,0.150,19483
1145,5.33464,5.14127,4.619e-04,0.457,0.124,19504
1146,5.15811,5.14127,4.617e-04,0.489,0.158,19520
1147,4.99342,5.14127,4.614e-04,0.507,0.166,19473
1148,5.09233,5.14127,4.611e-04,0.488,0.150,19498
1149,5.06332,5.14127,4.609e-04,0.485,0.145,19540
1150,5.24210,5.14127,4.606e-04,0.506,0.154,19467
1151,5.06508,5.14127,4.603e-04,0.495,0.145,19511
1152,5.06237,5.14127,4.601e-04,0.466,0.143,19522
1153,5.15696,5.14127,4.598e-04,0.462,0.144,19463
1154,5.04592,5.14127,4.595e-04,0.505,0.158,19503
1155,4.97179,5.14127,4.593e-04,0.490,0.140,19507
1156,5.12913,5.14127,4.590e-04,0.499,0.156,19492
1157,4.98986,5.14127,4.587e-04,0.526,0.179,19482
1158,5.14158,5.14127,4.585e-04,0.467,0.138,19515
1159,5.17007,5.14127,4.582e-04,0.475,0.141,19500
1160,5.15772,5.14127,4.579e-04,0.466,0.143,19482
1161,5.13603,5.14127,4.577e-04,0.471,0.146,19480
1162,5.05121,5.14127,4.574e-04,0.527,0.167,19513
1163,5.08035,5.14127,4.571e-04,0.519,0.179,19455
1164,5.25248,5.14127,4.569e-04,0.526,0.171,19516
1165,5.13355,5.14127,4.566e-04,0.482,0.136,19513
1166,5.09652,5.14127,4.563e-04,0.474,0.161,19462
1167,5.11679,5.14127,4.561e-04,0.802,0.300,19504
1168,5.09569,5.14127,4.558e-04,0.522,0.190,19499
1169,4.93036,5.14127,4.555e-04,0.742,0.301,19445
1170,5.36104,5.14127,4.553e-04,0.570,0.204,19541
1171,5.00064,5.14127,4.550e-04,0.548,0.202,19537
1172,5.19912,5.14127,4.547e-04,0.500,0.166,19433
1173,5.11874,5.14127,4.545e-04,0.489,0.156,19484
1174,5.31811,5.14127,4.542e-04,0.523,0.167,19531
1175,4.92251,5.14127,4.539e-04,0.618,0.237,19460
1176,5.02955,5.14127,4.537e-04,0.535,0.180,19511
1177,5.21865,5.14127,4.534e-04,0.490,0.158,19523
1178,5.08969,5.14127,4.531e-04,0.497,0.160,19479
1179,4.91760,5.14127,4.528e-04,0.516,0.165,19493
1180,4.90112,5.14127,4.526e-04,0.519,0.168,19499
1181,5.08648,5.14127,4.523e-04,0.506,0.149,19496
1182,5.05092,5.14127,4.520e-04,0.522,0.179,19457
1183,5.18650,5.14127,4.518e-04,0.537,0.161,19518
1184,5.10804,5.14127,4.515e-04,0.521,0.144,19486
1185,5.11757,5.14127,4.512e-04,0.484,0.131,19487
1186,5.15127,5.14127,4.510e-04,0.527,0.162,19510
1187,4.88409,5.14127,4.507e-04,0.504,0.167,19542
1188,5.07243,5.14127,4.504e-04,0.503,0.148,19455
1189,5.05334,5.14127,4.501e-04,0.483,0.144,19495
1190,5.22626,5.14127,4.499e-04,0.493,0.134,19514
1191,4.98249,5.14127,4.496e-04,0.469,0.143,19454
1192,5.02390,5.14127,4.493e-04,0.493,0.157,19523
1193,4.87964,5.14127,4.491e-04,0.507,0.148,19519
1194,5.11628,5.14127,4.488e-04,0.470,0.144,19443
1195,5.05992,5.14127,4.485e-04,0.482,0.148,19520
1196,4.82159,5.14127,4.482e-04,0.478,0.146,19567
1197,4.93757,5.14127,4.480e-04,0.495,0.151,19475
1198,4.87261,5.14127,4.477e-04,0.485,0.151,19506
1199,5.28864,5.14127,4.474e-04,0.574,0.178,19547
1200,5.03060,5.14127,4.471e-04,0.524,0.180,19476
1201,5.08617,5.14127,4.469e-04,0.494,0.162,19500
1202,5.11300,5.14127,4.466e-04,0.471,0.142,19544
1203,4.89451,5.14127,4.463e-04,0.480,0.154,19505
1204,5.18129,5.14127,4.461e-04,0.489,0.147,19477
1205,5.13733,5.14127,4.458e-04,0.478,0.142,19512
1206,5.03891,5.14127,4.455e-04,0.486,0.149,19514
1207,5.26915,5.14127,4.452e-04,0.551,0.153,19462
1208,4.95790,5.14127,4.450e-04,0.494,0.153,19532
1209,4.88728,5.14127,4.447e-04,0.476,0.146,19508
1210,4.94129,5.14127,4.444e-04,0.503,0.141,19462
1211,5.12533,5.14127,4.441e-04,0.474,0.144,19530
1212,4.93814,5.14127,4.439e-04,0.539,0.168,19498
1213,5.06085,5.14127,4.436e-04,0.511,0.169,19475
1214,5.00280,5.14127,4.433e-04,0.614,0.245,19507
1215,5.21774,5.14127,4.430e-04,0.597,0.218,19543
1216,4.88437,5.14127,4.428e-04,0.511,0.162,19447
1217,4.88711,5.14127,4.425e-04,0.703,0.270,19547
1218,5.14830,5.14127,4.422e-04,0.563,0.195,19519
1219,4.95211,5.14127,4.419e-04,0.505,0.169,19452
1220,5.19148,5.14127,4.417e-04,0.522,0.171,19486
1221,4.64697,5.14127,4.414e-04,0.574,0.182,19529
1222,5.06799,5.14127,4.411e-04,0.502,0.156,19456
1223,4.98920,5.14127,4.408e-04,0.483,0.150,19501
1224,5.20737,5.14127,4.406e-04,0.504,0.146,19516
1225,5.14698,5.14127,4.403e-04,0.468,0.141,19500
1226,4.94994,5.14127,4.400e-04,0.487,0.133,19507
1227,4.94227,5.14127,4.397e-04,0.472,0.141,19498
1228,5.06490,5.14127,4.394e-04,0.488,0.147,19481
1229,5.23569,5.14127,4.392e-04,0.545,0.160,19476
1230,5.01934,5.14127,4.389e-04,0.511,0.164,19543
1231,5.00477,5.14127,4.386e-04,0.504,0.143,19496
1232,4.91213,5.14127,4.383e-04,0.489,0.138,19471
1233,5.04729,5.14127,4.381e-04,0.494,0.138,19496
1234,5.20194,5.14127,4.378e-04,0.500,0.151,19523
1235,5.17557,5.14127,4.375e-04,0.512,0.148,19482
1236,5.02690,5.14127,4.372e-04,0.548,0.154,19491
1237,5.06463,5.14127,4.370e-04,0.532,0.146,19518
1238,4.76834,5.14127,4.367e-04,0.504,0.150,19456
1239,4.94566,5.14127,4.364e-04,0.505,0.156,19541
1240,5.05345,5.14127,4.361e-04,0.469,0.146,19533
1241,4.91076,5.14127,4.358e-04,0.528,0.158,19440
1242,5.32794,5.14127,4.356e-04,0.553,0.161,19496
1243,5.18357,5.14127,4.353e-04,0.485,0.134,19523
1244,4.96010,5.14127,4.350e-04,0.544,0.167,19466
1245,4.95467,5.14127,4.347e-04,0.505,0.171,19514
1246,5.08594,5.14127,4.344e-04,0.521,0.162,19514
1247,4.78366,5.14127,4.342e-04,0.557,0.195,19468
1248,4.88309,5.14127,4.339e-04,0.520,0.168,19519
1249,4.96442,5.14127,4.336e-04,0.485,0.153,19536
1250,4.93322,4.90596,4.333e-04,0.476,0.133,6084
1251,4.91686,4.90596,4.330e-04,0.480,0.147,19771
1252,5.10759,4.90596,4.328e-04,0.464,0.134,19502
1253,5.20500,4.90596,4.325e-04,0.482,0.137,19499
1254,4.90220,4.90596,4.322e-04,0.636,0.249,19508
1255,4.98189,4.90596,4.319e-04,0.583,0.217,19506
1256,5.07373,4.90596,4.316e-04,0.489,0.133,19461
1257,4.73892,4.90596,4.314e-04,0.583,0.200,19500
1258,5.09910,4.90596,4.311e-04,0.456,0.135,19530
1259,5.03304,4.90596,4.308e-04,0.535,0.170,19480
1260,4.91484,4.90596,4.305e-04,0.598,0.217,19505
1261,5.00609,4.90596,4.302e-04,0.536,0.164,19523
1262,4.82047,4.90596,4.300e-04,0.486,0.141,19462
1263,5.11743,4.90596,4.297e-04,0.471,0.133,19509
1264,4.93426,4.90596,4.294e-04,0.468,0.134,19507
1265,4.84209,4.90596,4.291e-04,0.489,0.144,19446
1266,5.12021,4.90596,4.288e-04,0.529,0.174,19503
1267,4.89567,4.90596,4.285e-04,0.515,0.159,19509
1268,4.90563,4.90596,4.283e-04,0.480,0.149,19471
1269,5.23536,4.90596,4.280e-04,0.496,0.137,19511
1270,5.05107,4.90596,4.277e-04,0.541,0.165,19532
1271,5.15607,4.90596,4.274e-04,0.509,0.155,19452
1272,4.94583,4.90596,4.271e-04,0.483,0.142,19527
1273,5.18546,4.90596,4.269e-04,0.576,0.189,19500
1274,5.02970,4.90596,4.266e-04,0.523,0.169,19479
1275,4.95747,4.90596,4.263e-04,0.503,0.144,19489
1276,5.25823,4.90596,4.260e-04,0.563,0.169,19509
1277,5.13290,4.90596,4.257e-04,0.544,0.157,19525
1278,5.12854,4.90596,4.254e-04,0.524,0.156,19475
1279,4.88454,4.90596,4.252e-04,0.529,0.158,19495
1280,5.26372,4.90596,4.249e-04,0.564,0.162,19530
1281,4.93614,4.90596,4.246e-04,0.534,0.159,19430
1282,4.85213,4.90596,4.243e-04,0.537,0.178,19528
1283,4.81954,4.90596,4.240e-04,0.473,0.135,19505
1284,5.21323,4.90596,4.237e-04,0.502,0.145,19460
1285,5.23240,4.90596,4.235e-04,0.499,0.148,19524
1286,5.00506,4.90596,4.232e-04,0.477,0.140,19508
1287,5.03024,4.90596,4.229e-04,0.554,0.171,19460
1288,4.83591,4.90596,4.226e-04,0.489,0.151,19528
1289,4.92960,4.90596,4.223e-04,0.529,0.176,19524
1290,4.97954,4.90596,4.220e-04,0.491,0.138,19452
1291,4.90311,4.90596,4.217e-04,0.874,0.271,19521
1292,5.09454,4.90596,4.215e-04,0.527,0.151,19500
1293,4.90273,4.90596,4.212e-04,0.531,0.170,19449
1294,5.03109,4.90596,4.209e-04,0.522,0.147,19496
1295,4.98535,4.90596,4.206e-04,0.522,0.169,19505
1296,4.64041,4.90596,4.203e-04,0.486,0.140,19472
1297,5.17458,4.90596,4.200e-04,0.519,0.156,19517
1298,4.89157,4.90596,4.197e-04,0.523,0.169,19512
1299,4.83791,4.90596,4.195e-04,0.531,0.155,19530
1300,4.63025,4.90596,4.192e-04,0.656,0.172,19479
1301,5.07751,4.90596,4.189e-04,0.534,0.169,19520
1302,4.85636,4.90596,4.186e-04,0.476,0.135,19497
1303,4.97857,4.90596,4.183e-04,0.542,0.175,19477
1304,5.09383,4.90596,4.180e-04,0.580,0.176,19544
1305,4.94534,4.90596,4.177e-04,0.537,0.175,19521
1306,5.07746,4.90596,4.175e-04,0.581,0.147,19434
1307,4.72471,4.90596,4.172e-04,0.590,0.222,19500
1308,5.02546,4.90596,4.169e-04,0.577,0.163,19503
1309,5.08558,4.90596,4.166e-04,0.538,0.153,19469
1310,4.88671,4.90596,4.163e-04,0.520,0.163,19519
1311,5.03000,4.90596,4.160e-04,0.490,0.141,19516
1312,5.02109,4.90596,4.157e-04,0.529,0.155,19463
1313,4.94773,4.90596,4.154e-04,0.505,0.150,19492
1314,4.98874,4.90596,4.152e-04,0.487,0.142,19504
1315,4.90306,4.90596,4.149e-04,0.493,0.140,19455
1316,5.32426,4.90596,4.146e-04,0.583,0.176,19533
1317,4.86678,4.90596,4.143e-04,0.495,0.137,19542
1318,5.28817,4.90596,4.140e-04,0.489,0.133,19453
1319,4.82733,4.90596,4.137e-04,0.541,0.187,19501
1320,5.11476,4.90596,4.134e-04,0.482,0.135,19536
1321,4.96998,4.90596,4.131e-04,0.483,0.128,19500
1322,4.74790,4.90596,4.129e-04,0.583,0.171,19493
1323,4.94623,4.90596,4.126e-04,0.497,0.145,19538
1324,4.78661,4.90596,4.123e-04,0.505,0.161,19492
1325,4.83057,4.90596,4.120e-04,0.513,0.164,19465
1326,4.96879,4.90596,4.117e-04,0.507,0.148,19541
1327,4.98829,4.90596,4.114e-04,0.500,0.144,19497
1328,5.08115,4.90596,4.111e-04,0.486,0.139,19455
1329,4.92552,4.90596,4.108e-04,0.538,0.167,19497
1330,4.89559,4.90596,4.105e-04,0.541,0.179,19509
1331,4.94991,4.90596,4.103e-04,0.511,0.151,19453
1332,4.95410,4.90596,4.100e-04,0.520,0.152,19538
1333,4.92623,4.90596,4.097e-04,0.549,0.151,19485
1334,4.93301,4.90596,4.094e-04,0.505,0.143,19456
1335,4.78247,4.90596,4.091e-04,0.487,0.147,19508
1336,4.98562,4.90596,4.088e-04,0.521,0.164,19505
1337,4.64897,4.90596,4.085e-04,0.538,0.162,19441
1338,4.76009,4.90596,4.082e-04,0.487,0.154,19540
1339,4.90118,4.90596,4.079e-04,0.583,0.167,19508
1340,4.96313,4.90596,4.077e-04,0.511,0.154,19454
1341,4.97820,4.90596,4.074e-04,0.514,0.158,19449
1342,4.82182,4.90596,4.071e-04,0.587,0.209,19518
1343,4.87352,4.90596,4.068e-04,0.499,0.138,19456
1344,4.85931,4.90596,4.065e-04,0.525,0.164,19496
1345,5.07119,4.90596,4.062e-04,0.503,0.153,19536
1346,4.89817,4.90596,4.059e-04,0.537,0.149,19479
1347,4.99771,4.90596,4.056e-04,0.548,0.165,19473
1348,4.94718,4.90596,4.053e-04,0.529,0.153,19511
1349,5.25769,4.90596,4.050e-04,0.533,0.132,19504
1350,5.18066,4.90596,4.047e-04,0.501,0.140,19491
1351,4.89573,4.90596,4.045e-04,0.510,0.141,19508
1352,5.03280,4.90596,4.042e-04,0.502,0.134,19564
1353,5.05110,4.90596,4.039e-04,0.828,0.291,19476
1354,5.13431,4.90596,4.036e-04,0.522,0.145,19555
1355,5.12875,4.90596,4.033e-04,0.524,0.141,19539
1356,5.02931,4.90596,4.030e-04,0.467,0.116,19447
1357,5.04518,4.90596,4.027e-04,0.508,0.149,19532
1358,5.00392,4.90596,4.024e-04,0.547,0.160,19521
1359,4.82879,4.90596,4.021e-04,0.487,0.148,19439
1360,4.92757,4.90596,4.018e-04,0.507,0.140,19491
1361,4.74318,4.90596,4.015e-04,0.535,0.165,19508
1362,5.03698,4.90596,4.012e-04,0.484,0.128,19450
1363,5.02839,4.90596,4.010e-04,0.513,0.150,19517
1364,4.98385,4.90596,4.007e-04,0.516,0.148,19521
1365,5.00826,4.90596,4.004e-04,0.547,0.150,19480
1366,4.96209,4.90596,4.001e-04,0.525,0.165,19508
1367,4.74938,4.90596,3.998e-04,0.518,0.150,19505
1368,4.84743,4.90596,3.995e-04,0.720,0.281,19492
1369,4.94035,4.90596,3.992e-04,0.551,0.161,19468
1370,5.08022,4.90596,3.989e-04,0.513,0.140,19530
1371,4.89445,4.90596,3.986e-04,0.566,0.166,19503
1372,4.88747,4.90596,3.983e-04,0.490,0.141,19467
1373,5.11428,4.90596,3.980e-04,0.528,0.137,19543
1374,4.67035,4.90596,3.977e-04,0.493,0.137,19499
1375,4.84929,4.90596,3.974e-04,0.492,0.148,19482
1376,4.81607,4.90596,3.971e-04,0.512,0.161,19500
1377,4.89131,4.90596,3.969e-04,0.526,0.142,19551
1378,4.94964,4.90596,3.966e-04,0.501,0.151,19458
1379,5.09316,4.90596,3.963e-04,0.516,0.139,19508
1380,4.86008,4.90596,3.960e-04,0.691,0.201,19536
1381,4.91204,4.90596,3.957e-04,0.588,0.169,19440
1382,5.00303,4.90596,3.954e-04,0.571,0.172,19531
1383,5.11387,4.90596,3.951e-04,0.579,0.169,19525
1384,5.10239,4.90596,3.948e-04,0.575,0.167,19441
1385,4.66755,4.90596,3.945e-04,0.524,0.158,19541
1386,4.98905,4.90596,3.942e-04,0.581,0.163,19508
1387,4.93688,4.90596,3.939e-04,0.510,0.150,19436
1388,4.87783,4.90596,3.936e-04,0.562,0.159,19524
1389,5.02143,4.90596,3.933e-04,0.572,0.157,19508
1390,4.92636,4.90596,3.930e-04,0.529,0.155,19460
1391,4.68629,4.90596,3.927e-04,0.522,0.138,19471
1392,4.93333,4.90596,3.924e-04,0.532,0.145,19490
1393,5.01812,4.90596,3.921e-04,0.525,0.141,19466
1394,4.81643,4.90596,3.919e-04,0.499,0.139,19485
1395,4.99957,4.90596,3.916e-04,0.563,0.160,19520
1396,4.92035,4.90596,3.913e-04,0.518,0.149,19506
1397,4.76615,4.90596,3.910e-04,0.553,0.161,19471
1398,4.86240,4.90596,3.907e-04,0.564,0.173,19526
1399,4.90891,4.90596,3.904e-04,0.531,0.149,19518
1400,4.94871,4.90596,3.901e-04,0.580,0.174,19464
1401,5.02362,4.90596,3.898e-04,0.516,0.135,19510
1402,4.79034,4.90596,3.895e-04,0.521,0.140,19489
1403,4.68545,4.90596,3.892e-04,0.510,0.136,19465
1404,4.82928,4.90596,3.889e-04,0.602,0.206,19516
1405,4.93482,4.90596,3.886e-04,0.510,0.130,19506
1406,4.89270,4.90596,3.883e-04,0.615,0.208,19474
1407,4.85156,4.90596,3.880e-04,0.531,0.151,19529
1408,4.77854,4.90596,3.877e-04,0.558,0.175,19523
1409,4.87913,4.90596,3.874e-04,0.483,0.119,19436
1410,4.80549,4.90596,3.871e-04,0.509,0.158,19523
1411,4.65239,4.90596,3.868e-04,0.515,0.147,19505
1412,5.04674,4.90596,3.865e-04,0.523,0.128,19464
1413,4.85230,4.90596,3.862e-04,0.503,0.135,19505
1414,4.76483,4.90596,3.859e-04,0.543,0.158,19511
1415,4.91073,4.90596,3.856e-04,0.519,0.144,19500
1416,4.86932,4.90596,3.853e-04,0.517,0.132,19486
1417,4.80276,4.90596,3.850e-04,0.520,0.149,19526
1418,5.01945,4.90596,3.848e-04,0.560,0.148,19495
1419,4.93583,4.90596,3.845e-04,0.531,0.140,19490
1420,4.81418,4.90596,3.842e-04,0.525,0.139,19543
1421,4.96503,4.90596,3.839e-04,0.529,0.139,19501
1422,4.84058,4.90596,3.836e-04,0.495,0.122,19459
1423,4.89759,4.90596,3.833e-04,0.496,0.128,19501
1424,5.03164,4.90596,3.830e-04,0.517,0.137,19498
1425,4.87088,4.90596,3.827e-04,0.561,0.155,19457
1426,4.67618,4.90596,3.824e-04,0.577,0.178,19511
1427,4.84471,4.90596,3.821e-04,0.531,0.147,19520
1428,4.82883,4.90596,3.818e-04,0.558,0.183,19484
1429,4.97666,4.90596,3.815e-04,0.578,0.166,19490
1430,4.99774,4.90596,3.812e-04,0.552,0.154,19515
1431,4.74679,4.90596,3.809e-04,0.514,0.141,19476
1432,4.77332,4.90596,3.806e-04,0.476,0.125,19531
1433,5.07713,4.90596,3.803e-04,0.487,0.128,19514
1434,4.75669,4.90596,3.800e-04,0.488,0.129,19486
1435,5.08656,4.90596,3.797e-04,0.482,0.124,19528
1436,4.77832,4.90596,3.794e-04,0.514,0.133,19500
1437,4.75913,4.90596,3.791e-04,0.521,0.136,19494
1438,4.73875,4.90596,3.788e-04,0.489,0.130,19508
1439,4.92094,4.90596,3.785e-04,0.490,0.126,19531
1440,4.70471,4.90596,3.782e-04,0.563,0.172,19474
1441,4.88399,4.90596,3.779e-04,0.495,0.130,19488
1442,4.83192,4.90596,3.776e-04,0.627,0.191,19527
1443,4.96087,4.90596,3.773e-04,0.509,0.142,19499
1444,4.73451,4.90596,3.770e-04,0.558,0.147,19482
1445,4.89653,4.90596,3.767e-04,0.538,0.144,19556
1446,4.71109,4.90596,3.764e-04,0.594,0.169,19515
1447,5.01884,4.90596,3.761e-04,0.559,0.156,19485
1448,4.94368,4.90596,3.758e-04,0.498,0.139,19528
1449,4.88436,4.90596,3.755e-04,0.509,0.136,19517
1450,4.87325,4.90596,3.752e-04,0.547,0.166,19449
1451,4.89339,4.90596,3.749e-04,0.510,0.129,19542
1452,5.06110,4.90596,3.746e-04,0.512,0.130,19529
1453,4.86365,4.90596,3.743e-04,0.520,0.150,19451
1454,4.76302,4.90596,3.740e-04,0.523,0.143,19560
1455,5.02469,4.90596,3.737e-04,0.538,0.131,19488
1456,4.75691,4.90596,3.734e-04,0.501,0.124,19445
1457,4.73430,4.90596,3.731e-04,0.506,0.141,19549
1458,5.01294,4.90596,3.728e-04,0.523,0.128,19510
1459,4.87049,4.90596,3.725e-04,0.516,0.139,19449
1460,4.71631,4.90596,3.722e-04,0.562,0.169,19526
1461,4.77695,4.90596,3.719e-04,0.528,0.147,19526
1462,4.80845,4.90596,3.716e-04,0.506,0.134,19461
1463,4.82816,4.90596,3.713e-04,0.522,0.144,19488
1464,4.89610,4.90596,3.710e-04,0.512,0.130,19544
1465,4.82523,4.90596,3.707e-04,0.482,0.131,19486
1466,5.06217,4.90596,3.704e-04,0.619,0.144,19496
1467,4.87517,4.90596,3.701e-04,0.539,0.148,19523
1468,4.97805,4.90596,3.698e-04,0.631,0.180,19504
1469,4.92428,4.90596,3.695e-04,0.469,0.123,19520
1470,4.91011,4.90596,3.692e-04,0.545,0.149,19498
1471,4.56187,4.90596,3.689e-04,0.506,0.144,19482
1472,4.67320,4.90596,3.686e-04,0.504,0.136,19477
1473,5.09033,4.90596,3.683e-04,0.548,0.160,19549
1474,4.89638,4.90596,3.680e-04,0.494,0.132,19510
1475,4.63601,4.90596,3.677e-04,0.583,0.191,19439
1476,4.89305,4.90596,3.674e-04,0.523,0.147,19499
1477,4.77927,4.90596,3.671e-04,0.525,0.158,19491
1478,4.66540,4.90596,3.668e-04,0.527,0.152,19472
1479,4.72290,4.90596,3.665e-04,0.525,0.146,19534
1480,4.81934,4.90596,3.662e-04,0.588,0.149,19532
1481,4.81914,4.90596,3.659e-04,0.564,0.164,19473
1482,4.79459,4.90596,3.656e-04,0.474,0.121,19494
1483,4.95031,4.90596,3.653e-04,0.535,0.152,19514
1484,4.80916,4.90596,3.650e-04,0.508,0.139,19455
1485,4.95163,4.90596,3.647e-04,0.583,0.156,19519
1486,5.00922,4.90596,3.644e-04,0.541,0.145,19503
1487,4.76839,4.90596,3.641e-04,0.553,0.123,19460
1488,4.77400,4.90596,3.638e-04,0.524,0.138,19506
1489,4.60925,4.90596,3.635e-04,0.553,0.149,19538
1490,4.64313,4.90596,3.632e-04,0.512,0.134,19469
1491,4.90954,4.90596,3.629e-04,0.512,0.133,19477
1492,4.94844,4.90596,3.626e-04,0.540,0.139,19523
1493,4.79265,4.90596,3.623e-04,0.526,0.143,19471
1494,4.84425,4.90596,3.620e-04,0.509,0.133,19334
1495,4.73399,4.90596,3.617e-04,0.564,0.146,19522
1496,4.82582,4.90596,3.614e-04,0.543,0.135,19503
1497,4.83358,4.90596,3.611e-04,0.546,0.144,19446
1498,4.80229,4.90596,3.608e-04,0.521,0.139,19543
1499,4.90170,4.90596,3.605e-04,0.542,0.145,19525
1500,4.73562,4.72674,3.602e-04,0.537,0.164,6085
1501,4.81047,4.72674,3.599e-04,0.536,0.166,19803
1502,4.96167,4.72674,3.596e-04,0.507,0.134,19466
1503,4.77193,4.72674,3.593e-04,0.554,0.159,19530
1504,4.91826,4.72674,3.590e-04,0.547,0.141,19544
1505,4.83677,4.72674,3.587e-04,0.584,0.155,19454
1506,4.79566,4.72674,3.584e-04,0.544,0.142,19515
1507,4.91701,4.72674,3.581e-04,0.534,0.133,19560
1508,4.93383,4.72674,3.578e-04,0.480,0.126,19460
1509,4.92512,4.72674,3.575e-04,0.530,0.148,19516
1510,4.81794,4.72674,3.572e-04,0.530,0.137,19543
1511,4.68522,4.72674,3.569e-04,0.533,0.152,19469
1512,4.82019,4.72674,3.566e-04,0.521,0.134,19486
1513,4.76219,4.72674,3.563e-04,0.547,0.149,19544
1514,4.53043,4.72674,3.560e-04,0.544,0.144,19506
1515,4.63649,4.72674,3.557e-04,0.511,0.138,19507
1516,4.84531,4.72674,3.554e-04,0.512,0.136,19529
1517,5.08159,4.72674,3.551e-04,0.530,0.126,19511
1518,4.72730,4.72674,3.548e-04,0.511,0.134,19476
1519,4.83580,4.72674,3.545e-04,0.510,0.130,19510
1520,4.89052,4.72674,3.542e-04,0.497,0.122,19494
1521,4.66553,4.72674,3.539e-04,0.530,0.140,19462
1522,5.04574,4.72674,3.536e-04,0.491,0.120,19513
1523,4.71951,4.72674,3.533e-04,0.540,0.160,19496
1524,4.64936,4.72674,3.530e-04,0.554,0.150,19474
1525,4.93434,4.72674,3.527e-04,0.564,0.156,19546
1526,4.72083,4.72674,3.524e-04,0.502,0.120,19523
1527,4.91850,4.72674,3.521e-04,0.601,0.167,19468
1528,4.84686,4.72674,3.518e-04,0.522,0.162,19517
1529,4.82666,4.72674,3.515e-04,0.522,0.130,19539
1530,4.83868,4.72674,3.512e-04,0.543,0.147,19451
1531,4.79469,4.72674,3.509e-04,0.495,0.135,19521
1532,4.61916,4.72674,3.506e-04,0.503,0.125,19498
1533,4.92641,4.72674,3.503e-04,0.504,0.126,19478
1534,4.63280,4.72674,3.500e-04,0.520,0.129,19537
1535,4.68670,4.72674,3.497e-04,0.499,0.129,19551
1536,4.83150,4.72674,3.494e-04,0.523,0.154,19480
1537,4.74868,4.72674,3.491e-04,0.500,0.128,19464
1538,5.09628,4.72674,3.488e-04,0.589,0.180,19526
1539,4.89215,4.72674,3.485e-04,0.509,0.126,19479
1540,4.51077,4.72674,3.482e-04,0.544,0.153,19493
1541,4.81115,4.72674,3.479e-04,0.530,0.138,19541
1542,4.88754,4.72674,3.476e-04,0.506,0.134,19507
1543,4.70282,4.72674,3.473e-04,0.566,0.166,19462
1544,4.78687,4.72674,3.470e-04,0.488,0.118,19540
1545,4.70887,4.72674,3.467e-04,0.513,0.134,19531
1546,4.66778,4.72674,3.463e-04,0.503,0.140,19459
1547,4.88575,4.72674,3.460e-04,0.584,0.148,19513
1548,4.79799,4.72674,3.457e-04,0.538,0.141,19526
1549,4.85163,4.72674,3.454e-04,0.509,0.132,19431
1550,4.62246,4.72674,3.451e-04,0.537,0.151,19515
1551,4.83170,4.72674,3.448e-04,0.512,0.129,19502
1552,4.85516,4.72674,3.445e-04,0.548,0.147,19437
1553,4.74728,4.72674,3.442e-04,0.502,0.131,19491
1554,4.86890,4.72674,3.439e-04,0.583,0.151,19493
1555,4.76501,4.72674,3.436e-04,0.565,0.153,19474
1556,4.74113,4.72674,3.433e-04,0.511,0.125,19520
1557,4.63473,4.72674,3.430e-04,0.559,0.151,19533
1558,4.64390,4.72674,3.427e-04,0.494,0.132,19453
1559,4.72276,4.72674,3.424e-04,0.588,0.191,19520
1560,4.82006,4.72674,3.421e-04,0.507,0.126,19523
1561,4.92060,4.72674,3.418e-04,0.519,0.130,19502
1562,4.77670,4.72674,3.415e-04,0.559,0.154,19487
1563,4.86284,4.72674,3.412e-04,0.507,0.123,19517
1564,4.82792,4.72674,3.409e-04,0.574,0.173,19507
1565,5.08865,4.72674,3.406e-04,0.537,0.128,19474
1566,5.13212,4.72674,3.403e-04,0.501,0.139,19537
1567,4.62235,4.72674,3.400e-04,0.560,0.137,19542
1568,5.20633,4.72674,3.397e-04,0.562,0.138,19489
1569,4.79875,4.72674,3.394e-04,0.534,0.132,19519
1570,4.56732,4.72674,3.391e-04,0.544,0.130,19500
1571,4.74184,4.72674,3.388e-04,0.531,0.133,19475
1572,4.94663,4.72674,3.385e-04,0.508,0.128,19526
1573,4.91559,4.72674,3.382e-04,0.529,0.135,19546
1574,5.01711,4.72674,3.379e-04,0.505,0.131,19453
1575,4.57828,4.72674,3.376e-04,0.527,0.139,19514
1576,4.74440,4.72674,3.373e-04,0.502,0.124,19515
1577,4.73717,4.72674,3.370e-04,0.520,0.143,19447
1578,4.75420,4.72674,3.367e-04,0.512,0.121,19533
1579,4.61708,4.72674,3.364e-04,0.510,0.146,19526
1580,4.52775,4.72674,3.361e-04,0.509,0.133,19481
1581,4.81723,4.72674,3.358e-04,0.547,0.132,19485
1582,5.10407,4.72674,3.355e-04,0.548,0.146,19519
1583,4.89152,4.72674,3.351e-04,0.529,0.131,19465
1584,4.60704,4.72674,3.348e-04,0.548,0.155,19509
1585,4.75255,4.72674,3.345e-04,0.537,0.135,19485
1586,4.75214,4.72674,3.342e-04,0.531,0.149,19496
1587,4.51673,4.72674,3.339e-04,0.536,0.138,19506
1588,5.01547,4.72674,3.336e-04,0.561,0.152,19505
1589,4.82721,4.72674,3.333e-04,0.581,0.144,19514
1590,4.82892,4.72674,3.330e-04,0.486,0.122,19482
1591,4.58745,4.72674,3.327e-04,0.518,0.142,19500
1592,4.67265,4.72674,3.324e-04,0.490,0.118,19515
1593,4.63019,4.72674,3.321e-04,0.512,0.136,19481
1594,4.65390,4.72674,3.318e-04,0.526,0.134,19532
1595,4.86556,4.72674,3.315e-04,0.513,0.130,19530
1596,4.60899,4.72674,3.312e-04,0.515,0.130,19471
1597,4.77283,4.72674,3.309e-04,0.547,0.133,19525
1598,4.87173,4.72674,3.306e-04,0.511,0.131,19526
1599,4.47222,4.72674,3.303e-04,0.544,0.142,19485
1600,4.77886,4.72674,3.300e-04,0.553,0.133,19512
1601,4.82250,4.72674,3.297e-04,0.536,0.142,19505
1602,4.97354,4.72674,3.294e-04,0.570,0.142,19442
1603,4.72849,4.72674,3.291e-04,0.590,0.154,19538
1604,4.85957,4.72674,3.288e-04,0.588,0.159,19528
1605,4.91960,4.72674,3.285e-04,0.552,0.144,19479
1606,4.76225,4.72674,3.282e-04,0.631,0.194,19512
1607,4.85718,4.72674,3.279e-04,0.542,0.154,19542
1608,4.63850,4.72674,3.276e-04,0.772,0.268,19478
1609,4.98519,4.72674,3.273e-04,0.548,0.137,19508
1610,4.81723,4.72674,3.270e-04,0.706,0.233,19521
1611,4.70394,4.72674,3.267e-04,0.506,0.122,19475
1612,4.73188,4.72674,3.264e-04,0.588,0.144,19466
1613,4.72943,4.72674,3.261e-04,0.528,0.131,19484
1614,4.90378,4.72674,3.258e-04,0.557,0.136,19489
1615,4.80364,4.72674,3.255e-04,0.588,0.147,19479
1616,4.60214,4.72674,3.252e-04,0.508,0.126,19521
1617,4.69049,4.72674,3.249e-04,0.553,0.148,19537
1618,4.91896,4.72674,3.245e-04,0.537,0.131,19434
1619,4.83357,4.72674,3.242e-04,0.493,0.122,19527
1620,4.79741,4.72674,3.239e-04,0.559,0.140,19533
1621,4.67329,4.72674,3.236e-04,0.509,0.125,19443
1622,4.60493,4.72674,3.233e-04,0.562,0.143,19511
1623,4.80753,4.72674,3.230e-04,0.565,0.135,19505
1624,4.86105,4.72674,3.227e-04,0.580,0.157,19443
1625,4.62227,4.72674,3.224e-04,0.530,0.145,19504
1626,4.76903,4.72674,3.221e-04,0.580,0.146,19517
1627,4.85107,4.72674,3.218e-04,0.524,0.129,19470
1628,4.54331,4.72674,3.215e-04,0.530,0.142,19513
1629,4.66912,4.72674,3.212e-04,0.515,0.128,19523
1630,4.63719,4.72674,3.209e-04,0.533,0.136,19462
1631,4.86707,4.72674,3.206e-04,0.562,0.141,19494
1632,4.85042,4.72674,3.203e-04,0.510,0.130,19513
1633,4.66392,4.72674,3.200e-04,0.598,0.167,19505
1634,4.88989,4.72674,3.197e-04,0.562,0.151,19490
1635,4.67390,4.72674,3.194e-04,0.563,0.161,19525
1636,4.72756,4.72674,3.191e-04,0.547,0.136,19500
1637,4.87907,4.72674,3.188e-04,0.566,0.142,19452
1638,4.75821,4.72674,3.185e-04,0.549,0.152,19523
1639,4.81520,4.72674,3.182e-04,0.528,0.133,19498
1640,4.77285,4.72674,3.179e-04,0.546,0.141,19435
1641,4.73127,4.72674,3.176e-04,0.518,0.129,19521
1642,4.65736,4.72674,3.173e-04,0.504,0.135,19508
1643,4.76152,4.72674,3.170e-04,0.517,0.128,19468
1644,4.59044,4.72674,3.167e-04,0.495,0.121,19508
1645,4.72665,4.72674,3.164e-04,0.514,0.151,19532
1646,4.64349,4.72674,3.161e-04,0.504,0.127,19467
1647,4.77046,4.72674,3.158e-04,0.547,0.143,19520
1648,4.84723,4.72674,3.155e-04,0.542,0.142,19515
1649,4.68075,4.72674,3.152e-04,0.564,0.147,19453
1650,4.63491,4.72674,3.149e-04,0.534,0.145,19515
1651,4.76304,4.72674,3.146e-04,0.512,0.125,19525
1652,4.97677,4.72674,3.143e-04,0.571,0.155,19464
1653,4.68469,4.72674,3.140e-04,0.561,0.140,19473
1654,4.61668,4.72674,3.137e-04,0.518,0.141,19561
1655,4.63163,4.72674,3.133e-04,0.536,0.132,19492
1656,4.96286,4.72674,3.130e-04,0.530,0.135,19507
1657,4.73349,4.72674,3.127e-04,0.556,0.158,19538
1658,4.60861,4.72674,3.124e-04,0.571,0.150,19493
1659,4.51084,4.72674,3.121e-04,0.532,0.135,19503
1660,4.73958,4.72674,3.118e-04,0.499,0.121,19510
1661,4.68681,4.72674,3.115e-04,0.567,0.144,19497
1662,4.65087,4.72674,3.112e-04,0.509,0.119,19507
1663,4.80499,4.72674,3.109e-04,0.550,0.138,19525
1664,4.76532,4.72674,3.106e-04,0.541,0.141,19524
1665,4.60334,4.72674,3.103e-04,0.529,0.146,19449
1666,4.62304,4.72674,3.100e-04,0.578,0.148,19543
1667,4.75280,4.72674,3.097e-04,0.529,0.138,19515
1668,4.84791,4.72674,3.094e-04,0.551,0.139,19455
1669,4.69941,4.72674,3.091e-04,0.519,0.127,19523
1670,4.76684,4.72674,3.088e-04,0.530,0.147,19508
1671,4.69400,4.72674,3.085e-04,0.528,0.146,19489
1672,4.82144,4.72674,3.082e-04,0.528,0.133,19523
1673,4.69171,4.72674,3.079e-04,0.530,0.133,19491
1674,4.82353,4.72674,3.076e-04,0.521,0.125,19449
1675,4.71192,4.72674,3.073e-04,0.535,0.141,19527
1676,4.57522,4.72674,3.070e-04,0.542,0.132,19516
1677,4.63312,4.72674,3.067e-04,0.534,0.130,19492
1678,4.89844,4.72674,3.064e-04,0.523,0.131,19502
1679,4.72805,4.72674,3.061e-04,0.531,0.126,19512
1680,4.52643,4.72674,3.058e-04,0.526,0.135,19386
1681,4.78955,4.72674,3.055e-04,0.538,0.129,19485
1682,4.89999,4.72674,3.052e-04,0.601,0.142,19528
1683,4.72333,4.72674,3.049e-04,0.561,0.143,19487
1684,4.67195,4.72674,3.046e-04,0.532,0.129,19504
1685,5.00826,4.72674,3.043e-04,0.520,0.124,19540
1686,4.69179,4.72674,3.040e-04,0.507,0.120,19517
1687,4.52372,4.72674,3.037e-04,0.558,0.149,19480
1688,4.76803,4.72674,3.034e-04,0.557,0.136,19496
1689,4.78180,4.72674,3.031e-04,0.550,0.141,19531
1690,4.88098,4.72674,3.028e-04,0.524,0.125,19452
1691,4.60449,4.72674,3.025e-04,0.508,0.125,19514
1692,4.80889,4.72674,3.022e-04,0.510,0.141,19532
1693,4.91956,4.72674,3.019e-04,0.580,0.144,19419
1694,4.87574,4.72674,3.016e-04,0.521,0.125,19537
1695,4.73878,4.72674,3.013e-04,0.524,0.132,19528
1696,4.91990,4.72674,3.010e-04,0.524,0.144,19430
1697,4.42189,4.72674,3.007e-04,0.541,0.144,19520
1698,4.67658,4.72674,3.004e-04,0.533,0.127,19514
1699,4.67153,4.72674,3.001e-04,0.550,0.134,19472
1700,4.74262,4.72674,2.998e-04,0.543,0.143,19499
1701,4.73453,4.72674,2.995e-04,0.529,0.130,19519
1702,4.82327,4.72674,2.992e-04,0.549,0.143,19480
1703,4.73022,4.72674,2.989e-04,0.548,0.147,19526
1704,4.67810,4.72674,2.986e-04,0.532,0.141,19541
1705,4.59705,4.72674,2.983e-04,0.529,0.135,19517
1706,4.62533,4.72674,2.980e-04,0.506,0.121,19516
1707,4.77446,4.72674,2.977e-04,0.524,0.122,19517
1708,4.90482,4.72674,2.974e-04,0.526,0.131,19490
1709,4.91341,4.72674,2.971e-04,0.521,0.135,19465
1710,4.47231,4.72674,2.968e-04,0.524,0.122,19527
1711,4.79279,4.72674,2.965e-04,0.519,0.124,19496
1712,4.91478,4.72674,2.962e-04,0.529,0.124,19484
1713,4.73043,4.72674,2.959e-04,0.520,0.126,19541
1714,4.89983,4.72674,2.956e-04,0.585,0.150,19526
1715,4.88300,4.72674,2.953e-04,0.562,0.136,19473
1716,4.84330,4.72674,2.950e-04,0.524,0.123,19544
1717,4.86033,4.72674,2.947e-04,0.570,0.144,19514
1718,4.57417,4.72674,2.944e-04,0.588,0.147,19451
1719,4.76037,4.72674,2.941e-04,0.566,0.132,19521
1720,4.63284,4.72674,2.938e-04,0.532,0.132,19503
1721,4.65768,4.72674,2.935e-04,0.580,0.134,19446
1722,4.80447,4.72674,2.932e-04,0.514,0.122,19516
1723,4.73481,4.72674,2.929e-04,0.535,0.138,19525
1724,4.74240,4.72674,2.926e-04,0.522,0.127,19459
1725,4.74526,4.72674,2.923e-04,0.543,0.140,19516
1726,4.30654,4.72674,2.920e-04,0.559,0.148,19512
1727,4.55325,4.72674,2.917e-04,0.706,0.218,19497
1728,4.59896,4.72674,2.914e-04,0.555,0.148,19512
1729,4.89466,4.72674,2.911e-04,0.706,0.215,19500
1730,4.74083,4.72674,2.908e-04,0.555,0.147,19480
1731,4.58271,4.72674,2.905e-04,0.643,0.200,19491
1732,4.76576,4.72674,2.902e-04,0.556,0.147,19536
1733,4.44498,4.72674,2.899e-04,0.674,0.242,19513
1734,4.79530,4.72674,2.896e-04,0.544,0.143,19478
1735,4.61905,4.72674,2.893e-04,0.605,0.173,19517
1736,4.49763,4.72674,2.890e-04,0.540,0.142,19513
1737,4.58123,4.72674,2.887e-04,0.534,0.130,19459
1738,4.66520,4.72674,2.884e-04,0.543,0.139,19527
1739,4.65717,4.72674,2.881e-04,0.585,0.139,19534
1740,4.94714,4.72674,2.878e-04,0.627,0.155,19453
1741,4.68613,4.72674,2.875e-04,0.553,0.147,19520
1742,4.93019,4.72674,2.872e-04,0.553,0.134,19531
1743,4.79625,4.72674,2.869e-04,0.574,0.144,19468
1744,4.77323,4.72674,2.866e-04,0.540,0.126,19518
1745,4.70883,4.72674,2.863e-04,0.579,0.150,19538
1746,4.63608,4.72674,2.860e-04,0.571,0.141,19462
1747,4.69941,4.72674,2.857e-04,0.526,0.133,19517
1748,4.67743,4.72674,2.854e-04,0.620,0.146,19500
1749,4.76336,4.72674,2.851e-04,0.569,0.155,19479
1750,4.90447,4.58339,2.848e-04,0.620,0.159,6095
1751,4.62608,4.58339,2.845e-04,0.552,0.129,19746
1752,4.45333,4.58339,2.842e-04,0.565,0.145,19507
1753,4.55334,4.58339,2.839e-04,0.621,0.155,19515
1754,4.83693,4.58339,2.836e-04,0.572,0.148,19481
1755,4.70559,4.58339,2.833e-04,0.557,0.141,19518
1756,4.77269,4.58339,2.830e-04,0.541,0.130,19510
1757,4.56229,4.58339,2.827e-04,0.575,0.156,19500
1758,4.91031,4.58339,2.824e-04,0.532,0.136,19494
1759,4.48398,4.58339,2.821e-04,0.543,0.130,19523
1760,4.48870,4.58339,2.818e-04,0.559,0.138,19500
1761,4.64092,4.58339,2.815e-04,0.518,0.126,19448
1762,4.52618,4.58339,2.812e-04,0.515,0.134,19517
1763,4.41000,4.58339,2.809e-04,0.544,0.140,19551
1764,4.53934,4.58339,2.806e-04,0.544,0.126,19469
1765,4.55661,4.58339,2.803e-04,0.541,0.127,19530
1766,4.60591,4.58339,2.800e-04,0.576,0.140,19528
1767,4.66240,4.58339,2.797e-04,0.516,0.122,19452
1768,4.58654,4.58339,2.794e-04,0.508,0.124,19551
1769,4.56551,4.58339,2.791e-04,0.575,0.130,19505
1770,4.64560,4.58339,2.788e-04,0.534,0.134,19465
1771,4.59098,4.58339,2.785e-04,0.581,0.159,19523
1772,4.73047,4.58339,2.782e-04,0.533,0.125,19518
1773,4.80360,4.58339,2.779e-04,0.585,0.171,19482
1774,4.73312,4.58339,2.776e-04,0.531,0.136,19532
1775,4.68778,4.58339,2.773e-04,0.609,0.156,19540
1776,4.35100,4.58339,2.770e-04,0.593,0.150,19490
1777,4.94477,4.58339,2.767e-04,0.655,0.181,19513
1778,4.61478,4.58339,2.764e-04,0.579,0.154,19506
1779,4.70288,4.58339,2.761e-04,0.660,0.194,19508
1780,4.84459,4.58339,2.758e-04,0.627,0.158,19482
1781,4.62663,4.58339,2.755e-04,0.618,0.156,19477
1782,4.44958,4.58339,2.752e-04,0.567,0.144,19503
1783,4.63021,4.58339,2.750e-04,0.559,0.126,19452
1784,4.80179,4.58339,2.747e-04,0.579,0.155,19539
1785,4.77803,4.58339,2.744e-04,0.518,0.114,19513
1786,4.68494,4.58339,2.741e-04,0.579,0.144,19449
1787,4.47448,4.58339,2.738e-04,0.575,0.158,19525
1788,4.74235,4.58339,2.735e-04,0.601,0.157,19529
1789,4.69060,4.58339,2.732e-04,0.579,0.153,19443
1790,4.73867,4.58339,2.729e-04,0.523,0.124,19544
1791,4.79461,4.58339,2.726e-04,0.633,0.158,19550
1792,4.51664,4.58339,2.723e-04,0.544,0.137,19465
1793,4.57411,4.58339,2.720e-04,0.551,0.131,19492
1794,4.74285,4.58339,2.717e-04,0.575,0.148,19513
1795,4.59667,4.58339,2.714e-04,0.494,0.118,19487
1796,4.88647,4.58339,2.711e-04,0.588,0.150,19531
1797,4.47696,4.58339,2.708e-04,0.626,0.154,19507
1798,4.79565,4.58339,2.705e-04,0.510,0.115,19491
1799,4.66979,4.58339,2.702e-04,0.563,0.174,19512
1800,4.62820,4.58339,2.699e-04,0.528,0.124,19497
1801,4.73646,4.58339,2.696e-04,0.569,0.144,19453
1802,4.80288,4.58339,2.693e-04,0.583,0.146,19535
1803,4.61755,4.58339,2.690e-04,0.668,0.174,19521
1804,5.03069,4.58339,2.687e-04,0.549,0.136,19511
1805,4.78229,4.58339,2.684e-04,0.533,0.125,19474
1806,4.80233,4.58339,2.681e-04,0.531,0.127,19537
1807,4.67415,4.58339,2.679e-04,0.563,0.131,19502
1808,4.75487,4.58339,2.676e-04,0.535,0.125,19463
1809,4.67820,4.58339,2.673e-04,0.586,0.165,19508
1810,4.57491,4.58339,2.670e-04,0.544,0.128,19513
1811,4.67035,4.58339,2.667e-04,0.554,0.153,19476
1812,4.88507,4.58339,2.664e-04,0.521,0.119,19541
1813,4.73350,4.58339,2.661e-04,0.526,0.122,19510
1814,4.56720,4.58339,2.658e-04,0.523,0.123,19462
1815,4.44628,4.58339,2.655e-04,0.512,0.122,19513
1816,4.69669,4.58339,2.652e-04,0.521,0.110,19537
1817,4.64506,4.58339,2.649e-04,0.506,0.115,19422
1818,4.73783,4.58339,2.646e-04,0.543,0.126,19533
1819,4.70340,4.58339,2.643e-04,0.528,0.121,19508
1820,4.81940,4.58339,2.640e-04,0.543,0.133,19468
1821,4.74610,4.58339,2.637e-04,0.507,0.112,19507
1822,4.47074,4.58339,2.634e-04,0.551,0.126,19538
1823,4.55887,4.58339,2.631e-04,0.529,0.122,19436
1824,4.61316,4.58339,2.629e-04,0.539,0.121,19518
1825,4.71704,4.58339,2.626e-04,0.550,0.130,19521
1826,4.80226,4.58339,2.623e-04,0.540,0.123,19479
1827,4.50766,4.58339,2.620e-04,0.510,0.120,19502
1828,4.79120,4.58339,2.617e-04,0.498,0.116,19553
1829,4.59407,4.58339,2.614e-04,0.534,0.129,19486
1830,4.66704,4.58339,2.611e-04,0.525,0.121,19488
1831,4.48829,4.58339,2.608e-04,0.536,0.128,19515
1832,4.56715,4.58339,2.605e-04,0.559,0.127,19520
1833,4.48685,4.58339,2.602e-04,0.528,0.125,19488
1834,4.77743,4.58339,2.599e-04,0.515,0.121,19528
1835,4.76812,4.58339,2.596e-04,0.545,0.116,19536
1836,4.85187,4.58339,2.593e-04,0.547,0.125,19475
1837,4.78589,4.58339,2.590e-04,0.512,0.124,19535
1838,4.52247,4.58339,2.588e-04,0.537,0.135,19539
1839,4.67006,4.58339,2.585e-04,0.558,0.131,19468
1840,4.86904,4.58339,2.582e-04,0.575,0.153,19537
1841,4.41896,4.58339,2.579e-04,0.527,0.135,19530
1842,4.64370,4.58339,2.576e-04,0.554,0.145,19466
1843,4.49218,4.58339,2.573e-04,0.531,0.125,19518
1844,4.58622,4.58339,2.570e-04,0.536,0.128,19519
1845,4.72920,4.58339,2.567e-04,0.579,0.142,19461
1846,4.67030,4.58339,2.564e-04,0.534,0.126,19518
1847,4.60629,4.58339,2.561e-04,0.584,0.161,19533
1848,4.79950,4.58339,2.558e-04,0.574,0.136,19470
1849,4.61775,4.58339,2.555e-04,0.572,0.154,19532
1850,4.58672,4.58339,2.553e-04,0.636,0.143,19528
1851,4.59282,4.58339,2.550e-04,0.518,0.122,19466
1852,4.46767,4.58339,2.547e-04,0.508,0.121,19499
1853,4.38635,4.58339,2.544e-04,0.574,0.145,19527
1854,4.57224,4.58339,2.541e-04,0.524,0.121,19492
1855,4.67437,4.58339,2.538e-04,0.540,0.117,19515
1856,4.74989,4.58339,2.535e-04,0.535,0.126,19546
1857,4.64958,4.58339,2.532e-04,0.532,0.125,19497
1858,4.75051,4.58339,2.529e-04,0.602,0.147,19461
1859,4.59507,4.58339,2.526e-04,0.553,0.131,19513
1860,4.70021,4.58339,2.523e-04,0.573,0.142,19523
1861,4.54339,4.58339,2.521e-04,0.670,0.149,19473
1862,4.68181,4.58339,2.518e-04,0.557,0.127,19504
1863,4.65928,4.58339,2.515e-04,0.547,0.131,19536
1864,4.52111,4.58339,2.512e-04,0.567,0.142,19466
1865,4.88712,4.58339,2.509e-04,0.567,0.121,19507
1866,4.67919,4.58339,2.506e-04,0.533,0.125,19519
1867,4.49714,4.58339,2.503e-04,0.563,0.149,19468
1868,4.67043,4.58339,2.500e-04,0.566,0.130,19512
1869,4.61465,4.58339,2.497e-04,0.564,0.148,19518
1870,4.59941,4.58339,2.495e-04,0.534,0.118,19460
1871,4.47073,4.58339,2.492e-04,0.557,0.132,19520
1872,4.53969,4.58339,2.489e-04,0.545,0.127,19522
1873,4.48708,4.58339,2.486e-04,0.562,0.128,19474
1874,4.55290,4.58339,2.483e-04,0.568,0.132,19499
1875,4.59925,4.58339,2.480e-04,0.526,0.124,19491
1876,4.61364,4.58339,2.477e-04,0.555,0.128,19477
1877,4.80479,4.58339,2.474e-04,0.562,0.122,19454
1878,4.42919,4.58339,2.471e-04,0.590,0.133,19548
1879,4.58714,4.58339,2.469e-04,0.519,0.114,19524
1880,4.51368,4.58339,2.466e-04,0.547,0.123,19495
1881,4.71463,4.58339,2.463e-04,0.547,0.134,19497
1882,4.72220,4.58339,2.460e-04,0.514,0.118,19506
1883,4.65262,4.58339,2.457e-04,0.517,0.125,19481
1884,4.59348,4.58339,2.454e-04,0.519,0.121,19549
1885,4.41765,4.58339,2.451e-04,0.670,0.187,19536
1886,4.66759,4.58339,2.448e-04,0.510,0.123,19473
1887,4.63616,4.58339,2.446e-04,0.576,0.147,19524
1888,4.52294,4.58339,2.443e-04,0.534,0.125,19509
1889,4.47345,4.58339,2.440e-04,0.600,0.134,19436
1890,4.83627,4.58339,2.437e-04,0.551,0.124,19510
1891,4.57068,4.58339,2.434e-04,0.602,0.150,19511
1892,4.56976,4.58339,2.431e-04,0.582,0.149,19445
1893,4.55689,4.58339,2.428e-04,0.565,0.124,19515
1894,4.76332,4.58339,2.425e-04,0.601,0.153,19514
1895,4.65067,4.58339,2.423e-04,0.540,0.135,19469
1896,4.52436,4.58339,2.420e-04,0.578,0.141,19555
1897,4.37545,4.58339,2.417e-04,0.582,0.143,19535
1898,4.65134,4.58339,2.414e-04,0.580,0.139,19467
1899,4.52599,4.58339,2.411e-04,0.561,0.154,19523
1900,4.44025,4.58339,2.408e-04,0.568,0.132,19543
1901,4.64230,4.58339,2.405e-04,0.535,0.122,19452
1902,4.70384,4.58339,2.403e-04,0.554,0.122,19518
1903,4.50950,4.58339,2.400e-04,0.538,0.133,19544
1904,4.53506,4.58339,2.397e-04,0.551,0.130,19485
1905,4.66786,4.58339,2.394e-04,0.601,0.143,19485
1906,4.50580,4.58339,2.391e-04,0.521,0.116,19520
1907,4.71283,4.58339,2.388e-04,0.538,0.123,19521
1908,4.69711,4.58339,2.385e-04,0.632,0.152,19474
1909,4.50925,4.58339,2.383e-04,0.535,0.119,19522
1910,4.64392,4.58339,2.380e-04,0.541,0.118,19550
1911,4.72281,4.58339,2.377e-04,0.521,0.117,19488
1912,4.58243,4.58339,2.374e-04,0.513,0.115,19504
1913,4.43994,4.58339,2.371e-04,0.546,0.133,19540
1914,4.72534,4.58339,2.368e-04,0.529,0.121,19486
1915,4.45320,4.58339,2.365e-04,0.539,0.136,19527
1916,4.67751,4.58339,2.363e-04,0.578,0.122,19545
1917,4.43063,4.58339,2.360e-04,0.553,0.130,19450
1918,4.43283,4.58339,2.357e-04,0.526,0.126,19518
1919,4.64779,4.58339,2.354e-04,0.530,0.119,19536
1920,4.65169,4.58339,2.351e-04,0.525,0.122,19479
1921,4.64723,4.58339,2.348e-04,0.529,0.121,19511
1922,4.64877,4.58339,2.346e-04,0.537,0.123,19537
1923,4.47682,4.58339,2.343e-04,0.560,0.132,19500
1924,4.52448,4.58339,2.340e-04,0.573,0.138,19503
1925,4.60953,4.58339,2.337e-04,0.579,0.141,19550
1926,4.44704,4.58339,2.334e-04,0.563,0.146,19479
1927,4.55758,4.58339,2.331e-04,0.535,0.140,19496
1928,4.47725,4.58339,2.329e-04,0.554,0.139,19530
1929,4.66560,4.58339,2.326e-04,0.564,0.144,19488
1930,4.66029,4.58339,2.323e-04,0.563,0.135,19483
1931,4.59991,4.58339,2.320e-04,0.581,0.123,19553
1932,4.84048,4.58339,2.317e-04,0.530,0.127,19525
1933,4.70489,4.58339,2.315e-04,0.538,0.125,19476
1934,4.72576,4.58339,2.312e-04,0.561,0.125,19521
1935,4.50735,4.58339,2.309e-04,0.541,0.132,19523
1936,4.65039,4.58339,2.306e-04,0.560,0.124,19441
1937,4.74004,4.58339,2.303e-04,0.581,0.131,19541
1938,4.34893,4.58339,2.300e-04,0.652,0.152,19527
1939,4.64890,4.58339,2.298e-04,0.542,0.118,19452
1940,4.34617,4.58339,2.295e-04,0.608,0.160,19536
1941,4.58789,4.58339,2.292e-04,0.562,0.134,19501
1942,4.75626,4.58339,2.289e-04,0.620,0.148,19452
1943,4.66306,4.58339,2.286e-04,0.539,0.127,19509
1944,4.73862,4.58339,2.284e-04,0.553,0.123,19426
1945,4.64168,4.58339,2.281e-04,0.709,0.188,19458
1946,4.45653,4.58339,2.278e-04,0.547,0.122,19528
1947,4.48038,4.58339,2.275e-04,0.666,0.184,19521
1948,4.70440,4.58339,2.272e-04,0.561,0.121,19466
1949,4.54567,4.58339,2.270e-04,0.616,0.172,19527
1950,4.63905,4.58339,2.267e-04,0.545,0.131,19515
1951,4.62947,4.58339,2.264e-04,0.587,0.133,19484
1952,4.53505,4.58339,2.261e-04,0.577,0.139,19509
1953,4.57454,4.58339,2.258e-04,0.563,0.124,19543
1954,4.55273,4.58339,2.256e-04,0.553,0.123,19538
1955,4.60545,4.58339,2.253e-04,0.559,0.119,19451
1956,4.49797,4.58339,2.250e-04,0.538,0.116,19552
1957,4.69907,4.58339,2.247e-04,0.551,0.125,19466
1958,4.47637,4.58339,2.244e-04,0.507,0.116,19482
1959,4.57567,4.58339,2.242e-04,0.577,0.143,19543
1960,4.63803,4.58339,2.239e-04,0.537,0.122,19526
1961,4.62399,4.58339,2.236e-04,0.546,0.121,19449
1962,4.48227,4.58339,2.233e-04,0.566,0.140,19514
1963,4.49380,4.58339,2.230e-04,0.549,0.138,19541
1964,4.61070,4.58339,2.228e-04,0.529,0.120,19467
1965,4.69564,4.58339,2.225e-04,0.559,0.123,19540
1966,4.70125,4.58339,2.222e-04,0.549,0.124,19471
1967,4.78886,4.58339,2.219e-04,0.537,0.120,19478
1968,4.63726,4.58339,2.217e-04,0.547,0.126,19535
1969,4.63086,4.58339,2.214e-04,0.576,0.137,19506
1970,4.54093,4.58339,2.211e-04,0.534,0.120,19439
1971,4.57087,4.58339,2.208e-04,0.560,0.133,19509
1972,4.78625,4.58339,2.206e-04,0.544,0.116,19523
1973,4.50631,4.58339,2.203e-04,0.577,0.132,19474
1974,4.59008,4.58339,2.200e-04,0.540,0.125,19493
1975,4.63951,4.58339,2.197e-04,0.569,0.127,19563
1976,4.41420,4.58339,2.194e-04,0.569,0.152,19485
1977,4.73869,4.58339,2.192e-04,0.556,0.123,19486
1978,4.77099,4.58339,2.189e-04,0.563,0.130,19532
1979,4.63338,4.58339,2.186e-04,0.541,0.124,19509
1980,4.58546,4.58339,2.183e-04,0.550,0.121,19483
1981,4.38335,4.58339,2.181e-04,0.549,0.128,19502
1982,4.59121,4.58339,2.178e-04,0.621,0.175,19496
1983,4.76589,4.58339,2.175e-04,0.527,0.119,19463
1984,4.67600,4.58339,2.172e-04,0.599,0.165,19530
1985,4.62006,4.58339,2.170e-04,0.529,0.125,19525
1986,4.78358,4.58339,2.167e-04,0.573,0.126,19485
1987,4.60235,4.58339,2.164e-04,0.525,0.129,19537
1988,4.67217,4.58339,2.161e-04,0.536,0.122,19525
1989,4.52785,4.58339,2.159e-04,0.556,0.122,19488
1990,4.58931,4.58339,2.156e-04,0.533,0.117,19520
1991,4.57553,4.58339,2.153e-04,0.540,0.126,19491
1992,4.33852,4.58339,2.150e-04,0.568,0.125,19444
1993,4.74481,4.58339,2.148e-04,0.547,0.120,19513
1994,4.48472,4.58339,2.145e-04,0.539,0.132,19508
1995,4.70510,4.58339,2.142e-04,0.577,0.126,19443
1996,4.58033,4.58339,2.139e-04,0.535,0.124,19518
1997,4.48439,4.58339,2.137e-04,0.576,0.143,19519
1998,4.49718,4.58339,2.134e-04,0.566,0.138,19479
1999,4.62997,4.58339,2.131e-04,0.569,0.140,19517
2000,4.57993,4.45895,2.129e-04,0.563,0.136,6088
2001,4.48509,4.45895,2.126e-04,0.562,0.119,19750
2002,4.46789,4.45895,2.123e-04,0.566,0.124,19526
2003,4.55751,4.45895,2.120e-04,0.571,0.130,19514
2004,4.45137,4.45895,2.118e-04,0.571,0.131,19485
2005,4.47139,4.45895,2.115e-04,0.532,0.118,19509
2006,4.48006,4.45895,2.112e-04,0.561,0.125,19514
2007,4.60446,4.45895,2.109e-04,0.578,0.132,19472
2008,4.43335,4.45895,2.107e-04,0.550,0.131,19545
2009,4.57738,4.45895,2.104e-04,0.545,0.120,19520
2010,4.40233,4.45895,2.101e-04,0.601,0.153,19465
2011,4.62808,4.45895,2.099e-04,0.547,0.123,19510
2012,4.25289,4.45895,2.096e-04,0.546,0.121,19506
2013,4.55814,4.45895,2.093e-04,0.551,0.125,19442
2014,4.68712,4.45895,2.090e-04,0.565,0.134,19529
2015,4.62317,4.45895,2.088e-04,0.535,0.116,19553
2016,4.38438,4.45895,2.085e-04,0.519,0.111,19459
2017,4.51087,4.45895,2.082e-04,0.577,0.131,19484
2018,4.39817,4.45895,2.080e-04,0.561,0.117,19551
2019,4.76718,4.45895,2.077e-04,0.623,0.150,19442
2020,4.32186,4.45895,2.074e-04,0.567,0.126,19552
2021,4.57467,4.45895,2.072e-04,0.585,0.130,19530
2022,4.43068,4.45895,2.069e-04,0.571,0.124,19464
2023,4.34366,4.45895,2.066e-04,0.543,0.116,19516
2024,4.67246,4.45895,2.063e-04,0.549,0.120,19548
2025,4.69278,4.45895,2.061e-04,0.567,0.121,19485
2026,4.63121,4.45895,2.058e-04,0.511,0.109,19499
2027,4.45619,4.45895,2.055e-04,0.581,0.136,19523
2028,4.55970,4.45895,2.053e-04,0.532,0.110,19507
2029,4.41124,4.45895,2.050e-04,0.592,0.151,19488
2030,4.66084,4.45895,2.047e-04,0.576,0.135,19522
2031,4.72866,4.45895,2.045e-04,0.560,0.116,19479
2032,4.60163,4.45895,2.042e-04,0.543,0.121,19439
2033,4.54895,4.45895,2.039e-04,0.566,0.129,19534
2034,4.39846,4.45895,2.037e-04,0.546,0.121,19518
2035,4.54554,4.45895,2.034e-04,0.541,0.117,19452
2036,4.67540,4.45895,2.031e-04,0.582,0.130,19515
2037,4.69532,4.45895,2.029e-04,0.608,0.123,19522
2038,4.41818,4.45895,2.026e-04,0.547,0.128,19464
2039,4.37430,4.45895,2.023e-04,0.527,0.124,19531
2040,4.59232,4.45895,2.021e-04,0.616,0.145,19538
2041,4.65433,4.45895,2.018e-04,0.568,0.125,19442
2042,4.46641,4.45895,2.015e-04,0.525,0.112,19536
2043,4.37043,4.45895,2.013e-04,0.596,0.142,19523
2044,4.44662,4.45895,2.010e-04,0.550,0.120,19478
2045,4.48372,4.45895,2.007e-04,0.557,0.121,19514
2046,4.39595,4.45895,2.005e-04,0.562,0.124,19540
2047,4.81431,4.45895,2.002e-04,0.557,0.125,19519
2048,4.59453,4.45895,1.999e-04,0.566,0.124,19509
2049,4.56595,4.45895,1.997e-04,0.569,0.123,19504
2050,4.60032,4.45895,1.994e-04,0.596,0.143,19506
2051,4.48338,4.45895,1.991e-04,0.569,0.134,19506
2052,4.81412,4.45895,1.989e-04,0.529,0.119,19524
2053,4.63636,4.45895,1.986e-04,0.569,0.142,19509
2054,4.51221,4.45895,1.983e-04,0.556,0.126,19484
2055,4.43929,4.45895,1.981e-04,0.552,0.126,19522
2056,4.57798,4.45895,1.978e-04,0.590,0.142,19509
2057,4.46351,4.45895,1.975e-04,0.566,0.123,19479
2058,4.66080,4.45895,1.973e-04,0.541,0.120,19546
2059,4.38083,4.45895,1.970e-04,0.542,0.122,19524
2060,4.49155,4.45895,1.968e-04,0.544,0.126,19475
2061,4.68474,4.45895,1.965e-04,0.566,0.126,19502
2062,4.61315,4.45895,1.962e-04,0.537,0.124,19528
2063,4.60032,4.45895,1.960e-04,0.526,0.112,19451
2064,4.77623,4.45895,1.957e-04,0.584,0.138,19549
2065,4.26161,4.45895,1.954e-04,0.582,0.148,19522
2066,4.27229,4.45895,1.952e-04,0.625,0.160,19449
2067,4.54589,4.45895,1.949e-04,0.615,0.163,19554
2068,4.70656,4.45895,1.947e-04,0.553,0.123,19499
2069,4.46048,4.45895,1.944e-04,0.603,0.151,19468
2070,4.62135,4.45895,1.941e-04,0.579,0.132,19490
2071,4.41218,4.45895,1.939e-04,0.549,0.119,19502
2072,4.52289,4.45895,1.936e-04,0.592,0.151,19456
2073,4.43848,4.45895,1.933e-04,0.575,0.140,19487
2074,4.29994,4.45895,1.931e-04,0.533,0.114,19533
2075,4.36491,4.45895,1.928e-04,0.576,0.130,19515
2076,4.60708,4.45895,1.926e-04,0.543,0.121,19508
2077,4.68345,4.45895,1.923e-04,0.521,0.108,19523
2078,4.50882,4.45895,1.920e-04,0.583,0.125,19524
2079,4.52661,4.45895,1.918e-04,0.551,0.122,19468
2080,4.49208,4.45895,1.915e-04,0.558,0.127,19505
2081,4.29057,4.45895,1.913e-04,0.556,0.120,19521
2082,4.55250,4.45895,1.910e-04,0.561,0.131,19485
2083,4.62039,4.45895,1.907e-04,0.566,0.121,19531
2084,4.36327,4.45895,1.905e-04,0.575,0.132,19528
2085,4.33752,4.45895,1.902e-04,0.578,0.130,19464
2086,4.37863,4.45895,1.900e-04,0.572,0.131,19524
2087,4.35326,4.45895,1.897e-04,0.547,0.120,19515
2088,4.54444,4.45895,1.894e-04,0.552,0.118,19455
2089,4.38184,4.45895,1.892e-04,0.566,0.119,19532
2090,4.67471,4.45895,1.889e-04,0.565,0.127,19525
2091,4.62731,4.45895,1.887e-04,0.536,0.124,19465
2092,4.41553,4.45895,1.884e-04,0.545,0.129,19515
2093,4.50419,4.45895,1.882e-04,0.527,0.124,19541
2094,4.60926,4.45895,1.879e-04,0.590,0.148,19452
2095,4.40250,4.45895,1.876e-04,0.566,0.138,19504
2096,4.64724,4.45895,1.874e-04,0.568,0.133,19556
2097,4.38103,4.45895,1.871e-04,0.565,0.132,19465
2098,4.56001,4.45895,1.869e-04,0.599,0.137,19503
2099,4.64203,4.45895,1.866e-04,0.561,0.122,19541
2100,4.52012,4.45895,1.864e-04,0.575,0.120,19494
2101,4.56236,4.45895,1.861e-04,0.548,0.119,19467
2102,4.46146,4.45895,1.858e-04,0.570,0.130,19525
2103,4.18002,4.45895,1.856e-04,0.615,0.150,19520
2104,4.68416,4.45895,1.853e-04,0.548,0.124,19475
2105,4.65957,4.45895,1.851e-04,0.584,0.128,19543
2106,4.53282,4.45895,1.848e-04,0.586,0.126,19516
2107,4.64046,4.45895,1.846e-04,0.564,0.122,19447
2108,4.65610,4.45895,1.843e-04,0.576,0.127,19529
2109,4.47291,4.45895,1.841e-04,0.639,0.139,19505
2110,4.73246,4.45895,1.838e-04,0.546,0.113,19441
2111,4.58209,4.45895,1.835e-04,0.547,0.118,19532
2112,4.46181,4.45895,1.833e-04,0.557,0.121,19532
2113,4.57840,4.45895,1.830e-04,0.596,0.132,19454
2114,4.31689,4.45895,1.828e-04,0.552,0.130,19480
2115,4.35450,4.45895,1.825e-04,0.574,0.138,19560
2116,4.43041,4.45895,1.823e-04,0.582,0.151,19456
2117,4.40939,4.45895,1.820e-04,0.556,0.132,19523
2118,4.44328,4.45895,1.818e-04,0.652,0.178,19523
2119,4.34543,4.45895,1.815e-04,0.569,0.133,19479
2120,4.55905,4.45895,1.813e-04,0.625,0.168,19522
2121,4.31279,4.45895,1.810e-04,0.566,0.123,19544
2122,4.39171,4.45895,1.808e-04,0.669,0.178,19460
2123,4.57557,4.45895,1.805e-04,0.571,0.124,19516
2124,4.37758,4.45895,1.802e-04,0.575,0.134,19565
2125,4.56157,4.45895,1.800e-04,0.598,0.146,19507
2126,4.69300,4.45895,1.797e-04,0.537,0.119,19497
2127,4.42798,4.45895,1.795e-04,0.550,0.121,19544
2128,4.33993,4.45895,1.792e-04,0.567,0.130,19527
2129,4.84966,4.45895,1.790e-04,0.545,0.114,19467
2130,4.47410,4.45895,1.787e-04,0.547,0.123,19555
2131,4.56539,4.45895,1.785e-04,0.538,0.118,19499
2132,4.49495,4.45895,1.782e-04,0.571,0.126,19497
2133,4.62009,4.45895,1.780e-04,0.563,0.130,19513
2134,4.48170,4.45895,1.777e-04,0.539,0.117,19550
2135,4.49416,4.45895,1.775e-04,0.569,0.120,19467
2136,4.43184,4.45895,1.772e-04,0.551,0.129,19537
2137,4.47563,4.45895,1.770e-04,0.503,0.107,19530
2138,4.45194,4.45895,1.767e-04,0.548,0.120,19464
2139,4.54648,4.45895,1.765e-04,0.591,0.130,19497
2140,4.54758,4.45895,1.762e-04,0.534,0.117,19566
2141,4.53288,4.45895,1.760e-04,0.547,0.115,19454
2142,4.37782,4.45895,1.757e-04,0.551,0.115,19508
2143,4.31573,4.45895,1.755e-04,0.562,0.122,19526
2144,4.37852,4.45895,1.752e-04,0.534,0.112,19469
2145,4.27906,4.45895,1.750e-04,0.534,0.117,19525
2146,4.37485,4.45895,1.747e-04,0.542,0.124,19526
2147,4.55012,4.45895,1.745e-04,0.556,0.117,19481
2148,4.49521,4.45895,1.743e-04,0.565,0.127,19514
2149,4.62437,4.45895,1.740e-04,0.567,0.129,19562
2150,4.66687,4.45895,1.738e-04,0.593,0.127,19502
2151,4.45015,4.45895,1.735e-04,0.569,0.125,19501
2152,4.39897,4.45895,1.733e-04,0.562,0.128,19536
2153,4.52210,4.45895,1.730e-04,0.580,0.127,19479
2154,4.61838,4.45895,1.728e-04,0.600,0.137,19471
2155,4.53283,4.45895,1.725e-04,0.604,0.140,19528
2156,4.48546,4.45895,1.723e-04,0.546,0.117,19515
2157,4.49844,4.45895,1.720e-04,0.590,0.140,19490
2158,4.60858,4.45895,1.718e-04,0.544,0.125,19529
2159,4.48922,4.45895,1.715e-04,0.571,0.130,19523
2160,4.60589,4.45895,1.713e-04,0.605,0.160,19436
2161,4.60812,4.45895,1.711e-04,0.565,0.117,19510
2162,4.57479,4.45895,1.708e-04,0.596,0.129,19516
2163,4.69188,4.45895,1.706e-04,0.581,0.121,19449
2164,4.55519,4.45895,1.703e-04,0.586,0.139,19545
2165,4.48659,4.45895,1.701e-04,0.560,0.120,19508
2166,4.44625,4.45895,1.698e-04,0.572,0.124,19482
2167,4.47124,4.45895,1.696e-04,0.545,0.119,19550
2168,4.29853,4.45895,1.693e-04,0.563,0.124,19531
2169,4.68288,4.45895,1.691e-04,0.561,0.116,19501
2170,4.34174,4.45895,1.689e-04,0.633,0.140,19524
2171,4.54252,4.45895,1.686e-04,0.561,0.124,19498
2172,4.26494,4.45895,1.684e-04,0.564,0.124,19495
2173,4.76164,4.45895,1.681e-04,0.553,0.118,19524
2174,4.57172,4.45895,1.679e-04,0.543,0.119,19510
2175,4.64561,4.45895,1.676e-04,0.554,0.111,19497
2176,4.44264,4.45895,1.674e-04,0.552,0.122,19475
2177,4.39470,4.45895,1.672e-04,0.536,0.114,19509
2178,4.50162,4.45895,1.669e-04,0.596,0.129,19509
2179,4.47233,4.45895,1.667e-04,0.561,0.119,19494
2180,4.65622,4.45895,1.664e-04,0.534,0.118,19512
2181,4.55951,4.45895,1.662e-04,0.546,0.122,19495
2182,4.72247,4.45895,1.660e-04,0.548,0.114,19480
2183,4.50725,4.45895,1.657e-04,0.582,0.123,19529
2184,4.51494,4.45895,1.655e-04,0.569,0.135,19550
2185,4.52390,4.45895,1.652e-04,0.598,0.150,19470
2186,4.61150,4.45895,1.650e-04,0.542,0.121,19525
2187,4.60790,4.45895,1.648e-04,0.567,0.132,19530
2188,4.42113,4.45895,1.645e-04,0.567,0.137,19476
2189,4.60487,4.45895,1.643e-04,0.573,0.135,19534
2190,4.43922,4.45895,1.640e-04,0.535,0.115,19535
2191,4.27562,4.45895,1.638e-04,0.579,0.125,19463
2192,4.60803,4.45895,1.636e-04,0.587,0.132,19515
2193,4.38401,4.45895,1.633e-04,0.529,0.125,19514
2194,4.67738,4.45895,1.631e-04,0.538,0.128,19468
2195,4.43350,4.45895,1.628e-04,0.557,0.124,19512
2196,4.60120,4.45895,1.626e-04,0.541,0.118,19514
2197,4.39462,4.45895,1.624e-04,0.517,0.115,19439
2198,4.43178,4.45895,1.621e-04,0.551,0.136,19528
2199,4.48756,4.45895,1.619e-04,0.543,0.134,19516
2200,4.65573,4.45895,1.617e-04,0.541,0.114,19472
2201,4.46458,4.45895,1.614e-04,0.551,0.113,19471
2202,4.64405,4.45895,1.612e-04,0.562,0.127,19559
2203,4.25453,4.45895,1.609e-04,0.596,0.141,19511
2204,4.56087,4.45895,1.607e-04,0.567,0.114,19494
2205,4.28157,4.45895,1.605e-04,0.569,0.116,19501
2206,4.35831,4.45895,1.602e-04,0.617,0.120,19493
2207,4.54741,4.45895,1.600e-04,0.537,0.109,19467
2208,4.62973,4.45895,1.598e-04,0.542,0.115,19516
2209,4.60031,4.45895,1.595e-04,0.545,0.115,19527
2210,4.51449,4.45895,1.593e-04,0.562,0.117,19466
2211,4.77454,4.45895,1.591e-04,0.555,0.128,19511
2212,4.51312,4.45895,1.588e-04,0.548,0.119,19512
2213,4.53543,4.45895,1.586e-04,0.564,0.128,19464
2214,4.53569,4.45895,1.584e-04,0.583,0.130,19528
2215,4.36015,4.45895,1.581e-04,0.557,0.121,19522
2216,4.27203,4.45895,1.579e-04,0.602,0.128,19445
2217,4.59809,4.45895,1.577e-04,0.562,0.123,19534
2218,4.50446,4.45895,1.574e-04,0.593,0.124,19516
2219,4.35443,4.45895,1.572e-04,0.563,0.126,19479
2220,4.47439,4.45895,1.570e-04,0.554,0.119,19492
2221,4.44027,4.45895,1.567e-04,0.619,0.132,19515
2222,4.17348,4.45895,1.565e-04,0.606,0.158,19484
2223,4.47780,4.45895,1.563e-04,0.564,0.116,19494
2224,4.61292,4.45895,1.560e-04,0.588,0.128,19546
2225,4.62267,4.45895,1.558e-04,0.602,0.147,19475
2226,4.49714,4.45895,1.556e-04,0.586,0.133,19509
2227,4.37819,4.45895,1.553e-04,0.584,0.138,19509
2228,4.31048,4.45895,1.551e-04,0.587,0.145,19495
2229,4.62428,4.45895,1.549e-04,0.574,0.123,19489
2230,4.63184,4.45895,1.546e-04,0.559,0.116,19502
2231,4.39471,4.45895,1.544e-04,0.583,0.129,19528
2232,4.55961,4.45895,1.542e-04,0.597,0.142,19426
2233,4.55765,4.45895,1.540e-04,0.561,0.126,19534
2234,4.42020,4.45895,1.537e-04,0.577,0.141,19513
2235,4.32305,4.45895,1.535e-04,0.548,0.122,19458
2236,4.28019,4.45895,1.533e-04,0.602,0.129,19516
2237,4.49261,4.45895,1.530e-04,0.624,0.140,19529
2238,4.44544,4.45895,1.528e-04,0.528,0.111,19460
2239,4.43959,4.45895,1.526e-04,0.610,0.133,19548
2240,4.45479,4.45895,1.524e-04,0.579,0.118,19535
2241,4.66994,4.45895,1.521e-04,0.585,0.141,19442
2242,4.36695,4.45895,1.519e-04,0.572,0.121,19545
2243,4.58399,4.45895,1.517e-04,0.562,0.115,19526
2244,4.48540,4.45895,1.514e-04,0.587,0.133,19477
2245,4.58493,4.45895,1.512e-04,0.568,0.122,19510
2246,4.53268,4.45895,1.510e-04,0.546,0.117,19499
2247,4.60588,4.45895,1.508e-04,0.542,0.121,19482
2248,4.61540,4.45895,1.505e-04,0.598,0.125,19511
2249,4.57388,4.45895,1.503e-04,0.560,0.117,19536
2250,4.43417,4.36087,1.501e-04,0.548,0.111,6084
2251,4.49014,4.36087,1.499e-04,0.562,0.118,19860
2252,4.47562,4.36087,1.496e-04,0.607,0.134,19526
2253,4.22641,4.36087,1.494e-04,0.557,0.121,19464
2254,4.52244,4.36087,1.492e-04,0.582,0.121,19504
2255,4.46556,4.36087,1.490e-04,0.582,0.130,19525
2256,4.63961,4.36087,1.487e-04,0.552,0.113,19438
2257,4.31859,4.36087,1.485e-04,0.595,0.131,19506
2258,4.41848,4.36087,1.483e-04,0.549,0.111,19523
2259,4.61845,4.36087,1.481e-04,0.563,0.122,19446
2260,4.39962,4.36087,1.478e-04,0.556,0.130,19536
2261,4.45896,4.36087,1.476e-04,0.589,0.123,19534
2262,4.40995,4.36087,1.474e-04,0.536,0.114,19462
2263,4.79623,4.36087,1.472e-04,0.550,0.108,19536
2264,4.60468,4.36087,1.469e-04,0.557,0.118,19562
2265,4.40637,4.36087,1.467e-04,0.562,0.123,19467
2266,4.49609,4.36087,1.465e-04,0.558,0.132,19543
2267,4.38096,4.36087,1.463e-04,0.555,0.123,19519
2268,4.43051,4.36087,1.461e-04,0.561,0.123,19481
2269,4.60634,4.36087,1.458e-04,0.539,0.108,19522
2270,4.45615,4.36087,1.456e-04,0.562,0.129,19534
2271,4.61596,4.36087,1.454e-04,0.546,0.122,19500
2272,4.46653,4.36087,1.452e-04,0.645,0.171,19507
2273,4.41736,4.36087,1.450e-04,0.631,0.142,19556
2274,4.41795,4.36087,1.447e-04,0.633,0.135,19506
2275,4.65755,4.36087,1.445e-04,0.559,0.123,19502
2276,4.29939,4.36087,1.443e-04,0.605,0.132,19524
2277,4.44733,4.36087,1.441e-04,0.579,0.135,19480
2278,4.50571,4.36087,1.439e-04,0.566,0.128,19494
2279,4.43000,4.36087,1.436e-04,0.587,0.120,19526
2280,4.60891,4.36087,1.434e-04,0.578,0.120,19530
2281,4.56473,4.36087,1.432e-04,0.645,0.147,19489
2282,4.54441,4.36087,1.430e-04,0.572,0.120,19525
2283,4.49939,4.36087,1.428e-04,0.586,0.127,19514
2284,4.49426,4.36087,1.425e-04,0.581,0.123,19459
2285,4.54241,4.36087,1.423e-04,0.586,0.130,19530
2286,4.38629,4.36087,1.421e-04,0.587,0.126,19514
2287,4.60295,4.36087,1.419e-04,0.554,0.116,19435
2288,4.42152,4.36087,1.417e-04,0.581,0.131,19526
2289,4.69340,4.36087,1.415e-04,0.569,0.119,19545
2290,4.43713,4.36087,1.412e-04,0.581,0.134,19432
2291,4.25119,4.36087,1.410e-04,0.584,0.148,19554
2292,4.39217,4.36087,1.408e-04,0.535,0.126,19540
2293,4.48406,4.36087,1.406e-04,0.583,0.126,19460
2294,4.43220,4.36087,1.404e-04,0.628,0.169,19523
2295,4.42574,4.36087,1.402e-04,0.557,0.127,19528
2296,4.25697,4.36087,1.399e-04,0.609,0.128,19496
2297,4.40533,4.36087,1.397e-04,0.567,0.123,19491
2298,4.56149,4.36087,1.395e-04,0.551,0.118,19505
2299,4.45930,4.36087,1.393e-04,0.547,0.114,19514
2300,4.54546,4.36087,1.391e-04,0.573,0.118,19496
2301,4.44975,4.36087,1.389e-04,0.557,0.115,19523
2302,4.31818,4.36087,1.387e-04,0.554,0.112,19503
2303,4.50173,4.36087,1.384e-04,0.540,0.113,19496
2304,4.49129,4.36087,1.382e-04,0.595,0.128,19510
2305,4.46438,4.36087,1.380e-04,0.541,0.114,19539
2306,4.53049,4.36087,1.378e-04,0.581,0.121,19486
2307,4.55713,4.36087,1.376e-04,0.540,0.111,19539
2308,4.40255,4.36087,1.374e-04,0.563,0.126,19536
2309,4.64548,4.36087,1.372e-04,0.582,0.121,19498
2310,4.34226,4.36087,1.370e-04,0.539,0.113,19519
2311,4.45481,4.36087,1.367e-04,0.629,0.128,19556
2312,4.53770,4.36087,1.365e-04,0.599,0.134,19470
2313,4.44520,4.36087,1.363e-04,0.563,0.134,19498
2314,4.21960,4.36087,1.361e-04,0.547,0.116,19514
2315,4.23104,4.36087,1.359e-04,0.526,0.117,19487
2316,4.50632,4.36087,1.357e-04,0.561,0.116,19541
2317,4.29720,4.36087,1.355e-04,0.615,0.136,19543
2318,4.39080,4.36087,1.353e-04,0.578,0.121,19441
2319,4.56989,4.36087,1.351e-04,0.557,0.118,19542
2320,4.70023,4.36087,1.348e-04,0.575,0.121,19529
2321,4.34822,4.36087,1.346e-04,0.573,0.118,19488
2322,4.47076,4.36087,1.344e-04,0.605,0.141,19499
2323,4.31622,4.36087,1.342e-04,0.587,0.119,19554
2324,4.17573,4.36087,1.340e-04,0.624,0.135,19483
2325,4.53111,4.36087,1.338e-04,0.620,0.135,19512
2326,4.18331,4.36087,1.336e-04,0.547,0.116,19521
2327,4.30770,4.36087,1.334e-04,0.610,0.136,19498
2328,4.40063,4.36087,1.332e-04,0.634,0.149,19493
2329,4.36388,4.36087,1.330e-04,0.584,0.126,19534
2330,4.21940,4.36087,1.328e-04,0.545,0.117,19485
2331,4.51313,4.36087,1.326e-04,0.571,0.126,19481
2332,4.44412,4.36087,1.324e-04,0.563,0.123,19529
2333,4.50777,4.36087,1.321e-04,0.547,0.109,19510
2334,4.40826,4.36087,1.319e-04,0.597,0.134,19467
2335,4.43593,4.36087,1.317e-04,0.588,0.129,19518
2336,4.32719,4.36087,1.315e-04,0.589,0.126,19520
2337,4.57452,4.36087,1.313e-04,0.608,0.136,19459
2338,4.49382,4.36087,1.311e-04,0.606,0.126,19532
2339,4.40317,4.36087,1.309e-04,0.586,0.121,19539
2340,4.60025,4.36087,1.307e-04,0.544,0.111,19458
2341,4.64389,4.36087,1.305e-04,0.571,0.119,19491
2342,4.56203,4.36087,1.303e-04,0.592,0.122,19550
2343,4.61417,4.36087,1.301e-04,0.577,0.127,19478
2344,4.55869,4.36087,1.299e-04,0.575,0.122,19542
2345,4.48388,4.36087,1.297e-04,0.562,0.117,19534
2346,4.57402,4.36087,1.295e-04,0.565,0.122,19469
2347,4.40230,4.36087,1.293e-04,0.572,0.118,19470
2348,4.32966,4.36087,1.291e-04,0.593,0.128,19523
2349,4.54487,4.36087,1.289e-04,0.575,0.120,19480
2350,4.49160,4.36087,1.287e-04,0.552,0.109,19511
2351,4.50258,4.36087,1.285e-04,0.550,0.113,19520
2352,4.48367,4.36087,1.283e-04,0.573,0.120,19490
2353,4.34397,4.36087,1.281e-04,0.552,0.113,19514
2354,4.63716,4.36087,1.279e-04,0.604,0.128,19483
2355,4.52306,4.36087,1.277e-04,0.573,0.124,19518
2356,4.59493,4.36087,1.275e-04,0.606,0.128,19479
2357,4.34302,4.36087,1.273e-04,0.590,0.119,19546
2358,4.13315,4.36087,1.271e-04,0.596,0.136,19560
2359,4.25938,4.36087,1.269e-04,0.593,0.128,19463
2360,4.49883,4.36087,1.267e-04,0.568,0.112,19509
2361,4.53543,4.36087,1.265e-04,0.560,0.109,19517
2362,4.36762,4.36087,1.263e-04,0.554,0.118,19448
2363,4.32935,4.36087,1.261e-04,0.573,0.126,19539
2364,4.35563,4.36087,1.259e-04,0.588,0.128,19543
2365,4.57215,4.36087,1.257e-04,0.574,0.115,19457
2366,4.73807,4.36087,1.255e-04,0.556,0.118,19537
2367,4.32290,4.36087,1.253e-04,0.540,0.114,19553
2368,4.42650,4.36087,1.251e-04,0.607,0.119,19461
2369,4.48934,4.36087,1.249e-04,0.548,0.119,19528
2370,4.57917,4.36087,1.247e-04,0.569,0.120,19540
2371,4.27581,4.36087,1.245e-04,0.581,0.124,19481
2372,4.47904,4.36087,1.243e-04,0.585,0.122,19491
2373,4.43046,4.36087,1.241e-04,0.551,0.120,19550
2374,4.34960,4.36087,1.239e-04,0.601,0.128,19475
2375,4.41127,4.36087,1.237e-04,0.595,0.126,19519
2376,4.36549,4.36087,1.235e-04,0.597,0.135,19538
2377,4.81926,4.36087,1.233e-04,0.627,0.143,19510
2378,4.37709,4.36087,1.231e-04,0.572,0.126,19497
2379,4.55711,4.36087,1.229e-04,0.602,0.129,19521
2380,4.44056,4.36087,1.227e-04,0.658,0.139,19488
2381,4.34868,4.36087,1.225e-04,0.637,0.155,19462
2382,4.39825,4.36087,1.223e-04,0.569,0.121,19507
2383,4.31236,4.36087,1.222e-04,0.624,0.145,19506
2384,4.27328,4.36087,1.220e-04,0.658,0.129,19458
2385,4.67678,4.36087,1.218e-04,0.573,0.118,19549
2386,4.23600,4.36087,1.216e-04,0.627,0.139,19535
2387,4.20465,4.36087,1.214e-04,0.597,0.132,19462
2388,4.40552,4.36087,1.212e-04,0.559,0.116,19496
2389,4.47714,4.36087,1.210e-04,0.605,0.132,19501
2390,4.59155,4.36087,1.208e-04,0.575,0.124,19466
2391,4.35243,4.36087,1.206e-04,0.569,0.120,19544
2392,4.49379,4.36087,1.204e-04,0.565,0.117,19505
2393,4.51778,4.36087,1.202e-04,0.572,0.128,19443
2394,4.41921,4.36087,1.200e-04,0.595,0.127,19509
2395,4.31822,4.36087,1.199e-04,0.678,0.158,19509
2396,4.44237,4.36087,1.197e-04,0.594,0.121,19494
2397,4.32121,4.36087,1.195e-04,0.576,0.117,19509
2398,4.34884,4.36087,1.193e-04,0.577,0.122,19536
2399,4.32078,4.36087,1.191e-04,0.550,0.110,19489
2400,4.43819,4.36087,1.189e-04,0.561,0.113,19489
2401,4.22169,4.36087,1.187e-04,0.542,0.117,19507
2402,4.67504,4.36087,1.185e-04,0.590,0.121,19507
2403,4.31638,4.36087,1.183e-04,0.570,0.117,19489
2404,4.48545,4.36087,1.182e-04,0.593,0.120,19499
2405,4.49273,4.36087,1.180e-04,0.580,0.118,19523
2406,4.43512,4.36087,1.178e-04,0.565,0.114,19448
2407,4.32679,4.36087,1.176e-04,0.620,0.136,19526
2408,4.35975,4.36087,1.174e-04,0.584,0.122,19531
2409,4.58211,4.36087,1.172e-04,0.662,0.144,19427
2410,4.27516,4.36087,1.170e-04,0.626,0.146,19509
2411,4.26875,4.36087,1.168e-04,0.524,0.109,19521
2412,4.34636,4.36087,1.167e-04,0.606,0.120,19469
2413,4.22610,4.36087,1.165e-04,0.659,0.138,19510
2414,4.35662,4.36087,1.163e-04,0.527,0.109,19530
2415,4.22447,4.36087,1.161e-04,0.565,0.126,19448
2416,4.60846,4.36087,1.159e-04,0.628,0.136,19512
2417,4.34278,4.36087,1.157e-04,0.582,0.130,19521
2418,4.35066,4.36087,1.155e-04,0.604,0.124,19455
2419,4.58140,4.36087,1.154e-04,0.601,0.139,19528
2420,4.29062,4.36087,1.152e-04,0.631,0.143,19486
2421,4.56587,4.36087,1.150e-04,0.596,0.124,19467
2422,4.18693,4.36087,1.148e-04,0.624,0.136,19510
2423,4.35767,4.36087,1.146e-04,0.573,0.113,19524
2424,4.40342,4.36087,1.144e-04,0.592,0.115,19486
2425,4.35991,4.36087,1.143e-04,0.570,0.120,19489
2426,4.75248,4.36087,1.141e-04,0.588,0.122,19542
2427,4.48896,4.36087,1.139e-04,0.579,0.122,19499
2428,4.26025,4.36087,1.137e-04,0.616,0.134,19483
2429,4.34402,4.36087,1.135e-04,0.574,0.120,19522
2430,4.38438,4.36087,1.134e-04,0.571,0.125,19508
2431,4.36930,4.36087,1.132e-04,0.604,0.128,19480
2432,4.54074,4.36087,1.130e-04,0.574,0.128,19539
2433,4.39995,4.36087,1.128e-04,0.538,0.113,19530
2434,4.33077,4.36087,1.126e-04,0.596,0.135,19479
2435,4.34467,4.36087,1.125e-04,0.586,0.128,19533
2436,4.37579,4.36087,1.123e-04,0.591,0.121,19522
2437,4.67175,4.36087,1.121e-04,0.613,0.125,19459
2438,4.38331,4.36087,1.119e-04,0.580,0.125,19542
2439,4.48876,4.36087,1.117e-04,0.566,0.122,19541
2440,4.52351,4.36087,1.116e-04,0.598,0.124,19470
2441,4.26556,4.36087,1.114e-04,0.552,0.117,19514
2442,4.58546,4.36087,1.112e-04,0.583,0.119,19520
2443,4.36917,4.36087,1.110e-04,0.551,0.116,19480
2444,4.32711,4.36087,1.109e-04,0.579,0.126,19506
2445,4.48505,4.36087,1.107e-04,0.550,0.115,19526
2446,4.37275,4.36087,1.105e-04,0.593,0.143,19466
2447,4.42712,4.36087,1.103e-04,0.589,0.127,19463
2448,4.29770,4.36087,1.101e-04,0.568,0.119,19536
2449,4.66121,4.36087,1.100e-04,0.547,0.123,19484
2450,4.41278,4.36087,1.098e-04,0.591,0.120,19476
2451,4.48701,4.36087,1.096e-04,0.573,0.123,19518
2452,4.34382,4.36087,1.094e-04,0.593,0.127,19525
2453,4.30410,4.36087,1.093e-04,0.596,0.129,19494
2454,4.46982,4.36087,1.091e-04,0.566,0.118,19529
2455,4.45834,4.36087,1.089e-04,0.591,0.128,19508
2456,4.42351,4.36087,1.088e-04,0.591,0.129,19456
2457,4.33639,4.36087,1.086e-04,0.580,0.130,19506
2458,4.33373,4.36087,1.084e-04,0.567,0.120,19554
2459,4.31642,4.36087,1.082e-04,0.578,0.118,19454
2460,4.47226,4.36087,1.081e-04,0.558,0.110,19516
2461,4.22032,4.36087,1.079e-04,0.623,0.142,19513
2462,4.40324,4.36087,1.077e-04,0.568,0.125,19466
2463,4.64058,4.36087,1.075e-04,0.580,0.124,19514
2464,4.29160,4.36087,1.074e-04,0.574,0.121,19527
2465,4.48004,4.36087,1.072e-04,0.591,0.125,19453
2466,4.18643,4.36087,1.070e-04,0.573,0.126,19503
2467,4.48616,4.36087,1.069e-04,0.576,0.132,19549
2468,4.67774,4.36087,1.067e-04,0.578,0.116,19488
2469,4.49243,4.36087,1.065e-04,0.563,0.117,19532
2470,4.54469,4.36087,1.063e-04,0.554,0.115,19502
2471,4.64357,4.36087,1.062e-04,0.568,0.121,19508
2472,4.57932,4.36087,1.060e-04,0.550,0.108,19512
2473,4.50899,4.36087,1.058e-04,0.577,0.121,19527
2474,4.25456,4.36087,1.057e-04,0.589,0.130,19490
2475,4.65177,4.36087,1.055e-04,0.573,0.124,19491
2476,4.31038,4.36087,1.053e-04,0.612,0.129,19530
2477,4.41717,4.36087,1.052e-04,0.622,0.133,19496
2478,4.41427,4.36087,1.050e-04,0.643,0.139,19487
2479,4.50627,4.36087,1.048e-04,0.562,0.117,19550
2480,4.45332,4.36087,1.047e-04,0.628,0.146,19522
2481,4.52172,4.36087,1.045e-04,0.567,0.126,19466
2482,4.21055,4.36087,1.043e-04,0.588,0.123,19552
2483,4.24508,4.36087,1.042e-04,0.623,0.134,19528
2484,4.29216,4.36087,1.040e-04,0.577,0.125,19469
2485,4.36080,4.36087,1.038e-04,0.558,0.114,19535
2486,4.23232,4.36087,1.037e-04,0.626,0.133,19521
2487,4.38800,4.36087,1.035e-04,0.545,0.113,19469
2488,4.42394,4.36087,1.033e-04,0.559,0.119,19511
2489,4.40637,4.36087,1.032e-04,0.599,0.124,19543
2490,4.56501,4.36087,1.030e-04,0.577,0.115,19470
2491,4.31050,4.36087,1.028e-04,0.606,0.125,19502
2492,4.40462,4.36087,1.027e-04,0.623,0.129,19520
2493,4.47846,4.36087,1.025e-04,0.543,0.111,19463
2494,4.37355,4.36087,1.024e-04,0.584,0.119,19538
2495,4.49338,4.36087,1.022e-04,0.584,0.117,19518
2496,4.20466,4.36087,1.020e-04,0.597,0.120,19504
2497,4.19931,4.36087,1.019e-04,0.563,0.114,19498
2498,4.38246,4.36087,1.017e-04,0.557,0.113,19520
2499,4.36133,4.36087,1.015e-04,0.571,0.113,19496
2500,4.36194,4.29435,1.014e-04,0.558,0.113,6092
2501,4.61912,4.29435,1.012e-04,0.561,0.117,19788
2502,3.98912,4.29435,1.011e-04,0.564,0.115,19475
2503,4.15556,4.29435,1.009e-04,0.564,0.118,19555
2504,4.26634,4.29435,1.007e-04,0.550,0.117,19501
2505,4.34208,4.29435,1.006e-04,0.561,0.118,19474
2506,4.28033,4.29435,1.004e-04,0.574,0.122,19517
2507,4.53331,4.29435,1.003e-04,0.594,0.125,19550
2508,4.36608,4.29435,1.001e-04,0.591,0.126,19455
2509,4.61433,4.29435,9.995e-05,0.563,0.109,19533
2510,4.34847,4.29435,9.979e-05,0.578,0.118,19542
2511,4.52504,4.29435,9.963e-05,0.556,0.116,19464
2512,4.24419,4.29435,9.947e-05,0.559,0.107,19502
2513,4.35287,4.29435,9.931e-05,0.554,0.111,19553
2514,4.37732,4.29435,9.916e-05,0.579,0.121,19468
2515,4.32795,4.29435,9.900e-05,0.544,0.110,19539
2516,4.37905,4.29435,9.884e-05,0.544,0.113,19547
2517,4.50792,4.29435,9.869e-05,0.562,0.114,19445
2518,4.06678,4.29435,9.853e-05,0.593,0.126,19532
2519,4.48686,4.29435,9.837e-05,0.583,0.121,19543
2520,4.62025,4.29435,9.822e-05,0.621,0.131,19487
2521,4.33675,4.29435,9.806e-05,0.600,0.121,19494
2522,4.47630,4.29435,9.791e-05,0.583,0.132,19558
2523,4.47978,4.29435,9.775e-05,0.590,0.125,19497
2524,4.01122,4.29435,9.760e-05,0.626,0.131,19517
2525,4.24525,4.29435,9.745e-05,0.603,0.120,19534
2526,4.34763,4.29435,9.729e-05,0.621,0.126,19474
2527,4.65801,4.29435,9.714e-05,0.566,0.116,19506
2528,4.42723,4.29435,9.699e-05,0.549,0.110,19540
2529,4.29815,4.29435,9.683e-05,0.562,0.126,19528
2530,4.46426,4.29435,9.668e-05,0.561,0.115,19476
2531,4.44755,4.29435,9.653e-05,0.618,0.129,19543
2532,4.20236,4.29435,9.638e-05,0.586,0.115,19539
2533,4.26680,4.29435,9.622e-05,0.562,0.126,19446
2534,4.39306,4.29435,9.607e-05,0.575,0.118,19558
2535,4.45507,4.29435,9.592e-05,0.563,0.114,19516
2536,4.29565,4.29435,9.577e-05,0.606,0.131,19449
2537,4.23845,4.29435,9.562e-05,0.573,0.118,19530
2538,4.50402,4.29435,9.547e-05,0.635,0.136,19539
2539,4.43046,4.29435,9.532e-05,0.603,0.128,19438
2540,4.53872,4.29435,9.517e-05,0.562,0.126,19542
2541,4.26520,4.29435,9.502e-05,0.562,0.111,19535
2542,4.43509,4.29435,9.487e-05,0.650,0.145,19479
2543,4.49626,4.29435,9.472e-05,0.548,0.117,19523
2544,4.28034,4.29435,9.457e-05,0.580,0.125,19534
2545,4.39131,4.29435,9.443e-05,0.621,0.138,19463
2546,4.48634,4.29435,9.428e-05,0.588,0.127,19495
2547,4.44556,4.29435,9.413e-05,0.567,0.115,19554
2548,4.55603,4.29435,9.398e-05,0.669,0.145,19505
2549,4.47332,4.29435,9.384e-05,0.589,0.120,19508
2550,4.43904,4.29435,9.369e-05,0.581,0.122,19552
2551,4.62129,4.29435,9.354e-05,0.586,0.122,19494
2552,4.61635,4.29435,9.340e-05,0.571,0.116,19511
2553,4.25667,4.29435,9.325e-05,0.607,0.116,19530
2554,4.29393,4.29435,9.311e-05,0.623,0.134,19516
2555,4.48997,4.29435,9.296e-05,0.576,0.126,19500
2556,4.48891,4.29435,9.282e-05,0.645,0.133,19536
2557,4.56128,4.29435,9.267e-05,0.580,0.120,19533
2558,4.42656,4.29435,9.253e-05,0.575,0.115,19485
2559,4.49876,4.29435,9.238e-05,0.586,0.113,19538
2560,4.26806,4.29435,9.224e-05,0.575,0.121,19534
2561,4.56204,4.29435,9.210e-05,0.577,0.114,19461
2562,4.46575,4.29435,9.195e-05,0.595,0.120,19511
2563,4.46677,4.29435,9.181e-05,0.560,0.113,19539
2564,4.07803,4.29435,9.167e-05,0.593,0.126,19474
2565,4.47021,4.29435,9.153e-05,0.591,0.118,19536
2566,4.42632,4.29435,9.138e-05,0.614,0.131,19540
2567,4.27108,4.29435,9.124e-05,0.574,0.120,19446
2568,4.14060,4.29435,9.110e-05,0.584,0.130,19515
2569,4.59505,4.29435,9.096e-05,0.618,0.136,19548
2570,4.40696,4.29435,9.082e-05,0.573,0.122,19478
2571,4.32277,4.29435,9.068e-05,0.566,0.118,19543
2572,4.15193,4.29435,9.054e-05,0.585,0.129,19540
2573,4.25207,4.29435,9.040e-05,0.566,0.115,19499
2574,4.23762,4.29435,9.026e-05,0.547,0.114,19519
2575,4.36662,4.29435,9.012e-05,0.564,0.117,19525
2576,4.10885,4.29435,8.998e-05,0.613,0.129,19512
2577,4.19249,4.29435,8.984e-05,0.571,0.120,19526
2578,4.41457,4.29435,8.970e-05,0.566,0.116,19533
2579,4.30146,4.29435,8.957e-05,0.564,0.116,19496
2580,4.47752,4.29435,8.943e-05,0.555,0.109,19500
2581,4.27585,4.29435,8.929e-05,0.565,0.109,19500
2582,4.18653,4.29435,8.915e-05,0.571,0.115,19524
2583,4.46568,4.29435,8.902e-05,0.593,0.118,19463
2584,4.40863,4.29435,8.888e-05,0.574,0.120,19540
2585,4.47409,4.29435,8.874e-05,0.562,0.117,19518
2586,4.56026,4.29435,8.861e-05,0.596,0.118,19449
2587,4.35466,4.29435,8.847e-05,0.571,0.110,19519
2588,4.52081,4.29435,8.834e-05,0.612,0.126,19551
2589,4.46688,4.29435,8.820e-05,0.587,0.118,19455
2590,4.27394,4.29435,8.807e-05,0.581,0.112,19534
2591,4.65282,4.29435,8.793e-05,0.541,0.105,19529
2592,4.28573,4.29435,8.780e-05,0.593,0.118,19437
2593,4.19061,4.29435,8.767e-05,0.635,0.121,19532
2594,4.41796,4.29435,8.753e-05,0.577,0.117,19548
2595,4.33507,4.29435,8.740e-05,0.561,0.111,19460
2596,4.41140,4.29435,8.727e-05,0.578,0.111,19510
2597,4.23884,4.29435,8.713e-05,0.582,0.121,19528
2598,4.44522,4.29435,8.700e-05,0.569,0.115,19491
2599,4.39953,4.29435,8.687e-05,0.579,0.115,19505
2600,4.22572,4.29435,8.674e-05,0.582,0.122,19514
2601,4.53547,4.29435,8.661e-05,0.637,0.125,19495
2602,4.38524,4.29435,8.648e-05,0.609,0.138,19475
2603,4.36771,4.29435,8.635e-05,0.653,0.154,19523
2604,4.38550,4.29435,8.622e-05,0.570,0.110,19495
2605,4.14849,4.29435,8.609e-05,0.623,0.144,19474
2606,4.31053,4.29435,8.596e-05,0.592,0.130,19531
2607,4.46811,4.29435,8.583e-05,0.581,0.120,19508
2608,4.57521,4.29435,8.570e-05,0.618,0.136,19485
2609,4.50333,4.29435,8.557e-05,0.571,0.111,19555
2610,4.36276,4.29435,8.544e-05,0.588,0.117,19525
2611,4.46304,4.29435,8.531e-05,0.584,0.119,19450
2612,4.32185,4.29435,8.518e-05,0.563,0.109,19525
2613,4.62007,4.29435,8.506e-05,0.599,0.126,19540
2614,4.53735,4.29435,8.493e-05,0.578,0.129,19464
2615,4.33681,4.29435,8.480e-05,0.594,0.126,19535
2616,4.34595,4.29435,8.467e-05,0.625,0.135,19523
2617,4.45229,4.29435,8.455e-05,0.607,0.132,19470
2618,4.46930,4.29435,8.442e-05,0.557,0.109,19521
2619,4.35601,4.29435,8.430e-05,0.678,0.155,19541
2620,4.13229,4.29435,8.417e-05,0.563,0.110,19467
2621,4.33760,4.29435,8.405e-05,0.605,0.132,19487
2622,4.43740,4.29435,8.392e-05,0.556,0.115,19533
2623,4.18925,4.29435,8.380e-05,0.594,0.120,19459
2624,4.27365,4.29435,8.367e-05,0.586,0.117,19510
2625,4.50488,4.29435,8.355e-05,0.605,0.134,19539
2626,4.49328,4.29435,8.342e-05,0.584,0.123,19485
2627,4.43031,4.29435,8.330e-05,0.557,0.111,19494
2628,4.50580,4.29435,8.318e-05,0.562,0.108,19515
2629,4.33779,4.29435,8.306e-05,0.586,0.117,19478
2630,4.46056,4.29435,8.293e-05,0.589,0.126,19497
2631,4.21679,4.29435,8.281e-05,0.560,0.114,19476
2632,4.52847,4.29435,8.269e-05,0.564,0.121,19495
2633,4.40611,4.29435,8.257e-05,0.567,0.119,19472
2634,4.29734,4.29435,8.245e-05,0.576,0.116,19501
2635,4.53505,4.29435,8.233e-05,0.579,0.116,19516
2636,4.49985,4.29435,8.221e-05,0.599,0.127,19469
2637,4.38954,4.29435,8.209e-05,0.586,0.126,19539
2638,4.41778,4.29435,8.197e-05,0.570,0.114,19511
2639,4.40634,4.29435,8.185e-05,0.607,0.121,19464
2640,4.42730,4.29435,8.173e-05,0.658,0.147,19536
2641,4.59564,4.29435,8.161e-05,0.574,0.120,19516
2642,4.17694,4.29435,8.149e-05,0.583,0.117,19436
2643,4.83161,4.29435,8.137e-05,0.645,0.138,19523
2644,4.23784,4.29435,8.125e-05,0.574,0.116,19524
2645,4.32333,4.29435,8.114e-05,0.582,0.117,19457
2646,4.34793,4.29435,8.102e-05,0.616,0.122,19530
2647,4.45208,4.29435,8.090e-05,0.574,0.115,19537
2648,4.25219,4.29435,8.079e-05,0.592,0.123,19477
2649,4.21850,4.29435,8.067e-05,0.573,0.114,19481
2650,4.39894,4.29435,8.055e-05,0.576,0.115,19541
2651,4.28764,4.29435,8.044e-05,0.554,0.113,19469
2652,4.32171,4.29435,8.032e-05,0.560,0.112,19492
2653,4.37342,4.29435,8.021e-05,0.573,0.118,19508
2654,4.40499,4.29435,8.009e-05,0.600,0.122,19489
2655,4.19472,4.29435,7.998e-05,0.595,0.124,19468
2656,4.58557,4.29435,7.986e-05,0.563,0.120,19525
2657,4.30983,4.29435,7.975e-05,0.667,0.163,19524
2658,4.25584,4.29435,7.964e-05,0.599,0.121,19470
2659,4.22814,4.29435,7.952e-05,0.550,0.105,19538
2660,4.43662,4.29435,7.941e-05,0.647,0.147,19518
2661,4.09453,4.29435,7.930e-05,0.636,0.127,19448
2662,4.21872,4.29435,7.918e-05,0.577,0.108,19546
2663,4.33830,4.29435,7.907e-05,0.693,0.150,19519
2664,4.44109,4.29435,7.896e-05,0.573,0.119,19453
2665,4.32453,4.29435,7.885e-05,0.594,0.121,19510
2666,4.51526,4.29435,7.874e-05,0.584,0.112,19503
2667,4.22738,4.29435,7.863e-05,0.572,0.126,19443
2668,4.38572,4.29435,7.852e-05,0.612,0.153,19502
2669,4.38597,4.29435,7.841e-05,0.629,0.131,19539
2670,4.32565,4.29435,7.830e-05,0.568,0.110,19453
2671,4.34104,4.29435,7.819e-05,0.608,0.122,19488
2672,4.22847,4.29435,7.808e-05,0.635,0.131,19514
2673,4.39713,4.29435,7.797e-05,0.625,0.127,19462
2674,4.18560,4.29435,7.786e-05,0.592,0.127,19514
2675,4.39303,4.29435,7.775e-05,0.596,0.113,19516
2676,4.29551,4.29435,7.764e-05,0.608,0.119,19483
2677,4.31846,4.29435,7.754e-05,0.618,0.126,19478
2678,4.31987,4.29435,7.743e-05,0.572,0.114,19503
2679,4.31207,4.29435,7.732e-05,0.623,0.132,19498
2680,4.29462,4.29435,7.722e-05,0.610,0.134,19463
2681,4.25877,4.29435,7.711e-05,0.567,0.123,19502
2682,4.39066,4.29435,7.700e-05,0.583,0.121,19530
2683,4.26354,4.29435,7.690e-05,0.600,0.121,19453
2684,4.32358,4.29435,7.679e-05,0.609,0.121,19520
2685,4.45734,4.29435,7.669e-05,0.610,0.121,19522
2686,4.34195,4.29435,7.658e-05,0.638,0.137,19456
2687,4.39261,4.29435,7.648e-05,0.589,0.114,19513
2688,4.37578,4.29435,7.638e-05,0.543,0.112,19537
2689,4.35185,4.29435,7.627e-05,0.602,0.129,19474
2690,4.47588,4.29435,7.617e-05,0.612,0.128,19528
2691,4.39574,4.29435,7.606e-05,0.589,0.116,19526
2692,4.47334,4.29435,7.596e-05,0.551,0.108,19472
2693,4.46067,4.29435,7.586e-05,0.583,0.125,19532
2694,4.48411,4.29435,7.576e-05,0.607,0.125,19507
2695,4.44867,4.29435,7.566e-05,0.582,0.122,19488
2696,4.46326,4.29435,7.555e-05,0.598,0.121,19491
2697,4.34326,4.29435,7.545e-05,0.612,0.117,19536
2698,4.58355,4.29435,7.535e-05,0.580,0.116,19504
2699,4.27134,4.29435,7.525e-05,0.590,0.117,19506
2700,4.47636,4.29435,7.515e-05,0.554,0.114,19520
2701,4.52677,4.29435,7.505e-05,0.590,0.116,19470
2702,4.24415,4.29435,7.495e-05,0.658,0.133,19466
2703,4.28024,4.29435,7.485e-05,0.570,0.121,19539
2704,4.48435,4.29435,7.475e-05,0.597,0.127,19511
2705,4.37608,4.29435,7.466e-05,0.607,0.123,19479
2706,4.42018,4.29435,7.456e-05,0.593,0.118,19524
2707,4.00311,4.29435,7.446e-05,0.607,0.117,19529
2708,4.05556,4.29435,7.436e-05,0.583,0.114,19446
2709,4.29653,4.29435,7.426e-05,0.590,0.113,19511
2710,4.27890,4.29435,7.417e-05,0.604,0.127,19512
2711,4.36239,4.29435,7.407e-05,0.572,0.113,19441
2712,4.37350,4.29435,7.397e-05,0.569,0.118,19521
2713,4.21785,4.29435,7.388e-05,0.625,0.128,19520
2714,4.28309,4.29435,7.378e-05,0.581,0.111,19458
2715,4.58063,4.29435,7.369e-05,0.587,0.117,19522
2716,4.38801,4.29435,7.359e-05,0.565,0.116,19510
2717,4.35640,4.29435,7.350e-05,0.573,0.113,19458
2718,4.53722,4.29435,7.340e-05,0.564,0.111,19518
2719,4.46814,4.29435,7.331e-05,0.588,0.114,19491
2720,4.53468,4.29435,7.321e-05,0.581,0.113,19493
2721,4.27981,4.29435,7.312e-05,0.602,0.123,19481
2722,4.29241,4.29435,7.303e-05,0.624,0.137,19534
2723,4.26590,4.29435,7.294e-05,0.566,0.116,19483
2724,4.40803,4.29435,7.284e-05,0.600,0.120,19492
2725,4.54099,4.29435,7.275e-05,0.585,0.112,19540
2726,4.20288,4.29435,7.266e-05,0.564,0.113,19496
2727,4.30060,4.29435,7.257e-05,0.568,0.112,19465
2728,4.35646,4.29435,7.248e-05,0.567,0.116,19492
2729,4.34157,4.29435,7.239e-05,0.571,0.115,19530
2730,4.48531,4.29435,7.229e-05,0.582,0.114,19484
2731,4.66182,4.29435,7.220e-05,0.623,0.131,19544
2732,4.51471,4.29435,7.211e-05,0.578,0.117,19519
2733,4.13514,4.29435,7.203e-05,0.583,0.116,19490
2734,4.23716,4.29435,7.194e-05,0.604,0.116,19575
2735,4.41562,4.29435,7.185e-05,0.584,0.112,19536
2736,4.20955,4.29435,7.176e-05,0.591,0.127,19465
2737,4.32350,4.29435,7.167e-05,0.558,0.116,19522
2738,4.27550,4.29435,7.158e-05,0.630,0.121,19519
2739,4.31887,4.29435,7.149e-05,0.553,0.111,19459
2740,4.31789,4.29435,7.141e-05,0.574,0.116,19497
2741,4.20561,4.29435,7.132e-05,0.602,0.127,19529
2742,4.41682,4.29435,7.123e-05,0.565,0.108,19483
2743,4.55530,4.29435,7.115e-05,0.578,0.126,19527
2744,4.35304,4.29435,7.106e-05,0.579,0.138,19546
2745,4.34223,4.29435,7.098e-05,0.558,0.112,19484
2746,4.19640,4.29435,7.089e-05,0.606,0.119,19492
2747,4.53988,4.29435,7.081e-05,0.589,0.112,19515
2748,4.22380,4.29435,7.072e-05,0.588,0.132,19474
2749,4.42526,4.29435,7.064e-05,0.586,0.116,19478
2750,4.44213,4.24884,7.055e-05,0.608,0.117,6097
2751,4.20777,4.24884,7.047e-05,0.589,0.115,19774
2752,4.40189,4.24884,7.039e-05,0.569,0.125,19540
2753,4.19801,4.24884,7.030e-05,0.575,0.112,19502
2754,4.25414,4.24884,7.022e-05,0.577,0.113,19497
2755,4.35920,4.24884,7.014e-05,0.557,0.114,19531
2756,4.17233,4.24884,7.006e-05,0.623,0.127,19517
2757,4.66206,4.24884,6.997e-05,0.566,0.114,19461
2758,4.36815,4.24884,6.989e-05,0.580,0.112,19509
2759,4.37300,4.24884,6.981e-05,0.578,0.121,19541
2760,4.22445,4.24884,6.973e-05,0.569,0.119,19453
2761,4.32177,4.24884,6.965e-05,0.586,0.113,19524
2762,4.37532,4.24884,6.957e-05,0.640,0.135,19525
2763,4.14451,4.24884,6.949e-05,0.608,0.120,19460
2764,4.33428,4.24884,6.941e-05,0.591,0.120,19539
2765,4.49868,4.24884,6.933e-05,0.579,0.114,19536
2766,4.41137,4.24884,6.925e-05,0.586,0.120,19470
2767,4.37873,4.24884,6.917e-05,0.587,0.116,19506
2768,4.33721,4.24884,6.910e-05,0.577,0.112,19521
2769,4.27060,4.24884,6.902e-05,0.608,0.119,19468
2770,4.20699,4.24884,6.894e-05,0.562,0.109,19497
2771,4.13957,4.24884,6.886e-05,0.599,0.130,19526
2772,4.40476,4.24884,6.879e-05,0.586,0.119,19482
2773,4.37616,4.24884,6.871e-05,0.561,0.110,19510
2774,4.19818,4.24884,6.863e-05,0.555,0.107,19528
2775,4.24208,4.24884,6.856e-05,0.558,0.112,19509
2776,4.41602,4.24884,6.848e-05,0.595,0.125,19472
2777,4.31681,4.24884,6.841e-05,0.596,0.117,19521
2778,4.20280,4.24884,6.833e-05,0.618,0.124,19518
2779,4.38364,4.24884,6.826e-05,0.584,0.119,19458
2780,4.33312,4.24884,6.818e-05,0.612,0.127,19529
2781,4.39232,4.24884,6.811e-05,0.579,0.117,19533
2782,4.33138,4.24884,6.804e-05,0.637,0.146,19442
2783,4.15716,4.24884,6.796e-05,0.574,0.111,19526
2784,4.32328,4.24884,6.789e-05,0.595,0.117,19526
2785,4.37847,4.24884,6.782e-05,0.601,0.113,19464
2786,4.28297,4.24884,6.775e-05,0.628,0.127,19510
2787,4.18361,4.24884,6.767e-05,0.593,0.128,19524
2788,4.32654,4.24884,6.760e-05,0.661,0.146,19478
2789,4.15925,4.24884,6.753e-05,0.684,0.147,19515
2790,4.33251,4.24884,6.746e-05,0.638,0.126,19506
2791,4.31856,4.24884,6.739e-05,0.616,0.137,19475
2792,4.32043,4.24884,6.732e-05,0.633,0.130,19506
2793,4.10925,4.24884,6.725e-05,0.602,0.125,19545
2794,4.46188,4.24884,6.718e-05,0.588,0.117,19471
2795,4.56909,4.24884,6.711e-05,0.605,0.128,19506
2796,4.36924,4.24884,6.704e-05,0.578,0.118,19544
2797,4.32829,4.24884,6.697e-05,0.623,0.117,19493
2798,4.39454,4.24884,6.690e-05,0.584,0.118,19467
2799,4.27608,4.24884,6.684e-05,0.592,0.120,19524
2800,4.34856,4.24884,6.677e-05,0.640,0.139,19503
2801,4.25537,4.24884,6.670e-05,0.611,0.122,19453
2802,4.23780,4.24884,6.664e-05,0.613,0.123,19516
2803,4.44959,4.24884,6.657e-05,0.609,0.122,19515
2804,4.56728,4.24884,6.650e-05,0.574,0.106,19474
2805,4.30611,4.24884,6.644e-05,0.591,0.123,19529
2806,4.26147,4.24884,6.637e-05,0.613,0.123,19525
2807,4.35734,4.24884,6.631e-05,0.582,0.116,19472
2808,4.06738,4.24884,6.624e-05,0.593,0.116,19503
2809,4.38186,4.24884,6.618e-05,0.585,0.122,19557
2810,4.18514,4.24884,6.611e-05,0.599,0.123,19457
2811,4.27829,4.24884,6.605e-05,0.588,0.115,19513
2812,4.29222,4.24884,6.598e-05,0.577,0.118,19528
2813,4.29416,4.24884,6.592e-05,0.590,0.124,19449
2814,4.41971,4.24884,6.586e-05,0.581,0.123,19517
2815,4.55968,4.24884,6.580e-05,0.590,0.116,19496
2816,4.39745,4.24884,6.573e-05,0.563,0.116,19442
2817,4.02683,4.24884,6.567e-05,0.589,0.114,19524
2818,4.51367,4.24884,6.561e-05,0.573,0.112,19569
2819,4.45066,4.24884,6.555e-05,0.589,0.113,19492
2820,4.29076,4.24884,6.549e-05,0.589,0.117,19481
2821,4.44177,4.24884,6.543e-05,0.625,0.137,19505
2822,4.24323,4.24884,6.537e-05,0.604,0.126,19513
2823,4.31580,4.24884,6.531e-05,0.579,0.115,19488
2824,4.20991,4.24884,6.525e-05,0.626,0.136,19513
2825,4.20435,4.24884,6.519e-05,0.576,0.121,19496
2826,4.27420,4.24884,6.513e-05,0.591,0.116,19483
2827,4.33566,4.24884,6.507e-05,0.562,0.115,19538
2828,4.30248,4.24884,6.501e-05,0.581,0.117,19489
2829,4.29669,4.24884,6.495e-05,0.593,0.119,19467
2830,4.27217,4.24884,6.490e-05,0.588,0.130,19496
2831,4.28779,4.24884,6.484e-05,0.646,0.137,19516
2832,4.43040,4.24884,6.478e-05,0.551,0.106,19435
2833,4.34605,4.24884,6.473e-05,0.565,0.114,19529
2834,4.38486,4.24884,6.467e-05,0.589,0.116,19533
2835,4.43191,4.24884,6.461e-05,0.592,0.118,19456
2836,4.19858,4.24884,6.456e-05,0.577,0.109,19503
2837,4.41323,4.24884,6.450e-05,0.567,0.116,19517
2838,4.33399,4.24884,6.445e-05,0.578,0.127,19460
2839,4.28223,4.24884,6.439e-05,0.610,0.116,19520
2840,4.23747,4.24884,6.434e-05,0.622,0.129,19504
2841,4.40988,4.24884,6.429e-05,0.558,0.119,19477
2842,4.44661,4.24884,6.423e-05,0.588,0.115,19499
2843,4.41148,4.24884,6.418e-05,0.576,0.112,19538
2844,4.28298,4.24884,6.413e-05,0.584,0.116,19462
2845,4.32331,4.24884,6.407e-05,0.621,0.122,19496
2846,4.30830,4.24884,6.402e-05,0.559,0.112,19521
2847,4.44439,4.24884,6.397e-05,0.603,0.118,19512
2848,4.19851,4.24884,6.392e-05,0.595,0.123,19499
2849,4.20272,4.24884,6.387e-05,0.603,0.117,19503
2850,4.40195,4.24884,6.381e-05,0.556,0.110,19530
2851,4.43119,4.24884,6.376e-05,0.578,0.115,19442
2852,4.52474,4.24884,6.371e-05,0.646,0.130,19507
2853,4.28011,4.24884,6.366e-05,0.585,0.111,19529
2854,4.31920,4.24884,6.361e-05,0.579,0.115,19460
2855,4.34273,4.24884,6.357e-05,0.603,0.120,19517
2856,4.59337,4.24884,6.352e-05,0.592,0.119,19505
2857,4.33487,4.24884,6.347e-05,0.629,0.125,19447
2858,4.04160,4.24884,6.342e-05,0.597,0.124,19542
2859,4.38375,4.24884,6.337e-05,0.610,0.123,19530
2860,4.21133,4.24884,6.332e-05,0.563,0.111,19458
2861,4.35354,4.24884,6.328e-05,0.612,0.122,19499
2862,4.31840,4.24884,6.323e-05,0.586,0.122,19521
2863,4.14879,4.24884,6.318e-05,0.567,0.113,19451
2864,4.18335,4.24884,6.314e-05,0.585,0.120,19503
2865,4.46479,4.24884,6.309e-05,0.576,0.115,19514
2866,4.37997,4.24884,6.305e-05,0.593,0.115,19469
2867,4.48194,4.24884,6.300e-05,0.622,0.118,19509
2868,4.39222,4.24884,6.296e-05,0.584,0.114,19514
2869,4.26286,4.24884,6.291e-05,0.634,0.128,19459
2870,4.46483,4.24884,6.287e-05,0.609,0.117,19490
2871,4.18894,4.24884,6.282e-05,0.607,0.120,19531
2872,4.12702,4.24884,6.278e-05,0.578,0.112,19486
2873,4.46393,4.24884,6.274e-05,0.574,0.122,19505
2874,4.36215,4.24884,6.269e-05,0.637,0.126,19499
2875,4.34161,4.24884,6.265e-05,0.562,0.105,19481
2876,4.30652,4.24884,6.261e-05,0.592,0.114,19466
2877,4.23616,4.24884,6.257e-05,0.603,0.123,19522
2878,4.16954,4.24884,6.253e-05,0.584,0.122,19503
2879,4.30360,4.24884,6.248e-05,0.585,0.115,19440
2880,4.27680,4.24884,6.244e-05,0.618,0.120,19518
2881,4.54567,4.24884,6.240e-05,0.585,0.115,19518
2882,4.46635,4.24884,6.236e-05,0.607,0.119,19436
2883,4.38295,4.24884,6.232e-05,0.595,0.120,19495
2884,4.40994,4.24884,6.228e-05,0.629,0.128,19556
2885,4.25098,4.24884,6.224e-05,0.604,0.124,19437
2886,4.09371,4.24884,6.221e-05,0.597,0.121,19512
2887,4.24556,4.24884,6.217e-05,0.582,0.120,19504
2888,4.11292,4.24884,6.213e-05,0.642,0.126,19492
2889,4.37232,4.24884,6.209e-05,0.632,0.126,19497
2890,4.42662,4.24884,6.205e-05,0.571,0.112,19534
2891,4.44237,4.24884,6.202e-05,0.562,0.107,19481
2892,4.12066,4.24884,6.198e-05,0.625,0.135,19494
2893,4.45888,4.24884,6.194e-05,0.618,0.125,19532
2894,4.40960,4.24884,6.191e-05,0.576,0.110,19487
2895,4.34130,4.24884,6.187e-05,0.553,0.108,19516
2896,4.42890,4.24884,6.184e-05,0.598,0.129,19514
2897,4.41946,4.24884,6.180e-05,0.583,0.117,19519
2898,4.37639,4.24884,6.177e-05,0.574,0.114,19490
2899,4.44252,4.24884,6.173e-05,0.578,0.112,19498
2900,4.63775,4.24884,6.170e-05,0.583,0.117,19525
2901,4.18482,4.24884,6.166e-05,0.645,0.126,19431
2902,4.32198,4.24884,6.163e-05,0.592,0.126,19529
2903,4.37018,4.24884,6.160e-05,0.638,0.130,19525
2904,4.29395,4.24884,6.156e-05,0.556,0.111,19456
2905,4.21146,4.24884,6.153e-05,0.586,0.111,19521
2906,4.31099,4.24884,6.150e-05,0.596,0.125,19552
2907,4.28356,4.24884,6.147e-05,0.576,0.117,19476
2908,4.39277,4.24884,6.144e-05,0.593,0.119,19542
2909,4.42511,4.24884,6.141e-05,0.544,0.105,19551
2910,4.53893,4.24884,6.138e-05,0.641,0.126,19453
2911,4.40862,4.24884,6.135e-05,0.603,0.116,19535
2912,4.27723,4.24884,6.132e-05,0.596,0.113,19517
2913,4.05518,4.24884,6.129e-05,0.603,0.123,19478
2914,4.52626,4.24884,6.126e-05,0.994,0.145,19514
2915,4.26842,4.24884,6.123e-05,0.567,0.112,19546
2916,4.27375,4.24884,6.120e-05,0.609,0.122,19476
2917,4.52922,4.24884,6.117e-05,0.610,0.117,19500
2918,4.24923,4.24884,6.114e-05,0.666,0.138,19532
2919,4.22813,4.24884,6.111e-05,0.569,0.115,19501
2920,4.27385,4.24884,6.109e-05,0.575,0.120,19495
2921,4.13895,4.24884,6.106e-05,0.591,0.120,19514
2922,4.46901,4.24884,6.103e-05,0.608,0.122,19513
2923,4.17185,4.24884,6.101e-05,0.574,0.119,19493
2924,4.50297,4.24884,6.098e-05,0.566,0.112,19541
2925,4.12057,4.24884,6.096e-05,0.588,0.120,19523
2926,4.29013,4.24884,6.093e-05,0.603,0.114,19460
2927,4.27800,4.24884,6.091e-05,0.610,0.117,19539
2928,4.31442,4.24884,6.088e-05,0.609,0.118,19533
2929,4.35603,4.24884,6.086e-05,0.654,0.132,19467
2930,4.23754,4.24884,6.083e-05,0.590,0.115,19529
2931,4.26818,4.24884,6.081e-05,0.591,0.112,19532
2932,4.48286,4.24884,6.079e-05,0.586,0.118,19460
2933,4.51175,4.24884,6.076e-05,0.702,0.151,19515
2934,4.61772,4.24884,6.074e-05,0.604,0.118,19506
2935,4.29607,4.24884,6.072e-05,0.585,0.116,19468
2936,4.57498,4.24884,6.070e-05,0.607,0.121,19525
2937,4.26606,4.24884,6.067e-05,0.603,0.120,19515
2938,4.28010,4.24884,6.065e-05,0.577,0.114,19476
2939,4.44272,4.24884,6.063e-05,0.610,0.119,19540
2940,4.26172,4.24884,6.061e-05,0.599,0.121,19514
2941,4.16325,4.24884,6.059e-05,0.602,0.123,19486
2942,4.53846,4.24884,6.057e-05,0.606,0.120,19511
2943,4.30226,4.24884,6.055e-05,0.605,0.118,19533
2944,4.32188,4.24884,6.053e-05,0.578,0.117,19503
2945,4.25863,4.24884,6.051e-05,0.611,0.117,19474
2946,4.26506,4.24884,6.050e-05,0.576,0.123,19547
2947,4.26807,4.24884,6.048e-05,0.595,0.117,19491
2948,4.34409,4.24884,6.046e-05,0.580,0.109,19465
2949,4.28533,4.24884,6.044e-05,0.583,0.112,19527
2950,4.44598,4.24884,6.042e-05,0.578,0.114,19534
2951,4.20580,4.24884,6.041e-05,0.564,0.114,19470
2952,4.42630,4.24884,6.039e-05,0.596,0.116,19506
2953,4.37411,4.24884,6.038e-05,0.616,0.126,19539
2954,4.37561,4.24884,6.036e-05,0.571,0.113,19448
2955,4.47290,4.24884,6.034e-05,0.627,0.125,19529
2956,3.93872,4.24884,6.033e-05,0.590,0.122,19538
2957,4.12309,4.24884,6.031e-05,0.652,0.131,19483
2958,4.19531,4.24884,6.030e-05,0.597,0.122,19547
2959,4.42863,4.24884,6.029e-05,0.574,0.114,19550
2960,4.52116,4.24884,6.027e-05,0.588,0.118,19443
2961,4.30920,4.24884,6.026e-05,0.618,0.125,19497
2962,4.70021,4.24884,6.025e-05,0.594,0.123,19525
2963,4.21322,4.24884,6.023e-05,0.657,0.142,19464
2964,4.37427,4.24884,6.022e-05,0.681,0.127,19524
2965,4.48836,4.24884,6.021e-05,0.604,0.120,19496
2966,4.38347,4.24884,6.020e-05,0.594,0.112,19468
2967,4.47698,4.24884,6.019e-05,0.573,0.114,19494
2968,4.22334,4.24884,6.017e-05,0.606,0.125,19531
2969,4.30852,4.24884,6.016e-05,0.621,0.125,19495
2970,4.33419,4.24884,6.015e-05,0.623,0.123,19492
2971,4.07272,4.24884,6.014e-05,0.614,0.122,19532
2972,4.46603,4.24884,6.013e-05,0.596,0.116,19508
2973,4.43860,4.24884,6.012e-05,0.594,0.112,19488
2974,4.43566,4.24884,6.011e-05,0.589,0.110,19532
2975,4.42078,4.24884,6.011e-05,0.608,0.121,19506
2976,4.27290,4.24884,6.010e-05,0.586,0.115,19474
2977,4.57264,4.24884,6.009e-05,0.592,0.115,19525
2978,4.36485,4.24884,6.008e-05,0.638,0.131,19530
2979,4.25969,4.24884,6.007e-05,0.540,0.106,19460
2980,4.37977,4.24884,6.007e-05,0.595,0.119,19517
2981,4.07855,4.24884,6.006e-05,0.618,0.119,19523
2982,4.35526,4.24884,6.006e-05,0.583,0.118,19457
2983,4.48208,4.24884,6.005e-05,0.571,0.108,19510
2984,4.25656,4.24884,6.004e-05,0.555,0.110,19521
2985,4.61089,4.24884,6.004e-05,0.572,0.113,19450
2986,4.18394,4.24884,6.003e-05,0.592,0.122,19527
2987,4.59288,4.24884,6.003e-05,0.569,0.110,19527
2988,4.27687,4.24884,6.002e-05,0.583,0.120,19451
2989,4.22258,4.24884,6.002e-05,0.610,0.116,19503
2990,4.26932,4.24884,6.002e-05,0.613,0.132,19522
2991,4.18235,4.24884,6.001e-05,0.587,0.111,19490
2992,4.42827,4.24884,6.001e-05,0.615,0.123,19480
2993,4.36703,4.24884,6.001e-05,0.581,0.110,19533
2994,4.04795,4.24884,6.001e-05,0.606,0.119,19492
2995,4.16369,4.24884,6.000e-05,0.587,0.113,19482
2996,4.38531,4.24884,6.000e-05,0.615,0.124,19526
2997,4.32309,4.24884,6.000e-05,0.605,0.118,19526
2998,4.36449,4.24884,6.000e-05,0.593,0.117,19482
2999,4.34021,4.21870,6.000e-05,0.655,0.135,6091
