step,loss,val_loss,lr,grad_norm,proj_grad_norm,tokens_per_s
0,11.83531,11.81773,3.000e-06,4.587,0.493,7739
1,11.82076,11.81773,6.000e-06,4.720,0.520,27530
2,11.77873,11.81773,9.000e-06,4.543,0.491,27290
3,11.71318,11.81773,1.200e-05,3.862,0.404,27208
4,11.65070,11.81773,1.500e-05,3.261,0.316,27298
5,11.58439,11.81773,1.800e-05,2.673,0.229,27331
6,11.54436,11.81773,2.100e-05,2.415,0.189,27185
7,11.47115,11.81773,2.400e-05,2.298,0.164,27328
8,11.45631,11.81773,2.700e-05,1.834,0.124,27145
9,11.40400,11.81773,3.000e-05,1.731,0.119,27299
10,11.36893,11.81773,3.300e-05,1.582,0.094,27179
11,11.34567,11.81773,3.600e-05,1.512,0.105,27343
12,11.33842,11.81773,3.900e-05,1.567,0.165,27276
13,11.30014,11.81773,4.200e-05,1.337,0.078,27362
14,11.27235,11.81773,4.500e-05,1.354,0.088,27204
15,11.24806,11.81773,4.800e-05,1.259,0.073,27334
16,11.23099,11.81773,5.100e-05,1.177,0.053,27183
17,11.19438,11.81773,5.400e-05,1.237,0.060,27342
18,11.14652,11.81773,5.700e-05,1.302,0.056,27181
19,11.13636,11.81773,6.000e-05,1.184,0.055,27313
20,11.07933,11.81773,6.300e-05,1.339,0.093,27176
21,11.07496,11.81773,6.600e-05,1.176,0.060,27163
22,11.02487,11.81773,6.900e-05,1.216,0.056,27183
23,10.99562,11.81773,7.200e-05,1.168,0.049,27690
24,10.97188,11.81773,7.500e-05,1.150,0.056,27541
25,10.90948,11.81773,7.800e-05,1.348,0.046,27565
26,10.86033,11.81773,8.100e-05,1.279,0.060,27390
27,10.87327,11.81773,8.400e-05,1.213,0.052,27681
28,10.78475,11.81773,8.700e-05,1.243,0.051,27464
29,10.76241,11.81773,9.000e-05,1.152,0.049,27684
30,10.73903,11.81773,9.300e-05,1.124,0.075,27687
31,10.70045,11.81773,9.600e-05,1.113,0.049,27447
32,10.59804,11.81773,9.900e-05,1.230,0.051,27450
33,10.55011,11.81773,1.020e-04,1.203,0.047,27603
34,10.54856,11.81773,1.050e-04,1.097,0.058,27631
35,10.50421,11.81773,1.080e-04,1.142,0.066,27479
36,10.38876,11.81773,1.110e-04,1.159,0.041,27669
37,10.35533,11.81773,1.140e-04,1.203,0.085,27511
38,10.30203,11.81773,1.170e-04,1.102,0.064,27720
39,10.28711,11.81773,1.200e-04,1.278,0.129,27504
40,10.20941,11.81773,1.230e-04,1.068,0.061,27490
41,10.12727,11.81773,1.260e-04,1.250,0.130,27426
42,10.09415,11.81773,1.290e-04,1.124,0.056,27720
43,10.04534,11.81773,1.320e-04,1.241,0.081,27467
44,9.96509,11.81773,1.350e-04,1.151,0.047,27823
45,9.90321,11.81773,1.380e-04,1.205,0.052,27716
46,9.87025,11.81773,1.410e-04,1.087,0.064,27560
47,9.78601,11.81773,1.440e-04,1.232,0.103,27423
48,9.70158,11.81773,1.470e-04,1.295,0.164,27600
49,9.63834,11.81773,1.500e-04,1.218,0.057,27686
50,9.57528,11.81773,1.530e-04,1.135,0.103,27764
51,9.54584,11.81773,1.560e-04,1.085,0.071,27690
52,9.47021,11.81773,1.590e-04,1.165,0.122,27551
53,9.42222,11.81773,1.620e-04,1.172,0.132,27710
54,9.39307,11.81773,1.650e-04,1.176,0.082,27228
55,9.31644,11.81773,1.680e-04,1.291,0.176,27671
56,9.19927,11.81773,1.710e-04,1.126,0.108,27880
57,9.15378,11.81773,1.740e-04,1.123,0.119,27672
58,9.13338,11.81773,1.770e-04,1.161,0.063,27351
59,8.98979,11.81773,1.800e-04,1.356,0.230,27650
60,8.98393,11.81773,1.830e-04,1.114,0.129,27389
61,8.92672,11.81773,1.860e-04,1.243,0.176,27712
62,8.91938,11.81773,1.890e-04,1.079,0.081,27466
63,8.82881,11.81773,1.920e-04,1.168,0.115,27513
64,8.82810,11.81773,1.950e-04,1.072,0.062,27432
65,8.57287,11.81773,1.980e-04,1.082,0.126,27752
66,8.64939,11.81773,2.010e-04,1.195,0.151,27665
67,8.52323,11.81773,2.040e-04,1.027,0.108,27652
68,8.58592,11.81773,2.070e-04,1.022,0.105,27716
69,8.44209,11.81773,2.100e-04,1.058,0.118,27444
70,8.48990,11.81773,2.130e-04,0.986,0.075,27628
71,8.35427,11.81773,2.160e-04,1.065,0.118,27432
72,8.32175,11.81773,2.190e-04,0.969,0.084,27595
73,8.23736,11.81773,2.220e-04,0.924,0.091,27432
74,8.18088,11.81773,2.250e-04,0.874,0.075,27699
75,8.15483,11.81773,2.280e-04,0.912,0.072,27490
76,8.14429,11.81773,2.310e-04,0.909,0.065,27701
77,8.03824,11.81773,2.340e-04,0.944,0.110,27656
78,8.10758,11.81773,2.370e-04,0.886,0.115,27518
79,8.05327,11.81773,2.400e-04,0.994,0.157,27470
80,8.10312,11.81773,2.430e-04,0.947,0.166,27559
81,8.09411,11.81773,2.460e-04,0.812,0.120,27411
82,7.88127,11.81773,2.490e-04,0.888,0.169,27597
83,7.83447,11.81773,2.520e-04,0.805,0.112,27643
84,7.80555,11.81773,2.550e-04,0.838,0.144,27488
85,7.77648,11.81773,2.580e-04,0.733,0.126,27596
86,7.80049,11.81773,2.610e-04,0.690,0.064,27454
87,7.66949,11.81773,2.640e-04,0.874,0.146,27627
88,7.72599,11.81773,2.670e-04,0.672,0.095,27815
89,7.62561,11.81773,2.700e-04,0.720,0.136,27632
90,7.58576,11.81773,2.730e-04,0.615,0.095,27478
91,7.59560,11.81773,2.760e-04,0.694,0.138,27492
92,7.67372,11.81773,2.790e-04,0.572,0.109,27475
93,7.55090,11.81773,2.820e-04,0.731,0.170,27619
94,7.51360,11.81773,2.850e-04,0.991,0.279,27328
95,7.60772,11.81773,2.880e-04,0.835,0.203,27535
96,7.45972,11.81773,2.910e-04,0.630,0.170,27314
97,7.63460,11.81773,2.940e-04,0.915,0.249,27395
98,7.52971,11.81773,2.970e-04,0.734,0.153,27706
99,7.54659,11.81773,3.000e-04,0.534,0.144,27596
100,7.39423,11.81773,3.030e-04,0.466,0.115,27357
101,7.48357,11.81773,3.060e-04,0.520,0.134,27478
102,7.40413,11.81773,3.090e-04,0.430,0.100,27360
103,7.45725,11.81773,3.120e-04,0.563,0.182,27428
104,7.33003,11.81773,3.150e-04,0.669,0.275,27347
105,7.42895,11.81773,3.180e-04,0.534,0.192,27593
106,7.32286,11.81773,3.210e-04,0.471,0.159,27351
107,7.35420,11.81773,3.240e-04,0.733,0.340,27584
108,7.29332,11.81773,3.270e-04,0.572,0.218,27329
109,7.27924,11.81773,3.300e-04,0.515,0.169,27572
110,7.30991,11.81773,3.330e-04,0.418,0.108,27342
111,7.33640,11.81773,3.360e-04,0.508,0.138,27584
112,7.27204,11.81773,3.390e-04,0.421,0.138,27361
113,7.24582,11.81773,3.420e-04,0.484,0.163,27578
114,7.21659,11.81773,3.450e-04,0.659,0.189,27570
115,7.19119,11.81773,3.480e-04,0.846,0.330,27498
116,7.24972,11.81773,3.510e-04,0.770,0.352,27403
117,7.34368,11.81773,3.540e-04,0.748,0.310,27326
118,7.28757,11.81773,3.570e-04,0.797,0.250,27473
119,7.21140,11.81773,3.600e-04,0.688,0.267,27514
120,7.17123,11.81773,3.630e-04,0.426,0.140,27673
121,7.20693,11.81773,3.660e-04,0.686,0.300,27286
122,7.28344,11.81773,3.690e-04,0.743,0.313,27527
123,7.10902,11.81773,3.720e-04,0.625,0.228,27314
124,7.20752,11.81773,3.750e-04,0.549,0.231,27454
125,7.20564,11.81773,3.780e-04,0.616,0.203,27377
126,7.21007,11.81773,3.810e-04,0.692,0.365,27584
127,7.14068,11.81773,3.840e-04,0.809,0.359,27434
128,7.06786,11.81773,3.870e-04,0.559,0.225,27545
129,7.09213,11.81773,3.900e-04,0.487,0.169,27489
130,7.14759,11.81773,3.930e-04,0.675,0.286,27481
131,7.08757,11.81773,3.960e-04,0.456,0.152,27454
132,7.06300,11.81773,3.990e-04,0.549,0.222,27360
133,7.23958,11.81773,4.020e-04,0.437,0.167,27391
134,7.21498,11.81773,4.050e-04,0.579,0.211,27581
135,7.00665,11.81773,4.080e-04,0.514,0.216,27596
136,7.01165,11.81773,4.110e-04,0.556,0.220,27450
137,7.10454,11.81773,4.140e-04,0.536,0.220,27592
138,7.11882,11.81773,4.170e-04,0.483,0.192,27504
139,6.98176,11.81773,4.200e-04,0.407,0.164,27523
140,6.95732,11.81773,4.230e-04,0.588,0.277,27380
141,6.92826,11.81773,4.260e-04,0.706,0.396,27667
142,6.95019,11.81773,4.290e-04,0.587,0.269,27409
143,6.93988,11.81773,4.320e-04,0.749,0.357,27650
144,7.07108,11.81773,4.350e-04,0.830,0.390,27438
145,6.96687,11.81773,4.380e-04,0.642,0.289,27601
146,6.97796,11.81773,4.410e-04,0.825,0.398,27462
147,6.93334,11.81773,4.440e-04,0.553,0.259,27366
148,7.11222,11.81773,4.470e-04,0.646,0.284,27398
149,7.01167,11.81773,4.500e-04,0.538,0.248,27570
150,7.04488,11.81773,4.530e-04,0.745,0.342,27572
151,6.92410,11.81773,4.560e-04,0.615,0.296,27426
152,6.88685,11.81773,4.590e-04,0.716,0.348,28035
153,6.91195,11.81773,4.620e-04,0.863,0.442,27388
154,6.91524,11.81773,4.650e-04,0.573,0.282,27440
155,6.84867,11.81773,4.680e-04,0.644,0.352,27353
156,6.96885,11.81773,4.710e-04,0.749,0.454,27570
157,6.91478,11.81773,4.740e-04,1.007,0.510,27390
158,6.94332,11.81773,4.770e-04,1.237,0.614,27585
159,6.98198,11.81773,4.800e-04,0.818,0.424,27338
160,6.74322,11.81773,4.830e-04,0.823,0.404,27676
161,6.90011,11.81773,4.860e-04,0.641,0.270,27401
162,6.90075,11.81773,4.890e-04,0.781,0.355,27394
163,6.92782,11.81773,4.920e-04,0.764,0.391,27469
164,6.90477,11.81773,4.950e-04,0.744,0.426,27617
165,6.93266,11.81773,4.980e-04,0.614,0.317,27477
166,6.88812,11.81773,5.010e-04,0.513,0.224,27570
167,6.81310,11.81773,5.040e-04,0.592,0.313,27668
168,6.84875,11.81773,5.070e-04,0.575,0.227,27460
169,6.76876,11.81773,5.100e-04,0.630,0.336,27427
170,6.79488,11.81773,5.130e-04,0.841,0.454,27366
171,6.78171,11.81773,5.160e-04,0.602,0.297,27550
172,6.89970,11.81773,5.190e-04,0.500,0.244,27467
173,6.86653,11.81773,5.220e-04,0.555,0.292,27614
174,6.83130,11.81773,5.250e-04,0.573,0.267,27424
175,6.91530,11.81773,5.280e-04,0.891,0.534,27583
176,6.78697,11.81773,5.310e-04,1.590,1.076,27396
177,6.81094,11.81773,5.340e-04,0.868,0.477,27392
178,6.71503,11.81773,5.370e-04,0.965,0.341,27351
179,6.78673,11.81773,5.400e-04,0.678,0.328,27523
180,6.76717,11.81773,5.430e-04,0.847,0.415,27384
181,6.86350,11.81773,5.460e-04,0.801,0.433,27535
182,6.72868,11.81773,5.490e-04,0.672,0.354,27599
183,6.78987,11.81773,5.520e-04,1.086,0.644,27477
184,6.87618,11.81773,5.550e-04,0.812,0.421,27501
185,6.67773,11.81773,5.580e-04,0.649,0.346,27393
186,6.86828,11.81773,5.610e-04,0.536,0.253,27526
187,6.70426,11.81773,5.640e-04,0.592,0.284,27508
188,6.62569,11.81773,5.670e-04,0.594,0.346,27562
189,6.70008,11.81773,5.700e-04,0.523,0.270,27362
190,6.72753,11.81773,5.730e-04,0.587,0.258,27613
191,6.62092,11.81773,5.760e-04,0.564,0.282,27318
192,6.55759,11.81773,5.790e-04,0.618,0.278,27426
193,6.79052,11.81773,5.820e-04,0.704,0.389,27306
194,6.77584,11.81773,5.850e-04,0.889,0.487,27514
195,6.77453,11.81773,5.880e-04,0.979,0.549,27552
196,6.73416,11.81773,5.910e-04,0.813,0.495,27654
197,6.65304,11.81773,5.940e-04,0.856,0.467,27500
198,6.60062,11.81773,5.970e-04,0.668,0.392,27490
199,6.67092,11.81773,6.000e-04,0.575,0.291,27458
200,6.65018,11.81773,6.000e-04,0.563,0.294,27311
201,6.87230,11.81773,6.000e-04,0.590,0.267,27420
202,6.67551,11.81773,6.000e-04,0.754,0.421,27472
203,6.62835,11.81773,6.000e-04,0.728,0.389,27560
204,6.68866,11.81773,6.000e-04,0.756,0.396,27336
205,6.59356,11.81773,6.000e-04,0.765,0.441,27588
206,6.61842,11.81773,6.000e-04,0.762,0.415,27381
207,6.74513,11.81773,6.000e-04,0.625,0.342,27469
208,6.68068,11.81773,6.000e-04,0.602,0.312,27314
209,6.82722,11.81773,6.000e-04,0.963,0.526,27621
210,6.64900,11.81773,6.000e-04,0.745,0.356,27397
211,6.67783,11.81773,6.000e-04,0.755,0.378,27540
212,6.57629,11.81773,6.000e-04,0.649,0.315,27454
213,6.53986,11.81773,6.000e-04,0.771,0.409,27552
214,6.57861,11.81773,6.000e-04,0.709,0.373,27378
215,6.59952,11.81773,6.000e-04,0.715,0.394,27341
216,6.66148,11.81773,6.000e-04,0.604,0.327,27460
217,6.67893,11.81773,6.000e-04,0.714,0.325,27878
218,6.53262,11.81773,5.999e-04,0.710,0.421,27515
219,6.57538,11.81773,5.999e-04,0.586,0.273,27350
220,6.64764,11.81773,5.999e-04,0.587,0.306,27573
221,6.58464,11.81773,5.999e-04,0.536,0.284,27265
222,6.65437,11.81773,5.999e-04,0.701,0.422,27420
223,6.47150,11.81773,5.999e-04,0.734,0.447,27280
224,6.59228,11.81773,5.999e-04,0.667,0.370,27548
225,6.57387,11.81773,5.999e-04,0.832,0.466,27359
226,6.53294,11.81773,5.999e-04,0.698,0.376,27592
227,6.55326,11.81773,5.999e-04,0.639,0.375,27507
228,6.65758,11.81773,5.999e-04,0.687,0.409,27551
229,6.57620,11.81773,5.999e-04,0.919,0.609,27337
230,6.63665,11.81773,5.998e-04,0.677,0.397,27314
231,6.37073,11.81773,5.998e-04,0.748,0.448,27266
232,6.68875,11.81773,5.998e-04,0.894,0.513,27600
233,6.55324,11.81773,5.998e-04,1.016,0.627,27583
234,6.67604,11.81773,5.998e-04,0.617,0.339,27304
235,6.57857,11.81773,5.998e-04,0.707,0.397,27504
236,6.49904,11.81773,5.998e-04,0.706,0.420,27247
237,6.65644,11.81773,5.998e-04,0.835,0.426,27400
238,6.55514,11.81773,5.998e-04,1.011,0.592,27405
239,6.55777,11.81773,5.997e-04,0.796,0.495,27538
240,6.54730,11.81773,5.997e-04,0.652,0.334,27381
241,6.52523,11.81773,5.997e-04,0.701,0.404,27572
242,6.51152,11.81773,5.997e-04,0.687,0.302,27324
243,6.59117,11.81773,5.997e-04,0.635,0.329,27603
244,6.56499,11.81773,5.997e-04,0.583,0.293,27417
245,6.40270,11.81773,5.997e-04,0.854,0.495,27316
246,6.57634,11.81773,5.996e-04,0.677,0.328,27323
247,6.60105,11.81773,5.996e-04,0.932,0.558,27472
248,6.41039,11.81773,5.996e-04,0.754,0.423,27463
249,6.51323,11.81773,5.996e-04,0.728,0.402,27487
250,6.48797,6.45342,5.996e-04,0.636,0.334,8365
251,6.41641,6.45342,5.996e-04,0.689,0.364,27575
252,6.53743,6.45342,5.995e-04,0.655,0.329,27556
253,6.66319,6.45342,5.995e-04,0.765,0.404,27381
254,6.44335,6.45342,5.995e-04,0.719,0.414,27535
255,6.56857,6.45342,5.995e-04,0.832,0.429,27493
256,6.40930,6.45342,5.995e-04,0.987,0.439,27365
257,6.40110,6.45342,5.994e-04,0.728,0.357,27390
258,6.56990,6.45342,5.994e-04,0.713,0.408,27317
259,6.41085,6.45342,5.994e-04,0.815,0.493,27358
260,6.55157,6.45342,5.994e-04,0.642,0.370,27623
261,6.54991,6.45342,5.994e-04,0.829,0.535,27584
262,6.52583,6.45342,5.993e-04,1.539,1.145,27392
263,6.47445,6.45342,5.993e-04,1.021,0.702,27580
264,6.48574,6.45342,5.993e-04,0.837,0.479,27300
265,6.30915,6.45342,5.993e-04,0.847,0.547,27402
266,6.35226,6.45342,5.993e-04,0.620,0.373,27276
267,6.58756,6.45342,5.992e-04,0.685,0.395,27537
268,6.48594,6.45342,5.992e-04,0.916,0.576,27504
269,6.51298,6.45342,5.992e-04,0.572,0.315,27513
270,6.51572,6.45342,5.992e-04,0.577,0.312,27439
271,6.36364,6.45342,5.991e-04,0.595,0.350,27429
272,6.38127,6.45342,5.991e-04,0.633,0.362,27360
273,6.36971,6.45342,5.991e-04,0.539,0.275,27316
274,6.39463,6.45342,5.991e-04,0.647,0.342,27313
275,6.36150,6.45342,5.990e-04,0.609,0.330,27533
276,6.43704,6.45342,5.990e-04,0.546,0.285,27543
277,6.48144,6.45342,5.990e-04,0.563,0.284,27369
278,6.42691,6.45342,5.990e-04,0.536,0.284,27634
279,6.29835,6.45342,5.989e-04,0.677,0.408,27479
280,6.54500,6.45342,5.989e-04,0.650,0.340,27433
281,6.41361,6.45342,5.989e-04,0.655,0.369,27303
282,6.45456,6.45342,5.989e-04,0.679,0.358,27546
283,6.38948,6.45342,5.988e-04,0.696,0.374,27411
284,6.30690,6.45342,5.988e-04,0.611,0.316,27551
285,6.39653,6.45342,5.988e-04,0.620,0.327,27367
286,6.35753,6.45342,5.987e-04,0.585,0.326,27477
287,6.33583,6.45342,5.987e-04,0.773,0.482,27380
288,6.41443,6.45342,5.987e-04,0.697,0.464,27400
289,6.43917,6.45342,5.987e-04,0.803,0.531,27345
290,6.39533,6.45342,5.986e-04,0.469,0.234,27602
291,6.44447,6.45342,5.986e-04,0.710,0.438,27475
292,6.36456,6.45342,5.986e-04,0.525,0.264,27470
293,6.47269,6.45342,5.985e-04,0.605,0.314,27567
294,6.25211,6.45342,5.985e-04,0.548,0.305,27332
295,6.36930,6.45342,5.985e-04,0.534,0.278,27383
296,6.33425,6.45342,5.984e-04,0.549,0.307,27341
297,6.41420,6.45342,5.984e-04,0.493,0.262,27560
298,6.37770,6.45342,5.984e-04,0.557,0.277,27432
299,6.39842,6.45342,5.983e-04,0.492,0.247,27607
300,6.23607,6.45342,5.983e-04,0.741,0.459,27380
301,6.35462,6.45342,5.983e-04,0.704,0.410,27174
302,6.42031,6.45342,5.982e-04,0.568,0.275,27306
303,6.29176,6.45342,5.982e-04,0.636,0.323,27391
304,6.40475,6.45342,5.982e-04,0.527,0.261,27348
305,6.35863,6.45342,5.981e-04,0.583,0.336,27617
306,6.26716,6.45342,5.981e-04,0.605,0.348,27544
307,6.23383,6.45342,5.981e-04,0.731,0.440,27525
308,6.40701,6.45342,5.980e-04,0.600,0.292,27543
309,6.35446,6.45342,5.980e-04,0.719,0.389,27314
310,6.31827,6.45342,5.979e-04,0.711,0.364,27401
311,6.36122,6.45342,5.979e-04,0.632,0.330,27415
312,6.45816,6.45342,5.979e-04,0.777,0.420,27561
313,6.33680,6.45342,5.978e-04,0.740,0.460,27425
314,6.27425,6.45342,5.978e-04,0.651,0.360,27561
315,6.37314,6.45342,5.978e-04,0.553,0.296,27321
316,6.34893,6.45342,5.977e-04,0.708,0.417,27570
317,6.31972,6.45342,5.977e-04,0.827,0.554,27376
318,6.25265,6.45342,5.976e-04,0.968,0.628,27393
319,6.44370,6.45342,5.976e-04,0.625,0.293,27354
320,6.33827,6.45342,5.976e-04,0.776,0.463,27554
321,6.30916,6.45342,5.975e-04,0.651,0.325,27087
322,6.27378,6.45342,5.975e-04,0.639,0.340,27446
323,6.38232,6.45342,5.974e-04,0.591,0.307,27615
324,6.41175,6.45342,5.974e-04,0.744,0.431,27485
325,6.11861,6.45342,5.973e-04,0.801,0.461,27445
326,6.31077,6.45342,5.973e-04,0.575,0.275,27306
327,6.36756,6.45342,5.973e-04,0.591,0.291,27542
328,6.30348,6.45342,5.972e-04,0.546,0.246,27338
329,6.29695,6.45342,5.972e-04,0.550,0.275,27654
330,6.48390,6.45342,5.971e-04,0.590,0.308,27390
331,6.08846,6.45342,5.971e-04,0.598,0.319,27594
332,6.35767,6.45342,5.970e-04,0.577,0.311,27374
333,6.32836,6.45342,5.970e-04,0.525,0.255,27787
334,6.33102,6.45342,5.970e-04,0.548,0.294,27369
335,6.25628,6.45342,5.969e-04,0.496,0.246,27337
336,6.28103,6.45342,5.969e-04,0.540,0.268,27505
337,6.25086,6.45342,5.968e-04,0.616,0.323,27348
338,6.25295,6.45342,5.968e-04,0.523,0.272,27369
339,6.27901,6.45342,5.967e-04,0.680,0.394,27266
340,6.27495,6.45342,5.967e-04,0.659,0.409,27563
341,6.37308,6.45342,5.966e-04,0.775,0.390,26937
342,6.23386,6.45342,5.966e-04,0.596,0.346,27477
343,6.50065,6.45342,5.965e-04,0.739,0.341,27578
344,6.43978,6.45342,5.965e-04,0.869,0.534,27343
345,6.18508,6.45342,5.964e-04,0.611,0.338,27340
346,6.20623,6.45342,5.964e-04,0.603,0.361,27393
347,6.32937,6.45342,5.963e-04,0.489,0.242,27470
348,6.29678,6.45342,5.963e-04,0.667,0.402,27445
349,6.16604,6.45342,5.962e-04,0.726,0.461,27555
350,6.19051,6.45342,5.962e-04,0.696,0.385,27308
351,6.34906,6.45342,5.961e-04,0.512,0.235,27582
352,6.31223,6.45342,5.961e-04,0.562,0.289,27355
353,6.33314,6.45342,5.960e-04,0.672,0.405,27387
354,6.37001,6.45342,5.960e-04,0.525,0.257,27459
355,6.26974,6.45342,5.959e-04,0.603,0.333,27560
356,6.26736,6.45342,5.959e-04,0.639,0.347,27369
357,6.10464,6.45342,5.958e-04,0.522,0.254,27515
358,6.57175,6.45342,5.958e-04,0.674,0.344,27164
359,6.21236,6.45342,5.957e-04,1.007,0.594,27135
360,6.19320,6.45342,5.957e-04,0.629,0.353,27018
361,6.19745,6.45342,5.956e-04,0.696,0.365,26989
362,6.32606,6.45342,5.956e-04,0.636,0.312,27097
363,6.16469,6.45342,5.955e-04,0.647,0.356,27338
364,6.10595,6.45342,5.954e-04,0.705,0.435,27256
365,6.20533,6.45342,5.954e-04,0.806,0.519,27578
366,6.16421,6.45342,5.953e-04,0.564,0.280,27103
367,6.26404,6.45342,5.953e-04,0.682,0.389,27237
368,6.39236,6.45342,5.952e-04,0.573,0.265,26945
369,6.24488,6.45342,5.952e-04,0.635,0.333,27054
370,6.28201,6.45342,5.951e-04,0.661,0.370,27143
371,6.30234,6.45342,5.950e-04,0.579,0.299,27179
372,6.26469,6.45342,5.950e-04,0.667,0.367,27389
373,6.11607,6.45342,5.949e-04,0.676,0.377,27452
374,6.20691,6.45342,5.949e-04,0.620,0.307,27342
375,6.13679,6.45342,5.948e-04,0.692,0.409,27465
376,6.17515,6.45342,5.948e-04,0.565,0.296,27375
377,6.16712,6.45342,5.947e-04,0.587,0.288,27463
378,6.27929,6.45342,5.946e-04,0.661,0.344,27402
379,6.12971,6.45342,5.946e-04,0.488,0.234,27451
380,6.25788,6.45342,5.945e-04,0.580,0.292,27069
381,6.27304,6.45342,5.945e-04,0.609,0.329,27027
382,6.11198,6.45342,5.944e-04,0.522,0.277,27007
383,6.17290,6.45342,5.943e-04,0.647,0.368,27247
384,6.10586,6.45342,5.943e-04,0.608,0.355,27100
385,6.06788,6.45342,5.942e-04,0.515,0.253,27320
386,6.20592,6.45342,5.941e-04,0.516,0.254,27276
387,6.18087,6.45342,5.941e-04,0.600,0.352,27469
388,6.10468,6.45342,5.940e-04,0.621,0.344,27288
389,6.20351,6.45342,5.940e-04,0.624,0.343,27334
390,6.13470,6.45342,5.939e-04,0.562,0.280,27150
391,6.19139,6.45342,5.938e-04,0.561,0.262,27278
392,6.15492,6.45342,5.938e-04,0.573,0.304,27162
393,6.13681,6.45342,5.937e-04,0.596,0.311,27322
394,6.18362,6.45342,5.936e-04,0.520,0.264,27146
395,6.09685,6.45342,5.936e-04,0.656,0.360,27480
396,6.09113,6.45342,5.935e-04,0.703,0.415,27335
397,6.26859,6.45342,5.934e-04,0.584,0.265,27871
398,6.13932,6.45342,5.934e-04,0.938,0.622,27317
399,6.07935,6.45342,5.933e-04,0.716,0.458,27623
400,6.06467,6.45342,5.932e-04,0.614,0.326,27396
401,6.24573,6.45342,5.932e-04,0.546,0.310,27203
402,6.26097,6.45342,5.931e-04,0.674,0.351,27410
403,6.15024,6.45342,5.930e-04,0.681,0.380,27556
404,6.18421,6.45342,5.930e-04,0.595,0.300,27436
405,6.11815,6.45342,5.929e-04,0.589,0.312,27328
406,6.18884,6.45342,5.928e-04,0.580,0.300,27335
407,6.23488,6.45342,5.928e-04,0.515,0.245,27571
408,6.07541,6.45342,5.927e-04,0.609,0.331,27603
409,6.10372,6.45342,5.926e-04,0.594,0.304,27442
410,6.03730,6.45342,5.925e-04,0.573,0.293,27572
411,6.07185,6.45342,5.925e-04,0.640,0.352,27403
412,6.16949,6.45342,5.924e-04,0.602,0.291,27434
413,6.10142,6.45342,5.923e-04,0.639,0.362,27335
414,6.00899,6.45342,5.923e-04,0.613,0.323,27298
415,6.17240,6.45342,5.922e-04,0.545,0.272,27028
416,6.03164,6.45342,5.921e-04,0.650,0.355,27324
417,6.12972,6.45342,5.920e-04,0.606,0.320,27076
418,6.07072,6.45342,5.920e-04,0.696,0.367,27338
419,6.19747,6.45342,5.919e-04,0.653,0.321,27209
420,5.98265,6.45342,5.918e-04,0.576,0.303,27582
421,6.09402,6.45342,5.917e-04,0.687,0.385,27334
422,6.18462,6.45342,5.917e-04,0.590,0.307,27401
423,6.10500,6.45342,5.916e-04,0.722,0.416,27462
424,6.16851,6.45342,5.915e-04,0.593,0.285,27460
425,6.20601,6.45342,5.914e-04,0.608,0.344,27573
426,6.12900,6.45342,5.914e-04,0.527,0.257,27379
427,6.20262,6.45342,5.913e-04,0.656,0.340,27404
428,6.07364,6.45342,5.912e-04,0.682,0.348,27305
429,6.23476,6.45342,5.911e-04,0.600,0.312,27649
430,6.11392,6.45342,5.911e-04,0.671,0.396,27403
431,6.15265,6.45342,5.910e-04,0.701,0.405,27494
432,6.14565,6.45342,5.909e-04,0.572,0.305,27114
433,6.03937,6.45342,5.908e-04,0.539,0.287,27726
434,6.19797,6.45342,5.907e-04,0.560,0.271,27650
435,6.01712,6.45342,5.907e-04,0.625,0.324,27636
436,6.12244,6.45342,5.906e-04,0.645,0.321,27625
437,5.99785,6.45342,5.905e-04,0.475,0.232,27669
438,6.09695,6.45342,5.904e-04,0.625,0.295,27827
439,6.05585,6.45342,5.904e-04,0.658,0.341,27857
440,5.97134,6.45342,5.903e-04,0.640,0.331,27851
441,6.10182,6.45342,5.902e-04,0.707,0.353,27252
442,5.98827,6.45342,5.901e-04,0.745,0.413,27659
443,5.91420,6.45342,5.900e-04,0.570,0.298,27730
444,6.14297,6.45342,5.899e-04,0.582,0.271,27899
445,6.14288,6.45342,5.899e-04,0.530,0.244,27769
446,6.01167,6.45342,5.898e-04,0.550,0.281,27694
447,6.04638,6.45342,5.897e-04,0.646,0.354,27709
448,6.16649,6.45342,5.896e-04,0.586,0.292,27749
449,6.03789,6.45342,5.895e-04,0.555,0.254,27800
450,6.09357,6.45342,5.894e-04,0.541,0.266,27830
451,6.07796,6.45342,5.894e-04,0.567,0.266,27781
452,5.98186,6.45342,5.893e-04,0.563,0.251,27807
453,6.01057,6.45342,5.892e-04,0.617,0.314,27729
454,5.98739,6.45342,5.891e-04,0.611,0.328,27774
455,6.14596,6.45342,5.890e-04,0.594,0.259,27892
456,6.07353,6.45342,5.889e-04,0.635,0.336,27822
457,6.06043,6.45342,5.889e-04,0.596,0.277,27732
458,6.17817,6.45342,5.888e-04,0.550,0.242,27739
459,6.11453,6.45342,5.887e-04,0.731,0.357,27751
460,6.12550,6.45342,5.886e-04,0.691,0.385,27823
461,6.24204,6.45342,5.885e-04,0.613,0.315,27658
462,6.04496,6.45342,5.884e-04,0.583,0.300,27909
463,6.02316,6.45342,5.883e-04,0.649,0.362,27785
464,6.13064,6.45342,5.882e-04,0.530,0.276,27746
465,6.03261,6.45342,5.882e-04,0.542,0.235,27716
466,6.08582,6.45342,5.881e-04,0.620,0.317,27874
467,6.11869,6.45342,5.880e-04,0.573,0.288,27832
468,6.14847,6.45342,5.879e-04,0.635,0.310,27783
469,6.06380,6.45342,5.878e-04,0.679,0.393,27805
470,5.99562,6.45342,5.877e-04,0.711,0.382,27765
471,5.94352,6.45342,5.876e-04,0.700,0.413,27793
472,5.99425,6.45342,5.875e-04,0.646,0.353,27964
473,6.03413,6.45342,5.874e-04,0.543,0.267,27844
474,6.32109,6.45342,5.873e-04,0.633,0.287,27779
475,5.92512,6.45342,5.872e-04,0.815,0.450,27748
476,6.03215,6.45342,5.872e-04,0.814,0.443,27732
477,6.11515,6.45342,5.871e-04,0.669,0.292,27834
478,5.94478,6.45342,5.870e-04,0.594,0.319,27868
479,6.29377,6.45342,5.869e-04,0.770,0.362,27732
480,5.99282,6.45342,5.868e-04,0.533,0.248,27803
481,5.99813,6.45342,5.867e-04,0.613,0.282,27393
482,6.08654,6.45342,5.866e-04,0.579,0.269,27739
483,5.92505,6.45342,5.865e-04,0.598,0.259,27982
484,5.96947,6.45342,5.864e-04,0.607,0.299,27779
485,5.96651,6.45342,5.863e-04,0.653,0.360,27755
486,6.08187,6.45342,5.862e-04,0.537,0.240,27757
487,5.99814,6.45342,5.861e-04,0.850,0.405,27763
488,6.01036,6.45342,5.860e-04,0.658,0.340,27845
489,6.10156,6.45342,5.859e-04,0.550,0.247,27916
490,6.06116,6.45342,5.858e-04,0.551,0.234,27761
491,5.96938,6.45342,5.857e-04,0.535,0.267,27715
492,6.04686,6.45342,5.856e-04,0.536,0.217,27760
493,6.14751,6.45342,5.855e-04,0.504,0.218,27777
494,5.82470,6.45342,5.854e-04,0.590,0.257,28040
495,5.92612,6.45342,5.853e-04,0.499,0.235,27843
496,6.08907,6.45342,5.852e-04,0.543,0.241,27715
497,6.06033,6.45342,5.851e-04,0.609,0.282,27824
498,5.80661,6.45342,5.850e-04,0.650,0.372,27709
499,6.05251,6.45342,5.849e-04,0.642,0.333,27793
500,5.81138,5.92120,5.848e-04,0.732,0.344,8437
501,6.08588,5.92120,5.847e-04,0.636,0.325,27823
502,5.84747,5.92120,5.846e-04,0.545,0.272,27738
503,5.95010,5.92120,5.845e-04,0.568,0.281,27812
504,5.93973,5.92120,5.844e-04,0.644,0.315,27761
505,6.07933,5.92120,5.843e-04,0.660,0.298,27740
506,6.02254,5.92120,5.842e-04,0.689,0.312,27749
507,5.94905,5.92120,5.841e-04,0.597,0.291,27934
508,5.89822,5.92120,5.840e-04,0.728,0.316,27769
509,5.89714,5.92120,5.839e-04,0.825,0.468,27744
510,5.89190,5.92120,5.838e-04,0.905,0.557,27773
511,6.05136,5.92120,5.837e-04,0.607,0.299,27764
512,6.16947,5.92120,5.836e-04,0.656,0.320,27830
513,5.91319,5.92120,5.835e-04,0.654,0.320,27847
514,6.18501,5.92120,5.834e-04,0.585,0.248,27972
515,5.93381,5.92120,5.833e-04,0.600,0.300,27747
516,5.96413,5.92120,5.832e-04,0.560,0.256,27585
517,5.91688,5.92120,5.831e-04,0.514,0.249,27450
518,5.93882,5.92120,5.830e-04,0.561,0.256,27884
519,5.92161,5.92120,5.829e-04,0.604,0.311,27747
520,5.94640,5.92120,5.828e-04,0.648,0.339,27757
521,5.95720,5.92120,5.827e-04,0.625,0.310,27371
522,6.05375,5.92120,5.826e-04,0.587,0.284,27733
523,5.97978,5.92120,5.825e-04,0.547,0.234,27886
524,6.05345,5.92120,5.824e-04,0.847,0.428,27999
525,5.93602,5.92120,5.822e-04,0.713,0.352,27812
526,5.98910,5.92120,5.821e-04,0.686,0.367,27784
527,5.94256,5.92120,5.820e-04,0.614,0.277,27752
528,5.92694,5.92120,5.819e-04,0.719,0.363,27786
529,5.87086,5.92120,5.818e-04,0.745,0.386,27890
530,5.94354,5.92120,5.817e-04,0.638,0.281,27821
531,5.89763,5.92120,5.816e-04,0.656,0.347,27783
532,5.88465,5.92120,5.815e-04,0.598,0.272,27761
533,5.79995,5.92120,5.814e-04,0.634,0.309,27771
534,5.74785,5.92120,5.813e-04,0.726,0.309,27852
535,6.05285,5.92120,5.812e-04,0.654,0.288,27949
536,6.11006,5.92120,5.810e-04,0.611,0.275,27805
537,5.90038,5.92120,5.809e-04,0.623,0.274,27760
538,6.02113,5.92120,5.808e-04,0.615,0.297,27779
539,5.88218,5.92120,5.807e-04,0.584,0.290,27811
540,5.88606,5.92120,5.806e-04,0.515,0.247,27900
541,5.86538,5.92120,5.805e-04,0.589,0.265,27368
542,5.83144,5.92120,5.804e-04,0.556,0.245,27750
543,5.72833,5.92120,5.803e-04,0.671,0.328,27803
544,5.86059,5.92120,5.801e-04,0.589,0.294,27801
545,5.93642,5.92120,5.800e-04,0.524,0.242,27795
546,5.95366,5.92120,5.799e-04,0.571,0.258,27991
547,5.95765,5.92120,5.798e-04,0.753,0.339,27812
548,5.96372,5.92120,5.797e-04,0.748,0.396,27743
549,6.01323,5.92120,5.796e-04,0.639,0.283,27769
550,5.98928,5.92120,5.794e-04,0.826,0.430,27810
551,5.90100,5.92120,5.793e-04,0.550,0.238,27881
552,5.86667,5.92120,5.792e-04,0.629,0.333,27925
553,5.87044,5.92120,5.791e-04,0.741,0.365,27774
554,5.96899,5.92120,5.790e-04,0.640,0.298,27693
555,5.96452,5.92120,5.789e-04,0.648,0.320,27716
556,6.06998,5.92120,5.787e-04,0.640,0.295,27728
557,5.91368,5.92120,5.786e-04,0.583,0.265,28023
558,5.89611,5.92120,5.785e-04,0.629,0.291,27813
559,5.97174,5.92120,5.784e-04,0.533,0.236,27766
560,5.87802,5.92120,5.783e-04,0.716,0.327,27771
561,5.73654,5.92120,5.782e-04,0.623,0.319,27465
562,5.88427,5.92120,5.780e-04,0.687,0.334,27723
563,5.98312,5.92120,5.779e-04,0.650,0.294,27871
564,6.00232,5.92120,5.778e-04,0.538,0.237,27726
565,6.00297,5.92120,5.777e-04,0.629,0.304,27730
566,5.95734,5.92120,5.776e-04,0.574,0.252,27771
567,5.92820,5.92120,5.774e-04,0.534,0.239,27724
568,5.80984,5.92120,5.773e-04,0.563,0.264,28003
569,5.80474,5.92120,5.772e-04,0.532,0.239,27765
570,5.90587,5.92120,5.771e-04,0.501,0.215,27740
571,5.86492,5.92120,5.769e-04,0.554,0.248,27745
572,5.81128,5.92120,5.768e-04,0.640,0.324,27783
573,5.72316,5.92120,5.767e-04,0.707,0.369,27788
574,5.89929,5.92120,5.766e-04,0.610,0.295,27870
575,5.82324,5.92120,5.765e-04,0.575,0.262,27750
576,5.81479,5.92120,5.763e-04,0.599,0.287,27715
577,5.87314,5.92120,5.762e-04,0.605,0.254,27741
578,5.90639,5.92120,5.761e-04,0.615,0.291,27725
579,5.86871,5.92120,5.760e-04,0.815,0.338,28394
580,5.86760,5.92120,5.758e-04,0.696,0.321,27855
581,5.82529,5.92120,5.757e-04,0.585,0.289,27347
582,5.90068,5.92120,5.756e-04,0.658,0.299,27665
583,5.93466,5.92120,5.755e-04,0.622,0.295,27736
584,5.71417,5.92120,5.753e-04,0.568,0.274,27750
585,5.93842,5.92120,5.752e-04,0.662,0.319,27857
586,5.90780,5.92120,5.751e-04,0.562,0.251,27770
587,5.79020,5.92120,5.749e-04,0.632,0.286,27758
588,5.95816,5.92120,5.748e-04,0.573,0.264,27712
589,5.86771,5.92120,5.747e-04,0.629,0.278,27770
590,5.83394,5.92120,5.746e-04,0.581,0.244,27943
591,5.82253,5.92120,5.744e-04,0.727,0.365,27844
592,5.77737,5.92120,5.743e-04,0.591,0.281,27717
593,5.76030,5.92120,5.742e-04,0.740,0.383,27741
594,5.85746,5.92120,5.740e-04,0.653,0.333,27774
595,5.90986,5.92120,5.739e-04,0.587,0.250,27783
596,5.86548,5.92120,5.738e-04,0.673,0.300,27889
597,5.82358,5.92120,5.737e-04,0.775,0.411,27786
598,5.79930,5.92120,5.735e-04,0.635,0.252,27809
599,5.83768,5.92120,5.734e-04,0.707,0.353,27799
600,5.62077,5.92120,5.733e-04,0.724,0.374,27756
601,6.01704,5.92120,5.731e-04,0.585,0.260,27532
602,5.91971,5.92120,5.730e-04,0.564,0.248,27718
603,5.94069,5.92120,5.729e-04,0.633,0.279,27756
604,5.79114,5.92120,5.727e-04,0.624,0.275,27733
605,5.86406,5.92120,5.726e-04,0.558,0.216,27784
606,5.87242,5.92120,5.725e-04,0.644,0.276,27758
607,5.85977,5.92120,5.723e-04,0.577,0.227,27909
608,5.73057,5.92120,5.722e-04,0.676,0.305,27808
609,5.80823,5.92120,5.721e-04,0.636,0.289,27785
610,5.99756,5.92120,5.719e-04,0.612,0.265,27720
611,5.66089,5.92120,5.718e-04,0.708,0.363,27843
612,5.63892,5.92120,5.717e-04,0.678,0.332,27828
613,5.72264,5.92120,5.715e-04,0.632,0.282,27853
614,5.89424,5.92120,5.714e-04,0.628,0.305,27756
615,5.78787,5.92120,5.713e-04,0.554,0.248,27723
616,6.05225,5.92120,5.711e-04,0.712,0.281,27781
617,5.84002,5.92120,5.710e-04,0.585,0.250,27729
618,5.89286,5.92120,5.708e-04,0.520,0.214,27911
619,5.79307,5.92120,5.707e-04,0.630,0.292,27810
620,5.85658,5.92120,5.706e-04,0.565,0.217,27810
621,5.83430,5.92120,5.704e-04,0.608,0.250,27330
622,5.95639,5.92120,5.703e-04,0.627,0.271,27710
623,5.77127,5.92120,5.702e-04,0.591,0.273,27812
624,5.85681,5.92120,5.700e-04,0.684,0.286,27876
625,5.89543,5.92120,5.699e-04,0.633,0.267,27774
626,5.60679,5.92120,5.697e-04,0.574,0.258,27736
627,5.81726,5.92120,5.696e-04,0.626,0.277,27736
628,5.74810,5.92120,5.695e-04,0.625,0.292,27769
629,5.93779,5.92120,5.693e-04,0.589,0.253,27876
630,5.76335,5.92120,5.692e-04,0.771,0.378,27855
631,5.92632,5.92120,5.690e-04,0.756,0.296,27762
632,5.76951,5.92120,5.689e-04,0.670,0.316,27749
633,5.67460,5.92120,5.688e-04,0.647,0.268,27789
634,5.83617,5.92120,5.686e-04,0.619,0.269,27800
635,5.83155,5.92120,5.685e-04,0.548,0.232,27881
636,5.78452,5.92120,5.683e-04,0.640,0.310,27802
637,5.76994,5.92120,5.682e-04,0.566,0.242,27765
638,5.87873,5.92120,5.680e-04,0.657,0.301,27752
639,5.60728,5.92120,5.679e-04,0.597,0.273,27747
640,5.79722,5.92120,5.678e-04,0.598,0.269,27859
641,5.80003,5.92120,5.676e-04,0.590,0.252,27371
642,5.98319,5.92120,5.675e-04,0.554,0.209,27672
643,5.74883,5.92120,5.673e-04,0.675,0.315,27773
644,6.01378,5.92120,5.672e-04,0.571,0.219,28234
645,5.84398,5.92120,5.670e-04,0.641,0.268,27786
646,5.87219,5.92120,5.669e-04,0.588,0.261,27917
647,5.74387,5.92120,5.667e-04,0.605,0.239,27768
648,5.71485,5.92120,5.666e-04,0.633,0.307,27752
649,5.89608,5.92120,5.665e-04,0.560,0.235,27744
650,5.74849,5.92120,5.663e-04,0.645,0.268,27784
651,5.65236,5.92120,5.662e-04,0.586,0.278,27826
652,5.57749,5.92120,5.660e-04,0.675,0.335,27888
653,5.92479,5.92120,5.659e-04,0.551,0.210,27783
654,5.77290,5.92120,5.657e-04,0.609,0.274,27764
655,5.82594,5.92120,5.656e-04,0.611,0.258,27858
656,5.82334,5.92120,5.654e-04,0.634,0.257,27762
657,5.71879,5.92120,5.653e-04,0.601,0.286,27847
658,5.72588,5.92120,5.651e-04,0.574,0.214,27841
659,5.76390,5.92120,5.650e-04,0.567,0.260,27755
660,5.83996,5.92120,5.648e-04,0.563,0.228,27760
661,5.72124,5.92120,5.647e-04,0.595,0.273,27487
662,5.73944,5.92120,5.645e-04,0.615,0.282,27733
663,5.71678,5.92120,5.644e-04,0.672,0.321,27933
664,6.03451,5.92120,5.642e-04,0.598,0.212,27789
665,5.86924,5.92120,5.641e-04,0.612,0.257,27774
666,5.84011,5.92120,5.639e-04,0.641,0.260,27865
667,5.82941,5.92120,5.638e-04,0.648,0.254,27805
668,5.78963,5.92120,5.636e-04,0.582,0.220,27825
669,5.56463,5.92120,5.635e-04,0.608,0.271,27859
670,5.75853,5.92120,5.633e-04,0.672,0.291,27709
671,5.74139,5.92120,5.632e-04,0.625,0.262,27791
672,5.89457,5.92120,5.630e-04,0.582,0.247,27789
673,5.82229,5.92120,5.629e-04,0.831,0.351,27793
674,5.70411,5.92120,5.627e-04,0.663,0.315,27915
675,5.80125,5.92120,5.626e-04,0.666,0.260,27824
676,5.70383,5.92120,5.624e-04,0.629,0.282,27739
677,5.85037,5.92120,5.622e-04,0.710,0.291,27896
678,5.67471,5.92120,5.621e-04,0.739,0.306,27781
679,5.87667,5.92120,5.619e-04,0.676,0.279,27859
680,5.77873,5.92120,5.618e-04,0.558,0.236,27871
681,5.76606,5.92120,5.616e-04,0.631,0.276,27362
682,5.70925,5.92120,5.615e-04,0.645,0.307,27744
683,5.84510,5.92120,5.613e-04,0.634,0.277,27794
684,5.66374,5.92120,5.612e-04,0.700,0.356,27736
685,5.72245,5.92120,5.610e-04,0.736,0.336,27900
686,5.64411,5.92120,5.608e-04,0.619,0.272,27821
687,5.79612,5.92120,5.607e-04,0.650,0.273,27773
688,5.70422,5.92120,5.605e-04,0.562,0.239,27859
689,5.59654,5.92120,5.604e-04,0.686,0.304,27771
690,5.75652,5.92120,5.602e-04,0.650,0.285,27799
691,5.83518,5.92120,5.601e-04,0.589,0.210,27929
692,5.73635,5.92120,5.599e-04,0.591,0.214,27791
693,5.60117,5.92120,5.597e-04,0.576,0.234,27801
694,5.74155,5.92120,5.596e-04,0.641,0.232,27749
695,5.50453,5.92120,5.594e-04,0.637,0.274,27816
696,5.60933,5.92120,5.593e-04,0.563,0.253,27899
697,5.68106,5.92120,5.591e-04,0.856,0.313,27887
698,5.62665,5.92120,5.589e-04,0.568,0.254,27827
699,5.73977,5.92120,5.588e-04,0.626,0.260,27816
700,5.73624,5.92120,5.586e-04,0.645,0.284,27735
701,5.67749,5.92120,5.585e-04,0.564,0.231,27505
702,5.74151,5.92120,5.583e-04,0.650,0.281,27799
703,5.74470,5.92120,5.581e-04,0.650,0.286,27848
704,5.76956,5.92120,5.580e-04,0.702,0.324,27753
705,5.86932,5.92120,5.578e-04,0.670,0.268,27767
706,5.60612,5.92120,5.576e-04,0.599,0.272,27753
707,5.67538,5.92120,5.575e-04,0.800,0.341,27877
708,5.71031,5.92120,5.573e-04,0.615,0.293,27879
709,5.67207,5.92120,5.572e-04,0.661,0.300,28016
710,5.74896,5.92120,5.570e-04,0.672,0.312,27899
711,5.70143,5.92120,5.568e-04,0.600,0.255,27780
712,5.63615,5.92120,5.567e-04,0.701,0.334,27753
713,5.82675,5.92120,5.565e-04,0.641,0.274,27882
714,5.73748,5.92120,5.563e-04,0.702,0.335,27824
715,5.74128,5.92120,5.562e-04,0.629,0.283,27794
716,5.66878,5.92120,5.560e-04,0.675,0.297,27774
717,5.83342,5.92120,5.558e-04,0.674,0.262,27805
718,5.72354,5.92120,5.557e-04,0.627,0.281,27842
719,5.68455,5.92120,5.555e-04,0.602,0.221,27948
720,5.76275,5.92120,5.553e-04,0.624,0.209,27858
721,5.67764,5.92120,5.552e-04,0.566,0.231,27361
722,5.79415,5.92120,5.550e-04,0.606,0.252,27707
723,5.72881,5.92120,5.548e-04,0.614,0.232,27754
724,5.68821,5.92120,5.547e-04,0.648,0.289,27895
725,5.61616,5.92120,5.545e-04,0.589,0.254,27889
726,5.61808,5.92120,5.543e-04,0.633,0.243,27796
727,5.73485,5.92120,5.542e-04,0.618,0.217,27812
728,5.78539,5.92120,5.540e-04,0.608,0.234,27826
729,5.60084,5.92120,5.538e-04,0.645,0.233,27790
730,5.62444,5.92120,5.537e-04,0.587,0.250,27903
731,5.78017,5.92120,5.535e-04,0.658,0.262,27896
732,5.50543,5.92120,5.533e-04,0.643,0.269,27796
733,5.79322,5.92120,5.531e-04,0.636,0.232,27781
734,5.60054,5.92120,5.530e-04,0.725,0.306,27809
735,5.76488,5.92120,5.528e-04,0.734,0.302,27872
736,5.63116,5.92120,5.526e-04,0.702,0.320,27896
737,5.78498,5.92120,5.525e-04,0.637,0.246,27822
738,5.68732,5.92120,5.523e-04,0.573,0.223,27771
739,5.78324,5.92120,5.521e-04,0.696,0.330,27782
740,5.69468,5.92120,5.519e-04,0.670,0.288,27818
741,5.62826,5.92120,5.518e-04,0.691,0.313,27481
742,5.75757,5.92120,5.516e-04,0.703,0.296,27828
743,5.69687,5.92120,5.514e-04,0.671,0.285,27785
744,5.72171,5.92120,5.512e-04,0.693,0.294,27770
745,5.60049,5.92120,5.511e-04,0.629,0.260,27818
746,5.55890,5.92120,5.509e-04,0.656,0.246,27880
747,5.70359,5.92120,5.507e-04,0.619,0.233,27918
748,5.77575,5.92120,5.506e-04,0.683,0.275,27787
749,5.55876,5.92120,5.504e-04,0.661,0.283,27790
750,5.59857,5.62128,5.502e-04,0.624,0.271,8494
751,5.66428,5.62128,5.500e-04,0.681,0.256,27760
752,5.55131,5.62128,5.499e-04,0.604,0.272,27710
753,5.55321,5.62128,5.497e-04,0.613,0.238,27799
754,5.68079,5.62128,5.495e-04,0.595,0.238,27939
755,5.68616,5.62128,5.493e-04,0.604,0.266,27889
756,5.73991,5.62128,5.491e-04,0.732,0.283,27772
757,5.61720,5.62128,5.490e-04,0.633,0.274,27799
758,5.80845,5.62128,5.488e-04,0.601,0.206,27806
759,5.60029,5.62128,5.486e-04,0.610,0.239,27841
760,5.71414,5.62128,5.484e-04,0.618,0.232,27926
761,5.74862,5.62128,5.483e-04,0.761,0.295,27379
762,5.77333,5.62128,5.481e-04,0.667,0.252,27941
763,5.79177,5.62128,5.479e-04,0.652,0.274,27803
764,5.56105,5.62128,5.477e-04,0.641,0.280,27810
765,5.51182,5.62128,5.475e-04,0.655,0.289,27924
766,5.69258,5.62128,5.474e-04,0.593,0.210,27812
767,5.57085,5.62128,5.472e-04,0.722,0.374,27816
768,5.62769,5.62128,5.470e-04,0.586,0.248,27790
769,5.81703,5.62128,5.468e-04,0.603,0.214,27766
770,5.57515,5.62128,5.466e-04,0.588,0.219,27846
771,5.66106,5.62128,5.465e-04,0.586,0.225,27945
772,5.64873,5.62128,5.463e-04,0.636,0.243,27948
773,5.70645,5.62128,5.461e-04,0.603,0.231,27863
774,5.69468,5.62128,5.459e-04,0.627,0.236,27813
775,5.78745,5.62128,5.457e-04,0.537,0.211,27814
776,5.58904,5.62128,5.456e-04,0.634,0.233,27853
777,5.57521,5.62128,5.454e-04,0.624,0.242,27924
778,5.48100,5.62128,5.452e-04,0.644,0.259,27743
779,5.72219,5.62128,5.450e-04,0.659,0.278,27743
780,5.60692,5.62128,5.448e-04,0.632,0.292,27755
781,5.57468,5.62128,5.446e-04,0.612,0.270,27493
782,5.58501,5.62128,5.445e-04,0.649,0.260,27835
783,5.79037,5.62128,5.443e-04,0.601,0.226,27882
784,5.52551,5.62128,5.441e-04,0.719,0.322,27835
785,5.49127,5.62128,5.439e-04,0.651,0.284,27824
786,5.54361,5.62128,5.437e-04,0.684,0.278,27784
787,5.59338,5.62128,5.435e-04,0.612,0.249,27806
788,5.74404,5.62128,5.433e-04,0.599,0.235,27974
789,5.54671,5.62128,5.432e-04,0.567,0.235,27801
790,5.49543,5.62128,5.430e-04,0.584,0.220,27811
791,5.59620,5.62128,5.428e-04,0.559,0.211,27783
792,5.42642,5.62128,5.426e-04,0.627,0.249,27813
793,5.60470,5.62128,5.424e-04,0.606,0.249,27932
794,5.68940,5.62128,5.422e-04,0.649,0.225,27973
795,5.47480,5.62128,5.420e-04,0.645,0.252,27836
796,5.68161,5.62128,5.418e-04,0.682,0.264,27760
797,5.73559,5.62128,5.417e-04,0.742,0.264,27798
798,5.68934,5.62128,5.415e-04,0.678,0.291,27788
799,5.50535,5.62128,5.413e-04,0.634,0.278,27946
800,5.87064,5.62128,5.411e-04,0.651,0.216,27837
801,5.58877,5.62128,5.409e-04,0.691,0.243,27381
802,5.73249,5.62128,5.407e-04,0.688,0.252,27771
803,5.43961,5.62128,5.405e-04,0.627,0.262,27759
804,5.81335,5.62128,5.403e-04,0.602,0.236,27872
805,5.71714,5.62128,5.401e-04,0.633,0.213,28006
806,5.56069,5.62128,5.400e-04,0.582,0.225,27843
807,5.53306,5.62128,5.398e-04,0.632,0.231,27789
808,5.71622,5.62128,5.396e-04,0.655,0.237,27767
809,5.64511,5.62128,5.394e-04,0.718,0.273,27824
810,5.68181,5.62128,5.392e-04,0.636,0.241,27879
811,5.81831,5.62128,5.390e-04,0.707,0.256,27856
812,5.55254,5.62128,5.388e-04,0.644,0.255,27749
813,5.65413,5.62128,5.386e-04,0.608,0.229,27788
814,5.69752,5.62128,5.384e-04,0.553,0.211,27866
815,5.57910,5.62128,5.382e-04,0.587,0.227,27815
816,5.46638,5.62128,5.380e-04,0.592,0.241,28021
817,5.70675,5.62128,5.378e-04,0.595,0.232,27854
818,5.56371,5.62128,5.377e-04,0.693,0.267,27786
819,5.57817,5.62128,5.375e-04,0.603,0.231,27781
820,5.60778,5.62128,5.373e-04,0.655,0.254,27816
821,5.48376,5.62128,5.371e-04,0.595,0.242,27476
822,5.52951,5.62128,5.369e-04,0.730,0.255,27800
823,5.54916,5.62128,5.367e-04,0.672,0.248,27822
824,5.53388,5.62128,5.365e-04,0.598,0.231,27757
825,5.62890,5.62128,5.363e-04,0.652,0.239,27857
826,5.93616,5.62128,5.361e-04,0.555,0.203,27777
827,5.51851,5.62128,5.359e-04,0.657,0.284,28417
828,5.50833,5.62128,5.357e-04,0.658,0.264,27850
829,5.72949,5.62128,5.355e-04,0.669,0.272,27808
830,5.67589,5.62128,5.353e-04,0.585,0.218,27815
831,5.57565,5.62128,5.351e-04,0.626,0.203,27786
832,5.37987,5.62128,5.349e-04,0.581,0.234,27799
833,5.55456,5.62128,5.347e-04,0.638,0.243,27968
834,5.63732,5.62128,5.345e-04,0.595,0.230,27834
835,5.71152,5.62128,5.343e-04,0.544,0.198,27807
836,5.45327,5.62128,5.341e-04,0.623,0.258,27824
837,5.69392,5.62128,5.339e-04,0.547,0.190,27901
838,5.67370,5.62128,5.337e-04,0.657,0.252,27963
839,5.49577,5.62128,5.335e-04,0.617,0.228,27936
840,5.61544,5.62128,5.333e-04,0.639,0.252,27834
841,5.54742,5.62128,5.331e-04,0.603,0.243,27393
842,5.63794,5.62128,5.329e-04,0.691,0.275,27768
843,5.68043,5.62128,5.327e-04,0.635,0.249,27844
844,5.74120,5.62128,5.325e-04,0.552,0.198,27944
845,5.71654,5.62128,5.323e-04,0.651,0.252,27856
846,5.60130,5.62128,5.321e-04,0.545,0.193,27739
847,5.65919,5.62128,5.319e-04,0.697,0.225,27748
848,5.61458,5.62128,5.317e-04,0.611,0.221,27775
849,5.61889,5.62128,5.315e-04,0.641,0.248,27906
850,5.71951,5.62128,5.313e-04,0.591,0.211,27947
851,5.59495,5.62128,5.311e-04,0.566,0.224,27744
852,5.69151,5.62128,5.309e-04,0.613,0.221,27737
853,5.49945,5.62128,5.307e-04,0.592,0.218,27756
854,5.53193,5.62128,5.305e-04,0.594,0.209,27733
855,5.55160,5.62128,5.303e-04,0.631,0.247,27889
856,5.71179,5.62128,5.301e-04,0.635,0.227,27864
857,5.51487,5.62128,5.299e-04,0.683,0.272,27754
858,5.44997,5.62128,5.297e-04,0.648,0.244,27767
859,5.46426,5.62128,5.295e-04,0.659,0.244,27807
860,5.52644,5.62128,5.293e-04,0.748,0.275,27843
861,5.51424,5.62128,5.291e-04,0.614,0.256,27393
862,5.58628,5.62128,5.289e-04,0.669,0.265,27698
863,5.78914,5.62128,5.287e-04,0.655,0.250,27803
864,5.68372,5.62128,5.285e-04,0.659,0.225,27772
865,5.42959,5.62128,5.283e-04,0.650,0.231,27767
866,5.59932,5.62128,5.281e-04,0.644,0.257,27857
867,5.68171,5.62128,5.279e-04,0.572,0.189,27863
868,5.64434,5.62128,5.276e-04,0.623,0.223,27568
869,5.51862,5.62128,5.274e-04,0.599,0.222,27526
870,5.40893,5.62128,5.272e-04,0.571,0.196,27521
871,5.57920,5.62128,5.270e-04,0.600,0.218,27535
872,5.59698,5.62128,5.268e-04,0.604,0.212,27647
873,5.53757,5.62128,5.266e-04,0.678,0.246,27536
874,5.56911,5.62128,5.264e-04,0.624,0.236,27484
875,5.48876,5.62128,5.262e-04,0.621,0.241,27437
876,5.47439,5.62128,5.260e-04,0.608,0.252,27533
877,5.70665,5.62128,5.258e-04,0.620,0.227,27663
878,5.71955,5.62128,5.256e-04,0.665,0.216,27530
879,5.43893,5.62128,5.254e-04,0.643,0.273,27511
880,5.55562,5.62128,5.252e-04,0.625,0.223,27538
881,5.64570,5.62128,5.249e-04,0.733,0.286,27205
882,5.46049,5.62128,5.247e-04,0.625,0.222,27519
883,5.44241,5.62128,5.245e-04,0.644,0.244,27597
884,5.58980,5.62128,5.243e-04,0.761,0.243,27529
885,5.60950,5.62128,5.241e-04,0.680,0.233,27535
886,5.64058,5.62128,5.239e-04,0.795,0.321,27534
887,5.47586,5.62128,5.237e-04,0.616,0.205,27558
888,5.44963,5.62128,5.235e-04,0.659,0.282,27598
889,5.69759,5.62128,5.233e-04,0.609,0.228,27491
890,5.64712,5.62128,5.230e-04,0.667,0.239,27539
891,5.61829,5.62128,5.228e-04,0.696,0.284,27541
892,5.39915,5.62128,5.226e-04,0.636,0.217,28251
893,5.58551,5.62128,5.224e-04,0.614,0.234,27896
894,5.52720,5.62128,5.222e-04,0.772,0.270,27803
895,5.69692,5.62128,5.220e-04,0.646,0.228,27769
896,5.54798,5.62128,5.218e-04,0.582,0.227,27729
897,5.46194,5.62128,5.216e-04,0.547,0.195,27790
898,5.73089,5.62128,5.213e-04,0.623,0.221,27841
899,5.47315,5.62128,5.211e-04,0.690,0.281,27926
900,5.38641,5.62128,5.209e-04,0.619,0.233,27724
901,5.54764,5.62128,5.207e-04,0.603,0.223,27320
902,5.61567,5.62128,5.205e-04,0.638,0.245,27729
903,5.49196,5.62128,5.203e-04,0.692,0.246,27866
904,5.44640,5.62128,5.201e-04,0.621,0.246,27837
905,5.35590,5.62128,5.198e-04,0.680,0.248,27824
906,5.72448,5.62128,5.196e-04,0.683,0.235,27784
907,5.50430,5.62128,5.194e-04,0.622,0.264,27773
908,5.39500,5.62128,5.192e-04,0.637,0.265,27763
909,5.50217,5.62128,5.190e-04,0.605,0.237,27844
910,5.66701,5.62128,5.188e-04,0.586,0.189,27998
911,5.43410,5.62128,5.185e-04,0.580,0.199,27865
912,5.38495,5.62128,5.183e-04,0.629,0.225,27914
913,5.46597,5.62128,5.181e-04,0.539,0.184,27848
914,5.55109,5.62128,5.179e-04,0.601,0.217,27916
915,5.41487,5.62128,5.177e-04,0.594,0.215,27880
916,5.57066,5.62128,5.175e-04,0.579,0.210,27924
917,5.45360,5.62128,5.172e-04,0.653,0.254,27812
918,5.48397,5.62128,5.170e-04,0.573,0.207,27850
919,5.57969,5.62128,5.168e-04,0.655,0.250,27812
920,5.58379,5.62128,5.166e-04,0.592,0.203,27880
921,5.64389,5.62128,5.164e-04,0.525,0.191,27495
922,5.62290,5.62128,5.161e-04,0.673,0.241,27809
923,5.45638,5.62128,5.159e-04,0.599,0.230,27830
924,5.48729,5.62128,5.157e-04,0.635,0.227,27816
925,5.57637,5.62128,5.155e-04,0.673,0.221,27955
926,5.44604,5.62128,5.153e-04,0.655,0.230,27937
927,5.54602,5.62128,5.150e-04,0.759,0.284,27954
928,5.42355,5.62128,5.148e-04,0.674,0.268,27808
929,5.49820,5.62128,5.146e-04,0.650,0.245,27841
930,5.50823,5.62128,5.144e-04,0.639,0.238,27859
931,5.37142,5.62128,5.142e-04,0.675,0.252,27796
932,5.53860,5.62128,5.139e-04,0.669,0.237,27926
933,5.50652,5.62128,5.137e-04,0.693,0.244,27864
934,5.42248,5.62128,5.135e-04,0.598,0.228,27869
935,5.40947,5.62128,5.133e-04,0.674,0.248,27898
936,5.53101,5.62128,5.131e-04,0.623,0.200,27933
937,5.67487,5.62128,5.128e-04,0.645,0.207,27919
938,5.55806,5.62128,5.126e-04,0.622,0.208,27942
939,5.50873,5.62128,5.124e-04,0.586,0.190,27906
940,5.41236,5.62128,5.122e-04,0.605,0.192,27850
941,5.56336,5.62128,5.119e-04,0.568,0.171,27471
942,5.55699,5.62128,5.117e-04,0.677,0.235,27787
943,5.47942,5.62128,5.115e-04,0.724,0.245,27916
944,5.54878,5.62128,5.113e-04,0.562,0.201,27978
945,5.53902,5.62128,5.110e-04,0.707,0.251,27812
946,5.43540,5.62128,5.108e-04,0.618,0.197,27851
947,5.60955,5.62128,5.106e-04,0.640,0.236,27925
948,5.28123,5.62128,5.104e-04,0.540,0.203,27900
949,5.20413,5.62128,5.101e-04,0.647,0.252,27922
950,5.31764,5.62128,5.099e-04,0.681,0.247,27912
951,5.57076,5.62128,5.097e-04,0.644,0.196,27835
952,5.33125,5.62128,5.095e-04,0.711,0.287,27878
953,5.48732,5.62128,5.092e-04,0.665,0.230,27824
954,5.51530,5.62128,5.090e-04,0.654,0.238,27871
955,5.41380,5.62128,5.088e-04,0.645,0.229,27985
956,5.40100,5.62128,5.086e-04,0.647,0.217,27875
957,5.56811,5.62128,5.083e-04,0.645,0.228,28007
958,5.52508,5.62128,5.081e-04,0.615,0.208,27966
959,5.48529,5.62128,5.079e-04,0.635,0.222,27798
960,5.57541,5.62128,5.076e-04,0.598,0.193,27822
961,5.36908,5.62128,5.074e-04,0.619,0.209,27449
962,5.54106,5.62128,5.072e-04,0.673,0.232,27732
963,5.49269,5.62128,5.070e-04,0.621,0.206,27803
964,5.32486,5.62128,5.067e-04,0.665,0.248,27755
965,5.45553,5.62128,5.065e-04,0.659,0.219,27792
966,5.53589,5.62128,5.063e-04,0.627,0.193,27874
967,5.65559,5.62128,5.060e-04,0.737,0.260,27855
968,5.65829,5.62128,5.058e-04,0.703,0.222,27853
969,5.55083,5.62128,5.056e-04,0.650,0.217,27818
970,5.53107,5.62128,5.054e-04,0.679,0.248,27792
971,5.27533,5.62128,5.051e-04,0.609,0.195,27787
972,5.43784,5.62128,5.049e-04,0.649,0.229,27921
973,5.49518,5.62128,5.047e-04,0.569,0.180,27837
974,5.40791,5.62128,5.044e-04,0.663,0.237,27796
975,5.32234,5.62128,5.042e-04,0.635,0.242,27763
976,5.28928,5.62128,5.040e-04,0.655,0.243,27758
977,5.69208,5.62128,5.037e-04,0.687,0.220,27835
978,5.48320,5.62128,5.035e-04,0.685,0.242,27903
979,5.43790,5.62128,5.033e-04,0.632,0.207,27822
980,5.48268,5.62128,5.030e-04,0.613,0.209,27773
981,5.66134,5.62128,5.028e-04,0.775,0.263,27378
982,5.50738,5.62128,5.026e-04,0.854,0.316,27735
983,5.52849,5.62128,5.023e-04,0.715,0.259,27869
984,5.52460,5.62128,5.021e-04,0.743,0.271,27896
985,5.48242,5.62128,5.019e-04,0.621,0.216,27800
986,5.32925,5.62128,5.016e-04,0.731,0.301,27759
987,5.45110,5.62128,5.014e-04,0.688,0.238,27816
988,5.29886,5.62128,5.012e-04,0.683,0.261,27795
989,5.59799,5.62128,5.009e-04,0.712,0.217,27862
990,5.47860,5.62128,5.007e-04,0.698,0.268,27889
991,5.48395,5.62128,5.005e-04,0.664,0.225,27755
992,5.46185,5.62128,5.002e-04,0.744,0.249,27785
993,5.50217,5.62128,5.000e-04,0.725,0.223,27810
994,5.44044,5.62128,4.998e-04,0.704,0.214,27877
995,5.50395,5.62128,4.995e-04,0.595,0.195,27856
996,5.61783,5.62128,4.993e-04,0.655,0.198,27799
997,5.42279,5.62128,4.991e-04,0.701,0.207,27789
998,5.52095,5.62128,4.988e-04,0.658,0.224,27755
999,5.24839,5.62128,4.986e-04,0.651,0.222,27792
1000,5.54545,5.41057,4.983e-04,0.665,0.199,8443
1001,5.49100,5.41057,4.981e-04,0.806,0.265,27852
1002,5.71618,5.41057,4.979e-04,0.638,0.202,27767
1003,5.34740,5.41057,4.976e-04,0.678,0.215,27708
1004,5.58122,5.41057,4.974e-04,0.601,0.195,27746
1005,5.34117,5.41057,4.972e-04,0.618,0.211,27779
1006,5.25690,5.41057,4.969e-04,0.618,0.198,27793
1007,5.39841,5.41057,4.967e-04,0.632,0.209,27863
1008,5.42253,5.41057,4.964e-04,0.698,0.210,27786
1009,5.43346,5.41057,4.962e-04,0.730,0.251,27764
1010,5.61323,5.41057,4.960e-04,0.658,0.227,27990
1011,5.38690,5.41057,4.957e-04,0.644,0.216,27721
1012,5.38875,5.41057,4.955e-04,0.625,0.232,27794
1013,5.52076,5.41057,4.952e-04,0.643,0.238,27906
1014,5.38036,5.41057,4.950e-04,0.648,0.215,27761
1015,5.30477,5.41057,4.948e-04,0.680,0.224,27785
1016,5.37103,5.41057,4.945e-04,0.682,0.229,27788
1017,5.37808,5.41057,4.943e-04,0.764,0.239,27798
1018,5.43954,5.41057,4.940e-04,0.614,0.194,27827
1019,5.45846,5.41057,4.938e-04,0.702,0.234,27904
1020,5.28458,5.41057,4.936e-04,0.746,0.267,27875
1021,5.52380,5.41057,4.933e-04,0.683,0.198,27419
1022,5.56845,5.41057,4.931e-04,0.697,0.203,27667
1023,5.52367,5.41057,4.928e-04,0.682,0.220,27772
1024,5.55584,5.41057,4.926e-04,0.690,0.226,27923
1025,5.42034,5.41057,4.924e-04,0.682,0.254,27809
1026,5.52701,5.41057,4.921e-04,0.650,0.205,27769
1027,5.46033,5.41057,4.919e-04,0.764,0.271,27832
1028,5.28818,5.41057,4.916e-04,0.677,0.250,27776
1029,5.51614,5.41057,4.914e-04,0.674,0.224,27841
1030,5.55280,5.41057,4.911e-04,0.746,0.268,27850
1031,5.45035,5.41057,4.909e-04,0.715,0.254,27815
1032,5.47873,5.41057,4.907e-04,0.610,0.187,27780
1033,5.54944,5.41057,4.904e-04,0.661,0.237,27752
1034,5.41294,5.41057,4.902e-04,0.655,0.210,27777
1035,5.46393,5.41057,4.899e-04,0.575,0.184,27925
1036,5.50316,5.41057,4.897e-04,0.649,0.214,27844
1037,5.25149,5.41057,4.894e-04,0.648,0.207,27761
1038,5.35624,5.41057,4.892e-04,0.629,0.215,27792
1039,5.25983,5.41057,4.889e-04,0.592,0.202,27829
1040,5.56001,5.41057,4.887e-04,0.661,0.194,27802
1041,5.40755,5.41057,4.885e-04,0.685,0.236,27427
1042,5.45091,5.41057,4.882e-04,0.615,0.190,27784
1043,5.64021,5.41057,4.880e-04,0.651,0.184,27854
1044,5.45819,5.41057,4.877e-04,0.626,0.219,27735
1045,5.33370,5.41057,4.875e-04,0.664,0.216,27790
1046,5.44370,5.41057,4.872e-04,0.668,0.238,27906
1047,5.48093,5.41057,4.870e-04,0.608,0.196,27844
1048,5.49859,5.41057,4.867e-04,0.767,0.237,27847
1049,5.21130,5.41057,4.865e-04,0.650,0.240,27778
1050,5.40176,5.41057,4.862e-04,0.728,0.231,27796
1051,5.28134,5.41057,4.860e-04,0.737,0.241,27795
1052,5.50567,5.41057,4.857e-04,0.605,0.192,27897
1053,5.31722,5.41057,4.855e-04,0.631,0.221,27894
1054,5.22347,5.41057,4.853e-04,0.671,0.214,27782
1055,5.51575,5.41057,4.850e-04,0.626,0.206,27763
1056,5.24312,5.41057,4.848e-04,0.630,0.227,27863
1057,5.31639,5.41057,4.845e-04,0.641,0.214,27844
1058,5.62525,5.41057,4.843e-04,0.761,0.216,27889
1059,5.45978,5.41057,4.840e-04,0.612,0.197,27738
1060,5.40038,5.41057,4.838e-04,0.755,0.237,27821
1061,5.46123,5.41057,4.835e-04,0.598,0.191,27414
1062,5.38998,5.41057,4.833e-04,0.712,0.224,27751
1063,5.44739,5.41057,4.830e-04,0.646,0.200,27921
1064,5.28656,5.41057,4.828e-04,0.617,0.207,27938
1065,5.29400,5.41057,4.825e-04,0.644,0.222,27766
1066,5.54753,5.41057,4.823e-04,0.661,0.217,27782
1067,5.55616,5.41057,4.820e-04,0.686,0.191,27801
1068,5.33448,5.41057,4.818e-04,0.681,0.242,27873
1069,5.42683,5.41057,4.815e-04,0.688,0.212,27871
1070,5.31215,5.41057,4.813e-04,0.654,0.222,27830
1071,5.24893,5.41057,4.810e-04,0.708,0.232,27800
1072,5.30581,5.41057,4.808e-04,0.681,0.218,27738
1073,5.33268,5.41057,4.805e-04,0.765,0.261,27806
1074,5.37738,5.41057,4.803e-04,0.718,0.205,27916
1075,5.37938,5.41057,4.800e-04,0.891,0.309,28425
1076,5.43247,5.41057,4.798e-04,0.654,0.205,27787
1077,5.45459,5.41057,4.795e-04,0.766,0.274,27821
1078,5.34474,5.41057,4.792e-04,0.725,0.230,27756
1079,5.35880,5.41057,4.790e-04,0.694,0.250,27782
1080,5.40323,5.41057,4.787e-04,0.694,0.226,27946
1081,5.43558,5.41057,4.785e-04,0.749,0.239,27424
1082,5.23945,5.41057,4.782e-04,0.786,0.299,27694
1083,5.36042,5.41057,4.780e-04,0.702,0.225,27785
1084,5.40442,5.41057,4.777e-04,0.720,0.294,27759
1085,5.29161,5.41057,4.775e-04,0.698,0.235,27870
1086,5.21794,5.41057,4.772e-04,0.680,0.241,28071
1087,5.34517,5.41057,4.770e-04,0.725,0.237,27782
1088,5.50534,5.41057,4.767e-04,0.764,0.264,27794
1089,5.43290,5.41057,4.765e-04,0.659,0.208,27778
1090,5.29556,5.41057,4.762e-04,0.597,0.192,27836
1091,5.50996,5.41057,4.759e-04,0.682,0.202,27926
1092,5.43978,5.41057,4.757e-04,0.645,0.194,27819
1093,5.30966,5.41057,4.754e-04,0.657,0.204,27773
1094,5.45530,5.41057,4.752e-04,0.653,0.216,27825
1095,5.37618,5.41057,4.749e-04,0.633,0.209,27796
1096,5.45007,5.41057,4.747e-04,0.694,0.211,27830
1097,5.41322,5.41057,4.744e-04,0.731,0.257,27992
1098,5.26016,5.41057,4.742e-04,0.766,0.277,27798
1099,5.26188,5.41057,4.739e-04,0.668,0.218,27849
1100,5.41680,5.41057,4.736e-04,0.848,0.310,27782
1101,5.44689,5.41057,4.734e-04,0.651,0.212,27507
1102,5.38673,5.41057,4.731e-04,0.663,0.223,27814
1103,5.21414,5.41057,4.729e-04,0.609,0.203,27890
1104,5.42630,5.41057,4.726e-04,0.636,0.187,27819
1105,5.52308,5.41057,4.724e-04,0.709,0.235,27819
1106,5.46894,5.41057,4.721e-04,0.605,0.183,27789
1107,5.31910,5.41057,4.718e-04,0.630,0.204,27812
1108,5.34148,5.41057,4.716e-04,0.692,0.222,28001
1109,5.34375,5.41057,4.713e-04,0.687,0.211,27846
1110,5.48334,5.41057,4.711e-04,0.726,0.227,27818
1111,5.35993,5.41057,4.708e-04,0.734,0.251,27808
1112,5.42367,5.41057,4.706e-04,0.655,0.229,27810
1113,5.36415,5.41057,4.703e-04,0.683,0.209,27865
1114,5.26373,5.41057,4.700e-04,0.675,0.277,27982
1115,5.39739,5.41057,4.698e-04,0.694,0.207,27816
1116,5.47786,5.41057,4.695e-04,0.633,0.200,27795
1117,5.47257,5.41057,4.693e-04,0.806,0.239,27779
1118,5.38665,5.41057,4.690e-04,0.600,0.182,27841
1119,5.33756,5.41057,4.687e-04,0.734,0.223,27960
1120,5.28242,5.41057,4.685e-04,0.732,0.266,27841
1121,5.29891,5.41057,4.682e-04,0.698,0.234,27404
1122,5.56843,5.41057,4.680e-04,0.731,0.197,27756
1123,5.42120,5.41057,4.677e-04,0.821,0.294,27788
1124,5.45662,5.41057,4.674e-04,0.680,0.190,27852
1125,5.28822,5.41057,4.672e-04,0.761,0.253,27935
1126,5.29390,5.41057,4.669e-04,0.659,0.225,27823
1127,5.26337,5.41057,4.667e-04,0.660,0.220,27800
1128,5.46257,5.41057,4.664e-04,0.813,0.255,27788
1129,5.56935,5.41057,4.661e-04,0.890,0.267,27875
1130,5.21514,5.41057,4.659e-04,0.625,0.173,27952
1131,5.37722,5.41057,4.656e-04,0.687,0.207,27962
1132,5.12343,5.41057,4.653e-04,0.600,0.183,27821
1133,5.21335,5.41057,4.651e-04,0.721,0.260,27798
1134,5.21041,5.41057,4.648e-04,0.641,0.201,27782
1135,5.26219,5.41057,4.646e-04,0.683,0.238,27854
1136,5.32804,5.41057,4.643e-04,0.682,0.206,27860
1137,5.19300,5.41057,4.640e-04,0.603,0.183,27931
1138,5.25402,5.41057,4.638e-04,0.683,0.207,27781
1139,5.27575,5.41057,4.635e-04,0.664,0.199,27830
1140,5.22951,5.41057,4.632e-04,0.716,0.236,28092
1141,5.33950,5.41057,4.630e-04,0.622,0.177,27675
1142,5.34640,5.41057,4.627e-04,0.686,0.225,27769
1143,5.34961,5.41057,4.625e-04,0.604,0.168,27818
1144,5.33877,5.41057,4.622e-04,0.654,0.204,27830
1145,5.23217,5.41057,4.619e-04,0.660,0.199,27786
1146,5.14300,5.41057,4.617e-04,0.634,0.196,27859
1147,5.28041,5.41057,4.614e-04,0.736,0.211,27873
1148,5.39661,5.41057,4.611e-04,0.637,0.199,27951
1149,5.21927,5.41057,4.609e-04,0.798,0.223,27773
1150,5.42024,5.41057,4.606e-04,0.661,0.177,27859
1151,5.33511,5.41057,4.603e-04,0.746,0.225,27888
1152,5.25794,5.41057,4.601e-04,0.734,0.273,27807
1153,5.37863,5.41057,4.598e-04,0.639,0.179,27897
1154,5.29339,5.41057,4.595e-04,0.693,0.196,27903
1155,5.25057,5.41057,4.593e-04,0.683,0.212,27804
1156,5.36432,5.41057,4.590e-04,0.686,0.200,27807
1157,5.25604,5.41057,4.587e-04,0.658,0.187,27821
1158,5.29291,5.41057,4.585e-04,0.752,0.232,27790
1159,5.38185,5.41057,4.582e-04,0.720,0.200,27958
1160,5.49428,5.41057,4.579e-04,0.641,0.173,27844
1161,5.30103,5.41057,4.577e-04,0.709,0.207,27413
1162,5.31376,5.41057,4.574e-04,0.663,0.186,27794
1163,5.20330,5.41057,4.571e-04,0.704,0.213,27791
1164,5.39792,5.41057,4.569e-04,0.750,0.225,27937
1165,5.25443,5.41057,4.566e-04,0.678,0.206,27889
1166,5.38641,5.41057,4.563e-04,0.665,0.197,27827
1167,5.28321,5.41057,4.561e-04,0.690,0.243,27824
1168,5.32715,5.41057,4.558e-04,0.690,0.202,27808
1169,5.13520,5.41057,4.555e-04,0.653,0.208,27799
1170,5.24970,5.41057,4.553e-04,0.615,0.186,27924
1171,5.20123,5.41057,4.550e-04,0.687,0.220,27853
1172,5.41701,5.41057,4.547e-04,0.668,0.207,27803
1173,5.29542,5.41057,4.545e-04,0.726,0.248,27900
1174,5.28700,5.41057,4.542e-04,0.663,0.201,27791
1175,5.24298,5.41057,4.539e-04,0.619,0.185,27876
1176,5.51286,5.41057,4.537e-04,0.730,0.211,27933
1177,5.35583,5.41057,4.534e-04,0.667,0.208,27808
1178,5.27127,5.41057,4.531e-04,0.659,0.196,27830
1179,5.28927,5.41057,4.528e-04,0.675,0.206,27827
1180,5.40607,5.41057,4.526e-04,0.663,0.219,27795
1181,5.42994,5.41057,4.523e-04,0.667,0.205,27527
1182,5.28978,5.41057,4.520e-04,0.650,0.236,27775
1183,5.37071,5.41057,4.518e-04,0.629,0.205,27798
1184,5.49624,5.41057,4.515e-04,0.690,0.213,27868
1185,5.38746,5.41057,4.512e-04,0.713,0.210,27795
1186,5.25357,5.41057,4.510e-04,0.729,0.258,27864
1187,5.38763,5.41057,4.507e-04,0.710,0.213,27948
1188,5.32320,5.41057,4.504e-04,0.765,0.235,27832
1189,5.34060,5.41057,4.501e-04,0.698,0.232,27790
1190,5.19462,5.41057,4.499e-04,0.743,0.221,27804
1191,5.06292,5.41057,4.496e-04,0.650,0.182,27824
1192,5.20321,5.41057,4.493e-04,0.643,0.184,27836
1193,5.18614,5.41057,4.491e-04,0.644,0.207,27918
1194,5.27640,5.41057,4.488e-04,0.676,0.193,27759
1195,5.34262,5.41057,4.485e-04,0.634,0.186,27924
1196,5.26108,5.41057,4.482e-04,0.688,0.203,27788
1197,5.14052,5.41057,4.480e-04,0.682,0.205,27817
1198,5.20697,5.41057,4.477e-04,0.715,0.209,27937
1199,5.31500,5.41057,4.474e-04,0.727,0.269,27875
1200,5.21422,5.41057,4.471e-04,0.653,0.216,27783
1201,5.38526,5.41057,4.469e-04,0.612,0.202,27449
1202,5.29689,5.41057,4.466e-04,0.695,0.207,27753
1203,5.39271,5.41057,4.463e-04,0.624,0.188,27851
1204,5.32638,5.41057,4.461e-04,0.771,0.241,28007
1205,5.38176,5.41057,4.458e-04,0.683,0.197,27829
1206,5.41229,5.41057,4.455e-04,0.666,0.187,28159
1207,5.22116,5.41057,4.452e-04,0.660,0.231,27826
1208,5.42712,5.41057,4.450e-04,0.619,0.172,27824
1209,5.35474,5.41057,4.447e-04,0.723,0.237,27891
1210,5.49077,5.41057,4.444e-04,0.808,0.221,27965
1211,5.42095,5.41057,4.441e-04,0.733,0.199,27856
1212,5.07495,5.41057,4.439e-04,0.727,0.223,27856
1213,5.10623,5.41057,4.436e-04,0.633,0.184,27827
1214,5.29948,5.41057,4.433e-04,0.702,0.215,27837
1215,5.28820,5.41057,4.430e-04,0.696,0.193,27968
1216,5.32110,5.41057,4.428e-04,0.671,0.217,27897
1217,5.45092,5.41057,4.425e-04,0.804,0.237,27876
1218,5.33897,5.41057,4.422e-04,0.688,0.241,27829
1219,5.26490,5.41057,4.419e-04,0.727,0.206,27855
1220,5.28559,5.41057,4.417e-04,0.712,0.230,27806
1221,5.28880,5.41057,4.414e-04,0.808,0.258,27502
1222,5.29793,5.41057,4.411e-04,0.679,0.222,27761
1223,5.37892,5.41057,4.408e-04,0.757,0.258,27852
1224,5.20269,5.41057,4.406e-04,0.723,0.212,27788
1225,5.10136,5.41057,4.403e-04,0.698,0.205,27816
1226,5.39258,5.41057,4.400e-04,0.721,0.191,27927
1227,5.33503,5.41057,4.397e-04,0.776,0.213,27992
1228,5.02261,5.41057,4.394e-04,0.707,0.239,27895
1229,5.31979,5.41057,4.392e-04,0.771,0.215,27801
1230,5.32779,5.41057,4.389e-04,0.716,0.218,27775
1231,5.20744,5.41057,4.386e-04,0.701,0.199,27868
1232,5.31899,5.41057,4.383e-04,0.679,0.177,27901
1233,5.24464,5.41057,4.381e-04,0.674,0.199,27862
1234,5.13009,5.41057,4.378e-04,0.735,0.225,27796
1235,5.30408,5.41057,4.375e-04,0.734,0.224,27828
1236,5.37380,5.41057,4.372e-04,0.810,0.242,27801
1237,5.26844,5.41057,4.370e-04,0.698,0.203,27869
1238,5.38198,5.41057,4.367e-04,0.787,0.234,27960
1239,5.23308,5.41057,4.364e-04,0.754,0.214,27917
1240,5.30889,5.41057,4.361e-04,0.759,0.222,27775
1241,5.26777,5.41057,4.358e-04,0.786,0.211,27418
1242,5.24857,5.41057,4.356e-04,0.676,0.185,27783
1243,5.30489,5.41057,4.353e-04,0.726,0.212,27906
1244,5.29444,5.41057,4.350e-04,0.795,0.243,27892
1245,5.23801,5.41057,4.347e-04,0.778,0.224,27786
1246,5.24646,5.41057,4.344e-04,0.662,0.175,27864
1247,5.35740,5.41057,4.342e-04,0.837,0.225,27794
1248,5.14711,5.41057,4.339e-04,0.657,0.189,27831
1249,5.39970,5.41057,4.336e-04,0.895,0.253,28060
1250,5.34348,5.25365,4.333e-04,0.755,0.218,8482
1251,5.20907,5.25365,4.330e-04,0.746,0.215,27811
1252,5.47667,5.25365,4.328e-04,0.809,0.205,27781
1253,5.17502,5.25365,4.325e-04,0.761,0.251,27870
1254,5.25277,5.25365,4.322e-04,0.733,0.208,27810
1255,5.23839,5.25365,4.319e-04,0.737,0.239,27857
1256,5.25780,5.25365,4.316e-04,0.683,0.207,27853
1257,5.36898,5.25365,4.314e-04,0.705,0.206,27962
1258,5.28396,5.25365,4.311e-04,0.738,0.207,28107
1259,5.34967,5.25365,4.308e-04,0.789,0.214,27846
1260,5.33233,5.25365,4.305e-04,0.698,0.197,27810
1261,5.15929,5.25365,4.302e-04,0.754,0.227,27529
1262,5.21488,5.25365,4.300e-04,0.699,0.215,27830
1263,5.28066,5.25365,4.297e-04,0.754,0.194,27944
1264,5.25561,5.25365,4.294e-04,0.676,0.193,27846
1265,5.51419,5.25365,4.291e-04,0.717,0.187,27892
1266,5.26013,5.25365,4.288e-04,0.627,0.186,27783
1267,5.21446,5.25365,4.285e-04,0.669,0.196,27844
1268,5.09052,5.25365,4.283e-04,0.638,0.191,28004
1269,5.30517,5.25365,4.280e-04,0.699,0.207,27955
1270,5.23070,5.25365,4.277e-04,0.646,0.181,27824
1271,5.22364,5.25365,4.274e-04,0.714,0.206,27849
1272,5.18528,5.25365,4.271e-04,0.725,0.212,27835
1273,5.18077,5.25365,4.269e-04,0.701,0.199,27892
1274,5.31782,5.25365,4.266e-04,0.683,0.209,27928
1275,5.19539,5.25365,4.263e-04,0.700,0.214,27830
1276,5.32388,5.25365,4.260e-04,0.582,0.170,27836
1277,5.34309,5.25365,4.257e-04,0.698,0.227,27864
1278,5.27941,5.25365,4.254e-04,0.652,0.189,27819
1279,5.23114,5.25365,4.252e-04,0.681,0.214,27938
1280,5.22454,5.25365,4.249e-04,0.678,0.240,27985
1281,5.35871,5.25365,4.246e-04,0.672,0.194,27392
1282,5.31654,5.25365,4.243e-04,0.647,0.193,27777
1283,5.19498,5.25365,4.240e-04,0.696,0.240,27879
1284,5.36896,5.25365,4.237e-04,0.647,0.161,27822
1285,5.22856,5.25365,4.235e-04,0.790,0.228,28010
1286,5.26050,5.25365,4.232e-04,0.680,0.198,27797
1287,5.33414,5.25365,4.229e-04,0.669,0.183,27811
1288,5.29922,5.25365,4.226e-04,0.742,0.214,27844
1289,5.37968,5.25365,4.223e-04,0.762,0.239,27829
1290,5.29125,5.25365,4.220e-04,0.749,0.214,27936
1291,5.08086,5.25365,4.217e-04,0.693,0.215,28020
1292,5.10863,5.25365,4.215e-04,0.734,0.238,27858
1293,5.37265,5.25365,4.212e-04,0.682,0.192,27824
1294,5.55116,5.25365,4.209e-04,0.722,0.185,27827
1295,5.24465,5.25365,4.206e-04,0.845,0.266,27835
1296,5.28622,5.25365,4.203e-04,0.703,0.207,27953
1297,5.22356,5.25365,4.200e-04,0.878,0.263,27920
1298,5.36720,5.25365,4.197e-04,0.748,0.203,27842
1299,5.25664,5.25365,4.195e-04,0.681,0.205,27848
1300,5.19130,5.25365,4.192e-04,0.824,0.229,27832
1301,5.22874,5.25365,4.189e-04,0.727,0.221,27547
1302,5.27311,5.25365,4.186e-04,0.835,0.239,27891
1303,5.33391,5.25365,4.183e-04,0.700,0.188,27813
1304,5.12807,5.25365,4.180e-04,0.781,0.216,27858
1305,5.11032,5.25365,4.177e-04,0.755,0.228,27824
1306,5.06604,5.25365,4.175e-04,0.720,0.195,27857
1307,5.36018,5.25365,4.172e-04,0.748,0.168,27896
1308,5.29916,5.25365,4.169e-04,0.675,0.198,27945
1309,5.29997,5.25365,4.166e-04,1.060,0.279,27778
1310,5.28222,5.25365,4.163e-04,0.726,0.202,27854
1311,5.21825,5.25365,4.160e-04,0.763,0.222,27823
1312,5.31103,5.25365,4.157e-04,0.763,0.204,27906
1313,5.31310,5.25365,4.154e-04,0.691,0.189,27974
1314,5.25542,5.25365,4.152e-04,0.669,0.185,27909
1315,5.25424,5.25365,4.149e-04,0.687,0.197,27894
1316,5.32778,5.25365,4.146e-04,0.725,0.198,27847
1317,5.22389,5.25365,4.143e-04,0.671,0.190,27841
1318,5.31343,5.25365,4.140e-04,1.046,0.295,27862
1319,5.15602,5.25365,4.137e-04,0.697,0.200,27985
1320,5.18519,5.25365,4.134e-04,0.737,0.220,27833
1321,5.12033,5.25365,4.131e-04,0.686,0.218,27417
1322,5.19258,5.25365,4.129e-04,0.797,0.254,27726
1323,5.24922,5.25365,4.126e-04,0.778,0.244,28130
1324,5.41110,5.25365,4.123e-04,0.745,0.193,28137
1325,5.15893,5.25365,4.120e-04,0.695,0.195,27946
1326,5.23940,5.25365,4.117e-04,0.745,0.220,27818
1327,5.27560,5.25365,4.114e-04,0.745,0.197,27841
1328,5.25159,5.25365,4.111e-04,0.671,0.209,27831
1329,5.23756,5.25365,4.108e-04,0.789,0.211,27850
1330,5.38540,5.25365,4.105e-04,0.747,0.211,27938
1331,5.38916,5.25365,4.103e-04,0.717,0.198,27912
1332,5.25152,5.25365,4.100e-04,0.695,0.190,27836
1333,5.33318,5.25365,4.097e-04,0.721,0.181,27900
1334,5.10734,5.25365,4.094e-04,0.773,0.204,27899
1335,5.24996,5.25365,4.091e-04,0.721,0.199,27883
1336,5.15827,5.25365,4.088e-04,0.776,0.225,27935
1337,5.18795,5.25365,4.085e-04,0.670,0.181,27831
1338,5.14066,5.25365,4.082e-04,0.722,0.214,27824
1339,5.01852,5.25365,4.079e-04,0.725,0.190,27815
1340,5.13364,5.25365,4.077e-04,0.692,0.193,27823
1341,5.13432,5.25365,4.074e-04,0.704,0.198,27521
1342,5.54263,5.25365,4.071e-04,0.805,0.251,27836
1343,5.27446,5.25365,4.068e-04,0.822,0.229,27857
1344,5.23462,5.25365,4.065e-04,0.715,0.215,27852
1345,5.13656,5.25365,4.062e-04,0.750,0.218,27910
1346,5.21160,5.25365,4.059e-04,0.716,0.199,27850
1347,5.31874,5.25365,4.056e-04,0.777,0.217,27972
1348,5.21884,5.25365,4.053e-04,0.700,0.185,27949
1349,5.12007,5.25365,4.050e-04,0.766,0.219,27924
1350,5.03233,5.25365,4.047e-04,0.714,0.207,27953
1351,5.09412,5.25365,4.045e-04,0.684,0.203,27939
1352,5.28893,5.25365,4.042e-04,0.703,0.179,27915
1353,5.08318,5.25365,4.039e-04,0.725,0.230,28010
1354,5.23479,5.25365,4.036e-04,0.736,0.225,27965
1355,5.19978,5.25365,4.033e-04,0.719,0.207,27945
1356,5.23583,5.25365,4.030e-04,0.827,0.267,28005
1357,5.35950,5.25365,4.027e-04,0.719,0.203,27912
1358,5.30863,5.25365,4.024e-04,0.777,0.237,27948
1359,5.20626,5.25365,4.021e-04,0.714,0.186,28042
1360,5.15549,5.25365,4.018e-04,0.695,0.213,27977
1361,5.10250,5.25365,4.015e-04,0.714,0.210,27501
1362,5.30918,5.25365,4.012e-04,0.700,0.199,27883
1363,5.23966,5.25365,4.010e-04,0.719,0.209,27896
1364,5.32020,5.25365,4.007e-04,0.779,0.209,28001
1365,5.40582,5.25365,4.004e-04,0.717,0.206,28046
1366,5.09422,5.25365,4.001e-04,0.698,0.240,27953
1367,5.27555,5.25365,3.998e-04,0.723,0.176,28002
1368,5.22673,5.25365,3.995e-04,0.767,0.269,27923
1369,5.08795,5.25365,3.992e-04,0.665,0.199,27918
1370,5.20966,5.25365,3.989e-04,0.691,0.203,28015
1371,5.17262,5.25365,3.986e-04,0.803,0.242,28025
1372,5.12638,5.25365,3.983e-04,0.641,0.199,27971
1373,5.08464,5.25365,3.980e-04,0.753,0.228,27880
1374,5.05254,5.25365,3.977e-04,0.713,0.204,27927
1375,5.23889,5.25365,3.974e-04,0.784,0.218,27892
1376,5.20114,5.25365,3.971e-04,0.782,0.221,28045
1377,5.10393,5.25365,3.969e-04,0.738,0.201,27969
1378,5.21361,5.25365,3.966e-04,0.828,0.276,27996
1379,5.27719,5.25365,3.963e-04,0.743,0.198,27924
1380,5.27146,5.25365,3.960e-04,0.695,0.198,27943
1381,5.36986,5.25365,3.957e-04,0.764,0.194,27608
1382,5.08959,5.25365,3.954e-04,0.646,0.178,27918
1383,5.20373,5.25365,3.951e-04,0.689,0.172,27943
1384,5.09889,5.25365,3.948e-04,0.692,0.197,27941
1385,5.10149,5.25365,3.945e-04,0.628,0.161,27914
1386,5.08570,5.25365,3.942e-04,0.752,0.212,27920
1387,5.25485,5.25365,3.939e-04,0.716,0.206,27968
1388,5.31500,5.25365,3.936e-04,0.756,0.200,28008
1389,5.18998,5.25365,3.933e-04,0.739,0.186,28338
1390,5.25074,5.25365,3.930e-04,0.796,0.211,27825
1391,5.08445,5.25365,3.927e-04,0.740,0.199,27774
1392,5.23771,5.25365,3.924e-04,0.775,0.194,27859
1393,5.33657,5.25365,3.921e-04,0.720,0.194,27891
1394,5.19829,5.25365,3.919e-04,0.759,0.214,27919
1395,5.24186,5.25365,3.916e-04,0.850,0.206,27803
1396,5.18589,5.25365,3.913e-04,0.740,0.186,27887
1397,5.16692,5.25365,3.910e-04,0.736,0.189,27837
1398,5.14027,5.25365,3.907e-04,0.846,0.230,27839
1399,5.16255,5.25365,3.904e-04,0.694,0.203,27978
1400,5.23225,5.25365,3.901e-04,0.785,0.242,27960
1401,5.33378,5.25365,3.898e-04,0.716,0.188,27439
1402,5.38484,5.25365,3.895e-04,0.783,0.216,27780
1403,5.08759,5.25365,3.892e-04,0.792,0.220,27821
1404,5.07869,5.25365,3.889e-04,0.800,0.220,27903
1405,5.22240,5.25365,3.886e-04,0.723,0.206,27989
1406,5.26816,5.25365,3.883e-04,0.752,0.213,27821
1407,5.29462,5.25365,3.880e-04,0.690,0.183,27799
1408,5.15649,5.25365,3.877e-04,0.681,0.189,27846
1409,5.26846,5.25365,3.874e-04,0.710,0.204,27846
1410,5.15263,5.25365,3.871e-04,0.685,0.209,27927
1411,5.01872,5.25365,3.868e-04,0.650,0.160,28029
1412,4.83371,5.25365,3.865e-04,0.694,0.211,27792
1413,5.13320,5.25365,3.862e-04,0.700,0.208,27861
1414,5.17812,5.25365,3.859e-04,0.749,0.207,27846
1415,5.16891,5.25365,3.856e-04,0.675,0.180,27872
1416,4.99611,5.25365,3.853e-04,0.734,0.181,27914
1417,5.06295,5.25365,3.850e-04,0.664,0.191,27926
1418,5.03385,5.25365,3.848e-04,0.735,0.194,27858
1419,5.02712,5.25365,3.845e-04,0.692,0.195,27907
1420,5.25022,5.25365,3.842e-04,0.809,0.231,27798
1421,5.12220,5.25365,3.839e-04,0.655,0.184,27543
1422,5.18280,5.25365,3.836e-04,0.827,0.207,27924
1423,5.08972,5.25365,3.833e-04,0.709,0.195,27811
1424,5.28853,5.25365,3.830e-04,0.899,0.206,27776
1425,5.12428,5.25365,3.827e-04,0.715,0.203,27840
1426,5.14154,5.25365,3.824e-04,0.791,0.236,27833
1427,5.11238,5.25365,3.821e-04,0.720,0.184,27911
1428,5.11697,5.25365,3.818e-04,0.813,0.226,27960
1429,5.11250,5.25365,3.815e-04,0.738,0.186,27824
1430,5.32445,5.25365,3.812e-04,0.782,0.195,27831
1431,5.14887,5.25365,3.809e-04,0.764,0.224,27838
1432,5.03740,5.25365,3.806e-04,0.742,0.184,27830
1433,5.27426,5.25365,3.803e-04,0.878,0.222,28053
1434,5.07681,5.25365,3.800e-04,0.722,0.192,27924
1435,5.00540,5.25365,3.797e-04,0.713,0.202,27843
1436,5.14478,5.25365,3.794e-04,0.732,0.186,27857
1437,5.11031,5.25365,3.791e-04,0.694,0.208,27815
1438,5.13538,5.25365,3.788e-04,0.860,0.210,27860
1439,5.26380,5.25365,3.785e-04,0.985,0.332,27971
1440,5.21675,5.25365,3.782e-04,0.722,0.213,27895
1441,5.12321,5.25365,3.779e-04,0.747,0.240,27349
1442,5.30747,5.25365,3.776e-04,0.799,0.176,27820
1443,5.26080,5.25365,3.773e-04,0.804,0.220,27850
1444,5.10262,5.25365,3.770e-04,0.745,0.208,27988
1445,5.02688,5.25365,3.767e-04,0.765,0.230,27947
1446,5.29786,5.25365,3.764e-04,0.751,0.182,27801
1447,5.00328,5.25365,3.761e-04,0.711,0.231,27796
1448,5.06344,5.25365,3.758e-04,0.780,0.197,27847
1449,5.28099,5.25365,3.755e-04,0.757,0.200,27844
1450,5.16272,5.25365,3.752e-04,0.733,0.223,27942
1451,5.22153,5.25365,3.749e-04,0.761,0.185,27853
1452,4.96404,5.25365,3.746e-04,0.710,0.183,27849
1453,5.15038,5.25365,3.743e-04,0.784,0.235,27826
1454,4.79451,5.25365,3.740e-04,0.774,0.230,28111
1455,5.32810,5.25365,3.737e-04,0.742,0.186,27927
1456,5.27410,5.25365,3.734e-04,0.818,0.249,27958
1457,5.12026,5.25365,3.731e-04,0.711,0.203,27882
1458,5.15651,5.25365,3.728e-04,0.888,0.270,27847
1459,4.97190,5.25365,3.725e-04,0.720,0.197,27842
1460,5.24158,5.25365,3.722e-04,0.765,0.202,27857
1461,5.11444,5.25365,3.719e-04,0.742,0.201,27505
1462,5.06817,5.25365,3.716e-04,0.864,0.234,27804
1463,5.22555,5.25365,3.713e-04,0.702,0.187,27837
1464,5.30469,5.25365,3.710e-04,0.862,0.219,27835
1465,5.17148,5.25365,3.707e-04,0.745,0.181,27909
1466,5.15934,5.25365,3.704e-04,0.924,0.246,27809
1467,5.17153,5.25365,3.701e-04,0.741,0.203,27972
1468,5.23043,5.25365,3.698e-04,0.822,0.196,27869
1469,4.82579,5.25365,3.695e-04,0.710,0.214,27858
1470,5.16918,5.25365,3.692e-04,0.794,0.202,27801
1471,5.24417,5.25365,3.689e-04,0.718,0.209,27846
1472,5.06584,5.25365,3.686e-04,0.762,0.204,27883
1473,5.14235,5.25365,3.683e-04,0.763,0.227,27984
1474,5.09897,5.25365,3.680e-04,0.712,0.181,27833
1475,4.97365,5.25365,3.677e-04,0.762,0.198,27827
1476,5.05899,5.25365,3.674e-04,0.815,0.237,27923
1477,5.04329,5.25365,3.671e-04,0.771,0.224,27866
1478,5.03136,5.25365,3.668e-04,0.875,0.297,27917
1479,5.08598,5.25365,3.665e-04,0.686,0.181,27954
1480,5.17103,5.25365,3.662e-04,0.869,0.286,27872
1481,5.19497,5.25365,3.659e-04,0.801,0.225,27392
1482,5.17186,5.25365,3.656e-04,0.757,0.200,27793
1483,5.26728,5.25365,3.653e-04,0.801,0.196,27817
1484,5.24098,5.25365,3.650e-04,0.736,0.192,27983
1485,5.09407,5.25365,3.647e-04,0.784,0.199,27837
1486,4.97896,5.25365,3.644e-04,0.727,0.190,27864
1487,5.20909,5.25365,3.641e-04,0.768,0.195,27905
1488,5.09109,5.25365,3.638e-04,0.703,0.190,27866
1489,5.24545,5.25365,3.635e-04,0.806,0.196,27892
1490,5.18195,5.25365,3.632e-04,0.727,0.194,27991
1491,5.18436,5.25365,3.629e-04,0.735,0.176,27840
1492,5.29736,5.25365,3.626e-04,0.765,0.191,27848
1493,5.12319,5.25365,3.623e-04,0.771,0.211,27843
1494,5.11538,5.25365,3.620e-04,0.692,0.193,27844
1495,4.90242,5.25365,3.617e-04,0.814,0.208,27886
1496,5.08006,5.25365,3.614e-04,0.734,0.203,27916
1497,5.13397,5.25365,3.611e-04,0.674,0.170,27845
1498,5.03135,5.25365,3.608e-04,0.811,0.205,27901
1499,5.11616,5.25365,3.605e-04,0.753,0.195,27835
1500,5.14926,5.11015,3.602e-04,0.743,0.168,8441
1501,5.02261,5.11015,3.599e-04,0.740,0.200,27920
1502,5.02555,5.11015,3.596e-04,0.807,0.213,27737
1503,5.13657,5.11015,3.593e-04,0.675,0.186,27953
1504,5.32318,5.11015,3.590e-04,0.716,0.172,27796
1505,5.15576,5.11015,3.587e-04,0.770,0.210,27789
1506,4.96122,5.11015,3.584e-04,0.714,0.180,27879
1507,5.13218,5.11015,3.581e-04,0.797,0.201,28110
1508,5.09399,5.11015,3.578e-04,0.725,0.176,27903
1509,5.21909,5.11015,3.575e-04,0.775,0.227,27992
1510,5.01474,5.11015,3.572e-04,0.690,0.178,27844
1511,5.02665,5.11015,3.569e-04,0.732,0.195,27786
1512,5.16007,5.11015,3.566e-04,0.697,0.181,27778
1513,5.18626,5.11015,3.563e-04,0.698,0.178,27849
1514,5.10601,5.11015,3.560e-04,0.704,0.178,27915
1515,5.18481,5.11015,3.557e-04,0.717,0.173,27896
1516,5.27537,5.11015,3.554e-04,0.746,0.202,27814
1517,4.99132,5.11015,3.551e-04,0.823,0.242,27855
1518,5.20504,5.11015,3.548e-04,0.813,0.200,27880
1519,5.02913,5.11015,3.545e-04,0.794,0.195,27897
1520,5.06953,5.11015,3.542e-04,0.755,0.214,27993
1521,5.15925,5.11015,3.539e-04,0.823,0.221,27463
1522,5.03818,5.11015,3.536e-04,0.733,0.192,27721
1523,5.24300,5.11015,3.533e-04,0.813,0.225,27815
1524,5.08802,5.11015,3.530e-04,0.783,0.228,27818
1525,5.11082,5.11015,3.527e-04,0.832,0.231,27919
1526,5.11321,5.11015,3.524e-04,0.744,0.189,27975
1527,5.25372,5.11015,3.521e-04,0.732,0.184,27842
1528,5.27537,5.11015,3.518e-04,0.749,0.182,27858
1529,5.06962,5.11015,3.515e-04,0.801,0.218,27896
1530,5.25013,5.11015,3.512e-04,0.780,0.182,27859
1531,4.94355,5.11015,3.509e-04,0.744,0.235,27986
1532,5.15098,5.11015,3.506e-04,0.786,0.193,27880
1533,5.01633,5.11015,3.503e-04,0.733,0.184,27842
1534,4.91688,5.11015,3.500e-04,0.680,0.192,27840
1535,4.90353,5.11015,3.497e-04,0.757,0.189,27844
1536,5.02370,5.11015,3.494e-04,0.690,0.168,27882
1537,5.01101,5.11015,3.491e-04,0.710,0.204,27963
1538,5.04588,5.11015,3.488e-04,0.741,0.209,27841
1539,5.06338,5.11015,3.485e-04,0.755,0.202,27852
1540,5.16929,5.11015,3.482e-04,0.716,0.172,27879
1541,4.98758,5.11015,3.479e-04,0.741,0.200,27540
1542,5.16267,5.11015,3.476e-04,0.734,0.179,27839
1543,5.29320,5.11015,3.473e-04,0.883,0.228,27956
1544,5.22109,5.11015,3.470e-04,0.750,0.184,27845
1545,5.32320,5.11015,3.467e-04,0.810,0.230,27857
1546,5.05532,5.11015,3.463e-04,0.872,0.207,27792
1547,5.02819,5.11015,3.460e-04,0.787,0.238,27784
1548,5.16937,5.11015,3.457e-04,0.827,0.212,27938
1549,5.00425,5.11015,3.454e-04,0.782,0.214,27915
1550,5.31039,5.11015,3.451e-04,0.794,0.202,27874
1551,5.16602,5.11015,3.448e-04,0.779,0.200,27885
1552,5.01978,5.11015,3.445e-04,0.770,0.188,27838
1553,5.05666,5.11015,3.442e-04,0.838,0.222,27909
1554,5.02316,5.11015,3.439e-04,0.803,0.251,27999
1555,5.17569,5.11015,3.436e-04,0.741,0.179,27907
1556,5.19730,5.11015,3.433e-04,0.789,0.208,27835
1557,5.32996,5.11015,3.430e-04,0.783,0.210,27846
1558,5.02545,5.11015,3.427e-04,0.773,0.208,27848
1559,5.12152,5.11015,3.424e-04,0.801,0.213,27896
1560,5.26589,5.11015,3.421e-04,0.733,0.176,27977
1561,5.13582,5.11015,3.418e-04,0.783,0.203,27482
1562,5.00076,5.11015,3.415e-04,0.704,0.196,27802
1563,5.13891,5.11015,3.412e-04,0.761,0.179,27820
1564,5.06130,5.11015,3.409e-04,0.732,0.228,27900
1565,5.10259,5.11015,3.406e-04,0.716,0.199,27945
1566,5.16548,5.11015,3.403e-04,0.734,0.176,27905
1567,5.01326,5.11015,3.400e-04,0.713,0.191,27854
1568,5.16370,5.11015,3.397e-04,0.701,0.175,27840
1569,5.24442,5.11015,3.394e-04,0.758,0.216,27842
1570,5.02223,5.11015,3.391e-04,0.725,0.185,27867
1571,5.08401,5.11015,3.388e-04,0.788,0.199,27952
1572,5.19268,5.11015,3.385e-04,0.749,0.183,28355
1573,5.09847,5.11015,3.382e-04,0.777,0.193,27945
1574,4.99921,5.11015,3.379e-04,0.844,0.212,27849
1575,5.14740,5.11015,3.376e-04,0.867,0.217,27855
1576,4.90003,5.11015,3.373e-04,0.723,0.164,27883
1577,5.08401,5.11015,3.370e-04,0.771,0.201,27972
1578,4.95238,5.11015,3.367e-04,0.688,0.167,27869
1579,5.05485,5.11015,3.364e-04,0.792,0.172,27865
1580,5.19684,5.11015,3.361e-04,0.692,0.161,27814
1581,5.01316,5.11015,3.358e-04,0.681,0.182,27517
1582,5.10078,5.11015,3.355e-04,0.727,0.169,27868
1583,5.24051,5.11015,3.351e-04,0.728,0.164,27965
1584,5.01680,5.11015,3.348e-04,0.759,0.247,27874
1585,5.27278,5.11015,3.345e-04,0.795,0.233,27861
1586,5.27805,5.11015,3.342e-04,0.735,0.164,27814
1587,4.93081,5.11015,3.339e-04,0.802,0.204,27816
1588,5.05597,5.11015,3.336e-04,0.760,0.200,27958
1589,4.89996,5.11015,3.333e-04,0.770,0.190,27905
1590,5.12399,5.11015,3.330e-04,0.776,0.194,27833
1591,4.93237,5.11015,3.327e-04,0.780,0.200,27877
1592,5.12312,5.11015,3.324e-04,0.707,0.160,27829
1593,5.06403,5.11015,3.321e-04,0.772,0.180,27868
1594,5.05006,5.11015,3.318e-04,0.762,0.187,28106
1595,5.27929,5.11015,3.315e-04,0.791,0.179,27816
1596,5.14102,5.11015,3.312e-04,0.786,0.200,27813
1597,5.11330,5.11015,3.309e-04,0.713,0.180,27844
1598,5.04789,5.11015,3.306e-04,0.798,0.232,27814
1599,5.06432,5.11015,3.303e-04,0.810,0.224,27949
1600,4.99794,5.11015,3.300e-04,0.803,0.229,27968
1601,5.04512,5.11015,3.297e-04,0.779,0.256,27412
1602,4.96415,5.11015,3.294e-04,0.781,0.197,27797
1603,5.22468,5.11015,3.291e-04,0.892,0.251,27808
1604,5.18073,5.11015,3.288e-04,0.722,0.176,27806
1605,5.01850,5.11015,3.285e-04,0.811,0.215,28087
1606,5.08539,5.11015,3.282e-04,0.733,0.183,27896
1607,5.15881,5.11015,3.279e-04,0.753,0.190,27837
1608,4.92518,5.11015,3.276e-04,0.696,0.175,27816
1609,5.14784,5.11015,3.273e-04,0.785,0.189,27873
1610,5.32793,5.11015,3.270e-04,0.786,0.185,27861
1611,5.21327,5.11015,3.267e-04,0.780,0.194,27984
1612,5.09639,5.11015,3.264e-04,0.696,0.171,27829
1613,5.10742,5.11015,3.261e-04,0.732,0.176,27832
1614,5.14408,5.11015,3.258e-04,0.726,0.193,27814
1615,5.06254,5.11015,3.255e-04,0.739,0.176,27864
1616,5.00762,5.11015,3.252e-04,0.776,0.180,28075
1617,4.92521,5.11015,3.249e-04,0.691,0.174,27925
1618,5.30436,5.11015,3.245e-04,0.851,0.199,27829
1619,5.07926,5.11015,3.242e-04,0.802,0.202,27799
1620,4.90114,5.11015,3.239e-04,0.724,0.181,27847
1621,4.96334,5.11015,3.236e-04,0.776,0.188,27479
1622,4.97389,5.11015,3.233e-04,0.792,0.216,27876
1623,5.00023,5.11015,3.230e-04,0.803,0.203,27857
1624,5.04737,5.11015,3.227e-04,0.788,0.197,27856
1625,5.13470,5.11015,3.224e-04,0.826,0.257,27804
1626,5.11300,5.11015,3.221e-04,0.836,0.208,27862
1627,5.11879,5.11015,3.218e-04,0.784,0.224,27898
1628,5.07197,5.11015,3.215e-04,0.937,0.232,28018
1629,5.07744,5.11015,3.212e-04,0.816,0.263,27887
1630,5.08045,5.11015,3.209e-04,0.771,0.184,27850
1631,5.10563,5.11015,3.206e-04,0.778,0.231,27868
1632,5.06154,5.11015,3.203e-04,0.753,0.183,27834
1633,5.06751,5.11015,3.200e-04,0.763,0.188,27912
1634,4.99371,5.11015,3.197e-04,0.798,0.199,27957
1635,5.13512,5.11015,3.194e-04,0.768,0.176,27828
1636,5.05105,5.11015,3.191e-04,0.797,0.224,27850
1637,5.06777,5.11015,3.188e-04,0.756,0.176,27936
1638,4.87093,5.11015,3.185e-04,0.820,0.220,28246
1639,5.02122,5.11015,3.182e-04,0.763,0.180,27968
1640,5.08473,5.11015,3.179e-04,0.755,0.194,27890
1641,4.88890,5.11015,3.176e-04,0.777,0.192,27394
1642,4.91836,5.11015,3.173e-04,0.732,0.187,27751
1643,5.04242,5.11015,3.170e-04,0.747,0.179,27852
1644,4.89875,5.11015,3.167e-04,0.740,0.186,27827
1645,5.12637,5.11015,3.164e-04,0.719,0.184,28008
1646,5.21905,5.11015,3.161e-04,0.713,0.176,27847
1647,4.98477,5.11015,3.158e-04,0.838,0.218,27836
1648,5.05186,5.11015,3.155e-04,0.755,0.178,27862
1649,5.05194,5.11015,3.152e-04,0.662,0.157,27945
1650,5.22617,5.11015,3.149e-04,0.748,0.179,27905
1651,5.12891,5.11015,3.146e-04,0.811,0.219,27955
1652,4.89741,5.11015,3.143e-04,0.739,0.205,27866
1653,5.04924,5.11015,3.140e-04,0.817,0.239,27877
1654,5.25006,5.11015,3.137e-04,0.746,0.178,27817
1655,4.98710,5.11015,3.133e-04,0.773,0.213,27852
1656,4.95973,5.11015,3.130e-04,0.881,0.282,27978
1657,4.97192,5.11015,3.127e-04,0.757,0.196,27917
1658,5.18690,5.11015,3.124e-04,0.844,0.238,27846
1659,4.95181,5.11015,3.121e-04,0.733,0.186,27925
1660,4.91157,5.11015,3.118e-04,0.724,0.199,27907
1661,4.95285,5.11015,3.115e-04,0.751,0.197,27543
1662,4.87423,5.11015,3.112e-04,0.818,0.239,27768
1663,5.03713,5.11015,3.109e-04,0.744,0.168,27890
1664,5.09200,5.11015,3.106e-04,0.761,0.185,27831
1665,5.18648,5.11015,3.103e-04,0.747,0.192,27886
1666,5.15280,5.11015,3.100e-04,0.777,0.185,27850
1667,4.95957,5.11015,3.097e-04,0.777,0.209,27921
1668,5.13866,5.11015,3.094e-04,0.743,0.177,27979
1669,5.35192,5.11015,3.091e-04,0.863,0.191,27842
1670,5.11659,5.11015,3.088e-04,0.727,0.174,27938
1671,4.96194,5.11015,3.085e-04,0.793,0.187,27858
1672,5.14508,5.11015,3.082e-04,0.777,0.171,27863
1673,4.88370,5.11015,3.079e-04,0.777,0.182,27960
1674,5.06318,5.11015,3.076e-04,0.919,0.193,27912
1675,5.04676,5.11015,3.073e-04,0.730,0.163,27888
1676,5.10027,5.11015,3.070e-04,0.807,0.181,27840
1677,5.01041,5.11015,3.067e-04,0.907,0.205,27872
1678,5.11801,5.11015,3.064e-04,0.798,0.188,27813
1679,5.01976,5.11015,3.061e-04,0.822,0.197,27918
1680,5.06288,5.11015,3.058e-04,0.774,0.189,27880
1681,5.05134,5.11015,3.055e-04,0.828,0.197,27520
1682,5.27904,5.11015,3.052e-04,0.758,0.161,27765
1683,5.06741,5.11015,3.049e-04,0.766,0.169,27824
1684,5.16455,5.11015,3.046e-04,0.763,0.188,27936
1685,4.84708,5.11015,3.043e-04,0.762,0.184,27991
1686,5.01196,5.11015,3.040e-04,0.779,0.186,27843
1687,5.08204,5.11015,3.037e-04,0.811,0.219,27824
1688,5.00149,5.11015,3.034e-04,0.772,0.174,27823
1689,5.09487,5.11015,3.031e-04,0.863,0.222,27878
1690,5.04282,5.11015,3.028e-04,0.761,0.178,27974
1691,5.05271,5.11015,3.025e-04,0.764,0.175,27949
1692,5.16764,5.11015,3.022e-04,0.796,0.205,27927
1693,5.04203,5.11015,3.019e-04,0.744,0.180,27867
1694,5.14317,5.11015,3.016e-04,0.818,0.205,27851
1695,4.93848,5.11015,3.013e-04,0.698,0.185,27847
1696,4.98480,5.11015,3.010e-04,0.779,0.211,27968
1697,5.07359,5.11015,3.007e-04,0.729,0.176,27897
1698,5.05836,5.11015,3.004e-04,0.741,0.187,27827
1699,4.93610,5.11015,3.001e-04,0.751,0.195,27858
1700,5.10678,5.11015,2.998e-04,0.727,0.169,27836
1701,5.03538,5.11015,2.995e-04,0.783,0.193,27581
1702,5.20952,5.11015,2.992e-04,0.757,0.202,27826
1703,5.03239,5.11015,2.989e-04,0.773,0.193,28153
1704,5.02739,5.11015,2.986e-04,0.798,0.222,27857
1705,5.14781,5.11015,2.983e-04,0.767,0.175,27865
1706,5.20991,5.11015,2.980e-04,0.805,0.209,27875
1707,4.85295,5.11015,2.977e-04,0.750,0.217,27956
1708,4.87775,5.11015,2.974e-04,0.796,0.181,27887
1709,5.05760,5.11015,2.971e-04,0.810,0.217,27859
1710,5.03546,5.11015,2.968e-04,0.816,0.230,27819
1711,4.86549,5.11015,2.965e-04,0.828,0.239,27873
1712,5.06653,5.11015,2.962e-04,0.752,0.184,27856
1713,4.93841,5.11015,2.959e-04,0.897,0.228,27988
1714,5.09741,5.11015,2.956e-04,0.730,0.180,27993
1715,5.17522,5.11015,2.953e-04,0.808,0.198,27808
1716,5.01189,5.11015,2.950e-04,0.734,0.175,27842
1717,5.06711,5.11015,2.947e-04,0.805,0.193,27841
1718,4.86749,5.11015,2.944e-04,0.761,0.176,27918
1719,5.22930,5.11015,2.941e-04,0.772,0.163,27976
1720,5.03511,5.11015,2.938e-04,0.792,0.222,27851
1721,4.97732,5.11015,2.935e-04,0.770,0.193,27405
1722,5.03228,5.11015,2.932e-04,0.912,0.212,27841
1723,5.27819,5.11015,2.929e-04,0.780,0.179,27819
1724,5.08968,5.11015,2.926e-04,0.778,0.203,27963
1725,4.94258,5.11015,2.923e-04,0.788,0.178,28008
1726,5.09555,5.11015,2.920e-04,0.729,0.203,27858
1727,5.03248,5.11015,2.917e-04,0.787,0.195,27805
1728,4.93020,5.11015,2.914e-04,0.726,0.169,27832
1729,5.12576,5.11015,2.911e-04,0.852,0.207,27847
1730,5.09852,5.11015,2.908e-04,0.706,0.175,28014
1731,4.98112,5.11015,2.905e-04,0.860,0.215,27931
1732,5.00674,5.11015,2.902e-04,0.800,0.188,27860
1733,5.18551,5.11015,2.899e-04,0.795,0.189,27819
1734,5.18891,5.11015,2.896e-04,0.914,0.211,27822
1735,4.82940,5.11015,2.893e-04,0.809,0.187,27899
1736,4.97430,5.11015,2.890e-04,0.872,0.201,28046
1737,5.15661,5.11015,2.887e-04,0.872,0.201,27831
1738,5.14424,5.11015,2.884e-04,0.836,0.232,27833
1739,4.93999,5.11015,2.881e-04,0.848,0.210,27835
1740,5.03632,5.11015,2.878e-04,0.805,0.183,27808
1741,5.15098,5.11015,2.875e-04,0.838,0.244,27588
1742,5.09091,5.11015,2.872e-04,0.719,0.187,27798
1743,5.09545,5.11015,2.869e-04,0.928,0.277,27858
1744,4.97040,5.11015,2.866e-04,0.778,0.203,27818
1745,5.02085,5.11015,2.863e-04,0.824,0.187,27838
1746,5.11921,5.11015,2.860e-04,0.824,0.202,27801
1747,5.04318,5.11015,2.857e-04,0.767,0.182,28060
1748,5.00802,5.11015,2.854e-04,0.850,0.191,27884
1749,4.92281,5.11015,2.851e-04,0.779,0.184,27848
1750,4.83191,4.99896,2.848e-04,0.765,0.177,8486
1751,4.94248,4.99896,2.845e-04,0.747,0.195,27751
1752,4.82311,4.99896,2.842e-04,0.805,0.193,27757
1753,4.90601,4.99896,2.839e-04,0.874,0.193,27821
1754,5.02319,4.99896,2.836e-04,0.772,0.184,27896
1755,4.92359,4.99896,2.833e-04,0.848,0.205,28077
1756,5.09616,4.99896,2.830e-04,0.786,0.183,28088
1757,5.05054,4.99896,2.827e-04,0.766,0.182,27847
1758,5.08534,4.99896,2.824e-04,0.747,0.200,27841
1759,5.20806,4.99896,2.821e-04,0.823,0.181,27794
1760,4.95252,4.99896,2.818e-04,0.747,0.192,27970
1761,5.00099,4.99896,2.815e-04,0.789,0.216,27406
1762,4.93588,4.99896,2.812e-04,0.785,0.181,27777
1763,5.07417,4.99896,2.809e-04,0.764,0.165,27851
1764,4.95465,4.99896,2.806e-04,0.805,0.209,27761
1765,4.95373,4.99896,2.803e-04,0.710,0.169,27898
1766,5.02651,4.99896,2.800e-04,0.747,0.180,28063
1767,5.14416,4.99896,2.797e-04,0.730,0.169,27869
1768,5.11636,4.99896,2.794e-04,0.810,0.191,27840
1769,5.09351,4.99896,2.791e-04,0.802,0.177,27840
1770,4.90766,4.99896,2.788e-04,0.679,0.172,27841
1771,4.82193,4.99896,2.785e-04,0.863,0.190,27868
1772,5.00526,4.99896,2.782e-04,0.846,0.239,27968
1773,5.14641,4.99896,2.779e-04,0.847,0.178,27894
1774,4.86845,4.99896,2.776e-04,0.728,0.180,27864
1775,5.10755,4.99896,2.773e-04,0.774,0.212,27882
1776,5.20009,4.99896,2.770e-04,0.726,0.177,27850
1777,5.05205,4.99896,2.767e-04,0.812,0.171,28024
1778,4.96559,4.99896,2.764e-04,0.764,0.185,27937
1779,4.96027,4.99896,2.761e-04,0.790,0.189,27766
1780,4.74189,4.99896,2.758e-04,0.746,0.191,27857
1781,5.13481,4.99896,2.755e-04,0.766,0.186,27527
1782,4.81653,4.99896,2.752e-04,0.812,0.200,27800
1783,5.16960,4.99896,2.750e-04,0.726,0.176,28017
1784,4.95404,4.99896,2.747e-04,0.739,0.181,27888
1785,4.95005,4.99896,2.744e-04,0.753,0.189,27855
1786,5.05813,4.99896,2.741e-04,0.850,0.195,27864
1787,4.91832,4.99896,2.738e-04,0.699,0.169,27854
1788,5.10129,4.99896,2.735e-04,0.823,0.190,28008
1789,5.00028,4.99896,2.732e-04,0.778,0.170,27966
1790,5.02862,4.99896,2.729e-04,0.795,0.180,27831
1791,5.24462,4.99896,2.726e-04,0.728,0.152,27861
1792,4.80229,4.99896,2.723e-04,0.778,0.196,27836
1793,4.87274,4.99896,2.720e-04,0.777,0.177,27886
1794,5.09954,4.99896,2.717e-04,0.770,0.184,27946
1795,4.95924,4.99896,2.714e-04,0.780,0.206,27878
1796,5.03900,4.99896,2.711e-04,0.751,0.173,27860
1797,5.05884,4.99896,2.708e-04,0.738,0.171,27787
1798,4.97737,4.99896,2.705e-04,0.704,0.167,27796
1799,5.09353,4.99896,2.702e-04,0.814,0.193,27962
1800,4.98755,4.99896,2.699e-04,0.765,0.183,28010
1801,5.05447,4.99896,2.696e-04,0.756,0.191,27454
1802,5.00434,4.99896,2.693e-04,0.753,0.177,27763
1803,5.06983,4.99896,2.690e-04,0.810,0.191,27848
1804,4.88596,4.99896,2.687e-04,0.724,0.168,27855
1805,4.93576,4.99896,2.684e-04,0.769,0.226,27908
1806,4.87933,4.99896,2.681e-04,0.717,0.188,27982
1807,4.93101,4.99896,2.679e-04,0.755,0.198,27815
1808,5.01336,4.99896,2.676e-04,0.752,0.183,27839
1809,5.09771,4.99896,2.673e-04,0.753,0.184,27815
1810,5.04128,4.99896,2.670e-04,0.777,0.194,27982
1811,4.88282,4.99896,2.667e-04,0.749,0.219,27951
1812,4.91499,4.99896,2.664e-04,0.733,0.171,27920
1813,5.06894,4.99896,2.661e-04,0.818,0.192,27839
1814,4.81263,4.99896,2.658e-04,0.754,0.206,27878
1815,5.06479,4.99896,2.655e-04,0.881,0.188,27850
1816,5.05871,4.99896,2.652e-04,0.814,0.190,27841
1817,5.16457,4.99896,2.649e-04,0.817,0.175,27959
1818,5.00811,4.99896,2.646e-04,0.745,0.184,27893
1819,4.86250,4.99896,2.643e-04,0.805,0.222,27852
1820,4.96185,4.99896,2.640e-04,0.881,0.201,27825
1821,4.96540,4.99896,2.637e-04,0.727,0.172,28057
1822,4.95165,4.99896,2.634e-04,0.800,0.172,27753
1823,5.07620,4.99896,2.631e-04,0.746,0.170,27985
1824,4.86070,4.99896,2.629e-04,0.805,0.200,27856
1825,4.98106,4.99896,2.626e-04,0.770,0.181,27845
1826,4.92422,4.99896,2.623e-04,0.727,0.180,27806
1827,4.90836,4.99896,2.620e-04,0.761,0.178,27801
1828,4.83992,4.99896,2.617e-04,0.759,0.179,27915
1829,5.03558,4.99896,2.614e-04,0.867,0.188,27910
1830,4.96825,4.99896,2.611e-04,0.790,0.192,27860
1831,5.01536,4.99896,2.608e-04,0.992,0.228,27864
1832,4.96624,4.99896,2.605e-04,0.721,0.169,27940
1833,4.97727,4.99896,2.602e-04,0.797,0.183,27833
1834,5.11473,4.99896,2.599e-04,0.805,0.208,27996
1835,4.98203,4.99896,2.596e-04,0.850,0.204,27917
1836,4.92247,4.99896,2.593e-04,0.741,0.192,27852
1837,4.82320,4.99896,2.590e-04,0.898,0.234,27839
1838,5.12050,4.99896,2.588e-04,0.779,0.182,27844
1839,4.95539,4.99896,2.585e-04,0.753,0.191,27880
1840,5.04875,4.99896,2.582e-04,0.847,0.205,27971
1841,5.04669,4.99896,2.579e-04,0.740,0.177,27420
1842,4.93288,4.99896,2.576e-04,0.766,0.181,27788
1843,5.00514,4.99896,2.573e-04,0.772,0.184,27889
1844,5.00202,4.99896,2.570e-04,0.814,0.189,27841
1845,4.87781,4.99896,2.567e-04,0.784,0.208,27941
1846,4.99511,4.99896,2.564e-04,0.740,0.169,27938
1847,4.93855,4.99896,2.561e-04,0.735,0.167,27875
1848,4.99308,4.99896,2.558e-04,0.723,0.173,27813
1849,5.11183,4.99896,2.555e-04,0.716,0.171,27868
1850,4.86407,4.99896,2.553e-04,0.840,0.187,27841
1851,4.82828,4.99896,2.550e-04,0.781,0.179,27978
1852,4.85859,4.99896,2.547e-04,0.733,0.171,27887
1853,4.97304,4.99896,2.544e-04,0.779,0.171,27889
1854,4.95202,4.99896,2.541e-04,0.840,0.198,27911
1855,4.99742,4.99896,2.538e-04,0.952,0.188,27845
1856,4.94123,4.99896,2.535e-04,0.782,0.185,27837
1857,4.84937,4.99896,2.532e-04,0.807,0.178,27974
1858,4.90774,4.99896,2.529e-04,0.727,0.164,27870
1859,5.06533,4.99896,2.526e-04,0.861,0.165,27816
1860,4.74733,4.99896,2.523e-04,0.818,0.209,27882
1861,5.00337,4.99896,2.521e-04,0.844,0.191,27515
1862,4.93594,4.99896,2.518e-04,0.780,0.178,27871
1863,4.96441,4.99896,2.515e-04,0.787,0.168,27956
1864,5.03526,4.99896,2.512e-04,0.805,0.177,27857
1865,5.03344,4.99896,2.509e-04,0.796,0.178,27930
1866,4.91766,4.99896,2.506e-04,0.847,0.171,27832
1867,4.99745,4.99896,2.503e-04,0.761,0.173,27904
1868,4.98813,4.99896,2.500e-04,0.755,0.198,27981
1869,4.59290,4.99896,2.497e-04,0.772,0.202,27920
1870,4.94581,4.99896,2.495e-04,0.898,0.210,27873
1871,4.98202,4.99896,2.492e-04,0.753,0.186,27849
1872,4.95726,4.99896,2.489e-04,0.767,0.178,27798
1873,5.01916,4.99896,2.486e-04,0.795,0.202,27874
1874,4.84972,4.99896,2.483e-04,0.802,0.202,27997
1875,5.06148,4.99896,2.480e-04,0.817,0.179,27935
1876,4.99770,4.99896,2.477e-04,0.793,0.174,27906
1877,5.08641,4.99896,2.474e-04,0.766,0.168,27835
1878,4.80275,4.99896,2.471e-04,0.754,0.171,27839
1879,4.91360,4.99896,2.469e-04,0.801,0.190,27908
1880,5.02859,4.99896,2.466e-04,0.805,0.173,27950
1881,4.76270,4.99896,2.463e-04,0.919,0.219,27458
1882,4.93060,4.99896,2.460e-04,0.818,0.188,27758
1883,5.09998,4.99896,2.457e-04,0.880,0.181,27871
1884,4.97558,4.99896,2.454e-04,0.812,0.193,27853
1885,5.00055,4.99896,2.451e-04,0.828,0.185,27959
1886,5.01414,4.99896,2.448e-04,0.736,0.181,28251
1887,5.08217,4.99896,2.446e-04,0.757,0.179,27990
1888,4.91507,4.99896,2.443e-04,0.758,0.179,27829
1889,5.02091,4.99896,2.440e-04,0.731,0.190,27880
1890,4.83401,4.99896,2.437e-04,0.779,0.186,27846
1891,4.86004,4.99896,2.434e-04,0.787,0.186,27993
1892,4.81895,4.99896,2.431e-04,0.743,0.174,27923
1893,5.07878,4.99896,2.428e-04,0.748,0.172,27838
1894,5.15381,4.99896,2.425e-04,0.821,0.185,27844
1895,4.96823,4.99896,2.423e-04,0.788,0.205,27800
1896,5.12695,4.99896,2.420e-04,0.776,0.186,27874
1897,4.89544,4.99896,2.417e-04,0.747,0.160,28075
1898,4.99908,4.99896,2.414e-04,0.801,0.196,27852
1899,4.87982,4.99896,2.411e-04,0.748,0.204,27808
1900,4.94968,4.99896,2.408e-04,0.787,0.198,27865
1901,4.96920,4.99896,2.405e-04,0.815,0.201,27575
1902,4.97666,4.99896,2.403e-04,0.752,0.163,27789
1903,4.97745,4.99896,2.400e-04,0.831,0.215,27975
1904,4.80149,4.99896,2.397e-04,0.783,0.196,27839
1905,5.14245,4.99896,2.394e-04,0.864,0.187,27853
1906,4.94114,4.99896,2.391e-04,0.783,0.190,27829
1907,5.02365,4.99896,2.388e-04,0.801,0.177,27884
1908,5.03221,4.99896,2.385e-04,0.761,0.168,28025
1909,4.84661,4.99896,2.383e-04,0.872,0.239,27881
1910,5.08966,4.99896,2.380e-04,0.801,0.176,27854
1911,5.09353,4.99896,2.377e-04,0.847,0.211,27816
1912,4.90641,4.99896,2.374e-04,0.802,0.169,27818
1913,4.93399,4.99896,2.371e-04,0.828,0.216,27891
1914,4.79183,4.99896,2.368e-04,0.781,0.178,27995
1915,4.74629,4.99896,2.365e-04,0.817,0.183,27851
1916,5.11120,4.99896,2.363e-04,0.827,0.182,27824
1917,4.96389,4.99896,2.360e-04,0.820,0.189,27814
1918,4.97653,4.99896,2.357e-04,0.786,0.165,27849
1919,5.00744,4.99896,2.354e-04,0.829,0.221,28001
1920,4.78843,4.99896,2.351e-04,0.842,0.219,27916
1921,5.16452,4.99896,2.348e-04,0.812,0.171,27314
1922,4.92363,4.99896,2.346e-04,0.857,0.206,27762
1923,4.91602,4.99896,2.343e-04,0.790,0.183,27835
1924,5.03065,4.99896,2.340e-04,0.886,0.211,27853
1925,4.84310,4.99896,2.337e-04,0.786,0.184,27958
1926,4.91978,4.99896,2.334e-04,0.901,0.211,27824
1927,4.96261,4.99896,2.331e-04,0.836,0.179,27808
1928,5.05203,4.99896,2.329e-04,0.843,0.186,27777
1929,4.91320,4.99896,2.326e-04,0.812,0.182,27816
1930,4.94272,4.99896,2.323e-04,0.776,0.177,27982
1931,4.85915,4.99896,2.320e-04,0.804,0.193,27974
1932,4.82644,4.99896,2.317e-04,0.780,0.206,27790
1933,4.87461,4.99896,2.315e-04,0.819,0.191,27835
1934,4.82907,4.99896,2.312e-04,0.751,0.165,27828
1935,4.90172,4.99896,2.309e-04,0.847,0.240,27786
1936,4.97717,4.99896,2.306e-04,0.737,0.166,27924
1937,4.92157,4.99896,2.303e-04,0.774,0.201,27879
1938,4.92820,4.99896,2.300e-04,0.762,0.185,27831
1939,4.87711,4.99896,2.298e-04,0.778,0.181,27813
1940,4.82354,4.99896,2.295e-04,0.882,0.217,27818
1941,4.98283,4.99896,2.292e-04,0.815,0.175,27625
1942,5.05245,4.99896,2.289e-04,0.745,0.171,27814
1943,4.83169,4.99896,2.286e-04,0.820,0.202,27801
1944,5.21442,4.99896,2.284e-04,0.775,0.169,27810
1945,4.72378,4.99896,2.281e-04,0.844,0.177,27795
1946,5.09850,4.99896,2.278e-04,0.838,0.175,27802
1947,4.87867,4.99896,2.275e-04,0.801,0.178,27872
1948,4.94110,4.99896,2.272e-04,0.875,0.192,27912
1949,4.77720,4.99896,2.270e-04,0.796,0.186,27833
1950,5.06308,4.99896,2.267e-04,0.794,0.172,27787
1951,4.98012,4.99896,2.264e-04,0.787,0.179,27875
1952,4.97866,4.99896,2.261e-04,0.819,0.168,28053
1953,4.91618,4.99896,2.258e-04,0.855,0.179,27944
1954,4.90738,4.99896,2.256e-04,0.911,0.213,27915
1955,4.90646,4.99896,2.253e-04,0.861,0.203,27809
1956,4.86611,4.99896,2.250e-04,0.806,0.182,27828
1957,5.05564,4.99896,2.247e-04,0.790,0.174,27828
1958,5.02732,4.99896,2.244e-04,0.891,0.211,27751
1959,4.81546,4.99896,2.242e-04,0.803,0.178,27972
1960,4.92396,4.99896,2.239e-04,0.778,0.186,27872
1961,4.87508,4.99896,2.236e-04,0.803,0.197,27355
1962,4.87940,4.99896,2.233e-04,0.771,0.165,27790
1963,4.75204,4.99896,2.230e-04,0.839,0.181,27904
1964,4.91971,4.99896,2.228e-04,0.842,0.186,27848
1965,4.83125,4.99896,2.225e-04,0.783,0.176,27939
1966,4.94379,4.99896,2.222e-04,0.764,0.176,27794
1967,4.96823,4.99896,2.219e-04,0.761,0.174,27873
1968,4.88026,4.99896,2.217e-04,0.775,0.181,27809
1969,4.89059,4.99896,2.214e-04,0.809,0.195,27821
1970,4.94584,4.99896,2.211e-04,0.786,0.172,27959
1971,4.85063,4.99896,2.208e-04,0.772,0.187,27863
1972,5.13361,4.99896,2.206e-04,0.836,0.191,27784
1973,5.03194,4.99896,2.203e-04,0.787,0.159,27847
1974,4.87971,4.99896,2.200e-04,0.756,0.170,27891
1975,4.72997,4.99896,2.197e-04,0.808,0.187,27833
1976,5.08291,4.99896,2.194e-04,0.793,0.167,27958
1977,4.82373,4.99896,2.192e-04,0.812,0.174,27786
1978,4.79013,4.99896,2.189e-04,0.776,0.155,27845
1979,5.00790,4.99896,2.186e-04,0.792,0.161,27820
1980,4.92738,4.99896,2.183e-04,0.818,0.184,27822
1981,4.98983,4.99896,2.181e-04,0.792,0.160,27498
1982,4.82709,4.99896,2.178e-04,0.753,0.172,27782
1983,4.91799,4.99896,2.175e-04,0.766,0.175,27803
1984,5.03277,4.99896,2.172e-04,0.769,0.180,27857
1985,5.00350,4.99896,2.170e-04,0.781,0.166,27887
1986,4.65772,4.99896,2.167e-04,0.794,0.183,27859
1987,4.92589,4.99896,2.164e-04,0.822,0.179,27926
1988,4.96179,4.99896,2.161e-04,0.794,0.164,27885
1989,4.85939,4.99896,2.159e-04,0.773,0.173,27816
1990,4.98016,4.99896,2.156e-04,0.806,0.179,27779
1991,4.89329,4.99896,2.153e-04,0.781,0.184,27841
1992,4.80060,4.99896,2.150e-04,0.821,0.182,27860
1993,4.89060,4.99896,2.148e-04,0.769,0.180,27949
1994,4.67908,4.99896,2.145e-04,0.849,0.173,27817
1995,4.86018,4.99896,2.142e-04,0.736,0.169,27903
1996,4.95372,4.99896,2.139e-04,0.844,0.184,27830
1997,4.84304,4.99896,2.137e-04,0.738,0.170,27861
1998,4.96031,4.99896,2.134e-04,0.802,0.184,27872
1999,5.04817,4.99896,2.131e-04,0.889,0.190,27911
2000,5.05153,4.91007,2.129e-04,0.786,0.174,8434
2001,5.08095,4.91007,2.126e-04,0.934,0.196,27748
2002,4.86984,4.91007,2.123e-04,0.837,0.175,27713
2003,4.96599,4.91007,2.120e-04,0.772,0.167,27820
2004,4.93166,4.91007,2.118e-04,1.006,0.186,28157
2005,4.96323,4.91007,2.115e-04,0.802,0.179,27774
2006,4.88350,4.91007,2.112e-04,0.873,0.193,27975
2007,4.97059,4.91007,2.109e-04,0.819,0.176,27830
2008,4.84006,4.91007,2.107e-04,0.851,0.189,27813
2009,4.94191,4.91007,2.104e-04,0.821,0.175,27842
2010,4.79446,4.91007,2.101e-04,0.799,0.175,27815
2011,4.83729,4.91007,2.099e-04,0.846,0.178,27866
2012,4.88052,4.91007,2.096e-04,0.744,0.164,27916
2013,4.97665,4.91007,2.093e-04,0.769,0.160,27797
2014,4.85975,4.91007,2.090e-04,0.894,0.191,27862
2015,4.96045,4.91007,2.088e-04,0.803,0.165,27924
2016,4.90108,4.91007,2.085e-04,0.823,0.180,27799
2017,4.88480,4.91007,2.082e-04,0.833,0.189,27953
2018,4.88656,4.91007,2.080e-04,0.803,0.186,27854
2019,4.79603,4.91007,2.077e-04,0.756,0.172,27827
2020,4.70458,4.91007,2.074e-04,0.863,0.190,27871
2021,5.13837,4.91007,2.072e-04,0.829,0.167,27469
2022,4.95525,4.91007,2.069e-04,0.761,0.167,27833
2023,4.98736,4.91007,2.066e-04,0.841,0.180,27940
2024,4.81330,4.91007,2.063e-04,0.832,0.168,27832
2025,4.91695,4.91007,2.061e-04,0.786,0.170,27771
2026,4.70330,4.91007,2.058e-04,0.773,0.175,27909
2027,4.79768,4.91007,2.055e-04,0.802,0.175,27828
2028,4.90533,4.91007,2.053e-04,0.815,0.198,27900
2029,4.93358,4.91007,2.050e-04,0.829,0.173,27880
2030,4.78715,4.91007,2.047e-04,0.864,0.231,27858
2031,4.93965,4.91007,2.045e-04,0.834,0.183,27809
2032,5.03341,4.91007,2.042e-04,0.898,0.181,27802
2033,4.95228,4.91007,2.039e-04,0.803,0.178,27870
2034,4.77355,4.91007,2.037e-04,0.825,0.210,27948
2035,4.94060,4.91007,2.034e-04,0.890,0.192,27805
2036,4.88809,4.91007,2.031e-04,0.838,0.205,27839
2037,4.83672,4.91007,2.029e-04,0.981,0.227,27918
2038,4.85221,4.91007,2.026e-04,0.842,0.179,27815
2039,4.97389,4.91007,2.023e-04,0.814,0.178,27831
2040,4.94642,4.91007,2.021e-04,0.774,0.163,27892
2041,4.89092,4.91007,2.018e-04,0.839,0.173,27397
2042,5.01838,4.91007,2.015e-04,0.831,0.184,27762
2043,4.74602,4.91007,2.013e-04,0.858,0.183,27855
2044,4.67974,4.91007,2.010e-04,0.817,0.172,27851
2045,4.93198,4.91007,2.007e-04,0.873,0.189,27930
2046,4.91107,4.91007,2.005e-04,0.813,0.188,27884
2047,5.00130,4.91007,2.002e-04,0.844,0.179,27810
2048,4.84485,4.91007,1.999e-04,0.870,0.191,27879
2049,4.85029,4.91007,1.997e-04,0.853,0.229,27814
2050,4.90936,4.91007,1.994e-04,0.880,0.181,27797
2051,4.85714,4.91007,1.991e-04,0.937,0.244,27978
2052,5.09006,4.91007,1.989e-04,0.875,0.208,27816
2053,4.84120,4.91007,1.986e-04,0.837,0.195,27801
2054,4.99204,4.91007,1.983e-04,0.872,0.201,27811
2055,5.18979,4.91007,1.981e-04,0.909,0.190,27815
2056,4.92286,4.91007,1.978e-04,0.783,0.175,27871
2057,4.97531,4.91007,1.975e-04,0.819,0.173,27942
2058,4.77917,4.91007,1.973e-04,0.829,0.187,27865
2059,4.89770,4.91007,1.970e-04,0.773,0.168,27889
2060,4.69934,4.91007,1.968e-04,0.726,0.167,27817
2061,4.90578,4.91007,1.965e-04,0.762,0.170,27514
2062,4.78728,4.91007,1.962e-04,0.743,0.176,27802
2063,4.80822,4.91007,1.960e-04,0.867,0.189,27912
2064,4.99125,4.91007,1.957e-04,0.786,0.159,27825
2065,4.90377,4.91007,1.954e-04,0.740,0.159,27781
2066,4.81367,4.91007,1.952e-04,0.846,0.182,27820
2067,4.77609,4.91007,1.949e-04,0.753,0.163,27856
2068,4.84537,4.91007,1.947e-04,0.820,0.174,27939
2069,4.72053,4.91007,1.944e-04,0.755,0.159,28132
2070,4.88662,4.91007,1.941e-04,0.759,0.160,27983
2071,4.85257,4.91007,1.939e-04,0.782,0.169,27859
2072,4.72829,4.91007,1.936e-04,0.762,0.187,27790
2073,4.94172,4.91007,1.933e-04,0.781,0.174,27857
2074,4.83752,4.91007,1.931e-04,0.789,0.172,27909
2075,4.77457,4.91007,1.928e-04,0.812,0.162,27813
2076,5.06762,4.91007,1.926e-04,0.819,0.167,27823
2077,5.03856,4.91007,1.923e-04,0.826,0.186,27843
2078,4.94668,4.91007,1.920e-04,0.879,0.200,27825
2079,4.91883,4.91007,1.918e-04,0.863,0.180,27954
2080,4.79574,4.91007,1.915e-04,0.891,0.238,27958
2081,5.08351,4.91007,1.913e-04,0.984,0.220,27419
2082,4.88704,4.91007,1.910e-04,0.843,0.193,27809
2083,4.91509,4.91007,1.907e-04,0.889,0.220,27815
2084,4.71784,4.91007,1.905e-04,0.854,0.184,27874
2085,4.89547,4.91007,1.902e-04,0.795,0.168,27974
2086,4.79987,4.91007,1.900e-04,0.842,0.181,27838
2087,4.96321,4.91007,1.897e-04,0.933,0.214,27808
2088,4.75697,4.91007,1.894e-04,0.794,0.166,27860
2089,4.77617,4.91007,1.892e-04,0.805,0.178,27845
2090,4.99595,4.91007,1.889e-04,0.865,0.178,27900
2091,4.91919,4.91007,1.887e-04,0.837,0.181,27998
2092,4.83801,4.91007,1.884e-04,0.850,0.208,27877
2093,4.80624,4.91007,1.882e-04,0.860,0.185,27814
2094,4.83613,4.91007,1.879e-04,0.778,0.184,27841
2095,4.92162,4.91007,1.876e-04,0.843,0.203,27836
2096,4.95862,4.91007,1.874e-04,0.781,0.178,27947
2097,4.92222,4.91007,1.871e-04,0.738,0.165,27915
2098,4.61779,4.91007,1.869e-04,0.968,0.253,27806
2099,4.99089,4.91007,1.866e-04,0.804,0.171,27841
2100,4.96136,4.91007,1.864e-04,0.852,0.196,27811
2101,4.91461,4.91007,1.861e-04,0.840,0.194,27546
2102,4.86109,4.91007,1.858e-04,0.821,0.166,27895
2103,5.04149,4.91007,1.856e-04,0.878,0.184,27812
2104,5.08645,4.91007,1.853e-04,0.953,0.204,27837
2105,4.71129,4.91007,1.851e-04,0.828,0.203,27830
2106,4.78788,4.91007,1.848e-04,0.834,0.185,27813
2107,4.89160,4.91007,1.846e-04,0.870,0.200,27884
2108,4.90489,4.91007,1.843e-04,0.765,0.167,27938
2109,4.98465,4.91007,1.841e-04,0.831,0.159,27823
2110,4.88858,4.91007,1.838e-04,0.863,0.185,27844
2111,4.85193,4.91007,1.835e-04,0.794,0.173,27820
2112,4.95949,4.91007,1.833e-04,0.859,0.173,27853
2113,4.67452,4.91007,1.830e-04,0.818,0.201,28036
2114,4.95763,4.91007,1.828e-04,0.798,0.163,27849
2115,4.92288,4.91007,1.825e-04,0.857,0.192,27866
2116,4.96516,4.91007,1.823e-04,0.864,0.167,27818
2117,4.61033,4.91007,1.820e-04,0.932,0.198,27840
2118,4.81739,4.91007,1.818e-04,0.868,0.194,27880
2119,4.91814,4.91007,1.815e-04,0.799,0.184,27960
2120,4.81392,4.91007,1.813e-04,0.840,0.191,27817
2121,4.92846,4.91007,1.810e-04,0.879,0.177,27432
2122,5.03132,4.91007,1.808e-04,0.830,0.176,27800
2123,4.91693,4.91007,1.805e-04,0.847,0.175,27814
2124,4.96582,4.91007,1.802e-04,0.917,0.182,27969
2125,4.67019,4.91007,1.800e-04,0.833,0.185,27915
2126,4.80918,4.91007,1.797e-04,0.838,0.196,27856
2127,4.85246,4.91007,1.795e-04,0.831,0.169,27815
2128,4.95392,4.91007,1.792e-04,0.847,0.190,27857
2129,4.92842,4.91007,1.790e-04,0.908,0.200,27801
2130,4.70460,4.91007,1.787e-04,0.790,0.182,27944
2131,4.75490,4.91007,1.785e-04,0.827,0.176,27874
2132,4.87121,4.91007,1.782e-04,0.813,0.180,27807
2133,4.96632,4.91007,1.780e-04,0.805,0.170,27841
2134,4.88813,4.91007,1.777e-04,0.915,0.199,27855
2135,4.83282,4.91007,1.775e-04,0.831,0.177,28311
2136,4.85555,4.91007,1.772e-04,0.858,0.186,27980
2137,4.82083,4.91007,1.770e-04,0.886,0.177,27858
2138,4.76678,4.91007,1.767e-04,0.784,0.182,27786
2139,5.03149,4.91007,1.765e-04,0.816,0.183,27791
2140,5.01485,4.91007,1.762e-04,0.885,0.184,27812
2141,4.93904,4.91007,1.760e-04,0.801,0.183,27508
2142,4.76504,4.91007,1.757e-04,0.784,0.166,27810
2143,4.81106,4.91007,1.755e-04,0.881,0.192,27832
2144,4.64978,4.91007,1.752e-04,0.827,0.194,27808
2145,4.86152,4.91007,1.750e-04,0.905,0.194,27857
2146,4.89966,4.91007,1.747e-04,0.845,0.176,27912
2147,4.83973,4.91007,1.745e-04,0.833,0.201,27967
2148,4.86132,4.91007,1.743e-04,0.794,0.169,27910
2149,4.78360,4.91007,1.740e-04,0.905,0.188,27779
2150,4.87614,4.91007,1.738e-04,0.795,0.180,27821
2151,4.85278,4.91007,1.735e-04,0.807,0.164,27826
2152,4.81996,4.91007,1.733e-04,0.801,0.174,27846
2153,4.80302,4.91007,1.730e-04,0.794,0.179,27974
2154,4.97471,4.91007,1.728e-04,0.808,0.171,27793
2155,4.68140,4.91007,1.725e-04,0.802,0.186,27822
2156,4.84809,4.91007,1.723e-04,0.810,0.175,27846
2157,4.76633,4.91007,1.720e-04,0.921,0.199,27925
2158,4.95364,4.91007,1.718e-04,0.775,0.167,27943
2159,4.88188,4.91007,1.715e-04,0.832,0.193,27900
2160,5.08239,4.91007,1.713e-04,0.862,0.178,27858
2161,4.79175,4.91007,1.711e-04,0.839,0.186,27438
2162,4.84385,4.91007,1.708e-04,0.769,0.160,27788
2163,4.90618,4.91007,1.706e-04,0.940,0.195,27819
2164,5.12782,4.91007,1.703e-04,0.897,0.180,27923
2165,5.05494,4.91007,1.701e-04,0.940,0.189,27875
2166,4.86404,4.91007,1.698e-04,0.806,0.163,27838
2167,4.81736,4.91007,1.696e-04,0.902,0.195,27930
2168,5.01493,4.91007,1.693e-04,0.896,0.196,27873
2169,4.88180,4.91007,1.691e-04,0.955,0.223,27877
2170,4.99186,4.91007,1.689e-04,0.923,0.196,27984
2171,5.00353,4.91007,1.686e-04,0.898,0.196,27814
2172,4.83385,4.91007,1.684e-04,0.877,0.210,27860
2173,4.98093,4.91007,1.681e-04,0.842,0.178,27812
2174,4.95082,4.91007,1.679e-04,0.879,0.177,27847
2175,4.89491,4.91007,1.676e-04,0.857,0.208,27933
2176,4.92412,4.91007,1.674e-04,0.893,0.230,27954
2177,4.96941,4.91007,1.672e-04,0.847,0.180,27812
2178,4.86338,4.91007,1.669e-04,0.805,0.164,27897
2179,4.75550,4.91007,1.667e-04,0.824,0.180,27848
2180,4.96340,4.91007,1.664e-04,0.886,0.186,27837
2181,4.65769,4.91007,1.662e-04,0.853,0.199,27584
2182,4.78982,4.91007,1.660e-04,0.812,0.162,27786
2183,4.78307,4.91007,1.657e-04,0.891,0.196,27861
2184,4.67561,4.91007,1.655e-04,0.899,0.195,27861
2185,4.72684,4.91007,1.652e-04,0.826,0.174,27826
2186,4.98065,4.91007,1.650e-04,0.894,0.191,27867
2187,4.66703,4.91007,1.648e-04,0.912,0.218,27936
2188,4.73299,4.91007,1.645e-04,0.846,0.196,27843
2189,4.84724,4.91007,1.643e-04,0.835,0.168,27846
2190,4.82340,4.91007,1.640e-04,0.802,0.192,27867
2191,4.90397,4.91007,1.638e-04,0.813,0.172,27829
2192,4.69422,4.91007,1.636e-04,0.855,0.221,27930
2193,4.83868,4.91007,1.633e-04,0.822,0.173,27929
2194,4.79469,4.91007,1.631e-04,0.968,0.196,27867
2195,4.78770,4.91007,1.628e-04,0.891,0.222,27808
2196,4.97535,4.91007,1.626e-04,0.923,0.196,27832
2197,4.77449,4.91007,1.624e-04,0.986,0.230,27838
2198,4.73724,4.91007,1.621e-04,0.834,0.164,27978
2199,4.95296,4.91007,1.619e-04,0.852,0.188,27880
2200,4.84968,4.91007,1.617e-04,0.876,0.180,28108
2201,4.92099,4.91007,1.614e-04,0.879,0.188,27417
2202,4.95414,4.91007,1.612e-04,0.797,0.172,27775
2203,5.16425,4.91007,1.609e-04,0.875,0.168,27881
2204,4.78892,4.91007,1.607e-04,0.838,0.179,27960
2205,4.97829,4.91007,1.605e-04,0.837,0.173,27798
2206,4.84347,4.91007,1.602e-04,0.864,0.188,27791
2207,4.80659,4.91007,1.600e-04,0.816,0.184,27870
2208,4.72885,4.91007,1.598e-04,0.861,0.184,27836
2209,4.88613,4.91007,1.595e-04,0.805,0.161,27941
2210,4.95144,4.91007,1.593e-04,0.967,0.219,27915
2211,4.85827,4.91007,1.591e-04,0.806,0.175,27899
2212,4.96648,4.91007,1.588e-04,0.860,0.169,27835
2213,4.94676,4.91007,1.586e-04,0.825,0.169,27828
2214,4.92478,4.91007,1.584e-04,0.862,0.180,27871
2215,4.88442,4.91007,1.581e-04,0.792,0.172,27978
2216,4.76672,4.91007,1.579e-04,0.901,0.178,27870
2217,4.78823,4.91007,1.577e-04,0.829,0.176,27820
2218,4.92970,4.91007,1.574e-04,0.843,0.208,27906
2219,4.83484,4.91007,1.572e-04,0.878,0.178,27822
2220,4.74555,4.91007,1.570e-04,0.875,0.189,27840
2221,4.94342,4.91007,1.567e-04,0.813,0.173,27479
2222,4.85283,4.91007,1.565e-04,0.810,0.193,27847
2223,4.93025,4.91007,1.563e-04,0.817,0.175,27843
2224,4.85476,4.91007,1.560e-04,0.782,0.161,27775
2225,4.87728,4.91007,1.558e-04,0.873,0.197,27796
2226,4.87559,4.91007,1.556e-04,0.767,0.181,27957
2227,4.80041,4.91007,1.553e-04,0.809,0.182,27943
2228,4.90144,4.91007,1.551e-04,0.813,0.179,27798
2229,4.81501,4.91007,1.549e-04,0.828,0.174,27657
2230,4.96455,4.91007,1.546e-04,0.733,0.147,27839
2231,4.92249,4.91007,1.544e-04,0.817,0.169,27787
2232,4.66817,4.91007,1.542e-04,0.779,0.173,27912
2233,4.85696,4.91007,1.540e-04,0.805,0.187,27890
2234,4.73164,4.91007,1.537e-04,0.827,0.203,27795
2235,4.86471,4.91007,1.535e-04,0.783,0.183,27823
2236,4.80639,4.91007,1.533e-04,0.880,0.214,27768
2237,4.81350,4.91007,1.530e-04,0.829,0.207,27856
2238,4.88431,4.91007,1.528e-04,0.814,0.202,27851
2239,4.90548,4.91007,1.526e-04,0.829,0.187,27841
2240,4.84405,4.91007,1.524e-04,0.787,0.161,27829
2241,4.93268,4.91007,1.521e-04,0.812,0.162,27435
2242,4.87533,4.91007,1.519e-04,0.840,0.194,27712
2243,4.91943,4.91007,1.517e-04,0.839,0.167,27977
2244,4.83471,4.91007,1.514e-04,0.934,0.209,27968
2245,4.87792,4.91007,1.512e-04,0.784,0.173,27810
2246,4.69830,4.91007,1.510e-04,0.923,0.187,27833
2247,4.81232,4.91007,1.508e-04,0.870,0.194,27792
2248,4.83691,4.91007,1.505e-04,0.933,0.203,27801
2249,4.98142,4.91007,1.503e-04,0.883,0.222,27958
2250,4.89408,4.83945,1.501e-04,0.870,0.178,8477
2251,4.51462,4.83945,1.499e-04,0.849,0.184,27769
2252,4.94405,4.83945,1.496e-04,0.846,0.170,27859
2253,5.01043,4.83945,1.494e-04,0.811,0.179,28028
2254,4.81836,4.83945,1.492e-04,0.857,0.182,27786
2255,4.96994,4.83945,1.490e-04,0.912,0.204,27849
2256,4.96182,4.83945,1.487e-04,0.904,0.168,27889
2257,4.87302,4.83945,1.485e-04,0.866,0.187,27856
2258,4.73704,4.83945,1.483e-04,0.800,0.171,27762
2259,4.88694,4.83945,1.481e-04,0.812,0.167,27766
2260,4.94933,4.83945,1.478e-04,0.869,0.183,27770
2261,4.79725,4.83945,1.476e-04,0.819,0.188,27509
2262,4.80301,4.83945,1.474e-04,0.802,0.175,27814
2263,4.86408,4.83945,1.472e-04,0.870,0.173,27888
2264,4.81252,4.83945,1.469e-04,0.832,0.177,27852
2265,4.97453,4.83945,1.467e-04,0.833,0.198,27825
2266,4.77677,4.83945,1.465e-04,0.765,0.167,27828
2267,4.89788,4.83945,1.463e-04,0.896,0.198,27883
2268,4.75685,4.83945,1.461e-04,0.807,0.171,27890
2269,4.99512,4.83945,1.458e-04,0.813,0.182,27836
2270,4.77327,4.83945,1.456e-04,0.783,0.164,27788
2271,4.79222,4.83945,1.454e-04,0.810,0.179,27792
2272,5.04239,4.83945,1.452e-04,0.845,0.184,27826
2273,4.84727,4.83945,1.450e-04,0.883,0.209,27939
2274,4.87118,4.83945,1.447e-04,0.858,0.207,27917
2275,4.87338,4.83945,1.445e-04,0.851,0.185,27802
2276,4.70829,4.83945,1.443e-04,0.849,0.195,27817
2277,4.93276,4.83945,1.441e-04,0.823,0.168,27760
2278,4.93738,4.83945,1.439e-04,0.825,0.173,27851
2279,4.74476,4.83945,1.436e-04,0.846,0.194,27940
2280,4.90179,4.83945,1.434e-04,0.807,0.163,27799
2281,4.86343,4.83945,1.432e-04,0.878,0.206,27351
2282,4.82272,4.83945,1.430e-04,0.838,0.176,27699
2283,4.79241,4.83945,1.428e-04,0.863,0.208,27799
2284,4.88867,4.83945,1.425e-04,0.861,0.185,27977
2285,4.84165,4.83945,1.423e-04,0.835,0.178,27963
2286,4.72860,4.83945,1.421e-04,0.913,0.234,27750
2287,4.75064,4.83945,1.419e-04,0.823,0.170,27816
2288,4.82244,4.83945,1.417e-04,0.903,0.200,27829
2289,4.60500,4.83945,1.415e-04,0.800,0.169,27826
2290,4.99133,4.83945,1.412e-04,0.870,0.196,27956
2291,4.90258,4.83945,1.410e-04,2.113,0.642,27806
2292,4.95882,4.83945,1.408e-04,0.937,0.187,27878
2293,4.84350,4.83945,1.406e-04,0.895,0.172,27794
2294,4.88842,4.83945,1.404e-04,0.919,0.203,27804
2295,4.72818,4.83945,1.402e-04,0.911,0.184,27913
2296,5.02442,4.83945,1.399e-04,0.841,0.184,27980
2297,4.68982,4.83945,1.397e-04,0.857,0.212,27810
2298,4.85614,4.83945,1.395e-04,0.937,0.180,27797
2299,4.81356,4.83945,1.393e-04,0.817,0.177,27837
2300,4.97343,4.83945,1.391e-04,0.831,0.170,27803
2301,4.68123,4.83945,1.389e-04,0.802,0.167,27525
2302,4.81393,4.83945,1.387e-04,0.836,0.170,27740
2303,4.81694,4.83945,1.384e-04,0.837,0.190,27772
2304,4.87240,4.83945,1.382e-04,0.797,0.160,27832
2305,4.87842,4.83945,1.380e-04,0.835,0.181,27785
2306,4.78317,4.83945,1.378e-04,0.907,0.212,27883
2307,4.86268,4.83945,1.376e-04,0.850,0.170,28054
2308,4.72772,4.83945,1.374e-04,0.777,0.164,27791
2309,4.98846,4.83945,1.372e-04,0.878,0.193,27792
2310,4.72284,4.83945,1.370e-04,0.920,0.182,27876
2311,4.87152,4.83945,1.367e-04,0.773,0.159,27820
2312,4.90574,4.83945,1.365e-04,0.801,0.183,27877
2313,4.94030,4.83945,1.363e-04,0.799,0.159,27957
2314,4.82357,4.83945,1.361e-04,0.921,0.171,27834
2315,4.81223,4.83945,1.359e-04,0.773,0.166,27781
2316,4.78585,4.83945,1.357e-04,0.828,0.187,27776
2317,4.82468,4.83945,1.355e-04,0.834,0.171,27802
2318,4.88481,4.83945,1.353e-04,0.881,0.201,28474
2319,4.85729,4.83945,1.351e-04,0.841,0.202,27859
2320,4.94021,4.83945,1.348e-04,0.869,0.173,27789
2321,4.70135,4.83945,1.346e-04,0.859,0.196,27427
2322,4.60997,4.83945,1.344e-04,0.841,0.198,27736
2323,4.84471,4.83945,1.342e-04,0.813,0.168,27877
2324,4.71091,4.83945,1.340e-04,0.834,0.170,27919
2325,4.96460,4.83945,1.338e-04,0.784,0.157,27824
2326,4.94808,4.83945,1.336e-04,0.829,0.168,27802
2327,4.59979,4.83945,1.334e-04,0.877,0.202,27841
2328,4.81599,4.83945,1.332e-04,0.838,0.194,27608
2329,4.74462,4.83945,1.330e-04,0.791,0.161,27995
2330,4.94115,4.83945,1.328e-04,0.882,0.185,27906
2331,4.81732,4.83945,1.326e-04,1.021,0.229,27788
2332,4.84743,4.83945,1.324e-04,0.827,0.157,27731
2333,4.86749,4.83945,1.321e-04,0.927,0.186,27789
2334,4.70594,4.83945,1.319e-04,0.823,0.167,27838
2335,4.97041,4.83945,1.317e-04,0.842,0.187,27946
2336,4.83865,4.83945,1.315e-04,0.883,0.187,27870
2337,4.57344,4.83945,1.313e-04,0.870,0.191,27818
2338,5.06970,4.83945,1.311e-04,0.891,0.176,27799
2339,4.66939,4.83945,1.309e-04,0.821,0.195,27841
2340,4.80391,4.83945,1.307e-04,0.914,0.181,27912
2341,4.69013,4.83945,1.305e-04,0.847,0.201,27423
2342,4.86716,4.83945,1.303e-04,0.822,0.180,27743
2343,4.71760,4.83945,1.301e-04,0.762,0.156,27823
2344,4.78228,4.83945,1.299e-04,0.862,0.163,27772
2345,4.83934,4.83945,1.297e-04,0.787,0.156,27792
2346,4.68058,4.83945,1.295e-04,0.843,0.164,27927
2347,4.76180,4.83945,1.293e-04,0.844,0.174,27855
2348,4.56623,4.83945,1.291e-04,0.887,0.179,27823
2349,4.83538,4.83945,1.289e-04,0.833,0.182,27784
2350,4.79904,4.83945,1.287e-04,0.801,0.178,27888
2351,4.86756,4.83945,1.285e-04,0.814,0.162,27827
2352,4.73708,4.83945,1.283e-04,0.911,0.221,27969
2353,4.77839,4.83945,1.281e-04,0.847,0.173,27847
2354,4.77977,4.83945,1.279e-04,0.884,0.186,27814
2355,4.99907,4.83945,1.277e-04,0.846,0.187,27811
2356,4.84156,4.83945,1.275e-04,0.882,0.201,27797
2357,4.92408,4.83945,1.273e-04,0.854,0.176,27895
2358,4.92227,4.83945,1.271e-04,0.877,0.184,27895
2359,5.01881,4.83945,1.269e-04,0.818,0.184,27791
2360,4.74225,4.83945,1.267e-04,0.823,0.168,27772
2361,4.63092,4.83945,1.265e-04,0.831,0.178,27552
2362,4.80036,4.83945,1.263e-04,0.839,0.171,27795
2363,5.07047,4.83945,1.261e-04,0.907,0.180,27915
2364,4.80344,4.83945,1.259e-04,0.839,0.183,27817
2365,4.82206,4.83945,1.257e-04,0.828,0.175,27787
2366,4.95933,4.83945,1.255e-04,0.855,0.166,27816
2367,4.90745,4.83945,1.253e-04,0.960,0.220,27800
2368,4.78709,4.83945,1.251e-04,0.825,0.170,27824
2369,4.78040,4.83945,1.249e-04,0.858,0.210,27944
2370,4.78260,4.83945,1.247e-04,0.846,0.186,27826
2371,4.66049,4.83945,1.245e-04,0.841,0.192,27817
2372,4.89854,4.83945,1.243e-04,0.810,0.172,27865
2373,5.04506,4.83945,1.241e-04,0.869,0.185,27840
2374,4.90025,4.83945,1.239e-04,0.815,0.172,27926
2375,4.82086,4.83945,1.237e-04,0.825,0.168,27890
2376,4.90736,4.83945,1.235e-04,0.854,0.176,27801
2377,4.89927,4.83945,1.233e-04,0.852,0.185,27806
2378,4.70042,4.83945,1.231e-04,0.886,0.209,27795
2379,4.93590,4.83945,1.229e-04,0.828,0.182,27799
2380,4.63605,4.83945,1.227e-04,1.058,0.232,27982
2381,4.65294,4.83945,1.225e-04,0.941,0.194,27371
2382,4.85792,4.83945,1.223e-04,0.855,0.161,27796
2383,4.78585,4.83945,1.222e-04,0.819,0.161,28199
2384,4.85651,4.83945,1.220e-04,0.887,0.191,27836
2385,4.96568,4.83945,1.218e-04,0.925,0.177,27888
2386,4.86341,4.83945,1.216e-04,0.811,0.164,27927
2387,5.08073,4.83945,1.214e-04,0.828,0.163,27772
2388,4.82835,4.83945,1.212e-04,0.886,0.165,27806
2389,4.87899,4.83945,1.210e-04,0.863,0.170,27824
2390,4.66479,4.83945,1.208e-04,0.816,0.169,27822
2391,4.78010,4.83945,1.206e-04,0.809,0.172,27917
2392,4.72210,4.83945,1.204e-04,0.874,0.190,27919
2393,4.84168,4.83945,1.202e-04,0.869,0.183,27850
2394,4.85487,4.83945,1.200e-04,0.881,0.183,27889
2395,4.68248,4.83945,1.199e-04,0.818,0.187,27851
2396,4.92789,4.83945,1.197e-04,0.847,0.167,27820
2397,4.73331,4.83945,1.195e-04,0.835,0.164,27975
2398,4.78747,4.83945,1.193e-04,0.896,0.200,27860
2399,4.91146,4.83945,1.191e-04,0.840,0.183,27813
2400,4.91376,4.83945,1.189e-04,0.792,0.169,27731
2401,4.89859,4.83945,1.187e-04,0.807,0.164,27524
2402,4.54061,4.83945,1.185e-04,0.818,0.182,27827
2403,4.76657,4.83945,1.183e-04,0.815,0.200,27888
2404,4.89333,4.83945,1.182e-04,0.824,0.177,27816
2405,4.79884,4.83945,1.180e-04,0.853,0.190,27936
2406,4.86335,4.83945,1.178e-04,0.786,0.157,27764
2407,4.70267,4.83945,1.176e-04,0.862,0.214,27797
2408,4.84012,4.83945,1.174e-04,0.830,0.208,27962
2409,4.64114,4.83945,1.172e-04,0.855,0.188,27881
2410,5.01973,4.83945,1.170e-04,0.836,0.164,27855
2411,4.64003,4.83945,1.168e-04,0.833,0.180,27828
2412,4.80170,4.83945,1.167e-04,0.818,0.180,27869
2413,5.00607,4.83945,1.165e-04,0.830,0.193,27847
2414,4.98355,4.83945,1.163e-04,0.771,0.150,27937
2415,4.83017,4.83945,1.161e-04,0.807,0.169,27857
2416,4.83041,4.83945,1.159e-04,0.788,0.169,27908
2417,4.82019,4.83945,1.157e-04,0.854,0.166,27853
2418,4.90160,4.83945,1.155e-04,0.864,0.195,27790
2419,4.79619,4.83945,1.154e-04,0.877,0.190,27903
2420,4.79463,4.83945,1.152e-04,0.836,0.163,27939
2421,4.75814,4.83945,1.150e-04,0.872,0.179,27384
2422,4.76354,4.83945,1.148e-04,0.818,0.182,27749
2423,5.05784,4.83945,1.146e-04,0.791,0.164,27803
2424,4.81512,4.83945,1.144e-04,0.820,0.173,27840
2425,4.67512,4.83945,1.143e-04,0.813,0.172,28037
2426,4.73231,4.83945,1.141e-04,0.793,0.164,27982
2427,4.72107,4.83945,1.139e-04,0.830,0.170,28060
2428,4.62402,4.83945,1.137e-04,0.824,0.168,27890
2429,4.88089,4.83945,1.135e-04,0.833,0.156,27967
2430,4.88267,4.83945,1.134e-04,0.856,0.191,27929
2431,4.87869,4.83945,1.132e-04,0.815,0.181,28048
2432,4.73334,4.83945,1.130e-04,0.903,0.192,27955
2433,4.62272,4.83945,1.128e-04,0.815,0.157,27926
2434,4.68921,4.83945,1.126e-04,0.816,0.170,27901
2435,4.79713,4.83945,1.125e-04,0.889,0.191,27905
2436,4.88130,4.83945,1.123e-04,0.836,0.173,27924
2437,4.86941,4.83945,1.121e-04,0.793,0.167,28031
2438,4.76535,4.83945,1.119e-04,0.828,0.170,27983
2439,4.79656,4.83945,1.117e-04,0.806,0.171,27842
2440,4.83412,4.83945,1.116e-04,0.825,0.169,27822
2441,4.76862,4.83945,1.114e-04,0.847,0.185,27535
2442,4.65317,4.83945,1.112e-04,0.830,0.164,27786
2443,4.95347,4.83945,1.110e-04,0.803,0.175,27887
2444,4.74469,4.83945,1.109e-04,0.860,0.191,27796
2445,4.89536,4.83945,1.107e-04,0.914,0.179,27790
2446,4.93731,4.83945,1.105e-04,0.846,0.169,27795
2447,4.76317,4.83945,1.103e-04,0.853,0.170,27842
2448,4.65055,4.83945,1.101e-04,0.803,0.170,28093
2449,4.78896,4.83945,1.100e-04,0.841,0.168,28070
2450,4.71350,4.83945,1.098e-04,0.919,0.229,27831
2451,4.81225,4.83945,1.096e-04,0.845,0.169,27836
2452,4.84124,4.83945,1.094e-04,0.813,0.180,27863
2453,4.87411,4.83945,1.093e-04,0.897,0.189,27816
2454,4.89246,4.83945,1.091e-04,0.813,0.162,27971
2455,4.81147,4.83945,1.089e-04,0.847,0.174,27822
2456,4.54222,4.83945,1.088e-04,0.815,0.164,27771
2457,4.92431,4.83945,1.086e-04,0.898,0.166,27790
2458,4.70420,4.83945,1.084e-04,0.844,0.169,27837
2459,4.75397,4.83945,1.082e-04,0.825,0.177,27959
2460,4.91555,4.83945,1.081e-04,0.855,0.171,27986
2461,4.81451,4.83945,1.079e-04,0.923,0.195,27415
2462,4.84880,4.83945,1.077e-04,0.926,0.186,27793
2463,4.83147,4.83945,1.075e-04,0.860,0.177,27808
2464,4.86272,4.83945,1.074e-04,0.827,0.177,27845
2465,4.62822,4.83945,1.072e-04,0.884,0.186,27932
2466,4.80175,4.83945,1.070e-04,0.833,0.170,27869
2467,4.85109,4.83945,1.069e-04,0.838,0.175,27805
2468,4.87653,4.83945,1.067e-04,0.971,0.191,27846
2469,4.91952,4.83945,1.065e-04,0.842,0.176,27849
2470,4.82044,4.83945,1.063e-04,0.849,0.186,27962
2471,4.76210,4.83945,1.062e-04,0.799,0.162,27985
2472,4.63973,4.83945,1.060e-04,0.867,0.176,27809
2473,4.67353,4.83945,1.058e-04,0.856,0.187,27854
2474,4.98952,4.83945,1.057e-04,0.823,0.156,27774
2475,4.77647,4.83945,1.055e-04,0.871,0.170,27807
2476,4.84922,4.83945,1.053e-04,0.882,0.188,27931
2477,4.72204,4.83945,1.052e-04,0.799,0.159,27921
2478,4.83721,4.83945,1.050e-04,0.810,0.166,27829
2479,4.77864,4.83945,1.048e-04,0.908,0.181,27827
2480,4.66791,4.83945,1.047e-04,0.807,0.159,27843
2481,4.81936,4.83945,1.045e-04,0.771,0.173,27587
2482,4.71919,4.83945,1.043e-04,0.848,0.160,27842
2483,4.84968,4.83945,1.042e-04,0.798,0.166,27911
2484,4.81387,4.83945,1.040e-04,0.784,0.161,27827
2485,4.76252,4.83945,1.038e-04,0.781,0.153,27801
2486,4.75531,4.83945,1.037e-04,0.819,0.186,27848
2487,4.75462,4.83945,1.035e-04,0.805,0.165,27895
2488,4.70643,4.83945,1.033e-04,0.799,0.162,27952
2489,4.82890,4.83945,1.032e-04,0.815,0.172,27818
2490,4.83637,4.83945,1.030e-04,0.785,0.156,27849
2491,4.85038,4.83945,1.028e-04,0.805,0.159,27864
2492,4.71165,4.83945,1.027e-04,0.832,0.163,27922
2493,4.72333,4.83945,1.025e-04,0.799,0.163,27956
2494,4.95311,4.83945,1.024e-04,0.807,0.168,27926
2495,4.75713,4.83945,1.022e-04,0.877,0.180,27820
2496,4.85217,4.83945,1.020e-04,0.865,0.174,27848
2497,4.86542,4.83945,1.019e-04,0.840,0.166,27834
2498,4.77933,4.83945,1.017e-04,0.861,0.193,27786
2499,4.67695,4.83945,1.015e-04,0.876,0.197,27930
2500,4.67479,4.78473,1.014e-04,0.845,0.170,8438
2501,4.76052,4.78473,1.012e-04,0.836,0.164,28230
2502,4.86689,4.78473,1.011e-04,0.919,0.180,27718
2503,4.72299,4.78473,1.009e-04,0.811,0.167,27793
2504,4.87452,4.78473,1.007e-04,0.856,0.178,27784
2505,4.74652,4.78473,1.006e-04,0.810,0.172,27763
2506,4.83313,4.78473,1.004e-04,0.826,0.165,27947
2507,4.75488,4.78473,1.003e-04,0.916,0.206,27904
2508,4.61232,4.78473,1.001e-04,0.923,0.172,27798
2509,4.73313,4.78473,9.995e-05,0.858,0.184,27820
2510,4.73364,4.78473,9.979e-05,0.849,0.196,27847
2511,4.70855,4.78473,9.963e-05,0.835,0.171,27790
2512,4.75341,4.78473,9.947e-05,1.027,0.230,28048
2513,4.70742,4.78473,9.931e-05,0.901,0.197,27849
2514,4.79128,4.78473,9.916e-05,0.821,0.154,27826
2515,4.94649,4.78473,9.900e-05,0.869,0.175,27805
2516,4.80375,4.78473,9.884e-05,0.883,0.204,27857
2517,4.73120,4.78473,9.869e-05,0.902,0.210,27811
2518,4.72658,4.78473,9.853e-05,0.863,0.183,27966
2519,4.87670,4.78473,9.837e-05,0.864,0.236,27826
2520,4.81509,4.78473,9.822e-05,0.825,0.197,27839
2521,4.63248,4.78473,9.806e-05,0.805,0.181,27465
2522,4.87922,4.78473,9.791e-05,0.886,0.184,27783
2523,4.94194,4.78473,9.775e-05,0.871,0.212,28004
2524,4.68301,4.78473,9.760e-05,0.835,0.192,27912
2525,4.77897,4.78473,9.745e-05,0.904,0.179,27792
2526,4.66096,4.78473,9.729e-05,0.992,0.203,27828
2527,4.69911,4.78473,9.714e-05,0.837,0.184,27804
2528,4.87777,4.78473,9.699e-05,0.883,0.175,27857
2529,4.86011,4.78473,9.683e-05,0.887,0.184,27969
2530,4.82096,4.78473,9.668e-05,0.804,0.157,27866
2531,4.76893,4.78473,9.653e-05,0.887,0.174,27831
2532,4.95150,4.78473,9.638e-05,0.847,0.162,27855
2533,4.83198,4.78473,9.622e-05,0.895,0.177,27859
2534,4.87321,4.78473,9.607e-05,0.809,0.160,27938
2535,4.71054,4.78473,9.592e-05,0.964,0.199,27929
2536,4.98304,4.78473,9.577e-05,0.852,0.166,27827
2537,4.78443,4.78473,9.562e-05,0.855,0.164,27763
2538,4.95631,4.78473,9.547e-05,0.908,0.169,27858
2539,4.88842,4.78473,9.532e-05,0.836,0.167,27818
2540,4.84542,4.78473,9.517e-05,0.847,0.176,27928
2541,4.85036,4.78473,9.502e-05,0.837,0.155,27449
2542,4.80377,4.78473,9.487e-05,0.885,0.178,27783
2543,4.76050,4.78473,9.472e-05,0.876,0.202,27828
2544,4.74299,4.78473,9.457e-05,0.829,0.159,27884
2545,4.84958,4.78473,9.443e-05,0.831,0.163,27951
2546,4.73290,4.78473,9.428e-05,0.852,0.184,27963
2547,4.64197,4.78473,9.413e-05,0.862,0.212,27836
2548,4.89133,4.78473,9.398e-05,0.868,0.167,27867
2549,4.95914,4.78473,9.384e-05,0.871,0.179,27844
2550,4.89142,4.78473,9.369e-05,0.883,0.174,27804
2551,4.54325,4.78473,9.354e-05,0.885,0.175,27906
2552,4.94121,4.78473,9.340e-05,0.884,0.175,27941
2553,4.73895,4.78473,9.325e-05,0.884,0.181,27833
2554,4.80452,4.78473,9.311e-05,0.903,0.178,27851
2555,4.82497,4.78473,9.296e-05,0.857,0.165,27882
2556,4.77780,4.78473,9.282e-05,0.835,0.167,27885
2557,4.72449,4.78473,9.267e-05,0.895,0.170,27919
2558,4.57564,4.78473,9.253e-05,0.960,0.209,27921
2559,4.79202,4.78473,9.238e-05,0.813,0.172,27810
2560,4.70366,4.78473,9.224e-05,0.812,0.172,27811
2561,4.74370,4.78473,9.210e-05,0.880,0.198,27459
2562,4.83094,4.78473,9.195e-05,0.781,0.157,27816
2563,4.61247,4.78473,9.181e-05,0.842,0.172,27986
2564,4.62680,4.78473,9.167e-05,0.851,0.164,27824
2565,4.83361,4.78473,9.153e-05,0.879,0.175,27789
2566,4.70767,4.78473,9.138e-05,0.821,0.171,28211
2567,4.83994,4.78473,9.124e-05,0.894,0.189,28021
2568,4.63925,4.78473,9.110e-05,0.878,0.168,27896
2569,4.59149,4.78473,9.096e-05,0.849,0.165,27953
2570,4.65331,4.78473,9.082e-05,0.830,0.171,27855
2571,4.62496,4.78473,9.068e-05,0.826,0.158,27853
2572,4.83894,4.78473,9.054e-05,0.838,0.176,27809
2573,4.98137,4.78473,9.040e-05,0.837,0.166,27813
2574,4.69389,4.78473,9.026e-05,0.840,0.180,27923
2575,4.79153,4.78473,9.012e-05,0.876,0.188,27928
2576,4.85241,4.78473,8.998e-05,0.879,0.167,27857
2577,4.94663,4.78473,8.984e-05,0.814,0.166,27834
2578,4.66554,4.78473,8.970e-05,0.872,0.178,27844
2579,4.83793,4.78473,8.957e-05,0.860,0.172,27758
2580,4.77590,4.78473,8.943e-05,0.849,0.174,27961
2581,4.67216,4.78473,8.929e-05,0.789,0.166,27421
2582,4.89410,4.78473,8.915e-05,0.857,0.166,27828
2583,4.88536,4.78473,8.902e-05,0.876,0.176,27809
2584,4.89282,4.78473,8.888e-05,0.885,0.175,27785
2585,4.87001,4.78473,8.874e-05,0.971,0.222,27888
2586,4.67492,4.78473,8.861e-05,0.918,0.207,27928
2587,4.65814,4.78473,8.847e-05,0.922,0.171,27807
2588,4.88952,4.78473,8.834e-05,0.981,0.237,27953
2589,4.79291,4.78473,8.820e-05,0.883,0.192,27817
2590,4.94087,4.78473,8.807e-05,0.932,0.179,27825
2591,4.56183,4.78473,8.793e-05,1.032,0.199,27958
2592,4.81461,4.78473,8.780e-05,0.874,0.163,27880
2593,4.85373,4.78473,8.767e-05,0.841,0.168,27801
2594,4.83333,4.78473,8.753e-05,1.008,0.183,27842
2595,4.66955,4.78473,8.740e-05,0.935,0.185,27876
2596,4.78818,4.78473,8.727e-05,0.925,0.178,27856
2597,4.81747,4.78473,8.713e-05,0.840,0.164,27981
2598,4.91286,4.78473,8.700e-05,0.829,0.164,27865
2599,4.75947,4.78473,8.687e-05,0.859,0.184,27872
2600,4.71426,4.78473,8.674e-05,0.843,0.208,27810
2601,4.84576,4.78473,8.661e-05,0.825,0.184,27522
2602,4.80224,4.78473,8.648e-05,0.914,0.211,27843
2603,4.95612,4.78473,8.635e-05,0.863,0.190,27920
2604,4.75801,4.78473,8.622e-05,0.864,0.179,27830
2605,4.53825,4.78473,8.609e-05,0.928,0.202,27825
2606,4.84190,4.78473,8.596e-05,0.881,0.209,27796
2607,4.71614,4.78473,8.583e-05,0.827,0.168,27810
2608,4.84673,4.78473,8.570e-05,0.839,0.172,27925
2609,4.79194,4.78473,8.557e-05,0.881,0.188,27915
2610,4.89860,4.78473,8.544e-05,0.841,0.178,27940
2611,4.81881,4.78473,8.531e-05,0.820,0.172,27802
2612,4.69941,4.78473,8.518e-05,0.793,0.160,27865
2613,4.82028,4.78473,8.506e-05,0.960,0.233,27880
2614,4.67691,4.78473,8.493e-05,0.867,0.172,27956
2615,4.90925,4.78473,8.480e-05,0.860,0.163,27866
2616,4.71881,4.78473,8.467e-05,0.828,0.178,27866
2617,4.82027,4.78473,8.455e-05,0.918,0.210,27815
2618,4.79496,4.78473,8.442e-05,0.853,0.160,27794
2619,4.76698,4.78473,8.430e-05,0.781,0.154,27914
2620,4.67389,4.78473,8.417e-05,0.843,0.185,27948
2621,4.73531,4.78473,8.405e-05,0.886,0.192,27497
2622,4.82203,4.78473,8.392e-05,0.926,0.174,27791
2623,4.88337,4.78473,8.380e-05,0.869,0.189,27831
2624,4.73840,4.78473,8.367e-05,0.862,0.175,27858
2625,4.97421,4.78473,8.355e-05,0.927,0.189,27934
2626,4.94065,4.78473,8.342e-05,0.850,0.155,27923
2627,4.75703,4.78473,8.330e-05,0.885,0.187,27831
2628,4.84823,4.78473,8.318e-05,0.795,0.163,27834
2629,4.74685,4.78473,8.306e-05,0.827,0.169,27882
2630,4.81122,4.78473,8.293e-05,0.897,0.185,27887
2631,4.89435,4.78473,8.281e-05,0.799,0.165,28001
2632,4.63395,4.78473,8.269e-05,0.788,0.168,28262
2633,4.85856,4.78473,8.257e-05,0.817,0.168,27890
2634,4.91193,4.78473,8.245e-05,0.863,0.165,27784
2635,4.80288,4.78473,8.233e-05,0.860,0.172,27888
2636,4.85707,4.78473,8.221e-05,0.865,0.170,27867
2637,4.76748,4.78473,8.209e-05,0.854,0.161,27971
2638,4.78767,4.78473,8.197e-05,0.859,0.173,27867
2639,4.69729,4.78473,8.185e-05,0.838,0.171,27824
2640,4.74732,4.78473,8.173e-05,0.890,0.166,27838
2641,4.82278,4.78473,8.161e-05,0.829,0.161,27510
2642,4.78776,4.78473,8.149e-05,0.821,0.166,27816
2643,4.73842,4.78473,8.137e-05,0.878,0.174,28010
2644,4.79801,4.78473,8.125e-05,0.865,0.160,27869
2645,4.82442,4.78473,8.114e-05,0.816,0.162,27815
2646,4.81339,4.78473,8.102e-05,0.818,0.160,27809
2647,4.72030,4.78473,8.090e-05,0.842,0.165,27785
2648,4.75052,4.78473,8.079e-05,0.885,0.170,27964
2649,4.69228,4.78473,8.067e-05,0.844,0.164,27903
2650,4.70961,4.78473,8.055e-05,0.851,0.167,27829
2651,4.73089,4.78473,8.044e-05,0.808,0.157,27874
2652,4.60512,4.78473,8.032e-05,0.804,0.167,27807
2653,4.66368,4.78473,8.021e-05,0.876,0.196,27926
2654,4.90604,4.78473,8.009e-05,0.869,0.164,28010
2655,4.77573,4.78473,7.998e-05,0.886,0.169,27804
2656,4.83727,4.78473,7.986e-05,0.830,0.169,27867
2657,4.84070,4.78473,7.975e-05,0.917,0.181,27802
2658,4.85956,4.78473,7.964e-05,0.895,0.178,27804
2659,4.71317,4.78473,7.952e-05,0.848,0.161,27946
2660,4.68217,4.78473,7.941e-05,0.821,0.175,27910
2661,4.78633,4.78473,7.930e-05,0.862,0.174,27357
2662,4.79739,4.78473,7.918e-05,0.844,0.170,27728
2663,4.73954,4.78473,7.907e-05,0.885,0.179,27812
2664,4.75158,4.78473,7.896e-05,0.912,0.189,27872
2665,4.85590,4.78473,7.885e-05,0.859,0.177,28015
2666,4.78048,4.78473,7.874e-05,0.801,0.164,27843
2667,4.83566,4.78473,7.863e-05,0.844,0.161,27820
2668,4.81292,4.78473,7.852e-05,0.801,0.163,27840
2669,4.93041,4.78473,7.841e-05,0.826,0.170,27814
2670,4.37998,4.78473,7.830e-05,0.825,0.162,27885
2671,4.63334,4.78473,7.819e-05,0.871,0.192,27960
2672,4.64399,4.78473,7.808e-05,0.850,0.189,27834
2673,4.75908,4.78473,7.797e-05,0.830,0.172,27889
2674,4.85146,4.78473,7.786e-05,0.821,0.159,27806
2675,4.82629,4.78473,7.775e-05,0.913,0.187,27909
2676,4.96174,4.78473,7.764e-05,0.827,0.168,27963
2677,4.82245,4.78473,7.754e-05,0.867,0.174,27887
2678,4.94882,4.78473,7.743e-05,0.887,0.177,27876
2679,4.68427,4.78473,7.732e-05,0.879,0.172,27808
2680,4.86934,4.78473,7.722e-05,0.894,0.189,27832
2681,4.66215,4.78473,7.711e-05,0.884,0.181,27521
2682,4.79737,4.78473,7.700e-05,0.931,0.184,27815
2683,4.72777,4.78473,7.690e-05,0.866,0.166,27810
2684,4.77560,4.78473,7.679e-05,0.952,0.197,27844
2685,4.65015,4.78473,7.669e-05,0.958,0.213,27833
2686,4.71000,4.78473,7.658e-05,0.896,0.218,27913
2687,4.71337,4.78473,7.648e-05,0.909,0.198,27992
2688,4.92380,4.78473,7.638e-05,0.868,0.192,27932
2689,4.79607,4.78473,7.627e-05,0.894,0.191,27820
2690,4.87215,4.78473,7.617e-05,0.879,0.181,27824
2691,4.84761,4.78473,7.606e-05,0.980,0.272,27844
2692,4.86658,4.78473,7.596e-05,0.969,0.234,27811
2693,4.73237,4.78473,7.586e-05,0.894,0.180,27938
2694,4.67366,4.78473,7.576e-05,0.888,0.196,27849
2695,4.56443,4.78473,7.566e-05,0.964,0.254,27888
2696,4.70418,4.78473,7.555e-05,0.901,0.176,27854
2697,4.75081,4.78473,7.545e-05,0.927,0.175,28059
2698,4.70412,4.78473,7.535e-05,0.884,0.174,27880
2699,4.79760,4.78473,7.525e-05,0.871,0.164,27968
2700,4.89593,4.78473,7.515e-05,0.897,0.166,27866
2701,4.79206,4.78473,7.505e-05,0.926,0.172,27457
2702,4.76184,4.78473,7.495e-05,0.851,0.171,27720
2703,4.54877,4.78473,7.485e-05,0.816,0.178,27840
2704,4.69060,4.78473,7.475e-05,0.849,0.170,27911
2705,4.84567,4.78473,7.466e-05,0.917,0.180,27917
2706,4.80280,4.78473,7.456e-05,0.874,0.166,27839
2707,4.79262,4.78473,7.446e-05,0.871,0.186,27818
2708,4.77041,4.78473,7.436e-05,0.947,0.174,27938
2709,4.78010,4.78473,7.426e-05,0.921,0.181,27789
2710,4.87905,4.78473,7.417e-05,0.917,0.183,27936
2711,4.73566,4.78473,7.407e-05,0.835,0.156,27908
2712,4.48911,4.78473,7.397e-05,0.851,0.179,27820
2713,4.81604,4.78473,7.388e-05,0.864,0.176,27794
2714,4.93598,4.78473,7.378e-05,0.861,0.169,27873
2715,4.94058,4.78473,7.369e-05,0.858,0.161,27822
2716,4.83699,4.78473,7.359e-05,0.919,0.201,27983
2717,4.79431,4.78473,7.350e-05,0.845,0.164,27814
2718,4.90104,4.78473,7.340e-05,0.820,0.152,27843
2719,4.90311,4.78473,7.331e-05,0.874,0.169,27867
2720,4.35791,4.78473,7.321e-05,0.854,0.171,27831
2721,4.81397,4.78473,7.312e-05,0.806,0.153,27533
2722,4.84413,4.78473,7.303e-05,0.869,0.182,27845
2723,4.78207,4.78473,7.294e-05,0.909,0.182,27769
2724,4.73690,4.78473,7.284e-05,0.830,0.167,27873
2725,4.67248,4.78473,7.275e-05,0.843,0.176,27809
2726,4.85471,4.78473,7.266e-05,0.801,0.166,27859
2727,4.52201,4.78473,7.257e-05,0.821,0.173,27918
2728,4.76474,4.78473,7.248e-05,0.853,0.164,27902
2729,4.77973,4.78473,7.239e-05,0.856,0.167,27815
2730,4.73595,4.78473,7.229e-05,0.815,0.165,27934
2731,4.82222,4.78473,7.220e-05,0.855,0.174,27805
2732,4.51728,4.78473,7.211e-05,0.895,0.178,27878
2733,4.91565,4.78473,7.203e-05,0.849,0.159,27964
2734,4.72918,4.78473,7.194e-05,0.872,0.173,27822
2735,4.81597,4.78473,7.185e-05,0.866,0.188,27820
2736,4.77667,4.78473,7.176e-05,0.946,0.200,27817
2737,4.77126,4.78473,7.167e-05,0.829,0.158,27872
2738,4.63777,4.78473,7.158e-05,0.843,0.158,27895
2739,4.62099,4.78473,7.149e-05,0.909,0.186,27920
2740,4.74571,4.78473,7.141e-05,0.845,0.168,27863
2741,4.83492,4.78473,7.132e-05,0.850,0.159,27559
2742,4.71556,4.78473,7.123e-05,0.856,0.185,27771
2743,4.78600,4.78473,7.115e-05,0.835,0.167,27857
2744,4.66182,4.78473,7.106e-05,0.858,0.168,27963
2745,4.95847,4.78473,7.098e-05,0.927,0.192,27914
2746,4.82287,4.78473,7.089e-05,0.979,0.235,27847
2747,4.68382,4.78473,7.081e-05,0.958,0.212,27843
2748,4.70710,4.78473,7.072e-05,0.872,0.172,27795
2749,4.61748,4.78473,7.064e-05,0.841,0.168,27864
2750,4.77470,4.74937,7.055e-05,0.885,0.175,8525
2751,4.67310,4.74937,7.047e-05,0.884,0.197,27846
2752,4.69393,4.74937,7.039e-05,0.881,0.177,27793
2753,4.89500,4.74937,7.030e-05,0.778,0.165,27836
2754,4.57947,4.74937,7.022e-05,0.835,0.171,27845
2755,4.59365,4.74937,7.014e-05,0.837,0.186,27789
2756,4.79128,4.74937,7.006e-05,0.832,0.164,27861
2757,4.79961,4.74937,6.997e-05,0.887,0.180,27919
2758,4.66298,4.74937,6.989e-05,0.906,0.167,27915
2759,4.50156,4.74937,6.981e-05,0.879,0.206,27842
2760,4.63049,4.74937,6.973e-05,0.862,0.170,27892
2761,4.85986,4.74937,6.965e-05,0.839,0.166,27479
2762,4.76901,4.74937,6.957e-05,0.830,0.181,27797
2763,4.68010,4.74937,6.949e-05,0.887,0.197,27918
2764,4.90764,4.74937,6.941e-05,0.861,0.166,27878
2765,4.53457,4.74937,6.933e-05,0.928,0.177,27834
2766,4.89519,4.74937,6.925e-05,0.874,0.176,27842
2767,4.74701,4.74937,6.917e-05,0.835,0.181,27782
2768,4.92659,4.74937,6.910e-05,0.856,0.166,27924
2769,4.90626,4.74937,6.902e-05,0.874,0.190,27948
2770,4.65835,4.74937,6.894e-05,0.854,0.191,27842
2771,4.85719,4.74937,6.886e-05,0.845,0.171,27899
2772,4.94791,4.74937,6.879e-05,0.913,0.175,27858
2773,4.95070,4.74937,6.871e-05,0.857,0.178,27849
2774,4.70442,4.74937,6.863e-05,0.843,0.189,27950
2775,4.86870,4.74937,6.856e-05,0.868,0.176,27920
2776,4.69566,4.74937,6.848e-05,0.806,0.161,27852
2777,4.69988,4.74937,6.841e-05,0.794,0.165,27821
2778,4.69855,4.74937,6.833e-05,0.867,0.201,27851
2779,4.68795,4.74937,6.826e-05,0.945,0.186,27889
2780,4.83848,4.74937,6.818e-05,0.854,0.161,27945
2781,4.66933,4.74937,6.811e-05,0.908,0.198,27505
2782,4.61803,4.74937,6.804e-05,0.900,0.191,27883
2783,4.62366,4.74937,6.796e-05,0.810,0.169,27831
2784,4.81148,4.74937,6.789e-05,0.844,0.160,27828
2785,4.66879,4.74937,6.782e-05,0.880,0.173,27930
2786,4.59782,4.74937,6.775e-05,0.897,0.204,27968
2787,4.73744,4.74937,6.767e-05,0.888,0.184,27853
2788,4.93647,4.74937,6.760e-05,0.824,0.164,27857
2789,4.79898,4.74937,6.753e-05,0.847,0.176,27825
2790,4.94152,4.74937,6.746e-05,0.893,0.211,27879
2791,4.71442,4.74937,6.739e-05,0.875,0.179,27931
2792,4.86076,4.74937,6.732e-05,0.839,0.164,27946
2793,4.82876,4.74937,6.725e-05,0.885,0.197,27961
2794,4.83699,4.74937,6.718e-05,0.800,0.166,27855
2795,4.77138,4.74937,6.711e-05,0.816,0.157,27843
2796,4.75183,4.74937,6.704e-05,0.841,0.160,27823
2797,4.88001,4.74937,6.697e-05,0.873,0.165,27937
2798,4.69664,4.74937,6.690e-05,0.852,0.171,27868
2799,4.61934,4.74937,6.684e-05,0.872,0.173,27822
2800,4.74638,4.74937,6.677e-05,0.892,0.171,27832
2801,4.77799,4.74937,6.670e-05,0.878,0.178,27522
2802,4.72982,4.74937,6.664e-05,0.797,0.159,27752
2803,4.93231,4.74937,6.657e-05,0.920,0.180,27970
2804,4.96563,4.74937,6.650e-05,0.989,0.204,27955
2805,4.88066,4.74937,6.644e-05,0.847,0.175,27843
2806,4.73561,4.74937,6.637e-05,0.851,0.160,27846
2807,4.75229,4.74937,6.631e-05,0.969,0.203,27853
2808,4.67584,4.74937,6.624e-05,0.888,0.184,27885
2809,4.80469,4.74937,6.618e-05,0.810,0.173,27957
2810,4.62309,4.74937,6.611e-05,0.839,0.161,27825
2811,4.68641,4.74937,6.605e-05,0.902,0.183,27853
2812,4.59222,4.74937,6.598e-05,0.876,0.166,27821
2813,4.77654,4.74937,6.592e-05,0.860,0.173,27834
2814,4.84976,4.74937,6.586e-05,0.838,0.167,27989
2815,4.81306,4.74937,6.580e-05,0.895,0.173,28391
2816,4.69586,4.74937,6.573e-05,0.853,0.172,27861
2817,4.70605,4.74937,6.567e-05,0.834,0.165,27839
2818,4.80793,4.74937,6.561e-05,0.868,0.174,27836
2819,4.74369,4.74937,6.555e-05,0.775,0.155,27864
2820,4.73090,4.74937,6.549e-05,0.903,0.176,27942
2821,4.90613,4.74937,6.543e-05,0.962,0.193,27437
2822,4.65953,4.74937,6.537e-05,0.912,0.182,27791
2823,4.92157,4.74937,6.531e-05,0.813,0.159,27836
2824,4.70685,4.74937,6.525e-05,0.920,0.186,27835
2825,4.88991,4.74937,6.519e-05,0.922,0.165,27922
2826,4.77424,4.74937,6.513e-05,0.817,0.163,28037
2827,4.79889,4.74937,6.507e-05,0.846,0.177,27845
2828,4.67474,4.74937,6.501e-05,0.861,0.177,27858
2829,4.90165,4.74937,6.495e-05,0.858,0.169,27828
2830,4.81505,4.74937,6.490e-05,0.809,0.157,27854
2831,4.88169,4.74937,6.484e-05,0.790,0.150,27966
2832,4.68629,4.74937,6.478e-05,0.865,0.169,27900
2833,5.04312,4.74937,6.473e-05,0.860,0.171,27859
2834,4.80979,4.74937,6.467e-05,0.943,0.186,27835
2835,4.90841,4.74937,6.461e-05,0.894,0.173,27854
2836,5.00496,4.74937,6.456e-05,0.854,0.165,27878
2837,4.63438,4.74937,6.450e-05,0.845,0.171,28044
2838,4.63010,4.74937,6.445e-05,0.947,0.182,27880
2839,4.67574,4.74937,6.439e-05,0.848,0.166,27829
2840,4.69717,4.74937,6.434e-05,0.920,0.170,27892
2841,4.82302,4.74937,6.429e-05,0.921,0.174,27511
2842,4.74578,4.74937,6.423e-05,0.851,0.162,27833
2843,4.68854,4.74937,6.418e-05,0.911,0.176,27891
2844,4.70344,4.74937,6.413e-05,0.881,0.167,27772
2845,4.70120,4.74937,6.407e-05,0.868,0.174,27879
2846,4.97550,4.74937,6.402e-05,0.871,0.163,27812
2847,4.80767,4.74937,6.397e-05,0.903,0.173,27884
2848,4.82352,4.74937,6.392e-05,0.843,0.163,28063
2849,4.67921,4.74937,6.387e-05,0.853,0.165,27850
2850,4.67026,4.74937,6.381e-05,0.882,0.163,27855
2851,4.67837,4.74937,6.376e-05,0.913,0.172,27459
2852,4.79596,4.74937,6.371e-05,0.865,0.173,27881
2853,4.84786,4.74937,6.366e-05,0.850,0.158,27857
2854,4.93585,4.74937,6.361e-05,0.901,0.165,28014
2855,4.85860,4.74937,6.357e-05,0.914,0.167,27891
2856,4.78464,4.74937,6.352e-05,0.897,0.162,27881
2857,4.49940,4.74937,6.347e-05,0.889,0.180,27871
2858,4.70283,4.74937,6.342e-05,0.848,0.169,27894
2859,4.68223,4.74937,6.337e-05,0.878,0.183,28011
2860,4.85388,4.74937,6.332e-05,0.868,0.166,27922
2861,4.68184,4.74937,6.328e-05,0.818,0.182,27427
2862,4.55338,4.74937,6.323e-05,0.825,0.165,27809
2863,4.59065,4.74937,6.318e-05,0.845,0.166,27841
2864,4.66877,4.74937,6.314e-05,0.854,0.180,27863
2865,4.82089,4.74937,6.309e-05,0.831,0.161,27970
2866,4.78090,4.74937,6.305e-05,0.832,0.184,27904
2867,4.68149,4.74937,6.300e-05,0.896,0.171,27818
2868,4.78432,4.74937,6.296e-05,0.804,0.161,27861
2869,4.70858,4.74937,6.291e-05,0.839,0.163,27908
2870,4.78638,4.74937,6.287e-05,0.858,0.173,27922
2871,4.70146,4.74937,6.282e-05,0.892,0.186,27983
2872,4.67927,4.74937,6.278e-05,0.861,0.162,27851
2873,4.57926,4.74937,6.274e-05,0.863,0.183,27875
2874,4.81646,4.74937,6.269e-05,0.866,0.169,27825
2875,4.85009,4.74937,6.265e-05,0.908,0.165,27833
2876,4.72284,4.74937,6.261e-05,0.834,0.157,27896
2877,4.98165,4.74937,6.257e-05,0.874,0.171,27947
2878,4.62874,4.74937,6.253e-05,0.858,0.167,27805
2879,4.76375,4.74937,6.248e-05,0.955,0.173,27842
2880,4.62554,4.74937,6.244e-05,0.944,0.177,28185
2881,4.66450,4.74937,6.240e-05,0.830,0.177,27680
2882,4.53600,4.74937,6.236e-05,0.869,0.162,27843
2883,4.77143,4.74937,6.232e-05,0.998,0.186,27870
2884,4.63258,4.74937,6.228e-05,0.916,0.174,27847
2885,5.01517,4.74937,6.224e-05,0.857,0.160,27824
2886,4.79918,4.74937,6.221e-05,0.957,0.217,27838
2887,4.70674,4.74937,6.217e-05,0.918,0.183,27871
2888,4.66571,4.74937,6.213e-05,0.874,0.208,27975
2889,4.73831,4.74937,6.209e-05,0.940,0.190,27878
2890,4.79372,4.74937,6.205e-05,0.878,0.175,27901
2891,4.78132,4.74937,6.202e-05,0.904,0.162,27925
2892,4.70327,4.74937,6.198e-05,0.890,0.184,27805
2893,4.81502,4.74937,6.194e-05,0.970,0.202,27949
2894,4.67999,4.74937,6.191e-05,0.902,0.173,27974
2895,4.69372,4.74937,6.187e-05,0.899,0.169,27840
2896,4.63264,4.74937,6.184e-05,0.952,0.172,27870
2897,4.82529,4.74937,6.180e-05,0.825,0.162,27853
2898,4.80657,4.74937,6.177e-05,0.900,0.185,27820
2899,4.85169,4.74937,6.173e-05,0.878,0.164,27946
2900,4.86719,4.74937,6.170e-05,0.880,0.171,27945
2901,4.70039,4.74937,6.166e-05,0.888,0.180,27470
2902,4.69677,4.74937,6.163e-05,0.832,0.164,27880
2903,4.69339,4.74937,6.160e-05,0.874,0.169,27871
2904,4.66877,4.74937,6.156e-05,0.901,0.171,27850
2905,4.54179,4.74937,6.153e-05,0.862,0.175,27965
2906,4.86949,4.74937,6.150e-05,0.877,0.178,27901
2907,4.78368,4.74937,6.147e-05,0.883,0.175,27821
2908,4.59682,4.74937,6.144e-05,0.939,0.182,27844
2909,4.71975,4.74937,6.141e-05,0.888,0.168,27806
2910,4.71365,4.74937,6.138e-05,0.908,0.180,27879
2911,4.71081,4.74937,6.135e-05,0.908,0.206,27955
2912,4.70524,4.74937,6.132e-05,0.859,0.163,27886
2913,4.69801,4.74937,6.129e-05,0.881,0.159,27958
2914,4.70830,4.74937,6.126e-05,0.950,0.229,27824
2915,4.77857,4.74937,6.123e-05,0.840,0.155,27894
2916,4.66703,4.74937,6.120e-05,0.861,0.168,27933
2917,4.81735,4.74937,6.117e-05,0.946,0.207,27957
2918,4.77082,4.74937,6.114e-05,0.859,0.174,27829
2919,4.63189,4.74937,6.111e-05,0.797,0.160,27832
2920,4.74868,4.74937,6.109e-05,0.859,0.175,27862
2921,4.57070,4.74937,6.106e-05,0.872,0.171,27550
2922,4.67816,4.74937,6.103e-05,0.876,0.183,27833
2923,4.61592,4.74937,6.101e-05,0.836,0.168,27897
2924,4.71858,4.74937,6.098e-05,0.853,0.180,27946
2925,4.77199,4.74937,6.096e-05,0.874,0.191,27847
2926,4.53889,4.74937,6.093e-05,0.861,0.170,27895
2927,4.83556,4.74937,6.091e-05,0.915,0.175,27828
2928,4.50178,4.74937,6.088e-05,0.912,0.189,28013
2929,4.75249,4.74937,6.086e-05,0.840,0.161,27796
2930,4.84980,4.74937,6.083e-05,0.905,0.182,27805
2931,4.57060,4.74937,6.081e-05,0.943,0.190,27838
2932,4.77089,4.74937,6.079e-05,0.884,0.171,27811
2933,4.54571,4.74937,6.076e-05,0.825,0.177,27959
2934,4.73829,4.74937,6.074e-05,0.938,0.188,27943
2935,4.74990,4.74937,6.072e-05,0.840,0.170,28010
2936,4.69434,4.74937,6.070e-05,0.843,0.172,27844
2937,4.81288,4.74937,6.067e-05,0.893,0.169,27860
2938,4.63108,4.74937,6.065e-05,0.870,0.180,27771
2939,4.84665,4.74937,6.063e-05,0.874,0.182,27980
2940,4.77810,4.74937,6.061e-05,0.878,0.166,27871
2941,4.68130,4.74937,6.059e-05,0.916,0.192,27443
2942,4.52065,4.74937,6.057e-05,0.903,0.199,27767
2943,4.55232,4.74937,6.055e-05,0.861,0.183,27876
2944,4.85075,4.74937,6.053e-05,0.917,0.178,27842
2945,4.41506,4.74937,6.051e-05,0.876,0.161,27983
2946,4.61812,4.74937,6.050e-05,0.855,0.176,28038
2947,4.62345,4.74937,6.048e-05,0.878,0.178,27848
2948,4.63470,4.74937,6.046e-05,0.903,0.181,27869
2949,4.59577,4.74937,6.044e-05,0.862,0.187,27820
2950,4.84129,4.74937,6.042e-05,0.837,0.171,27903
2951,4.54717,4.74937,6.041e-05,0.843,0.170,27934
2952,4.76625,4.74937,6.039e-05,0.878,0.179,27847
2953,4.73813,4.74937,6.038e-05,0.883,0.175,27838
2954,4.48406,4.74937,6.036e-05,0.930,0.182,27865
2955,4.78631,4.74937,6.034e-05,0.861,0.165,27793
2956,4.95766,4.74937,6.033e-05,0.890,0.183,27989
2957,4.75733,4.74937,6.031e-05,0.883,0.176,28008
2958,4.65928,4.74937,6.030e-05,0.831,0.189,27849
2959,4.63717,4.74937,6.029e-05,0.902,0.181,27844
2960,4.89834,4.74937,6.027e-05,0.859,0.165,27829
2961,4.68619,4.74937,6.026e-05,0.858,0.183,27574
2962,4.79007,4.74937,6.025e-05,0.912,0.207,27779
2963,4.75922,4.74937,6.023e-05,0.863,0.177,27839
2964,4.81690,4.74937,6.022e-05,0.976,0.181,27841
2965,4.69820,4.74937,6.021e-05,0.914,0.182,27850
2966,4.90377,4.74937,6.020e-05,0.874,0.160,27890
2967,4.72978,4.74937,6.019e-05,0.844,0.167,27920
2968,4.86064,4.74937,6.017e-05,0.888,0.165,27993
2969,4.70261,4.74937,6.016e-05,0.937,0.181,27845
2970,4.76297,4.74937,6.015e-05,0.897,0.170,27819
2971,4.74770,4.74937,6.014e-05,0.883,0.174,27837
2972,4.73725,4.74937,6.013e-05,0.869,0.166,27814
2973,4.98617,4.74937,6.012e-05,0.853,0.159,27993
2974,4.61396,4.74937,6.011e-05,0.860,0.172,27869
2975,4.85691,4.74937,6.011e-05,0.831,0.165,27878
2976,4.77055,4.74937,6.010e-05,0.842,0.183,27846
2977,4.80558,4.74937,6.009e-05,0.852,0.178,27873
2978,4.76217,4.74937,6.008e-05,0.828,0.172,27889
2979,4.60602,4.74937,6.007e-05,0.854,0.165,28031
2980,4.70934,4.74937,6.007e-05,0.872,0.178,27853
2981,4.56056,4.74937,6.006e-05,0.919,0.190,27381
2982,4.76910,4.74937,6.006e-05,0.871,0.184,27834
2983,4.60001,4.74937,6.005e-05,0.854,0.167,27835
2984,4.73487,4.74937,6.004e-05,0.841,0.162,27890
2985,4.78295,4.74937,6.004e-05,0.881,0.183,27903
2986,4.69050,4.74937,6.003e-05,0.900,0.184,27883
2987,4.68376,4.74937,6.003e-05,0.926,0.174,27820
2988,4.74281,4.74937,6.002e-05,0.965,0.187,27859
2989,4.59939,4.74937,6.002e-05,0.903,0.184,27887
2990,4.72157,4.74937,6.002e-05,0.861,0.165,28015
2991,4.81152,4.74937,6.001e-05,0.879,0.172,27918
2992,4.65184,4.74937,6.001e-05,0.884,0.181,27836
2993,4.70067,4.74937,6.001e-05,0.891,0.179,27824
2994,4.75979,4.74937,6.001e-05,0.896,0.172,27855
2995,4.93880,4.74937,6.000e-05,0.931,0.185,27904
2996,4.91506,4.74937,6.000e-05,0.834,0.165,27956
2997,4.68421,4.74937,6.000e-05,0.871,0.171,27844
2998,4.69012,4.74937,6.000e-05,0.908,0.171,27820
2999,4.68738,4.72572,6.000e-05,0.983,0.194,8494
