step,loss,val_loss,lr,grad_norm,proj_grad_norm,tokens_per_s
0,11.87836,11.85316,3.000e-06,5.394,0.545,8319
1,11.85423,11.85316,6.000e-06,5.327,0.511,29726
2,11.81395,11.85316,9.000e-06,4.670,0.475,29409
3,11.75214,11.85316,1.200e-05,4.198,0.424,29431
4,11.67751,11.85316,1.500e-05,3.691,0.309,29315
5,11.64316,11.85316,1.800e-05,2.791,0.242,28997
6,11.55096,11.85316,2.100e-05,2.769,0.207,29049
7,11.50990,11.85316,2.400e-05,2.282,0.148,29031
8,11.46653,11.85316,2.700e-05,2.035,0.133,29014
9,11.49118,11.85316,3.000e-05,1.663,0.126,29223
10,11.41532,11.85316,3.300e-05,1.590,0.110,29425
11,11.40114,11.85316,3.600e-05,1.414,0.085,29382
12,11.32766,11.85316,3.900e-05,1.647,0.127,29438
13,11.29861,11.85316,4.200e-05,1.481,0.073,29417
14,11.26508,11.85316,4.500e-05,1.505,0.074,29448
15,11.30860,11.85316,4.800e-05,1.243,0.087,29409
16,11.27988,11.85316,5.100e-05,1.258,0.073,29418
17,11.22163,11.85316,5.400e-05,1.299,0.080,29423
18,11.18268,11.85316,5.700e-05,1.310,0.049,29455
19,11.17238,11.85316,6.000e-05,1.410,0.124,29409
20,11.10648,11.85316,6.300e-05,1.490,0.094,29423
21,11.17331,11.85316,6.600e-05,1.166,0.081,29352
22,11.06474,11.85316,6.900e-05,1.355,0.094,29442
23,11.01912,11.85316,7.200e-05,1.344,0.075,29408
24,11.04551,11.85316,7.500e-05,1.127,0.047,29452
25,10.96261,11.85316,7.800e-05,1.336,0.056,29449
26,10.93417,11.85316,8.100e-05,1.262,0.076,29416
27,10.88891,11.85316,8.400e-05,1.295,0.050,29434
28,10.87302,11.85316,8.700e-05,1.192,0.077,29415
29,10.80213,11.85316,9.000e-05,1.256,0.069,29427
30,10.82510,11.85316,9.300e-05,1.070,0.057,29423
31,10.76747,11.85316,9.600e-05,1.119,0.088,29414
32,10.71175,11.85316,9.900e-05,1.163,0.077,29431
33,10.60226,11.85316,1.020e-04,1.319,0.057,29440
34,10.57264,11.85316,1.050e-04,1.231,0.085,29413
35,10.52468,11.85316,1.080e-04,1.147,0.052,29421
36,10.47656,11.85316,1.110e-04,1.257,0.067,29438
37,10.42484,11.85316,1.140e-04,1.217,0.081,29394
38,10.35728,11.85316,1.170e-04,1.284,0.112,29429
39,10.31871,11.85316,1.200e-04,1.214,0.050,29427
40,10.26719,11.85316,1.230e-04,1.255,0.118,29417
41,10.21749,11.85316,1.260e-04,1.255,0.071,29371
42,10.15678,11.85316,1.290e-04,1.247,0.117,29452
43,10.07345,11.85316,1.320e-04,1.307,0.104,29399
44,10.03888,11.85316,1.350e-04,1.224,0.094,29449
45,9.98194,11.85316,1.380e-04,1.241,0.147,29410
46,9.92015,11.85316,1.410e-04,1.175,0.088,29440
47,9.83901,11.85316,1.440e-04,1.215,0.122,29400
48,9.75826,11.85316,1.470e-04,1.226,0.106,29442
49,9.71208,11.85316,1.500e-04,1.259,0.118,29440
50,9.65514,11.85316,1.530e-04,1.230,0.118,29430
51,9.57613,11.85316,1.560e-04,1.273,0.108,29423
52,9.51983,11.85316,1.590e-04,1.099,0.071,29424
53,9.46729,11.85316,1.620e-04,1.122,0.072,29429
54,9.40107,11.85316,1.650e-04,1.207,0.127,29428
55,9.36235,11.85316,1.680e-04,1.192,0.108,29432
56,9.27654,11.85316,1.710e-04,1.119,0.112,29406
57,9.23729,11.85316,1.740e-04,1.181,0.126,29413
58,9.19247,11.85316,1.770e-04,1.168,0.081,29397
59,9.17721,11.85316,1.800e-04,1.288,0.178,29422
60,9.07328,11.85316,1.830e-04,1.196,0.090,29401
61,9.04814,11.85316,1.860e-04,1.334,0.122,29381
62,8.92610,11.85316,1.890e-04,1.263,0.117,29451
63,8.85334,11.85316,1.920e-04,1.096,0.134,29406
64,8.86459,11.85316,1.950e-04,1.190,0.190,29422
65,8.69638,11.85316,1.980e-04,1.089,0.113,29443
66,8.69443,11.85316,2.010e-04,1.135,0.111,29426
67,8.67810,11.85316,2.040e-04,1.025,0.087,29414
68,8.55148,11.85316,2.070e-04,1.143,0.105,29436
69,8.52494,11.85316,2.100e-04,1.166,0.109,29415
70,8.43754,11.85316,2.130e-04,0.965,0.092,29439
71,8.47068,11.85316,2.160e-04,1.073,0.061,29409
72,8.38341,11.85316,2.190e-04,1.031,0.096,29446
73,8.30389,11.85316,2.220e-04,0.938,0.071,29412
74,8.29335,11.85316,2.250e-04,0.951,0.085,29447
75,8.13736,11.85316,2.280e-04,0.869,0.091,29428
76,8.14374,11.85316,2.310e-04,0.947,0.112,29440
77,8.17953,11.85316,2.340e-04,0.980,0.069,29410
78,8.14482,11.85316,2.370e-04,0.948,0.086,29452
79,8.05964,11.85316,2.400e-04,0.879,0.095,29415
80,8.08612,11.85316,2.430e-04,0.932,0.128,29444
81,7.96992,11.85316,2.460e-04,0.955,0.143,29370
82,7.92281,11.85316,2.490e-04,0.842,0.105,29457
83,7.93400,11.85316,2.520e-04,0.786,0.074,29423
84,7.86942,11.85316,2.550e-04,0.822,0.107,29426
85,7.77272,11.85316,2.580e-04,0.743,0.086,29421
86,7.91812,11.85316,2.610e-04,0.776,0.129,29446
87,7.84193,11.85316,2.640e-04,0.717,0.100,29428
88,7.73609,11.85316,2.670e-04,0.782,0.175,29428
89,7.79270,11.85316,2.700e-04,0.600,0.127,29420
90,7.60924,11.85316,2.730e-04,0.609,0.122,29445
91,7.61923,11.85316,2.760e-04,0.626,0.126,29395
92,7.61550,11.85316,2.790e-04,0.652,0.145,29435
93,7.57643,11.85316,2.820e-04,0.616,0.185,29431
94,7.58010,11.85316,2.850e-04,0.564,0.151,29441
95,7.56381,11.85316,2.880e-04,0.710,0.212,29418
96,7.55258,11.85316,2.910e-04,0.568,0.122,29446
97,7.51153,11.85316,2.940e-04,0.770,0.256,29411
98,7.37854,11.85316,2.970e-04,0.623,0.187,29428
99,7.53808,11.85316,3.000e-04,0.764,0.213,29452
100,7.40378,11.85316,3.030e-04,0.611,0.175,29421
101,7.49850,11.85316,3.060e-04,0.688,0.247,29380
102,7.40863,11.85316,3.090e-04,0.603,0.201,29442
103,7.46442,11.85316,3.120e-04,0.532,0.183,29431
104,7.42575,11.85316,3.150e-04,0.520,0.168,29417
105,7.44259,11.85316,3.180e-04,0.577,0.197,29426
106,7.33674,11.85316,3.210e-04,0.762,0.278,29411
107,7.44728,11.85316,3.240e-04,0.452,0.115,29451
108,7.29524,11.85316,3.270e-04,0.574,0.184,29416
109,7.31324,11.85316,3.300e-04,0.545,0.191,29412
110,7.34682,11.85316,3.330e-04,0.588,0.248,29433
111,7.34725,11.85316,3.360e-04,0.644,0.272,29463
112,7.37428,11.85316,3.390e-04,1.284,0.436,29377
113,7.35558,11.85316,3.420e-04,1.051,0.370,29437
114,7.32947,11.85316,3.450e-04,0.546,0.202,29413
115,7.38940,11.85316,3.480e-04,1.101,0.391,29449
116,7.19547,11.85316,3.510e-04,0.637,0.260,29421
117,7.29497,11.85316,3.540e-04,0.650,0.230,29429
118,7.30276,11.85316,3.570e-04,0.609,0.181,29415
119,7.25832,11.85316,3.600e-04,0.583,0.249,29425
120,7.28760,11.85316,3.630e-04,0.585,0.171,29432
121,7.27992,11.85316,3.660e-04,0.677,0.245,29387
122,7.15454,11.85316,3.690e-04,0.510,0.244,29430
123,7.13431,11.85316,3.720e-04,0.507,0.171,29447
124,7.13784,11.85316,3.750e-04,0.645,0.257,29430
125,7.09720,11.85316,3.780e-04,0.423,0.186,29419
126,7.21108,11.85316,3.810e-04,0.750,0.275,29439
127,7.17035,11.85316,3.840e-04,0.542,0.227,29418
128,7.18720,11.85316,3.870e-04,0.594,0.265,29436
129,7.22728,11.85316,3.900e-04,0.400,0.140,29427
130,7.17868,11.85316,3.930e-04,0.802,0.473,29440
131,7.11194,11.85316,3.960e-04,1.106,0.668,29429
132,6.99706,11.85316,3.990e-04,0.488,0.177,29410
133,7.16564,11.85316,4.020e-04,0.768,0.420,29447
134,7.07489,11.85316,4.050e-04,0.458,0.196,29411
135,7.08851,11.85316,4.080e-04,0.463,0.194,29444
136,7.05066,11.85316,4.110e-04,0.546,0.231,29422
137,6.93198,11.85316,4.140e-04,0.458,0.191,29440
138,7.03450,11.85316,4.170e-04,0.700,0.349,29415
139,6.97954,11.85316,4.200e-04,0.696,0.323,29432
140,6.91735,11.85316,4.230e-04,0.734,0.369,29419
141,7.10107,11.85316,4.260e-04,0.566,0.278,29361
142,7.02661,11.85316,4.290e-04,0.910,0.480,29427
143,6.95695,11.85316,4.320e-04,0.649,0.319,29427
144,6.95496,11.85316,4.350e-04,0.621,0.281,29404
145,7.03805,11.85316,4.380e-04,0.734,0.353,29434
146,7.04041,11.85316,4.410e-04,0.629,0.277,29419
147,6.90072,11.85316,4.440e-04,0.589,0.290,29431
148,7.01953,11.85316,4.470e-04,0.692,0.354,29412
149,6.95854,11.85316,4.500e-04,0.846,0.536,29430
150,7.06078,11.85316,4.530e-04,1.097,0.672,29430
151,6.90119,11.85316,4.560e-04,0.631,0.255,29412
152,6.99427,11.85316,4.590e-04,0.552,0.254,29431
153,6.85827,11.85316,4.620e-04,0.619,0.278,29448
154,6.85548,11.85316,4.650e-04,0.685,0.344,29441
155,6.90953,11.85316,4.680e-04,0.789,0.420,29440
156,6.98614,11.85316,4.710e-04,0.443,0.201,29407
157,6.90114,11.85316,4.740e-04,0.751,0.430,29446
158,6.91503,11.85316,4.770e-04,0.601,0.303,29413
159,6.91959,11.85316,4.800e-04,0.800,0.467,29434
160,6.92270,11.85316,4.830e-04,0.561,0.242,29431
161,6.90646,11.85316,4.860e-04,0.695,0.370,29376
162,7.02362,11.85316,4.890e-04,0.634,0.333,29431
163,6.70069,11.85316,4.920e-04,0.747,0.369,29439
164,6.91661,11.85316,4.950e-04,0.503,0.221,29444
165,6.95791,11.85316,4.980e-04,0.501,0.247,29415
166,6.79477,11.85316,5.010e-04,0.582,0.265,29424
167,6.92920,11.85316,5.040e-04,0.551,0.242,29398
168,6.81499,11.85316,5.070e-04,0.608,0.256,29422
169,6.84706,11.85316,5.100e-04,0.540,0.246,29420
170,6.73630,11.85316,5.130e-04,0.597,0.279,29457
171,6.77527,11.85316,5.160e-04,0.742,0.408,29415
172,6.81750,11.85316,5.190e-04,0.690,0.332,29414
173,6.82362,11.85316,5.220e-04,0.716,0.279,29420
174,6.79308,11.85316,5.250e-04,0.576,0.292,29440
175,6.74795,11.85316,5.280e-04,0.654,0.285,29434
176,6.78574,11.85316,5.310e-04,0.547,0.315,29420
177,6.99250,11.85316,5.340e-04,0.612,0.234,29424
178,6.88295,11.85316,5.370e-04,1.086,0.633,29414
179,6.84374,11.85316,5.400e-04,1.249,0.811,29427
180,6.71450,11.85316,5.430e-04,0.790,0.448,29426
181,6.76305,11.85316,5.460e-04,0.744,0.446,29398
182,6.96219,11.85316,5.490e-04,0.653,0.294,29415
183,6.78548,11.85316,5.520e-04,0.571,0.267,29430
184,6.77703,11.85316,5.550e-04,0.593,0.314,29437
185,6.63898,11.85316,5.580e-04,0.676,0.355,29427
186,6.78138,11.85316,5.610e-04,0.891,0.558,29416
187,6.86468,11.85316,5.640e-04,1.020,0.589,29416
188,6.77448,11.85316,5.670e-04,0.843,0.471,29441
189,6.78112,11.85316,5.700e-04,0.581,0.301,29405
190,6.69520,11.85316,5.730e-04,0.541,0.267,29420
191,6.76645,11.85316,5.760e-04,0.798,0.440,29435
192,6.58983,11.85316,5.790e-04,0.929,0.574,29438
193,6.68343,11.85316,5.820e-04,0.849,0.481,29422
194,6.70872,11.85316,5.850e-04,0.699,0.334,29410
195,6.73948,11.85316,5.880e-04,0.709,0.346,29436
196,6.76914,11.85316,5.910e-04,0.616,0.302,29411
197,6.65600,11.85316,5.940e-04,0.620,0.345,29432
198,6.65538,11.85316,5.970e-04,0.748,0.421,29441
199,6.65961,11.85316,6.000e-04,0.607,0.298,29423
200,6.55742,11.85316,6.000e-04,0.581,0.289,29434
201,6.70340,11.85316,6.000e-04,0.615,0.317,29371
202,6.68848,11.85316,6.000e-04,0.726,0.425,29408
203,6.60703,11.85316,6.000e-04,0.684,0.403,29430
204,6.59821,11.85316,6.000e-04,0.648,0.321,29430
205,6.48934,11.85316,6.000e-04,1.160,0.699,29420
206,6.77269,11.85316,6.000e-04,0.752,0.423,29423
207,6.63349,11.85316,6.000e-04,0.995,0.559,29424
208,6.68667,11.85316,6.000e-04,1.150,0.674,29434
209,6.50837,11.85316,6.000e-04,0.772,0.443,29437
210,6.65249,11.85316,6.000e-04,0.703,0.397,29417
211,6.63285,11.85316,6.000e-04,0.814,0.488,29424
212,6.57282,11.85316,6.000e-04,0.932,0.558,29420
213,6.63726,11.85316,6.000e-04,0.773,0.416,29433
214,6.56743,11.85316,6.000e-04,0.685,0.350,29420
215,6.57432,11.85316,6.000e-04,0.624,0.310,29404
216,6.62870,11.85316,6.000e-04,0.693,0.367,29440
217,6.52621,11.85316,6.000e-04,0.667,0.350,29447
218,6.68330,11.85316,5.999e-04,1.068,0.683,29431
219,6.57186,11.85316,5.999e-04,1.010,0.690,29399
220,6.69371,11.85316,5.999e-04,0.734,0.348,29407
221,6.64519,11.85316,5.999e-04,0.572,0.314,29407
222,6.53019,11.85316,5.999e-04,0.623,0.303,29413
223,6.57889,11.85316,5.999e-04,0.532,0.263,29425
224,6.64333,11.85316,5.999e-04,0.516,0.276,29412
225,6.67032,11.85316,5.999e-04,0.616,0.313,29439
226,6.43530,11.85316,5.999e-04,0.718,0.436,29449
227,6.57846,11.85316,5.999e-04,0.612,0.326,29413
228,6.59102,11.85316,5.999e-04,0.603,0.309,29434
229,6.62895,11.85316,5.999e-04,0.635,0.349,29420
230,6.61262,11.85316,5.998e-04,0.647,0.356,29434
231,6.60475,11.85316,5.998e-04,0.661,0.395,29438
232,6.53237,11.85316,5.998e-04,0.654,0.363,29424
233,6.57760,11.85316,5.998e-04,0.807,0.364,29408
234,6.53163,11.85316,5.998e-04,0.557,0.283,29440
235,6.70528,11.85316,5.998e-04,0.698,0.322,29420
236,6.61534,11.85316,5.998e-04,0.698,0.367,29407
237,6.59398,11.85316,5.998e-04,0.926,0.567,29425
238,6.68242,11.85316,5.998e-04,1.027,0.679,29438
239,6.60215,11.85316,5.997e-04,1.088,0.690,29433
240,6.65067,11.85316,5.997e-04,0.917,0.548,29397
241,6.68295,11.85316,5.997e-04,0.905,0.594,29394
242,6.63788,11.85316,5.997e-04,0.654,0.323,29419
243,6.54143,11.85316,5.997e-04,0.669,0.367,29450
244,6.51011,11.85316,5.997e-04,0.996,0.624,29406
245,6.56306,11.85316,5.997e-04,0.938,0.576,29424
246,6.51713,11.85316,5.996e-04,0.728,0.433,29433
247,6.46547,11.85316,5.996e-04,0.775,0.462,29430
248,6.55599,11.85316,5.996e-04,0.721,0.447,29428
249,6.46682,11.85316,5.996e-04,0.660,0.389,29412
250,6.34770,6.46665,5.996e-04,0.635,0.364,8965
251,6.57785,6.46665,5.996e-04,0.707,0.433,29746
252,6.54219,6.46665,5.995e-04,0.664,0.390,29450
253,6.59352,6.46665,5.995e-04,0.573,0.305,29412
254,6.48013,6.46665,5.995e-04,0.557,0.294,29442
255,6.49759,6.46665,5.995e-04,0.656,0.357,29413
256,6.55997,6.46665,5.995e-04,0.591,0.309,29425
257,6.50339,6.46665,5.994e-04,0.598,0.304,29442
258,6.45201,6.46665,5.994e-04,0.710,0.433,29416
259,6.51130,6.46665,5.994e-04,0.640,0.387,29423
260,6.39707,6.46665,5.994e-04,0.596,0.304,29442
261,6.39157,6.46665,5.994e-04,0.595,0.349,29382
262,6.46795,6.46665,5.993e-04,0.653,0.318,29459
263,6.37297,6.46665,5.993e-04,0.524,0.273,29437
264,6.39656,6.46665,5.993e-04,0.520,0.263,29417
265,6.38155,6.46665,5.993e-04,0.614,0.377,29410
266,6.50646,6.46665,5.993e-04,0.638,0.378,29440
267,6.46482,6.46665,5.992e-04,1.003,0.640,29425
268,6.40248,6.46665,5.992e-04,0.850,0.511,29430
269,6.44862,6.46665,5.992e-04,0.601,0.317,29423
270,6.34933,6.46665,5.992e-04,0.670,0.386,29447
271,6.43180,6.46665,5.991e-04,0.649,0.388,29421
272,6.51386,6.46665,5.991e-04,0.544,0.271,29395
273,6.35747,6.46665,5.991e-04,0.698,0.411,29451
274,6.49601,6.46665,5.991e-04,0.733,0.351,29426
275,6.61319,6.46665,5.990e-04,0.545,0.267,29427
276,6.46872,6.46665,5.990e-04,0.717,0.413,29409
277,6.27301,6.46665,5.990e-04,0.735,0.444,29449
278,6.45134,6.46665,5.990e-04,0.645,0.330,29426
279,6.47171,6.46665,5.989e-04,0.549,0.262,29426
280,6.40828,6.46665,5.989e-04,0.630,0.316,29419
281,6.37009,6.46665,5.989e-04,0.504,0.253,29354
282,6.42041,6.46665,5.989e-04,0.608,0.320,29426
283,6.36916,6.46665,5.988e-04,0.669,0.392,29422
284,6.60318,6.46665,5.988e-04,0.677,0.369,29428
285,6.25568,6.46665,5.988e-04,0.611,0.323,29426
286,6.40355,6.46665,5.987e-04,0.589,0.311,29457
287,6.44697,6.46665,5.987e-04,0.615,0.318,29425
288,6.60478,6.46665,5.987e-04,0.519,0.265,29431
289,6.34104,6.46665,5.987e-04,0.668,0.369,29412
290,6.35232,6.46665,5.986e-04,0.620,0.348,29458
291,6.47384,6.46665,5.986e-04,0.589,0.320,29413
292,6.31974,6.46665,5.986e-04,0.644,0.380,29423
293,6.41902,6.46665,5.985e-04,0.664,0.380,29445
294,6.46645,6.46665,5.985e-04,0.687,0.383,29431
295,6.40125,6.46665,5.985e-04,0.618,0.358,29430
296,6.37768,6.46665,5.984e-04,0.913,0.608,29443
297,6.47214,6.46665,5.984e-04,0.648,0.342,29427
298,6.33883,6.46665,5.984e-04,0.737,0.444,29418
299,6.43481,6.46665,5.983e-04,0.558,0.297,29462
300,6.27291,6.46665,5.983e-04,0.743,0.453,29401
301,6.35869,6.46665,5.983e-04,0.674,0.414,29378
302,6.36409,6.46665,5.982e-04,0.521,0.274,29416
303,6.34855,6.46665,5.982e-04,0.536,0.284,29447
304,6.40451,6.46665,5.982e-04,0.503,0.270,29415
305,6.32051,6.46665,5.981e-04,0.498,0.238,29432
306,6.17454,6.46665,5.981e-04,0.629,0.350,29419
307,6.40175,6.46665,5.981e-04,0.619,0.340,29446
308,6.26094,6.46665,5.980e-04,0.651,0.347,29409
309,6.46160,6.46665,5.980e-04,0.725,0.410,29440
310,6.37595,6.46665,5.979e-04,0.616,0.315,29431
311,6.51099,6.46665,5.979e-04,0.710,0.421,29433
312,6.32048,6.46665,5.979e-04,0.581,0.307,29434
313,6.30726,6.46665,5.978e-04,0.573,0.294,29441
314,6.22277,6.46665,5.978e-04,0.613,0.365,29429
315,6.37603,6.46665,5.978e-04,0.579,0.280,29429
316,6.48128,6.46665,5.977e-04,0.572,0.313,29410
317,6.31266,6.46665,5.977e-04,0.659,0.366,29413
318,6.28679,6.46665,5.976e-04,0.606,0.332,29442
319,6.24821,6.46665,5.976e-04,0.569,0.285,29420
320,6.31557,6.46665,5.976e-04,0.612,0.309,29424
321,6.26414,6.46665,5.975e-04,0.774,0.479,29392
322,6.12787,6.46665,5.975e-04,0.838,0.543,29396
323,6.44362,6.46665,5.974e-04,0.617,0.326,29449
324,6.34097,6.46665,5.974e-04,0.621,0.316,29423
325,6.35325,6.46665,5.973e-04,0.550,0.277,29433
326,6.42893,6.46665,5.973e-04,0.500,0.238,29406
327,6.24188,6.46665,5.973e-04,0.653,0.373,29429
328,6.19835,6.46665,5.972e-04,0.568,0.334,29423
329,6.33019,6.46665,5.972e-04,0.586,0.288,29426
330,6.30982,6.46665,5.971e-04,0.624,0.337,29426
331,6.26625,6.46665,5.971e-04,0.610,0.321,29435
332,6.22465,6.46665,5.970e-04,0.678,0.377,29431
333,6.36807,6.46665,5.970e-04,0.628,0.324,29406
334,6.29354,6.46665,5.970e-04,0.787,0.435,29443
335,6.35468,6.46665,5.969e-04,0.571,0.307,29448
336,6.46225,6.46665,5.969e-04,0.735,0.392,29428
337,6.34144,6.46665,5.968e-04,0.590,0.322,29435
338,6.30411,6.46665,5.968e-04,0.657,0.330,29426
339,6.34393,6.46665,5.967e-04,0.540,0.268,29418
340,6.12865,6.46665,5.967e-04,0.620,0.333,29453
341,6.15606,6.46665,5.966e-04,0.683,0.435,29380
342,6.37067,6.46665,5.966e-04,0.638,0.381,29436
343,6.08446,6.46665,5.965e-04,0.691,0.438,29439
344,6.28763,6.46665,5.965e-04,0.573,0.323,29413
345,6.41930,6.46665,5.964e-04,0.563,0.283,29461
346,6.23444,6.46665,5.964e-04,0.800,0.516,29454
347,6.32725,6.46665,5.963e-04,0.771,0.463,29402
348,6.21321,6.46665,5.963e-04,0.545,0.292,29431
349,6.16212,6.46665,5.962e-04,0.718,0.384,29408
350,6.17948,6.46665,5.962e-04,0.575,0.335,29418
351,6.34960,6.46665,5.961e-04,0.558,0.277,29437
352,6.24345,6.46665,5.961e-04,0.678,0.378,29401
353,6.26275,6.46665,5.960e-04,0.552,0.301,29444
354,6.19782,6.46665,5.960e-04,0.652,0.366,29426
355,6.32415,6.46665,5.959e-04,0.644,0.344,29430
356,6.30186,6.46665,5.959e-04,0.562,0.274,29428
357,6.34194,6.46665,5.958e-04,0.584,0.286,29415
358,6.27856,6.46665,5.958e-04,0.602,0.313,29428
359,6.29495,6.46665,5.957e-04,0.562,0.301,29414
360,6.18651,6.46665,5.957e-04,0.634,0.366,29422
361,6.36664,6.46665,5.956e-04,0.552,0.298,29377
362,6.23990,6.46665,5.956e-04,0.594,0.322,29436
363,6.20693,6.46665,5.955e-04,0.536,0.278,29437
364,6.23518,6.46665,5.954e-04,0.539,0.270,29439
365,6.44889,6.46665,5.954e-04,0.578,0.294,29423
366,6.17727,6.46665,5.953e-04,0.653,0.368,29420
367,6.22190,6.46665,5.953e-04,0.673,0.414,29440
368,6.28424,6.46665,5.952e-04,0.779,0.500,29413
369,6.26879,6.46665,5.952e-04,0.628,0.360,29420
370,6.11044,6.46665,5.951e-04,0.492,0.260,29430
371,6.06140,6.46665,5.950e-04,0.727,0.435,29442
372,6.15153,6.46665,5.950e-04,0.577,0.323,29411
373,6.20751,6.46665,5.949e-04,0.591,0.308,29430
374,6.18769,6.46665,5.949e-04,0.756,0.427,29423
375,6.15227,6.46665,5.948e-04,0.684,0.412,29428
376,6.26382,6.46665,5.948e-04,0.663,0.358,29414
377,6.23233,6.46665,5.947e-04,0.689,0.408,29453
378,6.18932,6.46665,5.946e-04,0.790,0.461,29455
379,6.18666,6.46665,5.946e-04,0.592,0.321,29430
380,6.22005,6.46665,5.945e-04,0.624,0.304,29385
381,6.08451,6.46665,5.945e-04,0.646,0.373,29356
382,6.09921,6.46665,5.944e-04,0.663,0.352,29436
383,6.25724,6.46665,5.943e-04,0.722,0.429,29430
384,6.02687,6.46665,5.943e-04,0.943,0.603,29444
385,6.32844,6.46665,5.942e-04,0.645,0.321,29415
386,6.30397,6.46665,5.941e-04,0.798,0.450,29434
387,6.27526,6.46665,5.941e-04,0.560,0.270,29416
388,6.15184,6.46665,5.940e-04,0.611,0.352,29437
389,6.15218,6.46665,5.940e-04,0.597,0.284,29428
390,6.03364,6.46665,5.939e-04,0.652,0.375,29443
391,6.18054,6.46665,5.938e-04,0.690,0.360,29422
392,6.13879,6.46665,5.938e-04,0.667,0.320,29452
393,6.12821,6.46665,5.937e-04,0.590,0.312,29411
394,6.26368,6.46665,5.936e-04,0.583,0.297,29427
395,6.12858,6.46665,5.936e-04,0.550,0.277,29462
396,6.07491,6.46665,5.935e-04,0.636,0.372,29416
397,6.10187,6.46665,5.934e-04,0.494,0.253,29435
398,6.11592,6.46665,5.934e-04,0.635,0.353,29425
399,6.21686,6.46665,5.933e-04,0.471,0.203,29445
400,6.22761,6.46665,5.932e-04,0.539,0.276,29419
401,6.11704,6.46665,5.932e-04,0.580,0.313,29376
402,6.11017,6.46665,5.931e-04,0.647,0.342,29422
403,6.04421,6.46665,5.930e-04,0.752,0.497,29415
404,6.15604,6.46665,5.930e-04,0.718,0.317,29444
405,6.11876,6.46665,5.929e-04,0.687,0.412,29415
406,6.15283,6.46665,5.928e-04,0.558,0.283,29440
407,6.16190,6.46665,5.928e-04,0.668,0.399,29419
408,6.03391,6.46665,5.927e-04,0.540,0.278,29452
409,6.12138,6.46665,5.926e-04,0.706,0.427,29452
410,6.22331,6.46665,5.925e-04,0.488,0.229,29420
411,6.05971,6.46665,5.925e-04,0.656,0.368,29425
412,6.17639,6.46665,5.924e-04,0.534,0.283,29395
413,6.20740,6.46665,5.923e-04,0.519,0.266,29415
414,6.12251,6.46665,5.923e-04,1.124,0.407,29434
415,6.16348,6.46665,5.922e-04,0.502,0.234,29432
416,6.03299,6.46665,5.921e-04,0.674,0.353,29441
417,6.13988,6.46665,5.920e-04,0.617,0.320,29439
418,6.16447,6.46665,5.920e-04,0.556,0.295,29398
419,6.14483,6.46665,5.919e-04,0.616,0.303,29449
420,6.22195,6.46665,5.918e-04,0.508,0.218,29440
421,6.00369,6.46665,5.917e-04,0.684,0.378,29369
422,6.03853,6.46665,5.917e-04,0.776,0.499,29397
423,6.15038,6.46665,5.916e-04,0.747,0.434,29433
424,6.12050,6.46665,5.915e-04,0.744,0.419,29420
425,5.98213,6.46665,5.914e-04,0.570,0.327,29428
426,6.08974,6.46665,5.914e-04,0.539,0.245,29428
427,6.20998,6.46665,5.913e-04,0.582,0.319,29422
428,6.11909,6.46665,5.912e-04,0.648,0.338,29425
429,6.24501,6.46665,5.911e-04,0.678,0.305,29455
430,6.14782,6.46665,5.911e-04,0.539,0.267,29415
431,6.15932,6.46665,5.910e-04,0.595,0.292,29432
432,6.17862,6.46665,5.909e-04,0.635,0.260,29428
433,6.23048,6.46665,5.908e-04,0.606,0.294,29436
434,6.03091,6.46665,5.907e-04,0.609,0.313,29403
435,6.07392,6.46665,5.907e-04,0.666,0.382,29431
436,6.02598,6.46665,5.906e-04,0.682,0.365,29437
437,6.10319,6.46665,5.905e-04,0.512,0.248,29426
438,5.95035,6.46665,5.904e-04,0.555,0.295,29422
439,6.02174,6.46665,5.904e-04,0.521,0.261,29441
440,5.96656,6.46665,5.903e-04,0.655,0.314,29425
441,6.14459,6.46665,5.902e-04,0.519,0.275,29408
442,6.05928,6.46665,5.901e-04,0.528,0.254,29414
443,5.93717,6.46665,5.900e-04,0.548,0.255,29437
444,6.19361,6.46665,5.899e-04,0.577,0.227,29420
445,5.89905,6.46665,5.899e-04,0.631,0.316,29445
446,6.15405,6.46665,5.898e-04,0.678,0.316,29424
447,6.08462,6.46665,5.897e-04,0.709,0.351,29407
448,6.04096,6.46665,5.896e-04,0.604,0.300,29440
449,5.98220,6.46665,5.895e-04,0.593,0.292,29442
450,6.02083,6.46665,5.894e-04,0.623,0.291,29414
451,6.15466,6.46665,5.894e-04,0.562,0.273,29433
452,5.96977,6.46665,5.893e-04,0.778,0.459,29420
453,6.19030,6.46665,5.892e-04,0.588,0.289,29445
454,6.03230,6.46665,5.891e-04,0.739,0.381,29430
455,5.92675,6.46665,5.890e-04,0.578,0.304,29404
456,6.15518,6.46665,5.889e-04,0.600,0.281,29430
457,6.01298,6.46665,5.889e-04,0.625,0.314,29417
458,6.14337,6.46665,5.888e-04,0.611,0.311,29424
459,6.14103,6.46665,5.887e-04,0.677,0.330,29431
460,6.01265,6.46665,5.886e-04,0.623,0.322,29400
461,6.07067,6.46665,5.885e-04,0.577,0.277,29382
462,5.93408,6.46665,5.884e-04,0.579,0.313,29449
463,6.14467,6.46665,5.883e-04,0.571,0.285,29421
464,6.10088,6.46665,5.882e-04,0.537,0.258,29414
465,6.22858,6.46665,5.882e-04,0.552,0.261,29445
466,5.88639,6.46665,5.881e-04,0.683,0.374,29427
467,6.10417,6.46665,5.880e-04,0.535,0.264,29450
468,5.89296,6.46665,5.879e-04,0.610,0.300,29435
469,6.16498,6.46665,5.878e-04,0.708,0.335,29427
470,5.98626,6.46665,5.877e-04,0.729,0.373,29453
471,6.11077,6.46665,5.876e-04,0.652,0.311,29421
472,6.01267,6.46665,5.875e-04,0.635,0.321,29432
473,6.03559,6.46665,5.874e-04,0.592,0.292,29430
474,6.08359,6.46665,5.873e-04,0.548,0.265,29421
475,6.05538,6.46665,5.872e-04,0.539,0.247,29441
476,6.05467,6.46665,5.872e-04,0.668,0.320,29423
477,5.91112,6.46665,5.871e-04,0.573,0.296,29433
478,5.89007,6.46665,5.870e-04,0.914,0.545,29428
479,5.96536,6.46665,5.869e-04,0.769,0.432,29422
480,6.18516,6.46665,5.868e-04,0.565,0.251,29426
481,5.89949,6.46665,5.867e-04,0.727,0.417,29384
482,5.98931,6.46665,5.866e-04,0.529,0.240,29444
483,6.17312,6.46665,5.865e-04,0.537,0.234,29400
484,6.20575,6.46665,5.864e-04,0.569,0.263,29410
485,6.06690,6.46665,5.863e-04,0.534,0.236,29429
486,5.93599,6.46665,5.862e-04,0.678,0.335,29416
487,5.95644,6.46665,5.861e-04,0.567,0.263,29409
488,6.09307,6.46665,5.860e-04,0.748,0.413,29414
489,6.18948,6.46665,5.859e-04,0.575,0.244,29436
490,6.02479,6.46665,5.858e-04,0.613,0.312,29433
491,6.18341,6.46665,5.857e-04,0.639,0.290,29422
492,6.01316,6.46665,5.856e-04,0.585,0.289,29423
493,6.04480,6.46665,5.855e-04,0.641,0.325,29419
494,6.04466,6.46665,5.854e-04,0.582,0.299,29411
495,6.38016,6.46665,5.853e-04,0.546,0.242,29436
496,6.03392,6.46665,5.852e-04,0.675,0.356,29417
497,6.05616,6.46665,5.851e-04,0.701,0.350,29435
498,5.98290,6.46665,5.850e-04,0.658,0.362,29433
499,5.93065,6.46665,5.849e-04,0.595,0.281,29428
500,6.07756,5.92967,5.848e-04,0.639,0.344,8943
501,6.05660,5.92967,5.847e-04,0.742,0.306,29730
502,5.85571,5.92967,5.846e-04,0.793,0.471,29423
503,5.92827,5.92967,5.845e-04,0.815,0.488,29420
504,5.92592,5.92967,5.844e-04,0.677,0.370,29410
505,5.87818,5.92967,5.843e-04,0.569,0.284,29431
506,6.04261,5.92967,5.842e-04,0.569,0.275,29415
507,6.04083,5.92967,5.841e-04,0.501,0.221,29406
508,6.01353,5.92967,5.840e-04,0.593,0.273,29428
509,5.95419,5.92967,5.839e-04,0.576,0.257,29411
510,6.07064,5.92967,5.838e-04,0.584,0.275,29430
511,5.78135,5.92967,5.837e-04,0.660,0.380,28451
512,5.87971,5.92967,5.836e-04,0.633,0.317,29403
513,5.79422,5.92967,5.835e-04,0.703,0.356,29422
514,5.99330,5.92967,5.834e-04,0.575,0.276,29426
515,5.93870,5.92967,5.833e-04,0.651,0.312,29424
516,5.92600,5.92967,5.832e-04,0.622,0.320,29410
517,5.91642,5.92967,5.831e-04,0.532,0.234,29395
518,5.88289,5.92967,5.830e-04,0.571,0.253,29059
519,5.93822,5.92967,5.829e-04,0.626,0.319,29055
520,5.94703,5.92967,5.828e-04,0.597,0.269,29007
521,6.06181,5.92967,5.827e-04,0.785,0.418,29008
522,5.78593,5.92967,5.826e-04,0.720,0.392,29078
523,5.88599,5.92967,5.825e-04,0.561,0.268,29423
524,6.04127,5.92967,5.824e-04,0.683,0.321,29387
525,5.92919,5.92967,5.822e-04,0.605,0.314,29428
526,5.83251,5.92967,5.821e-04,0.665,0.343,29425
527,5.87823,5.92967,5.820e-04,0.602,0.331,29067
528,5.89253,5.92967,5.819e-04,0.602,0.307,29023
529,5.93547,5.92967,5.818e-04,0.538,0.248,29048
530,5.90370,5.92967,5.817e-04,0.584,0.295,28992
531,5.85088,5.92967,5.816e-04,0.621,0.293,28977
532,5.91660,5.92967,5.815e-04,0.541,0.245,29105
533,5.93387,5.92967,5.814e-04,0.577,0.244,29414
534,6.00741,5.92967,5.813e-04,0.527,0.233,29396
535,5.75994,5.92967,5.812e-04,0.575,0.285,29386
536,5.97870,5.92967,5.810e-04,0.588,0.255,29035
537,5.98659,5.92967,5.809e-04,0.641,0.264,29029
538,5.78468,5.92967,5.808e-04,0.621,0.296,29049
539,6.02475,5.92967,5.807e-04,0.545,0.230,29015
540,5.87495,5.92967,5.806e-04,0.574,0.256,28944
541,5.91655,5.92967,5.805e-04,0.538,0.215,29193
542,5.85995,5.92967,5.804e-04,0.666,0.349,29018
543,5.85141,5.92967,5.803e-04,0.712,0.364,29022
544,5.92392,5.92967,5.801e-04,0.583,0.280,29024
545,5.92447,5.92967,5.800e-04,0.573,0.266,29044
546,6.09539,5.92967,5.799e-04,0.736,0.350,29016
547,6.10412,5.92967,5.798e-04,0.695,0.329,29421
548,5.99827,5.92967,5.797e-04,0.591,0.240,29396
549,5.83247,5.92967,5.796e-04,0.540,0.250,29416
550,5.87449,5.92967,5.794e-04,0.598,0.272,29410
551,5.87116,5.92967,5.793e-04,0.663,0.328,29002
552,5.82041,5.92967,5.792e-04,0.625,0.324,29029
553,5.69079,5.92967,5.791e-04,0.652,0.331,29073
554,5.99730,5.92967,5.790e-04,0.619,0.300,29029
555,5.90185,5.92967,5.789e-04,0.673,0.302,29007
556,5.97418,5.92967,5.787e-04,0.590,0.242,29408
557,5.85332,5.92967,5.786e-04,0.518,0.237,29388
558,5.77426,5.92967,5.785e-04,0.669,0.320,29432
559,5.89761,5.92967,5.784e-04,0.563,0.235,29451
560,5.81051,5.92967,5.783e-04,0.609,0.299,29418
561,5.94586,5.92967,5.782e-04,0.520,0.218,29373
562,5.76867,5.92967,5.780e-04,0.635,0.322,29416
563,5.85319,5.92967,5.779e-04,0.564,0.223,29438
564,5.98033,5.92967,5.778e-04,0.525,0.212,29423
565,5.72857,5.92967,5.777e-04,0.583,0.244,29459
566,5.83113,5.92967,5.776e-04,0.640,0.314,29418
567,5.86972,5.92967,5.774e-04,0.527,0.231,29417
568,5.76099,5.92967,5.773e-04,0.710,0.358,29424
569,5.96008,5.92967,5.772e-04,0.655,0.284,29425
570,5.81602,5.92967,5.771e-04,0.564,0.263,29453
571,5.82337,5.92967,5.769e-04,0.552,0.249,29421
572,5.91583,5.92967,5.768e-04,0.673,0.320,29410
573,5.98229,5.92967,5.767e-04,0.617,0.260,29431
574,5.94280,5.92967,5.766e-04,0.634,0.284,29430
575,5.71484,5.92967,5.765e-04,0.727,0.364,29418
576,5.92782,5.92967,5.763e-04,0.609,0.268,29433
577,5.71373,5.92967,5.762e-04,0.724,0.353,29433
578,5.84313,5.92967,5.761e-04,0.540,0.227,29400
579,5.89240,5.92967,5.760e-04,0.654,0.286,28974
580,5.90636,5.92967,5.758e-04,0.540,0.250,29014
581,5.85164,5.92967,5.757e-04,0.616,0.262,29038
582,5.64992,5.92967,5.756e-04,0.624,0.278,29008
583,5.98393,5.92967,5.755e-04,0.567,0.224,29032
584,5.69753,5.92967,5.753e-04,0.673,0.349,29130
585,5.83257,5.92967,5.752e-04,0.633,0.300,29394
586,5.86288,5.92967,5.751e-04,0.605,0.291,29403
587,5.78808,5.92967,5.749e-04,0.588,0.259,29421
588,5.89670,5.92967,5.748e-04,0.559,0.246,29440
589,5.91123,5.92967,5.747e-04,0.569,0.255,29422
590,6.05974,5.92967,5.746e-04,0.564,0.226,29441
591,5.91437,5.92967,5.744e-04,0.701,0.304,29413
592,6.02715,5.92967,5.743e-04,0.677,0.297,29406
593,5.97883,5.92967,5.742e-04,0.653,0.272,29423
594,5.85592,5.92967,5.740e-04,0.555,0.225,29428
595,5.73897,5.92967,5.739e-04,0.686,0.334,29449
596,5.86219,5.92967,5.738e-04,0.580,0.245,29433
597,5.78861,5.92967,5.737e-04,0.681,0.333,29428
598,5.87931,5.92967,5.735e-04,0.609,0.257,29450
599,5.87729,5.92967,5.734e-04,0.705,0.313,29431
600,5.79342,5.92967,5.733e-04,0.618,0.286,29429
601,5.75546,5.92967,5.731e-04,0.596,0.269,29388
602,5.97667,5.92967,5.730e-04,0.559,0.237,29429
603,6.01579,5.92967,5.729e-04,0.587,0.257,29420
604,5.86053,5.92967,5.727e-04,0.578,0.262,29461
605,5.83165,5.92967,5.726e-04,0.609,0.260,29426
606,5.91731,5.92967,5.725e-04,0.588,0.265,29423
607,5.92086,5.92967,5.723e-04,0.612,0.266,29404
608,5.80892,5.92967,5.722e-04,0.598,0.258,29441
609,5.92051,5.92967,5.721e-04,0.576,0.218,29421
610,5.85917,5.92967,5.719e-04,0.637,0.307,29398
611,5.84655,5.92967,5.718e-04,0.635,0.275,29444
612,5.86900,5.92967,5.717e-04,0.799,0.398,29424
613,6.08228,5.92967,5.715e-04,0.572,0.236,29423
614,5.91572,5.92967,5.714e-04,0.604,0.294,29412
615,5.89334,5.92967,5.713e-04,0.588,0.245,29425
616,5.93393,5.92967,5.711e-04,0.614,0.287,29405
617,5.92040,5.92967,5.710e-04,0.666,0.311,29440
618,5.81930,5.92967,5.708e-04,0.804,0.368,29419
619,5.78038,5.92967,5.707e-04,0.582,0.267,29426
620,5.83696,5.92967,5.706e-04,0.576,0.231,29434
621,5.76599,5.92967,5.704e-04,0.643,0.296,29391
622,5.67610,5.92967,5.703e-04,0.566,0.267,29436
623,5.94591,5.92967,5.702e-04,0.614,0.256,29406
624,5.67954,5.92967,5.700e-04,0.604,0.274,29425
625,5.78816,5.92967,5.699e-04,0.552,0.231,29419
626,5.55799,5.92967,5.697e-04,0.684,0.286,29445
627,5.76402,5.92967,5.696e-04,0.744,0.334,29447
628,5.68528,5.92967,5.695e-04,0.617,0.262,29421
629,5.90162,5.92967,5.693e-04,0.637,0.277,29445
630,5.84607,5.92967,5.692e-04,0.582,0.252,29437
631,5.82976,5.92967,5.690e-04,0.585,0.255,29415
632,5.64423,5.92967,5.689e-04,0.718,0.327,29414
633,5.68500,5.92967,5.688e-04,0.597,0.247,29440
634,5.66700,5.92967,5.686e-04,0.565,0.258,29422
635,5.72004,5.92967,5.685e-04,0.595,0.255,29432
636,5.87680,5.92967,5.683e-04,0.589,0.270,29435
637,5.67587,5.92967,5.682e-04,0.602,0.275,29428
638,5.70525,5.92967,5.680e-04,0.689,0.329,29419
639,5.88822,5.92967,5.679e-04,0.538,0.223,29426
640,5.81564,5.92967,5.678e-04,0.741,0.300,29443
641,5.86806,5.92967,5.676e-04,0.659,0.292,29382
642,5.62635,5.92967,5.675e-04,0.763,0.353,29448
643,5.78741,5.92967,5.673e-04,0.636,0.278,29439
644,5.79903,5.92967,5.672e-04,0.585,0.235,29427
645,5.78019,5.92967,5.670e-04,0.576,0.230,29428
646,5.77776,5.92967,5.669e-04,0.607,0.252,29425
647,5.56247,5.92967,5.667e-04,0.620,0.249,29428
648,5.75339,5.92967,5.666e-04,0.606,0.273,29418
649,5.83840,5.92967,5.665e-04,0.659,0.298,29419
650,5.82438,5.92967,5.663e-04,0.600,0.255,29425
651,5.75499,5.92967,5.662e-04,0.553,0.233,29419
652,5.98350,5.92967,5.660e-04,0.588,0.228,29438
653,5.73358,5.92967,5.659e-04,0.674,0.306,29413
654,5.63205,5.92967,5.657e-04,0.654,0.326,29446
655,5.61445,5.92967,5.656e-04,0.575,0.246,29408
656,5.78597,5.92967,5.654e-04,0.617,0.261,29411
657,5.85878,5.92967,5.653e-04,0.848,0.348,29430
658,5.77608,5.92967,5.651e-04,0.619,0.267,29422
659,5.91791,5.92967,5.650e-04,0.653,0.263,29437
660,5.68922,5.92967,5.648e-04,0.647,0.295,29433
661,5.69908,5.92967,5.647e-04,0.649,0.274,29359
662,5.86343,5.92967,5.645e-04,0.631,0.261,29442
663,5.83740,5.92967,5.644e-04,0.676,0.285,29426
664,5.90855,5.92967,5.642e-04,0.632,0.258,29429
665,5.91813,5.92967,5.641e-04,0.601,0.262,29418
666,5.65000,5.92967,5.639e-04,0.692,0.279,29433
667,5.83914,5.92967,5.638e-04,0.555,0.221,29428
668,5.70807,5.92967,5.636e-04,0.614,0.269,29442
669,5.85450,5.92967,5.635e-04,0.650,0.257,29428
670,5.64596,5.92967,5.633e-04,0.556,0.249,29407
671,5.75750,5.92967,5.632e-04,0.634,0.266,29436
672,5.85385,5.92967,5.630e-04,0.597,0.258,29441
673,5.85631,5.92967,5.629e-04,0.569,0.235,29416
674,5.80313,5.92967,5.627e-04,0.659,0.279,29429
675,5.75464,5.92967,5.626e-04,0.590,0.227,29424
676,5.67688,5.92967,5.624e-04,0.655,0.297,29442
677,5.85877,5.92967,5.622e-04,0.589,0.263,29422
678,5.81032,5.92967,5.621e-04,0.636,0.263,29413
679,5.72241,5.92967,5.619e-04,0.611,0.248,29428
680,5.79426,5.92967,5.618e-04,0.663,0.276,29430
681,5.67483,5.92967,5.616e-04,0.653,0.286,29389
682,5.78866,5.92967,5.615e-04,0.639,0.303,29416
683,5.70116,5.92967,5.613e-04,0.655,0.249,29421
684,5.81525,5.92967,5.612e-04,0.601,0.258,29433
685,5.71006,5.92967,5.610e-04,0.585,0.220,29420
686,5.73356,5.92967,5.608e-04,0.560,0.231,29421
687,5.52653,5.92967,5.607e-04,0.583,0.229,29416
688,5.74911,5.92967,5.605e-04,0.563,0.226,29465
689,5.70243,5.92967,5.604e-04,0.556,0.234,29420
690,5.89060,5.92967,5.602e-04,0.576,0.230,29424
691,5.54672,5.92967,5.601e-04,0.698,0.350,29437
692,6.00548,5.92967,5.599e-04,0.640,0.260,29417
693,5.61817,5.92967,5.597e-04,0.656,0.276,29435
694,5.75868,5.92967,5.596e-04,0.663,0.282,29425
695,5.94505,5.92967,5.594e-04,0.639,0.242,29440
696,5.64829,5.92967,5.593e-04,0.606,0.264,29417
697,5.73993,5.92967,5.591e-04,0.669,0.285,29435
698,5.85311,5.92967,5.589e-04,0.595,0.236,29445
699,5.76671,5.92967,5.588e-04,0.587,0.233,29435
700,5.86273,5.92967,5.586e-04,0.663,0.273,29393
701,5.65170,5.92967,5.585e-04,0.550,0.208,29391
702,5.53080,5.92967,5.583e-04,0.669,0.320,29425
703,5.71778,5.92967,5.581e-04,0.600,0.218,29422
704,5.68551,5.92967,5.580e-04,0.739,0.299,29437
705,5.75456,5.92967,5.578e-04,0.559,0.229,29422
706,5.77601,5.92967,5.576e-04,0.592,0.252,29414
707,5.74467,5.92967,5.575e-04,0.598,0.270,29417
708,5.84751,5.92967,5.573e-04,0.604,0.246,29443
709,5.67959,5.92967,5.572e-04,0.588,0.245,29442
710,5.56424,5.92967,5.570e-04,0.644,0.259,29442
711,5.68583,5.92967,5.568e-04,0.645,0.278,29430
712,5.57735,5.92967,5.567e-04,0.672,0.283,29446
713,5.64898,5.92967,5.565e-04,0.527,0.215,29407
714,5.59623,5.92967,5.563e-04,0.640,0.266,29421
715,5.51368,5.92967,5.562e-04,0.689,0.329,29445
716,5.51285,5.92967,5.560e-04,0.663,0.274,29428
717,5.78353,5.92967,5.558e-04,0.768,0.311,29416
718,5.55912,5.92967,5.557e-04,0.579,0.264,29444
719,5.82031,5.92967,5.555e-04,0.639,0.273,29440
720,5.66625,5.92967,5.553e-04,0.642,0.251,29433
721,5.59187,5.92967,5.552e-04,0.633,0.263,29391
722,5.63252,5.92967,5.550e-04,0.668,0.250,29404
723,5.76694,5.92967,5.548e-04,0.571,0.227,29421
724,5.70264,5.92967,5.547e-04,0.649,0.268,29438
725,5.73862,5.92967,5.545e-04,0.743,0.292,29434
726,5.63104,5.92967,5.543e-04,0.726,0.321,29412
727,5.78176,5.92967,5.542e-04,0.875,0.313,29419
728,5.98929,5.92967,5.540e-04,0.741,0.313,29432
729,5.73498,5.92967,5.538e-04,0.662,0.282,29438
730,5.56657,5.92967,5.537e-04,0.664,0.273,29429
731,5.66260,5.92967,5.535e-04,0.628,0.247,29420
732,5.74752,5.92967,5.533e-04,0.711,0.261,29439
733,5.64001,5.92967,5.531e-04,0.725,0.308,29421
734,5.82775,5.92967,5.530e-04,0.578,0.215,29427
735,5.79519,5.92967,5.528e-04,0.655,0.272,29428
736,5.71168,5.92967,5.526e-04,0.601,0.240,29432
737,5.46473,5.92967,5.525e-04,0.694,0.290,29432
738,5.70508,5.92967,5.523e-04,0.594,0.260,29448
739,5.70534,5.92967,5.521e-04,0.574,0.212,29418
740,5.65781,5.92967,5.519e-04,0.552,0.217,29437
741,5.70056,5.92967,5.518e-04,0.559,0.213,29386
742,5.68658,5.92967,5.516e-04,0.555,0.208,29434
743,5.69346,5.92967,5.514e-04,0.609,0.240,29432
744,5.53980,5.92967,5.512e-04,0.557,0.213,29412
745,5.60833,5.92967,5.511e-04,0.585,0.252,29456
746,5.71371,5.92967,5.509e-04,0.607,0.234,29424
747,5.84279,5.92967,5.507e-04,0.540,0.216,29416
748,5.68416,5.92967,5.506e-04,0.658,0.274,29454
749,5.67810,5.92967,5.504e-04,0.639,0.264,29438
750,5.89875,5.60669,5.502e-04,0.708,0.271,8959
751,5.70463,5.60669,5.500e-04,0.688,0.298,29761
752,5.69750,5.60669,5.499e-04,0.575,0.208,29376
753,5.70923,5.60669,5.497e-04,0.610,0.246,29463
754,5.57618,5.60669,5.495e-04,0.623,0.240,29410
755,5.48697,5.60669,5.493e-04,0.572,0.245,29428
756,5.66536,5.60669,5.491e-04,0.561,0.219,29438
757,5.53971,5.60669,5.490e-04,0.615,0.251,29431
758,5.72008,5.60669,5.488e-04,0.639,0.294,29425
759,5.64493,5.60669,5.486e-04,0.570,0.197,29436
760,5.67059,5.60669,5.484e-04,0.652,0.254,29422
761,5.64163,5.60669,5.483e-04,0.612,0.244,29403
762,5.93557,5.60669,5.481e-04,0.637,0.242,29419
763,5.47511,5.60669,5.479e-04,0.719,0.337,29420
764,5.44438,5.60669,5.477e-04,0.684,0.306,29433
765,5.65650,5.60669,5.475e-04,0.586,0.271,29427
766,5.62690,5.60669,5.474e-04,0.612,0.265,29439
767,5.71373,5.60669,5.472e-04,0.604,0.235,29419
768,5.66729,5.60669,5.470e-04,0.717,0.261,29421
769,5.48524,5.60669,5.468e-04,0.638,0.249,29457
770,5.51514,5.60669,5.466e-04,0.605,0.238,29432
771,5.78143,5.60669,5.465e-04,0.554,0.211,29409
772,5.69016,5.60669,5.463e-04,0.551,0.206,29429
773,5.68099,5.60669,5.461e-04,0.605,0.246,29402
774,5.49448,5.60669,5.459e-04,0.602,0.248,29442
775,5.66027,5.60669,5.457e-04,0.601,0.235,29414
776,5.73053,5.60669,5.456e-04,0.542,0.187,29430
777,5.54451,5.60669,5.454e-04,0.719,0.309,29440
778,5.54233,5.60669,5.452e-04,0.579,0.214,29413
779,5.68157,5.60669,5.450e-04,0.673,0.265,29431
780,5.71444,5.60669,5.448e-04,0.601,0.245,29409
781,5.63756,5.60669,5.446e-04,0.618,0.236,29389
782,5.50967,5.60669,5.445e-04,0.667,0.264,29450
783,5.58409,5.60669,5.443e-04,0.613,0.234,29427
784,5.71635,5.60669,5.441e-04,0.563,0.218,29384
785,5.43009,5.60669,5.439e-04,0.546,0.206,29431
786,5.62311,5.60669,5.437e-04,0.715,0.272,29429
787,5.70020,5.60669,5.435e-04,0.625,0.244,29434
788,5.58523,5.60669,5.433e-04,0.640,0.238,29428
789,5.77162,5.60669,5.432e-04,0.659,0.245,29436
790,5.62691,5.60669,5.430e-04,0.561,0.219,29463
791,5.76150,5.60669,5.428e-04,0.604,0.229,29424
792,5.49209,5.60669,5.426e-04,0.680,0.265,29421
793,5.73397,5.60669,5.424e-04,0.643,0.215,29440
794,5.56865,5.60669,5.422e-04,0.727,0.299,29462
795,5.89703,5.60669,5.420e-04,1.011,0.357,29412
796,5.80827,5.60669,5.418e-04,1.018,0.383,29398
797,5.59272,5.60669,5.417e-04,0.786,0.309,29440
798,5.60645,5.60669,5.415e-04,0.667,0.243,29405
799,5.73839,5.60669,5.413e-04,0.689,0.286,29429
800,5.63104,5.60669,5.411e-04,0.616,0.232,29417
801,5.63537,5.60669,5.409e-04,0.650,0.237,29399
802,5.75103,5.60669,5.407e-04,0.631,0.252,29414
803,5.59166,5.60669,5.405e-04,0.619,0.265,29452
804,5.43812,5.60669,5.403e-04,0.675,0.290,29416
805,5.67030,5.60669,5.401e-04,0.656,0.265,29423
806,5.69599,5.60669,5.400e-04,0.657,0.281,29417
807,5.55928,5.60669,5.398e-04,0.550,0.206,29420
808,5.54576,5.60669,5.396e-04,0.635,0.275,29433
809,5.56577,5.60669,5.394e-04,0.597,0.269,29413
810,5.54035,5.60669,5.392e-04,0.680,0.295,29449
811,5.64770,5.60669,5.390e-04,0.581,0.220,29451
812,5.65838,5.60669,5.388e-04,0.675,0.294,29428
813,5.54321,5.60669,5.386e-04,0.623,0.256,29429
814,5.69937,5.60669,5.384e-04,0.592,0.221,29417
815,5.78374,5.60669,5.382e-04,0.876,0.332,29444
816,5.69206,5.60669,5.380e-04,0.618,0.225,29444
817,5.50097,5.60669,5.378e-04,0.742,0.305,29427
818,5.53882,5.60669,5.377e-04,0.592,0.237,29407
819,5.65478,5.60669,5.375e-04,0.686,0.263,29423
820,5.72877,5.60669,5.373e-04,0.575,0.203,29446
821,5.62795,5.60669,5.371e-04,0.608,0.255,29357
822,5.63164,5.60669,5.369e-04,0.611,0.207,29436
823,5.68309,5.60669,5.367e-04,0.606,0.239,29440
824,5.51154,5.60669,5.365e-04,0.603,0.247,29422
825,5.66458,5.60669,5.363e-04,0.570,0.209,29419
826,5.61447,5.60669,5.361e-04,0.609,0.240,29437
827,5.76065,5.60669,5.359e-04,0.673,0.234,29406
828,5.58910,5.60669,5.357e-04,0.634,0.238,29454
829,5.63933,5.60669,5.355e-04,0.735,0.269,29438
830,5.67096,5.60669,5.353e-04,0.617,0.244,29399
831,5.65319,5.60669,5.351e-04,0.650,0.259,29452
832,5.71623,5.60669,5.349e-04,0.608,0.231,29441
833,5.61985,5.60669,5.347e-04,0.630,0.244,29397
834,5.70960,5.60669,5.345e-04,0.680,0.275,29441
835,5.62156,5.60669,5.343e-04,0.669,0.260,29407
836,5.66618,5.60669,5.341e-04,0.569,0.217,29433
837,5.57450,5.60669,5.339e-04,0.637,0.243,29439
838,5.52209,5.60669,5.337e-04,0.586,0.239,29408
839,5.77508,5.60669,5.335e-04,0.687,0.267,29435
840,5.35674,5.60669,5.333e-04,0.610,0.233,29419
841,5.52538,5.60669,5.331e-04,0.636,0.256,29391
842,5.64592,5.60669,5.329e-04,0.600,0.225,29407
843,5.62120,5.60669,5.327e-04,0.634,0.208,29425
844,5.62130,5.60669,5.325e-04,0.639,0.265,29446
845,5.42921,5.60669,5.323e-04,0.601,0.236,29424
846,5.54772,5.60669,5.321e-04,0.607,0.235,29432
847,5.58009,5.60669,5.319e-04,0.599,0.200,29411
848,5.72573,5.60669,5.317e-04,0.577,0.203,29442
849,5.58754,5.60669,5.315e-04,0.703,0.254,29423
850,5.55180,5.60669,5.313e-04,0.556,0.219,29421
851,5.50075,5.60669,5.311e-04,0.693,0.283,29423
852,5.65938,5.60669,5.309e-04,0.609,0.252,29440
853,5.57113,5.60669,5.307e-04,0.638,0.253,29459
854,5.61691,5.60669,5.305e-04,0.672,0.267,29408
855,5.52448,5.60669,5.303e-04,0.598,0.236,29426
856,5.48740,5.60669,5.301e-04,0.594,0.235,29442
857,5.67926,5.60669,5.299e-04,0.579,0.200,29437
858,5.64065,5.60669,5.297e-04,0.568,0.193,29434
859,5.60324,5.60669,5.295e-04,0.567,0.204,29424
860,5.58983,5.60669,5.293e-04,0.649,0.249,29421
861,5.63872,5.60669,5.291e-04,0.653,0.250,29393
862,5.43787,5.60669,5.289e-04,0.567,0.209,29420
863,5.27348,5.60669,5.287e-04,0.642,0.258,29416
864,5.34548,5.60669,5.285e-04,0.572,0.208,29438
865,5.45334,5.60669,5.283e-04,0.573,0.226,29430
866,5.55012,5.60669,5.281e-04,0.591,0.214,29420
867,5.52100,5.60669,5.279e-04,0.574,0.209,29431
868,5.50911,5.60669,5.276e-04,0.576,0.211,29401
869,5.55179,5.60669,5.274e-04,0.592,0.218,29440
870,5.64640,5.60669,5.272e-04,0.543,0.191,29436
871,5.56362,5.60669,5.270e-04,0.612,0.229,29414
872,5.61416,5.60669,5.268e-04,0.546,0.199,29452
873,5.72918,5.60669,5.266e-04,0.643,0.237,29441
874,5.45097,5.60669,5.264e-04,0.617,0.221,29423
875,5.54877,5.60669,5.262e-04,0.638,0.246,29423
876,5.61196,5.60669,5.260e-04,0.617,0.218,29428
877,5.40408,5.60669,5.258e-04,0.630,0.237,29422
878,5.46054,5.60669,5.256e-04,0.563,0.215,29415
879,5.70259,5.60669,5.254e-04,0.756,0.257,29411
880,5.43914,5.60669,5.252e-04,0.687,0.250,29448
881,5.82145,5.60669,5.249e-04,0.659,0.241,29375
882,5.41094,5.60669,5.247e-04,0.749,0.289,29432
883,5.43762,5.60669,5.245e-04,0.558,0.189,29440
884,5.35543,5.60669,5.243e-04,0.585,0.223,29416
885,5.65215,5.60669,5.241e-04,0.554,0.192,29419
886,5.63427,5.60669,5.239e-04,0.581,0.222,29455
887,5.50985,5.60669,5.237e-04,0.565,0.208,29427
888,5.63410,5.60669,5.235e-04,0.592,0.201,29433
889,5.44819,5.60669,5.233e-04,0.541,0.196,29432
890,5.60638,5.60669,5.230e-04,0.579,0.200,29414
891,5.63198,5.60669,5.228e-04,0.570,0.212,29445
892,5.68983,5.60669,5.226e-04,0.596,0.184,29414
893,5.56337,5.60669,5.224e-04,0.638,0.215,29406
894,5.39896,5.60669,5.222e-04,0.628,0.257,29448
895,5.57065,5.60669,5.220e-04,0.588,0.201,29402
896,5.44463,5.60669,5.218e-04,0.566,0.200,29449
897,5.52640,5.60669,5.216e-04,0.578,0.197,29442
898,5.31848,5.60669,5.213e-04,0.568,0.230,29430
899,5.45885,5.60669,5.211e-04,0.617,0.219,29446
900,5.58615,5.60669,5.209e-04,0.675,0.256,29412
901,5.60861,5.60669,5.207e-04,0.650,0.240,29381
902,5.58453,5.60669,5.205e-04,0.694,0.240,29439
903,5.57750,5.60669,5.203e-04,0.660,0.250,29417
904,5.63904,5.60669,5.201e-04,0.616,0.208,29425
905,5.40485,5.60669,5.198e-04,0.686,0.264,29448
906,5.40593,5.60669,5.196e-04,0.584,0.202,29434
907,5.49182,5.60669,5.194e-04,0.674,0.252,29426
908,5.41698,5.60669,5.192e-04,0.589,0.214,29436
909,5.54294,5.60669,5.190e-04,0.616,0.214,29434
910,5.46043,5.60669,5.188e-04,0.660,0.245,29444
911,5.50555,5.60669,5.185e-04,0.551,0.192,29443
912,5.50518,5.60669,5.183e-04,0.675,0.223,29429
913,5.55441,5.60669,5.181e-04,0.639,0.225,29393
914,5.63417,5.60669,5.179e-04,0.698,0.266,29444
915,5.67272,5.60669,5.177e-04,0.643,0.199,29417
916,5.45637,5.60669,5.175e-04,0.626,0.230,29429
917,5.48723,5.60669,5.172e-04,0.685,0.241,29455
918,5.43271,5.60669,5.170e-04,0.664,0.270,29418
919,5.53847,5.60669,5.168e-04,0.639,0.246,29430
920,5.48177,5.60669,5.166e-04,0.581,0.202,29444
921,5.50268,5.60669,5.164e-04,0.812,0.269,29373
922,5.54158,5.60669,5.161e-04,0.721,0.266,29403
923,5.34043,5.60669,5.159e-04,0.664,0.225,29453
924,5.59200,5.60669,5.157e-04,0.790,0.377,29416
925,5.45267,5.60669,5.155e-04,0.691,0.274,29428
926,5.45646,5.60669,5.153e-04,0.640,0.245,29437
927,5.48877,5.60669,5.150e-04,0.664,0.271,29433
928,5.49185,5.60669,5.148e-04,0.734,0.254,29426
929,5.44136,5.60669,5.146e-04,0.680,0.235,29427
930,5.48083,5.60669,5.144e-04,0.718,0.245,29457
931,5.45959,5.60669,5.142e-04,0.578,0.209,29429
932,5.46921,5.60669,5.139e-04,0.573,0.189,29421
933,5.56161,5.60669,5.137e-04,0.597,0.205,29437
934,5.59400,5.60669,5.135e-04,0.681,0.258,29446
935,5.34477,5.60669,5.133e-04,0.616,0.225,29440
936,5.31100,5.60669,5.131e-04,0.878,0.333,29411
937,5.54598,5.60669,5.128e-04,0.671,0.241,29410
938,5.55945,5.60669,5.126e-04,0.627,0.221,29440
939,5.53020,5.60669,5.124e-04,0.709,0.261,29432
940,5.51563,5.60669,5.122e-04,0.610,0.216,29416
941,5.46832,5.60669,5.119e-04,0.721,0.253,29372
942,5.49503,5.60669,5.117e-04,0.623,0.215,29441
943,5.52302,5.60669,5.115e-04,0.612,0.210,29454
944,5.73135,5.60669,5.113e-04,0.729,0.227,29430
945,5.48326,5.60669,5.110e-04,0.669,0.233,29424
946,5.57775,5.60669,5.108e-04,0.624,0.217,29409
947,5.57071,5.60669,5.106e-04,0.631,0.194,29458
948,5.58423,5.60669,5.104e-04,0.704,0.214,29398
949,5.37967,5.60669,5.101e-04,0.624,0.235,29439
950,5.52800,5.60669,5.099e-04,0.718,0.245,29424
951,5.59685,5.60669,5.097e-04,0.660,0.255,29438
952,5.59093,5.60669,5.095e-04,0.635,0.212,29425
953,5.57061,5.60669,5.092e-04,0.615,0.206,29425
954,5.58653,5.60669,5.090e-04,0.670,0.260,29425
955,5.66187,5.60669,5.088e-04,0.652,0.225,29442
956,5.55626,5.60669,5.086e-04,0.612,0.222,29427
957,5.46726,5.60669,5.083e-04,0.600,0.205,29432
958,5.50426,5.60669,5.081e-04,0.662,0.243,29443
959,5.49427,5.60669,5.079e-04,0.622,0.217,29452
960,5.38675,5.60669,5.076e-04,0.664,0.257,29409
961,5.79836,5.60669,5.074e-04,0.614,0.206,29370
962,5.45736,5.60669,5.072e-04,0.656,0.258,29443
963,5.52782,5.60669,5.070e-04,0.743,0.253,29404
964,5.49283,5.60669,5.067e-04,0.573,0.206,29441
965,5.57127,5.60669,5.065e-04,0.782,0.266,29438
966,5.44851,5.60669,5.063e-04,0.692,0.293,29412
967,5.53474,5.60669,5.060e-04,0.698,0.244,29409
968,5.44814,5.60669,5.058e-04,0.713,0.284,29418
969,5.46441,5.60669,5.056e-04,0.672,0.248,29406
970,5.38177,5.60669,5.054e-04,0.686,0.237,29424
971,5.55352,5.60669,5.051e-04,0.620,0.215,29451
972,5.66664,5.60669,5.049e-04,0.641,0.232,29437
973,5.37861,5.60669,5.047e-04,0.665,0.256,29419
974,5.41055,5.60669,5.044e-04,0.651,0.229,29401
975,5.51166,5.60669,5.042e-04,0.660,0.211,29446
976,5.61093,5.60669,5.040e-04,0.610,0.220,29423
977,5.53637,5.60669,5.037e-04,0.709,0.249,29436
978,5.35867,5.60669,5.035e-04,0.634,0.224,29445
979,5.56931,5.60669,5.033e-04,0.682,0.250,29415
980,5.38386,5.60669,5.030e-04,0.631,0.241,29444
981,5.34832,5.60669,5.028e-04,0.640,0.220,29383
982,5.31308,5.60669,5.026e-04,0.649,0.249,29428
983,5.57983,5.60669,5.023e-04,0.618,0.229,29427
984,5.43403,5.60669,5.021e-04,0.622,0.207,29406
985,5.47046,5.60669,5.019e-04,0.630,0.216,29427
986,5.38816,5.60669,5.016e-04,0.619,0.215,29438
987,5.37443,5.60669,5.014e-04,0.612,0.201,29407
988,5.45174,5.60669,5.012e-04,0.617,0.227,29425
989,5.47936,5.60669,5.009e-04,0.581,0.204,29405
990,5.63951,5.60669,5.007e-04,0.653,0.218,29436
991,5.45333,5.60669,5.005e-04,0.597,0.190,29446
992,5.43541,5.60669,5.002e-04,0.549,0.187,29423
993,5.30433,5.60669,5.000e-04,0.706,0.247,29412
994,5.40442,5.60669,4.998e-04,0.589,0.199,29448
995,5.54618,5.60669,4.995e-04,0.693,0.232,29396
996,5.32098,5.60669,4.993e-04,0.633,0.206,29436
997,5.35198,5.60669,4.991e-04,0.582,0.196,29425
998,5.34519,5.60669,4.988e-04,0.669,0.242,29438
999,5.39537,5.60669,4.986e-04,0.661,0.232,29406
1000,5.46641,5.41136,4.983e-04,0.697,0.266,8961
1001,5.42328,5.41136,4.981e-04,0.804,0.299,29766
1002,5.50007,5.41136,4.979e-04,0.749,0.254,29451
1003,5.51038,5.41136,4.976e-04,0.635,0.197,29418
1004,5.34662,5.41136,4.974e-04,0.692,0.232,29440
1005,5.51666,5.41136,4.972e-04,0.646,0.196,29442
1006,5.48117,5.41136,4.969e-04,0.657,0.207,29404
1007,5.30794,5.41136,4.967e-04,0.663,0.243,29419
1008,5.42864,5.41136,4.964e-04,0.706,0.226,29432
1009,5.20589,5.41136,4.962e-04,0.633,0.239,29442
1010,5.36428,5.41136,4.960e-04,0.592,0.202,29440
1011,5.53027,5.41136,4.957e-04,0.676,0.212,29416
1012,5.50784,5.41136,4.955e-04,0.617,0.207,29411
1013,5.45635,5.41136,4.952e-04,0.614,0.217,29441
1014,5.33419,5.41136,4.950e-04,0.699,0.270,29443
1015,5.24426,5.41136,4.948e-04,0.626,0.239,29425
1016,5.28649,5.41136,4.945e-04,0.639,0.223,29457
1017,5.45351,5.41136,4.943e-04,0.647,0.225,29412
1018,5.21378,5.41136,4.940e-04,0.648,0.241,29419
1019,5.40969,5.41136,4.938e-04,0.689,0.246,29405
1020,5.49823,5.41136,4.936e-04,0.647,0.212,29424
1021,5.41240,5.41136,4.933e-04,0.622,0.202,29399
1022,5.39897,5.41136,4.931e-04,0.634,0.209,29424
1023,5.34126,5.41136,4.928e-04,0.658,0.224,29436
1024,5.44647,5.41136,4.926e-04,0.663,0.218,29421
1025,5.31527,5.41136,4.924e-04,0.633,0.206,29446
1026,5.42395,5.41136,4.921e-04,0.722,0.266,29440
1027,5.41228,5.41136,4.919e-04,0.646,0.198,29449
1028,5.31016,5.41136,4.916e-04,0.720,0.275,29420
1029,5.48890,5.41136,4.914e-04,0.641,0.219,29430
1030,5.64703,5.41136,4.911e-04,0.652,0.213,29417
1031,5.52009,5.41136,4.909e-04,0.701,0.254,29427
1032,5.51521,5.41136,4.907e-04,0.623,0.233,29406
1033,5.46909,5.41136,4.904e-04,0.675,0.250,29442
1034,5.30917,5.41136,4.902e-04,0.690,0.262,29422
1035,5.45785,5.41136,4.899e-04,0.590,0.186,29447
1036,5.49413,5.41136,4.897e-04,0.641,0.215,29418
1037,5.34428,5.41136,4.894e-04,0.601,0.208,29427
1038,5.31137,5.41136,4.892e-04,0.634,0.224,29423
1039,5.30945,5.41136,4.889e-04,0.614,0.194,29442
1040,5.45967,5.41136,4.887e-04,0.595,0.204,29427
1041,5.24703,5.41136,4.885e-04,0.615,0.226,29395
1042,5.33863,5.41136,4.882e-04,0.590,0.210,29428
1043,5.28541,5.41136,4.880e-04,0.711,0.239,29409
1044,5.46187,5.41136,4.877e-04,0.636,0.222,29434
1045,5.44926,5.41136,4.875e-04,0.649,0.238,29428
1046,5.43031,5.41136,4.872e-04,0.679,0.233,29441
1047,5.30230,5.41136,4.870e-04,0.628,0.200,29411
1048,5.28313,5.41136,4.867e-04,0.745,0.227,29422
1049,5.35126,5.41136,4.865e-04,0.595,0.190,29449
1050,5.42726,5.41136,4.862e-04,0.655,0.248,29416
1051,5.38121,5.41136,4.860e-04,0.647,0.225,29408
1052,5.32461,5.41136,4.857e-04,0.578,0.201,29426
1053,5.36071,5.41136,4.855e-04,0.580,0.211,29407
1054,5.30891,5.41136,4.853e-04,0.645,0.222,29450
1055,5.34190,5.41136,4.850e-04,0.637,0.244,29407
1056,5.35879,5.41136,4.848e-04,0.658,0.238,29438
1057,5.10011,5.41136,4.845e-04,0.680,0.283,29440
1058,5.51647,5.41136,4.843e-04,0.764,0.224,29416
1059,5.29776,5.41136,4.840e-04,0.713,0.271,29426
1060,5.32690,5.41136,4.838e-04,0.712,0.277,29438
1061,5.44167,5.41136,4.835e-04,0.610,0.238,29391
1062,5.27763,5.41136,4.833e-04,0.663,0.263,29461
1063,5.47348,5.41136,4.830e-04,0.643,0.218,29457
1064,5.44572,5.41136,4.828e-04,0.682,0.252,29420
1065,5.51694,5.41136,4.825e-04,0.692,0.261,29423
1066,5.45573,5.41136,4.823e-04,0.648,0.217,29438
1067,5.41499,5.41136,4.820e-04,0.616,0.219,29430
1068,5.20361,5.41136,4.818e-04,0.655,0.216,29427
1069,5.42512,5.41136,4.815e-04,0.630,0.195,29443
1070,5.29995,5.41136,4.813e-04,0.712,0.243,29462
1071,5.39075,5.41136,4.810e-04,0.648,0.240,29417
1072,5.37058,5.41136,4.808e-04,0.640,0.196,29431
1073,5.43486,5.41136,4.805e-04,0.635,0.213,29429
1074,5.41890,5.41136,4.803e-04,0.753,0.212,29433
1075,5.31649,5.41136,4.800e-04,0.616,0.189,29419
1076,5.30808,5.41136,4.798e-04,0.602,0.198,29415
1077,5.44820,5.41136,4.795e-04,0.646,0.201,29424
1078,5.22162,5.41136,4.792e-04,0.580,0.203,29426
1079,5.46245,5.41136,4.790e-04,0.622,0.189,29452
1080,5.38006,5.41136,4.787e-04,0.702,0.265,29397
1081,5.63267,5.41136,4.785e-04,0.569,0.165,29380
1082,5.25960,5.41136,4.782e-04,0.681,0.221,29432
1083,5.46664,5.41136,4.780e-04,0.568,0.182,29433
1084,5.35208,5.41136,4.777e-04,0.611,0.210,29434
1085,5.31202,5.41136,4.775e-04,0.604,0.207,29424
1086,5.43617,5.41136,4.772e-04,0.587,0.175,29419
1087,5.42056,5.41136,4.770e-04,0.666,0.219,29440
1088,5.18487,5.41136,4.767e-04,0.565,0.186,29425
1089,5.43655,5.41136,4.765e-04,0.662,0.220,29431
1090,5.21797,5.41136,4.762e-04,0.683,0.254,29427
1091,5.29404,5.41136,4.759e-04,0.667,0.241,29417
1092,5.33168,5.41136,4.757e-04,0.610,0.213,29435
1093,5.35061,5.41136,4.754e-04,0.639,0.199,29428
1094,5.25890,5.41136,4.752e-04,0.676,0.208,29456
1095,5.46982,5.41136,4.749e-04,0.704,0.222,29422
1096,5.39194,5.41136,4.747e-04,0.701,0.222,29447
1097,5.58839,5.41136,4.744e-04,0.711,0.225,29438
1098,5.28946,5.41136,4.742e-04,0.695,0.257,29439
1099,5.12588,5.41136,4.739e-04,0.637,0.217,29417
1100,5.32335,5.41136,4.736e-04,0.625,0.218,29425
1101,5.38613,5.41136,4.734e-04,0.644,0.213,29372
1102,5.22086,5.41136,4.731e-04,0.605,0.210,29436
1103,5.21023,5.41136,4.729e-04,0.658,0.221,29415
1104,5.50921,5.41136,4.726e-04,0.652,0.195,29446
1105,5.40426,5.41136,4.724e-04,0.744,0.244,29432
1106,5.34334,5.41136,4.721e-04,0.634,0.198,29427
1107,5.42855,5.41136,4.718e-04,0.696,0.258,29424
1108,5.32256,5.41136,4.716e-04,0.658,0.217,29409
1109,5.29911,5.41136,4.713e-04,0.645,0.227,29432
1110,5.25308,5.41136,4.711e-04,0.648,0.203,29450
1111,5.33515,5.41136,4.708e-04,0.665,0.215,29450
1112,5.51482,5.41136,4.706e-04,0.626,0.193,29436
1113,5.31439,5.41136,4.703e-04,0.702,0.246,29434
1114,5.40978,5.41136,4.700e-04,0.590,0.182,29434
1115,5.25601,5.41136,4.698e-04,0.689,0.232,29444
1116,5.31191,5.41136,4.695e-04,0.558,0.186,29446
1117,5.27069,5.41136,4.693e-04,0.690,0.220,29429
1118,5.36330,5.41136,4.690e-04,0.805,0.265,29411
1119,5.28265,5.41136,4.687e-04,0.705,0.236,29420
1120,5.48200,5.41136,4.685e-04,0.653,0.209,29424
1121,5.40152,5.41136,4.682e-04,0.681,0.217,29378
1122,5.16340,5.41136,4.680e-04,0.642,0.225,29453
1123,5.39640,5.41136,4.677e-04,0.735,0.274,29416
1124,5.30831,5.41136,4.674e-04,0.670,0.211,29440
1125,5.37545,5.41136,4.672e-04,0.638,0.212,29416
1126,5.32776,5.41136,4.669e-04,0.699,0.227,29434
1127,5.42013,5.41136,4.667e-04,0.670,0.203,29411
1128,5.54726,5.41136,4.664e-04,0.681,0.222,29353
1129,5.28936,5.41136,4.661e-04,0.679,0.234,29411
1130,5.26109,5.41136,4.659e-04,0.651,0.220,29429
1131,5.38431,5.41136,4.656e-04,0.678,0.216,29432
1132,5.28621,5.41136,4.653e-04,0.748,0.240,29433
1133,5.46977,5.41136,4.651e-04,0.661,0.221,29462
1134,5.40191,5.41136,4.648e-04,0.666,0.207,29403
1135,5.28089,5.41136,4.646e-04,0.767,0.288,29429
1136,5.35228,5.41136,4.643e-04,0.679,0.218,29446
1137,5.41635,5.41136,4.640e-04,0.671,0.231,29435
1138,5.23399,5.41136,4.638e-04,0.683,0.220,29427
1139,5.26115,5.41136,4.635e-04,0.638,0.205,29419
1140,5.32477,5.41136,4.632e-04,0.662,0.215,29423
1141,5.28612,5.41136,4.630e-04,0.699,0.251,29406
1142,5.14833,5.41136,4.627e-04,0.646,0.208,29425
1143,5.30260,5.41136,4.625e-04,0.702,0.225,29410
1144,5.52790,5.41136,4.622e-04,0.721,0.240,29433
1145,5.31173,5.41136,4.619e-04,0.708,0.217,29425
1146,5.37693,5.41136,4.617e-04,0.689,0.235,29445
1147,5.34643,5.41136,4.614e-04,0.706,0.212,29431
1148,5.25349,5.41136,4.611e-04,0.678,0.253,29419
1149,5.42615,5.41136,4.609e-04,0.626,0.190,29424
1150,5.35177,5.41136,4.606e-04,0.608,0.182,29436
1151,5.29846,5.41136,4.603e-04,0.606,0.211,29431
1152,5.20391,5.41136,4.601e-04,0.643,0.196,29410
1153,5.56618,5.41136,4.598e-04,0.706,0.239,29441
1154,5.36683,5.41136,4.595e-04,0.658,0.195,29446
1155,5.41838,5.41136,4.593e-04,0.657,0.201,29424
1156,5.35053,5.41136,4.590e-04,0.647,0.224,29410
1157,5.53840,5.41136,4.587e-04,0.640,0.195,29448
1158,5.15032,5.41136,4.585e-04,0.608,0.206,29432
1159,5.38658,5.41136,4.582e-04,0.681,0.216,29402
1160,5.22225,5.41136,4.579e-04,0.649,0.213,29429
1161,5.61467,5.41136,4.577e-04,0.616,0.186,29364
1162,5.34747,5.41136,4.574e-04,0.691,0.233,29444
1163,5.21040,5.41136,4.571e-04,0.630,0.190,29439
1164,5.33709,5.41136,4.569e-04,0.684,0.227,29411
1165,5.30941,5.41136,4.566e-04,0.621,0.191,29424
1166,5.32378,5.41136,4.563e-04,0.676,0.206,29439
1167,5.29910,5.41136,4.561e-04,0.659,0.200,29432
1168,5.32683,5.41136,4.558e-04,0.625,0.201,29437
1169,5.20713,5.41136,4.555e-04,0.618,0.197,29434
1170,5.36923,5.41136,4.553e-04,0.665,0.205,29421
1171,5.40968,5.41136,4.550e-04,0.641,0.201,29421
1172,5.28861,5.41136,4.547e-04,0.692,0.209,29431
1173,5.13289,5.41136,4.545e-04,0.666,0.224,29424
1174,5.29380,5.41136,4.542e-04,0.746,0.210,29432
1175,5.48089,5.41136,4.539e-04,0.814,0.216,29411
1176,5.48380,5.41136,4.537e-04,0.702,0.240,29401
1177,5.34038,5.41136,4.534e-04,0.743,0.217,29448
1178,5.61365,5.41136,4.531e-04,0.726,0.249,29428
1179,5.15186,5.41136,4.528e-04,0.701,0.230,29450
1180,5.23305,5.41136,4.526e-04,0.740,0.248,29420
1181,5.27562,5.41136,4.523e-04,0.694,0.228,29352
1182,5.26705,5.41136,4.520e-04,0.680,0.201,29420
1183,5.51619,5.41136,4.518e-04,0.699,0.214,29433
1184,5.38776,5.41136,4.515e-04,0.722,0.219,29415
1185,5.46313,5.41136,4.512e-04,0.697,0.222,29439
1186,5.14791,5.41136,4.510e-04,0.673,0.242,29431
1187,5.13882,5.41136,4.507e-04,0.677,0.220,29428
1188,5.37355,5.41136,4.504e-04,0.733,0.252,29422
1189,5.22590,5.41136,4.501e-04,0.666,0.207,29427
1190,5.40694,5.41136,4.499e-04,0.703,0.221,29444
1191,5.22956,5.41136,4.496e-04,0.682,0.211,29433
1192,5.30760,5.41136,4.493e-04,0.679,0.233,29441
1193,5.26009,5.41136,4.491e-04,0.648,0.216,29416
1194,5.43159,5.41136,4.488e-04,0.667,0.201,29418
1195,5.36231,5.41136,4.485e-04,0.704,0.222,29431
1196,5.16302,5.41136,4.482e-04,0.654,0.233,29434
1197,5.42383,5.41136,4.480e-04,0.700,0.210,29409
1198,5.29038,5.41136,4.477e-04,0.639,0.193,29439
1199,5.42318,5.41136,4.474e-04,0.626,0.176,29440
1200,5.35411,5.41136,4.471e-04,0.620,0.180,29404
1201,5.37667,5.41136,4.469e-04,0.627,0.219,29400
1202,5.42230,5.41136,4.466e-04,0.680,0.193,29411
1203,5.29100,5.41136,4.463e-04,0.642,0.203,29442
1204,5.38522,5.41136,4.461e-04,0.683,0.221,29434
1205,5.39406,5.41136,4.458e-04,0.618,0.174,29416
1206,5.36244,5.41136,4.455e-04,0.606,0.188,29433
1207,5.40599,5.41136,4.452e-04,0.664,0.209,29419
1208,5.25663,5.41136,4.450e-04,0.699,0.229,29428
1209,5.32020,5.41136,4.447e-04,0.718,0.213,29446
1210,5.21255,5.41136,4.444e-04,0.694,0.203,29420
1211,5.35327,5.41136,4.441e-04,0.690,0.196,29419
1212,5.30866,5.41136,4.439e-04,0.657,0.197,29442
1213,5.34722,5.41136,4.436e-04,0.686,0.220,29425
1214,5.42674,5.41136,4.433e-04,0.697,0.194,29402
1215,5.18315,5.41136,4.430e-04,0.734,0.229,29454
1216,5.32887,5.41136,4.428e-04,0.679,0.195,29429
1217,5.38763,5.41136,4.425e-04,0.728,0.217,29451
1218,5.45807,5.41136,4.422e-04,0.734,0.205,29425
1219,5.08651,5.41136,4.419e-04,0.648,0.196,29439
1220,5.41013,5.41136,4.417e-04,0.681,0.204,29448
1221,5.42509,5.41136,4.414e-04,0.667,0.189,29360
1222,5.38108,5.41136,4.411e-04,0.630,0.187,29443
1223,5.14337,5.41136,4.408e-04,0.708,0.273,29421
1224,5.31271,5.41136,4.406e-04,0.863,0.316,29435
1225,5.28569,5.41136,4.403e-04,0.684,0.211,29432
1226,5.31106,5.41136,4.400e-04,0.706,0.195,29420
1227,5.34997,5.41136,4.397e-04,0.694,0.208,29435
1228,5.29387,5.41136,4.394e-04,0.694,0.207,29417
1229,5.46267,5.41136,4.392e-04,0.772,0.219,29445
1230,5.35720,5.41136,4.389e-04,0.718,0.198,29420
1231,5.38491,5.41136,4.386e-04,0.674,0.204,29437
1232,5.19699,5.41136,4.383e-04,0.773,0.253,29436
1233,5.18476,5.41136,4.381e-04,0.671,0.208,29404
1234,5.49895,5.41136,4.378e-04,0.808,0.233,29410
1235,5.37021,5.41136,4.375e-04,0.672,0.200,29422
1236,5.22531,5.41136,4.372e-04,0.733,0.252,29440
1237,5.26847,5.41136,4.370e-04,0.724,0.220,29432
1238,5.18522,5.41136,4.367e-04,0.706,0.207,29433
1239,5.30449,5.41136,4.364e-04,0.688,0.200,29445
1240,5.19686,5.41136,4.361e-04,0.695,0.235,29432
1241,5.30107,5.41136,4.358e-04,0.671,0.188,29386
1242,5.41795,5.41136,4.356e-04,0.642,0.191,29415
1243,5.22752,5.41136,4.353e-04,0.664,0.193,29445
1244,5.25561,5.41136,4.350e-04,0.648,0.186,29409
1245,5.24893,5.41136,4.347e-04,0.636,0.185,29427
1246,5.48177,5.41136,4.344e-04,0.654,0.165,29427
1247,5.30495,5.41136,4.342e-04,0.599,0.190,29447
1248,5.35238,5.41136,4.339e-04,0.671,0.203,29431
1249,5.28124,5.41136,4.336e-04,0.654,0.187,29421
1250,5.23681,5.23689,4.333e-04,0.715,0.215,8968
1251,5.24557,5.23689,4.330e-04,0.619,0.172,29740
1252,5.33037,5.23689,4.328e-04,0.681,0.208,29409
1253,5.32936,5.23689,4.325e-04,0.622,0.182,29429
1254,5.07221,5.23689,4.322e-04,0.651,0.191,29423
1255,5.08386,5.23689,4.319e-04,0.648,0.201,29450
1256,5.22659,5.23689,4.316e-04,0.682,0.206,29449
1257,5.24270,5.23689,4.314e-04,0.715,0.232,29424
1258,5.30392,5.23689,4.311e-04,0.642,0.191,29446
1259,5.20837,5.23689,4.308e-04,0.660,0.225,29429
1260,5.17972,5.23689,4.305e-04,0.668,0.215,29420
1261,5.26583,5.23689,4.302e-04,0.680,0.188,29395
1262,5.27269,5.23689,4.300e-04,0.688,0.234,29422
1263,5.24365,5.23689,4.297e-04,0.684,0.238,29441
1264,5.24943,5.23689,4.294e-04,0.705,0.195,29424
1265,5.34645,5.23689,4.291e-04,0.706,0.231,29423
1266,5.09320,5.23689,4.288e-04,0.671,0.228,29431
1267,5.44416,5.23689,4.285e-04,0.717,0.217,29434
1268,5.23346,5.23689,4.283e-04,0.739,0.228,29438
1269,5.20459,5.23689,4.280e-04,0.696,0.201,29409
1270,5.20521,5.23689,4.277e-04,0.719,0.215,29439
1271,5.08346,5.23689,4.274e-04,0.747,0.255,29435
1272,5.38313,5.23689,4.271e-04,0.726,0.202,29423
1273,5.27484,5.23689,4.269e-04,0.770,0.244,29410
1274,5.36229,5.23689,4.266e-04,0.693,0.206,29434
1275,5.28493,5.23689,4.263e-04,0.673,0.203,29434
1276,5.39774,5.23689,4.260e-04,0.747,0.219,29453
1277,5.21956,5.23689,4.257e-04,0.736,0.191,29426
1278,5.17935,5.23689,4.254e-04,0.739,0.234,29444
1279,5.50725,5.23689,4.252e-04,0.739,0.206,29418
1280,5.21999,5.23689,4.249e-04,0.631,0.182,29456
1281,5.20136,5.23689,4.246e-04,0.675,0.200,29375
1282,5.22968,5.23689,4.243e-04,0.691,0.214,29416
1283,5.27925,5.23689,4.240e-04,0.666,0.210,29410
1284,5.31193,5.23689,4.237e-04,0.648,0.186,29450
1285,5.30246,5.23689,4.235e-04,0.625,0.182,29431
1286,5.41725,5.23689,4.232e-04,0.765,0.219,29388
1287,5.14235,5.23689,4.229e-04,0.762,0.286,29401
1288,5.21018,5.23689,4.226e-04,0.660,0.196,29422
1289,5.24163,5.23689,4.223e-04,0.794,0.310,29428
1290,5.30804,5.23689,4.220e-04,0.730,0.252,29443
1291,5.29644,5.23689,4.217e-04,0.731,0.255,29428
1292,5.29453,5.23689,4.215e-04,0.757,0.235,29431
1293,5.41399,5.23689,4.212e-04,0.697,0.219,29444
1294,5.11847,5.23689,4.209e-04,0.701,0.221,29430
1295,5.30311,5.23689,4.206e-04,0.759,0.222,29411
1296,5.23593,5.23689,4.203e-04,0.666,0.197,29444
1297,5.26102,5.23689,4.200e-04,0.857,0.300,29395
1298,5.15256,5.23689,4.197e-04,0.642,0.189,29444
1299,4.88035,5.23689,4.195e-04,0.705,0.252,29419
1300,5.20482,5.23689,4.192e-04,0.727,0.212,29455
1301,5.15460,5.23689,4.189e-04,0.744,0.256,29390
1302,5.31991,5.23689,4.186e-04,0.674,0.196,29415
1303,5.23674,5.23689,4.183e-04,0.665,0.204,29422
1304,5.14435,5.23689,4.180e-04,0.641,0.203,29421
1305,5.20915,5.23689,4.177e-04,0.660,0.202,29426
1306,5.18265,5.23689,4.175e-04,0.755,0.220,29419
1307,5.28514,5.23689,4.172e-04,0.667,0.191,29441
1308,5.26868,5.23689,4.169e-04,0.728,0.191,29419
1309,5.21279,5.23689,4.166e-04,0.651,0.214,29445
1310,5.25152,5.23689,4.163e-04,0.670,0.188,29414
1311,5.24967,5.23689,4.160e-04,0.588,0.173,29413
1312,5.26507,5.23689,4.157e-04,0.656,0.202,29431
1313,5.15852,5.23689,4.154e-04,0.637,0.177,29416
1314,5.26108,5.23689,4.152e-04,0.613,0.177,29435
1315,5.25416,5.23689,4.149e-04,0.694,0.209,29437
1316,5.36226,5.23689,4.146e-04,0.686,0.199,29426
1317,5.24475,5.23689,4.143e-04,0.690,0.208,29438
1318,5.04423,5.23689,4.140e-04,0.700,0.192,29412
1319,5.22622,5.23689,4.137e-04,0.714,0.186,29436
1320,5.21188,5.23689,4.134e-04,0.731,0.248,29418
1321,5.25298,5.23689,4.131e-04,0.672,0.197,29390
1322,5.19878,5.23689,4.129e-04,0.729,0.221,29409
1323,5.14721,5.23689,4.126e-04,0.703,0.203,29433
1324,5.11296,5.23689,4.123e-04,0.709,0.212,29434
1325,5.30612,5.23689,4.120e-04,0.726,0.218,29408
1326,5.17471,5.23689,4.117e-04,0.623,0.190,29464
1327,5.13897,5.23689,4.114e-04,0.682,0.201,29411
1328,5.21971,5.23689,4.111e-04,0.682,0.211,29457
1329,5.52852,5.23689,4.108e-04,0.805,0.234,29413
1330,5.47314,5.23689,4.105e-04,0.765,0.230,29436
1331,5.24291,5.23689,4.103e-04,0.817,0.227,29433
1332,5.23475,5.23689,4.100e-04,0.702,0.197,29402
1333,5.25685,5.23689,4.097e-04,0.692,0.191,29446
1334,5.27700,5.23689,4.094e-04,0.728,0.204,29439
1335,5.33708,5.23689,4.091e-04,0.700,0.191,29412
1336,5.30184,5.23689,4.088e-04,0.699,0.221,29418
1337,5.05285,5.23689,4.085e-04,0.659,0.219,29442
1338,5.31961,5.23689,4.082e-04,0.687,0.170,29435
1339,5.32605,5.23689,4.079e-04,0.681,0.213,29437
1340,5.10396,5.23689,4.077e-04,0.689,0.202,29395
1341,5.17551,5.23689,4.074e-04,0.664,0.195,29379
1342,5.24961,5.23689,4.071e-04,0.661,0.182,29436
1343,5.19209,5.23689,4.068e-04,0.635,0.164,29408
1344,5.01380,5.23689,4.065e-04,0.638,0.186,29422
1345,5.22622,5.23689,4.062e-04,0.724,0.190,29439
1346,5.29342,5.23689,4.059e-04,0.664,0.199,29444
1347,5.29709,5.23689,4.056e-04,0.718,0.207,29428
1348,5.16164,5.23689,4.053e-04,0.702,0.218,29421
1349,5.10465,5.23689,4.050e-04,0.663,0.198,29426
1350,5.01055,5.23689,4.047e-04,0.721,0.263,29455
1351,5.34135,5.23689,4.045e-04,0.647,0.187,29413
1352,5.31596,5.23689,4.042e-04,0.687,0.235,29440
1353,5.36014,5.23689,4.039e-04,0.663,0.195,29400
1354,5.27591,5.23689,4.036e-04,0.693,0.219,29448
1355,5.16477,5.23689,4.033e-04,0.676,0.232,29431
1356,5.42047,5.23689,4.030e-04,0.687,0.200,29440
1357,5.24158,5.23689,4.027e-04,0.663,0.211,29413
1358,5.10365,5.23689,4.024e-04,0.652,0.191,29435
1359,4.92164,5.23689,4.021e-04,0.646,0.191,29433
1360,5.17778,5.23689,4.018e-04,0.675,0.188,29416
1361,5.37577,5.23689,4.015e-04,0.713,0.203,29379
1362,5.11157,5.23689,4.012e-04,0.706,0.211,29430
1363,5.15352,5.23689,4.010e-04,0.730,0.196,29433
1364,5.25272,5.23689,4.007e-04,0.701,0.206,29417
1365,5.19569,5.23689,4.004e-04,0.705,0.203,29437
1366,5.18678,5.23689,4.001e-04,0.681,0.199,29436
1367,5.08862,5.23689,3.998e-04,0.626,0.188,29427
1368,5.18500,5.23689,3.995e-04,0.645,0.178,29449
1369,5.10347,5.23689,3.992e-04,0.739,0.227,29425
1370,5.14813,5.23689,3.989e-04,0.645,0.184,29424
1371,5.36141,5.23689,3.986e-04,0.685,0.194,29424
1372,5.22688,5.23689,3.983e-04,0.766,0.236,29413
1373,5.33172,5.23689,3.980e-04,0.669,0.182,29431
1374,4.97562,5.23689,3.977e-04,0.671,0.215,29435
1375,5.34848,5.23689,3.974e-04,0.725,0.210,29429
1376,4.96257,5.23689,3.971e-04,0.752,0.231,29412
1377,5.21981,5.23689,3.969e-04,0.801,0.241,29416
1378,5.33295,5.23689,3.966e-04,0.743,0.219,29442
1379,5.11762,5.23689,3.963e-04,0.654,0.198,29415
1380,5.14495,5.23689,3.960e-04,0.673,0.200,29448
1381,5.26485,5.23689,3.957e-04,0.729,0.211,29366
1382,4.94560,5.23689,3.954e-04,0.655,0.202,29405
1383,5.06303,5.23689,3.951e-04,0.756,0.227,29434
1384,4.88374,5.23689,3.948e-04,0.773,0.242,29432
1385,5.20420,5.23689,3.945e-04,0.715,0.206,29422
1386,5.17251,5.23689,3.942e-04,0.759,0.228,29412
1387,5.40941,5.23689,3.939e-04,0.688,0.195,29421
1388,5.26506,5.23689,3.936e-04,0.876,0.253,29456
1389,5.00992,5.23689,3.933e-04,0.692,0.199,29424
1390,5.23229,5.23689,3.930e-04,0.714,0.207,29423
1391,5.25502,5.23689,3.927e-04,0.759,0.212,29423
1392,5.08186,5.23689,3.924e-04,0.705,0.206,29437
1393,5.18414,5.23689,3.921e-04,0.722,0.210,29441
1394,5.27904,5.23689,3.919e-04,0.702,0.210,29426
1395,5.16098,5.23689,3.916e-04,0.720,0.224,29408
1396,5.05574,5.23689,3.913e-04,0.776,0.227,29445
1397,5.07869,5.23689,3.910e-04,0.723,0.221,29427
1398,5.21702,5.23689,3.907e-04,0.773,0.212,29441
1399,5.14382,5.23689,3.904e-04,0.735,0.249,29413
1400,5.20461,5.23689,3.901e-04,0.751,0.202,29443
1401,5.18224,5.23689,3.898e-04,0.733,0.236,29394
1402,5.28311,5.23689,3.895e-04,0.641,0.183,29408
1403,5.26157,5.23689,3.892e-04,0.708,0.197,29410
1404,5.28945,5.23689,3.889e-04,0.689,0.186,29434
1405,5.15662,5.23689,3.886e-04,0.662,0.173,29422
1406,5.24748,5.23689,3.883e-04,0.719,0.175,29431
1407,5.12652,5.23689,3.880e-04,0.713,0.204,29436
1408,5.17964,5.23689,3.877e-04,0.746,0.218,29447
1409,5.11336,5.23689,3.874e-04,0.672,0.203,29433
1410,5.14467,5.23689,3.871e-04,0.724,0.235,29444
1411,5.25850,5.23689,3.868e-04,0.691,0.195,29400
1412,5.07817,5.23689,3.865e-04,0.679,0.219,29436
1413,5.21044,5.23689,3.862e-04,0.709,0.229,29435
1414,5.18723,5.23689,3.859e-04,0.646,0.179,29435
1415,5.16638,5.23689,3.856e-04,0.698,0.213,29447
1416,5.06965,5.23689,3.853e-04,0.663,0.200,29438
1417,5.25038,5.23689,3.850e-04,0.656,0.181,29409
1418,5.21716,5.23689,3.848e-04,0.636,0.180,29442
1419,5.09761,5.23689,3.845e-04,0.653,0.183,29400
1420,5.28636,5.23689,3.842e-04,0.656,0.170,29443
1421,5.18289,5.23689,3.839e-04,0.687,0.188,29358
1422,5.08330,5.23689,3.836e-04,0.654,0.170,29449
1423,5.04000,5.23689,3.833e-04,0.673,0.188,29419
1424,5.09358,5.23689,3.830e-04,0.657,0.173,29437
1425,5.25220,5.23689,3.827e-04,0.703,0.202,29412
1426,5.23065,5.23689,3.824e-04,0.681,0.187,29410
1427,5.19783,5.23689,3.821e-04,0.679,0.184,29433
1428,5.26056,5.23689,3.818e-04,0.640,0.179,29417
1429,5.15682,5.23689,3.815e-04,0.689,0.200,29407
1430,5.26011,5.23689,3.812e-04,0.684,0.178,29439
1431,4.82262,5.23689,3.809e-04,0.735,0.217,29440
1432,5.17174,5.23689,3.806e-04,0.757,0.219,29415
1433,5.31471,5.23689,3.803e-04,0.722,0.208,29409
1434,5.15199,5.23689,3.800e-04,0.781,0.226,29444
1435,5.20962,5.23689,3.797e-04,0.652,0.193,29427
1436,5.01838,5.23689,3.794e-04,0.683,0.181,29417
1437,5.34774,5.23689,3.791e-04,0.761,0.264,29439
1438,5.21820,5.23689,3.788e-04,0.727,0.183,29434
1439,5.05175,5.23689,3.785e-04,0.658,0.187,29428
1440,5.08621,5.23689,3.782e-04,0.728,0.198,29431
1441,5.16176,5.23689,3.779e-04,0.774,0.223,29381
1442,5.23916,5.23689,3.776e-04,0.787,0.199,29436
1443,4.95091,5.23689,3.773e-04,0.724,0.206,29441
1444,5.13248,5.23689,3.770e-04,0.685,0.200,29418
1445,5.14829,5.23689,3.767e-04,0.711,0.186,29446
1446,5.24552,5.23689,3.764e-04,0.763,0.231,29430
1447,5.22560,5.23689,3.761e-04,0.782,0.214,29431
1448,5.08367,5.23689,3.758e-04,0.704,0.215,29406
1449,5.06126,5.23689,3.755e-04,0.660,0.168,29401
1450,5.05240,5.23689,3.752e-04,0.809,0.287,29424
1451,5.18462,5.23689,3.749e-04,0.782,0.246,29463
1452,5.23794,5.23689,3.746e-04,0.681,0.176,29420
1453,5.06298,5.23689,3.743e-04,0.727,0.227,29411
1454,5.23948,5.23689,3.740e-04,0.666,0.180,29438
1455,5.11752,5.23689,3.737e-04,0.627,0.166,29407
1456,5.18554,5.23689,3.734e-04,0.716,0.211,29437
1457,5.24384,5.23689,3.731e-04,0.766,0.195,29428
1458,5.21797,5.23689,3.728e-04,0.682,0.195,29440
1459,5.23055,5.23689,3.725e-04,0.722,0.198,29431
1460,5.11354,5.23689,3.722e-04,0.684,0.181,29436
1461,5.17236,5.23689,3.719e-04,0.637,0.170,29369
1462,5.25018,5.23689,3.716e-04,0.697,0.202,29434
1463,5.29643,5.23689,3.713e-04,0.732,0.196,29432
1464,5.08299,5.23689,3.710e-04,0.725,0.227,29428
1465,5.14290,5.23689,3.707e-04,0.678,0.193,29415
1466,4.99725,5.23689,3.704e-04,0.705,0.197,29434
1467,5.23884,5.23689,3.701e-04,0.709,0.194,29443
1468,5.09276,5.23689,3.698e-04,0.712,0.191,29419
1469,5.13823,5.23689,3.695e-04,0.767,0.195,29431
1470,5.15189,5.23689,3.692e-04,0.744,0.188,29426
1471,5.13247,5.23689,3.689e-04,0.755,0.234,29443
1472,5.11711,5.23689,3.686e-04,0.742,0.207,29411
1473,5.01251,5.23689,3.683e-04,0.671,0.187,29445
1474,5.05320,5.23689,3.680e-04,0.737,0.189,29428
1475,5.29186,5.23689,3.677e-04,0.660,0.176,29417
1476,5.12746,5.23689,3.674e-04,0.671,0.197,29446
1477,5.21219,5.23689,3.671e-04,0.684,0.192,29405
1478,5.20933,5.23689,3.668e-04,0.678,0.174,29428
1479,5.14046,5.23689,3.665e-04,0.757,0.235,29432
1480,5.34761,5.23689,3.662e-04,0.795,0.190,29400
1481,5.35771,5.23689,3.659e-04,0.740,0.209,29381
1482,5.08100,5.23689,3.656e-04,0.939,0.257,29439
1483,4.96345,5.23689,3.653e-04,0.771,0.218,29420
1484,5.25194,5.23689,3.650e-04,0.936,0.232,29437
1485,5.02706,5.23689,3.647e-04,0.769,0.232,29414
1486,5.24811,5.23689,3.644e-04,0.826,0.220,29427
1487,5.16225,5.23689,3.641e-04,0.880,0.260,29432
1488,5.04508,5.23689,3.638e-04,0.715,0.191,29433
1489,5.23173,5.23689,3.635e-04,0.744,0.209,29447
1490,5.22461,5.23689,3.632e-04,0.717,0.178,29403
1491,5.10362,5.23689,3.629e-04,0.685,0.169,29451
1492,5.06705,5.23689,3.626e-04,0.697,0.177,29425
1493,5.25373,5.23689,3.623e-04,0.713,0.207,29453
1494,5.09721,5.23689,3.620e-04,0.706,0.185,29417
1495,5.16935,5.23689,3.617e-04,0.682,0.191,29413
1496,5.06951,5.23689,3.614e-04,0.768,0.222,29431
1497,5.30074,5.23689,3.611e-04,0.731,0.180,29434
1498,5.11271,5.23689,3.608e-04,0.741,0.205,29431
1499,5.25160,5.23689,3.605e-04,0.728,0.190,29413
1500,5.10805,5.10476,3.602e-04,0.708,0.183,8957
1501,5.13384,5.10476,3.599e-04,0.722,0.192,29744
1502,5.01556,5.10476,3.596e-04,0.700,0.193,29409
1503,5.20368,5.10476,3.593e-04,0.685,0.182,29437
1504,5.18931,5.10476,3.590e-04,0.725,0.196,29420
1505,5.30132,5.10476,3.587e-04,0.685,0.201,29431
1506,5.24555,5.10476,3.584e-04,0.745,0.217,29426
1507,5.07932,5.10476,3.581e-04,0.723,0.199,29409
1508,5.20165,5.10476,3.578e-04,0.747,0.216,29453
1509,5.05695,5.10476,3.575e-04,0.746,0.249,29419
1510,5.10864,5.10476,3.572e-04,0.746,0.202,29417
1511,4.91508,5.10476,3.569e-04,0.759,0.225,29447
1512,5.25504,5.10476,3.566e-04,0.688,0.166,29419
1513,5.26685,5.10476,3.563e-04,0.822,0.222,29430
1514,4.89842,5.10476,3.560e-04,0.735,0.206,29428
1515,5.33932,5.10476,3.557e-04,0.690,0.176,29435
1516,5.04449,5.10476,3.554e-04,0.689,0.190,29427
1517,5.27351,5.10476,3.551e-04,0.726,0.173,29443
1518,5.01441,5.10476,3.548e-04,0.666,0.207,29429
1519,5.12771,5.10476,3.545e-04,0.734,0.189,29411
1520,4.99643,5.10476,3.542e-04,0.656,0.197,29454
1521,5.20748,5.10476,3.539e-04,0.781,0.199,29363
1522,4.97112,5.10476,3.536e-04,0.846,0.320,29431
1523,4.94802,5.10476,3.533e-04,0.797,0.254,29400
1524,4.98678,5.10476,3.530e-04,0.809,0.292,29414
1525,5.04140,5.10476,3.527e-04,0.709,0.180,29441
1526,5.18453,5.10476,3.524e-04,0.748,0.225,29428
1527,4.97480,5.10476,3.521e-04,0.666,0.190,29416
1528,5.01875,5.10476,3.518e-04,0.773,0.204,29435
1529,4.93944,5.10476,3.515e-04,0.738,0.233,29432
1530,5.27653,5.10476,3.512e-04,0.858,0.227,29444
1531,5.19702,5.10476,3.509e-04,0.663,0.164,29425
1532,5.07503,5.10476,3.506e-04,0.725,0.207,29434
1533,5.18353,5.10476,3.503e-04,0.691,0.183,29435
1534,5.13428,5.10476,3.500e-04,0.809,0.191,29439
1535,5.08476,5.10476,3.497e-04,0.681,0.220,29405
1536,4.98193,5.10476,3.494e-04,0.764,0.208,29451
1537,5.26361,5.10476,3.491e-04,0.691,0.190,29434
1538,5.06839,5.10476,3.488e-04,0.731,0.226,29414
1539,5.08763,5.10476,3.485e-04,0.679,0.180,29454
1540,5.13868,5.10476,3.482e-04,0.723,0.186,29459
1541,5.23488,5.10476,3.479e-04,0.797,0.221,29379
1542,5.05806,5.10476,3.476e-04,0.728,0.187,29429
1543,5.17484,5.10476,3.473e-04,0.741,0.192,29409
1544,4.94665,5.10476,3.470e-04,0.777,0.232,29437
1545,5.08277,5.10476,3.467e-04,0.730,0.183,29440
1546,5.02412,5.10476,3.463e-04,0.671,0.171,29423
1547,5.01715,5.10476,3.460e-04,0.706,0.198,29425
1548,5.01792,5.10476,3.457e-04,0.748,0.231,29410
1549,5.21101,5.10476,3.454e-04,0.689,0.183,29428
1550,5.11320,5.10476,3.451e-04,0.683,0.220,29419
1551,5.18529,5.10476,3.448e-04,0.706,0.183,29417
1552,5.18725,5.10476,3.445e-04,0.719,0.193,29442
1553,5.06769,5.10476,3.442e-04,0.732,0.209,29404
1554,5.11401,5.10476,3.439e-04,0.770,0.221,29454
1555,5.04615,5.10476,3.436e-04,0.736,0.185,29423
1556,5.06966,5.10476,3.433e-04,0.764,0.206,29421
1557,5.12352,5.10476,3.430e-04,0.678,0.184,29414
1558,5.14317,5.10476,3.427e-04,0.740,0.204,29431
1559,5.12982,5.10476,3.424e-04,0.669,0.177,29430
1560,5.07045,5.10476,3.421e-04,0.701,0.172,29401
1561,5.01365,5.10476,3.418e-04,0.750,0.183,29395
1562,5.15319,5.10476,3.415e-04,0.726,0.205,29425
1563,5.07880,5.10476,3.412e-04,0.698,0.176,29438
1564,4.92691,5.10476,3.409e-04,0.724,0.222,29437
1565,5.06963,5.10476,3.406e-04,0.748,0.192,29433
1566,5.06780,5.10476,3.403e-04,0.743,0.224,29428
1567,5.07070,5.10476,3.400e-04,0.673,0.164,29423
1568,5.05210,5.10476,3.397e-04,0.750,0.191,29423
1569,5.08994,5.10476,3.394e-04,0.739,0.192,29428
1570,5.13489,5.10476,3.391e-04,0.752,0.190,29431
1571,5.02254,5.10476,3.388e-04,0.774,0.248,29414
1572,5.03000,5.10476,3.385e-04,0.784,0.203,29439
1573,5.12463,5.10476,3.382e-04,0.788,0.206,29412
1574,5.18048,5.10476,3.379e-04,0.702,0.187,29429
1575,5.16034,5.10476,3.376e-04,0.731,0.203,29426
1576,4.94389,5.10476,3.373e-04,0.725,0.205,29434
1577,5.16302,5.10476,3.370e-04,0.761,0.209,29438
1578,5.08148,5.10476,3.367e-04,0.742,0.194,29425
1579,5.08158,5.10476,3.364e-04,0.797,0.196,29431
1580,4.79094,5.10476,3.361e-04,0.695,0.196,29416
1581,5.02061,5.10476,3.358e-04,0.769,0.217,29392
1582,5.04524,5.10476,3.355e-04,0.735,0.187,29414
1583,4.95084,5.10476,3.351e-04,0.742,0.203,29447
1584,5.10317,5.10476,3.348e-04,0.774,0.210,29411
1585,5.07704,5.10476,3.345e-04,0.806,0.212,29425
1586,5.15699,5.10476,3.342e-04,0.744,0.193,29410
1587,4.98399,5.10476,3.339e-04,0.774,0.225,29450
1588,5.02287,5.10476,3.336e-04,0.758,0.197,29412
1589,5.05367,5.10476,3.333e-04,0.720,0.194,29440
1590,4.84005,5.10476,3.330e-04,0.724,0.209,29422
1591,5.17991,5.10476,3.327e-04,0.826,0.219,29443
1592,4.97939,5.10476,3.324e-04,0.689,0.178,29434
1593,5.19674,5.10476,3.321e-04,0.812,0.192,29416
1594,5.20632,5.10476,3.318e-04,0.683,0.186,29440
1595,5.03482,5.10476,3.315e-04,0.740,0.183,29403
1596,5.32794,5.10476,3.312e-04,0.689,0.173,29446
1597,5.00857,5.10476,3.309e-04,0.785,0.221,29420
1598,4.97203,5.10476,3.306e-04,0.682,0.177,29442
1599,5.14020,5.10476,3.303e-04,0.769,0.213,29425
1600,5.00984,5.10476,3.300e-04,0.754,0.205,29430
1601,5.01927,5.10476,3.297e-04,0.709,0.198,29359
1602,5.12064,5.10476,3.294e-04,0.785,0.210,29446
1603,5.16735,5.10476,3.291e-04,0.697,0.182,29437
1604,4.91076,5.10476,3.288e-04,0.716,0.208,29429
1605,4.94807,5.10476,3.285e-04,0.698,0.184,29415
1606,5.02887,5.10476,3.282e-04,0.736,0.206,29386
1607,5.25705,5.10476,3.279e-04,0.772,0.185,29437
1608,5.04242,5.10476,3.276e-04,0.798,0.200,29421
1609,5.17289,5.10476,3.273e-04,0.739,0.186,29418
1610,4.96384,5.10476,3.270e-04,0.781,0.225,29416
1611,5.02668,5.10476,3.267e-04,0.698,0.182,29456
1612,4.87525,5.10476,3.264e-04,0.710,0.213,29427
1613,5.20708,5.10476,3.261e-04,0.724,0.189,29433
1614,5.02423,5.10476,3.258e-04,0.720,0.199,29430
1615,4.91344,5.10476,3.255e-04,0.705,0.209,29415
1616,5.07328,5.10476,3.252e-04,0.717,0.184,29426
1617,5.05963,5.10476,3.249e-04,0.822,0.255,29438
1618,5.35704,5.10476,3.245e-04,0.762,0.188,29407
1619,4.83815,5.10476,3.242e-04,0.763,0.256,29419
1620,5.11875,5.10476,3.239e-04,0.731,0.181,29452
1621,5.13137,5.10476,3.236e-04,0.817,0.269,29363
1622,5.15410,5.10476,3.233e-04,0.707,0.183,29408
1623,5.18274,5.10476,3.230e-04,0.759,0.212,29448
1624,5.29278,5.10476,3.227e-04,0.814,0.212,29413
1625,5.05127,5.10476,3.224e-04,0.691,0.169,29435
1626,4.99080,5.10476,3.221e-04,0.711,0.186,29423
1627,5.03626,5.10476,3.218e-04,0.675,0.175,29438
1628,4.90187,5.10476,3.215e-04,0.688,0.176,29442
1629,5.15203,5.10476,3.212e-04,0.850,0.223,29428
1630,5.00840,5.10476,3.209e-04,0.718,0.197,29426
1631,5.01712,5.10476,3.206e-04,0.706,0.191,29434
1632,5.05193,5.10476,3.203e-04,0.721,0.198,29430
1633,5.19462,5.10476,3.200e-04,0.702,0.191,29423
1634,4.97945,5.10476,3.197e-04,0.772,0.217,29422
1635,5.15210,5.10476,3.194e-04,0.736,0.193,29403
1636,5.05929,5.10476,3.191e-04,0.717,0.193,29442
1637,5.12205,5.10476,3.188e-04,0.687,0.168,29416
1638,5.13967,5.10476,3.185e-04,0.701,0.167,29436
1639,5.11244,5.10476,3.182e-04,0.663,0.173,29398
1640,5.02248,5.10476,3.179e-04,0.718,0.182,29431
1641,5.25616,5.10476,3.176e-04,0.745,0.195,29405
1642,5.03785,5.10476,3.173e-04,0.721,0.176,29450
1643,5.00071,5.10476,3.170e-04,0.681,0.190,29422
1644,5.14100,5.10476,3.167e-04,0.762,0.222,29417
1645,5.17836,5.10476,3.164e-04,0.692,0.183,29423
1646,5.06055,5.10476,3.161e-04,0.783,0.187,29431
1647,4.96410,5.10476,3.158e-04,0.749,0.185,29421
1648,5.01624,5.10476,3.155e-04,0.713,0.177,29429
1649,4.84907,5.10476,3.152e-04,0.712,0.205,29434
1650,5.12064,5.10476,3.149e-04,0.736,0.177,29422
1651,5.05746,5.10476,3.146e-04,0.721,0.202,29444
1652,5.11915,5.10476,3.143e-04,0.674,0.175,29419
1653,5.15588,5.10476,3.140e-04,0.705,0.180,29417
1654,4.96362,5.10476,3.137e-04,0.786,0.198,29447
1655,4.94095,5.10476,3.133e-04,0.695,0.187,29426
1656,5.02730,5.10476,3.130e-04,0.705,0.172,29407
1657,5.17003,5.10476,3.127e-04,0.724,0.165,29442
1658,5.14127,5.10476,3.124e-04,0.741,0.195,29439
1659,5.18248,5.10476,3.121e-04,0.771,0.191,29429
1660,5.10449,5.10476,3.118e-04,0.766,0.201,29390
1661,5.03692,5.10476,3.115e-04,0.709,0.176,29383
1662,5.03619,5.10476,3.112e-04,0.679,0.176,29426
1663,5.20545,5.10476,3.109e-04,0.743,0.180,29414
1664,5.14667,5.10476,3.106e-04,0.783,0.207,29429
1665,5.03393,5.10476,3.103e-04,0.711,0.177,29414
1666,5.09482,5.10476,3.100e-04,0.754,0.200,29421
1667,5.24545,5.10476,3.097e-04,0.702,0.177,29430
1668,5.03523,5.10476,3.094e-04,0.717,0.187,29415
1669,5.11548,5.10476,3.091e-04,0.783,0.188,29433
1670,4.84868,5.10476,3.088e-04,0.712,0.194,29415
1671,5.13711,5.10476,3.085e-04,0.733,0.182,29430
1672,4.94974,5.10476,3.082e-04,0.725,0.205,29436
1673,5.01059,5.10476,3.079e-04,0.685,0.180,29402
1674,5.02143,5.10476,3.076e-04,0.731,0.205,29421
1675,5.26350,5.10476,3.073e-04,0.723,0.173,29446
1676,5.01802,5.10476,3.070e-04,0.745,0.202,29434
1677,5.03598,5.10476,3.067e-04,0.658,0.159,29426
1678,5.13044,5.10476,3.064e-04,0.712,0.189,29431
1679,5.21466,5.10476,3.061e-04,0.721,0.177,29440
1680,5.20450,5.10476,3.058e-04,0.717,0.184,29404
1681,5.12398,5.10476,3.055e-04,0.791,0.193,29397
1682,5.17598,5.10476,3.052e-04,0.738,0.198,29428
1683,5.00866,5.10476,3.049e-04,0.791,0.228,29399
1684,5.01699,5.10476,3.046e-04,0.753,0.214,29429
1685,4.88090,5.10476,3.043e-04,0.689,0.196,29419
1686,5.03050,5.10476,3.040e-04,0.724,0.206,29437
1687,4.82802,5.10476,3.037e-04,0.704,0.185,29406
1688,4.99342,5.10476,3.034e-04,0.703,0.178,29451
1689,5.08567,5.10476,3.031e-04,0.724,0.177,29429
1690,5.28539,5.10476,3.028e-04,0.854,0.187,29403
1691,4.91112,5.10476,3.025e-04,0.700,0.211,29425
1692,5.11483,5.10476,3.022e-04,0.725,0.194,29421
1693,5.11100,5.10476,3.019e-04,0.677,0.192,29420
1694,5.13786,5.10476,3.016e-04,0.740,0.196,29414
1695,5.17497,5.10476,3.013e-04,0.778,0.191,29445
1696,5.01652,5.10476,3.010e-04,0.779,0.232,29435
1697,5.01194,5.10476,3.007e-04,0.764,0.195,29422
1698,5.01902,5.10476,3.004e-04,0.797,0.215,29418
1699,5.17395,5.10476,3.001e-04,0.833,0.210,29429
1700,4.99839,5.10476,2.998e-04,0.755,0.201,29417
1701,5.17678,5.10476,2.995e-04,0.805,0.229,29382
1702,4.86988,5.10476,2.992e-04,0.781,0.230,29445
1703,5.17964,5.10476,2.989e-04,0.843,0.214,29415
1704,4.99348,5.10476,2.986e-04,0.724,0.205,29427
1705,5.08763,5.10476,2.983e-04,0.791,0.201,29444
1706,4.98490,5.10476,2.980e-04,0.786,0.237,29438
1707,5.21045,5.10476,2.977e-04,0.849,0.207,29423
1708,5.34339,5.10476,2.974e-04,0.710,0.178,29424
1709,4.98077,5.10476,2.971e-04,0.820,0.275,29446
1710,5.05963,5.10476,2.968e-04,0.710,0.176,29408
1711,5.05240,5.10476,2.965e-04,0.731,0.210,29414
1712,5.20171,5.10476,2.962e-04,0.730,0.213,29405
1713,5.13051,5.10476,2.959e-04,0.801,0.236,29430
1714,5.06562,5.10476,2.956e-04,0.733,0.182,29418
1715,4.94227,5.10476,2.953e-04,0.783,0.219,29411
1716,4.90707,5.10476,2.950e-04,0.736,0.195,29443
1717,5.12235,5.10476,2.947e-04,0.740,0.215,29443
1718,5.13961,5.10476,2.944e-04,0.820,0.197,29426
1719,5.07441,5.10476,2.941e-04,0.733,0.190,29415
1720,5.00108,5.10476,2.938e-04,0.696,0.183,29414
1721,5.05387,5.10476,2.935e-04,0.691,0.199,29388
1722,4.97841,5.10476,2.932e-04,0.911,0.282,29450
1723,5.12920,5.10476,2.929e-04,0.824,0.215,29412
1724,4.99357,5.10476,2.926e-04,0.716,0.178,29425
1725,5.04111,5.10476,2.923e-04,0.789,0.215,29431
1726,5.17169,5.10476,2.920e-04,0.687,0.165,29427
1727,5.08509,5.10476,2.917e-04,0.737,0.173,29419
1728,4.95836,5.10476,2.914e-04,0.699,0.169,29414
1729,5.00926,5.10476,2.911e-04,0.709,0.172,29430
1730,4.96904,5.10476,2.908e-04,0.690,0.179,29412
1731,4.95784,5.10476,2.905e-04,0.763,0.186,29441
1732,4.91323,5.10476,2.902e-04,0.697,0.181,29432
1733,5.04580,5.10476,2.899e-04,0.725,0.164,29445
1734,5.01380,5.10476,2.896e-04,0.764,0.189,29422
1735,5.06351,5.10476,2.893e-04,0.735,0.175,29427
1736,4.97002,5.10476,2.890e-04,0.700,0.184,29422
1737,5.09178,5.10476,2.887e-04,0.770,0.199,29420
1738,4.99940,5.10476,2.884e-04,0.720,0.192,29441
1739,5.00055,5.10476,2.881e-04,0.753,0.215,29438
1740,5.05729,5.10476,2.878e-04,0.690,0.164,29403
1741,4.96011,5.10476,2.875e-04,0.745,0.196,29389
1742,4.93788,5.10476,2.872e-04,0.682,0.164,29413
1743,5.03710,5.10476,2.869e-04,0.676,0.171,29446
1744,4.96201,5.10476,2.866e-04,0.673,0.171,29431
1745,4.94034,5.10476,2.863e-04,0.715,0.172,29417
1746,4.86897,5.10476,2.860e-04,0.739,0.196,29448
1747,4.93080,5.10476,2.857e-04,0.707,0.184,29405
1748,5.01803,5.10476,2.854e-04,0.740,0.187,29445
1749,5.22682,5.10476,2.851e-04,0.748,0.165,29425
1750,5.18406,4.99499,2.848e-04,0.821,0.230,8968
1751,5.09241,4.99499,2.845e-04,0.734,0.171,29746
1752,4.93870,4.99499,2.842e-04,0.756,0.204,29438
1753,5.23390,4.99499,2.839e-04,0.836,0.220,29443
1754,5.01874,4.99499,2.836e-04,0.908,0.261,29408
1755,4.97331,4.99499,2.833e-04,0.777,0.206,29431
1756,5.14076,4.99499,2.830e-04,0.765,0.220,29430
1757,4.91369,4.99499,2.827e-04,0.745,0.198,29432
1758,5.07519,4.99499,2.824e-04,0.769,0.207,29426
1759,4.99787,4.99499,2.821e-04,0.741,0.204,29348
1760,5.06428,4.99499,2.818e-04,0.807,0.204,29432
1761,4.97846,4.99499,2.815e-04,0.824,0.254,29387
1762,4.83379,4.99499,2.812e-04,0.798,0.188,29457
1763,4.94194,4.99499,2.809e-04,0.793,0.215,29431
1764,5.10025,4.99499,2.806e-04,0.800,0.186,29407
1765,5.01980,4.99499,2.803e-04,0.746,0.193,29413
1766,4.93990,4.99499,2.800e-04,0.754,0.171,29402
1767,5.04614,4.99499,2.797e-04,0.754,0.191,29439
1768,4.92926,4.99499,2.794e-04,0.721,0.170,29428
1769,5.02159,4.99499,2.791e-04,0.791,0.201,29430
1770,5.08845,4.99499,2.788e-04,0.782,0.182,29410
1771,4.93488,4.99499,2.785e-04,0.719,0.184,29412
1772,5.08865,4.99499,2.782e-04,0.798,0.186,29439
1773,4.85233,4.99499,2.779e-04,0.695,0.176,29435
1774,5.00526,4.99499,2.776e-04,0.740,0.194,29427
1775,5.09902,4.99499,2.773e-04,0.768,0.197,29442
1776,4.94009,4.99499,2.770e-04,0.740,0.198,29423
1777,4.98411,4.99499,2.767e-04,0.754,0.206,29448
1778,4.92514,4.99499,2.764e-04,0.743,0.199,29424
1779,5.14412,4.99499,2.761e-04,0.790,0.190,29432
1780,5.12148,4.99499,2.758e-04,0.869,0.204,29428
1781,4.99538,4.99499,2.755e-04,0.733,0.190,29375
1782,5.15128,4.99499,2.752e-04,0.857,0.215,29420
1783,4.98948,4.99499,2.750e-04,0.707,0.192,29451
1784,4.99426,4.99499,2.747e-04,0.762,0.230,29416
1785,5.07208,4.99499,2.744e-04,0.718,0.163,29412
1786,4.95376,4.99499,2.741e-04,0.738,0.188,29439
1787,4.95594,4.99499,2.738e-04,0.782,0.224,29428
1788,4.94683,4.99499,2.735e-04,0.727,0.176,29415
1789,5.09722,4.99499,2.732e-04,0.752,0.171,29434
1790,5.06156,4.99499,2.729e-04,0.744,0.194,29427
1791,5.13054,4.99499,2.726e-04,0.786,0.207,29441
1792,4.91672,4.99499,2.723e-04,0.802,0.186,29431
1793,5.10162,4.99499,2.720e-04,0.677,0.157,29437
1794,4.65709,4.99499,2.717e-04,0.704,0.198,29429
1795,5.03013,4.99499,2.714e-04,0.807,0.184,29391
1796,5.05807,4.99499,2.711e-04,0.718,0.167,29453
1797,4.90604,4.99499,2.708e-04,0.768,0.195,29401
1798,5.23048,4.99499,2.705e-04,0.757,0.172,29440
1799,5.00024,4.99499,2.702e-04,0.815,0.191,29427
1800,4.94960,4.99499,2.699e-04,0.783,0.197,29435
1801,4.81553,4.99499,2.696e-04,0.725,0.178,29391
1802,5.01992,4.99499,2.693e-04,0.694,0.167,29400
1803,5.08044,4.99499,2.690e-04,0.705,0.184,29415
1804,4.81953,4.99499,2.687e-04,0.743,0.219,29418
1805,5.21266,4.99499,2.684e-04,0.712,0.162,29439
1806,4.93266,4.99499,2.681e-04,0.831,0.236,29437
1807,5.03276,4.99499,2.679e-04,0.781,0.208,29411
1808,5.07937,4.99499,2.676e-04,0.854,0.236,29435
1809,4.87308,4.99499,2.673e-04,0.791,0.277,29411
1810,4.93808,4.99499,2.670e-04,0.782,0.196,29432
1811,4.94243,4.99499,2.667e-04,0.797,0.260,29448
1812,5.02929,4.99499,2.664e-04,0.755,0.202,29407
1813,5.13127,4.99499,2.661e-04,0.786,0.195,29442
1814,5.05043,4.99499,2.658e-04,0.831,0.254,29426
1815,5.04738,4.99499,2.655e-04,0.790,0.220,29421
1816,4.95969,4.99499,2.652e-04,0.783,0.233,29423
1817,4.97524,4.99499,2.649e-04,0.764,0.205,29425
1818,4.74592,4.99499,2.646e-04,0.943,0.288,29444
1819,5.03904,4.99499,2.643e-04,0.740,0.209,29407
1820,5.06600,4.99499,2.640e-04,0.872,0.254,29416
1821,4.98361,4.99499,2.637e-04,0.711,0.196,29381
1822,4.82877,4.99499,2.634e-04,0.717,0.180,29440
1823,4.99432,4.99499,2.631e-04,0.823,0.224,29445
1824,4.99990,4.99499,2.629e-04,0.809,0.222,29417
1825,4.99490,4.99499,2.626e-04,0.791,0.185,29431
1826,4.85261,4.99499,2.623e-04,0.716,0.170,29419
1827,4.91572,4.99499,2.620e-04,0.769,0.206,29414
1828,4.79430,4.99499,2.617e-04,0.726,0.214,29436
1829,5.06623,4.99499,2.614e-04,0.708,0.188,29429
1830,5.04412,4.99499,2.611e-04,0.745,0.190,29436
1831,5.05170,4.99499,2.608e-04,0.753,0.185,29420
1832,5.10048,4.99499,2.605e-04,0.828,0.194,29403
1833,5.01202,4.99499,2.602e-04,0.735,0.180,29444
1834,5.02725,4.99499,2.599e-04,0.784,0.186,29436
1835,4.97363,4.99499,2.596e-04,0.769,0.196,29424
1836,5.00824,4.99499,2.593e-04,0.783,0.192,29427
1837,5.14931,4.99499,2.590e-04,0.809,0.213,29456
1838,4.81028,4.99499,2.588e-04,0.760,0.191,29415
1839,5.02375,4.99499,2.585e-04,0.756,0.186,29416
1840,5.00497,4.99499,2.582e-04,0.848,0.257,29412
1841,4.91987,4.99499,2.579e-04,0.832,0.205,29373
1842,4.97916,4.99499,2.576e-04,0.735,0.205,29444
1843,5.13670,4.99499,2.573e-04,0.789,0.222,29448
1844,4.83878,4.99499,2.570e-04,0.739,0.211,29411
1845,4.93579,4.99499,2.567e-04,0.829,0.239,29432
1846,5.07301,4.99499,2.564e-04,0.688,0.178,29435
1847,4.97840,4.99499,2.561e-04,0.830,0.212,29424
1848,4.86183,4.99499,2.558e-04,0.801,0.243,29414
1849,4.78707,4.99499,2.555e-04,0.747,0.197,29449
1850,4.98631,4.99499,2.553e-04,0.785,0.204,29418
1851,4.91927,4.99499,2.550e-04,0.811,0.205,29414
1852,4.96771,4.99499,2.547e-04,0.761,0.184,29427
1853,5.01691,4.99499,2.544e-04,0.735,0.188,29392
1854,5.04308,4.99499,2.541e-04,0.723,0.172,29442
1855,4.91820,4.99499,2.538e-04,0.749,0.173,29417
1856,5.03119,4.99499,2.535e-04,0.874,0.202,29428
1857,5.14281,4.99499,2.532e-04,0.813,0.188,29412
1858,4.96298,4.99499,2.529e-04,0.844,0.197,29432
1859,4.84366,4.99499,2.526e-04,0.815,0.192,29449
1860,5.04799,4.99499,2.523e-04,0.791,0.204,29424
1861,4.91573,4.99499,2.521e-04,0.770,0.186,29374
1862,4.89046,4.99499,2.518e-04,0.754,0.210,29429
1863,4.78104,4.99499,2.515e-04,0.736,0.187,29454
1864,4.99156,4.99499,2.512e-04,0.711,0.172,29417
1865,5.03576,4.99499,2.509e-04,0.740,0.205,29428
1866,4.98909,4.99499,2.506e-04,0.770,0.210,29439
1867,4.92331,4.99499,2.503e-04,0.761,0.196,29443
1868,4.85955,4.99499,2.500e-04,0.695,0.188,29437
1869,4.93348,4.99499,2.497e-04,0.717,0.185,29420
1870,4.87986,4.99499,2.495e-04,0.782,0.192,29441
1871,5.07188,4.99499,2.492e-04,0.700,0.171,29449
1872,5.12500,4.99499,2.489e-04,0.731,0.185,29417
1873,4.77132,4.99499,2.486e-04,0.725,0.186,29397
1874,5.01474,4.99499,2.483e-04,0.797,0.191,29437
1875,5.03016,4.99499,2.480e-04,0.829,0.197,29426
1876,5.07341,4.99499,2.477e-04,0.756,0.176,29426
1877,4.95275,4.99499,2.474e-04,0.727,0.178,29417
1878,4.86178,4.99499,2.471e-04,0.783,0.199,29453
1879,4.98528,4.99499,2.469e-04,0.698,0.179,29421
1880,4.96999,4.99499,2.466e-04,0.752,0.168,29440
1881,4.81423,4.99499,2.463e-04,0.746,0.193,29407
1882,5.01063,4.99499,2.460e-04,0.758,0.179,29446
1883,5.16059,4.99499,2.457e-04,0.740,0.179,29441
1884,4.66006,4.99499,2.454e-04,0.788,0.212,29436
1885,5.07716,4.99499,2.451e-04,0.832,0.225,29420
1886,4.98704,4.99499,2.448e-04,0.744,0.177,29433
1887,5.08923,4.99499,2.446e-04,0.768,0.198,29456
1888,4.70199,4.99499,2.443e-04,0.772,0.200,29411
1889,4.76364,4.99499,2.440e-04,0.783,0.204,29448
1890,5.00677,4.99499,2.437e-04,0.787,0.180,29415
1891,4.64289,4.99499,2.434e-04,0.690,0.171,29441
1892,4.83803,4.99499,2.431e-04,0.794,0.195,29443
1893,4.97859,4.99499,2.428e-04,0.854,0.204,29410
1894,5.18427,4.99499,2.425e-04,0.803,0.182,29431
1895,4.93118,4.99499,2.423e-04,0.762,0.177,29438
1896,4.86168,4.99499,2.420e-04,0.820,0.188,29455
1897,4.84092,4.99499,2.417e-04,0.786,0.183,29392
1898,4.95763,4.99499,2.414e-04,0.741,0.187,29435
1899,5.03135,4.99499,2.411e-04,0.803,0.188,29440
1900,4.89326,4.99499,2.408e-04,0.758,0.177,29429
1901,4.84207,4.99499,2.405e-04,0.698,0.171,29381
1902,4.83533,4.99499,2.403e-04,0.733,0.175,29442
1903,4.77637,4.99499,2.400e-04,0.808,0.203,29413
1904,4.97553,4.99499,2.397e-04,0.828,0.207,29437
1905,4.89546,4.99499,2.394e-04,0.767,0.180,29426
1906,5.09187,4.99499,2.391e-04,0.795,0.185,29428
1907,4.93287,4.99499,2.388e-04,0.749,0.186,29437
1908,4.82406,4.99499,2.385e-04,0.728,0.188,29427
1909,5.07725,4.99499,2.383e-04,0.783,0.211,29425
1910,4.76727,4.99499,2.380e-04,0.791,0.194,29420
1911,4.93338,4.99499,2.377e-04,0.727,0.174,29415
1912,5.00510,4.99499,2.374e-04,0.771,0.183,29426
1913,5.15176,4.99499,2.371e-04,0.755,0.186,29434
1914,4.74744,4.99499,2.368e-04,0.833,0.209,29407
1915,4.96722,4.99499,2.365e-04,0.718,0.185,29438
1916,4.93010,4.99499,2.363e-04,0.786,0.196,29437
1917,5.08232,4.99499,2.360e-04,0.762,0.178,29447
1918,4.94320,4.99499,2.357e-04,0.743,0.163,29415
1919,4.83471,4.99499,2.354e-04,0.768,0.192,29431
1920,4.96785,4.99499,2.351e-04,0.774,0.175,29410
1921,4.90459,4.99499,2.348e-04,0.737,0.171,29378
1922,4.91013,4.99499,2.346e-04,0.781,0.192,29414
1923,5.05297,4.99499,2.343e-04,0.819,0.200,29425
1924,4.97315,4.99499,2.340e-04,0.714,0.157,29439
1925,5.00673,4.99499,2.337e-04,0.796,0.199,29423
1926,4.90756,4.99499,2.334e-04,0.706,0.172,29422
1927,4.91486,4.99499,2.331e-04,0.774,0.184,29400
1928,4.91325,4.99499,2.329e-04,0.699,0.174,29423
1929,5.03069,4.99499,2.326e-04,0.783,0.178,29428
1930,4.89060,4.99499,2.323e-04,0.736,0.179,29445
1931,4.94557,4.99499,2.320e-04,0.775,0.193,29407
1932,5.10648,4.99499,2.317e-04,0.834,0.188,29431
1933,4.99827,4.99499,2.315e-04,0.765,0.200,29435
1934,4.91343,4.99499,2.312e-04,0.761,0.193,29417
1935,4.96497,4.99499,2.309e-04,0.809,0.184,29425
1936,4.88298,4.99499,2.306e-04,0.725,0.192,29427
1937,5.08988,4.99499,2.303e-04,0.813,0.212,29448
1938,4.87424,4.99499,2.300e-04,0.703,0.162,29409
1939,4.98219,4.99499,2.298e-04,0.740,0.174,29439
1940,4.74855,4.99499,2.295e-04,0.749,0.186,29428
1941,4.79374,4.99499,2.292e-04,0.743,0.180,29400
1942,5.03442,4.99499,2.289e-04,0.794,0.186,29430
1943,4.97867,4.99499,2.286e-04,0.853,0.214,29427
1944,4.77333,4.99499,2.284e-04,0.816,0.210,29430
1945,4.98813,4.99499,2.281e-04,0.808,0.186,29433
1946,4.85953,4.99499,2.278e-04,0.823,0.206,29415
1947,5.13978,4.99499,2.275e-04,0.798,0.195,29417
1948,4.88373,4.99499,2.272e-04,0.810,0.242,29443
1949,5.03167,4.99499,2.270e-04,0.883,0.204,29437
1950,4.87183,4.99499,2.267e-04,0.856,0.204,29416
1951,4.89847,4.99499,2.264e-04,0.872,0.252,29419
1952,4.90557,4.99499,2.261e-04,0.824,0.197,29452
1953,5.08651,4.99499,2.258e-04,0.829,0.180,29443
1954,4.95311,4.99499,2.256e-04,0.796,0.207,29432
1955,4.95982,4.99499,2.253e-04,0.792,0.183,29427
1956,4.91318,4.99499,2.250e-04,0.848,0.209,29437
1957,4.84486,4.99499,2.247e-04,0.779,0.215,29440
1958,4.84231,4.99499,2.244e-04,0.770,0.166,29411
1959,4.98403,4.99499,2.242e-04,0.821,0.179,29445
1960,5.09816,4.99499,2.239e-04,0.822,0.186,29402
1961,4.78539,4.99499,2.236e-04,0.839,0.216,29380
1962,4.91495,4.99499,2.233e-04,0.802,0.182,29421
1963,4.97050,4.99499,2.230e-04,0.756,0.173,29436
1964,5.00324,4.99499,2.228e-04,0.804,0.190,29429
1965,4.90922,4.99499,2.225e-04,0.777,0.187,29443
1966,4.77751,4.99499,2.222e-04,0.837,0.259,29417
1967,5.03755,4.99499,2.219e-04,0.740,0.187,29424
1968,4.89401,4.99499,2.217e-04,0.787,0.185,29435
1969,4.78239,4.99499,2.214e-04,0.956,0.315,29423
1970,4.82005,4.99499,2.211e-04,0.747,0.187,29445
1971,4.84022,4.99499,2.208e-04,0.784,0.207,29434
1972,4.91962,4.99499,2.206e-04,0.804,0.200,29411
1973,4.84833,4.99499,2.203e-04,0.776,0.233,29453
1974,4.92938,4.99499,2.200e-04,0.792,0.189,29419
1975,5.09489,4.99499,2.197e-04,0.832,0.210,29447
1976,5.17784,4.99499,2.194e-04,0.790,0.182,29455
1977,4.75935,4.99499,2.192e-04,0.798,0.225,29423
1978,4.90402,4.99499,2.189e-04,0.866,0.203,29453
1979,4.80575,4.99499,2.186e-04,0.813,0.252,29405
1980,4.84347,4.99499,2.183e-04,0.833,0.208,29455
1981,4.93119,4.99499,2.181e-04,0.797,0.218,29358
1982,4.97203,4.99499,2.178e-04,0.904,0.238,29432
1983,4.85397,4.99499,2.175e-04,0.775,0.187,29439
1984,5.10117,4.99499,2.172e-04,0.795,0.215,29418
1985,4.95183,4.99499,2.170e-04,0.788,0.180,29446
1986,5.00094,4.99499,2.167e-04,0.720,0.168,29432
1987,4.91284,4.99499,2.164e-04,0.765,0.187,29433
1988,4.92976,4.99499,2.161e-04,0.764,0.198,29421
1989,4.96531,4.99499,2.159e-04,0.757,0.173,29432
1990,4.93664,4.99499,2.156e-04,0.755,0.190,29418
1991,4.81569,4.99499,2.153e-04,0.710,0.161,29442
1992,4.86434,4.99499,2.150e-04,0.756,0.179,29424
1993,4.85060,4.99499,2.148e-04,0.800,0.184,29434
1994,4.83864,4.99499,2.145e-04,0.874,0.237,29408
1995,4.86912,4.99499,2.142e-04,0.787,0.177,29418
1996,5.12276,4.99499,2.139e-04,0.791,0.206,29440
1997,4.88755,4.99499,2.137e-04,0.766,0.193,29422
1998,5.04461,4.99499,2.134e-04,0.757,0.181,29429
1999,4.95024,4.99499,2.131e-04,0.824,0.202,29431
2000,5.06756,4.90392,2.129e-04,0.760,0.185,8960
2001,4.90690,4.90392,2.126e-04,0.747,0.178,29746
2002,4.88795,4.90392,2.123e-04,0.753,0.186,29440
2003,4.80552,4.90392,2.120e-04,0.769,0.183,29423
2004,4.99025,4.90392,2.118e-04,0.741,0.164,29433
2005,5.01184,4.90392,2.115e-04,0.812,0.179,29443
2006,5.06093,4.90392,2.112e-04,0.774,0.175,29409
2007,5.01189,4.90392,2.109e-04,0.767,0.177,29459
2008,4.85401,4.90392,2.107e-04,0.797,0.179,29437
2009,4.80088,4.90392,2.104e-04,0.769,0.197,29448
2010,4.95462,4.90392,2.101e-04,0.794,0.187,29409
2011,4.91013,4.90392,2.099e-04,0.729,0.174,29430
2012,4.72193,4.90392,2.096e-04,0.781,0.194,29425
2013,4.88738,4.90392,2.093e-04,0.782,0.178,29416
2014,4.97907,4.90392,2.090e-04,0.783,0.174,29428
2015,4.90056,4.90392,2.088e-04,0.731,0.176,29415
2016,4.91707,4.90392,2.085e-04,0.788,0.178,29426
2017,4.89053,4.90392,2.082e-04,0.851,0.214,29437
2018,4.79738,4.90392,2.080e-04,0.740,0.185,29431
2019,4.96310,4.90392,2.077e-04,0.766,0.179,29432
2020,4.97640,4.90392,2.074e-04,0.800,0.203,29425
2021,4.84171,4.90392,2.072e-04,0.725,0.161,29392
2022,4.84618,4.90392,2.069e-04,0.788,0.184,29442
2023,4.95161,4.90392,2.066e-04,0.800,0.193,29437
2024,4.85371,4.90392,2.063e-04,0.754,0.168,29433
2025,4.65290,4.90392,2.061e-04,0.742,0.192,29452
2026,4.89890,4.90392,2.058e-04,0.773,0.191,29415
2027,5.01483,4.90392,2.055e-04,0.761,0.173,29409
2028,4.95966,4.90392,2.053e-04,0.771,0.181,29416
2029,4.71912,4.90392,2.050e-04,0.726,0.165,29436
2030,4.92985,4.90392,2.047e-04,0.815,0.207,29446
2031,4.97723,4.90392,2.045e-04,0.765,0.183,29424
2032,4.92170,4.90392,2.042e-04,0.832,0.206,29428
2033,4.82249,4.90392,2.039e-04,0.745,0.164,29411
2034,4.85714,4.90392,2.037e-04,0.785,0.223,29439
2035,4.88261,4.90392,2.034e-04,0.770,0.181,29421
2036,4.77233,4.90392,2.031e-04,0.803,0.215,29428
2037,4.93400,4.90392,2.029e-04,0.740,0.170,29422
2038,4.94028,4.90392,2.026e-04,0.717,0.162,29449
2039,4.87827,4.90392,2.023e-04,0.795,0.184,29417
2040,5.07917,4.90392,2.021e-04,0.803,0.187,29414
2041,4.63476,4.90392,2.018e-04,0.808,0.203,29385
2042,4.75431,4.90392,2.015e-04,0.758,0.180,29426
2043,4.98264,4.90392,2.013e-04,0.808,0.186,29422
2044,4.87073,4.90392,2.010e-04,0.805,0.196,29424
2045,5.04720,4.90392,2.007e-04,0.805,0.181,29434
2046,4.79469,4.90392,2.005e-04,0.794,0.182,29422
2047,4.87363,4.90392,2.002e-04,0.787,0.212,29449
2048,5.00854,4.90392,1.999e-04,0.822,0.176,29427
2049,4.85096,4.90392,1.997e-04,0.781,0.180,29416
2050,4.96056,4.90392,1.994e-04,0.786,0.183,29434
2051,4.88528,4.90392,1.991e-04,0.890,0.236,29430
2052,4.92365,4.90392,1.989e-04,0.771,0.189,29409
2053,4.86040,4.90392,1.986e-04,0.734,0.202,29453
2054,4.61575,4.90392,1.983e-04,0.792,0.206,29415
2055,4.94070,4.90392,1.981e-04,0.775,0.175,29445
2056,5.00818,4.90392,1.978e-04,0.776,0.189,29412
2057,4.86208,4.90392,1.975e-04,0.799,0.216,29441
2058,4.85888,4.90392,1.973e-04,0.819,0.182,29411
2059,5.03619,4.90392,1.970e-04,0.759,0.176,29437
2060,4.84621,4.90392,1.968e-04,0.781,0.188,29430
2061,4.97157,4.90392,1.965e-04,0.781,0.181,29367
2062,4.81781,4.90392,1.962e-04,0.734,0.162,29442
2063,4.85739,4.90392,1.960e-04,0.764,0.182,29464
2064,4.72880,4.90392,1.957e-04,0.836,0.192,29434
2065,4.95620,4.90392,1.954e-04,0.789,0.174,29421
2066,4.89288,4.90392,1.952e-04,0.794,0.165,29421
2067,5.04929,4.90392,1.949e-04,0.815,0.189,29440
2068,4.74313,4.90392,1.947e-04,0.835,0.190,29437
2069,4.83080,4.90392,1.944e-04,0.730,0.172,29422
2070,4.68253,4.90392,1.941e-04,0.767,0.181,29407
2071,4.71411,4.90392,1.939e-04,0.789,0.176,29443
2072,4.84928,4.90392,1.936e-04,0.758,0.170,29430
2073,4.90983,4.90392,1.933e-04,0.763,0.181,29418
2074,4.78664,4.90392,1.931e-04,0.793,0.182,29422
2075,4.94051,4.90392,1.928e-04,0.755,0.170,29448
2076,4.93549,4.90392,1.926e-04,0.739,0.164,29430
2077,4.89743,4.90392,1.923e-04,0.764,0.185,29412
2078,5.00676,4.90392,1.920e-04,0.817,0.183,29433
2079,5.03137,4.90392,1.918e-04,0.747,0.165,29431
2080,4.96021,4.90392,1.915e-04,0.805,0.191,29434
2081,4.85288,4.90392,1.913e-04,0.836,0.188,29367
2082,4.77892,4.90392,1.910e-04,0.794,0.191,29438
2083,4.78513,4.90392,1.907e-04,0.861,0.189,29412
2084,4.82138,4.90392,1.905e-04,0.741,0.171,29445
2085,4.81016,4.90392,1.902e-04,0.824,0.185,29411
2086,4.85709,4.90392,1.900e-04,0.851,0.203,29416
2087,5.09553,4.90392,1.897e-04,0.797,0.172,29402
2088,4.95028,4.90392,1.894e-04,0.777,0.185,29413
2089,4.88016,4.90392,1.892e-04,0.765,0.178,29443
2090,5.02855,4.90392,1.889e-04,0.784,0.187,29375
2091,4.88256,4.90392,1.887e-04,0.829,0.190,29419
2092,4.80840,4.90392,1.884e-04,0.722,0.179,29411
2093,4.92253,4.90392,1.882e-04,0.794,0.202,29450
2094,4.97913,4.90392,1.879e-04,0.743,0.168,29415
2095,4.86184,4.90392,1.876e-04,0.808,0.196,29439
2096,4.85686,4.90392,1.874e-04,0.765,0.174,29436
2097,4.98431,4.90392,1.871e-04,0.803,0.165,29419
2098,4.85651,4.90392,1.869e-04,0.883,0.209,29434
2099,4.92562,4.90392,1.866e-04,0.774,0.172,29422
2100,4.92322,4.90392,1.864e-04,0.803,0.169,29450
2101,4.94959,4.90392,1.861e-04,0.798,0.201,29386
2102,4.83141,4.90392,1.858e-04,0.839,0.197,29420
2103,4.90799,4.90392,1.856e-04,0.819,0.187,29442
2104,4.86224,4.90392,1.853e-04,0.828,0.196,29425
2105,4.90702,4.90392,1.851e-04,0.842,0.204,29434
2106,4.74883,4.90392,1.848e-04,0.818,0.203,29429
2107,4.89709,4.90392,1.846e-04,0.791,0.191,29434
2108,4.91602,4.90392,1.843e-04,0.812,0.203,29417
2109,4.66475,4.90392,1.841e-04,0.852,0.259,29438
2110,4.84758,4.90392,1.838e-04,0.797,0.184,29417
2111,4.80305,4.90392,1.835e-04,0.763,0.196,29429
2112,4.85251,4.90392,1.833e-04,0.799,0.224,29420
2113,4.73166,4.90392,1.830e-04,0.816,0.207,29429
2114,4.65368,4.90392,1.828e-04,0.792,0.190,29432
2115,4.94883,4.90392,1.825e-04,0.782,0.172,29432
2116,5.03414,4.90392,1.823e-04,0.774,0.191,29422
2117,4.97945,4.90392,1.820e-04,0.771,0.186,29455
2118,4.93321,4.90392,1.818e-04,0.771,0.192,29414
2119,4.87194,4.90392,1.815e-04,0.790,0.190,29420
2120,4.97214,4.90392,1.813e-04,0.819,0.177,29421
2121,4.94372,4.90392,1.810e-04,0.764,0.177,29384
2122,4.99150,4.90392,1.808e-04,0.758,0.167,29441
2123,5.05104,4.90392,1.805e-04,0.828,0.169,29429
2124,4.87195,4.90392,1.802e-04,0.768,0.168,29422
2125,4.97570,4.90392,1.800e-04,0.863,0.186,29444
2126,4.88608,4.90392,1.797e-04,0.764,0.165,29419
2127,4.86046,4.90392,1.795e-04,0.854,0.190,29431
2128,5.07940,4.90392,1.792e-04,0.763,0.165,29434
2129,4.74503,4.90392,1.790e-04,0.827,0.219,29425
2130,4.58691,4.90392,1.787e-04,0.826,0.187,29446
2131,4.81876,4.90392,1.785e-04,0.835,0.185,29438
2132,4.65729,4.90392,1.782e-04,0.715,0.165,29426
2133,4.72401,4.90392,1.780e-04,0.796,0.179,29429
2134,4.82030,4.90392,1.777e-04,0.762,0.173,29431
2135,4.87977,4.90392,1.775e-04,0.776,0.181,29427
2136,4.84978,4.90392,1.772e-04,0.853,0.199,29428
2137,4.83062,4.90392,1.770e-04,0.753,0.167,29426
2138,4.96172,4.90392,1.767e-04,0.730,0.176,29425
2139,5.05035,4.90392,1.765e-04,0.746,0.182,29433
2140,4.93579,4.90392,1.762e-04,0.818,0.172,29413
2141,5.00072,4.90392,1.760e-04,0.802,0.178,29380
2142,4.66010,4.90392,1.757e-04,0.766,0.187,29430
2143,5.01359,4.90392,1.755e-04,0.806,0.173,29431
2144,4.97847,4.90392,1.752e-04,0.838,0.190,29423
2145,4.72191,4.90392,1.750e-04,0.795,0.191,29415
2146,4.67577,4.90392,1.747e-04,0.748,0.186,29415
2147,4.78570,4.90392,1.745e-04,0.867,0.205,29427
2148,5.04875,4.90392,1.743e-04,0.782,0.189,29412
2149,4.73875,4.90392,1.740e-04,0.769,0.181,29424
2150,4.80545,4.90392,1.738e-04,0.932,0.241,29425
2151,4.95163,4.90392,1.735e-04,0.846,0.191,29434
2152,4.79831,4.90392,1.733e-04,0.803,0.179,29428
2153,4.83317,4.90392,1.730e-04,0.893,0.199,29433
2154,4.77569,4.90392,1.728e-04,0.792,0.193,29419
2155,4.82067,4.90392,1.725e-04,0.973,0.247,29443
2156,4.95850,4.90392,1.723e-04,0.775,0.197,29415
2157,4.88364,4.90392,1.720e-04,0.836,0.217,29436
2158,4.82923,4.90392,1.718e-04,0.813,0.192,29432
2159,4.83294,4.90392,1.715e-04,0.820,0.185,29423
2160,4.92538,4.90392,1.713e-04,0.897,0.238,29419
2161,4.90768,4.90392,1.711e-04,0.798,0.179,29380
2162,4.85592,4.90392,1.708e-04,0.726,0.164,29424
2163,4.68822,4.90392,1.706e-04,0.807,0.198,29451
2164,4.91307,4.90392,1.703e-04,0.797,0.204,29437
2165,4.87183,4.90392,1.701e-04,0.743,0.156,29433
2166,5.10521,4.90392,1.698e-04,0.773,0.183,29425
2167,4.86945,4.90392,1.696e-04,0.759,0.189,29413
2168,4.98079,4.90392,1.693e-04,0.789,0.175,29441
2169,4.85793,4.90392,1.691e-04,0.717,0.161,29418
2170,4.90240,4.90392,1.689e-04,0.780,0.169,29430
2171,4.95854,4.90392,1.686e-04,0.781,0.189,29419
2172,4.90550,4.90392,1.684e-04,0.778,0.168,29438
2173,4.68010,4.90392,1.681e-04,0.812,0.187,29418
2174,5.05711,4.90392,1.679e-04,0.741,0.163,29414
2175,4.84416,4.90392,1.676e-04,0.788,0.178,29429
2176,4.97130,4.90392,1.674e-04,0.778,0.168,29460
2177,4.76203,4.90392,1.672e-04,0.746,0.184,29437
2178,4.98611,4.90392,1.669e-04,0.721,0.166,29425
2179,5.01296,4.90392,1.667e-04,0.732,0.161,29433
2180,4.84080,4.90392,1.664e-04,0.804,0.174,29398
2181,4.92048,4.90392,1.662e-04,0.740,0.173,29389
2182,5.01021,4.90392,1.660e-04,0.763,0.174,29417
2183,4.93407,4.90392,1.657e-04,0.798,0.205,29443
2184,4.87934,4.90392,1.655e-04,0.775,0.189,29440
2185,4.58932,4.90392,1.652e-04,0.958,0.231,29409
2186,4.73022,4.90392,1.650e-04,0.786,0.177,29431
2187,4.86376,4.90392,1.648e-04,0.779,0.175,29425
2188,4.87015,4.90392,1.645e-04,0.828,0.203,29431
2189,4.98846,4.90392,1.643e-04,0.807,0.193,29405
2190,4.91458,4.90392,1.640e-04,0.767,0.173,29434
2191,4.87227,4.90392,1.638e-04,0.913,0.269,29416
2192,4.86979,4.90392,1.636e-04,0.769,0.185,29438
2193,4.89969,4.90392,1.633e-04,0.795,0.212,29403
2194,4.91198,4.90392,1.631e-04,0.880,0.253,29400
2195,4.84721,4.90392,1.628e-04,0.753,0.185,29446
2196,4.88232,4.90392,1.626e-04,0.813,0.194,29395
2197,4.87024,4.90392,1.624e-04,0.833,0.209,29445
2198,4.78791,4.90392,1.621e-04,0.816,0.207,29419
2199,4.81581,4.90392,1.619e-04,0.813,0.200,29425
2200,4.86844,4.90392,1.617e-04,0.841,0.226,29439
2201,5.13313,4.90392,1.614e-04,0.875,0.215,29370
2202,4.82401,4.90392,1.612e-04,0.899,0.210,29423
2203,4.76574,4.90392,1.609e-04,0.869,0.228,29411
2204,4.70460,4.90392,1.607e-04,0.775,0.179,29410
2205,4.96070,4.90392,1.605e-04,0.813,0.179,29411
2206,4.82861,4.90392,1.602e-04,0.820,0.205,29420
2207,4.96191,4.90392,1.600e-04,0.749,0.163,29446
2208,4.89342,4.90392,1.598e-04,0.805,0.176,29409
2209,5.01483,4.90392,1.595e-04,0.756,0.169,29397
2210,4.63064,4.90392,1.593e-04,0.775,0.174,29432
2211,4.85589,4.90392,1.591e-04,0.771,0.176,29419
2212,4.94801,4.90392,1.588e-04,0.781,0.191,29435
2213,4.62808,4.90392,1.586e-04,0.900,0.207,29406
2214,4.78264,4.90392,1.584e-04,0.805,0.177,29435
2215,4.71532,4.90392,1.581e-04,0.848,0.217,29421
2216,4.72305,4.90392,1.579e-04,0.783,0.169,29409
2217,4.74590,4.90392,1.577e-04,0.770,0.164,29417
2218,4.75713,4.90392,1.574e-04,0.719,0.159,29420
2219,4.66104,4.90392,1.572e-04,0.724,0.175,29420
2220,4.90500,4.90392,1.570e-04,0.801,0.167,29438
2221,4.84542,4.90392,1.567e-04,0.798,0.168,29370
2222,4.86108,4.90392,1.565e-04,0.741,0.169,29409
2223,4.76563,4.90392,1.563e-04,0.735,0.161,29430
2224,4.95252,4.90392,1.560e-04,0.760,0.173,29423
2225,4.65606,4.90392,1.558e-04,0.769,0.170,29441
2226,4.86383,4.90392,1.556e-04,0.810,0.176,29425
2227,4.88839,4.90392,1.553e-04,0.804,0.191,29396
2228,4.61582,4.90392,1.551e-04,0.781,0.180,29447
2229,4.84219,4.90392,1.549e-04,0.814,0.180,29407
2230,4.77209,4.90392,1.546e-04,0.778,0.186,29433
2231,4.80438,4.90392,1.544e-04,0.786,0.169,29434
2232,4.83478,4.90392,1.542e-04,0.757,0.177,29435
2233,4.96159,4.90392,1.540e-04,0.829,0.195,29409
2234,4.87138,4.90392,1.537e-04,0.798,0.185,29442
2235,4.90644,4.90392,1.535e-04,0.784,0.162,29422
2236,4.65174,4.90392,1.533e-04,0.723,0.167,29451
2237,4.76192,4.90392,1.530e-04,0.794,0.186,29440
2238,4.98289,4.90392,1.528e-04,0.905,0.191,29456
2239,4.91526,4.90392,1.526e-04,0.786,0.176,29436
2240,4.92985,4.90392,1.524e-04,0.825,0.191,29421
2241,4.83726,4.90392,1.521e-04,0.836,0.185,29394
2242,4.86720,4.90392,1.519e-04,0.763,0.169,29411
2243,5.03721,4.90392,1.517e-04,0.801,0.167,29436
2244,4.76001,4.90392,1.514e-04,0.820,0.197,29459
2245,4.67757,4.90392,1.512e-04,0.780,0.180,29425
2246,4.77689,4.90392,1.510e-04,0.802,0.187,29413
2247,4.83986,4.90392,1.508e-04,0.807,0.198,29423
2248,4.91967,4.90392,1.505e-04,0.790,0.177,29420
2249,4.96905,4.90392,1.503e-04,0.826,0.185,29432
2250,5.01424,4.83491,1.501e-04,0.766,0.186,8966
2251,4.95869,4.83491,1.499e-04,0.942,0.204,29760
2252,4.81115,4.83491,1.496e-04,0.779,0.169,29415
2253,4.98175,4.83491,1.494e-04,0.769,0.175,29434
2254,4.85805,4.83491,1.492e-04,0.887,0.200,29444
2255,4.82599,4.83491,1.490e-04,0.805,0.188,29409
2256,4.87986,4.83491,1.487e-04,0.843,0.213,29433
2257,4.87521,4.83491,1.485e-04,0.835,0.208,29419
2258,5.03661,4.83491,1.483e-04,0.856,0.202,29443
2259,4.63309,4.83491,1.481e-04,0.827,0.210,29414
2260,4.66303,4.83491,1.478e-04,0.742,0.169,29450
2261,4.91807,4.83491,1.476e-04,0.763,0.174,29366
2262,4.75743,4.83491,1.474e-04,0.815,0.194,29429
2263,4.83849,4.83491,1.472e-04,0.818,0.173,29415
2264,4.90831,4.83491,1.469e-04,0.923,0.212,29435
2265,4.85701,4.83491,1.467e-04,0.824,0.183,29404
2266,4.79245,4.83491,1.465e-04,0.808,0.188,29429
2267,4.80648,4.83491,1.463e-04,0.816,0.182,29429
2268,4.88705,4.83491,1.461e-04,0.799,0.201,29436
2269,4.77113,4.83491,1.458e-04,0.764,0.161,29440
2270,4.98361,4.83491,1.456e-04,0.801,0.175,29419
2271,4.99987,4.83491,1.454e-04,0.754,0.181,29452
2272,4.94157,4.83491,1.452e-04,0.807,0.193,29419
2273,4.81865,4.83491,1.450e-04,0.776,0.190,29417
2274,4.91238,4.83491,1.447e-04,0.858,0.177,29420
2275,4.84860,4.83491,1.445e-04,0.753,0.159,29434
2276,4.97613,4.83491,1.443e-04,0.821,0.187,29431
2277,4.85844,4.83491,1.441e-04,0.791,0.169,29436
2278,4.91582,4.83491,1.439e-04,0.806,0.176,29428
2279,4.93393,4.83491,1.436e-04,0.878,0.188,29414
2280,4.67996,4.83491,1.434e-04,0.842,0.203,29431
2281,4.74835,4.83491,1.432e-04,0.790,0.170,29360
2282,4.92902,4.83491,1.430e-04,0.862,0.201,29432
2283,4.81928,4.83491,1.428e-04,0.827,0.170,29454
2284,4.94712,4.83491,1.425e-04,0.784,0.171,29432
2285,4.77446,4.83491,1.423e-04,0.806,0.172,29443
2286,4.84637,4.83491,1.421e-04,0.777,0.165,29407
2287,4.84141,4.83491,1.419e-04,0.819,0.195,29418
2288,4.90461,4.83491,1.417e-04,0.783,0.168,29462
2289,4.84567,4.83491,1.415e-04,0.877,0.207,29432
2290,4.84436,4.83491,1.412e-04,0.856,0.214,29410
2291,4.87076,4.83491,1.410e-04,0.803,0.174,29417
2292,4.78163,4.83491,1.408e-04,0.848,0.206,29435
2293,4.61727,4.83491,1.406e-04,0.814,0.188,29437
2294,4.66892,4.83491,1.404e-04,0.796,0.182,29429
2295,4.74333,4.83491,1.402e-04,0.809,0.178,29432
2296,4.65175,4.83491,1.399e-04,0.789,0.173,29413
2297,4.90646,4.83491,1.397e-04,0.860,0.173,29430
2298,4.85120,4.83491,1.395e-04,0.769,0.174,29427
2299,4.93008,4.83491,1.393e-04,0.808,0.177,29426
2300,5.10455,4.83491,1.391e-04,0.823,0.173,29406
2301,4.74139,4.83491,1.389e-04,0.855,0.186,29388
2302,4.69668,4.83491,1.387e-04,0.810,0.185,29423
2303,4.84058,4.83491,1.384e-04,0.828,0.189,29425
2304,4.97217,4.83491,1.382e-04,0.813,0.197,29419
2305,4.88839,4.83491,1.380e-04,0.869,0.182,29437
2306,4.95937,4.83491,1.378e-04,0.858,0.209,29447
2307,4.69815,4.83491,1.376e-04,0.832,0.186,29412
2308,4.93879,4.83491,1.374e-04,0.801,0.167,29439
2309,4.85517,4.83491,1.372e-04,0.805,0.168,29424
2310,4.76855,4.83491,1.370e-04,0.874,0.234,29429
2311,4.79731,4.83491,1.367e-04,0.852,0.189,29435
2312,4.72177,4.83491,1.365e-04,0.887,0.209,29446
2313,4.87622,4.83491,1.363e-04,0.911,0.211,29414
2314,4.88850,4.83491,1.361e-04,0.855,0.206,29433
2315,4.92282,4.83491,1.359e-04,0.853,0.189,29427
2316,4.73936,4.83491,1.357e-04,0.890,0.209,29431
2317,4.89801,4.83491,1.355e-04,0.839,0.174,29447
2318,4.86327,4.83491,1.353e-04,0.799,0.174,29418
2319,4.77902,4.83491,1.351e-04,0.770,0.186,29418
2320,4.81914,4.83491,1.348e-04,0.800,0.178,29435
2321,4.73567,4.83491,1.346e-04,0.830,0.187,29379
2322,4.83153,4.83491,1.344e-04,0.823,0.178,29427
2323,4.77971,4.83491,1.342e-04,0.805,0.174,29412
2324,4.94316,4.83491,1.340e-04,0.829,0.188,29418
2325,4.82998,4.83491,1.338e-04,0.826,0.186,29435
2326,5.00086,4.83491,1.336e-04,0.804,0.167,29435
2327,4.91711,4.83491,1.334e-04,0.758,0.172,29420
2328,4.77664,4.83491,1.332e-04,0.818,0.201,29427
2329,4.83848,4.83491,1.330e-04,0.862,0.191,29439
2330,4.89567,4.83491,1.328e-04,0.831,0.190,29407
2331,4.78391,4.83491,1.326e-04,0.773,0.175,29446
2332,4.84949,4.83491,1.324e-04,0.815,0.178,29404
2333,4.73633,4.83491,1.321e-04,0.787,0.171,29446
2334,4.88717,4.83491,1.319e-04,0.809,0.173,29424
2335,4.88858,4.83491,1.317e-04,0.856,0.197,29441
2336,4.85386,4.83491,1.315e-04,0.804,0.174,29438
2337,4.86234,4.83491,1.313e-04,0.883,0.192,29426
2338,4.81051,4.83491,1.311e-04,0.779,0.170,29431
2339,4.82867,4.83491,1.309e-04,0.788,0.181,29422
2340,4.70121,4.83491,1.307e-04,0.813,0.181,29444
2341,4.83111,4.83491,1.305e-04,0.831,0.184,29361
2342,4.64836,4.83491,1.303e-04,0.817,0.187,29429
2343,4.83981,4.83491,1.301e-04,0.821,0.174,29434
2344,4.76412,4.83491,1.299e-04,0.839,0.201,29434
2345,4.82540,4.83491,1.297e-04,0.882,0.199,29422
2346,4.87847,4.83491,1.295e-04,0.796,0.179,29431
2347,5.00732,4.83491,1.293e-04,0.828,0.191,29443
2348,4.70443,4.83491,1.291e-04,0.814,0.184,29419
2349,4.71886,4.83491,1.289e-04,0.746,0.160,29415
2350,4.89244,4.83491,1.287e-04,0.779,0.173,29406
2351,4.79266,4.83491,1.285e-04,0.851,0.191,29438
2352,4.98955,4.83491,1.283e-04,0.819,0.181,29440
2353,4.76930,4.83491,1.281e-04,0.766,0.173,29419
2354,4.91366,4.83491,1.279e-04,0.801,0.165,29409
2355,4.71625,4.83491,1.277e-04,0.797,0.164,29423
2356,4.69894,4.83491,1.275e-04,0.884,0.236,29417
2357,4.77007,4.83491,1.273e-04,0.866,0.172,29422
2358,4.66194,4.83491,1.271e-04,0.893,0.194,29447
2359,4.78118,4.83491,1.269e-04,0.821,0.188,29421
2360,4.81448,4.83491,1.267e-04,0.810,0.235,29426
2361,4.76075,4.83491,1.265e-04,0.857,0.189,29393
2362,4.67271,4.83491,1.263e-04,0.800,0.178,29428
2363,4.84111,4.83491,1.261e-04,0.890,0.198,29429
2364,4.74615,4.83491,1.259e-04,0.791,0.175,29417
2365,4.88678,4.83491,1.257e-04,0.833,0.186,29429
2366,5.02289,4.83491,1.255e-04,0.859,0.198,29428
2367,4.73582,4.83491,1.253e-04,0.844,0.192,29424
2368,4.68834,4.83491,1.251e-04,0.794,0.182,29449
2369,4.82659,4.83491,1.249e-04,0.830,0.189,29419
2370,4.71602,4.83491,1.247e-04,0.825,0.187,29419
2371,5.05406,4.83491,1.245e-04,0.846,0.182,29432
2372,4.75462,4.83491,1.243e-04,0.860,0.196,29424
2373,4.95485,4.83491,1.241e-04,0.839,0.191,29411
2374,4.86748,4.83491,1.239e-04,0.864,0.205,29447
2375,4.87061,4.83491,1.237e-04,0.855,0.206,29424
2376,4.81568,4.83491,1.235e-04,0.785,0.199,29434
2377,4.87836,4.83491,1.233e-04,0.797,0.180,29435
2378,4.69904,4.83491,1.231e-04,0.851,0.182,29420
2379,4.78584,4.83491,1.229e-04,0.778,0.173,29438
2380,4.71876,4.83491,1.227e-04,0.814,0.174,29440
2381,4.70526,4.83491,1.225e-04,0.788,0.166,29368
2382,4.72116,4.83491,1.223e-04,0.865,0.192,29444
2383,4.78462,4.83491,1.222e-04,0.834,0.204,29407
2384,4.82131,4.83491,1.220e-04,0.818,0.180,29454
2385,4.96979,4.83491,1.218e-04,0.814,0.175,29421
2386,4.69858,4.83491,1.216e-04,0.786,0.173,29437
2387,4.96913,4.83491,1.214e-04,0.886,0.190,29421
2388,4.79650,4.83491,1.212e-04,0.800,0.175,29444
2389,4.89547,4.83491,1.210e-04,0.817,0.179,29439
2390,4.92007,4.83491,1.208e-04,0.760,0.163,29427
2391,4.78273,4.83491,1.206e-04,0.915,0.233,29398
2392,4.76120,4.83491,1.204e-04,0.885,0.181,29432
2393,4.93645,4.83491,1.202e-04,0.844,0.196,29436
2394,4.61366,4.83491,1.200e-04,0.840,0.241,29429
2395,4.87115,4.83491,1.199e-04,0.820,0.170,29434
2396,4.75623,4.83491,1.197e-04,0.835,0.197,29446
2397,4.81763,4.83491,1.195e-04,0.960,0.201,29436
2398,4.62170,4.83491,1.193e-04,0.755,0.160,29430
2399,4.84380,4.83491,1.191e-04,0.806,0.182,29420
2400,4.82212,4.83491,1.189e-04,0.814,0.189,29435
2401,4.79929,4.83491,1.187e-04,0.870,0.207,29399
2402,4.70302,4.83491,1.185e-04,0.835,0.187,29431
2403,4.81287,4.83491,1.183e-04,0.819,0.201,29408
2404,4.65552,4.83491,1.182e-04,0.793,0.194,29451
2405,4.93724,4.83491,1.180e-04,0.797,0.176,29435
2406,4.66684,4.83491,1.178e-04,0.842,0.195,29415
2407,4.87324,4.83491,1.176e-04,0.773,0.173,29441
2408,4.71402,4.83491,1.174e-04,0.819,0.183,29406
2409,4.77348,4.83491,1.172e-04,0.785,0.166,29435
2410,4.65879,4.83491,1.170e-04,0.821,0.180,29426
2411,4.80018,4.83491,1.168e-04,0.801,0.175,29438
2412,4.93472,4.83491,1.167e-04,0.825,0.175,29450
2413,4.92424,4.83491,1.165e-04,0.784,0.164,29412
2414,4.81690,4.83491,1.163e-04,0.791,0.176,29422
2415,4.69751,4.83491,1.161e-04,0.788,0.168,29419
2416,4.80926,4.83491,1.159e-04,0.870,0.191,29435
2417,4.85264,4.83491,1.157e-04,0.795,0.167,29423
2418,4.95856,4.83491,1.155e-04,0.830,0.188,29436
2419,4.83192,4.83491,1.154e-04,0.921,0.214,29420
2420,4.87961,4.83491,1.152e-04,0.837,0.170,29432
2421,4.78340,4.83491,1.150e-04,0.799,0.188,29409
2422,4.91083,4.83491,1.148e-04,0.813,0.197,29426
2423,4.74355,4.83491,1.146e-04,0.785,0.171,29417
2424,4.90156,4.83491,1.144e-04,0.749,0.162,29437
2425,4.78661,4.83491,1.143e-04,0.769,0.170,29434
2426,4.84390,4.83491,1.141e-04,0.774,0.171,29454
2427,4.64204,4.83491,1.139e-04,0.828,0.187,29434
2428,4.74767,4.83491,1.137e-04,0.777,0.172,29442
2429,4.89634,4.83491,1.135e-04,0.798,0.182,29418
2430,4.65044,4.83491,1.134e-04,0.811,0.189,29437
2431,4.93978,4.83491,1.132e-04,0.794,0.160,29437
2432,4.82788,4.83491,1.130e-04,0.784,0.171,29431
2433,4.70224,4.83491,1.128e-04,0.833,0.220,29448
2434,4.85071,4.83491,1.126e-04,0.795,0.174,29422
2435,5.02104,4.83491,1.125e-04,0.801,0.177,29422
2436,4.46265,4.83491,1.123e-04,0.845,0.197,29435
2437,4.95638,4.83491,1.121e-04,0.766,0.174,29425
2438,4.84005,4.83491,1.119e-04,0.784,0.178,29412
2439,4.93380,4.83491,1.117e-04,0.863,0.197,29436
2440,4.89038,4.83491,1.116e-04,0.822,0.200,29408
2441,4.76128,4.83491,1.114e-04,0.821,0.165,29380
2442,4.94281,4.83491,1.112e-04,0.874,0.193,29436
2443,4.66819,4.83491,1.110e-04,0.835,0.246,29411
2444,4.81713,4.83491,1.109e-04,0.833,0.190,29436
2445,4.78109,4.83491,1.107e-04,0.795,0.181,29417
2446,4.86163,4.83491,1.105e-04,0.892,0.219,29432
2447,4.85053,4.83491,1.103e-04,0.811,0.200,29437
2448,4.75451,4.83491,1.101e-04,0.852,0.185,29436
2449,4.72160,4.83491,1.100e-04,0.875,0.213,29454
2450,4.75167,4.83491,1.098e-04,0.868,0.233,29428
2451,4.91172,4.83491,1.096e-04,0.856,0.183,29416
2452,4.92339,4.83491,1.094e-04,0.922,0.178,29399
2453,4.84383,4.83491,1.093e-04,0.814,0.190,29432
2454,4.71528,4.83491,1.091e-04,0.827,0.170,29451
2455,4.98218,4.83491,1.089e-04,0.914,0.193,29408
2456,4.76483,4.83491,1.088e-04,0.802,0.163,29449
2457,4.86220,4.83491,1.086e-04,0.778,0.163,29438
2458,4.66553,4.83491,1.084e-04,0.936,0.194,29420
2459,4.80599,4.83491,1.082e-04,0.808,0.174,29427
2460,4.75336,4.83491,1.081e-04,0.778,0.162,29438
2461,4.79475,4.83491,1.079e-04,0.799,0.179,29366
2462,4.63675,4.83491,1.077e-04,0.869,0.211,29418
2463,4.77588,4.83491,1.075e-04,0.813,0.174,29435
2464,4.83219,4.83491,1.074e-04,0.766,0.172,29415
2465,4.74839,4.83491,1.072e-04,0.858,0.214,29417
2466,4.77716,4.83491,1.070e-04,0.828,0.189,29435
2467,4.68338,4.83491,1.069e-04,0.809,0.191,29430
2468,5.06774,4.83491,1.067e-04,0.788,0.181,29415
2469,4.90314,4.83491,1.065e-04,0.841,0.183,29469
2470,4.86847,4.83491,1.063e-04,0.839,0.218,29426
2471,4.57775,4.83491,1.062e-04,0.836,0.205,29431
2472,4.91200,4.83491,1.060e-04,0.879,0.198,29446
2473,4.85048,4.83491,1.058e-04,0.819,0.173,29430
2474,4.74741,4.83491,1.057e-04,0.762,0.173,29450
2475,4.72082,4.83491,1.055e-04,0.838,0.180,29427
2476,4.83413,4.83491,1.053e-04,0.862,0.200,29441
2477,4.65068,4.83491,1.052e-04,0.780,0.172,29430
2478,4.78871,4.83491,1.050e-04,0.814,0.174,29445
2479,4.64283,4.83491,1.048e-04,0.797,0.165,29413
2480,4.73580,4.83491,1.047e-04,0.921,0.191,29441
2481,4.76356,4.83491,1.045e-04,0.881,0.193,29393
2482,4.76646,4.83491,1.043e-04,0.890,0.173,29415
2483,4.67292,4.83491,1.042e-04,0.817,0.174,29432
2484,4.87236,4.83491,1.040e-04,0.871,0.173,29436
2485,4.83435,4.83491,1.038e-04,0.791,0.178,29431
2486,4.85038,4.83491,1.037e-04,0.852,0.194,29424
2487,4.74448,4.83491,1.035e-04,0.874,0.188,29418
2488,4.69547,4.83491,1.033e-04,0.831,0.183,29438
2489,4.95820,4.83491,1.032e-04,0.789,0.166,29415
2490,4.68175,4.83491,1.030e-04,0.977,0.211,29438
2491,4.70417,4.83491,1.028e-04,0.807,0.175,29437
2492,4.90282,4.83491,1.027e-04,0.789,0.165,29419
2493,4.73824,4.83491,1.025e-04,0.816,0.215,29442
2494,4.64682,4.83491,1.024e-04,0.862,0.224,29443
2495,4.73706,4.83491,1.022e-04,0.810,0.178,29398
2496,4.96132,4.83491,1.020e-04,0.847,0.190,29429
2497,4.82052,4.83491,1.019e-04,0.832,0.207,29448
2498,4.66369,4.83491,1.017e-04,0.799,0.210,29405
2499,4.83947,4.83491,1.015e-04,0.818,0.183,29449
2500,4.77299,4.77738,1.014e-04,0.792,0.177,8964
2501,4.79148,4.77738,1.012e-04,0.862,0.197,29759
2502,4.83002,4.77738,1.011e-04,0.883,0.177,29433
2503,4.67605,4.77738,1.009e-04,0.825,0.177,29428
2504,4.85006,4.77738,1.007e-04,0.885,0.178,29415
2505,4.74876,4.77738,1.006e-04,0.849,0.182,29433
2506,4.72264,4.77738,1.004e-04,0.873,0.185,29418
2507,4.78534,4.77738,1.003e-04,0.833,0.167,29425
2508,4.80422,4.77738,1.001e-04,0.776,0.161,29428
2509,4.62887,4.77738,9.995e-05,0.863,0.194,29426
2510,4.97557,4.77738,9.979e-05,0.830,0.173,29436
2511,4.74078,4.77738,9.963e-05,0.792,0.164,29414
2512,4.74855,4.77738,9.947e-05,0.794,0.197,29416
2513,4.53001,4.77738,9.931e-05,0.781,0.183,29419
2514,4.92165,4.77738,9.916e-05,0.834,0.198,29433
2515,4.85351,4.77738,9.900e-05,0.766,0.158,29409
2516,4.81317,4.77738,9.884e-05,0.793,0.167,29438
2517,4.90802,4.77738,9.869e-05,0.842,0.180,29431
2518,4.71588,4.77738,9.853e-05,0.804,0.174,29427
2519,4.79101,4.77738,9.837e-05,0.830,0.175,29424
2520,4.84725,4.77738,9.822e-05,0.898,0.203,29434
2521,4.66129,4.77738,9.806e-05,0.821,0.189,29393
2522,4.82197,4.77738,9.791e-05,0.838,0.184,29453
2523,4.84724,4.77738,9.775e-05,0.811,0.177,29413
2524,4.78965,4.77738,9.760e-05,0.821,0.199,29428
2525,4.70847,4.77738,9.745e-05,0.818,0.168,29436
2526,4.84759,4.77738,9.729e-05,0.848,0.193,29454
2527,4.75890,4.77738,9.714e-05,0.821,0.192,29426
2528,4.58296,4.77738,9.699e-05,0.838,0.178,29416
2529,4.68967,4.77738,9.683e-05,0.825,0.183,29438
2530,4.63562,4.77738,9.668e-05,0.804,0.173,29434
2531,4.84719,4.77738,9.653e-05,0.813,0.185,29432
2532,4.74399,4.77738,9.638e-05,0.853,0.177,29416
2533,4.81217,4.77738,9.622e-05,0.840,0.178,29430
2534,4.86493,4.77738,9.607e-05,0.842,0.192,29445
2535,4.65744,4.77738,9.592e-05,0.857,0.210,29424
2536,4.72772,4.77738,9.577e-05,0.894,0.178,29424
2537,4.86654,4.77738,9.562e-05,0.847,0.172,29424
2538,4.83915,4.77738,9.547e-05,0.756,0.165,29459
2539,4.79069,4.77738,9.532e-05,0.801,0.181,29426
2540,4.61946,4.77738,9.517e-05,0.845,0.197,29444
2541,4.93698,4.77738,9.502e-05,0.857,0.182,29384
2542,4.88480,4.77738,9.487e-05,0.816,0.176,29436
2543,4.72972,4.77738,9.472e-05,0.878,0.192,29416
2544,4.97048,4.77738,9.457e-05,0.790,0.166,29421
2545,4.74955,4.77738,9.443e-05,0.865,0.176,29421
2546,4.84935,4.77738,9.428e-05,0.861,0.190,29426
2547,4.84743,4.77738,9.413e-05,0.789,0.178,29435
2548,5.04085,4.77738,9.398e-05,0.831,0.166,29414
2549,4.73269,4.77738,9.384e-05,0.803,0.175,29435
2550,4.84589,4.77738,9.369e-05,0.786,0.157,29455
2551,4.84046,4.77738,9.354e-05,0.878,0.186,29414
2552,4.60363,4.77738,9.340e-05,0.844,0.186,29427
2553,4.89856,4.77738,9.325e-05,0.795,0.163,29418
2554,4.75200,4.77738,9.311e-05,0.900,0.203,29443
2555,4.86700,4.77738,9.296e-05,0.850,0.176,29420
2556,4.74192,4.77738,9.282e-05,0.905,0.203,29428
2557,5.00647,4.77738,9.267e-05,0.822,0.176,29430
2558,4.73519,4.77738,9.253e-05,0.818,0.189,29424
2559,4.77684,4.77738,9.238e-05,0.830,0.181,29408
2560,4.75727,4.77738,9.224e-05,0.884,0.198,29430
2561,4.75727,4.77738,9.210e-05,0.869,0.212,29382
2562,4.86338,4.77738,9.195e-05,0.825,0.163,29448
2563,4.73489,4.77738,9.181e-05,0.821,0.189,29423
2564,4.87233,4.77738,9.167e-05,0.855,0.178,29425
2565,4.59093,4.77738,9.153e-05,0.771,0.163,29423
2566,4.70033,4.77738,9.138e-05,0.813,0.178,29433
2567,4.96607,4.77738,9.124e-05,0.779,0.169,29410
2568,4.66747,4.77738,9.110e-05,0.840,0.187,29445
2569,4.85184,4.77738,9.096e-05,0.813,0.179,29444
2570,4.59786,4.77738,9.082e-05,0.835,0.184,29416
2571,4.85518,4.77738,9.068e-05,0.834,0.187,29414
2572,4.80347,4.77738,9.054e-05,0.782,0.198,29424
2573,4.84842,4.77738,9.040e-05,0.869,0.210,29428
2574,4.68739,4.77738,9.026e-05,0.816,0.180,29422
2575,4.76033,4.77738,9.012e-05,0.825,0.201,29433
2576,4.93934,4.77738,8.998e-05,0.809,0.169,29440
2577,4.74085,4.77738,8.984e-05,0.847,0.179,29420
2578,4.76353,4.77738,8.970e-05,0.857,0.181,29418
2579,4.76777,4.77738,8.957e-05,0.833,0.195,29418
2580,4.71980,4.77738,8.943e-05,0.756,0.162,29438
2581,4.65318,4.77738,8.929e-05,0.772,0.192,29391
2582,4.78560,4.77738,8.915e-05,0.821,0.215,29404
2583,4.80670,4.77738,8.902e-05,0.782,0.159,29422
2584,4.93031,4.77738,8.888e-05,0.796,0.156,29426
2585,4.76613,4.77738,8.874e-05,0.825,0.185,29437
2586,4.74796,4.77738,8.861e-05,0.795,0.164,29413
2587,4.71250,4.77738,8.847e-05,0.803,0.171,29428
2588,4.85322,4.77738,8.834e-05,0.802,0.168,29443
2589,4.85601,4.77738,8.820e-05,0.861,0.168,29414
2590,4.70983,4.77738,8.807e-05,0.840,0.172,29419
2591,4.70210,4.77738,8.793e-05,0.801,0.177,29439
2592,4.91502,4.77738,8.780e-05,0.834,0.160,29425
2593,4.52556,4.77738,8.767e-05,0.800,0.167,29410
2594,4.78245,4.77738,8.753e-05,0.796,0.167,29441
2595,4.80097,4.77738,8.740e-05,0.777,0.172,29425
2596,4.85582,4.77738,8.727e-05,0.868,0.181,29435
2597,5.02554,4.77738,8.713e-05,0.854,0.169,29433
2598,4.79947,4.77738,8.700e-05,0.842,0.167,29429
2599,4.83796,4.77738,8.687e-05,0.805,0.171,29428
2600,4.69309,4.77738,8.674e-05,0.838,0.190,29405
2601,4.80985,4.77738,8.661e-05,0.867,0.179,29402
2602,4.87177,4.77738,8.648e-05,0.798,0.176,29437
2603,4.64395,4.77738,8.635e-05,0.833,0.179,29426
2604,4.78997,4.77738,8.622e-05,0.892,0.180,29425
2605,4.49899,4.77738,8.609e-05,0.780,0.163,29460
2606,4.60066,4.77738,8.596e-05,0.771,0.172,29407
2607,4.69299,4.77738,8.583e-05,0.781,0.162,29445
2608,4.90413,4.77738,8.570e-05,0.886,0.188,29452
2609,4.92386,4.77738,8.557e-05,0.806,0.166,29422
2610,4.79457,4.77738,8.544e-05,0.812,0.188,29442
2611,4.71600,4.77738,8.531e-05,0.842,0.176,29435
2612,4.56389,4.77738,8.518e-05,0.828,0.173,29435
2613,4.60652,4.77738,8.506e-05,0.850,0.177,29428
2614,4.78612,4.77738,8.493e-05,0.838,0.175,29428
2615,4.64989,4.77738,8.480e-05,0.787,0.158,29409
2616,4.87802,4.77738,8.467e-05,0.856,0.180,29442
2617,4.78475,4.77738,8.455e-05,0.867,0.182,29434
2618,4.49213,4.77738,8.442e-05,0.818,0.189,29416
2619,4.72615,4.77738,8.430e-05,0.823,0.191,29419
2620,4.90595,4.77738,8.417e-05,0.890,0.180,29443
2621,4.79265,4.77738,8.405e-05,0.809,0.159,29352
2622,4.93242,4.77738,8.392e-05,0.813,0.165,29435
2623,4.93560,4.77738,8.380e-05,0.814,0.195,29424
2624,4.64780,4.77738,8.367e-05,0.808,0.159,29432
2625,4.79272,4.77738,8.355e-05,0.842,0.175,29434
2626,4.64518,4.77738,8.342e-05,0.776,0.184,29409
2627,4.60083,4.77738,8.330e-05,0.822,0.168,29414
2628,4.62334,4.77738,8.318e-05,0.809,0.179,29447
2629,4.71899,4.77738,8.306e-05,0.847,0.203,29432
2630,4.76329,4.77738,8.293e-05,0.854,0.177,29443
2631,4.83841,4.77738,8.281e-05,0.844,0.176,29439
2632,4.75199,4.77738,8.269e-05,0.879,0.224,29425
2633,4.71655,4.77738,8.257e-05,0.877,0.193,29430
2634,4.76909,4.77738,8.245e-05,0.820,0.179,29433
2635,4.75092,4.77738,8.233e-05,0.822,0.195,29441
2636,4.67955,4.77738,8.221e-05,0.841,0.176,29430
2637,4.78136,4.77738,8.209e-05,0.860,0.188,29443
2638,4.88071,4.77738,8.197e-05,0.823,0.186,29447
2639,4.68473,4.77738,8.185e-05,0.875,0.176,29425
2640,4.81430,4.77738,8.173e-05,0.810,0.170,29408
2641,4.88648,4.77738,8.161e-05,0.786,0.168,29404
2642,4.77169,4.77738,8.149e-05,0.882,0.188,29419
2643,4.64986,4.77738,8.137e-05,0.866,0.184,29446
2644,4.71247,4.77738,8.125e-05,0.857,0.182,29437
2645,4.73840,4.77738,8.114e-05,0.776,0.181,29426
2646,4.86853,4.77738,8.102e-05,0.874,0.183,29443
2647,4.76440,4.77738,8.090e-05,0.852,0.180,29424
2648,4.85782,4.77738,8.079e-05,0.822,0.164,29409
2649,4.82832,4.77738,8.067e-05,0.776,0.166,29435
2650,4.70288,4.77738,8.055e-05,0.829,0.165,29430
2651,4.79682,4.77738,8.044e-05,0.881,0.177,29421
2652,4.81445,4.77738,8.032e-05,0.827,0.171,29439
2653,4.74415,4.77738,8.021e-05,0.813,0.172,29404
2654,4.68688,4.77738,8.009e-05,0.768,0.169,29443
2655,4.86363,4.77738,7.998e-05,0.854,0.169,29420
2656,4.80755,4.77738,7.986e-05,0.831,0.170,29418
2657,4.77063,4.77738,7.975e-05,0.800,0.173,29449
2658,4.74481,4.77738,7.964e-05,0.807,0.171,29447
2659,4.80920,4.77738,7.952e-05,0.822,0.174,29448
2660,4.93096,4.77738,7.941e-05,0.841,0.193,29406
2661,4.65509,4.77738,7.930e-05,0.881,0.184,29402
2662,4.65406,4.77738,7.918e-05,0.838,0.198,29418
2663,4.72226,4.77738,7.907e-05,0.893,0.197,29439
2664,4.84113,4.77738,7.896e-05,0.847,0.168,29394
2665,4.70699,4.77738,7.885e-05,0.871,0.184,29446
2666,4.73030,4.77738,7.874e-05,0.817,0.173,29445
2667,4.71683,4.77738,7.863e-05,0.842,0.182,29432
2668,4.73438,4.77738,7.852e-05,0.799,0.177,29431
2669,4.71657,4.77738,7.841e-05,0.824,0.170,29425
2670,4.71612,4.77738,7.830e-05,0.828,0.172,29433
2671,4.74951,4.77738,7.819e-05,0.814,0.194,29417
2672,4.63831,4.77738,7.808e-05,0.843,0.198,29422
2673,4.98220,4.77738,7.797e-05,0.858,0.174,29407
2674,4.83969,4.77738,7.786e-05,0.833,0.191,29446
2675,4.73609,4.77738,7.775e-05,0.853,0.192,29405
2676,4.66670,4.77738,7.764e-05,0.770,0.167,29452
2677,4.52418,4.77738,7.754e-05,0.794,0.170,29415
2678,4.78412,4.77738,7.743e-05,0.832,0.185,29438
2679,4.69583,4.77738,7.732e-05,0.781,0.165,29401
2680,4.85728,4.77738,7.722e-05,0.852,0.177,29443
2681,4.75805,4.77738,7.711e-05,0.820,0.180,29371
2682,4.81063,4.77738,7.700e-05,0.810,0.176,29435
2683,4.62111,4.77738,7.690e-05,0.786,0.179,29443
2684,4.73874,4.77738,7.679e-05,0.835,0.193,29434
2685,4.72586,4.77738,7.669e-05,0.822,0.168,29413
2686,4.79744,4.77738,7.658e-05,0.895,0.202,29428
2687,4.91948,4.77738,7.648e-05,0.806,0.176,29444
2688,4.65151,4.77738,7.638e-05,0.782,0.166,29419
2689,4.80191,4.77738,7.627e-05,0.845,0.182,29419
2690,4.58836,4.77738,7.617e-05,0.870,0.222,29430
2691,4.56800,4.77738,7.606e-05,0.824,0.177,29430
2692,4.82132,4.77738,7.596e-05,0.812,0.174,29436
2693,4.78593,4.77738,7.586e-05,0.815,0.173,29418
2694,4.76358,4.77738,7.576e-05,0.776,0.164,29413
2695,4.72888,4.77738,7.566e-05,0.799,0.169,29413
2696,4.57924,4.77738,7.555e-05,0.823,0.174,29426
2697,4.80803,4.77738,7.545e-05,0.784,0.158,29450
2698,4.69364,4.77738,7.535e-05,0.849,0.209,29366
2699,4.77133,4.77738,7.525e-05,0.790,0.163,29421
2700,4.75043,4.77738,7.515e-05,0.804,0.199,29438
2701,4.78207,4.77738,7.505e-05,0.767,0.166,29377
2702,4.73076,4.77738,7.495e-05,0.837,0.177,29426
2703,4.62687,4.77738,7.485e-05,0.800,0.161,29432
2704,4.73865,4.77738,7.475e-05,0.821,0.172,29418
2705,4.84134,4.77738,7.466e-05,0.817,0.187,29438
2706,4.66109,4.77738,7.456e-05,0.821,0.183,29409
2707,4.65647,4.77738,7.446e-05,0.843,0.190,29418
2708,4.80434,4.77738,7.436e-05,0.777,0.169,29438
2709,4.68177,4.77738,7.426e-05,0.815,0.167,29398
2710,4.76231,4.77738,7.417e-05,0.827,0.172,29452
2711,4.61152,4.77738,7.407e-05,0.861,0.175,29427
2712,4.63198,4.77738,7.397e-05,0.794,0.172,29432
2713,4.69754,4.77738,7.388e-05,0.838,0.184,29437
2714,4.50076,4.77738,7.378e-05,0.823,0.183,29439
2715,4.75917,4.77738,7.369e-05,0.856,0.173,29432
2716,4.69008,4.77738,7.359e-05,0.859,0.185,29445
2717,4.76120,4.77738,7.350e-05,0.853,0.185,29409
2718,4.93655,4.77738,7.340e-05,0.796,0.177,29448
2719,4.73569,4.77738,7.331e-05,0.827,0.167,29401
2720,4.87745,4.77738,7.321e-05,0.835,0.168,29430
2721,4.84179,4.77738,7.312e-05,0.801,0.154,29390
2722,4.88485,4.77738,7.303e-05,0.906,0.183,29430
2723,4.72975,4.77738,7.294e-05,0.838,0.191,29415
2724,4.62714,4.77738,7.284e-05,0.827,0.178,29419
2725,5.00486,4.77738,7.275e-05,0.896,0.205,29434
2726,4.86592,4.77738,7.266e-05,0.903,0.235,29429
2727,4.75722,4.77738,7.257e-05,0.869,0.174,29460
2728,4.85770,4.77738,7.248e-05,0.872,0.178,29401
2729,4.75328,4.77738,7.239e-05,0.845,0.184,29417
2730,4.77629,4.77738,7.229e-05,0.887,0.204,29448
2731,4.81889,4.77738,7.220e-05,0.837,0.169,29419
2732,4.81119,4.77738,7.211e-05,0.844,0.193,29411
2733,4.74392,4.77738,7.203e-05,0.946,0.206,29411
2734,4.60141,4.77738,7.194e-05,0.836,0.188,29423
2735,4.70614,4.77738,7.185e-05,0.830,0.186,29426
2736,4.78870,4.77738,7.176e-05,0.817,0.178,29442
2737,4.76594,4.77738,7.167e-05,0.867,0.186,29406
2738,4.83016,4.77738,7.158e-05,0.842,0.179,29442
2739,4.63670,4.77738,7.149e-05,0.791,0.173,29429
2740,4.75875,4.77738,7.141e-05,0.869,0.210,29425
2741,4.89443,4.77738,7.132e-05,0.855,0.191,29405
2742,4.75222,4.77738,7.123e-05,0.837,0.172,29432
2743,4.79948,4.77738,7.115e-05,0.905,0.185,29408
2744,4.72943,4.77738,7.106e-05,0.909,0.193,29437
2745,4.80540,4.77738,7.098e-05,0.852,0.193,29427
2746,4.69156,4.77738,7.089e-05,0.840,0.193,29426
2747,4.69773,4.77738,7.081e-05,0.850,0.179,29421
2748,4.82610,4.77738,7.072e-05,0.832,0.180,29424
2749,4.91695,4.77738,7.064e-05,0.885,0.197,29443
2750,4.75571,4.73815,7.055e-05,0.810,0.177,8961
2751,4.80252,4.73815,7.047e-05,0.879,0.182,29733
2752,4.57412,4.73815,7.039e-05,0.809,0.195,29451
2753,4.62501,4.73815,7.030e-05,0.898,0.203,29418
2754,4.55798,4.73815,7.022e-05,0.858,0.181,29447
2755,4.84563,4.73815,7.014e-05,0.798,0.170,29425
2756,4.81775,4.73815,7.006e-05,0.910,0.184,29387
2757,4.63883,4.73815,6.997e-05,0.847,0.185,29446
2758,4.66867,4.73815,6.989e-05,0.820,0.179,29436
2759,4.74838,4.73815,6.981e-05,0.831,0.168,29416
2760,4.70266,4.73815,6.973e-05,0.855,0.184,29408
2761,4.87080,4.73815,6.965e-05,0.816,0.162,29379
2762,4.55806,4.73815,6.957e-05,0.815,0.182,29438
2763,4.84856,4.73815,6.949e-05,0.832,0.173,29425
2764,4.60899,4.73815,6.941e-05,0.855,0.173,29424
2765,4.70906,4.73815,6.933e-05,0.867,0.175,29438
2766,4.76949,4.73815,6.925e-05,0.851,0.180,29422
2767,4.68365,4.73815,6.917e-05,0.823,0.164,29416
2768,4.97864,4.73815,6.910e-05,0.858,0.171,29407
2769,4.72079,4.73815,6.902e-05,0.807,0.163,29442
2770,4.84587,4.73815,6.894e-05,0.877,0.184,29438
2771,4.85505,4.73815,6.886e-05,0.811,0.161,29421
2772,4.68985,4.73815,6.879e-05,0.868,0.167,29435
2773,4.66805,4.73815,6.871e-05,0.850,0.180,29423
2774,4.83226,4.73815,6.863e-05,0.931,0.174,29418
2775,4.73626,4.73815,6.856e-05,0.764,0.162,29430
2776,4.84537,4.73815,6.848e-05,0.843,0.179,29413
2777,4.62004,4.73815,6.841e-05,0.840,0.180,29442
2778,4.71185,4.73815,6.833e-05,0.971,0.212,29433
2779,4.87047,4.73815,6.826e-05,0.859,0.180,29418
2780,4.79892,4.73815,6.818e-05,0.769,0.163,29391
2781,4.69394,4.73815,6.811e-05,0.835,0.167,29385
2782,4.65422,4.73815,6.804e-05,0.879,0.207,29425
2783,4.72464,4.73815,6.796e-05,0.865,0.194,29448
2784,4.69172,4.73815,6.789e-05,0.874,0.177,29396
2785,4.67736,4.73815,6.782e-05,0.898,0.205,29431
2786,4.64035,4.73815,6.775e-05,0.891,0.187,29430
2787,4.77291,4.73815,6.767e-05,0.847,0.178,29437
2788,4.61310,4.73815,6.760e-05,0.859,0.205,29430
2789,4.75678,4.73815,6.753e-05,0.789,0.168,29416
2790,4.65137,4.73815,6.746e-05,0.806,0.162,29411
2791,4.73313,4.73815,6.739e-05,0.887,0.178,29460
2792,4.86728,4.73815,6.732e-05,0.808,0.174,29437
2793,4.80961,4.73815,6.725e-05,0.832,0.175,29424
2794,4.66721,4.73815,6.718e-05,0.872,0.179,29430
2795,4.95726,4.73815,6.711e-05,0.824,0.176,29434
2796,4.73401,4.73815,6.704e-05,0.836,0.180,29418
2797,4.94176,4.73815,6.697e-05,0.834,0.172,29430
2798,4.66628,4.73815,6.690e-05,0.876,0.178,29433
2799,4.80973,4.73815,6.684e-05,0.812,0.164,29422
2800,4.72732,4.73815,6.677e-05,0.852,0.170,29431
2801,4.73886,4.73815,6.670e-05,0.839,0.175,29392
2802,4.60906,4.73815,6.664e-05,0.930,0.202,29412
2803,4.76839,4.73815,6.657e-05,0.816,0.169,29432
2804,4.66879,4.73815,6.650e-05,0.833,0.173,29434
2805,4.78488,4.73815,6.644e-05,0.891,0.186,29423
2806,4.70707,4.73815,6.637e-05,0.843,0.186,29441
2807,4.56957,4.73815,6.631e-05,0.835,0.173,29432
2808,4.57700,4.73815,6.624e-05,0.864,0.178,29413
2809,4.82724,4.73815,6.618e-05,0.807,0.168,29416
2810,4.65727,4.73815,6.611e-05,0.880,0.199,29436
2811,4.63701,4.73815,6.605e-05,0.864,0.176,29415
2812,4.53691,4.73815,6.598e-05,0.862,0.169,29437
2813,4.52913,4.73815,6.592e-05,0.847,0.176,29419
2814,4.78981,4.73815,6.586e-05,0.856,0.174,29409
2815,4.70805,4.73815,6.580e-05,0.909,0.199,29444
2816,4.76829,4.73815,6.573e-05,0.795,0.162,29418
2817,4.81750,4.73815,6.567e-05,0.814,0.186,29422
2818,4.90543,4.73815,6.561e-05,0.879,0.182,29428
2819,4.68446,4.73815,6.555e-05,0.816,0.178,29448
2820,4.61705,4.73815,6.549e-05,0.820,0.190,29425
2821,4.67657,4.73815,6.543e-05,0.794,0.172,29391
2822,4.69289,4.73815,6.537e-05,0.836,0.175,29437
2823,4.75915,4.73815,6.531e-05,0.855,0.196,29423
2824,4.56458,4.73815,6.525e-05,0.800,0.179,29432
2825,4.71505,4.73815,6.519e-05,0.801,0.165,29419
2826,4.90598,4.73815,6.513e-05,0.865,0.175,29451
2827,4.68595,4.73815,6.507e-05,0.862,0.198,29398
2828,4.81963,4.73815,6.501e-05,0.802,0.172,29434
2829,4.58260,4.73815,6.495e-05,0.837,0.181,29429
2830,4.80437,4.73815,6.490e-05,0.858,0.169,29425
2831,4.68082,4.73815,6.484e-05,0.857,0.178,29436
2832,4.78437,4.73815,6.478e-05,0.860,0.182,29433
2833,4.73189,4.73815,6.473e-05,0.862,0.177,29437
2834,4.79732,4.73815,6.467e-05,0.869,0.181,29416
2835,4.70309,4.73815,6.461e-05,0.868,0.194,29407
2836,4.84788,4.73815,6.456e-05,0.791,0.164,29442
2837,4.71417,4.73815,6.450e-05,0.834,0.179,29439
2838,4.83978,4.73815,6.445e-05,0.854,0.187,29459
2839,4.64167,4.73815,6.439e-05,0.872,0.175,29426
2840,4.48370,4.73815,6.434e-05,0.856,0.181,29423
2841,4.83145,4.73815,6.429e-05,0.851,0.170,29376
2842,4.85323,4.73815,6.423e-05,0.827,0.171,29452
2843,4.71667,4.73815,6.418e-05,0.884,0.179,29310
2844,4.58473,4.73815,6.413e-05,0.960,0.210,29425
2845,4.78028,4.73815,6.407e-05,0.841,0.183,29435
2846,4.86837,4.73815,6.402e-05,0.806,0.164,29417
2847,4.53532,4.73815,6.397e-05,0.891,0.189,29444
2848,4.83452,4.73815,6.392e-05,0.830,0.167,29406
2849,4.56408,4.73815,6.387e-05,0.801,0.170,29444
2850,4.89600,4.73815,6.381e-05,0.899,0.222,29436
2851,4.70558,4.73815,6.376e-05,0.856,0.191,29430
2852,4.68792,4.73815,6.371e-05,0.825,0.174,29442
2853,4.76929,4.73815,6.366e-05,0.865,0.186,29404
2854,4.82637,4.73815,6.361e-05,0.865,0.185,29436
2855,4.75250,4.73815,6.357e-05,0.911,0.202,29431
2856,4.83656,4.73815,6.352e-05,0.848,0.180,29434
2857,4.59312,4.73815,6.347e-05,0.836,0.178,29431
2858,4.68802,4.73815,6.342e-05,0.862,0.202,29419
2859,4.71533,4.73815,6.337e-05,0.828,0.189,29438
2860,4.57881,4.73815,6.332e-05,0.847,0.191,29424
2861,4.87517,4.73815,6.328e-05,0.863,0.189,29378
2862,4.73213,4.73815,6.323e-05,0.838,0.200,29418
2863,4.81465,4.73815,6.318e-05,0.846,0.168,29457
2864,4.82416,4.73815,6.314e-05,0.892,0.188,29410
2865,4.71026,4.73815,6.309e-05,0.861,0.181,29437
2866,4.55830,4.73815,6.305e-05,0.910,0.203,29430
2867,4.74955,4.73815,6.300e-05,0.850,0.172,29444
2868,4.67534,4.73815,6.296e-05,0.856,0.164,29434
2869,4.73332,4.73815,6.291e-05,0.864,0.180,29445
2870,4.71229,4.73815,6.287e-05,0.932,0.203,29434
2871,4.83271,4.73815,6.282e-05,0.872,0.184,29446
2872,4.73264,4.73815,6.278e-05,0.912,0.197,29402
2873,4.79088,4.73815,6.274e-05,0.886,0.198,29440
2874,4.80861,4.73815,6.269e-05,0.925,0.218,29427
2875,4.70915,4.73815,6.265e-05,0.827,0.168,29448
2876,4.73118,4.73815,6.261e-05,0.843,0.164,29427
2877,4.81828,4.73815,6.257e-05,0.931,0.186,29436
2878,4.76844,4.73815,6.253e-05,0.923,0.239,29431
2879,4.66999,4.73815,6.248e-05,0.885,0.210,29454
2880,4.85693,4.73815,6.244e-05,0.859,0.174,29433
2881,4.67294,4.73815,6.240e-05,0.829,0.197,29364
2882,4.61069,4.73815,6.236e-05,0.809,0.200,29437
2883,4.73233,4.73815,6.232e-05,0.828,0.195,29435
2884,4.81395,4.73815,6.228e-05,0.891,0.184,29402
2885,4.64710,4.73815,6.224e-05,0.859,0.183,29400
2886,4.61061,4.73815,6.221e-05,0.807,0.173,29448
2887,4.74902,4.73815,6.217e-05,0.835,0.173,29408
2888,4.69486,4.73815,6.213e-05,0.878,0.172,29424
2889,4.69841,4.73815,6.209e-05,0.820,0.171,29420
2890,4.67353,4.73815,6.205e-05,0.817,0.172,29440
2891,4.69764,4.73815,6.202e-05,0.791,0.168,29442
2892,4.72636,4.73815,6.198e-05,0.847,0.176,29405
2893,4.67898,4.73815,6.194e-05,0.919,0.195,29427
2894,4.71387,4.73815,6.191e-05,0.875,0.171,29446
2895,4.70359,4.73815,6.187e-05,0.823,0.171,29420
2896,4.65255,4.73815,6.184e-05,0.827,0.177,29426
2897,4.76465,4.73815,6.180e-05,0.814,0.165,29421
2898,4.87352,4.73815,6.177e-05,0.837,0.166,29430
2899,4.72846,4.73815,6.173e-05,0.855,0.170,29442
2900,4.75392,4.73815,6.170e-05,0.843,0.186,29417
2901,4.78462,4.73815,6.166e-05,0.830,0.178,29381
2902,4.70931,4.73815,6.163e-05,0.861,0.182,29420
2903,4.84369,4.73815,6.160e-05,0.884,0.185,29442
2904,4.75296,4.73815,6.156e-05,0.879,0.183,29424
2905,4.67052,4.73815,6.153e-05,0.872,0.181,29443
2906,4.59788,4.73815,6.150e-05,0.850,0.174,29416
2907,4.67872,4.73815,6.147e-05,0.866,0.181,29418
2908,4.71174,4.73815,6.144e-05,0.860,0.201,29416
2909,4.78331,4.73815,6.141e-05,0.866,0.169,29380
2910,4.75275,4.73815,6.138e-05,0.856,0.169,29435
2911,4.58856,4.73815,6.135e-05,0.815,0.173,29387
2912,4.89469,4.73815,6.132e-05,0.807,0.158,29434
2913,4.46885,4.73815,6.129e-05,0.895,0.203,29456
2914,4.77830,4.73815,6.126e-05,0.868,0.185,29407
2915,4.84346,4.73815,6.123e-05,0.820,0.176,29446
2916,4.77926,4.73815,6.120e-05,0.828,0.170,29434
2917,4.87965,4.73815,6.117e-05,0.794,0.158,29419
2918,4.80268,4.73815,6.114e-05,0.836,0.173,29422
2919,4.66042,4.73815,6.111e-05,0.846,0.177,29432
2920,4.71948,4.73815,6.109e-05,0.851,0.174,29428
2921,4.77604,4.73815,6.106e-05,0.821,0.165,29407
2922,4.65580,4.73815,6.103e-05,0.850,0.183,29436
2923,4.70369,4.73815,6.101e-05,0.859,0.173,29432
2924,4.65311,4.73815,6.098e-05,0.852,0.176,29448
2925,4.63002,4.73815,6.096e-05,0.809,0.163,29448
2926,4.80578,4.73815,6.093e-05,0.865,0.171,29427
2927,4.84050,4.73815,6.091e-05,0.837,0.176,29458
2928,4.75707,4.73815,6.088e-05,0.838,0.180,29432
2929,4.59991,4.73815,6.086e-05,0.915,0.216,29397
2930,4.58802,4.73815,6.083e-05,0.853,0.177,29440
2931,4.76738,4.73815,6.081e-05,0.863,0.176,29421
2932,4.79624,4.73815,6.079e-05,0.875,0.186,29438
2933,4.67387,4.73815,6.076e-05,0.924,0.197,29436
2934,4.72601,4.73815,6.074e-05,0.851,0.176,29423
2935,4.67663,4.73815,6.072e-05,0.887,0.173,29436
2936,4.71562,4.73815,6.070e-05,0.906,0.187,29453
2937,4.63935,4.73815,6.067e-05,0.807,0.181,29419
2938,4.85535,4.73815,6.065e-05,0.818,0.166,29432
2939,4.78341,4.73815,6.063e-05,0.874,0.175,29451
2940,4.81722,4.73815,6.061e-05,0.870,0.174,29454
2941,4.98046,4.73815,6.059e-05,0.866,0.183,29377
2942,4.68935,4.73815,6.057e-05,0.839,0.178,29397
2943,4.61726,4.73815,6.055e-05,0.839,0.176,29421
2944,4.80247,4.73815,6.053e-05,0.879,0.173,29429
2945,4.58631,4.73815,6.051e-05,0.901,0.197,29431
2946,4.63714,4.73815,6.050e-05,0.828,0.176,29435
2947,4.81867,4.73815,6.048e-05,0.795,0.163,29428
2948,4.83295,4.73815,6.046e-05,0.888,0.178,29430
2949,4.82673,4.73815,6.044e-05,0.804,0.161,29428
2950,4.76620,4.73815,6.042e-05,0.823,0.170,29444
2951,4.58307,4.73815,6.041e-05,0.833,0.180,29432
2952,4.98713,4.73815,6.039e-05,0.845,0.168,29413
2953,4.90506,4.73815,6.038e-05,0.872,0.179,29445
2954,4.71859,4.73815,6.036e-05,0.827,0.166,29426
2955,4.80725,4.73815,6.034e-05,0.867,0.175,29431
2956,4.67613,4.73815,6.033e-05,0.824,0.171,29430
2957,4.60243,4.73815,6.031e-05,0.879,0.187,29435
2958,4.80421,4.73815,6.030e-05,0.886,0.192,29419
2959,4.64438,4.73815,6.029e-05,0.894,0.199,29434
2960,4.61905,4.73815,6.027e-05,0.852,0.186,29425
2961,4.85242,4.73815,6.026e-05,0.844,0.174,29372
2962,4.66494,4.73815,6.025e-05,0.821,0.170,29453
2963,4.70781,4.73815,6.023e-05,0.889,0.189,29428
2964,4.69454,4.73815,6.022e-05,0.804,0.168,29424
2965,4.62883,4.73815,6.021e-05,0.819,0.165,29439
2966,4.87865,4.73815,6.020e-05,0.887,0.183,29427
2967,4.84393,4.73815,6.019e-05,0.850,0.179,29402
2968,4.60794,4.73815,6.017e-05,0.859,0.183,29434
2969,4.58617,4.73815,6.016e-05,0.849,0.215,29422
2970,4.76202,4.73815,6.015e-05,0.859,0.182,29441
2971,4.73614,4.73815,6.014e-05,0.818,0.177,29427
2972,4.68508,4.73815,6.013e-05,0.830,0.165,29425
2973,4.82270,4.73815,6.012e-05,0.925,0.194,29425
2974,4.54786,4.73815,6.011e-05,0.859,0.208,29422
2975,4.73727,4.73815,6.011e-05,0.891,0.207,29421
2976,4.75774,4.73815,6.010e-05,0.884,0.174,29423
2977,4.70197,4.73815,6.009e-05,0.852,0.182,29418
2978,4.52761,4.73815,6.008e-05,0.886,0.187,29430
2979,4.77218,4.73815,6.007e-05,0.882,0.185,29435
2980,4.51664,4.73815,6.007e-05,0.880,0.194,29429
2981,4.60835,4.73815,6.006e-05,0.862,0.184,29380
2982,4.74922,4.73815,6.006e-05,0.928,0.184,29413
2983,4.86062,4.73815,6.005e-05,0.878,0.187,29433
2984,4.67620,4.73815,6.004e-05,1.011,0.220,29437
2985,4.72985,4.73815,6.004e-05,0.881,0.184,29432
2986,4.72259,4.73815,6.003e-05,0.998,0.213,29436
2987,4.85590,4.73815,6.003e-05,0.769,0.157,29427
2988,4.84230,4.73815,6.002e-05,0.871,0.186,29444
2989,4.71482,4.73815,6.002e-05,0.849,0.199,29408
2990,4.74479,4.73815,6.002e-05,0.869,0.167,29424
2991,4.60706,4.73815,6.001e-05,0.868,0.182,29422
2992,4.78140,4.73815,6.001e-05,0.808,0.166,29443
2993,4.57905,4.73815,6.001e-05,0.828,0.184,29425
2994,4.76053,4.73815,6.001e-05,0.895,0.176,29464
2995,4.70706,4.73815,6.000e-05,0.883,0.206,29453
2996,4.81172,4.73815,6.000e-05,0.802,0.175,29405
2997,4.81493,4.73815,6.000e-05,0.841,0.168,29425
2998,4.79121,4.73815,6.000e-05,0.860,0.180,29435
2999,4.65641,4.71520,6.000e-05,0.861,0.194,8958
