step,loss,val_loss,lr,grad_norm,proj_grad_norm,tokens_per_s
0,11.87142,11.84665,3.000e-06,5.625,0.938,7876
1,11.84280,11.84665,6.000e-06,5.521,0.896,27982
2,11.80036,11.84665,9.000e-06,4.829,0.819,27818
3,11.73173,11.84665,1.200e-05,4.232,0.705,27903
4,11.65533,11.84665,1.500e-05,3.665,0.494,27986
5,11.62689,11.84665,1.800e-05,2.835,0.424,28088
6,11.52961,11.84665,2.100e-05,2.798,0.332,28167
7,11.49332,11.84665,2.400e-05,2.294,0.228,28106
8,11.45369,11.84665,2.700e-05,2.023,0.198,28060
9,11.48619,11.84665,3.000e-05,1.652,0.188,28058
10,11.40953,11.84665,3.300e-05,1.579,0.151,28058
11,11.39852,11.84665,3.600e-05,1.384,0.099,28072
12,11.32392,11.84665,3.900e-05,1.715,0.187,28260
13,11.29826,11.84665,4.200e-05,1.497,0.085,28058
14,11.26333,11.84665,4.500e-05,1.507,0.080,27988
15,11.31353,11.84665,4.800e-05,1.327,0.168,28080
16,11.28564,11.84665,5.100e-05,1.276,0.109,28025
17,11.22832,11.84665,5.400e-05,1.271,0.073,28096
18,11.18885,11.84665,5.700e-05,1.334,0.097,28209
19,11.18210,11.84665,6.000e-05,1.461,0.221,28090
20,11.11110,11.84665,6.300e-05,1.474,0.113,28046
21,11.18357,11.84665,6.600e-05,1.170,0.125,27725
22,11.07903,11.84665,6.900e-05,1.318,0.094,28017
23,11.03520,11.84665,7.200e-05,1.324,0.076,28060
24,11.06073,11.84665,7.500e-05,1.129,0.072,28181
25,10.98011,11.84665,7.800e-05,1.330,0.058,27941
26,10.94697,11.84665,8.100e-05,1.262,0.098,27953
27,10.90754,11.84665,8.400e-05,1.290,0.058,27929
28,10.89246,11.84665,8.700e-05,1.205,0.085,27909
29,10.81559,11.84665,9.000e-05,1.197,0.035,27977
30,10.83495,11.84665,9.300e-05,1.084,0.080,28091
31,10.77735,11.84665,9.600e-05,1.071,0.038,27975
32,10.72301,11.84665,9.900e-05,1.185,0.064,27935
33,10.62282,11.84665,1.020e-04,1.317,0.046,27964
34,10.58964,11.84665,1.050e-04,1.217,0.084,27958
35,10.53812,11.84665,1.080e-04,1.157,0.056,28047
36,10.50310,11.84665,1.110e-04,1.398,0.104,28051
37,10.44235,11.84665,1.140e-04,1.204,0.041,27913
38,10.37180,11.84665,1.170e-04,1.245,0.065,27932
39,10.34135,11.84665,1.200e-04,1.235,0.037,27940
40,10.27974,11.84665,1.230e-04,1.204,0.069,27928
41,10.23931,11.84665,1.260e-04,1.256,0.041,27669
42,10.16761,11.84665,1.290e-04,1.145,0.033,28040
43,10.08603,11.84665,1.320e-04,1.288,0.059,27925
44,10.05116,11.84665,1.350e-04,1.184,0.039,28028
45,9.98592,11.84665,1.380e-04,1.140,0.061,27984
46,9.93173,11.84665,1.410e-04,1.165,0.064,27961
47,9.84848,11.84665,1.440e-04,1.153,0.068,28108
48,9.76998,11.84665,1.470e-04,1.226,0.075,27869
49,9.72208,11.84665,1.500e-04,1.214,0.084,27781
50,9.66248,11.84665,1.530e-04,1.199,0.063,27768
51,9.58121,11.84665,1.560e-04,1.237,0.071,27783
52,9.51795,11.84665,1.590e-04,1.125,0.076,27794
53,9.47778,11.84665,1.620e-04,1.191,0.098,27960
54,9.40499,11.84665,1.650e-04,1.139,0.042,27933
55,9.36548,11.84665,1.680e-04,1.195,0.071,27967
56,9.27357,11.84665,1.710e-04,1.075,0.058,27941
57,9.24198,11.84665,1.740e-04,1.133,0.053,27870
58,9.19592,11.84665,1.770e-04,1.161,0.070,27794
59,9.17955,11.84665,1.800e-04,1.170,0.047,27857
60,9.07818,11.84665,1.830e-04,1.163,0.041,27773
61,9.05464,11.84665,1.860e-04,1.296,0.055,27516
62,8.92933,11.84665,1.890e-04,1.256,0.087,27925
63,8.85292,11.84665,1.920e-04,1.027,0.085,28030
64,8.85893,11.84665,1.950e-04,0.984,0.069,28092
65,8.69548,11.84665,1.980e-04,1.062,0.090,27995
66,8.70110,11.84665,2.010e-04,1.233,0.155,27943
67,8.68385,11.84665,2.040e-04,1.080,0.112,28017
68,8.55411,11.84665,2.070e-04,1.130,0.063,27951
69,8.54319,11.84665,2.100e-04,1.378,0.195,27988
70,8.43940,11.84665,2.130e-04,0.971,0.089,28102
71,8.48803,11.84665,2.160e-04,1.170,0.125,27979
72,8.39330,11.84665,2.190e-04,0.995,0.034,27957
73,8.32021,11.84665,2.220e-04,1.127,0.183,27908
74,8.30712,11.84665,2.250e-04,0.939,0.053,27909
75,8.14969,11.84665,2.280e-04,0.878,0.077,27977
76,8.16377,11.84665,2.310e-04,0.943,0.078,28122
77,8.20438,11.84665,2.340e-04,1.013,0.072,27945
78,8.17114,11.84665,2.370e-04,1.002,0.108,27978
79,8.08609,11.84665,2.400e-04,0.848,0.050,27962
80,8.10819,11.84665,2.430e-04,0.831,0.059,27932
81,7.99197,11.84665,2.460e-04,0.893,0.090,27672
82,7.95514,11.84665,2.490e-04,1.035,0.118,28088
83,7.96980,11.84665,2.520e-04,0.919,0.114,27938
84,7.90251,11.84665,2.550e-04,0.825,0.098,27924
85,7.80805,11.84665,2.580e-04,1.033,0.139,27939
86,7.94795,11.84665,2.610e-04,0.742,0.081,27935
87,7.89060,11.84665,2.640e-04,0.963,0.150,28047
88,7.76520,11.84665,2.670e-04,0.678,0.079,28028
89,7.83483,11.84665,2.700e-04,0.903,0.128,27941
90,7.63640,11.84665,2.730e-04,0.594,0.099,27931
91,7.66271,11.84665,2.760e-04,0.790,0.166,27927
92,7.65263,11.84665,2.790e-04,0.687,0.170,27943
93,7.60800,11.84665,2.820e-04,0.526,0.109,28070
94,7.62423,11.84665,2.850e-04,0.608,0.190,28050
95,7.60071,11.84665,2.880e-04,0.565,0.098,27929
96,7.59968,11.84665,2.910e-04,0.649,0.236,27956
97,7.54574,11.84665,2.940e-04,0.531,0.144,27980
98,7.41373,11.84665,2.970e-04,0.563,0.132,27950
99,7.57329,11.84665,3.000e-04,0.549,0.160,28104
100,7.45133,11.84665,3.030e-04,0.855,0.168,27970
101,7.54358,11.84665,3.060e-04,0.815,0.185,27649
102,7.44752,11.84665,3.090e-04,0.493,0.123,27966
103,7.51860,11.84665,3.120e-04,1.057,0.254,27965
104,7.48376,11.84665,3.150e-04,0.716,0.174,27957
105,7.49415,11.84665,3.180e-04,0.561,0.134,28108
106,7.39312,11.84665,3.210e-04,0.823,0.227,27949
107,7.49545,11.84665,3.240e-04,0.347,0.080,27949
108,7.33809,11.84665,3.270e-04,0.493,0.143,27962
109,7.36141,11.84665,3.300e-04,0.481,0.124,27944
110,7.39416,11.84665,3.330e-04,0.420,0.096,27988
111,7.39474,11.84665,3.360e-04,0.622,0.258,28089
112,7.40778,11.84665,3.390e-04,0.486,0.166,28025
113,7.37631,11.84665,3.420e-04,0.406,0.134,27967
114,7.37336,11.84665,3.450e-04,0.579,0.157,27953
115,7.41826,11.84665,3.480e-04,0.539,0.127,27930
116,7.23723,11.84665,3.510e-04,0.403,0.092,28014
117,7.32370,11.84665,3.540e-04,0.411,0.101,28071
118,7.32980,11.84665,3.570e-04,0.418,0.128,27963
119,7.29702,11.84665,3.600e-04,0.452,0.145,27992
120,7.32513,11.84665,3.630e-04,0.353,0.125,27925
121,7.32648,11.84665,3.660e-04,0.479,0.142,27772
122,7.20316,11.84665,3.690e-04,0.482,0.216,27933
123,7.19069,11.84665,3.720e-04,0.563,0.223,28036
124,7.18078,11.84665,3.750e-04,0.459,0.151,27950
125,7.14788,11.84665,3.780e-04,0.465,0.102,27939
126,7.25853,11.84665,3.810e-04,0.580,0.203,27958
127,7.22222,11.84665,3.840e-04,0.473,0.150,27941
128,7.23567,11.84665,3.870e-04,0.423,0.127,28082
129,7.27284,11.84665,3.900e-04,0.393,0.124,28023
130,7.22833,11.84665,3.930e-04,0.557,0.243,27954
131,7.15419,11.84665,3.960e-04,0.626,0.270,27953
132,7.05565,11.84665,3.990e-04,0.549,0.184,27941
133,7.21822,11.84665,4.020e-04,0.674,0.235,27965
134,7.13290,11.84665,4.050e-04,0.500,0.168,28164
135,7.14526,11.84665,4.080e-04,0.481,0.154,27987
136,7.10436,11.84665,4.110e-04,0.407,0.137,28005
137,7.00099,11.84665,4.140e-04,0.647,0.242,28003
138,7.08917,11.84665,4.170e-04,0.541,0.214,27935
139,7.02315,11.84665,4.200e-04,0.478,0.157,27978
140,6.96270,11.84665,4.230e-04,0.470,0.187,28149
141,7.15437,11.84665,4.260e-04,0.443,0.133,27604
142,7.07904,11.84665,4.290e-04,0.893,0.344,27964
143,7.03206,11.84665,4.320e-04,0.891,0.301,27944
144,7.01310,11.84665,4.350e-04,0.553,0.210,27931
145,7.09123,11.84665,4.380e-04,0.584,0.146,28038
146,7.10605,11.84665,4.410e-04,0.696,0.211,28098
147,6.95189,11.84665,4.440e-04,0.412,0.129,27976
148,7.07870,11.84665,4.470e-04,0.560,0.156,27947
149,7.02012,11.84665,4.500e-04,0.826,0.357,27951
150,7.12725,11.84665,4.530e-04,1.096,0.464,27951
151,6.96780,11.84665,4.560e-04,0.587,0.210,28035
152,7.06235,11.84665,4.590e-04,0.539,0.209,28088
153,6.91208,11.84665,4.620e-04,0.514,0.190,27969
154,6.91328,11.84665,4.650e-04,0.597,0.244,27936
155,6.97028,11.84665,4.680e-04,0.800,0.350,27973
156,7.05236,11.84665,4.710e-04,0.656,0.292,27952
157,6.95937,11.84665,4.740e-04,0.550,0.202,28046
158,6.98071,11.84665,4.770e-04,0.826,0.359,28074
159,6.98568,11.84665,4.800e-04,0.829,0.410,28016
160,6.99604,11.84665,4.830e-04,0.838,0.320,27958
161,6.97981,11.84665,4.860e-04,0.864,0.375,27666
162,7.08344,11.84665,4.890e-04,0.598,0.243,27918
163,6.78175,11.84665,4.920e-04,0.974,0.421,28102
164,7.00243,11.84665,4.950e-04,0.787,0.336,28026
165,7.03998,11.84665,4.980e-04,0.685,0.271,27926
166,6.88256,11.84665,5.010e-04,0.915,0.387,27949
167,7.00146,11.84665,5.040e-04,0.493,0.179,27952
168,6.87495,11.84665,5.070e-04,0.460,0.190,27935
169,6.91557,11.84665,5.100e-04,0.464,0.192,28103
170,6.80475,11.84665,5.130e-04,0.498,0.178,28010
171,6.83356,11.84665,5.160e-04,0.464,0.176,27939
172,6.88524,11.84665,5.190e-04,0.483,0.185,27958
173,6.89270,11.84665,5.220e-04,0.622,0.232,27912
174,6.86407,11.84665,5.250e-04,0.656,0.256,27994
175,6.80474,11.84665,5.280e-04,0.475,0.200,28113
176,6.85639,11.84665,5.310e-04,0.498,0.200,27986
177,7.05888,11.84665,5.340e-04,0.559,0.233,27949
178,6.93355,11.84665,5.370e-04,0.706,0.346,27957
179,6.89080,11.84665,5.400e-04,0.774,0.301,28033
180,6.76812,11.84665,5.430e-04,0.570,0.240,27988
181,6.82478,11.84665,5.460e-04,0.670,0.312,27661
182,7.01716,11.84665,5.490e-04,0.558,0.204,27942
183,6.86124,11.84665,5.520e-04,0.610,0.222,27927
184,6.84000,11.84665,5.550e-04,0.494,0.193,27950
185,6.70254,11.84665,5.580e-04,0.639,0.287,27933
186,6.83590,11.84665,5.610e-04,0.503,0.217,28069
187,6.91256,11.84665,5.640e-04,0.611,0.267,28084
188,6.84084,11.84665,5.670e-04,0.870,0.432,27962
189,6.86858,11.84665,5.700e-04,1.009,0.523,27946
190,6.76659,11.84665,5.730e-04,0.674,0.284,27942
191,6.83122,11.84665,5.760e-04,0.595,0.262,27953
192,6.66119,11.84665,5.790e-04,0.660,0.285,28064
193,6.76674,11.84665,5.820e-04,0.799,0.355,28062
194,6.77977,11.84665,5.850e-04,0.641,0.295,27932
195,6.81473,11.84665,5.880e-04,0.724,0.405,27963
196,6.83883,11.84665,5.910e-04,0.493,0.201,27967
197,6.74029,11.84665,5.940e-04,0.734,0.333,27926
198,6.72741,11.84665,5.970e-04,0.670,0.291,28107
199,6.73243,11.84665,6.000e-04,0.538,0.261,28019
200,6.62377,11.84665,6.000e-04,0.504,0.202,27958
201,6.77523,11.84665,6.000e-04,0.543,0.267,27606
202,6.75375,11.84665,6.000e-04,0.500,0.189,27955
203,6.69163,11.84665,6.000e-04,0.649,0.343,27955
204,6.67110,11.84665,6.000e-04,0.477,0.198,28123
205,6.55028,11.84665,6.000e-04,0.528,0.310,27975
206,6.83356,11.84665,6.000e-04,0.561,0.224,27935
207,6.70089,11.84665,6.000e-04,0.786,0.436,27950
208,6.75456,11.84665,6.000e-04,0.899,0.434,27953
209,6.59500,11.84665,6.000e-04,0.664,0.291,27975
210,6.72259,11.84665,6.000e-04,0.583,0.260,28107
211,6.69706,11.84665,6.000e-04,0.562,0.264,27968
212,6.64821,11.84665,6.000e-04,0.686,0.286,27950
213,6.70903,11.84665,6.000e-04,0.561,0.230,27959
214,6.63737,11.84665,6.000e-04,0.728,0.325,27925
215,6.65250,11.84665,6.000e-04,0.789,0.364,28015
216,6.70068,11.84665,6.000e-04,0.558,0.277,28100
217,6.59226,11.84665,6.000e-04,0.503,0.217,27937
218,6.73316,11.84665,5.999e-04,0.534,0.185,27943
219,6.63826,11.84665,5.999e-04,0.473,0.208,27953
220,6.76817,11.84665,5.999e-04,0.603,0.226,27933
221,6.70807,11.84665,5.999e-04,0.440,0.167,27699
222,6.59141,11.84665,5.999e-04,0.493,0.230,28043
223,6.65527,11.84665,5.999e-04,0.502,0.228,27950
224,6.72611,11.84665,5.999e-04,0.538,0.193,27979
225,6.74635,11.84665,5.999e-04,0.530,0.222,27940
226,6.50894,11.84665,5.999e-04,0.524,0.229,28043
227,6.66207,11.84665,5.999e-04,0.597,0.277,28066
228,6.67508,11.84665,5.999e-04,0.635,0.282,28067
229,6.69904,11.84665,5.999e-04,0.544,0.259,27919
230,6.69315,11.84665,5.998e-04,0.614,0.289,27941
231,6.69193,11.84665,5.998e-04,0.614,0.287,27961
232,6.61414,11.84665,5.998e-04,0.518,0.220,27932
233,6.64793,11.84665,5.998e-04,0.748,0.335,28101
234,6.61705,11.84665,5.998e-04,0.633,0.285,27992
235,6.79082,11.84665,5.998e-04,0.564,0.257,27943
236,6.70048,11.84665,5.998e-04,0.606,0.261,27923
237,6.66985,11.84665,5.998e-04,0.742,0.378,27939
238,6.74784,11.84665,5.998e-04,0.819,0.416,27978
239,6.66485,11.84665,5.997e-04,0.862,0.455,28093
240,6.71284,11.84665,5.997e-04,0.465,0.176,28002
241,6.76397,11.84665,5.997e-04,0.623,0.324,27626
242,6.70438,11.84665,5.997e-04,0.499,0.187,27931
243,6.62323,11.84665,5.997e-04,0.548,0.230,27961
244,6.57951,11.84665,5.997e-04,0.496,0.216,27990
245,6.62979,11.84665,5.997e-04,0.584,0.246,28139
246,6.58171,11.84665,5.996e-04,0.524,0.226,27963
247,6.54093,11.84665,5.996e-04,0.749,0.375,28030
248,6.63634,11.84665,5.996e-04,0.814,0.409,27906
249,6.54730,11.84665,5.996e-04,0.693,0.336,27984
250,6.42362,6.54222,5.996e-04,0.460,0.207,8440
251,6.64452,6.54222,5.996e-04,0.538,0.235,28172
252,6.61888,6.54222,5.995e-04,0.559,0.261,27876
253,6.66078,6.54222,5.995e-04,0.433,0.186,28068
254,6.56754,6.54222,5.995e-04,0.561,0.229,27971
255,6.56782,6.54222,5.995e-04,0.379,0.151,27958
256,6.62577,6.54222,5.995e-04,0.411,0.154,27923
257,6.58481,6.54222,5.994e-04,0.474,0.204,27964
258,6.52320,6.54222,5.994e-04,0.445,0.180,28097
259,6.59482,6.54222,5.994e-04,0.534,0.240,28050
260,6.48225,6.54222,5.994e-04,0.573,0.255,27956
261,6.47348,6.54222,5.994e-04,0.464,0.198,27617
262,6.54181,6.54222,5.993e-04,0.613,0.265,27892
263,6.46080,6.54222,5.993e-04,0.789,0.377,27999
264,6.50424,6.54222,5.993e-04,0.973,0.528,28063
265,6.49645,6.54222,5.993e-04,1.132,0.622,27972
266,6.61215,6.54222,5.993e-04,0.635,0.305,27920
267,6.54112,6.54222,5.992e-04,0.499,0.225,27973
268,6.49401,6.54222,5.992e-04,0.594,0.258,27911
269,6.52525,6.54222,5.992e-04,0.514,0.228,27962
270,6.45673,6.54222,5.992e-04,0.695,0.324,28121
271,6.52296,6.54222,5.991e-04,0.716,0.329,27960
272,6.59819,6.54222,5.991e-04,0.731,0.363,27936
273,6.44581,6.54222,5.991e-04,0.502,0.215,27943
274,6.57774,6.54222,5.991e-04,0.566,0.222,27948
275,6.69536,6.54222,5.990e-04,0.471,0.198,27989
276,6.56531,6.54222,5.990e-04,0.595,0.258,28080
277,6.35717,6.54222,5.990e-04,0.503,0.220,27923
278,6.53430,6.54222,5.990e-04,0.555,0.220,27920
279,6.55661,6.54222,5.989e-04,0.493,0.203,27901
280,6.49574,6.54222,5.989e-04,0.532,0.234,27929
281,6.45590,6.54222,5.989e-04,0.530,0.248,27713
282,6.51193,6.54222,5.989e-04,0.531,0.218,27995
283,6.45937,6.54222,5.988e-04,0.488,0.207,27922
284,6.68126,6.54222,5.988e-04,0.611,0.257,27951
285,6.34925,6.54222,5.988e-04,0.572,0.257,27916
286,6.50394,6.54222,5.987e-04,0.554,0.216,27935
287,6.53444,6.54222,5.987e-04,0.658,0.301,28071
288,6.69510,6.54222,5.987e-04,0.526,0.227,27954
289,6.44720,6.54222,5.987e-04,0.695,0.323,27917
290,6.44922,6.54222,5.986e-04,0.634,0.304,27938
291,6.55858,6.54222,5.986e-04,0.579,0.247,27956
292,6.42759,6.54222,5.986e-04,0.675,0.362,27914
293,6.51944,6.54222,5.985e-04,0.686,0.296,28130
294,6.55515,6.54222,5.985e-04,0.742,0.370,27956
295,6.49091,6.54222,5.985e-04,0.547,0.229,27942
296,6.47387,6.54222,5.984e-04,0.659,0.327,27900
297,6.55349,6.54222,5.984e-04,0.598,0.248,27932
298,6.42199,6.54222,5.984e-04,0.540,0.262,27997
299,6.52266,6.54222,5.983e-04,0.599,0.291,28098
300,6.36422,6.54222,5.983e-04,0.493,0.205,27959
301,6.44608,6.54222,5.983e-04,0.560,0.278,27625
302,6.45133,6.54222,5.982e-04,0.505,0.244,27921
303,6.43843,6.54222,5.982e-04,0.448,0.178,27935
304,6.49771,6.54222,5.982e-04,0.493,0.216,28051
305,6.40707,6.54222,5.981e-04,0.424,0.182,28097
306,6.26555,6.54222,5.981e-04,0.515,0.214,27980
307,6.48534,6.54222,5.981e-04,0.467,0.193,27970
308,6.35247,6.54222,5.980e-04,0.485,0.199,27915
309,6.54290,6.54222,5.980e-04,0.434,0.177,27937
310,6.45737,6.54222,5.979e-04,0.441,0.189,28041
311,6.58906,6.54222,5.979e-04,0.504,0.226,28084
312,6.40328,6.54222,5.979e-04,0.400,0.152,28067
313,6.39188,6.54222,5.978e-04,0.508,0.210,27922
314,6.31644,6.54222,5.978e-04,0.507,0.237,27946
315,6.45517,6.54222,5.978e-04,0.471,0.188,27994
316,6.56079,6.54222,5.977e-04,0.467,0.185,28042
317,6.40440,6.54222,5.977e-04,0.564,0.248,28076
318,6.37855,6.54222,5.976e-04,0.576,0.242,27969
319,6.33809,6.54222,5.976e-04,0.506,0.234,27913
320,6.40732,6.54222,5.976e-04,0.483,0.209,27928
321,6.34636,6.54222,5.975e-04,0.561,0.263,27708
322,6.22086,6.54222,5.975e-04,0.593,0.296,27952
323,6.53361,6.54222,5.974e-04,0.558,0.270,28013
324,6.43364,6.54222,5.974e-04,0.648,0.342,27941
325,6.43420,6.54222,5.973e-04,0.458,0.185,27937
326,6.50593,6.54222,5.973e-04,0.436,0.179,27965
327,6.32912,6.54222,5.973e-04,0.571,0.269,27977
328,6.29616,6.54222,5.972e-04,0.572,0.251,28095
329,6.43230,6.54222,5.972e-04,0.546,0.219,27990
330,6.39937,6.54222,5.971e-04,0.540,0.240,27940
331,6.36361,6.54222,5.971e-04,0.593,0.266,27967
332,6.31939,6.54222,5.970e-04,0.596,0.258,27927
333,6.44876,6.54222,5.970e-04,0.493,0.209,27969
334,6.39273,6.54222,5.970e-04,0.783,0.348,28162
335,6.44136,6.54222,5.969e-04,0.490,0.208,27941
336,6.54706,6.54222,5.969e-04,0.533,0.210,27960
337,6.44472,6.54222,5.968e-04,0.708,0.299,27980
338,6.38662,6.54222,5.968e-04,0.474,0.187,27939
339,6.43506,6.54222,5.967e-04,0.573,0.230,28034
340,6.22947,6.54222,5.967e-04,0.617,0.288,28108
341,6.24654,6.54222,5.966e-04,0.550,0.257,27652
342,6.47656,6.54222,5.966e-04,0.659,0.317,27937
343,6.20186,6.54222,5.965e-04,0.735,0.382,27964
344,6.40999,6.54222,5.965e-04,0.949,0.481,27926
345,6.52039,6.54222,5.964e-04,0.566,0.265,28061
346,6.32640,6.54222,5.964e-04,0.615,0.288,28060
347,6.43296,6.54222,5.963e-04,0.640,0.291,27934
348,6.31700,6.54222,5.963e-04,0.477,0.193,27974
349,6.25826,6.54222,5.962e-04,0.645,0.292,27947
350,6.28509,6.54222,5.962e-04,0.464,0.214,27953
351,6.44136,6.54222,5.961e-04,0.430,0.169,28088
352,6.34236,6.54222,5.961e-04,0.623,0.291,27985
353,6.36090,6.54222,5.960e-04,0.425,0.168,27961
354,6.30076,6.54222,5.960e-04,0.663,0.296,27916
355,6.40635,6.54222,5.959e-04,0.472,0.196,27919
356,6.38698,6.54222,5.959e-04,0.515,0.212,27944
357,6.43027,6.54222,5.958e-04,0.530,0.222,28081
358,6.37263,6.54222,5.958e-04,0.666,0.328,28005
359,6.38480,6.54222,5.957e-04,0.478,0.202,28027
360,6.29504,6.54222,5.957e-04,0.545,0.254,27927
361,6.47054,6.54222,5.956e-04,0.579,0.252,27694
362,6.33863,6.54222,5.956e-04,0.513,0.214,27922
363,6.30097,6.54222,5.955e-04,0.472,0.210,28116
364,6.32458,6.54222,5.954e-04,0.486,0.221,27963
365,6.51931,6.54222,5.954e-04,0.486,0.196,27961
366,6.27420,6.54222,5.953e-04,0.556,0.249,27909
367,6.31672,6.54222,5.953e-04,0.557,0.263,27942
368,6.38147,6.54222,5.952e-04,0.607,0.307,27991
369,6.36334,6.54222,5.952e-04,0.470,0.196,28086
370,6.22128,6.54222,5.951e-04,0.550,0.264,27956
371,6.14288,6.54222,5.950e-04,0.495,0.211,27925
372,6.24097,6.54222,5.950e-04,0.490,0.211,27954
373,6.30638,6.54222,5.949e-04,0.581,0.228,27962
374,6.27757,6.54222,5.949e-04,0.636,0.283,28027
375,6.24130,6.54222,5.948e-04,0.448,0.182,28084
376,6.34455,6.54222,5.948e-04,0.576,0.231,27933
377,6.32110,6.54222,5.947e-04,0.502,0.214,27953
378,6.27808,6.54222,5.946e-04,0.586,0.242,27966
379,6.28944,6.54222,5.946e-04,0.558,0.245,27936
380,6.30122,6.54222,5.945e-04,0.533,0.217,28034
381,6.19919,6.54222,5.945e-04,0.600,0.284,27702
382,6.19446,6.54222,5.944e-04,0.495,0.215,27961
383,6.32751,6.54222,5.943e-04,0.501,0.221,27932
384,6.13418,6.54222,5.943e-04,0.733,0.338,27935
385,6.39431,6.54222,5.942e-04,0.481,0.181,27916
386,6.38484,6.54222,5.941e-04,0.642,0.299,28135
387,6.36520,6.54222,5.941e-04,0.515,0.217,27996
388,6.24635,6.54222,5.940e-04,0.452,0.180,27944
389,6.25168,6.54222,5.940e-04,0.619,0.259,27895
390,6.14193,6.54222,5.939e-04,0.643,0.303,27928
391,6.27998,6.54222,5.938e-04,0.525,0.227,27966
392,6.22713,6.54222,5.938e-04,0.546,0.215,28070
393,6.22927,6.54222,5.937e-04,0.502,0.226,27991
394,6.35637,6.54222,5.936e-04,0.597,0.215,27955
395,6.22252,6.54222,5.936e-04,0.480,0.212,27931
396,6.16841,6.54222,5.935e-04,0.510,0.213,27932
397,6.20118,6.54222,5.934e-04,0.553,0.268,27997
398,6.20702,6.54222,5.934e-04,0.425,0.162,28114
399,6.30374,6.54222,5.933e-04,0.452,0.188,27932
400,6.31943,6.54222,5.932e-04,0.437,0.181,27906
401,6.21563,6.54222,5.932e-04,0.475,0.190,27599
402,6.21231,6.54222,5.931e-04,0.615,0.257,27944
403,6.14494,6.54222,5.930e-04,0.627,0.304,28021
404,6.23756,6.54222,5.930e-04,0.651,0.242,28087
405,6.20578,6.54222,5.929e-04,0.482,0.202,27935
406,6.25274,6.54222,5.928e-04,0.570,0.236,27940
407,6.26291,6.54222,5.928e-04,0.625,0.295,27946
408,6.14167,6.54222,5.927e-04,0.552,0.244,27946
409,6.21793,6.54222,5.926e-04,0.712,0.360,28081
410,6.30930,6.54222,5.925e-04,0.441,0.169,28063
411,6.15650,6.54222,5.925e-04,0.582,0.266,27908
412,6.25967,6.54222,5.924e-04,0.471,0.188,27947
413,6.29180,6.54222,5.923e-04,0.451,0.191,27955
414,6.19750,6.54222,5.923e-04,1.005,0.272,27919
415,6.25602,6.54222,5.922e-04,0.465,0.187,28060
416,6.11517,6.54222,5.921e-04,0.555,0.245,28059
417,6.22434,6.54222,5.920e-04,0.478,0.198,27956
418,6.24635,6.54222,5.920e-04,0.494,0.213,27950
419,6.22750,6.54222,5.919e-04,0.607,0.269,27940
420,6.31992,6.54222,5.918e-04,0.745,0.381,27978
421,6.11570,6.54222,5.917e-04,1.000,0.533,27676
422,6.14192,6.54222,5.917e-04,0.667,0.314,28004
423,6.23732,6.54222,5.916e-04,0.505,0.212,27937
424,6.21546,6.54222,5.915e-04,0.500,0.209,28001
425,6.08153,6.54222,5.914e-04,0.511,0.215,27935
426,6.17541,6.54222,5.914e-04,0.453,0.191,28131
427,6.31264,6.54222,5.913e-04,0.519,0.214,28117
428,6.20925,6.54222,5.912e-04,0.507,0.193,27983
429,6.31188,6.54222,5.911e-04,0.445,0.167,27927
430,6.24278,6.54222,5.911e-04,0.586,0.238,27967
431,6.25508,6.54222,5.910e-04,0.558,0.211,27953
432,6.26229,6.54222,5.909e-04,0.579,0.222,28020
433,6.31527,6.54222,5.908e-04,0.534,0.189,28113
434,6.11980,6.54222,5.907e-04,0.534,0.230,27901
435,6.16808,6.54222,5.907e-04,0.456,0.172,27946
436,6.12291,6.54222,5.906e-04,0.508,0.225,27931
437,6.20147,6.54222,5.905e-04,0.447,0.177,27931
438,6.05765,6.54222,5.904e-04,0.577,0.284,28025
439,6.11552,6.54222,5.904e-04,0.495,0.209,28097
440,6.06382,6.54222,5.903e-04,0.559,0.210,27954
441,6.23588,6.54222,5.902e-04,0.544,0.241,27617
442,6.16328,6.54222,5.901e-04,0.442,0.172,27909
443,6.03098,6.54222,5.900e-04,0.516,0.232,27947
444,6.26911,6.54222,5.899e-04,0.472,0.163,28067
445,6.00327,6.54222,5.899e-04,0.540,0.214,28065
446,6.23447,6.54222,5.898e-04,0.537,0.201,27947
447,6.16571,6.54222,5.897e-04,0.588,0.240,27936
448,6.13325,6.54222,5.896e-04,0.472,0.196,27914
449,6.08051,6.54222,5.895e-04,0.607,0.276,27947
450,6.10204,6.54222,5.894e-04,0.553,0.231,28090
451,6.25171,6.54222,5.894e-04,0.609,0.264,28042
452,6.06290,6.54222,5.893e-04,0.536,0.222,27934
453,6.27709,6.54222,5.892e-04,0.550,0.216,27945
454,6.13968,6.54222,5.891e-04,0.744,0.303,27972
455,6.03727,6.54222,5.890e-04,0.585,0.268,27961
456,6.25757,6.54222,5.889e-04,0.692,0.276,28085
457,6.11680,6.54222,5.889e-04,0.611,0.281,28024
458,6.24112,6.54222,5.888e-04,0.554,0.237,27940
459,6.23066,6.54222,5.887e-04,0.588,0.243,27974
460,6.10848,6.54222,5.886e-04,0.478,0.192,27945
461,6.15967,6.54222,5.885e-04,0.475,0.189,27753
462,6.03666,6.54222,5.884e-04,0.471,0.173,27977
463,6.24180,6.54222,5.883e-04,0.500,0.200,27935
464,6.19448,6.54222,5.882e-04,0.519,0.188,27959
465,6.30752,6.54222,5.882e-04,0.484,0.178,27968
466,5.97519,6.54222,5.881e-04,0.560,0.235,27943
467,6.19795,6.54222,5.880e-04,0.490,0.201,28013
468,5.99925,6.54222,5.879e-04,0.588,0.260,28103
469,6.25941,6.54222,5.878e-04,0.598,0.240,28106
470,6.08874,6.54222,5.877e-04,0.591,0.246,27947
471,6.20310,6.54222,5.876e-04,0.508,0.194,27978
472,6.10173,6.54222,5.875e-04,0.565,0.240,27966
473,6.12811,6.54222,5.874e-04,0.518,0.192,28027
474,6.17137,6.54222,5.873e-04,0.492,0.214,28084
475,6.15050,6.54222,5.872e-04,0.552,0.241,27973
476,6.13314,6.54222,5.872e-04,0.543,0.220,27967
477,6.01137,6.54222,5.871e-04,0.573,0.263,27925
478,5.98643,6.54222,5.870e-04,0.705,0.343,27982
479,6.05414,6.54222,5.869e-04,0.568,0.239,28064
480,6.26452,6.54222,5.868e-04,0.533,0.195,28088
481,5.99849,6.54222,5.867e-04,0.591,0.232,27635
482,6.08756,6.54222,5.866e-04,0.589,0.242,27901
483,6.25563,6.54222,5.865e-04,0.475,0.157,27948
484,6.28681,6.54222,5.864e-04,0.523,0.214,27963
485,6.15575,6.54222,5.863e-04,0.447,0.164,28093
486,6.02343,6.54222,5.862e-04,0.495,0.213,28033
487,6.05918,6.54222,5.861e-04,0.484,0.170,27970
488,6.16088,6.54222,5.860e-04,0.486,0.192,27942
489,6.26472,6.54222,5.859e-04,0.511,0.185,27968
490,6.11116,6.54222,5.858e-04,0.513,0.211,27918
491,6.27751,6.54222,5.857e-04,0.667,0.247,28154
492,6.08619,6.54222,5.856e-04,0.477,0.200,28002
493,6.13004,6.54222,5.855e-04,0.640,0.285,27998
494,6.13116,6.54222,5.854e-04,0.442,0.163,27957
495,6.45273,6.54222,5.853e-04,0.522,0.195,27936
496,6.12957,6.54222,5.852e-04,0.533,0.224,27952
497,6.13864,6.54222,5.851e-04,0.468,0.169,28121
498,6.07283,6.54222,5.850e-04,0.572,0.259,27965
499,6.02913,6.54222,5.849e-04,0.561,0.228,27928
500,6.15778,6.01275,5.848e-04,0.531,0.206,8421
501,6.14548,6.01275,5.847e-04,0.614,0.185,27983
502,5.93544,6.01275,5.846e-04,0.493,0.205,27890
503,6.01400,6.01275,5.845e-04,0.602,0.302,27954
504,6.01620,6.01275,5.844e-04,0.520,0.216,28042
505,5.96883,6.01275,5.843e-04,0.481,0.186,28074
506,6.12593,6.01275,5.842e-04,0.519,0.217,27941
507,6.12359,6.01275,5.841e-04,0.481,0.174,27965
508,6.08400,6.01275,5.840e-04,0.504,0.206,27963
509,6.04762,6.01275,5.839e-04,0.563,0.233,27922
510,6.15088,6.01275,5.838e-04,0.564,0.229,28106
511,5.87237,6.01275,5.837e-04,0.489,0.191,27613
512,5.96973,6.01275,5.836e-04,0.510,0.178,27953
513,5.87995,6.01275,5.835e-04,0.583,0.201,27938
514,6.07524,6.01275,5.834e-04,0.523,0.206,27999
515,6.01436,6.01275,5.833e-04,0.458,0.161,27970
516,6.02536,6.01275,5.832e-04,0.513,0.201,28129
517,6.00758,6.01275,5.831e-04,0.483,0.187,27992
518,5.98288,6.01275,5.830e-04,0.560,0.215,27959
519,6.01741,6.01275,5.829e-04,0.535,0.222,27935
520,6.03781,6.01275,5.828e-04,0.597,0.254,27936
521,6.14383,6.01275,5.827e-04,0.634,0.255,27706
522,5.88165,6.01275,5.826e-04,0.556,0.231,28021
523,5.98232,6.01275,5.825e-04,0.652,0.306,27968
524,6.10952,6.01275,5.824e-04,0.571,0.256,27953
525,6.00881,6.01275,5.822e-04,0.509,0.210,27929
526,5.93056,6.01275,5.821e-04,0.555,0.248,27922
527,5.97062,6.01275,5.820e-04,0.583,0.229,28029
528,5.98250,6.01275,5.819e-04,0.486,0.182,28065
529,6.02424,6.01275,5.818e-04,0.505,0.174,27929
530,6.00167,6.01275,5.817e-04,0.468,0.186,27954
531,5.94261,6.01275,5.816e-04,0.516,0.186,27958
532,6.01152,6.01275,5.815e-04,0.496,0.193,27974
533,6.01173,6.01275,5.814e-04,0.525,0.183,28055
534,6.09023,6.01275,5.813e-04,0.505,0.181,28134
535,5.85607,6.01275,5.812e-04,0.490,0.178,27925
536,6.06539,6.01275,5.810e-04,0.525,0.188,27935
537,6.05322,6.01275,5.809e-04,0.474,0.161,27957
538,5.89222,6.01275,5.808e-04,0.543,0.223,27936
539,6.09695,6.01275,5.807e-04,0.465,0.166,28051
540,5.96784,6.01275,5.806e-04,0.520,0.221,28065
541,5.99911,6.01275,5.805e-04,0.522,0.193,27658
542,5.94274,6.01275,5.804e-04,0.506,0.205,27926
543,5.93337,6.01275,5.803e-04,0.560,0.218,27980
544,6.00956,6.01275,5.801e-04,0.511,0.193,27954
545,6.01157,6.01275,5.800e-04,0.484,0.174,28095
546,6.18198,6.01275,5.799e-04,0.935,0.340,28010
547,6.20134,6.01275,5.798e-04,0.718,0.262,27950
548,6.08640,6.01275,5.797e-04,0.651,0.275,27939
549,5.92433,6.01275,5.796e-04,0.470,0.175,27982
550,5.96283,6.01275,5.794e-04,0.474,0.182,27958
551,5.95713,6.01275,5.793e-04,0.536,0.215,28097
552,5.89433,6.01275,5.792e-04,0.439,0.171,27960
553,5.79448,6.01275,5.791e-04,0.595,0.246,27944
554,6.07470,6.01275,5.790e-04,0.559,0.219,27950
555,5.98059,6.01275,5.789e-04,0.502,0.187,27966
556,6.06391,6.01275,5.787e-04,0.612,0.226,27992
557,5.94340,6.01275,5.786e-04,0.532,0.209,28080
558,5.85979,6.01275,5.785e-04,0.534,0.214,27926
559,5.99855,6.01275,5.784e-04,0.542,0.208,28017
560,5.89200,6.01275,5.783e-04,0.464,0.173,27956
561,6.03215,6.01275,5.782e-04,0.588,0.232,27761
562,5.84727,6.01275,5.780e-04,0.459,0.169,27977
563,5.93597,6.01275,5.779e-04,0.545,0.206,28077
564,6.05857,6.01275,5.778e-04,0.572,0.203,27971
565,5.83172,6.01275,5.777e-04,0.502,0.171,27910
566,5.90798,6.01275,5.776e-04,0.479,0.177,27956
567,5.96342,6.01275,5.774e-04,0.503,0.179,27970
568,5.84177,6.01275,5.773e-04,0.490,0.192,28030
569,6.03533,6.01275,5.772e-04,0.504,0.180,28084
570,5.90834,6.01275,5.771e-04,0.462,0.174,27923
571,5.91216,6.01275,5.769e-04,0.508,0.184,27945
572,5.98633,6.01275,5.768e-04,0.456,0.160,27904
573,6.07039,6.01275,5.767e-04,0.502,0.171,27937
574,6.01946,6.01275,5.766e-04,0.517,0.191,28066
575,5.80075,6.01275,5.765e-04,0.629,0.246,28031
576,6.00761,6.01275,5.763e-04,0.609,0.261,27932
577,5.79229,6.01275,5.762e-04,0.598,0.252,27917
578,5.90673,6.01275,5.761e-04,0.474,0.183,27949
579,5.96104,6.01275,5.760e-04,0.559,0.201,27943
580,5.99139,6.01275,5.758e-04,0.545,0.221,28092
581,5.92563,6.01275,5.757e-04,0.515,0.196,27651
582,5.74101,6.01275,5.756e-04,0.658,0.268,27956
583,6.04214,6.01275,5.755e-04,0.450,0.156,27912
584,5.78675,6.01275,5.753e-04,0.686,0.293,27930
585,5.91302,6.01275,5.752e-04,0.554,0.225,27931
586,5.94109,6.01275,5.751e-04,0.623,0.243,28100
587,5.86989,6.01275,5.749e-04,0.501,0.197,27964
588,5.98319,6.01275,5.748e-04,0.529,0.210,27934
589,5.97537,6.01275,5.747e-04,0.513,0.174,27934
590,6.12705,6.01275,5.746e-04,0.555,0.165,27927
591,5.99825,6.01275,5.744e-04,0.596,0.221,27970
592,6.11290,6.01275,5.743e-04,0.610,0.218,28091
593,6.05744,6.01275,5.742e-04,0.788,0.256,27914
594,5.93150,6.01275,5.740e-04,0.635,0.208,27939
595,5.82330,6.01275,5.739e-04,0.603,0.236,27937
596,5.94664,6.01275,5.738e-04,0.546,0.183,27939
597,5.86885,6.01275,5.737e-04,0.672,0.290,28025
598,5.95618,6.01275,5.735e-04,0.588,0.219,28078
599,5.95922,6.01275,5.734e-04,0.592,0.230,27898
600,5.87680,6.01275,5.733e-04,0.497,0.182,27937
601,5.84118,6.01275,5.731e-04,0.492,0.167,27671
602,6.04963,6.01275,5.730e-04,0.521,0.168,27907
603,6.08741,6.01275,5.729e-04,0.557,0.211,28076
604,5.94389,6.01275,5.727e-04,0.525,0.195,28041
605,5.90056,6.01275,5.726e-04,0.452,0.172,27944
606,6.00315,6.01275,5.725e-04,0.538,0.221,27980
607,5.99677,6.01275,5.723e-04,0.516,0.172,27930
608,5.88383,6.01275,5.722e-04,0.572,0.192,27967
609,5.99616,6.01275,5.721e-04,0.512,0.183,28079
610,5.92647,6.01275,5.719e-04,0.538,0.197,28003
611,5.92587,6.01275,5.718e-04,0.648,0.250,27924
612,5.94506,6.01275,5.717e-04,0.664,0.266,27930
613,6.15391,6.01275,5.715e-04,0.461,0.154,27968
614,5.99847,6.01275,5.714e-04,0.617,0.222,27982
615,5.97060,6.01275,5.713e-04,0.499,0.172,28112
616,6.00842,6.01275,5.711e-04,0.569,0.200,27978
617,6.00305,6.01275,5.710e-04,0.612,0.222,27967
618,5.88711,6.01275,5.708e-04,0.508,0.170,27949
619,5.85219,6.01275,5.707e-04,0.488,0.176,27971
620,5.91694,6.01275,5.706e-04,0.593,0.210,27952
621,5.84239,6.01275,5.704e-04,0.514,0.198,27671
622,5.75582,6.01275,5.703e-04,0.541,0.192,27945
623,6.01912,6.01275,5.702e-04,0.602,0.203,27971
624,5.75925,6.01275,5.700e-04,0.519,0.185,27973
625,5.87893,6.01275,5.699e-04,0.588,0.205,27899
626,5.64936,6.01275,5.697e-04,0.685,0.238,28155
627,5.82722,6.01275,5.696e-04,0.567,0.201,28111
628,5.76160,6.01275,5.695e-04,0.485,0.184,27913
629,5.97724,6.01275,5.693e-04,0.538,0.194,27949
630,5.92747,6.01275,5.692e-04,0.480,0.157,27919
631,5.90605,6.01275,5.690e-04,0.495,0.189,27893
632,5.72176,6.01275,5.689e-04,0.513,0.194,28074
633,5.76876,6.01275,5.688e-04,0.520,0.188,28081
634,5.74619,6.01275,5.686e-04,0.567,0.219,27947
635,5.80502,6.01275,5.685e-04,0.534,0.189,27962
636,5.97248,6.01275,5.683e-04,0.633,0.252,27934
637,5.75786,6.01275,5.682e-04,0.499,0.183,27923
638,5.79057,6.01275,5.680e-04,0.671,0.262,28051
639,5.96535,6.01275,5.679e-04,0.528,0.186,28052
640,5.88989,6.01275,5.678e-04,0.617,0.206,27943
641,5.94572,6.01275,5.676e-04,0.570,0.177,27583
642,5.71039,6.01275,5.675e-04,0.647,0.254,27946
643,5.86391,6.01275,5.673e-04,0.534,0.189,27961
644,5.87224,6.01275,5.672e-04,0.533,0.183,28111
645,5.85233,6.01275,5.670e-04,0.498,0.176,28022
646,5.85245,6.01275,5.669e-04,0.606,0.233,27909
647,5.62889,6.01275,5.667e-04,0.553,0.214,27974
648,5.83963,6.01275,5.666e-04,0.577,0.207,27964
649,5.90879,6.01275,5.665e-04,0.579,0.178,27990
650,5.89655,6.01275,5.663e-04,0.511,0.185,28109
651,5.83328,6.01275,5.662e-04,0.554,0.201,27955
652,6.05345,6.01275,5.660e-04,0.516,0.179,27917
653,5.81811,6.01275,5.659e-04,0.648,0.233,27937
654,5.71341,6.01275,5.657e-04,0.606,0.246,27954
655,5.69550,6.01275,5.656e-04,0.577,0.211,27986
656,5.85205,6.01275,5.654e-04,0.532,0.174,28089
657,5.92150,6.01275,5.653e-04,0.678,0.199,27953
658,5.85234,6.01275,5.651e-04,0.616,0.206,27940
659,5.99047,6.01275,5.650e-04,0.559,0.173,27927
660,5.77071,6.01275,5.648e-04,0.689,0.244,27943
661,5.76883,6.01275,5.647e-04,0.569,0.213,27702
662,5.94435,6.01275,5.645e-04,0.634,0.199,28048
663,5.90391,6.01275,5.644e-04,0.530,0.172,27948
664,5.98697,6.01275,5.642e-04,0.586,0.167,27948
665,5.98950,6.01275,5.641e-04,0.537,0.174,27964
666,5.72948,6.01275,5.639e-04,0.592,0.198,27943
667,5.90671,6.01275,5.638e-04,0.513,0.173,28051
668,5.78271,6.01275,5.636e-04,0.505,0.165,28039
669,5.92985,6.01275,5.635e-04,0.542,0.159,27995
670,5.72096,6.01275,5.633e-04,0.526,0.193,27937
671,5.82563,6.01275,5.632e-04,0.552,0.188,27925
672,5.92595,6.01275,5.630e-04,0.557,0.198,27954
673,5.93749,6.01275,5.629e-04,0.542,0.205,28095
674,5.87227,6.01275,5.627e-04,0.574,0.200,27994
675,5.82697,6.01275,5.626e-04,0.531,0.182,27951
676,5.75673,6.01275,5.624e-04,0.665,0.232,27886
677,5.92606,6.01275,5.622e-04,0.569,0.195,27990
678,5.88096,6.01275,5.621e-04,0.615,0.201,27964
679,5.79686,6.01275,5.619e-04,0.517,0.169,28120
680,5.87285,6.01275,5.618e-04,0.678,0.229,27957
681,5.74883,6.01275,5.616e-04,0.599,0.220,27613
682,5.86728,6.01275,5.615e-04,0.602,0.220,27882
683,5.76435,6.01275,5.613e-04,0.562,0.181,27955
684,5.88718,6.01275,5.612e-04,0.542,0.171,27990
685,5.78561,6.01275,5.610e-04,0.538,0.171,28110
686,5.81250,6.01275,5.608e-04,0.522,0.179,27955
687,5.59551,6.01275,5.607e-04,0.480,0.150,27951
688,5.82041,6.01275,5.605e-04,0.514,0.187,27922
689,5.77593,6.01275,5.604e-04,0.483,0.162,27916
690,5.94942,6.01275,5.602e-04,0.498,0.162,28043
691,5.61244,6.01275,5.601e-04,0.503,0.170,28094
692,6.06465,6.01275,5.599e-04,0.515,0.157,27954
693,5.67843,6.01275,5.597e-04,0.536,0.175,27967
694,5.82481,6.01275,5.596e-04,0.573,0.218,27968
695,6.00747,6.01275,5.594e-04,0.569,0.167,27951
696,5.71456,6.01275,5.593e-04,0.574,0.213,28031
697,5.80587,6.01275,5.591e-04,0.629,0.206,28095
698,5.91320,6.01275,5.589e-04,0.558,0.180,27953
699,5.83379,6.01275,5.588e-04,0.554,0.173,27959
700,5.91739,6.01275,5.586e-04,0.535,0.174,27938
701,5.73006,6.01275,5.585e-04,0.552,0.178,27734
702,5.60460,6.01275,5.583e-04,0.616,0.242,27975
703,5.78786,6.01275,5.581e-04,0.567,0.178,28014
704,5.74391,6.01275,5.580e-04,0.569,0.194,27951
705,5.82351,6.01275,5.578e-04,0.598,0.202,27990
706,5.83804,6.01275,5.576e-04,0.565,0.191,27914
707,5.80330,6.01275,5.575e-04,0.491,0.163,27996
708,5.91676,6.01275,5.573e-04,0.570,0.188,28086
709,5.74525,6.01275,5.572e-04,0.567,0.190,28001
710,5.62594,6.01275,5.570e-04,0.525,0.172,27947
711,5.75972,6.01275,5.568e-04,0.619,0.223,27963
712,5.65261,6.01275,5.567e-04,0.530,0.179,27915
713,5.72461,6.01275,5.565e-04,0.515,0.178,27979
714,5.67133,6.01275,5.563e-04,0.633,0.212,28109
715,5.57866,6.01275,5.562e-04,0.575,0.198,27999
716,5.58944,6.01275,5.560e-04,0.575,0.196,27963
717,5.83334,6.01275,5.558e-04,0.525,0.173,27946
718,5.62121,6.01275,5.557e-04,0.550,0.203,27965
719,5.88295,6.01275,5.555e-04,0.548,0.157,27976
720,5.73405,6.01275,5.553e-04,0.538,0.171,28111
721,5.66275,6.01275,5.552e-04,0.597,0.200,27683
722,5.69854,6.01275,5.550e-04,0.592,0.174,27966
723,5.83252,6.01275,5.548e-04,0.514,0.171,27955
724,5.75079,6.01275,5.547e-04,0.532,0.181,27945
725,5.79997,6.01275,5.545e-04,0.646,0.181,28055
726,5.68842,6.01275,5.543e-04,0.602,0.206,28076
727,5.83607,6.01275,5.542e-04,0.684,0.204,27957
728,6.04754,6.01275,5.540e-04,0.536,0.169,27978
729,5.80798,6.01275,5.538e-04,0.822,0.244,27923
730,5.62388,6.01275,5.537e-04,0.606,0.217,27944
731,5.73692,6.01275,5.535e-04,0.611,0.203,28058
732,5.81047,6.01275,5.533e-04,0.624,0.183,28073
733,5.71335,6.01275,5.531e-04,0.674,0.211,27923
734,5.90556,6.01275,5.530e-04,0.643,0.230,27939
735,5.84048,6.01275,5.528e-04,0.506,0.180,27952
736,5.78636,6.01275,5.526e-04,0.618,0.196,28000
737,5.53976,6.01275,5.525e-04,0.666,0.228,28084
738,5.77157,6.01275,5.523e-04,0.521,0.179,28047
739,5.77669,6.01275,5.521e-04,0.565,0.173,27932
740,5.73165,6.01275,5.519e-04,0.590,0.209,27938
741,5.77120,6.01275,5.518e-04,0.562,0.190,27730
742,5.76138,6.01275,5.516e-04,0.579,0.179,27907
743,5.76593,6.01275,5.514e-04,0.604,0.213,28117
744,5.60821,6.01275,5.512e-04,0.517,0.167,28004
745,5.67304,6.01275,5.511e-04,0.543,0.178,27914
746,5.78403,6.01275,5.509e-04,0.583,0.180,27928
747,5.90379,6.01275,5.507e-04,0.560,0.165,27965
748,5.75548,6.01275,5.506e-04,0.644,0.226,27941
749,5.73794,6.01275,5.504e-04,0.557,0.163,28125
750,5.95444,5.67433,5.502e-04,0.546,0.155,8437
751,5.77101,5.67433,5.500e-04,0.665,0.222,28070
752,5.75135,5.67433,5.499e-04,0.509,0.159,27972
753,5.76694,5.67433,5.497e-04,0.593,0.191,27922
754,5.64720,5.67433,5.495e-04,0.643,0.204,27937
755,5.55825,5.67433,5.493e-04,0.589,0.187,27952
756,5.72886,5.67433,5.491e-04,0.541,0.159,28044
757,5.60662,5.67433,5.490e-04,0.579,0.180,28062
758,5.79966,5.67433,5.488e-04,0.619,0.190,27957
759,5.71822,5.67433,5.486e-04,0.551,0.165,27907
760,5.73498,5.67433,5.484e-04,0.623,0.185,27943
761,5.71884,5.67433,5.483e-04,0.573,0.163,27752
762,5.99410,5.67433,5.481e-04,0.579,0.169,27988
763,5.54866,5.67433,5.479e-04,0.535,0.178,28033
764,5.50912,5.67433,5.477e-04,0.577,0.182,27929
765,5.72064,5.67433,5.475e-04,0.506,0.158,27968
766,5.69793,5.67433,5.474e-04,0.612,0.189,27949
767,5.78369,5.67433,5.472e-04,0.617,0.179,27968
768,5.72436,5.67433,5.470e-04,0.622,0.171,28087
769,5.53711,5.67433,5.468e-04,0.598,0.205,28034
770,5.57407,5.67433,5.466e-04,0.536,0.182,27941
771,5.84562,5.67433,5.465e-04,0.541,0.166,27959
772,5.74805,5.67433,5.463e-04,0.519,0.164,27971
773,5.75033,5.67433,5.461e-04,0.564,0.173,27977
774,5.56243,5.67433,5.459e-04,0.532,0.176,28104
775,5.73728,5.67433,5.457e-04,0.593,0.193,27955
776,5.79491,5.67433,5.456e-04,0.512,0.151,27944
777,5.60218,5.67433,5.454e-04,0.622,0.204,27966
778,5.60992,5.67433,5.452e-04,0.597,0.200,27932
779,5.75291,5.67433,5.450e-04,0.636,0.193,27986
780,5.77653,5.67433,5.448e-04,0.580,0.164,28086
781,5.69958,5.67433,5.446e-04,0.588,0.170,27653
782,5.58234,5.67433,5.445e-04,0.647,0.232,27946
783,5.65086,5.67433,5.443e-04,0.567,0.171,27969
784,5.77401,5.67433,5.441e-04,0.540,0.170,27965
785,5.50550,5.67433,5.439e-04,0.586,0.210,28041
786,5.68882,5.67433,5.437e-04,0.600,0.179,28082
787,5.76871,5.67433,5.435e-04,0.542,0.165,27938
788,5.65014,5.67433,5.433e-04,0.576,0.181,27970
789,5.82971,5.67433,5.432e-04,0.614,0.199,27953
790,5.68687,5.67433,5.430e-04,0.534,0.167,27952
791,5.82379,5.67433,5.428e-04,0.595,0.173,28070
792,5.54430,5.67433,5.426e-04,0.542,0.177,28054
793,5.79489,5.67433,5.424e-04,0.597,0.181,27937
794,5.62338,5.67433,5.422e-04,0.544,0.170,27959
795,5.96436,5.67433,5.420e-04,0.741,0.216,27960
796,5.86162,5.67433,5.418e-04,0.839,0.242,27924
797,5.64332,5.67433,5.417e-04,0.706,0.218,28086
798,5.65883,5.67433,5.415e-04,0.637,0.187,28029
799,5.78586,5.67433,5.413e-04,0.601,0.188,27946
800,5.69813,5.67433,5.411e-04,0.642,0.187,27931
801,5.69508,5.67433,5.409e-04,0.645,0.195,27658
802,5.80918,5.67433,5.407e-04,0.583,0.172,27863
803,5.64618,5.67433,5.405e-04,0.570,0.169,28145
804,5.47822,5.67433,5.403e-04,0.616,0.199,28001
805,5.72093,5.67433,5.401e-04,0.622,0.182,27975
806,5.74564,5.67433,5.400e-04,0.595,0.186,27917
807,5.61661,5.67433,5.398e-04,0.577,0.185,27949
808,5.60340,5.67433,5.396e-04,0.572,0.185,27996
809,5.62433,5.67433,5.394e-04,0.529,0.173,28091
810,5.58885,5.67433,5.392e-04,0.513,0.158,27947
811,5.69870,5.67433,5.390e-04,0.517,0.148,27987
812,5.70913,5.67433,5.388e-04,0.513,0.151,27946
813,5.59521,5.67433,5.386e-04,0.562,0.180,27935
814,5.75130,5.67433,5.384e-04,0.512,0.144,28005
815,5.83008,5.67433,5.382e-04,0.633,0.174,28107
816,5.75356,5.67433,5.380e-04,0.613,0.175,27967
817,5.55170,5.67433,5.378e-04,0.621,0.187,27952
818,5.59490,5.67433,5.377e-04,0.572,0.175,27935
819,5.70036,5.67433,5.375e-04,0.568,0.173,27954
820,5.78836,5.67433,5.373e-04,0.547,0.148,28011
821,5.68165,5.67433,5.371e-04,0.576,0.187,27647
822,5.67919,5.67433,5.369e-04,0.540,0.163,27975
823,5.73150,5.67433,5.367e-04,0.535,0.168,27945
824,5.56490,5.67433,5.365e-04,0.554,0.165,27979
825,5.70168,5.67433,5.363e-04,0.503,0.138,27973
826,5.65618,5.67433,5.361e-04,0.526,0.155,28116
827,5.79479,5.67433,5.359e-04,0.628,0.166,28045
828,5.66637,5.67433,5.357e-04,0.844,0.247,27940
829,5.69201,5.67433,5.355e-04,0.619,0.181,27936
830,5.72206,5.67433,5.353e-04,0.586,0.181,27967
831,5.70793,5.67433,5.351e-04,0.529,0.160,27954
832,5.76293,5.67433,5.349e-04,0.583,0.181,28092
833,5.67456,5.67433,5.347e-04,0.579,0.167,28008
834,5.76418,5.67433,5.345e-04,0.664,0.186,27931
835,5.67788,5.67433,5.343e-04,0.577,0.163,27965
836,5.72577,5.67433,5.341e-04,0.542,0.152,27959
837,5.63463,5.67433,5.339e-04,0.586,0.178,27998
838,5.57525,5.67433,5.337e-04,0.537,0.149,28096
839,5.82430,5.67433,5.335e-04,0.588,0.153,27996
840,5.41813,5.67433,5.333e-04,0.577,0.190,27917
841,5.57537,5.67433,5.331e-04,0.548,0.158,27669
842,5.69439,5.67433,5.329e-04,0.575,0.169,27877
843,5.66764,5.67433,5.327e-04,0.599,0.169,27988
844,5.68356,5.67433,5.325e-04,0.630,0.178,28078
845,5.48298,5.67433,5.323e-04,0.620,0.218,27930
846,5.60997,5.67433,5.321e-04,0.704,0.204,27989
847,5.65277,5.67433,5.319e-04,0.626,0.184,28028
848,5.78005,5.67433,5.317e-04,0.576,0.158,27947
849,5.63882,5.67433,5.315e-04,0.602,0.157,28022
850,5.60982,5.67433,5.313e-04,0.618,0.184,28117
851,5.55183,5.67433,5.311e-04,0.618,0.185,27894
852,5.72898,5.67433,5.309e-04,0.626,0.186,27940
853,5.62465,5.67433,5.307e-04,0.599,0.176,27944
854,5.67074,5.67433,5.305e-04,0.608,0.174,27965
855,5.58097,5.67433,5.303e-04,0.575,0.187,28034
856,5.55026,5.67433,5.301e-04,0.575,0.171,28081
857,5.73244,5.67433,5.299e-04,0.559,0.173,27927
858,5.70410,5.67433,5.297e-04,0.544,0.155,27907
859,5.65360,5.67433,5.295e-04,0.537,0.151,27918
860,5.64200,5.67433,5.293e-04,0.570,0.163,27926
861,5.69089,5.67433,5.291e-04,0.589,0.171,27649
862,5.49122,5.67433,5.289e-04,0.563,0.165,28052
863,5.32718,5.67433,5.287e-04,0.541,0.176,27967
864,5.40055,5.67433,5.285e-04,0.602,0.188,27922
865,5.50606,5.67433,5.283e-04,0.554,0.165,27941
866,5.61106,5.67433,5.281e-04,0.585,0.172,27952
867,5.58197,5.67433,5.279e-04,0.569,0.168,28091
868,5.56891,5.67433,5.276e-04,0.606,0.186,28022
869,5.60939,5.67433,5.274e-04,0.607,0.177,27970
870,5.69623,5.67433,5.272e-04,0.533,0.154,27907
871,5.61202,5.67433,5.270e-04,0.696,0.269,27933
872,5.66685,5.67433,5.268e-04,0.519,0.155,27918
873,5.78069,5.67433,5.266e-04,0.594,0.180,28112
874,5.49724,5.67433,5.264e-04,0.575,0.201,27926
875,5.60959,5.67433,5.262e-04,0.634,0.193,27934
876,5.67872,5.67433,5.260e-04,0.582,0.153,27935
877,5.46605,5.67433,5.258e-04,0.771,0.270,27940
878,5.52763,5.67433,5.256e-04,0.625,0.194,27945
879,5.77235,5.67433,5.254e-04,0.708,0.183,28091
880,5.49964,5.67433,5.252e-04,0.690,0.236,27931
881,5.89182,5.67433,5.249e-04,0.681,0.203,27607
882,5.46065,5.67433,5.247e-04,0.671,0.209,27903
883,5.50037,5.67433,5.245e-04,0.558,0.157,27923
884,5.42341,5.67433,5.243e-04,0.545,0.161,28036
885,5.71165,5.67433,5.241e-04,0.649,0.184,28082
886,5.68029,5.67433,5.239e-04,0.536,0.145,27951
887,5.57766,5.67433,5.237e-04,0.606,0.162,27923
888,5.69956,5.67433,5.235e-04,0.661,0.185,27980
889,5.51740,5.67433,5.233e-04,0.580,0.184,27881
890,5.66177,5.67433,5.230e-04,0.591,0.160,28071
891,5.68462,5.67433,5.228e-04,0.553,0.142,28038
892,5.76085,5.67433,5.226e-04,0.723,0.207,27942
893,5.62935,5.67433,5.224e-04,0.725,0.187,27975
894,5.46195,5.67433,5.222e-04,0.584,0.170,27981
895,5.62048,5.67433,5.220e-04,0.558,0.159,27904
896,5.50517,5.67433,5.218e-04,0.620,0.187,28102
897,5.58909,5.67433,5.216e-04,0.564,0.161,28017
898,5.38693,5.67433,5.213e-04,0.633,0.188,27928
899,5.51145,5.67433,5.211e-04,0.584,0.170,27901
900,5.64709,5.67433,5.209e-04,0.602,0.171,27948
901,5.65533,5.67433,5.207e-04,0.539,0.144,27732
902,5.64386,5.67433,5.205e-04,0.611,0.190,27986
903,5.63360,5.67433,5.203e-04,0.665,0.189,27962
904,5.68187,5.67433,5.201e-04,0.515,0.146,27950
905,5.45448,5.67433,5.198e-04,0.659,0.191,27926
906,5.45404,5.67433,5.196e-04,0.521,0.150,27907
907,5.53383,5.67433,5.194e-04,0.612,0.193,27988
908,5.46407,5.67433,5.192e-04,0.536,0.160,28128
909,5.59354,5.67433,5.190e-04,0.519,0.152,27911
910,5.51599,5.67433,5.188e-04,0.585,0.176,27944
911,5.56392,5.67433,5.185e-04,0.509,0.140,27944
912,5.55639,5.67433,5.183e-04,0.608,0.180,27918
913,5.60673,5.67433,5.181e-04,0.655,0.192,27980
914,5.67588,5.67433,5.179e-04,0.583,0.174,28065
915,5.72026,5.67433,5.177e-04,0.713,0.185,27942
916,5.51591,5.67433,5.175e-04,0.686,0.192,27991
917,5.53585,5.67433,5.172e-04,0.581,0.148,27931
918,5.49758,5.67433,5.170e-04,0.663,0.185,27916
919,5.60240,5.67433,5.168e-04,0.589,0.174,28047
920,5.54431,5.67433,5.166e-04,0.643,0.166,28061
921,5.54533,5.67433,5.164e-04,0.624,0.174,27685
922,5.59776,5.67433,5.161e-04,0.660,0.166,27913
923,5.37994,5.67433,5.159e-04,0.576,0.151,27928
924,5.64252,5.67433,5.157e-04,0.541,0.149,27936
925,5.49955,5.67433,5.155e-04,0.584,0.177,28112
926,5.49887,5.67433,5.153e-04,0.547,0.155,27991
927,5.53510,5.67433,5.150e-04,0.609,0.173,27937
928,5.55414,5.67433,5.148e-04,0.711,0.210,27933
929,5.48579,5.67433,5.146e-04,0.555,0.149,27946
930,5.52841,5.67433,5.144e-04,0.563,0.156,27937
931,5.51797,5.67433,5.142e-04,0.547,0.175,28112
932,5.52380,5.67433,5.139e-04,0.538,0.147,28009
933,5.60090,5.67433,5.137e-04,0.546,0.151,27922
934,5.64149,5.67433,5.135e-04,0.589,0.169,27970
935,5.39214,5.67433,5.133e-04,0.552,0.165,27963
936,5.34460,5.67433,5.131e-04,0.610,0.163,28015
937,5.59032,5.67433,5.128e-04,0.564,0.154,28116
938,5.60418,5.67433,5.126e-04,0.553,0.145,27968
939,5.58067,5.67433,5.124e-04,0.583,0.160,27948
940,5.56369,5.67433,5.122e-04,0.620,0.168,27969
941,5.51581,5.67433,5.119e-04,0.565,0.154,27709
942,5.53982,5.67433,5.117e-04,0.585,0.159,27964
943,5.57623,5.67433,5.115e-04,0.628,0.160,28061
944,5.76376,5.67433,5.113e-04,0.680,0.169,27961
945,5.54033,5.67433,5.110e-04,0.608,0.151,27934
946,5.62250,5.67433,5.108e-04,0.627,0.181,27954
947,5.61259,5.67433,5.106e-04,0.654,0.151,27944
948,5.62917,5.67433,5.104e-04,0.597,0.151,28037
949,5.41462,5.67433,5.101e-04,0.531,0.151,28073
950,5.56439,5.67433,5.099e-04,0.555,0.143,27919
951,5.64101,5.67433,5.097e-04,0.534,0.153,27945
952,5.62218,5.67433,5.095e-04,0.558,0.140,27944
953,5.61789,5.67433,5.092e-04,0.639,0.164,27926
954,5.62637,5.67433,5.090e-04,0.602,0.163,28056
955,5.70430,5.67433,5.088e-04,0.577,0.137,28066
956,5.60271,5.67433,5.086e-04,0.644,0.190,27914
957,5.51795,5.67433,5.083e-04,0.596,0.153,27970
958,5.55266,5.67433,5.081e-04,0.616,0.175,27970
959,5.53497,5.67433,5.079e-04,0.570,0.157,27889
960,5.42900,5.67433,5.076e-04,0.633,0.182,28098
961,5.84700,5.67433,5.074e-04,0.664,0.152,27621
962,5.49665,5.67433,5.072e-04,0.610,0.163,27984
963,5.58262,5.67433,5.070e-04,0.710,0.178,27948
964,5.53983,5.67433,5.067e-04,0.564,0.159,27882
965,5.61560,5.67433,5.065e-04,0.738,0.192,27955
966,5.50800,5.67433,5.063e-04,0.678,0.199,28106
967,5.57563,5.67433,5.060e-04,0.704,0.182,27964
968,5.49390,5.67433,5.058e-04,0.683,0.209,27966
969,5.50687,5.67433,5.056e-04,0.735,0.204,27943
970,5.44051,5.67433,5.054e-04,0.658,0.189,27965
971,5.61447,5.67433,5.051e-04,0.656,0.175,28008
972,5.72284,5.67433,5.049e-04,0.653,0.157,28106
973,5.43245,5.67433,5.047e-04,0.718,0.189,27942
974,5.47626,5.67433,5.044e-04,0.709,0.206,27962
975,5.56819,5.67433,5.042e-04,0.593,0.149,27922
976,5.66943,5.67433,5.040e-04,0.629,0.166,27956
977,5.58123,5.67433,5.037e-04,0.667,0.160,28017
978,5.40903,5.67433,5.035e-04,0.550,0.154,28087
979,5.63289,5.67433,5.033e-04,0.702,0.169,27943
980,5.43864,5.67433,5.030e-04,0.575,0.157,27958
981,5.40038,5.67433,5.028e-04,0.669,0.177,27666
982,5.36096,5.67433,5.026e-04,0.606,0.165,27949
983,5.63520,5.67433,5.023e-04,0.603,0.162,28037
984,5.49257,5.67433,5.021e-04,0.591,0.157,28071
985,5.51652,5.67433,5.019e-04,0.548,0.144,27921
986,5.44448,5.67433,5.016e-04,0.644,0.171,27902
987,5.42564,5.67433,5.014e-04,0.640,0.196,27933
988,5.51415,5.67433,5.012e-04,0.619,0.180,27999
989,5.54044,5.67433,5.009e-04,0.679,0.201,28088
990,5.69770,5.67433,5.007e-04,0.782,0.222,28021
991,5.51940,5.67433,5.005e-04,0.564,0.180,27946
992,5.48879,5.67433,5.002e-04,0.569,0.145,27915
993,5.37065,5.67433,5.000e-04,0.714,0.224,27967
994,5.46217,5.67433,4.998e-04,0.615,0.167,27931
995,5.60839,5.67433,4.995e-04,0.689,0.195,28117
996,5.39188,5.67433,4.993e-04,0.680,0.168,27958
997,5.41417,5.67433,4.991e-04,0.618,0.195,27961
998,5.40563,5.67433,4.988e-04,0.657,0.192,27943
999,5.44282,5.67433,4.986e-04,0.599,0.175,27912
1000,5.51093,5.45806,4.983e-04,0.673,0.169,8412
1001,5.47237,5.45806,4.981e-04,0.655,0.185,28076
1002,5.55572,5.45806,4.979e-04,0.665,0.152,27947
1003,5.56563,5.45806,4.976e-04,0.629,0.142,28057
1004,5.39957,5.45806,4.974e-04,0.612,0.169,28004
1005,5.57190,5.45806,4.972e-04,0.774,0.207,27927
1006,5.53157,5.45806,4.969e-04,0.616,0.173,27951
1007,5.37109,5.45806,4.967e-04,0.645,0.191,27934
1008,5.47867,5.45806,4.964e-04,0.640,0.165,28063
1009,5.27451,5.45806,4.962e-04,0.612,0.184,28055
1010,5.43111,5.45806,4.960e-04,0.633,0.152,27963
1011,5.58867,5.45806,4.957e-04,0.622,0.135,27942
1012,5.56836,5.45806,4.955e-04,0.631,0.150,27932
1013,5.50666,5.45806,4.952e-04,0.566,0.149,27940
1014,5.38316,5.45806,4.950e-04,0.547,0.151,28101
1015,5.29700,5.45806,4.948e-04,0.608,0.176,28037
1016,5.34329,5.45806,4.945e-04,0.574,0.154,27967
1017,5.50533,5.45806,4.943e-04,0.609,0.159,27976
1018,5.26783,5.45806,4.940e-04,0.602,0.176,27975
1019,5.45831,5.45806,4.938e-04,0.639,0.167,27961
1020,5.54746,5.45806,4.936e-04,0.598,0.151,28096
1021,5.46775,5.45806,4.933e-04,0.635,0.167,27663
1022,5.46124,5.45806,4.931e-04,0.665,0.186,27958
1023,5.38691,5.45806,4.928e-04,0.617,0.147,27971
1024,5.49754,5.45806,4.926e-04,0.616,0.152,27943
1025,5.36156,5.45806,4.924e-04,0.585,0.144,27968
1026,5.46735,5.45806,4.921e-04,0.626,0.153,28239
1027,5.47054,5.45806,4.919e-04,0.630,0.158,28021
1028,5.35299,5.45806,4.916e-04,0.572,0.142,27925
1029,5.53804,5.45806,4.914e-04,0.595,0.151,27941
1030,5.69625,5.45806,4.911e-04,0.578,0.136,27941
1031,5.56723,5.45806,4.909e-04,0.658,0.185,28007
1032,5.55824,5.45806,4.907e-04,0.562,0.146,28100
1033,5.50627,5.45806,4.904e-04,0.550,0.146,27937
1034,5.35997,5.45806,4.902e-04,0.600,0.167,27945
1035,5.50464,5.45806,4.899e-04,0.546,0.139,27910
1036,5.53541,5.45806,4.897e-04,0.551,0.146,27926
1037,5.39516,5.45806,4.894e-04,0.561,0.155,28038
1038,5.35892,5.45806,4.892e-04,0.562,0.158,28063
1039,5.34624,5.45806,4.889e-04,0.550,0.152,27895
1040,5.50376,5.45806,4.887e-04,0.586,0.137,27954
1041,5.29487,5.45806,4.885e-04,0.535,0.141,27682
1042,5.39228,5.45806,4.882e-04,0.602,0.148,27907
1043,5.33174,5.45806,4.880e-04,0.590,0.151,28068
1044,5.52773,5.45806,4.877e-04,0.701,0.169,28063
1045,5.48587,5.45806,4.875e-04,0.567,0.138,27970
1046,5.47980,5.45806,4.872e-04,0.678,0.169,27938
1047,5.34625,5.45806,4.870e-04,0.618,0.146,27974
1048,5.34194,5.45806,4.867e-04,0.760,0.181,27912
1049,5.39673,5.45806,4.865e-04,0.590,0.152,28107
1050,5.48870,5.45806,4.862e-04,0.697,0.189,28009
1051,5.43501,5.45806,4.860e-04,0.656,0.201,27961
1052,5.37779,5.45806,4.857e-04,0.603,0.150,27959
1053,5.40870,5.45806,4.855e-04,0.623,0.194,27939
1054,5.36767,5.45806,4.853e-04,0.598,0.152,27964
1055,5.39516,5.45806,4.850e-04,0.651,0.169,28124
1056,5.39777,5.45806,4.848e-04,0.577,0.144,27920
1057,5.14863,5.45806,4.845e-04,0.610,0.181,27916
1058,5.56388,5.45806,4.843e-04,0.635,0.166,27943
1059,5.35980,5.45806,4.840e-04,0.676,0.193,27954
1060,5.37340,5.45806,4.838e-04,0.666,0.196,27989
1061,5.49228,5.45806,4.835e-04,0.685,0.192,27674
1062,5.33185,5.45806,4.833e-04,0.607,0.161,27982
1063,5.51804,5.45806,4.830e-04,0.662,0.172,27938
1064,5.49679,5.45806,4.828e-04,0.599,0.156,27950
1065,5.57306,5.45806,4.825e-04,0.605,0.159,27934
1066,5.51194,5.45806,4.823e-04,0.639,0.151,28028
1067,5.45463,5.45806,4.820e-04,0.541,0.137,28125
1068,5.25740,5.45806,4.818e-04,0.629,0.158,27953
1069,5.47621,5.45806,4.815e-04,0.615,0.144,27969
1070,5.34488,5.45806,4.813e-04,0.653,0.184,27968
1071,5.44108,5.45806,4.810e-04,0.629,0.164,27981
1072,5.41329,5.45806,4.808e-04,0.577,0.158,28066
1073,5.48409,5.45806,4.805e-04,0.627,0.152,28084
1074,5.49735,5.45806,4.803e-04,0.841,0.199,27914
1075,5.36373,5.45806,4.800e-04,0.720,0.173,27967
1076,5.35967,5.45806,4.798e-04,0.640,0.187,27948
1077,5.50344,5.45806,4.795e-04,0.626,0.172,27956
1078,5.27838,5.45806,4.792e-04,0.596,0.155,28085
1079,5.52367,5.45806,4.790e-04,0.644,0.152,28072
1080,5.42802,5.45806,4.787e-04,0.703,0.192,27937
1081,5.68865,5.45806,4.785e-04,0.616,0.148,27644
1082,5.32836,5.45806,4.782e-04,0.863,0.234,27940
1083,5.50423,5.45806,4.780e-04,0.594,0.139,27955
1084,5.39473,5.45806,4.777e-04,0.609,0.143,28094
1085,5.36146,5.45806,4.775e-04,0.613,0.155,28045
1086,5.49221,5.45806,4.772e-04,0.647,0.155,27936
1087,5.46538,5.45806,4.770e-04,0.619,0.140,27971
1088,5.25852,5.45806,4.767e-04,0.605,0.159,27958
1089,5.49874,5.45806,4.765e-04,0.637,0.162,27937
1090,5.26400,5.45806,4.762e-04,0.648,0.178,28118
1091,5.33757,5.45806,4.759e-04,0.628,0.177,27990
1092,5.39441,5.45806,4.757e-04,0.605,0.149,28051
1093,5.40865,5.45806,4.754e-04,0.651,0.155,27970
1094,5.31794,5.45806,4.752e-04,0.633,0.143,27950
1095,5.51458,5.45806,4.749e-04,0.637,0.150,27946
1096,5.44827,5.45806,4.747e-04,0.671,0.189,28096
1097,5.65120,5.45806,4.744e-04,0.755,0.175,27983
1098,5.33589,5.45806,4.742e-04,0.653,0.156,27989
1099,5.18600,5.45806,4.739e-04,0.622,0.169,27925
1100,5.37965,5.45806,4.736e-04,0.624,0.170,27967
1101,5.43697,5.45806,4.734e-04,0.603,0.146,27729
1102,5.27054,5.45806,4.731e-04,0.571,0.145,28043
1103,5.27870,5.45806,4.729e-04,0.611,0.158,27981
1104,5.56590,5.45806,4.726e-04,0.550,0.135,27923
1105,5.45706,5.45806,4.724e-04,0.670,0.145,27948
1106,5.38961,5.45806,4.721e-04,0.598,0.153,27917
1107,5.47303,5.45806,4.718e-04,0.627,0.147,28060
1108,5.37605,5.45806,4.716e-04,0.721,0.174,28107
1109,5.35273,5.45806,4.713e-04,0.635,0.146,27942
1110,5.30473,5.45806,4.711e-04,0.608,0.167,27983
1111,5.37450,5.45806,4.708e-04,0.613,0.154,27917
1112,5.57477,5.45806,4.706e-04,0.718,0.205,27962
1113,5.36424,5.45806,4.703e-04,0.650,0.154,28059
1114,5.47035,5.45806,4.700e-04,0.761,0.211,28089
1115,5.29879,5.45806,4.698e-04,0.688,0.161,27912
1116,5.36968,5.45806,4.695e-04,0.657,0.159,27844
1117,5.32402,5.45806,4.693e-04,0.637,0.169,27922
1118,5.40317,5.45806,4.690e-04,0.584,0.154,27952
1119,5.32638,5.45806,4.687e-04,0.551,0.149,28107
1120,5.53264,5.45806,4.685e-04,0.621,0.152,27989
1121,5.44431,5.45806,4.682e-04,0.686,0.177,27657
1122,5.21518,5.45806,4.680e-04,0.599,0.153,27935
1123,5.43406,5.45806,4.677e-04,0.586,0.148,27953
1124,5.36294,5.45806,4.674e-04,0.722,0.172,27975
1125,5.42284,5.45806,4.672e-04,0.627,0.140,28117
1126,5.37779,5.45806,4.669e-04,0.636,0.144,27955
1127,5.47064,5.45806,4.667e-04,0.652,0.143,27962
1128,5.59615,5.45806,4.664e-04,0.572,0.134,27929
1129,5.34250,5.45806,4.661e-04,0.671,0.162,27943
1130,5.31746,5.45806,4.659e-04,0.661,0.173,28002
1131,5.42536,5.45806,4.656e-04,0.623,0.141,28091
1132,5.33404,5.45806,4.653e-04,0.665,0.157,27983
1133,5.51172,5.45806,4.651e-04,0.553,0.130,27962
1134,5.44572,5.45806,4.648e-04,0.555,0.128,27942
1135,5.32749,5.45806,4.646e-04,0.656,0.185,27961
1136,5.40058,5.45806,4.643e-04,0.695,0.150,27994
1137,5.45358,5.45806,4.640e-04,0.654,0.151,28076
1138,5.28973,5.45806,4.638e-04,0.713,0.203,27932
1139,5.31200,5.45806,4.635e-04,0.691,0.154,27959
1140,5.37685,5.45806,4.632e-04,0.617,0.164,27939
1141,5.33924,5.45806,4.630e-04,0.667,0.170,27765
1142,5.21095,5.45806,4.627e-04,0.659,0.167,27943
1143,5.35121,5.45806,4.625e-04,0.608,0.149,28044
1144,5.57514,5.45806,4.622e-04,0.603,0.139,27986
1145,5.35452,5.45806,4.619e-04,0.668,0.147,27926
1146,5.42036,5.45806,4.617e-04,0.601,0.144,27948
1147,5.40156,5.45806,4.614e-04,0.651,0.150,27960
1148,5.29922,5.45806,4.611e-04,0.595,0.146,28050
1149,5.47422,5.45806,4.609e-04,0.560,0.125,28041
1150,5.40531,5.45806,4.606e-04,0.628,0.152,27935
1151,5.35198,5.45806,4.603e-04,0.604,0.160,27946
1152,5.25275,5.45806,4.601e-04,0.590,0.137,27956
1153,5.61025,5.45806,4.598e-04,0.650,0.153,27948
1154,5.42302,5.45806,4.595e-04,0.654,0.150,28100
1155,5.47111,5.45806,4.593e-04,0.594,0.139,28010
1156,5.40459,5.45806,4.590e-04,0.730,0.187,27963
1157,5.58786,5.45806,4.587e-04,0.614,0.124,27971
1158,5.20468,5.45806,4.585e-04,0.635,0.154,27950
1159,5.43878,5.45806,4.582e-04,0.635,0.141,28067
1160,5.28739,5.45806,4.579e-04,0.653,0.141,28093
1161,5.67150,5.45806,4.577e-04,0.643,0.147,27684
1162,5.40245,5.45806,4.574e-04,0.633,0.143,27957
1163,5.26645,5.45806,4.571e-04,0.628,0.156,27968
1164,5.38445,5.45806,4.569e-04,0.620,0.141,27955
1165,5.35763,5.45806,4.566e-04,0.620,0.155,27970
1166,5.37764,5.45806,4.563e-04,0.661,0.150,28090
1167,5.34839,5.45806,4.561e-04,0.645,0.162,27945
1168,5.37844,5.45806,4.558e-04,0.611,0.148,27938
1169,5.26084,5.45806,4.555e-04,0.643,0.155,27945
1170,5.41718,5.45806,4.553e-04,0.650,0.148,27927
1171,5.46521,5.45806,4.550e-04,0.694,0.165,28015
1172,5.33963,5.45806,4.547e-04,0.590,0.144,28088
1173,5.18514,5.45806,4.545e-04,0.631,0.139,27921
1174,5.33113,5.45806,4.542e-04,0.568,0.144,27915
1175,5.51200,5.45806,4.539e-04,0.534,0.116,27937
1176,5.52642,5.45806,4.537e-04,0.618,0.137,27941
1177,5.38378,5.45806,4.534e-04,0.671,0.163,28055
1178,5.66465,5.45806,4.531e-04,0.679,0.163,28073
1179,5.19319,5.45806,4.528e-04,0.592,0.160,27949
1180,5.28314,5.45806,4.526e-04,0.722,0.172,27952
1181,5.32768,5.45806,4.523e-04,0.693,0.149,27626
1182,5.31900,5.45806,4.520e-04,0.587,0.135,27893
1183,5.56244,5.45806,4.518e-04,0.689,0.151,28078
1184,5.43648,5.45806,4.515e-04,0.686,0.158,28095
1185,5.50147,5.45806,4.512e-04,0.656,0.135,27924
1186,5.20356,5.45806,4.510e-04,0.642,0.181,27926
1187,5.19468,5.45806,4.507e-04,0.678,0.163,27939
1188,5.42252,5.45806,4.504e-04,0.634,0.138,27942
1189,5.27378,5.45806,4.501e-04,0.641,0.164,28075
1190,5.45068,5.45806,4.499e-04,0.614,0.132,27962
1191,5.26863,5.45806,4.496e-04,0.660,0.188,27918
1192,5.35923,5.45806,4.493e-04,0.639,0.175,27949
1193,5.30838,5.45806,4.491e-04,0.606,0.153,27962
1194,5.48632,5.45806,4.488e-04,0.628,0.147,27954
1195,5.41130,5.45806,4.485e-04,0.593,0.133,28125
1196,5.21465,5.45806,4.482e-04,0.608,0.153,27935
1197,5.45847,5.45806,4.480e-04,0.607,0.138,27926
1198,5.33583,5.45806,4.477e-04,0.592,0.154,27922
1199,5.47553,5.45806,4.474e-04,0.678,0.143,27942
1200,5.40272,5.45806,4.471e-04,0.631,0.158,27989
1201,5.42199,5.45806,4.469e-04,0.647,0.146,27621
1202,5.46179,5.45806,4.466e-04,0.663,0.134,27976
1203,5.34734,5.45806,4.463e-04,0.678,0.163,27933
1204,5.43421,5.45806,4.461e-04,0.635,0.151,27860
1205,5.43839,5.45806,4.458e-04,0.698,0.151,27958
1206,5.40378,5.45806,4.455e-04,0.610,0.132,28099
1207,5.45180,5.45806,4.452e-04,0.593,0.130,28020
1208,5.29622,5.45806,4.450e-04,0.700,0.178,27915
1209,5.36505,5.45806,4.447e-04,0.623,0.145,27957
1210,5.26030,5.45806,4.444e-04,0.657,0.152,27912
1211,5.40413,5.45806,4.441e-04,0.785,0.191,27917
1212,5.35393,5.45806,4.439e-04,0.635,0.144,28130
1213,5.39556,5.45806,4.436e-04,0.689,0.166,28007
1214,5.48078,5.45806,4.433e-04,0.732,0.163,27953
1215,5.23030,5.45806,4.430e-04,0.646,0.166,27930
1216,5.37514,5.45806,4.428e-04,0.660,0.142,27949
1217,5.43687,5.45806,4.425e-04,0.627,0.154,27936
1218,5.50291,5.45806,4.422e-04,0.628,0.153,28089
1219,5.13403,5.45806,4.419e-04,0.658,0.171,28000
1220,5.46006,5.45806,4.417e-04,0.580,0.128,27933
1221,5.46900,5.45806,4.414e-04,0.648,0.144,27662
1222,5.43876,5.45806,4.411e-04,0.612,0.138,27906
1223,5.19923,5.45806,4.408e-04,0.629,0.190,27980
1224,5.35643,5.45806,4.406e-04,0.691,0.164,28092
1225,5.33675,5.45806,4.403e-04,0.623,0.147,27974
1226,5.36066,5.45806,4.400e-04,0.631,0.145,27959
1227,5.39848,5.45806,4.397e-04,0.627,0.146,27995
1228,5.34339,5.45806,4.394e-04,0.612,0.135,27900
1229,5.51097,5.45806,4.392e-04,0.677,0.151,27992
1230,5.40772,5.45806,4.389e-04,0.699,0.159,28093
1231,5.43800,5.45806,4.386e-04,0.636,0.139,27957
1232,5.23927,5.45806,4.383e-04,0.694,0.174,27981
1233,5.22408,5.45806,4.381e-04,0.592,0.136,27935
1234,5.55590,5.45806,4.378e-04,0.749,0.163,27933
1235,5.41576,5.45806,4.375e-04,0.593,0.129,28060
1236,5.26984,5.45806,4.372e-04,0.660,0.168,28065
1237,5.32192,5.45806,4.370e-04,0.701,0.171,27937
1238,5.23624,5.45806,4.367e-04,0.689,0.167,27936
1239,5.35471,5.45806,4.364e-04,0.651,0.143,27941
1240,5.24192,5.45806,4.361e-04,0.713,0.175,27967
1241,5.34833,5.45806,4.358e-04,0.639,0.136,27714
1242,5.47502,5.45806,4.356e-04,0.728,0.168,28057
1243,5.26219,5.45806,4.353e-04,0.614,0.149,27950
1244,5.30018,5.45806,4.350e-04,0.676,0.163,27943
1245,5.30617,5.45806,4.347e-04,0.587,0.140,27970
1246,5.52049,5.45806,4.344e-04,0.611,0.142,27987
1247,5.36113,5.45806,4.342e-04,0.691,0.142,28075
1248,5.40190,5.45806,4.339e-04,0.667,0.139,28005
1249,5.32905,5.45806,4.336e-04,0.628,0.140,27987
1250,5.27655,5.28968,4.333e-04,0.631,0.136,8445
1251,5.29794,5.28968,4.330e-04,0.652,0.152,28029
1252,5.37536,5.28968,4.328e-04,0.597,0.144,27929
1253,5.37725,5.28968,4.325e-04,0.586,0.124,27918
1254,5.12702,5.28968,4.322e-04,0.685,0.193,28007
1255,5.13192,5.28968,4.319e-04,0.603,0.151,28112
1256,5.27285,5.28968,4.316e-04,0.597,0.144,27949
1257,5.28665,5.28968,4.314e-04,0.628,0.152,27910
1258,5.36422,5.28968,4.311e-04,0.678,0.177,27951
1259,5.26103,5.28968,4.308e-04,0.599,0.154,27978
1260,5.23468,5.28968,4.305e-04,0.682,0.160,28011
1261,5.31247,5.28968,4.302e-04,0.608,0.146,27633
1262,5.31996,5.28968,4.300e-04,0.669,0.137,27930
1263,5.28753,5.28968,4.297e-04,0.632,0.148,27928
1264,5.30010,5.28968,4.294e-04,0.701,0.155,27945
1265,5.39899,5.28968,4.291e-04,0.707,0.166,27920
1266,5.14813,5.28968,4.288e-04,0.631,0.161,28079
1267,5.49524,5.28968,4.285e-04,0.734,0.166,28024
1268,5.27331,5.28968,4.283e-04,0.625,0.149,27946
1269,5.25240,5.28968,4.280e-04,0.712,0.158,27962
1270,5.25339,5.28968,4.277e-04,0.684,0.168,27925
1271,5.14091,5.28968,4.274e-04,0.731,0.163,27948
1272,5.43193,5.28968,4.271e-04,0.628,0.127,28110
1273,5.32738,5.28968,4.269e-04,0.814,0.181,28017
1274,5.41004,5.28968,4.266e-04,0.690,0.141,27943
1275,5.33408,5.28968,4.263e-04,0.695,0.151,27923
1276,5.43895,5.28968,4.260e-04,0.670,0.133,27963
1277,5.27655,5.28968,4.257e-04,0.808,0.152,27959
1278,5.22616,5.28968,4.254e-04,0.609,0.151,28107
1279,5.55569,5.28968,4.252e-04,0.684,0.137,27994
1280,5.27351,5.28968,4.249e-04,0.666,0.134,27967
1281,5.25573,5.28968,4.246e-04,0.698,0.154,27598
1282,5.27326,5.28968,4.243e-04,0.653,0.145,27908
1283,5.33879,5.28968,4.240e-04,0.797,0.152,27984
1284,5.36369,5.28968,4.237e-04,0.620,0.134,28108
1285,5.36359,5.28968,4.235e-04,0.672,0.148,27959
1286,5.46116,5.28968,4.232e-04,0.630,0.134,27929
1287,5.18237,5.28968,4.229e-04,0.610,0.148,27965
1288,5.26026,5.28968,4.226e-04,0.751,0.187,27944
1289,5.27945,5.28968,4.223e-04,0.594,0.126,28007
1290,5.35465,5.28968,4.220e-04,0.663,0.161,28094
1291,5.34422,5.28968,4.217e-04,0.622,0.133,27956
1292,5.33215,5.28968,4.215e-04,0.592,0.129,28016
1293,5.45919,5.28968,4.212e-04,0.667,0.128,27955
1294,5.15751,5.28968,4.209e-04,0.622,0.148,27944
1295,5.35060,5.28968,4.206e-04,0.630,0.133,28073
1296,5.28991,5.28968,4.203e-04,0.638,0.150,28078
1297,5.29339,5.28968,4.200e-04,0.632,0.143,27924
1298,5.20493,5.28968,4.197e-04,0.578,0.129,27932
1299,4.93164,5.28968,4.195e-04,0.641,0.151,27947
1300,5.24818,5.28968,4.192e-04,0.620,0.133,27923
1301,5.19877,5.28968,4.189e-04,0.661,0.146,27709
1302,5.35434,5.28968,4.186e-04,0.613,0.133,27977
1303,5.28320,5.28968,4.183e-04,0.662,0.140,27939
1304,5.19973,5.28968,4.180e-04,0.598,0.127,27901
1305,5.27287,5.28968,4.177e-04,0.749,0.157,27941
1306,5.23834,5.28968,4.175e-04,0.684,0.158,27960
1307,5.32886,5.28968,4.172e-04,0.632,0.136,28120
1308,5.31078,5.28968,4.169e-04,0.647,0.151,27983
1309,5.26963,5.28968,4.166e-04,0.715,0.162,27940
1310,5.29787,5.28968,4.163e-04,0.613,0.154,27932
1311,5.30531,5.28968,4.160e-04,0.685,0.132,27980
1312,5.30751,5.28968,4.157e-04,0.640,0.158,27950
1313,5.21005,5.28968,4.154e-04,0.768,0.187,28110
1314,5.31088,5.28968,4.152e-04,0.653,0.142,28011
1315,5.30955,5.28968,4.149e-04,0.754,0.172,27976
1316,5.40390,5.28968,4.146e-04,0.690,0.148,27977
1317,5.29975,5.28968,4.143e-04,0.760,0.172,27986
1318,5.09951,5.28968,4.140e-04,0.729,0.174,28013
1319,5.28558,5.28968,4.137e-04,0.786,0.172,28102
1320,5.26078,5.28968,4.134e-04,0.682,0.186,27950
1321,5.29630,5.28968,4.131e-04,0.600,0.146,27641
1322,5.26159,5.28968,4.129e-04,0.737,0.146,27912
1323,5.18984,5.28968,4.126e-04,0.676,0.168,27977
1324,5.17131,5.28968,4.123e-04,0.697,0.164,28032
1325,5.36043,5.28968,4.120e-04,0.749,0.164,28107
1326,5.22979,5.28968,4.117e-04,0.621,0.152,27969
1327,5.18530,5.28968,4.114e-04,0.660,0.158,27941
1328,5.28554,5.28968,4.111e-04,0.694,0.163,27929
1329,5.56964,5.28968,4.108e-04,0.702,0.148,27952
1330,5.51880,5.28968,4.105e-04,0.774,0.166,28031
1331,5.28133,5.28968,4.103e-04,0.668,0.152,28047
1332,5.27926,5.28968,4.100e-04,0.712,0.148,27930
1333,5.30144,5.28968,4.097e-04,0.701,0.156,27951
1334,5.32638,5.28968,4.094e-04,0.702,0.148,27937
1335,5.39280,5.28968,4.091e-04,0.643,0.133,27993
1336,5.34868,5.28968,4.088e-04,0.714,0.162,28097
1337,5.11029,5.28968,4.085e-04,0.646,0.132,28003
1338,5.35700,5.28968,4.082e-04,0.600,0.120,27910
1339,5.37048,5.28968,4.079e-04,0.667,0.162,27995
1340,5.14788,5.28968,4.077e-04,0.700,0.150,27967
1341,5.22317,5.28968,4.074e-04,0.645,0.145,27718
1342,5.30073,5.28968,4.071e-04,0.638,0.130,27947
1343,5.24395,5.28968,4.068e-04,0.664,0.144,27982
1344,5.07200,5.28968,4.065e-04,0.607,0.151,27934
1345,5.27775,5.28968,4.062e-04,0.710,0.152,28002
1346,5.34969,5.28968,4.059e-04,0.642,0.154,27946
1347,5.35397,5.28968,4.056e-04,0.716,0.164,27971
1348,5.21110,5.28968,4.053e-04,0.691,0.188,28113
1349,5.14851,5.28968,4.050e-04,0.593,0.128,27956
1350,5.04860,5.28968,4.047e-04,0.670,0.170,27940
1351,5.39027,5.28968,4.045e-04,0.626,0.129,27922
1352,5.36517,5.28968,4.042e-04,0.689,0.163,27925
1353,5.40892,5.28968,4.039e-04,0.659,0.132,27997
1354,5.31406,5.28968,4.036e-04,0.671,0.144,28082
1355,5.20979,5.28968,4.033e-04,0.611,0.134,27967
1356,5.47436,5.28968,4.030e-04,0.666,0.131,27950
1357,5.28257,5.28968,4.027e-04,0.612,0.127,27948
1358,5.15365,5.28968,4.024e-04,0.660,0.161,27926
1359,4.96746,5.28968,4.021e-04,0.640,0.145,28149
1360,5.23216,5.28968,4.018e-04,0.660,0.144,28089
1361,5.43091,5.28968,4.015e-04,0.649,0.124,27621
1362,5.15003,5.28968,4.012e-04,0.685,0.157,27946
1363,5.20408,5.28968,4.010e-04,0.719,0.138,27953
1364,5.31240,5.28968,4.007e-04,0.695,0.149,27946
1365,5.24130,5.28968,4.004e-04,0.706,0.143,28083
1366,5.22722,5.28968,4.001e-04,0.645,0.129,28044
1367,5.13747,5.28968,3.998e-04,0.665,0.135,27958
1368,5.24073,5.28968,3.995e-04,0.719,0.148,27956
1369,5.14979,5.28968,3.992e-04,0.707,0.140,28040
1370,5.20570,5.28968,3.989e-04,0.693,0.136,27938
1371,5.41585,5.28968,3.986e-04,0.649,0.140,28112
1372,5.26599,5.28968,3.983e-04,0.619,0.129,28022
1373,5.38760,5.28968,3.980e-04,0.637,0.139,27939
1374,5.02745,5.28968,3.977e-04,0.656,0.148,27949
1375,5.39249,5.28968,3.974e-04,0.619,0.135,27942
1376,5.01157,5.28968,3.971e-04,0.649,0.141,27952
1377,5.25795,5.28968,3.969e-04,0.632,0.145,28117
1378,5.37790,5.28968,3.966e-04,0.685,0.146,28004
1379,5.16712,5.28968,3.963e-04,0.643,0.149,27955
1380,5.19559,5.28968,3.960e-04,0.666,0.144,27964
1381,5.31816,5.28968,3.957e-04,0.653,0.150,27681
1382,4.99494,5.28968,3.954e-04,0.601,0.129,27921
1383,5.11706,5.28968,3.951e-04,0.743,0.154,28107
1384,4.93288,5.28968,3.948e-04,0.736,0.175,28054
1385,5.26944,5.28968,3.945e-04,0.704,0.143,27958
1386,5.21535,5.28968,3.942e-04,0.616,0.129,27967
1387,5.46318,5.28968,3.939e-04,0.619,0.121,27978
1388,5.29316,5.28968,3.936e-04,0.651,0.128,28007
1389,5.06369,5.28968,3.933e-04,0.641,0.144,28113
1390,5.27141,5.28968,3.930e-04,0.647,0.139,27929
1391,5.29206,5.28968,3.927e-04,0.656,0.145,27963
1392,5.13777,5.28968,3.924e-04,0.715,0.154,27952
1393,5.22413,5.28968,3.921e-04,0.669,0.162,27984
1394,5.33871,5.28968,3.919e-04,0.731,0.159,28017
1395,5.20168,5.28968,3.916e-04,0.698,0.162,28100
1396,5.10685,5.28968,3.913e-04,0.679,0.157,27923
1397,5.12877,5.28968,3.910e-04,0.684,0.183,27944
1398,5.26373,5.28968,3.907e-04,0.703,0.150,27971
1399,5.19254,5.28968,3.904e-04,0.751,0.186,27936
1400,5.26205,5.28968,3.901e-04,0.740,0.149,28076
1401,5.22567,5.28968,3.898e-04,0.756,0.188,27704
1402,5.32980,5.28968,3.895e-04,0.616,0.130,27959
1403,5.30939,5.28968,3.892e-04,0.790,0.188,27944
1404,5.34111,5.28968,3.889e-04,0.646,0.140,27946
1405,5.20181,5.28968,3.886e-04,0.644,0.144,27950
1406,5.30864,5.28968,3.883e-04,0.728,0.146,28136
1407,5.17286,5.28968,3.880e-04,0.705,0.158,28023
1408,5.22585,5.28968,3.877e-04,0.728,0.156,27931
1409,5.16535,5.28968,3.874e-04,0.640,0.136,27942
1410,5.18911,5.28968,3.871e-04,0.617,0.127,27951
1411,5.30748,5.28968,3.868e-04,0.659,0.140,27930
1412,5.12406,5.28968,3.865e-04,0.621,0.134,28098
1413,5.26032,5.28968,3.862e-04,0.710,0.141,28020
1414,5.23601,5.28968,3.859e-04,0.634,0.139,27956
1415,5.21524,5.28968,3.856e-04,0.615,0.134,27965
1416,5.11870,5.28968,3.853e-04,0.621,0.134,27955
1417,5.30305,5.28968,3.850e-04,0.623,0.143,27994
1418,5.25875,5.28968,3.848e-04,0.645,0.145,28121
1419,5.14634,5.28968,3.845e-04,0.602,0.119,27961
1420,5.33237,5.28968,3.842e-04,0.660,0.127,28028
1421,5.21754,5.28968,3.839e-04,0.658,0.128,27646
1422,5.13746,5.28968,3.836e-04,0.612,0.128,27894
1423,5.09122,5.28968,3.833e-04,0.699,0.164,28005
1424,5.13838,5.28968,3.830e-04,0.632,0.145,28111
1425,5.30258,5.28968,3.827e-04,0.657,0.141,27950
1426,5.27588,5.28968,3.824e-04,0.631,0.131,27979
1427,5.25714,5.28968,3.821e-04,0.676,0.134,27992
1428,5.31810,5.28968,3.818e-04,0.662,0.130,27940
1429,5.21911,5.28968,3.815e-04,0.665,0.150,28037
1430,5.30570,5.28968,3.812e-04,0.765,0.154,28071
1431,4.87921,5.28968,3.809e-04,0.695,0.150,27966
1432,5.22769,5.28968,3.806e-04,0.731,0.143,27959
1433,5.36004,5.28968,3.803e-04,0.745,0.151,27959
1434,5.19927,5.28968,3.800e-04,0.756,0.169,27934
1435,5.25894,5.28968,3.797e-04,0.669,0.133,28095
1436,5.06832,5.28968,3.794e-04,0.702,0.160,28038
1437,5.39385,5.28968,3.791e-04,0.657,0.150,27916
1438,5.27074,5.28968,3.788e-04,0.703,0.160,27952
1439,5.09982,5.28968,3.785e-04,0.674,0.157,27987
1440,5.12137,5.28968,3.782e-04,0.607,0.134,27941
1441,5.21832,5.28968,3.779e-04,0.740,0.139,27707
1442,5.27972,5.28968,3.776e-04,0.660,0.150,28019
1443,5.01082,5.28968,3.773e-04,0.688,0.138,27982
1444,5.17652,5.28968,3.770e-04,0.653,0.154,27942
1445,5.19074,5.28968,3.767e-04,0.640,0.125,27981
1446,5.29239,5.28968,3.764e-04,0.777,0.166,27949
1447,5.28251,5.28968,3.761e-04,0.772,0.167,28106
1448,5.14291,5.28968,3.758e-04,0.729,0.169,27976
1449,5.11330,5.28968,3.755e-04,0.677,0.153,28015
1450,5.10895,5.28968,3.752e-04,0.729,0.172,27951
1451,5.22992,5.28968,3.749e-04,0.680,0.140,28049
1452,5.28893,5.28968,3.746e-04,0.772,0.139,27968
1453,5.10907,5.28968,3.743e-04,0.645,0.134,28123
1454,5.28425,5.28968,3.740e-04,0.686,0.141,27976
1455,5.17911,5.28968,3.737e-04,0.671,0.136,27919
1456,5.24619,5.28968,3.734e-04,0.673,0.134,27952
1457,5.29607,5.28968,3.731e-04,0.701,0.144,27944
1458,5.25970,5.28968,3.728e-04,0.700,0.141,27987
1459,5.28181,5.28968,3.725e-04,0.652,0.126,28116
1460,5.16632,5.28968,3.722e-04,0.719,0.143,27949
1461,5.22000,5.28968,3.719e-04,0.785,0.135,27602
1462,5.30341,5.28968,3.716e-04,0.709,0.154,27936
1463,5.34161,5.28968,3.713e-04,0.684,0.137,27948
1464,5.13443,5.28968,3.710e-04,0.717,0.166,28021
1465,5.18446,5.28968,3.707e-04,0.636,0.142,28125
1466,5.05428,5.28968,3.704e-04,0.710,0.137,27934
1467,5.29614,5.28968,3.701e-04,0.675,0.137,27944
1468,5.14244,5.28968,3.698e-04,0.661,0.142,27958
1469,5.18797,5.28968,3.695e-04,0.716,0.147,27923
1470,5.19506,5.28968,3.692e-04,0.668,0.140,28091
1471,5.18232,5.28968,3.689e-04,0.692,0.138,28119
1472,5.16398,5.28968,3.686e-04,0.682,0.144,28058
1473,5.05829,5.28968,3.683e-04,0.696,0.145,27924
1474,5.09546,5.28968,3.680e-04,0.695,0.122,27965
1475,5.34375,5.28968,3.677e-04,0.734,0.143,27927
1476,5.17683,5.28968,3.674e-04,0.642,0.142,28073
1477,5.26586,5.28968,3.671e-04,0.699,0.142,28034
1478,5.25511,5.28968,3.668e-04,0.679,0.124,27938
1479,5.18399,5.28968,3.665e-04,0.748,0.147,27946
1480,5.39362,5.28968,3.662e-04,0.713,0.149,27967
1481,5.40260,5.28968,3.659e-04,0.705,0.153,27707
1482,5.12572,5.28968,3.656e-04,0.730,0.137,28003
1483,5.00447,5.28968,3.653e-04,0.633,0.134,27957
1484,5.28635,5.28968,3.650e-04,0.706,0.129,27944
1485,5.06689,5.28968,3.647e-04,0.653,0.149,27964
1486,5.29418,5.28968,3.644e-04,0.702,0.125,27937
1487,5.20760,5.28968,3.641e-04,0.699,0.141,27977
1488,5.09118,5.28968,3.638e-04,0.688,0.129,28122
1489,5.27892,5.28968,3.635e-04,0.712,0.150,27973
1490,5.25726,5.28968,3.632e-04,0.630,0.122,27914
1491,5.14825,5.28968,3.629e-04,0.680,0.149,27918
1492,5.11071,5.28968,3.626e-04,0.656,0.133,27933
1493,5.29970,5.28968,3.623e-04,0.688,0.125,28023
1494,5.14429,5.28968,3.620e-04,0.647,0.121,28157
1495,5.20429,5.28968,3.617e-04,0.602,0.120,27950
1496,5.11555,5.28968,3.614e-04,0.655,0.146,27943
1497,5.34785,5.28968,3.611e-04,0.654,0.119,27944
1498,5.15315,5.28968,3.608e-04,0.704,0.144,27968
1499,5.30362,5.28968,3.605e-04,0.680,0.138,28007
1500,5.14825,5.14784,3.602e-04,0.723,0.141,8406
1501,5.18727,5.14784,3.599e-04,0.695,0.135,28074
1502,5.07400,5.14784,3.596e-04,0.686,0.158,27992
1503,5.25538,5.14784,3.593e-04,0.722,0.136,27980
1504,5.24356,5.14784,3.590e-04,0.735,0.141,27933
1505,5.35061,5.14784,3.587e-04,0.776,0.150,27917
1506,5.29295,5.14784,3.584e-04,0.721,0.168,27964
1507,5.13328,5.14784,3.581e-04,0.686,0.146,28098
1508,5.24764,5.14784,3.578e-04,0.664,0.133,27989
1509,5.10612,5.14784,3.575e-04,0.649,0.146,27912
1510,5.15393,5.14784,3.572e-04,0.663,0.132,27878
1511,4.95659,5.14784,3.569e-04,0.728,0.173,27926
1512,5.30180,5.14784,3.566e-04,0.672,0.121,27991
1513,5.30567,5.14784,3.563e-04,0.668,0.145,28116
1514,4.93995,5.14784,3.560e-04,0.735,0.159,27958
1515,5.39559,5.14784,3.557e-04,0.647,0.138,27922
1516,5.09152,5.14784,3.554e-04,0.660,0.146,27963
1517,5.32616,5.14784,3.551e-04,0.682,0.129,27974
1518,5.06670,5.14784,3.548e-04,0.657,0.151,28025
1519,5.16923,5.14784,3.545e-04,0.689,0.127,28080
1520,5.04400,5.14784,3.542e-04,0.600,0.121,28047
1521,5.24751,5.14784,3.539e-04,0.730,0.139,27625
1522,5.01182,5.14784,3.536e-04,0.609,0.122,27951
1523,4.99286,5.14784,3.533e-04,0.707,0.150,27950
1524,5.03073,5.14784,3.530e-04,0.646,0.144,28032
1525,5.08820,5.14784,3.527e-04,0.660,0.139,28066
1526,5.22693,5.14784,3.524e-04,0.659,0.133,27931
1527,5.01987,5.14784,3.521e-04,0.648,0.131,27944
1528,5.06779,5.14784,3.518e-04,0.623,0.125,27939
1529,4.98045,5.14784,3.515e-04,0.659,0.140,27912
1530,5.31725,5.14784,3.512e-04,0.668,0.127,28085
1531,5.25980,5.14784,3.509e-04,0.701,0.134,28039
1532,5.11726,5.14784,3.506e-04,0.686,0.153,27945
1533,5.22976,5.14784,3.503e-04,0.638,0.126,27960
1534,5.17743,5.14784,3.500e-04,0.744,0.147,27948
1535,5.13251,5.14784,3.497e-04,0.659,0.129,27918
1536,5.02220,5.14784,3.494e-04,0.665,0.124,28121
1537,5.31446,5.14784,3.491e-04,0.709,0.132,28033
1538,5.10870,5.14784,3.488e-04,0.629,0.139,27960
1539,5.13997,5.14784,3.485e-04,0.633,0.146,28010
1540,5.18541,5.14784,3.482e-04,0.700,0.151,27932
1541,5.27928,5.14784,3.479e-04,0.669,0.132,27704
1542,5.10356,5.14784,3.476e-04,0.723,0.133,27957
1543,5.21365,5.14784,3.473e-04,0.686,0.161,27975
1544,4.99433,5.14784,3.470e-04,0.705,0.150,27934
1545,5.12745,5.14784,3.467e-04,0.658,0.127,27949
1546,5.07350,5.14784,3.463e-04,0.670,0.145,27930
1547,5.06205,5.14784,3.460e-04,0.663,0.135,28030
1548,5.06162,5.14784,3.457e-04,0.727,0.147,28085
1549,5.24258,5.14784,3.454e-04,0.648,0.130,27970
1550,5.16298,5.14784,3.451e-04,0.667,0.133,27953
1551,5.23098,5.14784,3.448e-04,0.680,0.132,27934
1552,5.24097,5.14784,3.445e-04,0.672,0.151,27969
1553,5.11740,5.14784,3.442e-04,0.692,0.143,28005
1554,5.15396,5.14784,3.439e-04,0.697,0.155,28086
1555,5.09620,5.14784,3.436e-04,0.665,0.128,27956
1556,5.11788,5.14784,3.433e-04,0.725,0.140,27927
1557,5.17869,5.14784,3.430e-04,0.638,0.131,27964
1558,5.20198,5.14784,3.427e-04,0.766,0.155,27928
1559,5.18575,5.14784,3.424e-04,0.673,0.133,28113
1560,5.12904,5.14784,3.421e-04,0.783,0.175,28075
1561,5.05993,5.14784,3.418e-04,0.642,0.126,27656
1562,5.19469,5.14784,3.415e-04,0.679,0.140,27946
1563,5.13119,5.14784,3.412e-04,0.693,0.131,27956
1564,4.97155,5.14784,3.409e-04,0.706,0.142,27976
1565,5.10936,5.14784,3.406e-04,0.633,0.119,28091
1566,5.11994,5.14784,3.403e-04,0.753,0.151,28054
1567,5.12142,5.14784,3.400e-04,0.639,0.123,27946
1568,5.08996,5.14784,3.397e-04,0.669,0.137,27965
1569,5.13899,5.14784,3.394e-04,0.740,0.139,27960
1570,5.19012,5.14784,3.391e-04,0.744,0.148,27936
1571,5.05690,5.14784,3.388e-04,0.674,0.139,28192
1572,5.07767,5.14784,3.385e-04,0.758,0.154,28032
1573,5.16832,5.14784,3.382e-04,0.723,0.151,27911
1574,5.23206,5.14784,3.379e-04,0.697,0.142,27958
1575,5.20057,5.14784,3.376e-04,0.677,0.130,27934
1576,4.99304,5.14784,3.373e-04,0.738,0.165,27960
1577,5.20411,5.14784,3.370e-04,0.694,0.134,28108
1578,5.12393,5.14784,3.367e-04,0.711,0.140,27984
1579,5.12218,5.14784,3.364e-04,0.766,0.132,27955
1580,4.84518,5.14784,3.361e-04,0.718,0.172,27918
1581,5.06330,5.14784,3.358e-04,0.703,0.138,27743
1582,5.08604,5.14784,3.355e-04,0.732,0.147,27900
1583,4.99499,5.14784,3.351e-04,0.733,0.170,28143
1584,5.14417,5.14784,3.348e-04,0.670,0.130,27936
1585,5.12329,5.14784,3.345e-04,0.714,0.168,27935
1586,5.20095,5.14784,3.342e-04,0.715,0.132,27922
1587,5.02880,5.14784,3.339e-04,0.699,0.131,27957
1588,5.07608,5.14784,3.336e-04,0.770,0.160,28014
1589,5.09212,5.14784,3.333e-04,0.715,0.140,28093
1590,4.89488,5.14784,3.330e-04,0.671,0.128,27951
1591,5.22496,5.14784,3.327e-04,0.762,0.143,27933
1592,5.03103,5.14784,3.324e-04,0.671,0.138,27954
1593,5.23365,5.14784,3.321e-04,0.708,0.136,27928
1594,5.25599,5.14784,3.318e-04,0.723,0.140,28033
1595,5.08579,5.14784,3.315e-04,0.701,0.134,28028
1596,5.36834,5.14784,3.312e-04,0.679,0.125,27897
1597,5.05120,5.14784,3.309e-04,0.682,0.145,27951
1598,5.01532,5.14784,3.306e-04,0.721,0.147,27976
1599,5.17099,5.14784,3.303e-04,0.610,0.124,27925
1600,5.05938,5.14784,3.300e-04,0.801,0.185,28061
1601,5.06777,5.14784,3.297e-04,0.720,0.141,27657
1602,5.16357,5.14784,3.294e-04,0.754,0.163,27950
1603,5.21427,5.14784,3.291e-04,0.661,0.135,27940
1604,4.94715,5.14784,3.288e-04,0.662,0.145,27932
1605,4.99733,5.14784,3.285e-04,0.679,0.132,27947
1606,5.06400,5.14784,3.282e-04,0.697,0.170,28171
1607,5.29958,5.14784,3.279e-04,0.784,0.137,27983
1608,5.09244,5.14784,3.276e-04,0.812,0.146,27938
1609,5.21727,5.14784,3.273e-04,0.683,0.124,27922
1610,4.99926,5.14784,3.270e-04,0.789,0.152,27932
1611,5.06127,5.14784,3.267e-04,0.670,0.127,27963
1612,4.91961,5.14784,3.264e-04,0.675,0.133,28104
1613,5.25115,5.14784,3.261e-04,0.664,0.134,27975
1614,5.06743,5.14784,3.258e-04,0.670,0.129,27928
1615,4.96986,5.14784,3.255e-04,0.660,0.126,27921
1616,5.12257,5.14784,3.252e-04,0.691,0.131,27963
1617,5.10205,5.14784,3.249e-04,0.666,0.129,28003
1618,5.40441,5.14784,3.245e-04,0.719,0.130,28084
1619,4.88588,5.14784,3.242e-04,0.674,0.142,27927
1620,5.16011,5.14784,3.239e-04,0.705,0.135,27931
1621,5.17334,5.14784,3.236e-04,0.767,0.175,27626
1622,5.20435,5.14784,3.233e-04,0.737,0.124,27956
1623,5.22626,5.14784,3.230e-04,0.725,0.145,28044
1624,5.34723,5.14784,3.227e-04,0.866,0.157,28085
1625,5.10528,5.14784,3.224e-04,0.748,0.132,27914
1626,5.03067,5.14784,3.221e-04,0.686,0.130,27941
1627,5.09149,5.14784,3.218e-04,0.726,0.125,27976
1628,4.95428,5.14784,3.215e-04,0.658,0.148,27948
1629,5.20410,5.14784,3.212e-04,0.772,0.145,28085
1630,5.05515,5.14784,3.209e-04,0.687,0.164,28033
1631,5.06769,5.14784,3.206e-04,0.680,0.125,27934
1632,5.08975,5.14784,3.203e-04,0.677,0.130,27976
1633,5.23743,5.14784,3.200e-04,0.660,0.127,27933
1634,5.02406,5.14784,3.197e-04,0.704,0.139,27942
1635,5.19937,5.14784,3.194e-04,0.731,0.130,28098
1636,5.10410,5.14784,3.191e-04,0.714,0.137,28008
1637,5.17598,5.14784,3.188e-04,0.659,0.122,27934
1638,5.18556,5.14784,3.185e-04,0.680,0.132,27977
1639,5.16324,5.14784,3.182e-04,0.672,0.139,27930
1640,5.06862,5.14784,3.179e-04,0.705,0.135,27937
1641,5.30337,5.14784,3.176e-04,0.739,0.148,27673
1642,5.08906,5.14784,3.173e-04,0.767,0.133,27982
1643,5.04514,5.14784,3.170e-04,0.717,0.168,27989
1644,5.19914,5.14784,3.167e-04,0.719,0.142,27919
1645,5.22983,5.14784,3.164e-04,0.702,0.143,27977
1646,5.11181,5.14784,3.161e-04,0.789,0.148,27948
1647,5.00921,5.14784,3.158e-04,0.792,0.151,28124
1648,5.05689,5.14784,3.155e-04,0.691,0.124,27968
1649,4.89636,5.14784,3.152e-04,0.747,0.156,27956
1650,5.17295,5.14784,3.149e-04,0.737,0.154,27926
1651,5.09247,5.14784,3.146e-04,0.651,0.131,28006
1652,5.17010,5.14784,3.143e-04,0.644,0.124,28031
1653,5.20606,5.14784,3.140e-04,0.642,0.123,28077
1654,5.01657,5.14784,3.137e-04,0.743,0.157,27969
1655,4.99519,5.14784,3.133e-04,0.710,0.132,27913
1656,5.07044,5.14784,3.130e-04,0.670,0.119,27923
1657,5.21773,5.14784,3.127e-04,0.718,0.145,27936
1658,5.18822,5.14784,3.124e-04,0.713,0.151,28041
1659,5.23100,5.14784,3.121e-04,0.748,0.132,28073
1660,5.16368,5.14784,3.118e-04,0.731,0.138,27952
1661,5.08693,5.14784,3.115e-04,0.704,0.130,27687
1662,5.08223,5.14784,3.112e-04,0.699,0.129,27920
1663,5.25249,5.14784,3.109e-04,0.687,0.125,27957
1664,5.19936,5.14784,3.106e-04,0.708,0.139,28054
1665,5.07751,5.14784,3.103e-04,0.668,0.133,28018
1666,5.15328,5.14784,3.100e-04,0.752,0.153,27952
1667,5.29085,5.14784,3.097e-04,0.722,0.125,27915
1668,5.09310,5.14784,3.094e-04,0.721,0.154,27971
1669,5.16751,5.14784,3.091e-04,0.807,0.154,27957
1670,4.89942,5.14784,3.088e-04,0.708,0.171,28128
1671,5.18372,5.14784,3.085e-04,0.704,0.140,27963
1672,4.99385,5.14784,3.082e-04,0.661,0.161,27957
1673,5.06254,5.14784,3.079e-04,0.675,0.129,28004
1674,5.06991,5.14784,3.076e-04,0.697,0.130,28006
1675,5.31957,5.14784,3.073e-04,0.738,0.138,27990
1676,5.07199,5.14784,3.070e-04,0.705,0.149,28089
1677,5.08451,5.14784,3.067e-04,0.674,0.131,28002
1678,5.18013,5.14784,3.064e-04,0.731,0.140,27944
1679,5.26879,5.14784,3.061e-04,0.676,0.134,27969
1680,5.24754,5.14784,3.058e-04,0.732,0.132,27961
1681,5.17143,5.14784,3.055e-04,0.708,0.136,27716
1682,5.22438,5.14784,3.052e-04,0.659,0.129,27969
1683,5.05057,5.14784,3.049e-04,0.683,0.143,27929
1684,5.06534,5.14784,3.046e-04,0.739,0.154,27936
1685,4.92897,5.14784,3.043e-04,0.646,0.127,27955
1686,5.07272,5.14784,3.040e-04,0.662,0.129,27932
1687,4.86854,5.14784,3.037e-04,0.660,0.129,28074
1688,5.03805,5.14784,3.034e-04,0.670,0.121,28080
1689,5.13451,5.14784,3.031e-04,0.661,0.127,27943
1690,5.33082,5.14784,3.028e-04,0.743,0.130,27948
1691,4.95533,5.14784,3.025e-04,0.638,0.131,27956
1692,5.15428,5.14784,3.022e-04,0.642,0.122,27981
1693,5.15498,5.14784,3.019e-04,0.628,0.130,28038
1694,5.18363,5.14784,3.016e-04,0.695,0.121,28128
1695,5.21528,5.14784,3.013e-04,0.723,0.135,27982
1696,5.06282,5.14784,3.010e-04,0.706,0.136,27923
1697,5.04873,5.14784,3.007e-04,0.725,0.141,27989
1698,5.06447,5.14784,3.004e-04,0.712,0.137,27922
1699,5.22489,5.14784,3.001e-04,0.849,0.179,28124
1700,5.04703,5.14784,2.998e-04,0.726,0.135,28017
1701,5.21998,5.14784,2.995e-04,0.802,0.155,27672
1702,4.91148,5.14784,2.992e-04,0.719,0.155,27929
1703,5.21587,5.14784,2.989e-04,0.767,0.136,27970
1704,5.03873,5.14784,2.986e-04,0.689,0.138,27950
1705,5.13171,5.14784,2.983e-04,0.687,0.128,28128
1706,5.03514,5.14784,2.980e-04,0.797,0.209,27985
1707,5.25568,5.14784,2.977e-04,0.881,0.150,27960
1708,5.38116,5.14784,2.974e-04,0.639,0.119,27945
1709,5.02827,5.14784,2.971e-04,0.839,0.217,27986
1710,5.11772,5.14784,2.968e-04,0.734,0.129,27972
1711,5.10355,5.14784,2.965e-04,0.780,0.181,28111
1712,5.24654,5.14784,2.962e-04,0.690,0.146,28001
1713,5.18168,5.14784,2.959e-04,0.725,0.139,27925
1714,5.11178,5.14784,2.956e-04,0.816,0.167,27975
1715,4.98343,5.14784,2.953e-04,0.736,0.150,27965
1716,4.95660,5.14784,2.950e-04,0.739,0.145,28011
1717,5.15839,5.14784,2.947e-04,0.700,0.147,28124
1718,5.19509,5.14784,2.944e-04,0.769,0.163,27948
1719,5.12266,5.14784,2.941e-04,0.701,0.129,28021
1720,5.05334,5.14784,2.938e-04,0.632,0.121,27966
1721,5.09760,5.14784,2.935e-04,0.653,0.132,27701
1722,5.02713,5.14784,2.932e-04,0.747,0.141,27967
1723,5.17443,5.14784,2.929e-04,0.687,0.129,28101
1724,5.03486,5.14784,2.926e-04,0.706,0.132,28005
1725,5.08162,5.14784,2.923e-04,0.675,0.124,28058
1726,5.21866,5.14784,2.920e-04,0.741,0.127,27950
1727,5.12297,5.14784,2.917e-04,0.671,0.128,27947
1728,5.00017,5.14784,2.914e-04,0.687,0.139,28047
1729,5.05520,5.14784,2.911e-04,0.747,0.143,28097
1730,5.01025,5.14784,2.908e-04,0.684,0.137,27971
1731,5.00468,5.14784,2.905e-04,0.733,0.138,27952
1732,4.96666,5.14784,2.902e-04,0.684,0.128,27963
1733,5.09441,5.14784,2.899e-04,0.656,0.116,27960
1734,5.06070,5.14784,2.896e-04,0.733,0.143,28087
1735,5.10931,5.14784,2.893e-04,0.696,0.130,28052
1736,5.02546,5.14784,2.890e-04,0.651,0.119,27973
1737,5.14184,5.14784,2.887e-04,0.774,0.144,27999
1738,5.05048,5.14784,2.884e-04,0.696,0.131,27945
1739,5.04778,5.14784,2.881e-04,0.717,0.128,28066
1740,5.10633,5.14784,2.878e-04,0.706,0.137,28079
1741,5.00715,5.14784,2.875e-04,0.668,0.129,27666
1742,4.98196,5.14784,2.872e-04,0.705,0.125,27978
1743,5.08929,5.14784,2.869e-04,0.705,0.137,27929
1744,5.01069,5.14784,2.866e-04,0.681,0.126,27961
1745,4.98255,5.14784,2.863e-04,0.685,0.122,27957
1746,4.92321,5.14784,2.860e-04,0.756,0.129,28133
1747,4.97022,5.14784,2.857e-04,0.711,0.143,27996
1748,5.07431,5.14784,2.854e-04,0.797,0.155,27948
1749,5.26550,5.14784,2.851e-04,0.733,0.133,27962
1750,5.23638,5.03701,2.848e-04,0.707,0.130,8451
1751,5.13014,5.03701,2.845e-04,0.752,0.151,27982
1752,4.98812,5.03701,2.842e-04,0.742,0.152,27922
1753,5.27971,5.03701,2.839e-04,0.815,0.147,28024
1754,5.06664,5.03701,2.836e-04,0.902,0.229,28082
1755,5.02303,5.03701,2.833e-04,0.810,0.176,27979
1756,5.19697,5.03701,2.830e-04,0.726,0.142,27956
1757,4.96690,5.03701,2.827e-04,0.809,0.175,27941
1758,5.10680,5.03701,2.824e-04,0.684,0.128,27932
1759,5.05573,5.03701,2.821e-04,0.828,0.185,28095
1760,5.11653,5.03701,2.818e-04,0.729,0.140,28062
1761,5.02350,5.03701,2.815e-04,0.735,0.138,27624
1762,4.86542,5.03701,2.812e-04,0.712,0.134,27984
1763,4.98466,5.03701,2.809e-04,0.674,0.125,27958
1764,5.14280,5.03701,2.806e-04,0.736,0.133,27915
1765,5.06709,5.03701,2.803e-04,0.737,0.128,28080
1766,4.97393,5.03701,2.800e-04,0.630,0.120,28035
1767,5.09737,5.03701,2.797e-04,0.702,0.134,27953
1768,4.98039,5.03701,2.794e-04,0.729,0.132,27951
1769,5.05781,5.03701,2.791e-04,0.712,0.145,27943
1770,5.13632,5.03701,2.788e-04,0.720,0.132,27924
1771,4.98212,5.03701,2.785e-04,0.663,0.130,28080
1772,5.12386,5.03701,2.782e-04,0.711,0.124,27955
1773,4.89406,5.03701,2.779e-04,0.685,0.130,27868
1774,5.05170,5.03701,2.776e-04,0.751,0.148,27943
1775,5.14756,5.03701,2.773e-04,0.660,0.118,27934
1776,4.99113,5.03701,2.770e-04,0.707,0.135,28003
1777,5.01721,5.03701,2.767e-04,0.679,0.118,28092
1778,4.96360,5.03701,2.764e-04,0.653,0.127,27989
1779,5.19028,5.03701,2.761e-04,0.724,0.135,27983
1780,5.16631,5.03701,2.758e-04,0.732,0.137,27909
1781,5.04111,5.03701,2.755e-04,0.713,0.150,27703
1782,5.18971,5.03701,2.752e-04,0.730,0.128,27935
1783,5.01733,5.03701,2.750e-04,0.651,0.130,28093
1784,5.03722,5.03701,2.747e-04,0.698,0.134,28014
1785,5.11951,5.03701,2.744e-04,0.688,0.135,27970
1786,4.99306,5.03701,2.741e-04,0.689,0.125,27942
1787,5.00503,5.03701,2.738e-04,0.708,0.145,27924
1788,4.99278,5.03701,2.735e-04,0.700,0.136,28044
1789,5.13798,5.03701,2.732e-04,0.699,0.122,28062
1790,5.10783,5.03701,2.729e-04,0.783,0.157,27927
1791,5.16757,5.03701,2.726e-04,0.757,0.149,27929
1792,4.96076,5.03701,2.723e-04,0.886,0.185,27920
1793,5.15398,5.03701,2.720e-04,0.698,0.124,27964
1794,4.70355,5.03701,2.717e-04,0.697,0.149,28069
1795,5.08072,5.03701,2.714e-04,0.770,0.121,28036
1796,5.10886,5.03701,2.711e-04,0.720,0.126,27960
1797,4.95090,5.03701,2.708e-04,0.824,0.145,27913
1798,5.28156,5.03701,2.705e-04,0.715,0.125,27939
1799,5.04945,5.03701,2.702e-04,0.783,0.145,27973
1800,4.99170,5.03701,2.699e-04,0.763,0.123,28054
1801,4.85854,5.03701,2.696e-04,0.653,0.122,27690
1802,5.06999,5.03701,2.693e-04,0.691,0.118,27942
1803,5.13232,5.03701,2.690e-04,0.719,0.127,27971
1804,4.86937,5.03701,2.687e-04,0.735,0.140,27919
1805,5.26381,5.03701,2.684e-04,0.715,0.129,27940
1806,4.97815,5.03701,2.681e-04,0.764,0.148,28216
1807,5.07706,5.03701,2.679e-04,0.726,0.132,28003
1808,5.12239,5.03701,2.676e-04,0.747,0.140,27908
1809,4.92060,5.03701,2.673e-04,0.720,0.149,27956
1810,4.97839,5.03701,2.670e-04,0.741,0.138,27954
1811,4.98464,5.03701,2.667e-04,0.735,0.138,28005
1812,5.07403,5.03701,2.664e-04,0.775,0.138,28069
1813,5.17333,5.03701,2.661e-04,0.723,0.122,27931
1814,5.09988,5.03701,2.658e-04,0.746,0.150,27907
1815,5.08677,5.03701,2.655e-04,0.693,0.130,27944
1816,4.99838,5.03701,2.652e-04,0.660,0.123,27935
1817,5.01220,5.03701,2.649e-04,0.707,0.140,28029
1818,4.78718,5.03701,2.646e-04,0.728,0.136,28100
1819,5.08202,5.03701,2.643e-04,0.712,0.136,27926
1820,5.10211,5.03701,2.640e-04,0.651,0.112,27943
1821,5.02870,5.03701,2.637e-04,0.711,0.128,27664
1822,4.86965,5.03701,2.634e-04,0.710,0.133,27910
1823,5.03781,5.03701,2.631e-04,0.674,0.127,28036
1824,5.03471,5.03701,2.629e-04,0.727,0.132,28040
1825,5.04616,5.03701,2.626e-04,0.745,0.133,28088
1826,4.90041,5.03701,2.623e-04,0.737,0.150,27912
1827,4.95389,5.03701,2.620e-04,0.751,0.155,27969
1828,4.84571,5.03701,2.617e-04,0.751,0.131,27958
1829,5.11077,5.03701,2.614e-04,0.774,0.129,28184
1830,5.07819,5.03701,2.611e-04,0.721,0.151,28034
1831,5.09379,5.03701,2.608e-04,0.775,0.140,27949
1832,5.14367,5.03701,2.605e-04,0.768,0.138,27947
1833,5.06821,5.03701,2.602e-04,0.754,0.127,27970
1834,5.06255,5.03701,2.599e-04,0.678,0.125,27929
1835,5.01190,5.03701,2.596e-04,0.783,0.155,28102
1836,5.05905,5.03701,2.593e-04,0.758,0.125,28000
1837,5.19094,5.03701,2.590e-04,0.755,0.157,27944
1838,4.85402,5.03701,2.588e-04,0.704,0.140,27926
1839,5.06860,5.03701,2.585e-04,0.765,0.127,27927
1840,5.05145,5.03701,2.582e-04,0.762,0.171,27956
1841,4.96595,5.03701,2.579e-04,0.758,0.131,27685
1842,5.02631,5.03701,2.576e-04,0.723,0.146,28009
1843,5.17748,5.03701,2.573e-04,0.759,0.154,27983
1844,4.87804,5.03701,2.570e-04,0.660,0.121,27921
1845,4.97698,5.03701,2.567e-04,0.909,0.187,27939
1846,5.11912,5.03701,2.564e-04,0.701,0.122,27997
1847,5.02181,5.03701,2.561e-04,0.849,0.163,28107
1848,4.90064,5.03701,2.558e-04,0.710,0.157,27956
1849,4.83062,5.03701,2.555e-04,0.695,0.126,27898
1850,5.03764,5.03701,2.553e-04,0.804,0.191,27949
1851,4.95932,5.03701,2.550e-04,0.754,0.135,28029
1852,5.01343,5.03701,2.547e-04,0.718,0.136,28000
1853,5.06099,5.03701,2.544e-04,0.689,0.127,28097
1854,5.08494,5.03701,2.541e-04,0.730,0.131,27957
1855,4.95496,5.03701,2.538e-04,0.697,0.122,27912
1856,5.07871,5.03701,2.535e-04,0.827,0.143,27954
1857,5.18945,5.03701,2.532e-04,0.779,0.161,27952
1858,5.00557,5.03701,2.529e-04,0.811,0.138,28025
1859,4.89050,5.03701,2.526e-04,0.753,0.122,28040
1860,5.10086,5.03701,2.523e-04,0.774,0.140,27936
1861,4.95934,5.03701,2.521e-04,0.789,0.140,27658
1862,4.92743,5.03701,2.518e-04,0.692,0.134,27936
1863,4.82909,5.03701,2.515e-04,0.763,0.152,27973
1864,5.04412,5.03701,2.512e-04,0.730,0.143,28109
1865,5.08082,5.03701,2.509e-04,0.718,0.139,27999
1866,5.03476,5.03701,2.506e-04,0.683,0.117,27920
1867,4.97976,5.03701,2.503e-04,0.795,0.137,27946
1868,4.90761,5.03701,2.500e-04,0.727,0.125,27958
1869,4.97566,5.03701,2.497e-04,0.723,0.134,27955
1870,4.92002,5.03701,2.495e-04,0.739,0.139,28102
1871,5.12776,5.03701,2.492e-04,0.718,0.133,27965
1872,5.17714,5.03701,2.489e-04,0.740,0.128,28029
1873,4.81149,5.03701,2.486e-04,0.700,0.128,27961
1874,5.05081,5.03701,2.483e-04,0.744,0.142,27951
1875,5.07211,5.03701,2.480e-04,0.751,0.126,27984
1876,5.12802,5.03701,2.477e-04,0.751,0.137,28206
1877,4.98574,5.03701,2.474e-04,0.664,0.127,28002
1878,4.90054,5.03701,2.471e-04,0.739,0.134,27948
1879,5.03123,5.03701,2.469e-04,0.732,0.133,27974
1880,5.01660,5.03701,2.466e-04,0.808,0.147,27926
1881,4.85870,5.03701,2.463e-04,0.704,0.136,27730
1882,5.05440,5.03701,2.460e-04,0.746,0.137,27951
1883,5.20749,5.03701,2.457e-04,0.820,0.171,27932
1884,4.69644,5.03701,2.454e-04,0.740,0.154,27969
1885,5.11365,5.03701,2.451e-04,0.741,0.136,27942
1886,5.03568,5.03701,2.448e-04,0.726,0.127,27945
1887,5.14691,5.03701,2.446e-04,0.773,0.151,28044
1888,4.75053,5.03701,2.443e-04,0.788,0.150,28092
1889,4.80624,5.03701,2.440e-04,0.764,0.161,27928
1890,5.05730,5.03701,2.437e-04,0.704,0.126,27962
1891,4.69610,5.03701,2.434e-04,0.796,0.176,27961
1892,4.87393,5.03701,2.431e-04,0.730,0.123,27942
1893,5.01847,5.03701,2.428e-04,0.811,0.162,28071
1894,5.22500,5.03701,2.425e-04,0.723,0.126,28107
1895,4.97895,5.03701,2.423e-04,0.848,0.155,27926
1896,4.90124,5.03701,2.420e-04,0.735,0.129,28001
1897,4.87632,5.03701,2.417e-04,0.709,0.131,27965
1898,5.01103,5.03701,2.414e-04,0.769,0.134,27961
1899,5.06669,5.03701,2.411e-04,0.757,0.126,28093
1900,4.94322,5.03701,2.408e-04,0.745,0.131,28035
1901,4.89045,5.03701,2.405e-04,0.735,0.133,27734
1902,4.88109,5.03701,2.403e-04,0.799,0.142,27927
1903,4.83091,5.03701,2.400e-04,0.811,0.152,27983
1904,5.01761,5.03701,2.397e-04,0.766,0.142,27960
1905,4.93666,5.03701,2.394e-04,0.754,0.136,28085
1906,5.14171,5.03701,2.391e-04,0.723,0.132,28022
1907,4.97088,5.03701,2.388e-04,0.701,0.134,27928
1908,4.87161,5.03701,2.385e-04,0.687,0.123,27916
1909,5.12055,5.03701,2.383e-04,0.726,0.122,27965
1910,4.81017,5.03701,2.380e-04,0.711,0.121,27983
1911,4.98373,5.03701,2.377e-04,0.697,0.122,28104
1912,5.04395,5.03701,2.374e-04,0.768,0.136,27975
1913,5.19116,5.03701,2.371e-04,0.726,0.131,27914
1914,4.78335,5.03701,2.368e-04,0.737,0.127,27940
1915,5.01440,5.03701,2.365e-04,0.717,0.132,27905
1916,4.97745,5.03701,2.363e-04,0.694,0.122,27994
1917,5.12466,5.03701,2.360e-04,0.743,0.124,28130
1918,4.98733,5.03701,2.357e-04,0.691,0.113,27942
1919,4.88554,5.03701,2.354e-04,0.733,0.128,27965
1920,5.00874,5.03701,2.351e-04,0.763,0.129,27981
1921,4.94138,5.03701,2.348e-04,0.677,0.122,27740
1922,4.95343,5.03701,2.346e-04,0.754,0.131,27941
1923,5.09700,5.03701,2.343e-04,0.798,0.150,28099
1924,5.02635,5.03701,2.340e-04,0.682,0.120,27967
1925,5.04306,5.03701,2.337e-04,0.759,0.157,27951
1926,4.95202,5.03701,2.334e-04,0.738,0.142,27930
1927,4.95463,5.03701,2.331e-04,0.715,0.130,28031
1928,4.96026,5.03701,2.329e-04,0.744,0.134,28052
1929,5.07256,5.03701,2.326e-04,0.725,0.120,28075
1930,4.93224,5.03701,2.323e-04,0.693,0.136,27939
1931,4.99538,5.03701,2.320e-04,0.746,0.141,27950
1932,5.14826,5.03701,2.317e-04,0.718,0.126,27969
1933,5.04605,5.03701,2.315e-04,0.755,0.141,27914
1934,4.96457,5.03701,2.312e-04,0.745,0.141,28106
1935,5.01250,5.03701,2.309e-04,0.743,0.133,28069
1936,4.92051,5.03701,2.306e-04,0.734,0.132,27937
1937,5.13318,5.03701,2.303e-04,0.688,0.116,27951
1938,4.92223,5.03701,2.300e-04,0.693,0.139,27966
1939,5.03108,5.03701,2.298e-04,0.701,0.132,28017
1940,4.80471,5.03701,2.295e-04,0.695,0.124,28105
1941,4.84307,5.03701,2.292e-04,0.713,0.128,27634
1942,5.07868,5.03701,2.289e-04,0.687,0.123,27956
1943,5.01930,5.03701,2.286e-04,0.774,0.134,27962
1944,4.81562,5.03701,2.284e-04,0.725,0.139,27942
1945,5.02508,5.03701,2.281e-04,0.748,0.134,27983
1946,4.89805,5.03701,2.278e-04,0.751,0.127,28084
1947,5.17560,5.03701,2.275e-04,0.737,0.116,27983
1948,4.92819,5.03701,2.272e-04,0.746,0.132,27953
1949,5.06784,5.03701,2.270e-04,0.822,0.135,27973
1950,4.91573,5.03701,2.267e-04,0.790,0.140,27970
1951,4.94069,5.03701,2.264e-04,0.778,0.141,28011
1952,4.94787,5.03701,2.261e-04,0.701,0.122,28098
1953,5.12658,5.03701,2.258e-04,0.732,0.131,27946
1954,4.99808,5.03701,2.256e-04,0.717,0.126,27954
1955,4.99614,5.03701,2.253e-04,0.728,0.118,27964
1956,4.94695,5.03701,2.250e-04,0.790,0.122,27938
1957,4.87967,5.03701,2.247e-04,0.680,0.120,28006
1958,4.88708,5.03701,2.244e-04,0.683,0.118,28113
1959,5.02854,5.03701,2.242e-04,0.799,0.133,27916
1960,5.14114,5.03701,2.239e-04,0.753,0.121,27927
1961,4.83462,5.03701,2.236e-04,0.804,0.171,27678
1962,4.95487,5.03701,2.233e-04,0.765,0.127,27890
1963,5.01975,5.03701,2.230e-04,0.852,0.168,28084
1964,5.04591,5.03701,2.228e-04,0.745,0.129,28135
1965,4.95123,5.03701,2.225e-04,0.733,0.143,27942
1966,4.82528,5.03701,2.222e-04,0.764,0.148,27909
1967,5.08432,5.03701,2.219e-04,0.736,0.125,27969
1968,4.94107,5.03701,2.217e-04,0.737,0.131,27959
1969,4.81441,5.03701,2.214e-04,0.742,0.124,28081
1970,4.86639,5.03701,2.211e-04,0.715,0.123,28014
1971,4.88348,5.03701,2.208e-04,0.730,0.119,27958
1972,4.95384,5.03701,2.206e-04,0.694,0.115,27965
1973,4.90229,5.03701,2.203e-04,0.757,0.139,27886
1974,4.96698,5.03701,2.200e-04,0.762,0.153,27984
1975,5.13183,5.03701,2.197e-04,0.748,0.132,28112
1976,5.21605,5.03701,2.194e-04,0.684,0.117,28045
1977,4.80254,5.03701,2.192e-04,0.720,0.132,27974
1978,4.95154,5.03701,2.189e-04,0.809,0.161,28017
1979,4.83981,5.03701,2.186e-04,0.770,0.158,28005
1980,4.88089,5.03701,2.183e-04,0.738,0.132,27984
1981,4.97981,5.03701,2.181e-04,0.763,0.149,27727
1982,5.01376,5.03701,2.178e-04,0.834,0.140,28000
1983,4.90109,5.03701,2.175e-04,0.750,0.137,27947
1984,5.15261,5.03701,2.172e-04,0.751,0.153,28013
1985,5.00119,5.03701,2.170e-04,0.751,0.135,27992
1986,5.04370,5.03701,2.167e-04,0.728,0.146,28004
1987,4.95340,5.03701,2.164e-04,0.754,0.139,28110
1988,4.96799,5.03701,2.161e-04,0.685,0.126,27948
1989,5.00909,5.03701,2.159e-04,0.772,0.137,27976
1990,4.97809,5.03701,2.156e-04,0.705,0.118,27946
1991,4.87133,5.03701,2.153e-04,0.703,0.121,27975
1992,4.91384,5.03701,2.150e-04,0.751,0.126,28024
1993,4.90571,5.03701,2.148e-04,0.779,0.137,28084
1994,4.87960,5.03701,2.145e-04,0.740,0.132,27958
1995,4.91053,5.03701,2.142e-04,0.693,0.116,27980
1996,5.17161,5.03701,2.139e-04,0.773,0.144,27950
1997,4.93300,5.03701,2.137e-04,0.751,0.125,27920
1998,5.08484,5.03701,2.134e-04,0.705,0.114,28072
1999,4.99641,5.03701,2.131e-04,0.732,0.126,28063
2000,5.10717,4.94445,2.129e-04,0.707,0.120,8411
2001,4.95688,4.94445,2.126e-04,0.737,0.130,28025
2002,4.92521,4.94445,2.123e-04,0.679,0.123,27973
2003,4.84932,4.94445,2.120e-04,0.750,0.132,27926
2004,5.04067,4.94445,2.118e-04,0.772,0.117,28000
2005,5.04985,4.94445,2.115e-04,0.770,0.130,28006
2006,5.10820,4.94445,2.112e-04,0.804,0.143,28115
2007,5.05540,4.94445,2.109e-04,0.739,0.114,28082
2008,4.89629,4.94445,2.107e-04,0.768,0.143,27984
2009,4.83473,4.94445,2.104e-04,0.732,0.131,27950
2010,5.00077,4.94445,2.101e-04,0.773,0.124,27967
2011,4.95227,4.94445,2.099e-04,0.701,0.124,27978
2012,4.76405,4.94445,2.096e-04,0.746,0.142,28125
2013,4.93432,4.94445,2.093e-04,0.740,0.125,27983
2014,5.02225,4.94445,2.090e-04,0.762,0.134,27933
2015,4.94974,4.94445,2.088e-04,0.711,0.127,27987
2016,4.95858,4.94445,2.085e-04,0.761,0.144,27941
2017,4.92980,4.94445,2.082e-04,0.713,0.125,28003
2018,4.83783,4.94445,2.080e-04,0.752,0.139,28081
2019,5.01068,4.94445,2.077e-04,0.772,0.132,27982
2020,5.01812,4.94445,2.074e-04,0.701,0.122,27955
2021,4.88242,4.94445,2.072e-04,0.750,0.140,27667
2022,4.88214,4.94445,2.069e-04,0.673,0.118,27903
2023,4.99948,4.94445,2.066e-04,0.699,0.118,28046
2024,4.89921,4.94445,2.063e-04,0.758,0.137,28073
2025,4.69122,4.94445,2.061e-04,0.685,0.131,27943
2026,4.94819,4.94445,2.058e-04,0.735,0.125,27939
2027,5.06282,4.94445,2.055e-04,0.713,0.123,27994
2028,4.99474,4.94445,2.053e-04,0.774,0.145,27970
2029,4.76323,4.94445,2.050e-04,0.702,0.121,28080
2030,4.98085,4.94445,2.047e-04,0.774,0.130,28074
2031,5.02373,4.94445,2.045e-04,0.735,0.125,27961
2032,4.95874,4.94445,2.042e-04,0.776,0.144,27978
2033,4.87757,4.94445,2.039e-04,0.798,0.152,27964
2034,4.90343,4.94445,2.037e-04,0.749,0.133,27994
2035,4.92675,4.94445,2.034e-04,0.777,0.154,28053
2036,4.82771,4.94445,2.031e-04,0.772,0.146,28047
2037,4.98275,4.94445,2.029e-04,0.780,0.142,27918
2038,4.97996,4.94445,2.026e-04,0.691,0.134,27973
2039,4.92192,4.94445,2.023e-04,0.722,0.129,27953
2040,5.11478,4.94445,2.021e-04,0.753,0.146,27945
2041,4.67784,4.94445,2.018e-04,0.775,0.145,27704
2042,4.79675,4.94445,2.015e-04,0.732,0.132,28004
2043,5.02537,4.94445,2.013e-04,0.881,0.196,27962
2044,4.90727,4.94445,2.010e-04,0.714,0.119,27959
2045,5.09358,4.94445,2.007e-04,0.779,0.158,27969
2046,4.84485,4.94445,2.005e-04,0.764,0.154,27988
2047,4.91745,4.94445,2.002e-04,0.715,0.125,28114
2048,5.05239,4.94445,1.999e-04,0.750,0.140,27950
2049,4.90392,4.94445,1.997e-04,0.755,0.140,28046
2050,5.01135,4.94445,1.994e-04,0.756,0.122,28024
2051,4.92570,4.94445,1.991e-04,0.766,0.131,27959
2052,4.96120,4.94445,1.989e-04,0.778,0.136,27994
2053,4.91103,4.94445,1.986e-04,0.737,0.155,28118
2054,4.65793,4.94445,1.983e-04,0.768,0.148,27963
2055,4.98722,4.94445,1.981e-04,0.767,0.130,27927
2056,5.04806,4.94445,1.978e-04,0.767,0.129,27947
2057,4.91237,4.94445,1.975e-04,0.778,0.126,27972
2058,4.89880,4.94445,1.973e-04,0.792,0.155,27995
2059,5.08991,4.94445,1.970e-04,0.768,0.118,28110
2060,4.89352,4.94445,1.968e-04,0.739,0.127,27909
2061,5.01297,4.94445,1.965e-04,0.776,0.124,27618
2062,4.86228,4.94445,1.962e-04,0.744,0.129,27932
2063,4.90043,4.94445,1.960e-04,0.696,0.128,27962
2064,4.77148,4.94445,1.957e-04,0.767,0.134,28085
2065,4.99419,4.94445,1.954e-04,0.783,0.120,28055
2066,4.92883,4.94445,1.952e-04,0.681,0.119,27946
2067,5.09396,4.94445,1.949e-04,0.755,0.133,27944
2068,4.78948,4.94445,1.947e-04,0.772,0.137,27968
2069,4.87837,4.94445,1.944e-04,0.681,0.124,27919
2070,4.73793,4.94445,1.941e-04,0.746,0.141,28113
2071,4.75786,4.94445,1.939e-04,0.746,0.123,28029
2072,4.88767,4.94445,1.936e-04,0.778,0.141,28035
2073,4.95066,4.94445,1.933e-04,0.707,0.117,27951
2074,4.83220,4.94445,1.931e-04,0.766,0.130,27946
2075,4.97799,4.94445,1.928e-04,0.739,0.142,27950
2076,4.98328,4.94445,1.926e-04,0.701,0.113,28127
2077,4.94913,4.94445,1.923e-04,0.722,0.117,27987
2078,5.04910,4.94445,1.920e-04,0.781,0.123,27950
2079,5.08028,4.94445,1.918e-04,0.726,0.122,28011
2080,5.00818,4.94445,1.915e-04,0.756,0.137,27925
2081,4.90384,4.94445,1.913e-04,0.833,0.154,27707
2082,4.82485,4.94445,1.910e-04,0.759,0.163,27958
2083,4.82752,4.94445,1.907e-04,0.731,0.132,27938
2084,4.86892,4.94445,1.905e-04,0.713,0.126,27977
2085,4.84999,4.94445,1.902e-04,0.808,0.141,27957
2086,4.90500,4.94445,1.900e-04,0.757,0.132,27942
2087,5.14484,4.94445,1.897e-04,0.741,0.113,27991
2088,4.99318,4.94445,1.894e-04,0.769,0.122,28087
2089,4.92292,4.94445,1.892e-04,0.728,0.119,27948
2090,5.06936,4.94445,1.889e-04,0.725,0.124,27938
2091,4.92376,4.94445,1.887e-04,0.848,0.149,27950
2092,4.84256,4.94445,1.884e-04,0.665,0.115,27924
2093,4.97392,4.94445,1.882e-04,0.828,0.174,28020
2094,5.02117,4.94445,1.879e-04,0.688,0.131,28019
2095,4.90641,4.94445,1.876e-04,0.820,0.160,27935
2096,4.91311,4.94445,1.874e-04,0.823,0.139,27905
2097,5.02119,4.94445,1.871e-04,0.771,0.126,27954
2098,4.90870,4.94445,1.869e-04,0.962,0.173,27911
2099,4.97316,4.94445,1.866e-04,0.724,0.124,28078
2100,4.96798,4.94445,1.864e-04,0.805,0.131,28025
2101,4.99383,4.94445,1.861e-04,0.782,0.121,27699
2102,4.87311,4.94445,1.858e-04,0.739,0.143,27953
2103,4.95120,4.94445,1.856e-04,0.789,0.131,27965
2104,4.89767,4.94445,1.853e-04,0.709,0.132,27888
2105,4.94076,4.94445,1.851e-04,0.783,0.144,28122
2106,4.79200,4.94445,1.848e-04,0.753,0.125,27996
2107,4.93290,4.94445,1.846e-04,0.774,0.131,27935
2108,4.95793,4.94445,1.843e-04,0.794,0.133,27960
2109,4.70844,4.94445,1.841e-04,0.784,0.138,27889
2110,4.89136,4.94445,1.838e-04,0.710,0.116,27970
2111,4.85310,4.94445,1.835e-04,0.711,0.121,28100
2112,4.89396,4.94445,1.833e-04,0.810,0.156,27916
2113,4.77885,4.94445,1.830e-04,0.782,0.151,27922
2114,4.70291,4.94445,1.828e-04,0.764,0.140,27924
2115,4.98956,4.94445,1.825e-04,0.715,0.138,27938
2116,5.07852,4.94445,1.823e-04,0.771,0.151,28021
2117,5.02597,4.94445,1.820e-04,0.770,0.119,28169
2118,4.98164,4.94445,1.818e-04,0.742,0.128,27943
2119,4.92471,4.94445,1.815e-04,0.777,0.131,27934
2120,5.01541,4.94445,1.813e-04,0.779,0.128,27928
2121,4.98189,4.94445,1.810e-04,0.734,0.123,27674
2122,5.04343,4.94445,1.808e-04,0.753,0.121,27938
2123,5.08872,4.94445,1.805e-04,0.748,0.129,28067
2124,4.92627,4.94445,1.802e-04,0.789,0.151,27932
2125,5.02716,4.94445,1.800e-04,0.842,0.140,27917
2126,4.93851,4.94445,1.797e-04,0.782,0.141,27953
2127,4.89490,4.94445,1.795e-04,0.775,0.134,27923
2128,5.12763,4.94445,1.792e-04,0.778,0.138,28069
2129,4.78305,4.94445,1.790e-04,0.752,0.144,28047
2130,4.63768,4.94445,1.787e-04,0.843,0.160,28002
2131,4.86933,4.94445,1.785e-04,0.781,0.127,27949
2132,4.70732,4.94445,1.782e-04,0.744,0.120,27941
2133,4.76181,4.94445,1.780e-04,0.763,0.125,27955
2134,4.86457,4.94445,1.777e-04,0.772,0.126,28122
2135,4.92918,4.94445,1.775e-04,0.764,0.137,28011
2136,4.91229,4.94445,1.772e-04,0.842,0.126,27949
2137,4.88011,4.94445,1.770e-04,0.753,0.119,27924
2138,5.00969,4.94445,1.767e-04,0.770,0.137,27954
2139,5.09018,4.94445,1.765e-04,0.759,0.132,27980
2140,4.97811,4.94445,1.762e-04,0.738,0.123,28090
2141,5.04795,4.94445,1.760e-04,0.759,0.123,27649
2142,4.70231,4.94445,1.757e-04,0.730,0.120,27967
2143,5.05932,4.94445,1.755e-04,0.746,0.121,27961
2144,5.01765,4.94445,1.752e-04,0.770,0.133,27942
2145,4.76586,4.94445,1.750e-04,0.765,0.139,27954
2146,4.72237,4.94445,1.747e-04,0.688,0.117,28100
2147,4.82843,4.94445,1.745e-04,0.806,0.154,27951
2148,5.08598,4.94445,1.743e-04,0.778,0.128,27964
2149,4.78666,4.94445,1.740e-04,0.739,0.122,27945
2150,4.85390,4.94445,1.738e-04,0.806,0.136,27955
2151,4.99213,4.94445,1.735e-04,0.779,0.130,27987
2152,4.84668,4.94445,1.733e-04,0.800,0.125,28100
2153,4.87762,4.94445,1.730e-04,0.777,0.129,27923
2154,4.81473,4.94445,1.728e-04,0.805,0.148,27945
2155,4.85899,4.94445,1.725e-04,0.764,0.123,27900
2156,4.99873,4.94445,1.723e-04,0.708,0.114,27936
2157,4.92194,4.94445,1.720e-04,0.755,0.141,28034
2158,4.86758,4.94445,1.718e-04,0.751,0.133,28097
2159,4.87224,4.94445,1.715e-04,0.765,0.124,27945
2160,4.97702,4.94445,1.713e-04,0.741,0.129,27972
2161,4.94771,4.94445,1.711e-04,0.742,0.148,27632
2162,4.90224,4.94445,1.708e-04,0.732,0.137,27909
2163,4.72549,4.94445,1.706e-04,0.755,0.142,28057
2164,4.95031,4.94445,1.703e-04,0.744,0.141,28119
2165,4.90789,4.94445,1.701e-04,0.686,0.109,27932
2166,5.14992,4.94445,1.698e-04,0.721,0.129,27912
2167,4.91522,4.94445,1.696e-04,0.718,0.121,27972
2168,5.02582,4.94445,1.693e-04,0.727,0.114,27941
2169,4.90690,4.94445,1.691e-04,0.751,0.128,28106
2170,4.95120,4.94445,1.689e-04,0.760,0.120,28005
2171,5.00906,4.94445,1.686e-04,0.794,0.137,27960
2172,4.95521,4.94445,1.684e-04,0.757,0.129,27953
2173,4.73024,4.94445,1.681e-04,0.786,0.137,27967
2174,5.09959,4.94445,1.679e-04,0.742,0.117,27963
2175,4.88579,4.94445,1.676e-04,0.720,0.129,28108
2176,5.01519,4.94445,1.674e-04,0.781,0.130,27998
2177,4.80469,4.94445,1.672e-04,0.708,0.128,27932
2178,5.03144,4.94445,1.669e-04,0.777,0.140,27946
2179,5.05440,4.94445,1.667e-04,0.735,0.113,27936
2180,4.88588,4.94445,1.664e-04,0.813,0.132,27978
2181,4.97552,4.94445,1.662e-04,0.750,0.127,27666
2182,5.04977,4.94445,1.660e-04,0.732,0.120,27992
2183,4.97810,4.94445,1.657e-04,0.734,0.121,27949
2184,4.93488,4.94445,1.655e-04,0.764,0.128,27989
2185,4.65571,4.94445,1.652e-04,0.997,0.160,27964
2186,4.78230,4.94445,1.650e-04,0.753,0.120,28017
2187,4.89816,4.94445,1.648e-04,0.723,0.120,28133
2188,4.92066,4.94445,1.645e-04,0.766,0.118,27909
2189,5.02911,4.94445,1.643e-04,0.784,0.133,27969
2190,4.95808,4.94445,1.640e-04,0.780,0.128,27919
2191,4.91476,4.94445,1.638e-04,0.707,0.120,27935
2192,4.92119,4.94445,1.636e-04,0.724,0.124,28053
2193,4.94966,4.94445,1.633e-04,0.761,0.131,28079
2194,4.95474,4.94445,1.631e-04,0.724,0.117,27919
2195,4.89580,4.94445,1.628e-04,0.811,0.143,27949
2196,4.93397,4.94445,1.626e-04,0.757,0.125,27969
2197,4.92084,4.94445,1.624e-04,0.809,0.127,27950
2198,4.84057,4.94445,1.621e-04,0.765,0.117,28061
2199,4.87357,4.94445,1.619e-04,0.735,0.118,28032
2200,4.92036,4.94445,1.617e-04,0.782,0.131,27965
2201,5.18494,4.94445,1.614e-04,0.799,0.124,27598
2202,4.88257,4.94445,1.612e-04,0.811,0.129,27924
2203,4.80029,4.94445,1.609e-04,0.779,0.123,27950
2204,4.75501,4.94445,1.607e-04,0.793,0.154,28121
2205,5.00984,4.94445,1.605e-04,0.826,0.128,28008
2206,4.87575,4.94445,1.602e-04,0.777,0.136,27922
2207,5.01445,4.94445,1.600e-04,0.798,0.127,27939
2208,4.94836,4.94445,1.598e-04,0.822,0.146,27978
2209,5.05188,4.94445,1.595e-04,0.746,0.137,28030
2210,4.67169,4.94445,1.593e-04,0.817,0.128,28129
2211,4.89536,4.94445,1.591e-04,0.777,0.133,27980
2212,4.99768,4.94445,1.588e-04,0.723,0.117,27899
2213,4.67368,4.94445,1.586e-04,0.862,0.140,27969
2214,4.82437,4.94445,1.584e-04,0.833,0.125,27941
2215,4.75744,4.94445,1.581e-04,0.760,0.138,28014
2216,4.76502,4.94445,1.579e-04,0.758,0.143,28090
2217,4.78619,4.94445,1.577e-04,0.788,0.125,27949
2218,4.80521,4.94445,1.574e-04,0.711,0.125,27934
2219,4.70233,4.94445,1.572e-04,0.718,0.120,27970
2220,4.94747,4.94445,1.570e-04,0.729,0.116,27963
2221,4.88656,4.94445,1.567e-04,0.742,0.123,27686
2222,4.90395,4.94445,1.565e-04,0.759,0.127,28049
2223,4.80926,4.94445,1.563e-04,0.732,0.116,27959
2224,4.99942,4.94445,1.560e-04,0.747,0.122,27961
2225,4.70176,4.94445,1.558e-04,0.785,0.133,27880
2226,4.90734,4.94445,1.556e-04,0.831,0.134,27947
2227,4.93545,4.94445,1.553e-04,0.785,0.133,28085
2228,4.65899,4.94445,1.551e-04,0.782,0.131,28050
2229,4.87930,4.94445,1.549e-04,0.728,0.117,27934
2230,4.81231,4.94445,1.546e-04,0.808,0.147,27953
2231,4.84381,4.94445,1.544e-04,0.773,0.130,27977
2232,4.88454,4.94445,1.542e-04,0.752,0.128,28074
2233,5.01263,4.94445,1.540e-04,0.801,0.147,28105
2234,4.91453,4.94445,1.537e-04,0.742,0.129,28028
2235,4.95024,4.94445,1.535e-04,0.720,0.117,27916
2236,4.69536,4.94445,1.533e-04,0.718,0.128,27960
2237,4.81299,4.94445,1.530e-04,0.719,0.124,27947
2238,5.02379,4.94445,1.528e-04,0.864,0.132,27948
2239,4.96525,4.94445,1.526e-04,0.793,0.146,28136
2240,4.97388,4.94445,1.524e-04,0.881,0.147,27956
2241,4.89180,4.94445,1.521e-04,0.866,0.130,27679
2242,4.91463,4.94445,1.519e-04,0.738,0.125,27957
2243,5.08343,4.94445,1.517e-04,0.814,0.131,27981
2244,4.80223,4.94445,1.514e-04,0.754,0.139,27952
2245,4.71716,4.94445,1.512e-04,0.762,0.125,28128
2246,4.81419,4.94445,1.510e-04,0.772,0.125,27953
2247,4.88834,4.94445,1.508e-04,0.765,0.137,27943
2248,4.96362,4.94445,1.505e-04,0.727,0.123,27966
2249,5.01350,4.94445,1.503e-04,0.743,0.120,27964
2250,5.05316,4.87370,1.501e-04,0.744,0.124,8456
2251,4.99587,4.87370,1.499e-04,0.758,0.130,28088
2252,4.85922,4.87370,1.496e-04,0.755,0.129,27942
2253,5.02988,4.87370,1.494e-04,0.839,0.151,28052
2254,4.90426,4.87370,1.492e-04,0.763,0.126,27957
2255,4.87150,4.87370,1.490e-04,0.751,0.124,27962
2256,4.91731,4.87370,1.487e-04,0.778,0.128,27950
2257,4.91736,4.87370,1.485e-04,0.764,0.133,27923
2258,5.07179,4.87370,1.483e-04,0.738,0.134,28075
2259,4.68113,4.87370,1.481e-04,0.790,0.140,28052
2260,4.72149,4.87370,1.478e-04,0.727,0.120,27949
2261,4.97082,4.87370,1.476e-04,0.720,0.123,27653
2262,4.80247,4.87370,1.474e-04,0.789,0.135,27880
2263,4.88644,4.87370,1.472e-04,0.756,0.125,27942
2264,4.96331,4.87370,1.469e-04,0.866,0.146,28089
2265,4.89433,4.87370,1.467e-04,0.767,0.135,28019
2266,4.83982,4.87370,1.465e-04,0.772,0.130,27917
2267,4.84771,4.87370,1.463e-04,0.764,0.141,27956
2268,4.92350,4.87370,1.461e-04,0.733,0.123,27951
2269,4.81391,4.87370,1.458e-04,0.757,0.118,27971
2270,5.02209,4.87370,1.456e-04,0.739,0.122,28100
2271,5.05479,4.87370,1.454e-04,0.761,0.145,27950
2272,4.99531,4.87370,1.452e-04,0.751,0.131,27973
2273,4.85927,4.87370,1.450e-04,0.710,0.122,27966
2274,4.96311,4.87370,1.447e-04,0.852,0.148,28032
2275,4.88345,4.87370,1.445e-04,0.743,0.127,28005
2276,5.02329,4.87370,1.443e-04,0.819,0.138,28111
2277,4.90923,4.87370,1.441e-04,0.807,0.127,27972
2278,4.95183,4.87370,1.439e-04,0.729,0.118,27919
2279,4.98014,4.87370,1.436e-04,0.803,0.140,27943
2280,4.72458,4.87370,1.434e-04,0.846,0.146,27950
2281,4.79288,4.87370,1.432e-04,0.718,0.122,27742
2282,4.98064,4.87370,1.430e-04,0.829,0.172,28104
2283,4.86549,4.87370,1.428e-04,0.793,0.117,27943
2284,4.99039,4.87370,1.425e-04,0.764,0.124,27954
2285,4.81645,4.87370,1.423e-04,0.797,0.119,27972
2286,4.89917,4.87370,1.421e-04,0.801,0.128,27963
2287,4.87627,4.87370,1.419e-04,0.723,0.121,28059
2288,4.95263,4.87370,1.417e-04,0.768,0.122,28085
2289,4.88147,4.87370,1.415e-04,0.768,0.122,27961
2290,4.88234,4.87370,1.412e-04,0.828,0.140,27926
2291,4.91925,4.87370,1.410e-04,0.762,0.119,27954
2292,4.81917,4.87370,1.408e-04,0.753,0.128,27963
2293,4.66243,4.87370,1.406e-04,0.846,0.142,28097
2294,4.71729,4.87370,1.404e-04,0.798,0.137,28046
2295,4.78342,4.87370,1.402e-04,0.786,0.145,27967
2296,4.68967,4.87370,1.399e-04,0.813,0.132,27934
2297,4.95565,4.87370,1.397e-04,0.798,0.123,27993
2298,4.89951,4.87370,1.395e-04,0.758,0.131,27944
2299,4.97065,4.87370,1.393e-04,0.769,0.122,28080
2300,5.15130,4.87370,1.391e-04,0.754,0.118,28042
2301,4.78786,4.87370,1.389e-04,0.815,0.136,27636
2302,4.74043,4.87370,1.387e-04,0.795,0.142,27916
2303,4.88081,4.87370,1.384e-04,0.845,0.131,27935
2304,5.00728,4.87370,1.382e-04,0.756,0.133,27990
2305,4.92966,4.87370,1.380e-04,0.791,0.139,28125
2306,4.99138,4.87370,1.378e-04,0.767,0.127,27981
2307,4.74584,4.87370,1.376e-04,0.821,0.137,27974
2308,4.98953,4.87370,1.374e-04,0.741,0.128,27959
2309,4.90347,4.87370,1.372e-04,0.777,0.128,27948
2310,4.81180,4.87370,1.370e-04,0.864,0.150,27979
2311,4.84375,4.87370,1.367e-04,0.754,0.129,28119
2312,4.75579,4.87370,1.365e-04,0.835,0.162,27967
2313,4.92347,4.87370,1.363e-04,0.830,0.148,27922
2314,4.92789,4.87370,1.361e-04,0.811,0.136,27979
2315,4.96808,4.87370,1.359e-04,0.759,0.127,27931
2316,4.79305,4.87370,1.357e-04,0.783,0.156,28031
2317,4.94782,4.87370,1.355e-04,0.749,0.123,28170
2318,4.90932,4.87370,1.353e-04,0.746,0.125,27969
2319,4.82341,4.87370,1.351e-04,0.780,0.148,27919
2320,4.85737,4.87370,1.348e-04,0.760,0.124,27947
2321,4.77943,4.87370,1.346e-04,0.746,0.120,27767
2322,4.87640,4.87370,1.344e-04,0.883,0.138,27947
2323,4.82687,4.87370,1.342e-04,0.772,0.124,28050
2324,4.98228,4.87370,1.340e-04,0.784,0.127,27961
2325,4.87712,4.87370,1.338e-04,0.837,0.135,27968
2326,5.04369,4.87370,1.336e-04,0.791,0.133,27936
2327,4.96775,4.87370,1.334e-04,0.748,0.115,27962
2328,4.81914,4.87370,1.332e-04,0.762,0.134,28101
2329,4.87956,4.87370,1.330e-04,0.775,0.127,28035
2330,4.93321,4.87370,1.328e-04,0.821,0.128,27971
2331,4.81906,4.87370,1.326e-04,0.708,0.117,27943
2332,4.90009,4.87370,1.324e-04,0.797,0.130,28016
2333,4.77205,4.87370,1.321e-04,0.697,0.118,27960
2334,4.93274,4.87370,1.319e-04,0.738,0.116,28119
2335,4.93202,4.87370,1.317e-04,0.770,0.127,28017
2336,4.89215,4.87370,1.315e-04,0.796,0.125,27929
2337,4.89821,4.87370,1.313e-04,0.762,0.127,27936
2338,4.85077,4.87370,1.311e-04,0.728,0.121,27949
2339,4.87375,4.87370,1.309e-04,0.757,0.119,27996
2340,4.74538,4.87370,1.307e-04,0.795,0.130,28134
2341,4.87250,4.87370,1.305e-04,0.789,0.137,27662
2342,4.69150,4.87370,1.303e-04,0.802,0.136,27958
2343,4.86856,4.87370,1.301e-04,0.777,0.129,27927
2344,4.81021,4.87370,1.299e-04,0.773,0.125,27945
2345,4.87908,4.87370,1.297e-04,0.881,0.146,27978
2346,4.91723,4.87370,1.295e-04,0.795,0.136,28102
2347,5.04879,4.87370,1.293e-04,0.746,0.123,27992
2348,4.75087,4.87370,1.291e-04,0.783,0.143,27960
2349,4.76819,4.87370,1.289e-04,0.755,0.144,27931
2350,4.93851,4.87370,1.287e-04,0.739,0.121,27946
2351,4.84620,4.87370,1.285e-04,0.827,0.130,28020
2352,5.04222,4.87370,1.283e-04,0.837,0.137,28092
2353,4.81976,4.87370,1.281e-04,0.728,0.120,27991
2354,4.95429,4.87370,1.279e-04,0.817,0.133,27946
2355,4.76232,4.87370,1.277e-04,0.801,0.131,27942
2356,4.73908,4.87370,1.275e-04,0.834,0.132,27974
2357,4.82310,4.87370,1.273e-04,0.809,0.132,28039
2358,4.69962,4.87370,1.271e-04,0.922,0.161,28078
2359,4.83198,4.87370,1.269e-04,0.784,0.129,27973
2360,4.84779,4.87370,1.267e-04,0.761,0.118,27924
2361,4.79485,4.87370,1.265e-04,0.744,0.125,27671
2362,4.71703,4.87370,1.263e-04,0.808,0.149,27907
2363,4.88917,4.87370,1.261e-04,0.814,0.131,28090
2364,4.79484,4.87370,1.259e-04,0.770,0.120,28066
2365,4.92987,4.87370,1.257e-04,0.823,0.126,27955
2366,5.06605,4.87370,1.255e-04,0.809,0.136,27939
2367,4.76987,4.87370,1.253e-04,0.811,0.126,27940
2368,4.72392,4.87370,1.251e-04,0.785,0.122,27962
2369,4.86934,4.87370,1.249e-04,0.754,0.120,28078
2370,4.75718,4.87370,1.247e-04,0.776,0.132,28024
2371,5.09852,4.87370,1.245e-04,0.820,0.127,27973
2372,4.78970,4.87370,1.243e-04,0.773,0.129,27937
2373,4.99312,4.87370,1.241e-04,0.864,0.140,27975
2374,4.90589,4.87370,1.239e-04,0.743,0.124,27970
2375,4.92684,4.87370,1.237e-04,0.803,0.134,28101
2376,4.85956,4.87370,1.235e-04,0.730,0.117,27996
2377,4.92230,4.87370,1.233e-04,0.766,0.128,27920
2378,4.73662,4.87370,1.231e-04,0.749,0.129,27966
2379,4.82501,4.87370,1.229e-04,0.763,0.124,27956
2380,4.76806,4.87370,1.227e-04,0.767,0.122,27980
2381,4.75766,4.87370,1.225e-04,0.749,0.119,27671
2382,4.76548,4.87370,1.223e-04,0.873,0.155,27987
2383,4.83185,4.87370,1.222e-04,0.794,0.128,27952
2384,4.86502,4.87370,1.220e-04,0.795,0.131,28016
2385,5.01089,4.87370,1.218e-04,0.778,0.127,27983
2386,4.74029,4.87370,1.216e-04,0.713,0.115,27978
2387,5.01667,4.87370,1.214e-04,0.830,0.135,28073
2388,4.83261,4.87370,1.212e-04,0.747,0.130,27910
2389,4.94340,4.87370,1.210e-04,0.737,0.118,27922
2390,4.96256,4.87370,1.208e-04,0.772,0.126,27951
2391,4.82025,4.87370,1.206e-04,0.800,0.132,27921
2392,4.80710,4.87370,1.204e-04,0.846,0.130,28028
2393,4.97537,4.87370,1.202e-04,0.773,0.125,28069
2394,4.66003,4.87370,1.200e-04,0.777,0.128,27937
2395,4.91372,4.87370,1.199e-04,0.771,0.118,27941
2396,4.80828,4.87370,1.197e-04,0.779,0.129,27938
2397,4.85956,4.87370,1.195e-04,0.919,0.139,27923
2398,4.66111,4.87370,1.193e-04,0.760,0.124,28070
2399,4.89009,4.87370,1.191e-04,0.790,0.123,27979
2400,4.87259,4.87370,1.189e-04,0.752,0.126,27946
2401,4.83893,4.87370,1.187e-04,0.767,0.121,27600
2402,4.75218,4.87370,1.185e-04,0.849,0.136,27914
2403,4.86059,4.87370,1.183e-04,0.729,0.114,27938
2404,4.69735,4.87370,1.182e-04,0.771,0.121,28099
2405,4.98103,4.87370,1.180e-04,0.792,0.138,27987
2406,4.70957,4.87370,1.178e-04,0.738,0.130,27942
2407,4.91688,4.87370,1.176e-04,0.723,0.118,28011
2408,4.75886,4.87370,1.174e-04,0.794,0.136,27941
2409,4.81410,4.87370,1.172e-04,0.785,0.135,28064
2410,4.69912,4.87370,1.170e-04,0.767,0.118,28049
2411,4.83842,4.87370,1.168e-04,0.803,0.124,27973
2412,4.98181,4.87370,1.167e-04,0.804,0.129,27936
2413,4.97436,4.87370,1.165e-04,0.779,0.121,27925
2414,4.86263,4.87370,1.163e-04,0.760,0.123,27896
2415,4.75061,4.87370,1.161e-04,0.740,0.118,27978
2416,4.85470,4.87370,1.159e-04,0.813,0.127,28068
2417,4.90690,4.87370,1.157e-04,0.777,0.127,27944
2418,5.00545,4.87370,1.155e-04,0.745,0.118,27915
2419,4.88194,4.87370,1.154e-04,0.811,0.124,27931
2420,4.91372,4.87370,1.152e-04,0.794,0.128,27955
2421,4.83241,4.87370,1.150e-04,0.799,0.132,27691
2422,4.95227,4.87370,1.148e-04,0.783,0.120,28025
2423,4.79044,4.87370,1.146e-04,0.721,0.120,27962
2424,4.95260,4.87370,1.144e-04,0.758,0.118,27907
2425,4.82922,4.87370,1.143e-04,0.765,0.119,27935
2426,4.88790,4.87370,1.141e-04,0.773,0.130,27902
2427,4.67726,4.87370,1.139e-04,0.803,0.163,28080
2428,4.79445,4.87370,1.137e-04,0.766,0.123,28047
2429,4.94331,4.87370,1.135e-04,0.771,0.126,27944
2430,4.69773,4.87370,1.134e-04,0.809,0.131,27942
2431,4.98501,4.87370,1.132e-04,0.811,0.124,27982
2432,4.86971,4.87370,1.130e-04,0.789,0.134,27943
2433,4.74989,4.87370,1.128e-04,0.863,0.187,28133
2434,4.89357,4.87370,1.126e-04,0.766,0.116,27992
2435,5.06568,4.87370,1.125e-04,0.795,0.139,28104
2436,4.50099,4.87370,1.123e-04,0.936,0.199,27965
2437,4.99818,4.87370,1.121e-04,0.730,0.115,27916
2438,4.87402,4.87370,1.119e-04,0.745,0.127,27968
2439,4.97169,4.87370,1.117e-04,0.839,0.153,28082
2440,4.93047,4.87370,1.116e-04,0.813,0.147,27967
2441,4.80897,4.87370,1.114e-04,0.816,0.135,27588
2442,4.99035,4.87370,1.112e-04,0.844,0.153,27940
2443,4.71771,4.87370,1.110e-04,0.733,0.125,27955
2444,4.85822,4.87370,1.109e-04,0.827,0.118,28006
2445,4.83462,4.87370,1.107e-04,0.803,0.145,28110
2446,4.91497,4.87370,1.105e-04,0.806,0.134,27919
2447,4.89240,4.87370,1.103e-04,0.767,0.121,27945
2448,4.79295,4.87370,1.101e-04,0.764,0.124,27955
2449,4.76722,4.87370,1.100e-04,0.794,0.141,27935
2450,4.79573,4.87370,1.098e-04,0.792,0.131,28018
2451,4.95732,4.87370,1.096e-04,0.775,0.129,28076
2452,4.97605,4.87370,1.094e-04,0.864,0.128,28055
2453,4.88703,4.87370,1.093e-04,0.737,0.128,27944
2454,4.75939,4.87370,1.091e-04,0.769,0.117,27909
2455,5.02214,4.87370,1.089e-04,0.869,0.121,27980
2456,4.80387,4.87370,1.088e-04,0.749,0.121,28062
2457,4.90779,4.87370,1.086e-04,0.756,0.119,28095
2458,4.70680,4.87370,1.084e-04,0.888,0.128,27923
2459,4.84372,4.87370,1.082e-04,0.749,0.124,27947
2460,4.79702,4.87370,1.081e-04,0.725,0.111,27934
2461,4.83501,4.87370,1.079e-04,0.805,0.120,27766
2462,4.68567,4.87370,1.077e-04,0.756,0.138,27963
2463,4.80772,4.87370,1.075e-04,0.808,0.118,28030
2464,4.87909,4.87370,1.074e-04,0.756,0.116,27957
2465,4.78870,4.87370,1.072e-04,0.754,0.120,27914
2466,4.82290,4.87370,1.070e-04,0.751,0.116,27961
2467,4.73189,4.87370,1.069e-04,0.744,0.115,27965
2468,5.10962,4.87370,1.067e-04,0.743,0.112,28087
2469,4.93947,4.87370,1.065e-04,0.776,0.121,28016
2470,4.90997,4.87370,1.063e-04,0.748,0.118,27958
2471,4.61742,4.87370,1.062e-04,0.727,0.117,27914
2472,4.95859,4.87370,1.060e-04,0.757,0.113,27927
2473,4.89222,4.87370,1.058e-04,0.737,0.114,27980
2474,4.79059,4.87370,1.057e-04,0.744,0.119,28134
2475,4.77329,4.87370,1.055e-04,0.816,0.138,27979
2476,4.88036,4.87370,1.053e-04,0.814,0.124,28006
2477,4.68751,4.87370,1.052e-04,0.721,0.122,27999
2478,4.82899,4.87370,1.050e-04,0.756,0.114,27933
2479,4.68953,4.87370,1.048e-04,0.779,0.127,27997
2480,4.76812,4.87370,1.047e-04,0.816,0.119,28105
2481,4.79990,4.87370,1.045e-04,0.861,0.129,27657
2482,4.80901,4.87370,1.043e-04,0.795,0.124,27967
2483,4.70917,4.87370,1.042e-04,0.769,0.132,27967
2484,4.91260,4.87370,1.040e-04,0.847,0.120,27924
2485,4.87238,4.87370,1.038e-04,0.786,0.125,28043
2486,4.88319,4.87370,1.037e-04,0.771,0.121,28173
2487,4.79829,4.87370,1.035e-04,0.914,0.145,27942
2488,4.74519,4.87370,1.033e-04,0.826,0.121,27970
2489,4.99750,4.87370,1.032e-04,0.735,0.113,27955
2490,4.72596,4.87370,1.030e-04,0.893,0.166,27941
2491,4.75325,4.87370,1.028e-04,0.753,0.117,28030
2492,4.93585,4.87370,1.027e-04,0.737,0.118,28062
2493,4.78632,4.87370,1.025e-04,0.767,0.141,27908
2494,4.69077,4.87370,1.024e-04,0.784,0.134,27944
2495,4.78721,4.87370,1.022e-04,0.762,0.122,27934
2496,5.00738,4.87370,1.020e-04,0.762,0.119,27952
2497,4.86051,4.87370,1.019e-04,0.788,0.124,28045
2498,4.71380,4.87370,1.017e-04,0.735,0.123,28037
2499,4.87394,4.87370,1.015e-04,0.745,0.111,27977
2500,4.81053,4.82108,1.014e-04,0.776,0.122,8409
2501,4.84357,4.82108,1.012e-04,0.805,0.134,28015
2502,4.87216,4.82108,1.011e-04,0.789,0.124,27941
2503,4.70916,4.82108,1.009e-04,0.777,0.133,27934
2504,4.89539,4.82108,1.007e-04,0.882,0.137,28003
2505,4.79836,4.82108,1.006e-04,0.830,0.129,28103
2506,4.77023,4.82108,1.004e-04,0.820,0.138,27954
2507,4.83101,4.82108,1.003e-04,0.800,0.122,27973
2508,4.85728,4.82108,1.001e-04,0.830,0.128,27920
2509,4.67796,4.82108,9.995e-05,0.790,0.135,27922
2510,5.01043,4.82108,9.979e-05,0.782,0.114,28018
2511,4.78827,4.82108,9.963e-05,0.804,0.136,28092
2512,4.79043,4.82108,9.947e-05,0.777,0.127,27953
2513,4.57333,4.82108,9.931e-05,0.772,0.125,27925
2514,4.96525,4.82108,9.916e-05,0.815,0.122,27975
2515,4.89370,4.82108,9.900e-05,0.743,0.119,27953
2516,4.85269,4.82108,9.884e-05,0.790,0.131,28059
2517,4.94965,4.82108,9.869e-05,0.887,0.147,28146
2518,4.76123,4.82108,9.853e-05,0.773,0.116,27969
2519,4.82609,4.82108,9.837e-05,0.775,0.126,27928
2520,4.89963,4.82108,9.822e-05,0.886,0.150,27961
2521,4.70053,4.82108,9.806e-05,0.761,0.124,27722
2522,4.87190,4.82108,9.791e-05,0.752,0.117,27941
2523,4.89625,4.82108,9.775e-05,0.769,0.120,28015
2524,4.83145,4.82108,9.760e-05,0.737,0.116,27929
2525,4.75816,4.82108,9.745e-05,0.776,0.120,27968
2526,4.88967,4.82108,9.729e-05,0.823,0.128,27970
2527,4.79047,4.82108,9.714e-05,0.788,0.121,27949
2528,4.63336,4.82108,9.699e-05,0.796,0.126,28100
2529,4.74003,4.82108,9.683e-05,0.766,0.118,28003
2530,4.68692,4.82108,9.668e-05,0.823,0.121,27956
2531,4.89355,4.82108,9.653e-05,0.747,0.120,27935
2532,4.79087,4.82108,9.638e-05,0.783,0.123,27941
2533,4.85700,4.82108,9.622e-05,0.792,0.124,27960
2534,4.89592,4.82108,9.607e-05,0.768,0.121,28115
2535,4.71207,4.82108,9.592e-05,0.815,0.148,28063
2536,4.77191,4.82108,9.577e-05,0.846,0.133,27910
2537,4.90103,4.82108,9.562e-05,0.798,0.113,27984
2538,4.88890,4.82108,9.547e-05,0.767,0.120,27966
2539,4.83744,4.82108,9.532e-05,0.815,0.141,28062
2540,4.65992,4.82108,9.517e-05,0.842,0.145,28112
2541,4.97994,4.82108,9.502e-05,0.802,0.120,27649
2542,4.92185,4.82108,9.487e-05,0.730,0.116,27969
2543,4.77849,4.82108,9.472e-05,0.877,0.145,27950
2544,5.00997,4.82108,9.457e-05,0.795,0.118,27940
2545,4.79416,4.82108,9.443e-05,0.872,0.135,28026
2546,4.89247,4.82108,9.428e-05,0.816,0.139,28085
2547,4.89296,4.82108,9.413e-05,0.753,0.126,27990
2548,5.08374,4.82108,9.398e-05,0.808,0.120,27952
2549,4.78005,4.82108,9.384e-05,0.783,0.126,27919
2550,4.88911,4.82108,9.369e-05,0.779,0.124,27926
2551,4.87721,4.82108,9.354e-05,0.797,0.128,28057
2552,4.64670,4.82108,9.340e-05,0.833,0.138,28076
2553,4.93823,4.82108,9.325e-05,0.787,0.129,27973
2554,4.79363,4.82108,9.311e-05,0.819,0.123,27941
2555,4.91698,4.82108,9.296e-05,0.833,0.119,27938
2556,4.78286,4.82108,9.282e-05,0.801,0.121,27992
2557,5.04956,4.82108,9.267e-05,0.748,0.111,28068
2558,4.77132,4.82108,9.253e-05,0.810,0.126,28062
2559,4.82360,4.82108,9.238e-05,0.824,0.142,27955
2560,4.79450,4.82108,9.224e-05,0.786,0.126,27961
2561,4.79865,4.82108,9.210e-05,0.825,0.146,27753
2562,4.90853,4.82108,9.195e-05,0.837,0.135,27875
2563,4.77982,4.82108,9.181e-05,0.767,0.121,28107
2564,4.91388,4.82108,9.167e-05,0.780,0.118,28077
2565,4.64147,4.82108,9.153e-05,0.747,0.121,27945
2566,4.74564,4.82108,9.138e-05,0.778,0.120,27918
2567,5.00419,4.82108,9.124e-05,0.769,0.117,27943
2568,4.70057,4.82108,9.110e-05,0.801,0.136,27978
2569,4.88278,4.82108,9.096e-05,0.779,0.123,28135
2570,4.64203,4.82108,9.082e-05,0.781,0.122,27981
2571,4.90287,4.82108,9.068e-05,0.787,0.129,27932
2572,4.84754,4.82108,9.054e-05,0.734,0.126,27934
2573,4.89482,4.82108,9.040e-05,0.748,0.121,27962
2574,4.72892,4.82108,9.026e-05,0.809,0.125,27992
2575,4.80462,4.82108,9.012e-05,0.755,0.115,28114
2576,4.98065,4.82108,8.998e-05,0.777,0.122,27963
2577,4.77856,4.82108,8.984e-05,0.807,0.126,27940
2578,4.80736,4.82108,8.970e-05,0.810,0.119,27934
2579,4.80803,4.82108,8.957e-05,0.756,0.117,27966
2580,4.76442,4.82108,8.943e-05,0.743,0.115,28010
2581,4.70511,4.82108,8.929e-05,0.784,0.123,27675
2582,4.83617,4.82108,8.915e-05,0.790,0.132,28018
2583,4.84953,4.82108,8.902e-05,0.737,0.121,27935
2584,4.96944,4.82108,8.888e-05,0.838,0.118,28028
2585,4.80672,4.82108,8.874e-05,0.849,0.124,27967
2586,4.79094,4.82108,8.861e-05,0.782,0.120,28120
2587,4.75384,4.82108,8.847e-05,0.768,0.122,28090
2588,4.90272,4.82108,8.834e-05,0.789,0.129,27955
2589,4.89990,4.82108,8.820e-05,0.818,0.117,27969
2590,4.75670,4.82108,8.807e-05,0.842,0.135,27952
2591,4.73746,4.82108,8.793e-05,0.745,0.126,27953
2592,4.97100,4.82108,8.780e-05,0.786,0.111,28079
2593,4.56530,4.82108,8.767e-05,0.802,0.138,28069
2594,4.82472,4.82108,8.753e-05,0.819,0.132,27949
2595,4.85345,4.82108,8.740e-05,0.798,0.122,27965
2596,4.89208,4.82108,8.727e-05,0.776,0.123,27953
2597,5.06131,4.82108,8.713e-05,0.837,0.141,27932
2598,4.85080,4.82108,8.700e-05,0.883,0.142,28095
2599,4.87326,4.82108,8.687e-05,0.770,0.119,28030
2600,4.73505,4.82108,8.674e-05,0.784,0.123,27976
2601,4.84918,4.82108,8.661e-05,0.801,0.132,27621
2602,4.91846,4.82108,8.648e-05,0.786,0.115,27921
2603,4.68620,4.82108,8.635e-05,0.739,0.116,27963
2604,4.82451,4.82108,8.622e-05,0.763,0.113,28122
2605,4.54153,4.82108,8.609e-05,0.748,0.116,28021
2606,4.64558,4.82108,8.596e-05,0.730,0.123,27957
2607,4.73264,4.82108,8.583e-05,0.741,0.112,28036
2608,4.94498,4.82108,8.570e-05,0.798,0.127,27952
2609,4.97341,4.82108,8.557e-05,0.760,0.124,27983
2610,4.83604,4.82108,8.544e-05,0.757,0.113,28126
2611,4.75343,4.82108,8.531e-05,0.763,0.121,27973
2612,4.61019,4.82108,8.518e-05,0.785,0.123,27953
2613,4.64624,4.82108,8.506e-05,0.794,0.126,27947
2614,4.82596,4.82108,8.493e-05,0.842,0.132,27985
2615,4.69680,4.82108,8.480e-05,0.759,0.117,28022
2616,4.92751,4.82108,8.467e-05,0.751,0.121,28098
2617,4.82596,4.82108,8.455e-05,0.804,0.127,27940
2618,4.53944,4.82108,8.442e-05,0.779,0.116,27987
2619,4.76789,4.82108,8.430e-05,0.760,0.122,27938
2620,4.95375,4.82108,8.417e-05,0.796,0.124,27950
2621,4.83317,4.82108,8.405e-05,0.801,0.120,27715
2622,4.97263,4.82108,8.392e-05,0.771,0.115,28066
2623,4.98054,4.82108,8.380e-05,0.742,0.117,27947
2624,4.69369,4.82108,8.367e-05,0.798,0.122,27977
2625,4.83001,4.82108,8.355e-05,0.820,0.125,27965
2626,4.68531,4.82108,8.342e-05,0.694,0.108,27953
2627,4.64379,4.82108,8.330e-05,0.767,0.117,28096
2628,4.66796,4.82108,8.318e-05,0.796,0.139,28031
2629,4.75984,4.82108,8.306e-05,0.809,0.136,27966
2630,4.80320,4.82108,8.293e-05,0.841,0.145,27942
2631,4.88478,4.82108,8.281e-05,0.813,0.139,28013
2632,4.79312,4.82108,8.269e-05,0.745,0.126,27995
2633,4.75450,4.82108,8.257e-05,0.801,0.126,28083
2634,4.81092,4.82108,8.245e-05,0.784,0.131,28036
2635,4.78602,4.82108,8.233e-05,0.739,0.121,27940
2636,4.73421,4.82108,8.221e-05,0.764,0.116,27954
2637,4.82921,4.82108,8.209e-05,0.801,0.131,28024
2638,4.92467,4.82108,8.197e-05,0.795,0.127,27987
2639,4.73564,4.82108,8.185e-05,0.777,0.122,28110
2640,4.86235,4.82108,8.173e-05,0.775,0.117,28028
2641,4.92731,4.82108,8.161e-05,0.774,0.120,27684
2642,4.81851,4.82108,8.149e-05,0.814,0.141,27950
2643,4.68483,4.82108,8.137e-05,0.783,0.123,27958
2644,4.74582,4.82108,8.125e-05,0.849,0.140,27986
2645,4.78202,4.82108,8.114e-05,0.777,0.118,28141
2646,4.91561,4.82108,8.102e-05,0.835,0.137,27986
2647,4.80545,4.82108,8.090e-05,0.805,0.120,27936
2648,4.90074,4.82108,8.079e-05,0.755,0.117,27963
2649,4.87602,4.82108,8.067e-05,0.784,0.118,27954
2650,4.74626,4.82108,8.055e-05,0.776,0.120,28009
2651,4.84600,4.82108,8.044e-05,0.887,0.126,28114
2652,4.86153,4.82108,8.032e-05,0.827,0.124,28087
2653,4.78274,4.82108,8.021e-05,0.803,0.125,27954
2654,4.73504,4.82108,8.009e-05,0.768,0.113,27964
2655,4.91731,4.82108,7.998e-05,0.858,0.128,27983
2656,4.85099,4.82108,7.986e-05,0.810,0.123,27996
2657,4.81013,4.82108,7.975e-05,0.771,0.124,28093
2658,4.78205,4.82108,7.964e-05,0.758,0.126,27955
2659,4.85532,4.82108,7.952e-05,0.804,0.120,27915
2660,4.97945,4.82108,7.941e-05,0.815,0.122,27940
2661,4.69732,4.82108,7.930e-05,0.841,0.122,27715
2662,4.69243,4.82108,7.918e-05,0.758,0.129,27939
2663,4.76245,4.82108,7.907e-05,0.828,0.126,28076
2664,4.87773,4.82108,7.896e-05,0.833,0.122,27910
2665,4.75873,4.82108,7.885e-05,0.819,0.129,27954
2666,4.78117,4.82108,7.874e-05,0.764,0.121,27978
2667,4.75951,4.82108,7.863e-05,0.903,0.157,27945
2668,4.77586,4.82108,7.852e-05,0.826,0.124,28068
2669,4.75287,4.82108,7.841e-05,0.754,0.132,28048
2670,4.76484,4.82108,7.830e-05,0.846,0.139,27966
2671,4.79105,4.82108,7.819e-05,0.782,0.119,27952
2672,4.68502,4.82108,7.808e-05,0.809,0.138,27971
2673,5.01619,4.82108,7.797e-05,0.786,0.121,27944
2674,4.88778,4.82108,7.786e-05,0.815,0.131,28175
2675,4.77913,4.82108,7.775e-05,0.798,0.129,28013
2676,4.70771,4.82108,7.764e-05,0.732,0.107,27959
2677,4.56795,4.82108,7.754e-05,0.750,0.124,27954
2678,4.82558,4.82108,7.743e-05,0.808,0.132,27920
2679,4.74349,4.82108,7.732e-05,0.774,0.125,27949
2680,4.89554,4.82108,7.722e-05,0.822,0.127,28107
2681,4.79701,4.82108,7.711e-05,0.790,0.133,27650
2682,4.86162,4.82108,7.700e-05,0.786,0.123,27947
2683,4.66203,4.82108,7.690e-05,0.770,0.117,27946
2684,4.77613,4.82108,7.679e-05,0.826,0.132,27951
2685,4.77509,4.82108,7.669e-05,0.804,0.115,27972
2686,4.83942,4.82108,7.658e-05,0.830,0.138,28058
2687,4.95850,4.82108,7.648e-05,0.735,0.114,27944
2688,4.69380,4.82108,7.638e-05,0.758,0.118,27998
2689,4.84404,4.82108,7.627e-05,0.789,0.128,28015
2690,4.62176,4.82108,7.617e-05,0.822,0.130,27914
2691,4.61764,4.82108,7.606e-05,0.757,0.121,28025
2692,4.85898,4.82108,7.596e-05,0.736,0.111,28071
2693,4.83207,4.82108,7.586e-05,0.798,0.136,27935
2694,4.81071,4.82108,7.576e-05,0.764,0.124,27958
2695,4.77848,4.82108,7.566e-05,0.762,0.123,27942
2696,4.62388,4.82108,7.555e-05,0.812,0.129,27933
2697,4.85126,4.82108,7.545e-05,0.808,0.134,28003
2698,4.73690,4.82108,7.535e-05,0.787,0.125,28071
2699,4.81315,4.82108,7.525e-05,0.765,0.123,28032
2700,4.79254,4.82108,7.515e-05,0.772,0.144,27959
2701,4.82950,4.82108,7.505e-05,0.757,0.129,27644
2702,4.77725,4.82108,7.495e-05,0.864,0.144,27892
2703,4.66648,4.82108,7.485e-05,0.767,0.130,28079
2704,4.78707,4.82108,7.475e-05,0.761,0.123,28000
2705,4.87544,4.82108,7.466e-05,0.753,0.119,27941
2706,4.69916,4.82108,7.456e-05,0.799,0.136,27953
2707,4.70160,4.82108,7.446e-05,0.799,0.120,27975
2708,4.84561,4.82108,7.436e-05,0.796,0.122,27958
2709,4.72972,4.82108,7.426e-05,0.738,0.112,28127
2710,4.80501,4.82108,7.417e-05,0.862,0.132,28025
2711,4.66175,4.82108,7.407e-05,0.845,0.126,27916
2712,4.68223,4.82108,7.397e-05,0.780,0.130,27914
2713,4.74071,4.82108,7.388e-05,0.801,0.122,27951
2714,4.54903,4.82108,7.378e-05,0.787,0.126,27937
2715,4.79981,4.82108,7.369e-05,0.807,0.126,28097
2716,4.73344,4.82108,7.359e-05,0.822,0.123,27967
2717,4.80361,4.82108,7.350e-05,0.756,0.120,27949
2718,4.98455,4.82108,7.340e-05,0.828,0.146,27918
2719,4.78590,4.82108,7.331e-05,0.817,0.127,28002
2720,4.91512,4.82108,7.321e-05,0.782,0.123,27952
2721,4.88764,4.82108,7.312e-05,0.756,0.116,27660
2722,4.92180,4.82108,7.303e-05,0.827,0.134,27964
2723,4.76969,4.82108,7.294e-05,0.837,0.149,27919
2724,4.68232,4.82108,7.284e-05,0.818,0.135,27939
2725,5.04211,4.82108,7.275e-05,0.816,0.130,27929
2726,4.90796,4.82108,7.266e-05,0.929,0.174,28022
2727,4.80275,4.82108,7.257e-05,0.846,0.126,28066
2728,4.90559,4.82108,7.248e-05,0.817,0.124,27961
2729,4.79078,4.82108,7.239e-05,0.853,0.134,27939
2730,4.81510,4.82108,7.229e-05,0.839,0.140,27925
2731,4.85705,4.82108,7.220e-05,0.794,0.131,27866
2732,4.85168,4.82108,7.211e-05,0.818,0.128,28076
2733,4.77571,4.82108,7.203e-05,0.826,0.127,28028
2734,4.65167,4.82108,7.194e-05,0.833,0.129,27922
2735,4.74974,4.82108,7.185e-05,0.766,0.123,27977
2736,4.82986,4.82108,7.176e-05,0.758,0.117,27941
2737,4.81574,4.82108,7.167e-05,0.787,0.125,27961
2738,4.87526,4.82108,7.158e-05,0.804,0.129,28085
2739,4.67696,4.82108,7.149e-05,0.783,0.123,28002
2740,4.80505,4.82108,7.141e-05,0.782,0.114,27993
2741,4.94761,4.82108,7.132e-05,0.824,0.133,27602
2742,4.79625,4.82108,7.123e-05,0.817,0.135,27914
2743,4.84808,4.82108,7.115e-05,0.886,0.139,27988
2744,4.78121,4.82108,7.106e-05,0.883,0.140,28209
2745,4.85071,4.82108,7.098e-05,0.816,0.129,27980
2746,4.74014,4.82108,7.089e-05,0.815,0.129,27959
2747,4.74029,4.82108,7.081e-05,0.874,0.138,27936
2748,4.87228,4.82108,7.072e-05,0.807,0.123,27957
2749,4.96211,4.82108,7.064e-05,0.874,0.131,27939
2750,4.80206,4.78211,7.055e-05,0.834,0.134,8440
2751,4.84278,4.78211,7.047e-05,0.823,0.127,28029
2752,4.61292,4.78211,7.039e-05,0.772,0.143,28029
2753,4.68181,4.78211,7.030e-05,0.900,0.141,27916
2754,4.60467,4.78211,7.022e-05,0.830,0.130,27940
2755,4.89638,4.78211,7.014e-05,0.752,0.117,27930
2756,4.85973,4.78211,7.006e-05,0.845,0.134,27949
2757,4.67945,4.78211,6.997e-05,0.825,0.151,28054
2758,4.71296,4.78211,6.989e-05,0.822,0.131,28032
2759,4.79132,4.78211,6.981e-05,0.820,0.121,27944
2760,4.74155,4.78211,6.973e-05,0.773,0.121,27947
2761,4.90426,4.78211,6.965e-05,0.783,0.120,27746
2762,4.60232,4.78211,6.957e-05,0.818,0.127,27869
2763,4.89263,4.78211,6.949e-05,0.828,0.128,28086
2764,4.65180,4.78211,6.941e-05,0.808,0.127,28062
2765,4.75528,4.78211,6.933e-05,0.830,0.129,27956
2766,4.80805,4.78211,6.925e-05,0.788,0.127,27920
2767,4.72854,4.78211,6.917e-05,0.805,0.122,27945
2768,5.02343,4.78211,6.910e-05,0.845,0.124,27993
2769,4.77256,4.78211,6.902e-05,0.787,0.122,28108
2770,4.90221,4.78211,6.894e-05,0.786,0.131,27997
2771,4.90317,4.78211,6.886e-05,0.832,0.121,27938
2772,4.73354,4.78211,6.879e-05,0.800,0.119,27920
2773,4.70483,4.78211,6.871e-05,0.756,0.119,27934
2774,4.87359,4.78211,6.863e-05,0.834,0.128,27959
2775,4.78895,4.78211,6.856e-05,0.765,0.117,28094
2776,4.88201,4.78211,6.848e-05,0.749,0.116,27938
2777,4.66087,4.78211,6.841e-05,0.742,0.121,27954
2778,4.75275,4.78211,6.833e-05,0.820,0.127,27889
2779,4.91231,4.78211,6.826e-05,0.884,0.131,27922
2780,4.84072,4.78211,6.818e-05,0.741,0.113,28029
2781,4.74300,4.78211,6.811e-05,0.798,0.116,27650
2782,4.70385,4.78211,6.804e-05,0.856,0.148,28000
2783,4.77030,4.78211,6.796e-05,0.817,0.131,27949
2784,4.73173,4.78211,6.789e-05,0.777,0.117,28046
2785,4.71930,4.78211,6.782e-05,0.796,0.123,27915
2786,4.68328,4.78211,6.775e-05,0.889,0.131,28057
2787,4.81312,4.78211,6.767e-05,0.836,0.135,28073
2788,4.65191,4.78211,6.760e-05,0.763,0.118,27925
2789,4.79994,4.78211,6.753e-05,0.791,0.120,28018
2790,4.69792,4.78211,6.746e-05,0.795,0.125,27981
2791,4.78450,4.78211,6.739e-05,0.903,0.131,27940
2792,4.89871,4.78211,6.732e-05,0.728,0.118,28096
2793,4.85218,4.78211,6.725e-05,0.821,0.131,28006
2794,4.70655,4.78211,6.718e-05,0.860,0.144,27954
2795,4.99891,4.78211,6.711e-05,0.801,0.130,27966
2796,4.77199,4.78211,6.704e-05,0.775,0.129,27967
2797,4.99328,4.78211,6.697e-05,0.826,0.125,27955
2798,4.70883,4.78211,6.690e-05,0.807,0.126,28101
2799,4.85671,4.78211,6.684e-05,0.753,0.117,28007
2800,4.76609,4.78211,6.677e-05,0.801,0.122,27951
2801,4.78949,4.78211,6.670e-05,0.801,0.117,27628
2802,4.65092,4.78211,6.664e-05,0.867,0.129,27931
2803,4.81123,4.78211,6.657e-05,0.772,0.120,27975
2804,4.71300,4.78211,6.650e-05,0.761,0.124,28120
2805,4.83086,4.78211,6.644e-05,0.842,0.121,27984
2806,4.74061,4.78211,6.637e-05,0.757,0.123,27958
2807,4.60841,4.78211,6.631e-05,0.812,0.121,27979
2808,4.62171,4.78211,6.624e-05,0.791,0.122,27905
2809,4.87052,4.78211,6.618e-05,0.793,0.128,28107
2810,4.70610,4.78211,6.611e-05,0.785,0.123,28115
2811,4.67849,4.78211,6.605e-05,0.828,0.133,27935
2812,4.57218,4.78211,6.598e-05,0.782,0.117,27965
2813,4.58055,4.78211,6.592e-05,0.811,0.120,27959
2814,4.83359,4.78211,6.586e-05,0.777,0.122,27915
2815,4.74835,4.78211,6.580e-05,0.860,0.130,28011
2816,4.81528,4.78211,6.573e-05,0.783,0.117,28073
2817,4.86016,4.78211,6.567e-05,0.768,0.120,27966
2818,4.95275,4.78211,6.561e-05,0.819,0.122,27958
2819,4.72488,4.78211,6.555e-05,0.751,0.114,27941
2820,4.66283,4.78211,6.549e-05,0.752,0.122,27920
2821,4.72333,4.78211,6.543e-05,0.801,0.118,27640
2822,4.73134,4.78211,6.537e-05,0.752,0.114,28035
2823,4.80237,4.78211,6.531e-05,0.751,0.113,27938
2824,4.60982,4.78211,6.525e-05,0.750,0.115,27940
2825,4.76853,4.78211,6.519e-05,0.782,0.119,27909
2826,4.94370,4.78211,6.513e-05,0.792,0.119,27952
2827,4.72462,4.78211,6.507e-05,0.822,0.116,28116
2828,4.86195,4.78211,6.501e-05,0.788,0.124,28034
2829,4.63020,4.78211,6.495e-05,0.861,0.134,27987
2830,4.85187,4.78211,6.490e-05,0.843,0.123,27953
2831,4.72433,4.78211,6.484e-05,0.789,0.129,27950
2832,4.83193,4.78211,6.478e-05,0.827,0.127,27963
2833,4.78052,4.78211,6.473e-05,0.859,0.126,28105
2834,4.84975,4.78211,6.467e-05,0.803,0.119,28018
2835,4.74547,4.78211,6.461e-05,0.783,0.124,27953
2836,4.88821,4.78211,6.456e-05,0.810,0.127,27962
2837,4.76042,4.78211,6.450e-05,0.806,0.119,27977
2838,4.88739,4.78211,6.445e-05,0.793,0.128,27972
2839,4.69025,4.78211,6.439e-05,0.877,0.154,28102
2840,4.53275,4.78211,6.434e-05,0.909,0.174,28031
2841,4.87314,4.78211,6.429e-05,0.749,0.113,27632
2842,4.89998,4.78211,6.423e-05,0.877,0.142,27901
2843,4.76313,4.78211,6.418e-05,0.792,0.130,27921
2844,4.63488,4.78211,6.413e-05,0.830,0.129,28021
2845,4.82740,4.78211,6.407e-05,0.806,0.122,28098
2846,4.91491,4.78211,6.402e-05,0.742,0.115,27928
2847,4.57497,4.78211,6.397e-05,0.840,0.128,27958
2848,4.88165,4.78211,6.392e-05,0.807,0.124,27975
2849,4.59984,4.78211,6.387e-05,0.781,0.116,27959
2850,4.93766,4.78211,6.381e-05,0.821,0.139,28052
2851,4.74486,4.78211,6.376e-05,0.780,0.117,28097
2852,4.73993,4.78211,6.371e-05,0.743,0.116,28047
2853,4.81663,4.78211,6.366e-05,0.817,0.131,27941
2854,4.86972,4.78211,6.361e-05,0.817,0.122,27932
2855,4.80086,4.78211,6.357e-05,0.799,0.128,27961
2856,4.88735,4.78211,6.352e-05,0.830,0.135,28065
2857,4.63669,4.78211,6.347e-05,0.757,0.118,28029
2858,4.74444,4.78211,6.342e-05,0.832,0.127,27965
2859,4.76718,4.78211,6.337e-05,0.805,0.131,27938
2860,4.61673,4.78211,6.332e-05,0.761,0.125,27956
2861,4.90950,4.78211,6.328e-05,0.806,0.130,27748
2862,4.77336,4.78211,6.323e-05,0.731,0.113,27972
2863,4.85653,4.78211,6.318e-05,0.797,0.114,28000
2864,4.87346,4.78211,6.314e-05,0.805,0.121,27949
2865,4.75397,4.78211,6.309e-05,0.794,0.136,27938
2866,4.59178,4.78211,6.305e-05,0.823,0.119,27938
2867,4.79974,4.78211,6.300e-05,0.832,0.123,27959
2868,4.71731,4.78211,6.296e-05,0.823,0.123,28119
2869,4.77748,4.78211,6.291e-05,0.775,0.119,27969
2870,4.75821,4.78211,6.287e-05,0.845,0.124,27928
2871,4.87890,4.78211,6.282e-05,0.829,0.127,27975
2872,4.77289,4.78211,6.278e-05,0.848,0.138,27926
2873,4.83349,4.78211,6.274e-05,0.829,0.145,27972
2874,4.85984,4.78211,6.269e-05,0.823,0.128,28162
2875,4.75356,4.78211,6.265e-05,0.817,0.138,27946
2876,4.77377,4.78211,6.261e-05,0.817,0.134,27947
2877,4.86601,4.78211,6.257e-05,0.850,0.127,27951
2878,4.81284,4.78211,6.253e-05,0.777,0.122,27948
2879,4.71119,4.78211,6.248e-05,0.824,0.128,27994
2880,4.89792,4.78211,6.244e-05,0.816,0.131,28094
2881,4.71758,4.78211,6.240e-05,0.782,0.122,27598
2882,4.66080,4.78211,6.236e-05,0.790,0.121,27989
2883,4.77385,4.78211,6.232e-05,0.797,0.126,27961
2884,4.86343,4.78211,6.228e-05,0.873,0.130,27930
2885,4.68606,4.78211,6.224e-05,0.790,0.122,28046
2886,4.66133,4.78211,6.221e-05,0.784,0.127,28086
2887,4.79179,4.78211,6.217e-05,0.785,0.118,27970
2888,4.73359,4.78211,6.213e-05,0.852,0.132,27952
2889,4.75352,4.78211,6.209e-05,0.802,0.124,27937
2890,4.71814,4.78211,6.205e-05,0.792,0.124,27935
2891,4.74129,4.78211,6.202e-05,0.786,0.120,28166
2892,4.77672,4.78211,6.198e-05,0.784,0.114,28070
2893,4.72095,4.78211,6.194e-05,0.855,0.133,27910
2894,4.75522,4.78211,6.191e-05,0.799,0.114,27973
2895,4.75444,4.78211,6.187e-05,0.766,0.113,27945
2896,4.70145,4.78211,6.184e-05,0.888,0.131,27942
2897,4.80863,4.78211,6.180e-05,0.840,0.117,28065
2898,4.91624,4.78211,6.177e-05,0.792,0.114,28034
2899,4.77301,4.78211,6.173e-05,0.793,0.121,27996
2900,4.80085,4.78211,6.170e-05,0.862,0.127,27962
2901,4.83581,4.78211,6.166e-05,0.820,0.119,27688
2902,4.75533,4.78211,6.163e-05,0.835,0.133,27952
2903,4.89606,4.78211,6.160e-05,0.796,0.124,28103
2904,4.80531,4.78211,6.156e-05,0.877,0.126,27955
2905,4.71174,4.78211,6.153e-05,0.832,0.120,27958
2906,4.64385,4.78211,6.150e-05,0.791,0.125,27948
2907,4.71880,4.78211,6.147e-05,0.753,0.115,27962
2908,4.75993,4.78211,6.144e-05,0.833,0.130,27993
2909,4.82859,4.78211,6.141e-05,0.829,0.119,28090
2910,4.79883,4.78211,6.138e-05,0.823,0.135,27990
2911,4.62920,4.78211,6.135e-05,0.786,0.117,27951
2912,4.94224,4.78211,6.132e-05,0.794,0.119,27978
2913,4.50800,4.78211,6.129e-05,0.817,0.119,27964
2914,4.82410,4.78211,6.126e-05,0.835,0.132,27999
2915,4.88260,4.78211,6.123e-05,0.806,0.126,28125
2916,4.82509,4.78211,6.120e-05,0.838,0.122,27976
2917,4.91239,4.78211,6.117e-05,0.750,0.112,27981
2918,4.84687,4.78211,6.114e-05,0.833,0.126,27973
2919,4.70219,4.78211,6.111e-05,0.789,0.130,28032
2920,4.76581,4.78211,6.109e-05,0.828,0.128,28051
2921,4.82391,4.78211,6.106e-05,0.792,0.120,27676
2922,4.70493,4.78211,6.103e-05,0.829,0.125,27972
2923,4.74401,4.78211,6.101e-05,0.816,0.136,27940
2924,4.69903,4.78211,6.098e-05,0.813,0.124,27949
2925,4.67361,4.78211,6.096e-05,0.791,0.116,27968
2926,4.85026,4.78211,6.093e-05,0.796,0.126,28069
2927,4.88926,4.78211,6.091e-05,0.767,0.117,28082
2928,4.79971,4.78211,6.088e-05,0.817,0.130,27970
2929,4.64548,4.78211,6.086e-05,0.856,0.134,27947
2930,4.63479,4.78211,6.083e-05,0.837,0.128,27943
2931,4.82005,4.78211,6.081e-05,0.846,0.131,28001
2932,4.83725,4.78211,6.079e-05,0.813,0.118,28076
2933,4.72587,4.78211,6.076e-05,0.863,0.130,28024
2934,4.76563,4.78211,6.074e-05,0.828,0.121,27959
2935,4.71341,4.78211,6.072e-05,0.824,0.131,27960
2936,4.75941,4.78211,6.070e-05,0.776,0.121,27940
2937,4.68511,4.78211,6.067e-05,0.786,0.127,27959
2938,4.90188,4.78211,6.065e-05,0.824,0.121,28118
2939,4.83429,4.78211,6.063e-05,0.887,0.142,28029
2940,4.85687,4.78211,6.061e-05,0.811,0.121,27933
2941,5.03079,4.78211,6.059e-05,0.836,0.131,27630
2942,4.73850,4.78211,6.057e-05,0.837,0.133,27995
2943,4.66027,4.78211,6.055e-05,0.827,0.129,27995
2944,4.84168,4.78211,6.053e-05,0.835,0.118,28200
2945,4.64244,4.78211,6.051e-05,0.843,0.134,27996
2946,4.67680,4.78211,6.050e-05,0.859,0.135,27858
2947,4.86716,4.78211,6.048e-05,0.833,0.118,27939
2948,4.87558,4.78211,6.046e-05,0.835,0.120,27954
2949,4.87195,4.78211,6.044e-05,0.817,0.134,28032
2950,4.81866,4.78211,6.042e-05,0.812,0.130,28128
2951,4.63090,4.78211,6.041e-05,0.828,0.133,27937
2952,5.03571,4.78211,6.039e-05,0.894,0.137,27959
2953,4.95154,4.78211,6.038e-05,0.806,0.124,27931
2954,4.76317,4.78211,6.036e-05,0.800,0.127,27953
2955,4.85405,4.78211,6.034e-05,0.760,0.117,28010
2956,4.71725,4.78211,6.033e-05,0.811,0.127,28118
2957,4.64950,4.78211,6.031e-05,0.868,0.132,27929
2958,4.85906,4.78211,6.030e-05,0.834,0.122,27960
2959,4.69548,4.78211,6.029e-05,0.844,0.130,27962
2960,4.65691,4.78211,6.027e-05,0.838,0.131,27961
2961,4.89739,4.78211,6.026e-05,0.873,0.123,27708
2962,4.70889,4.78211,6.025e-05,0.815,0.126,28023
2963,4.74739,4.78211,6.023e-05,0.830,0.131,27983
2964,4.73856,4.78211,6.022e-05,0.765,0.116,27952
2965,4.67823,4.78211,6.021e-05,0.790,0.122,27936
2966,4.92803,4.78211,6.020e-05,0.849,0.127,27986
2967,4.89302,4.78211,6.019e-05,0.786,0.115,28091
2968,4.65217,4.78211,6.017e-05,0.819,0.124,28025
2969,4.63146,4.78211,6.016e-05,0.819,0.122,27942
2970,4.80563,4.78211,6.015e-05,0.884,0.132,27959
2971,4.78161,4.78211,6.014e-05,0.785,0.116,27921
2972,4.73617,4.78211,6.013e-05,0.773,0.119,27950
2973,4.85828,4.78211,6.012e-05,0.838,0.133,28120
2974,4.60557,4.78211,6.011e-05,0.856,0.136,27994
2975,4.78506,4.78211,6.011e-05,0.841,0.121,27909
2976,4.80341,4.78211,6.010e-05,0.856,0.123,27962
2977,4.75017,4.78211,6.009e-05,0.844,0.134,27955
2978,4.57549,4.78211,6.008e-05,0.821,0.128,27970
2979,4.82622,4.78211,6.007e-05,0.833,0.134,28098
2980,4.56426,4.78211,6.007e-05,0.866,0.138,28019
2981,4.65754,4.78211,6.006e-05,0.817,0.125,27592
2982,4.79249,4.78211,6.006e-05,0.905,0.140,27984
2983,4.90152,4.78211,6.005e-05,0.809,0.115,27978
2984,4.72736,4.78211,6.004e-05,1.027,0.163,28046
2985,4.76158,4.78211,6.004e-05,0.824,0.125,28102
2986,4.77021,4.78211,6.003e-05,0.930,0.157,27961
2987,4.90298,4.78211,6.003e-05,0.795,0.126,28016
2988,4.88755,4.78211,6.002e-05,0.856,0.122,27942
2989,4.76109,4.78211,6.002e-05,0.778,0.120,27971
2990,4.79491,4.78211,6.002e-05,0.863,0.130,28013
2991,4.65987,4.78211,6.001e-05,0.827,0.116,28092
2992,4.83368,4.78211,6.001e-05,0.771,0.112,27946
2993,4.62394,4.78211,6.001e-05,0.797,0.114,27950
2994,4.79814,4.78211,6.001e-05,0.823,0.123,27946
2995,4.76100,4.78211,6.000e-05,1.049,0.157,27964
2996,4.85765,4.78211,6.000e-05,0.789,0.125,28010
2997,4.85862,4.78211,6.000e-05,0.852,0.123,28078
2998,4.83360,4.78211,6.000e-05,0.880,0.142,27929
2999,4.69974,4.75702,6.000e-05,0.807,0.115,8407
