step,loss,val_loss,lr,grad_norm,proj_grad_norm,tokens_per_s
0,11.85824,11.86224,3.000e-06,0.815,0.605,8011
1,11.86385,11.86224,6.000e-06,0.874,0.646,28489
2,11.85128,11.86224,9.000e-06,0.867,0.643,28168
3,11.85428,11.86224,1.200e-05,0.836,0.617,28234
4,11.84072,11.86224,1.500e-05,0.878,0.649,27855
5,11.82969,11.86224,1.800e-05,0.911,0.673,27728
6,11.81275,11.86224,2.100e-05,0.880,0.651,27822
7,11.79373,11.86224,2.400e-05,0.921,0.673,28294
8,11.78213,11.86224,2.700e-05,0.871,0.635,28293
9,11.75789,11.86224,3.000e-05,0.887,0.642,28128
10,11.73563,11.86224,3.300e-05,0.929,0.664,27643
11,11.70795,11.86224,3.600e-05,0.917,0.648,28169
12,11.69047,11.86224,3.900e-05,0.898,0.621,28243
13,11.65746,11.86224,4.200e-05,0.890,0.598,28272
14,11.62370,11.86224,4.500e-05,0.901,0.585,28048
15,11.59062,11.86224,4.800e-05,0.887,0.559,28165
16,11.55798,11.86224,5.100e-05,0.877,0.526,28011
17,11.51294,11.86224,5.400e-05,0.909,0.514,27588
18,11.46650,11.86224,5.700e-05,0.947,0.497,28065
19,11.42946,11.86224,6.000e-05,0.930,0.449,28193
20,11.37011,11.86224,6.300e-05,1.011,0.441,28190
21,11.34875,11.86224,6.600e-05,0.946,0.377,28251
22,11.28805,11.86224,6.900e-05,1.003,0.351,28114
23,11.24117,11.86224,7.200e-05,0.993,0.317,28152
24,11.20523,11.86224,7.500e-05,0.988,0.274,28176
25,11.13017,11.86224,7.800e-05,1.192,0.269,28269
26,11.08089,11.86224,8.100e-05,1.134,0.230,28086
27,11.07398,11.86224,8.400e-05,1.093,0.200,28123
28,10.98749,11.86224,8.700e-05,1.152,0.190,28178
29,10.96204,11.86224,9.000e-05,1.091,0.177,28114
30,10.93583,11.86224,9.300e-05,1.043,0.182,28113
31,10.88771,11.86224,9.600e-05,1.058,0.158,28197
32,10.79092,11.86224,9.900e-05,1.189,0.149,28290
33,10.74913,11.86224,1.020e-04,1.173,0.154,27948
34,10.73665,11.86224,1.050e-04,1.052,0.137,28096
35,10.69114,11.86224,1.080e-04,1.093,0.137,28130
36,10.58247,11.86224,1.110e-04,1.152,0.133,28142
37,10.54448,11.86224,1.140e-04,1.143,0.126,28217
38,10.49366,11.86224,1.170e-04,1.073,0.130,28265
39,10.45832,11.86224,1.200e-04,1.194,0.103,28006
40,10.39447,11.86224,1.230e-04,1.053,0.095,28087
41,10.31367,11.86224,1.260e-04,1.149,0.094,28116
42,10.27407,11.86224,1.290e-04,1.107,0.079,28143
43,10.21485,11.86224,1.320e-04,1.199,0.073,28156
44,10.13877,11.86224,1.350e-04,1.146,0.070,28210
45,10.07628,11.86224,1.380e-04,1.200,0.086,28172
46,10.04310,11.86224,1.410e-04,1.063,0.081,28048
47,9.95404,11.86224,1.440e-04,1.177,0.076,28123
48,9.87728,11.86224,1.470e-04,1.171,0.085,28118
49,9.80763,11.86224,1.500e-04,1.211,0.062,28121
50,9.75602,11.86224,1.530e-04,1.066,0.076,28105
51,9.72061,11.86224,1.560e-04,1.063,0.059,28152
52,9.63336,11.86224,1.590e-04,1.107,0.063,28102
53,9.58525,11.86224,1.620e-04,1.078,0.057,28145
54,9.55429,11.86224,1.650e-04,1.157,0.064,28120
55,9.46904,11.86224,1.680e-04,1.160,0.067,28130
56,9.36502,11.86224,1.710e-04,1.038,0.083,28268
57,9.31238,11.86224,1.740e-04,1.044,0.075,28124
58,9.28339,11.86224,1.770e-04,1.164,0.061,28077
59,9.14648,11.86224,1.800e-04,1.138,0.054,28102
60,9.14422,11.86224,1.830e-04,1.028,0.058,28114
61,9.08196,11.86224,1.860e-04,1.078,0.060,28140
62,9.05600,11.86224,1.890e-04,1.065,0.075,28249
63,8.97143,11.86224,1.920e-04,1.115,0.061,28151
64,8.97032,11.86224,1.950e-04,1.057,0.075,28113
65,8.75362,11.86224,1.980e-04,0.981,0.083,28084
66,8.78963,11.86224,2.010e-04,1.007,0.066,28181
67,8.68484,11.86224,2.040e-04,0.959,0.061,28129
68,8.73102,11.86224,2.070e-04,0.977,0.072,28288
69,8.59106,11.86224,2.100e-04,0.968,0.069,28146
70,8.62712,11.86224,2.130e-04,0.965,0.052,28102
71,8.49528,11.86224,2.160e-04,0.976,0.077,28103
72,8.46842,11.86224,2.190e-04,0.934,0.095,28093
73,8.39201,11.86224,2.220e-04,0.886,0.095,28113
74,8.33758,11.86224,2.250e-04,0.828,0.077,28306
75,8.30446,11.86224,2.280e-04,0.874,0.092,27935
76,8.30087,11.86224,2.310e-04,0.855,0.118,27666
77,8.18475,11.86224,2.340e-04,0.853,0.076,28871
78,8.25533,11.86224,2.370e-04,0.798,0.104,28985
79,8.19941,11.86224,2.400e-04,0.850,0.132,29012
80,8.25091,11.86224,2.430e-04,0.801,0.077,28980
81,8.23797,11.86224,2.460e-04,0.749,0.103,28966
82,8.04009,11.86224,2.490e-04,0.714,0.117,28988
83,7.99471,11.86224,2.520e-04,0.665,0.110,29022
84,7.96794,11.86224,2.550e-04,0.627,0.110,28996
85,7.94519,11.86224,2.580e-04,0.588,0.093,29010
86,7.96597,11.86224,2.610e-04,0.641,0.085,29008
87,7.83498,11.86224,2.640e-04,0.572,0.115,28982
88,7.88531,11.86224,2.670e-04,0.591,0.079,29024
89,7.79592,11.86224,2.700e-04,0.517,0.098,29035
90,7.75512,11.86224,2.730e-04,0.535,0.107,29015
91,7.75746,11.86224,2.760e-04,0.503,0.121,28996
92,7.83850,11.86224,2.790e-04,0.475,0.127,28989
93,7.71642,11.86224,2.820e-04,0.418,0.109,29025
94,7.66286,11.86224,2.850e-04,0.458,0.119,29034
95,7.75563,11.86224,2.880e-04,0.476,0.148,29044
96,7.61636,11.86224,2.910e-04,0.421,0.131,29032
97,7.77617,11.86224,2.940e-04,0.452,0.187,29005
98,7.68044,11.86224,2.970e-04,0.437,0.194,29014
99,7.69485,11.86224,3.000e-04,0.430,0.243,29046
100,7.53871,11.86224,3.030e-04,0.395,0.183,29037
101,7.63059,11.86224,3.060e-04,0.389,0.208,28979
102,7.54553,11.86224,3.090e-04,0.446,0.252,29036
103,7.59713,11.86224,3.120e-04,0.383,0.225,29046
104,7.46076,11.86224,3.150e-04,0.375,0.214,28990
105,7.56747,11.86224,3.180e-04,0.406,0.264,29031
106,7.45370,11.86224,3.210e-04,0.406,0.293,29033
107,7.47783,11.86224,3.240e-04,0.332,0.179,29054
108,7.41087,11.86224,3.270e-04,0.308,0.134,29050
109,7.40367,11.86224,3.300e-04,0.352,0.227,29046
110,7.43252,11.86224,3.330e-04,0.452,0.348,29033
111,7.44429,11.86224,3.360e-04,0.387,0.229,29020
112,7.38943,11.86224,3.390e-04,0.378,0.267,29022
113,7.35668,11.86224,3.420e-04,0.467,0.358,29059
114,7.33193,11.86224,3.450e-04,0.848,0.681,29030
115,7.29537,11.86224,3.480e-04,0.593,0.459,29018
116,7.34825,11.86224,3.510e-04,0.554,0.416,29042
117,7.51192,11.86224,3.540e-04,0.930,0.746,29003
118,7.37594,11.86224,3.570e-04,0.430,0.302,29020
119,7.30674,11.86224,3.600e-04,0.354,0.226,29027
120,7.28500,11.86224,3.630e-04,0.604,0.504,29025
121,7.29254,11.86224,3.660e-04,0.339,0.216,28941
122,7.39696,11.86224,3.690e-04,0.649,0.470,29021
123,7.18744,11.86224,3.720e-04,0.514,0.405,29030
124,7.30937,11.86224,3.750e-04,0.651,0.529,29025
125,7.29450,11.86224,3.780e-04,0.387,0.272,29018
126,7.29684,11.86224,3.810e-04,0.553,0.413,29016
127,7.22705,11.86224,3.840e-04,0.551,0.432,28980
128,7.15147,11.86224,3.870e-04,0.351,0.245,29020
129,7.16947,11.86224,3.900e-04,0.480,0.386,29046
130,7.21815,11.86224,3.930e-04,0.323,0.206,28980
131,7.16614,11.86224,3.960e-04,0.373,0.228,29040
132,7.14613,11.86224,3.990e-04,0.443,0.336,29006
133,7.32025,11.86224,4.020e-04,0.391,0.285,28988
134,7.29782,11.86224,4.050e-04,0.323,0.211,28998
135,7.08266,11.86224,4.080e-04,0.593,0.483,29024
136,7.08247,11.86224,4.110e-04,0.373,0.282,28997
137,7.17827,11.86224,4.140e-04,0.678,0.556,29047
138,7.17910,11.86224,4.170e-04,0.317,0.225,29021
139,7.06354,11.86224,4.200e-04,0.631,0.498,29037
140,7.01870,11.86224,4.230e-04,0.335,0.242,29034
141,6.98093,11.86224,4.260e-04,0.490,0.385,28983
142,7.00912,11.86224,4.290e-04,0.340,0.235,29006
143,6.99443,11.86224,4.320e-04,0.482,0.339,29028
144,7.13199,11.86224,4.350e-04,0.502,0.371,28998
145,7.02228,11.86224,4.380e-04,0.394,0.309,29040
146,7.01861,11.86224,4.410e-04,0.577,0.460,29011
147,6.99104,11.86224,4.440e-04,0.367,0.258,29035
148,7.17267,11.86224,4.470e-04,0.536,0.414,29039
149,7.06131,11.86224,4.500e-04,0.382,0.261,29005
150,7.12485,11.86224,4.530e-04,0.429,0.311,28995
151,6.96636,11.86224,4.560e-04,0.441,0.362,29031
152,6.91938,11.86224,4.590e-04,0.480,0.402,28992
153,6.96177,11.86224,4.620e-04,0.419,0.338,29004
154,6.95039,11.86224,4.650e-04,0.470,0.391,29022
155,6.88087,11.86224,4.680e-04,0.388,0.317,29033
156,6.99487,11.86224,4.710e-04,0.402,0.315,29002
157,6.94549,11.86224,4.740e-04,0.719,0.622,29041
158,6.94266,11.86224,4.770e-04,0.411,0.317,29012
159,6.99248,11.86224,4.800e-04,0.502,0.427,29037
160,6.75272,11.86224,4.830e-04,0.506,0.433,29068
161,6.91980,11.86224,4.860e-04,0.413,0.326,28949
162,6.92275,11.86224,4.890e-04,0.559,0.480,29041
163,6.94607,11.86224,4.920e-04,0.392,0.294,29018
164,6.90838,11.86224,4.950e-04,0.520,0.432,29017
165,6.93743,11.86224,4.980e-04,0.492,0.423,29032
166,6.89116,11.86224,5.010e-04,0.350,0.261,28983
167,6.82306,11.86224,5.040e-04,0.484,0.411,29017
168,6.86446,11.86224,5.070e-04,0.597,0.516,29013
169,6.77611,11.86224,5.100e-04,0.515,0.436,29040
170,6.78919,11.86224,5.130e-04,0.412,0.339,29018
171,6.77727,11.86224,5.160e-04,0.462,0.379,29016
172,6.91082,11.86224,5.190e-04,0.438,0.361,29027
173,6.87527,11.86224,5.220e-04,0.685,0.609,29005
174,6.84521,11.86224,5.250e-04,0.462,0.353,29025
175,6.90526,11.86224,5.280e-04,0.541,0.472,29039
176,6.76661,11.86224,5.310e-04,0.720,0.590,29002
177,6.79152,11.86224,5.340e-04,0.728,0.639,29019
178,6.68249,11.86224,5.370e-04,0.596,0.498,29038
179,6.77690,11.86224,5.400e-04,0.611,0.533,29031
180,6.75933,11.86224,5.430e-04,0.581,0.459,29003
181,6.86031,11.86224,5.460e-04,0.657,0.582,28961
182,6.69913,11.86224,5.490e-04,0.540,0.469,29006
183,6.75295,11.86224,5.520e-04,0.626,0.534,28999
184,6.84897,11.86224,5.550e-04,0.668,0.582,29010
185,6.63288,11.86224,5.580e-04,0.550,0.498,28974
186,6.85383,11.86224,5.610e-04,0.536,0.452,28957
187,6.67524,11.86224,5.640e-04,0.640,0.566,29033
188,6.57555,11.86224,5.670e-04,0.495,0.437,29002
189,6.67842,11.86224,5.700e-04,0.477,0.391,29025
190,6.69038,11.86224,5.730e-04,0.409,0.322,29029
191,6.58305,11.86224,5.760e-04,0.502,0.425,29027
192,6.52499,11.86224,5.790e-04,0.519,0.445,29004
193,6.75290,11.86224,5.820e-04,0.452,0.369,28999
194,6.74770,11.86224,5.850e-04,0.575,0.456,29007
195,6.75179,11.86224,5.880e-04,0.532,0.401,29043
196,6.69472,11.86224,5.910e-04,0.672,0.539,29022
197,6.56699,11.86224,5.940e-04,0.571,0.511,29028
198,6.54043,11.86224,5.970e-04,0.578,0.505,29013
199,6.63734,11.86224,6.000e-04,0.549,0.479,29014
200,6.60650,11.86224,6.000e-04,0.873,0.799,29039
201,6.84026,11.86224,6.000e-04,0.578,0.509,28997
202,6.62496,11.86224,6.000e-04,1.346,1.276,29038
203,6.57496,11.86224,6.000e-04,0.736,0.663,29019
204,6.62869,11.86224,6.000e-04,0.759,0.695,29011
205,6.53152,11.86224,6.000e-04,0.753,0.693,28998
206,6.54488,11.86224,6.000e-04,0.682,0.631,29057
207,6.70038,11.86224,6.000e-04,0.553,0.469,29030
208,6.62730,11.86224,6.000e-04,0.685,0.623,29004
209,6.77027,11.86224,6.000e-04,0.633,0.553,29019
210,6.59723,11.86224,6.000e-04,0.682,0.585,29005
211,6.63522,11.86224,6.000e-04,0.822,0.749,28979
212,6.49755,11.86224,6.000e-04,0.621,0.566,29058
213,6.45404,11.86224,6.000e-04,0.612,0.543,29017
214,6.50254,11.86224,6.000e-04,0.513,0.447,29008
215,6.51797,11.86224,6.000e-04,0.655,0.594,29044
216,6.58715,11.86224,6.000e-04,0.589,0.459,29046
217,6.60277,11.86224,6.000e-04,0.565,0.468,29008
218,6.44742,11.86224,5.999e-04,0.526,0.431,29002
219,6.50730,11.86224,5.999e-04,0.568,0.504,29062
220,6.56968,11.86224,5.999e-04,0.571,0.503,29003
221,6.50003,11.86224,5.999e-04,0.505,0.427,29004
222,6.59620,11.86224,5.999e-04,0.514,0.420,29040
223,6.37550,11.86224,5.999e-04,0.566,0.493,29007
224,6.51553,11.86224,5.999e-04,0.611,0.558,29020
225,6.47977,11.86224,5.999e-04,0.565,0.500,29018
226,6.45667,11.86224,5.999e-04,0.818,0.748,29064
227,6.48007,11.86224,5.999e-04,0.631,0.583,29003
228,6.58305,11.86224,5.999e-04,0.611,0.544,29061
229,6.45825,11.86224,5.999e-04,0.467,0.407,29007
230,6.58994,11.86224,5.998e-04,0.759,0.677,28994
231,6.24670,11.86224,5.998e-04,0.570,0.518,29035
232,6.60731,11.86224,5.998e-04,0.753,0.619,29046
233,6.42227,11.86224,5.998e-04,0.611,0.552,29012
234,6.60833,11.86224,5.998e-04,0.746,0.655,29044
235,6.46444,11.86224,5.998e-04,0.693,0.639,29003
236,6.38371,11.86224,5.998e-04,0.775,0.718,29007
237,6.57806,11.86224,5.998e-04,0.619,0.546,29034
238,6.43974,11.86224,5.998e-04,0.650,0.589,28986
239,6.45078,11.86224,5.997e-04,0.626,0.544,29068
240,6.43828,11.86224,5.997e-04,0.525,0.466,29029
241,6.39589,11.86224,5.997e-04,0.556,0.487,28964
242,6.40700,11.86224,5.997e-04,0.632,0.556,29020
243,6.49745,11.86224,5.997e-04,0.557,0.483,29022
244,6.48143,11.86224,5.997e-04,0.565,0.488,29036
245,6.25263,11.86224,5.997e-04,0.717,0.661,29019
246,6.45045,11.86224,5.996e-04,0.910,0.856,29023
247,6.50858,11.86224,5.996e-04,0.471,0.394,29002
248,6.27771,11.86224,5.996e-04,0.884,0.833,29030
249,6.39980,11.86224,5.996e-04,0.630,0.562,28982
250,6.36650,6.32490,5.996e-04,0.705,0.638,8816
251,6.28326,6.32490,5.996e-04,0.661,0.599,29336
252,6.44197,6.32490,5.995e-04,0.642,0.581,29014
253,6.57774,6.32490,5.995e-04,0.551,0.481,28973
254,6.27174,6.32490,5.995e-04,0.785,0.736,29018
255,6.42971,6.32490,5.995e-04,0.654,0.577,29028
256,6.26989,6.32490,5.995e-04,0.729,0.652,29033
257,6.24790,6.32490,5.994e-04,0.752,0.684,29029
258,6.46441,6.32490,5.994e-04,0.607,0.532,29034
259,6.27270,6.32490,5.994e-04,0.672,0.614,29008
260,6.43613,6.32490,5.994e-04,0.579,0.485,29025
261,6.43073,6.32490,5.994e-04,0.563,0.493,28941
262,6.41234,6.32490,5.993e-04,0.582,0.508,29007
263,6.35242,6.32490,5.993e-04,0.601,0.525,29017
264,6.33112,6.32490,5.993e-04,0.612,0.529,28993
265,6.17181,6.32490,5.993e-04,0.672,0.610,29008
266,6.22071,6.32490,5.993e-04,0.562,0.482,29005
267,6.47267,6.32490,5.992e-04,0.690,0.620,29042
268,6.36440,6.32490,5.992e-04,0.770,0.708,28985
269,6.38588,6.32490,5.992e-04,0.702,0.640,29008
270,6.40923,6.32490,5.992e-04,0.667,0.599,29039
271,6.21014,6.32490,5.991e-04,0.612,0.548,29003
272,6.22778,6.32490,5.991e-04,0.700,0.630,29029
273,6.23076,6.32490,5.991e-04,0.601,0.541,29020
274,6.27724,6.32490,5.991e-04,0.706,0.619,29027
275,6.24385,6.32490,5.990e-04,0.677,0.613,28965
276,6.30964,6.32490,5.990e-04,0.792,0.728,28992
277,6.36291,6.32490,5.990e-04,0.673,0.606,29008
278,6.30196,6.32490,5.990e-04,0.653,0.597,29024
279,6.11670,6.32490,5.989e-04,0.744,0.679,28996
280,6.45812,6.32490,5.989e-04,0.744,0.670,29021
281,6.29671,6.32490,5.989e-04,1.033,0.972,28185
282,6.33419,6.32490,5.989e-04,0.697,0.630,28825
283,6.26655,6.32490,5.988e-04,1.121,1.048,29038
284,6.16751,6.32490,5.988e-04,0.715,0.656,29031
285,6.26721,6.32490,5.988e-04,0.603,0.530,29051
286,6.21846,6.32490,5.987e-04,0.854,0.782,29020
287,6.18316,6.32490,5.987e-04,0.629,0.570,29047
288,6.27856,6.32490,5.987e-04,0.849,0.780,28979
289,6.29233,6.32490,5.987e-04,0.547,0.475,29024
290,6.24394,6.32490,5.986e-04,0.569,0.508,28978
291,6.29926,6.32490,5.986e-04,0.697,0.646,29047
292,6.21922,6.32490,5.986e-04,0.665,0.607,29021
293,6.35250,6.32490,5.985e-04,0.623,0.564,28954
294,6.09161,6.32490,5.985e-04,0.793,0.747,29046
295,6.22266,6.32490,5.985e-04,0.600,0.542,29042
296,6.20261,6.32490,5.984e-04,0.671,0.614,29015
297,6.29080,6.32490,5.984e-04,0.647,0.596,29019
298,6.26580,6.32490,5.984e-04,0.583,0.517,29044
299,6.29351,6.32490,5.983e-04,0.631,0.571,29036
300,6.06619,6.32490,5.983e-04,0.628,0.571,29033
301,6.20735,6.32490,5.983e-04,0.580,0.517,28307
302,6.29955,6.32490,5.982e-04,0.731,0.664,28851
303,6.12904,6.32490,5.982e-04,0.552,0.473,29041
304,6.26466,6.32490,5.982e-04,0.641,0.575,29029
305,6.21401,6.32490,5.981e-04,0.698,0.645,29028
306,6.12020,6.32490,5.981e-04,0.650,0.578,29015
307,6.06709,6.32490,5.981e-04,0.671,0.599,29015
308,6.25256,6.32490,5.980e-04,0.606,0.529,29018
309,6.20757,6.32490,5.980e-04,0.635,0.566,28979
310,6.19425,6.32490,5.979e-04,0.619,0.535,29016
311,6.22628,6.32490,5.979e-04,0.548,0.479,28991
312,6.31676,6.32490,5.979e-04,0.621,0.551,29014
313,6.17426,6.32490,5.978e-04,0.585,0.517,29040
314,6.13832,6.32490,5.978e-04,0.625,0.557,29043
315,6.21953,6.32490,5.978e-04,0.570,0.493,29005
316,6.17844,6.32490,5.977e-04,0.595,0.535,29016
317,6.17673,6.32490,5.977e-04,0.849,0.797,29001
318,6.06928,6.32490,5.976e-04,0.554,0.492,29085
319,6.31101,6.32490,5.976e-04,0.655,0.580,29005
320,6.15030,6.32490,5.976e-04,0.644,0.584,29032
321,6.14240,6.32490,5.975e-04,0.818,0.763,28212
322,6.11649,6.32490,5.975e-04,0.790,0.737,28855
323,6.24788,6.32490,5.974e-04,0.668,0.612,29020
324,6.26207,6.32490,5.974e-04,0.829,0.765,29043
325,5.89834,6.32490,5.973e-04,0.711,0.639,29049
326,6.16559,6.32490,5.973e-04,0.888,0.816,28991
327,6.23383,6.32490,5.973e-04,0.578,0.514,29020
328,6.16776,6.32490,5.972e-04,0.709,0.622,29042
329,6.14830,6.32490,5.972e-04,0.624,0.569,29030
330,6.35832,6.32490,5.971e-04,0.690,0.603,29027
331,5.87827,6.32490,5.971e-04,0.678,0.614,29013
332,6.23535,6.32490,5.970e-04,0.607,0.532,29013
333,6.18475,6.32490,5.970e-04,0.614,0.557,29040
334,6.18281,6.32490,5.970e-04,0.519,0.448,29056
335,6.10498,6.32490,5.969e-04,0.660,0.597,29055
336,6.13452,6.32490,5.969e-04,0.571,0.504,29003
337,6.08549,6.32490,5.968e-04,0.631,0.565,29052
338,6.12148,6.32490,5.968e-04,0.564,0.499,29006
339,6.11733,6.32490,5.967e-04,0.550,0.485,29034
340,6.11164,6.32490,5.967e-04,0.609,0.543,29079
341,6.23304,6.32490,5.966e-04,0.595,0.533,28221
342,6.07881,6.32490,5.966e-04,0.511,0.439,28809
343,6.36912,6.32490,5.965e-04,0.558,0.485,29028
344,6.27126,6.32490,5.965e-04,0.579,0.517,29020
345,6.00816,6.32490,5.964e-04,0.635,0.572,29021
346,6.01141,6.32490,5.964e-04,0.671,0.620,29045
347,6.21343,6.32490,5.963e-04,0.786,0.734,29008
348,6.13357,6.32490,5.963e-04,0.705,0.650,29008
349,6.00240,6.32490,5.962e-04,0.800,0.749,29015
350,6.01401,6.32490,5.962e-04,0.630,0.567,29005
351,6.24463,6.32490,5.961e-04,0.707,0.632,29026
352,6.18015,6.32490,5.961e-04,0.675,0.598,29015
353,6.18657,6.32490,5.960e-04,0.646,0.572,29018
354,6.25928,6.32490,5.960e-04,0.649,0.576,29026
355,6.13174,6.32490,5.959e-04,0.600,0.521,29030
356,6.11724,6.32490,5.959e-04,0.703,0.639,29053
357,5.93145,6.32490,5.958e-04,0.631,0.558,29034
358,6.46205,6.32490,5.958e-04,0.652,0.568,29047
359,6.07380,6.32490,5.957e-04,1.038,0.957,29046
360,6.04822,6.32490,5.957e-04,0.609,0.547,28997
361,6.06724,6.32490,5.956e-04,0.863,0.798,28297
362,6.20673,6.32490,5.956e-04,0.764,0.670,28879
363,5.98879,6.32490,5.955e-04,0.702,0.647,29024
364,5.95145,6.32490,5.954e-04,0.906,0.834,29014
365,6.03007,6.32490,5.954e-04,0.602,0.523,29004
366,5.98986,6.32490,5.953e-04,0.533,0.458,29008
367,6.11310,6.32490,5.953e-04,0.744,0.659,29009
368,6.26174,6.32490,5.952e-04,0.534,0.461,29033
369,6.10233,6.32490,5.952e-04,0.650,0.564,29025
370,6.14000,6.32490,5.951e-04,0.602,0.524,29051
371,6.16683,6.32490,5.950e-04,0.585,0.517,29014
372,6.11574,6.32490,5.950e-04,0.535,0.469,29012
373,5.95775,6.32490,5.949e-04,0.668,0.598,29064
374,6.05105,6.32490,5.949e-04,0.604,0.539,29004
375,5.97129,6.32490,5.948e-04,0.560,0.482,29010
376,6.01169,6.32490,5.948e-04,0.589,0.527,29065
377,6.01252,6.32490,5.947e-04,0.751,0.684,29018
378,6.13035,6.32490,5.946e-04,0.538,0.475,29015
379,5.98054,6.32490,5.946e-04,0.701,0.637,29043
380,6.12789,6.32490,5.945e-04,0.541,0.463,29023
381,6.12720,6.32490,5.945e-04,0.697,0.631,28294
382,5.96482,6.32490,5.944e-04,0.735,0.674,28879
383,6.00938,6.32490,5.943e-04,0.665,0.603,29051
384,5.96266,6.32490,5.943e-04,0.627,0.566,29039
385,5.90792,6.32490,5.942e-04,0.634,0.560,29043
386,6.08796,6.32490,5.941e-04,0.527,0.455,29068
387,6.04367,6.32490,5.941e-04,0.608,0.541,29031
388,5.95488,6.32490,5.940e-04,0.616,0.556,29077
389,6.05482,6.32490,5.940e-04,0.534,0.461,28984
390,5.97083,6.32490,5.939e-04,0.638,0.578,29041
391,6.03910,6.32490,5.938e-04,0.616,0.539,29059
392,5.99057,6.32490,5.938e-04,0.601,0.543,29007
393,5.99903,6.32490,5.937e-04,0.589,0.507,29045
394,6.05453,6.32490,5.936e-04,0.547,0.479,29077
395,5.93480,6.32490,5.936e-04,0.745,0.686,28976
396,5.92710,6.32490,5.935e-04,0.586,0.516,29034
397,6.13472,6.32490,5.934e-04,0.560,0.489,29048
398,5.95917,6.32490,5.934e-04,0.590,0.523,29016
399,5.93045,6.32490,5.933e-04,0.622,0.560,29034
400,5.90507,6.32490,5.932e-04,0.598,0.530,29033
401,6.12393,6.32490,5.932e-04,0.537,0.469,28245
402,6.13049,6.32490,5.931e-04,0.542,0.477,28892
403,5.99351,6.32490,5.930e-04,0.589,0.528,29026
404,6.02060,6.32490,5.930e-04,0.574,0.511,29017
405,5.95937,6.32490,5.929e-04,0.614,0.548,29050
406,6.03178,6.32490,5.928e-04,0.591,0.524,29034
407,6.10285,6.32490,5.928e-04,0.545,0.482,29004
408,5.91596,6.32490,5.927e-04,0.672,0.613,29047
409,5.95786,6.32490,5.926e-04,0.598,0.518,29068
410,5.88380,6.32490,5.925e-04,0.646,0.578,29056
411,5.92348,6.32490,5.925e-04,0.587,0.520,29046
412,6.03365,6.32490,5.924e-04,0.644,0.569,29035
413,5.93854,6.32490,5.923e-04,0.632,0.569,29072
414,5.84128,6.32490,5.923e-04,0.617,0.555,29043
415,6.04952,6.32490,5.922e-04,0.622,0.547,29052
416,5.87365,6.32490,5.921e-04,0.632,0.569,29071
417,6.00219,6.32490,5.920e-04,0.644,0.580,29008
418,5.91682,6.32490,5.920e-04,0.684,0.608,29059
419,6.05607,6.32490,5.919e-04,0.668,0.589,29045
420,5.83173,6.32490,5.918e-04,0.676,0.617,29053
421,5.95152,6.32490,5.917e-04,0.621,0.531,28231
422,6.05674,6.32490,5.917e-04,0.672,0.608,28804
423,5.95428,6.32490,5.916e-04,0.710,0.634,29039
424,6.01842,6.32490,5.915e-04,0.596,0.533,29034
425,6.08976,6.32490,5.914e-04,0.764,0.688,29045
426,5.99570,6.32490,5.914e-04,0.577,0.512,29046
427,6.07620,6.32490,5.913e-04,0.656,0.582,29020
428,5.92766,6.32490,5.912e-04,0.785,0.725,29034
429,6.11553,6.32490,5.911e-04,0.667,0.590,29046
430,5.97291,6.32490,5.911e-04,0.818,0.760,29059
431,5.99396,6.32490,5.910e-04,0.688,0.625,29056
432,6.02539,6.32490,5.909e-04,0.576,0.508,29019
433,5.90721,6.32490,5.908e-04,0.705,0.643,29054
434,6.08421,6.32490,5.907e-04,0.640,0.569,29069
435,5.87435,6.32490,5.907e-04,0.591,0.516,29048
436,5.98997,6.32490,5.906e-04,0.638,0.549,29030
437,5.86430,6.32490,5.905e-04,0.629,0.563,29019
438,5.95432,6.32490,5.904e-04,0.528,0.453,29068
439,5.91906,6.32490,5.904e-04,0.761,0.688,29051
440,5.81550,6.32490,5.903e-04,0.636,0.568,29029
441,5.98385,6.32490,5.902e-04,0.885,0.817,28246
442,5.83077,6.32490,5.901e-04,0.802,0.741,28849
443,5.78300,6.32490,5.900e-04,0.776,0.711,29047
444,6.01159,6.32490,5.899e-04,0.720,0.649,29059
445,6.03405,6.32490,5.899e-04,0.663,0.596,29073
446,5.87187,6.32490,5.898e-04,0.706,0.631,29035
447,5.90915,6.32490,5.897e-04,0.702,0.617,29004
448,6.04058,6.32490,5.896e-04,0.611,0.532,29006
449,5.89058,6.32490,5.895e-04,0.630,0.549,28951
450,5.96946,6.32490,5.894e-04,0.618,0.544,28957
451,5.96311,6.32490,5.894e-04,0.656,0.556,28992
452,5.84531,6.32490,5.893e-04,0.701,0.635,29035
453,5.89614,6.32490,5.892e-04,0.714,0.634,29013
454,5.85774,6.32490,5.891e-04,0.604,0.536,29056
455,6.03989,6.32490,5.890e-04,0.744,0.667,29012
456,5.94881,6.32490,5.889e-04,0.739,0.667,29034
457,5.96280,6.32490,5.889e-04,0.669,0.591,29040
458,6.08180,6.32490,5.888e-04,0.704,0.623,29055
459,6.00558,6.32490,5.887e-04,0.705,0.623,29019
460,5.99381,6.32490,5.886e-04,0.682,0.609,29001
461,6.12699,6.32490,5.885e-04,0.642,0.565,28290
462,5.92401,6.32490,5.884e-04,0.612,0.531,28828
463,5.90045,6.32490,5.883e-04,0.654,0.579,29075
464,6.00983,6.32490,5.882e-04,0.601,0.522,29017
465,5.91631,6.32490,5.882e-04,0.613,0.548,29044
466,5.95872,6.32490,5.881e-04,0.596,0.518,29051
467,6.01997,6.32490,5.880e-04,0.651,0.576,29044
468,6.05353,6.32490,5.879e-04,0.567,0.494,28985
469,5.93755,6.32490,5.878e-04,0.734,0.669,29070
470,5.86678,6.32490,5.877e-04,0.650,0.577,29055
471,5.79406,6.32490,5.876e-04,0.555,0.490,29034
472,5.85186,6.32490,5.875e-04,0.646,0.580,29040
473,5.90924,6.32490,5.874e-04,0.591,0.518,29029
474,6.22391,6.32490,5.873e-04,0.621,0.531,29080
475,5.79007,6.32490,5.872e-04,0.765,0.699,29031
476,5.90835,6.32490,5.872e-04,0.610,0.543,29047
477,6.00107,6.32490,5.871e-04,0.569,0.492,29032
478,5.81134,6.32490,5.870e-04,0.620,0.548,29058
479,6.16959,6.32490,5.869e-04,0.598,0.512,29001
480,5.87603,6.32490,5.868e-04,0.614,0.530,29025
481,5.87312,6.32490,5.867e-04,0.619,0.540,28203
482,5.97948,6.32490,5.866e-04,0.560,0.489,28799
483,5.78642,6.32490,5.865e-04,0.617,0.535,29064
484,5.85282,6.32490,5.864e-04,0.652,0.568,29032
485,5.85677,6.32490,5.863e-04,0.620,0.551,29028
486,6.00590,6.32490,5.862e-04,0.690,0.616,29067
487,5.87302,6.32490,5.861e-04,0.718,0.629,29030
488,5.88682,6.32490,5.860e-04,0.662,0.591,29044
489,5.98750,6.32490,5.859e-04,0.609,0.544,29065
490,5.95418,6.32490,5.858e-04,0.705,0.632,29104
491,5.86477,6.32490,5.857e-04,0.665,0.598,29072
492,5.94070,6.32490,5.856e-04,0.608,0.532,29031
493,6.05507,6.32490,5.855e-04,0.567,0.497,29054
494,5.69831,6.32490,5.854e-04,0.632,0.567,29067
495,5.80260,6.32490,5.853e-04,0.578,0.511,29070
496,5.99691,6.32490,5.852e-04,0.592,0.510,29039
497,5.96721,6.32490,5.851e-04,0.677,0.605,29084
498,5.67281,6.32490,5.850e-04,0.708,0.640,29036
499,5.93993,6.32490,5.849e-04,0.645,0.557,29063
500,5.67489,5.80989,5.848e-04,0.657,0.597,8737
501,5.99490,5.80989,5.847e-04,0.717,0.633,28601
502,5.73577,5.80989,5.846e-04,0.690,0.616,28888
503,5.86309,5.80989,5.845e-04,0.576,0.499,29057
504,5.80634,5.80989,5.844e-04,0.711,0.632,29064
505,5.98729,5.80989,5.843e-04,0.636,0.540,29079
506,5.90114,5.80989,5.842e-04,0.637,0.567,29071
507,5.83592,5.80989,5.841e-04,0.610,0.529,29054
508,5.77741,5.80989,5.840e-04,0.693,0.613,29045
509,5.77689,5.80989,5.839e-04,0.734,0.657,29029
510,5.76080,5.80989,5.838e-04,0.577,0.509,29060
511,5.94362,5.80989,5.837e-04,0.673,0.603,28589
512,6.05902,5.80989,5.836e-04,0.617,0.537,29071
513,5.78989,5.80989,5.835e-04,0.667,0.599,29022
514,6.09388,5.80989,5.834e-04,0.724,0.649,29061
515,5.83472,5.80989,5.833e-04,0.784,0.720,29043
516,5.84445,5.80989,5.832e-04,0.610,0.540,29073
517,5.80352,5.80989,5.831e-04,0.758,0.693,29057
518,5.85703,5.80989,5.830e-04,0.753,0.692,29057
519,5.80328,5.80989,5.829e-04,0.772,0.716,29024
520,5.83864,5.80989,5.828e-04,0.874,0.813,29079
521,5.86475,5.80989,5.827e-04,0.671,0.603,28241
522,5.96285,5.80989,5.826e-04,0.872,0.812,28900
523,5.88433,5.80989,5.825e-04,0.599,0.533,29071
524,5.94526,5.80989,5.824e-04,0.784,0.713,29075
525,5.83113,5.80989,5.822e-04,0.699,0.636,29081
526,5.89538,5.80989,5.821e-04,0.851,0.775,29045
527,5.83061,5.80989,5.820e-04,0.732,0.663,29078
528,5.80762,5.80989,5.819e-04,0.720,0.644,29045
529,5.77100,5.80989,5.818e-04,0.640,0.574,29066
530,5.82142,5.80989,5.817e-04,0.646,0.574,29067
531,5.79287,5.80989,5.816e-04,0.610,0.537,29041
532,5.76658,5.80989,5.815e-04,0.586,0.518,29057
533,5.68409,5.80989,5.814e-04,0.713,0.649,29081
534,5.62003,5.80989,5.813e-04,0.628,0.551,29081
535,5.95272,5.80989,5.812e-04,0.624,0.557,29054
536,6.03086,5.80989,5.810e-04,0.602,0.527,29096
537,5.80144,5.80989,5.809e-04,0.606,0.534,29019
538,5.90235,5.80989,5.808e-04,0.670,0.603,29063
539,5.76205,5.80989,5.807e-04,0.554,0.484,29067
540,5.78975,5.80989,5.806e-04,0.589,0.526,29116
541,5.75186,5.80989,5.805e-04,0.575,0.500,28293
542,5.73478,5.80989,5.804e-04,0.614,0.537,28849
543,5.60882,5.80989,5.803e-04,0.590,0.525,29085
544,5.76934,5.80989,5.801e-04,0.571,0.497,29062
545,5.84083,5.80989,5.800e-04,0.587,0.516,29085
546,5.84800,5.80989,5.799e-04,0.606,0.534,29079
547,5.86143,5.80989,5.798e-04,0.601,0.530,29037
548,5.84558,5.80989,5.797e-04,0.594,0.527,29042
549,5.92010,5.80989,5.796e-04,0.645,0.572,29053
550,5.87784,5.80989,5.794e-04,0.598,0.527,29104
551,5.79583,5.80989,5.793e-04,0.637,0.571,29102
552,5.76430,5.80989,5.792e-04,0.663,0.593,29096
553,5.74249,5.80989,5.791e-04,0.654,0.589,29074
554,5.85801,5.80989,5.790e-04,0.706,0.633,29067
555,5.86083,5.80989,5.789e-04,0.638,0.558,29058
556,5.97986,5.80989,5.787e-04,0.597,0.511,29069
557,5.80473,5.80989,5.786e-04,0.745,0.673,29074
558,5.81567,5.80989,5.785e-04,0.677,0.588,29060
559,5.89172,5.80989,5.784e-04,0.662,0.590,29083
560,5.75700,5.80989,5.783e-04,0.647,0.568,29086
561,5.62908,5.80989,5.782e-04,0.632,0.556,28269
562,5.77332,5.80989,5.780e-04,0.708,0.630,28904
563,5.89514,5.80989,5.779e-04,0.600,0.507,29098
564,5.90730,5.80989,5.778e-04,0.598,0.509,29090
565,5.90036,5.80989,5.777e-04,0.655,0.580,29093
566,5.87938,5.80989,5.776e-04,0.600,0.495,29065
567,5.83452,5.80989,5.774e-04,0.639,0.555,29066
568,5.71648,5.80989,5.773e-04,0.563,0.488,29088
569,5.71895,5.80989,5.772e-04,0.655,0.574,29080
570,5.83162,5.80989,5.771e-04,0.700,0.619,29105
571,5.78489,5.80989,5.769e-04,0.633,0.558,29061
572,5.72090,5.80989,5.768e-04,0.721,0.644,29128
573,5.62696,5.80989,5.767e-04,0.710,0.634,29057
574,5.80538,5.80989,5.766e-04,0.676,0.593,29116
575,5.75441,5.80989,5.765e-04,0.729,0.648,29065
576,5.73335,5.80989,5.763e-04,0.758,0.688,29096
577,5.78065,5.80989,5.762e-04,0.583,0.505,29070
578,5.81540,5.80989,5.761e-04,0.806,0.725,29098
579,5.76995,5.80989,5.760e-04,0.596,0.516,29105
580,5.77881,5.80989,5.758e-04,0.606,0.530,29043
581,5.73912,5.80989,5.757e-04,0.641,0.558,28298
582,5.80161,5.80989,5.756e-04,0.679,0.596,28840
583,5.85490,5.80989,5.755e-04,0.640,0.561,29041
584,5.62182,5.80989,5.753e-04,0.664,0.593,29003
585,5.86180,5.80989,5.752e-04,0.686,0.612,29065
586,5.81921,5.80989,5.751e-04,0.622,0.550,29016
587,5.69767,5.80989,5.749e-04,0.674,0.594,29051
588,5.89619,5.80989,5.748e-04,0.700,0.611,29071
589,5.77700,5.80989,5.747e-04,0.645,0.576,29048
590,5.75679,5.80989,5.746e-04,0.707,0.639,29048
591,5.72912,5.80989,5.744e-04,0.744,0.671,29021
592,5.69021,5.80989,5.743e-04,0.576,0.506,29049
593,5.65084,5.80989,5.742e-04,0.734,0.663,29056
594,5.76755,5.80989,5.740e-04,0.679,0.599,29063
595,5.84162,5.80989,5.739e-04,0.629,0.553,29052
596,5.78392,5.80989,5.738e-04,0.632,0.560,29034
597,5.72997,5.80989,5.737e-04,0.748,0.671,29045
598,5.72562,5.80989,5.735e-04,0.771,0.684,29078
599,5.74348,5.80989,5.734e-04,0.666,0.594,29057
600,5.51297,5.80989,5.733e-04,0.769,0.703,29043
601,5.93201,5.80989,5.731e-04,0.617,0.548,28230
602,5.86544,5.80989,5.730e-04,0.677,0.603,28814
603,5.87020,5.80989,5.729e-04,0.647,0.573,29039
604,5.69926,5.80989,5.727e-04,0.702,0.641,29021
605,5.79021,5.80989,5.726e-04,0.538,0.468,29033
606,5.78695,5.80989,5.725e-04,0.575,0.502,29051
607,5.78639,5.80989,5.723e-04,0.579,0.502,29031
608,5.65598,5.80989,5.722e-04,0.691,0.600,29045
609,5.71693,5.80989,5.721e-04,0.586,0.504,29057
610,5.92768,5.80989,5.719e-04,0.629,0.550,29021
611,5.57106,5.80989,5.718e-04,0.672,0.594,29063
612,5.54204,5.80989,5.717e-04,0.575,0.496,29003
613,5.63542,5.80989,5.715e-04,0.669,0.589,29025
614,5.81056,5.80989,5.714e-04,0.694,0.627,29080
615,5.72317,5.80989,5.713e-04,0.695,0.621,29018
616,5.99038,5.80989,5.711e-04,0.700,0.603,29065
617,5.76595,5.80989,5.710e-04,0.667,0.598,29028
618,5.82360,5.80989,5.708e-04,0.697,0.618,29044
619,5.71265,5.80989,5.707e-04,0.685,0.617,29058
620,5.76270,5.80989,5.706e-04,0.586,0.502,29036
621,5.74201,5.80989,5.704e-04,0.661,0.587,28285
622,5.88290,5.80989,5.703e-04,0.585,0.508,28850
623,5.69173,5.80989,5.702e-04,0.657,0.580,29048
624,5.79244,5.80989,5.700e-04,0.721,0.638,29006
625,5.83352,5.80989,5.699e-04,0.622,0.547,29036
626,5.51961,5.80989,5.697e-04,0.712,0.633,29071
627,5.74613,5.80989,5.696e-04,0.683,0.604,29041
628,5.67518,5.80989,5.695e-04,0.714,0.645,29080
629,5.88279,5.80989,5.693e-04,0.651,0.570,29071
630,5.68494,5.80989,5.692e-04,0.822,0.748,29019
631,5.84353,5.80989,5.690e-04,0.622,0.503,29046
632,5.70070,5.80989,5.689e-04,0.718,0.646,29028
633,5.58981,5.80989,5.688e-04,0.679,0.600,29045
634,5.75693,5.80989,5.686e-04,0.719,0.645,29042
635,5.77213,5.80989,5.685e-04,0.629,0.555,29018
636,5.70346,5.80989,5.683e-04,0.705,0.632,29059
637,5.68776,5.80989,5.682e-04,0.701,0.628,29053
638,5.81580,5.80989,5.680e-04,0.697,0.617,29058
639,5.52404,5.80989,5.679e-04,0.709,0.642,29072
640,5.73277,5.80989,5.678e-04,0.759,0.675,29032
641,5.73212,5.80989,5.676e-04,0.603,0.521,28258
642,5.93436,5.80989,5.675e-04,0.742,0.666,28868
643,5.67394,5.80989,5.673e-04,0.642,0.568,29039
644,5.94851,5.80989,5.672e-04,0.631,0.552,29042
645,5.77520,5.80989,5.670e-04,0.714,0.631,29082
646,5.81269,5.80989,5.669e-04,0.618,0.538,29032
647,5.67965,5.80989,5.667e-04,0.690,0.624,29015
648,5.63767,5.80989,5.666e-04,0.769,0.683,29046
649,5.83669,5.80989,5.665e-04,0.634,0.558,29047
650,5.66574,5.80989,5.663e-04,0.771,0.690,29060
651,5.58154,5.80989,5.662e-04,0.669,0.599,29044
652,5.50302,5.80989,5.660e-04,0.745,0.669,29042
653,5.86653,5.80989,5.659e-04,0.721,0.637,29017
654,5.70868,5.80989,5.657e-04,0.824,0.759,29037
655,5.77415,5.80989,5.656e-04,0.690,0.609,29032
656,5.76399,5.80989,5.654e-04,0.641,0.564,29059
657,5.65203,5.80989,5.653e-04,0.702,0.633,29000
658,5.67019,5.80989,5.651e-04,0.606,0.527,29035
659,5.71273,5.80989,5.650e-04,0.783,0.704,29024
660,5.78300,5.80989,5.648e-04,0.620,0.540,29078
661,5.66864,5.80989,5.647e-04,0.788,0.704,28264
662,5.68127,5.80989,5.645e-04,0.616,0.544,28890
663,5.65095,5.80989,5.644e-04,0.776,0.697,29041
664,5.97563,5.80989,5.642e-04,0.630,0.540,29023
665,5.79785,5.80989,5.641e-04,0.647,0.578,29059
666,5.79011,5.80989,5.639e-04,0.722,0.640,29018
667,5.75974,5.80989,5.638e-04,0.663,0.582,29040
668,5.75013,5.80989,5.636e-04,0.794,0.710,29080
669,5.50081,5.80989,5.635e-04,0.730,0.658,29019
670,5.69231,5.80989,5.633e-04,0.716,0.637,29034
671,5.68622,5.80989,5.632e-04,0.659,0.582,29053
672,5.84094,5.80989,5.630e-04,0.704,0.631,29047
673,5.76742,5.80989,5.629e-04,0.709,0.625,29072
674,5.63950,5.80989,5.627e-04,0.660,0.585,29074
675,5.74436,5.80989,5.626e-04,0.584,0.490,29041
676,5.63890,5.80989,5.624e-04,0.620,0.542,29088
677,5.77600,5.80989,5.622e-04,0.644,0.554,29047
678,5.60172,5.80989,5.621e-04,0.647,0.574,29035
679,5.82214,5.80989,5.619e-04,0.630,0.547,29069
680,5.71981,5.80989,5.618e-04,0.605,0.525,29039
681,5.68857,5.80989,5.616e-04,0.597,0.515,28378
682,5.63924,5.80989,5.615e-04,0.614,0.544,28877
683,5.78358,5.80989,5.613e-04,0.644,0.561,29061
684,5.57636,5.80989,5.612e-04,0.627,0.554,29074
685,5.65883,5.80989,5.610e-04,0.625,0.552,29071
686,5.57936,5.80989,5.608e-04,0.615,0.533,29070
687,5.74660,5.80989,5.607e-04,0.603,0.528,29053
688,5.63505,5.80989,5.605e-04,0.588,0.513,29077
689,5.52558,5.80989,5.604e-04,0.760,0.689,29030
690,5.68461,5.80989,5.602e-04,0.590,0.512,29045
691,5.79229,5.80989,5.601e-04,0.655,0.575,29063
692,5.68975,5.80989,5.599e-04,0.675,0.603,29085
693,5.54142,5.80989,5.597e-04,0.731,0.659,29055
694,5.68669,5.80989,5.596e-04,0.673,0.597,29098
695,5.43447,5.80989,5.594e-04,0.837,0.765,29111
696,5.55095,5.80989,5.593e-04,0.654,0.581,29068
697,5.60215,5.80989,5.591e-04,0.751,0.633,29108
698,5.58696,5.80989,5.589e-04,0.628,0.551,29086
699,5.67306,5.80989,5.588e-04,0.695,0.605,29036
700,5.68949,5.80989,5.586e-04,0.670,0.590,29065
701,5.62528,5.80989,5.585e-04,0.713,0.633,28277
702,5.68171,5.80989,5.583e-04,0.702,0.624,28884
703,5.67357,5.80989,5.581e-04,0.627,0.544,29064
704,5.71599,5.80989,5.580e-04,0.734,0.658,29098
705,5.81401,5.80989,5.578e-04,0.678,0.585,29074
706,5.54525,5.80989,5.576e-04,0.678,0.603,29099
707,5.62448,5.80989,5.575e-04,0.693,0.608,29054
708,5.64401,5.80989,5.573e-04,0.691,0.617,29110
709,5.61135,5.80989,5.572e-04,0.671,0.588,29041
710,5.70152,5.80989,5.570e-04,0.672,0.591,29060
711,5.65215,5.80989,5.568e-04,0.705,0.633,29064
712,5.56734,5.80989,5.567e-04,0.693,0.616,29041
713,5.78259,5.80989,5.565e-04,0.722,0.639,29030
714,5.69428,5.80989,5.563e-04,0.775,0.701,29046
715,5.69568,5.80989,5.562e-04,0.726,0.647,29052
716,5.62177,5.80989,5.560e-04,0.755,0.674,29055
717,5.77250,5.80989,5.558e-04,0.592,0.511,29078
718,5.68170,5.80989,5.557e-04,0.707,0.628,29079
719,5.64690,5.80989,5.555e-04,0.629,0.544,29046
720,5.74366,5.80989,5.553e-04,0.771,0.652,29063
721,5.62634,5.80989,5.552e-04,0.669,0.594,28277
722,5.75053,5.80989,5.550e-04,0.679,0.600,28865
723,5.67856,5.80989,5.548e-04,0.757,0.672,29022
724,5.63639,5.80989,5.547e-04,0.688,0.598,29066
725,5.56886,5.80989,5.545e-04,0.672,0.600,29060
726,5.57471,5.80989,5.543e-04,0.736,0.648,29039
727,5.69987,5.80989,5.542e-04,0.702,0.603,29047
728,5.75196,5.80989,5.540e-04,0.676,0.587,29060
729,5.54392,5.80989,5.538e-04,0.694,0.614,29073
730,5.58798,5.80989,5.537e-04,0.729,0.638,29066
731,5.72946,5.80989,5.535e-04,0.751,0.671,29078
732,5.45443,5.80989,5.533e-04,0.671,0.582,29049
733,5.74434,5.80989,5.531e-04,0.630,0.543,29024
734,5.55949,5.80989,5.530e-04,0.665,0.588,29056
735,5.71299,5.80989,5.528e-04,0.750,0.669,29058
736,5.57755,5.80989,5.526e-04,0.621,0.531,29012
737,5.73975,5.80989,5.525e-04,0.611,0.528,29073
738,5.66057,5.80989,5.523e-04,0.738,0.657,29038
739,5.72348,5.80989,5.521e-04,0.684,0.606,29066
740,5.64524,5.80989,5.519e-04,0.654,0.577,29076
741,5.58424,5.80989,5.518e-04,0.667,0.581,28280
742,5.69027,5.80989,5.516e-04,0.575,0.494,28913
743,5.66335,5.80989,5.514e-04,0.770,0.694,29014
744,5.66904,5.80989,5.512e-04,0.634,0.548,29083
745,5.55770,5.80989,5.511e-04,0.705,0.628,29082
746,5.49129,5.80989,5.509e-04,0.684,0.592,29076
747,5.66444,5.80989,5.507e-04,0.738,0.659,29055
748,5.71235,5.80989,5.506e-04,0.703,0.618,29046
749,5.50916,5.80989,5.504e-04,0.653,0.576,29105
750,5.55482,5.57453,5.502e-04,0.739,0.666,8819
751,5.60872,5.57453,5.500e-04,0.724,0.654,28620
752,5.52156,5.57453,5.499e-04,0.799,0.715,28907
753,5.49800,5.57453,5.497e-04,0.589,0.510,29077
754,5.65223,5.57453,5.495e-04,0.760,0.682,29097
755,5.63358,5.57453,5.493e-04,0.662,0.582,29075
756,5.68976,5.57453,5.491e-04,0.808,0.710,29071
757,5.56588,5.57453,5.490e-04,0.696,0.624,29099
758,5.77809,5.57453,5.488e-04,0.747,0.659,29055
759,5.55152,5.57453,5.486e-04,0.681,0.604,29092
760,5.68178,5.57453,5.484e-04,0.708,0.613,29107
761,5.69607,5.57453,5.483e-04,0.750,0.665,28294
762,5.73587,5.57453,5.481e-04,0.639,0.549,28895
763,5.74753,5.57453,5.479e-04,0.707,0.627,29032
764,5.52704,5.57453,5.477e-04,0.641,0.556,29082
765,5.45469,5.57453,5.475e-04,0.709,0.628,29050
766,5.64036,5.57453,5.474e-04,0.605,0.521,29081
767,5.50468,5.57453,5.472e-04,0.654,0.580,29062
768,5.59156,5.57453,5.470e-04,0.642,0.568,29061
769,5.78653,5.57453,5.468e-04,0.705,0.619,29089
770,5.54034,5.57453,5.466e-04,0.724,0.645,29043
771,5.62212,5.57453,5.465e-04,0.682,0.590,29053
772,5.61702,5.57453,5.463e-04,0.694,0.612,29096
773,5.66097,5.57453,5.461e-04,0.723,0.644,29108
774,5.67153,5.57453,5.459e-04,0.741,0.663,29068
775,5.75938,5.57453,5.457e-04,0.622,0.540,29125
776,5.55144,5.57453,5.456e-04,0.737,0.658,29047
777,5.54642,5.57453,5.454e-04,0.717,0.637,29034
778,5.44098,5.57453,5.452e-04,0.744,0.664,29080
779,5.67277,5.57453,5.450e-04,0.655,0.573,29063
780,5.55815,5.57453,5.448e-04,0.648,0.572,29057
781,5.52647,5.57453,5.446e-04,0.669,0.584,28289
782,5.55178,5.57453,5.445e-04,0.701,0.626,28888
783,5.76422,5.57453,5.443e-04,0.673,0.571,29068
784,5.46017,5.57453,5.441e-04,0.648,0.572,29053
785,5.46274,5.57453,5.439e-04,0.718,0.624,29124
786,5.51052,5.57453,5.437e-04,0.651,0.558,29078
787,5.56292,5.57453,5.435e-04,0.673,0.592,29054
788,5.72208,5.57453,5.433e-04,0.695,0.618,29086
789,5.50897,5.57453,5.432e-04,0.640,0.562,29071
790,5.45526,5.57453,5.430e-04,0.721,0.639,29087
791,5.56920,5.57453,5.428e-04,0.624,0.542,29040
792,5.39672,5.57453,5.426e-04,0.762,0.686,29100
793,5.56853,5.57453,5.424e-04,0.704,0.625,29043
794,5.67452,5.57453,5.422e-04,0.733,0.656,29078
795,5.43134,5.57453,5.420e-04,0.737,0.658,29044
796,5.65383,5.57453,5.418e-04,0.790,0.705,29041
797,5.70241,5.57453,5.417e-04,0.621,0.537,29094
798,5.65580,5.57453,5.415e-04,0.675,0.592,29066
799,5.47623,5.57453,5.413e-04,0.657,0.576,29089
800,5.83997,5.57453,5.411e-04,0.658,0.562,29062
801,5.54305,5.57453,5.409e-04,0.772,0.669,28254
802,5.70528,5.57453,5.407e-04,0.729,0.647,28897
803,5.38792,5.57453,5.405e-04,0.625,0.550,29108
804,5.77745,5.57453,5.403e-04,0.743,0.666,29098
805,5.69554,5.57453,5.401e-04,0.681,0.589,29069
806,5.53415,5.57453,5.400e-04,0.640,0.562,29095
807,5.48790,5.57453,5.398e-04,0.677,0.601,29079
808,5.68964,5.57453,5.396e-04,0.651,0.569,29093
809,5.60995,5.57453,5.394e-04,0.703,0.633,29131
810,5.64922,5.57453,5.392e-04,0.594,0.513,29060
811,5.80301,5.57453,5.390e-04,0.662,0.571,29073
812,5.51411,5.57453,5.388e-04,0.724,0.646,29053
813,5.62204,5.57453,5.386e-04,0.664,0.579,29117
814,5.67656,5.57453,5.384e-04,0.695,0.616,29095
815,5.54368,5.57453,5.382e-04,0.720,0.645,29068
816,5.42506,5.57453,5.380e-04,0.676,0.603,29034
817,5.67865,5.57453,5.378e-04,0.687,0.604,29088
818,5.52119,5.57453,5.377e-04,0.678,0.594,29083
819,5.54942,5.57453,5.375e-04,0.772,0.690,29121
820,5.57956,5.57453,5.373e-04,0.671,0.592,29058
821,5.45760,5.57453,5.371e-04,0.701,0.619,28299
822,5.51641,5.57453,5.369e-04,0.692,0.602,28927
823,5.52006,5.57453,5.367e-04,0.703,0.609,29094
824,5.51268,5.57453,5.365e-04,0.687,0.602,29097
825,5.58686,5.57453,5.363e-04,0.666,0.582,29087
826,5.90919,5.57453,5.361e-04,0.647,0.561,29073
827,5.48233,5.57453,5.359e-04,0.732,0.646,29079
828,5.48102,5.57453,5.357e-04,0.756,0.666,29046
829,5.70034,5.57453,5.355e-04,0.628,0.549,29095
830,5.66662,5.57453,5.353e-04,0.728,0.646,29101
831,5.56323,5.57453,5.351e-04,0.683,0.596,29074
832,5.35360,5.57453,5.349e-04,0.784,0.710,29115
833,5.52631,5.57453,5.347e-04,0.659,0.576,29128
834,5.62144,5.57453,5.345e-04,0.642,0.553,29076
835,5.70802,5.57453,5.343e-04,0.640,0.555,29064
836,5.42969,5.57453,5.341e-04,0.759,0.682,29097
837,5.69347,5.57453,5.339e-04,0.678,0.595,28974
838,5.63978,5.57453,5.337e-04,0.615,0.537,29055
839,5.47884,5.57453,5.335e-04,0.676,0.594,29094
840,5.59830,5.57453,5.333e-04,0.687,0.607,29030
841,5.52327,5.57453,5.331e-04,0.657,0.575,28357
842,5.60212,5.57453,5.329e-04,0.688,0.610,28924
843,5.65714,5.57453,5.327e-04,0.688,0.607,29098
844,5.72237,5.57453,5.325e-04,0.656,0.573,29086
845,5.69270,5.57453,5.323e-04,0.666,0.585,29052
846,5.59687,5.57453,5.321e-04,0.729,0.645,29055
847,5.63672,5.57453,5.319e-04,0.755,0.658,29045
848,5.59135,5.57453,5.317e-04,0.678,0.596,29087
849,5.59951,5.57453,5.315e-04,0.687,0.592,29049
850,5.70644,5.57453,5.313e-04,0.745,0.660,29039
851,5.57294,5.57453,5.311e-04,0.671,0.590,29064
852,5.66762,5.57453,5.309e-04,0.697,0.614,29044
853,5.48605,5.57453,5.307e-04,0.718,0.639,29075
854,5.51530,5.57453,5.305e-04,0.732,0.654,29045
855,5.55378,5.57453,5.303e-04,0.838,0.754,29079
856,5.70095,5.57453,5.301e-04,0.646,0.564,29129
857,5.49393,5.57453,5.299e-04,0.745,0.663,29020
858,5.42501,5.57453,5.297e-04,0.708,0.632,29084
859,5.43137,5.57453,5.295e-04,0.710,0.639,29107
860,5.49294,5.57453,5.293e-04,0.696,0.618,29051
861,5.50739,5.57453,5.291e-04,0.674,0.590,28281
862,5.57423,5.57453,5.289e-04,0.808,0.723,28878
863,5.76438,5.57453,5.287e-04,0.710,0.626,29062
864,5.65749,5.57453,5.285e-04,0.719,0.636,29082
865,5.39720,5.57453,5.283e-04,0.643,0.565,29051
866,5.57684,5.57453,5.281e-04,0.744,0.667,29112
867,5.65959,5.57453,5.279e-04,0.680,0.604,29041
868,5.61193,5.57453,5.276e-04,0.704,0.629,29087
869,5.49481,5.57453,5.274e-04,0.605,0.515,29023
870,5.40227,5.57453,5.272e-04,0.781,0.712,29059
871,5.55693,5.57453,5.270e-04,0.677,0.603,29082
872,5.57405,5.57453,5.268e-04,0.698,0.615,29085
873,5.52055,5.57453,5.266e-04,0.793,0.708,29092
874,5.56009,5.57453,5.264e-04,0.791,0.717,29031
875,5.46398,5.57453,5.262e-04,0.691,0.611,29029
876,5.44946,5.57453,5.260e-04,0.692,0.610,29105
877,5.69470,5.57453,5.258e-04,0.725,0.628,29063
878,5.70388,5.57453,5.256e-04,0.771,0.686,29088
879,5.41718,5.57453,5.254e-04,0.671,0.589,29062
880,5.53910,5.57453,5.252e-04,0.720,0.638,29080
881,5.62755,5.57453,5.249e-04,0.702,0.603,28301
882,5.44080,5.57453,5.247e-04,0.695,0.611,28908
883,5.40188,5.57453,5.245e-04,0.686,0.606,29130
884,5.56504,5.57453,5.243e-04,0.720,0.638,29077
885,5.58778,5.57453,5.241e-04,0.675,0.586,29090
886,5.62688,5.57453,5.239e-04,0.748,0.664,29116
887,5.46394,5.57453,5.237e-04,0.717,0.629,29063
888,5.41373,5.57453,5.235e-04,0.637,0.560,29080
889,5.67996,5.57453,5.233e-04,0.657,0.573,29068
890,5.62989,5.57453,5.230e-04,0.785,0.702,29004
891,5.59441,5.57453,5.228e-04,0.719,0.640,29075
892,5.37135,5.57453,5.226e-04,0.722,0.633,29141
893,5.56359,5.57453,5.224e-04,0.694,0.616,29061
894,5.50551,5.57453,5.222e-04,0.698,0.603,29104
895,5.67745,5.57453,5.220e-04,0.698,0.626,29097
896,5.53482,5.57453,5.218e-04,0.719,0.643,29104
897,5.43796,5.57453,5.216e-04,0.684,0.605,29089
898,5.72518,5.57453,5.213e-04,0.675,0.585,29104
899,5.45251,5.57453,5.211e-04,0.707,0.627,29074
900,5.36937,5.57453,5.209e-04,0.825,0.752,29088
901,5.53889,5.57453,5.207e-04,0.814,0.732,28265
902,5.60602,5.57453,5.205e-04,0.837,0.758,28909
903,5.46379,5.57453,5.203e-04,0.696,0.606,29102
904,5.42931,5.57453,5.201e-04,0.835,0.759,29074
905,5.33189,5.57453,5.198e-04,0.710,0.629,29103
906,5.70672,5.57453,5.196e-04,0.714,0.630,29110
907,5.49493,5.57453,5.194e-04,0.817,0.748,29103
908,5.37982,5.57453,5.192e-04,0.740,0.665,29072
909,5.49682,5.57453,5.190e-04,0.717,0.633,29101
910,5.64426,5.57453,5.188e-04,0.791,0.718,29140
911,5.43318,5.57453,5.185e-04,0.847,0.770,29070
912,5.37216,5.57453,5.183e-04,0.827,0.745,29120
913,5.45028,5.57453,5.181e-04,0.701,0.625,29102
914,5.52896,5.57453,5.179e-04,0.706,0.625,29083
915,5.40729,5.57453,5.177e-04,0.760,0.681,29090
916,5.54999,5.57453,5.175e-04,0.694,0.617,29059
917,5.43216,5.57453,5.172e-04,0.730,0.634,29113
918,5.46791,5.57453,5.170e-04,0.657,0.572,29103
919,5.55978,5.57453,5.168e-04,0.719,0.637,29088
920,5.57130,5.57453,5.166e-04,0.625,0.543,29123
921,5.65481,5.57453,5.164e-04,0.817,0.737,28245
922,5.61169,5.57453,5.161e-04,0.720,0.631,28917
923,5.46014,5.57453,5.159e-04,0.729,0.646,29100
924,5.47920,5.57453,5.157e-04,0.675,0.593,29095
925,5.56341,5.57453,5.155e-04,0.680,0.592,29099
926,5.42802,5.57453,5.153e-04,0.699,0.608,29112
927,5.52872,5.57453,5.150e-04,0.772,0.688,29076
928,5.40004,5.57453,5.148e-04,0.800,0.733,29045
929,5.49031,5.57453,5.146e-04,0.716,0.640,29115
930,5.49024,5.57453,5.144e-04,0.715,0.639,29101
931,5.35716,5.57453,5.142e-04,0.769,0.686,29069
932,5.51659,5.57453,5.139e-04,0.740,0.650,29103
933,5.48345,5.57453,5.137e-04,0.709,0.623,29134
934,5.41159,5.57453,5.135e-04,0.673,0.595,29101
935,5.39627,5.57453,5.133e-04,0.905,0.845,29128
936,5.52527,5.57453,5.131e-04,0.881,0.804,29129
937,5.67387,5.57453,5.128e-04,0.685,0.600,29086
938,5.54483,5.57453,5.126e-04,0.693,0.608,29081
939,5.49827,5.57453,5.124e-04,0.771,0.690,29072
940,5.40347,5.57453,5.122e-04,0.919,0.846,29108
941,5.56140,5.57453,5.119e-04,0.865,0.782,28346
942,5.54949,5.57453,5.117e-04,0.944,0.870,28939
943,5.46303,5.57453,5.115e-04,0.832,0.734,29077
944,5.54730,5.57453,5.113e-04,0.810,0.725,29140
945,5.52532,5.57453,5.110e-04,0.796,0.718,29105
946,5.42013,5.57453,5.108e-04,0.830,0.749,29132
947,5.60026,5.57453,5.106e-04,0.788,0.700,29094
948,5.27925,5.57453,5.104e-04,0.860,0.788,29112
949,5.19839,5.57453,5.101e-04,0.778,0.690,29086
950,5.31183,5.57453,5.099e-04,0.755,0.672,29141
951,5.57845,5.57453,5.097e-04,0.736,0.649,29124
952,5.32482,5.57453,5.095e-04,0.796,0.717,29090
953,5.46781,5.57453,5.092e-04,0.716,0.631,29102
954,5.50215,5.57453,5.090e-04,0.729,0.644,29097
955,5.41095,5.57453,5.088e-04,0.752,0.656,29075
956,5.39158,5.57453,5.086e-04,0.806,0.719,29126
957,5.57230,5.57453,5.083e-04,0.852,0.759,29107
958,5.52589,5.57453,5.081e-04,0.775,0.692,29095
959,5.49321,5.57453,5.079e-04,0.762,0.678,29133
960,5.57610,5.57453,5.076e-04,0.867,0.787,29077
961,5.37570,5.57453,5.074e-04,0.935,0.860,28372
962,5.53378,5.57453,5.072e-04,0.740,0.662,28901
963,5.48507,5.57453,5.070e-04,0.935,0.861,29135
964,5.31758,5.57453,5.067e-04,0.931,0.865,29082
965,5.45794,5.57453,5.065e-04,0.714,0.632,29115
966,5.52201,5.57453,5.063e-04,1.118,1.056,29164
967,5.64765,5.57453,5.060e-04,0.932,0.855,29116
968,5.66143,5.57453,5.058e-04,0.813,0.741,29110
969,5.54826,5.57453,5.056e-04,0.838,0.768,29128
970,5.52453,5.57453,5.054e-04,0.717,0.636,29097
971,5.27172,5.57453,5.051e-04,0.728,0.606,29094
972,5.43263,5.57453,5.049e-04,0.852,0.785,29144
973,5.49065,5.57453,5.047e-04,0.768,0.693,29114
974,5.39821,5.57453,5.044e-04,0.701,0.620,29112
975,5.31595,5.57453,5.042e-04,0.814,0.743,29093
976,5.27524,5.57453,5.040e-04,0.850,0.771,29083
977,5.68363,5.57453,5.037e-04,0.864,0.789,29127
978,5.48163,5.57453,5.035e-04,0.782,0.700,29123
979,5.44336,5.57453,5.033e-04,1.279,1.226,29114
980,5.46984,5.57453,5.030e-04,0.921,0.850,29099
981,5.65244,5.57453,5.028e-04,0.662,0.578,28430
982,5.49688,5.57453,5.026e-04,0.843,0.757,28925
983,5.52601,5.57453,5.023e-04,1.061,0.993,29089
984,5.51397,5.57453,5.021e-04,0.799,0.717,29135
985,5.48574,5.57453,5.019e-04,1.066,1.001,29111
986,5.31090,5.57453,5.016e-04,0.696,0.614,29128
987,5.45313,5.57453,5.014e-04,0.941,0.873,29130
988,5.29107,5.57453,5.012e-04,0.699,0.615,29082
989,5.59505,5.57453,5.009e-04,0.830,0.741,29099
990,5.46131,5.57453,5.007e-04,1.145,1.090,29110
991,5.48460,5.57453,5.005e-04,0.938,0.874,29113
992,5.43685,5.57453,5.002e-04,0.795,0.700,29094
993,5.49770,5.57453,5.000e-04,1.111,1.045,29108
994,5.42383,5.57453,4.998e-04,0.725,0.648,29162
995,5.50386,5.57453,4.995e-04,0.854,0.779,29143
996,5.60769,5.57453,4.993e-04,0.689,0.603,29155
997,5.40998,5.57453,4.991e-04,0.819,0.740,29132
998,5.50818,5.57453,4.988e-04,0.804,0.724,29122
999,5.25536,5.57453,4.986e-04,0.889,0.813,29112
1000,5.53839,5.40370,4.983e-04,1.036,0.960,8742
1001,5.50128,5.40370,4.981e-04,1.069,1.005,28701
1002,5.72297,5.40370,4.979e-04,0.810,0.712,28967
1003,5.35323,5.40370,4.976e-04,0.836,0.753,29105
1004,5.57940,5.40370,4.974e-04,1.075,1.009,29151
1005,5.35214,5.40370,4.972e-04,1.289,1.232,29128
1006,5.24729,5.40370,4.969e-04,0.763,0.683,29139
1007,5.41073,5.40370,4.967e-04,1.129,1.060,29093
1008,5.41028,5.40370,4.964e-04,0.933,0.846,29112
1009,5.42372,5.40370,4.962e-04,0.784,0.698,29097
1010,5.60708,5.40370,4.960e-04,0.805,0.729,29126
1011,5.39060,5.40370,4.957e-04,0.725,0.646,29157
1012,5.37809,5.40370,4.955e-04,0.701,0.617,29107
1013,5.51671,5.40370,4.952e-04,0.727,0.647,29077
1014,5.36994,5.40370,4.950e-04,0.768,0.686,29143
1015,5.29396,5.40370,4.948e-04,1.191,1.132,29130
1016,5.35994,5.40370,4.945e-04,0.972,0.907,29125
1017,5.37377,5.40370,4.943e-04,0.740,0.666,29178
1018,5.45838,5.40370,4.940e-04,1.225,1.162,29074
1019,5.46032,5.40370,4.938e-04,0.870,0.795,29170
1020,5.26542,5.40370,4.936e-04,0.700,0.620,29126
1021,5.52692,5.40370,4.933e-04,0.732,0.646,28358
1022,5.57285,5.40370,4.931e-04,0.742,0.660,28940
1023,5.51048,5.40370,4.928e-04,0.734,0.655,29093
1024,5.55066,5.40370,4.926e-04,0.698,0.608,29133
1025,5.42094,5.40370,4.924e-04,0.713,0.621,29138
1026,5.51888,5.40370,4.921e-04,0.742,0.656,29124
1027,5.46178,5.40370,4.919e-04,0.801,0.723,29160
1028,5.27154,5.40370,4.916e-04,0.771,0.696,29127
1029,5.50774,5.40370,4.914e-04,0.804,0.721,29102
1030,5.53579,5.40370,4.911e-04,1.278,1.219,29119
1031,5.44934,5.40370,4.909e-04,1.113,1.049,29136
1032,5.48596,5.40370,4.907e-04,0.761,0.660,29110
1033,5.54464,5.40370,4.904e-04,1.503,1.444,29139
1034,5.40352,5.40370,4.902e-04,0.749,0.668,29136
1035,5.46681,5.40370,4.899e-04,1.058,0.995,29173
1036,5.50525,5.40370,4.897e-04,1.041,0.963,29163
1037,5.24722,5.40370,4.894e-04,0.825,0.744,29107
1038,5.34913,5.40370,4.892e-04,0.993,0.926,29102
1039,5.27170,5.40370,4.889e-04,2.125,2.075,29172
1040,5.56326,5.40370,4.887e-04,1.850,1.801,29147
1041,5.40296,5.40370,4.885e-04,1.172,1.105,28315
1042,5.45724,5.40370,4.882e-04,1.187,1.128,28969
1043,5.65085,5.40370,4.880e-04,0.791,0.712,29134
1044,5.45919,5.40370,4.877e-04,1.132,1.078,29137
1045,5.34012,5.40370,4.875e-04,1.171,1.109,29141
1046,5.45161,5.40370,4.872e-04,0.805,0.728,29152
1047,5.48443,5.40370,4.870e-04,1.076,1.006,29121
1048,5.49883,5.40370,4.867e-04,0.752,0.673,29133
1049,5.22224,5.40370,4.865e-04,0.861,0.787,29129
1050,5.40743,5.40370,4.862e-04,0.811,0.726,29151
1051,5.28012,5.40370,4.860e-04,0.888,0.803,29123
1052,5.51312,5.40370,4.857e-04,0.968,0.899,29114
1053,5.32654,5.40370,4.855e-04,0.836,0.741,29148
1054,5.22193,5.40370,4.853e-04,0.939,0.861,29141
1055,5.51898,5.40370,4.850e-04,1.061,0.999,29122
1056,5.24393,5.40370,4.848e-04,0.832,0.749,29147
1057,5.30924,5.40370,4.845e-04,1.223,1.153,29143
1058,5.62314,5.40370,4.843e-04,0.932,0.858,29084
1059,5.45182,5.40370,4.840e-04,1.558,1.507,29146
1060,5.41390,5.40370,4.838e-04,1.039,0.959,29160
1061,5.48713,5.40370,4.835e-04,1.060,0.990,28332
1062,5.38067,5.40370,4.833e-04,0.968,0.896,28972
1063,5.45824,5.40370,4.830e-04,1.355,1.281,29131
1064,5.29023,5.40370,4.828e-04,0.888,0.814,29178
1065,5.29463,5.40370,4.825e-04,0.845,0.767,29109
1066,5.55265,5.40370,4.823e-04,0.860,0.777,29161
1067,5.56646,5.40370,4.820e-04,1.386,1.332,29140
1068,5.33611,5.40370,4.818e-04,0.899,0.822,29115
1069,5.42166,5.40370,4.815e-04,0.836,0.752,29119
1070,5.30342,5.40370,4.813e-04,0.845,0.759,29163
1071,5.25362,5.40370,4.810e-04,0.856,0.780,29144
1072,5.31022,5.40370,4.808e-04,0.969,0.894,29141
1073,5.31809,5.40370,4.805e-04,0.907,0.831,29149
1074,5.39108,5.40370,4.803e-04,0.822,0.732,29166
1075,5.37382,5.40370,4.800e-04,0.914,0.837,29166
1076,5.43435,5.40370,4.798e-04,0.969,0.892,29150
1077,5.44459,5.40370,4.795e-04,0.901,0.823,29136
1078,5.32875,5.40370,4.792e-04,0.756,0.672,29159
1079,5.35646,5.40370,4.790e-04,1.480,1.419,29115
1080,5.39997,5.40370,4.787e-04,0.833,0.743,29160
1081,5.41984,5.40370,4.785e-04,1.424,1.372,28356
1082,5.23306,5.40370,4.782e-04,0.707,0.620,28987
1083,5.36030,5.40370,4.780e-04,2.128,2.081,29143
1084,5.41186,5.40370,4.777e-04,0.863,0.776,29146
1085,5.28760,5.40370,4.775e-04,1.116,1.052,29137
1086,5.20792,5.40370,4.772e-04,0.687,0.605,29163
1087,5.34432,5.40370,4.770e-04,1.088,1.022,29139
1088,5.49562,5.40370,4.767e-04,0.954,0.876,29127
1089,5.45272,5.40370,4.765e-04,0.940,0.875,29163
1090,5.30878,5.40370,4.762e-04,1.421,1.361,29172
1091,5.50925,5.40370,4.759e-04,0.815,0.724,29183
1092,5.44322,5.40370,4.757e-04,0.818,0.738,29121
1093,5.30294,5.40370,4.754e-04,0.844,0.773,29106
1094,5.46954,5.40370,4.752e-04,0.947,0.863,29121
1095,5.37909,5.40370,4.749e-04,0.906,0.829,29118
1096,5.46570,5.40370,4.747e-04,0.853,0.759,29177
1097,5.42114,5.40370,4.744e-04,0.762,0.688,29129
1098,5.25024,5.40370,4.742e-04,1.007,0.938,29152
1099,5.27034,5.40370,4.739e-04,0.781,0.690,29150
1100,5.41724,5.40370,4.736e-04,0.823,0.740,29145
1101,5.43362,5.40370,4.734e-04,0.659,0.575,28366
1102,5.38736,5.40370,4.731e-04,0.961,0.881,28969
1103,5.22142,5.40370,4.729e-04,1.016,0.949,29147
1104,5.43812,5.40370,4.726e-04,1.208,1.135,29166
1105,5.52813,5.40370,4.724e-04,0.777,0.691,29176
1106,5.48127,5.40370,4.721e-04,0.809,0.731,29113
1107,5.33179,5.40370,4.718e-04,0.723,0.637,29146
1108,5.34865,5.40370,4.716e-04,0.879,0.799,29154
1109,5.34995,5.40370,4.713e-04,0.966,0.894,29168
1110,5.48931,5.40370,4.711e-04,1.111,1.038,29147
1111,5.35358,5.40370,4.708e-04,1.165,1.104,29122
1112,5.43587,5.40370,4.706e-04,1.712,1.653,29149
1113,5.37738,5.40370,4.703e-04,1.161,1.096,29184
1114,5.28088,5.40370,4.700e-04,1.766,1.717,29124
1115,5.41465,5.40370,4.698e-04,0.911,0.828,29175
1116,5.50084,5.40370,4.695e-04,1.209,1.139,29155
1117,5.48251,5.40370,4.693e-04,0.790,0.700,29149
1118,5.39641,5.40370,4.690e-04,0.912,0.836,29174
1119,5.33660,5.40370,4.687e-04,0.915,0.832,29132
1120,5.28012,5.40370,4.685e-04,0.896,0.822,29160
1121,5.29581,5.40370,4.682e-04,0.956,0.875,28343
1122,5.58106,5.40370,4.680e-04,0.788,0.687,28982
1123,5.41947,5.40370,4.677e-04,0.890,0.810,29146
1124,5.46357,5.40370,4.674e-04,0.872,0.788,29168
1125,5.29679,5.40370,4.672e-04,0.869,0.773,29143
1126,5.30374,5.40370,4.669e-04,1.568,1.519,29123
1127,5.27691,5.40370,4.667e-04,1.011,0.932,29145
1128,5.47264,5.40370,4.664e-04,0.932,0.856,29138
1129,5.56763,5.40370,4.661e-04,1.246,1.191,29140
1130,5.21959,5.40370,4.659e-04,0.824,0.743,29168
1131,5.38784,5.40370,4.656e-04,0.778,0.682,29142
1132,5.12852,5.40370,4.653e-04,1.132,1.076,29111
1133,5.21060,5.40370,4.651e-04,1.112,1.055,29164
1134,5.22085,5.40370,4.648e-04,0.920,0.838,29129
1135,5.26926,5.40370,4.646e-04,1.318,1.259,29172
1136,5.34867,5.40370,4.643e-04,0.976,0.894,29128
1137,5.21275,5.40370,4.640e-04,0.773,0.689,29167
1138,5.25726,5.40370,4.638e-04,0.982,0.915,29141
1139,5.28165,5.40370,4.635e-04,0.993,0.918,29146
1140,5.24398,5.40370,4.632e-04,0.874,0.792,29115
1141,5.35324,5.40370,4.630e-04,0.842,0.762,28343
1142,5.34794,5.40370,4.627e-04,1.108,1.043,28981
1143,5.36886,5.40370,4.625e-04,1.025,0.958,29129
1144,5.35527,5.40370,4.622e-04,0.765,0.680,29167
1145,5.25356,5.40370,4.619e-04,0.917,0.850,29158
1146,5.16063,5.40370,4.617e-04,0.874,0.796,29196
1147,5.28747,5.40370,4.614e-04,1.234,1.167,29168
1148,5.41481,5.40370,4.611e-04,1.527,1.468,29139
1149,5.22456,5.40370,4.609e-04,0.862,0.777,29166
1150,5.43959,5.40370,4.606e-04,1.176,1.109,29148
1151,5.34943,5.40370,4.603e-04,0.865,0.781,29181
1152,5.26213,5.40370,4.601e-04,1.744,1.697,29133
1153,5.39788,5.40370,4.598e-04,0.770,0.679,29120
1154,5.30340,5.40370,4.595e-04,0.841,0.762,29159
1155,5.27261,5.40370,4.593e-04,1.155,1.100,29140
1156,5.36549,5.40370,4.590e-04,2.047,1.995,29169
1157,5.28303,5.40370,4.587e-04,1.443,1.375,29168
1158,5.30562,5.40370,4.585e-04,1.594,1.527,29114
1159,5.41004,5.40370,4.582e-04,1.688,1.632,29171
1160,5.52632,5.40370,4.579e-04,0.916,0.826,29155
1161,5.30743,5.40370,4.577e-04,1.508,1.458,28372
1162,5.33996,5.40370,4.574e-04,0.996,0.901,28978
1163,5.21969,5.40370,4.571e-04,0.943,0.871,29144
1164,5.39683,5.40370,4.569e-04,0.896,0.807,29124
1165,5.25674,5.40370,4.566e-04,0.808,0.727,29156
1166,5.39000,5.40370,4.563e-04,0.981,0.912,29180
1167,5.27649,5.40370,4.561e-04,0.832,0.752,29163
1168,5.33297,5.40370,4.558e-04,0.862,0.773,29164
1169,5.14702,5.40370,4.555e-04,1.099,1.031,29155
1170,5.27084,5.40370,4.553e-04,0.827,0.755,29141
1171,5.20136,5.40370,4.550e-04,0.768,0.672,29148
1172,5.42516,5.40370,4.547e-04,0.793,0.681,29128
1173,5.31027,5.40370,4.545e-04,0.890,0.813,29166
1174,5.29614,5.40370,4.542e-04,0.770,0.673,29166
1175,5.26122,5.40370,4.539e-04,0.790,0.705,29169
1176,5.53593,5.40370,4.537e-04,1.064,0.974,29136
1177,5.35944,5.40370,4.534e-04,0.897,0.817,29182
1178,5.28357,5.40370,4.531e-04,0.969,0.892,29154
1179,5.30051,5.40370,4.528e-04,0.868,0.795,29162
1180,5.41494,5.40370,4.526e-04,0.716,0.624,29153
1181,5.43053,5.40370,4.523e-04,0.719,0.621,28401
1182,5.30389,5.40370,4.520e-04,0.738,0.652,28982
1183,5.37944,5.40370,4.518e-04,0.756,0.668,29167
1184,5.50477,5.40370,4.515e-04,1.197,1.133,29158
1185,5.41770,5.40370,4.512e-04,2.624,2.576,29132
1186,5.26602,5.40370,4.510e-04,1.192,1.129,29152
1187,5.41655,5.40370,4.507e-04,1.551,1.499,29147
1188,5.33303,5.40370,4.504e-04,1.275,1.207,29153
1189,5.36357,5.40370,4.501e-04,2.067,2.021,29137
1190,5.21131,5.40370,4.499e-04,1.389,1.322,29164
1191,5.09292,5.40370,4.496e-04,1.530,1.478,29186
1192,5.23879,5.40370,4.493e-04,1.305,1.251,29164
1193,5.20704,5.40370,4.491e-04,1.185,1.127,29148
1194,5.28973,5.40370,4.488e-04,0.964,0.901,29153
1195,5.35780,5.40370,4.485e-04,0.809,0.733,29151
1196,5.27961,5.40370,4.482e-04,1.396,1.323,29166
1197,5.15281,5.40370,4.480e-04,0.882,0.782,29133
1198,5.22543,5.40370,4.477e-04,1.221,1.153,29159
1199,5.33264,5.40370,4.474e-04,0.947,0.871,29140
1200,5.23006,5.40370,4.471e-04,0.744,0.658,29162
1201,5.40980,5.40370,4.469e-04,0.985,0.907,28372
1202,5.32232,5.40370,4.466e-04,0.767,0.670,28959
1203,5.40250,5.40370,4.463e-04,0.813,0.727,29171
1204,5.33027,5.40370,4.461e-04,0.786,0.711,29190
1205,5.39397,5.40370,4.458e-04,0.701,0.606,29164
1206,5.43016,5.40370,4.455e-04,0.956,0.880,29154
1207,5.23906,5.40370,4.452e-04,1.098,1.035,29193
1208,5.45526,5.40370,4.450e-04,0.729,0.640,29181
1209,5.37784,5.40370,4.447e-04,1.511,1.459,29167
1210,5.50227,5.40370,4.444e-04,0.711,0.615,29182
1211,5.44753,5.40370,4.441e-04,1.261,1.199,29173
1212,5.09453,5.40370,4.439e-04,0.976,0.901,29157
1213,5.11670,5.40370,4.436e-04,0.720,0.631,29149
1214,5.31071,5.40370,4.433e-04,0.865,0.772,29166
1215,5.31527,5.40370,4.430e-04,0.901,0.812,29155
1216,5.34948,5.40370,4.428e-04,1.165,1.099,29114
1217,5.47390,5.40370,4.425e-04,0.723,0.622,29146
1218,5.34745,5.40370,4.422e-04,1.623,1.565,29187
1219,5.27860,5.40370,4.419e-04,0.865,0.779,29171
1220,5.30967,5.40370,4.417e-04,0.738,0.635,29149
1221,5.30314,5.40370,4.414e-04,0.755,0.666,28419
1222,5.32757,5.40370,4.411e-04,1.104,1.031,28986
1223,5.39452,5.40370,4.408e-04,1.030,0.955,29149
1224,5.22998,5.40370,4.406e-04,0.947,0.868,29179
1225,5.11026,5.40370,4.403e-04,0.790,0.702,29166
1226,5.42893,5.40370,4.400e-04,2.169,2.105,29178
1227,5.35577,5.40370,4.397e-04,1.731,1.672,29212
1228,5.06151,5.40370,4.394e-04,1.215,1.141,29170
1229,5.33531,5.40370,4.392e-04,0.936,0.846,29121
1230,5.34301,5.40370,4.389e-04,1.144,1.084,29167
1231,5.22619,5.40370,4.386e-04,0.762,0.670,29160
1232,5.34009,5.40370,4.383e-04,0.960,0.885,29161
1233,5.25483,5.40370,4.381e-04,1.192,1.117,29136
1234,5.14226,5.40370,4.378e-04,0.812,0.718,29163
1235,5.34011,5.40370,4.375e-04,1.096,1.009,29164
1236,5.37960,5.40370,4.372e-04,0.851,0.768,29158
1237,5.28202,5.40370,4.370e-04,0.948,0.880,29187
1238,5.39020,5.40370,4.367e-04,0.752,0.662,29114
1239,5.23811,5.40370,4.364e-04,0.698,0.602,29195
1240,5.32612,5.40370,4.361e-04,0.883,0.796,29136
1241,5.28584,5.40370,4.358e-04,1.472,1.413,28390
1242,5.28201,5.40370,4.356e-04,1.105,1.025,28977
1243,5.32678,5.40370,4.353e-04,0.965,0.882,29164
1244,5.29908,5.40370,4.350e-04,1.518,1.462,29164
1245,5.24007,5.40370,4.347e-04,0.819,0.726,29204
1246,5.26088,5.40370,4.344e-04,0.778,0.691,29190
1247,5.37345,5.40370,4.342e-04,0.972,0.870,29165
1248,5.16743,5.40370,4.339e-04,1.045,0.974,29177
1249,5.39875,5.40370,4.336e-04,0.927,0.829,29180
1250,5.35802,5.27191,4.333e-04,0.913,0.827,8841
1251,5.22494,5.27191,4.330e-04,0.866,0.771,28711
1252,5.49059,5.27191,4.328e-04,0.788,0.693,28996
1253,5.17976,5.27191,4.325e-04,1.408,1.352,29158
1254,5.26962,5.27191,4.322e-04,1.180,1.103,29173
1255,5.25270,5.27191,4.319e-04,0.960,0.881,29139
1256,5.26722,5.27191,4.316e-04,2.174,2.127,29157
1257,5.39232,5.27191,4.314e-04,1.402,1.336,29189
1258,5.30936,5.27191,4.311e-04,1.933,1.877,29167
1259,5.37698,5.27191,4.308e-04,2.115,2.068,29212
1260,5.36043,5.27191,4.305e-04,1.059,0.980,29170
1261,5.19965,5.27191,4.302e-04,1.015,0.932,28522
1262,5.22902,5.27191,4.300e-04,0.913,0.834,29045
1263,5.29841,5.27191,4.297e-04,0.929,0.845,29192
1264,5.27632,5.27191,4.294e-04,1.533,1.477,29159
1265,5.54115,5.27191,4.291e-04,0.921,0.813,29191
1266,5.28542,5.27191,4.288e-04,1.336,1.273,29179
1267,5.24604,5.27191,4.285e-04,1.324,1.246,29175
1268,5.12075,5.27191,4.283e-04,0.849,0.760,29128
1269,5.32448,5.27191,4.280e-04,1.141,1.072,29160
1270,5.25942,5.27191,4.277e-04,1.376,1.312,29161
1271,5.24076,5.27191,4.274e-04,0.778,0.686,29203
1272,5.20916,5.27191,4.271e-04,0.926,0.830,29157
1273,5.19140,5.27191,4.269e-04,0.918,0.824,29165
1274,5.34091,5.27191,4.266e-04,0.945,0.857,29199
1275,5.22796,5.27191,4.263e-04,1.615,1.554,29138
1276,5.36178,5.27191,4.260e-04,1.134,1.051,29159
1277,5.37964,5.27191,4.257e-04,1.608,1.541,29137
1278,5.31173,5.27191,4.254e-04,0.898,0.808,29183
1279,5.24863,5.27191,4.252e-04,1.086,1.020,29147
1280,5.25295,5.27191,4.249e-04,0.839,0.749,29157
1281,5.37758,5.27191,4.246e-04,0.962,0.885,28417
1282,5.35197,5.27191,4.243e-04,1.191,1.130,28989
1283,5.22430,5.27191,4.240e-04,0.900,0.812,29167
1284,5.39242,5.27191,4.237e-04,0.867,0.783,29178
1285,5.25814,5.27191,4.235e-04,0.773,0.669,29198
1286,5.28518,5.27191,4.232e-04,0.958,0.872,29140
1287,5.36814,5.27191,4.229e-04,0.786,0.681,29169
1288,5.31375,5.27191,4.226e-04,0.918,0.832,29163
1289,5.40677,5.27191,4.223e-04,1.239,1.170,29170
1290,5.31699,5.27191,4.220e-04,1.229,1.159,29178
1291,5.10963,5.27191,4.217e-04,1.397,1.338,29169
1292,5.13891,5.27191,4.215e-04,1.583,1.524,29179
1293,5.39687,5.27191,4.212e-04,1.450,1.391,29197
1294,5.60187,5.27191,4.209e-04,1.067,0.968,29161
1295,5.25906,5.27191,4.206e-04,0.737,0.645,29152
1296,5.31406,5.27191,4.203e-04,1.079,1.005,29177
1297,5.24029,5.27191,4.200e-04,1.146,1.066,29194
1298,5.39200,5.27191,4.197e-04,0.968,0.883,29170
1299,5.28703,5.27191,4.195e-04,0.970,0.892,29180
1300,5.20366,5.27191,4.192e-04,0.930,0.857,29167
1301,5.25564,5.27191,4.189e-04,1.037,0.966,28455
1302,5.29652,5.27191,4.186e-04,1.066,0.999,29008
1303,5.35339,5.27191,4.183e-04,0.910,0.829,29176
1304,5.13284,5.27191,4.180e-04,1.790,1.732,29164
1305,5.14103,5.27191,4.177e-04,1.339,1.279,29172
1306,5.09276,5.27191,4.175e-04,2.123,2.072,29189
1307,5.39269,5.27191,4.172e-04,1.932,1.880,29142
1308,5.33859,5.27191,4.169e-04,1.321,1.254,29185
1309,5.28491,5.27191,4.166e-04,1.230,1.112,29170
1310,5.29870,5.27191,4.163e-04,1.616,1.558,29160
1311,5.25811,5.27191,4.160e-04,0.944,0.842,29208
1312,5.32868,5.27191,4.157e-04,1.076,1.002,29148
1313,5.35128,5.27191,4.154e-04,0.883,0.784,29181
1314,5.27509,5.27191,4.152e-04,0.765,0.674,29190
1315,5.28863,5.27191,4.149e-04,0.805,0.706,29199
1316,5.34880,5.27191,4.146e-04,1.026,0.951,29188
1317,5.23729,5.27191,4.143e-04,1.072,0.994,29184
1318,5.32642,5.27191,4.140e-04,0.899,0.807,29176
1319,5.17130,5.27191,4.137e-04,0.765,0.669,29154
1320,5.20867,5.27191,4.134e-04,0.920,0.834,29189
1321,5.13214,5.27191,4.131e-04,0.888,0.805,28383
1322,5.20723,5.27191,4.129e-04,0.749,0.651,28932
1323,5.24997,5.27191,4.126e-04,0.924,0.845,29162
1324,5.43540,5.27191,4.123e-04,1.302,1.237,29182
1325,5.20151,5.27191,4.120e-04,1.611,1.547,29165
1326,5.26399,5.27191,4.117e-04,1.120,1.038,29174
1327,5.31640,5.27191,4.114e-04,1.927,1.877,29177
1328,5.29435,5.27191,4.111e-04,1.376,1.307,29192
1329,5.25477,5.27191,4.108e-04,1.336,1.268,29150
1330,5.42370,5.27191,4.105e-04,1.101,1.032,29220
1331,5.42216,5.27191,4.103e-04,1.055,0.977,29179
1332,5.28568,5.27191,4.100e-04,1.219,1.147,29153
1333,5.37792,5.27191,4.097e-04,1.347,1.277,29178
1334,5.13411,5.27191,4.094e-04,0.969,0.873,29165
1335,5.27359,5.27191,4.091e-04,0.942,0.864,29175
1336,5.17667,5.27191,4.088e-04,0.827,0.728,29169
1337,5.22210,5.27191,4.085e-04,0.921,0.827,29196
1338,5.17497,5.27191,4.082e-04,0.813,0.714,29175
1339,5.05343,5.27191,4.079e-04,0.887,0.787,29156
1340,5.15093,5.27191,4.077e-04,1.148,1.083,29191
1341,5.17263,5.27191,4.074e-04,1.013,0.928,28460
1342,5.57000,5.27191,4.071e-04,1.054,0.954,28956
1343,5.29317,5.27191,4.068e-04,1.157,1.090,29156
1344,5.27232,5.27191,4.065e-04,1.017,0.918,29143
1345,5.16435,5.27191,4.062e-04,1.139,1.051,29180
1346,5.23751,5.27191,4.059e-04,0.924,0.827,29180
1347,5.35048,5.27191,4.056e-04,0.862,0.756,29156
1348,5.24366,5.27191,4.053e-04,1.136,1.034,29197
1349,5.15275,5.27191,4.050e-04,1.297,1.213,29165
1350,5.07110,5.27191,4.047e-04,1.174,1.090,29194
1351,5.12435,5.27191,4.045e-04,1.207,1.134,29179
1352,5.31590,5.27191,4.042e-04,1.255,1.183,29181
1353,5.12232,5.27191,4.039e-04,1.022,0.940,29176
1354,5.27221,5.27191,4.036e-04,0.857,0.760,29173
1355,5.23058,5.27191,4.033e-04,1.206,1.135,29198
1356,5.25473,5.27191,4.030e-04,1.253,1.180,29208
1357,5.39453,5.27191,4.027e-04,0.948,0.849,29184
1358,5.33389,5.27191,4.024e-04,0.808,0.702,29183
1359,5.25281,5.27191,4.021e-04,0.974,0.880,29144
1360,5.19198,5.27191,4.018e-04,1.129,1.067,29196
1361,5.12610,5.27191,4.015e-04,0.833,0.729,28394
1362,5.34660,5.27191,4.012e-04,1.101,1.026,28973
1363,5.26989,5.27191,4.010e-04,1.088,1.020,29189
1364,5.34905,5.27191,4.007e-04,0.861,0.759,29189
1365,5.41972,5.27191,4.004e-04,0.733,0.637,29209
1366,5.12605,5.27191,4.001e-04,0.894,0.805,29179
1367,5.30791,5.27191,3.998e-04,0.853,0.757,29186
1368,5.25469,5.27191,3.995e-04,1.310,1.256,29193
1369,5.12456,5.27191,3.992e-04,0.882,0.790,29212
1370,5.23520,5.27191,3.989e-04,1.501,1.443,29176
1371,5.19266,5.27191,3.986e-04,1.093,1.008,29181
1372,5.15862,5.27191,3.983e-04,2.042,1.996,29197
1373,5.12407,5.27191,3.980e-04,1.716,1.657,29167
1374,5.08874,5.27191,3.977e-04,1.362,1.289,29154
1375,5.27849,5.27191,3.974e-04,1.269,1.200,29177
1376,5.22968,5.27191,3.971e-04,0.906,0.827,29170
1377,5.14054,5.27191,3.969e-04,1.205,1.137,29158
1378,5.24307,5.27191,3.966e-04,1.108,1.019,29187
1379,5.31162,5.27191,3.963e-04,0.809,0.712,29195
1380,5.30428,5.27191,3.960e-04,1.020,0.935,29173
1381,5.40698,5.27191,3.957e-04,1.041,0.943,28374
1382,5.12248,5.27191,3.954e-04,1.077,1.000,28976
1383,5.23019,5.27191,3.951e-04,0.816,0.720,29219
1384,5.13480,5.27191,3.948e-04,1.304,1.239,29193
1385,5.13903,5.27191,3.945e-04,0.846,0.758,29167
1386,5.13289,5.27191,3.942e-04,1.157,1.082,29193
1387,5.27127,5.27191,3.939e-04,1.216,1.144,29179
1388,5.33310,5.27191,3.936e-04,0.861,0.770,29166
1389,5.21498,5.27191,3.933e-04,1.052,0.980,29153
1390,5.28591,5.27191,3.930e-04,0.923,0.826,29212
1391,5.12124,5.27191,3.927e-04,0.831,0.736,29163
1392,5.26224,5.27191,3.924e-04,1.412,1.352,29188
1393,5.36517,5.27191,3.921e-04,1.014,0.928,29191
1394,5.21520,5.27191,3.919e-04,0.882,0.776,29159
1395,5.27815,5.27191,3.916e-04,0.850,0.730,29175
1396,5.22095,5.27191,3.913e-04,1.051,0.973,29152
1397,5.20677,5.27191,3.910e-04,0.920,0.820,29193
1398,5.16495,5.27191,3.907e-04,1.043,0.959,29182
1399,5.19523,5.27191,3.904e-04,0.890,0.791,29204
1400,5.26468,5.27191,3.901e-04,1.188,1.124,29171
1401,5.37934,5.27191,3.898e-04,1.328,1.251,28422
1402,5.40590,5.27191,3.895e-04,0.944,0.847,29022
1403,5.12263,5.27191,3.892e-04,1.422,1.355,29199
1404,5.11718,5.27191,3.889e-04,1.178,1.105,29192
1405,5.24791,5.27191,3.886e-04,1.305,1.234,29173
1406,5.29891,5.27191,3.883e-04,1.016,0.939,29163
1407,5.33447,5.27191,3.880e-04,1.455,1.397,29157
1408,5.19918,5.27191,3.877e-04,1.651,1.584,29187
1409,5.31182,5.27191,3.874e-04,1.853,1.788,29170
1410,5.20297,5.27191,3.871e-04,1.643,1.581,29167
1411,5.06192,5.27191,3.868e-04,0.900,0.809,29174
1412,4.87336,5.27191,3.865e-04,1.886,1.827,29194
1413,5.17048,5.27191,3.862e-04,1.157,1.084,29177
1414,5.20249,5.27191,3.859e-04,1.295,1.224,29206
1415,5.20569,5.27191,3.856e-04,1.155,1.082,29213
1416,5.03365,5.27191,3.853e-04,1.296,1.222,29154
1417,5.10449,5.27191,3.850e-04,1.025,0.950,29168
1418,5.07692,5.27191,3.848e-04,1.160,1.088,29168
1419,5.07646,5.27191,3.845e-04,1.116,1.038,29188
1420,5.27878,5.27191,3.842e-04,2.003,1.951,29171
1421,5.16215,5.27191,3.839e-04,1.266,1.195,28446
1422,5.22178,5.27191,3.836e-04,1.034,0.953,28956
1423,5.11351,5.27191,3.833e-04,1.151,1.073,29186
1424,5.31896,5.27191,3.830e-04,0.813,0.699,29145
1425,5.15995,5.27191,3.827e-04,1.661,1.604,29167
1426,5.16348,5.27191,3.824e-04,0.859,0.749,29171
1427,5.14793,5.27191,3.821e-04,1.244,1.169,29168
1428,5.15163,5.27191,3.818e-04,1.053,0.963,29198
1429,5.15953,5.27191,3.815e-04,2.190,2.130,29175
1430,5.36549,5.27191,3.812e-04,1.296,1.209,29165
1431,5.17484,5.27191,3.809e-04,1.247,1.171,29193
1432,5.08815,5.27191,3.806e-04,1.364,1.281,29147
1433,5.30798,5.27191,3.803e-04,0.863,0.763,29196
1434,5.11384,5.27191,3.800e-04,1.172,1.096,29215
1435,5.04700,5.27191,3.797e-04,0.906,0.809,29203
1436,5.17957,5.27191,3.794e-04,0.895,0.811,29166
1437,5.14387,5.27191,3.791e-04,0.868,0.778,29189
1438,5.17219,5.27191,3.788e-04,0.938,0.830,29178
1439,5.29050,5.27191,3.785e-04,0.923,0.829,29202
1440,5.25326,5.27191,3.782e-04,0.861,0.759,29177
1441,5.14845,5.27191,3.779e-04,1.032,0.957,28411
1442,5.34627,5.27191,3.776e-04,1.626,1.559,28946
1443,5.28717,5.27191,3.773e-04,0.835,0.728,29188
1444,5.13759,5.27191,3.770e-04,1.116,1.045,29172
1445,5.06069,5.27191,3.767e-04,0.836,0.734,29203
1446,5.31725,5.27191,3.764e-04,0.897,0.811,29171
1447,5.03505,5.27191,3.761e-04,0.793,0.695,29183
1448,5.09351,5.27191,3.758e-04,1.071,0.987,29201
1449,5.31382,5.27191,3.755e-04,1.382,1.308,29151
1450,5.18753,5.27191,3.752e-04,0.914,0.811,29170
1451,5.25239,5.27191,3.749e-04,0.828,0.727,29175
1452,4.99257,5.27191,3.746e-04,0.807,0.699,29193
1453,5.19401,5.27191,3.743e-04,0.875,0.769,29194
1454,4.82804,5.27191,3.740e-04,0.957,0.863,29201
1455,5.36942,5.27191,3.737e-04,1.174,1.092,29134
1456,5.30684,5.27191,3.734e-04,1.072,0.978,29188
1457,5.14913,5.27191,3.731e-04,0.828,0.725,29153
1458,5.18717,5.27191,3.728e-04,0.890,0.776,29167
1459,5.01042,5.27191,3.725e-04,0.987,0.888,29172
1460,5.27719,5.27191,3.722e-04,0.817,0.702,29190
1461,5.14877,5.27191,3.719e-04,1.374,1.310,28374
1462,5.10395,5.27191,3.716e-04,1.522,1.449,28991
1463,5.25976,5.27191,3.713e-04,1.038,0.951,29196
1464,5.34819,5.27191,3.710e-04,1.286,1.211,29189
1465,5.22079,5.27191,3.707e-04,1.378,1.285,29168
1466,5.20658,5.27191,3.704e-04,1.456,1.368,29182
1467,5.22068,5.27191,3.701e-04,1.104,1.013,29163
1468,5.27530,5.27191,3.698e-04,1.304,1.234,29182
1469,4.86528,5.27191,3.695e-04,1.266,1.181,29169
1470,5.20619,5.27191,3.692e-04,1.094,1.011,29170
1471,5.28409,5.27191,3.689e-04,1.025,0.933,29124
1472,5.11363,5.27191,3.686e-04,1.255,1.169,29201
1473,5.17300,5.27191,3.683e-04,0.945,0.858,29196
1474,5.13282,5.27191,3.680e-04,0.832,0.724,29156
1475,5.00189,5.27191,3.677e-04,0.959,0.878,29172
1476,5.11907,5.27191,3.674e-04,1.604,1.472,29177
1477,5.07457,5.27191,3.671e-04,1.153,1.073,29170
1478,5.06913,5.27191,3.668e-04,0.904,0.801,29173
1479,5.12937,5.27191,3.665e-04,1.097,1.007,29197
1480,5.19179,5.27191,3.662e-04,1.069,0.990,29170
1481,5.23004,5.27191,3.659e-04,1.190,1.117,28385
1482,5.22065,5.27191,3.656e-04,1.479,1.411,28973
1483,5.31461,5.27191,3.653e-04,1.265,1.181,29180
1484,5.26653,5.27191,3.650e-04,1.072,0.990,29195
1485,5.13747,5.27191,3.647e-04,1.178,1.094,29182
1486,5.01747,5.27191,3.644e-04,0.902,0.811,29166
1487,5.24774,5.27191,3.641e-04,0.858,0.746,29196
1488,5.12893,5.27191,3.638e-04,0.977,0.892,29166
1489,5.28839,5.27191,3.635e-04,1.042,0.942,29192
1490,5.21156,5.27191,3.632e-04,0.967,0.885,29156
1491,5.22376,5.27191,3.629e-04,1.088,1.003,29184
1492,5.32618,5.27191,3.626e-04,1.057,0.975,29196
1493,5.15107,5.27191,3.623e-04,1.170,1.088,29177
1494,5.14468,5.27191,3.620e-04,0.809,0.699,29160
1495,4.94342,5.27191,3.617e-04,0.911,0.812,29178
1496,5.11831,5.27191,3.614e-04,0.968,0.881,29172
1497,5.16807,5.27191,3.611e-04,0.888,0.799,29190
1498,5.06666,5.27191,3.608e-04,1.152,1.069,29151
1499,5.15718,5.27191,3.605e-04,0.857,0.758,29144
1500,5.19863,5.15419,3.602e-04,0.953,0.844,8746
1501,5.05715,5.15419,3.599e-04,0.952,0.852,28763
1502,5.06268,5.15419,3.596e-04,0.919,0.826,28977
1503,5.17876,5.15419,3.593e-04,0.864,0.762,29197
1504,5.38028,5.15419,3.590e-04,0.896,0.775,29174
1505,5.19205,5.15419,3.587e-04,0.930,0.844,29206
1506,5.00221,5.15419,3.584e-04,1.120,1.030,29193
1507,5.17446,5.15419,3.581e-04,1.100,1.002,29159
1508,5.13453,5.15419,3.578e-04,1.233,1.156,29186
1509,5.25072,5.15419,3.575e-04,0.953,0.858,29193
1510,5.06127,5.15419,3.572e-04,1.383,1.305,29192
1511,5.07427,5.15419,3.569e-04,0.932,0.835,29156
1512,5.21348,5.15419,3.566e-04,1.324,1.241,29206
1513,5.23436,5.15419,3.563e-04,0.927,0.814,29161
1514,5.14443,5.15419,3.560e-04,0.739,0.631,29171
1515,5.22452,5.15419,3.557e-04,0.816,0.715,29206
1516,5.32412,5.15419,3.554e-04,0.965,0.860,29165
1517,5.02751,5.15419,3.551e-04,1.327,1.264,29204
1518,5.25223,5.15419,3.548e-04,1.042,0.936,29187
1519,5.06221,5.15419,3.545e-04,0.950,0.858,29205
1520,5.11472,5.15419,3.542e-04,0.974,0.880,29184
1521,5.18971,5.15419,3.539e-04,0.850,0.747,28461
1522,5.08055,5.15419,3.536e-04,0.881,0.777,28992
1523,5.28031,5.15419,3.533e-04,0.975,0.881,29207
1524,5.12553,5.15419,3.530e-04,0.786,0.689,29179
1525,5.14081,5.15419,3.527e-04,0.949,0.850,29190
1526,5.15106,5.15419,3.524e-04,0.894,0.772,29194
1527,5.28865,5.15419,3.521e-04,0.863,0.771,29177
1528,5.31238,5.15419,3.518e-04,0.920,0.813,29202
1529,5.10127,5.15419,3.515e-04,0.884,0.781,29162
1530,5.29634,5.15419,3.512e-04,0.847,0.727,29174
1531,4.98042,5.15419,3.509e-04,1.031,0.939,29225
1532,5.19045,5.15419,3.506e-04,1.158,1.071,29171
1533,5.06440,5.15419,3.503e-04,0.845,0.730,29155
1534,4.95318,5.15419,3.500e-04,0.786,0.690,29178
1535,4.94918,5.15419,3.497e-04,0.884,0.775,29172
1536,5.06957,5.15419,3.494e-04,1.318,1.243,29198
1537,5.05143,5.15419,3.491e-04,0.997,0.919,29179
1538,5.08843,5.15419,3.488e-04,0.891,0.798,29188
1539,5.10144,5.15419,3.485e-04,0.800,0.689,29174
1540,5.21527,5.15419,3.482e-04,0.834,0.728,29189
1541,5.04691,5.15419,3.479e-04,1.095,1.017,28423
1542,5.20047,5.15419,3.476e-04,1.009,0.920,28985
1543,5.34322,5.15419,3.473e-04,1.033,0.920,29201
1544,5.27290,5.15419,3.470e-04,0.917,0.821,29172
1545,5.35811,5.15419,3.467e-04,1.057,0.962,29200
1546,5.09394,5.15419,3.463e-04,0.887,0.781,29167
1547,5.06907,5.15419,3.460e-04,1.907,1.851,29185
1548,5.20002,5.15419,3.457e-04,0.858,0.746,29194
1549,5.02987,5.15419,3.454e-04,1.640,1.583,29200
1550,5.33975,5.15419,3.451e-04,0.863,0.752,29172
1551,5.20626,5.15419,3.448e-04,1.366,1.298,29184
1552,5.05733,5.15419,3.445e-04,0.880,0.769,29208
1553,5.09767,5.15419,3.442e-04,1.006,0.901,29177
1554,5.06436,5.15419,3.439e-04,1.069,0.989,29158
1555,5.23280,5.15419,3.436e-04,0.968,0.844,29175
1556,5.24168,5.15419,3.433e-04,1.045,0.949,29181
1557,5.37120,5.15419,3.430e-04,0.996,0.880,29186
1558,5.07174,5.15419,3.427e-04,0.973,0.869,29193
1559,5.15913,5.15419,3.424e-04,0.869,0.759,29173
1560,5.31439,5.15419,3.421e-04,1.061,0.951,29191
1561,5.19053,5.15419,3.418e-04,0.885,0.771,28408
1562,5.05923,5.15419,3.415e-04,0.882,0.779,28985
1563,5.17711,5.15419,3.412e-04,1.060,0.951,29207
1564,5.10756,5.15419,3.409e-04,1.272,1.198,29191
1565,5.15326,5.15419,3.406e-04,0.982,0.877,29196
1566,5.20329,5.15419,3.403e-04,1.046,0.957,29182
1567,5.05286,5.15419,3.400e-04,0.825,0.727,29189
1568,5.19995,5.15419,3.397e-04,0.911,0.810,29189
1569,5.29617,5.15419,3.394e-04,0.947,0.849,29176
1570,5.06748,5.15419,3.391e-04,0.925,0.826,29182
1571,5.12893,5.15419,3.388e-04,0.848,0.728,29219
1572,5.23177,5.15419,3.385e-04,0.921,0.819,29211
1573,5.14209,5.15419,3.382e-04,1.012,0.904,29161
1574,5.03129,5.15419,3.379e-04,1.140,1.049,29186
1575,5.18817,5.15419,3.376e-04,1.012,0.906,29186
1576,4.94990,5.15419,3.373e-04,0.891,0.791,29189
1577,5.13616,5.15419,3.370e-04,1.424,1.352,29198
1578,5.00318,5.15419,3.367e-04,1.166,1.090,29156
1579,5.08594,5.15419,3.364e-04,0.797,0.688,29190
1580,5.24389,5.15419,3.361e-04,0.853,0.746,29163
1581,5.06321,5.15419,3.358e-04,1.115,1.032,28385
1582,5.15317,5.15419,3.355e-04,0.895,0.775,28994
1583,5.27724,5.15419,3.351e-04,0.873,0.754,29208
1584,5.06007,5.15419,3.348e-04,1.114,1.026,29165
1585,5.31499,5.15419,3.345e-04,1.582,1.513,29205
1586,5.32288,5.15419,3.342e-04,0.992,0.875,29167
1587,4.97506,5.15419,3.339e-04,1.475,1.407,29166
1588,5.10330,5.15419,3.336e-04,1.439,1.369,29180
1589,4.95978,5.15419,3.333e-04,1.799,1.729,29146
1590,5.16713,5.15419,3.330e-04,1.914,1.850,29184
1591,4.98937,5.15419,3.327e-04,1.596,1.528,29180
1592,5.16940,5.15419,3.324e-04,1.114,1.024,29202
1593,5.10870,5.15419,3.321e-04,1.330,1.259,29179
1594,5.09523,5.15419,3.318e-04,1.065,0.981,29195
1595,5.32465,5.15419,3.315e-04,1.005,0.909,29170
1596,5.18824,5.15419,3.312e-04,1.139,1.060,29200
1597,5.16372,5.15419,3.309e-04,1.145,1.071,29194
1598,5.09524,5.15419,3.306e-04,1.092,1.009,29183
1599,5.11728,5.15419,3.303e-04,1.038,0.950,29172
1600,5.03464,5.15419,3.300e-04,0.942,0.844,29196
1601,5.09182,5.15419,3.297e-04,0.902,0.814,28389
1602,4.99237,5.15419,3.294e-04,0.850,0.748,29030
1603,5.25695,5.15419,3.291e-04,1.076,0.932,29192
1604,5.21722,5.15419,3.288e-04,0.874,0.774,29206
1605,5.05189,5.15419,3.285e-04,1.034,0.942,29204
1606,5.12995,5.15419,3.282e-04,1.152,1.075,29164
1607,5.20238,5.15419,3.279e-04,0.951,0.842,29172
1608,4.96156,5.15419,3.276e-04,1.168,1.084,29190
1609,5.19106,5.15419,3.273e-04,1.326,1.240,29196
1610,5.37301,5.15419,3.270e-04,0.974,0.862,29180
1611,5.26351,5.15419,3.267e-04,0.936,0.824,29191
1612,5.13438,5.15419,3.264e-04,0.903,0.790,29180
1613,5.15820,5.15419,3.261e-04,1.135,1.045,29173
1614,5.19712,5.15419,3.258e-04,0.982,0.856,29226
1615,5.10453,5.15419,3.255e-04,1.179,1.100,29162
1616,5.05322,5.15419,3.252e-04,0.899,0.800,29204
1617,4.97846,5.15419,3.249e-04,1.360,1.285,29195
1618,5.34800,5.15419,3.245e-04,1.158,1.059,29196
1619,5.13260,5.15419,3.242e-04,1.689,1.625,29181
1620,4.94579,5.15419,3.239e-04,1.264,1.185,29165
1621,5.02570,5.15419,3.236e-04,1.331,1.257,28412
1622,5.02595,5.15419,3.233e-04,1.144,1.053,29015
1623,5.05491,5.15419,3.230e-04,0.959,0.862,29195
1624,5.09518,5.15419,3.227e-04,0.928,0.819,29218
1625,5.17885,5.15419,3.224e-04,1.213,1.119,29172
1626,5.15083,5.15419,3.221e-04,0.909,0.804,29181
1627,5.17388,5.15419,3.218e-04,1.125,1.028,29167
1628,5.12680,5.15419,3.215e-04,1.071,0.940,29191
1629,5.12197,5.15419,3.212e-04,1.205,1.135,29182
1630,5.13448,5.15419,3.209e-04,1.220,1.121,29206
1631,5.14018,5.15419,3.206e-04,0.770,0.660,29181
1632,5.10223,5.15419,3.203e-04,1.046,0.951,29165
1633,5.10494,5.15419,3.200e-04,0.865,0.760,29199
1634,5.02767,5.15419,3.197e-04,0.844,0.730,29190
1635,5.17087,5.15419,3.194e-04,0.803,0.690,29188
1636,5.09934,5.15419,3.191e-04,1.182,1.096,29214
1637,5.10531,5.15419,3.188e-04,1.131,1.023,29203
1638,4.92038,5.15419,3.185e-04,1.082,0.992,29184
1639,5.06737,5.15419,3.182e-04,0.791,0.681,29221
1640,5.13147,5.15419,3.179e-04,1.317,1.234,29171
1641,4.93524,5.15419,3.176e-04,1.541,1.477,28409
1642,4.96254,5.15419,3.173e-04,0.835,0.735,29016
1643,5.08728,5.15419,3.170e-04,0.791,0.680,29185
1644,4.95035,5.15419,3.167e-04,1.027,0.940,29192
1645,5.18567,5.15419,3.164e-04,1.057,0.961,29198
1646,5.26659,5.15419,3.161e-04,0.970,0.850,29195
1647,5.03078,5.15419,3.158e-04,0.877,0.772,29168
1648,5.10163,5.15419,3.155e-04,1.014,0.906,29192
1649,5.10361,5.15419,3.152e-04,0.983,0.880,29212
1650,5.27002,5.15419,3.149e-04,0.908,0.792,29188
1651,5.17180,5.15419,3.146e-04,0.822,0.703,29150
1652,4.95266,5.15419,3.143e-04,0.918,0.822,29212
1653,5.09279,5.15419,3.140e-04,0.922,0.812,29188
1654,5.28939,5.15419,3.137e-04,0.880,0.762,29200
1655,5.02792,5.15419,3.133e-04,0.940,0.835,29187
1656,5.01230,5.15419,3.130e-04,0.938,0.829,29189
1657,5.02319,5.15419,3.127e-04,0.939,0.841,29158
1658,5.22641,5.15419,3.124e-04,0.868,0.751,29211
1659,5.00495,5.15419,3.121e-04,1.309,1.231,29198
1660,4.96178,5.15419,3.118e-04,0.910,0.813,29197
1661,5.00482,5.15419,3.115e-04,1.101,1.014,28516
1662,4.91754,5.15419,3.112e-04,0.885,0.778,29012
1663,5.09068,5.15419,3.109e-04,1.250,1.168,29185
1664,5.13722,5.15419,3.106e-04,0.889,0.779,29196
1665,5.23415,5.15419,3.103e-04,1.018,0.913,29193
1666,5.20706,5.15419,3.100e-04,1.091,0.990,29164
1667,5.00955,5.15419,3.097e-04,1.684,1.621,29172
1668,5.19845,5.15419,3.094e-04,1.090,0.981,29195
1669,5.40265,5.15419,3.091e-04,1.376,1.281,29159
1670,5.16818,5.15419,3.088e-04,0.912,0.798,29184
1671,5.00903,5.15419,3.085e-04,1.387,1.308,29201
1672,5.18245,5.15419,3.082e-04,0.984,0.873,29203
1673,4.95247,5.15419,3.079e-04,1.242,1.155,29172
1674,5.11290,5.15419,3.076e-04,1.366,1.255,29192
1675,5.10023,5.15419,3.073e-04,0.947,0.835,29170
1676,5.14139,5.15419,3.070e-04,1.545,1.474,29211
1677,5.05881,5.15419,3.067e-04,0.941,0.832,29195
1678,5.17311,5.15419,3.064e-04,1.145,1.045,29170
1679,5.07472,5.15419,3.061e-04,1.156,1.061,29187
1680,5.11756,5.15419,3.058e-04,1.018,0.899,29203
1681,5.09971,5.15419,3.055e-04,1.433,1.348,28387
1682,5.32998,5.15419,3.052e-04,1.087,0.963,29027
1683,5.11660,5.15419,3.049e-04,1.451,1.383,29164
1684,5.20239,5.15419,3.046e-04,0.969,0.873,29193
1685,4.89612,5.15419,3.043e-04,1.449,1.380,29201
1686,5.05606,5.15419,3.040e-04,0.825,0.707,29190
1687,5.12299,5.15419,3.037e-04,1.211,1.127,29205
1688,5.03527,5.15419,3.034e-04,1.013,0.925,29210
1689,5.14254,5.15419,3.031e-04,1.370,1.284,29180
1690,5.08862,5.15419,3.028e-04,1.187,1.104,29195
1691,5.09891,5.15419,3.025e-04,1.137,1.056,29183
1692,5.22137,5.15419,3.022e-04,1.454,1.379,29189
1693,5.06576,5.15419,3.019e-04,0.820,0.712,29175
1694,5.17949,5.15419,3.016e-04,1.102,1.010,29201
1695,4.99279,5.15419,3.013e-04,0.859,0.752,29201
1696,5.04141,5.15419,3.010e-04,0.862,0.745,29172
1697,5.12703,5.15419,3.007e-04,0.886,0.772,29170
1698,5.10101,5.15419,3.004e-04,0.918,0.818,29212
1699,4.97477,5.15419,3.001e-04,0.957,0.867,29179
1700,5.16254,5.15419,2.998e-04,1.040,0.951,29173
1701,5.07858,5.15419,2.995e-04,0.994,0.891,28387
1702,5.26623,5.15419,2.992e-04,1.013,0.916,29016
1703,5.09944,5.15419,2.989e-04,1.563,1.499,29185
1704,5.07581,5.15419,2.986e-04,0.854,0.744,29207
1705,5.18986,5.15419,2.983e-04,1.271,1.178,29190
1706,5.26899,5.15419,2.980e-04,0.852,0.729,29205
1707,4.91278,5.15419,2.977e-04,0.808,0.705,29186
1708,4.93096,5.15419,2.974e-04,1.122,1.037,29228
1709,5.10812,5.15419,2.971e-04,0.955,0.862,29178
1710,5.08632,5.15419,2.968e-04,1.196,1.111,29189
1711,4.91553,5.15419,2.965e-04,1.066,0.976,29209
1712,5.11752,5.15419,2.962e-04,0.933,0.820,29220
1713,4.99887,5.15419,2.959e-04,0.994,0.889,29189
1714,5.14226,5.15419,2.956e-04,0.816,0.704,29170
1715,5.21485,5.15419,2.953e-04,1.120,1.031,29170
1716,5.05868,5.15419,2.950e-04,0.889,0.782,29202
1717,5.11934,5.15419,2.947e-04,0.990,0.878,29171
1718,4.92011,5.15419,2.944e-04,1.214,1.132,29178
1719,5.26445,5.15419,2.941e-04,0.878,0.761,29187
1720,5.09334,5.15419,2.938e-04,1.179,1.091,29192
1721,5.02503,5.15419,2.935e-04,0.856,0.732,28429
1722,5.07104,5.15419,2.932e-04,0.887,0.761,28975
1723,5.32059,5.15419,2.929e-04,1.001,0.897,29184
1724,5.13505,5.15419,2.926e-04,0.905,0.786,29197
1725,5.01274,5.15419,2.923e-04,1.416,1.322,29197
1726,5.14755,5.15419,2.920e-04,1.042,0.930,29210
1727,5.08878,5.15419,2.917e-04,0.908,0.804,29172
1728,4.98452,5.15419,2.914e-04,1.041,0.931,29177
1729,5.18319,5.15419,2.911e-04,1.343,1.254,29173
1730,5.16005,5.15419,2.908e-04,1.013,0.895,29199
1731,5.01247,5.15419,2.905e-04,0.923,0.814,29196
1732,5.05993,5.15419,2.902e-04,0.940,0.812,29202
1733,5.24265,5.15419,2.899e-04,1.018,0.911,29212
1734,5.23219,5.15419,2.896e-04,1.464,1.391,29185
1735,4.88610,5.15419,2.893e-04,1.094,0.988,29201
1736,5.02236,5.15419,2.890e-04,1.552,1.473,29183
1737,5.20997,5.15419,2.887e-04,1.580,1.493,29196
1738,5.18798,5.15419,2.884e-04,1.015,0.908,29202
1739,4.98264,5.15419,2.881e-04,1.512,1.441,29201
1740,5.07249,5.15419,2.878e-04,1.016,0.876,29211
1741,5.20210,5.15419,2.875e-04,1.587,1.508,28406
1742,5.14718,5.15419,2.872e-04,1.393,1.282,28993
1743,5.14645,5.15419,2.869e-04,1.862,1.795,29193
1744,5.02841,5.15419,2.866e-04,1.961,1.894,29171
1745,5.08067,5.15419,2.863e-04,1.229,1.111,29146
1746,5.16855,5.15419,2.860e-04,1.058,0.963,29219
1747,5.09933,5.15419,2.857e-04,1.234,1.149,29170
1748,5.05676,5.15419,2.854e-04,0.989,0.865,29190
1749,4.96976,5.15419,2.851e-04,0.895,0.786,29180
1750,4.87723,5.05591,2.848e-04,0.899,0.797,8782
1751,5.00039,5.05591,2.845e-04,0.943,0.811,28297
1752,4.87210,5.05591,2.842e-04,0.987,0.887,29024
1753,4.93892,5.05591,2.839e-04,1.039,0.890,28993
1754,5.07536,5.05591,2.836e-04,0.969,0.859,29156
1755,4.98351,5.05591,2.833e-04,1.360,1.260,29180
1756,5.14131,5.05591,2.830e-04,0.911,0.809,29184
1757,5.09648,5.05591,2.827e-04,1.046,0.950,29050
1758,5.14691,5.05591,2.824e-04,1.362,1.280,27915
1759,5.25824,5.05591,2.821e-04,0.907,0.792,29046
1760,5.00344,5.05591,2.818e-04,1.178,1.082,29197
1761,5.04920,5.05591,2.815e-04,0.971,0.872,29149
1762,4.97840,5.05591,2.812e-04,0.884,0.768,29177
1763,5.12770,5.05591,2.809e-04,0.946,0.844,29195
1764,5.00085,5.05591,2.806e-04,1.137,1.041,29168
1765,5.00588,5.05591,2.803e-04,0.817,0.698,29188
1766,5.07772,5.05591,2.800e-04,1.138,1.044,29180
1767,5.18845,5.05591,2.797e-04,1.037,0.935,29158
1768,5.15637,5.05591,2.794e-04,0.913,0.790,29211
1769,5.14581,5.05591,2.791e-04,1.468,1.388,29202
1770,4.97124,5.05591,2.788e-04,0.966,0.856,29177
1771,4.86968,5.05591,2.785e-04,0.916,0.811,29197
1772,5.05409,5.05591,2.782e-04,0.865,0.750,29208
1773,5.18423,5.05591,2.779e-04,0.911,0.794,29190
1774,4.92719,5.05591,2.776e-04,0.866,0.759,29203
1775,5.16628,5.05591,2.773e-04,0.916,0.811,29207
1776,5.24600,5.05591,2.770e-04,0.892,0.776,29213
1777,5.09945,5.05591,2.767e-04,0.957,0.818,29208
1778,5.01567,5.05591,2.764e-04,1.046,0.948,29183
1779,5.02001,5.05591,2.761e-04,0.868,0.747,29192
1780,4.80881,5.05591,2.758e-04,1.039,0.926,29202
1781,5.18182,5.05591,2.755e-04,0.920,0.798,29147
1782,4.86695,5.05591,2.752e-04,0.926,0.798,29197
1783,5.21159,5.05591,2.750e-04,0.900,0.778,29206
1784,5.00231,5.05591,2.747e-04,1.072,0.977,29179
1785,5.00556,5.05591,2.744e-04,0.948,0.841,29190
1786,5.11160,5.05591,2.741e-04,1.068,0.959,29215
1787,4.97917,5.05591,2.738e-04,1.014,0.909,29174
1788,5.16392,5.05591,2.735e-04,0.971,0.860,29185
1789,5.05737,5.05591,2.732e-04,0.855,0.737,29207
1790,5.08229,5.05591,2.729e-04,0.897,0.783,29207
1791,5.29948,5.05591,2.726e-04,0.973,0.875,29185
1792,4.84893,5.05591,2.723e-04,1.232,1.144,29196
1793,4.93057,5.05591,2.720e-04,0.881,0.764,29190
1794,5.15512,5.05591,2.717e-04,0.900,0.790,29177
1795,5.01311,5.05591,2.714e-04,0.859,0.756,29210
1796,5.10072,5.05591,2.711e-04,0.957,0.861,29200
1797,5.11482,5.05591,2.708e-04,1.052,0.949,29218
1798,5.03883,5.05591,2.705e-04,0.948,0.839,29202
1799,5.14717,5.05591,2.702e-04,1.035,0.926,29190
1800,5.05043,5.05591,2.699e-04,0.848,0.728,29209
1801,5.10424,5.05591,2.696e-04,0.930,0.819,29161
1802,5.05463,5.05591,2.693e-04,0.924,0.805,29187
1803,5.11706,5.05591,2.690e-04,0.932,0.827,29185
1804,4.94033,5.05591,2.687e-04,0.957,0.860,29222
1805,4.99364,5.05591,2.684e-04,0.974,0.874,29188
1806,4.93763,5.05591,2.681e-04,1.207,1.114,29181
1807,4.98395,5.05591,2.679e-04,1.034,0.926,29193
1808,5.07290,5.05591,2.676e-04,1.003,0.900,29219
1809,5.14945,5.05591,2.673e-04,0.951,0.830,29188
1810,5.09519,5.05591,2.670e-04,1.338,1.255,29201
1811,4.95238,5.05591,2.667e-04,0.947,0.843,29168
1812,4.97376,5.05591,2.664e-04,0.965,0.859,29184
1813,5.12460,5.05591,2.661e-04,0.973,0.856,29202
1814,4.87124,5.05591,2.658e-04,1.062,0.954,29176
1815,5.11271,5.05591,2.655e-04,0.940,0.808,29204
1816,5.10642,5.05591,2.652e-04,0.945,0.824,29204
1817,5.21784,5.05591,2.649e-04,0.922,0.806,29165
1818,5.06297,5.05591,2.646e-04,0.851,0.732,29182
1819,4.91786,5.05591,2.643e-04,0.937,0.821,29218
1820,5.00247,5.05591,2.640e-04,1.089,0.994,29189
1821,5.01918,5.05591,2.637e-04,0.873,0.772,29165
1822,5.01128,5.05591,2.634e-04,0.913,0.801,29196
1823,5.11352,5.05591,2.631e-04,1.038,0.928,29196
1824,4.90287,5.05591,2.629e-04,1.019,0.913,29199
1825,5.03179,5.05591,2.626e-04,0.870,0.755,29188
1826,4.98260,5.05591,2.623e-04,1.042,0.948,29175
1827,4.95889,5.05591,2.620e-04,0.829,0.712,29203
1828,4.89613,5.05591,2.617e-04,1.075,0.980,29210
1829,5.08435,5.05591,2.614e-04,0.988,0.849,29171
1830,5.03011,5.05591,2.611e-04,1.296,1.207,29227
1831,5.05793,5.05591,2.608e-04,0.958,0.817,29195
1832,5.02341,5.05591,2.605e-04,1.206,1.116,29205
1833,5.02900,5.05591,2.602e-04,0.992,0.880,29208
1834,5.15920,5.05591,2.599e-04,1.284,1.196,29172
1835,5.03864,5.05591,2.596e-04,1.178,1.071,29183
1836,4.97326,5.05591,2.593e-04,1.037,0.931,29191
1837,4.87740,5.05591,2.590e-04,0.839,0.734,29182
1838,5.16441,5.05591,2.588e-04,1.007,0.880,29204
1839,5.00970,5.05591,2.585e-04,0.994,0.874,29210
1840,5.10366,5.05591,2.582e-04,0.924,0.822,29155
1841,5.10573,5.05591,2.579e-04,1.114,1.027,29176
1842,4.98745,5.05591,2.576e-04,1.036,0.929,29189
1843,5.05724,5.05591,2.573e-04,0.869,0.748,29171
1844,5.05881,5.05591,2.570e-04,1.164,1.075,29190
1845,4.93701,5.05591,2.567e-04,1.241,1.152,29205
1846,5.06307,5.05591,2.564e-04,1.131,1.021,29229
1847,4.99429,5.05591,2.561e-04,1.024,0.913,29182
1848,5.03867,5.05591,2.558e-04,1.248,1.163,29173
1849,5.15416,5.05591,2.555e-04,1.053,0.949,29202
1850,4.91630,5.05591,2.553e-04,1.138,1.020,29189
1851,4.88322,5.05591,2.550e-04,0.873,0.754,29195
1852,4.91210,5.05591,2.547e-04,1.027,0.899,29195
1853,5.01960,5.05591,2.544e-04,0.927,0.816,29197
1854,5.00269,5.05591,2.541e-04,0.929,0.808,29182
1855,5.06164,5.05591,2.538e-04,1.092,0.873,29182
1856,4.98864,5.05591,2.535e-04,0.897,0.765,29216
1857,4.89532,5.05591,2.532e-04,0.883,0.752,29200
1858,4.95445,5.05591,2.529e-04,0.910,0.805,29172
1859,5.11859,5.05591,2.526e-04,1.107,1.004,29208
1860,4.81251,5.05591,2.523e-04,1.181,1.094,29203
1861,5.05033,5.05591,2.521e-04,1.122,1.022,29128
1862,4.99511,5.05591,2.518e-04,0.916,0.799,29184
1863,5.01770,5.05591,2.515e-04,0.918,0.816,29183
1864,5.08169,5.05591,2.512e-04,0.893,0.777,29183
1865,5.07605,5.05591,2.509e-04,0.905,0.784,29184
1866,4.97501,5.05591,2.506e-04,0.854,0.723,29198
1867,5.05261,5.05591,2.503e-04,0.874,0.763,29208
1868,5.04938,5.05591,2.500e-04,0.868,0.749,29196
1869,4.65987,5.05591,2.497e-04,0.928,0.828,29231
1870,4.99826,5.05591,2.495e-04,1.078,0.978,29197
1871,5.04328,5.05591,2.492e-04,1.116,1.011,29192
1872,5.01454,5.05591,2.489e-04,0.948,0.844,29152
1873,5.07576,5.05591,2.486e-04,1.217,1.136,29190
1874,4.89540,5.05591,2.483e-04,0.873,0.763,29197
1875,5.11793,5.05591,2.480e-04,0.975,0.865,29175
1876,5.04767,5.05591,2.477e-04,0.884,0.779,29212
1877,5.13633,5.05591,2.474e-04,1.097,0.989,29222
1878,4.86219,5.05591,2.471e-04,1.030,0.930,29182
1879,4.97689,5.05591,2.469e-04,0.989,0.881,29221
1880,5.08627,5.05591,2.466e-04,1.203,1.101,29188
1881,4.82226,5.05591,2.463e-04,0.964,0.849,29169
1882,4.98486,5.05591,2.460e-04,0.896,0.786,29177
1883,5.14099,5.05591,2.457e-04,0.916,0.805,29172
1884,5.02816,5.05591,2.454e-04,0.900,0.784,29190
1885,5.04340,5.05591,2.451e-04,1.132,1.044,29190
1886,5.06527,5.05591,2.448e-04,0.881,0.765,29191
1887,5.13533,5.05591,2.446e-04,0.930,0.806,29199
1888,4.97457,5.05591,2.443e-04,0.828,0.709,29187
1889,5.08098,5.05591,2.440e-04,0.873,0.756,29211
1890,4.89729,5.05591,2.437e-04,0.898,0.770,29209
1891,4.90005,5.05591,2.434e-04,0.860,0.746,29171
1892,4.87329,5.05591,2.431e-04,0.875,0.761,29189
1893,5.13303,5.05591,2.428e-04,1.009,0.907,29200
1894,5.20481,5.05591,2.425e-04,0.934,0.810,29211
1895,5.01691,5.05591,2.423e-04,0.913,0.791,29193
1896,5.17744,5.05591,2.420e-04,0.945,0.829,29197
1897,4.95942,5.05591,2.417e-04,0.860,0.746,29212
1898,5.04860,5.05591,2.414e-04,0.861,0.745,29169
1899,4.93275,5.05591,2.411e-04,0.925,0.829,29210
1900,4.99947,5.05591,2.408e-04,0.983,0.886,29195
1901,5.02841,5.05591,2.405e-04,1.086,0.984,29150
1902,5.03512,5.05591,2.403e-04,0.870,0.753,29179
1903,5.04176,5.05591,2.400e-04,1.068,0.972,29198
1904,4.86633,5.05591,2.397e-04,0.853,0.737,29205
1905,5.19457,5.05591,2.394e-04,1.059,0.935,29174
1906,4.99753,5.05591,2.391e-04,0.923,0.813,29208
1907,5.06872,5.05591,2.388e-04,1.062,0.958,29191
1908,5.09261,5.05591,2.385e-04,0.993,0.859,29147
1909,4.90270,5.05591,2.383e-04,0.947,0.843,29191
1910,5.13064,5.05591,2.380e-04,1.161,1.030,29208
1911,5.13869,5.05591,2.377e-04,1.043,0.918,29217
1912,4.95368,5.05591,2.374e-04,1.242,1.151,29212
1913,4.98592,5.05591,2.371e-04,1.019,0.884,29175
1914,4.86764,5.05591,2.368e-04,1.196,1.094,29210
1915,4.81583,5.05591,2.365e-04,1.084,0.943,29186
1916,5.17092,5.05591,2.363e-04,1.289,1.180,29175
1917,5.02158,5.05591,2.360e-04,1.130,1.029,29192
1918,5.03830,5.05591,2.357e-04,0.997,0.879,29163
1919,5.05864,5.05591,2.354e-04,1.386,1.293,29210
1920,4.84975,5.05591,2.351e-04,0.885,0.769,29187
1921,5.21765,5.05591,2.348e-04,0.890,0.763,29159
1922,4.98249,5.05591,2.346e-04,0.966,0.860,29190
1923,4.96812,5.05591,2.343e-04,0.944,0.835,29210
1924,5.08826,5.05591,2.340e-04,0.981,0.842,29211
1925,4.89989,5.05591,2.337e-04,0.938,0.814,29166
1926,4.96369,5.05591,2.334e-04,0.889,0.773,29159
1927,5.02740,5.05591,2.331e-04,1.128,1.036,29206
1928,5.11334,5.05591,2.329e-04,1.291,1.186,29193
1929,4.97083,5.05591,2.326e-04,0.974,0.857,29208
1930,4.99893,5.05591,2.323e-04,1.214,1.125,29180
1931,4.92466,5.05591,2.320e-04,1.194,1.089,29196
1932,4.88014,5.05591,2.317e-04,0.943,0.820,29188
1933,4.93206,5.05591,2.315e-04,0.917,0.807,29188
1934,4.88564,5.05591,2.312e-04,0.905,0.765,29216
1935,4.95993,5.05591,2.309e-04,1.231,1.139,29183
1936,5.03075,5.05591,2.306e-04,0.899,0.774,29185
1937,4.99059,5.05591,2.303e-04,1.486,1.397,29209
1938,4.97784,5.05591,2.300e-04,1.036,0.916,29183
1939,4.92899,5.05591,2.298e-04,1.376,1.283,29177
1940,4.88809,5.05591,2.295e-04,1.313,1.217,29216
1941,5.04208,5.05591,2.292e-04,1.299,1.204,29143
1942,5.11608,5.05591,2.289e-04,1.064,0.961,29216
1943,4.89476,5.05591,2.286e-04,0.939,0.819,29191
1944,5.27467,5.05591,2.284e-04,1.535,1.451,29204
1945,4.79667,5.05591,2.281e-04,1.074,0.963,29192
1946,5.15342,5.05591,2.278e-04,1.496,1.407,29200
1947,4.94028,5.05591,2.275e-04,0.961,0.833,29207
1948,4.99381,5.05591,2.272e-04,0.986,0.868,29201
1949,4.83371,5.05591,2.270e-04,1.105,0.986,29212
1950,5.10775,5.05591,2.267e-04,0.847,0.719,29185
1951,5.02927,5.05591,2.264e-04,0.862,0.728,29193
1952,5.02465,5.05591,2.261e-04,1.023,0.904,29189
1953,4.98068,5.05591,2.258e-04,1.393,1.291,29226
1954,4.95475,5.05591,2.256e-04,0.939,0.808,29214
1955,4.96103,5.05591,2.253e-04,1.162,1.061,29190
1956,4.93077,5.05591,2.250e-04,0.937,0.811,29190
1957,5.11181,5.05591,2.247e-04,1.151,1.057,29202
1958,5.07826,5.05591,2.244e-04,1.010,0.900,29186
1959,4.87934,5.05591,2.242e-04,1.165,1.071,29173
1960,4.98499,5.05591,2.239e-04,1.101,1.001,29229
1961,4.92896,5.05591,2.236e-04,0.938,0.818,29185
1962,4.95229,5.05591,2.233e-04,1.147,1.042,29174
1963,4.81038,5.05591,2.230e-04,0.887,0.755,29186
1964,4.97133,5.05591,2.228e-04,1.142,1.036,29189
1965,4.90223,5.05591,2.225e-04,1.307,1.212,29211
1966,5.01377,5.05591,2.222e-04,0.952,0.816,29185
1967,5.02921,5.05591,2.219e-04,0.913,0.799,29216
1968,4.94196,5.05591,2.217e-04,0.961,0.850,29212
1969,4.94758,5.05591,2.214e-04,0.949,0.818,29190
1970,5.00704,5.05591,2.211e-04,0.977,0.841,29209
1971,4.89826,5.05591,2.208e-04,0.905,0.778,29179
1972,5.18941,5.05591,2.206e-04,1.031,0.903,29207
1973,5.08629,5.05591,2.203e-04,0.980,0.837,29167
1974,4.92711,5.05591,2.200e-04,0.941,0.839,29209
1975,4.79869,5.05591,2.197e-04,0.913,0.789,29193
1976,5.13781,5.05591,2.194e-04,1.352,1.253,29171
1977,4.87917,5.05591,2.192e-04,0.966,0.843,29204
1978,4.84752,5.05591,2.189e-04,1.119,1.012,29186
1979,5.07547,5.05591,2.186e-04,1.236,1.133,29150
1980,4.98681,5.05591,2.183e-04,1.251,1.149,29189
1981,5.05166,5.05591,2.181e-04,1.456,1.373,29154
1982,4.89328,5.05591,2.178e-04,1.064,0.963,29205
1983,4.97515,5.05591,2.175e-04,1.154,1.056,29175
1984,5.09635,5.05591,2.172e-04,0.953,0.828,29197
1985,5.06292,5.05591,2.170e-04,1.074,0.968,29215
1986,4.73751,5.05591,2.167e-04,1.102,0.996,29183
1987,4.98418,5.05591,2.164e-04,1.046,0.936,29206
1988,5.02789,5.05591,2.161e-04,1.013,0.910,29200
1989,4.92029,5.05591,2.159e-04,0.969,0.849,29193
1990,5.03749,5.05591,2.156e-04,1.352,1.267,29183
1991,4.95223,5.05591,2.153e-04,1.202,1.113,29203
1992,4.85790,5.05591,2.150e-04,1.000,0.886,29205
1993,4.94999,5.05591,2.148e-04,0.999,0.899,29165
1994,4.73647,5.05591,2.145e-04,0.882,0.764,29192
1995,4.92226,5.05591,2.142e-04,1.083,0.984,29201
1996,5.00454,5.05591,2.139e-04,1.131,1.027,29208
1997,4.90581,5.05591,2.137e-04,1.192,1.098,29212
1998,5.01833,5.05591,2.134e-04,0.885,0.772,29201
1999,5.10397,5.05591,2.131e-04,1.048,0.944,29167
2000,5.11406,4.97433,2.129e-04,0.868,0.751,8838
2001,5.13728,4.97433,2.126e-04,0.975,0.859,29560
2002,4.93494,4.97433,2.123e-04,0.973,0.864,29187
2003,5.03257,4.97433,2.120e-04,0.868,0.754,29185
2004,4.97890,4.97433,2.118e-04,0.976,0.853,29188
2005,5.02798,4.97433,2.115e-04,1.009,0.879,29191
2006,4.94879,4.97433,2.112e-04,0.993,0.866,29192
2007,5.02993,4.97433,2.109e-04,0.909,0.784,29189
2008,4.90459,4.97433,2.107e-04,0.969,0.843,29186
2009,5.00587,4.97433,2.104e-04,0.972,0.841,29173
2010,4.84782,4.97433,2.101e-04,0.872,0.738,29212
2011,4.90014,4.97433,2.099e-04,0.945,0.823,29186
2012,4.94444,4.97433,2.096e-04,1.144,1.039,29196
2013,5.04301,4.97433,2.093e-04,0.943,0.805,29199
2014,4.91854,4.97433,2.090e-04,1.001,0.875,29200
2015,5.00312,4.97433,2.088e-04,1.108,1.001,29207
2016,4.96225,4.97433,2.085e-04,0.924,0.789,29179
2017,4.93808,4.97433,2.082e-04,1.559,1.487,29199
2018,4.92142,4.97433,2.080e-04,0.974,0.849,29182
2019,4.86374,4.97433,2.077e-04,1.117,1.009,29194
2020,4.77143,4.97433,2.074e-04,1.367,1.275,29180
2021,5.19606,4.97433,2.072e-04,0.906,0.781,29154
2022,5.02490,4.97433,2.069e-04,1.374,1.280,29222
2023,5.04732,4.97433,2.066e-04,0.930,0.780,29163
2024,4.86806,4.97433,2.063e-04,1.161,1.056,29213
2025,4.98707,4.97433,2.061e-04,1.038,0.887,29183
2026,4.77491,4.97433,2.058e-04,1.100,1.010,29164
2027,4.86146,4.97433,2.055e-04,1.028,0.912,29215
2028,4.96205,4.97433,2.053e-04,0.994,0.870,29197
2029,4.99188,4.97433,2.050e-04,1.207,1.109,29220
2030,4.86189,4.97433,2.047e-04,1.058,0.938,29166
2031,4.99496,4.97433,2.045e-04,0.952,0.827,29212
2032,5.10345,4.97433,2.042e-04,1.116,1.001,29172
2033,5.00203,4.97433,2.039e-04,0.889,0.771,29200
2034,4.84925,4.97433,2.037e-04,1.033,0.885,29216
2035,4.98200,4.97433,2.034e-04,1.543,1.456,29204
2036,4.95216,4.97433,2.031e-04,0.993,0.862,29198
2037,4.89521,4.97433,2.029e-04,1.375,1.277,29202
2038,4.91380,4.97433,2.026e-04,1.161,1.056,29178
2039,5.02649,4.97433,2.023e-04,0.916,0.786,29199
2040,5.00559,4.97433,2.021e-04,1.261,1.171,29192
2041,4.95734,4.97433,2.018e-04,1.136,1.019,29176
2042,5.08277,4.97433,2.015e-04,1.018,0.898,29203
2043,4.81102,4.97433,2.013e-04,1.552,1.471,29177
2044,4.75366,4.97433,2.010e-04,1.071,0.967,29184
2045,4.98855,4.97433,2.007e-04,0.976,0.851,29205
2046,4.97535,4.97433,2.005e-04,0.901,0.783,29169
2047,5.04983,4.97433,2.002e-04,0.969,0.856,29187
2048,4.91369,4.97433,1.999e-04,1.369,1.272,29192
2049,4.91295,4.97433,1.997e-04,1.217,1.122,29191
2050,4.96833,4.97433,1.994e-04,1.597,1.509,29172
2051,4.92689,4.97433,1.991e-04,0.958,0.832,29203
2052,5.13765,4.97433,1.989e-04,1.688,1.621,29211
2053,4.89742,4.97433,1.986e-04,0.918,0.805,29166
2054,5.04899,4.97433,1.983e-04,0.927,0.806,29205
2055,5.24816,4.97433,1.981e-04,1.014,0.884,29187
2056,4.98493,4.97433,1.978e-04,0.989,0.883,29198
2057,5.03950,4.97433,1.975e-04,1.042,0.915,29189
2058,4.84127,4.97433,1.973e-04,0.949,0.817,29189
2059,4.95454,4.97433,1.970e-04,1.051,0.945,29204
2060,4.77134,4.97433,1.968e-04,1.149,1.048,29209
2061,4.96598,4.97433,1.965e-04,1.027,0.918,29134
2062,4.86498,4.97433,1.962e-04,1.264,1.167,29189
2063,4.86863,4.97433,1.960e-04,1.053,0.938,29177
2064,5.04027,4.97433,1.957e-04,1.006,0.882,29211
2065,4.97568,4.97433,1.954e-04,1.128,1.023,29197
2066,4.88173,4.97433,1.952e-04,0.934,0.808,29185
2067,4.84671,4.97433,1.949e-04,1.200,1.086,29176
2068,4.90045,4.97433,1.947e-04,0.987,0.837,29233
2069,4.77442,4.97433,1.944e-04,0.973,0.861,29183
2070,4.96609,4.97433,1.941e-04,0.939,0.828,29173
2071,4.91409,4.97433,1.939e-04,0.944,0.810,29214
2072,4.79392,4.97433,1.936e-04,0.956,0.841,29205
2073,4.99797,4.97433,1.933e-04,1.079,0.966,29171
2074,4.90003,4.97433,1.931e-04,1.042,0.934,29180
2075,4.84661,4.97433,1.928e-04,0.915,0.781,29175
2076,5.13041,4.97433,1.926e-04,1.002,0.875,29215
2077,5.09833,4.97433,1.923e-04,1.107,1.002,29210
2078,5.01099,4.97433,1.920e-04,0.899,0.773,29210
2079,4.98223,4.97433,1.918e-04,1.096,0.971,29215
2080,4.85149,4.97433,1.915e-04,0.960,0.832,29173
2081,5.14725,4.97433,1.913e-04,1.354,1.265,29149
2082,4.95379,4.97433,1.910e-04,1.168,1.050,29181
2083,4.96506,4.97433,1.907e-04,1.165,1.067,29182
2084,4.77799,4.97433,1.905e-04,0.981,0.877,29217
2085,4.95024,4.97433,1.902e-04,1.008,0.889,29203
2086,4.87060,4.97433,1.900e-04,1.338,1.249,29193
2087,5.01644,4.97433,1.897e-04,0.962,0.844,29192
2088,4.82939,4.97433,1.894e-04,1.899,1.832,29180
2089,4.85467,4.97433,1.892e-04,1.023,0.895,29195
2090,5.05402,4.97433,1.889e-04,1.497,1.401,29201
2091,4.97550,4.97433,1.887e-04,1.084,0.974,29174
2092,4.89999,4.97433,1.884e-04,1.128,1.028,29197
2093,4.87315,4.97433,1.882e-04,1.057,0.953,29203
2094,4.90342,4.97433,1.879e-04,1.002,0.895,29165
2095,4.97182,4.97433,1.876e-04,0.924,0.796,29219
2096,5.01579,4.97433,1.874e-04,0.839,0.716,29195
2097,4.98604,4.97433,1.871e-04,0.932,0.807,29197
2098,4.67680,4.97433,1.869e-04,1.097,0.992,29206
2099,5.05699,4.97433,1.866e-04,1.025,0.888,29185
2100,5.01425,4.97433,1.864e-04,1.023,0.923,29205
2101,4.98393,4.97433,1.861e-04,1.301,1.182,29156
2102,4.92771,4.97433,1.858e-04,1.099,0.985,29195
2103,5.09101,4.97433,1.856e-04,1.144,1.039,29182
2104,5.13029,4.97433,1.853e-04,0.981,0.851,29173
2105,4.77635,4.97433,1.851e-04,1.124,1.013,29209
2106,4.86777,4.97433,1.848e-04,1.154,1.046,29187
2107,4.94282,4.97433,1.846e-04,0.914,0.785,29217
2108,4.97256,4.97433,1.843e-04,1.139,1.036,29204
2109,5.04973,4.97433,1.841e-04,1.057,0.917,29202
2110,4.95651,4.97433,1.838e-04,0.912,0.797,29187
2111,4.90786,4.97433,1.835e-04,1.150,1.049,29191
2112,5.01562,4.97433,1.833e-04,0.963,0.836,29212
2113,4.73848,4.97433,1.830e-04,1.051,0.951,29204
2114,5.01807,4.97433,1.828e-04,0.871,0.735,29184
2115,4.97023,4.97433,1.825e-04,0.893,0.757,29199
2116,5.02242,4.97433,1.823e-04,0.989,0.875,29208
2117,4.67475,4.97433,1.820e-04,1.109,0.984,29169
2118,4.88381,4.97433,1.818e-04,0.992,0.867,29200
2119,4.97933,4.97433,1.815e-04,0.938,0.818,29214
2120,4.88423,4.97433,1.813e-04,0.942,0.817,29202
2121,4.97782,4.97433,1.810e-04,0.969,0.839,29145
2122,5.09301,4.97433,1.808e-04,1.043,0.915,29201
2123,4.98750,4.97433,1.805e-04,1.008,0.893,29224
2124,5.04491,4.97433,1.802e-04,0.951,0.820,29211
2125,4.74363,4.97433,1.800e-04,1.173,1.075,29200
2126,4.87904,4.97433,1.797e-04,0.982,0.851,29184
2127,4.91807,4.97433,1.795e-04,1.060,0.928,29220
2128,5.01136,4.97433,1.792e-04,1.079,0.959,29193
2129,4.98707,4.97433,1.790e-04,1.014,0.868,29166
2130,4.78358,4.97433,1.787e-04,0.985,0.850,29208
2131,4.81763,4.97433,1.785e-04,1.114,1.011,29218
2132,4.94303,4.97433,1.782e-04,0.949,0.809,29180
2133,5.03958,4.97433,1.780e-04,1.094,0.962,29185
2134,4.95921,4.97433,1.777e-04,0.962,0.845,29206
2135,4.89627,4.97433,1.775e-04,1.144,1.045,29211
2136,4.92951,4.97433,1.772e-04,1.029,0.897,29195
2137,4.88905,4.97433,1.770e-04,1.156,1.052,29151
2138,4.83710,4.97433,1.767e-04,0.984,0.863,29182
2139,5.09009,4.97433,1.765e-04,1.034,0.902,29223
2140,5.07651,4.97433,1.762e-04,1.456,1.364,29187
2141,4.99616,4.97433,1.760e-04,0.999,0.870,29149
2142,4.82979,4.97433,1.757e-04,1.015,0.897,29180
2143,4.87067,4.97433,1.755e-04,1.037,0.930,29191
2144,4.72580,4.97433,1.752e-04,1.134,1.024,29205
2145,4.93329,4.97433,1.750e-04,1.167,1.050,29191
2146,4.95954,4.97433,1.747e-04,0.870,0.747,29207
2147,4.90412,4.97433,1.745e-04,0.934,0.803,29187
2148,4.92725,4.97433,1.743e-04,1.077,0.970,29211
2149,4.84586,4.97433,1.740e-04,1.043,0.926,29167
2150,4.94174,4.97433,1.738e-04,0.942,0.819,29199
2151,4.92043,4.97433,1.735e-04,0.910,0.780,29171
2152,4.88999,4.97433,1.733e-04,0.932,0.808,29181
2153,4.86912,4.97433,1.730e-04,1.026,0.906,29204
2154,5.02882,4.97433,1.728e-04,0.891,0.750,29220
2155,4.74997,4.97433,1.725e-04,0.893,0.760,29198
2156,4.91722,4.97433,1.723e-04,1.165,1.060,29185
2157,4.82051,4.97433,1.720e-04,0.931,0.817,29209
2158,5.01653,4.97433,1.718e-04,0.980,0.841,29205
2159,4.95172,4.97433,1.715e-04,0.940,0.809,29187
2160,5.12836,4.97433,1.713e-04,0.868,0.739,29202
2161,4.85412,4.97433,1.711e-04,0.923,0.798,29133
2162,4.90620,4.97433,1.708e-04,1.138,1.047,29180
2163,4.96627,4.97433,1.706e-04,1.185,1.063,29207
2164,5.17443,4.97433,1.703e-04,1.015,0.884,29206
2165,5.11307,4.97433,1.701e-04,0.873,0.731,29189
2166,4.92330,4.97433,1.698e-04,1.023,0.918,29183
2167,4.87201,4.97433,1.696e-04,0.932,0.782,29207
2168,5.08235,4.97433,1.693e-04,1.090,0.969,29215
2169,4.94653,4.97433,1.691e-04,1.134,1.023,29185
2170,5.05268,4.97433,1.689e-04,1.178,1.048,29202
2171,5.06194,4.97433,1.686e-04,1.096,0.977,29184
2172,4.90589,4.97433,1.684e-04,0.900,0.779,29216
2173,5.03086,4.97433,1.681e-04,1.298,1.191,29189
2174,5.01580,4.97433,1.679e-04,0.926,0.790,29210
2175,4.96211,4.97433,1.676e-04,0.916,0.783,29188
2176,4.98910,4.97433,1.674e-04,1.016,0.899,29196
2177,5.02326,4.97433,1.672e-04,0.921,0.796,29190
2178,4.92641,4.97433,1.669e-04,1.019,0.914,29212
2179,4.82124,4.97433,1.667e-04,0.972,0.850,29191
2180,5.02881,4.97433,1.664e-04,0.985,0.849,29188
2181,4.72215,4.97433,1.662e-04,0.976,0.860,29159
2182,4.85082,4.97433,1.660e-04,0.952,0.831,29202
2183,4.84154,4.97433,1.657e-04,1.075,0.958,29194
2184,4.75752,4.97433,1.655e-04,1.194,1.049,29209
2185,4.80281,4.97433,1.652e-04,1.073,0.972,29188
2186,5.04585,4.97433,1.650e-04,0.989,0.856,29166
2187,4.72881,4.97433,1.648e-04,0.991,0.874,29183
2188,4.80044,4.97433,1.645e-04,1.017,0.909,29204
2189,4.91729,4.97433,1.643e-04,0.980,0.852,29208
2190,4.88663,4.97433,1.640e-04,0.959,0.836,29177
2191,4.97147,4.97433,1.638e-04,0.970,0.847,29187
2192,4.76739,4.97433,1.636e-04,0.906,0.782,29199
2193,4.90170,4.97433,1.633e-04,0.966,0.845,29205
2194,4.86342,4.97433,1.631e-04,1.253,1.137,29171
2195,4.84256,4.97433,1.628e-04,1.101,0.984,29224
2196,5.03532,4.97433,1.626e-04,1.033,0.910,29175
2197,4.84775,4.97433,1.624e-04,1.323,1.224,29209
2198,4.81118,4.97433,1.621e-04,1.097,0.966,29170
2199,5.01214,4.97433,1.619e-04,0.949,0.813,29220
2200,4.91181,4.97433,1.617e-04,0.988,0.848,29182
2201,4.98835,4.97433,1.614e-04,1.084,0.954,29162
2202,5.00789,4.97433,1.612e-04,0.892,0.756,29194
2203,5.21635,4.97433,1.609e-04,1.003,0.867,29180
2204,4.85564,4.97433,1.607e-04,0.940,0.805,29186
2205,5.04303,4.97433,1.605e-04,0.964,0.824,29205
2206,4.92564,4.97433,1.602e-04,1.071,0.941,29203
2207,4.87409,4.97433,1.600e-04,1.051,0.939,29203
2208,4.78887,4.97433,1.598e-04,0.972,0.835,29167
2209,4.95317,4.97433,1.595e-04,0.922,0.797,29185
2210,5.02174,4.97433,1.593e-04,1.317,1.179,29216
2211,4.92730,4.97433,1.591e-04,0.985,0.840,29185
2212,5.01997,4.97433,1.588e-04,0.952,0.821,29189
2213,4.99520,4.97433,1.586e-04,0.950,0.803,29187
2214,4.99176,4.97433,1.584e-04,1.263,1.158,29201
2215,4.95244,4.97433,1.581e-04,1.239,1.140,29207
2216,4.82135,4.97433,1.579e-04,0.904,0.782,29194
2217,4.85516,4.97433,1.577e-04,1.081,0.968,29209
2218,5.00581,4.97433,1.574e-04,1.044,0.898,29205
2219,4.89856,4.97433,1.572e-04,1.190,1.091,29192
2220,4.81375,4.97433,1.570e-04,1.250,1.149,29187
2221,5.01036,4.97433,1.567e-04,0.931,0.804,29159
2222,4.91634,4.97433,1.565e-04,1.431,1.345,29152
2223,4.99525,4.97433,1.563e-04,0.985,0.872,29175
2224,4.92273,4.97433,1.560e-04,1.208,1.112,29201
2225,4.95167,4.97433,1.558e-04,1.252,1.147,29192
2226,4.95180,4.97433,1.556e-04,0.982,0.849,29189
2227,4.87072,4.97433,1.553e-04,1.316,1.218,29178
2228,4.96605,4.97433,1.551e-04,1.298,1.200,29215
2229,4.87814,4.97433,1.549e-04,0.983,0.851,29209
2230,5.03942,4.97433,1.546e-04,1.100,0.992,29189
2231,4.98821,4.97433,1.544e-04,0.984,0.853,29178
2232,4.74296,4.97433,1.542e-04,0.917,0.794,29149
2233,4.92344,4.97433,1.540e-04,1.020,0.902,29188
2234,4.80562,4.97433,1.537e-04,1.090,0.972,29197
2235,4.94271,4.97433,1.535e-04,1.127,0.986,29197
2236,4.87077,4.97433,1.533e-04,1.090,0.978,29184
2237,4.87147,4.97433,1.530e-04,0.900,0.763,29215
2238,4.95499,4.97433,1.528e-04,1.028,0.881,29184
2239,4.95849,4.97433,1.526e-04,0.932,0.795,29193
2240,4.90661,4.97433,1.524e-04,0.990,0.866,29209
2241,5.00229,4.97433,1.521e-04,1.000,0.869,29169
2242,4.94113,4.97433,1.519e-04,0.998,0.877,29206
2243,4.98643,4.97433,1.517e-04,0.958,0.832,29187
2244,4.89989,4.97433,1.514e-04,0.947,0.812,29144
2245,4.94861,4.97433,1.512e-04,0.946,0.816,29200
2246,4.77178,4.97433,1.510e-04,1.029,0.916,29210
2247,4.87737,4.97433,1.508e-04,0.896,0.758,29179
2248,4.89996,4.97433,1.505e-04,1.065,0.936,29214
2249,5.05522,4.97433,1.503e-04,0.979,0.841,29188
2250,4.95466,4.91592,1.501e-04,1.054,0.936,8849
2251,4.60589,4.91592,1.499e-04,0.921,0.783,29528
2252,5.00202,4.91592,1.496e-04,1.075,0.948,29200
2253,5.07266,4.91592,1.494e-04,1.059,0.935,29179
2254,4.88873,4.91592,1.492e-04,1.194,1.079,29190
2255,5.03677,4.91592,1.490e-04,1.728,1.632,29219
2256,5.02636,4.91592,1.487e-04,1.030,0.883,29172
2257,4.93886,4.91592,1.485e-04,1.220,1.119,29209
2258,4.81002,4.91592,1.483e-04,1.282,1.181,29167
2259,4.95362,4.91592,1.481e-04,1.014,0.886,29221
2260,5.01248,4.91592,1.478e-04,1.216,1.087,29189
2261,4.87246,4.91592,1.476e-04,1.047,0.931,29154
2262,4.87039,4.91592,1.474e-04,0.972,0.844,29169
2263,4.93485,4.91592,1.472e-04,0.945,0.808,29221
2264,4.87090,4.91592,1.469e-04,0.910,0.779,29156
2265,5.02892,4.91592,1.467e-04,0.973,0.847,29221
2266,4.84862,4.91592,1.465e-04,0.908,0.780,29204
2267,4.96750,4.91592,1.463e-04,0.953,0.831,29173
2268,4.81989,4.91592,1.461e-04,0.973,0.853,29215
2269,5.04571,4.91592,1.458e-04,0.864,0.717,29172
2270,4.83447,4.91592,1.456e-04,0.948,0.822,29202
2271,4.86387,4.91592,1.454e-04,0.974,0.853,29187
2272,5.10561,4.91592,1.452e-04,0.955,0.806,29202
2273,4.91026,4.91592,1.450e-04,0.972,0.842,29228
2274,4.93470,4.91592,1.447e-04,0.929,0.793,29194
2275,4.94119,4.91592,1.445e-04,1.061,0.931,29200
2276,4.78921,4.91592,1.443e-04,1.068,0.955,29179
2277,5.00459,4.91592,1.441e-04,1.027,0.912,29204
2278,5.00933,4.91592,1.439e-04,0.992,0.863,29200
2279,4.81722,4.91592,1.436e-04,0.907,0.779,29197
2280,4.96335,4.91592,1.434e-04,1.342,1.249,29189
2281,4.92348,4.91592,1.432e-04,0.967,0.830,29123
2282,4.90337,4.91592,1.430e-04,1.056,0.946,29199
2283,4.86002,4.91592,1.428e-04,0.922,0.799,29187
2284,4.95248,4.91592,1.425e-04,1.151,1.045,29201
2285,4.90703,4.91592,1.423e-04,0.949,0.831,29207
2286,4.79049,4.91592,1.421e-04,0.972,0.842,29173
2287,4.81941,4.91592,1.419e-04,0.954,0.836,29220
2288,4.88910,4.91592,1.417e-04,1.113,1.018,29191
2289,4.68371,4.91592,1.415e-04,0.980,0.858,29210
2290,5.05442,4.91592,1.412e-04,0.964,0.835,29193
2291,4.93787,4.91592,1.410e-04,1.335,1.178,29200
2292,5.01799,4.91592,1.408e-04,1.098,0.983,29218
2293,4.90417,4.91592,1.406e-04,1.084,0.960,29212
2294,4.95061,4.91592,1.404e-04,0.976,0.832,29189
2295,4.80291,4.91592,1.402e-04,0.934,0.802,29179
2296,5.08261,4.91592,1.399e-04,0.995,0.865,29177
2297,4.75913,4.91592,1.397e-04,1.027,0.909,29190
2298,4.91807,4.91592,1.395e-04,1.048,0.932,29213
2299,4.87618,4.91592,1.393e-04,0.926,0.789,29188
2300,5.03845,4.91592,1.391e-04,1.037,0.901,29198
2301,4.76030,4.91592,1.389e-04,1.115,0.997,29132
2302,4.88155,4.91592,1.387e-04,0.947,0.813,29185
2303,4.88020,4.91592,1.384e-04,0.998,0.882,29195
2304,4.93732,4.91592,1.382e-04,0.901,0.765,29214
2305,4.94300,4.91592,1.380e-04,1.057,0.916,29198
2306,4.85481,4.91592,1.378e-04,0.951,0.826,29169
2307,4.92708,4.91592,1.376e-04,0.940,0.806,29195
2308,4.80256,4.91592,1.374e-04,0.970,0.842,29213
2309,5.05451,4.91592,1.372e-04,1.151,1.025,29200
2310,4.80365,4.91592,1.370e-04,0.958,0.831,29210
2311,4.95285,4.91592,1.367e-04,1.181,1.074,29206
2312,4.98739,4.91592,1.365e-04,1.001,0.851,29182
2313,4.99453,4.91592,1.363e-04,0.933,0.795,29202
2314,4.88920,4.91592,1.361e-04,0.967,0.841,29200
2315,4.89188,4.91592,1.359e-04,0.983,0.856,29188
2316,4.85236,4.91592,1.357e-04,1.054,0.949,29212
2317,4.88646,4.91592,1.355e-04,0.959,0.822,29206
2318,4.95280,4.91592,1.353e-04,0.950,0.804,29192
2319,4.92320,4.91592,1.351e-04,1.118,1.003,29196
2320,5.00405,4.91592,1.348e-04,0.970,0.836,29203
2321,4.76464,4.91592,1.346e-04,1.087,0.969,29153
2322,4.68388,4.91592,1.344e-04,1.120,1.006,29202
2323,4.91847,4.91592,1.342e-04,0.932,0.797,29181
2324,4.78495,4.91592,1.340e-04,0.987,0.861,29210
2325,5.03246,4.91592,1.338e-04,1.077,0.961,29196
2326,5.01173,4.91592,1.336e-04,0.922,0.784,29196
2327,4.67032,4.91592,1.334e-04,1.103,0.989,29174
2328,4.88874,4.91592,1.332e-04,1.002,0.878,29186
2329,4.81759,4.91592,1.330e-04,0.914,0.788,29176
2330,5.00745,4.91592,1.328e-04,0.987,0.851,29217
2331,4.87737,4.91592,1.326e-04,1.086,0.944,29168
2332,4.91857,4.91592,1.324e-04,0.987,0.860,29201
2333,4.94253,4.91592,1.321e-04,0.947,0.811,29217
2334,4.77410,4.91592,1.319e-04,1.085,0.974,29192
2335,5.03017,4.91592,1.317e-04,0.966,0.830,29201
2336,4.91257,4.91592,1.315e-04,0.999,0.863,29197
2337,4.64066,4.91592,1.313e-04,0.921,0.793,29216
2338,5.13400,4.91592,1.311e-04,1.017,0.867,29204
2339,4.74817,4.91592,1.309e-04,1.034,0.912,29218
2340,4.86587,4.91592,1.307e-04,1.062,0.951,29221
2341,4.75188,4.91592,1.305e-04,0.926,0.812,29131
2342,4.94356,4.91592,1.303e-04,1.184,1.065,29202
2343,4.78692,4.91592,1.301e-04,1.030,0.902,29193
2344,4.84576,4.91592,1.299e-04,1.033,0.920,29201
2345,4.89551,4.91592,1.297e-04,0.955,0.840,29211
2346,4.75722,4.91592,1.295e-04,0.964,0.824,29187
2347,4.82314,4.91592,1.293e-04,0.903,0.758,29195
2348,4.63262,4.91592,1.291e-04,0.964,0.833,29148
2349,4.89543,4.91592,1.289e-04,1.005,0.880,29196
2350,4.87405,4.91592,1.287e-04,0.912,0.773,29208
2351,4.93079,4.91592,1.285e-04,0.950,0.819,29189
2352,4.81632,4.91592,1.283e-04,0.995,0.869,29219
2353,4.86195,4.91592,1.281e-04,1.093,0.968,29208
2354,4.85733,4.91592,1.279e-04,0.955,0.828,29206
2355,5.05618,4.91592,1.277e-04,0.958,0.824,29181
2356,4.90522,4.91592,1.275e-04,1.163,1.054,29193
2357,4.99248,4.91592,1.273e-04,0.992,0.867,29220
2358,4.99582,4.91592,1.271e-04,0.978,0.835,29176
2359,5.08057,4.91592,1.269e-04,1.003,0.873,29208
2360,4.80121,4.91592,1.267e-04,0.910,0.782,29226
2361,4.69286,4.91592,1.265e-04,0.939,0.816,29123
2362,4.88390,4.91592,1.263e-04,1.067,0.929,29203
2363,5.13432,4.91592,1.261e-04,1.024,0.893,29219
2364,4.87319,4.91592,1.259e-04,0.900,0.773,29209
2365,4.89328,4.91592,1.257e-04,0.907,0.781,29205
2366,5.01757,4.91592,1.255e-04,1.041,0.921,29183
2367,4.97465,4.91592,1.253e-04,1.070,0.947,29201
2368,4.85157,4.91592,1.251e-04,0.954,0.821,29195
2369,4.84870,4.91592,1.249e-04,0.966,0.833,29202
2370,4.85308,4.91592,1.247e-04,1.021,0.904,29186
2371,4.74139,4.91592,1.245e-04,0.953,0.821,29197
2372,4.96607,4.91592,1.243e-04,0.931,0.792,29195
2373,5.11183,4.91592,1.241e-04,1.043,0.901,29223
2374,4.96905,4.91592,1.239e-04,0.904,0.767,29204
2375,4.88432,4.91592,1.237e-04,0.925,0.797,29199
2376,4.97264,4.91592,1.235e-04,0.977,0.825,29193
2377,4.97013,4.91592,1.233e-04,1.117,0.993,29207
2378,4.77442,4.91592,1.231e-04,0.980,0.854,29177
2379,4.99282,4.91592,1.229e-04,1.126,1.013,29209
2380,4.73015,4.91592,1.227e-04,1.178,0.997,29214
2381,4.72838,4.91592,1.225e-04,1.210,1.098,29133
2382,4.92016,4.91592,1.223e-04,0.910,0.778,29192
2383,4.84928,4.91592,1.222e-04,1.113,1.000,29181
2384,4.91848,4.91592,1.220e-04,0.991,0.869,29204
2385,5.04058,4.91592,1.218e-04,1.068,0.942,29203
2386,4.92445,4.91592,1.216e-04,1.381,1.280,29182
2387,5.14467,4.91592,1.214e-04,1.058,0.924,29216
2388,4.90321,4.91592,1.212e-04,1.085,0.966,29195
2389,4.93834,4.91592,1.210e-04,0.998,0.854,29204
2390,4.73944,4.91592,1.208e-04,1.106,0.996,29221
2391,4.84880,4.91592,1.206e-04,0.982,0.862,29196
2392,4.79298,4.91592,1.204e-04,0.979,0.853,29191
2393,4.90785,4.91592,1.202e-04,1.104,0.976,29209
2394,4.91925,4.91592,1.200e-04,0.987,0.861,29201
2395,4.76116,4.91592,1.199e-04,1.010,0.888,29205
2396,5.00215,4.91592,1.197e-04,1.002,0.857,29196
2397,4.81001,4.91592,1.195e-04,1.028,0.896,29207
2398,4.85321,4.91592,1.193e-04,0.985,0.859,29195
2399,4.97405,4.91592,1.191e-04,1.075,0.934,29189
2400,4.98343,4.91592,1.189e-04,1.047,0.908,29211
2401,4.97659,4.91592,1.187e-04,1.132,1.021,29162
2402,4.61268,4.91592,1.185e-04,1.015,0.899,29183
2403,4.84512,4.91592,1.183e-04,1.038,0.915,29157
2404,4.95912,4.91592,1.182e-04,1.056,0.925,29228
2405,4.86914,4.91592,1.180e-04,1.162,1.053,29181
2406,4.94177,4.91592,1.178e-04,0.873,0.742,29187
2407,4.77217,4.91592,1.176e-04,0.946,0.821,29188
2408,4.90812,4.91592,1.174e-04,0.901,0.766,29194
2409,4.71173,4.91592,1.172e-04,1.056,0.941,29206
2410,5.07776,4.91592,1.170e-04,0.961,0.820,29196
2411,4.71139,4.91592,1.168e-04,1.095,0.980,29222
2412,4.86240,4.91592,1.167e-04,0.911,0.779,29187
2413,5.06865,4.91592,1.165e-04,1.120,0.995,29172
2414,5.04856,4.91592,1.163e-04,0.946,0.805,29180
2415,4.89922,4.91592,1.161e-04,1.026,0.898,29218
2416,4.90541,4.91592,1.159e-04,0.967,0.828,29210
2417,4.87976,4.91592,1.157e-04,1.075,0.961,29194
2418,4.97366,4.91592,1.155e-04,1.039,0.904,29206
2419,4.86975,4.91592,1.154e-04,1.012,0.851,29170
2420,4.85856,4.91592,1.152e-04,1.145,1.031,29200
2421,4.82725,4.91592,1.150e-04,0.935,0.803,29154
2422,4.82513,4.91592,1.148e-04,0.899,0.766,29214
2423,5.13231,4.91592,1.146e-04,1.066,0.937,29200
2424,4.88787,4.91592,1.144e-04,1.034,0.902,29189
2425,4.74485,4.91592,1.143e-04,0.974,0.845,29200
2426,4.82135,4.91592,1.141e-04,0.977,0.842,29204
2427,4.78876,4.91592,1.139e-04,0.936,0.817,29197
2428,4.69650,4.91592,1.137e-04,0.933,0.793,29197
2429,4.95508,4.91592,1.135e-04,0.971,0.831,29220
2430,4.94765,4.91592,1.134e-04,1.039,0.928,29179
2431,4.95459,4.91592,1.132e-04,1.015,0.886,29193
2432,4.80532,4.91592,1.130e-04,1.075,0.965,29216
2433,4.70183,4.91592,1.128e-04,0.956,0.826,29192
2434,4.76454,4.91592,1.126e-04,0.967,0.833,29196
2435,4.86012,4.91592,1.125e-04,0.936,0.799,29197
2436,4.95492,4.91592,1.123e-04,1.024,0.891,29228
2437,4.94958,4.91592,1.121e-04,1.001,0.866,29184
2438,4.83458,4.91592,1.119e-04,0.967,0.825,29191
2439,4.86855,4.91592,1.117e-04,1.009,0.891,29220
2440,4.90287,4.91592,1.116e-04,1.093,0.976,29175
2441,4.84359,4.91592,1.114e-04,1.027,0.899,29175
2442,4.72804,4.91592,1.112e-04,1.013,0.904,29199
2443,5.02296,4.91592,1.110e-04,1.004,0.874,29196
2444,4.82276,4.91592,1.109e-04,1.000,0.873,29195
2445,4.97427,4.91592,1.107e-04,1.161,1.041,29198
2446,5.01283,4.91592,1.105e-04,1.062,0.938,29193
2447,4.84535,4.91592,1.103e-04,0.993,0.864,29213
2448,4.72787,4.91592,1.101e-04,1.043,0.920,29209
2449,4.86445,4.91592,1.100e-04,0.914,0.773,29191
2450,4.78547,4.91592,1.098e-04,0.986,0.875,29192
2451,4.87764,4.91592,1.096e-04,0.990,0.862,29215
2452,4.89986,4.91592,1.094e-04,1.137,1.025,29168
2453,4.93993,4.91592,1.093e-04,0.977,0.844,29226
2454,4.96242,4.91592,1.091e-04,1.071,0.965,29179
2455,4.87794,4.91592,1.089e-04,1.141,1.030,29179
2456,4.62469,4.91592,1.088e-04,0.968,0.838,29183
2457,4.98137,4.91592,1.086e-04,1.112,0.988,29196
2458,4.77870,4.91592,1.084e-04,0.971,0.844,29210
2459,4.81954,4.91592,1.082e-04,0.971,0.827,29201
2460,4.99205,4.91592,1.081e-04,1.084,0.959,29194
2461,4.88052,4.91592,1.079e-04,1.323,1.212,29141
2462,4.91488,4.91592,1.077e-04,1.014,0.864,29195
2463,4.90750,4.91592,1.075e-04,0.995,0.874,29201
2464,4.92077,4.91592,1.074e-04,0.999,0.869,29193
2465,4.69739,4.91592,1.072e-04,0.919,0.786,29202
2466,4.86450,4.91592,1.070e-04,0.997,0.871,29176
2467,4.90351,4.91592,1.069e-04,0.965,0.821,29176
2468,4.94069,4.91592,1.067e-04,0.974,0.833,29188
2469,4.99860,4.91592,1.065e-04,0.986,0.856,29205
2470,4.88830,4.91592,1.063e-04,0.978,0.854,29171
2471,4.83481,4.91592,1.062e-04,0.907,0.774,29210
2472,4.70281,4.91592,1.060e-04,0.898,0.778,29185
2473,4.75554,4.91592,1.058e-04,1.056,0.917,29187
2474,5.04894,4.91592,1.057e-04,1.009,0.876,29222
2475,4.84837,4.91592,1.055e-04,0.977,0.851,29185
2476,4.91489,4.91592,1.053e-04,1.173,1.060,29200
2477,4.80326,4.91592,1.052e-04,0.990,0.863,29188
2478,4.91059,4.91592,1.050e-04,0.918,0.778,29208
2479,4.84174,4.91592,1.048e-04,1.342,1.253,29188
2480,4.74333,4.91592,1.047e-04,0.967,0.845,29199
2481,4.88530,4.91592,1.045e-04,0.868,0.737,29157
2482,4.78587,4.91592,1.043e-04,1.083,0.960,29194
2483,4.91975,4.91592,1.042e-04,1.060,0.932,29195
2484,4.88646,4.91592,1.040e-04,1.010,0.883,29193
2485,4.84019,4.91592,1.038e-04,1.335,1.230,29201
2486,4.81740,4.91592,1.037e-04,0.937,0.806,29195
2487,4.84048,4.91592,1.035e-04,1.085,0.958,29186
2488,4.78395,4.91592,1.033e-04,1.056,0.933,29193
2489,4.91081,4.91592,1.032e-04,1.060,0.917,29178
2490,4.91176,4.91592,1.030e-04,1.051,0.926,29215
2491,4.92521,4.91592,1.028e-04,0.956,0.814,29201
2492,4.77341,4.91592,1.027e-04,0.969,0.848,29175
2493,4.79285,4.91592,1.025e-04,0.982,0.848,29197
2494,5.02513,4.91592,1.024e-04,1.143,1.012,29210
2495,4.84501,4.91592,1.022e-04,1.063,0.928,29202
2496,4.91898,4.91592,1.020e-04,0.913,0.780,29214
2497,4.95065,4.91592,1.019e-04,0.966,0.828,29176
2498,4.85016,4.91592,1.017e-04,0.955,0.808,29218
2499,4.75614,4.91592,1.015e-04,1.046,0.913,29178
2500,4.74224,4.86512,1.014e-04,0.931,0.807,8837
2501,4.84604,4.86512,1.012e-04,1.540,1.448,29563
2502,4.93260,4.86512,1.011e-04,0.928,0.760,29181
2503,4.79124,4.86512,1.009e-04,0.892,0.755,29194
2504,4.94868,4.86512,1.007e-04,0.942,0.803,29182
2505,4.81802,4.86512,1.006e-04,0.857,0.725,29218
2506,4.90073,4.86512,1.004e-04,0.899,0.752,29164
2507,4.82964,4.86512,1.003e-04,0.974,0.853,29192
2508,4.68733,4.86512,1.001e-04,0.983,0.848,29207
2509,4.80011,4.86512,9.995e-05,1.072,0.953,29209
2510,4.80386,4.86512,9.979e-05,1.075,0.951,29179
2511,4.77602,4.86512,9.963e-05,0.979,0.850,29217
2512,4.82621,4.86512,9.947e-05,1.148,1.034,29091
2513,4.79013,4.86512,9.931e-05,1.048,0.930,28756
2514,4.87326,4.86512,9.916e-05,0.934,0.799,28808
2515,5.01011,4.86512,9.900e-05,1.042,0.922,28824
2516,4.87011,4.86512,9.884e-05,0.972,0.834,28775
2517,4.80341,4.86512,9.869e-05,0.968,0.834,29010
2518,4.81153,4.86512,9.853e-05,1.069,0.939,29179
2519,4.94886,4.86512,9.837e-05,0.943,0.820,29190
2520,4.89368,4.86512,9.822e-05,1.008,0.877,29180
2521,4.70694,4.86512,9.806e-05,1.037,0.923,29173
2522,4.94268,4.86512,9.791e-05,0.920,0.775,29187
2523,5.00703,4.86512,9.775e-05,1.125,1.004,29209
2524,4.74956,4.86512,9.760e-05,0.998,0.875,29207
2525,4.84908,4.86512,9.745e-05,1.018,0.882,29194
2526,4.74508,4.86512,9.729e-05,1.143,1.002,29208
2527,4.77553,4.86512,9.714e-05,1.205,1.097,29177
2528,4.94752,4.86512,9.699e-05,0.957,0.820,29197
2529,4.92809,4.86512,9.683e-05,1.126,1.008,29224
2530,4.89695,4.86512,9.668e-05,1.051,0.923,29174
2531,4.84212,4.86512,9.653e-05,0.918,0.781,29211
2532,5.02065,4.86512,9.638e-05,1.172,1.056,29180
2533,4.89966,4.86512,9.622e-05,0.954,0.828,29195
2534,4.94708,4.86512,9.607e-05,1.018,0.875,29179
2535,4.77741,4.86512,9.592e-05,0.931,0.797,29216
2536,5.03762,4.86512,9.577e-05,1.141,1.026,29191
2537,4.86577,4.86512,9.562e-05,0.959,0.801,29200
2538,5.02709,4.86512,9.547e-05,1.128,1.007,29200
2539,4.95750,4.86512,9.532e-05,0.903,0.754,29201
2540,4.90473,4.86512,9.517e-05,0.972,0.838,29178
2541,4.91979,4.86512,9.502e-05,0.974,0.853,29162
2542,4.87709,4.86512,9.487e-05,0.917,0.777,29195
2543,4.82779,4.86512,9.472e-05,0.942,0.802,29200
2544,4.82199,4.86512,9.457e-05,0.995,0.866,29198
2545,4.91773,4.86512,9.443e-05,0.916,0.779,29221
2546,4.81218,4.86512,9.428e-05,0.979,0.852,29183
2547,4.70738,4.86512,9.413e-05,1.021,0.897,29203
2548,4.95710,4.86512,9.398e-05,1.010,0.868,29163
2549,5.03355,4.86512,9.384e-05,1.015,0.880,29219
2550,4.95669,4.86512,9.369e-05,1.116,0.989,29201
2551,4.62489,4.86512,9.354e-05,1.134,1.009,29187
2552,5.00339,4.86512,9.340e-05,0.986,0.843,29174
2553,4.81409,4.86512,9.325e-05,0.946,0.811,29175
2554,4.87735,4.86512,9.311e-05,1.005,0.884,29188
2555,4.89090,4.86512,9.296e-05,0.943,0.803,29201
2556,4.84577,4.86512,9.282e-05,0.982,0.854,29206
2557,4.78841,4.86512,9.267e-05,0.953,0.821,29210
2558,4.65824,4.86512,9.253e-05,1.049,0.929,29176
2559,4.86974,4.86512,9.238e-05,0.978,0.855,29218
2560,4.77184,4.86512,9.224e-05,1.096,0.985,29146
2561,4.81526,4.86512,9.210e-05,0.971,0.850,29161
2562,4.89930,4.86512,9.195e-05,0.906,0.774,29192
2563,4.68816,4.86512,9.181e-05,1.054,0.935,29157
2564,4.70725,4.86512,9.167e-05,1.101,0.984,29224
2565,4.90539,4.86512,9.153e-05,1.003,0.849,29181
2566,4.78891,4.86512,9.138e-05,1.005,0.875,29211
2567,4.90702,4.86512,9.124e-05,0.956,0.813,29198
2568,4.72039,4.86512,9.110e-05,0.975,0.832,29185
2569,4.67322,4.86512,9.096e-05,0.972,0.834,29212
2570,4.72496,4.86512,9.082e-05,0.973,0.835,29173
2571,4.70454,4.86512,9.068e-05,0.960,0.832,29207
2572,4.90669,4.86512,9.054e-05,0.973,0.828,29211
2573,5.04647,4.86512,9.040e-05,0.939,0.785,29192
2574,4.76961,4.86512,9.026e-05,0.992,0.857,29186
2575,4.85912,4.86512,9.012e-05,0.922,0.790,29218
2576,4.93049,4.86512,8.998e-05,1.052,0.916,29206
2577,5.02584,4.86512,8.984e-05,1.030,0.886,29196
2578,4.73565,4.86512,8.970e-05,1.027,0.885,29186
2579,4.91242,4.86512,8.957e-05,1.042,0.909,29181
2580,4.84738,4.86512,8.943e-05,1.003,0.867,29172
2581,4.74810,4.86512,8.929e-05,1.050,0.900,29141
2582,4.97147,4.86512,8.915e-05,1.124,0.987,29200
2583,4.95459,4.86512,8.902e-05,0.977,0.836,29208
2584,4.97004,4.86512,8.888e-05,1.036,0.893,29225
2585,4.93945,4.86512,8.874e-05,1.042,0.893,29174
2586,4.74429,4.86512,8.861e-05,1.028,0.898,29205
2587,4.73615,4.86512,8.847e-05,0.967,0.830,29219
2588,4.96521,4.86512,8.834e-05,1.163,1.047,29190
2589,4.86442,4.86512,8.820e-05,0.966,0.819,29204
2590,5.00667,4.86512,8.807e-05,0.971,0.844,29189
2591,4.64614,4.86512,8.793e-05,1.170,1.049,29194
2592,4.88491,4.86512,8.780e-05,0.943,0.800,29189
2593,4.93470,4.86512,8.767e-05,1.074,0.925,29208
2594,4.90563,4.86512,8.753e-05,1.266,1.165,29199
2595,4.74204,4.86512,8.740e-05,1.080,0.951,29201
2596,4.85765,4.86512,8.727e-05,1.282,1.154,29194
2597,4.87830,4.86512,8.713e-05,0.931,0.797,29206
2598,4.98704,4.86512,8.700e-05,0.997,0.867,29210
2599,4.83338,4.86512,8.687e-05,1.136,1.021,29182
2600,4.78575,4.86512,8.674e-05,0.980,0.847,29199
2601,4.91518,4.86512,8.661e-05,0.976,0.848,29141
2602,4.86824,4.86512,8.648e-05,1.297,1.185,29174
2603,5.02690,4.86512,8.635e-05,1.060,0.941,29209
2604,4.84327,4.86512,8.622e-05,1.017,0.871,29205
2605,4.62063,4.86512,8.609e-05,1.202,1.079,29193
2606,4.91294,4.86512,8.596e-05,1.179,1.068,29194
2607,4.79541,4.86512,8.583e-05,1.081,0.941,29195
2608,4.90879,4.86512,8.570e-05,1.037,0.892,29221
2609,4.85893,4.86512,8.557e-05,0.999,0.874,29180
2610,4.96759,4.86512,8.544e-05,0.951,0.808,29201
2611,4.88795,4.86512,8.531e-05,0.979,0.825,29211
2612,4.77038,4.86512,8.518e-05,0.986,0.847,29188
2613,4.89668,4.86512,8.506e-05,1.131,0.991,29159
2614,4.76006,4.86512,8.493e-05,1.003,0.841,29209
2615,4.97179,4.86512,8.480e-05,0.899,0.747,29177
2616,4.79291,4.86512,8.467e-05,1.052,0.919,29163
2617,4.89007,4.86512,8.455e-05,1.056,0.934,29205
2618,4.87145,4.86512,8.442e-05,0.993,0.863,29203
2619,4.84391,4.86512,8.430e-05,1.218,1.105,29184
2620,4.75348,4.86512,8.417e-05,0.966,0.825,29201
2621,4.80906,4.86512,8.405e-05,1.004,0.875,29139
2622,4.89913,4.86512,8.392e-05,1.196,1.085,29215
2623,4.95388,4.86512,8.380e-05,1.003,0.876,29192
2624,4.81801,4.86512,8.367e-05,1.108,0.978,29215
2625,5.04832,4.86512,8.355e-05,0.988,0.853,29179
2626,5.01890,4.86512,8.342e-05,0.994,0.842,29206
2627,4.82711,4.86512,8.330e-05,1.025,0.906,29189
2628,4.90875,4.86512,8.318e-05,0.884,0.740,29184
2629,4.83041,4.86512,8.306e-05,0.992,0.869,29203
2630,4.87607,4.86512,8.293e-05,0.997,0.856,29193
2631,4.97610,4.86512,8.281e-05,1.006,0.872,29204
2632,4.70100,4.86512,8.269e-05,1.143,1.024,29208
2633,4.91989,4.86512,8.257e-05,0.933,0.800,29202
2634,4.98872,4.86512,8.245e-05,1.019,0.873,29185
2635,4.87626,4.86512,8.233e-05,1.137,1.014,29214
2636,4.92169,4.86512,8.221e-05,0.967,0.836,29184
2637,4.85124,4.86512,8.209e-05,0.979,0.836,29197
2638,4.86263,4.86512,8.197e-05,0.993,0.859,29189
2639,4.77235,4.86512,8.185e-05,0.920,0.791,29207
2640,4.82447,4.86512,8.173e-05,1.083,0.963,29185
2641,4.90290,4.86512,8.161e-05,0.961,0.824,29168
2642,4.86737,4.86512,8.149e-05,0.920,0.786,29210
2643,4.82086,4.86512,8.137e-05,0.956,0.819,29207
2644,4.86956,4.86512,8.125e-05,0.933,0.781,29182
2645,4.89601,4.86512,8.114e-05,1.005,0.889,29215
2646,4.88814,4.86512,8.102e-05,0.916,0.785,29191
2647,4.79220,4.86512,8.090e-05,0.926,0.799,29185
2648,4.82115,4.86512,8.079e-05,0.981,0.828,29198
2649,4.77566,4.86512,8.067e-05,1.050,0.913,29188
2650,4.79366,4.86512,8.055e-05,1.160,1.044,29201
2651,4.80347,4.86512,8.044e-05,0.941,0.813,29191
2652,4.68587,4.86512,8.032e-05,1.281,1.175,29221
2653,4.73768,4.86512,8.021e-05,1.010,0.856,29198
2654,4.96887,4.86512,8.009e-05,0.933,0.781,29202
2655,4.84843,4.86512,7.998e-05,1.177,1.062,29200
2656,4.91203,4.86512,7.986e-05,1.203,1.089,29204
2657,4.91618,4.86512,7.975e-05,0.944,0.803,29201
2658,4.93688,4.86512,7.964e-05,1.224,1.116,29198
2659,4.78772,4.86512,7.952e-05,0.905,0.777,29180
2660,4.74863,4.86512,7.941e-05,0.998,0.860,29211
2661,4.85226,4.86512,7.930e-05,0.978,0.839,29144
2662,4.86261,4.86512,7.918e-05,0.981,0.842,29188
2663,4.81485,4.86512,7.907e-05,0.984,0.862,29200
2664,4.83019,4.86512,7.896e-05,1.005,0.867,29203
2665,4.92208,4.86512,7.885e-05,1.015,0.881,29186
2666,4.85376,4.86512,7.874e-05,0.961,0.819,29213
2667,4.91059,4.86512,7.863e-05,0.954,0.800,29178
2668,4.88649,4.86512,7.852e-05,1.023,0.891,29203
2669,4.99279,4.86512,7.841e-05,0.965,0.826,29198
2670,4.45849,4.86512,7.830e-05,0.993,0.871,29192
2671,4.72626,4.86512,7.819e-05,1.044,0.899,29209
2672,4.72638,4.86512,7.808e-05,0.927,0.785,29203
2673,4.84040,4.86512,7.797e-05,1.008,0.876,29181
2674,4.92755,4.86512,7.786e-05,1.068,0.945,29194
2675,4.89746,4.86512,7.775e-05,1.050,0.912,29184
2676,5.02899,4.86512,7.764e-05,0.961,0.820,29203
2677,4.90014,4.86512,7.754e-05,1.238,1.133,29199
2678,5.02014,4.86512,7.743e-05,1.091,0.958,29208
2679,4.76323,4.86512,7.732e-05,0.972,0.837,29203
2680,4.95058,4.86512,7.722e-05,1.306,1.174,29184
2681,4.74146,4.86512,7.711e-05,1.321,1.219,29140
2682,4.86374,4.86512,7.700e-05,1.008,0.865,29204
2683,4.80131,4.86512,7.690e-05,1.071,0.939,29199
2684,4.85280,4.86512,7.679e-05,1.121,0.990,29209
2685,4.71855,4.86512,7.669e-05,1.081,0.959,29190
2686,4.78776,4.86512,7.658e-05,1.053,0.927,29203
2687,4.79458,4.86512,7.648e-05,1.017,0.885,29198
2688,4.99290,4.86512,7.638e-05,0.989,0.844,29198
2689,4.87953,4.86512,7.627e-05,1.098,0.961,29191
2690,4.94015,4.86512,7.617e-05,1.002,0.857,29220
2691,4.91530,4.86512,7.606e-05,1.042,0.894,29205
2692,4.93295,4.86512,7.596e-05,1.018,0.874,29183
2693,4.80597,4.86512,7.586e-05,1.017,0.882,29191
2694,4.73953,4.86512,7.576e-05,0.911,0.776,29205
2695,4.64590,4.86512,7.566e-05,0.983,0.853,29188
2696,4.78632,4.86512,7.555e-05,1.035,0.894,29185
2697,4.82831,4.86512,7.545e-05,1.059,0.922,29191
2698,4.77580,4.86512,7.535e-05,1.018,0.894,29195
2699,4.87066,4.86512,7.525e-05,0.967,0.826,29185
2700,4.96747,4.86512,7.515e-05,1.064,0.931,29217
2701,4.87587,4.86512,7.505e-05,1.034,0.894,29141
2702,4.84041,4.86512,7.495e-05,1.184,1.054,29190
2703,4.63190,4.86512,7.485e-05,1.053,0.926,29201
2704,4.77243,4.86512,7.475e-05,1.007,0.870,29201
2705,4.91453,4.86512,7.466e-05,0.957,0.820,29204
2706,4.87698,4.86512,7.456e-05,0.944,0.801,29211
2707,4.86888,4.86512,7.446e-05,1.016,0.878,29200
2708,4.85718,4.86512,7.436e-05,1.061,0.909,29195
2709,4.85191,4.86512,7.426e-05,1.009,0.879,29196
2710,4.95119,4.86512,7.417e-05,1.010,0.864,29192
2711,4.80784,4.86512,7.407e-05,1.046,0.926,29195
2712,4.56702,4.86512,7.397e-05,0.997,0.857,29211
2713,4.89252,4.86512,7.388e-05,0.914,0.774,29193
2714,5.00285,4.86512,7.378e-05,0.940,0.801,29198
2715,5.00878,4.86512,7.369e-05,0.962,0.818,29217
2716,4.92546,4.86512,7.359e-05,1.055,0.912,29192
2717,4.87764,4.86512,7.350e-05,1.011,0.875,29182
2718,4.96319,4.86512,7.340e-05,0.986,0.847,29192
2719,4.98190,4.86512,7.331e-05,0.966,0.831,29207
2720,4.44818,4.86512,7.321e-05,1.088,0.966,29167
2721,4.89277,4.86512,7.312e-05,1.028,0.897,29166
2722,4.91815,4.86512,7.303e-05,0.950,0.806,29201
2723,4.86594,4.86512,7.294e-05,0.970,0.826,29206
2724,4.80355,4.86512,7.284e-05,0.904,0.778,29177
2725,4.74642,4.86512,7.275e-05,1.026,0.890,29201
2726,4.94305,4.86512,7.266e-05,1.088,0.953,29203
2727,4.60982,4.86512,7.257e-05,1.024,0.898,29189
2728,4.83380,4.86512,7.248e-05,1.110,0.992,29213
2729,4.85774,4.86512,7.239e-05,0.929,0.788,29215
2730,4.81506,4.86512,7.229e-05,1.059,0.932,29196
2731,4.89058,4.86512,7.220e-05,1.005,0.880,29201
2732,4.60445,4.86512,7.211e-05,1.086,0.952,29211
2733,4.97726,4.86512,7.203e-05,1.092,0.955,29200
2734,4.80492,4.86512,7.194e-05,1.317,1.201,29190
2735,4.89969,4.86512,7.185e-05,1.112,0.986,29192
2736,4.84973,4.86512,7.176e-05,1.144,1.018,29205
2737,4.84669,4.86512,7.167e-05,1.121,1.001,29195
2738,4.71266,4.86512,7.158e-05,1.267,1.161,29207
2739,4.70249,4.86512,7.149e-05,0.989,0.857,29218
2740,4.81637,4.86512,7.141e-05,1.134,1.008,29187
2741,4.90921,4.86512,7.132e-05,1.048,0.917,29163
2742,4.80096,4.86512,7.123e-05,0.957,0.828,29188
2743,4.85885,4.86512,7.115e-05,1.182,1.065,29192
2744,4.74174,4.86512,7.106e-05,1.022,0.888,29194
2745,5.02674,4.86512,7.098e-05,1.125,0.979,29212
2746,4.89758,4.86512,7.089e-05,0.903,0.755,29198
2747,4.75970,4.86512,7.081e-05,1.126,1.001,29212
2748,4.78044,4.86512,7.072e-05,0.967,0.827,29185
2749,4.70476,4.86512,7.064e-05,0.997,0.858,29188
2750,4.85083,4.83238,7.055e-05,0.943,0.803,8848
2751,4.74252,4.83238,7.047e-05,1.106,0.977,29511
2752,4.77704,4.83238,7.039e-05,1.046,0.903,29184
2753,4.97329,4.83238,7.030e-05,1.059,0.923,29223
2754,4.65660,4.83238,7.022e-05,1.002,0.866,29167
2755,4.66838,4.83238,7.014e-05,0.971,0.839,29190
2756,4.86957,4.83238,7.006e-05,1.006,0.869,29212
2757,4.86075,4.83238,6.997e-05,0.951,0.815,29197
2758,4.74440,4.83238,6.989e-05,1.007,0.854,29180
2759,4.59508,4.83238,6.981e-05,1.005,0.868,29201
2760,4.70970,4.83238,6.973e-05,1.050,0.920,29199
2761,4.93549,4.83238,6.965e-05,1.043,0.902,29150
2762,4.84471,4.83238,6.957e-05,1.014,0.888,29204
2763,4.74936,4.83238,6.949e-05,0.955,0.815,29200
2764,4.98027,4.83238,6.941e-05,0.981,0.835,29188
2765,4.60782,4.83238,6.933e-05,0.968,0.833,29206
2766,4.95124,4.83238,6.925e-05,0.967,0.824,29188
2767,4.81043,4.83238,6.917e-05,0.916,0.778,29204
2768,5.00587,4.83238,6.910e-05,0.964,0.817,29202
2769,4.98095,4.83238,6.902e-05,0.944,0.805,29191
2770,4.72724,4.83238,6.894e-05,1.001,0.852,29194
2771,4.93399,4.83238,6.886e-05,1.056,0.935,29188
2772,5.02069,4.83238,6.879e-05,0.982,0.828,29173
2773,5.02263,4.83238,6.871e-05,1.074,0.941,29201
2774,4.78489,4.83238,6.863e-05,0.951,0.819,29200
2775,4.93697,4.83238,6.856e-05,1.045,0.918,29198
2776,4.77647,4.83238,6.848e-05,0.927,0.790,29200
2777,4.77520,4.83238,6.841e-05,0.994,0.856,29208
2778,4.77419,4.83238,6.833e-05,1.054,0.922,29206
2779,4.76881,4.83238,6.826e-05,1.062,0.931,29206
2780,4.91608,4.83238,6.818e-05,1.054,0.918,29205
2781,4.73539,4.83238,6.811e-05,1.004,0.886,29181
2782,4.70607,4.83238,6.804e-05,1.168,1.047,29240
2783,4.71078,4.83238,6.796e-05,1.240,1.135,29199
2784,4.88257,4.83238,6.789e-05,1.032,0.891,29183
2785,4.75174,4.83238,6.782e-05,1.177,1.057,29180
2786,4.67232,4.83238,6.775e-05,1.157,1.040,29213
2787,4.81580,4.83238,6.767e-05,1.188,1.068,29198
2788,5.01028,4.83238,6.760e-05,1.016,0.884,29220
2789,4.86996,4.83238,6.753e-05,1.099,0.974,29197
2790,5.01156,4.83238,6.746e-05,1.071,0.937,29182
2791,4.80044,4.83238,6.739e-05,1.085,0.953,29204
2792,4.93266,4.83238,6.732e-05,0.977,0.825,29222
2793,4.90410,4.83238,6.725e-05,1.058,0.925,29204
2794,4.91212,4.83238,6.718e-05,1.162,1.046,29196
2795,4.85496,4.83238,6.711e-05,0.996,0.870,29188
2796,4.83407,4.83238,6.704e-05,1.213,1.089,29203
2797,4.95429,4.83238,6.697e-05,1.152,1.021,29219
2798,4.78474,4.83238,6.690e-05,1.175,1.061,29197
2799,4.69927,4.83238,6.684e-05,1.008,0.862,29188
2800,4.82726,4.83238,6.677e-05,0.978,0.834,29212
2801,4.86267,4.83238,6.670e-05,1.078,0.949,29134
2802,4.80010,4.83238,6.664e-05,1.140,1.021,29203
2803,5.00135,4.83238,6.657e-05,1.043,0.897,29199
2804,5.02659,4.83238,6.650e-05,1.048,0.892,29187
2805,4.95717,4.83238,6.644e-05,1.076,0.944,29207
2806,4.80506,4.83238,6.637e-05,1.030,0.888,29197
2807,4.83228,4.83238,6.631e-05,1.052,0.905,29194
2808,4.75344,4.83238,6.624e-05,0.987,0.845,29188
2809,4.87979,4.83238,6.618e-05,1.188,1.076,29214
2810,4.69093,4.83238,6.611e-05,0.897,0.759,29201
2811,4.75966,4.83238,6.605e-05,0.959,0.820,29180
2812,4.67736,4.83238,6.598e-05,0.967,0.817,29188
2813,4.84614,4.83238,6.592e-05,1.083,0.934,29205
2814,4.92090,4.83238,6.586e-05,0.947,0.803,29199
2815,4.89213,4.83238,6.580e-05,0.939,0.793,29183
2816,4.78351,4.83238,6.573e-05,0.952,0.812,29207
2817,4.77884,4.83238,6.567e-05,0.953,0.808,29215
2818,4.88725,4.83238,6.561e-05,1.065,0.913,29163
2819,4.81444,4.83238,6.555e-05,0.975,0.845,29193
2820,4.81653,4.83238,6.549e-05,0.981,0.844,29199
2821,4.98514,4.83238,6.543e-05,1.209,1.092,29155
2822,4.73736,4.83238,6.537e-05,1.158,1.033,29197
2823,4.99023,4.83238,6.531e-05,0.991,0.850,29190
2824,4.79130,4.83238,6.525e-05,1.268,1.142,29220
2825,4.96296,4.83238,6.519e-05,1.029,0.896,29159
2826,4.86088,4.83238,6.513e-05,0.961,0.816,29225
2827,4.87283,4.83238,6.507e-05,0.992,0.858,29206
2828,4.75218,4.83238,6.501e-05,1.119,0.991,29194
2829,4.97556,4.83238,6.495e-05,1.126,0.996,29191
2830,4.89538,4.83238,6.490e-05,1.079,0.946,29215
2831,4.94938,4.83238,6.484e-05,1.197,1.073,29198
2832,4.76134,4.83238,6.478e-05,1.045,0.907,29178
2833,5.09943,4.83238,6.473e-05,1.032,0.882,29208
2834,4.89986,4.83238,6.467e-05,1.293,1.155,29205
2835,4.99548,4.83238,6.461e-05,1.329,1.213,29164
2836,5.07719,4.83238,6.456e-05,0.993,0.849,29203
2837,4.71562,4.83238,6.450e-05,1.077,0.957,29209
2838,4.72692,4.83238,6.445e-05,1.070,0.934,29191
2839,4.75425,4.83238,6.439e-05,1.026,0.887,29189
2840,4.76969,4.83238,6.434e-05,0.948,0.797,29202
2841,4.90528,4.83238,6.429e-05,1.120,0.966,29163
2842,4.82960,4.83238,6.423e-05,1.067,0.936,29217
2843,4.76303,4.83238,6.418e-05,0.973,0.824,29196
2844,4.78069,4.83238,6.413e-05,1.002,0.853,29202
2845,4.78185,4.83238,6.407e-05,0.945,0.795,29190
2846,5.04481,4.83238,6.402e-05,1.018,0.876,29187
2847,4.88015,4.83238,6.397e-05,1.087,0.947,29226
2848,4.90185,4.83238,6.392e-05,0.964,0.796,29180
2849,4.76706,4.83238,6.387e-05,1.041,0.897,29186
2850,4.74043,4.83238,6.381e-05,1.268,1.157,29209
2851,4.76287,4.83238,6.376e-05,1.022,0.880,29215
2852,4.87681,4.83238,6.371e-05,1.008,0.842,29193
2853,4.93194,4.83238,6.366e-05,1.038,0.896,29203
2854,5.00500,4.83238,6.361e-05,0.998,0.859,29216
2855,4.92075,4.83238,6.357e-05,1.012,0.880,29194
2856,4.87542,4.83238,6.352e-05,0.959,0.790,29211
2857,4.58656,4.83238,6.347e-05,1.273,1.170,29171
2858,4.77942,4.83238,6.342e-05,0.973,0.831,29198
2859,4.76374,4.83238,6.337e-05,1.003,0.865,29205
2860,4.92719,4.83238,6.332e-05,1.016,0.864,29186
2861,4.75593,4.83238,6.328e-05,0.988,0.859,29174
2862,4.63400,4.83238,6.323e-05,0.979,0.850,29203
2863,4.66942,4.83238,6.318e-05,0.975,0.838,29185
2864,4.75172,4.83238,6.314e-05,1.014,0.892,29204
2865,4.89133,4.83238,6.309e-05,1.022,0.892,29208
2866,4.86090,4.83238,6.305e-05,1.003,0.869,29196
2867,4.76673,4.83238,6.300e-05,0.943,0.807,29185
2868,4.86199,4.83238,6.296e-05,1.409,1.296,29218
2869,4.79467,4.83238,6.291e-05,1.051,0.921,29212
2870,4.86402,4.83238,6.287e-05,0.977,0.838,29189
2871,4.77962,4.83238,6.282e-05,1.181,1.058,29192
2872,4.75579,4.83238,6.278e-05,1.009,0.869,29189
2873,4.66162,4.83238,6.274e-05,0.949,0.800,29222
2874,4.88494,4.83238,6.269e-05,0.924,0.779,29179
2875,4.90424,4.83238,6.265e-05,0.984,0.840,29216
2876,4.79961,4.83238,6.261e-05,1.010,0.868,29188
2877,5.04340,4.83238,6.257e-05,1.041,0.903,29198
2878,4.70171,4.83238,6.253e-05,0.999,0.865,29173
2879,4.84672,4.83238,6.248e-05,1.205,1.075,29213
2880,4.70858,4.83238,6.244e-05,1.057,0.937,29185
2881,4.74590,4.83238,6.240e-05,0.913,0.774,29147
2882,4.61481,4.83238,6.236e-05,0.965,0.834,29204
2883,4.84959,4.83238,6.232e-05,1.000,0.868,29214
2884,4.71807,4.83238,6.228e-05,1.083,0.959,29205
2885,5.07212,4.83238,6.224e-05,1.010,0.882,29181
2886,4.87202,4.83238,6.221e-05,1.032,0.899,29221
2887,4.77392,4.83238,6.217e-05,0.943,0.798,29192
2888,4.74934,4.83238,6.213e-05,0.999,0.857,29223
2889,4.80967,4.83238,6.209e-05,1.083,0.929,29205
2890,4.86026,4.83238,6.205e-05,1.040,0.918,29230
2891,4.85549,4.83238,6.202e-05,1.088,0.965,29203
2892,4.77482,4.83238,6.198e-05,1.302,1.188,29186
2893,4.89033,4.83238,6.194e-05,1.085,0.945,29191
2894,4.76696,4.83238,6.191e-05,1.037,0.889,29219
2895,4.77536,4.83238,6.187e-05,1.133,1.008,29199
2896,4.70951,4.83238,6.184e-05,1.103,0.973,29205
2897,4.89211,4.83238,6.180e-05,0.948,0.805,29188
2898,4.88797,4.83238,6.177e-05,1.012,0.862,29212
2899,4.91892,4.83238,6.173e-05,0.905,0.761,29182
2900,4.94630,4.83238,6.170e-05,0.978,0.835,29225
2901,4.77191,4.83238,6.166e-05,1.121,0.992,29169
2902,4.77542,4.83238,6.163e-05,1.039,0.899,29204
2903,4.76812,4.83238,6.160e-05,1.014,0.874,29201
2904,4.74806,4.83238,6.156e-05,0.954,0.816,29217
2905,4.63656,4.83238,6.153e-05,1.061,0.931,29212
2906,4.94166,4.83238,6.150e-05,1.074,0.942,29175
2907,4.86108,4.83238,6.147e-05,1.050,0.911,29207
2908,4.68290,4.83238,6.144e-05,0.997,0.861,29205
2909,4.80066,4.83238,6.141e-05,0.946,0.798,29209
2910,4.79831,4.83238,6.138e-05,1.202,1.081,29200
2911,4.79112,4.83238,6.135e-05,1.026,0.887,29164
2912,4.77901,4.83238,6.132e-05,1.130,1.000,29219
2913,4.77815,4.83238,6.129e-05,1.016,0.878,29204
2914,4.78927,4.83238,6.126e-05,0.964,0.811,29185
2915,4.85527,4.83238,6.123e-05,0.954,0.827,29220
2916,4.73706,4.83238,6.120e-05,0.952,0.807,29230
2917,4.89318,4.83238,6.117e-05,1.011,0.844,29181
2918,4.85444,4.83238,6.114e-05,1.038,0.905,29209
2919,4.71625,4.83238,6.111e-05,0.962,0.824,29186
2920,4.82800,4.83238,6.109e-05,0.957,0.817,29200
2921,4.65298,4.83238,6.106e-05,1.106,0.981,29166
2922,4.76034,4.83238,6.103e-05,0.932,0.786,29183
2923,4.69502,4.83238,6.101e-05,0.962,0.821,29226
2924,4.79157,4.83238,6.098e-05,1.073,0.953,29168
2925,4.84707,4.83238,6.096e-05,0.943,0.802,29201
2926,4.62376,4.83238,6.093e-05,0.969,0.838,29215
2927,4.90908,4.83238,6.091e-05,1.080,0.939,29216
2928,4.58320,4.83238,6.088e-05,1.027,0.876,29178
2929,4.82334,4.83238,6.086e-05,0.925,0.785,29210
2930,4.91625,4.83238,6.083e-05,0.930,0.782,29194
2931,4.66118,4.83238,6.081e-05,1.105,0.968,29210
2932,4.84575,4.83238,6.079e-05,1.022,0.873,29160
2933,4.62284,4.83238,6.076e-05,0.972,0.840,29178
2934,4.80904,4.83238,6.074e-05,0.953,0.806,29212
2935,4.82426,4.83238,6.072e-05,0.998,0.863,29177
2936,4.77355,4.83238,6.070e-05,1.132,1.008,29197
2937,4.88760,4.83238,6.067e-05,1.054,0.912,29223
2938,4.71443,4.83238,6.065e-05,1.002,0.856,29206
2939,4.91885,4.83238,6.063e-05,1.303,1.183,29206
2940,4.85632,4.83238,6.061e-05,1.184,1.056,29186
2941,4.76200,4.83238,6.059e-05,0.995,0.843,29153
2942,4.60533,4.83238,6.057e-05,1.186,1.067,29181
2943,4.63816,4.83238,6.055e-05,1.041,0.907,29200
2944,4.92277,4.83238,6.053e-05,0.969,0.811,29209
2945,4.49941,4.83238,6.051e-05,0.963,0.810,29207
2946,4.68510,4.83238,6.050e-05,0.991,0.855,29184
2947,4.70188,4.83238,6.048e-05,0.972,0.838,29192
2948,4.71535,4.83238,6.046e-05,1.055,0.915,29202
2949,4.68310,4.83238,6.044e-05,0.979,0.822,29195
2950,4.91192,4.83238,6.042e-05,1.268,1.149,29218
2951,4.63371,4.83238,6.041e-05,1.195,1.080,29191
2952,4.84693,4.83238,6.039e-05,1.048,0.903,29186
2953,4.81720,4.83238,6.038e-05,1.139,1.017,29199
2954,4.56810,4.83238,6.036e-05,1.388,1.285,29177
2955,4.86941,4.83238,6.034e-05,1.085,0.943,29199
2956,5.02056,4.83238,6.033e-05,1.001,0.849,29194
2957,4.82900,4.83238,6.031e-05,1.066,0.922,29192
2958,4.73458,4.83238,6.030e-05,1.068,0.941,29224
2959,4.71951,4.83238,6.029e-05,1.108,0.954,29210
2960,4.97838,4.83238,6.027e-05,1.063,0.915,29204
2961,4.76232,4.83238,6.026e-05,1.154,1.024,29170
2962,4.87078,4.83238,6.025e-05,1.001,0.865,29206
2963,4.83828,4.83238,6.023e-05,1.012,0.862,29176
2964,4.88815,4.83238,6.022e-05,1.096,0.933,29212
2965,4.77790,4.83238,6.021e-05,1.068,0.947,29189
2966,4.97849,4.83238,6.020e-05,0.936,0.799,29192
2967,4.80534,4.83238,6.019e-05,0.952,0.811,29186
2968,4.93054,4.83238,6.017e-05,1.129,1.007,29196
2969,4.79031,4.83238,6.016e-05,1.109,0.967,29211
2970,4.82947,4.83238,6.015e-05,0.966,0.812,29207
2971,4.81805,4.83238,6.014e-05,0.929,0.782,29216
2972,4.82080,4.83238,6.013e-05,1.050,0.914,29183
2973,5.05702,4.83238,6.012e-05,0.907,0.763,29203
2974,4.69217,4.83238,6.011e-05,1.034,0.901,29180
2975,4.92937,4.83238,6.011e-05,0.974,0.838,29194
2976,4.84873,4.83238,6.010e-05,1.024,0.864,29204
2977,4.88592,4.83238,6.009e-05,0.949,0.809,29202
2978,4.84424,4.83238,6.008e-05,1.034,0.901,29212
2979,4.68810,4.83238,6.007e-05,0.933,0.796,29208
2980,4.78461,4.83238,6.007e-05,0.976,0.833,29205
2981,4.64314,4.83238,6.006e-05,1.044,0.908,29162
2982,4.83622,4.83238,6.006e-05,0.987,0.847,29167
2983,4.67924,4.83238,6.005e-05,0.968,0.833,29201
2984,4.81336,4.83238,6.004e-05,1.028,0.878,29189
2985,4.85710,4.83238,6.004e-05,1.007,0.848,29171
2986,4.77536,4.83238,6.003e-05,1.008,0.863,29215
2987,4.75585,4.83238,6.003e-05,1.075,0.939,29186
2988,4.81240,4.83238,6.002e-05,0.953,0.803,29198
2989,4.66134,4.83238,6.002e-05,1.040,0.875,29167
2990,4.80269,4.83238,6.002e-05,1.023,0.873,29214
2991,4.89339,4.83238,6.001e-05,1.019,0.865,29179
2992,4.74056,4.83238,6.001e-05,1.062,0.914,29208
2993,4.78273,4.83238,6.001e-05,0.973,0.827,29193
2994,4.83168,4.83238,6.001e-05,1.008,0.861,29197
2995,5.01624,4.83238,6.000e-05,1.054,0.897,29197
2996,4.98247,4.83238,6.000e-05,1.124,0.988,29204
2997,4.76443,4.83238,6.000e-05,1.092,0.955,29208
2998,4.76702,4.83238,6.000e-05,1.143,1.002,29177
2999,4.76064,4.81218,6.000e-05,1.079,0.919,8840
