step,loss,val_loss,lr,grad_norm,proj_grad_norm,tokens_per_s
0,11.86915,11.84526,3.000e-06,5.610,0.869,8177
1,11.85179,11.84526,6.000e-06,5.167,0.813,29109
2,11.79725,11.84526,9.000e-06,5.144,0.767,28788
3,11.73862,11.84526,1.200e-05,4.110,0.595,28748
4,11.66898,11.84526,1.500e-05,3.531,0.455,28928
5,11.62013,11.84526,1.800e-05,2.936,0.380,29145
6,11.55679,11.84526,2.100e-05,2.531,0.300,29143
7,11.50182,11.84526,2.400e-05,2.185,0.230,29162
8,11.45821,11.84526,2.700e-05,1.969,0.212,29144
9,11.39601,11.84526,3.000e-05,2.004,0.204,29180
10,11.36746,11.84526,3.300e-05,1.778,0.158,29158
11,11.31950,11.84526,3.600e-05,1.593,0.128,29145
12,11.33087,11.84526,3.900e-05,1.593,0.183,29168
13,11.32212,11.84526,4.200e-05,1.320,0.109,29150
14,11.26045,11.84526,4.500e-05,1.456,0.117,29148
15,11.23332,11.84526,4.800e-05,1.322,0.071,29155
16,11.21843,11.84526,5.100e-05,1.532,0.184,29183
17,11.21709,11.84526,5.400e-05,1.188,0.061,29152
18,11.18918,11.84526,5.700e-05,1.294,0.156,29144
19,11.10002,11.84526,6.000e-05,1.369,0.062,29166
20,11.10592,11.84526,6.300e-05,1.213,0.060,29169
21,11.06137,11.84526,6.600e-05,1.319,0.051,29108
22,11.03907,11.84526,6.900e-05,1.286,0.109,29173
23,11.03970,11.84526,7.200e-05,1.201,0.070,29174
24,10.99470,11.84526,7.500e-05,1.177,0.054,29159
25,10.94057,11.84526,7.800e-05,1.228,0.076,29167
26,10.87658,11.84526,8.100e-05,1.304,0.078,29155
27,10.86441,11.84526,8.400e-05,1.192,0.047,29169
28,10.83090,11.84526,8.700e-05,1.271,0.040,29158
29,10.77762,11.84526,9.000e-05,1.168,0.034,29154
30,10.76092,11.84526,9.300e-05,1.099,0.050,29175
31,10.68744,11.84526,9.600e-05,1.173,0.056,29175
32,10.64386,11.84526,9.900e-05,1.223,0.079,29158
33,10.58769,11.84526,1.020e-04,1.215,0.092,29167
34,10.52196,11.84526,1.050e-04,1.313,0.068,29172
35,10.47778,11.84526,1.080e-04,1.181,0.065,29156
36,10.40983,11.84526,1.110e-04,1.265,0.075,29188
37,10.39955,11.84526,1.140e-04,1.123,0.054,29159
38,10.31508,11.84526,1.170e-04,1.184,0.077,29177
39,10.28661,11.84526,1.200e-04,1.140,0.057,29148
40,10.22021,11.84526,1.230e-04,1.165,0.090,29150
41,10.18134,11.84526,1.260e-04,1.164,0.075,29112
42,10.05136,11.84526,1.290e-04,1.305,0.117,29162
43,10.06157,11.84526,1.320e-04,1.088,0.052,29184
44,9.97340,11.84526,1.350e-04,1.174,0.090,29165
45,9.88676,11.84526,1.380e-04,1.178,0.070,29114
46,9.84137,11.84526,1.410e-04,1.208,0.066,29174
47,9.80502,11.84526,1.440e-04,1.124,0.065,29155
48,9.72879,11.84526,1.470e-04,1.216,0.039,29177
49,9.64789,11.84526,1.500e-04,1.268,0.106,29169
50,9.59973,11.84526,1.530e-04,1.067,0.050,29155
51,9.54848,11.84526,1.560e-04,1.088,0.109,29161
52,9.45604,11.84526,1.590e-04,1.136,0.052,29180
53,9.44178,11.84526,1.620e-04,1.075,0.074,29145
54,9.36000,11.84526,1.650e-04,1.116,0.071,29171
55,9.25756,11.84526,1.680e-04,1.066,0.039,29168
56,9.23835,11.84526,1.710e-04,1.095,0.052,29118
57,9.21247,11.84526,1.740e-04,1.141,0.080,29175
58,9.09851,11.84526,1.770e-04,1.114,0.096,29167
59,9.07852,11.84526,1.800e-04,1.136,0.083,29169
60,8.97221,11.84526,1.830e-04,1.112,0.125,29172
61,8.96118,11.84526,1.860e-04,1.001,0.047,29099
62,8.90654,11.84526,1.890e-04,1.218,0.164,29183
63,8.80346,11.84526,1.920e-04,1.169,0.091,29135
64,8.74630,11.84526,1.950e-04,1.115,0.096,29140
65,8.68823,11.84526,1.980e-04,1.071,0.138,29165
66,8.62966,11.84526,2.010e-04,1.027,0.075,29159
67,8.62099,11.84526,2.040e-04,1.082,0.140,29167
68,8.57210,11.84526,2.070e-04,1.002,0.074,29159
69,8.40181,11.84526,2.100e-04,1.006,0.089,29169
70,8.45056,11.84526,2.130e-04,1.188,0.144,29166
71,8.36017,11.84526,2.160e-04,1.012,0.107,29164
72,8.36058,11.84526,2.190e-04,1.102,0.144,29170
73,8.21145,11.84526,2.220e-04,1.005,0.105,29174
74,8.28228,11.84526,2.250e-04,0.984,0.087,29166
75,8.23076,11.84526,2.280e-04,1.145,0.150,29128
76,8.21239,11.84526,2.310e-04,0.824,0.045,29173
77,8.09579,11.84526,2.340e-04,0.872,0.081,29161
78,8.09965,11.84526,2.370e-04,0.850,0.102,29173
79,8.09907,11.84526,2.400e-04,0.900,0.141,29172
80,8.09623,11.84526,2.430e-04,1.932,0.389,29145
81,7.98570,11.84526,2.460e-04,1.124,0.235,29119
82,7.93108,11.84526,2.490e-04,0.902,0.105,29139
83,7.90913,11.84526,2.520e-04,1.336,0.255,29180
84,7.86664,11.84526,2.550e-04,0.701,0.104,29162
85,7.83337,11.84526,2.580e-04,0.891,0.144,29175
86,7.80976,11.84526,2.610e-04,0.684,0.090,29164
87,7.77851,11.84526,2.640e-04,0.737,0.089,29142
88,7.82728,11.84526,2.670e-04,0.724,0.122,29163
89,7.72988,11.84526,2.700e-04,0.619,0.073,29161
90,7.71471,11.84526,2.730e-04,0.586,0.107,29177
91,7.68926,11.84526,2.760e-04,0.562,0.085,29143
92,7.64362,11.84526,2.790e-04,0.520,0.087,29173
93,7.67895,11.84526,2.820e-04,0.481,0.083,29156
94,7.63392,11.84526,2.850e-04,0.539,0.110,29163
95,7.55780,11.84526,2.880e-04,0.531,0.106,29155
96,7.61682,11.84526,2.910e-04,0.546,0.092,29178
97,7.55631,11.84526,2.940e-04,0.481,0.119,29156
98,7.59411,11.84526,2.970e-04,0.419,0.080,29169
99,7.53441,11.84526,3.000e-04,0.700,0.198,29161
100,7.52243,11.84526,3.030e-04,0.532,0.150,29157
101,7.50207,11.84526,3.060e-04,0.687,0.235,29102
102,7.49168,11.84526,3.090e-04,0.545,0.159,29139
103,7.49536,11.84526,3.120e-04,0.474,0.140,29160
104,7.39608,11.84526,3.150e-04,0.565,0.175,29184
105,7.42123,11.84526,3.180e-04,0.483,0.130,29152
106,7.38007,11.84526,3.210e-04,0.516,0.117,29177
107,7.35062,11.84526,3.240e-04,0.443,0.130,29163
108,7.39827,11.84526,3.270e-04,0.414,0.123,29175
109,7.32636,11.84526,3.300e-04,0.409,0.123,29173
110,7.37218,11.84526,3.330e-04,0.401,0.101,29136
111,7.43233,11.84526,3.360e-04,0.372,0.114,29172
112,7.37011,11.84526,3.390e-04,0.554,0.215,29157
113,7.29816,11.84526,3.420e-04,0.616,0.193,29160
114,7.37153,11.84526,3.450e-04,0.445,0.117,29187
115,7.29196,11.84526,3.480e-04,1.021,0.356,29139
116,7.27990,11.84526,3.510e-04,0.763,0.279,29166
117,7.28281,11.84526,3.540e-04,0.595,0.208,29179
118,7.25240,11.84526,3.570e-04,0.614,0.219,29158
119,7.23521,11.84526,3.600e-04,0.519,0.174,29186
120,7.17047,11.84526,3.630e-04,0.385,0.122,29160
121,7.38096,11.84526,3.660e-04,0.547,0.162,29122
122,7.33733,11.84526,3.690e-04,0.617,0.192,29163
123,7.21395,11.84526,3.720e-04,0.550,0.140,29149
124,7.28857,11.84526,3.750e-04,0.709,0.297,29151
125,7.21151,11.84526,3.780e-04,0.600,0.194,29182
126,7.12956,11.84526,3.810e-04,0.638,0.258,29166
127,7.35442,11.84526,3.840e-04,0.498,0.219,29155
128,7.21063,11.84526,3.870e-04,0.478,0.209,29177
129,7.28144,11.84526,3.900e-04,0.628,0.266,29172
130,7.11033,11.84526,3.930e-04,0.360,0.136,29158
131,7.22703,11.84526,3.960e-04,0.617,0.207,29168
132,7.21723,11.84526,3.990e-04,0.446,0.173,29157
133,7.10313,11.84526,4.020e-04,0.557,0.226,29166
134,7.12072,11.84526,4.050e-04,0.471,0.186,29141
135,7.09619,11.84526,4.080e-04,0.486,0.220,29155
136,7.13263,11.84526,4.110e-04,0.572,0.244,29164
137,7.12015,11.84526,4.140e-04,0.362,0.129,29157
138,7.12987,11.84526,4.170e-04,0.596,0.266,29162
139,7.07189,11.84526,4.200e-04,0.633,0.279,29149
140,7.08963,11.84526,4.230e-04,0.544,0.199,29181
141,7.03515,11.84526,4.260e-04,0.801,0.347,29114
142,7.09688,11.84526,4.290e-04,0.713,0.269,29153
143,6.94663,11.84526,4.320e-04,0.547,0.231,29172
144,6.96192,11.84526,4.350e-04,0.502,0.191,29178
145,7.03395,11.84526,4.380e-04,0.588,0.255,29147
146,7.03979,11.84526,4.410e-04,0.505,0.219,29187
147,7.15624,11.84526,4.440e-04,0.417,0.172,29160
148,7.10068,11.84526,4.470e-04,0.615,0.309,29150
149,6.95577,11.84526,4.500e-04,0.529,0.234,29167
150,6.95511,11.84526,4.530e-04,0.610,0.243,29154
151,6.96658,11.84526,4.560e-04,0.614,0.335,29176
152,7.06127,11.84526,4.590e-04,0.801,0.322,29173
153,6.94040,11.84526,4.620e-04,0.547,0.254,29164
154,7.02956,11.84526,4.650e-04,0.648,0.243,29164
155,7.02859,11.84526,4.680e-04,0.486,0.214,29145
156,6.95366,11.84526,4.710e-04,0.738,0.292,29157
157,6.86415,11.84526,4.740e-04,0.554,0.269,29153
158,6.98404,11.84526,4.770e-04,0.557,0.216,29168
159,6.99169,11.84526,4.800e-04,0.707,0.394,29161
160,6.99068,11.84526,4.830e-04,0.690,0.351,29154
161,6.93520,11.84526,4.860e-04,0.616,0.274,29106
162,6.93779,11.84526,4.890e-04,0.772,0.371,29164
163,6.95467,11.84526,4.920e-04,0.421,0.166,29163
164,6.91731,11.84526,4.950e-04,0.868,0.454,29161
165,6.97441,11.84526,4.980e-04,0.698,0.327,29161
166,6.80918,11.84526,5.010e-04,0.570,0.275,29172
167,6.90018,11.84526,5.040e-04,0.551,0.211,29149
168,6.79217,11.84526,5.070e-04,0.447,0.191,29175
169,6.80253,11.84526,5.100e-04,0.710,0.339,29150
170,6.78643,11.84526,5.130e-04,0.678,0.332,29145
171,6.90373,11.84526,5.160e-04,0.564,0.248,29170
172,6.93658,11.84526,5.190e-04,0.580,0.286,29152
173,6.90659,11.84526,5.220e-04,0.458,0.188,29168
174,6.81065,11.84526,5.250e-04,0.465,0.208,29169
175,6.73546,11.84526,5.280e-04,0.643,0.350,29141
176,6.90200,11.84526,5.310e-04,0.656,0.386,29178
177,6.92609,11.84526,5.340e-04,0.727,0.355,29166
178,6.85937,11.84526,5.370e-04,0.608,0.317,29164
179,6.82610,11.84526,5.400e-04,0.671,0.300,29158
180,6.86140,11.84526,5.430e-04,0.473,0.192,29169
181,6.81301,11.84526,5.460e-04,0.573,0.244,29103
182,6.83001,11.84526,5.490e-04,0.713,0.359,29165
183,6.74436,11.84526,5.520e-04,0.762,0.451,29142
184,6.82059,11.84526,5.550e-04,0.481,0.214,29190
185,6.78474,11.84526,5.580e-04,0.713,0.424,29164
186,6.86338,11.84526,5.610e-04,0.882,0.447,29182
187,6.86984,11.84526,5.640e-04,0.811,0.438,29163
188,6.99256,11.84526,5.670e-04,0.565,0.246,29139
189,6.77572,11.84526,5.700e-04,0.810,0.387,29163
190,6.75791,11.84526,5.730e-04,0.540,0.272,29169
191,6.90918,11.84526,5.760e-04,0.681,0.317,29163
192,6.72859,11.84526,5.790e-04,0.648,0.346,29173
193,6.76869,11.84526,5.820e-04,0.640,0.313,29149
194,6.70238,11.84526,5.850e-04,0.722,0.390,29178
195,6.86197,11.84526,5.880e-04,0.597,0.314,29156
196,6.71412,11.84526,5.910e-04,0.693,0.332,29189
197,6.87599,11.84526,5.940e-04,0.579,0.276,29143
198,6.78487,11.84526,5.970e-04,0.680,0.333,29176
199,6.69125,11.84526,6.000e-04,0.632,0.292,29174
200,6.74507,11.84526,6.000e-04,0.611,0.259,29148
201,6.69692,11.84526,6.000e-04,0.569,0.280,29123
202,6.86088,11.84526,6.000e-04,0.641,0.373,29142
203,6.69438,11.84526,6.000e-04,0.941,0.594,29182
204,6.72272,11.84526,6.000e-04,0.921,0.545,29153
205,6.72918,11.84526,6.000e-04,0.536,0.264,29148
206,6.77689,11.84526,6.000e-04,0.721,0.368,29159
207,6.70817,11.84526,6.000e-04,0.617,0.283,29165
208,6.64602,11.84526,6.000e-04,0.969,0.529,29148
209,6.76613,11.84526,6.000e-04,0.889,0.467,29160
210,6.76233,11.84526,6.000e-04,0.689,0.343,29160
211,6.68831,11.84526,6.000e-04,0.606,0.297,29150
212,6.68955,11.84526,6.000e-04,0.586,0.281,29178
213,6.69450,11.84526,6.000e-04,0.723,0.396,29175
214,6.62084,11.84526,6.000e-04,0.637,0.315,29163
215,6.81421,11.84526,6.000e-04,0.713,0.391,29159
216,6.58702,11.84526,6.000e-04,0.848,0.494,29152
217,6.72383,11.84526,6.000e-04,0.952,0.539,29176
218,6.66588,11.84526,5.999e-04,0.584,0.285,29173
219,6.59970,11.84526,5.999e-04,0.665,0.347,29171
220,6.66877,11.84526,5.999e-04,0.467,0.205,29165
221,6.60627,11.84526,5.999e-04,0.646,0.292,29124
222,6.61395,11.84526,5.999e-04,0.586,0.269,29161
223,6.69016,11.84526,5.999e-04,0.557,0.235,29167
224,6.58969,11.84526,5.999e-04,0.620,0.310,29177
225,6.58722,11.84526,5.999e-04,0.710,0.355,29160
226,6.72005,11.84526,5.999e-04,0.620,0.272,29164
227,6.75919,11.84526,5.999e-04,0.642,0.293,29139
228,6.71930,11.84526,5.999e-04,0.608,0.307,29185
229,6.63598,11.84526,5.999e-04,0.640,0.310,29160
230,6.60711,11.84526,5.998e-04,0.462,0.206,29160
231,6.51511,11.84526,5.998e-04,0.552,0.289,29156
232,6.69321,11.84526,5.998e-04,0.501,0.243,29173
233,6.59497,11.84526,5.998e-04,0.544,0.258,29147
234,6.65481,11.84526,5.998e-04,0.513,0.246,29175
235,6.65567,11.84526,5.998e-04,0.557,0.275,29180
236,6.74012,11.84526,5.998e-04,0.495,0.217,29173
237,6.63340,11.84526,5.998e-04,0.510,0.215,29183
238,6.57512,11.84526,5.998e-04,0.433,0.203,29150
239,6.63688,11.84526,5.997e-04,0.508,0.231,29171
240,6.71228,11.84526,5.997e-04,0.623,0.332,29184
241,6.58798,11.84526,5.997e-04,0.462,0.206,29088
242,6.52264,11.84526,5.997e-04,0.607,0.289,29141
243,6.54917,11.84526,5.997e-04,0.646,0.342,29172
244,6.63117,11.84526,5.997e-04,0.588,0.296,29155
245,6.54000,11.84526,5.997e-04,0.613,0.357,29186
246,6.46346,11.84526,5.996e-04,0.494,0.262,29160
247,6.67534,11.84526,5.996e-04,0.672,0.379,29162
248,6.63079,11.84526,5.996e-04,0.479,0.221,29155
249,6.58290,11.84526,5.996e-04,0.758,0.289,29173
250,6.52976,6.51536,5.996e-04,0.543,0.255,8831
251,6.58121,6.51536,5.996e-04,0.555,0.284,29468
252,6.55945,6.51536,5.995e-04,0.632,0.329,29183
253,6.53039,6.51536,5.995e-04,0.811,0.368,29163
254,6.42609,6.51536,5.995e-04,0.870,0.505,29158
255,6.45267,6.51536,5.995e-04,0.728,0.422,29156
256,6.55380,6.51536,5.995e-04,0.571,0.284,29162
257,6.56791,6.51536,5.994e-04,0.670,0.353,29166
258,6.45886,6.51536,5.994e-04,0.587,0.315,29170
259,6.63024,6.51536,5.994e-04,0.779,0.375,29150
260,6.66347,6.51536,5.994e-04,2.246,1.294,29161
261,6.60833,6.51536,5.994e-04,0.785,0.445,29117
262,6.67100,6.51536,5.993e-04,0.962,0.371,29166
263,6.47168,6.51536,5.993e-04,1.098,0.621,29153
264,6.56030,6.51536,5.993e-04,0.901,0.460,29140
265,6.57481,6.51536,5.993e-04,0.673,0.342,29158
266,6.50801,6.51536,5.993e-04,1.594,0.918,29167
267,6.50919,6.51536,5.992e-04,0.644,0.314,29166
268,6.67619,6.51536,5.992e-04,0.722,0.335,29168
269,6.59553,6.51536,5.992e-04,0.594,0.268,29162
270,6.36261,6.51536,5.992e-04,0.571,0.269,29159
271,6.63255,6.51536,5.991e-04,0.626,0.290,29160
272,6.40399,6.51536,5.991e-04,0.510,0.220,29164
273,6.55468,6.51536,5.991e-04,0.537,0.234,29150
274,6.40237,6.51536,5.991e-04,0.544,0.231,29156
275,6.42979,6.51536,5.990e-04,0.492,0.215,29146
276,6.40571,6.51536,5.990e-04,0.578,0.249,29173
277,6.42016,6.51536,5.990e-04,0.550,0.259,29155
278,6.55349,6.51536,5.990e-04,0.519,0.243,29153
279,6.37634,6.51536,5.989e-04,0.553,0.249,29169
280,6.36767,6.51536,5.989e-04,0.455,0.206,29171
281,6.43875,6.51536,5.989e-04,0.524,0.241,29111
282,6.43531,6.51536,5.989e-04,0.443,0.196,29172
283,6.54517,6.51536,5.988e-04,0.482,0.208,29133
284,6.51056,6.51536,5.988e-04,0.531,0.223,29185
285,6.49792,6.51536,5.988e-04,0.548,0.252,29165
286,6.47261,6.51536,5.987e-04,0.536,0.281,29169
287,6.46647,6.51536,5.987e-04,0.530,0.261,29156
288,6.45778,6.51536,5.987e-04,0.733,0.432,29153
289,6.44231,6.51536,5.987e-04,0.491,0.235,29174
290,6.24696,6.51536,5.986e-04,0.685,0.386,29161
291,6.36924,6.51536,5.986e-04,0.636,0.327,29174
292,6.56929,6.51536,5.986e-04,0.580,0.281,29154
293,6.45774,6.51536,5.985e-04,0.567,0.270,29183
294,6.47083,6.51536,5.985e-04,0.571,0.253,29151
295,6.44857,6.51536,5.985e-04,0.569,0.291,29159
296,6.64567,6.51536,5.984e-04,0.565,0.242,29162
297,6.45584,6.51536,5.984e-04,0.561,0.279,29154
298,6.28842,6.51536,5.984e-04,0.503,0.238,29167
299,6.48614,6.51536,5.983e-04,0.525,0.246,29167
300,6.48345,6.51536,5.983e-04,0.515,0.226,29136
301,6.39654,6.51536,5.983e-04,0.490,0.234,29122
302,6.41520,6.51536,5.982e-04,0.621,0.306,29179
303,6.33710,6.51536,5.982e-04,0.539,0.274,29157
304,6.25223,6.51536,5.982e-04,0.549,0.218,29189
305,6.36095,6.51536,5.981e-04,0.522,0.285,29137
306,6.47860,6.51536,5.981e-04,0.622,0.345,29164
307,6.62369,6.51536,5.981e-04,0.544,0.274,29181
308,6.40572,6.51536,5.980e-04,0.435,0.213,29143
309,6.47797,6.51536,5.980e-04,0.468,0.215,29150
310,6.46558,6.51536,5.979e-04,0.510,0.201,29187
311,6.42668,6.51536,5.979e-04,0.577,0.281,29142
312,6.48239,6.51536,5.979e-04,0.588,0.243,29170
313,6.37772,6.51536,5.978e-04,0.488,0.225,29161
314,6.34764,6.51536,5.978e-04,0.522,0.258,29155
315,6.43056,6.51536,5.978e-04,0.488,0.214,29172
316,6.41343,6.51536,5.977e-04,0.483,0.234,29162
317,6.31086,6.51536,5.977e-04,0.561,0.282,29171
318,6.47723,6.51536,5.976e-04,0.490,0.224,29163
319,6.39337,6.51536,5.976e-04,0.664,0.365,29143
320,6.46057,6.51536,5.976e-04,0.617,0.327,29176
321,6.38836,6.51536,5.975e-04,0.671,0.332,29086
322,6.51753,6.51536,5.975e-04,0.537,0.280,29158
323,6.36989,6.51536,5.974e-04,0.645,0.361,29160
324,6.45704,6.51536,5.974e-04,0.578,0.309,29150
325,6.41967,6.51536,5.973e-04,0.488,0.223,29170
326,6.47256,6.51536,5.973e-04,0.540,0.264,29158
327,6.42564,6.51536,5.973e-04,0.588,0.273,29176
328,6.42634,6.51536,5.972e-04,0.499,0.218,29179
329,6.31720,6.51536,5.972e-04,0.479,0.228,29158
330,6.35609,6.51536,5.971e-04,0.555,0.247,29176
331,6.39949,6.51536,5.971e-04,0.463,0.208,29151
332,6.34919,6.51536,5.970e-04,0.500,0.231,29146
333,6.34298,6.51536,5.970e-04,0.557,0.293,29165
334,6.31133,6.51536,5.970e-04,0.503,0.263,29177
335,6.25831,6.51536,5.969e-04,0.518,0.241,29142
336,6.54657,6.51536,5.969e-04,0.525,0.235,29167
337,6.40132,6.51536,5.968e-04,0.608,0.261,29161
338,6.35910,6.51536,5.968e-04,0.479,0.211,29154
339,6.26511,6.51536,5.967e-04,0.589,0.284,29179
340,6.22997,6.51536,5.967e-04,0.608,0.320,29153
341,6.42181,6.51536,5.966e-04,0.775,0.442,29111
342,6.40720,6.51536,5.966e-04,0.530,0.268,29174
343,6.22348,6.51536,5.965e-04,0.563,0.282,29151
344,6.34249,6.51536,5.965e-04,0.598,0.291,29165
345,6.35584,6.51536,5.964e-04,0.487,0.211,29160
346,6.41025,6.51536,5.964e-04,0.504,0.236,29134
347,6.34102,6.51536,5.963e-04,0.435,0.194,29157
348,6.48569,6.51536,5.963e-04,0.488,0.229,29180
349,6.21012,6.51536,5.962e-04,0.541,0.281,29170
350,6.35841,6.51536,5.962e-04,0.530,0.256,29157
351,6.33910,6.51536,5.961e-04,0.503,0.232,29164
352,6.27106,6.51536,5.961e-04,0.872,0.486,29156
353,6.45566,6.51536,5.960e-04,0.507,0.239,29169
354,6.22869,6.51536,5.960e-04,1.291,0.691,29159
355,6.27521,6.51536,5.959e-04,0.599,0.293,29161
356,6.27770,6.51536,5.959e-04,0.653,0.331,29169
357,6.44252,6.51536,5.958e-04,0.539,0.250,29155
358,6.41605,6.51536,5.958e-04,0.537,0.230,29176
359,6.26945,6.51536,5.957e-04,0.583,0.256,29143
360,6.26603,6.51536,5.957e-04,0.566,0.257,29174
361,6.27894,6.51536,5.956e-04,0.685,0.309,29116
362,6.32481,6.51536,5.956e-04,0.588,0.272,29153
363,6.38710,6.51536,5.955e-04,0.461,0.177,29181
364,6.38637,6.51536,5.954e-04,0.586,0.276,29162
365,6.23927,6.51536,5.954e-04,0.450,0.182,29159
366,6.27226,6.51536,5.953e-04,0.568,0.254,29147
367,6.32120,6.51536,5.953e-04,0.493,0.209,29155
368,6.17626,6.51536,5.952e-04,0.547,0.253,29158
369,6.25328,6.51536,5.952e-04,0.561,0.284,29179
370,6.11412,6.51536,5.951e-04,0.469,0.201,29156
371,6.15200,6.51536,5.950e-04,0.549,0.290,29148
372,6.24329,6.51536,5.950e-04,0.457,0.201,29171
373,6.37145,6.51536,5.949e-04,0.392,0.174,29169
374,6.31122,6.51536,5.949e-04,0.483,0.211,29172
375,6.31445,6.51536,5.948e-04,0.497,0.217,29160
376,6.34829,6.51536,5.948e-04,0.487,0.207,29157
377,6.32248,6.51536,5.947e-04,0.557,0.276,29148
378,6.33754,6.51536,5.946e-04,0.541,0.250,29157
379,6.28569,6.51536,5.946e-04,0.481,0.213,29162
380,6.33712,6.51536,5.945e-04,0.575,0.243,29151
381,6.33984,6.51536,5.945e-04,0.600,0.260,29113
382,6.37073,6.51536,5.944e-04,0.562,0.223,29160
383,6.18582,6.51536,5.943e-04,0.462,0.219,29166
384,6.22340,6.51536,5.943e-04,0.547,0.241,29163
385,6.36851,6.51536,5.942e-04,0.459,0.195,29185
386,6.39194,6.51536,5.941e-04,0.552,0.238,29151
387,6.14674,6.51536,5.941e-04,0.604,0.273,29178
388,6.27911,6.51536,5.940e-04,0.562,0.258,29179
389,6.13682,6.51536,5.940e-04,0.520,0.235,29158
390,6.36376,6.51536,5.939e-04,0.540,0.231,29152
391,6.22054,6.51536,5.938e-04,0.474,0.210,29139
392,6.30191,6.51536,5.938e-04,0.521,0.233,29172
393,6.24198,6.51536,5.937e-04,0.467,0.209,29163
394,6.31484,6.51536,5.936e-04,0.533,0.251,29153
395,6.27377,6.51536,5.936e-04,0.597,0.283,29165
396,6.08494,6.51536,5.935e-04,0.624,0.316,29157
397,6.26553,6.51536,5.934e-04,0.606,0.278,29182
398,6.31973,6.51536,5.934e-04,0.630,0.288,29147
399,6.16459,6.51536,5.933e-04,0.625,0.307,29181
400,6.29883,6.51536,5.932e-04,0.576,0.287,29161
401,6.37014,6.51536,5.932e-04,0.508,0.214,29102
402,6.13709,6.51536,5.931e-04,0.637,0.326,29135
403,6.32539,6.51536,5.930e-04,0.547,0.223,29171
404,6.33266,6.51536,5.930e-04,0.698,0.362,29163
405,6.24876,6.51536,5.929e-04,0.538,0.257,29159
406,6.17385,6.51536,5.928e-04,0.645,0.336,29162
407,6.27809,6.51536,5.928e-04,0.579,0.258,29175
408,6.15819,6.51536,5.927e-04,0.607,0.311,29145
409,6.20543,6.51536,5.926e-04,0.502,0.239,29162
410,6.11722,6.51536,5.925e-04,0.529,0.237,29143
411,6.10724,6.51536,5.925e-04,0.530,0.261,29134
412,6.32417,6.51536,5.924e-04,0.586,0.266,29164
413,6.11583,6.51536,5.923e-04,0.567,0.260,29158
414,6.32969,6.51536,5.923e-04,0.593,0.283,29163
415,6.05803,6.51536,5.922e-04,0.539,0.274,29175
416,6.15410,6.51536,5.921e-04,0.501,0.205,29145
417,6.01790,6.51536,5.920e-04,0.617,0.304,29161
418,6.33278,6.51536,5.920e-04,0.508,0.218,29150
419,6.17224,6.51536,5.919e-04,0.524,0.236,29185
420,6.25212,6.51536,5.918e-04,0.555,0.247,29127
421,6.31206,6.51536,5.917e-04,0.492,0.216,29078
422,6.00084,6.51536,5.917e-04,0.554,0.246,29137
423,6.21547,6.51536,5.916e-04,0.489,0.228,29157
424,6.08549,6.51536,5.915e-04,0.557,0.261,29164
425,6.08279,6.51536,5.914e-04,0.704,0.373,29169
426,6.21180,6.51536,5.914e-04,0.546,0.251,29150
427,6.14002,6.51536,5.913e-04,0.690,0.329,29151
428,6.07049,6.51536,5.912e-04,0.520,0.229,29184
429,6.12490,6.51536,5.911e-04,0.573,0.274,29153
430,6.19530,6.51536,5.911e-04,0.551,0.245,29170
431,6.12059,6.51536,5.910e-04,0.574,0.265,29170
432,6.03247,6.51536,5.909e-04,0.578,0.271,29171
433,6.17121,6.51536,5.908e-04,0.573,0.261,29175
434,6.33860,6.51536,5.907e-04,0.615,0.291,29152
435,6.04761,6.51536,5.907e-04,0.549,0.258,29172
436,6.24002,6.51536,5.906e-04,0.576,0.246,29161
437,6.29157,6.51536,5.905e-04,0.553,0.239,29144
438,6.31842,6.51536,5.904e-04,0.590,0.239,29150
439,6.01881,6.51536,5.904e-04,0.600,0.251,29174
440,6.19947,6.51536,5.903e-04,0.569,0.264,29140
441,6.12315,6.51536,5.902e-04,0.522,0.233,29121
442,6.14305,6.51536,5.901e-04,0.497,0.221,29157
443,6.17907,6.51536,5.900e-04,0.524,0.210,29162
444,6.05434,6.51536,5.899e-04,0.499,0.222,29141
445,6.07314,6.51536,5.899e-04,0.682,0.341,29159
446,6.39572,6.51536,5.898e-04,0.571,0.249,29176
447,6.26374,6.51536,5.897e-04,0.522,0.232,29169
448,6.15883,6.51536,5.896e-04,0.490,0.209,29164
449,6.19048,6.51536,5.895e-04,0.469,0.208,29131
450,6.08013,6.51536,5.894e-04,0.477,0.226,29189
451,5.98268,6.51536,5.894e-04,0.612,0.335,29164
452,5.94764,6.51536,5.893e-04,0.666,0.362,29136
453,6.15923,6.51536,5.892e-04,0.533,0.242,29162
454,6.18771,6.51536,5.891e-04,0.570,0.270,29158
455,6.14448,6.51536,5.890e-04,0.515,0.232,29153
456,6.24192,6.51536,5.889e-04,0.512,0.199,29161
457,6.13847,6.51536,5.889e-04,0.464,0.186,29175
458,6.14281,6.51536,5.888e-04,0.507,0.221,29167
459,6.14444,6.51536,5.887e-04,0.533,0.212,29154
460,6.07882,6.51536,5.886e-04,0.507,0.199,29169
461,6.04700,6.51536,5.885e-04,0.491,0.221,29125
462,6.13334,6.51536,5.884e-04,0.516,0.215,29169
463,5.99169,6.51536,5.883e-04,0.500,0.216,29185
464,6.16681,6.51536,5.882e-04,0.522,0.219,29106
465,6.07332,6.51536,5.882e-04,0.526,0.216,29160
466,6.02026,6.51536,5.881e-04,0.525,0.241,29175
467,5.91203,6.51536,5.880e-04,0.559,0.266,29146
468,6.02602,6.51536,5.879e-04,0.480,0.221,29149
469,5.98941,6.51536,5.878e-04,0.577,0.308,29175
470,6.17118,6.51536,5.877e-04,0.579,0.292,29170
471,6.04586,6.51536,5.876e-04,0.497,0.220,29161
472,6.00969,6.51536,5.875e-04,0.539,0.272,29149
473,6.09452,6.51536,5.874e-04,0.523,0.228,29150
474,6.09736,6.51536,5.873e-04,0.534,0.246,29173
475,6.07087,6.51536,5.872e-04,0.565,0.254,29177
476,5.94821,6.51536,5.872e-04,0.794,0.408,29147
477,6.07549,6.51536,5.871e-04,0.654,0.323,29173
478,6.08685,6.51536,5.870e-04,0.679,0.301,29157
479,6.19690,6.51536,5.869e-04,0.577,0.267,29187
480,6.33254,6.51536,5.868e-04,0.768,0.325,29170
481,6.17779,6.51536,5.867e-04,0.591,0.246,29123
482,6.09685,6.51536,5.866e-04,0.625,0.276,29151
483,6.19602,6.51536,5.865e-04,0.541,0.231,29140
484,6.00746,6.51536,5.864e-04,0.605,0.288,29183
485,6.10967,6.51536,5.863e-04,0.585,0.260,29152
486,6.10353,6.51536,5.862e-04,0.436,0.186,29161
487,5.89954,6.51536,5.861e-04,0.635,0.315,29154
488,6.01607,6.51536,5.860e-04,0.483,0.222,29142
489,6.00383,6.51536,5.859e-04,0.584,0.250,29171
490,6.09175,6.51536,5.858e-04,0.498,0.200,29140
491,6.07422,6.51536,5.857e-04,0.553,0.234,29155
492,6.01923,6.51536,5.856e-04,0.515,0.222,29170
493,5.84212,6.51536,5.855e-04,0.624,0.237,29161
494,6.09979,6.51536,5.854e-04,0.527,0.202,29157
495,6.08503,6.51536,5.853e-04,0.574,0.221,29154
496,6.04213,6.51536,5.852e-04,0.521,0.228,29162
497,6.01272,6.51536,5.851e-04,0.576,0.225,29161
498,6.06621,6.51536,5.850e-04,0.613,0.253,29168
499,6.01007,6.51536,5.849e-04,0.700,0.370,29151
500,6.05596,5.99228,5.848e-04,0.706,0.262,8832
501,5.83644,5.99228,5.847e-04,0.584,0.274,29461
502,6.03374,5.99228,5.846e-04,0.681,0.301,29173
503,5.77918,5.99228,5.845e-04,0.560,0.268,29143
504,5.94304,5.99228,5.844e-04,0.591,0.268,29157
505,6.00145,5.99228,5.843e-04,0.628,0.323,29137
506,6.04170,5.99228,5.842e-04,0.486,0.201,29136
507,6.01831,5.99228,5.841e-04,0.642,0.333,29163
508,5.87965,5.99228,5.840e-04,0.570,0.270,29170
509,6.12142,5.99228,5.839e-04,0.499,0.188,29126
510,5.97509,5.99228,5.838e-04,0.594,0.281,29178
511,6.37966,5.99228,5.837e-04,0.542,0.193,28850
512,6.00819,5.99228,5.836e-04,0.662,0.300,29161
513,6.03367,5.99228,5.835e-04,0.570,0.246,29175
514,6.04310,5.99228,5.834e-04,0.735,0.269,29143
515,6.03985,5.99228,5.833e-04,0.653,0.279,29182
516,6.11079,5.99228,5.832e-04,0.587,0.225,29179
517,5.97905,5.99228,5.831e-04,0.572,0.244,29161
518,6.05272,5.99228,5.830e-04,0.640,0.278,29171
519,5.97109,5.99228,5.829e-04,0.538,0.186,29178
520,6.04266,5.99228,5.828e-04,0.571,0.235,29178
521,5.91785,5.99228,5.827e-04,0.583,0.238,29113
522,5.76738,5.99228,5.826e-04,0.581,0.284,29172
523,5.90049,5.99228,5.825e-04,0.564,0.246,29164
524,6.03780,5.99228,5.824e-04,0.515,0.229,29161
525,5.92589,5.99228,5.822e-04,0.505,0.210,29143
526,5.98091,5.99228,5.821e-04,0.569,0.223,29150
527,6.07448,5.99228,5.820e-04,0.473,0.185,29187
528,5.95744,5.99228,5.819e-04,0.526,0.227,29146
529,6.02173,5.99228,5.818e-04,0.496,0.206,29184
530,6.05432,5.99228,5.817e-04,0.498,0.207,29148
531,6.22197,5.99228,5.816e-04,0.540,0.216,29171
532,5.88541,5.99228,5.815e-04,0.495,0.218,29170
533,5.89088,5.99228,5.814e-04,0.538,0.239,29156
534,5.98749,5.99228,5.813e-04,0.462,0.176,29170
535,6.06720,5.99228,5.812e-04,0.580,0.253,29157
536,6.16271,5.99228,5.810e-04,0.528,0.216,29164
537,5.91569,5.99228,5.809e-04,0.477,0.203,29168
538,5.88477,5.99228,5.808e-04,0.571,0.263,29171
539,5.99711,5.99228,5.807e-04,0.515,0.220,29157
540,5.95108,5.99228,5.806e-04,0.554,0.253,29166
541,5.95349,5.99228,5.805e-04,0.603,0.279,29124
542,5.97067,5.99228,5.804e-04,0.550,0.229,29157
543,5.79677,5.99228,5.803e-04,0.556,0.255,29186
544,5.96176,5.99228,5.801e-04,0.570,0.262,29150
545,5.97838,5.99228,5.800e-04,0.483,0.202,29167
546,6.00972,5.99228,5.799e-04,0.563,0.233,29178
547,5.97017,5.99228,5.798e-04,0.543,0.214,29152
548,5.98910,5.99228,5.797e-04,0.548,0.228,29171
549,6.20038,5.99228,5.796e-04,0.553,0.210,29164
550,6.14349,5.99228,5.794e-04,0.580,0.232,29170
551,5.90282,5.99228,5.793e-04,0.614,0.253,29158
552,5.94424,5.99228,5.792e-04,0.496,0.198,29177
553,5.95891,5.99228,5.791e-04,0.561,0.237,29144
554,5.91785,5.99228,5.790e-04,0.536,0.235,29164
555,6.03181,5.99228,5.789e-04,0.529,0.220,29169
556,5.98789,5.99228,5.787e-04,0.713,0.309,29162
557,5.99104,5.99228,5.786e-04,0.717,0.343,29174
558,5.91058,5.99228,5.785e-04,0.583,0.263,29170
559,5.89765,5.99228,5.784e-04,0.663,0.279,29164
560,5.98234,5.99228,5.783e-04,0.624,0.264,29164
561,5.87751,5.99228,5.782e-04,0.656,0.326,29117
562,6.12555,5.99228,5.780e-04,0.588,0.245,29175
563,5.93561,5.99228,5.779e-04,0.631,0.270,29171
564,6.03002,5.99228,5.778e-04,0.505,0.198,29154
565,5.89778,5.99228,5.777e-04,0.649,0.287,29158
566,5.97800,5.99228,5.776e-04,0.542,0.217,29169
567,6.04119,5.99228,5.774e-04,0.572,0.213,29169
568,5.76025,5.99228,5.773e-04,0.567,0.240,29176
569,5.95981,5.99228,5.772e-04,0.504,0.174,29160
570,5.96750,5.99228,5.771e-04,0.634,0.279,29161
571,5.99340,5.99228,5.769e-04,0.723,0.294,29180
572,6.05737,5.99228,5.768e-04,0.556,0.214,29175
573,5.96903,5.99228,5.767e-04,0.626,0.273,29142
574,5.89550,5.99228,5.766e-04,0.495,0.183,29161
575,5.94697,5.99228,5.765e-04,0.576,0.261,29165
576,5.67394,5.99228,5.763e-04,0.595,0.301,29133
577,6.01726,5.99228,5.762e-04,0.669,0.311,29139
578,5.95085,5.99228,5.761e-04,0.579,0.237,29179
579,6.01575,5.99228,5.760e-04,0.540,0.232,29160
580,5.95886,5.99228,5.758e-04,0.591,0.232,29146
581,6.07270,5.99228,5.757e-04,0.471,0.174,29117
582,5.94748,5.99228,5.756e-04,0.591,0.264,29181
583,6.01864,5.99228,5.755e-04,0.566,0.227,29166
584,5.87354,5.99228,5.753e-04,0.588,0.230,29156
585,5.81671,5.99228,5.752e-04,0.586,0.262,29153
586,5.92936,5.99228,5.751e-04,0.514,0.189,29177
587,5.98607,5.99228,5.749e-04,0.539,0.197,29179
588,5.93749,5.99228,5.748e-04,0.536,0.203,29142
589,5.88521,5.99228,5.747e-04,0.459,0.169,29166
590,5.89122,5.99228,5.746e-04,0.550,0.215,29177
591,5.82086,5.99228,5.744e-04,0.531,0.238,29163
592,5.72942,5.99228,5.743e-04,0.531,0.236,29170
593,5.89212,5.99228,5.742e-04,0.580,0.247,29149
594,5.89522,5.99228,5.740e-04,0.636,0.261,29183
595,5.83400,5.99228,5.739e-04,0.491,0.200,29177
596,5.80588,5.99228,5.738e-04,0.492,0.197,29150
597,6.03811,5.99228,5.737e-04,0.681,0.268,29147
598,5.87928,5.99228,5.735e-04,0.537,0.212,29173
599,5.90033,5.99228,5.734e-04,0.524,0.212,29160
600,6.14603,5.99228,5.733e-04,0.578,0.212,29139
601,5.94758,5.99228,5.731e-04,0.641,0.231,29110
602,6.01033,5.99228,5.730e-04,0.577,0.207,29166
603,5.83867,5.99228,5.729e-04,0.603,0.256,29149
604,5.85033,5.99228,5.727e-04,0.573,0.243,29186
605,5.84232,5.99228,5.726e-04,0.543,0.209,29128
606,5.78568,5.99228,5.725e-04,0.555,0.223,29199
607,5.77960,5.99228,5.723e-04,0.586,0.256,29150
608,5.91155,5.99228,5.722e-04,0.587,0.236,29183
609,5.71488,5.99228,5.721e-04,0.566,0.248,29160
610,5.79430,5.99228,5.719e-04,0.678,0.292,29161
611,5.93713,5.99228,5.718e-04,0.532,0.209,29148
612,5.84706,5.99228,5.717e-04,0.617,0.255,29177
613,5.86161,5.99228,5.715e-04,0.538,0.217,29146
614,5.99580,5.99228,5.714e-04,0.563,0.212,29177
615,5.91336,5.99228,5.713e-04,0.588,0.222,29181
616,6.05780,5.99228,5.711e-04,0.565,0.214,29166
617,6.03096,5.99228,5.710e-04,0.557,0.240,29169
618,5.82979,5.99228,5.708e-04,0.561,0.233,29153
619,5.97438,5.99228,5.707e-04,0.566,0.235,29159
620,5.88107,5.99228,5.706e-04,0.564,0.222,29188
621,5.87023,5.99228,5.704e-04,0.660,0.298,29074
622,5.85616,5.99228,5.703e-04,0.521,0.205,29148
623,6.02173,5.99228,5.702e-04,0.583,0.224,29176
624,5.99803,5.99228,5.700e-04,0.584,0.229,29143
625,5.84677,5.99228,5.699e-04,0.538,0.228,29165
626,5.92296,5.99228,5.697e-04,0.502,0.179,29187
627,5.86853,5.99228,5.696e-04,0.593,0.260,29147
628,5.63340,5.99228,5.695e-04,0.550,0.213,29185
629,5.84675,5.99228,5.693e-04,0.576,0.244,29154
630,6.04778,5.99228,5.692e-04,0.480,0.173,29161
631,6.00017,5.99228,5.690e-04,0.575,0.190,29140
632,5.68956,5.99228,5.689e-04,0.557,0.218,29170
633,5.83492,5.99228,5.688e-04,0.579,0.203,29150
634,5.88601,5.99228,5.686e-04,0.560,0.212,29170
635,5.85127,5.99228,5.685e-04,0.503,0.174,29173
636,5.70543,5.99228,5.683e-04,0.548,0.211,29170
637,5.86613,5.99228,5.682e-04,0.526,0.192,29172
638,5.85207,5.99228,5.680e-04,0.575,0.229,29169
639,5.75703,5.99228,5.679e-04,0.606,0.276,29179
640,5.66785,5.99228,5.678e-04,0.509,0.204,29162
641,5.86954,5.99228,5.676e-04,0.558,0.254,29104
642,5.63368,5.99228,5.675e-04,0.476,0.188,29163
643,5.66254,5.99228,5.673e-04,0.537,0.228,29164
644,5.78687,5.99228,5.672e-04,0.529,0.209,29180
645,5.92922,5.99228,5.670e-04,0.484,0.172,29175
646,5.68066,5.99228,5.669e-04,0.619,0.258,29142
647,5.77921,5.99228,5.667e-04,0.518,0.189,29173
648,5.84243,5.99228,5.666e-04,0.496,0.195,29172
649,5.99765,5.99228,5.665e-04,0.555,0.195,29154
650,5.86290,5.99228,5.663e-04,0.548,0.197,29163
651,5.60272,5.99228,5.662e-04,0.532,0.225,29182
652,5.80004,5.99228,5.660e-04,0.509,0.168,29152
653,5.81223,5.99228,5.659e-04,0.605,0.224,29153
654,5.91383,5.99228,5.657e-04,0.543,0.189,29181
655,5.94030,5.99228,5.656e-04,0.584,0.185,29149
656,5.98370,5.99228,5.654e-04,0.674,0.232,29165
657,5.93161,5.99228,5.653e-04,0.541,0.196,29152
658,5.89449,5.99228,5.651e-04,0.615,0.226,29186
659,5.80081,5.99228,5.650e-04,0.648,0.262,29165
660,5.71722,5.99228,5.648e-04,0.539,0.199,29167
661,5.74980,5.99228,5.647e-04,0.547,0.228,29120
662,5.74263,5.99228,5.645e-04,0.577,0.215,29171
663,5.86427,5.99228,5.644e-04,0.541,0.195,29150
664,5.92300,5.99228,5.642e-04,0.636,0.207,29157
665,5.95084,5.99228,5.641e-04,0.531,0.181,29150
666,5.84416,5.99228,5.639e-04,0.576,0.203,29131
667,5.74873,5.99228,5.638e-04,0.595,0.224,29190
668,5.90462,5.99228,5.636e-04,0.566,0.196,29145
669,5.67715,5.99228,5.635e-04,0.598,0.244,29164
670,5.57840,5.99228,5.633e-04,0.602,0.253,29146
671,5.89483,5.99228,5.632e-04,0.545,0.188,29175
672,5.92181,5.99228,5.630e-04,0.545,0.191,29168
673,5.76671,5.99228,5.629e-04,0.482,0.175,29145
674,5.79226,5.99228,5.627e-04,0.476,0.167,29172
675,5.66904,5.99228,5.626e-04,0.502,0.189,29159
676,5.67510,5.99228,5.624e-04,0.577,0.205,29134
677,5.94172,5.99228,5.622e-04,0.621,0.222,29183
678,5.83295,5.99228,5.621e-04,0.604,0.228,29167
679,5.89564,5.99228,5.619e-04,0.563,0.191,29155
680,5.94462,5.99228,5.618e-04,0.675,0.252,29182
681,5.73170,5.99228,5.616e-04,0.689,0.245,29103
682,5.84995,5.99228,5.615e-04,0.688,0.262,29172
683,5.68745,5.99228,5.613e-04,0.524,0.196,29148
684,5.64345,5.99228,5.612e-04,0.568,0.211,29140
685,5.77437,5.99228,5.610e-04,0.498,0.177,29167
686,5.83615,5.99228,5.608e-04,0.557,0.209,29160
687,5.85213,5.99228,5.607e-04,0.575,0.194,29152
688,5.80248,5.99228,5.605e-04,0.547,0.220,29167
689,5.85488,5.99228,5.604e-04,0.581,0.198,29158
690,5.90965,5.99228,5.602e-04,0.568,0.220,29160
691,5.75752,5.99228,5.601e-04,0.577,0.201,29158
692,5.77351,5.99228,5.599e-04,0.626,0.228,29172
693,5.85198,5.99228,5.597e-04,0.739,0.283,29162
694,5.58655,5.99228,5.596e-04,0.522,0.205,29151
695,5.80149,5.99228,5.594e-04,0.596,0.236,29161
696,5.65418,5.99228,5.593e-04,0.503,0.177,29163
697,5.92135,5.99228,5.591e-04,0.543,0.215,29161
698,5.73842,5.99228,5.589e-04,0.521,0.224,29179
699,5.86864,5.99228,5.588e-04,0.543,0.181,29155
700,5.69685,5.99228,5.586e-04,0.618,0.249,29168
701,5.72409,5.99228,5.585e-04,0.542,0.216,29102
702,5.66366,5.99228,5.583e-04,0.580,0.231,29182
703,5.85081,5.99228,5.581e-04,0.526,0.187,29154
704,5.81104,5.99228,5.580e-04,0.590,0.226,29173
705,5.61574,5.99228,5.578e-04,0.514,0.193,29161
706,5.68883,5.99228,5.576e-04,0.541,0.190,29178
707,5.58009,5.99228,5.575e-04,0.576,0.210,29165
708,5.70279,5.99228,5.573e-04,0.568,0.191,29171
709,5.86926,5.99228,5.572e-04,0.548,0.179,29161
710,5.63416,5.99228,5.570e-04,0.547,0.203,29168
711,5.80370,5.99228,5.568e-04,0.607,0.183,29186
712,5.72260,5.99228,5.567e-04,0.591,0.188,29165
713,5.76083,5.99228,5.565e-04,0.603,0.185,29184
714,5.78830,5.99228,5.563e-04,0.556,0.180,29146
715,5.82049,5.99228,5.562e-04,0.639,0.250,29161
716,5.76899,5.99228,5.560e-04,0.521,0.191,29158
717,5.75340,5.99228,5.558e-04,0.536,0.196,29123
718,5.81140,5.99228,5.557e-04,0.549,0.189,29169
719,5.90918,5.99228,5.555e-04,0.524,0.182,29148
720,5.71463,5.99228,5.553e-04,0.542,0.189,29172
721,5.76582,5.99228,5.552e-04,0.555,0.212,29121
722,5.78062,5.99228,5.550e-04,0.635,0.240,29144
723,5.64824,5.99228,5.548e-04,0.589,0.250,29167
724,5.78176,5.99228,5.547e-04,0.560,0.193,29138
725,5.74414,5.99228,5.545e-04,0.670,0.281,29158
726,5.71009,5.99228,5.543e-04,0.611,0.214,29178
727,5.83729,5.99228,5.542e-04,0.678,0.244,29155
728,5.82890,5.99228,5.540e-04,0.515,0.180,29154
729,5.76561,5.99228,5.538e-04,0.579,0.241,29164
730,5.67741,5.99228,5.537e-04,0.587,0.212,29167
731,5.79889,5.99228,5.535e-04,0.613,0.220,29152
732,5.61329,5.99228,5.533e-04,0.630,0.238,29191
733,5.71236,5.99228,5.531e-04,0.630,0.227,29145
734,5.71836,5.99228,5.530e-04,0.593,0.240,29185
735,5.70757,5.99228,5.528e-04,0.700,0.269,29172
736,5.78762,5.99228,5.526e-04,0.681,0.268,29189
737,5.72479,5.99228,5.525e-04,0.638,0.221,29159
738,5.71072,5.99228,5.523e-04,0.516,0.186,29136
739,5.79168,5.99228,5.521e-04,0.636,0.229,29146
740,5.74607,5.99228,5.519e-04,0.603,0.225,29174
741,5.74869,5.99228,5.518e-04,0.629,0.216,29132
742,5.77870,5.99228,5.516e-04,0.521,0.187,29152
743,5.79177,5.99228,5.514e-04,0.588,0.202,29154
744,5.81177,5.99228,5.512e-04,0.525,0.174,29165
745,5.78895,5.99228,5.511e-04,0.692,0.252,29184
746,5.53327,5.99228,5.509e-04,0.597,0.254,29147
747,5.81765,5.99228,5.507e-04,0.637,0.200,29173
748,5.75976,5.99228,5.506e-04,0.716,0.327,29156
749,5.70868,5.99228,5.504e-04,0.605,0.227,29177
750,5.72900,5.65539,5.502e-04,0.522,0.180,8832
751,5.73545,5.65539,5.500e-04,0.495,0.169,29499
752,5.65386,5.65539,5.499e-04,0.553,0.203,29166
753,5.61421,5.65539,5.497e-04,0.539,0.206,29158
754,5.68252,5.65539,5.495e-04,0.523,0.165,29175
755,5.66474,5.65539,5.493e-04,0.557,0.202,29164
756,5.61405,5.65539,5.491e-04,0.548,0.217,29179
757,5.70819,5.65539,5.490e-04,0.497,0.168,29145
758,5.68697,5.65539,5.488e-04,0.591,0.230,29165
759,5.64320,5.65539,5.486e-04,0.660,0.239,29143
760,5.77194,5.65539,5.484e-04,0.573,0.193,29170
761,5.81378,5.65539,5.483e-04,0.551,0.174,29122
762,5.63646,5.65539,5.481e-04,0.568,0.224,29153
763,5.59357,5.65539,5.479e-04,0.580,0.229,29159
764,5.69436,5.65539,5.477e-04,0.556,0.181,29166
765,5.66197,5.65539,5.475e-04,0.660,0.221,29166
766,5.79891,5.65539,5.474e-04,0.533,0.194,29154
767,5.68132,5.65539,5.472e-04,0.597,0.202,29147
768,5.82442,5.65539,5.470e-04,0.541,0.166,29175
769,5.69563,5.65539,5.468e-04,0.580,0.204,29170
770,5.53900,5.65539,5.466e-04,0.590,0.197,29142
771,5.73472,5.65539,5.465e-04,0.600,0.188,29192
772,5.64023,5.65539,5.463e-04,0.761,0.240,29160
773,5.58556,5.65539,5.461e-04,0.588,0.196,29154
774,5.62666,5.65539,5.459e-04,0.610,0.203,29191
775,5.46547,5.65539,5.457e-04,0.721,0.261,29147
776,5.66217,5.65539,5.456e-04,0.534,0.186,29164
777,5.55515,5.65539,5.454e-04,0.601,0.201,29182
778,5.76614,5.65539,5.452e-04,0.540,0.172,29166
779,5.78351,5.65539,5.450e-04,0.612,0.203,29146
780,5.78421,5.65539,5.448e-04,0.553,0.185,29181
781,5.54481,5.65539,5.446e-04,0.596,0.218,29122
782,5.65801,5.65539,5.445e-04,0.587,0.219,29169
783,5.69573,5.65539,5.443e-04,0.581,0.206,29154
784,5.81446,5.65539,5.441e-04,0.576,0.180,29160
785,5.83583,5.65539,5.439e-04,0.509,0.175,29160
786,5.64949,5.65539,5.437e-04,0.548,0.185,29163
787,5.79178,5.65539,5.435e-04,0.616,0.233,29165
788,5.51797,5.65539,5.433e-04,0.582,0.213,29161
789,5.90798,5.65539,5.432e-04,0.621,0.241,29122
790,5.77012,5.65539,5.430e-04,0.647,0.224,29168
791,5.62378,5.65539,5.428e-04,0.626,0.223,29176
792,5.77883,5.65539,5.426e-04,0.648,0.210,29173
793,5.55389,5.65539,5.424e-04,0.563,0.208,29183
794,5.66680,5.65539,5.422e-04,0.666,0.254,29159
795,5.65263,5.65539,5.420e-04,0.576,0.199,29162
796,5.67885,5.65539,5.418e-04,0.653,0.220,29172
797,5.61593,5.65539,5.417e-04,0.544,0.174,29157
798,5.65917,5.65539,5.415e-04,0.667,0.246,29166
799,5.75444,5.65539,5.413e-04,0.741,0.259,29186
800,5.62204,5.65539,5.411e-04,0.697,0.270,29144
801,5.58685,5.65539,5.409e-04,0.548,0.180,29146
802,5.56984,5.65539,5.407e-04,0.668,0.241,29162
803,5.62239,5.65539,5.405e-04,0.690,0.217,29158
804,5.71577,5.65539,5.403e-04,0.600,0.202,29161
805,5.71624,5.65539,5.401e-04,0.687,0.240,29155
806,5.56837,5.65539,5.400e-04,0.603,0.214,29147
807,5.56806,5.65539,5.398e-04,0.646,0.225,29181
808,5.50952,5.65539,5.396e-04,0.535,0.196,29157
809,5.74977,5.65539,5.394e-04,0.601,0.197,29130
810,5.52041,5.65539,5.392e-04,0.628,0.213,29177
811,5.56450,5.65539,5.390e-04,0.589,0.196,29146
812,5.58818,5.65539,5.388e-04,0.657,0.228,29174
813,5.67632,5.65539,5.386e-04,0.609,0.200,29180
814,5.54651,5.65539,5.384e-04,0.639,0.206,29140
815,5.60569,5.65539,5.382e-04,0.537,0.172,29169
816,5.54956,5.65539,5.380e-04,0.624,0.233,29172
817,5.64516,5.65539,5.378e-04,0.533,0.154,29169
818,5.52711,5.65539,5.377e-04,0.559,0.182,29152
819,5.72548,5.65539,5.375e-04,0.547,0.180,29166
820,5.74552,5.65539,5.373e-04,0.525,0.180,29161
821,5.58910,5.65539,5.371e-04,0.620,0.216,29112
822,5.61741,5.65539,5.369e-04,0.509,0.167,29178
823,5.55342,5.65539,5.367e-04,0.531,0.191,29160
824,5.56572,5.65539,5.365e-04,0.545,0.193,29158
825,5.60480,5.65539,5.363e-04,0.522,0.168,29173
826,5.63074,5.65539,5.361e-04,0.570,0.176,29160
827,5.59702,5.65539,5.359e-04,0.655,0.244,29159
828,5.76416,5.65539,5.357e-04,0.526,0.173,29170
829,5.67898,5.65539,5.355e-04,0.653,0.237,29156
830,5.57885,5.65539,5.353e-04,0.566,0.177,29161
831,5.54165,5.65539,5.351e-04,0.553,0.194,29162
832,5.61140,5.65539,5.349e-04,0.635,0.193,29155
833,5.32917,5.65539,5.347e-04,0.614,0.222,29165
834,5.57645,5.65539,5.345e-04,0.602,0.193,29159
835,5.70286,5.65539,5.343e-04,0.595,0.208,29181
836,5.57281,5.65539,5.341e-04,0.614,0.193,29141
837,5.71953,5.65539,5.339e-04,0.610,0.205,29173
838,5.49304,5.65539,5.337e-04,0.649,0.231,29159
839,5.46403,5.65539,5.335e-04,0.578,0.196,29154
840,5.57448,5.65539,5.333e-04,0.598,0.205,29172
841,5.83219,5.65539,5.331e-04,0.524,0.151,29116
842,5.73206,5.65539,5.329e-04,0.686,0.220,29148
843,5.62299,5.65539,5.327e-04,0.568,0.181,29153
844,5.49804,5.65539,5.325e-04,0.592,0.191,29169
845,5.50410,5.65539,5.323e-04,0.631,0.217,29149
846,5.68769,5.65539,5.321e-04,0.515,0.165,29184
847,5.69831,5.65539,5.319e-04,0.655,0.230,29144
848,5.78899,5.65539,5.317e-04,0.647,0.211,29188
849,5.62335,5.65539,5.315e-04,0.595,0.217,29157
850,5.62253,5.65539,5.313e-04,0.692,0.211,29188
851,5.55473,5.65539,5.311e-04,0.613,0.199,29164
852,5.63823,5.65539,5.309e-04,0.628,0.209,29161
853,5.62717,5.65539,5.307e-04,0.639,0.195,29175
854,5.57555,5.65539,5.305e-04,0.612,0.226,29161
855,5.60631,5.65539,5.303e-04,0.540,0.178,29141
856,5.53506,5.65539,5.301e-04,0.583,0.207,29171
857,5.61223,5.65539,5.299e-04,0.548,0.168,29175
858,5.63640,5.65539,5.297e-04,0.631,0.203,29147
859,5.64965,5.65539,5.295e-04,0.561,0.185,29174
860,5.64594,5.65539,5.293e-04,0.527,0.158,29140
861,5.61460,5.65539,5.291e-04,0.616,0.208,29130
862,5.55251,5.65539,5.289e-04,0.561,0.178,29170
863,5.75446,5.65539,5.287e-04,0.571,0.185,29185
864,5.44206,5.65539,5.285e-04,0.567,0.204,29151
865,5.57905,5.65539,5.283e-04,0.612,0.198,29166
866,5.73533,5.65539,5.281e-04,0.597,0.177,29150
867,5.79851,5.65539,5.279e-04,0.528,0.182,29179
868,5.69472,5.65539,5.276e-04,0.581,0.180,29169
869,5.76271,5.65539,5.274e-04,0.584,0.178,29154
870,5.74166,5.65539,5.272e-04,0.529,0.158,29172
871,5.43579,5.65539,5.270e-04,0.562,0.195,29162
872,5.53920,5.65539,5.268e-04,0.664,0.217,29161
873,5.57219,5.65539,5.266e-04,0.622,0.197,29178
874,5.55578,5.65539,5.264e-04,0.575,0.179,29166
875,5.84605,5.65539,5.262e-04,0.572,0.179,29129
876,5.43342,5.65539,5.260e-04,0.655,0.254,29182
877,5.81235,5.65539,5.258e-04,0.668,0.186,29155
878,5.51328,5.65539,5.256e-04,0.770,0.253,29150
879,5.57280,5.65539,5.254e-04,0.712,0.222,29171
880,5.55883,5.65539,5.252e-04,0.716,0.218,29155
881,5.60747,5.65539,5.249e-04,0.627,0.213,29117
882,5.47467,5.65539,5.247e-04,0.614,0.219,29145
883,5.78586,5.65539,5.245e-04,0.824,0.245,29164
884,5.51344,5.65539,5.243e-04,0.673,0.193,29175
885,5.42344,5.65539,5.241e-04,0.604,0.213,29156
886,5.66263,5.65539,5.239e-04,0.668,0.200,29165
887,5.58176,5.65539,5.237e-04,0.600,0.178,29173
888,5.52776,5.65539,5.235e-04,0.653,0.223,29148
889,5.57354,5.65539,5.233e-04,0.659,0.198,29170
890,5.55552,5.65539,5.230e-04,0.672,0.236,29167
891,5.38556,5.65539,5.228e-04,0.604,0.196,29170
892,5.57874,5.65539,5.226e-04,0.594,0.187,29170
893,5.55105,5.65539,5.224e-04,0.662,0.216,29170
894,5.62408,5.65539,5.222e-04,0.596,0.183,29196
895,5.45652,5.65539,5.220e-04,0.547,0.164,29162
896,5.57130,5.65539,5.218e-04,0.546,0.168,29132
897,5.56173,5.65539,5.216e-04,0.507,0.160,29148
898,5.61805,5.65539,5.213e-04,0.555,0.193,29160
899,5.55457,5.65539,5.211e-04,0.545,0.156,29148
900,5.62218,5.65539,5.209e-04,0.549,0.176,29149
901,5.51230,5.65539,5.207e-04,0.716,0.221,29100
902,5.51338,5.65539,5.205e-04,0.575,0.191,29173
903,5.52566,5.65539,5.203e-04,0.622,0.198,29168
904,5.47900,5.65539,5.201e-04,0.548,0.174,29134
905,5.55730,5.65539,5.198e-04,0.550,0.178,29169
906,5.57310,5.65539,5.196e-04,0.566,0.173,29150
907,5.51764,5.65539,5.194e-04,0.603,0.194,29156
908,5.34441,5.65539,5.192e-04,0.604,0.203,29172
909,5.59274,5.65539,5.190e-04,0.544,0.171,29176
910,5.58921,5.65539,5.188e-04,0.507,0.156,29168
911,5.54415,5.65539,5.185e-04,0.638,0.192,29166
912,5.68727,5.65539,5.183e-04,0.526,0.161,29144
913,5.44834,5.65539,5.181e-04,0.557,0.172,29166
914,5.60924,5.65539,5.179e-04,0.591,0.183,29166
915,5.66617,5.65539,5.177e-04,0.560,0.161,29164
916,5.48557,5.65539,5.175e-04,0.607,0.211,29183
917,5.66834,5.65539,5.172e-04,0.633,0.181,29157
918,5.61967,5.65539,5.170e-04,0.586,0.183,29161
919,5.63150,5.65539,5.168e-04,0.628,0.183,29171
920,5.48979,5.65539,5.166e-04,0.561,0.172,29174
921,5.57904,5.65539,5.164e-04,0.636,0.205,29119
922,5.42573,5.65539,5.161e-04,0.499,0.154,29143
923,5.55956,5.65539,5.159e-04,0.557,0.162,29149
924,5.48281,5.65539,5.157e-04,0.706,0.229,29152
925,5.65659,5.65539,5.155e-04,0.629,0.180,29156
926,5.71195,5.65539,5.153e-04,0.630,0.206,29166
927,5.46798,5.65539,5.150e-04,0.563,0.172,29173
928,5.60757,5.65539,5.148e-04,0.638,0.226,29160
929,5.48262,5.65539,5.146e-04,0.694,0.226,29173
930,5.58513,5.65539,5.144e-04,0.620,0.175,29157
931,5.49554,5.65539,5.142e-04,0.656,0.224,29149
932,5.57482,5.65539,5.139e-04,0.600,0.197,29177
933,5.50692,5.65539,5.137e-04,0.682,0.240,29152
934,5.64548,5.65539,5.135e-04,0.670,0.223,29157
935,5.24514,5.65539,5.133e-04,0.703,0.230,29192
936,5.44655,5.65539,5.131e-04,0.535,0.178,29142
937,5.45090,5.65539,5.128e-04,0.606,0.176,29167
938,5.50155,5.65539,5.126e-04,0.532,0.163,29174
939,5.50760,5.65539,5.124e-04,0.564,0.182,29153
940,5.62048,5.65539,5.122e-04,0.612,0.187,29172
941,5.42984,5.65539,5.119e-04,0.547,0.165,29110
942,5.35178,5.65539,5.117e-04,0.609,0.222,29151
943,5.53357,5.65539,5.115e-04,0.575,0.179,29175
944,5.60828,5.65539,5.113e-04,0.606,0.183,29144
945,5.34448,5.65539,5.110e-04,0.576,0.193,29148
946,5.58357,5.65539,5.108e-04,0.566,0.165,29168
947,5.62012,5.65539,5.106e-04,0.598,0.175,29169
948,5.50833,5.65539,5.104e-04,0.538,0.156,29161
949,5.50298,5.65539,5.101e-04,0.569,0.163,29147
950,5.48802,5.65539,5.099e-04,0.577,0.165,29146
951,5.59522,5.65539,5.097e-04,0.556,0.158,29158
952,5.44267,5.65539,5.095e-04,0.525,0.163,29179
953,5.59003,5.65539,5.092e-04,0.525,0.156,29147
954,5.55182,5.65539,5.090e-04,0.553,0.146,29167
955,5.61767,5.65539,5.088e-04,0.627,0.176,29175
956,5.41690,5.65539,5.086e-04,0.574,0.165,29177
957,5.55316,5.65539,5.083e-04,0.636,0.185,29177
958,5.54847,5.65539,5.081e-04,0.554,0.159,29171
959,5.48347,5.65539,5.079e-04,0.618,0.173,29169
960,5.48798,5.65539,5.076e-04,0.603,0.192,29154
961,5.43130,5.65539,5.074e-04,0.631,0.208,29119
962,5.37203,5.65539,5.072e-04,0.601,0.176,29156
963,5.55600,5.65539,5.070e-04,0.625,0.185,29160
964,5.27981,5.65539,5.067e-04,0.607,0.185,29054
965,5.70129,5.65539,5.065e-04,0.702,0.185,29162
966,5.49831,5.65539,5.063e-04,0.583,0.182,29183
967,5.29940,5.65539,5.060e-04,0.630,0.202,29171
968,5.70207,5.65539,5.058e-04,0.665,0.189,29183
969,5.39115,5.65539,5.056e-04,0.663,0.196,29159
970,5.43381,5.65539,5.054e-04,0.643,0.185,29174
971,5.52656,5.65539,5.051e-04,0.588,0.168,29107
972,5.63098,5.65539,5.049e-04,0.608,0.162,29166
973,5.61759,5.65539,5.047e-04,0.556,0.149,29171
974,5.37196,5.65539,5.044e-04,0.562,0.165,29145
975,5.56262,5.65539,5.042e-04,0.641,0.216,29166
976,5.60967,5.65539,5.040e-04,0.573,0.162,29165
977,5.37985,5.65539,5.037e-04,0.626,0.198,29167
978,5.51478,5.65539,5.035e-04,0.509,0.145,29178
979,5.66628,5.65539,5.033e-04,0.603,0.166,29147
980,5.45640,5.65539,5.030e-04,0.628,0.190,29157
981,5.42797,5.65539,5.028e-04,0.545,0.156,29134
982,5.55242,5.65539,5.026e-04,0.567,0.177,29150
983,5.40901,5.65539,5.023e-04,0.558,0.167,29154
984,5.41778,5.65539,5.021e-04,0.632,0.179,29151
985,5.52871,5.65539,5.019e-04,0.545,0.160,29176
986,5.37152,5.65539,5.016e-04,0.581,0.173,29164
987,5.38879,5.65539,5.014e-04,0.582,0.176,29168
988,5.50142,5.65539,5.012e-04,0.585,0.151,29189
989,5.81697,5.65539,5.009e-04,1.068,0.300,29150
990,5.49705,5.65539,5.007e-04,0.891,0.273,29165
991,5.44348,5.65539,5.005e-04,0.923,0.326,29157
992,5.39767,5.65539,5.002e-04,0.696,0.239,29169
993,5.27025,5.65539,5.000e-04,0.745,0.278,29156
994,5.26898,5.65539,4.998e-04,0.730,0.258,29153
995,5.43319,5.65539,4.995e-04,0.622,0.194,29163
996,5.50572,5.65539,4.993e-04,0.568,0.173,29146
997,5.52972,5.65539,4.991e-04,0.654,0.194,29158
998,5.63767,5.65539,4.988e-04,0.674,0.179,29167
999,5.64853,5.65539,4.986e-04,0.634,0.191,29162
1000,5.41626,5.44802,4.983e-04,0.630,0.181,8832
1001,5.48501,5.44802,4.981e-04,0.556,0.163,29499
1002,5.38177,5.44802,4.979e-04,0.578,0.184,29170
1003,5.60711,5.44802,4.976e-04,0.589,0.156,29138
1004,5.60105,5.44802,4.974e-04,0.575,0.165,29180
1005,5.32178,5.44802,4.972e-04,0.638,0.213,29156
1006,5.60144,5.44802,4.969e-04,0.571,0.158,29153
1007,5.29510,5.44802,4.967e-04,0.607,0.178,29174
1008,5.54129,5.44802,4.964e-04,0.630,0.175,29158
1009,5.49980,5.44802,4.962e-04,0.765,0.224,29180
1010,5.56579,5.44802,4.960e-04,0.579,0.165,29176
1011,5.42152,5.44802,4.957e-04,0.650,0.204,29159
1012,5.64537,5.44802,4.955e-04,0.618,0.151,29163
1013,5.48533,5.44802,4.952e-04,0.610,0.212,29167
1014,5.54238,5.44802,4.950e-04,0.588,0.174,29163
1015,5.39276,5.44802,4.948e-04,0.687,0.190,29166
1016,5.56636,5.44802,4.945e-04,0.656,0.171,29163
1017,5.57224,5.44802,4.943e-04,0.594,0.145,29151
1018,5.35473,5.44802,4.940e-04,0.585,0.183,29164
1019,5.53968,5.44802,4.938e-04,0.692,0.179,29164
1020,5.34108,5.44802,4.936e-04,0.586,0.184,29159
1021,5.60020,5.44802,4.933e-04,0.712,0.181,29128
1022,5.40679,5.44802,4.931e-04,0.687,0.207,29169
1023,5.46497,5.44802,4.928e-04,0.712,0.200,29165
1024,5.48078,5.44802,4.926e-04,0.608,0.189,29153
1025,5.52623,5.44802,4.924e-04,0.687,0.194,29185
1026,5.38175,5.44802,4.921e-04,0.619,0.182,29155
1027,5.34091,5.44802,4.919e-04,0.638,0.195,29175
1028,5.47880,5.44802,4.916e-04,0.609,0.192,29148
1029,5.56104,5.44802,4.914e-04,0.576,0.180,29169
1030,5.32165,5.44802,4.911e-04,0.575,0.183,29142
1031,5.51178,5.44802,4.909e-04,0.595,0.187,29168
1032,5.54373,5.44802,4.907e-04,0.621,0.171,29180
1033,5.35904,5.44802,4.904e-04,0.626,0.200,29138
1034,5.55022,5.44802,4.902e-04,0.629,0.185,29180
1035,5.51252,5.44802,4.899e-04,0.612,0.147,29184
1036,5.56195,5.44802,4.897e-04,0.546,0.142,29154
1037,5.23554,5.44802,4.894e-04,0.688,0.211,29172
1038,5.26451,5.44802,4.892e-04,0.626,0.182,29140
1039,5.50383,5.44802,4.889e-04,0.616,0.183,29166
1040,5.35900,5.44802,4.887e-04,0.585,0.178,29186
1041,5.46137,5.44802,4.885e-04,0.605,0.175,29111
1042,5.49564,5.44802,4.882e-04,0.602,0.159,29169
1043,5.45441,5.44802,4.880e-04,0.600,0.189,29171
1044,5.53072,5.44802,4.877e-04,0.640,0.189,29148
1045,5.31172,5.44802,4.875e-04,0.619,0.200,29175
1046,5.55398,5.44802,4.872e-04,0.637,0.178,29179
1047,5.47474,5.44802,4.870e-04,0.682,0.207,29116
1048,5.38640,5.44802,4.867e-04,0.616,0.190,29189
1049,5.36819,5.44802,4.865e-04,0.771,0.210,29158
1050,5.38077,5.44802,4.862e-04,0.705,0.235,29164
1051,5.54462,5.44802,4.860e-04,0.609,0.178,29155
1052,5.39379,5.44802,4.857e-04,0.700,0.236,29178
1053,5.28166,5.44802,4.855e-04,0.790,0.280,29131
1054,5.36859,5.44802,4.853e-04,0.622,0.174,29162
1055,5.62283,5.44802,4.850e-04,0.696,0.215,29172
1056,5.44145,5.44802,4.848e-04,0.614,0.186,29171
1057,5.54531,5.44802,4.845e-04,0.641,0.170,29181
1058,5.29803,5.44802,4.843e-04,0.580,0.168,29164
1059,5.43722,5.44802,4.840e-04,0.590,0.171,29163
1060,5.38537,5.44802,4.838e-04,0.581,0.172,29183
1061,5.38761,5.44802,4.835e-04,0.590,0.151,29131
1062,5.44700,5.44802,4.833e-04,0.608,0.171,29160
1063,5.43035,5.44802,4.830e-04,0.575,0.154,29168
1064,5.33877,5.44802,4.828e-04,0.619,0.183,29148
1065,5.40169,5.44802,4.825e-04,0.591,0.200,29167
1066,5.41642,5.44802,4.823e-04,0.599,0.167,29141
1067,5.23594,5.44802,4.820e-04,0.568,0.173,29174
1068,5.58777,5.44802,4.818e-04,0.555,0.152,29182
1069,5.26949,5.44802,4.815e-04,0.562,0.160,29164
1070,5.29324,5.44802,4.813e-04,0.689,0.201,29166
1071,5.40738,5.44802,4.810e-04,0.579,0.176,29156
1072,5.42090,5.44802,4.808e-04,0.626,0.173,29163
1073,5.31237,5.44802,4.805e-04,0.594,0.180,29169
1074,5.36838,5.44802,4.803e-04,0.618,0.193,29181
1075,5.33247,5.44802,4.800e-04,0.630,0.166,29155
1076,5.37770,5.44802,4.798e-04,0.580,0.151,29149
1077,5.63369,5.44802,4.795e-04,0.675,0.162,29166
1078,5.39246,5.44802,4.792e-04,0.676,0.193,29175
1079,5.27648,5.44802,4.790e-04,0.759,0.212,29169
1080,5.29505,5.44802,4.787e-04,0.630,0.195,29158
1081,5.42867,5.44802,4.785e-04,0.570,0.165,29121
1082,5.49949,5.44802,4.782e-04,0.623,0.168,29179
1083,5.30056,5.44802,4.780e-04,0.604,0.169,29163
1084,5.35457,5.44802,4.777e-04,0.584,0.174,29154
1085,5.47790,5.44802,4.775e-04,0.670,0.180,29166
1086,5.31526,5.44802,4.772e-04,0.661,0.213,29151
1087,5.33974,5.44802,4.770e-04,0.652,0.195,29169
1088,5.45529,5.44802,4.767e-04,0.648,0.200,29174
1089,5.50342,5.44802,4.765e-04,0.646,0.188,29192
1090,5.54952,5.44802,4.762e-04,0.592,0.169,29143
1091,5.42682,5.44802,4.759e-04,0.729,0.194,29156
1092,5.43537,5.44802,4.757e-04,0.571,0.150,29171
1093,5.45069,5.44802,4.754e-04,0.650,0.161,29189
1094,5.57008,5.44802,4.752e-04,0.666,0.193,29139
1095,5.45082,5.44802,4.749e-04,0.659,0.168,29187
1096,5.42686,5.44802,4.747e-04,0.577,0.167,29163
1097,5.26727,5.44802,4.744e-04,0.609,0.169,29151
1098,5.48127,5.44802,4.742e-04,0.544,0.149,29168
1099,5.63645,5.44802,4.739e-04,0.617,0.164,29163
1100,5.41431,5.44802,4.736e-04,0.772,0.195,29148
1101,5.37496,5.44802,4.734e-04,0.689,0.194,29114
1102,5.33355,5.44802,4.731e-04,0.745,0.230,29165
1103,5.28746,5.44802,4.729e-04,0.633,0.158,29150
1104,5.44204,5.44802,4.726e-04,0.580,0.178,29167
1105,5.19602,5.44802,4.724e-04,0.604,0.170,29150
1106,5.29726,5.44802,4.721e-04,0.577,0.158,29171
1107,5.46571,5.44802,4.718e-04,0.653,0.161,29126
1108,5.28988,5.44802,4.716e-04,0.589,0.149,29165
1109,5.55100,5.44802,4.713e-04,0.680,0.163,29170
1110,5.58707,5.44802,4.711e-04,0.614,0.164,29141
1111,5.37739,5.44802,4.708e-04,0.641,0.157,29161
1112,5.46549,5.44802,4.706e-04,0.593,0.165,29164
1113,5.52225,5.44802,4.703e-04,0.603,0.143,29152
1114,5.45418,5.44802,4.700e-04,0.661,0.165,29140
1115,5.38483,5.44802,4.698e-04,0.620,0.178,29186
1116,5.18792,5.44802,4.695e-04,0.719,0.190,29166
1117,5.43127,5.44802,4.693e-04,0.611,0.156,29163
1118,5.63567,5.44802,4.690e-04,0.656,0.188,29162
1119,5.35711,5.44802,4.687e-04,0.623,0.171,29163
1120,5.28540,5.44802,4.685e-04,0.613,0.180,29157
1121,5.28064,5.44802,4.682e-04,0.665,0.188,29130
1122,5.27662,5.44802,4.680e-04,0.610,0.156,29167
1123,5.40391,5.44802,4.677e-04,0.665,0.177,29138
1124,5.48967,5.44802,4.674e-04,0.655,0.162,29139
1125,5.43139,5.44802,4.672e-04,0.586,0.151,29171
1126,5.46203,5.44802,4.669e-04,0.599,0.165,29170
1127,5.56843,5.44802,4.667e-04,0.674,0.167,29176
1128,5.21902,5.44802,4.664e-04,0.619,0.183,29166
1129,5.50881,5.44802,4.661e-04,0.599,0.181,29141
1130,5.47219,5.44802,4.659e-04,0.615,0.173,29183
1131,5.28058,5.44802,4.656e-04,0.632,0.179,29167
1132,5.51475,5.44802,4.653e-04,0.674,0.180,29142
1133,5.36448,5.44802,4.651e-04,0.618,0.177,29151
1134,5.27230,5.44802,4.648e-04,0.650,0.189,29166
1135,5.38408,5.44802,4.646e-04,0.695,0.176,29169
1136,5.31080,5.44802,4.643e-04,0.670,0.194,29172
1137,5.33247,5.44802,4.640e-04,0.625,0.160,29126
1138,5.23498,5.44802,4.638e-04,0.633,0.163,29156
1139,5.60847,5.44802,4.635e-04,0.679,0.161,29149
1140,5.51722,5.44802,4.632e-04,0.742,0.195,29167
1141,5.28163,5.44802,4.630e-04,0.648,0.181,29130
1142,5.47594,5.44802,4.627e-04,0.697,0.165,29154
1143,5.36872,5.44802,4.625e-04,0.684,0.187,29152
1144,5.45215,5.44802,4.622e-04,0.667,0.161,29160
1145,5.47959,5.44802,4.619e-04,0.611,0.155,29168
1146,5.60174,5.44802,4.617e-04,0.627,0.160,29154
1147,5.23515,5.44802,4.614e-04,0.718,0.225,29177
1148,5.41251,5.44802,4.611e-04,0.681,0.179,29158
1149,5.40019,5.44802,4.609e-04,0.667,0.169,29144
1150,5.28181,5.44802,4.606e-04,0.594,0.162,29151
1151,5.30329,5.44802,4.603e-04,0.676,0.211,29189
1152,5.56144,5.44802,4.601e-04,0.631,0.176,29153
1153,5.45737,5.44802,4.598e-04,0.560,0.164,29172
1154,5.39211,5.44802,4.595e-04,0.628,0.175,29176
1155,5.36179,5.44802,4.593e-04,0.599,0.163,29142
1156,5.38508,5.44802,4.590e-04,0.551,0.149,29164
1157,5.32069,5.44802,4.587e-04,0.587,0.155,29169
1158,5.48318,5.44802,4.585e-04,0.595,0.147,29147
1159,5.08318,5.44802,4.582e-04,0.596,0.184,29182
1160,5.48906,5.44802,4.579e-04,0.667,0.165,29152
1161,5.22458,5.44802,4.577e-04,0.572,0.163,29109
1162,5.45726,5.44802,4.574e-04,0.643,0.174,29161
1163,5.43588,5.44802,4.571e-04,0.619,0.170,29155
1164,5.32240,5.44802,4.569e-04,0.618,0.174,29177
1165,5.44854,5.44802,4.566e-04,0.603,0.155,29170
1166,5.40839,5.44802,4.563e-04,0.632,0.193,29160
1167,5.49544,5.44802,4.561e-04,0.640,0.155,29161
1168,5.46042,5.44802,4.558e-04,0.650,0.162,29181
1169,5.30228,5.44802,4.555e-04,0.653,0.170,29159
1170,5.31021,5.44802,4.553e-04,0.592,0.159,29169
1171,5.38120,5.44802,4.550e-04,0.598,0.146,29175
1172,5.47091,5.44802,4.547e-04,0.573,0.143,29170
1173,5.35640,5.44802,4.545e-04,0.607,0.177,29172
1174,5.36026,5.44802,4.542e-04,0.539,0.141,29149
1175,5.36595,5.44802,4.539e-04,0.587,0.154,29180
1176,5.41100,5.44802,4.537e-04,0.578,0.144,29167
1177,5.25437,5.44802,4.534e-04,0.604,0.155,29179
1178,5.42387,5.44802,4.531e-04,0.598,0.142,29161
1179,5.50130,5.44802,4.528e-04,0.632,0.163,29157
1180,5.27696,5.44802,4.526e-04,0.651,0.166,29149
1181,5.50642,5.44802,4.523e-04,0.629,0.143,29120
1182,5.27072,5.44802,4.520e-04,0.838,0.242,29169
1183,5.46461,5.44802,4.518e-04,0.697,0.182,29180
1184,5.47132,5.44802,4.515e-04,0.664,0.167,29164
1185,5.33455,5.44802,4.512e-04,0.623,0.144,29152
1186,5.31412,5.44802,4.510e-04,0.628,0.170,29178
1187,5.43699,5.44802,4.507e-04,0.665,0.156,29168
1188,5.37274,5.44802,4.504e-04,0.584,0.149,29154
1189,5.27633,5.44802,4.501e-04,0.616,0.164,29164
1190,5.33246,5.44802,4.499e-04,0.550,0.139,29171
1191,5.27424,5.44802,4.496e-04,0.702,0.202,29181
1192,5.42073,5.44802,4.493e-04,0.623,0.165,29165
1193,5.28461,5.44802,4.491e-04,0.701,0.193,29154
1194,5.60147,5.44802,4.488e-04,0.674,0.168,29171
1195,5.43959,5.44802,4.485e-04,0.644,0.172,29159
1196,5.53754,5.44802,4.482e-04,0.740,0.226,29169
1197,5.27439,5.44802,4.480e-04,0.645,0.157,29158
1198,5.39329,5.44802,4.477e-04,0.624,0.164,29182
1199,5.32415,5.44802,4.474e-04,0.677,0.166,29179
1200,5.34264,5.44802,4.471e-04,0.631,0.164,29151
1201,5.34646,5.44802,4.469e-04,0.710,0.164,29135
1202,5.22162,5.44802,4.466e-04,0.671,0.167,29141
1203,5.33810,5.44802,4.463e-04,0.641,0.164,29154
1204,5.31358,5.44802,4.461e-04,0.673,0.170,29187
1205,5.30716,5.44802,4.458e-04,0.648,0.170,29141
1206,5.29575,5.44802,4.455e-04,0.634,0.157,29150
1207,5.36301,5.44802,4.452e-04,0.616,0.171,29166
1208,5.24292,5.44802,4.450e-04,0.590,0.156,29163
1209,5.42464,5.44802,4.447e-04,0.668,0.154,29152
1210,5.46002,5.44802,4.444e-04,0.603,0.154,29174
1211,5.30387,5.44802,4.441e-04,0.593,0.159,29175
1212,5.31171,5.44802,4.439e-04,0.587,0.154,29167
1213,5.36393,5.44802,4.436e-04,0.585,0.145,29165
1214,5.28375,5.44802,4.433e-04,0.593,0.159,29120
1215,5.29143,5.44802,4.430e-04,0.632,0.173,29151
1216,5.38784,5.44802,4.428e-04,0.642,0.150,29172
1217,5.32404,5.44802,4.425e-04,0.714,0.188,29160
1218,5.61658,5.44802,4.422e-04,0.669,0.152,29149
1219,5.40409,5.44802,4.419e-04,0.717,0.192,29159
1220,5.40047,5.44802,4.417e-04,0.641,0.160,29185
1221,5.12239,5.44802,4.414e-04,0.652,0.163,29117
1222,5.52853,5.44802,4.411e-04,0.657,0.153,29155
1223,5.45040,5.44802,4.408e-04,0.641,0.182,29171
1224,5.40954,5.44802,4.406e-04,0.690,0.164,29140
1225,5.19228,5.44802,4.403e-04,0.635,0.162,29179
1226,5.39385,5.44802,4.400e-04,0.693,0.176,29155
1227,5.34783,5.44802,4.397e-04,0.657,0.169,29162
1228,5.46781,5.44802,4.394e-04,0.602,0.158,29152
1229,5.24615,5.44802,4.392e-04,0.643,0.191,29163
1230,5.27334,5.44802,4.389e-04,0.662,0.169,29161
1231,5.55205,5.44802,4.386e-04,0.625,0.165,29173
1232,5.39408,5.44802,4.383e-04,0.712,0.170,29161
1233,5.41579,5.44802,4.381e-04,0.718,0.185,29151
1234,5.32023,5.44802,4.378e-04,0.683,0.179,29178
1235,5.39500,5.44802,4.375e-04,0.618,0.163,29143
1236,5.39999,5.44802,4.372e-04,0.741,0.180,29177
1237,5.32744,5.44802,4.370e-04,0.624,0.181,29175
1238,5.29908,5.44802,4.367e-04,0.657,0.161,29146
1239,5.51860,5.44802,4.364e-04,0.648,0.155,29179
1240,5.25876,5.44802,4.361e-04,0.617,0.153,29160
1241,5.19217,5.44802,4.358e-04,0.642,0.165,29105
1242,5.45246,5.44802,4.356e-04,0.675,0.174,29163
1243,5.25295,5.44802,4.353e-04,0.637,0.152,29164
1244,5.31462,5.44802,4.350e-04,0.615,0.157,29173
1245,5.25414,5.44802,4.347e-04,0.630,0.167,29168
1246,5.34531,5.44802,4.344e-04,0.672,0.156,29132
1247,5.31667,5.44802,4.342e-04,0.623,0.144,29184
1248,5.20776,5.44802,4.339e-04,0.599,0.158,29168
1249,5.19794,5.44802,4.336e-04,0.622,0.172,29137
1250,5.40453,5.28095,4.333e-04,0.572,0.149,8828
1251,5.35408,5.28095,4.330e-04,0.653,0.165,29480
1252,5.14117,5.28095,4.328e-04,0.639,0.187,29166
1253,5.28161,5.28095,4.325e-04,0.616,0.167,29164
1254,5.27240,5.28095,4.322e-04,0.597,0.163,29173
1255,5.31895,5.28095,4.319e-04,0.678,0.146,29148
1256,5.27609,5.28095,4.316e-04,0.594,0.166,29162
1257,5.19971,5.28095,4.314e-04,0.630,0.155,29182
1258,5.35149,5.28095,4.311e-04,0.555,0.129,29156
1259,5.32740,5.28095,4.308e-04,0.647,0.164,29181
1260,5.13154,5.28095,4.305e-04,0.643,0.164,29159
1261,5.36482,5.28095,4.302e-04,0.592,0.141,29103
1262,5.44232,5.28095,4.300e-04,0.644,0.141,29184
1263,5.25494,5.28095,4.297e-04,0.615,0.156,29160
1264,5.31342,5.28095,4.294e-04,0.589,0.135,29156
1265,5.29976,5.28095,4.291e-04,0.725,0.181,29143
1266,5.37226,5.28095,4.288e-04,0.647,0.160,29168
1267,5.35945,5.28095,4.285e-04,0.725,0.199,29170
1268,5.30113,5.28095,4.283e-04,0.618,0.145,29164
1269,5.40211,5.28095,4.280e-04,0.716,0.161,29171
1270,5.33296,5.28095,4.277e-04,0.707,0.169,29148
1271,5.26827,5.28095,4.274e-04,0.668,0.184,29164
1272,5.29855,5.28095,4.271e-04,0.693,0.178,29172
1273,5.29976,5.28095,4.269e-04,0.691,0.191,29152
1274,5.38486,5.28095,4.266e-04,0.749,0.174,29164
1275,5.30433,5.28095,4.263e-04,0.664,0.185,29162
1276,5.32973,5.28095,4.260e-04,0.687,0.152,29156
1277,5.35527,5.28095,4.257e-04,0.634,0.142,29177
1278,5.32077,5.28095,4.254e-04,0.640,0.152,29146
1279,5.44628,5.28095,4.252e-04,0.635,0.160,29165
1280,5.36310,5.28095,4.249e-04,0.641,0.141,29170
1281,5.11984,5.28095,4.246e-04,0.691,0.201,29115
1282,5.25751,5.28095,4.243e-04,0.686,0.152,29175
1283,5.21020,5.28095,4.240e-04,0.611,0.170,29138
1284,5.34579,5.28095,4.237e-04,0.674,0.167,29182
1285,5.23117,5.28095,4.235e-04,0.643,0.165,29162
1286,5.16102,5.28095,4.232e-04,0.638,0.163,29181
1287,5.25715,5.28095,4.229e-04,0.658,0.156,29162
1288,5.26504,5.28095,4.226e-04,0.620,0.158,29171
1289,5.31331,5.28095,4.223e-04,0.709,0.187,29173
1290,5.41427,5.28095,4.220e-04,0.664,0.152,29177
1291,5.28208,5.28095,4.217e-04,0.672,0.160,29166
1292,5.13826,5.28095,4.215e-04,0.661,0.172,29160
1293,5.23489,5.28095,4.212e-04,0.655,0.171,29157
1294,5.37210,5.28095,4.209e-04,0.734,0.168,29143
1295,5.14641,5.28095,4.206e-04,0.724,0.168,29182
1296,5.24246,5.28095,4.203e-04,0.710,0.167,29162
1297,5.34725,5.28095,4.200e-04,0.706,0.149,29144
1298,5.25306,5.28095,4.197e-04,0.664,0.155,29156
1299,5.32726,5.28095,4.195e-04,0.792,0.167,29166
1300,5.15348,5.28095,4.192e-04,0.695,0.205,29149
1301,5.31162,5.28095,4.189e-04,0.720,0.169,29141
1302,5.13101,5.28095,4.186e-04,0.614,0.160,29144
1303,5.21397,5.28095,4.183e-04,0.720,0.194,29144
1304,5.26807,5.28095,4.180e-04,0.676,0.162,29170
1305,5.42100,5.28095,4.177e-04,0.645,0.151,29187
1306,5.34311,5.28095,4.175e-04,0.676,0.173,29183
1307,5.43589,5.28095,4.172e-04,0.600,0.145,29150
1308,5.14272,5.28095,4.169e-04,0.682,0.162,29140
1309,5.26595,5.28095,4.166e-04,0.581,0.144,29168
1310,5.26101,5.28095,4.163e-04,0.629,0.153,29173
1311,5.27807,5.28095,4.160e-04,0.614,0.141,29156
1312,5.25456,5.28095,4.157e-04,0.699,0.179,29158
1313,5.19473,5.28095,4.154e-04,0.715,0.179,29165
1314,5.28902,5.28095,4.152e-04,0.660,0.200,29152
1315,5.31441,5.28095,4.149e-04,0.597,0.136,29188
1316,5.18513,5.28095,4.146e-04,0.592,0.154,29143
1317,5.39249,5.28095,4.143e-04,0.702,0.162,29170
1318,5.30799,5.28095,4.140e-04,0.647,0.181,29140
1319,5.13992,5.28095,4.137e-04,0.655,0.176,29156
1320,5.18922,5.28095,4.134e-04,0.625,0.150,29167
1321,5.18741,5.28095,4.131e-04,0.661,0.175,29130
1322,5.23464,5.28095,4.129e-04,0.654,0.162,29149
1323,5.33756,5.28095,4.126e-04,0.742,0.209,29176
1324,5.24003,5.28095,4.123e-04,0.624,0.140,29158
1325,5.44138,5.28095,4.120e-04,0.667,0.144,29176
1326,5.25914,5.28095,4.117e-04,0.672,0.168,29160
1327,5.28517,5.28095,4.114e-04,0.631,0.157,29142
1328,5.46049,5.28095,4.111e-04,0.681,0.148,29194
1329,5.49238,5.28095,4.108e-04,0.666,0.168,29156
1330,5.20500,5.28095,4.105e-04,0.632,0.160,29166
1331,5.21076,5.28095,4.103e-04,0.740,0.212,29169
1332,5.17153,5.28095,4.100e-04,0.677,0.162,29171
1333,5.09917,5.28095,4.097e-04,0.694,0.180,29153
1334,5.24795,5.28095,4.094e-04,0.697,0.174,29168
1335,5.35110,5.28095,4.091e-04,0.731,0.175,29144
1336,5.24221,5.28095,4.088e-04,0.668,0.164,29176
1337,5.38613,5.28095,4.085e-04,0.795,0.199,29177
1338,5.40302,5.28095,4.082e-04,0.683,0.155,29169
1339,5.26776,5.28095,4.079e-04,0.674,0.168,29187
1340,5.37863,5.28095,4.077e-04,0.758,0.212,29172
1341,5.33820,5.28095,4.074e-04,0.650,0.150,29098
1342,5.21890,5.28095,4.071e-04,0.723,0.177,29160
1343,5.31537,5.28095,4.068e-04,0.631,0.148,29159
1344,5.15111,5.28095,4.065e-04,0.666,0.168,29162
1345,5.22312,5.28095,4.062e-04,0.690,0.152,29184
1346,5.36143,5.28095,4.059e-04,0.688,0.159,29147
1347,5.13866,5.28095,4.056e-04,0.688,0.176,29169
1348,5.34427,5.28095,4.053e-04,0.670,0.149,29161
1349,5.32866,5.28095,4.050e-04,0.674,0.157,29182
1350,5.22266,5.28095,4.047e-04,0.719,0.165,29162
1351,5.32873,5.28095,4.045e-04,0.654,0.162,29189
1352,5.30669,5.28095,4.042e-04,0.639,0.145,29153
1353,5.29504,5.28095,4.039e-04,0.663,0.149,29164
1354,5.26409,5.28095,4.036e-04,0.609,0.151,29136
1355,5.29195,5.28095,4.033e-04,0.708,0.163,29181
1356,5.34736,5.28095,4.030e-04,0.591,0.135,29175
1357,5.34075,5.28095,4.027e-04,0.626,0.150,29132
1358,5.23889,5.28095,4.024e-04,0.597,0.145,29185
1359,5.15604,5.28095,4.021e-04,0.663,0.195,29158
1360,5.30436,5.28095,4.018e-04,0.648,0.172,29146
1361,5.28489,5.28095,4.015e-04,0.647,0.156,29135
1362,5.16499,5.28095,4.012e-04,0.611,0.147,29177
1363,5.33271,5.28095,4.010e-04,0.618,0.152,29139
1364,5.18739,5.28095,4.007e-04,0.608,0.154,29154
1365,5.31633,5.28095,4.004e-04,0.673,0.160,29164
1366,5.31040,5.28095,4.001e-04,0.709,0.157,29176
1367,5.28174,5.28095,3.998e-04,0.684,0.151,29165
1368,5.44332,5.28095,3.995e-04,0.703,0.156,29146
1369,5.27338,5.28095,3.992e-04,0.645,0.146,29159
1370,5.18256,5.28095,3.989e-04,0.648,0.163,29164
1371,5.23762,5.28095,3.986e-04,0.611,0.141,29164
1372,5.26605,5.28095,3.983e-04,0.625,0.137,29138
1373,5.09320,5.28095,3.980e-04,0.679,0.171,29172
1374,5.18874,5.28095,3.977e-04,0.623,0.136,29153
1375,5.18584,5.28095,3.974e-04,0.678,0.170,29149
1376,5.15035,5.28095,3.971e-04,0.627,0.146,29169
1377,5.16859,5.28095,3.969e-04,0.801,0.252,29164
1378,4.99775,5.28095,3.966e-04,0.588,0.149,29191
1379,5.14241,5.28095,3.963e-04,0.668,0.188,29143
1380,5.43884,5.28095,3.960e-04,0.730,0.149,29163
1381,5.09719,5.28095,3.957e-04,0.697,0.162,29130
1382,5.29290,5.28095,3.954e-04,0.648,0.140,29151
1383,5.30393,5.28095,3.951e-04,0.717,0.157,29170
1384,5.27181,5.28095,3.948e-04,0.583,0.130,29160
1385,5.27447,5.28095,3.945e-04,0.679,0.160,29166
1386,5.19458,5.28095,3.942e-04,0.599,0.145,29184
1387,5.29944,5.28095,3.939e-04,0.683,0.157,29137
1388,5.42941,5.28095,3.936e-04,0.588,0.121,29174
1389,5.36175,5.28095,3.933e-04,0.674,0.158,29167
1390,5.30931,5.28095,3.930e-04,0.632,0.148,29172
1391,5.18646,5.28095,3.927e-04,0.620,0.148,29175
1392,5.38946,5.28095,3.924e-04,0.663,0.154,29159
1393,5.19916,5.28095,3.921e-04,0.691,0.180,29145
1394,5.18870,5.28095,3.919e-04,0.637,0.151,29161
1395,5.36753,5.28095,3.916e-04,0.636,0.152,29164
1396,5.30483,5.28095,3.913e-04,0.602,0.149,29156
1397,5.30143,5.28095,3.910e-04,0.841,0.212,29147
1398,5.31443,5.28095,3.907e-04,0.720,0.179,29179
1399,5.32663,5.28095,3.904e-04,0.710,0.167,29178
1400,5.21540,5.28095,3.901e-04,0.636,0.146,29149
1401,5.23091,5.28095,3.898e-04,0.625,0.141,29114
1402,5.11210,5.28095,3.895e-04,0.687,0.163,29161
1403,5.30692,5.28095,3.892e-04,0.633,0.146,29168
1404,4.87538,5.28095,3.889e-04,0.666,0.176,29151
1405,5.25583,5.28095,3.886e-04,0.688,0.151,29180
1406,5.18030,5.28095,3.883e-04,0.651,0.141,29150
1407,5.16183,5.28095,3.880e-04,0.635,0.159,29181
1408,5.22551,5.28095,3.877e-04,0.666,0.140,29182
1409,5.30780,5.28095,3.874e-04,0.650,0.161,29164
1410,5.25537,5.28095,3.871e-04,0.684,0.150,29153
1411,5.12518,5.28095,3.868e-04,0.625,0.148,29156
1412,5.17007,5.28095,3.865e-04,0.696,0.158,29153
1413,5.27884,5.28095,3.862e-04,0.715,0.173,29190
1414,5.18973,5.28095,3.859e-04,0.695,0.180,29163
1415,5.14121,5.28095,3.856e-04,0.727,0.168,29159
1416,5.27388,5.28095,3.853e-04,0.699,0.180,29174
1417,5.11484,5.28095,3.850e-04,0.723,0.164,29168
1418,5.20192,5.28095,3.848e-04,0.642,0.138,29179
1419,5.03306,5.28095,3.845e-04,0.617,0.148,29165
1420,5.21284,5.28095,3.842e-04,0.702,0.161,29147
1421,5.37985,5.28095,3.839e-04,0.641,0.150,29141
1422,5.19733,5.28095,3.836e-04,0.674,0.145,29153
1423,5.32574,5.28095,3.833e-04,0.625,0.144,29163
1424,5.15847,5.28095,3.830e-04,0.703,0.167,29159
1425,5.14178,5.28095,3.827e-04,0.661,0.147,29136
1426,5.05098,5.28095,3.824e-04,0.730,0.214,29155
1427,5.18436,5.28095,3.821e-04,0.638,0.154,29176
1428,5.17412,5.28095,3.818e-04,0.716,0.171,29161
1429,5.11662,5.28095,3.815e-04,0.688,0.168,29158
1430,5.26665,5.28095,3.812e-04,0.666,0.144,29187
1431,5.24410,5.28095,3.809e-04,0.741,0.181,29156
1432,5.19051,5.28095,3.806e-04,0.674,0.165,29162
1433,5.22317,5.28095,3.803e-04,0.751,0.189,29178
1434,5.26897,5.28095,3.800e-04,0.636,0.140,29149
1435,5.29484,5.28095,3.797e-04,0.753,0.162,29164
1436,5.35370,5.28095,3.794e-04,0.778,0.158,29157
1437,5.37476,5.28095,3.791e-04,0.710,0.154,29149
1438,5.31248,5.28095,3.788e-04,0.766,0.197,29183
1439,5.16223,5.28095,3.785e-04,0.661,0.138,29153
1440,5.30116,5.28095,3.782e-04,0.767,0.176,29158
1441,5.23934,5.28095,3.779e-04,0.637,0.139,29115
1442,5.41440,5.28095,3.776e-04,0.760,0.176,29154
1443,5.14187,5.28095,3.773e-04,0.602,0.143,29171
1444,5.13091,5.28095,3.770e-04,0.615,0.136,29154
1445,5.15504,5.28095,3.767e-04,0.694,0.175,29175
1446,5.10755,5.28095,3.764e-04,0.684,0.167,29164
1447,5.17978,5.28095,3.761e-04,0.637,0.139,29144
1448,5.11573,5.28095,3.758e-04,0.656,0.162,29189
1449,5.27392,5.28095,3.755e-04,0.607,0.137,29165
1450,5.28334,5.28095,3.752e-04,0.682,0.154,29162
1451,5.17130,5.28095,3.749e-04,0.622,0.149,29175
1452,5.16764,5.28095,3.746e-04,0.627,0.144,29172
1453,5.20771,5.28095,3.743e-04,0.709,0.163,29166
1454,5.19789,5.28095,3.740e-04,0.740,0.165,29189
1455,5.10664,5.28095,3.737e-04,0.663,0.160,29164
1456,5.14025,5.28095,3.734e-04,0.675,0.156,29154
1457,5.18729,5.28095,3.731e-04,0.693,0.165,29157
1458,5.19205,5.28095,3.728e-04,0.594,0.138,29158
1459,5.24680,5.28095,3.725e-04,0.668,0.144,29145
1460,5.15227,5.28095,3.722e-04,0.672,0.179,29164
1461,5.29091,5.28095,3.719e-04,0.669,0.147,29140
1462,5.23294,5.28095,3.716e-04,0.651,0.154,29182
1463,5.22807,5.28095,3.713e-04,0.721,0.169,29151
1464,5.17869,5.28095,3.710e-04,0.704,0.145,29170
1465,5.28283,5.28095,3.707e-04,0.713,0.145,29181
1466,5.29462,5.28095,3.704e-04,0.774,0.180,29159
1467,5.14371,5.28095,3.701e-04,0.715,0.164,29150
1468,5.22354,5.28095,3.698e-04,0.738,0.188,29167
1469,5.38071,5.28095,3.695e-04,0.758,0.169,29177
1470,5.35343,5.28095,3.692e-04,0.764,0.155,29171
1471,5.23307,5.28095,3.689e-04,0.683,0.151,29140
1472,5.25266,5.28095,3.686e-04,0.696,0.150,29135
1473,5.02003,5.28095,3.683e-04,0.728,0.181,29168
1474,5.23337,5.28095,3.680e-04,0.714,0.156,29135
1475,5.15828,5.28095,3.677e-04,0.669,0.151,29173
1476,5.30552,5.28095,3.674e-04,0.684,0.152,29160
1477,5.20653,5.28095,3.671e-04,0.637,0.148,29163
1478,5.04025,5.28095,3.668e-04,0.664,0.150,29119
1479,5.20950,5.28095,3.665e-04,0.737,0.168,29162
1480,5.21757,5.28095,3.662e-04,0.645,0.142,29144
1481,5.22990,5.28095,3.659e-04,0.700,0.177,29114
1482,5.19602,5.28095,3.656e-04,0.675,0.159,29129
1483,5.24308,5.28095,3.653e-04,0.698,0.152,29171
1484,5.24588,5.28095,3.650e-04,0.725,0.163,29151
1485,5.16877,5.28095,3.647e-04,0.660,0.155,29156
1486,5.29548,5.28095,3.644e-04,0.688,0.150,29134
1487,5.23177,5.28095,3.641e-04,0.721,0.173,29169
1488,5.26686,5.28095,3.638e-04,0.638,0.139,29170
1489,5.43152,5.28095,3.635e-04,0.708,0.154,29166
1490,5.19672,5.28095,3.632e-04,0.635,0.142,29137
1491,5.14671,5.28095,3.629e-04,0.762,0.202,29164
1492,5.22023,5.28095,3.626e-04,0.707,0.161,29143
1493,5.32108,5.28095,3.623e-04,0.727,0.176,29159
1494,5.22325,5.28095,3.620e-04,0.757,0.188,29144
1495,5.07132,5.28095,3.617e-04,0.667,0.155,29159
1496,5.15576,5.28095,3.614e-04,0.687,0.152,29155
1497,5.20547,5.28095,3.611e-04,0.660,0.153,29161
1498,5.17841,5.28095,3.608e-04,0.731,0.170,29155
1499,5.11706,5.28095,3.605e-04,0.624,0.128,29152
1500,5.28921,5.14736,3.602e-04,0.687,0.160,8824
1501,5.03068,5.14736,3.599e-04,0.677,0.166,29507
1502,5.11800,5.14736,3.596e-04,0.660,0.143,29157
1503,5.31838,5.14736,3.593e-04,0.719,0.149,29156
1504,5.11571,5.14736,3.590e-04,0.688,0.169,29151
1505,5.14882,5.14736,3.587e-04,0.749,0.178,29159
1506,5.02506,5.14736,3.584e-04,0.771,0.197,29157
1507,5.17255,5.14736,3.581e-04,0.658,0.156,29159
1508,5.01175,5.14736,3.578e-04,0.732,0.197,29148
1509,5.19517,5.14736,3.575e-04,0.629,0.137,29161
1510,5.21131,5.14736,3.572e-04,0.690,0.171,29169
1511,5.04713,5.14736,3.569e-04,0.665,0.149,29175
1512,5.12862,5.14736,3.566e-04,0.686,0.160,29182
1513,5.34803,5.14736,3.563e-04,0.620,0.141,29164
1514,5.13797,5.14736,3.560e-04,0.639,0.135,29174
1515,5.15717,5.14736,3.557e-04,0.722,0.165,29148
1516,5.06702,5.14736,3.554e-04,0.681,0.178,29150
1517,5.05544,5.14736,3.551e-04,0.750,0.184,29185
1518,4.85431,5.14736,3.548e-04,0.654,0.152,29160
1519,5.20114,5.14736,3.545e-04,0.747,0.153,29157
1520,4.95511,5.14736,3.542e-04,0.681,0.170,29164
1521,5.30289,5.14736,3.539e-04,0.721,0.143,29112
1522,5.22420,5.14736,3.536e-04,0.803,0.221,29170
1523,5.29539,5.14736,3.533e-04,0.702,0.165,29177
1524,5.24808,5.14736,3.530e-04,0.661,0.150,29146
1525,5.07927,5.14736,3.527e-04,0.739,0.150,29172
1526,5.14118,5.14736,3.524e-04,0.652,0.129,29141
1527,5.12326,5.14736,3.521e-04,0.681,0.138,29189
1528,5.35705,5.14736,3.518e-04,0.729,0.136,29163
1529,5.21919,5.14736,3.515e-04,0.765,0.158,29115
1530,5.10014,5.14736,3.512e-04,0.786,0.181,29181
1531,5.25874,5.14736,3.509e-04,0.723,0.141,29135
1532,5.19626,5.14736,3.506e-04,0.622,0.145,29164
1533,5.25627,5.14736,3.503e-04,0.654,0.134,29163
1534,5.29430,5.14736,3.500e-04,0.715,0.144,29166
1535,5.16913,5.14736,3.497e-04,0.650,0.142,29156
1536,5.20805,5.14736,3.494e-04,0.690,0.152,29170
1537,5.21538,5.14736,3.491e-04,0.661,0.133,29158
1538,5.17364,5.14736,3.488e-04,0.662,0.156,29179
1539,5.04660,5.14736,3.485e-04,0.706,0.146,29143
1540,5.09042,5.14736,3.482e-04,0.655,0.154,29184
1541,5.16842,5.14736,3.479e-04,0.652,0.148,29094
1542,5.11005,5.14736,3.476e-04,0.652,0.139,29172
1543,5.10054,5.14736,3.473e-04,0.676,0.161,29158
1544,5.13009,5.14736,3.470e-04,0.748,0.145,29173
1545,5.28362,5.14736,3.467e-04,0.761,0.151,29184
1546,5.02646,5.14736,3.463e-04,0.689,0.141,29130
1547,5.07813,5.14736,3.460e-04,0.674,0.159,29153
1548,5.06229,5.14736,3.457e-04,0.660,0.146,29192
1549,5.38012,5.14736,3.454e-04,0.713,0.152,29137
1550,5.30045,5.14736,3.451e-04,0.670,0.161,29149
1551,5.05032,5.14736,3.448e-04,0.637,0.142,29167
1552,5.09252,5.14736,3.445e-04,0.619,0.136,29174
1553,5.11147,5.14736,3.442e-04,0.735,0.153,29154
1554,5.06873,5.14736,3.439e-04,0.627,0.133,29158
1555,5.14728,5.14736,3.436e-04,0.670,0.146,29156
1556,5.14175,5.14736,3.433e-04,0.731,0.157,29174
1557,5.21144,5.14736,3.430e-04,0.660,0.151,29154
1558,5.29684,5.14736,3.427e-04,0.701,0.161,29180
1559,5.10954,5.14736,3.424e-04,0.669,0.176,29152
1560,5.12664,5.14736,3.421e-04,0.656,0.147,29195
1561,5.20588,5.14736,3.418e-04,0.742,0.165,29112
1562,5.37847,5.14736,3.415e-04,0.755,0.155,29133
1563,5.15197,5.14736,3.412e-04,0.655,0.139,29186
1564,5.23306,5.14736,3.409e-04,0.676,0.138,29148
1565,5.12116,5.14736,3.406e-04,0.639,0.132,29170
1566,5.12487,5.14736,3.403e-04,0.754,0.144,29176
1567,5.27873,5.14736,3.400e-04,0.665,0.142,29176
1568,5.10531,5.14736,3.397e-04,0.715,0.173,29193
1569,5.24828,5.14736,3.394e-04,0.708,0.163,29158
1570,5.36359,5.14736,3.391e-04,0.764,0.163,29160
1571,5.21748,5.14736,3.388e-04,0.659,0.165,29149
1572,4.93926,5.14736,3.385e-04,0.700,0.158,29169
1573,5.21211,5.14736,3.382e-04,0.669,0.141,29152
1574,4.99100,5.14736,3.379e-04,0.763,0.171,29182
1575,5.09007,5.14736,3.376e-04,0.689,0.174,29184
1576,5.18172,5.14736,3.373e-04,0.694,0.151,29164
1577,5.10237,5.14736,3.370e-04,0.757,0.191,29174
1578,5.03299,5.14736,3.367e-04,0.682,0.152,29143
1579,5.13714,5.14736,3.364e-04,0.704,0.159,29160
1580,5.14605,5.14736,3.361e-04,0.737,0.152,29166
1581,5.16013,5.14736,3.358e-04,0.674,0.148,29122
1582,5.11976,5.14736,3.355e-04,0.669,0.166,29173
1583,5.27352,5.14736,3.351e-04,0.698,0.137,29149
1584,5.15972,5.14736,3.348e-04,0.678,0.151,29155
1585,5.15219,5.14736,3.345e-04,0.698,0.160,29168
1586,5.20348,5.14736,3.342e-04,0.660,0.152,29165
1587,5.20418,5.14736,3.339e-04,0.685,0.157,29171
1588,5.18988,5.14736,3.336e-04,0.662,0.134,29163
1589,5.07751,5.14736,3.333e-04,0.628,0.141,29174
1590,5.02861,5.14736,3.330e-04,0.665,0.148,29164
1591,5.16632,5.14736,3.327e-04,0.642,0.134,29184
1592,4.99215,5.14736,3.324e-04,0.667,0.168,29141
1593,5.22472,5.14736,3.321e-04,0.670,0.139,29180
1594,5.05593,5.14736,3.318e-04,0.658,0.154,29167
1595,5.00004,5.14736,3.315e-04,0.668,0.153,29149
1596,5.18975,5.14736,3.312e-04,0.720,0.177,29170
1597,5.03315,5.14736,3.309e-04,0.717,0.154,29173
1598,5.12951,5.14736,3.306e-04,0.655,0.133,29156
1599,5.03280,5.14736,3.303e-04,0.783,0.205,29174
1600,5.18382,5.14736,3.300e-04,0.679,0.152,29181
1601,5.05731,5.14736,3.297e-04,0.738,0.176,29112
1602,4.95835,5.14736,3.294e-04,0.679,0.147,29179
1603,5.11594,5.14736,3.291e-04,0.756,0.173,29152
1604,5.15094,5.14736,3.288e-04,0.703,0.137,29162
1605,4.91310,5.14736,3.285e-04,0.749,0.167,29167
1606,5.06332,5.14736,3.282e-04,0.784,0.158,29163
1607,5.30023,5.14736,3.279e-04,0.735,0.156,29179
1608,5.31163,5.14736,3.276e-04,0.849,0.177,29148
1609,5.05183,5.14736,3.273e-04,0.702,0.135,29171
1610,5.17495,5.14736,3.270e-04,0.704,0.146,29173
1611,5.06148,5.14736,3.267e-04,0.648,0.142,29147
1612,5.19372,5.14736,3.264e-04,0.641,0.137,29184
1613,5.08977,5.14736,3.261e-04,0.703,0.143,29134
1614,5.13137,5.14736,3.258e-04,0.682,0.128,29164
1615,5.15577,5.14736,3.255e-04,0.680,0.135,29178
1616,5.24045,5.14736,3.252e-04,0.718,0.146,29159
1617,5.25578,5.14736,3.249e-04,0.722,0.147,29170
1618,5.12444,5.14736,3.245e-04,0.694,0.142,29151
1619,5.05073,5.14736,3.242e-04,0.666,0.147,29188
1620,5.06218,5.14736,3.239e-04,0.665,0.147,29152
1621,5.06800,5.14736,3.236e-04,0.672,0.141,29104
1622,5.10960,5.14736,3.233e-04,0.692,0.150,29176
1623,5.13990,5.14736,3.230e-04,0.664,0.132,29165
1624,5.03476,5.14736,3.227e-04,0.648,0.146,29150
1625,4.97841,5.14736,3.224e-04,0.701,0.168,29166
1626,5.10442,5.14736,3.221e-04,0.630,0.133,29168
1627,5.12942,5.14736,3.218e-04,0.668,0.130,29156
1628,5.38316,5.14736,3.215e-04,0.797,0.182,29161
1629,5.16342,5.14736,3.212e-04,0.717,0.147,29175
1630,5.09713,5.14736,3.209e-04,0.731,0.157,29161
1631,5.09572,5.14736,3.206e-04,0.699,0.170,29148
1632,4.99227,5.14736,3.203e-04,0.702,0.158,29173
1633,5.37685,5.14736,3.200e-04,0.663,0.133,29135
1634,5.13387,5.14736,3.197e-04,0.762,0.174,29177
1635,5.06613,5.14736,3.194e-04,0.766,0.172,29163
1636,4.93097,5.14736,3.191e-04,0.693,0.158,29127
1637,5.16533,5.14736,3.188e-04,0.746,0.157,29158
1638,5.02695,5.14736,3.185e-04,0.850,0.267,29168
1639,5.02047,5.14736,3.182e-04,0.703,0.154,29173
1640,5.19774,5.14736,3.179e-04,0.717,0.188,29153
1641,4.90912,5.14736,3.176e-04,0.716,0.226,29110
1642,4.96282,5.14736,3.173e-04,0.768,0.177,29175
1643,5.05152,5.14736,3.170e-04,0.696,0.165,29141
1644,5.09721,5.14736,3.167e-04,0.682,0.137,29152
1645,5.17507,5.14736,3.164e-04,0.734,0.172,29161
1646,5.12601,5.14736,3.161e-04,0.733,0.142,29157
1647,5.26649,5.14736,3.158e-04,0.760,0.151,29187
1648,5.04860,5.14736,3.155e-04,0.694,0.145,29150
1649,5.17122,5.14736,3.152e-04,0.742,0.144,29181
1650,5.02811,5.14736,3.149e-04,0.676,0.132,29162
1651,5.09224,5.14736,3.146e-04,0.723,0.140,29166
1652,5.27121,5.14736,3.143e-04,0.733,0.138,29167
1653,5.15608,5.14736,3.140e-04,0.688,0.140,29175
1654,5.02741,5.14736,3.137e-04,0.739,0.149,29167
1655,5.00437,5.14736,3.133e-04,0.674,0.148,29147
1656,4.98399,5.14736,3.130e-04,0.701,0.135,29180
1657,5.27374,5.14736,3.127e-04,0.728,0.148,29150
1658,5.14198,5.14736,3.124e-04,0.704,0.151,29170
1659,5.01660,5.14736,3.121e-04,0.799,0.163,29162
1660,5.25442,5.14736,3.118e-04,0.818,0.184,29166
1661,5.24038,5.14736,3.115e-04,0.709,0.141,29123
1662,5.06023,5.14736,3.112e-04,0.733,0.163,29171
1663,5.15309,5.14736,3.109e-04,0.676,0.146,29132
1664,5.23622,5.14736,3.106e-04,0.708,0.150,29185
1665,5.10773,5.14736,3.103e-04,0.642,0.138,29163
1666,5.09382,5.14736,3.100e-04,0.693,0.147,29145
1667,5.23998,5.14736,3.097e-04,0.692,0.149,29164
1668,5.12049,5.14736,3.094e-04,0.719,0.166,29145
1669,5.02205,5.14736,3.091e-04,0.748,0.150,29163
1670,5.07999,5.14736,3.088e-04,0.785,0.163,29168
1671,5.00674,5.14736,3.085e-04,0.668,0.153,29149
1672,5.07856,5.14736,3.082e-04,0.722,0.151,29165
1673,4.94976,5.14736,3.079e-04,0.674,0.150,29142
1674,4.88793,5.14736,3.076e-04,0.751,0.160,29187
1675,5.07263,5.14736,3.073e-04,0.713,0.139,29153
1676,4.99465,5.14736,3.070e-04,0.679,0.162,29160
1677,5.06220,5.14736,3.067e-04,0.706,0.150,29155
1678,5.25961,5.14736,3.064e-04,0.676,0.125,29170
1679,5.08726,5.14736,3.061e-04,0.748,0.156,29158
1680,5.08093,5.14736,3.058e-04,0.729,0.146,29150
1681,5.04565,5.14736,3.055e-04,0.738,0.157,29114
1682,5.18758,5.14736,3.052e-04,0.762,0.156,29165
1683,4.99846,5.14736,3.049e-04,0.721,0.176,29163
1684,4.81568,5.14736,3.046e-04,0.674,0.147,29162
1685,4.94030,5.14736,3.043e-04,0.729,0.145,29165
1686,5.08819,5.14736,3.040e-04,0.752,0.155,29171
1687,5.09279,5.14736,3.037e-04,0.734,0.166,29156
1688,5.09268,5.14736,3.034e-04,0.679,0.137,29183
1689,5.22046,5.14736,3.031e-04,0.751,0.144,29172
1690,5.19895,5.14736,3.028e-04,0.720,0.149,29118
1691,5.03090,5.14736,3.025e-04,0.730,0.149,29167
1692,5.00629,5.14736,3.022e-04,0.748,0.141,29159
1693,5.15299,5.14736,3.019e-04,0.727,0.146,29150
1694,4.98943,5.14736,3.016e-04,0.779,0.164,29178
1695,5.07083,5.14736,3.013e-04,0.700,0.143,29163
1696,5.13211,5.14736,3.010e-04,0.849,0.216,29168
1697,5.15213,5.14736,3.007e-04,0.752,0.150,29171
1698,5.08849,5.14736,3.004e-04,0.707,0.165,29169
1699,4.96196,5.14736,3.001e-04,0.685,0.141,29164
1700,5.19795,5.14736,2.998e-04,0.715,0.138,29175
1701,5.02404,5.14736,2.995e-04,0.660,0.136,29125
1702,5.01916,5.14736,2.992e-04,0.747,0.167,29179
1703,5.11792,5.14736,2.989e-04,0.675,0.144,29160
1704,5.09781,5.14736,2.986e-04,0.690,0.141,29159
1705,5.09408,5.14736,2.983e-04,0.704,0.152,29157
1706,5.15065,5.14736,2.980e-04,0.666,0.148,29178
1707,5.14656,5.14736,2.977e-04,0.678,0.140,29139
1708,5.01168,5.14736,2.974e-04,0.725,0.147,29187
1709,5.05925,5.14736,2.971e-04,0.694,0.147,29137
1710,4.98222,5.14736,2.968e-04,0.647,0.135,29182
1711,4.99250,5.14736,2.965e-04,0.666,0.137,29169
1712,5.13572,5.14736,2.962e-04,0.724,0.138,29157
1713,5.12998,5.14736,2.959e-04,0.678,0.138,29153
1714,5.08582,5.14736,2.956e-04,0.731,0.160,29150
1715,5.14393,5.14736,2.953e-04,0.729,0.142,29180
1716,4.94822,5.14736,2.950e-04,0.673,0.136,29157
1717,5.04082,5.14736,2.947e-04,0.776,0.158,29148
1718,4.96946,5.14736,2.944e-04,0.709,0.162,29183
1719,5.07812,5.14736,2.941e-04,0.774,0.186,29160
1720,4.94849,5.14736,2.938e-04,0.713,0.139,29158
1721,5.13040,5.14736,2.935e-04,0.721,0.157,29117
1722,4.98890,5.14736,2.932e-04,0.730,0.164,29155
1723,5.00888,5.14736,2.929e-04,0.682,0.148,29154
1724,5.00153,5.14736,2.926e-04,0.721,0.147,29194
1725,5.11123,5.14736,2.923e-04,0.760,0.167,29162
1726,5.11861,5.14736,2.920e-04,0.688,0.141,29168
1727,5.04001,5.14736,2.917e-04,0.750,0.163,29163
1728,4.97533,5.14736,2.914e-04,0.654,0.130,29145
1729,5.20835,5.14736,2.911e-04,0.731,0.154,29182
1730,5.13962,5.14736,2.908e-04,0.651,0.132,29175
1731,4.98811,5.14736,2.905e-04,0.796,0.191,29165
1732,5.09202,5.14736,2.902e-04,0.674,0.148,29166
1733,5.14514,5.14736,2.899e-04,0.752,0.165,29147
1734,4.95405,5.14736,2.896e-04,0.722,0.162,29167
1735,4.99296,5.14736,2.893e-04,0.747,0.154,29185
1736,5.09128,5.14736,2.890e-04,0.697,0.130,29172
1737,5.11278,5.14736,2.887e-04,0.746,0.158,29152
1738,5.19416,5.14736,2.884e-04,0.718,0.145,29165
1739,5.16586,5.14736,2.881e-04,0.734,0.165,29156
1740,4.91740,5.14736,2.878e-04,1.144,0.221,29149
1741,5.06900,5.14736,2.875e-04,0.849,0.173,29129
1742,5.03358,5.14736,2.872e-04,0.738,0.172,29165
1743,5.24270,5.14736,2.869e-04,0.807,0.162,29141
1744,5.09752,5.14736,2.866e-04,0.691,0.141,29163
1745,5.14357,5.14736,2.863e-04,0.735,0.143,29142
1746,4.98271,5.14736,2.860e-04,0.715,0.153,29161
1747,4.96940,5.14736,2.857e-04,0.743,0.149,29191
1748,4.90412,5.14736,2.854e-04,0.773,0.147,29146
1749,5.03870,5.14736,2.851e-04,0.788,0.170,29167
1750,5.16198,5.03669,2.848e-04,0.811,0.168,8831
1751,5.11820,5.03669,2.845e-04,0.769,0.146,29479
1752,5.08147,5.03669,2.842e-04,0.687,0.143,29174
1753,5.02454,5.03669,2.839e-04,0.723,0.163,29168
1754,5.01697,5.03669,2.836e-04,0.692,0.133,29157
1755,5.06843,5.03669,2.833e-04,0.707,0.149,29161
1756,4.92781,5.03669,2.830e-04,0.644,0.132,29186
1757,4.97519,5.03669,2.827e-04,0.706,0.155,29095
1758,4.97928,5.03669,2.824e-04,0.698,0.151,29180
1759,5.11605,5.03669,2.821e-04,0.650,0.127,29161
1760,5.12986,5.03669,2.818e-04,0.695,0.141,29178
1761,5.05227,5.03669,2.815e-04,0.661,0.134,29108
1762,5.24105,5.03669,2.812e-04,0.634,0.123,29175
1763,5.12747,5.03669,2.809e-04,0.677,0.134,29171
1764,4.93672,5.03669,2.806e-04,0.655,0.137,29177
1765,4.91260,5.03669,2.803e-04,0.674,0.155,29161
1766,5.00649,5.03669,2.800e-04,0.652,0.138,29139
1767,5.15050,5.03669,2.797e-04,0.633,0.136,29186
1768,5.04969,5.03669,2.794e-04,0.745,0.161,29179
1769,4.92735,5.03669,2.791e-04,0.753,0.168,29176
1770,4.99983,5.03669,2.788e-04,0.779,0.161,29181
1771,4.90736,5.03669,2.785e-04,0.730,0.178,29149
1772,5.09944,5.03669,2.782e-04,0.689,0.143,29146
1773,5.11848,5.03669,2.779e-04,0.828,0.171,29182
1774,5.03937,5.03669,2.776e-04,0.701,0.152,29179
1775,5.10998,5.03669,2.773e-04,0.705,0.155,29192
1776,5.08665,5.03669,2.770e-04,0.719,0.149,29166
1777,5.21669,5.03669,2.767e-04,0.771,0.161,29136
1778,4.78632,5.03669,2.764e-04,0.691,0.149,29185
1779,5.06187,5.03669,2.761e-04,0.719,0.141,29169
1780,5.01758,5.03669,2.758e-04,0.711,0.139,29124
1781,4.91284,5.03669,2.755e-04,0.655,0.139,29135
1782,4.77701,5.03669,2.752e-04,0.676,0.129,29138
1783,5.00518,5.03669,2.750e-04,0.674,0.133,29193
1784,4.96580,5.03669,2.747e-04,0.676,0.148,29159
1785,5.14538,5.03669,2.744e-04,0.682,0.128,29149
1786,5.18675,5.03669,2.741e-04,0.649,0.126,29181
1787,5.10649,5.03669,2.738e-04,0.694,0.144,29140
1788,5.03363,5.03669,2.735e-04,0.669,0.134,29164
1789,4.97971,5.03669,2.732e-04,0.693,0.145,29181
1790,5.15208,5.03669,2.729e-04,0.759,0.160,29150
1791,4.93466,5.03669,2.726e-04,0.743,0.163,29173
1792,4.97935,5.03669,2.723e-04,0.699,0.138,29196
1793,5.04278,5.03669,2.720e-04,0.740,0.160,29173
1794,4.95916,5.03669,2.717e-04,0.715,0.152,29149
1795,5.04852,5.03669,2.714e-04,0.711,0.136,29157
1796,5.13032,5.03669,2.711e-04,0.737,0.163,29161
1797,5.04819,5.03669,2.708e-04,0.793,0.160,29184
1798,5.15993,5.03669,2.705e-04,0.771,0.150,29173
1799,5.10809,5.03669,2.702e-04,0.694,0.139,29171
1800,5.09882,5.03669,2.699e-04,0.752,0.134,29167
1801,5.05793,5.03669,2.696e-04,0.719,0.158,29118
1802,4.95319,5.03669,2.693e-04,0.746,0.155,29162
1803,5.14593,5.03669,2.690e-04,0.710,0.134,29192
1804,4.88309,5.03669,2.687e-04,0.690,0.142,29158
1805,5.02274,5.03669,2.684e-04,0.717,0.149,29163
1806,4.85061,5.03669,2.681e-04,0.766,0.168,29175
1807,5.11890,5.03669,2.679e-04,0.778,0.148,29158
1808,5.02958,5.03669,2.676e-04,0.746,0.139,29168
1809,5.31448,5.03669,2.673e-04,0.744,0.143,29155
1810,5.06114,5.03669,2.670e-04,0.743,0.154,29159
1811,4.86743,5.03669,2.667e-04,0.714,0.144,29158
1812,4.87585,5.03669,2.664e-04,0.747,0.146,29165
1813,5.01001,5.03669,2.661e-04,0.735,0.167,29162
1814,5.17610,5.03669,2.658e-04,0.777,0.153,29169
1815,5.08650,5.03669,2.655e-04,0.736,0.142,29156
1816,5.13194,5.03669,2.652e-04,0.765,0.162,29177
1817,4.95189,5.03669,2.649e-04,0.741,0.146,29163
1818,5.13260,5.03669,2.646e-04,0.785,0.146,29152
1819,4.95158,5.03669,2.643e-04,0.695,0.145,29183
1820,5.06775,5.03669,2.640e-04,0.669,0.137,29159
1821,5.14539,5.03669,2.637e-04,0.717,0.145,29127
1822,4.97745,5.03669,2.634e-04,0.768,0.164,29157
1823,4.93699,5.03669,2.631e-04,0.749,0.151,29186
1824,4.99231,5.03669,2.629e-04,0.724,0.145,29150
1825,4.97138,5.03669,2.626e-04,0.830,0.198,29177
1826,4.97165,5.03669,2.623e-04,0.773,0.160,29144
1827,4.87412,5.03669,2.620e-04,0.766,0.196,29151
1828,5.08340,5.03669,2.617e-04,0.834,0.159,29161
1829,4.98859,5.03669,2.614e-04,0.724,0.153,29161
1830,5.06091,5.03669,2.611e-04,0.731,0.142,29171
1831,4.91325,5.03669,2.608e-04,0.729,0.148,29177
1832,5.11122,5.03669,2.605e-04,0.736,0.155,29147
1833,5.05069,5.03669,2.602e-04,0.773,0.140,29184
1834,4.94158,5.03669,2.599e-04,0.691,0.131,29170
1835,5.10893,5.03669,2.596e-04,0.799,0.160,29160
1836,4.98137,5.03669,2.593e-04,0.685,0.140,29171
1837,5.15523,5.03669,2.590e-04,0.751,0.149,29171
1838,4.79955,5.03669,2.588e-04,0.675,0.133,29149
1839,5.07489,5.03669,2.585e-04,0.689,0.135,29173
1840,5.10486,5.03669,2.582e-04,0.767,0.152,29170
1841,5.16001,5.03669,2.579e-04,0.804,0.137,29120
1842,5.09206,5.03669,2.576e-04,0.731,0.152,29168
1843,5.09074,5.03669,2.573e-04,0.795,0.153,29172
1844,4.98933,5.03669,2.570e-04,0.732,0.154,29175
1845,5.12600,5.03669,2.567e-04,0.713,0.126,29159
1846,5.04677,5.03669,2.564e-04,0.727,0.143,29154
1847,5.14667,5.03669,2.561e-04,0.689,0.142,29164
1848,4.85302,5.03669,2.558e-04,0.751,0.174,29142
1849,5.00613,5.03669,2.555e-04,0.677,0.131,29159
1850,5.11676,5.03669,2.553e-04,0.702,0.134,29188
1851,4.89476,5.03669,2.550e-04,0.733,0.174,29160
1852,4.89038,5.03669,2.547e-04,0.690,0.134,29143
1853,5.09486,5.03669,2.544e-04,0.775,0.168,29168
1854,4.99630,5.03669,2.541e-04,0.690,0.144,29145
1855,4.97600,5.03669,2.538e-04,0.770,0.167,29169
1856,4.77739,5.03669,2.535e-04,0.731,0.165,29175
1857,4.94674,5.03669,2.532e-04,0.702,0.138,29174
1858,5.00899,5.03669,2.529e-04,0.662,0.140,29159
1859,5.03317,5.03669,2.526e-04,0.667,0.136,29143
1860,4.97289,5.03669,2.523e-04,0.766,0.137,29180
1861,5.07228,5.03669,2.521e-04,0.700,0.132,29117
1862,4.96044,5.03669,2.518e-04,0.695,0.139,29161
1863,4.95259,5.03669,2.515e-04,0.773,0.139,29170
1864,5.05085,5.03669,2.512e-04,0.673,0.128,29154
1865,5.11481,5.03669,2.509e-04,0.681,0.131,29168
1866,5.02673,5.03669,2.506e-04,0.726,0.141,29161
1867,5.03625,5.03669,2.503e-04,0.715,0.143,29160
1868,5.09536,5.03669,2.500e-04,0.644,0.131,29142
1869,5.02295,5.03669,2.497e-04,0.736,0.141,29180
1870,5.18186,5.03669,2.495e-04,0.711,0.138,29165
1871,4.86833,5.03669,2.492e-04,0.791,0.181,29160
1872,4.92455,5.03669,2.489e-04,0.732,0.148,29177
1873,5.12404,5.03669,2.486e-04,0.756,0.138,29135
1874,4.99394,5.03669,2.483e-04,0.781,0.157,29164
1875,5.07911,5.03669,2.480e-04,0.760,0.159,29181
1876,5.03348,5.03669,2.477e-04,0.724,0.150,29143
1877,4.96776,5.03669,2.474e-04,0.732,0.133,29163
1878,5.23614,5.03669,2.471e-04,0.782,0.144,29172
1879,5.04123,5.03669,2.469e-04,0.673,0.133,29153
1880,4.88222,5.03669,2.466e-04,0.816,0.141,29157
1881,4.96867,5.03669,2.463e-04,0.734,0.150,29114
1882,5.01597,5.03669,2.460e-04,0.793,0.166,29189
1883,5.13193,5.03669,2.457e-04,0.769,0.157,29150
1884,5.05365,5.03669,2.454e-04,0.713,0.142,29160
1885,4.94203,5.03669,2.451e-04,0.676,0.145,29168
1886,4.98328,5.03669,2.448e-04,0.765,0.153,29171
1887,4.99793,5.03669,2.446e-04,0.697,0.129,29158
1888,4.95796,5.03669,2.443e-04,0.683,0.129,29163
1889,5.06851,5.03669,2.440e-04,0.712,0.140,29180
1890,4.82809,5.03669,2.437e-04,0.731,0.172,29150
1891,5.03916,5.03669,2.434e-04,0.692,0.136,29164
1892,4.88888,5.03669,2.431e-04,0.781,0.172,29173
1893,4.98202,5.03669,2.428e-04,0.723,0.166,29142
1894,5.07990,5.03669,2.425e-04,0.879,0.188,29183
1895,4.82383,5.03669,2.423e-04,0.770,0.158,29154
1896,4.97268,5.03669,2.420e-04,0.857,0.181,29192
1897,5.05825,5.03669,2.417e-04,0.781,0.150,29156
1898,5.03774,5.03669,2.414e-04,0.742,0.141,29153
1899,4.95077,5.03669,2.411e-04,0.754,0.154,29147
1900,4.96819,5.03669,2.408e-04,0.690,0.135,29164
1901,4.82779,5.03669,2.405e-04,0.724,0.158,29074
1902,4.99445,5.03669,2.403e-04,0.695,0.135,29180
1903,5.10729,5.03669,2.400e-04,0.692,0.150,29173
1904,4.94877,5.03669,2.397e-04,0.683,0.143,29167
1905,5.16113,5.03669,2.394e-04,0.739,0.147,29162
1906,5.13561,5.03669,2.391e-04,0.711,0.135,29155
1907,5.08321,5.03669,2.388e-04,0.767,0.166,29175
1908,5.06680,5.03669,2.385e-04,0.728,0.135,29187
1909,4.90977,5.03669,2.383e-04,0.707,0.149,29164
1910,5.06436,5.03669,2.380e-04,0.800,0.156,29167
1911,5.06105,5.03669,2.377e-04,0.776,0.157,29132
1912,5.01096,5.03669,2.374e-04,0.722,0.141,29168
1913,4.98869,5.03669,2.371e-04,0.819,0.152,29165
1914,4.81944,5.03669,2.368e-04,0.780,0.156,29146
1915,5.09935,5.03669,2.365e-04,0.739,0.156,29171
1916,4.94800,5.03669,2.363e-04,0.732,0.157,29186
1917,5.14272,5.03669,2.360e-04,0.758,0.142,29157
1918,5.08553,5.03669,2.357e-04,0.732,0.130,29157
1919,4.98413,5.03669,2.354e-04,0.770,0.146,29179
1920,5.14088,5.03669,2.351e-04,0.766,0.147,29140
1921,4.82992,5.03669,2.348e-04,0.701,0.137,29124
1922,5.13132,5.03669,2.346e-04,0.776,0.150,29160
1923,5.05661,5.03669,2.343e-04,0.754,0.138,29164
1924,5.11524,5.03669,2.340e-04,0.706,0.145,29174
1925,4.94935,5.03669,2.337e-04,0.714,0.128,29143
1926,4.93621,5.03669,2.334e-04,0.735,0.156,29170
1927,4.87191,5.03669,2.331e-04,0.684,0.136,29173
1928,5.06379,5.03669,2.329e-04,0.727,0.135,29179
1929,4.96915,5.03669,2.326e-04,0.734,0.144,29164
1930,5.23197,5.03669,2.323e-04,0.693,0.124,29148
1931,4.90807,5.03669,2.320e-04,0.786,0.139,29159
1932,5.02684,5.03669,2.317e-04,0.658,0.127,29172
1933,4.82112,5.03669,2.315e-04,0.731,0.138,29173
1934,5.07753,5.03669,2.312e-04,0.779,0.136,29155
1935,5.01235,5.03669,2.309e-04,0.682,0.140,29146
1936,4.82722,5.03669,2.306e-04,0.779,0.160,29174
1937,4.81125,5.03669,2.303e-04,0.660,0.134,29174
1938,5.07206,5.03669,2.300e-04,0.741,0.138,29157
1939,4.90627,5.03669,2.298e-04,0.754,0.141,29160
1940,5.02408,5.03669,2.295e-04,0.740,0.151,29153
1941,4.95699,5.03669,2.292e-04,0.711,0.147,29129
1942,4.98693,5.03669,2.289e-04,0.717,0.131,29172
1943,5.07293,5.03669,2.286e-04,0.734,0.133,29143
1944,4.69105,5.03669,2.284e-04,0.765,0.164,29157
1945,4.97198,5.03669,2.281e-04,0.814,0.140,29164
1946,4.89279,5.03669,2.278e-04,0.679,0.140,29155
1947,5.10919,5.03669,2.275e-04,0.763,0.133,29161
1948,4.94523,5.03669,2.272e-04,0.761,0.151,29141
1949,4.86325,5.03669,2.270e-04,0.729,0.141,29171
1950,5.03586,5.03669,2.267e-04,0.719,0.130,29171
1951,5.08329,5.03669,2.264e-04,0.785,0.145,29163
1952,4.91297,5.03669,2.261e-04,0.722,0.141,29144
1953,5.32750,5.03669,2.258e-04,0.772,0.138,29180
1954,5.09225,5.03669,2.256e-04,0.731,0.134,29150
1955,4.79837,5.03669,2.253e-04,0.744,0.151,29156
1956,5.05610,5.03669,2.250e-04,0.751,0.143,29167
1957,5.20152,5.03669,2.247e-04,0.774,0.142,29169
1958,5.04284,5.03669,2.244e-04,0.736,0.159,29137
1959,5.15179,5.03669,2.242e-04,0.790,0.136,29175
1960,4.94091,5.03669,2.239e-04,0.767,0.150,29161
1961,4.94594,5.03669,2.236e-04,0.768,0.142,29122
1962,4.89764,5.03669,2.233e-04,0.725,0.134,29179
1963,4.87227,5.03669,2.230e-04,0.777,0.145,29155
1964,4.88016,5.03669,2.228e-04,0.826,0.182,29156
1965,4.88640,5.03669,2.225e-04,0.764,0.147,29161
1966,4.96238,5.03669,2.222e-04,0.741,0.173,29138
1967,4.81625,5.03669,2.219e-04,0.757,0.163,29188
1968,5.00294,5.03669,2.217e-04,0.759,0.148,29151
1969,4.89472,5.03669,2.214e-04,0.699,0.139,29183
1970,4.98794,5.03669,2.211e-04,0.810,0.155,29141
1971,4.96430,5.03669,2.208e-04,0.747,0.143,29154
1972,5.06887,5.03669,2.206e-04,0.750,0.138,29170
1973,4.69538,5.03669,2.203e-04,0.725,0.152,29136
1974,4.92386,5.03669,2.200e-04,0.824,0.171,29166
1975,4.93306,5.03669,2.197e-04,0.729,0.140,29156
1976,4.98573,5.03669,2.194e-04,0.818,0.163,29179
1977,4.82563,5.03669,2.192e-04,0.749,0.154,29089
1978,4.81492,5.03669,2.189e-04,0.800,0.158,29160
1979,4.92240,5.03669,2.186e-04,0.667,0.125,29165
1980,4.91232,5.03669,2.183e-04,0.755,0.144,29178
1981,4.82636,5.03669,2.181e-04,0.761,0.143,29115
1982,4.82131,5.03669,2.178e-04,0.694,0.144,29156
1983,4.97369,5.03669,2.175e-04,0.739,0.147,29152
1984,4.98166,5.03669,2.172e-04,0.716,0.127,29171
1985,4.85699,5.03669,2.170e-04,0.730,0.144,29141
1986,4.82599,5.03669,2.167e-04,0.720,0.160,29166
1987,4.99778,5.03669,2.164e-04,0.738,0.139,29163
1988,4.91291,5.03669,2.161e-04,0.689,0.146,29196
1989,4.81857,5.03669,2.159e-04,0.722,0.143,29148
1990,5.00986,5.03669,2.156e-04,0.762,0.131,29184
1991,5.07807,5.03669,2.153e-04,0.696,0.134,29155
1992,4.96265,5.03669,2.150e-04,0.732,0.146,29163
1993,5.02351,5.03669,2.148e-04,0.727,0.137,29144
1994,5.06895,5.03669,2.145e-04,0.759,0.153,29169
1995,5.19184,5.03669,2.142e-04,0.773,0.170,29148
1996,5.04332,5.03669,2.139e-04,0.811,0.146,29174
1997,5.19073,5.03669,2.137e-04,0.787,0.178,29156
1998,4.90831,5.03669,2.134e-04,0.747,0.150,29154
1999,4.86722,5.03669,2.131e-04,0.709,0.132,29177
2000,4.93478,4.94323,2.129e-04,0.763,0.142,8830
2001,4.92751,4.94323,2.126e-04,0.678,0.127,29520
2002,4.87528,4.94323,2.123e-04,0.761,0.146,29162
2003,5.03778,4.94323,2.120e-04,0.716,0.133,29167
2004,4.95516,4.94323,2.118e-04,0.742,0.144,29164
2005,4.95361,4.94323,2.115e-04,0.818,0.152,29148
2006,4.80883,4.94323,2.112e-04,0.784,0.143,29145
2007,4.87266,4.94323,2.109e-04,0.725,0.150,29168
2008,4.90752,4.94323,2.107e-04,0.817,0.140,29161
2009,5.06123,4.94323,2.104e-04,0.750,0.145,29151
2010,4.94581,4.94323,2.101e-04,0.822,0.183,29164
2011,5.07259,4.94323,2.099e-04,0.834,0.152,29156
2012,5.08546,4.94323,2.096e-04,0.767,0.142,29165
2013,4.93739,4.94323,2.093e-04,0.838,0.168,29166
2014,4.87690,4.94323,2.090e-04,0.732,0.138,29156
2015,4.92001,4.94323,2.088e-04,0.814,0.161,29167
2016,4.83716,4.94323,2.085e-04,0.764,0.145,29158
2017,4.96074,4.94323,2.082e-04,0.830,0.150,29142
2018,4.81347,4.94323,2.080e-04,0.732,0.143,29177
2019,4.91913,4.94323,2.077e-04,0.753,0.138,29142
2020,4.90011,4.94323,2.074e-04,0.738,0.140,29171
2021,5.06399,4.94323,2.072e-04,0.746,0.148,29127
2022,4.87994,4.94323,2.069e-04,0.805,0.149,29141
2023,4.88254,4.94323,2.066e-04,0.768,0.144,29162
2024,4.96673,4.94323,2.063e-04,0.810,0.142,29170
2025,4.95012,4.94323,2.061e-04,0.753,0.146,29147
2026,4.75128,4.94323,2.058e-04,0.790,0.144,29191
2027,5.00772,4.94323,2.055e-04,0.740,0.129,29135
2028,5.02804,4.94323,2.053e-04,0.734,0.128,29140
2029,4.92502,4.94323,2.050e-04,0.757,0.138,29188
2030,5.01639,4.94323,2.047e-04,0.698,0.126,29135
2031,4.73854,4.94323,2.045e-04,0.697,0.131,29178
2032,5.10613,4.94323,2.042e-04,0.855,0.149,29170
2033,5.03585,4.94323,2.039e-04,0.719,0.130,29154
2034,4.91154,4.94323,2.037e-04,0.858,0.168,29186
2035,4.95879,4.94323,2.034e-04,0.680,0.131,29155
2036,4.82741,4.94323,2.031e-04,0.763,0.144,29162
2037,4.90509,4.94323,2.029e-04,0.758,0.144,29172
2038,5.09141,4.94323,2.026e-04,0.738,0.136,29124
2039,5.16475,4.94323,2.023e-04,0.720,0.133,29177
2040,4.89591,4.94323,2.021e-04,0.738,0.139,29176
2041,4.97166,4.94323,2.018e-04,0.699,0.126,29115
2042,4.79094,4.94323,2.015e-04,0.730,0.175,29161
2043,4.80898,4.94323,2.013e-04,0.722,0.149,29151
2044,4.92750,4.94323,2.010e-04,0.829,0.173,29151
2045,4.73978,4.94323,2.007e-04,0.750,0.155,29174
2046,4.95322,4.94323,2.005e-04,0.682,0.144,29170
2047,5.01203,4.94323,2.002e-04,0.822,0.172,29160
2048,4.99388,4.94323,1.999e-04,0.745,0.136,29171
2049,5.00211,4.94323,1.997e-04,0.758,0.138,29160
2050,4.97072,4.94323,1.994e-04,0.791,0.182,29181
2051,4.97745,4.94323,1.991e-04,0.778,0.150,29160
2052,4.80698,4.94323,1.989e-04,0.823,0.154,29144
2053,4.88161,4.94323,1.986e-04,0.745,0.155,29166
2054,4.78685,4.94323,1.983e-04,0.746,0.144,29163
2055,4.82943,4.94323,1.981e-04,0.750,0.138,29154
2056,4.83080,4.94323,1.978e-04,0.743,0.135,29181
2057,4.90169,4.94323,1.975e-04,0.771,0.140,29159
2058,5.08217,4.94323,1.973e-04,0.725,0.132,29172
2059,4.86673,4.94323,1.970e-04,0.697,0.134,29144
2060,4.88920,4.94323,1.968e-04,0.726,0.136,29142
2061,4.95456,4.94323,1.965e-04,0.746,0.141,29114
2062,4.92936,4.94323,1.962e-04,0.696,0.120,29174
2063,4.75164,4.94323,1.960e-04,0.699,0.145,29130
2064,4.97404,4.94323,1.957e-04,0.826,0.158,29173
2065,4.63893,4.94323,1.954e-04,0.788,0.146,29161
2066,4.96964,4.94323,1.952e-04,0.768,0.156,29161
2067,4.93297,4.94323,1.949e-04,0.779,0.141,29172
2068,5.03930,4.94323,1.947e-04,0.760,0.135,29158
2069,5.00563,4.94323,1.944e-04,0.815,0.146,29180
2070,5.01883,4.94323,1.941e-04,0.711,0.141,29174
2071,4.75097,4.94323,1.939e-04,0.773,0.168,29135
2072,4.79931,4.94323,1.936e-04,0.755,0.142,29169
2073,4.72600,4.94323,1.933e-04,0.778,0.146,29175
2074,4.97287,4.94323,1.931e-04,0.821,0.142,29154
2075,5.05266,4.94323,1.928e-04,0.774,0.144,29183
2076,5.08700,4.94323,1.926e-04,0.811,0.141,29151
2077,4.90599,4.94323,1.923e-04,0.730,0.139,29150
2078,4.83107,4.94323,1.920e-04,0.690,0.131,29184
2079,5.08824,4.94323,1.918e-04,0.799,0.142,29169
2080,4.89897,4.94323,1.915e-04,0.821,0.142,29163
2081,5.06569,4.94323,1.913e-04,0.728,0.123,29111
2082,5.03771,4.94323,1.910e-04,0.766,0.140,29167
2083,4.92625,4.94323,1.907e-04,0.738,0.148,29154
2084,4.93387,4.94323,1.905e-04,0.756,0.139,29159
2085,5.03509,4.94323,1.902e-04,0.773,0.136,29170
2086,4.93236,4.94323,1.900e-04,0.753,0.149,29166
2087,5.09057,4.94323,1.897e-04,0.867,0.162,29132
2088,4.71208,4.94323,1.894e-04,0.786,0.145,29175
2089,4.91302,4.94323,1.892e-04,0.760,0.142,29156
2090,4.92466,4.94323,1.889e-04,0.789,0.161,29164
2091,4.87568,4.94323,1.887e-04,0.778,0.160,29184
2092,4.95663,4.94323,1.884e-04,0.715,0.159,29133
2093,4.91715,4.94323,1.882e-04,0.744,0.137,29167
2094,4.83570,4.94323,1.879e-04,0.734,0.141,29191
2095,4.94135,4.94323,1.876e-04,0.784,0.156,29173
2096,4.79384,4.94323,1.874e-04,0.772,0.151,29153
2097,4.90236,4.94323,1.871e-04,0.808,0.144,29170
2098,4.85600,4.94323,1.869e-04,0.766,0.149,29146
2099,4.97960,4.94323,1.866e-04,0.768,0.154,29164
2100,4.96401,4.94323,1.864e-04,0.780,0.147,29160
2101,4.99486,4.94323,1.861e-04,0.780,0.134,29120
2102,4.92183,4.94323,1.858e-04,0.785,0.159,29179
2103,4.73227,4.94323,1.856e-04,0.790,0.150,29162
2104,4.92507,4.94323,1.853e-04,0.783,0.157,29160
2105,5.00048,4.94323,1.851e-04,0.762,0.143,29171
2106,4.92105,4.94323,1.848e-04,0.762,0.143,29169
2107,4.93442,4.94323,1.846e-04,0.738,0.135,29144
2108,4.76623,4.94323,1.843e-04,0.757,0.147,29165
2109,4.73420,4.94323,1.841e-04,0.721,0.138,29159
2110,4.81808,4.94323,1.838e-04,0.707,0.139,29156
2111,4.90834,4.94323,1.835e-04,0.846,0.140,29180
2112,4.85431,4.94323,1.833e-04,0.753,0.144,29154
2113,5.00066,4.94323,1.830e-04,0.709,0.129,29159
2114,4.90407,4.94323,1.828e-04,0.715,0.128,29155
2115,4.80570,4.94323,1.825e-04,0.897,0.201,29183
2116,5.04651,4.94323,1.823e-04,0.748,0.135,29148
2117,4.85917,4.94323,1.820e-04,0.779,0.139,29183
2118,4.75246,4.94323,1.818e-04,0.779,0.153,29155
2119,5.13442,4.94323,1.815e-04,0.749,0.135,29169
2120,4.84826,4.94323,1.813e-04,0.697,0.130,29166
2121,5.07433,4.94323,1.810e-04,0.784,0.146,29111
2122,4.92627,4.94323,1.808e-04,0.848,0.162,29185
2123,4.65817,4.94323,1.805e-04,0.706,0.134,29137
2124,4.89274,4.94323,1.802e-04,0.758,0.138,29179
2125,4.86417,4.94323,1.800e-04,0.767,0.170,29174
2126,5.06357,4.94323,1.797e-04,0.739,0.149,29144
2127,5.01542,4.94323,1.795e-04,0.713,0.129,29183
2128,4.74170,4.94323,1.792e-04,0.847,0.188,29162
2129,4.89374,4.94323,1.790e-04,0.683,0.143,29172
2130,4.88780,4.94323,1.787e-04,0.792,0.162,29163
2131,4.78295,4.94323,1.785e-04,0.752,0.145,29145
2132,4.93729,4.94323,1.782e-04,0.699,0.135,29190
2133,4.85911,4.94323,1.780e-04,0.732,0.152,29147
2134,4.84515,4.94323,1.777e-04,0.783,0.167,29176
2135,5.04058,4.94323,1.775e-04,0.747,0.142,29175
2136,5.09150,4.94323,1.772e-04,0.770,0.140,29186
2137,4.99271,4.94323,1.770e-04,0.853,0.180,29142
2138,4.86125,4.94323,1.767e-04,0.787,0.141,29175
2139,4.88967,4.94323,1.765e-04,0.733,0.135,29187
2140,4.74349,4.94323,1.762e-04,0.824,0.176,29162
2141,5.00782,4.94323,1.760e-04,0.773,0.140,29128
2142,4.80857,4.94323,1.757e-04,0.691,0.130,29171
2143,4.92538,4.94323,1.755e-04,0.757,0.132,29152
2144,4.78658,4.94323,1.752e-04,0.740,0.145,29170
2145,4.74561,4.94323,1.750e-04,0.696,0.131,29133
2146,4.78975,4.94323,1.747e-04,0.805,0.141,29170
2147,4.91042,4.94323,1.745e-04,0.781,0.141,29180
2148,4.90513,4.94323,1.743e-04,0.719,0.140,29164
2149,4.76368,4.94323,1.740e-04,0.788,0.147,29152
2150,4.78348,4.94323,1.738e-04,0.750,0.154,29174
2151,4.87140,4.94323,1.735e-04,0.876,0.160,29161
2152,4.94471,4.94323,1.733e-04,0.683,0.137,29171
2153,4.73610,4.94323,1.730e-04,0.748,0.155,29147
2154,4.92716,4.94323,1.728e-04,0.826,0.175,29156
2155,4.85840,4.94323,1.725e-04,0.776,0.188,29169
2156,4.97803,4.94323,1.723e-04,0.719,0.145,29160
2157,4.97857,4.94323,1.720e-04,0.720,0.128,29153
2158,4.78472,4.94323,1.718e-04,0.752,0.166,29179
2159,4.75272,4.94323,1.715e-04,0.719,0.135,29165
2160,4.99011,4.94323,1.713e-04,0.763,0.137,29163
2161,4.98114,4.94323,1.711e-04,0.800,0.154,29089
2162,4.88524,4.94323,1.708e-04,0.767,0.137,29149
2163,4.89350,4.94323,1.706e-04,0.725,0.143,29175
2164,5.01951,4.94323,1.703e-04,0.783,0.152,29167
2165,4.88735,4.94323,1.701e-04,0.793,0.151,29172
2166,4.82780,4.94323,1.698e-04,0.718,0.136,29117
2167,4.96712,4.94323,1.696e-04,0.785,0.144,29169
2168,5.13373,4.94323,1.693e-04,0.720,0.126,29168
2169,5.07087,4.94323,1.691e-04,0.694,0.124,29135
2170,5.00801,4.94323,1.689e-04,0.722,0.122,29163
2171,4.94965,4.94323,1.686e-04,0.742,0.133,29162
2172,4.70393,4.94323,1.684e-04,0.701,0.134,29160
2173,4.87028,4.94323,1.681e-04,0.740,0.127,29184
2174,4.74710,4.94323,1.679e-04,0.789,0.144,29154
2175,4.76790,4.94323,1.676e-04,0.732,0.134,29165
2176,5.01287,4.94323,1.674e-04,0.708,0.124,29175
2177,5.05425,4.94323,1.672e-04,0.770,0.136,29145
2178,4.95154,4.94323,1.669e-04,0.748,0.134,29163
2179,4.92997,4.94323,1.667e-04,0.814,0.161,29153
2180,4.80269,4.94323,1.664e-04,0.764,0.134,29148
2181,4.95296,4.94323,1.662e-04,0.688,0.136,29109
2182,4.96285,4.94323,1.660e-04,0.749,0.140,29172
2183,4.79824,4.94323,1.657e-04,0.705,0.145,29158
2184,4.89279,4.94323,1.655e-04,0.681,0.121,29171
2185,4.87864,4.94323,1.652e-04,0.738,0.132,29147
2186,4.73569,4.94323,1.650e-04,0.725,0.130,29157
2187,4.95774,4.94323,1.648e-04,0.679,0.121,29187
2188,4.97382,4.94323,1.645e-04,0.767,0.140,29140
2189,4.86621,4.94323,1.643e-04,0.719,0.138,29158
2190,4.92792,4.94323,1.640e-04,0.727,0.130,29176
2191,4.98635,4.94323,1.638e-04,0.718,0.126,29158
2192,4.96801,4.94323,1.636e-04,0.779,0.142,29162
2193,4.78995,4.94323,1.633e-04,0.698,0.137,29189
2194,4.89600,4.94323,1.631e-04,0.699,0.128,29174
2195,4.90026,4.94323,1.628e-04,0.758,0.129,29145
2196,4.93541,4.94323,1.626e-04,0.723,0.133,29189
2197,4.81019,4.94323,1.624e-04,0.748,0.141,29153
2198,4.81891,4.94323,1.621e-04,0.727,0.150,29157
2199,4.96120,4.94323,1.619e-04,0.726,0.134,29143
2200,4.82837,4.94323,1.617e-04,0.768,0.153,29174
2201,4.89622,4.94323,1.614e-04,0.774,0.128,29089
2202,4.86499,4.94323,1.612e-04,0.737,0.135,29187
2203,4.77752,4.94323,1.609e-04,0.810,0.155,29154
2204,5.01303,4.94323,1.607e-04,0.768,0.125,29171
2205,4.99546,4.94323,1.605e-04,0.775,0.135,29158
2206,4.73893,4.94323,1.602e-04,0.773,0.166,29167
2207,4.92155,4.94323,1.600e-04,0.741,0.139,29156
2208,4.87452,4.94323,1.598e-04,0.760,0.151,29182
2209,4.88860,4.94323,1.595e-04,0.724,0.129,29158
2210,4.98700,4.94323,1.593e-04,0.785,0.153,29147
2211,4.86124,4.94323,1.591e-04,0.748,0.146,29191
2212,4.70377,4.94323,1.588e-04,0.787,0.158,29152
2213,4.87551,4.94323,1.586e-04,0.738,0.139,29163
2214,4.77266,4.94323,1.584e-04,0.834,0.160,29170
2215,4.82326,4.94323,1.581e-04,0.699,0.126,29158
2216,4.89649,4.94323,1.579e-04,0.726,0.128,29168
2217,4.81505,4.94323,1.577e-04,0.769,0.156,29182
2218,4.77666,4.94323,1.574e-04,0.755,0.146,29197
2219,5.10949,4.94323,1.572e-04,0.710,0.126,29108
2220,4.82747,4.94323,1.570e-04,0.777,0.147,29169
2221,4.96205,4.94323,1.567e-04,0.694,0.125,29127
2222,4.90264,4.94323,1.565e-04,0.759,0.134,29184
2223,5.00140,4.94323,1.563e-04,0.746,0.131,29165
2224,4.85579,4.94323,1.560e-04,0.810,0.139,29155
2225,4.91394,4.94323,1.558e-04,0.728,0.120,29185
2226,5.00881,4.94323,1.556e-04,0.758,0.135,29153
2227,4.94144,4.94323,1.553e-04,0.758,0.125,29172
2228,4.83373,4.94323,1.551e-04,0.717,0.131,29183
2229,4.85797,4.94323,1.549e-04,0.781,0.142,29152
2230,4.67903,4.94323,1.546e-04,0.724,0.133,29147
2231,4.79880,4.94323,1.544e-04,0.813,0.162,29185
2232,4.94431,4.94323,1.542e-04,0.764,0.137,29166
2233,4.94232,4.94323,1.540e-04,0.785,0.131,29157
2234,5.00458,4.94323,1.537e-04,0.750,0.151,29183
2235,4.87096,4.94323,1.535e-04,0.744,0.140,29174
2236,4.98023,4.94323,1.533e-04,0.772,0.142,29169
2237,4.82647,4.94323,1.530e-04,0.831,0.165,29163
2238,4.97988,4.94323,1.528e-04,0.768,0.145,29168
2239,4.83298,4.94323,1.526e-04,0.725,0.137,29170
2240,5.04699,4.94323,1.524e-04,0.781,0.134,29190
2241,4.93470,4.94323,1.521e-04,0.722,0.129,29120
2242,4.89938,4.94323,1.519e-04,0.773,0.139,29161
2243,4.63744,4.94323,1.517e-04,0.771,0.146,29166
2244,4.93501,4.94323,1.514e-04,0.804,0.147,29177
2245,4.78783,4.94323,1.512e-04,0.755,0.150,29172
2246,4.85167,4.94323,1.510e-04,0.715,0.136,29153
2247,5.01603,4.94323,1.508e-04,0.769,0.131,29164
2248,4.83604,4.94323,1.505e-04,0.758,0.137,29155
2249,5.02449,4.94323,1.503e-04,0.849,0.147,29166
2250,4.68904,4.87635,1.501e-04,0.695,0.122,8832
2251,4.93541,4.87635,1.499e-04,0.815,0.149,29499
2252,4.69960,4.87635,1.496e-04,0.763,0.146,29164
2253,4.98602,4.87635,1.494e-04,0.762,0.142,29171
2254,5.00061,4.87635,1.492e-04,0.809,0.151,29161
2255,4.90707,4.87635,1.490e-04,0.715,0.135,29163
2256,4.87977,4.87635,1.487e-04,0.745,0.127,29170
2257,4.69531,4.87635,1.485e-04,0.819,0.139,29165
2258,4.79508,4.87635,1.483e-04,0.703,0.124,29163
2259,4.92836,4.87635,1.481e-04,0.755,0.132,29167
2260,4.86704,4.87635,1.478e-04,0.794,0.146,29145
2261,4.84440,4.87635,1.476e-04,0.720,0.129,29144
2262,4.70580,4.87635,1.474e-04,0.734,0.138,29161
2263,5.03531,4.87635,1.472e-04,0.760,0.138,29171
2264,4.99686,4.87635,1.469e-04,0.739,0.125,29163
2265,4.89654,4.87635,1.467e-04,0.779,0.136,29179
2266,4.81406,4.87635,1.465e-04,0.747,0.139,29144
2267,4.92705,4.87635,1.463e-04,0.766,0.144,29164
2268,4.97357,4.87635,1.461e-04,0.747,0.140,29174
2269,4.90851,4.87635,1.458e-04,0.718,0.138,29155
2270,4.78256,4.87635,1.456e-04,0.837,0.149,29115
2271,4.98230,4.87635,1.454e-04,0.757,0.135,29175
2272,4.95059,4.87635,1.452e-04,0.805,0.147,29140
2273,4.90969,4.87635,1.450e-04,0.922,0.172,29148
2274,4.86767,4.87635,1.447e-04,0.744,0.129,29169
2275,4.97126,4.87635,1.445e-04,0.812,0.144,29165
2276,4.89404,4.87635,1.443e-04,0.780,0.154,29151
2277,4.61230,4.87635,1.441e-04,0.815,0.138,29191
2278,4.88536,4.87635,1.439e-04,0.839,0.158,29169
2279,4.96269,4.87635,1.436e-04,0.730,0.129,29167
2280,4.71120,4.87635,1.434e-04,0.839,0.143,29166
2281,4.80200,4.87635,1.432e-04,0.796,0.134,29129
2282,4.92432,4.87635,1.430e-04,0.759,0.132,29162
2283,4.97768,4.87635,1.428e-04,0.753,0.135,29161
2284,4.91705,4.87635,1.425e-04,0.797,0.145,29159
2285,4.86114,4.87635,1.423e-04,0.757,0.134,29171
2286,4.88368,4.87635,1.421e-04,0.820,0.148,29163
2287,4.92658,4.87635,1.419e-04,0.826,0.147,29158
2288,4.96559,4.87635,1.417e-04,0.729,0.126,29159
2289,4.70191,4.87635,1.415e-04,0.817,0.152,29193
2290,4.98885,4.87635,1.412e-04,0.790,0.141,29163
2291,4.98726,4.87635,1.410e-04,0.800,0.138,29173
2292,4.75393,4.87635,1.408e-04,0.778,0.144,29145
2293,4.99112,4.87635,1.406e-04,0.747,0.133,29147
2294,4.96893,4.87635,1.404e-04,0.790,0.131,29187
2295,4.73327,4.87635,1.402e-04,0.769,0.141,29162
2296,4.94113,4.87635,1.399e-04,0.767,0.144,29178
2297,4.67323,4.87635,1.397e-04,0.784,0.142,29173
2298,4.94234,4.87635,1.395e-04,0.746,0.129,29142
2299,4.82969,4.87635,1.393e-04,0.687,0.134,29171
2300,4.84391,4.87635,1.391e-04,0.773,0.126,29161
2301,4.90032,4.87635,1.389e-04,0.794,0.142,29137
2302,4.82077,4.87635,1.387e-04,0.710,0.123,29167
2303,4.89946,4.87635,1.384e-04,0.777,0.136,29145
2304,4.83366,4.87635,1.382e-04,0.752,0.133,29161
2305,4.79311,4.87635,1.380e-04,0.766,0.147,29181
2306,4.76974,4.87635,1.378e-04,0.761,0.139,29141
2307,5.03079,4.87635,1.376e-04,0.720,0.139,29187
2308,4.86258,4.87635,1.374e-04,0.724,0.143,29172
2309,4.90880,4.87635,1.372e-04,0.749,0.147,29192
2310,4.91345,4.87635,1.370e-04,0.737,0.129,29190
2311,4.80032,4.87635,1.367e-04,0.787,0.160,29150
2312,4.94387,4.87635,1.365e-04,0.807,0.140,29181
2313,4.59634,4.87635,1.363e-04,0.745,0.148,29175
2314,4.80409,4.87635,1.361e-04,0.744,0.137,29162
2315,4.91464,4.87635,1.359e-04,0.730,0.128,29154
2316,4.87445,4.87635,1.357e-04,0.713,0.134,29145
2317,4.91037,4.87635,1.355e-04,0.742,0.130,29162
2318,4.88547,4.87635,1.353e-04,0.723,0.130,29171
2319,4.93273,4.87635,1.351e-04,0.828,0.161,29140
2320,4.76481,4.87635,1.348e-04,0.743,0.140,29185
2321,4.58395,4.87635,1.346e-04,0.766,0.139,29106
2322,4.94105,4.87635,1.344e-04,0.829,0.167,29174
2323,4.97020,4.87635,1.342e-04,0.789,0.149,29169
2324,4.80855,4.87635,1.340e-04,0.709,0.130,29154
2325,4.76606,4.87635,1.338e-04,0.844,0.162,29157
2326,4.86390,4.87635,1.336e-04,0.787,0.148,29160
2327,4.70621,4.87635,1.334e-04,0.798,0.146,29163
2328,4.79607,4.87635,1.332e-04,0.818,0.153,29157
2329,4.98337,4.87635,1.330e-04,0.834,0.146,29195
2330,4.95032,4.87635,1.328e-04,0.759,0.134,29163
2331,4.80517,4.87635,1.326e-04,0.894,0.176,29140
2332,4.98411,4.87635,1.324e-04,0.784,0.125,29198
2333,4.71771,4.87635,1.321e-04,0.772,0.144,29172
2334,4.91243,4.87635,1.319e-04,0.818,0.149,29169
2335,4.76926,4.87635,1.317e-04,0.765,0.137,29165
2336,4.87761,4.87635,1.315e-04,0.790,0.139,29156
2337,4.89767,4.87635,1.313e-04,0.860,0.152,29154
2338,5.05442,4.87635,1.311e-04,0.826,0.137,29176
2339,4.85928,4.87635,1.309e-04,0.857,0.187,29169
2340,4.84638,4.87635,1.307e-04,0.810,0.141,29152
2341,4.83334,4.87635,1.305e-04,0.816,0.164,29124
2342,4.72397,4.87635,1.303e-04,0.734,0.147,29147
2343,4.73294,4.87635,1.301e-04,0.815,0.151,29186
2344,4.93004,4.87635,1.299e-04,0.823,0.146,29141
2345,4.71848,4.87635,1.297e-04,0.771,0.131,29160
2346,4.90355,4.87635,1.295e-04,0.785,0.148,29182
2347,4.95794,4.87635,1.293e-04,0.746,0.127,29149
2348,4.83313,4.87635,1.291e-04,0.731,0.133,29196
2349,4.64216,4.87635,1.289e-04,0.753,0.132,29154
2350,4.97212,4.87635,1.287e-04,0.716,0.131,29171
2351,4.74890,4.87635,1.285e-04,0.723,0.139,29198
2352,4.96235,4.87635,1.283e-04,0.781,0.133,29184
2353,4.73217,4.87635,1.281e-04,0.759,0.143,29163
2354,5.07715,4.87635,1.279e-04,0.793,0.132,29156
2355,4.98514,4.87635,1.277e-04,0.756,0.138,29158
2356,4.67521,4.87635,1.275e-04,0.795,0.144,29145
2357,4.80440,4.87635,1.273e-04,0.754,0.139,29175
2358,4.92416,4.87635,1.271e-04,0.770,0.145,29147
2359,4.86207,4.87635,1.269e-04,0.749,0.127,29179
2360,4.60178,4.87635,1.267e-04,0.771,0.131,29162
2361,4.76437,4.87635,1.265e-04,0.759,0.142,29137
2362,5.00051,4.87635,1.263e-04,0.830,0.136,29169
2363,5.07271,4.87635,1.261e-04,0.770,0.128,29142
2364,4.93485,4.87635,1.259e-04,0.794,0.134,29148
2365,4.79063,4.87635,1.257e-04,0.772,0.138,29177
2366,4.55939,4.87635,1.255e-04,0.787,0.162,29161
2367,4.83290,4.87635,1.253e-04,0.762,0.146,29169
2368,4.74847,4.87635,1.251e-04,0.770,0.150,29156
2369,4.68882,4.87635,1.249e-04,0.783,0.154,29157
2370,4.89513,4.87635,1.247e-04,0.770,0.142,29161
2371,4.73270,4.87635,1.245e-04,0.748,0.154,29170
2372,4.92706,4.87635,1.243e-04,0.780,0.124,29178
2373,4.75629,4.87635,1.241e-04,0.738,0.130,29160
2374,4.82475,4.87635,1.239e-04,0.793,0.144,29185
2375,4.86042,4.87635,1.237e-04,0.746,0.142,29149
2376,4.98702,4.87635,1.235e-04,0.770,0.136,29146
2377,4.96936,4.87635,1.233e-04,0.834,0.144,29158
2378,5.00801,4.87635,1.231e-04,0.764,0.133,29173
2379,4.61645,4.87635,1.229e-04,0.811,0.155,29169
2380,4.90681,4.87635,1.227e-04,0.711,0.119,29158
2381,4.84981,4.87635,1.225e-04,0.772,0.128,29111
2382,4.83732,4.87635,1.223e-04,0.738,0.131,29171
2383,4.83615,4.87635,1.222e-04,0.785,0.133,29165
2384,4.95227,4.87635,1.220e-04,0.726,0.131,29168
2385,4.97827,4.87635,1.218e-04,0.686,0.121,29174
2386,4.69879,4.87635,1.216e-04,0.790,0.142,29138
2387,4.89634,4.87635,1.214e-04,0.806,0.127,29173
2388,4.88611,4.87635,1.212e-04,0.712,0.136,29188
2389,4.83074,4.87635,1.210e-04,0.774,0.142,29169
2390,4.92083,4.87635,1.208e-04,0.823,0.144,29157
2391,4.90590,4.87635,1.206e-04,0.800,0.129,29160
2392,5.04576,4.87635,1.204e-04,0.797,0.142,29176
2393,4.84287,4.87635,1.202e-04,0.808,0.152,29164
2394,4.75918,4.87635,1.200e-04,0.778,0.129,29160
2395,4.93437,4.87635,1.199e-04,0.724,0.124,29172
2396,4.95742,4.87635,1.197e-04,0.846,0.140,29166
2397,4.97290,4.87635,1.195e-04,0.758,0.135,29164
2398,4.97900,4.87635,1.193e-04,0.821,0.139,29166
2399,4.86394,4.87635,1.191e-04,0.725,0.126,29185
2400,4.93177,4.87635,1.189e-04,0.787,0.141,29155
2401,4.82340,4.87635,1.187e-04,0.748,0.141,29124
2402,4.70557,4.87635,1.185e-04,0.725,0.124,29177
2403,4.91295,4.87635,1.183e-04,0.788,0.129,29141
2404,4.95738,4.87635,1.182e-04,0.756,0.118,29166
2405,4.87065,4.87635,1.180e-04,0.815,0.153,29182
2406,4.85920,4.87635,1.178e-04,0.783,0.135,29169
2407,4.71612,4.87635,1.176e-04,0.776,0.136,29177
2408,4.89292,4.87635,1.174e-04,0.747,0.130,29173
2409,4.67442,4.87635,1.172e-04,0.815,0.153,29168
2410,4.87729,4.87635,1.170e-04,0.818,0.138,29169
2411,4.89630,4.87635,1.168e-04,0.808,0.131,29165
2412,4.93106,4.87635,1.167e-04,0.711,0.121,29164
2413,4.82338,4.87635,1.165e-04,0.805,0.139,29160
2414,4.80103,4.87635,1.163e-04,0.818,0.150,29174
2415,4.88997,4.87635,1.161e-04,0.823,0.127,29160
2416,4.88428,4.87635,1.159e-04,0.786,0.142,29164
2417,4.81337,4.87635,1.157e-04,0.793,0.136,29185
2418,4.67202,4.87635,1.155e-04,0.759,0.136,29139
2419,5.08010,4.87635,1.154e-04,0.772,0.129,29176
2420,4.80251,4.87635,1.152e-04,0.748,0.139,29162
2421,4.83404,4.87635,1.150e-04,0.754,0.135,29131
2422,4.84385,4.87635,1.148e-04,0.743,0.133,29142
2423,4.74309,4.87635,1.146e-04,0.735,0.128,29163
2424,4.78439,4.87635,1.144e-04,0.741,0.134,29182
2425,4.80922,4.87635,1.143e-04,0.802,0.142,29152
2426,4.78058,4.87635,1.141e-04,0.717,0.130,29195
2427,4.85912,4.87635,1.139e-04,0.747,0.128,29163
2428,4.99319,4.87635,1.137e-04,0.745,0.126,29182
2429,4.82999,4.87635,1.135e-04,0.734,0.137,29164
2430,4.66711,4.87635,1.134e-04,0.745,0.129,29132
2431,4.69318,4.87635,1.132e-04,0.783,0.138,29177
2432,4.87737,4.87635,1.130e-04,0.790,0.141,29153
2433,4.84801,4.87635,1.128e-04,0.795,0.136,29162
2434,4.63989,4.87635,1.126e-04,0.812,0.154,29182
2435,4.90758,4.87635,1.125e-04,0.763,0.138,29159
2436,4.86809,4.87635,1.123e-04,0.796,0.153,29167
2437,4.79092,4.87635,1.121e-04,0.799,0.139,29181
2438,4.58503,4.87635,1.119e-04,0.770,0.154,29149
2439,4.89947,4.87635,1.117e-04,0.727,0.127,29148
2440,4.81999,4.87635,1.116e-04,0.773,0.126,29171
2441,4.84104,4.87635,1.114e-04,0.808,0.136,29129
2442,4.79942,4.87635,1.112e-04,0.768,0.141,29185
2443,4.89125,4.87635,1.110e-04,0.761,0.127,29188
2444,4.98667,4.87635,1.109e-04,0.787,0.127,29140
2445,4.87606,4.87635,1.107e-04,0.787,0.132,29173
2446,4.94605,4.87635,1.105e-04,0.722,0.118,29171
2447,4.73612,4.87635,1.103e-04,0.824,0.148,29154
2448,4.71205,4.87635,1.101e-04,0.790,0.144,29168
2449,4.92575,4.87635,1.100e-04,0.857,0.164,29160
2450,4.88636,4.87635,1.098e-04,0.732,0.125,29166
2451,4.86748,4.87635,1.096e-04,0.756,0.131,29171
2452,4.83172,4.87635,1.094e-04,0.778,0.135,29150
2453,4.73713,4.87635,1.093e-04,0.818,0.138,29172
2454,4.89700,4.87635,1.091e-04,0.729,0.132,29159
2455,4.71312,4.87635,1.089e-04,0.746,0.130,29174
2456,4.86423,4.87635,1.088e-04,0.738,0.127,29143
2457,4.70123,4.87635,1.086e-04,0.786,0.129,29164
2458,4.78627,4.87635,1.084e-04,0.818,0.142,29185
2459,4.91371,4.87635,1.082e-04,0.787,0.138,29148
2460,4.82028,4.87635,1.081e-04,0.756,0.128,29181
2461,4.80341,4.87635,1.079e-04,0.804,0.136,29118
2462,4.76322,4.87635,1.077e-04,0.785,0.135,29173
2463,4.92869,4.87635,1.075e-04,0.751,0.135,29147
2464,4.87977,4.87635,1.074e-04,0.795,0.137,29152
2465,4.86368,4.87635,1.072e-04,0.780,0.135,29172
2466,4.82219,4.87635,1.070e-04,0.806,0.140,29170
2467,4.76152,4.87635,1.069e-04,0.785,0.138,29166
2468,4.79602,4.87635,1.067e-04,0.793,0.126,29172
2469,4.90424,4.87635,1.065e-04,0.751,0.122,29166
2470,4.84200,4.87635,1.063e-04,0.762,0.136,29173
2471,4.81574,4.87635,1.062e-04,0.814,0.135,29162
2472,4.86112,4.87635,1.060e-04,0.764,0.127,29162
2473,4.97857,4.87635,1.058e-04,0.773,0.131,29201
2474,4.70270,4.87635,1.057e-04,0.805,0.134,29155
2475,4.77223,4.87635,1.055e-04,0.785,0.129,29158
2476,4.92744,4.87635,1.053e-04,0.752,0.136,29173
2477,4.74722,4.87635,1.052e-04,0.738,0.132,29161
2478,4.84034,4.87635,1.050e-04,0.763,0.123,29142
2479,4.81406,4.87635,1.048e-04,0.755,0.130,29165
2480,4.73172,4.87635,1.047e-04,0.776,0.139,29150
2481,4.68560,4.87635,1.045e-04,0.775,0.138,29138
2482,4.83231,4.87635,1.043e-04,0.792,0.131,29192
2483,4.94405,4.87635,1.042e-04,0.794,0.122,29142
2484,4.79128,4.87635,1.040e-04,0.725,0.138,29139
2485,4.90317,4.87635,1.038e-04,0.769,0.134,29159
2486,4.83014,4.87635,1.037e-04,0.780,0.138,29164
2487,4.72771,4.87635,1.035e-04,0.810,0.143,29173
2488,4.89949,4.87635,1.033e-04,0.744,0.127,29152
2489,4.70991,4.87635,1.032e-04,0.773,0.142,29165
2490,4.88996,4.87635,1.030e-04,0.744,0.132,29187
2491,4.84034,4.87635,1.028e-04,0.799,0.134,29151
2492,4.78770,4.87635,1.027e-04,0.735,0.137,29172
2493,4.52582,4.87635,1.025e-04,0.772,0.144,29186
2494,5.09841,4.87635,1.024e-04,0.766,0.131,29163
2495,4.88191,4.87635,1.022e-04,0.811,0.132,29164
2496,4.69501,4.87635,1.020e-04,0.818,0.153,29184
2497,4.70456,4.87635,1.019e-04,0.771,0.142,29153
2498,4.76838,4.87635,1.017e-04,0.774,0.128,29157
2499,4.78116,4.87635,1.015e-04,0.810,0.138,29175
2500,4.82505,4.81945,1.014e-04,0.797,0.147,8827
2501,4.78525,4.81945,1.012e-04,0.779,0.139,29491
2502,5.03651,4.81945,1.011e-04,0.965,0.148,29171
2503,4.77144,4.81945,1.009e-04,0.779,0.135,29156
2504,4.88294,4.81945,1.007e-04,0.722,0.126,29154
2505,4.73199,4.81945,1.006e-04,0.787,0.145,29175
2506,4.66876,4.81945,1.004e-04,0.858,0.147,29152
2507,4.67533,4.81945,1.003e-04,0.789,0.145,29164
2508,4.88327,4.81945,1.001e-04,0.770,0.134,29166
2509,4.81797,4.81945,9.995e-05,0.802,0.147,29132
2510,4.90154,4.81945,9.979e-05,0.825,0.143,29169
2511,4.80269,4.81945,9.963e-05,0.786,0.132,29163
2512,4.79720,4.81945,9.947e-05,0.762,0.138,29158
2513,4.83115,4.81945,9.931e-05,0.795,0.131,29182
2514,4.85600,4.81945,9.916e-05,0.850,0.156,29168
2515,4.80853,4.81945,9.900e-05,0.855,0.142,29180
2516,4.68577,4.81945,9.884e-05,0.787,0.139,29166
2517,4.86496,4.81945,9.869e-05,0.833,0.139,29161
2518,4.86956,4.81945,9.853e-05,0.824,0.135,29162
2519,4.78944,4.81945,9.837e-05,0.852,0.136,29177
2520,4.91370,4.81945,9.822e-05,0.797,0.137,29173
2521,4.91924,4.81945,9.806e-05,0.754,0.130,29105
2522,4.92716,4.81945,9.791e-05,0.876,0.155,29166
2523,4.94837,4.81945,9.775e-05,0.856,0.131,29171
2524,4.95284,4.81945,9.760e-05,0.781,0.124,29179
2525,4.79352,4.81945,9.745e-05,0.802,0.140,29154
2526,4.84345,4.81945,9.729e-05,0.890,0.152,29170
2527,4.86583,4.81945,9.714e-05,0.815,0.140,29149
2528,4.83282,4.81945,9.699e-05,0.766,0.126,29168
2529,5.02779,4.81945,9.683e-05,0.863,0.168,29162
2530,4.98317,4.81945,9.668e-05,0.768,0.134,29174
2531,4.81975,4.81945,9.653e-05,0.848,0.176,29151
2532,4.81138,4.81945,9.638e-05,0.797,0.152,29159
2533,4.75398,4.81945,9.622e-05,0.723,0.122,29175
2534,4.96273,4.81945,9.607e-05,0.819,0.144,29159
2535,4.82405,4.81945,9.592e-05,0.760,0.154,29150
2536,4.77438,4.81945,9.577e-05,0.887,0.174,29181
2537,4.72762,4.81945,9.562e-05,0.845,0.144,29149
2538,4.81326,4.81945,9.547e-05,0.809,0.152,29144
2539,4.80983,4.81945,9.532e-05,0.805,0.157,29177
2540,4.61337,4.81945,9.517e-05,0.799,0.153,29146
2541,4.64235,4.81945,9.502e-05,0.822,0.141,29119
2542,4.76593,4.81945,9.487e-05,0.794,0.144,29165
2543,4.78011,4.81945,9.472e-05,0.790,0.129,29172
2544,4.93400,4.81945,9.457e-05,0.785,0.131,29177
2545,4.86344,4.81945,9.443e-05,0.803,0.139,29149
2546,4.74252,4.81945,9.428e-05,0.799,0.138,29173
2547,4.65713,4.81945,9.413e-05,0.783,0.138,29179
2548,4.78501,4.81945,9.398e-05,0.750,0.134,29142
2549,4.86281,4.81945,9.384e-05,0.833,0.133,29153
2550,4.68224,4.81945,9.369e-05,0.775,0.138,29169
2551,4.85938,4.81945,9.354e-05,0.850,0.140,29170
2552,4.84679,4.81945,9.340e-05,0.817,0.134,29194
2553,4.76094,4.81945,9.325e-05,0.780,0.145,29147
2554,4.79702,4.81945,9.311e-05,0.824,0.140,29171
2555,4.87957,4.81945,9.296e-05,0.887,0.150,29168
2556,4.83379,4.81945,9.282e-05,0.812,0.133,29163
2557,5.03713,4.81945,9.267e-05,0.846,0.137,29185
2558,4.84583,4.81945,9.253e-05,0.823,0.152,29161
2559,4.81467,4.81945,9.238e-05,0.788,0.142,29150
2560,4.95773,4.81945,9.224e-05,0.768,0.133,29179
2561,5.00757,4.81945,9.210e-05,0.784,0.137,29112
2562,4.95080,4.81945,9.195e-05,0.868,0.171,29173
2563,4.83603,4.81945,9.181e-05,0.791,0.146,29171
2564,4.83640,4.81945,9.167e-05,0.753,0.130,29171
2565,4.81003,4.81945,9.153e-05,0.782,0.163,29153
2566,4.82460,4.81945,9.138e-05,0.828,0.172,29166
2567,4.87348,4.81945,9.124e-05,0.790,0.132,29158
2568,4.81090,4.81945,9.110e-05,0.789,0.144,29168
2569,4.87782,4.81945,9.096e-05,0.852,0.151,29185
2570,4.82123,4.81945,9.082e-05,0.803,0.146,29164
2571,4.71743,4.81945,9.068e-05,0.807,0.134,29146
2572,4.78704,4.81945,9.054e-05,0.806,0.129,29177
2573,4.87396,4.81945,9.040e-05,0.766,0.124,29171
2574,4.81061,4.81945,9.026e-05,0.776,0.135,29180
2575,4.92676,4.81945,9.012e-05,0.803,0.128,29162
2576,5.03485,4.81945,8.998e-05,0.773,0.128,29170
2577,4.83177,4.81945,8.984e-05,0.781,0.129,29157
2578,4.71792,4.81945,8.970e-05,0.834,0.156,29162
2579,5.03471,4.81945,8.957e-05,0.874,0.146,29160
2580,5.07259,4.81945,8.943e-05,0.851,0.132,29166
2581,4.87492,4.81945,8.929e-05,0.821,0.136,29103
2582,4.89519,4.81945,8.915e-05,0.801,0.137,29183
2583,4.83194,4.81945,8.902e-05,0.764,0.132,29166
2584,4.89792,4.81945,8.888e-05,0.858,0.163,29144
2585,4.85652,4.81945,8.874e-05,0.783,0.128,29156
2586,4.76703,4.81945,8.861e-05,0.757,0.131,29167
2587,4.74834,4.81945,8.847e-05,0.818,0.163,29178
2588,4.80459,4.81945,8.834e-05,0.823,0.145,29144
2589,4.71697,4.81945,8.820e-05,0.722,0.122,29149
2590,4.90442,4.81945,8.807e-05,0.800,0.136,29182
2591,4.83033,4.81945,8.793e-05,0.738,0.128,29179
2592,4.60125,4.81945,8.780e-05,0.821,0.130,29144
2593,4.79582,4.81945,8.767e-05,0.834,0.152,29174
2594,4.83424,4.81945,8.753e-05,0.775,0.131,29181
2595,4.79153,4.81945,8.740e-05,0.855,0.141,29157
2596,4.84976,4.81945,8.727e-05,0.840,0.137,29176
2597,4.79273,4.81945,8.713e-05,0.821,0.142,29147
2598,4.71823,4.81945,8.700e-05,0.834,0.140,29174
2599,4.93632,4.81945,8.687e-05,0.837,0.131,29189
2600,4.88799,4.81945,8.674e-05,0.801,0.139,29137
2601,4.79321,4.81945,8.661e-05,0.804,0.139,29139
2602,4.79352,4.81945,8.648e-05,0.753,0.130,29152
2603,4.77484,4.81945,8.635e-05,0.758,0.131,29172
2604,4.63072,4.81945,8.622e-05,0.820,0.132,29159
2605,4.58305,4.81945,8.609e-05,0.772,0.134,29165
2606,4.80513,4.81945,8.596e-05,0.811,0.144,29151
2607,4.90075,4.81945,8.583e-05,0.821,0.139,29170
2608,4.79154,4.81945,8.570e-05,0.810,0.146,29177
2609,4.88731,4.81945,8.557e-05,0.764,0.129,29171
2610,4.84539,4.81945,8.544e-05,0.790,0.134,29145
2611,4.90517,4.81945,8.531e-05,0.770,0.130,29180
2612,4.77802,4.81945,8.518e-05,0.778,0.139,29154
2613,4.95906,4.81945,8.506e-05,0.778,0.125,29159
2614,4.87105,4.81945,8.493e-05,0.829,0.168,29166
2615,5.03191,4.81945,8.480e-05,0.770,0.132,29182
2616,4.95587,4.81945,8.467e-05,0.782,0.140,29141
2617,4.73254,4.81945,8.455e-05,0.844,0.153,29182
2618,4.71609,4.81945,8.442e-05,0.812,0.141,29161
2619,4.77470,4.81945,8.430e-05,0.772,0.139,29148
2620,4.86888,4.81945,8.417e-05,0.775,0.145,29183
2621,4.87846,4.81945,8.405e-05,0.829,0.140,29083
2622,4.82372,4.81945,8.392e-05,0.743,0.128,29156
2623,4.89245,4.81945,8.380e-05,0.752,0.134,29187
2624,4.87750,4.81945,8.367e-05,0.751,0.125,29149
2625,4.83122,4.81945,8.355e-05,0.778,0.123,29165
2626,4.77671,4.81945,8.342e-05,0.773,0.129,29174
2627,4.92218,4.81945,8.330e-05,0.804,0.132,29167
2628,4.72133,4.81945,8.318e-05,0.727,0.130,29152
2629,4.72768,4.81945,8.306e-05,0.868,0.161,29194
2630,4.95014,4.81945,8.293e-05,0.885,0.139,29142
2631,4.81976,4.81945,8.281e-05,0.772,0.132,29168
2632,4.75192,4.81945,8.269e-05,0.760,0.131,29173
2633,4.73365,4.81945,8.257e-05,0.809,0.142,29154
2634,4.96479,4.81945,8.245e-05,0.841,0.141,29178
2635,4.74392,4.81945,8.233e-05,0.725,0.120,29158
2636,4.67239,4.81945,8.221e-05,0.762,0.130,29159
2637,4.71843,4.81945,8.209e-05,0.857,0.146,29150
2638,4.74526,4.81945,8.197e-05,0.792,0.131,29163
2639,4.83413,4.81945,8.185e-05,0.768,0.136,29163
2640,4.74238,4.81945,8.173e-05,0.747,0.129,29171
2641,4.86661,4.81945,8.161e-05,0.828,0.134,29120
2642,4.98891,4.81945,8.149e-05,0.784,0.124,29133
2643,4.80033,4.81945,8.137e-05,0.768,0.130,29159
2644,4.99907,4.81945,8.125e-05,0.879,0.141,29172
2645,4.90234,4.81945,8.114e-05,0.773,0.125,29152
2646,4.95737,4.81945,8.102e-05,0.794,0.131,29186
2647,4.60149,4.81945,8.090e-05,0.839,0.162,29163
2648,4.81087,4.81945,8.079e-05,0.771,0.134,29150
2649,4.70819,4.81945,8.067e-05,0.789,0.136,29168
2650,4.73971,4.81945,8.055e-05,0.853,0.145,29168
2651,4.97720,4.81945,8.044e-05,0.797,0.129,29153
2652,4.86935,4.81945,8.032e-05,0.821,0.131,29159
2653,4.83463,4.81945,8.021e-05,0.768,0.126,29159
2654,4.79449,4.81945,8.009e-05,0.835,0.129,29164
2655,4.80423,4.81945,7.998e-05,0.900,0.151,29152
2656,4.83302,4.81945,7.986e-05,0.744,0.121,29170
2657,4.77043,4.81945,7.975e-05,0.736,0.124,29180
2658,4.63711,4.81945,7.964e-05,0.803,0.136,29143
2659,4.86625,4.81945,7.952e-05,0.817,0.146,29194
2660,5.01205,4.81945,7.941e-05,0.803,0.136,29160
2661,4.85376,4.81945,7.930e-05,0.833,0.144,29117
2662,4.99334,4.81945,7.918e-05,0.737,0.130,29182
2663,4.87955,4.81945,7.907e-05,0.810,0.133,29166
2664,4.91337,4.81945,7.896e-05,0.848,0.143,29160
2665,4.74488,4.81945,7.885e-05,0.825,0.132,29139
2666,4.72857,4.81945,7.874e-05,0.793,0.142,29153
2667,5.03017,4.81945,7.863e-05,0.802,0.137,29159
2668,4.60274,4.81945,7.852e-05,0.816,0.147,29147
2669,4.84681,4.81945,7.841e-05,0.794,0.140,29175
2670,4.84930,4.81945,7.830e-05,0.826,0.139,29147
2671,4.88565,4.81945,7.819e-05,0.749,0.127,29174
2672,4.90473,4.81945,7.808e-05,0.791,0.139,29153
2673,4.48631,4.81945,7.797e-05,0.897,0.160,29176
2674,5.03114,4.81945,7.786e-05,0.852,0.136,29151
2675,4.88647,4.81945,7.775e-05,0.814,0.141,29181
2676,4.86295,4.81945,7.764e-05,0.804,0.126,29162
2677,4.79520,4.81945,7.754e-05,0.777,0.130,29178
2678,4.91416,4.81945,7.743e-05,0.841,0.138,29161
2679,4.72367,4.81945,7.732e-05,0.816,0.147,29176
2680,4.78906,4.81945,7.722e-05,0.793,0.131,29164
2681,4.91271,4.81945,7.711e-05,0.756,0.128,29131
2682,4.95862,4.81945,7.700e-05,0.815,0.136,29148
2683,4.83727,4.81945,7.690e-05,0.824,0.148,29174
2684,4.77380,4.81945,7.679e-05,0.795,0.140,29161
2685,4.78766,4.81945,7.669e-05,0.804,0.128,29171
2686,4.70090,4.81945,7.658e-05,0.843,0.158,29181
2687,4.88517,4.81945,7.648e-05,0.743,0.126,29194
2688,4.85146,4.81945,7.638e-05,0.761,0.127,29155
2689,4.82997,4.81945,7.627e-05,0.813,0.137,29181
2690,4.93258,4.81945,7.617e-05,0.784,0.132,29180
2691,4.82236,4.81945,7.606e-05,0.785,0.140,29133
2692,4.89909,4.81945,7.596e-05,0.775,0.131,29161
2693,4.76939,4.81945,7.586e-05,0.847,0.138,29187
2694,4.68226,4.81945,7.576e-05,0.788,0.139,29146
2695,5.04169,4.81945,7.566e-05,0.785,0.120,29135
2696,4.81723,4.81945,7.555e-05,0.841,0.140,29173
2697,4.75152,4.81945,7.545e-05,0.740,0.127,29172
2698,4.73108,4.81945,7.535e-05,0.825,0.139,29163
2699,4.76620,4.81945,7.525e-05,0.796,0.141,29153
2700,4.67292,4.81945,7.515e-05,0.820,0.154,29181
2701,4.89337,4.81945,7.505e-05,0.874,0.144,29114
2702,4.59651,4.81945,7.495e-05,0.811,0.141,29172
2703,4.68650,4.81945,7.485e-05,0.827,0.145,29153
2704,4.80550,4.81945,7.475e-05,0.819,0.141,29182
2705,4.91534,4.81945,7.466e-05,0.859,0.139,29174
2706,4.58377,4.81945,7.456e-05,0.805,0.143,29152
2707,4.82787,4.81945,7.446e-05,0.809,0.140,29148
2708,4.99592,4.81945,7.436e-05,0.855,0.141,29191
2709,4.82388,4.81945,7.426e-05,0.814,0.130,29168
2710,4.79916,4.81945,7.417e-05,0.788,0.128,29144
2711,4.75403,4.81945,7.407e-05,0.780,0.134,29184
2712,4.71439,4.81945,7.397e-05,0.783,0.128,29154
2713,4.69578,4.81945,7.388e-05,0.853,0.140,29149
2714,4.83163,4.81945,7.378e-05,0.865,0.150,29148
2715,4.73581,4.81945,7.369e-05,0.773,0.123,29162
2716,4.58063,4.81945,7.359e-05,0.822,0.158,29168
2717,4.93897,4.81945,7.350e-05,0.814,0.142,29152
2718,4.86631,4.81945,7.340e-05,0.759,0.129,29164
2719,4.59802,4.81945,7.331e-05,0.831,0.144,29168
2720,4.80146,4.81945,7.321e-05,0.781,0.140,29159
2721,4.99115,4.81945,7.312e-05,0.766,0.128,29126
2722,4.77305,4.81945,7.303e-05,0.761,0.148,29154
2723,4.66147,4.81945,7.294e-05,0.790,0.161,29163
2724,4.62935,4.81945,7.284e-05,0.791,0.130,29171
2725,4.69297,4.81945,7.275e-05,0.768,0.135,29176
2726,4.84454,4.81945,7.266e-05,0.749,0.140,29165
2727,4.87669,4.81945,7.257e-05,0.749,0.132,29156
2728,4.80038,4.81945,7.248e-05,0.794,0.128,29152
2729,4.86738,4.81945,7.239e-05,0.798,0.132,29173
2730,4.85578,4.81945,7.229e-05,0.793,0.141,29170
2731,4.80392,4.81945,7.220e-05,0.780,0.141,29165
2732,4.75614,4.81945,7.211e-05,0.758,0.143,29165
2733,4.63162,4.81945,7.203e-05,0.825,0.175,29175
2734,4.63059,4.81945,7.194e-05,0.797,0.145,29175
2735,4.84395,4.81945,7.185e-05,0.727,0.123,29155
2736,4.85333,4.81945,7.176e-05,0.783,0.135,29190
2737,4.71250,4.81945,7.167e-05,0.871,0.186,29175
2738,4.87783,4.81945,7.158e-05,0.785,0.134,29149
2739,4.92612,4.81945,7.149e-05,0.896,0.147,29179
2740,4.59851,4.81945,7.141e-05,0.783,0.132,29153
2741,4.88721,4.81945,7.132e-05,0.819,0.133,29112
2742,4.77942,4.81945,7.123e-05,0.818,0.144,29188
2743,4.84701,4.81945,7.115e-05,0.775,0.136,29186
2744,4.93155,4.81945,7.106e-05,0.771,0.127,29166
2745,4.68958,4.81945,7.098e-05,0.816,0.148,29175
2746,4.89622,4.81945,7.089e-05,0.802,0.133,29151
2747,4.79542,4.81945,7.081e-05,0.887,0.152,29159
2748,4.83709,4.81945,7.072e-05,0.767,0.128,29169
2749,4.76178,4.81945,7.064e-05,0.780,0.126,29132
2750,4.79010,4.78362,7.055e-05,0.834,0.145,8837
2751,4.76155,4.78362,7.047e-05,0.776,0.135,29476
2752,4.71096,4.78362,7.039e-05,0.808,0.140,29168
2753,4.84218,4.78362,7.030e-05,0.763,0.125,29172
2754,4.74931,4.78362,7.022e-05,0.861,0.150,29152
2755,4.93687,4.78362,7.014e-05,0.785,0.138,29155
2756,4.63422,4.78362,7.006e-05,0.844,0.161,29158
2757,4.75027,4.78362,6.997e-05,0.871,0.154,29180
2758,4.77622,4.78362,6.989e-05,0.780,0.133,29152
2759,4.78099,4.78362,6.981e-05,0.768,0.134,29165
2760,4.73430,4.78362,6.973e-05,0.882,0.157,29165
2761,4.88542,4.78362,6.965e-05,0.808,0.141,29129
2762,4.62998,4.78362,6.957e-05,0.868,0.149,29151
2763,4.79404,4.78362,6.949e-05,0.749,0.127,29159
2764,4.77643,4.78362,6.941e-05,0.793,0.151,29159
2765,4.83251,4.78362,6.933e-05,0.812,0.144,29188
2766,4.57503,4.78362,6.925e-05,0.801,0.133,29153
2767,4.76788,4.78362,6.917e-05,0.791,0.137,29188
2768,4.77165,4.78362,6.910e-05,0.755,0.135,29167
2769,4.77019,4.78362,6.902e-05,0.814,0.149,29143
2770,4.81323,4.78362,6.894e-05,0.784,0.129,29177
2771,4.83702,4.78362,6.886e-05,0.803,0.148,29179
2772,4.68612,4.78362,6.879e-05,0.774,0.137,29158
2773,4.68109,4.78362,6.871e-05,0.813,0.138,29184
2774,4.67521,4.78362,6.863e-05,0.797,0.138,29156
2775,4.77366,4.78362,6.856e-05,0.791,0.142,29176
2776,4.83101,4.78362,6.848e-05,0.786,0.132,29155
2777,4.65570,4.78362,6.841e-05,0.819,0.134,29169
2778,4.72423,4.78362,6.833e-05,0.816,0.137,29181
2779,4.94664,4.78362,6.826e-05,0.886,0.152,29155
2780,4.64624,4.78362,6.818e-05,0.741,0.122,29164
2781,4.91025,4.78362,6.811e-05,0.774,0.127,29124
2782,4.71803,4.78362,6.804e-05,0.811,0.136,29171
2783,4.87322,4.78362,6.796e-05,0.819,0.131,29164
2784,4.84477,4.78362,6.789e-05,0.721,0.123,29164
2785,4.65434,4.78362,6.782e-05,0.770,0.133,29163
2786,4.77402,4.78362,6.775e-05,0.786,0.131,29160
2787,4.81215,4.78362,6.767e-05,0.836,0.151,29171
2788,4.78466,4.78362,6.760e-05,0.777,0.131,29170
2789,4.89196,4.78362,6.753e-05,0.751,0.119,29167
2790,4.69229,4.78362,6.746e-05,0.762,0.130,29166
2791,4.91549,4.78362,6.739e-05,0.781,0.129,29148
2792,4.58997,4.78362,6.732e-05,0.740,0.127,29176
2793,4.75329,4.78362,6.725e-05,0.838,0.145,29157
2794,4.82075,4.78362,6.718e-05,0.789,0.138,29150
2795,4.71305,4.78362,6.711e-05,0.767,0.127,29170
2796,4.70861,4.78362,6.704e-05,0.816,0.152,29161
2797,4.74958,4.78362,6.697e-05,0.779,0.131,29169
2798,4.86291,4.78362,6.690e-05,0.865,0.153,29168
2799,4.78641,4.78362,6.684e-05,0.845,0.158,29177
2800,4.79713,4.78362,6.677e-05,0.814,0.140,29137
2801,4.73367,4.78362,6.670e-05,0.768,0.126,29110
2802,4.67365,4.78362,6.664e-05,0.786,0.145,29155
2803,4.84162,4.78362,6.657e-05,0.862,0.135,29160
2804,4.62497,4.78362,6.650e-05,0.791,0.145,29166
2805,4.85970,4.78362,6.644e-05,0.769,0.131,29167
2806,4.78321,4.78362,6.637e-05,0.811,0.134,29171
2807,4.78092,4.78362,6.631e-05,0.825,0.139,29162
2808,4.73443,4.78362,6.624e-05,0.752,0.125,29147
2809,4.78053,4.78362,6.618e-05,0.780,0.128,29130
2810,4.83842,4.78362,6.611e-05,0.792,0.134,29163
2811,4.73713,4.78362,6.605e-05,0.810,0.134,29152
2812,4.85158,4.78362,6.598e-05,0.920,0.155,29161
2813,4.79598,4.78362,6.592e-05,0.774,0.129,29186
2814,4.79549,4.78362,6.586e-05,0.789,0.137,29154
2815,4.79105,4.78362,6.580e-05,0.728,0.128,29163
2816,4.88508,4.78362,6.573e-05,0.833,0.132,29178
2817,4.72298,4.78362,6.567e-05,0.770,0.125,29155
2818,4.94845,4.78362,6.561e-05,0.781,0.128,29176
2819,4.63129,4.78362,6.555e-05,0.797,0.138,29167
2820,4.62646,4.78362,6.549e-05,0.801,0.134,29147
2821,4.70009,4.78362,6.543e-05,0.735,0.125,29110
2822,4.60658,4.78362,6.537e-05,0.831,0.146,29170
2823,4.90789,4.78362,6.531e-05,0.825,0.148,29169
2824,4.90894,4.78362,6.525e-05,0.769,0.134,29167
2825,4.85992,4.78362,6.519e-05,0.806,0.134,29152
2826,4.58060,4.78362,6.513e-05,0.770,0.132,29147
2827,4.64041,4.78362,6.507e-05,0.828,0.138,29148
2828,4.70395,4.78362,6.501e-05,0.824,0.132,29169
2829,4.95628,4.78362,6.495e-05,0.794,0.136,29163
2830,4.81022,4.78362,6.490e-05,0.784,0.125,29167
2831,4.71356,4.78362,6.484e-05,0.782,0.136,29149
2832,4.85504,4.78362,6.478e-05,0.818,0.147,29162
2833,4.81980,4.78362,6.473e-05,0.819,0.135,29158
2834,4.65301,4.78362,6.467e-05,0.781,0.129,29163
2835,4.74513,4.78362,6.461e-05,0.778,0.129,29184
2836,4.89945,4.78362,6.456e-05,0.777,0.141,29145
2837,4.72890,4.78362,6.450e-05,0.869,0.154,29186
2838,4.96256,4.78362,6.445e-05,0.782,0.136,29157
2839,4.77324,4.78362,6.439e-05,0.773,0.131,29175
2840,4.79137,4.78362,6.434e-05,0.784,0.138,29160
2841,4.75995,4.78362,6.429e-05,0.834,0.142,29113
2842,4.62335,4.78362,6.423e-05,0.787,0.128,29173
2843,4.79949,4.78362,6.418e-05,0.787,0.127,29161
2844,4.85812,4.78362,6.413e-05,0.842,0.151,29171
2845,4.73463,4.78362,6.407e-05,0.831,0.145,29159
2846,4.74062,4.78362,6.402e-05,0.819,0.138,29168
2847,4.76083,4.78362,6.397e-05,0.807,0.141,29154
2848,4.93011,4.78362,6.392e-05,0.846,0.149,29183
2849,4.70516,4.78362,6.387e-05,0.748,0.122,29183
2850,4.72406,4.78362,6.381e-05,0.735,0.121,29137
2851,4.74891,4.78362,6.376e-05,0.801,0.142,29172
2852,4.75632,4.78362,6.371e-05,0.795,0.139,29182
2853,4.66556,4.78362,6.366e-05,0.822,0.147,29104
2854,4.71743,4.78362,6.361e-05,0.807,0.136,29177
2855,4.64363,4.78362,6.357e-05,0.812,0.142,29171
2856,4.82114,4.78362,6.352e-05,0.781,0.128,29168
2857,4.62780,4.78362,6.347e-05,0.765,0.134,29177
2858,4.90465,4.78362,6.342e-05,0.816,0.145,29169
2859,4.55285,4.78362,6.337e-05,0.882,0.143,29152
2860,4.84070,4.78362,6.332e-05,0.835,0.135,29191
2861,5.05787,4.78362,6.328e-05,0.742,0.126,29102
2862,4.68495,4.78362,6.323e-05,0.817,0.143,29169
2863,4.89210,4.78362,6.318e-05,0.812,0.131,29159
2864,4.72454,4.78362,6.314e-05,0.746,0.129,29160
2865,4.61359,4.78362,6.309e-05,0.830,0.145,29146
2866,4.75724,4.78362,6.305e-05,0.820,0.130,29169
2867,4.65245,4.78362,6.300e-05,0.836,0.137,29185
2868,4.73542,4.78362,6.296e-05,0.764,0.129,29153
2869,4.82014,4.78362,6.291e-05,0.785,0.135,29172
2870,4.80232,4.78362,6.287e-05,0.824,0.147,29166
2871,4.63919,4.78362,6.282e-05,0.777,0.145,29155
2872,4.78044,4.78362,6.278e-05,0.794,0.145,29176
2873,4.77294,4.78362,6.274e-05,0.877,0.141,29138
2874,4.80777,4.78362,6.269e-05,0.796,0.135,29174
2875,4.69879,4.78362,6.265e-05,0.881,0.169,29167
2876,4.83998,4.78362,6.261e-05,0.819,0.127,29182
2877,4.91917,4.78362,6.257e-05,0.836,0.137,29144
2878,4.72534,4.78362,6.253e-05,0.827,0.150,29167
2879,4.78407,4.78362,6.248e-05,0.765,0.131,29156
2880,4.81699,4.78362,6.244e-05,0.788,0.135,29166
2881,4.92818,4.78362,6.240e-05,0.885,0.147,29119
2882,4.75366,4.78362,6.236e-05,0.853,0.146,29168
2883,4.93744,4.78362,6.232e-05,0.806,0.127,29163
2884,4.76763,4.78362,6.228e-05,0.766,0.126,29175
2885,4.82883,4.78362,6.224e-05,0.842,0.147,29156
2886,4.70177,4.78362,6.221e-05,0.806,0.133,29156
2887,4.80217,4.78362,6.217e-05,0.797,0.130,29169
2888,4.75247,4.78362,6.213e-05,0.800,0.137,29159
2889,4.54709,4.78362,6.209e-05,0.807,0.131,29170
2890,4.81012,4.78362,6.205e-05,0.797,0.129,29173
2891,4.69440,4.78362,6.202e-05,0.836,0.142,29160
2892,4.81866,4.78362,6.198e-05,0.751,0.118,29150
2893,4.96336,4.78362,6.194e-05,0.808,0.127,29147
2894,4.75509,4.78362,6.191e-05,0.836,0.142,29184
2895,4.64541,4.78362,6.187e-05,0.785,0.141,29158
2896,4.93685,4.78362,6.184e-05,0.806,0.134,29173
2897,4.62444,4.78362,6.180e-05,0.763,0.130,29145
2898,4.71930,4.78362,6.177e-05,0.855,0.146,29169
2899,4.75215,4.78362,6.173e-05,0.800,0.131,29138
2900,4.72947,4.78362,6.170e-05,0.797,0.137,29175
2901,4.81195,4.78362,6.166e-05,0.798,0.130,29129
2902,4.66293,4.78362,6.163e-05,0.844,0.136,29177
2903,4.82928,4.78362,6.160e-05,0.762,0.126,29164
2904,4.83370,4.78362,6.156e-05,0.800,0.138,29156
2905,4.88924,4.78362,6.153e-05,0.785,0.133,29177
2906,5.03916,4.78362,6.150e-05,0.804,0.136,29149
2907,4.74339,4.78362,6.147e-05,0.843,0.148,29156
2908,4.63225,4.78362,6.144e-05,0.808,0.136,29161
2909,4.87384,4.78362,6.141e-05,0.811,0.141,29169
2910,4.78608,4.78362,6.138e-05,0.770,0.127,29166
2911,4.60079,4.78362,6.135e-05,0.794,0.137,29169
2912,4.85096,4.78362,6.132e-05,0.882,0.145,29171
2913,4.84836,4.78362,6.129e-05,0.836,0.134,29166
2914,4.71348,4.78362,6.126e-05,0.796,0.132,29183
2915,4.85335,4.78362,6.123e-05,0.772,0.132,29166
2916,4.96548,4.78362,6.120e-05,0.889,0.142,29144
2917,4.73570,4.78362,6.117e-05,0.867,0.146,29191
2918,4.68915,4.78362,6.114e-05,0.839,0.140,29147
2919,4.60685,4.78362,6.111e-05,0.817,0.137,29172
2920,4.88276,4.78362,6.109e-05,0.817,0.130,29171
2921,4.78731,4.78362,6.106e-05,0.898,0.144,29102
2922,4.73428,4.78362,6.103e-05,0.899,0.166,29162
2923,4.86974,4.78362,6.101e-05,0.896,0.143,29143
2924,4.58318,4.78362,6.098e-05,0.816,0.141,29185
2925,4.85331,4.78362,6.096e-05,0.803,0.132,29151
2926,4.83030,4.78362,6.093e-05,0.891,0.150,29153
2927,4.78255,4.78362,6.091e-05,0.771,0.125,29165
2928,4.91591,4.78362,6.088e-05,0.778,0.131,29171
2929,4.84752,4.78362,6.086e-05,0.815,0.125,29174
2930,4.72074,4.78362,6.083e-05,0.819,0.129,29150
2931,4.83380,4.78362,6.081e-05,0.821,0.135,29162
2932,4.68939,4.78362,6.079e-05,0.824,0.130,29159
2933,4.93175,4.78362,6.076e-05,0.837,0.144,29167
2934,5.00621,4.78362,6.074e-05,0.858,0.138,29140
2935,4.68109,4.78362,6.072e-05,0.830,0.145,29180
2936,4.64210,4.78362,6.070e-05,0.800,0.136,29156
2937,4.71674,4.78362,6.067e-05,0.823,0.132,29162
2938,4.82536,4.78362,6.065e-05,0.826,0.140,29157
2939,4.73882,4.78362,6.063e-05,0.826,0.138,29182
2940,4.82773,4.78362,6.061e-05,0.810,0.133,29148
2941,4.78652,4.78362,6.059e-05,0.816,0.133,29136
2942,4.73139,4.78362,6.057e-05,0.774,0.126,29190
2943,4.74301,4.78362,6.055e-05,0.858,0.140,29155
2944,4.71909,4.78362,6.053e-05,0.793,0.129,29173
2945,4.68925,4.78362,6.051e-05,0.833,0.153,29160
2946,4.83533,4.78362,6.050e-05,0.808,0.147,29142
2947,4.72612,4.78362,6.048e-05,0.848,0.139,29170
2948,4.66946,4.78362,6.046e-05,0.805,0.139,29179
2949,4.90642,4.78362,6.044e-05,0.814,0.135,29155
2950,4.78606,4.78362,6.042e-05,0.840,0.155,29169
2951,4.53148,4.78362,6.041e-05,0.860,0.147,29152
2952,4.58769,4.78362,6.039e-05,0.802,0.130,29176
2953,4.73866,4.78362,6.038e-05,0.759,0.127,29169
2954,4.62109,4.78362,6.036e-05,0.800,0.143,29149
2955,4.75863,4.78362,6.034e-05,0.832,0.131,29180
2956,4.90833,4.78362,6.033e-05,0.845,0.134,29148
2957,4.90607,4.78362,6.031e-05,0.794,0.132,29146
2958,4.79818,4.78362,6.030e-05,0.782,0.131,29173
2959,4.87964,4.78362,6.029e-05,0.863,0.138,29156
2960,4.82731,4.78362,6.027e-05,0.830,0.131,29132
2961,4.80820,4.78362,6.026e-05,0.808,0.130,29111
2962,4.73787,4.78362,6.025e-05,0.805,0.137,29136
2963,4.83318,4.78362,6.023e-05,0.868,0.141,29170
2964,4.65628,4.78362,6.022e-05,0.827,0.147,29156
2965,4.70017,4.78362,6.021e-05,0.866,0.148,29156
2966,4.90155,4.78362,6.020e-05,0.754,0.124,29180
2967,4.73672,4.78362,6.019e-05,0.794,0.145,29154
2968,4.77072,4.78362,6.017e-05,0.800,0.141,29161
2969,4.84498,4.78362,6.016e-05,0.802,0.121,29164
2970,4.89122,4.78362,6.015e-05,0.778,0.122,29161
2971,4.80070,4.78362,6.014e-05,0.821,0.141,29156
2972,4.88175,4.78362,6.013e-05,0.787,0.144,29166
2973,4.84651,4.78362,6.012e-05,0.782,0.127,29126
2974,4.73634,4.78362,6.011e-05,0.858,0.143,29168
2975,4.86852,4.78362,6.011e-05,0.773,0.128,29158
2976,4.78607,4.78362,6.010e-05,0.821,0.135,29178
2977,4.77222,4.78362,6.009e-05,0.856,0.149,29174
2978,4.82975,4.78362,6.008e-05,0.832,0.134,29161
2979,4.71867,4.78362,6.007e-05,0.819,0.139,29141
2980,4.65386,4.78362,6.007e-05,0.806,0.142,29173
2981,4.83181,4.78362,6.006e-05,0.832,0.132,29092
2982,4.91079,4.78362,6.006e-05,0.843,0.146,29173
2983,4.79295,4.78362,6.005e-05,0.801,0.128,29169
2984,4.66962,4.78362,6.004e-05,0.811,0.135,29166
2985,4.87864,4.78362,6.004e-05,0.805,0.130,29164
2986,4.85632,4.78362,6.003e-05,0.770,0.124,29161
2987,4.67153,4.78362,6.003e-05,0.773,0.133,29170
2988,4.72309,4.78362,6.002e-05,0.834,0.149,29160
2989,4.74245,4.78362,6.002e-05,0.781,0.128,29159
2990,4.56136,4.78362,6.002e-05,0.824,0.137,29172
2991,4.82747,4.78362,6.001e-05,0.829,0.141,29164
2992,4.67788,4.78362,6.001e-05,0.773,0.125,29162
2993,4.96556,4.78362,6.001e-05,0.870,0.144,29152
2994,4.83067,4.78362,6.001e-05,0.827,0.131,29158
2995,4.74905,4.78362,6.000e-05,0.879,0.144,29160
2996,4.68781,4.78362,6.000e-05,0.790,0.131,29177
2997,4.63675,4.78362,6.000e-05,0.892,0.140,29159
2998,4.54040,4.78362,6.000e-05,0.847,0.144,29170
2999,4.70700,4.75876,6.000e-05,0.902,0.147,8833
