step,loss,val_loss,lr,grad_norm,proj_grad_norm,tokens_per_s
0,11.97767,11.92855,3.000e-06,9.644,1.501,6320
1,11.91801,11.92855,6.000e-06,10.600,1.621,23659
2,11.82417,11.92855,9.000e-06,9.560,1.406,23305
3,11.76191,11.92855,1.200e-05,6.867,0.955,23671
4,11.62223,11.92855,1.500e-05,5.970,0.746,23466
5,11.56178,11.92855,1.800e-05,4.731,0.558,23549
6,11.47983,11.92855,2.100e-05,4.166,0.484,23306
7,11.33882,11.92855,2.400e-05,3.800,0.354,23596
8,11.18942,11.92855,2.700e-05,3.963,0.337,23550
9,11.17191,11.92855,3.000e-05,3.259,0.282,23406
10,11.08483,11.92855,3.300e-05,2.959,0.241,23527
11,11.07717,11.92855,3.600e-05,2.710,0.268,23462
12,10.88084,11.92855,3.900e-05,3.075,0.245,23440
13,10.88732,11.92855,4.200e-05,2.689,0.210,23538
14,10.86581,11.92855,4.500e-05,2.797,0.274,23459
15,10.91683,11.92855,4.800e-05,2.906,0.412,23516
16,10.78523,11.92855,5.100e-05,2.588,0.189,23473
17,10.71434,11.92855,5.400e-05,2.839,0.304,23468
18,10.77314,11.92855,5.700e-05,2.699,0.359,23546
19,10.67105,11.92855,6.000e-05,2.697,0.308,23492
20,10.50397,11.92855,6.300e-05,3.125,0.344,23505
21,10.73345,11.92855,6.600e-05,2.113,0.206,23477
22,10.49392,11.92855,6.900e-05,2.685,0.322,23477
23,10.54535,11.92855,7.200e-05,2.970,0.517,23529
24,10.49305,11.92855,7.500e-05,2.222,0.242,23452
25,10.44524,11.92855,7.800e-05,2.229,0.261,23495
26,10.23252,11.92855,8.100e-05,2.569,0.279,23470
27,10.17696,11.92855,8.400e-05,2.399,0.177,23434
28,10.15222,11.92855,8.700e-05,2.618,0.336,23535
29,10.13969,11.92855,9.000e-05,2.320,0.228,23439
30,10.19137,11.92855,9.300e-05,2.195,0.224,23477
31,10.16004,11.92855,9.600e-05,2.127,0.211,23511
32,10.14282,11.92855,9.900e-05,2.074,0.190,23411
33,10.08422,11.92855,1.020e-04,2.150,0.230,23575
34,9.98358,11.92855,1.050e-04,2.038,0.139,23292
35,9.85667,11.92855,1.080e-04,2.217,0.207,23668
36,9.72588,11.92855,1.110e-04,2.245,0.208,23489
37,9.57913,11.92855,1.140e-04,2.348,0.161,23464
38,9.66872,11.92855,1.170e-04,2.147,0.177,23248
39,9.44264,11.92855,1.200e-04,2.346,0.167,23762
40,9.59154,11.92855,1.230e-04,2.110,0.300,23468
41,9.35113,11.92855,1.260e-04,2.351,0.238,23496
42,9.27582,11.92855,1.290e-04,2.273,0.216,23477
43,9.37623,11.92855,1.320e-04,2.210,0.295,23553
44,9.26490,11.92855,1.350e-04,2.090,0.173,23280
45,9.15864,11.92855,1.380e-04,2.113,0.168,23590
46,9.03243,11.92855,1.410e-04,2.193,0.217,23542
47,8.80796,11.92855,1.440e-04,2.310,0.159,23316
48,8.89052,11.92855,1.470e-04,2.080,0.164,23679
49,8.63391,11.92855,1.500e-04,2.296,0.172,23472
50,8.86641,11.92855,1.530e-04,1.943,0.164,23459
51,8.76871,11.92855,1.560e-04,1.934,0.155,23574
52,8.60718,11.92855,1.590e-04,2.037,0.162,23157
53,8.18411,11.92855,1.620e-04,2.442,0.183,23807
54,8.30015,11.92855,1.650e-04,2.134,0.140,23476
55,8.14702,11.92855,1.680e-04,2.224,0.200,23415
56,7.90812,11.92855,1.710e-04,2.363,0.155,23571
57,7.82735,11.92855,1.740e-04,2.336,0.223,23456
58,7.67242,11.92855,1.770e-04,2.370,0.143,23510
59,7.58573,11.92855,1.800e-04,2.345,0.186,23463
60,7.73423,11.92855,1.830e-04,2.072,0.137,23424
61,7.72238,11.92855,1.860e-04,2.026,0.157,23473
62,7.71309,11.92855,1.890e-04,2.613,0.362,23441
63,7.66203,11.92855,1.920e-04,2.491,0.356,23476
64,7.39971,11.92855,1.950e-04,2.022,0.177,23499
65,7.23761,11.92855,1.980e-04,2.138,0.249,23449
66,7.13970,11.92855,2.010e-04,2.071,0.174,23538
67,7.19324,11.92855,2.040e-04,1.879,0.183,23437
68,6.89836,11.92855,2.070e-04,1.989,0.127,23450
69,7.16075,11.92855,2.100e-04,1.722,0.165,23463
70,6.53228,11.92855,2.130e-04,2.076,0.173,23443
71,6.80796,11.92855,2.160e-04,1.745,0.133,23558
72,6.29208,11.92855,2.190e-04,2.084,0.211,23461
73,6.40050,11.92855,2.220e-04,1.830,0.139,23489
74,6.08261,11.92855,2.250e-04,1.908,0.172,23512
75,6.33360,11.92855,2.280e-04,1.717,0.169,23427
76,6.05794,11.92855,2.310e-04,1.784,0.132,23527
77,6.21261,11.92855,2.340e-04,1.564,0.143,23450
78,6.08638,11.92855,2.370e-04,1.599,0.167,23463
79,5.55171,11.92855,2.400e-04,1.733,0.181,23500
80,5.95241,11.92855,2.430e-04,1.470,0.169,23434
81,6.01271,11.92855,2.460e-04,1.427,0.241,23537
82,5.19666,11.92855,2.490e-04,1.909,0.352,23451
83,5.90652,11.92855,2.520e-04,1.468,0.243,23514
84,5.50001,11.92855,2.550e-04,1.392,0.166,23510
85,5.70739,11.92855,2.580e-04,1.447,0.289,23421
86,5.06475,11.92855,2.610e-04,1.400,0.151,23554
87,5.30392,11.92855,2.640e-04,1.222,0.206,23453
88,4.84731,11.92855,2.670e-04,1.260,0.149,23446
89,4.99226,11.92855,2.700e-04,1.172,0.163,23564
90,4.75616,11.92855,2.730e-04,1.157,0.144,23440
91,5.44182,11.92855,2.760e-04,0.888,0.144,23540
92,5.03590,11.92855,2.790e-04,1.038,0.189,23436
93,4.82608,11.92855,2.820e-04,1.035,0.203,23406
94,5.00786,11.92855,2.850e-04,0.807,0.157,23585
95,5.09474,11.92855,2.880e-04,0.736,0.150,23426
96,5.09314,11.92855,2.910e-04,0.724,0.123,23513
97,4.79827,11.92855,2.940e-04,0.766,0.150,23477
98,5.01693,11.92855,2.970e-04,0.909,0.154,23446
99,4.75780,11.92855,3.000e-04,0.957,0.196,23553
100,4.95747,11.92855,3.030e-04,0.633,0.118,23474
101,4.99483,11.92855,3.060e-04,0.903,0.190,23497
102,4.28556,11.92855,3.090e-04,0.630,0.147,23438
103,4.60361,11.92855,3.120e-04,0.974,0.260,23457
104,4.55968,11.92855,3.150e-04,0.579,0.145,23500
105,4.62295,11.92855,3.180e-04,0.698,0.161,23426
106,4.72283,11.92855,3.210e-04,0.527,0.128,23488
107,4.98738,11.92855,3.240e-04,0.567,0.144,23501
108,4.25672,11.92855,3.270e-04,0.545,0.156,23425
109,4.19707,11.92855,3.300e-04,0.634,0.174,23516
110,4.38148,11.92855,3.330e-04,0.640,0.208,23267
111,4.64187,11.92855,3.360e-04,0.848,0.403,23572
112,4.86741,11.92855,3.390e-04,0.787,0.265,23470
113,4.73161,11.92855,3.420e-04,0.471,0.161,23442
114,4.77595,11.92855,3.450e-04,0.771,0.210,23523
115,3.82976,11.92855,3.480e-04,0.555,0.159,23434
116,4.79536,11.92855,3.510e-04,0.488,0.136,23450
117,5.46161,11.92855,3.540e-04,0.465,0.123,23316
118,4.50358,11.92855,3.570e-04,0.521,0.178,23609
119,5.11028,11.92855,3.600e-04,0.447,0.146,23478
120,4.95830,11.92855,3.630e-04,0.591,0.208,23462
121,4.06124,11.92855,3.660e-04,0.476,0.155,23463
122,4.80920,11.92855,3.690e-04,0.566,0.208,23507
123,4.26562,11.92855,3.720e-04,0.812,0.344,23402
124,4.59041,11.92855,3.750e-04,0.796,0.252,23483
125,4.42268,11.92855,3.780e-04,0.513,0.167,23300
126,4.86047,11.92855,3.810e-04,0.709,0.209,23560
127,4.56294,11.92855,3.840e-04,0.630,0.263,23495
128,3.66934,11.92855,3.870e-04,0.561,0.199,23409
129,4.78800,11.92855,3.900e-04,0.636,0.233,23535
130,3.91833,11.92855,3.930e-04,0.622,0.240,23418
131,3.71226,11.92855,3.960e-04,0.493,0.167,23453
132,4.70487,11.92855,3.990e-04,0.632,0.249,23479
133,4.53266,11.92855,4.020e-04,0.792,0.303,23286
134,4.28617,11.92855,4.050e-04,0.550,0.191,23639
135,4.46649,11.92855,4.080e-04,0.783,0.297,23445
136,4.12611,11.92855,4.110e-04,0.548,0.225,23448
137,4.56885,11.92855,4.140e-04,0.623,0.253,23506
138,4.14203,11.92855,4.170e-04,0.442,0.172,23428
139,4.15673,11.92855,4.200e-04,0.663,0.299,23494
140,4.52560,11.92855,4.230e-04,0.471,0.150,23433
141,4.44725,11.92855,4.260e-04,0.484,0.160,23424
142,4.19595,11.92855,4.290e-04,0.510,0.157,23530
143,4.58098,11.92855,4.320e-04,0.554,0.187,23438
144,4.50075,11.92855,4.350e-04,0.523,0.177,23535
145,4.63897,11.92855,4.380e-04,0.543,0.186,23419
146,4.31442,11.92855,4.410e-04,0.531,0.237,23406
147,4.84296,11.92855,4.440e-04,0.510,0.147,23504
148,4.01080,11.92855,4.470e-04,0.609,0.316,23458
149,4.32288,11.92855,4.500e-04,0.638,0.260,23505
150,4.27452,11.92855,4.530e-04,0.544,0.220,23458
151,4.18284,11.92855,4.560e-04,0.590,0.215,23439
152,4.55771,11.92855,4.590e-04,0.508,0.158,23503
153,4.33757,11.92855,4.620e-04,0.488,0.153,23413
154,4.47131,11.92855,4.650e-04,0.631,0.229,23484
155,3.81880,11.92855,4.680e-04,0.627,0.234,23438
156,4.25098,11.92855,4.710e-04,0.606,0.262,23397
157,4.39291,11.92855,4.740e-04,0.505,0.178,23495
158,4.34736,11.92855,4.770e-04,0.883,0.446,23440
159,4.62787,11.92855,4.800e-04,0.699,0.298,23505
160,4.69058,11.92855,4.830e-04,0.640,0.238,23463
161,4.03580,11.92855,4.860e-04,0.520,0.174,23405
162,4.25783,11.92855,4.890e-04,0.405,0.142,23526
163,4.14047,11.92855,4.920e-04,0.496,0.168,23410
164,4.17936,11.92855,4.950e-04,0.474,0.150,23484
165,4.60867,11.92855,4.980e-04,0.413,0.144,23415
166,4.34305,11.92855,5.010e-04,0.488,0.165,23430
167,4.33380,11.92855,5.040e-04,0.464,0.134,23500
168,4.04592,11.92855,5.070e-04,0.496,0.154,23356
169,3.74544,11.92855,5.100e-04,0.458,0.143,23561
170,4.20128,11.92855,5.130e-04,0.615,0.251,23465
171,4.23832,11.92855,5.160e-04,0.530,0.183,23396
172,4.17504,11.92855,5.190e-04,0.413,0.145,23549
173,4.67813,11.92855,5.220e-04,0.437,0.151,23417
174,3.97609,11.92855,5.250e-04,0.470,0.157,23458
175,4.22986,11.92855,5.280e-04,0.436,0.143,23487
176,4.39434,11.92855,5.310e-04,0.451,0.174,23456
177,3.91043,11.92855,5.340e-04,0.386,0.118,23505
178,4.24631,11.92855,5.370e-04,0.443,0.149,23433
179,4.20337,11.92855,5.400e-04,0.454,0.140,23472
180,4.63848,11.92855,5.430e-04,0.409,0.154,23477
181,3.92928,11.92855,5.460e-04,0.437,0.157,23416
182,4.09604,11.92855,5.490e-04,0.384,0.118,23488
183,4.19360,11.92855,5.520e-04,0.479,0.192,23432
184,4.27943,11.92855,5.550e-04,0.479,0.173,23464
185,4.59651,11.92855,5.580e-04,0.493,0.149,23495
186,4.53365,11.92855,5.610e-04,0.469,0.159,23416
187,4.02376,11.92855,5.640e-04,0.468,0.148,23525
188,4.43754,11.92855,5.670e-04,0.434,0.160,23449
189,4.45923,11.92855,5.700e-04,0.465,0.201,23419
190,4.05342,11.92855,5.730e-04,0.675,0.369,23489
191,4.59298,11.92855,5.760e-04,0.607,0.274,23408
192,4.34568,11.92855,5.790e-04,0.378,0.145,23518
193,4.71602,11.92855,5.820e-04,0.759,0.343,23440
194,4.25558,11.92855,5.850e-04,0.491,0.163,23459
195,4.34429,11.92855,5.880e-04,0.473,0.178,23494
196,4.17204,11.92855,5.910e-04,0.514,0.184,23428
197,4.48118,11.92855,5.940e-04,0.578,0.241,23495
198,4.40909,11.92855,5.970e-04,0.480,0.180,23341
199,4.81843,11.92855,6.000e-04,0.523,0.171,23502
200,4.37902,11.92855,6.000e-04,0.481,0.172,23475
201,4.47155,11.92855,6.000e-04,0.578,0.239,23391
202,4.02204,11.92855,6.000e-04,0.462,0.184,23540
203,3.51845,11.92855,6.000e-04,0.442,0.151,23424
204,4.27216,11.92855,6.000e-04,0.421,0.168,23398
205,4.93128,11.92855,6.000e-04,0.417,0.138,23477
206,3.61242,11.92855,6.000e-04,0.447,0.184,23422
207,4.47950,11.92855,6.000e-04,0.435,0.165,23505
208,4.39055,11.92855,6.000e-04,0.417,0.134,23418
209,3.90116,11.92855,6.000e-04,0.442,0.153,23419
210,3.94242,11.92855,6.000e-04,0.411,0.134,23429
211,3.92958,11.92855,6.000e-04,0.440,0.160,23518
212,3.75478,11.92855,6.000e-04,0.476,0.142,23497
213,3.93706,11.92855,6.000e-04,0.465,0.178,23422
214,3.63291,11.92855,6.000e-04,0.536,0.167,23412
215,4.66319,11.92855,6.000e-04,0.605,0.294,23490
216,4.10012,11.92855,6.000e-04,0.960,0.551,23408
217,4.04672,11.92855,6.000e-04,0.553,0.219,23462
218,4.25965,11.92855,5.999e-04,0.421,0.160,23439
219,4.27495,11.92855,5.999e-04,0.586,0.204,23435
220,4.49281,11.92855,5.999e-04,0.418,0.153,23529
221,4.27575,11.92855,5.999e-04,0.418,0.116,23378
222,4.59875,11.92855,5.999e-04,0.464,0.146,23454
223,4.79197,11.92855,5.999e-04,0.429,0.151,23416
224,4.46244,11.92855,5.999e-04,0.403,0.124,23409
225,4.22984,11.92855,5.999e-04,0.409,0.135,23506
226,4.58489,11.92855,5.999e-04,0.435,0.177,23428
227,4.75057,11.92855,5.999e-04,0.366,0.136,23484
228,3.82612,11.92855,5.999e-04,0.381,0.116,23462
229,3.50338,11.92855,5.999e-04,0.413,0.141,23473
230,4.30536,11.92855,5.998e-04,0.544,0.227,23491
231,4.19732,11.92855,5.998e-04,0.586,0.266,23412
232,4.57643,11.92855,5.998e-04,0.496,0.146,23490
233,3.45545,11.92855,5.998e-04,0.431,0.146,23457
234,4.46524,11.92855,5.998e-04,0.784,0.331,23400
235,3.92980,11.92855,5.998e-04,0.424,0.133,23515
236,4.51603,11.92855,5.998e-04,0.618,0.261,23456
237,3.82109,11.92855,5.998e-04,0.461,0.148,23501
238,4.43335,11.92855,5.998e-04,0.508,0.212,23431
239,3.85575,11.92855,5.997e-04,0.535,0.159,23411
240,4.26448,11.92855,5.997e-04,0.439,0.137,23561
241,4.14674,11.92855,5.997e-04,0.516,0.206,23387
242,4.42836,11.92855,5.997e-04,0.608,0.277,23455
243,4.21597,11.92855,5.997e-04,0.440,0.147,23437
244,4.14235,11.92855,5.997e-04,0.525,0.220,23452
245,4.47721,11.92855,5.997e-04,0.348,0.123,23500
246,4.08356,11.92855,5.996e-04,0.490,0.143,23428
247,3.86533,11.92855,5.996e-04,0.358,0.108,23475
248,4.30291,11.92855,5.996e-04,0.405,0.142,23488
249,3.95590,11.92855,5.996e-04,0.366,0.097,23426
250,4.05463,3.96850,5.996e-04,0.451,0.168,6676
251,3.82118,3.96850,5.996e-04,0.404,0.140,23736
252,4.40492,3.96850,5.995e-04,0.362,0.108,23433
253,4.05421,3.96850,5.995e-04,0.478,0.157,23398
254,4.15411,3.96850,5.995e-04,0.407,0.148,23530
255,3.79554,3.96850,5.995e-04,0.361,0.110,23403
256,3.88743,3.96850,5.995e-04,0.379,0.107,23509
257,4.17652,3.96850,5.994e-04,0.416,0.144,23451
258,4.06690,3.96850,5.994e-04,0.329,0.112,23455
259,4.27382,3.96850,5.994e-04,0.407,0.150,23489
260,4.57596,3.96850,5.994e-04,0.350,0.115,23400
261,3.61142,3.96850,5.994e-04,0.353,0.117,23508
262,3.82228,3.96850,5.993e-04,0.385,0.151,23464
263,3.80764,3.96850,5.993e-04,0.355,0.126,23427
264,3.51647,3.96850,5.993e-04,0.604,0.253,23519
265,4.04439,3.96850,5.993e-04,0.547,0.192,23450
266,4.33128,3.96850,5.993e-04,0.463,0.174,23489
267,3.54498,3.96850,5.992e-04,0.443,0.112,23475
268,4.58565,3.96850,5.992e-04,0.454,0.198,23398
269,4.07193,3.96850,5.992e-04,0.416,0.126,23527
270,4.30709,3.96850,5.992e-04,0.410,0.164,23447
271,4.08196,3.96850,5.991e-04,0.405,0.148,23458
272,4.33508,3.96850,5.991e-04,0.339,0.104,23503
273,3.93742,3.96850,5.991e-04,0.462,0.173,23400
274,3.89377,3.96850,5.991e-04,0.335,0.109,23484
275,3.79923,3.96850,5.990e-04,0.404,0.152,23399
276,3.99199,3.96850,5.990e-04,0.457,0.203,23450
277,4.64968,3.96850,5.990e-04,0.335,0.117,23447
278,4.67406,3.96850,5.990e-04,0.358,0.142,23412
279,4.19367,3.96850,5.989e-04,0.350,0.124,23508
280,4.47106,3.96850,5.989e-04,0.362,0.141,23437
281,3.92715,3.96850,5.989e-04,0.312,0.096,23447
282,3.99652,3.96850,5.989e-04,0.324,0.099,23461
283,3.85723,3.96850,5.988e-04,0.366,0.129,23409
284,3.78618,3.96850,5.988e-04,0.362,0.130,23500
285,4.27327,3.96850,5.988e-04,0.353,0.140,23405
286,4.33863,3.96850,5.987e-04,0.380,0.138,23477
287,4.02018,3.96850,5.987e-04,0.394,0.141,23491
288,4.51509,3.96850,5.987e-04,0.508,0.230,23444
289,3.85041,3.96850,5.987e-04,0.431,0.154,23518
290,4.23431,3.96850,5.986e-04,0.404,0.144,23397
291,4.27681,3.96850,5.986e-04,0.405,0.151,23471
292,4.15046,3.96850,5.986e-04,0.423,0.116,23493
293,3.69873,3.96850,5.985e-04,0.337,0.092,23126
294,3.76286,3.96850,5.985e-04,0.446,0.130,23859
295,3.56152,3.96850,5.985e-04,0.381,0.127,23411
296,4.12374,3.96850,5.984e-04,0.386,0.138,23426
297,4.25506,3.96850,5.984e-04,0.331,0.105,23501
298,3.82434,3.96850,5.984e-04,0.432,0.175,23408
299,4.31649,3.96850,5.983e-04,0.406,0.147,23500
300,3.89376,3.96850,5.983e-04,0.425,0.135,23408
301,3.94525,3.96850,5.983e-04,0.363,0.137,23399
302,4.37820,3.96850,5.982e-04,0.384,0.119,23541
303,3.85978,3.96850,5.982e-04,0.393,0.146,23422
304,3.99675,3.96850,5.982e-04,0.420,0.114,23338
305,4.07622,3.96850,5.981e-04,0.369,0.119,23593
306,3.87939,3.96850,5.981e-04,0.374,0.104,23427
307,4.21034,3.96850,5.981e-04,0.334,0.102,23505
308,4.12373,3.96850,5.980e-04,0.364,0.106,23442
309,4.27259,3.96850,5.980e-04,0.371,0.120,23534
310,4.24590,3.96850,5.979e-04,0.422,0.159,23398
311,4.02897,3.96850,5.979e-04,0.423,0.167,23434
312,3.95239,3.96850,5.979e-04,0.372,0.118,23232
313,4.15664,3.96850,5.978e-04,0.391,0.106,23698
314,4.12561,3.96850,5.978e-04,0.354,0.114,23494
315,3.95474,3.96850,5.978e-04,0.325,0.090,23384
316,4.34554,3.96850,5.977e-04,0.332,0.109,23390
317,4.08088,3.96850,5.977e-04,0.364,0.110,23493
318,4.24338,3.96850,5.976e-04,0.314,0.102,23406
319,4.19124,3.96850,5.976e-04,0.304,0.092,23503
320,3.46013,3.96850,5.976e-04,0.372,0.135,23411
321,3.70978,3.96850,5.975e-04,0.320,0.109,23405
322,4.48490,3.96850,5.975e-04,0.408,0.113,23509
323,3.76570,3.96850,5.974e-04,0.338,0.110,23432
324,4.03949,3.96850,5.974e-04,0.360,0.106,23488
325,4.38791,3.96850,5.973e-04,0.362,0.112,23414
326,4.51399,3.96850,5.973e-04,0.327,0.120,23421
327,4.33495,3.96850,5.973e-04,0.352,0.138,23548
328,4.53809,3.96850,5.972e-04,0.355,0.133,23394
329,4.35152,3.96850,5.972e-04,0.372,0.131,23497
330,4.41244,3.96850,5.971e-04,0.381,0.141,23394
331,4.04660,3.96850,5.971e-04,0.385,0.119,23399
332,3.83185,3.96850,5.970e-04,0.359,0.122,23494
333,4.24052,3.96850,5.970e-04,0.515,0.167,23425
334,3.63859,3.96850,5.970e-04,0.654,0.291,23470
335,4.41075,3.96850,5.969e-04,0.430,0.172,23459
336,3.68058,3.96850,5.969e-04,0.552,0.203,23383
337,4.13632,3.96850,5.968e-04,0.470,0.156,23529
338,4.34751,3.96850,5.968e-04,0.449,0.145,23426
339,4.45483,3.96850,5.967e-04,0.604,0.285,23494
340,4.29993,3.96850,5.967e-04,0.484,0.145,23460
341,3.80833,3.96850,5.966e-04,0.386,0.119,23394
342,3.99589,3.96850,5.966e-04,0.444,0.149,23513
343,3.82358,3.96850,5.965e-04,0.380,0.104,23412
344,4.33156,3.96850,5.965e-04,0.554,0.200,23502
345,4.10744,3.96850,5.964e-04,0.378,0.106,23482
346,3.97606,3.96850,5.964e-04,0.417,0.146,23408
347,4.17351,3.96850,5.963e-04,0.351,0.120,23462
348,4.18132,3.96850,5.963e-04,0.387,0.151,23451
349,4.48377,3.96850,5.962e-04,0.390,0.151,23443
350,4.19152,3.96850,5.962e-04,0.332,0.094,23474
351,3.57577,3.96850,5.961e-04,0.417,0.155,23410
352,3.70725,3.96850,5.961e-04,0.362,0.102,23529
353,3.95627,3.96850,5.960e-04,0.384,0.117,23437
354,3.98086,3.96850,5.960e-04,0.388,0.119,23484
355,3.87998,3.96850,5.959e-04,0.407,0.170,23429
356,4.06706,3.96850,5.959e-04,0.381,0.121,23265
357,3.80406,3.96850,5.958e-04,0.393,0.111,23646
358,3.88847,3.96850,5.958e-04,0.328,0.095,23380
359,4.42404,3.96850,5.957e-04,0.330,0.111,23418
360,4.19009,3.96850,5.957e-04,0.361,0.119,23452
361,4.45797,3.96850,5.956e-04,0.352,0.104,23400
362,4.04203,3.96850,5.956e-04,0.384,0.149,23519
363,3.79284,3.96850,5.955e-04,0.308,0.093,23389
364,3.79864,3.96850,5.954e-04,0.348,0.125,23420
365,4.43713,3.96850,5.954e-04,0.315,0.118,23477
366,4.35990,3.96850,5.953e-04,0.351,0.123,23429
367,3.92870,3.96850,5.953e-04,0.353,0.127,23495
368,3.96926,3.96850,5.952e-04,0.351,0.126,23410
369,3.82509,3.96850,5.952e-04,0.424,0.170,23407
370,4.47264,3.96850,5.951e-04,0.324,0.106,23470
371,3.70057,3.96850,5.950e-04,0.368,0.147,23395
372,3.69763,3.96850,5.950e-04,0.341,0.127,23510
373,4.24509,3.96850,5.949e-04,0.337,0.142,23429
374,3.73991,3.96850,5.949e-04,0.351,0.111,23400
375,4.26970,3.96850,5.948e-04,0.362,0.128,23476
376,3.74000,3.96850,5.948e-04,0.364,0.109,23439
377,3.68691,3.96850,5.947e-04,0.339,0.118,23511
378,3.78875,3.96850,5.946e-04,0.333,0.112,23398
379,3.90198,3.96850,5.946e-04,0.331,0.109,23420
380,3.30243,3.96850,5.945e-04,0.383,0.125,23492
381,4.23467,3.96850,5.945e-04,0.381,0.152,23401
382,4.35445,3.96850,5.944e-04,0.354,0.112,23504
383,3.90173,3.96850,5.943e-04,0.389,0.103,23430
384,4.34393,3.96850,5.943e-04,0.380,0.131,23423
385,4.30053,3.96850,5.942e-04,0.335,0.111,23530
386,4.10079,3.96850,5.941e-04,0.339,0.100,23426
387,4.25559,3.96850,5.941e-04,0.357,0.124,23481
388,4.05505,3.96850,5.940e-04,0.326,0.112,23385
389,3.67048,3.96850,5.940e-04,0.329,0.091,23423
390,4.15295,3.96850,5.939e-04,0.302,0.098,23534
391,3.99183,3.96850,5.938e-04,0.366,0.124,23422
392,4.07083,3.96850,5.938e-04,0.352,0.110,23485
393,4.11083,3.96850,5.937e-04,0.416,0.146,23455
394,4.35256,3.96850,5.936e-04,0.341,0.127,23408
395,4.27986,3.96850,5.936e-04,0.418,0.133,23524
396,3.94154,3.96850,5.935e-04,0.342,0.118,23398
397,3.90747,3.96850,5.934e-04,0.329,0.118,23495
398,4.31038,3.96850,5.934e-04,0.369,0.125,23440
399,4.24458,3.96850,5.933e-04,0.373,0.129,23398
400,3.80446,3.96850,5.932e-04,0.316,0.095,23504
401,4.41059,3.96850,5.932e-04,0.382,0.173,23384
402,4.16504,3.96850,5.931e-04,0.315,0.094,23474
403,4.02631,3.96850,5.930e-04,0.335,0.113,23439
404,3.84899,3.96850,5.930e-04,0.364,0.110,23224
405,3.65025,3.96850,5.929e-04,0.349,0.105,23671
406,3.91924,3.96850,5.928e-04,0.281,0.084,23405
407,4.01520,3.96850,5.928e-04,0.344,0.097,23462
408,3.93064,3.96850,5.927e-04,0.389,0.098,23457
409,4.39860,3.96850,5.926e-04,0.298,0.090,23395
410,3.92755,3.96850,5.925e-04,0.370,0.114,23161
411,4.21901,3.96850,5.925e-04,0.366,0.119,23718
412,3.81491,3.96850,5.924e-04,0.314,0.110,23485
413,3.60933,3.96850,5.923e-04,0.357,0.109,23402
414,4.34510,3.96850,5.923e-04,0.381,0.146,23450
415,4.24268,3.96850,5.922e-04,0.359,0.125,23525
416,3.84087,3.96850,5.921e-04,0.356,0.120,23445
417,3.82889,3.96850,5.920e-04,0.360,0.110,23474
418,3.89923,3.96850,5.920e-04,0.376,0.132,23435
419,3.78569,3.96850,5.919e-04,0.320,0.083,23407
420,4.02151,3.96850,5.918e-04,0.315,0.112,23484
421,3.99380,3.96850,5.917e-04,0.321,0.095,23381
422,3.88374,3.96850,5.917e-04,0.375,0.116,23472
423,3.89449,3.96850,5.916e-04,0.320,0.085,23447
424,3.89649,3.96850,5.915e-04,0.358,0.101,23362
425,4.01094,3.96850,5.914e-04,0.304,0.089,23516
426,4.32013,3.96850,5.914e-04,0.344,0.101,23449
427,4.04756,3.96850,5.913e-04,0.378,0.119,23477
428,4.02008,3.96850,5.912e-04,0.329,0.108,23460
429,4.00771,3.96850,5.911e-04,0.332,0.091,23401
430,4.23197,3.96850,5.911e-04,0.340,0.098,23518
431,3.97710,3.96850,5.910e-04,0.306,0.102,23425
432,4.19183,3.96850,5.909e-04,0.300,0.092,23458
433,4.53453,3.96850,5.908e-04,0.334,0.107,23476
434,3.48576,3.96850,5.907e-04,0.305,0.082,23484
435,4.30455,3.96850,5.907e-04,0.331,0.107,23524
436,3.74135,3.96850,5.906e-04,0.331,0.098,23452
437,3.82207,3.96850,5.905e-04,0.368,0.114,23422
438,4.69059,3.96850,5.904e-04,0.307,0.082,23518
439,4.00992,3.96850,5.904e-04,0.371,0.107,23420
440,3.79530,3.96850,5.903e-04,0.364,0.108,23501
441,3.88571,3.96850,5.902e-04,0.314,0.093,23434
442,3.94542,3.96850,5.901e-04,0.386,0.116,23434
443,3.79469,3.96850,5.900e-04,0.320,0.102,23439
444,4.37753,3.96850,5.899e-04,0.317,0.112,23396
445,4.21993,3.96850,5.899e-04,0.334,0.104,23555
446,3.82427,3.96850,5.898e-04,0.295,0.089,23436
447,3.85240,3.96850,5.897e-04,0.303,0.095,23442
448,3.98779,3.96850,5.896e-04,0.331,0.104,23488
449,4.41575,3.96850,5.895e-04,0.386,0.149,23427
450,3.84600,3.96850,5.894e-04,0.319,0.091,23501
451,3.71202,3.96850,5.894e-04,0.309,0.104,23398
452,4.21112,3.96850,5.893e-04,0.364,0.117,23447
453,4.11493,3.96850,5.892e-04,0.320,0.104,23505
454,4.32668,3.96850,5.891e-04,0.324,0.118,23127
455,4.17290,3.96850,5.890e-04,0.338,0.123,23788
456,4.12445,3.96850,5.889e-04,0.321,0.100,23442
457,4.19570,3.96850,5.889e-04,0.305,0.095,23424
458,4.41258,3.96850,5.888e-04,0.349,0.127,23518
459,3.87460,3.96850,5.887e-04,0.311,0.100,23412
460,3.94107,3.96850,5.886e-04,0.330,0.126,23482
461,4.14647,3.96850,5.885e-04,0.379,0.132,23384
462,3.67426,3.96850,5.884e-04,0.435,0.153,23196
463,4.14530,3.96850,5.883e-04,0.330,0.102,23761
464,3.75000,3.96850,5.882e-04,0.335,0.095,23411
465,4.17515,3.96850,5.882e-04,0.379,0.128,23515
466,4.19467,3.96850,5.881e-04,0.313,0.100,23397
467,3.70346,3.96850,5.880e-04,0.375,0.112,23421
468,4.29867,3.96850,5.879e-04,0.344,0.109,23486
469,3.98030,3.96850,5.878e-04,0.367,0.123,23433
470,4.01250,3.96850,5.877e-04,0.312,0.089,23511
471,3.90730,3.96850,5.876e-04,0.338,0.093,23464
472,4.13907,3.96850,5.875e-04,0.329,0.113,23430
473,4.01300,3.96850,5.874e-04,0.329,0.097,23477
474,3.74061,3.96850,5.873e-04,0.371,0.113,23371
475,3.71756,3.96850,5.872e-04,0.346,0.123,23531
476,3.83511,3.96850,5.872e-04,0.391,0.158,23444
477,4.23019,3.96850,5.871e-04,0.296,0.093,23428
478,3.94608,3.96850,5.870e-04,0.319,0.092,23539
479,4.62179,3.96850,5.869e-04,0.355,0.111,23423
480,4.00086,3.96850,5.868e-04,0.370,0.127,23435
481,3.88176,3.96850,5.867e-04,0.320,0.102,23408
482,3.69622,3.96850,5.866e-04,0.371,0.133,23421
483,3.44914,3.96850,5.865e-04,0.316,0.106,23527
484,3.98496,3.96850,5.864e-04,0.356,0.111,23401
485,4.65276,3.96850,5.863e-04,0.363,0.141,23469
486,3.98060,3.96850,5.862e-04,0.367,0.115,23423
487,4.11976,3.96850,5.861e-04,0.394,0.164,23369
488,4.07511,3.96850,5.860e-04,0.324,0.109,23520
489,3.99030,3.96850,5.859e-04,0.351,0.128,23408
490,3.88980,3.96850,5.858e-04,0.350,0.107,23492
491,4.21042,3.96850,5.857e-04,0.343,0.108,23431
492,3.60620,3.96850,5.856e-04,0.355,0.121,23393
493,4.06224,3.96850,5.855e-04,0.365,0.113,23540
494,3.73214,3.96850,5.854e-04,0.373,0.105,23412
495,3.95387,3.96850,5.853e-04,0.302,0.091,23485
496,4.07513,3.96850,5.852e-04,0.342,0.103,23466
497,3.65941,3.96850,5.851e-04,0.415,0.138,23399
498,4.41347,3.96850,5.850e-04,0.395,0.131,23489
499,3.93721,3.96850,5.849e-04,0.396,0.140,23412
500,3.54961,3.81745,5.848e-04,0.386,0.125,6674
501,4.30861,3.81745,5.847e-04,0.384,0.127,23704
502,4.37139,3.81745,5.846e-04,0.395,0.126,23473
503,4.02732,3.81745,5.845e-04,0.357,0.116,23419
504,3.92316,3.81745,5.844e-04,0.392,0.117,23506
505,3.65914,3.81745,5.843e-04,0.354,0.100,23406
506,4.22365,3.81745,5.842e-04,0.329,0.096,23400
507,4.02290,3.81745,5.841e-04,0.347,0.116,23532
508,3.80480,3.81745,5.840e-04,0.353,0.094,23424
509,3.92717,3.81745,5.839e-04,0.402,0.110,23469
510,3.81978,3.81745,5.838e-04,0.363,0.111,23446
511,4.07173,3.81745,5.837e-04,0.353,0.096,23202
512,4.18506,3.81745,5.836e-04,0.357,0.112,23526
513,4.00664,3.81745,5.835e-04,0.344,0.096,23426
514,3.91673,3.81745,5.834e-04,0.313,0.091,23506
515,3.74369,3.81745,5.833e-04,0.383,0.130,23449
516,3.77876,3.81745,5.832e-04,0.328,0.112,23382
517,3.73527,3.81745,5.831e-04,0.338,0.111,23508
518,4.36754,3.81745,5.830e-04,0.350,0.117,23416
519,4.32139,3.81745,5.829e-04,0.337,0.110,23514
520,3.68459,3.81745,5.828e-04,0.335,0.123,23455
521,4.16873,3.81745,5.827e-04,0.336,0.105,23385
522,4.16348,3.81745,5.826e-04,0.329,0.107,23508
523,3.47984,3.81745,5.825e-04,0.364,0.102,23113
524,4.10002,3.81745,5.824e-04,0.327,0.113,23766
525,4.53990,3.81745,5.822e-04,0.317,0.094,23425
526,3.57202,3.81745,5.821e-04,0.346,0.103,23417
527,3.83262,3.81745,5.820e-04,0.351,0.107,23479
528,3.93047,3.81745,5.819e-04,0.355,0.108,23428
529,3.77595,3.81745,5.818e-04,0.362,0.120,23481
530,3.88174,3.81745,5.817e-04,0.369,0.120,23445
531,4.19356,3.81745,5.816e-04,0.337,0.121,23424
532,3.67611,3.81745,5.815e-04,0.357,0.123,23530
533,4.04667,3.81745,5.814e-04,0.383,0.131,23427
534,4.75925,3.81745,5.813e-04,0.356,0.121,23447
535,4.25139,3.81745,5.812e-04,0.367,0.144,23485
536,4.04133,3.81745,5.810e-04,0.346,0.130,23355
537,3.62258,3.81745,5.809e-04,0.397,0.147,23588
538,3.92906,3.81745,5.808e-04,0.425,0.157,23405
539,3.77512,3.81745,5.807e-04,0.368,0.123,23436
540,3.99056,3.81745,5.806e-04,0.406,0.132,23223
541,4.03651,3.81745,5.805e-04,0.385,0.143,23659
542,3.58216,3.81745,5.804e-04,0.383,0.122,23501
543,3.83670,3.81745,5.803e-04,0.366,0.100,23417
544,4.13080,3.81745,5.801e-04,0.316,0.098,23460
545,4.16517,3.81745,5.800e-04,0.306,0.093,23526
546,3.85188,3.81745,5.799e-04,0.357,0.100,23418
547,4.02943,3.81745,5.798e-04,0.351,0.116,23500
548,3.99468,3.81745,5.797e-04,0.344,0.111,23271
549,4.06121,3.81745,5.796e-04,0.354,0.118,23571
550,3.95058,3.81745,5.794e-04,0.430,0.143,23474
551,3.94617,3.81745,5.793e-04,0.376,0.119,23405
552,4.19677,3.81745,5.792e-04,0.381,0.137,23492
553,4.05362,3.81745,5.791e-04,0.339,0.108,23466
554,4.06691,3.81745,5.790e-04,0.363,0.132,23446
555,3.93521,3.81745,5.789e-04,0.363,0.117,23493
556,3.75759,3.81745,5.787e-04,0.338,0.097,23428
557,4.14050,3.81745,5.786e-04,0.358,0.127,23540
558,3.71544,3.81745,5.785e-04,0.331,0.101,23423
559,4.14478,3.81745,5.784e-04,0.353,0.118,23439
560,4.09177,3.81745,5.783e-04,0.392,0.157,23535
561,4.06011,3.81745,5.782e-04,0.316,0.097,23401
562,4.00498,3.81745,5.780e-04,0.350,0.121,23449
563,3.99226,3.81745,5.779e-04,0.368,0.110,23431
564,4.22746,3.81745,5.778e-04,0.405,0.156,23415
565,3.89789,3.81745,5.777e-04,0.475,0.189,23498
566,4.59226,3.81745,5.776e-04,0.382,0.142,23402
567,4.20912,3.81745,5.774e-04,0.426,0.165,23499
568,4.08448,3.81745,5.773e-04,0.386,0.142,23165
569,3.95554,3.81745,5.772e-04,0.462,0.179,23727
570,4.13589,3.81745,5.771e-04,0.336,0.106,23490
571,4.14961,3.81745,5.769e-04,0.358,0.122,23398
572,4.27647,3.81745,5.768e-04,0.336,0.098,23516
573,4.16363,3.81745,5.767e-04,0.433,0.159,23434
574,4.22392,3.81745,5.766e-04,0.339,0.106,23399
575,3.76371,3.81745,5.765e-04,0.400,0.146,23490
576,4.15029,3.81745,5.763e-04,0.345,0.113,23417
577,4.02256,3.81745,5.762e-04,0.413,0.149,23522
578,3.88384,3.81745,5.761e-04,0.401,0.162,23431
579,3.68412,3.81745,5.760e-04,0.445,0.158,23421
580,3.91148,3.81745,5.758e-04,0.382,0.133,23487
581,4.06985,3.81745,5.757e-04,0.380,0.139,23368
582,4.02577,3.81745,5.756e-04,0.367,0.119,23528
583,3.78815,3.81745,5.755e-04,0.370,0.120,23402
584,3.84985,3.81745,5.753e-04,0.342,0.105,23396
585,3.62831,3.81745,5.752e-04,0.347,0.122,23505
586,4.03399,3.81745,5.751e-04,0.351,0.125,23403
587,3.86240,3.81745,5.749e-04,0.381,0.125,23500
588,4.24046,3.81745,5.748e-04,0.355,0.111,23441
589,4.66123,3.81745,5.747e-04,0.345,0.105,23430
590,3.94576,3.81745,5.746e-04,0.447,0.179,23516
591,3.47802,3.81745,5.744e-04,0.453,0.159,23395
592,3.63104,3.81745,5.743e-04,0.427,0.155,23501
593,3.89883,3.81745,5.742e-04,0.377,0.121,23418
594,3.76138,3.81745,5.740e-04,0.342,0.109,23393
595,4.37889,3.81745,5.739e-04,0.390,0.131,23202
596,3.88012,3.81745,5.738e-04,0.494,0.197,23698
597,3.62171,3.81745,5.737e-04,0.703,0.302,23497
598,3.85859,3.81745,5.735e-04,0.722,0.284,23419
599,3.52229,3.81745,5.734e-04,0.495,0.160,23418
600,3.79466,3.81745,5.733e-04,0.398,0.142,23516
601,4.46526,3.81745,5.731e-04,0.411,0.143,23389
602,4.12935,3.81745,5.730e-04,0.349,0.105,23460
603,3.82579,3.81745,5.729e-04,0.454,0.146,23442
604,3.98346,3.81745,5.727e-04,0.411,0.125,23420
605,3.88362,3.81745,5.726e-04,0.405,0.152,23513
606,3.73789,3.81745,5.725e-04,0.505,0.180,23373
607,3.61706,3.81745,5.723e-04,0.379,0.127,23480
608,3.63661,3.81745,5.722e-04,0.404,0.124,23441
609,4.28805,3.81745,5.721e-04,0.435,0.146,23415
610,4.36928,3.81745,5.719e-04,0.425,0.141,23508
611,3.55722,3.81745,5.718e-04,0.449,0.173,23396
612,3.79326,3.81745,5.717e-04,0.412,0.133,23424
613,4.38540,3.81745,5.715e-04,0.433,0.143,23482
614,4.08039,3.81745,5.714e-04,0.429,0.148,23448
615,4.20106,3.81745,5.713e-04,0.425,0.153,23487
616,3.39787,3.81745,5.711e-04,0.467,0.159,23397
617,4.00258,3.81745,5.710e-04,0.501,0.185,23433
618,4.41608,3.81745,5.708e-04,0.390,0.134,23463
619,4.15828,3.81745,5.707e-04,0.398,0.130,23260
620,3.90131,3.81745,5.706e-04,0.379,0.107,23659
621,4.07820,3.81745,5.704e-04,0.392,0.133,23418
622,4.32939,3.81745,5.703e-04,0.407,0.131,23436
623,3.83010,3.81745,5.702e-04,0.409,0.142,23452
624,3.80319,3.81745,5.700e-04,0.494,0.179,23382
625,3.65255,3.81745,5.699e-04,0.625,0.229,23515
626,3.85730,3.81745,5.697e-04,0.455,0.140,23371
627,4.10368,3.81745,5.696e-04,0.547,0.170,23420
628,4.38882,3.81745,5.695e-04,0.455,0.175,23456
629,3.74482,3.81745,5.693e-04,0.426,0.151,23417
630,3.61033,3.81745,5.692e-04,0.506,0.168,23541
631,3.54538,3.81745,5.690e-04,0.448,0.171,23435
632,4.13720,3.81745,5.689e-04,0.390,0.127,23468
633,3.86537,3.81745,5.688e-04,0.438,0.149,23482
634,4.25674,3.81745,5.686e-04,0.415,0.147,23383
635,3.84296,3.81745,5.685e-04,0.460,0.140,23463
636,4.17015,3.81745,5.683e-04,0.387,0.121,23396
637,3.69398,3.81745,5.682e-04,0.431,0.136,23417
638,4.02204,3.81745,5.680e-04,0.477,0.175,23330
639,4.48488,3.81745,5.679e-04,0.480,0.148,23595
640,4.48335,3.81745,5.678e-04,0.411,0.130,23514
641,3.89301,3.81745,5.676e-04,0.451,0.146,23371
642,3.44241,3.81745,5.675e-04,0.473,0.161,23465
643,3.70182,3.81745,5.673e-04,0.411,0.128,23460
644,3.78557,3.81745,5.672e-04,0.581,0.188,23407
645,3.88186,3.81745,5.670e-04,0.653,0.232,23502
646,3.56075,3.81745,5.669e-04,0.454,0.123,23420
647,3.62040,3.81745,5.667e-04,0.525,0.168,23424
648,4.02072,3.81745,5.666e-04,0.481,0.190,23509
649,3.87814,3.81745,5.665e-04,0.494,0.157,23447
650,3.51220,3.81745,5.663e-04,0.575,0.174,23505
651,3.54248,3.81745,5.662e-04,0.420,0.115,23098
652,4.06660,3.81745,5.660e-04,0.460,0.154,23731
653,3.23393,3.81745,5.659e-04,0.456,0.126,23521
654,3.76815,3.81745,5.657e-04,0.456,0.140,23415
655,3.97981,3.81745,5.656e-04,0.541,0.198,23512
656,4.26266,3.81745,5.654e-04,0.762,0.212,23418
657,4.18622,3.81745,5.653e-04,0.736,0.239,23412
658,3.82896,3.81745,5.651e-04,0.638,0.202,23520
659,3.63911,3.81745,5.650e-04,0.606,0.192,23282
660,4.29698,3.81745,5.648e-04,0.472,0.161,23601
661,4.01845,3.81745,5.647e-04,0.537,0.204,23402
662,4.07876,3.81745,5.645e-04,0.512,0.187,23415
663,3.49875,3.81745,5.644e-04,0.506,0.176,23521
664,4.12423,3.81745,5.642e-04,0.429,0.137,23403
665,3.50133,3.81745,5.641e-04,0.519,0.170,23474
666,3.92904,3.81745,5.639e-04,0.509,0.149,23427
667,3.26607,3.81745,5.638e-04,0.455,0.147,23404
668,3.78860,3.81745,5.636e-04,0.432,0.135,23506
669,3.53797,3.81745,5.635e-04,0.468,0.135,23465
670,3.59527,3.81745,5.633e-04,0.572,0.183,23440
671,3.69201,3.81745,5.632e-04,0.500,0.149,23440
672,3.81507,3.81745,5.630e-04,0.436,0.142,23399
673,4.18655,3.81745,5.629e-04,0.467,0.145,23451
674,3.32796,3.81745,5.627e-04,0.490,0.134,23426
675,3.78997,3.81745,5.626e-04,0.562,0.177,23471
676,3.67783,3.81745,5.624e-04,0.413,0.121,23432
677,3.87799,3.81745,5.622e-04,0.498,0.151,23374
678,3.81731,3.81745,5.621e-04,0.503,0.145,23521
679,4.01474,3.81745,5.619e-04,0.607,0.164,23133
680,3.63087,3.81745,5.618e-04,0.507,0.156,23764
681,3.46131,3.81745,5.616e-04,0.692,0.191,23390
682,4.45624,3.81745,5.615e-04,0.637,0.220,23419
683,4.00183,3.81745,5.613e-04,0.554,0.176,23466
684,3.74023,3.81745,5.612e-04,0.569,0.183,23409
685,4.04051,3.81745,5.610e-04,0.480,0.141,23517
686,3.69449,3.81745,5.608e-04,0.587,0.172,23414
687,3.98363,3.81745,5.607e-04,0.623,0.203,23391
688,3.88300,3.81745,5.605e-04,0.545,0.166,23513
689,4.13128,3.81745,5.604e-04,0.459,0.158,23466
690,4.19582,3.81745,5.602e-04,0.525,0.162,23459
691,3.81423,3.81745,5.601e-04,0.511,0.144,23492
692,4.10264,3.81745,5.599e-04,0.479,0.154,23403
693,3.47955,3.81745,5.597e-04,0.538,0.157,23524
694,3.83667,3.81745,5.596e-04,0.449,0.127,23462
695,3.93606,3.81745,5.594e-04,0.498,0.149,23463
696,3.36380,3.81745,5.593e-04,0.649,0.198,23486
697,3.63803,3.81745,5.591e-04,0.597,0.164,23412
698,3.69080,3.81745,5.589e-04,0.593,0.153,23490
699,3.98844,3.81745,5.588e-04,0.526,0.151,23400
700,3.72302,3.81745,5.586e-04,0.554,0.157,23465
701,3.45004,3.81745,5.585e-04,0.618,0.162,23442
702,3.98097,3.81745,5.583e-04,0.544,0.146,23390
703,3.85492,3.81745,5.581e-04,0.569,0.151,23535
704,3.70743,3.81745,5.580e-04,0.560,0.159,23402
705,4.03281,3.81745,5.578e-04,0.513,0.139,23489
706,3.67040,3.81745,5.576e-04,0.594,0.200,23496
707,3.19420,3.81745,5.575e-04,0.644,0.190,23439
708,3.81938,3.81745,5.573e-04,0.643,0.215,23503
709,3.84510,3.81745,5.572e-04,0.550,0.149,23377
710,3.89910,3.81745,5.570e-04,0.638,0.204,23409
711,3.86703,3.81745,5.568e-04,0.600,0.177,23452
712,3.63700,3.81745,5.567e-04,0.657,0.181,23443
713,3.70797,3.81745,5.565e-04,0.659,0.185,23567
714,3.83504,3.81745,5.563e-04,0.795,0.209,23433
715,3.52040,3.81745,5.562e-04,0.633,0.156,23446
716,3.41422,3.81745,5.560e-04,0.628,0.170,23500
717,3.70732,3.81745,5.558e-04,0.547,0.168,23408
718,3.86824,3.81745,5.557e-04,0.588,0.188,23490
719,3.80693,3.81745,5.555e-04,0.578,0.172,23402
720,3.80063,3.81745,5.553e-04,0.549,0.158,23454
721,3.40677,3.81745,5.552e-04,0.611,0.177,23480
722,3.69016,3.81745,5.550e-04,0.723,0.223,23423
723,3.71104,3.81745,5.548e-04,0.758,0.243,23497
724,4.10875,3.81745,5.547e-04,0.579,0.173,23433
725,3.72312,3.81745,5.545e-04,0.546,0.154,23443
726,4.34256,3.81745,5.543e-04,0.560,0.160,23467
727,3.41268,3.81745,5.542e-04,0.698,0.214,23434
728,3.40106,3.81745,5.540e-04,0.594,0.172,23542
729,3.89391,3.81745,5.538e-04,0.531,0.146,23417
730,3.96259,3.81745,5.537e-04,0.672,0.197,23409
731,3.83431,3.81745,5.535e-04,0.565,0.151,23475
732,3.64856,3.81745,5.533e-04,0.601,0.180,23415
733,4.04349,3.81745,5.531e-04,0.543,0.153,23537
734,3.68360,3.81745,5.530e-04,0.639,0.194,23369
735,3.97033,3.81745,5.528e-04,0.571,0.192,23391
736,3.51367,3.81745,5.526e-04,0.606,0.152,23184
737,3.87822,3.81745,5.525e-04,0.627,0.211,23679
738,3.15111,3.81745,5.523e-04,0.880,0.262,23512
739,3.65660,3.81745,5.521e-04,0.918,0.311,23443
740,4.11827,3.81745,5.519e-04,0.664,0.150,23405
741,3.43430,3.81745,5.518e-04,0.713,0.219,23477
742,3.74855,3.81745,5.516e-04,0.735,0.220,23407
743,3.76059,3.81745,5.514e-04,0.586,0.154,23450
744,3.65720,3.81745,5.512e-04,0.695,0.196,23144
745,3.74471,3.81745,5.511e-04,0.552,0.152,23708
746,3.66863,3.81745,5.509e-04,0.656,0.161,23497
747,3.57667,3.81745,5.507e-04,0.559,0.121,23391
748,3.97724,3.81745,5.506e-04,0.616,0.182,23515
749,4.01745,3.81745,5.504e-04,0.516,0.145,23463
750,3.37631,3.52719,5.502e-04,0.546,0.131,6679
751,3.61679,3.52719,5.500e-04,0.533,0.125,23692
752,4.24219,3.52719,5.499e-04,0.489,0.133,23495
753,3.84800,3.52719,5.497e-04,0.538,0.140,23413
754,3.98437,3.52719,5.495e-04,0.572,0.160,23136
755,3.57094,3.52719,5.493e-04,0.634,0.172,23768
756,3.46340,3.52719,5.491e-04,0.829,0.230,23436
757,3.41745,3.52719,5.490e-04,0.726,0.222,23505
758,3.67828,3.52719,5.488e-04,0.622,0.186,23398
759,3.68239,3.52719,5.486e-04,0.613,0.145,23439
760,3.39040,3.52719,5.484e-04,0.758,0.214,23500
761,4.21202,3.52719,5.483e-04,0.747,0.215,23400
762,3.89958,3.52719,5.481e-04,0.561,0.156,23355
763,3.50397,3.52719,5.479e-04,0.694,0.183,23609
764,3.15711,3.52719,5.477e-04,0.594,0.135,23440
765,3.61991,3.52719,5.475e-04,0.699,0.198,23525
766,3.79515,3.52719,5.474e-04,0.594,0.132,23404
767,3.30259,3.52719,5.472e-04,0.633,0.136,23512
768,3.63611,3.52719,5.470e-04,0.694,0.205,23418
769,3.60789,3.52719,5.468e-04,0.579,0.132,23396
770,3.39729,3.52719,5.466e-04,0.621,0.152,23385
771,3.51115,3.52719,5.465e-04,0.762,0.245,23576
772,3.63371,3.52719,5.463e-04,0.618,0.180,23507
773,3.91468,3.52719,5.461e-04,0.590,0.196,23378
774,3.97216,3.52719,5.459e-04,0.576,0.146,23397
775,4.13260,3.52719,5.457e-04,0.601,0.169,23393
776,3.89236,3.52719,5.456e-04,0.583,0.151,23519
777,4.08481,3.52719,5.454e-04,0.593,0.134,23486
778,3.90178,3.52719,5.452e-04,0.515,0.117,23465
779,3.45988,3.52719,5.450e-04,0.679,0.181,23418
780,3.52872,3.52719,5.448e-04,1.024,0.270,23542
781,3.88382,3.52719,5.446e-04,0.670,0.162,23375
782,3.59544,3.52719,5.445e-04,0.698,0.181,23496
783,3.72656,3.52719,5.443e-04,0.635,0.141,23481
784,3.61736,3.52719,5.441e-04,0.628,0.179,23424
785,3.71581,3.52719,5.439e-04,0.562,0.129,23518
786,3.62797,3.52719,5.437e-04,0.663,0.203,23397
787,3.23228,3.52719,5.435e-04,0.707,0.154,23422
788,3.50254,3.52719,5.433e-04,0.601,0.168,23484
789,3.17645,3.52719,5.432e-04,0.730,0.177,23432
790,3.73420,3.52719,5.430e-04,0.753,0.214,23507
791,4.09816,3.52719,5.428e-04,0.592,0.144,23390
792,4.34709,3.52719,5.426e-04,0.528,0.113,23475
793,3.89977,3.52719,5.424e-04,0.593,0.135,23457
794,3.60614,3.52719,5.422e-04,0.628,0.157,23411
795,3.60525,3.52719,5.420e-04,0.648,0.139,23518
796,3.09674,3.52719,5.418e-04,0.802,0.213,23431
797,3.60617,3.52719,5.417e-04,0.837,0.243,23490
798,4.06974,3.52719,5.415e-04,0.887,0.241,23455
799,3.74630,3.52719,5.413e-04,0.968,0.207,23435
800,3.78686,3.52719,5.411e-04,0.786,0.195,23495
801,3.35149,3.52719,5.409e-04,0.739,0.202,23386
802,3.14842,3.52719,5.407e-04,0.726,0.179,23452
803,3.89681,3.52719,5.405e-04,0.720,0.186,23463
804,3.59005,3.52719,5.403e-04,0.650,0.155,23386
805,3.36355,3.52719,5.401e-04,0.688,0.161,23509
806,3.70279,3.52719,5.400e-04,0.567,0.122,23426
807,3.62537,3.52719,5.398e-04,0.674,0.164,23444
808,3.70676,3.52719,5.396e-04,0.619,0.134,23475
809,3.67359,3.52719,5.394e-04,0.656,0.143,23402
810,3.24617,3.52719,5.392e-04,0.714,0.150,23218
811,3.48307,3.52719,5.390e-04,0.642,0.142,23704
812,3.83279,3.52719,5.388e-04,0.628,0.147,23474
813,3.34361,3.52719,5.386e-04,0.696,0.161,23499
814,3.31925,3.52719,5.384e-04,0.714,0.162,23202
815,3.71374,3.52719,5.382e-04,0.662,0.148,23746
816,3.67654,3.52719,5.380e-04,0.709,0.156,23411
817,3.38738,3.52719,5.378e-04,0.687,0.155,23439
818,3.26235,3.52719,5.377e-04,0.770,0.145,23472
819,3.83762,3.52719,5.375e-04,0.586,0.127,23412
820,3.39254,3.52719,5.373e-04,0.694,0.139,23460
821,3.31622,3.52719,5.371e-04,0.746,0.172,23413
822,3.19274,3.52719,5.369e-04,0.875,0.240,23403
823,3.64475,3.52719,5.367e-04,0.779,0.209,23487
824,3.23097,3.52719,5.365e-04,0.646,0.138,23421
825,3.47614,3.52719,5.363e-04,0.842,0.176,23469
826,3.79082,3.52719,5.361e-04,0.727,0.140,23413
827,3.42978,3.52719,5.359e-04,0.793,0.200,23406
828,3.47856,3.52719,5.357e-04,0.678,0.158,23500
829,3.24894,3.52719,5.355e-04,0.732,0.156,23414
830,3.78836,3.52719,5.353e-04,0.623,0.141,23454
831,3.67223,3.52719,5.351e-04,0.701,0.170,23448
832,4.24441,3.52719,5.349e-04,0.596,0.158,23414
833,3.30624,3.52719,5.347e-04,0.692,0.178,23496
834,3.41488,3.52719,5.345e-04,0.573,0.128,23394
835,3.42937,3.52719,5.343e-04,0.673,0.164,23506
836,3.46937,3.52719,5.341e-04,0.635,0.151,23414
837,3.88881,3.52719,5.339e-04,0.575,0.152,23441
838,3.79952,3.52719,5.337e-04,0.633,0.132,23496
839,3.08634,3.52719,5.335e-04,0.662,0.138,23418
840,3.18510,3.52719,5.333e-04,0.866,0.187,23490
841,3.37276,3.52719,5.331e-04,0.907,0.212,23295
842,3.39864,3.52719,5.329e-04,0.803,0.187,23576
843,3.30174,3.52719,5.327e-04,0.701,0.148,23504
844,3.18001,3.52719,5.325e-04,0.719,0.164,23441
845,3.46311,3.52719,5.323e-04,0.628,0.137,23504
846,3.22938,3.52719,5.321e-04,0.719,0.150,23435
847,3.49418,3.52719,5.319e-04,0.706,0.147,23392
848,3.61554,3.52719,5.317e-04,0.754,0.166,23496
849,3.05039,3.52719,5.315e-04,0.742,0.168,23373
850,3.78368,3.52719,5.313e-04,0.665,0.151,23512
851,3.87521,3.52719,5.311e-04,0.767,0.169,23429
852,3.94172,3.52719,5.309e-04,0.667,0.142,23407
853,3.32978,3.52719,5.307e-04,0.734,0.181,23548
854,3.33098,3.52719,5.305e-04,0.865,0.186,23404
855,3.26375,3.52719,5.303e-04,0.717,0.136,23473
856,3.44529,3.52719,5.301e-04,0.805,0.177,23431
857,3.44928,3.52719,5.299e-04,0.918,0.234,23407
858,3.46744,3.52719,5.297e-04,0.754,0.177,23519
859,3.02550,3.52719,5.295e-04,0.833,0.208,23394
860,3.73546,3.52719,5.293e-04,0.717,0.160,23470
861,3.49146,3.52719,5.291e-04,0.832,0.196,23446
862,3.59771,3.52719,5.289e-04,0.721,0.161,23412
863,3.54052,3.52719,5.287e-04,0.680,0.138,23551
864,3.64604,3.52719,5.285e-04,0.647,0.139,23089
865,3.80937,3.52719,5.283e-04,0.610,0.128,23764
866,3.67983,3.52719,5.281e-04,0.652,0.131,23444
867,3.19271,3.52719,5.279e-04,0.777,0.197,23406
868,3.96567,3.52719,5.276e-04,0.717,0.157,23501
869,3.84712,3.52719,5.274e-04,0.620,0.140,23383
870,3.43087,3.52719,5.272e-04,0.613,0.129,23492
871,3.56049,3.52719,5.270e-04,0.682,0.138,23424
872,3.37807,3.52719,5.268e-04,0.660,0.124,23425
873,3.57486,3.52719,5.266e-04,0.667,0.165,23216
874,3.53315,3.52719,5.264e-04,0.691,0.133,23701
875,3.75416,3.52719,5.262e-04,0.607,0.141,23462
876,3.32010,3.52719,5.260e-04,0.810,0.210,23417
877,3.69889,3.52719,5.258e-04,0.831,0.202,23407
878,4.03265,3.52719,5.256e-04,0.648,0.145,23525
879,3.96203,3.52719,5.254e-04,0.602,0.120,23410
880,3.39100,3.52719,5.252e-04,0.669,0.144,23450
881,3.50697,3.52719,5.249e-04,0.564,0.118,23447
882,3.84952,3.52719,5.247e-04,0.575,0.119,23409
883,3.22860,3.52719,5.245e-04,0.642,0.135,23524
884,3.63431,3.52719,5.243e-04,0.602,0.128,23374
885,3.04954,3.52719,5.241e-04,0.703,0.130,23465
886,3.34371,3.52719,5.239e-04,0.754,0.161,23468
887,3.37875,3.52719,5.237e-04,0.719,0.144,23419
888,3.46500,3.52719,5.235e-04,0.781,0.170,23492
889,3.56202,3.52719,5.233e-04,0.663,0.126,23399
890,3.26667,3.52719,5.230e-04,0.703,0.153,23425
891,3.93018,3.52719,5.228e-04,0.663,0.164,23454
892,3.08613,3.52719,5.226e-04,0.671,0.141,23393
893,3.70225,3.52719,5.224e-04,0.761,0.179,23514
894,3.04246,3.52719,5.222e-04,0.770,0.129,23401
895,3.45728,3.52719,5.220e-04,0.707,0.163,23485
896,3.77386,3.52719,5.218e-04,0.710,0.151,23156
897,3.63839,3.52719,5.216e-04,0.735,0.154,23672
898,3.65386,3.52719,5.213e-04,0.823,0.168,23515
899,3.36239,3.52719,5.211e-04,0.777,0.155,23403
900,3.74127,3.52719,5.209e-04,0.659,0.149,23446
901,3.70503,3.52719,5.207e-04,0.622,0.140,23460
902,3.88405,3.52719,5.205e-04,0.701,0.168,23429
903,3.89720,3.52719,5.203e-04,0.645,0.141,23500
904,3.35828,3.52719,5.201e-04,0.869,0.163,23364
905,3.12908,3.52719,5.198e-04,0.963,0.227,23415
906,3.21507,3.52719,5.196e-04,0.854,0.167,23482
907,3.61324,3.52719,5.194e-04,0.731,0.177,23441
908,4.08771,3.52719,5.192e-04,0.827,0.179,23501
909,3.34618,3.52719,5.190e-04,0.714,0.159,23437
910,3.71769,3.52719,5.188e-04,0.693,0.176,23424
911,3.55576,3.52719,5.185e-04,0.673,0.151,23504
912,3.33176,3.52719,5.183e-04,0.781,0.176,23390
913,3.67020,3.52719,5.181e-04,0.631,0.134,23469
914,3.52472,3.52719,5.179e-04,0.731,0.166,23468
915,3.92408,3.52719,5.177e-04,0.662,0.141,23420
916,3.67653,3.52719,5.175e-04,0.661,0.133,23499
917,3.57438,3.52719,5.172e-04,0.604,0.130,23404
918,3.39028,3.52719,5.170e-04,0.767,0.164,23475
919,3.04605,3.52719,5.168e-04,0.718,0.150,23423
920,3.42386,3.52719,5.166e-04,0.681,0.140,23429
921,3.44826,3.52719,5.164e-04,0.756,0.166,23450
922,3.32539,3.52719,5.161e-04,0.670,0.146,23375
923,3.17860,3.52719,5.159e-04,0.952,0.184,23468
924,3.89467,3.52719,5.157e-04,1.164,0.237,23403
925,3.34384,3.52719,5.155e-04,0.918,0.222,23393
926,3.38232,3.52719,5.153e-04,1.122,0.207,23523
927,3.11660,3.52719,5.150e-04,0.940,0.165,23397
928,3.26294,3.52719,5.148e-04,0.811,0.144,23513
929,3.64362,3.52719,5.146e-04,0.837,0.176,23374
930,4.43444,3.52719,5.144e-04,0.708,0.139,23392
931,4.01889,3.52719,5.142e-04,0.723,0.146,23535
932,3.46095,3.52719,5.139e-04,0.755,0.148,23382
933,3.14136,3.52719,5.137e-04,0.762,0.137,23514
934,3.17305,3.52719,5.135e-04,0.707,0.154,23397
935,3.98363,3.52719,5.133e-04,0.621,0.132,23403
936,3.24292,3.52719,5.131e-04,0.820,0.159,23468
937,3.44979,3.52719,5.128e-04,0.789,0.198,23422
938,3.69307,3.52719,5.126e-04,0.671,0.163,23489
939,3.41728,3.52719,5.124e-04,0.713,0.156,23439
940,3.94934,3.52719,5.122e-04,0.644,0.145,23447
941,2.94888,3.52719,5.119e-04,0.750,0.156,23484
942,3.34549,3.52719,5.117e-04,0.657,0.141,23386
943,3.66924,3.52719,5.115e-04,0.682,0.141,23194
944,3.55872,3.52719,5.113e-04,0.662,0.121,23726
945,2.98316,3.52719,5.110e-04,0.686,0.137,23414
946,3.27505,3.52719,5.108e-04,0.702,0.141,23496
947,3.06212,3.52719,5.106e-04,0.617,0.117,23446
948,3.48774,3.52719,5.104e-04,0.723,0.141,23479
949,3.73634,3.52719,5.101e-04,0.629,0.126,23428
950,3.96337,3.52719,5.099e-04,0.667,0.142,23474
951,3.23189,3.52719,5.097e-04,0.787,0.181,23517
952,3.67365,3.52719,5.095e-04,0.831,0.173,23444
953,3.61635,3.52719,5.092e-04,0.715,0.157,23512
954,3.21148,3.52719,5.090e-04,0.734,0.176,23474
955,3.23397,3.52719,5.088e-04,0.669,0.126,23440
956,3.43057,3.52719,5.086e-04,0.739,0.159,23510
957,3.33925,3.52719,5.083e-04,0.685,0.132,23431
958,3.84106,3.52719,5.081e-04,0.776,0.166,23426
959,3.00487,3.52719,5.079e-04,0.817,0.162,23441
960,3.65413,3.52719,5.076e-04,0.727,0.147,23409
961,3.86406,3.52719,5.074e-04,0.695,0.127,23174
962,3.54558,3.52719,5.072e-04,0.726,0.149,23732
963,3.14295,3.52719,5.070e-04,0.788,0.156,23440
964,3.51763,3.52719,5.067e-04,0.753,0.161,23502
965,3.45643,3.52719,5.065e-04,0.701,0.136,23453
966,3.33457,3.52719,5.063e-04,0.741,0.132,23476
967,3.59250,3.52719,5.060e-04,0.726,0.150,23387
968,3.83134,3.52719,5.058e-04,0.651,0.137,23461
969,3.80012,3.52719,5.056e-04,0.684,0.120,23443
970,4.08694,3.52719,5.054e-04,0.683,0.153,23410
971,3.40691,3.52719,5.051e-04,0.750,0.142,23502
972,3.47100,3.52719,5.049e-04,0.819,0.186,23424
973,3.62389,3.52719,5.047e-04,0.757,0.136,23445
974,2.86904,3.52719,5.044e-04,0.878,0.170,23315
975,3.35985,3.52719,5.042e-04,0.930,0.160,23584
976,3.24457,3.52719,5.040e-04,0.949,0.210,23495
977,2.97713,3.52719,5.037e-04,0.790,0.171,23426
978,3.38562,3.52719,5.035e-04,0.728,0.156,23433
979,3.27290,3.52719,5.033e-04,0.648,0.126,23488
980,2.94466,3.52719,5.030e-04,0.760,0.156,23434
981,2.96450,3.52719,5.028e-04,0.925,0.180,23510
982,3.36846,3.52719,5.026e-04,0.966,0.183,23287
983,3.65691,3.52719,5.023e-04,0.794,0.163,23593
984,3.74294,3.52719,5.021e-04,0.770,0.136,23497
985,3.20481,3.52719,5.019e-04,0.889,0.166,23398
986,3.61437,3.52719,5.016e-04,0.689,0.125,23526
987,3.87295,3.52719,5.014e-04,0.668,0.151,23437
988,3.24299,3.52719,5.012e-04,0.828,0.146,23425
989,3.30627,3.52719,5.009e-04,0.704,0.143,23516
990,3.46255,3.52719,5.007e-04,0.655,0.126,23193
991,3.46431,3.52719,5.005e-04,0.642,0.131,23417
992,3.51865,3.52719,5.002e-04,0.627,0.138,23689
993,3.47582,3.52719,5.000e-04,0.826,0.175,23445
994,2.84821,3.52719,4.998e-04,0.688,0.125,23457
995,3.41680,3.52719,4.995e-04,0.714,0.165,23399
996,3.09148,3.52719,4.993e-04,0.669,0.132,23500
997,3.62578,3.52719,4.991e-04,0.676,0.140,23417
998,3.43232,3.52719,4.988e-04,0.789,0.153,23438
999,3.43786,3.52719,4.986e-04,0.671,0.135,23488
1000,2.91784,3.21520,4.983e-04,0.733,0.132,6674
1001,3.27174,3.21520,4.981e-04,0.720,0.126,23707
1002,3.41581,3.21520,4.979e-04,0.641,0.111,23399
1003,3.10458,3.21520,4.976e-04,0.735,0.138,23533
1004,3.35961,3.21520,4.974e-04,0.707,0.136,23391
1005,3.02970,3.21520,4.972e-04,0.835,0.167,23521
1006,3.41883,3.21520,4.969e-04,0.726,0.142,23448
1007,4.07886,3.21520,4.967e-04,0.741,0.159,23469
1008,3.63219,3.21520,4.964e-04,0.725,0.142,23464
1009,3.24513,3.21520,4.962e-04,0.737,0.162,23417
1010,3.78857,3.21520,4.960e-04,0.676,0.134,23493
1011,3.24259,3.21520,4.957e-04,0.831,0.184,23433
1012,3.00702,3.21520,4.955e-04,0.853,0.153,23460
1013,3.30004,3.21520,4.952e-04,0.831,0.158,23463
1014,3.35148,3.21520,4.950e-04,0.805,0.174,23459
1015,3.71970,3.21520,4.948e-04,0.704,0.150,23491
1016,3.89577,3.21520,4.945e-04,0.807,0.169,23442
1017,3.50511,3.21520,4.943e-04,0.744,0.141,23419
1018,3.36377,3.21520,4.940e-04,0.750,0.150,23501
1019,3.70144,3.21520,4.938e-04,0.688,0.133,23414
1020,3.38127,3.21520,4.936e-04,0.757,0.150,23555
1021,3.47351,3.21520,4.933e-04,0.698,0.139,23386
1022,3.52671,3.21520,4.931e-04,0.676,0.126,23442
1023,3.62676,3.21520,4.928e-04,0.719,0.120,23425
1024,3.69335,3.21520,4.926e-04,0.655,0.131,23435
1025,2.65336,3.21520,4.924e-04,0.956,0.186,23472
1026,3.34042,3.21520,4.921e-04,1.187,0.224,23431
1027,4.20549,3.21520,4.919e-04,0.672,0.141,23434
1028,3.02927,3.21520,4.916e-04,0.937,0.152,23492
1029,3.01255,3.21520,4.914e-04,0.769,0.134,23390
1030,3.35332,3.21520,4.911e-04,0.706,0.123,23485
1031,2.54720,3.21520,4.909e-04,0.880,0.145,23318
1032,3.38035,3.21520,4.907e-04,0.847,0.167,23579
1033,3.43237,3.21520,4.904e-04,0.913,0.142,23492
1034,3.59002,3.21520,4.902e-04,0.783,0.182,23388
1035,3.31510,3.21520,4.899e-04,0.745,0.126,23461
1036,3.14466,3.21520,4.897e-04,0.731,0.147,23430
1037,3.20251,3.21520,4.894e-04,0.683,0.145,23424
1038,2.95904,3.21520,4.892e-04,0.758,0.128,23482
1039,2.90418,3.21520,4.889e-04,0.633,0.110,23402
1040,3.08097,3.21520,4.887e-04,0.805,0.175,23495
1041,3.25618,3.21520,4.885e-04,0.714,0.128,23190
1042,3.38329,3.21520,4.882e-04,0.645,0.127,23661
1043,3.25762,3.21520,4.880e-04,0.723,0.142,23499
1044,3.44754,3.21520,4.877e-04,0.775,0.166,23428
1045,3.30855,3.21520,4.875e-04,0.702,0.127,23472
1046,3.31990,3.21520,4.872e-04,0.744,0.154,23450
1047,3.65680,3.21520,4.870e-04,0.746,0.149,23393
1048,3.01234,3.21520,4.867e-04,0.821,0.191,23505
1049,3.36664,3.21520,4.865e-04,0.797,0.178,23361
1050,3.17420,3.21520,4.862e-04,0.676,0.157,23485
1051,3.40605,3.21520,4.860e-04,0.814,0.154,23430
1052,3.81373,3.21520,4.857e-04,0.781,0.152,23420
1053,4.02347,3.21520,4.855e-04,0.738,0.140,23533
1054,3.51605,3.21520,4.853e-04,0.751,0.133,23410
1055,3.16018,3.21520,4.850e-04,0.749,0.133,23517
1056,3.41239,3.21520,4.848e-04,0.762,0.146,23457
1057,3.58309,3.21520,4.845e-04,0.696,0.125,23379
1058,3.13007,3.21520,4.843e-04,0.815,0.136,23552
1059,3.56005,3.21520,4.840e-04,0.765,0.147,23432
1060,3.74472,3.21520,4.838e-04,0.683,0.151,23504
1061,3.51499,3.21520,4.835e-04,0.728,0.129,23387
1062,3.21224,3.21520,4.833e-04,0.706,0.127,23411
1063,3.95190,3.21520,4.830e-04,0.632,0.136,23509
1064,3.07752,3.21520,4.828e-04,0.697,0.140,23384
1065,3.23171,3.21520,4.825e-04,0.707,0.131,23491
1066,3.58915,3.21520,4.823e-04,0.697,0.119,23432
1067,3.38682,3.21520,4.820e-04,0.672,0.131,23387
1068,3.43632,3.21520,4.818e-04,0.660,0.117,23501
1069,3.00129,3.21520,4.815e-04,0.719,0.115,23424
1070,3.59149,3.21520,4.813e-04,0.652,0.117,23478
1071,4.00052,3.21520,4.810e-04,0.718,0.137,23461
1072,3.15723,3.21520,4.808e-04,0.835,0.144,23115
1073,3.78305,3.21520,4.805e-04,0.744,0.145,23788
1074,3.49704,3.21520,4.803e-04,0.805,0.148,23408
1075,3.43774,3.21520,4.800e-04,0.965,0.194,23463
1076,3.33223,3.21520,4.798e-04,0.891,0.164,23169
1077,3.29810,3.21520,4.795e-04,0.809,0.153,23714
1078,3.80500,3.21520,4.792e-04,0.830,0.145,23518
1079,3.16821,3.21520,4.790e-04,0.737,0.137,23390
1080,4.02099,3.21520,4.787e-04,0.689,0.132,23443
1081,3.59128,3.21520,4.785e-04,0.738,0.134,23356
1082,2.90365,3.21520,4.782e-04,0.794,0.134,23521
1083,3.03337,3.21520,4.780e-04,0.759,0.160,23481
1084,3.27132,3.21520,4.777e-04,0.727,0.123,23398
1085,3.80835,3.21520,4.775e-04,0.752,0.154,23451
1086,3.88038,3.21520,4.772e-04,0.676,0.124,23401
1087,2.77473,3.21520,4.770e-04,0.801,0.128,23457
1088,3.38660,3.21520,4.767e-04,0.783,0.138,23500
1089,3.51484,3.21520,4.765e-04,0.774,0.137,23411
1090,4.01723,3.21520,4.762e-04,0.717,0.137,23432
1091,2.82753,3.21520,4.759e-04,0.871,0.136,23494
1092,3.16197,3.21520,4.757e-04,0.747,0.127,23400
1093,3.35524,3.21520,4.754e-04,0.716,0.119,23514
1094,3.07321,3.21520,4.752e-04,0.755,0.153,23389
1095,2.99142,3.21520,4.749e-04,0.715,0.115,23461
1096,3.60895,3.21520,4.747e-04,0.749,0.163,23467
1097,3.39904,3.21520,4.744e-04,0.709,0.118,23418
1098,3.27889,3.21520,4.742e-04,0.819,0.171,23489
1099,3.16936,3.21520,4.739e-04,0.742,0.137,23427
1100,3.04775,3.21520,4.736e-04,0.768,0.123,23406
1101,3.09647,3.21520,4.734e-04,0.754,0.120,23464
1102,2.80699,3.21520,4.731e-04,0.762,0.128,23424
1103,3.61155,3.21520,4.729e-04,0.749,0.124,23519
1104,3.08426,3.21520,4.726e-04,0.764,0.132,23413
1105,3.13606,3.21520,4.724e-04,0.718,0.114,23471
1106,3.36817,3.21520,4.721e-04,0.681,0.123,23464
1107,2.90819,3.21520,4.718e-04,0.801,0.140,23390
1108,3.62366,3.21520,4.716e-04,0.731,0.143,23496
1109,2.65292,3.21520,4.713e-04,0.797,0.142,23416
1110,2.63389,3.21520,4.711e-04,0.928,0.218,23474
1111,3.00427,3.21520,4.708e-04,0.909,0.198,23475
1112,2.96440,3.21520,4.706e-04,0.848,0.132,23399
1113,3.55166,3.21520,4.703e-04,0.726,0.144,23243
1114,2.95401,3.21520,4.700e-04,0.728,0.125,23686
1115,2.92306,3.21520,4.698e-04,0.743,0.134,23410
1116,3.09134,3.21520,4.695e-04,0.704,0.122,23525
1117,3.69905,3.21520,4.693e-04,0.628,0.110,23430
1118,3.09023,3.21520,4.690e-04,0.966,0.175,23511
1119,3.11342,3.21520,4.687e-04,0.923,0.182,23421
1120,3.57503,3.21520,4.685e-04,0.864,0.156,23424
1121,3.77923,3.21520,4.682e-04,0.665,0.135,23487
1122,3.02699,3.21520,4.680e-04,0.748,0.132,23445
1123,3.06902,3.21520,4.677e-04,0.848,0.184,23467
1124,2.94867,3.21520,4.674e-04,0.840,0.147,23432
1125,3.89278,3.21520,4.672e-04,0.702,0.141,23410
1126,3.02574,3.21520,4.669e-04,0.879,0.157,23535
1127,3.19298,3.21520,4.667e-04,0.775,0.136,23236
1128,2.53763,3.21520,4.664e-04,0.800,0.121,23680
1129,2.89816,3.21520,4.661e-04,0.759,0.159,23400
1130,3.92819,3.21520,4.659e-04,0.679,0.119,23416
1131,3.30169,3.21520,4.656e-04,0.814,0.170,23486
1132,3.62668,3.21520,4.653e-04,0.603,0.113,23414
1133,3.86015,3.21520,4.651e-04,0.808,0.174,23464
1134,3.21722,3.21520,4.648e-04,0.782,0.145,23432
1135,3.48136,3.21520,4.646e-04,0.768,0.148,23419
1136,3.16703,3.21520,4.643e-04,0.686,0.121,23496
1137,3.55063,3.21520,4.640e-04,0.706,0.119,23403
1138,2.95497,3.21520,4.638e-04,0.745,0.120,23488
1139,3.14923,3.21520,4.635e-04,0.677,0.118,23433
1140,3.57039,3.21520,4.632e-04,0.744,0.162,23438
1141,3.61698,3.21520,4.630e-04,0.652,0.119,23494
1142,3.49882,3.21520,4.627e-04,0.698,0.133,23399
1143,3.47526,3.21520,4.625e-04,0.838,0.148,23460
1144,4.01733,3.21520,4.622e-04,0.667,0.111,23413
1145,3.11530,3.21520,4.619e-04,0.837,0.129,23408
1146,3.55070,3.21520,4.617e-04,0.679,0.108,23543
1147,3.52620,3.21520,4.614e-04,0.764,0.133,23359
1148,3.13249,3.21520,4.611e-04,0.689,0.108,23465
1149,3.42827,3.21520,4.609e-04,0.740,0.133,23447
1150,3.49504,3.21520,4.606e-04,0.725,0.144,23396
1151,3.08914,3.21520,4.603e-04,0.724,0.119,23504
1152,3.41079,3.21520,4.601e-04,0.724,0.126,23403
1153,3.10713,3.21520,4.598e-04,0.702,0.112,23441
1154,3.36754,3.21520,4.595e-04,0.812,0.126,23450
1155,3.78690,3.21520,4.593e-04,0.693,0.128,23426
1156,3.58328,3.21520,4.590e-04,0.744,0.143,23530
1157,3.05904,3.21520,4.587e-04,0.698,0.106,23309
1158,3.31918,3.21520,4.585e-04,0.712,0.118,23517
1159,2.82855,3.21520,4.582e-04,0.761,0.136,23485
1160,2.86167,3.21520,4.579e-04,0.719,0.117,23443
1161,3.19519,3.21520,4.577e-04,0.689,0.108,23477
1162,3.41525,3.21520,4.574e-04,0.640,0.115,23375
1163,3.31311,3.21520,4.571e-04,0.741,0.137,23433
1164,3.44907,3.21520,4.569e-04,0.671,0.117,23447
1165,2.98202,3.21520,4.566e-04,0.670,0.113,23405
1166,2.83761,3.21520,4.563e-04,0.747,0.115,23502
1167,2.69579,3.21520,4.561e-04,0.726,0.114,23359
1168,3.73545,3.21520,4.558e-04,0.752,0.150,23493
1169,3.58992,3.21520,4.555e-04,0.717,0.125,23425
1170,3.39894,3.21520,4.553e-04,0.734,0.127,23397
1171,3.46963,3.21520,4.550e-04,0.764,0.145,23536
1172,3.11650,3.21520,4.547e-04,0.702,0.112,23404
1173,3.86343,3.21520,4.545e-04,0.753,0.158,23455
1174,2.74294,3.21520,4.542e-04,0.698,0.119,23475
1175,3.54594,3.21520,4.539e-04,0.930,0.201,23396
1176,3.07537,3.21520,4.537e-04,0.781,0.165,23478
1177,3.36936,3.21520,4.534e-04,0.767,0.123,23401
1178,3.40311,3.21520,4.531e-04,0.687,0.109,23462
1179,3.09330,3.21520,4.528e-04,0.908,0.158,23197
1180,2.88826,3.21520,4.526e-04,0.753,0.125,23723
1181,3.24330,3.21520,4.523e-04,0.734,0.116,23482
1182,3.06825,3.21520,4.520e-04,0.774,0.116,23420
1183,3.56399,3.21520,4.518e-04,0.707,0.136,23412
1184,3.69907,3.21520,4.515e-04,0.674,0.116,23501
1185,3.20551,3.21520,4.512e-04,0.715,0.113,23405
1186,3.54896,3.21520,4.510e-04,0.728,0.118,23446
1187,3.59578,3.21520,4.507e-04,0.692,0.101,23401
1188,3.32454,3.21520,4.504e-04,0.829,0.153,23422
1189,3.64516,3.21520,4.501e-04,0.663,0.111,23458
1190,3.67164,3.21520,4.499e-04,0.706,0.141,23422
1191,3.25127,3.21520,4.496e-04,0.747,0.114,23515
1192,3.19730,3.21520,4.493e-04,0.683,0.121,23432
1193,3.14223,3.21520,4.491e-04,0.734,0.127,23412
1194,3.33231,3.21520,4.488e-04,0.660,0.101,23533
1195,3.37563,3.21520,4.485e-04,0.630,0.101,23434
1196,3.10673,3.21520,4.482e-04,0.658,0.113,23498
1197,3.47493,3.21520,4.480e-04,0.691,0.109,23421
1198,3.01375,3.21520,4.477e-04,0.759,0.119,23422
1199,3.37142,3.21520,4.474e-04,0.658,0.130,23504
1200,3.15280,3.21520,4.471e-04,0.776,0.142,23422
1201,3.56011,3.21520,4.469e-04,0.806,0.155,23323
1202,3.14680,3.21520,4.466e-04,0.794,0.143,23384
1203,3.62938,3.21520,4.463e-04,0.753,0.140,23647
1204,3.87611,3.21520,4.461e-04,0.662,0.106,23506
1205,3.38507,3.21520,4.458e-04,0.846,0.140,23416
1206,3.34955,3.21520,4.455e-04,0.738,0.140,23534
1207,2.77928,3.21520,4.452e-04,0.886,0.135,23436
1208,2.91593,3.21520,4.450e-04,0.852,0.128,23430
1209,3.57358,3.21520,4.447e-04,0.666,0.109,23516
1210,3.30755,3.21520,4.444e-04,0.825,0.122,23419
1211,3.45693,3.21520,4.441e-04,0.743,0.126,23455
1212,3.43767,3.21520,4.439e-04,0.684,0.107,23447
1213,3.25350,3.21520,4.436e-04,0.755,0.120,23418
1214,3.14942,3.21520,4.433e-04,0.743,0.106,23541
1215,3.10401,3.21520,4.430e-04,0.694,0.118,23421
1216,3.07148,3.21520,4.428e-04,0.824,0.152,23486
1217,3.61286,3.21520,4.425e-04,0.803,0.132,23429
1218,3.28870,3.21520,4.422e-04,0.700,0.133,23432
1219,3.45355,3.21520,4.419e-04,0.738,0.114,23480
1220,2.74681,3.21520,4.417e-04,0.790,0.113,23386
1221,3.10493,3.21520,4.414e-04,0.647,0.117,23487
1222,2.74975,3.21520,4.411e-04,0.721,0.110,23431
1223,3.11752,3.21520,4.408e-04,0.664,0.103,23432
1224,3.12107,3.21520,4.406e-04,0.686,0.113,23542
1225,3.32847,3.21520,4.403e-04,0.763,0.132,23416
1226,3.51884,3.21520,4.400e-04,0.653,0.117,23478
1227,3.14122,3.21520,4.397e-04,0.752,0.140,23469
1228,3.82683,3.21520,4.394e-04,0.725,0.145,23417
1229,3.05364,3.21520,4.392e-04,0.834,0.144,23506
1230,3.24332,3.21520,4.389e-04,0.729,0.149,23399
1231,3.53151,3.21520,4.386e-04,0.861,0.181,23502
1232,3.04284,3.21520,4.383e-04,0.740,0.119,23463
1233,3.03103,3.21520,4.381e-04,0.846,0.162,23444
1234,3.33670,3.21520,4.378e-04,0.705,0.115,23507
1235,3.30012,3.21520,4.375e-04,0.835,0.160,23403
1236,3.44982,3.21520,4.372e-04,0.715,0.125,23440
1237,2.83167,3.21520,4.370e-04,0.707,0.114,23463
1238,2.78514,3.21520,4.367e-04,0.789,0.141,23397
1239,3.51206,3.21520,4.364e-04,0.671,0.119,23510
1240,3.21148,3.21520,4.361e-04,0.732,0.169,23421
1241,3.19338,3.21520,4.358e-04,0.789,0.132,23488
1242,3.33106,3.21520,4.356e-04,0.698,0.121,23437
1243,2.77427,3.21520,4.353e-04,0.723,0.116,23174
1244,3.16176,3.21520,4.350e-04,0.688,0.112,23774
1245,2.84570,3.21520,4.347e-04,0.715,0.118,23380
1246,2.75115,3.21520,4.344e-04,0.714,0.098,23426
1247,3.36979,3.21520,4.342e-04,0.683,0.116,23480
1248,3.62281,3.21520,4.339e-04,0.670,0.112,23412
1249,3.26662,3.21520,4.336e-04,0.735,0.128,23504
1250,3.10808,3.01519,4.333e-04,0.729,0.123,6679
1251,2.88988,3.01519,4.330e-04,0.788,0.127,23697
1252,3.50325,3.01519,4.328e-04,0.655,0.105,23407
1253,3.28512,3.01519,4.325e-04,0.729,0.119,23513
1254,3.21205,3.01519,4.322e-04,0.664,0.100,23397
1255,2.97878,3.01519,4.319e-04,0.714,0.108,23475
1256,3.05673,3.01519,4.316e-04,0.688,0.104,23223
1257,3.27239,3.01519,4.314e-04,0.679,0.109,23622
1258,3.09506,3.01519,4.311e-04,0.674,0.107,23585
1259,3.18346,3.01519,4.308e-04,0.701,0.123,23403
1260,3.53461,3.01519,4.305e-04,0.731,0.141,23489
1261,3.22584,3.01519,4.302e-04,0.652,0.098,23381
1262,3.01603,3.01519,4.300e-04,0.695,0.109,23392
1263,3.57759,3.01519,4.297e-04,0.601,0.106,23514
1264,3.37254,3.01519,4.294e-04,0.656,0.118,23403
1265,3.31687,3.01519,4.291e-04,0.776,0.138,23472
1266,3.12852,3.01519,4.288e-04,0.699,0.123,23465
1267,3.13287,3.01519,4.285e-04,0.675,0.114,23454
1268,2.92169,3.01519,4.283e-04,0.769,0.128,23494
1269,2.81808,3.01519,4.280e-04,0.932,0.137,23411
1270,3.18271,3.01519,4.277e-04,0.817,0.152,23435
1271,3.25898,3.01519,4.274e-04,0.855,0.122,23448
1272,3.04811,3.01519,4.271e-04,0.811,0.134,23452
1273,3.65751,3.01519,4.269e-04,0.797,0.130,23483
1274,2.98455,3.01519,4.266e-04,0.985,0.193,23416
1275,2.86662,3.01519,4.263e-04,0.800,0.150,23454
1276,3.08624,3.01519,4.260e-04,0.854,0.164,23454
1277,3.31618,3.01519,4.257e-04,0.728,0.122,23385
1278,3.01565,3.01519,4.254e-04,0.833,0.129,23475
1279,3.59953,3.01519,4.252e-04,0.666,0.108,23485
1280,3.13197,3.01519,4.249e-04,0.789,0.119,23462
1281,3.17044,3.01519,4.246e-04,0.773,0.110,23438
1282,3.49342,3.01519,4.243e-04,0.668,0.097,23409
1283,3.41088,3.01519,4.240e-04,0.790,0.154,23529
1284,3.61377,3.01519,4.237e-04,0.628,0.108,23403
1285,3.20083,3.01519,4.235e-04,0.732,0.125,23462
1286,3.32428,3.01519,4.232e-04,0.690,0.113,23463
1287,3.23199,3.01519,4.229e-04,0.704,0.117,23421
1288,2.82452,3.01519,4.226e-04,0.755,0.111,23486
1289,3.05272,3.01519,4.223e-04,0.687,0.107,23469
1290,3.43547,3.01519,4.220e-04,0.765,0.131,23408
1291,3.23793,3.01519,4.217e-04,0.813,0.136,23497
1292,3.40347,3.01519,4.215e-04,0.725,0.120,23422
1293,3.17917,3.01519,4.212e-04,0.725,0.130,23528
1294,3.28370,3.01519,4.209e-04,0.651,0.103,23395
1295,2.85875,3.01519,4.206e-04,0.751,0.111,23426
1296,3.31567,3.01519,4.203e-04,0.630,0.103,23474
1297,3.12880,3.01519,4.200e-04,0.697,0.107,23423
1298,3.27152,3.01519,4.197e-04,0.700,0.108,23494
1299,3.04327,3.01519,4.195e-04,0.787,0.131,23371
1300,3.11419,3.01519,4.192e-04,0.755,0.130,23432
1301,3.14745,3.01519,4.189e-04,0.758,0.156,23445
1302,3.12244,3.01519,4.186e-04,0.767,0.143,23441
1303,2.78928,3.01519,4.183e-04,0.806,0.169,23495
1304,2.93575,3.01519,4.180e-04,0.677,0.108,23390
1305,3.44029,3.01519,4.177e-04,0.670,0.128,23411
1306,3.18276,3.01519,4.175e-04,0.785,0.145,23514
1307,3.32841,3.01519,4.172e-04,0.625,0.094,23434
1308,3.59370,3.01519,4.169e-04,0.660,0.118,23479
1309,3.07486,3.01519,4.166e-04,0.744,0.120,23421
1310,3.51640,3.01519,4.163e-04,0.739,0.136,23393
1311,3.23550,3.01519,4.160e-04,0.745,0.114,23483
1312,2.60772,3.01519,4.157e-04,0.734,0.120,23409
1313,3.18451,3.01519,4.154e-04,0.688,0.110,23499
1314,3.41830,3.01519,4.152e-04,0.708,0.114,23401
1315,3.75888,3.01519,4.149e-04,0.665,0.116,23445
1316,3.63210,3.01519,4.146e-04,0.676,0.109,23473
1317,2.78022,3.01519,4.143e-04,0.716,0.108,23326
1318,3.33129,3.01519,4.140e-04,0.746,0.125,23596
1319,2.74043,3.01519,4.137e-04,0.709,0.098,23380
1320,2.48903,3.01519,4.134e-04,0.761,0.112,23396
1321,2.80414,3.01519,4.131e-04,0.808,0.114,23482
1322,3.14878,3.01519,4.129e-04,0.690,0.101,23410
1323,3.20808,3.01519,4.126e-04,0.766,0.110,23498
1324,2.82033,3.01519,4.123e-04,0.692,0.105,23445
1325,3.21307,3.01519,4.120e-04,0.687,0.109,23434
1326,3.20074,3.01519,4.117e-04,0.800,0.133,23522
1327,3.56336,3.01519,4.114e-04,0.621,0.102,23416
1328,2.54923,3.01519,4.111e-04,0.809,0.136,23486
1329,3.26737,3.01519,4.108e-04,0.659,0.113,23396
1330,2.91908,3.01519,4.105e-04,0.828,0.126,23421
1331,3.15302,3.01519,4.103e-04,0.930,0.159,23500
1332,3.18786,3.01519,4.100e-04,0.715,0.114,23409
1333,3.18796,3.01519,4.097e-04,0.744,0.120,23488
1334,4.08373,3.01519,4.094e-04,0.715,0.136,23451
1335,2.93500,3.01519,4.091e-04,0.745,0.108,23410
1336,3.41847,3.01519,4.088e-04,0.789,0.156,23490
1337,2.97793,3.01519,4.085e-04,0.792,0.152,23135
1338,2.84709,3.01519,4.082e-04,0.764,0.116,23793
1339,3.25002,3.01519,4.079e-04,0.707,0.113,23411
1340,2.92426,3.01519,4.077e-04,0.744,0.120,23359
1341,2.92905,3.01519,4.074e-04,0.749,0.109,23469
1342,2.94101,3.01519,4.071e-04,0.780,0.123,23196
1343,2.98726,3.01519,4.068e-04,0.755,0.119,23655
1344,3.36363,3.01519,4.065e-04,0.676,0.108,23427
1345,2.70919,3.01519,4.062e-04,0.792,0.113,23419
1346,3.21815,3.01519,4.059e-04,0.724,0.125,23525
1347,3.38559,3.01519,4.056e-04,0.704,0.112,23386
1348,2.58268,3.01519,4.053e-04,0.777,0.115,23476
1349,4.04175,3.01519,4.050e-04,0.839,0.139,23436
1350,2.67903,3.01519,4.047e-04,0.864,0.117,23421
1351,3.71005,3.01519,4.045e-04,0.967,0.202,23510
1352,3.32217,3.01519,4.042e-04,0.750,0.125,23365
1353,3.92764,3.01519,4.039e-04,0.835,0.200,23466
1354,2.79997,3.01519,4.036e-04,0.805,0.127,23442
1355,3.11839,3.01519,4.033e-04,0.700,0.119,23436
1356,3.16817,3.01519,4.030e-04,0.730,0.112,23556
1357,3.20522,3.01519,4.027e-04,0.710,0.137,23430
1358,3.29110,3.01519,4.024e-04,0.666,0.108,23445
1359,3.39624,3.01519,4.021e-04,0.687,0.117,23166
1360,3.22064,3.01519,4.018e-04,0.691,0.117,23701
1361,3.44244,3.01519,4.015e-04,0.674,0.115,23493
1362,3.72299,3.01519,4.012e-04,0.816,0.147,23400
1363,2.77845,3.01519,4.010e-04,0.663,0.089,23447
1364,3.49600,3.01519,4.007e-04,0.775,0.178,23178
1365,3.17149,3.01519,4.004e-04,0.707,0.128,23710
1366,3.23589,3.01519,4.001e-04,0.686,0.113,23531
1367,3.31157,3.01519,3.998e-04,0.702,0.129,23416
1368,2.48641,3.01519,3.995e-04,0.764,0.122,23452
1369,3.34331,3.01519,3.992e-04,0.761,0.144,23481
1370,3.71959,3.01519,3.989e-04,0.676,0.112,23412
1371,3.17511,3.01519,3.986e-04,0.723,0.108,23487
1372,3.07036,3.01519,3.983e-04,0.707,0.113,23416
1373,3.09646,3.01519,3.980e-04,0.698,0.101,23441
1374,3.02173,3.01519,3.977e-04,0.759,0.124,23489
1375,3.31728,3.01519,3.974e-04,0.732,0.106,23420
1376,2.87583,3.01519,3.971e-04,0.702,0.121,23346
1377,3.67453,3.01519,3.969e-04,0.644,0.116,23579
1378,3.53335,3.01519,3.966e-04,0.662,0.108,23450
1379,3.07120,3.01519,3.963e-04,0.638,0.095,23444
1380,3.26263,3.01519,3.960e-04,0.670,0.108,23414
1381,2.54154,3.01519,3.957e-04,0.692,0.106,23488
1382,3.29402,3.01519,3.954e-04,0.658,0.114,23428
1383,3.13331,3.01519,3.951e-04,0.695,0.125,23457
1384,3.02873,3.01519,3.948e-04,0.743,0.121,23472
1385,2.71567,3.01519,3.945e-04,0.691,0.129,23405
1386,2.74618,3.01519,3.942e-04,0.751,0.118,23516
1387,3.05461,3.01519,3.939e-04,0.677,0.123,23403
1388,2.75936,3.01519,3.936e-04,0.842,0.148,23393
1389,3.22865,3.01519,3.933e-04,0.673,0.100,23451
1390,2.85598,3.01519,3.930e-04,0.759,0.148,23402
1391,3.52953,3.01519,3.927e-04,0.817,0.147,23268
1392,3.42032,3.01519,3.924e-04,0.783,0.125,23348
1393,3.17851,3.01519,3.921e-04,0.668,0.102,23712
1394,2.89284,3.01519,3.919e-04,0.820,0.143,23482
1395,3.13814,3.01519,3.916e-04,0.703,0.119,23444
1396,2.59494,3.01519,3.913e-04,0.803,0.153,23552
1397,3.87607,3.01519,3.910e-04,0.801,0.143,23414
1398,2.99691,3.01519,3.907e-04,1.062,0.206,23429
1399,3.45420,3.01519,3.904e-04,0.915,0.167,23495
1400,3.31736,3.01519,3.901e-04,0.837,0.170,23106
1401,3.19720,3.01519,3.898e-04,0.795,0.125,23804
1402,2.77647,3.01519,3.895e-04,0.902,0.182,23170
1403,2.97948,3.01519,3.892e-04,0.675,0.100,23678
1404,3.44778,3.01519,3.889e-04,0.698,0.134,23517
1405,3.15493,3.01519,3.886e-04,0.746,0.124,23418
1406,3.10478,3.01519,3.883e-04,0.753,0.124,23471
1407,3.14455,3.01519,3.880e-04,0.760,0.124,23436
1408,3.44482,3.01519,3.877e-04,0.686,0.119,23405
1409,2.73814,3.01519,3.874e-04,0.729,0.110,23479
1410,3.35835,3.01519,3.871e-04,0.650,0.107,23399
1411,2.59314,3.01519,3.868e-04,0.840,0.128,23464
1412,3.55186,3.01519,3.865e-04,0.660,0.126,23398
1413,2.92397,3.01519,3.862e-04,0.684,0.111,23442
1414,3.27916,3.01519,3.859e-04,0.757,0.116,23553
1415,3.19813,3.01519,3.856e-04,0.682,0.125,23416
1416,3.29997,3.01519,3.853e-04,0.715,0.105,23454
1417,3.12381,3.01519,3.850e-04,0.763,0.109,23426
1418,3.71947,3.01519,3.848e-04,0.634,0.106,23417
1419,3.29007,3.01519,3.845e-04,0.755,0.117,23484
1420,2.97157,3.01519,3.842e-04,0.647,0.103,23380
1421,2.93526,3.01519,3.839e-04,0.659,0.107,23494
1422,2.98666,3.01519,3.836e-04,0.654,0.092,23438
1423,2.60366,3.01519,3.833e-04,0.678,0.101,23404
1424,2.59128,3.01519,3.830e-04,0.699,0.113,23516
1425,2.97124,3.01519,3.827e-04,0.677,0.101,23430
1426,3.07559,3.01519,3.824e-04,0.652,0.110,23492
1427,3.13867,3.01519,3.821e-04,0.761,0.130,23435
1428,2.87761,3.01519,3.818e-04,0.739,0.104,23406
1429,3.12860,3.01519,3.815e-04,0.671,0.118,23520
1430,2.83940,3.01519,3.812e-04,0.762,0.122,23390
1431,2.96960,3.01519,3.809e-04,0.714,0.113,23442
1432,3.49177,3.01519,3.806e-04,0.666,0.103,23451
1433,3.10799,3.01519,3.803e-04,0.678,0.085,23413
1434,2.72330,3.01519,3.800e-04,0.718,0.120,23548
1435,2.76003,3.01519,3.797e-04,0.637,0.100,23418
1436,2.71796,3.01519,3.794e-04,0.682,0.107,23434
1437,3.57888,3.01519,3.791e-04,0.674,0.116,23405
1438,2.70751,3.01519,3.788e-04,0.676,0.103,23456
1439,2.70741,3.01519,3.785e-04,0.746,0.111,23506
1440,3.21528,3.01519,3.782e-04,0.651,0.092,23404
1441,3.21181,3.01519,3.779e-04,0.617,0.100,23442
1442,3.02151,3.01519,3.776e-04,0.691,0.099,23458
1443,3.58389,3.01519,3.773e-04,0.602,0.094,23096
1444,2.94041,3.01519,3.770e-04,0.834,0.147,23770
1445,2.76081,3.01519,3.767e-04,0.831,0.124,23428
1446,2.76018,3.01519,3.764e-04,0.739,0.139,23465
1447,2.70460,3.01519,3.761e-04,0.819,0.114,23487
1448,3.37965,3.01519,3.758e-04,0.683,0.103,23416
1449,3.17009,3.01519,3.755e-04,0.786,0.105,23496
1450,2.94414,3.01519,3.752e-04,0.661,0.098,23384
1451,2.82025,3.01519,3.749e-04,0.786,0.122,23503
1452,3.07494,3.01519,3.746e-04,0.813,0.122,23468
1453,2.91512,3.01519,3.743e-04,0.730,0.110,23382
1454,3.08270,3.01519,3.740e-04,0.639,0.088,23546
1455,2.99556,3.01519,3.737e-04,0.821,0.135,23426
1456,2.94269,3.01519,3.734e-04,0.635,0.094,23411
1457,3.00969,3.01519,3.731e-04,0.757,0.142,23473
1458,2.90191,3.01519,3.728e-04,0.671,0.110,23456
1459,3.31894,3.01519,3.725e-04,0.743,0.141,23531
1460,3.30244,3.01519,3.722e-04,0.664,0.105,23402
1461,2.98564,3.01519,3.719e-04,0.661,0.106,23444
1462,2.72754,3.01519,3.716e-04,0.715,0.118,23493
1463,3.35385,3.01519,3.713e-04,0.665,0.108,23437
1464,2.87144,3.01519,3.710e-04,0.689,0.112,23490
1465,3.17150,3.01519,3.707e-04,0.655,0.109,23425
1466,2.88879,3.01519,3.704e-04,0.651,0.098,23437
1467,2.83277,3.01519,3.701e-04,0.746,0.106,23503
1468,3.08779,3.01519,3.698e-04,0.632,0.091,23422
1469,3.35087,3.01519,3.695e-04,0.692,0.103,23508
1470,3.09082,3.01519,3.692e-04,0.678,0.111,23421
1471,3.30361,3.01519,3.689e-04,0.740,0.112,23457
1472,3.26781,3.01519,3.686e-04,0.676,0.103,23514
1473,2.82603,3.01519,3.683e-04,0.785,0.119,23430
1474,2.66732,3.01519,3.680e-04,0.703,0.099,23518
1475,3.05888,3.01519,3.677e-04,0.664,0.106,23431
1476,3.63976,3.01519,3.674e-04,0.712,0.125,23416
1477,3.31365,3.01519,3.671e-04,0.650,0.103,23490
1478,2.78768,3.01519,3.668e-04,0.774,0.116,23130
1479,2.89563,3.01519,3.665e-04,0.646,0.107,23803
1480,3.19180,3.01519,3.662e-04,0.705,0.113,23402
1481,2.91635,3.01519,3.659e-04,0.711,0.122,23416
1482,2.68980,3.01519,3.656e-04,0.667,0.090,23206
1483,3.15775,3.01519,3.653e-04,0.691,0.114,23705
1484,3.43821,3.01519,3.650e-04,0.671,0.112,23507
1485,3.31902,3.01519,3.647e-04,0.615,0.091,23378
1486,2.61903,3.01519,3.644e-04,0.678,0.101,23429
1487,3.08170,3.01519,3.641e-04,0.697,0.120,23509
1488,3.76395,3.01519,3.638e-04,0.672,0.111,23411
1489,3.56724,3.01519,3.635e-04,0.727,0.117,23478
1490,3.67828,3.01519,3.632e-04,0.636,0.098,23434
1491,2.79254,3.01519,3.629e-04,0.730,0.107,23406
1492,2.81813,3.01519,3.626e-04,0.696,0.099,23547
1493,3.06156,3.01519,3.623e-04,0.724,0.104,23411
1494,2.84265,3.01519,3.620e-04,0.703,0.107,23493
1495,3.01878,3.01519,3.617e-04,0.729,0.117,23461
1496,3.21692,3.01519,3.614e-04,0.664,0.105,23399
1497,2.81622,3.01519,3.611e-04,0.729,0.110,23485
1498,3.18957,3.01519,3.608e-04,0.644,0.112,23411
1499,3.39991,3.01519,3.605e-04,0.712,0.116,23471
1500,3.04208,2.90094,3.602e-04,0.790,0.123,6674
1501,3.41173,2.90094,3.599e-04,0.750,0.118,23744
1502,2.95890,2.90094,3.596e-04,0.660,0.088,23420
1503,3.38702,2.90094,3.593e-04,0.676,0.103,23496
1504,2.85225,2.90094,3.590e-04,0.687,0.090,23452
1505,3.46597,2.90094,3.587e-04,0.643,0.097,23395
1506,3.15169,2.90094,3.584e-04,0.634,0.087,23494
1507,3.31879,2.90094,3.581e-04,0.716,0.119,23445
1508,3.21057,2.90094,3.578e-04,0.665,0.105,23531
1509,2.97504,2.90094,3.575e-04,0.692,0.099,23403
1510,3.01449,2.90094,3.572e-04,0.720,0.126,23436
1511,2.99950,2.90094,3.569e-04,0.722,0.098,23487
1512,3.17688,2.90094,3.566e-04,0.688,0.101,23405
1513,3.16252,2.90094,3.563e-04,0.751,0.118,23484
1514,2.41611,2.90094,3.560e-04,0.713,0.082,23422
1515,3.32125,2.90094,3.557e-04,0.689,0.105,23399
1516,3.10423,2.90094,3.554e-04,0.670,0.086,23501
1517,3.23116,2.90094,3.551e-04,0.730,0.121,23425
1518,3.32881,2.90094,3.548e-04,0.664,0.099,23511
1519,2.99976,2.90094,3.545e-04,0.667,0.092,23410
1520,3.07889,2.90094,3.542e-04,0.634,0.084,23396
1521,2.69296,2.90094,3.539e-04,0.729,0.103,23466
1522,3.21945,2.90094,3.536e-04,0.683,0.091,23393
1523,2.91632,2.90094,3.533e-04,0.642,0.112,23467
1524,3.76604,2.90094,3.530e-04,0.684,0.107,23452
1525,2.93926,2.90094,3.527e-04,0.779,0.141,23406
1526,3.60501,2.90094,3.524e-04,0.690,0.114,23504
1527,3.34474,2.90094,3.521e-04,0.674,0.119,23395
1528,3.23124,2.90094,3.518e-04,0.727,0.113,23475
1529,3.21719,2.90094,3.515e-04,0.616,0.113,23449
1530,3.27033,2.90094,3.512e-04,0.744,0.128,23462
1531,3.32717,2.90094,3.509e-04,0.617,0.109,23508
1532,3.13261,2.90094,3.506e-04,0.626,0.091,23446
1533,2.95297,2.90094,3.503e-04,0.712,0.112,23493
1534,3.06232,2.90094,3.500e-04,0.585,0.085,23443
1535,2.79432,2.90094,3.497e-04,0.805,0.136,23402
1536,2.57458,2.90094,3.494e-04,0.769,0.138,23542
1537,3.00417,2.90094,3.491e-04,0.772,0.120,23087
1538,2.68362,2.90094,3.488e-04,0.696,0.110,23749
1539,3.00405,2.90094,3.485e-04,0.753,0.103,23442
1540,2.42635,2.90094,3.482e-04,0.724,0.107,23412
1541,3.44730,2.90094,3.479e-04,0.648,0.095,23475
1542,3.60236,2.90094,3.476e-04,0.659,0.092,23409
1543,2.84760,2.90094,3.473e-04,0.723,0.111,23467
1544,3.58126,2.90094,3.470e-04,0.729,0.116,23454
1545,3.28840,2.90094,3.467e-04,0.682,0.104,23407
1546,2.62256,2.90094,3.463e-04,0.748,0.115,23506
1547,3.72484,2.90094,3.460e-04,0.752,0.109,23253
1548,3.11649,2.90094,3.457e-04,0.837,0.127,23641
1549,3.06941,2.90094,3.454e-04,0.700,0.106,23464
1550,2.97223,2.90094,3.451e-04,0.700,0.090,23414
1551,2.77848,2.90094,3.448e-04,0.676,0.104,23496
1552,2.61655,2.90094,3.445e-04,0.779,0.111,23404
1553,2.66823,2.90094,3.442e-04,0.654,0.109,23445
1554,3.21731,2.90094,3.439e-04,0.729,0.119,23450
1555,3.42350,2.90094,3.436e-04,0.664,0.109,23442
1556,3.07235,2.90094,3.433e-04,0.710,0.101,23533
1557,3.38773,2.90094,3.430e-04,0.660,0.100,23380
1558,3.12204,2.90094,3.427e-04,0.670,0.106,23436
1559,3.04510,2.90094,3.424e-04,0.653,0.092,23469
1560,3.16499,2.90094,3.421e-04,0.643,0.097,23404
1561,3.25036,2.90094,3.418e-04,0.642,0.107,23454
1562,3.56467,2.90094,3.415e-04,0.705,0.110,23401
1563,3.16488,2.90094,3.412e-04,0.681,0.096,23412
1564,2.67047,2.90094,3.409e-04,0.685,0.093,23467
1565,2.78700,2.90094,3.406e-04,0.646,0.095,23401
1566,2.94608,2.90094,3.403e-04,0.710,0.118,23484
1567,2.84751,2.90094,3.400e-04,0.676,0.097,23449
1568,2.80324,2.90094,3.397e-04,0.751,0.124,23434
1569,3.02384,2.90094,3.394e-04,0.678,0.103,23513
1570,3.15722,2.90094,3.391e-04,0.713,0.131,23423
1571,3.11528,2.90094,3.388e-04,0.736,0.125,23485
1572,2.46138,2.90094,3.385e-04,0.670,0.094,23428
1573,2.86382,2.90094,3.382e-04,0.690,0.108,23419
1574,2.87554,2.90094,3.379e-04,0.760,0.119,23490
1575,3.40705,2.90094,3.376e-04,0.657,0.095,23412
1576,3.15410,2.90094,3.373e-04,0.723,0.092,23552
1577,3.07931,2.90094,3.370e-04,0.644,0.091,23420
1578,3.40808,2.90094,3.367e-04,0.663,0.107,23439
1579,2.99987,2.90094,3.364e-04,0.713,0.102,23514
1580,3.21160,2.90094,3.361e-04,0.716,0.108,23132
1581,3.15003,2.90094,3.358e-04,0.674,0.115,23738
1582,2.94647,2.90094,3.355e-04,0.642,0.088,23402
1583,2.84091,2.90094,3.351e-04,0.684,0.089,23416
1584,3.02875,2.90094,3.348e-04,0.694,0.109,23495
1585,2.98966,2.90094,3.345e-04,0.617,0.091,23382
1586,3.05456,2.90094,3.342e-04,0.660,0.087,23525
1587,3.20994,2.90094,3.339e-04,0.627,0.097,23420
1588,2.56774,2.90094,3.336e-04,0.704,0.094,23421
1589,2.61696,2.90094,3.333e-04,0.688,0.112,23513
1590,2.73888,2.90094,3.330e-04,0.729,0.106,23090
1591,3.76334,2.90094,3.327e-04,0.729,0.133,23388
1592,3.50320,2.90094,3.324e-04,0.740,0.123,23266
1593,3.58793,2.90094,3.321e-04,0.715,0.131,23373
1594,3.11623,2.90094,3.318e-04,0.722,0.108,23219
1595,2.79888,2.90094,3.315e-04,0.773,0.127,23567
1596,2.98379,2.90094,3.312e-04,0.669,0.111,23180
1597,3.15257,2.90094,3.309e-04,0.674,0.101,23250
1598,3.06524,2.90094,3.306e-04,0.652,0.102,22940
1599,3.33960,2.90094,3.303e-04,0.752,0.115,23534
1600,2.96640,2.90094,3.300e-04,0.801,0.138,23293
1601,3.08834,2.90094,3.297e-04,0.708,0.113,23417
1602,3.71171,2.90094,3.294e-04,0.705,0.121,23254
1603,2.61058,2.90094,3.291e-04,0.845,0.115,23346
1604,3.24502,2.90094,3.288e-04,0.757,0.120,23379
1605,3.10241,2.90094,3.285e-04,0.681,0.107,23320
1606,2.76327,2.90094,3.282e-04,0.698,0.114,23415
1607,3.11864,2.90094,3.279e-04,0.719,0.110,23325
1608,3.05673,2.90094,3.276e-04,0.650,0.091,23288
1609,3.02024,2.90094,3.273e-04,0.697,0.106,23386
1610,3.62189,2.90094,3.270e-04,0.708,0.105,23291
1611,3.52358,2.90094,3.267e-04,0.625,0.091,23463
1612,2.95417,2.90094,3.264e-04,0.662,0.094,23333
1613,2.63782,2.90094,3.261e-04,0.674,0.097,23322
1614,2.61570,2.90094,3.258e-04,0.654,0.097,23291
1615,2.53143,2.90094,3.255e-04,0.698,0.100,23367
1616,3.01171,2.90094,3.252e-04,0.641,0.085,23459
1617,2.72395,2.90094,3.249e-04,0.627,0.094,23216
1618,2.78944,2.90094,3.245e-04,0.647,0.086,23328
1619,2.88043,2.90094,3.242e-04,0.704,0.092,23328
1620,3.20205,2.90094,3.239e-04,0.689,0.118,23399
1621,2.78177,2.90094,3.236e-04,0.705,0.088,23482
1622,3.13242,2.90094,3.233e-04,0.667,0.102,23360
1623,3.51532,2.90094,3.230e-04,0.739,0.114,23462
1624,3.38100,2.90094,3.227e-04,0.658,0.106,23371
1625,3.29964,2.90094,3.224e-04,0.693,0.104,23222
1626,3.17623,2.90094,3.221e-04,0.741,0.103,23329
1627,3.36041,2.90094,3.218e-04,0.703,0.120,23313
1628,2.82052,2.90094,3.215e-04,0.693,0.105,23497
1629,2.71364,2.90094,3.212e-04,0.721,0.099,23434
1630,2.72619,2.90094,3.209e-04,0.733,0.116,23428
1631,2.72395,2.90094,3.206e-04,0.744,0.110,23445
1632,3.19297,2.90094,3.203e-04,0.670,0.107,23370
1633,3.02852,2.90094,3.200e-04,0.702,0.119,23403
1634,3.35148,2.90094,3.197e-04,0.664,0.114,23408
1635,2.81249,2.90094,3.194e-04,0.670,0.099,23419
1636,2.28690,2.90094,3.191e-04,0.705,0.100,23496
1637,2.67878,2.90094,3.188e-04,0.613,0.090,23382
1638,3.45854,2.90094,3.185e-04,0.646,0.106,23459
1639,2.58171,2.90094,3.182e-04,0.693,0.100,23326
1640,3.60437,2.90094,3.179e-04,0.636,0.109,23402
1641,3.25349,2.90094,3.176e-04,0.646,0.111,23479
1642,2.63017,2.90094,3.173e-04,0.759,0.125,23281
1643,3.37092,2.90094,3.170e-04,0.669,0.101,23100
1644,2.75306,2.90094,3.167e-04,0.805,0.119,23492
1645,2.41145,2.90094,3.164e-04,0.730,0.100,23357
1646,3.33049,2.90094,3.161e-04,0.705,0.114,23494
1647,2.72912,2.90094,3.158e-04,0.738,0.113,23405
1648,2.85554,2.90094,3.155e-04,0.610,0.081,23506
1649,3.51854,2.90094,3.152e-04,0.742,0.116,23274
1650,3.09764,2.90094,3.149e-04,0.758,0.119,23030
1651,3.21457,2.90094,3.146e-04,0.683,0.107,23559
1652,3.40338,2.90094,3.143e-04,0.697,0.119,23015
1653,3.01142,2.90094,3.140e-04,0.704,0.093,23569
1654,2.52185,2.90094,3.137e-04,0.708,0.116,23183
1655,2.89368,2.90094,3.133e-04,0.735,0.112,23300
1656,2.98162,2.90094,3.130e-04,0.665,0.090,23443
1657,2.45099,2.90094,3.127e-04,0.727,0.110,23396
1658,2.78232,2.90094,3.124e-04,0.691,0.107,23483
1659,3.01743,2.90094,3.121e-04,0.713,0.103,23125
1660,3.31533,2.90094,3.118e-04,0.647,0.098,23700
1661,3.11846,2.90094,3.115e-04,0.733,0.113,23473
1662,3.08138,2.90094,3.112e-04,0.682,0.109,23401
1663,2.62212,2.90094,3.109e-04,0.657,0.096,23245
1664,2.91804,2.90094,3.106e-04,0.686,0.100,23722
1665,2.84486,2.90094,3.103e-04,0.702,0.097,23427
1666,2.97228,2.90094,3.100e-04,0.642,0.098,23490
1667,3.52877,2.90094,3.097e-04,0.737,0.128,23374
1668,2.76540,2.90094,3.094e-04,0.684,0.097,23557
1669,2.92283,2.90094,3.091e-04,0.762,0.116,23395
1670,2.84861,2.90094,3.088e-04,0.702,0.090,23397
1671,2.43188,2.90094,3.085e-04,0.713,0.115,23514
1672,3.51502,2.90094,3.082e-04,0.622,0.101,23406
1673,3.25595,2.90094,3.079e-04,0.650,0.090,23501
1674,3.10938,2.90094,3.076e-04,0.612,0.087,23411
1675,2.94358,2.90094,3.073e-04,0.764,0.110,23428
1676,3.40406,2.90094,3.070e-04,0.696,0.111,23504
1677,2.87958,2.90094,3.067e-04,0.665,0.102,23411
1678,2.80381,2.90094,3.064e-04,0.669,0.102,23512
1679,2.97990,2.90094,3.061e-04,0.689,0.114,23418
1680,3.48994,2.90094,3.058e-04,0.635,0.093,23411
1681,2.95598,2.90094,3.055e-04,0.710,0.115,23490
1682,2.71621,2.90094,3.052e-04,0.800,0.138,23379
1683,3.04347,2.90094,3.049e-04,0.602,0.089,23489
1684,2.92498,2.90094,3.046e-04,0.730,0.114,23432
1685,3.06325,2.90094,3.043e-04,0.679,0.105,23395
1686,3.05834,2.90094,3.040e-04,0.631,0.086,23485
1687,2.44467,2.90094,3.037e-04,0.790,0.122,23387
1688,2.85279,2.90094,3.034e-04,0.632,0.093,23498
1689,3.08172,2.90094,3.031e-04,0.727,0.118,23382
1690,3.69145,2.90094,3.028e-04,0.662,0.118,23139
1691,3.23192,2.90094,3.025e-04,0.703,0.108,23785
1692,3.36191,2.90094,3.022e-04,0.663,0.114,23434
1693,3.36896,2.90094,3.019e-04,0.699,0.119,23464
1694,3.10971,2.90094,3.016e-04,0.652,0.100,23431
1695,3.07399,2.90094,3.013e-04,0.708,0.103,23389
1696,3.06748,2.90094,3.010e-04,0.686,0.110,23499
1697,2.54312,2.90094,3.007e-04,0.752,0.114,23406
1698,2.23278,2.90094,3.004e-04,0.759,0.090,23244
1699,3.03730,2.90094,3.001e-04,0.661,0.093,22883
1700,2.95265,2.90094,2.998e-04,0.657,0.098,23435
1701,3.06092,2.90094,2.995e-04,0.748,0.108,23192
1702,3.06965,2.90094,2.992e-04,0.607,0.090,23222
1703,2.86403,2.90094,2.989e-04,0.696,0.108,23563
1704,3.01941,2.90094,2.986e-04,0.711,0.109,23760
1705,3.42614,2.90094,2.983e-04,0.641,0.104,23504
1706,2.67474,2.90094,2.980e-04,0.704,0.099,23170
1707,2.93999,2.90094,2.977e-04,0.688,0.107,23019
1708,3.44675,2.90094,2.974e-04,0.615,0.092,23818
1709,2.53161,2.90094,2.971e-04,0.717,0.099,23632
1710,2.88302,2.90094,2.968e-04,0.726,0.098,23524
1711,3.74364,2.90094,2.965e-04,0.611,0.097,23844
1712,3.34265,2.90094,2.962e-04,0.700,0.111,23573
1713,2.95917,2.90094,2.959e-04,0.667,0.101,23684
1714,3.46224,2.90094,2.956e-04,0.651,0.108,23621
1715,2.94809,2.90094,2.953e-04,0.788,0.125,23901
1716,3.14689,2.90094,2.950e-04,0.686,0.111,23623
1717,2.80231,2.90094,2.947e-04,0.855,0.107,23396
1718,3.28654,2.90094,2.944e-04,0.699,0.116,23985
1719,2.67826,2.90094,2.941e-04,0.772,0.106,23941
1720,3.46507,2.90094,2.938e-04,0.735,0.128,23905
1721,3.33564,2.90094,2.935e-04,0.674,0.112,23947
1722,3.02632,2.90094,2.932e-04,0.760,0.131,23945
1723,2.69479,2.90094,2.929e-04,0.708,0.099,23924
1724,2.99306,2.90094,2.926e-04,0.699,0.103,23974
1725,3.14583,2.90094,2.923e-04,0.754,0.114,23934
1726,2.54065,2.90094,2.920e-04,0.694,0.103,23953
1727,2.90509,2.90094,2.917e-04,0.632,0.104,23545
1728,2.23655,2.90094,2.914e-04,0.718,0.105,23643
1729,3.59228,2.90094,2.911e-04,0.741,0.118,23931
1730,2.76727,2.90094,2.908e-04,0.662,0.082,23806
1731,2.80869,2.90094,2.905e-04,0.614,0.102,23841
1732,2.88639,2.90094,2.902e-04,0.608,0.091,23603
1733,3.01948,2.90094,2.899e-04,0.679,0.101,23747
1734,2.92042,2.90094,2.896e-04,0.591,0.078,23945
1735,3.68383,2.90094,2.893e-04,0.674,0.110,23968
1736,3.08849,2.90094,2.890e-04,0.781,0.122,23952
1737,2.81620,2.90094,2.887e-04,0.698,0.099,23726
1738,2.85538,2.90094,2.884e-04,0.807,0.146,23571
1739,3.23744,2.90094,2.881e-04,0.674,0.099,23803
1740,2.67119,2.90094,2.878e-04,0.714,0.098,23837
1741,3.48039,2.90094,2.875e-04,0.703,0.117,23854
1742,3.11295,2.90094,2.872e-04,0.717,0.091,23827
1743,2.83231,2.90094,2.869e-04,0.730,0.116,23681
1744,3.17102,2.90094,2.866e-04,0.703,0.102,23823
1745,2.60202,2.90094,2.863e-04,0.697,0.107,23688
1746,3.30591,2.90094,2.860e-04,0.805,0.128,23526
1747,3.29250,2.90094,2.857e-04,0.709,0.108,23936
1748,3.32462,2.90094,2.854e-04,0.714,0.108,23979
1749,3.34806,2.90094,2.851e-04,0.699,0.107,23940
1750,2.97671,2.82807,2.848e-04,0.714,0.109,6825
1751,2.81604,2.82807,2.845e-04,0.703,0.107,24182
1752,2.99102,2.82807,2.842e-04,0.660,0.089,23964
1753,2.74686,2.82807,2.839e-04,0.705,0.108,23980
1754,3.40468,2.82807,2.836e-04,0.715,0.111,23917
1755,2.65350,2.82807,2.833e-04,0.674,0.096,23960
1756,2.56485,2.82807,2.830e-04,0.762,0.122,23944
1757,3.12804,2.82807,2.827e-04,0.662,0.101,23942
1758,2.95718,2.82807,2.824e-04,0.673,0.097,23937
1759,2.66970,2.82807,2.821e-04,0.689,0.099,23963
1760,3.36909,2.82807,2.818e-04,0.619,0.087,23945
1761,2.33117,2.82807,2.815e-04,0.778,0.087,23902
1762,2.61877,2.82807,2.812e-04,0.659,0.098,23942
1763,3.01688,2.82807,2.809e-04,0.688,0.100,23942
1764,3.70316,2.82807,2.806e-04,0.662,0.097,23931
1765,3.13379,2.82807,2.803e-04,0.662,0.093,23942
1766,3.51368,2.82807,2.800e-04,0.737,0.107,23966
1767,3.31144,2.82807,2.797e-04,0.681,0.106,23618
1768,2.88270,2.82807,2.794e-04,0.682,0.098,24253
1769,3.12128,2.82807,2.791e-04,0.743,0.109,23918
1770,3.12456,2.82807,2.788e-04,0.693,0.099,23980
1771,2.96631,2.82807,2.785e-04,0.705,0.099,23965
1772,3.18434,2.82807,2.782e-04,0.723,0.106,23839
1773,3.06917,2.82807,2.779e-04,0.666,0.098,24094
1774,2.72492,2.82807,2.776e-04,0.636,0.090,23924
1775,2.90268,2.82807,2.773e-04,0.829,0.156,23953
1776,3.03062,2.82807,2.770e-04,0.611,0.093,23938
1777,2.67175,2.82807,2.767e-04,0.776,0.156,23957
1778,2.91241,2.82807,2.764e-04,0.686,0.107,23944
1779,3.49875,2.82807,2.761e-04,0.685,0.114,23962
1780,3.44614,2.82807,2.758e-04,0.672,0.099,23954
1781,2.85152,2.82807,2.755e-04,0.683,0.090,23915
1782,3.42358,2.82807,2.752e-04,0.646,0.090,23951
1783,3.26881,2.82807,2.750e-04,0.700,0.113,23901
1784,3.21045,2.82807,2.747e-04,0.658,0.088,23964
1785,2.77295,2.82807,2.744e-04,0.752,0.105,23918
1786,2.62552,2.82807,2.741e-04,0.769,0.109,23931
1787,3.08423,2.82807,2.738e-04,0.674,0.085,23947
1788,3.26423,2.82807,2.735e-04,0.721,0.105,23916
1789,2.95749,2.82807,2.732e-04,0.621,0.087,23919
1790,2.70862,2.82807,2.729e-04,0.682,0.108,23950
1791,3.18468,2.82807,2.726e-04,0.654,0.091,23920
1792,2.99029,2.82807,2.723e-04,0.590,0.081,23960
1793,2.95731,2.82807,2.720e-04,0.773,0.112,23965
1794,2.85581,2.82807,2.717e-04,0.815,0.133,23932
1795,2.31395,2.82807,2.714e-04,0.703,0.086,23937
1796,2.85427,2.82807,2.711e-04,0.650,0.085,23960
1797,3.02312,2.82807,2.708e-04,0.740,0.114,23975
1798,2.63847,2.82807,2.705e-04,0.737,0.108,23929
1799,2.72110,2.82807,2.702e-04,0.662,0.101,23969
1800,3.30672,2.82807,2.699e-04,0.806,0.116,23936
1801,3.34506,2.82807,2.696e-04,0.684,0.102,23942
1802,3.12472,2.82807,2.693e-04,0.703,0.106,23951
1803,2.74541,2.82807,2.690e-04,0.717,0.099,23933
1804,3.24365,2.82807,2.687e-04,0.685,0.103,23959
1805,2.97937,2.82807,2.684e-04,0.676,0.100,23924
1806,2.85785,2.82807,2.681e-04,0.707,0.105,23985
1807,2.57615,2.82807,2.679e-04,0.652,0.090,23942
1808,3.11843,2.82807,2.676e-04,0.717,0.111,23966
1809,2.84406,2.82807,2.673e-04,0.663,0.099,23976
1810,2.26904,2.82807,2.670e-04,0.700,0.091,23941
1811,2.76708,2.82807,2.667e-04,0.772,0.109,23943
1812,2.96278,2.82807,2.664e-04,0.654,0.101,23964
1813,2.93977,2.82807,2.661e-04,0.671,0.094,23969
1814,2.78332,2.82807,2.658e-04,0.663,0.091,23932
1815,3.37202,2.82807,2.655e-04,0.759,0.116,23970
1816,3.31086,2.82807,2.652e-04,0.673,0.098,23941
1817,2.88780,2.82807,2.649e-04,0.724,0.111,23945
1818,3.40693,2.82807,2.646e-04,0.656,0.104,23961
1819,3.08234,2.82807,2.643e-04,0.721,0.099,23946
1820,2.90232,2.82807,2.640e-04,0.773,0.116,23966
1821,3.14076,2.82807,2.637e-04,0.634,0.092,23921
1822,2.97942,2.82807,2.634e-04,0.738,0.111,23953
1823,2.66633,2.82807,2.631e-04,0.652,0.093,23976
1824,3.17173,2.82807,2.629e-04,0.775,0.103,23952
1825,3.26690,2.82807,2.626e-04,0.691,0.110,23948
1826,2.87997,2.82807,2.623e-04,0.668,0.098,23930
1827,3.05462,2.82807,2.620e-04,0.739,0.112,23944
1828,3.11227,2.82807,2.617e-04,0.681,0.089,23928
1829,2.92817,2.82807,2.614e-04,0.699,0.114,23864
1830,2.39795,2.82807,2.611e-04,0.640,0.087,24038
1831,3.35513,2.82807,2.608e-04,0.672,0.089,23957
1832,3.37089,2.82807,2.605e-04,0.683,0.101,23937
1833,2.67713,2.82807,2.602e-04,0.641,0.089,23938
1834,2.71103,2.82807,2.599e-04,0.695,0.100,23949
1835,2.97105,2.82807,2.596e-04,0.679,0.102,23921
1836,3.49838,2.82807,2.593e-04,0.738,0.127,23984
1837,3.02618,2.82807,2.590e-04,0.692,0.099,23953
1838,2.98512,2.82807,2.588e-04,0.761,0.109,23957
1839,2.50445,2.82807,2.585e-04,0.677,0.092,23940
1840,3.33524,2.82807,2.582e-04,0.625,0.094,23944
1841,2.67245,2.82807,2.579e-04,0.639,0.094,23965
1842,2.53669,2.82807,2.576e-04,0.672,0.104,23947
1843,2.66350,2.82807,2.573e-04,0.634,0.096,23941
1844,3.08324,2.82807,2.570e-04,0.707,0.104,23946
1845,3.05318,2.82807,2.567e-04,0.663,0.096,23957
1846,2.71531,2.82807,2.564e-04,0.684,0.100,23931
1847,3.47106,2.82807,2.561e-04,0.726,0.133,23942
1848,2.77104,2.82807,2.558e-04,0.770,0.132,23953
1849,2.90345,2.82807,2.555e-04,0.764,0.115,23916
1850,3.30265,2.82807,2.553e-04,0.738,0.130,23969
1851,3.09512,2.82807,2.550e-04,0.725,0.108,23934
1852,2.49967,2.82807,2.547e-04,0.684,0.086,23984
1853,3.45988,2.82807,2.544e-04,0.740,0.130,23962
1854,3.01885,2.82807,2.541e-04,0.828,0.158,23931
1855,2.98595,2.82807,2.538e-04,0.693,0.088,23971
1856,2.90565,2.82807,2.535e-04,0.780,0.141,23948
1857,3.13994,2.82807,2.532e-04,0.741,0.120,23959
1858,3.22960,2.82807,2.529e-04,0.653,0.095,23954
1859,2.60256,2.82807,2.526e-04,0.788,0.112,23973
1860,3.57367,2.82807,2.523e-04,0.710,0.115,23931
1861,2.37547,2.82807,2.521e-04,0.708,0.092,23925
1862,2.41307,2.82807,2.518e-04,0.694,0.101,23947
1863,3.22166,2.82807,2.515e-04,0.703,0.102,23939
1864,2.44511,2.82807,2.512e-04,0.702,0.096,23951
1865,3.20867,2.82807,2.509e-04,0.665,0.106,23775
1866,2.88349,2.82807,2.506e-04,0.711,0.102,24142
1867,3.04038,2.82807,2.503e-04,0.692,0.097,23957
1868,3.45054,2.82807,2.500e-04,0.631,0.095,23946
1869,3.35666,2.82807,2.497e-04,0.800,0.140,23975
1870,2.85592,2.82807,2.495e-04,0.687,0.095,23916
1871,2.41853,2.82807,2.492e-04,0.751,0.100,23967
1872,2.58015,2.82807,2.489e-04,0.687,0.090,23932
1873,2.75789,2.82807,2.486e-04,0.662,0.101,23960
1874,2.68376,2.82807,2.483e-04,0.646,0.087,23935
1875,2.96873,2.82807,2.480e-04,0.711,0.096,23973
1876,2.95133,2.82807,2.477e-04,0.694,0.095,23936
1877,2.80315,2.82807,2.474e-04,0.686,0.101,23929
1878,2.93241,2.82807,2.471e-04,0.661,0.095,23972
1879,3.02700,2.82807,2.469e-04,0.658,0.095,23925
1880,2.81027,2.82807,2.466e-04,0.656,0.094,23958
1881,2.47064,2.82807,2.463e-04,0.652,0.081,23915
1882,2.69723,2.82807,2.460e-04,0.686,0.098,23951
1883,2.99250,2.82807,2.457e-04,0.625,0.094,23989
1884,2.52776,2.82807,2.454e-04,0.662,0.081,23936
1885,2.97605,2.82807,2.451e-04,0.644,0.098,23964
1886,3.02093,2.82807,2.448e-04,0.623,0.080,23954
1887,2.76010,2.82807,2.446e-04,0.635,0.079,23927
1888,3.41288,2.82807,2.443e-04,0.669,0.111,23957
1889,3.18901,2.82807,2.440e-04,0.660,0.102,23963
1890,3.06707,2.82807,2.437e-04,0.629,0.088,23928
1891,2.98709,2.82807,2.434e-04,0.734,0.117,23976
1892,3.00629,2.82807,2.431e-04,0.604,0.091,23947
1893,3.24422,2.82807,2.428e-04,0.621,0.096,23930
1894,2.98694,2.82807,2.425e-04,0.621,0.093,23965
1895,2.95425,2.82807,2.423e-04,0.628,0.090,23924
1896,3.33883,2.82807,2.420e-04,0.633,0.086,23925
1897,3.14303,2.82807,2.417e-04,0.641,0.094,23615
1898,3.15323,2.82807,2.414e-04,0.638,0.094,24257
1899,2.57116,2.82807,2.411e-04,0.632,0.085,23943
1900,2.73128,2.82807,2.408e-04,0.654,0.084,23901
1901,2.78549,2.82807,2.405e-04,0.606,0.075,23947
1902,2.45514,2.82807,2.403e-04,0.635,0.082,23931
1903,3.06941,2.82807,2.400e-04,0.687,0.108,23908
1904,2.99040,2.82807,2.397e-04,0.625,0.101,23957
1905,2.39709,2.82807,2.394e-04,0.664,0.078,23941
1906,2.80666,2.82807,2.391e-04,0.656,0.104,23940
1907,2.83234,2.82807,2.388e-04,0.716,0.118,23963
1908,3.47496,2.82807,2.385e-04,0.626,0.091,23906
1909,2.87360,2.82807,2.383e-04,0.629,0.086,23948
1910,2.63163,2.82807,2.380e-04,0.646,0.082,23903
1911,3.32258,2.82807,2.377e-04,0.660,0.100,23930
1912,2.90455,2.82807,2.374e-04,0.634,0.091,23922
1913,3.16369,2.82807,2.371e-04,0.645,0.090,23936
1914,2.81753,2.82807,2.368e-04,0.687,0.106,23921
1915,2.86105,2.82807,2.365e-04,0.681,0.115,23935
1916,2.53781,2.82807,2.363e-04,0.674,0.097,23922
1917,3.05897,2.82807,2.360e-04,0.596,0.086,23970
1918,3.22288,2.82807,2.357e-04,0.682,0.111,23927
1919,3.01783,2.82807,2.354e-04,0.631,0.090,23917
1920,3.33922,2.82807,2.351e-04,0.619,0.094,23929
1921,2.95427,2.82807,2.348e-04,0.680,0.096,23880
1922,2.68579,2.82807,2.346e-04,0.641,0.086,23929
1923,2.93123,2.82807,2.343e-04,0.662,0.113,23934
1924,2.53682,2.82807,2.340e-04,0.648,0.090,23905
1925,2.82659,2.82807,2.337e-04,0.668,0.084,23940
1926,3.19398,2.82807,2.334e-04,0.791,0.123,23925
1927,3.15411,2.82807,2.331e-04,0.692,0.101,23941
1928,3.28885,2.82807,2.329e-04,0.708,0.096,23912
1929,3.76453,2.82807,2.326e-04,0.689,0.108,23930
1930,2.96790,2.82807,2.323e-04,0.677,0.091,23913
1931,2.78808,2.82807,2.320e-04,0.702,0.082,23946
1932,2.56525,2.82807,2.317e-04,0.649,0.083,23951
1933,3.44008,2.82807,2.315e-04,0.644,0.084,23945
1934,2.91179,2.82807,2.312e-04,0.593,0.078,23901
1935,3.44752,2.82807,2.309e-04,0.684,0.088,23955
1936,3.51964,2.82807,2.306e-04,0.709,0.097,23928
1937,3.20292,2.82807,2.303e-04,0.630,0.089,23949
1938,2.88360,2.82807,2.300e-04,0.662,0.099,23946
1939,3.09754,2.82807,2.298e-04,0.629,0.087,23905
1940,2.41873,2.82807,2.295e-04,0.666,0.090,23915
1941,3.02017,2.82807,2.292e-04,0.651,0.083,23831
1942,3.14245,2.82807,2.289e-04,0.687,0.113,24015
1943,3.55162,2.82807,2.286e-04,0.625,0.095,23959
1944,2.63328,2.82807,2.284e-04,0.602,0.084,23947
1945,2.82998,2.82807,2.281e-04,0.644,0.093,23934
1946,2.46938,2.82807,2.278e-04,0.653,0.093,23948
1947,2.74219,2.82807,2.275e-04,0.659,0.090,23953
1948,2.79743,2.82807,2.272e-04,0.637,0.091,23963
1949,3.04259,2.82807,2.270e-04,0.649,0.098,23930
1950,2.66536,2.82807,2.267e-04,0.711,0.097,23935
1951,2.89922,2.82807,2.264e-04,0.646,0.093,23925
1952,2.77809,2.82807,2.261e-04,0.629,0.089,23965
1953,3.30154,2.82807,2.258e-04,0.605,0.088,23920
1954,2.70310,2.82807,2.256e-04,0.680,0.092,23943
1955,2.92120,2.82807,2.253e-04,0.730,0.099,23911
1956,3.02355,2.82807,2.250e-04,0.606,0.082,23928
1957,2.38825,2.82807,2.247e-04,0.716,0.087,23924
1958,2.74126,2.82807,2.244e-04,0.593,0.090,23974
1959,2.92960,2.82807,2.242e-04,0.641,0.105,23953
1960,2.86038,2.82807,2.239e-04,0.611,0.089,23920
1961,2.74364,2.82807,2.236e-04,0.621,0.083,23937
1962,3.22944,2.82807,2.233e-04,0.591,0.094,23949
1963,2.71202,2.82807,2.230e-04,0.648,0.090,23915
1964,2.98469,2.82807,2.228e-04,0.641,0.097,23922
1965,3.20900,2.82807,2.225e-04,0.703,0.120,23960
1966,3.54677,2.82807,2.222e-04,0.726,0.104,23913
1967,3.21310,2.82807,2.219e-04,0.640,0.093,23967
1968,2.76456,2.82807,2.217e-04,0.658,0.098,23937
1969,3.20463,2.82807,2.214e-04,0.631,0.092,23943
1970,3.01594,2.82807,2.211e-04,0.662,0.098,23973
1971,3.11633,2.82807,2.208e-04,0.619,0.095,23946
1972,2.52767,2.82807,2.206e-04,0.623,0.088,23979
1973,3.18555,2.82807,2.203e-04,0.654,0.097,23911
1974,2.74423,2.82807,2.200e-04,0.658,0.107,23964
1975,2.56213,2.82807,2.197e-04,0.663,0.075,23963
1976,3.55905,2.82807,2.194e-04,0.622,0.092,23941
1977,2.91302,2.82807,2.192e-04,0.669,0.107,23915
1978,3.10053,2.82807,2.189e-04,0.580,0.078,23957
1979,3.06657,2.82807,2.186e-04,0.662,0.090,23896
1980,3.12689,2.82807,2.183e-04,0.599,0.080,23946
1981,3.14597,2.82807,2.181e-04,0.642,0.090,23913
1982,2.31899,2.82807,2.178e-04,0.637,0.070,23927
1983,3.03121,2.82807,2.175e-04,0.659,0.099,23925
1984,3.37403,2.82807,2.172e-04,0.658,0.099,23940
1985,2.64338,2.82807,2.170e-04,0.675,0.097,23955
1986,3.01956,2.82807,2.167e-04,0.579,0.087,23943
1987,3.34240,2.82807,2.164e-04,0.665,0.093,23935
1988,2.79418,2.82807,2.161e-04,0.674,0.099,23964
1989,3.02961,2.82807,2.159e-04,0.639,0.091,23953
1990,3.04940,2.82807,2.156e-04,0.663,0.095,23910
1991,3.55847,2.82807,2.153e-04,0.715,0.109,23956
1992,2.72965,2.82807,2.150e-04,0.711,0.102,23770
1993,2.91012,2.82807,2.148e-04,0.687,0.098,24102
1994,3.57938,2.82807,2.145e-04,0.721,0.119,23945
1995,2.59255,2.82807,2.142e-04,0.673,0.097,23957
1996,2.95306,2.82807,2.139e-04,0.741,0.116,23790
1997,2.69474,2.82807,2.137e-04,0.725,0.097,24073
1998,3.72075,2.82807,2.134e-04,0.658,0.111,23961
1999,3.10295,2.82807,2.131e-04,0.652,0.090,23924
2000,2.77521,2.77094,2.129e-04,0.737,0.093,6821
2001,3.19512,2.77094,2.126e-04,0.687,0.104,24183
2002,3.11571,2.77094,2.123e-04,0.666,0.097,23922
2003,3.24713,2.77094,2.120e-04,0.737,0.119,23928
2004,3.22072,2.77094,2.118e-04,0.705,0.099,23953
2005,2.92978,2.77094,2.115e-04,0.640,0.086,23922
2006,2.92589,2.77094,2.112e-04,0.646,0.095,23713
2007,3.43314,2.77094,2.109e-04,0.661,0.100,24142
2008,2.94902,2.77094,2.107e-04,0.705,0.099,23975
2009,3.06027,2.77094,2.104e-04,0.626,0.088,23941
2010,3.24827,2.77094,2.101e-04,0.677,0.103,23974
2011,3.17583,2.77094,2.099e-04,0.694,0.087,23956
2012,2.99765,2.77094,2.096e-04,0.727,0.096,23943
2013,2.67149,2.77094,2.093e-04,0.686,0.082,23940
2014,2.71230,2.77094,2.090e-04,0.633,0.079,23957
2015,3.64091,2.77094,2.088e-04,0.685,0.104,23946
2016,3.00253,2.77094,2.085e-04,0.668,0.078,23956
2017,3.24411,2.77094,2.082e-04,0.678,0.103,23949
2018,3.40661,2.77094,2.080e-04,0.697,0.103,23931
2019,3.03244,2.77094,2.077e-04,0.698,0.092,23816
2020,3.01318,2.77094,2.074e-04,0.629,0.096,24076
2021,3.07975,2.77094,2.072e-04,0.648,0.102,23901
2022,2.86192,2.77094,2.069e-04,0.625,0.090,23957
2023,2.98181,2.77094,2.066e-04,0.676,0.092,23926
2024,3.14240,2.77094,2.063e-04,0.698,0.093,23988
2025,2.66827,2.77094,2.061e-04,0.710,0.099,23959
2026,3.12882,2.77094,2.058e-04,0.626,0.096,23947
2027,2.88379,2.77094,2.055e-04,0.698,0.115,23977
2028,2.98063,2.77094,2.053e-04,0.716,0.121,23938
2029,2.81567,2.77094,2.050e-04,0.665,0.098,23931
2030,2.62289,2.77094,2.047e-04,0.638,0.083,23951
2031,3.21318,2.77094,2.045e-04,0.709,0.122,23931
2032,2.81041,2.77094,2.042e-04,0.629,0.089,23921
2033,2.86251,2.77094,2.039e-04,0.680,0.093,23945
2034,3.10433,2.77094,2.037e-04,0.738,0.128,23639
2035,3.59841,2.77094,2.034e-04,0.668,0.099,24271
2036,2.73627,2.77094,2.031e-04,0.672,0.108,23641
2037,3.36724,2.77094,2.029e-04,0.644,0.096,24243
2038,3.04620,2.77094,2.026e-04,0.632,0.090,23969
2039,3.04632,2.77094,2.023e-04,0.697,0.105,23924
2040,2.95294,2.77094,2.021e-04,0.968,0.152,23963
2041,3.55893,2.77094,2.018e-04,0.686,0.106,23891
2042,2.79605,2.77094,2.015e-04,0.730,0.116,23950
2043,2.60680,2.77094,2.013e-04,0.677,0.099,23936
2044,2.61925,2.77094,2.010e-04,0.702,0.095,23961
2045,3.02382,2.77094,2.007e-04,0.647,0.107,23932
2046,3.46823,2.77094,2.005e-04,0.635,0.089,23939
2047,2.98030,2.77094,2.002e-04,0.674,0.093,23965
2048,3.23734,2.77094,1.999e-04,0.711,0.116,23932
2049,2.72659,2.77094,1.997e-04,0.641,0.086,23948
2050,2.78376,2.77094,1.994e-04,0.672,0.094,23958
2051,2.66270,2.77094,1.991e-04,0.715,0.107,23959
2052,3.72819,2.77094,1.989e-04,0.625,0.100,23930
2053,3.02748,2.77094,1.986e-04,0.688,0.099,23949
2054,3.34695,2.77094,1.983e-04,0.756,0.115,23951
2055,2.71868,2.77094,1.981e-04,0.631,0.081,23959
2056,2.47968,2.77094,1.978e-04,0.697,0.100,23948
2057,2.89172,2.77094,1.975e-04,0.643,0.080,23947
2058,3.18248,2.77094,1.973e-04,0.696,0.103,23963
2059,2.98045,2.77094,1.970e-04,0.729,0.099,23924
2060,2.79894,2.77094,1.968e-04,0.682,0.086,23959
2061,2.38524,2.77094,1.965e-04,0.704,0.098,23897
2062,3.81163,2.77094,1.962e-04,0.868,0.170,23973
2063,3.11646,2.77094,1.960e-04,0.645,0.085,23861
2064,2.45976,2.77094,1.957e-04,0.695,0.101,23961
2065,3.39284,2.77094,1.954e-04,0.818,0.137,23950
2066,2.68571,2.77094,1.952e-04,0.638,0.080,23950
2067,3.00744,2.77094,1.949e-04,0.686,0.090,23935
2068,2.60691,2.77094,1.947e-04,0.683,0.091,23947
2069,3.12149,2.77094,1.944e-04,0.678,0.093,23941
2070,2.97637,2.77094,1.941e-04,0.713,0.109,23939
2071,2.60685,2.77094,1.939e-04,0.706,0.107,23961
2072,3.59059,2.77094,1.936e-04,0.651,0.103,23943
2073,2.66013,2.77094,1.933e-04,0.644,0.086,23973
2074,2.80255,2.77094,1.931e-04,0.748,0.117,23951
2075,2.91117,2.77094,1.928e-04,0.634,0.088,23942
2076,3.36731,2.77094,1.926e-04,0.668,0.095,23953
2077,3.53705,2.77094,1.923e-04,0.676,0.101,23945
2078,2.87378,2.77094,1.920e-04,0.680,0.096,23936
2079,2.82741,2.77094,1.918e-04,0.736,0.108,23936
2080,2.94564,2.77094,1.915e-04,0.680,0.095,23961
2081,3.33888,2.77094,1.913e-04,0.644,0.094,23904
2082,2.88256,2.77094,1.910e-04,0.615,0.080,23948
2083,2.85425,2.77094,1.907e-04,0.635,0.090,23930
2084,3.18084,2.77094,1.905e-04,0.654,0.100,23959
2085,2.78582,2.77094,1.902e-04,0.633,0.091,23933
2086,3.31485,2.77094,1.900e-04,0.701,0.101,23952
2087,3.25470,2.77094,1.897e-04,0.691,0.091,23973
2088,2.74676,2.77094,1.894e-04,0.707,0.091,23914
2089,3.14400,2.77094,1.892e-04,0.730,0.113,23977
2090,2.99876,2.77094,1.889e-04,0.657,0.089,23955
2091,2.85554,2.77094,1.887e-04,0.803,0.116,23957
2092,2.88417,2.77094,1.884e-04,0.679,0.085,23973
2093,3.20077,2.77094,1.882e-04,0.707,0.109,23943
2094,2.63157,2.77094,1.879e-04,0.753,0.103,23966
2095,3.29845,2.77094,1.876e-04,0.684,0.091,23951
2096,3.53276,2.77094,1.874e-04,0.738,0.113,23942
2097,2.83564,2.77094,1.871e-04,0.669,0.102,23947
2098,3.00819,2.77094,1.869e-04,0.640,0.087,23964
2099,3.08041,2.77094,1.866e-04,0.732,0.114,23938
2100,3.03921,2.77094,1.864e-04,0.678,0.097,23949
2101,2.50836,2.77094,1.861e-04,0.666,0.084,23909
2102,2.96588,2.77094,1.858e-04,0.681,0.096,23933
2103,3.20453,2.77094,1.856e-04,0.775,0.121,23965
2104,2.83682,2.77094,1.853e-04,0.666,0.103,23952
2105,3.33128,2.77094,1.851e-04,0.735,0.103,23934
2106,3.05242,2.77094,1.848e-04,0.693,0.085,23950
2107,2.86702,2.77094,1.846e-04,0.686,0.093,23955
2108,3.20400,2.77094,1.843e-04,0.749,0.097,23941
2109,3.00450,2.77094,1.841e-04,0.679,0.085,23919
2110,2.94321,2.77094,1.838e-04,0.699,0.089,23964
2111,2.70572,2.77094,1.835e-04,0.688,0.079,23921
2112,3.24768,2.77094,1.833e-04,0.583,0.081,23970
2113,3.04551,2.77094,1.830e-04,0.678,0.092,23924
2114,2.98495,2.77094,1.828e-04,0.668,0.102,23947
2115,2.90410,2.77094,1.825e-04,0.634,0.087,23929
2116,3.01349,2.77094,1.823e-04,0.641,0.086,23969
2117,2.78600,2.77094,1.820e-04,0.700,0.084,23948
2118,2.72104,2.77094,1.818e-04,0.637,0.087,23946
2119,2.63904,2.77094,1.815e-04,0.594,0.075,23949
2120,3.06570,2.77094,1.813e-04,0.659,0.092,23936
2121,2.84523,2.77094,1.810e-04,0.672,0.083,23936
2122,3.55468,2.77094,1.808e-04,0.638,0.094,23978
2123,2.73485,2.77094,1.805e-04,0.653,0.085,23957
2124,2.77919,2.77094,1.802e-04,0.649,0.092,23954
2125,2.50424,2.77094,1.800e-04,0.632,0.089,23943
2126,2.85880,2.77094,1.797e-04,0.628,0.091,23967
2127,2.41507,2.77094,1.795e-04,0.706,0.097,23962
2128,3.51924,2.77094,1.792e-04,0.634,0.100,23954
2129,2.60123,2.77094,1.790e-04,0.638,0.078,23950
2130,3.28207,2.77094,1.787e-04,0.631,0.082,23960
2131,2.89771,2.77094,1.785e-04,0.641,0.086,23957
2132,3.24511,2.77094,1.782e-04,0.633,0.094,23923
2133,2.76751,2.77094,1.780e-04,0.678,0.089,23973
2134,3.07556,2.77094,1.777e-04,0.626,0.084,23962
2135,3.05453,2.77094,1.775e-04,0.659,0.092,23954
2136,2.86693,2.77094,1.772e-04,0.646,0.094,23980
2137,2.62355,2.77094,1.770e-04,0.628,0.087,23920
2138,2.96213,2.77094,1.767e-04,0.636,0.093,23945
2139,3.00179,2.77094,1.765e-04,0.667,0.102,23919
2140,2.82914,2.77094,1.762e-04,0.703,0.108,23966
2141,3.10717,2.77094,1.760e-04,0.675,0.095,23899
2142,3.07650,2.77094,1.757e-04,0.637,0.088,23966
2143,3.25537,2.77094,1.755e-04,0.659,0.095,23939
2144,3.06674,2.77094,1.752e-04,0.659,0.088,23954
2145,2.67438,2.77094,1.750e-04,0.652,0.087,23953
2146,2.80768,2.77094,1.747e-04,0.673,0.091,23939
2147,2.91517,2.77094,1.745e-04,0.641,0.084,23668
2148,2.79366,2.77094,1.743e-04,0.656,0.090,24255
2149,3.43721,2.77094,1.740e-04,0.640,0.093,23953
2150,2.68910,2.77094,1.738e-04,0.677,0.092,23953
2151,3.05546,2.77094,1.735e-04,0.598,0.079,23951
2152,2.46833,2.77094,1.733e-04,0.629,0.083,23966
2153,3.09381,2.77094,1.730e-04,0.684,0.098,23940
2154,3.35443,2.77094,1.728e-04,0.648,0.096,23943
2155,2.85617,2.77094,1.725e-04,0.632,0.086,23934
2156,2.33406,2.77094,1.723e-04,0.652,0.080,23915
2157,2.59029,2.77094,1.720e-04,0.615,0.079,23956
2158,3.44460,2.77094,1.718e-04,0.638,0.105,23958
2159,2.94456,2.77094,1.715e-04,0.678,0.093,23918
2160,3.41940,2.77094,1.713e-04,0.677,0.097,23976
2161,2.51940,2.77094,1.711e-04,0.661,0.085,23926
2162,3.14868,2.77094,1.708e-04,0.626,0.099,23935
2163,3.27886,2.77094,1.706e-04,0.693,0.106,23937
2164,2.78344,2.77094,1.703e-04,0.678,0.088,23958
2165,3.33146,2.77094,1.701e-04,0.626,0.099,23952
2166,2.62956,2.77094,1.698e-04,0.682,0.100,23945
2167,2.71239,2.77094,1.696e-04,0.680,0.081,23937
2168,3.12579,2.77094,1.693e-04,0.657,0.088,23934
2169,2.81047,2.77094,1.691e-04,0.742,0.104,23938
2170,3.22656,2.77094,1.689e-04,0.688,0.106,23906
2171,2.94709,2.77094,1.686e-04,0.691,0.097,23936
2172,3.38433,2.77094,1.684e-04,0.714,0.109,23909
2173,3.24741,2.77094,1.681e-04,0.805,0.125,23950
2174,2.98533,2.77094,1.679e-04,0.706,0.094,23924
2175,3.21848,2.77094,1.676e-04,0.679,0.100,23941
2176,3.39329,2.77094,1.674e-04,0.732,0.114,23936
2177,2.55938,2.77094,1.672e-04,0.728,0.100,23940
2178,3.09429,2.77094,1.669e-04,0.661,0.096,23875
2179,3.06101,2.77094,1.667e-04,0.673,0.098,23980
2180,3.02792,2.77094,1.664e-04,0.672,0.094,23922
2181,2.55205,2.77094,1.662e-04,0.682,0.092,23938
2182,3.02784,2.77094,1.660e-04,0.735,0.102,23932
2183,2.89361,2.77094,1.657e-04,0.621,0.083,23837
2184,2.61329,2.77094,1.655e-04,0.674,0.097,23936
2185,3.20979,2.77094,1.652e-04,0.663,0.087,23923
2186,3.05756,2.77094,1.650e-04,0.667,0.091,23928
2187,3.54993,2.77094,1.648e-04,0.668,0.098,23958
2188,2.64323,2.77094,1.645e-04,0.660,0.084,23904
2189,2.76178,2.77094,1.643e-04,0.672,0.089,23976
2190,2.90584,2.77094,1.640e-04,0.649,0.095,23946
2191,2.77801,2.77094,1.638e-04,0.766,0.109,23935
2192,3.42985,2.77094,1.636e-04,0.753,0.110,23939
2193,2.23224,2.77094,1.633e-04,0.783,0.109,23916
2194,2.46381,2.77094,1.631e-04,0.741,0.085,23950
2195,2.94420,2.77094,1.628e-04,0.757,0.118,23908
2196,3.07374,2.77094,1.626e-04,0.702,0.094,23952
2197,3.16827,2.77094,1.624e-04,0.666,0.087,23903
2198,3.58858,2.77094,1.621e-04,0.739,0.102,23889
2199,3.08903,2.77094,1.619e-04,0.691,0.098,23931
2200,2.75728,2.77094,1.617e-04,0.723,0.104,23929
2201,3.36861,2.77094,1.614e-04,0.721,0.108,23922
2202,3.32060,2.77094,1.612e-04,0.637,0.090,23948
2203,2.52044,2.77094,1.609e-04,0.776,0.107,23935
2204,3.06030,2.77094,1.607e-04,0.781,0.115,23959
2205,3.29161,2.77094,1.605e-04,0.585,0.082,23913
2206,2.75671,2.77094,1.602e-04,0.733,0.097,23959
2207,2.95441,2.77094,1.600e-04,0.670,0.094,23885
2208,2.74996,2.77094,1.598e-04,0.736,0.118,23941
2209,2.91259,2.77094,1.595e-04,0.698,0.097,23935
2210,2.57819,2.77094,1.593e-04,0.632,0.088,23948
2211,2.79509,2.77094,1.591e-04,0.619,0.084,23924
2212,2.60562,2.77094,1.588e-04,0.659,0.094,23956
2213,2.79820,2.77094,1.586e-04,0.678,0.109,23974
2214,2.99204,2.77094,1.584e-04,0.614,0.083,23912
2215,2.81619,2.77094,1.581e-04,0.568,0.077,23942
2216,3.09826,2.77094,1.579e-04,0.630,0.088,23967
2217,2.79869,2.77094,1.577e-04,0.756,0.106,23902
2218,2.94304,2.77094,1.574e-04,0.668,0.096,23937
2219,3.27758,2.77094,1.572e-04,0.637,0.083,23935
2220,2.87726,2.77094,1.570e-04,0.688,0.094,23926
2221,2.98931,2.77094,1.567e-04,0.667,0.091,23934
2222,2.63654,2.77094,1.565e-04,0.641,0.081,23922
2223,3.17517,2.77094,1.563e-04,0.660,0.110,23955
2224,3.31836,2.77094,1.560e-04,0.615,0.091,23923
2225,3.06583,2.77094,1.558e-04,0.655,0.080,23958
2226,2.60134,2.77094,1.556e-04,0.688,0.094,23929
2227,2.33904,2.77094,1.553e-04,0.674,0.097,23944
2228,2.95430,2.77094,1.551e-04,0.694,0.106,23925
2229,3.32196,2.77094,1.549e-04,0.727,0.123,23954
2230,2.95246,2.77094,1.546e-04,0.640,0.091,23927
2231,2.86512,2.77094,1.544e-04,0.633,0.092,23942
2232,3.57304,2.77094,1.542e-04,0.711,0.114,23909
2233,3.18979,2.77094,1.540e-04,0.655,0.098,23949
2234,2.97833,2.77094,1.537e-04,0.719,0.104,23952
2235,2.54365,2.77094,1.535e-04,0.711,0.095,23932
2236,3.16235,2.77094,1.533e-04,0.685,0.098,23657
2237,2.44875,2.77094,1.530e-04,0.674,0.101,24230
2238,2.66180,2.77094,1.528e-04,0.642,0.089,23992
2239,2.41065,2.77094,1.526e-04,0.792,0.110,23975
2240,2.86241,2.77094,1.524e-04,0.666,0.094,23965
2241,3.28257,2.77094,1.521e-04,0.696,0.095,23887
2242,2.75896,2.77094,1.519e-04,0.672,0.082,23931
2243,2.71203,2.77094,1.517e-04,0.613,0.084,23954
2244,2.79217,2.77094,1.514e-04,0.704,0.104,23942
2245,3.34394,2.77094,1.512e-04,0.709,0.097,23927
2246,2.83872,2.77094,1.510e-04,0.639,0.076,23923
2247,2.68458,2.77094,1.508e-04,0.667,0.078,23943
2248,2.55956,2.77094,1.505e-04,0.713,0.087,23934
2249,2.91127,2.77094,1.503e-04,0.675,0.090,23943
2250,3.49257,2.72505,1.501e-04,0.683,0.092,6819
2251,2.76579,2.72505,1.499e-04,0.725,0.084,24225
2252,2.52524,2.72505,1.496e-04,0.677,0.081,23902
2253,2.94026,2.72505,1.494e-04,0.654,0.083,23946
2254,3.61725,2.72505,1.492e-04,0.674,0.097,23930
2255,2.60080,2.72505,1.490e-04,0.677,0.077,23948
2256,2.48755,2.72505,1.487e-04,0.687,0.092,23648
2257,2.66494,2.72505,1.485e-04,0.652,0.095,24244
2258,2.40985,2.72505,1.483e-04,0.723,0.094,23922
2259,2.43479,2.72505,1.481e-04,0.611,0.076,23951
2260,2.85815,2.72505,1.478e-04,0.651,0.095,23930
2261,2.79442,2.72505,1.476e-04,0.634,0.081,23919
2262,3.30353,2.72505,1.474e-04,0.640,0.095,23780
2263,3.16851,2.72505,1.472e-04,0.616,0.083,24101
2264,2.60643,2.72505,1.469e-04,0.678,0.090,23949
2265,3.87517,2.72505,1.467e-04,0.669,0.089,23909
2266,2.91354,2.72505,1.465e-04,0.631,0.089,23952
2267,3.10526,2.72505,1.463e-04,0.658,0.102,23946
2268,2.80693,2.72505,1.461e-04,0.683,0.100,23922
2269,2.78018,2.72505,1.458e-04,0.619,0.079,23916
2270,2.23905,2.72505,1.456e-04,0.671,0.082,23929
2271,3.63110,2.72505,1.454e-04,0.650,0.098,23908
2272,2.92621,2.72505,1.452e-04,0.734,0.097,23955
2273,3.04794,2.72505,1.450e-04,0.740,0.093,23935
2274,3.31989,2.72505,1.447e-04,0.740,0.102,23951
2275,2.77148,2.72505,1.445e-04,0.653,0.081,23917
2276,3.00833,2.72505,1.443e-04,0.665,0.091,23943
2277,2.87454,2.72505,1.441e-04,0.615,0.080,23905
2278,2.86426,2.72505,1.439e-04,0.656,0.084,23944
2279,2.19000,2.72505,1.436e-04,0.668,0.076,23941
2280,3.34236,2.72505,1.434e-04,0.683,0.096,23939
2281,2.66436,2.72505,1.432e-04,0.715,0.092,23877
2282,3.25516,2.72505,1.430e-04,0.662,0.098,23959
2283,2.84231,2.72505,1.428e-04,0.723,0.087,23963
2284,3.05373,2.72505,1.425e-04,0.653,0.085,23949
2285,2.78756,2.72505,1.423e-04,0.630,0.078,23975
2286,2.84707,2.72505,1.421e-04,0.677,0.087,23932
2287,2.47646,2.72505,1.419e-04,0.631,0.086,23932
2288,2.96731,2.72505,1.417e-04,0.644,0.084,23936
2289,2.87845,2.72505,1.415e-04,0.649,0.081,23964
2290,2.90350,2.72505,1.412e-04,0.687,0.094,23935
2291,2.26982,2.72505,1.410e-04,0.678,0.089,23732
2292,3.40621,2.72505,1.408e-04,0.682,0.101,24143
2293,2.93945,2.72505,1.406e-04,0.659,0.103,23941
2294,3.24367,2.72505,1.404e-04,0.667,0.096,23951
2295,2.57194,2.72505,1.402e-04,0.648,0.071,23942
2296,2.64576,2.72505,1.399e-04,0.671,0.102,23971
2297,2.99986,2.72505,1.397e-04,0.639,0.091,23945
2298,2.89511,2.72505,1.395e-04,0.658,0.086,23964
2299,2.99324,2.72505,1.393e-04,0.677,0.090,23941
2300,2.92834,2.72505,1.391e-04,0.656,0.088,23956
2301,2.84253,2.72505,1.389e-04,0.658,0.083,23913
2302,2.55123,2.72505,1.387e-04,0.730,0.112,23941
2303,2.55630,2.72505,1.384e-04,0.606,0.074,23929
2304,3.05703,2.72505,1.382e-04,0.704,0.091,23948
2305,2.83258,2.72505,1.380e-04,0.665,0.101,23965
2306,2.71369,2.72505,1.378e-04,0.691,0.101,23932
2307,3.13207,2.72505,1.376e-04,0.648,0.091,23948
2308,2.66099,2.72505,1.374e-04,0.673,0.104,23886
2309,2.88980,2.72505,1.372e-04,0.656,0.084,23956
2310,2.22751,2.72505,1.370e-04,0.650,0.078,23950
2311,3.03274,2.72505,1.367e-04,0.679,0.090,23929
2312,3.39162,2.72505,1.365e-04,0.655,0.089,23939
2313,2.71866,2.72505,1.363e-04,0.648,0.089,23933
2314,2.66021,2.72505,1.361e-04,0.657,0.085,23957
2315,3.74180,2.72505,1.359e-04,0.731,0.112,23938
2316,2.95246,2.72505,1.357e-04,0.737,0.106,23946
2317,2.86286,2.72505,1.355e-04,0.661,0.090,23949
2318,3.02563,2.72505,1.353e-04,0.673,0.097,23962
2319,3.04832,2.72505,1.351e-04,0.695,0.102,23929
2320,2.54089,2.72505,1.348e-04,0.694,0.088,23955
2321,2.52765,2.72505,1.346e-04,0.640,0.081,23891
2322,2.80881,2.72505,1.344e-04,0.684,0.094,23967
2323,2.84386,2.72505,1.342e-04,0.671,0.087,23931
2324,3.45717,2.72505,1.340e-04,0.666,0.090,23949
2325,2.62521,2.72505,1.338e-04,0.608,0.084,23947
2326,3.00039,2.72505,1.336e-04,0.717,0.088,23941
2327,2.87209,2.72505,1.334e-04,0.668,0.091,23926
2328,2.98441,2.72505,1.332e-04,0.616,0.076,23941
2329,2.23408,2.72505,1.330e-04,0.625,0.080,23971
2330,3.27104,2.72505,1.328e-04,0.669,0.096,23935
2331,2.93985,2.72505,1.326e-04,0.654,0.094,23952
2332,2.77249,2.72505,1.324e-04,0.638,0.090,23781
2333,2.86955,2.72505,1.321e-04,0.663,0.092,24137
2334,2.49772,2.72505,1.319e-04,0.706,0.106,23628
2335,2.71190,2.72505,1.317e-04,0.631,0.087,24262
2336,2.70170,2.72505,1.315e-04,0.629,0.086,23955
2337,2.11693,2.72505,1.313e-04,0.635,0.082,23944
2338,3.31561,2.72505,1.311e-04,0.649,0.087,23956
2339,2.80591,2.72505,1.309e-04,0.644,0.083,23953
2340,2.86558,2.72505,1.307e-04,0.656,0.091,23930
2341,2.79995,2.72505,1.305e-04,0.616,0.084,23915
2342,2.20720,2.72505,1.303e-04,0.667,0.082,23964
2343,2.90157,2.72505,1.301e-04,0.663,0.092,23907
2344,2.70709,2.72505,1.299e-04,0.635,0.085,23942
2345,2.93650,2.72505,1.297e-04,0.609,0.084,23952
2346,2.52793,2.72505,1.295e-04,0.696,0.085,23948
2347,2.17712,2.72505,1.293e-04,0.689,0.094,23962
2348,3.39870,2.72505,1.291e-04,0.687,0.100,23918
2349,2.95615,2.72505,1.289e-04,0.656,0.084,23971
2350,2.91419,2.72505,1.287e-04,0.621,0.078,23923
2351,2.62453,2.72505,1.285e-04,0.704,0.099,23963
2352,2.75112,2.72505,1.283e-04,0.692,0.087,23970
2353,3.15449,2.72505,1.281e-04,0.638,0.086,23941
2354,2.76418,2.72505,1.279e-04,0.635,0.084,23945
2355,3.09046,2.72505,1.277e-04,0.659,0.086,23959
2356,2.76463,2.72505,1.275e-04,0.651,0.090,23953
2357,2.47468,2.72505,1.273e-04,0.671,0.081,23932
2358,2.75532,2.72505,1.271e-04,0.717,0.101,23977
2359,3.28116,2.72505,1.269e-04,0.728,0.104,23950
2360,3.15322,2.72505,1.267e-04,0.659,0.088,23960
2361,2.84360,2.72505,1.265e-04,0.690,0.085,23927
2362,2.79898,2.72505,1.263e-04,0.650,0.081,23929
2363,2.94613,2.72505,1.261e-04,0.696,0.089,23975
2364,2.97928,2.72505,1.259e-04,0.701,0.088,23926
2365,2.69390,2.72505,1.257e-04,0.599,0.086,23980
2366,2.91351,2.72505,1.255e-04,0.649,0.091,23943
2367,3.17256,2.72505,1.253e-04,0.664,0.090,23939
2368,3.30390,2.72505,1.251e-04,0.638,0.093,23945
2369,2.88338,2.72505,1.249e-04,0.686,0.099,23966
2370,2.76561,2.72505,1.247e-04,0.615,0.083,23924
2371,2.33579,2.72505,1.245e-04,0.591,0.073,23956
2372,2.88538,2.72505,1.243e-04,0.613,0.089,23657
2373,3.12626,2.72505,1.241e-04,0.651,0.102,24230
2374,2.55667,2.72505,1.239e-04,0.684,0.096,23964
2375,2.95170,2.72505,1.237e-04,0.650,0.095,23937
2376,2.77034,2.72505,1.235e-04,0.652,0.085,23941
2377,2.46775,2.72505,1.233e-04,0.650,0.085,23959
2378,2.84525,2.72505,1.231e-04,0.656,0.101,23931
2379,3.07579,2.72505,1.229e-04,0.685,0.092,23951
2380,3.05636,2.72505,1.227e-04,0.700,0.096,23910
2381,2.33847,2.72505,1.225e-04,0.720,0.097,23916
2382,2.98954,2.72505,1.223e-04,0.650,0.079,23944
2383,2.53469,2.72505,1.222e-04,0.647,0.081,23984
2384,2.86550,2.72505,1.220e-04,0.701,0.090,23917
2385,3.69070,2.72505,1.218e-04,0.735,0.094,23960
2386,2.86596,2.72505,1.216e-04,0.669,0.077,23956
2387,2.84672,2.72505,1.214e-04,0.636,0.082,23941
2388,2.90948,2.72505,1.212e-04,0.688,0.100,23977
2389,3.05128,2.72505,1.210e-04,0.643,0.101,23945
2390,2.90901,2.72505,1.208e-04,0.645,0.074,23933
2391,3.12133,2.72505,1.206e-04,0.706,0.087,23927
2392,2.63437,2.72505,1.204e-04,0.707,0.099,23947
2393,2.44322,2.72505,1.202e-04,0.667,0.079,23943
2394,3.20935,2.72505,1.200e-04,0.641,0.081,23940
2395,2.91737,2.72505,1.199e-04,0.637,0.080,23954
2396,2.84307,2.72505,1.197e-04,0.638,0.081,23948
2397,2.74724,2.72505,1.195e-04,0.659,0.081,23954
2398,2.86393,2.72505,1.193e-04,0.689,0.089,23942
2399,2.82751,2.72505,1.191e-04,0.667,0.085,23974
2400,3.16514,2.72505,1.189e-04,0.666,0.082,23922
2401,2.74783,2.72505,1.187e-04,0.712,0.087,23952
2402,3.04804,2.72505,1.185e-04,0.650,0.094,23946
2403,2.66045,2.72505,1.183e-04,0.642,0.098,23947
2404,3.06063,2.72505,1.182e-04,0.661,0.096,23965
2405,3.33950,2.72505,1.180e-04,0.647,0.085,23929
2406,2.69078,2.72505,1.178e-04,0.680,0.097,23961
2407,2.49424,2.72505,1.176e-04,0.633,0.086,23937
2408,3.36455,2.72505,1.174e-04,0.649,0.093,23939
2409,2.75820,2.72505,1.172e-04,0.715,0.092,23957
2410,2.76880,2.72505,1.170e-04,0.639,0.076,23954
2411,2.22559,2.72505,1.168e-04,0.697,0.086,23946
2412,2.81983,2.72505,1.167e-04,0.655,0.089,23931
2413,2.42461,2.72505,1.165e-04,0.692,0.085,23963
2414,2.80990,2.72505,1.163e-04,0.686,0.091,23920
2415,2.93982,2.72505,1.161e-04,0.638,0.081,23983
2416,2.70739,2.72505,1.159e-04,0.683,0.092,23944
2417,2.97301,2.72505,1.157e-04,0.662,0.084,23938
2418,3.13826,2.72505,1.155e-04,0.654,0.089,23936
2419,2.97499,2.72505,1.154e-04,0.647,0.086,23925
2420,2.74512,2.72505,1.152e-04,0.659,0.083,23914
2421,2.68235,2.72505,1.150e-04,0.604,0.075,23938
2422,2.98766,2.72505,1.148e-04,0.636,0.084,23953
2423,3.16245,2.72505,1.146e-04,0.659,0.099,23915
2424,2.89221,2.72505,1.144e-04,0.636,0.078,23954
2425,3.05769,2.72505,1.143e-04,0.635,0.089,23925
2426,3.10584,2.72505,1.141e-04,0.659,0.097,23944
2427,2.90458,2.72505,1.139e-04,0.625,0.082,23913
2428,3.19064,2.72505,1.137e-04,0.712,0.098,23962
2429,3.24173,2.72505,1.135e-04,0.659,0.087,23926
2430,3.07513,2.72505,1.134e-04,0.680,0.092,23930
2431,3.01981,2.72505,1.132e-04,0.647,0.083,23947
2432,2.75250,2.72505,1.130e-04,0.690,0.101,23758
2433,2.72631,2.72505,1.128e-04,0.653,0.088,24081
2434,3.11230,2.72505,1.126e-04,0.684,0.094,23929
2435,3.20522,2.72505,1.125e-04,0.654,0.090,23904
2436,3.30500,2.72505,1.123e-04,0.668,0.088,23936
2437,2.73109,2.72505,1.121e-04,0.651,0.086,23932
2438,3.52051,2.72505,1.119e-04,0.702,0.103,23959
2439,3.07889,2.72505,1.117e-04,0.626,0.084,23943
2440,3.19219,2.72505,1.116e-04,0.664,0.096,23940
2441,2.75555,2.72505,1.114e-04,0.679,0.084,23915
2442,3.23789,2.72505,1.112e-04,0.679,0.086,23937
2443,2.61998,2.72505,1.110e-04,0.657,0.084,23929
2444,2.74313,2.72505,1.109e-04,0.720,0.095,23946
2445,2.79713,2.72505,1.107e-04,0.612,0.078,23942
2446,2.98244,2.72505,1.105e-04,0.647,0.081,23943
2447,3.37922,2.72505,1.103e-04,0.654,0.088,23934
2448,1.86130,2.72505,1.101e-04,0.642,0.067,23924
2449,2.72324,2.72505,1.100e-04,0.689,0.089,23932
2450,2.88523,2.72505,1.098e-04,0.647,0.085,23915
2451,3.41825,2.72505,1.096e-04,0.636,0.091,23949
2452,2.97030,2.72505,1.094e-04,0.650,0.086,23905
2453,2.74549,2.72505,1.093e-04,0.658,0.083,23919
2454,2.63917,2.72505,1.091e-04,0.602,0.076,23917
2455,2.91500,2.72505,1.089e-04,0.623,0.087,23928
2456,2.88714,2.72505,1.088e-04,0.665,0.086,23937
2457,3.00729,2.72505,1.086e-04,0.624,0.076,23966
2458,2.60156,2.72505,1.084e-04,0.653,0.083,23922
2459,2.86175,2.72505,1.082e-04,0.621,0.089,23948
2460,2.50180,2.72505,1.081e-04,0.641,0.078,23927
2461,2.62650,2.72505,1.079e-04,0.702,0.098,23899
2462,3.10073,2.72505,1.077e-04,0.654,0.084,23930
2463,3.00945,2.72505,1.075e-04,0.701,0.084,23944
2464,2.66204,2.72505,1.074e-04,0.632,0.088,23922
2465,2.43543,2.72505,1.072e-04,0.670,0.079,23952
2466,2.74210,2.72505,1.070e-04,0.663,0.086,23918
2467,2.50827,2.72505,1.069e-04,0.619,0.079,23922
2468,3.02529,2.72505,1.067e-04,0.631,0.083,23941
2469,2.69062,2.72505,1.065e-04,0.652,0.081,23939
2470,2.61759,2.72505,1.063e-04,0.708,0.096,23953
2471,3.06037,2.72505,1.062e-04,0.706,0.100,23935
2472,2.28744,2.72505,1.060e-04,0.638,0.094,23956
2473,2.64210,2.72505,1.058e-04,0.618,0.085,23941
2474,3.07187,2.72505,1.057e-04,0.644,0.091,23928
2475,2.89117,2.72505,1.055e-04,0.711,0.102,23930
2476,2.93250,2.72505,1.053e-04,0.638,0.082,23944
2477,3.11635,2.72505,1.052e-04,0.638,0.080,23924
2478,2.81733,2.72505,1.050e-04,0.742,0.102,23963
2479,3.04436,2.72505,1.048e-04,0.666,0.095,23913
2480,3.14753,2.72505,1.047e-04,0.660,0.087,23983
2481,2.78985,2.72505,1.045e-04,0.682,0.093,23902
2482,2.76405,2.72505,1.043e-04,0.645,0.087,23965
2483,2.20471,2.72505,1.042e-04,0.728,0.098,23945
2484,2.63406,2.72505,1.040e-04,0.667,0.088,23696
2485,2.42564,2.72505,1.038e-04,0.635,0.076,24182
2486,2.43530,2.72505,1.037e-04,0.671,0.090,23950
2487,2.78162,2.72505,1.035e-04,0.595,0.078,23941
2488,3.15488,2.72505,1.033e-04,0.680,0.101,23936
2489,2.72479,2.72505,1.032e-04,0.650,0.093,23955
2490,3.10013,2.72505,1.030e-04,0.616,0.085,23897
2491,2.70588,2.72505,1.028e-04,0.658,0.083,23950
2492,2.99178,2.72505,1.027e-04,0.666,0.096,23934
2493,2.67506,2.72505,1.025e-04,0.643,0.080,23936
2494,2.81119,2.72505,1.024e-04,0.630,0.086,23951
2495,2.90832,2.72505,1.022e-04,0.687,0.079,23943
2496,3.04574,2.72505,1.020e-04,0.701,0.100,23965
2497,3.04652,2.72505,1.019e-04,0.618,0.085,23921
2498,2.57676,2.72505,1.017e-04,0.606,0.070,23950
2499,3.03186,2.72505,1.015e-04,0.631,0.086,23928
2500,2.70936,2.69372,1.014e-04,0.683,0.090,6824
2501,3.06515,2.69372,1.012e-04,0.672,0.087,24193
2502,2.75705,2.69372,1.011e-04,0.637,0.087,23954
2503,3.10467,2.69372,1.009e-04,0.646,0.082,23919
2504,2.99203,2.69372,1.007e-04,0.635,0.091,23950
2505,2.77177,2.69372,1.006e-04,0.676,0.085,23938
2506,2.90413,2.69372,1.004e-04,0.663,0.099,23960
2507,2.79066,2.69372,1.003e-04,0.651,0.097,23945
2508,2.92730,2.69372,1.001e-04,0.627,0.091,23954
2509,3.01203,2.69372,9.995e-05,0.698,0.110,23965
2510,2.99725,2.69372,9.979e-05,0.613,0.083,23935
2511,2.89995,2.69372,9.963e-05,0.673,0.097,23982
2512,3.29080,2.69372,9.947e-05,0.635,0.101,23972
2513,3.72656,2.69372,9.931e-05,0.656,0.101,23905
2514,2.53313,2.69372,9.916e-05,0.630,0.077,23997
2515,2.91716,2.69372,9.900e-05,0.645,0.094,23924
2516,2.88335,2.69372,9.884e-05,0.653,0.086,23941
2517,2.62246,2.69372,9.869e-05,0.627,0.075,23957
2518,3.35648,2.69372,9.853e-05,0.643,0.089,23961
2519,2.98033,2.69372,9.837e-05,0.669,0.100,23969
2520,2.88225,2.69372,9.822e-05,0.689,0.095,23959
2521,2.63093,2.69372,9.806e-05,0.655,0.092,23926
2522,2.45549,2.69372,9.791e-05,0.611,0.088,23938
2523,3.28119,2.69372,9.775e-05,0.681,0.090,23959
2524,2.92905,2.69372,9.760e-05,0.659,0.090,23919
2525,2.86393,2.69372,9.745e-05,0.647,0.087,23955
2526,3.10319,2.69372,9.729e-05,0.643,0.081,23965
2527,2.91864,2.69372,9.714e-05,0.697,0.081,23956
2528,3.03706,2.69372,9.699e-05,0.707,0.089,23958
2529,2.86664,2.69372,9.683e-05,0.656,0.087,23946
2530,2.46766,2.69372,9.668e-05,0.648,0.078,23968
2531,3.52172,2.69372,9.653e-05,0.740,0.104,23924
2532,2.73319,2.69372,9.638e-05,0.685,0.083,23937
2533,2.60811,2.69372,9.622e-05,0.631,0.083,23911
2534,3.55637,2.69372,9.607e-05,0.818,0.120,23958
2535,2.75856,2.69372,9.592e-05,0.647,0.083,23942
2536,2.89988,2.69372,9.577e-05,0.714,0.106,23961
2537,2.49641,2.69372,9.562e-05,0.706,0.085,23968
2538,2.39131,2.69372,9.547e-05,0.668,0.094,23932
2539,2.40166,2.69372,9.532e-05,0.685,0.094,23968
2540,3.36182,2.69372,9.517e-05,0.660,0.095,23887
2541,3.09502,2.69372,9.502e-05,0.619,0.083,23964
2542,2.55406,2.69372,9.487e-05,0.722,0.090,23645
2543,2.53678,2.69372,9.472e-05,0.702,0.087,24233
2544,3.11347,2.69372,9.457e-05,0.681,0.086,23917
2545,2.97947,2.69372,9.443e-05,0.735,0.106,23953
2546,3.22428,2.69372,9.428e-05,0.693,0.097,23958
2547,3.47561,2.69372,9.413e-05,0.709,0.099,23953
2548,3.10627,2.69372,9.398e-05,0.705,0.096,23931
2549,2.95252,2.69372,9.384e-05,0.647,0.085,23954
2550,2.99672,2.69372,9.369e-05,0.648,0.081,23965
2551,2.94348,2.69372,9.354e-05,0.636,0.086,23958
2552,3.27591,2.69372,9.340e-05,0.755,0.123,23960
2553,2.90292,2.69372,9.325e-05,0.676,0.097,23938
2554,2.38687,2.69372,9.311e-05,0.640,0.077,23956
2555,2.40325,2.69372,9.296e-05,0.647,0.086,23969
2556,2.62851,2.69372,9.282e-05,0.601,0.081,23944
2557,2.75101,2.69372,9.267e-05,0.671,0.095,23952
2558,2.77097,2.69372,9.253e-05,0.658,0.087,23953
2559,2.68250,2.69372,9.238e-05,0.660,0.080,23966
2560,3.01543,2.69372,9.224e-05,0.649,0.095,23953
2561,2.84063,2.69372,9.210e-05,0.619,0.088,23926
2562,3.23979,2.69372,9.195e-05,0.688,0.120,23958
2563,3.11748,2.69372,9.181e-05,0.696,0.101,23937
2564,2.44538,2.69372,9.167e-05,0.647,0.073,23976
2565,2.94013,2.69372,9.153e-05,0.671,0.101,23930
2566,2.63374,2.69372,9.138e-05,0.687,0.104,23965
2567,3.06750,2.69372,9.124e-05,0.651,0.082,23977
2568,2.81219,2.69372,9.110e-05,0.636,0.096,23931
2569,2.83103,2.69372,9.096e-05,0.610,0.084,23938
2570,2.49441,2.69372,9.082e-05,0.643,0.082,23918
2571,2.49810,2.69372,9.068e-05,0.664,0.098,23957
2572,2.82222,2.69372,9.054e-05,0.658,0.084,23927
2573,2.71122,2.69372,9.040e-05,0.628,0.074,23945
2574,2.81444,2.69372,9.026e-05,0.654,0.090,23956
2575,2.20663,2.69372,9.012e-05,0.620,0.074,23936
2576,3.29134,2.69372,8.998e-05,0.628,0.084,23961
2577,3.23959,2.69372,8.984e-05,0.696,0.099,23927
2578,2.52325,2.69372,8.970e-05,0.634,0.082,23964
2579,2.61523,2.69372,8.957e-05,0.603,0.075,23931
2580,2.88790,2.69372,8.943e-05,0.620,0.084,23983
2581,2.80859,2.69372,8.929e-05,0.670,0.090,23902
2582,2.44655,2.69372,8.915e-05,0.636,0.081,23974
2583,2.49375,2.69372,8.902e-05,0.644,0.079,23949
2584,2.95532,2.69372,8.888e-05,0.596,0.074,23941
2585,2.34516,2.69372,8.874e-05,0.638,0.077,23968
2586,2.88321,2.69372,8.861e-05,0.603,0.080,23925
2587,3.14702,2.69372,8.847e-05,0.619,0.083,23945
2588,3.36041,2.69372,8.834e-05,0.664,0.087,23921
2589,2.61642,2.69372,8.820e-05,0.638,0.080,23967
2590,2.64223,2.69372,8.807e-05,0.661,0.082,23951
2591,3.02782,2.69372,8.793e-05,0.654,0.084,23928
2592,2.69759,2.69372,8.780e-05,0.635,0.091,23938
2593,2.63125,2.69372,8.767e-05,0.664,0.085,23950
2594,3.41268,2.69372,8.753e-05,0.701,0.107,23970
2595,2.99567,2.69372,8.740e-05,0.681,0.086,23929
2596,2.89768,2.69372,8.727e-05,0.614,0.080,23969
2597,3.28196,2.69372,8.713e-05,0.691,0.099,23949
2598,3.37795,2.69372,8.700e-05,0.648,0.091,23947
2599,2.62268,2.69372,8.687e-05,0.631,0.077,23803
2600,2.55513,2.69372,8.674e-05,0.623,0.088,24108
2601,2.63869,2.69372,8.661e-05,0.647,0.075,23635
2602,3.20604,2.69372,8.648e-05,0.716,0.092,23916
2603,2.96414,2.69372,8.635e-05,0.667,0.083,24260
2604,3.00036,2.69372,8.622e-05,0.622,0.082,23952
2605,3.05892,2.69372,8.609e-05,0.645,0.083,23937
2606,2.80972,2.69372,8.596e-05,0.637,0.088,23943
2607,2.70569,2.69372,8.583e-05,0.654,0.081,23964
2608,3.16080,2.69372,8.570e-05,0.672,0.087,23944
2609,3.21250,2.69372,8.557e-05,0.672,0.104,23955
2610,2.61534,2.69372,8.544e-05,0.626,0.086,23928
2611,2.51217,2.69372,8.531e-05,0.649,0.077,23982
2612,2.53645,2.69372,8.518e-05,0.644,0.081,23980
2613,2.52001,2.69372,8.506e-05,0.681,0.086,23950
2614,2.97610,2.69372,8.493e-05,0.652,0.084,23941
2615,2.96584,2.69372,8.480e-05,0.623,0.074,23926
2616,2.76946,2.69372,8.467e-05,0.640,0.078,23963
2617,2.65790,2.69372,8.455e-05,0.693,0.084,23963
2618,2.46852,2.69372,8.442e-05,0.603,0.078,23931
2619,2.88602,2.69372,8.430e-05,0.676,0.082,23934
2620,2.86165,2.69372,8.417e-05,0.679,0.090,23952
2621,2.86125,2.69372,8.405e-05,0.728,0.086,23905
2622,2.95148,2.69372,8.392e-05,0.688,0.091,23941
2623,2.48315,2.69372,8.380e-05,0.612,0.071,23951
2624,3.07280,2.69372,8.367e-05,0.663,0.089,23951
2625,3.22223,2.69372,8.355e-05,0.669,0.088,23936
2626,2.85272,2.69372,8.342e-05,0.653,0.078,23968
2627,3.03590,2.69372,8.330e-05,0.614,0.075,23949
2628,3.10930,2.69372,8.318e-05,0.634,0.084,23936
2629,3.12361,2.69372,8.306e-05,0.646,0.099,23954
2630,2.31461,2.69372,8.293e-05,0.649,0.079,23934
2631,2.90144,2.69372,8.281e-05,0.691,0.099,23942
2632,2.88242,2.69372,8.269e-05,0.660,0.083,23662
2633,2.23362,2.69372,8.257e-05,0.621,0.069,24255
2634,2.60483,2.69372,8.245e-05,0.649,0.086,23960
2635,2.64950,2.69372,8.233e-05,0.692,0.093,23959
2636,3.12337,2.69372,8.221e-05,0.675,0.090,23932
2637,2.65349,2.69372,8.209e-05,0.653,0.084,23960
2638,2.42461,2.69372,8.197e-05,0.651,0.083,23950
2639,2.35951,2.69372,8.185e-05,0.628,0.080,23962
2640,2.45092,2.69372,8.173e-05,0.637,0.072,23956
2641,2.61847,2.69372,8.161e-05,0.591,0.084,23912
2642,2.71778,2.69372,8.149e-05,0.656,0.098,23987
2643,2.94722,2.69372,8.137e-05,0.647,0.085,23934
2644,3.17979,2.69372,8.125e-05,0.630,0.086,23926
2645,2.82751,2.69372,8.114e-05,0.670,0.094,23963
2646,3.16059,2.69372,8.102e-05,0.705,0.101,23966
2647,2.98128,2.69372,8.090e-05,0.643,0.091,23952
2648,3.22782,2.69372,8.079e-05,0.652,0.089,23951
2649,2.91842,2.69372,8.067e-05,0.672,0.095,23956
2650,2.86360,2.69372,8.055e-05,0.688,0.092,23925
2651,3.00210,2.69372,8.044e-05,0.625,0.077,23954
2652,2.43646,2.69372,8.032e-05,0.629,0.072,23919
2653,2.73617,2.69372,8.021e-05,0.614,0.089,23974
2654,3.19655,2.69372,8.009e-05,0.678,0.099,23953
2655,2.84595,2.69372,7.998e-05,0.643,0.091,23966
2656,2.69490,2.69372,7.986e-05,0.616,0.074,23965
2657,2.91321,2.69372,7.975e-05,0.666,0.085,23938
2658,3.19154,2.69372,7.964e-05,0.622,0.084,23944
2659,3.31246,2.69372,7.952e-05,0.719,0.099,23931
2660,2.55567,2.69372,7.941e-05,0.582,0.071,23937
2661,3.50351,2.69372,7.930e-05,0.682,0.093,23940
2662,2.33749,2.69372,7.918e-05,0.709,0.094,23963
2663,2.63485,2.69372,7.907e-05,0.765,0.110,23922
2664,2.27884,2.69372,7.896e-05,0.607,0.077,23981
2665,3.47378,2.69372,7.885e-05,0.717,0.101,23946
2666,2.71624,2.69372,7.874e-05,0.653,0.081,23937
2667,3.31976,2.69372,7.863e-05,0.599,0.080,23946
2668,3.12711,2.69372,7.852e-05,0.633,0.084,23930
2669,2.88730,2.69372,7.841e-05,0.675,0.089,24006
2670,2.67997,2.69372,7.830e-05,0.643,0.078,23941
2671,2.67707,2.69372,7.819e-05,0.626,0.078,23658
2672,2.77008,2.69372,7.808e-05,0.666,0.093,24260
2673,2.62167,2.69372,7.797e-05,0.619,0.075,23928
2674,2.97852,2.69372,7.786e-05,0.659,0.079,23931
2675,2.69848,2.69372,7.775e-05,0.632,0.074,23947
2676,2.95206,2.69372,7.764e-05,0.682,0.096,23937
2677,3.47084,2.69372,7.754e-05,0.649,0.088,23923
2678,3.20242,2.69372,7.743e-05,0.668,0.097,23664
2679,2.96867,2.69372,7.732e-05,0.686,0.083,24153
2680,2.90776,2.69372,7.722e-05,0.681,0.093,23980
2681,3.00199,2.69372,7.711e-05,0.710,0.098,23583
2682,2.61549,2.69372,7.700e-05,0.718,0.104,24257
2683,2.99428,2.69372,7.690e-05,0.623,0.085,23924
2684,2.84720,2.69372,7.679e-05,0.664,0.083,23903
2685,2.93269,2.69372,7.669e-05,0.687,0.090,23937
2686,2.70601,2.69372,7.658e-05,0.659,0.084,23956
2687,3.00155,2.69372,7.648e-05,0.615,0.092,23925
2688,2.47450,2.69372,7.638e-05,0.654,0.092,23924
2689,2.69296,2.69372,7.627e-05,0.675,0.092,23927
2690,2.90866,2.69372,7.617e-05,0.695,0.095,23964
2691,2.80595,2.69372,7.606e-05,0.695,0.091,23929
2692,2.61983,2.69372,7.596e-05,0.638,0.080,23938
2693,2.30226,2.69372,7.586e-05,0.680,0.081,23739
2694,2.78793,2.69372,7.576e-05,0.681,0.088,24066
2695,3.03436,2.69372,7.566e-05,0.645,0.090,23996
2696,2.83408,2.69372,7.555e-05,0.646,0.086,23942
2697,2.88310,2.69372,7.545e-05,0.669,0.089,23931
2698,2.56375,2.69372,7.535e-05,0.612,0.083,23947
2699,3.00900,2.69372,7.525e-05,0.643,0.084,23964
2700,2.67016,2.69372,7.515e-05,0.645,0.091,23909
2701,2.97759,2.69372,7.505e-05,0.615,0.091,23914
2702,2.78529,2.69372,7.495e-05,0.704,0.092,23936
2703,2.42021,2.69372,7.485e-05,0.702,0.089,23969
2704,2.78575,2.69372,7.475e-05,0.621,0.081,23919
2705,2.82474,2.69372,7.466e-05,0.657,0.092,23949
2706,2.45441,2.69372,7.456e-05,0.633,0.084,23909
2707,2.87231,2.69372,7.446e-05,0.649,0.085,23958
2708,2.14347,2.69372,7.436e-05,0.602,0.075,23922
2709,3.13825,2.69372,7.426e-05,0.590,0.090,23934
2710,2.87451,2.69372,7.417e-05,0.670,0.103,23893
2711,2.95045,2.69372,7.407e-05,0.637,0.082,23974
2712,2.96598,2.69372,7.397e-05,0.686,0.093,23905
2713,2.56679,2.69372,7.388e-05,0.617,0.078,23963
2714,2.58664,2.69372,7.378e-05,0.657,0.095,23967
2715,2.84339,2.69372,7.369e-05,0.653,0.094,23931
2716,3.03411,2.69372,7.359e-05,0.606,0.075,23949
2717,3.40678,2.69372,7.350e-05,0.642,0.088,23952
2718,2.50858,2.69372,7.340e-05,0.605,0.076,23913
2719,3.03492,2.69372,7.331e-05,0.701,0.111,23932
2720,2.91195,2.69372,7.321e-05,0.642,0.086,23935
2721,3.31744,2.69372,7.312e-05,0.626,0.089,23905
2722,2.74511,2.69372,7.303e-05,0.696,0.096,23959
2723,2.57229,2.69372,7.294e-05,0.656,0.081,23775
2724,2.38441,2.69372,7.284e-05,0.625,0.088,24097
2725,2.56066,2.69372,7.275e-05,0.664,0.089,23940
2726,3.13260,2.69372,7.266e-05,0.652,0.093,23941
2727,2.71581,2.69372,7.257e-05,0.669,0.106,23928
2728,2.61248,2.69372,7.248e-05,0.635,0.078,23927
2729,3.29901,2.69372,7.239e-05,0.710,0.094,23929
2730,3.03037,2.69372,7.229e-05,0.655,0.089,23941
2731,2.74452,2.69372,7.220e-05,0.690,0.095,23930
2732,2.79096,2.69372,7.211e-05,0.637,0.079,23932
2733,2.89558,2.69372,7.203e-05,0.682,0.088,23947
2734,3.15228,2.69372,7.194e-05,0.623,0.089,23921
2735,2.89444,2.69372,7.185e-05,0.672,0.087,23964
2736,2.52003,2.69372,7.176e-05,0.660,0.078,23937
2737,3.16859,2.69372,7.167e-05,0.651,0.094,23971
2738,2.88390,2.69372,7.158e-05,0.626,0.082,23939
2739,3.06395,2.69372,7.149e-05,0.647,0.090,23633
2740,3.04799,2.69372,7.141e-05,0.658,0.086,24222
2741,3.27088,2.69372,7.132e-05,0.690,0.087,23624
2742,2.57107,2.69372,7.123e-05,0.626,0.076,24254
2743,2.76760,2.69372,7.115e-05,0.688,0.089,23961
2744,2.91608,2.69372,7.106e-05,0.623,0.078,23924
2745,2.59032,2.69372,7.098e-05,0.617,0.072,23947
2746,2.30612,2.69372,7.089e-05,0.621,0.078,23928
2747,3.13271,2.69372,7.081e-05,0.693,0.087,23934
2748,2.72730,2.69372,7.072e-05,0.622,0.078,23961
2749,2.79612,2.69372,7.064e-05,0.694,0.101,23948
2750,2.37439,2.67156,7.055e-05,0.638,0.071,6828
2751,3.06332,2.67156,7.047e-05,0.672,0.089,24228
2752,2.88216,2.67156,7.039e-05,0.653,0.086,23916
2753,2.68540,2.67156,7.030e-05,0.670,0.096,23961
2754,2.84537,2.67156,7.022e-05,0.668,0.081,23924
2755,2.75163,2.67156,7.014e-05,0.652,0.081,23965
2756,2.52304,2.67156,7.006e-05,0.625,0.075,23950
2757,2.65561,2.67156,6.997e-05,0.647,0.079,23938
2758,3.09517,2.67156,6.989e-05,0.713,0.090,23942
2759,2.78809,2.67156,6.981e-05,0.644,0.074,23940
2760,2.72963,2.67156,6.973e-05,0.615,0.074,23939
2761,3.11535,2.67156,6.965e-05,0.646,0.084,23933
2762,2.55315,2.67156,6.957e-05,0.672,0.087,23955
2763,3.02842,2.67156,6.949e-05,0.709,0.094,23913
2764,3.36380,2.67156,6.941e-05,0.642,0.083,23956
2765,2.86161,2.67156,6.933e-05,0.651,0.083,23943
2766,3.35198,2.67156,6.925e-05,0.736,0.094,23969
2767,2.59889,2.67156,6.917e-05,0.633,0.079,23945
2768,2.38021,2.67156,6.910e-05,0.668,0.082,23931
2769,2.80335,2.67156,6.902e-05,0.640,0.078,23965
2770,2.93127,2.67156,6.894e-05,0.707,0.083,23961
2771,2.58094,2.67156,6.886e-05,0.607,0.085,23964
2772,3.03226,2.67156,6.879e-05,0.719,0.102,23914
2773,3.05927,2.67156,6.871e-05,0.660,0.078,23930
2774,2.98022,2.67156,6.863e-05,0.690,0.087,23932
2775,2.59471,2.67156,6.856e-05,0.654,0.075,23946
2776,3.05244,2.67156,6.848e-05,0.673,0.085,23915
2777,2.68971,2.67156,6.841e-05,0.676,0.084,23959
2778,3.09150,2.67156,6.833e-05,0.673,0.095,23931
2779,2.50687,2.67156,6.826e-05,0.656,0.084,23947
2780,2.28248,2.67156,6.818e-05,0.608,0.079,23931
2781,3.11554,2.67156,6.811e-05,0.667,0.085,23774
2782,3.01069,2.67156,6.804e-05,0.655,0.083,24079
2783,3.19751,2.67156,6.796e-05,0.670,0.096,23940
2784,2.66346,2.67156,6.789e-05,0.645,0.082,23936
2785,3.03990,2.67156,6.782e-05,0.702,0.092,23926
2786,3.20938,2.67156,6.775e-05,0.647,0.086,23905
2787,3.15877,2.67156,6.767e-05,0.686,0.091,23952
2788,2.90155,2.67156,6.760e-05,0.686,0.091,23937
2789,3.01430,2.67156,6.753e-05,0.635,0.085,23942
2790,3.18268,2.67156,6.746e-05,0.666,0.089,23972
2791,3.22805,2.67156,6.739e-05,0.643,0.096,23922
2792,2.62314,2.67156,6.732e-05,0.699,0.113,23945
2793,2.83789,2.67156,6.725e-05,0.678,0.085,23938
2794,2.49840,2.67156,6.718e-05,0.646,0.079,23963
2795,2.26641,2.67156,6.711e-05,0.690,0.097,23922
2796,2.82337,2.67156,6.704e-05,0.693,0.092,23955
2797,2.64704,2.67156,6.697e-05,0.601,0.080,23973
2798,3.03678,2.67156,6.690e-05,0.755,0.100,23941
2799,2.86014,2.67156,6.684e-05,0.669,0.085,23632
2800,3.27791,2.67156,6.677e-05,0.663,0.093,24254
2801,2.36401,2.67156,6.670e-05,0.636,0.081,23940
2802,2.52802,2.67156,6.664e-05,0.634,0.076,23915
2803,2.67592,2.67156,6.657e-05,0.643,0.079,23943
2804,2.59295,2.67156,6.650e-05,0.644,0.074,23940
2805,3.14777,2.67156,6.644e-05,0.667,0.087,23945
2806,2.90727,2.67156,6.637e-05,0.633,0.082,23959
2807,3.04512,2.67156,6.631e-05,0.623,0.079,23935
2808,2.92331,2.67156,6.624e-05,0.675,0.090,23946
2809,2.30159,2.67156,6.618e-05,0.626,0.070,23945
2810,2.58780,2.67156,6.611e-05,0.638,0.075,23949
2811,2.42129,2.67156,6.605e-05,0.620,0.082,23941
2812,3.01917,2.67156,6.598e-05,0.663,0.085,23975
2813,2.77181,2.67156,6.592e-05,0.692,0.089,23916
2814,3.35457,2.67156,6.586e-05,0.659,0.084,23951
2815,3.56428,2.67156,6.580e-05,0.640,0.086,23960
2816,2.27434,2.67156,6.573e-05,0.641,0.075,23957
2817,2.30364,2.67156,6.567e-05,0.625,0.069,23969
2818,2.67727,2.67156,6.561e-05,0.640,0.081,23927
2819,2.46402,2.67156,6.555e-05,0.654,0.076,23942
2820,2.92777,2.67156,6.549e-05,0.690,0.080,23936
2821,2.48028,2.67156,6.543e-05,0.633,0.072,23921
2822,2.55399,2.67156,6.537e-05,0.664,0.080,23949
2823,3.11721,2.67156,6.531e-05,0.698,0.085,23953
2824,2.92106,2.67156,6.525e-05,0.679,0.088,23646
2825,2.29417,2.67156,6.519e-05,0.631,0.075,24251
2826,2.50261,2.67156,6.513e-05,0.686,0.077,23965
2827,2.65461,2.67156,6.507e-05,0.697,0.080,23933
2828,2.89264,2.67156,6.501e-05,0.698,0.094,23963
2829,2.95925,2.67156,6.495e-05,0.662,0.089,23930
2830,2.88703,2.67156,6.490e-05,0.638,0.078,23965
2831,3.21224,2.67156,6.484e-05,0.617,0.079,23960
2832,2.87313,2.67156,6.478e-05,0.626,0.082,23951
2833,2.71432,2.67156,6.473e-05,0.672,0.090,23961
2834,2.49371,2.67156,6.467e-05,0.663,0.083,23958
2835,2.80027,2.67156,6.461e-05,0.619,0.083,23951
2836,2.88912,2.67156,6.456e-05,0.600,0.084,23944
2837,2.79761,2.67156,6.450e-05,0.713,0.092,23944
2838,2.66538,2.67156,6.445e-05,0.597,0.073,23931
2839,3.10513,2.67156,6.439e-05,0.668,0.089,23942
2840,2.53468,2.67156,6.434e-05,0.648,0.080,23976
2841,2.70329,2.67156,6.429e-05,0.675,0.092,23888
2842,2.55141,2.67156,6.423e-05,0.619,0.083,23949
2843,3.36684,2.67156,6.418e-05,0.655,0.086,23924
2844,2.87581,2.67156,6.413e-05,0.664,0.084,23983
2845,2.30464,2.67156,6.407e-05,0.678,0.086,23952
2846,2.60319,2.67156,6.402e-05,0.612,0.070,23973
2847,2.60577,2.67156,6.397e-05,0.627,0.075,23936
2848,2.73343,2.67156,6.392e-05,0.672,0.095,23951
2849,3.06815,2.67156,6.387e-05,0.641,0.081,23971
2850,2.92179,2.67156,6.381e-05,0.629,0.082,23941
2851,2.45640,2.67156,6.376e-05,0.620,0.075,23918
2852,2.84753,2.67156,6.371e-05,0.652,0.083,23923
2853,2.96588,2.67156,6.366e-05,0.645,0.088,23967
2854,2.99149,2.67156,6.361e-05,0.652,0.079,23950
2855,2.91116,2.67156,6.357e-05,0.679,0.089,23938
2856,2.52679,2.67156,6.352e-05,0.680,0.086,23983
2857,3.14448,2.67156,6.347e-05,0.671,0.090,23917
2858,2.77929,2.67156,6.342e-05,0.635,0.082,23929
2859,2.96800,2.67156,6.337e-05,0.676,0.084,23938
2860,2.42227,2.67156,6.332e-05,0.637,0.084,23969
2861,2.96605,2.67156,6.328e-05,0.693,0.087,23934
2862,2.90025,2.67156,6.323e-05,0.725,0.093,23918
2863,2.90373,2.67156,6.318e-05,0.659,0.080,23941
2864,2.76361,2.67156,6.314e-05,0.642,0.081,23951
2865,3.22799,2.67156,6.309e-05,0.639,0.103,23962
2866,2.92975,2.67156,6.305e-05,0.658,0.093,23955
2867,3.00687,2.67156,6.300e-05,0.651,0.083,23953
2868,2.70589,2.67156,6.296e-05,0.647,0.088,23952
2869,2.42730,2.67156,6.291e-05,0.648,0.081,23964
2870,2.46639,2.67156,6.287e-05,0.698,0.094,23915
2871,3.01945,2.67156,6.282e-05,0.658,0.093,23960
2872,2.52281,2.67156,6.278e-05,0.627,0.083,23966
2873,2.61812,2.67156,6.274e-05,0.642,0.084,23939
2874,3.21343,2.67156,6.269e-05,0.657,0.094,23953
2875,2.93087,2.67156,6.265e-05,0.702,0.100,23929
2876,2.59976,2.67156,6.261e-05,0.650,0.086,23954
2877,3.14421,2.67156,6.257e-05,0.651,0.094,23945
2878,3.59540,2.67156,6.253e-05,0.711,0.110,23950
2879,2.84673,2.67156,6.248e-05,0.649,0.086,23943
2880,3.04297,2.67156,6.244e-05,0.651,0.091,23982
2881,2.54376,2.67156,6.240e-05,0.664,0.087,23925
2882,3.05552,2.67156,6.236e-05,0.629,0.091,23922
2883,3.01172,2.67156,6.232e-05,0.639,0.082,23969
2884,2.62860,2.67156,6.228e-05,0.682,0.092,23928
2885,2.72332,2.67156,6.224e-05,0.650,0.084,23947
2886,3.30754,2.67156,6.221e-05,0.704,0.086,23962
2887,3.12133,2.67156,6.217e-05,0.692,0.086,23948
2888,3.00898,2.67156,6.213e-05,0.652,0.084,23929
2889,2.69026,2.67156,6.209e-05,0.659,0.078,23937
2890,2.37254,2.67156,6.205e-05,0.738,0.090,23989
2891,3.23146,2.67156,6.202e-05,0.652,0.086,23918
2892,3.50191,2.67156,6.198e-05,0.656,0.082,23945
2893,2.93332,2.67156,6.194e-05,0.659,0.082,23942
2894,3.08369,2.67156,6.191e-05,0.660,0.086,23975
2895,3.17252,2.67156,6.187e-05,0.665,0.090,23931
2896,2.94056,2.67156,6.184e-05,0.620,0.076,23971
2897,2.76848,2.67156,6.180e-05,0.643,0.080,23971
2898,2.84224,2.67156,6.177e-05,0.658,0.077,23945
2899,2.53835,2.67156,6.173e-05,0.636,0.077,23941
2900,2.77082,2.67156,6.170e-05,0.651,0.085,23932
2901,2.40829,2.67156,6.166e-05,0.634,0.068,23972
2902,3.14882,2.67156,6.163e-05,0.644,0.080,23973
2903,2.68325,2.67156,6.160e-05,0.655,0.085,23958
2904,3.25060,2.67156,6.156e-05,0.745,0.102,23975
2905,2.46293,2.67156,6.153e-05,0.652,0.079,23943
2906,2.48814,2.67156,6.150e-05,0.605,0.070,23959
2907,2.89552,2.67156,6.147e-05,0.615,0.082,23960
2908,2.00465,2.67156,6.144e-05,0.689,0.074,23950
2909,3.26345,2.67156,6.141e-05,0.667,0.087,23950
2910,2.67693,2.67156,6.138e-05,0.664,0.081,23928
2911,3.07327,2.67156,6.135e-05,0.693,0.090,23973
2912,2.63955,2.67156,6.132e-05,0.646,0.089,23949
2913,2.67841,2.67156,6.129e-05,0.644,0.090,23955
2914,2.63531,2.67156,6.126e-05,0.645,0.076,23937
2915,2.82006,2.67156,6.123e-05,0.662,0.090,23948
2916,3.83910,2.67156,6.120e-05,0.739,0.103,23966
2917,2.87789,2.67156,6.117e-05,0.593,0.074,23916
2918,2.90784,2.67156,6.114e-05,0.626,0.082,23984
2919,2.49935,2.67156,6.111e-05,0.658,0.089,23924
2920,3.08803,2.67156,6.109e-05,0.643,0.083,23945
2921,2.89321,2.67156,6.106e-05,0.636,0.081,23918
2922,2.74168,2.67156,6.103e-05,0.687,0.093,23984
2923,3.30482,2.67156,6.101e-05,0.678,0.089,23944
2924,2.23407,2.67156,6.098e-05,0.598,0.072,23961
2925,2.64866,2.67156,6.096e-05,0.673,0.084,23952
2926,2.60655,2.67156,6.093e-05,0.643,0.087,23936
2927,2.60477,2.67156,6.091e-05,0.620,0.076,23961
2928,2.88886,2.67156,6.088e-05,0.676,0.093,23937
2929,2.48687,2.67156,6.086e-05,0.668,0.079,23971
2930,2.93606,2.67156,6.083e-05,0.678,0.089,23948
2931,2.84734,2.67156,6.081e-05,0.688,0.084,23927
2932,3.25011,2.67156,6.079e-05,0.642,0.086,23960
2933,2.60392,2.67156,6.076e-05,0.659,0.082,23936
2934,2.96055,2.67156,6.074e-05,0.646,0.088,23954
2935,2.79111,2.67156,6.072e-05,0.674,0.077,23952
2936,2.31016,2.67156,6.070e-05,0.656,0.077,23966
2937,2.98123,2.67156,6.067e-05,0.658,0.083,23932
2938,3.32283,2.67156,6.065e-05,0.688,0.086,23961
2939,3.02323,2.67156,6.063e-05,0.638,0.080,23910
2940,2.67113,2.67156,6.061e-05,0.657,0.084,23925
2941,2.68925,2.67156,6.059e-05,0.648,0.079,23921
2942,2.89413,2.67156,6.057e-05,0.685,0.101,23927
2943,2.68578,2.67156,6.055e-05,0.676,0.089,23949
2944,2.74260,2.67156,6.053e-05,0.673,0.085,23922
2945,2.98865,2.67156,6.051e-05,0.637,0.082,23653
2946,2.35934,2.67156,6.050e-05,0.682,0.086,24217
2947,2.46196,2.67156,6.048e-05,0.643,0.076,23926
2948,3.10751,2.67156,6.046e-05,0.659,0.084,23924
2949,2.59800,2.67156,6.044e-05,0.644,0.084,23908
2950,2.70274,2.67156,6.042e-05,0.687,0.088,23928
2951,2.60430,2.67156,6.041e-05,0.648,0.091,23969
2952,2.92961,2.67156,6.039e-05,0.646,0.088,23900
2953,2.58376,2.67156,6.038e-05,0.640,0.089,23951
2954,2.79971,2.67156,6.036e-05,0.649,0.080,23930
2955,3.16884,2.67156,6.034e-05,0.644,0.083,23944
2956,2.60817,2.67156,6.033e-05,0.654,0.105,23930
2957,2.86665,2.67156,6.031e-05,0.671,0.084,23924
2958,3.48972,2.67156,6.030e-05,0.690,0.093,23923
2959,2.93269,2.67156,6.029e-05,0.605,0.074,23639
2960,2.98239,2.67156,6.027e-05,0.652,0.083,24186
2961,2.92594,2.67156,6.026e-05,0.685,0.084,23935
2962,3.02223,2.67156,6.025e-05,0.696,0.092,23926
2963,2.60789,2.67156,6.023e-05,0.672,0.084,23954
2964,3.16088,2.67156,6.022e-05,0.683,0.090,23922
2965,3.19309,2.67156,6.021e-05,0.672,0.087,23959
2966,2.85535,2.67156,6.020e-05,0.627,0.083,23908
2967,2.94254,2.67156,6.019e-05,0.656,0.084,23945
2968,2.40623,2.67156,6.017e-05,0.684,0.082,23923
2969,2.94595,2.67156,6.016e-05,0.666,0.084,23721
2970,2.80683,2.67156,6.015e-05,0.665,0.091,24113
2971,3.35472,2.67156,6.014e-05,0.646,0.083,23920
2972,2.69233,2.67156,6.013e-05,0.694,0.094,23937
2973,3.18726,2.67156,6.012e-05,0.653,0.081,23954
2974,2.82665,2.67156,6.011e-05,0.654,0.075,23966
2975,3.06424,2.67156,6.011e-05,0.667,0.087,23957
2976,2.92871,2.67156,6.010e-05,0.646,0.081,23977
2977,2.41078,2.67156,6.009e-05,0.619,0.078,23937
2978,2.66742,2.67156,6.008e-05,0.767,0.102,23951
2979,2.36151,2.67156,6.007e-05,0.636,0.084,23912
2980,2.88304,2.67156,6.007e-05,0.707,0.097,23925
2981,2.65753,2.67156,6.006e-05,0.704,0.087,23378
2982,2.59735,2.67156,6.006e-05,0.659,0.091,23585
2983,2.49836,2.67156,6.005e-05,0.657,0.078,23843
2984,3.29342,2.67156,6.004e-05,0.721,0.101,23707
2985,2.54267,2.67156,6.004e-05,0.643,0.071,23712
2986,3.09407,2.67156,6.003e-05,0.643,0.083,23972
2987,2.76258,2.67156,6.003e-05,0.656,0.090,23920
2988,2.00138,2.67156,6.002e-05,0.680,0.084,23980
2989,2.67873,2.67156,6.002e-05,0.666,0.080,23655
2990,2.68480,2.67156,6.002e-05,0.659,0.079,24252
2991,2.91897,2.67156,6.001e-05,0.670,0.093,23983
2992,2.44131,2.67156,6.001e-05,0.741,0.095,23653
2993,2.45351,2.67156,6.001e-05,0.637,0.074,24277
2994,2.62532,2.67156,6.001e-05,0.651,0.086,23942
2995,2.34860,2.67156,6.000e-05,0.674,0.081,23941
2996,2.98871,2.67156,6.000e-05,0.660,0.096,23958
2997,2.42831,2.67156,6.000e-05,0.618,0.069,23965
2998,2.63408,2.67156,6.000e-05,0.642,0.082,23969
2999,2.94033,2.65679,6.000e-05,0.641,0.086,6819
