step,loss,val_loss,lr,grad_norm,proj_grad_norm,tokens_per_s
0,12.02638,12.02101,3.000e-06,1.932,1.455,6369
1,12.02384,12.02101,6.000e-06,2.196,1.656,23773
2,12.01172,12.02101,9.000e-06,2.260,1.711,23809
3,12.00469,12.02101,1.200e-05,1.852,1.396,23664
4,11.98441,12.02101,1.500e-05,1.950,1.471,23653
5,11.96002,12.02101,1.800e-05,1.751,1.316,23597
6,11.93996,12.02101,2.100e-05,1.678,1.256,23569
7,11.91017,12.02101,2.400e-05,1.885,1.414,23689
8,11.86037,12.02101,2.700e-05,2.161,1.615,23572
9,11.83469,12.02101,3.000e-05,1.920,1.423,23593
10,11.77658,12.02101,3.300e-05,2.000,1.467,23609
11,11.75410,12.02101,3.600e-05,1.809,1.302,23557
12,11.64565,12.02101,3.900e-05,2.251,1.592,23652
13,11.61126,12.02101,4.200e-05,1.997,1.375,23587
14,11.54085,12.02101,4.500e-05,2.032,1.357,23523
15,11.53647,12.02101,4.800e-05,1.791,1.157,23669
16,11.42963,12.02101,5.100e-05,1.917,1.172,23558
17,11.33073,12.02101,5.400e-05,2.025,1.161,23318
18,11.31907,12.02101,5.700e-05,1.793,0.958,23856
19,11.21213,12.02101,6.000e-05,1.930,0.941,23545
20,11.05783,12.02101,6.300e-05,2.172,0.956,23633
21,11.22232,12.02101,6.600e-05,1.579,0.669,23486
22,10.99739,12.02101,6.900e-05,1.992,0.721,23509
23,11.00763,12.02101,7.200e-05,1.844,0.612,23525
24,10.96031,12.02101,7.500e-05,1.838,0.556,23488
25,10.90367,12.02101,7.800e-05,1.854,0.514,23572
26,10.70343,12.02101,8.100e-05,2.182,0.536,23161
27,10.63511,12.02101,8.400e-05,2.214,0.507,23808
28,10.59306,12.02101,8.700e-05,2.187,0.461,23525
29,10.57471,12.02101,9.000e-05,2.133,0.425,23431
30,10.59428,12.02101,9.300e-05,1.987,0.390,23571
31,10.56493,12.02101,9.600e-05,1.938,0.374,23492
32,10.53170,12.02101,9.900e-05,1.922,0.355,23501
33,10.47077,12.02101,1.020e-04,1.935,0.347,23527
34,10.36832,12.02101,1.050e-04,2.003,0.353,23173
35,10.24466,12.02101,1.080e-04,2.109,0.331,23893
36,10.12638,12.02101,1.110e-04,2.210,0.344,23501
37,9.98092,12.02101,1.140e-04,2.363,0.355,23467
38,10.04362,12.02101,1.170e-04,2.100,0.298,23564
39,9.83740,12.02101,1.200e-04,2.321,0.333,23460
40,9.95625,12.02101,1.230e-04,1.969,0.267,23544
41,9.72700,12.02101,1.260e-04,2.241,0.301,23450
42,9.64950,12.02101,1.290e-04,2.241,0.296,23457
43,9.72424,12.02101,1.320e-04,1.983,0.286,23589
44,9.61739,12.02101,1.350e-04,2.020,0.300,23183
45,9.52029,12.02101,1.380e-04,2.058,0.311,23818
46,9.38482,12.02101,1.410e-04,2.126,0.311,23499
47,9.16679,12.02101,1.440e-04,2.292,0.301,23470
48,9.24056,12.02101,1.470e-04,2.050,0.253,23562
49,8.99787,12.02101,1.500e-04,2.272,0.275,23478
50,9.19591,12.02101,1.530e-04,1.905,0.214,23550
51,9.09716,12.02101,1.560e-04,1.910,0.210,23518
52,8.94249,12.02101,1.590e-04,2.002,0.200,23435
53,8.53722,12.02101,1.620e-04,2.419,0.246,23586
54,8.65238,12.02101,1.650e-04,2.132,0.227,23439
55,8.49427,12.02101,1.680e-04,2.197,0.238,23567
56,8.26456,12.02101,1.710e-04,2.372,0.224,23516
57,8.18381,12.02101,1.740e-04,2.310,0.240,23501
58,8.04274,12.02101,1.770e-04,2.405,0.281,23554
59,7.94858,12.02101,1.800e-04,2.370,0.234,23357
60,8.07259,12.02101,1.830e-04,2.088,0.232,23641
61,8.05808,12.02101,1.860e-04,1.987,0.182,23521
62,8.01837,12.02101,1.890e-04,1.905,0.156,23450
63,7.95531,12.02101,1.920e-04,1.886,0.167,23590
64,7.71098,12.02101,1.950e-04,1.989,0.161,23443
65,7.54542,12.02101,1.980e-04,2.038,0.171,23480
66,7.44415,12.02101,2.010e-04,1.982,0.188,23525
67,7.47508,12.02101,2.040e-04,1.847,0.184,23500
68,7.18666,12.02101,2.070e-04,2.009,0.195,23368
69,7.42086,12.02101,2.100e-04,1.723,0.144,23668
70,6.81445,12.02101,2.130e-04,2.128,0.194,23460
71,7.06575,12.02101,2.160e-04,1.764,0.222,23568
72,6.56648,12.02101,2.190e-04,2.046,0.205,23449
73,6.65155,12.02101,2.220e-04,1.866,0.216,23545
74,6.34506,12.02101,2.250e-04,1.951,0.180,23475
75,6.58069,12.02101,2.280e-04,1.685,0.236,23477
76,6.28727,12.02101,2.310e-04,1.800,0.243,23549
77,6.44086,12.02101,2.340e-04,1.595,0.273,23464
78,6.30822,12.02101,2.370e-04,1.591,0.181,23546
79,5.78149,12.02101,2.400e-04,1.790,0.378,23459
80,6.16157,12.02101,2.430e-04,1.451,0.172,23461
81,6.21471,12.02101,2.460e-04,1.339,0.200,23555
82,5.39773,12.02101,2.490e-04,1.734,0.434,23492
83,6.10110,12.02101,2.520e-04,1.269,0.410,23534
84,5.68389,12.02101,2.550e-04,1.358,0.327,23496
85,5.87312,12.02101,2.580e-04,1.193,0.265,23456
86,5.24485,12.02101,2.610e-04,1.470,0.680,23578
87,5.46945,12.02101,2.640e-04,1.317,0.644,23444
88,5.01862,12.02101,2.670e-04,1.387,0.597,23534
89,5.15181,12.02101,2.700e-04,1.107,0.270,23530
90,4.91141,12.02101,2.730e-04,1.156,0.395,23433
91,5.59292,12.02101,2.760e-04,0.911,0.332,23519
92,5.17142,12.02101,2.790e-04,0.887,0.270,23466
93,4.97538,12.02101,2.820e-04,1.266,0.848,23539
94,5.14870,12.02101,2.850e-04,1.120,0.839,23481
95,5.22427,12.02101,2.880e-04,0.779,0.389,23418
96,5.22463,12.02101,2.910e-04,0.964,0.654,23530
97,4.91973,12.02101,2.940e-04,0.734,0.315,23425
98,5.13808,12.02101,2.970e-04,0.900,0.518,23437
99,4.87320,12.02101,3.000e-04,0.876,0.610,23491
100,5.07472,12.02101,3.030e-04,0.817,0.558,23477
101,5.09105,12.02101,3.060e-04,0.849,0.607,23506
102,4.39427,12.02101,3.090e-04,0.928,0.679,23467
103,4.68799,12.02101,3.120e-04,0.636,0.419,23490
104,4.66182,12.02101,3.150e-04,0.880,0.701,23500
105,4.69733,12.02101,3.180e-04,0.656,0.446,23453
106,4.80172,12.02101,3.210e-04,0.578,0.357,23539
107,5.06001,12.02101,3.240e-04,0.620,0.461,23447
108,4.33016,12.02101,3.270e-04,0.669,0.478,23440
109,4.26742,12.02101,3.300e-04,0.506,0.283,23528
110,4.44836,12.02101,3.330e-04,0.567,0.383,23415
111,4.69482,12.02101,3.360e-04,0.569,0.422,23203
112,4.91258,12.02101,3.390e-04,0.533,0.347,23628
113,4.77631,12.02101,3.420e-04,0.424,0.233,23545
114,4.81529,12.02101,3.450e-04,0.432,0.272,23515
115,3.87414,12.02101,3.480e-04,0.558,0.358,23391
116,4.83128,12.02101,3.510e-04,0.388,0.232,23608
117,5.49271,12.02101,3.540e-04,0.609,0.384,23436
118,4.54922,12.02101,3.570e-04,0.784,0.582,23494
119,5.13471,12.02101,3.600e-04,0.456,0.278,23556
120,5.00741,12.02101,3.630e-04,1.210,0.912,23163
121,4.08888,12.02101,3.660e-04,0.454,0.324,23798
122,4.85185,12.02101,3.690e-04,0.887,0.644,23453
123,4.27718,12.02101,3.720e-04,0.555,0.386,23428
124,4.60073,12.02101,3.750e-04,0.719,0.497,23549
125,4.44070,12.02101,3.780e-04,0.687,0.521,23440
126,4.86338,12.02101,3.810e-04,0.399,0.257,23497
127,4.57012,12.02101,3.840e-04,0.498,0.339,23481
128,3.67671,12.02101,3.870e-04,0.510,0.321,23433
129,4.78180,12.02101,3.900e-04,0.485,0.366,23599
130,3.92198,12.02101,3.930e-04,0.502,0.375,23422
131,3.71499,12.02101,3.960e-04,0.598,0.485,23476
132,4.68933,12.02101,3.990e-04,0.485,0.373,23492
133,4.51491,12.02101,4.020e-04,0.400,0.269,23423
134,4.28457,12.02101,4.050e-04,0.573,0.467,23564
135,4.44508,12.02101,4.080e-04,0.438,0.324,23412
136,4.11443,12.02101,4.110e-04,0.506,0.381,23490
137,4.55222,12.02101,4.140e-04,0.439,0.288,23480
138,4.13583,12.02101,4.170e-04,0.368,0.242,23444
139,4.13516,12.02101,4.200e-04,0.353,0.243,23541
140,4.51647,12.02101,4.230e-04,0.349,0.245,23440
141,4.43478,12.02101,4.260e-04,0.360,0.240,23461
142,4.18449,12.02101,4.290e-04,0.365,0.245,23474
143,4.56518,12.02101,4.320e-04,0.434,0.320,23444
144,4.48187,12.02101,4.350e-04,0.357,0.251,23523
145,4.61525,12.02101,4.380e-04,0.366,0.236,23466
146,4.30410,12.02101,4.410e-04,0.548,0.425,23494
147,4.82005,12.02101,4.440e-04,0.451,0.326,23485
148,4.00124,12.02101,4.470e-04,0.620,0.485,23152
149,4.31267,12.02101,4.500e-04,0.654,0.503,23802
150,4.25307,12.02101,4.530e-04,0.601,0.467,23464
151,4.17765,12.02101,4.560e-04,0.654,0.503,23491
152,4.53094,12.02101,4.590e-04,0.433,0.356,23456
153,4.33510,12.02101,4.620e-04,0.708,0.528,23494
154,4.45578,12.02101,4.650e-04,0.572,0.394,23542
155,3.79751,12.02101,4.680e-04,0.484,0.363,23447
156,4.24604,12.02101,4.710e-04,0.625,0.447,23436
157,4.38129,12.02101,4.740e-04,0.585,0.442,23554
158,4.32072,12.02101,4.770e-04,0.605,0.472,23453
159,4.60005,12.02101,4.800e-04,0.616,0.469,23548
160,4.64529,12.02101,4.830e-04,0.372,0.267,23107
161,4.01591,12.02101,4.860e-04,0.538,0.388,23743
162,4.24120,12.02101,4.890e-04,0.586,0.436,23513
163,4.11956,12.02101,4.920e-04,0.425,0.300,23478
164,4.16275,12.02101,4.950e-04,0.555,0.442,23529
165,4.59762,12.02101,4.980e-04,0.630,0.496,23434
166,4.31119,12.02101,5.010e-04,0.414,0.297,23442
167,4.30604,12.02101,5.040e-04,0.432,0.355,23519
168,4.03073,12.02101,5.070e-04,0.519,0.370,23423
169,3.72624,12.02101,5.100e-04,0.485,0.366,23520
170,4.16924,12.02101,5.130e-04,0.419,0.311,23484
171,4.21036,12.02101,5.160e-04,0.517,0.394,23470
172,4.14956,12.02101,5.190e-04,0.415,0.313,23527
173,4.64683,12.02101,5.220e-04,0.407,0.318,23421
174,3.94871,12.02101,5.250e-04,0.503,0.399,23513
175,4.20583,12.02101,5.280e-04,0.383,0.276,23476
176,4.36171,12.02101,5.310e-04,0.372,0.286,23418
177,3.89179,12.02101,5.340e-04,0.386,0.266,23518
178,4.22143,12.02101,5.370e-04,0.385,0.271,23467
179,4.17465,12.02101,5.400e-04,0.466,0.371,23472
180,4.60433,12.02101,5.430e-04,0.408,0.317,23495
181,3.90221,12.02101,5.460e-04,0.355,0.243,23427
182,4.07179,12.02101,5.490e-04,0.408,0.309,23535
183,4.17696,12.02101,5.520e-04,0.590,0.475,23429
184,4.24885,12.02101,5.550e-04,0.463,0.327,23447
185,4.57233,12.02101,5.580e-04,0.580,0.452,23486
186,4.49913,12.02101,5.610e-04,0.446,0.346,23401
187,3.99328,12.02101,5.640e-04,0.456,0.335,23513
188,4.40733,12.02101,5.670e-04,0.405,0.301,23432
189,4.42685,12.02101,5.700e-04,0.409,0.302,23484
190,4.01325,12.02101,5.730e-04,0.423,0.328,23471
191,4.54019,12.02101,5.760e-04,0.499,0.418,23437
192,4.31477,12.02101,5.790e-04,0.378,0.280,23507
193,4.65431,12.02101,5.820e-04,0.356,0.264,23454
194,4.22047,12.02101,5.850e-04,0.441,0.329,23475
195,4.29856,12.02101,5.880e-04,0.362,0.277,23484
196,4.13684,12.02101,5.910e-04,0.445,0.314,23452
197,4.42662,12.02101,5.940e-04,0.434,0.308,23545
198,4.36255,12.02101,5.970e-04,0.431,0.328,23425
199,4.77265,12.02101,6.000e-04,0.452,0.345,23509
200,4.34360,12.02101,6.000e-04,0.463,0.333,23490
201,4.41761,12.02101,6.000e-04,0.381,0.279,23421
202,3.98444,12.02101,6.000e-04,0.410,0.314,23531
203,3.48950,12.02101,6.000e-04,0.561,0.451,23437
204,4.23046,12.02101,6.000e-04,0.448,0.335,23419
205,4.87815,12.02101,6.000e-04,0.486,0.386,23481
206,3.58354,12.02101,6.000e-04,0.461,0.322,23443
207,4.43817,12.02101,6.000e-04,0.421,0.324,23538
208,4.34883,12.02101,6.000e-04,0.437,0.319,23452
209,3.86756,12.02101,6.000e-04,0.447,0.297,23450
210,3.91208,12.02101,6.000e-04,0.516,0.390,23573
211,3.88954,12.02101,6.000e-04,0.496,0.394,23277
212,3.72981,12.02101,6.000e-04,0.599,0.417,23639
213,3.90310,12.02101,6.000e-04,0.572,0.425,23440
214,3.60286,12.02101,6.000e-04,0.433,0.334,23469
215,4.62688,12.02101,6.000e-04,0.611,0.473,23514
216,4.04220,12.02101,6.000e-04,0.522,0.375,23432
217,4.00424,12.02101,6.000e-04,0.525,0.400,23525
218,4.21840,12.02101,5.999e-04,0.526,0.409,23455
219,4.22463,12.02101,5.999e-04,0.474,0.346,23428
220,4.44535,12.02101,5.999e-04,0.471,0.341,23493
221,4.23290,12.02101,5.999e-04,0.419,0.325,23419
222,4.55199,12.02101,5.999e-04,0.517,0.386,23474
223,4.73337,12.02101,5.999e-04,0.431,0.331,23497
224,4.42094,12.02101,5.999e-04,0.497,0.368,23407
225,4.18736,12.02101,5.999e-04,0.504,0.392,23545
226,4.52370,12.02101,5.999e-04,0.348,0.254,23407
227,4.70067,12.02101,5.999e-04,0.427,0.324,23493
228,3.79136,12.02101,5.999e-04,0.431,0.294,23451
229,3.49023,12.02101,5.999e-04,0.516,0.393,23284
230,4.24932,12.02101,5.998e-04,0.402,0.315,23686
231,4.14363,12.02101,5.998e-04,0.465,0.312,23430
232,4.52861,12.02101,5.998e-04,0.452,0.315,23505
233,3.42897,12.02101,5.998e-04,0.454,0.330,23470
234,4.38929,12.02101,5.998e-04,0.419,0.301,23410
235,3.88534,12.02101,5.998e-04,0.459,0.326,23564
236,4.43476,12.02101,5.998e-04,0.419,0.293,23430
237,3.77723,12.02101,5.998e-04,0.502,0.355,23450
238,4.37288,12.02101,5.998e-04,0.430,0.326,23442
239,3.81915,12.02101,5.997e-04,0.492,0.350,23398
240,4.21558,12.02101,5.997e-04,0.460,0.334,23541
241,4.09374,12.02101,5.997e-04,0.444,0.318,23399
242,4.35810,12.02101,5.997e-04,0.459,0.338,23436
243,4.16328,12.02101,5.997e-04,0.479,0.359,23470
244,4.09187,12.02101,5.997e-04,0.453,0.325,23355
245,4.43631,12.02101,5.997e-04,0.399,0.278,23606
246,4.03484,12.02101,5.996e-04,0.521,0.393,23418
247,3.82699,12.02101,5.996e-04,0.454,0.295,23416
248,4.24637,12.02101,5.996e-04,0.444,0.327,23476
249,3.92359,12.02101,5.996e-04,0.447,0.323,23410
250,4.01917,3.92595,5.996e-04,0.506,0.388,6677
251,3.77988,3.92595,5.996e-04,0.388,0.287,23838
252,4.34334,3.92595,5.995e-04,0.371,0.259,23452
253,4.01657,3.92595,5.995e-04,0.552,0.438,23434
254,4.10155,3.92595,5.995e-04,0.372,0.270,23499
255,3.75347,3.92595,5.995e-04,0.384,0.273,23315
256,3.85380,3.92595,5.995e-04,0.516,0.388,23600
257,4.13539,3.92595,5.994e-04,0.443,0.321,23499
258,4.03195,3.92595,5.994e-04,0.449,0.340,23424
259,4.23425,3.92595,5.994e-04,0.420,0.309,23495
260,4.52001,3.92595,5.994e-04,0.411,0.314,23407
261,3.57819,3.92595,5.994e-04,0.365,0.256,23505
262,3.78135,3.92595,5.993e-04,0.365,0.273,23470
263,3.77640,3.92595,5.993e-04,0.412,0.299,23443
264,3.49070,3.92595,5.993e-04,0.581,0.375,23527
265,3.98762,3.92595,5.993e-04,0.431,0.327,23410
266,4.28400,3.92595,5.993e-04,0.446,0.328,23470
267,3.52057,3.92595,5.992e-04,0.488,0.378,23490
268,4.52258,3.92595,5.992e-04,0.460,0.349,23318
269,4.03288,3.92595,5.992e-04,0.397,0.258,23663
270,4.24932,3.92595,5.992e-04,0.409,0.292,23461
271,4.02955,3.92595,5.991e-04,0.423,0.296,23471
272,4.27965,3.92595,5.991e-04,0.433,0.316,23452
273,3.89260,3.92595,5.991e-04,0.396,0.280,23415
274,3.85833,3.92595,5.991e-04,0.396,0.291,23493
275,3.76298,3.92595,5.990e-04,0.392,0.265,23474
276,3.93854,3.92595,5.990e-04,0.450,0.341,23458
277,4.58947,3.92595,5.990e-04,0.379,0.303,23491
278,4.61369,3.92595,5.990e-04,0.383,0.301,23420
279,4.14881,3.92595,5.989e-04,0.392,0.278,23496
280,4.41422,3.92595,5.989e-04,0.305,0.230,23413
281,3.89463,3.92595,5.989e-04,0.414,0.293,23428
282,3.95342,3.92595,5.989e-04,0.343,0.246,23539
283,3.81427,3.92595,5.988e-04,0.390,0.287,23426
284,3.74942,3.92595,5.988e-04,0.408,0.312,23487
285,4.21978,3.92595,5.988e-04,0.376,0.295,23450
286,4.28193,3.92595,5.987e-04,0.374,0.280,23493
287,3.97788,3.92595,5.987e-04,0.483,0.359,23479
288,4.45248,3.92595,5.987e-04,0.474,0.399,23427
289,3.81121,3.92595,5.987e-04,0.525,0.410,23545
290,4.18543,3.92595,5.986e-04,0.485,0.391,23444
291,4.21778,3.92595,5.986e-04,0.444,0.339,23441
292,4.09048,3.92595,5.986e-04,0.447,0.338,23299
293,3.66356,3.92595,5.985e-04,0.412,0.280,23609
294,3.72301,3.92595,5.985e-04,0.495,0.375,23511
295,3.52066,3.92595,5.985e-04,0.368,0.267,23460
296,4.08273,3.92595,5.984e-04,0.513,0.408,23450
297,4.20294,3.92595,5.984e-04,0.422,0.318,23482
298,3.78329,3.92595,5.984e-04,0.564,0.435,23405
299,4.26366,3.92595,5.983e-04,0.425,0.334,23544
300,3.85569,3.92595,5.983e-04,0.430,0.324,23421
301,3.89994,3.92595,5.983e-04,0.459,0.348,23433
302,4.33309,3.92595,5.982e-04,0.465,0.354,23510
303,3.82280,3.92595,5.982e-04,0.470,0.372,23379
304,3.94781,3.92595,5.982e-04,0.441,0.348,23549
305,4.03544,3.92595,5.981e-04,0.423,0.322,23441
306,3.84194,3.92595,5.981e-04,0.448,0.328,23406
307,4.16302,3.92595,5.981e-04,0.382,0.279,23516
308,4.06891,3.92595,5.980e-04,0.384,0.287,23453
309,4.21432,3.92595,5.980e-04,0.398,0.298,23502
310,4.18666,3.92595,5.979e-04,0.448,0.358,23140
311,3.98027,3.92595,5.979e-04,0.359,0.260,23725
312,3.90928,3.92595,5.979e-04,0.400,0.279,23563
313,4.09736,3.92595,5.978e-04,0.366,0.268,23436
314,4.07711,3.92595,5.978e-04,0.373,0.277,23531
315,3.91117,3.92595,5.978e-04,0.356,0.258,23415
316,4.29340,3.92595,5.977e-04,0.372,0.289,23434
317,4.02047,3.92595,5.977e-04,0.354,0.254,23478
318,4.18173,3.92595,5.976e-04,0.370,0.277,23134
319,4.13844,3.92595,5.976e-04,0.356,0.264,23778
320,3.43251,3.92595,5.976e-04,0.387,0.263,23429
321,3.67153,3.92595,5.975e-04,0.328,0.242,23396
322,4.42717,3.92595,5.975e-04,0.391,0.277,23552
323,3.72606,3.92595,5.974e-04,0.407,0.299,23426
324,3.99783,3.92595,5.974e-04,0.379,0.277,23469
325,4.32369,3.92595,5.973e-04,0.387,0.285,23433
326,4.45530,3.92595,5.973e-04,0.339,0.250,23404
327,4.27922,3.92595,5.973e-04,0.376,0.287,23502
328,4.46934,3.92595,5.972e-04,0.396,0.301,23404
329,4.29927,3.92595,5.972e-04,0.450,0.353,23478
330,4.36685,3.92595,5.971e-04,0.407,0.321,23505
331,4.01264,3.92595,5.971e-04,0.504,0.390,23413
332,3.79500,3.92595,5.970e-04,0.433,0.314,23521
333,4.20094,3.92595,5.970e-04,0.566,0.450,23429
334,3.58793,3.92595,5.970e-04,0.463,0.343,23463
335,4.34499,3.92595,5.969e-04,0.431,0.347,23525
336,3.62804,3.92595,5.969e-04,0.434,0.316,23413
337,4.07152,3.92595,5.968e-04,0.464,0.312,23569
338,4.27961,3.92595,5.968e-04,0.407,0.303,23437
339,4.38121,3.92595,5.967e-04,0.418,0.321,23472
340,4.23740,3.92595,5.967e-04,0.398,0.297,23485
341,3.75689,3.92595,5.966e-04,0.388,0.283,23399
342,3.93702,3.92595,5.966e-04,0.376,0.285,23490
343,3.76663,3.92595,5.965e-04,0.403,0.297,23438
344,4.27360,3.92595,5.965e-04,0.410,0.294,23483
345,4.05478,3.92595,5.964e-04,0.358,0.260,23460
346,3.91904,3.92595,5.964e-04,0.376,0.256,23435
347,4.12112,3.92595,5.963e-04,0.390,0.276,23448
348,4.12165,3.92595,5.963e-04,0.407,0.291,23527
349,4.41583,3.92595,5.962e-04,0.430,0.320,23291
350,4.12700,3.92595,5.962e-04,0.396,0.316,23671
351,3.53559,3.92595,5.961e-04,0.446,0.299,23432
352,3.66134,3.92595,5.961e-04,0.430,0.311,23526
353,3.90017,3.92595,5.960e-04,0.417,0.296,23420
354,3.92942,3.92595,5.960e-04,0.508,0.393,23408
355,3.82952,3.92595,5.959e-04,0.376,0.280,23513
356,4.01885,3.92595,5.959e-04,0.480,0.371,23449
357,3.75053,3.92595,5.958e-04,0.411,0.292,23491
358,3.84127,3.92595,5.958e-04,0.396,0.271,23392
359,4.35868,3.92595,5.957e-04,0.409,0.321,23478
360,4.13731,3.92595,5.957e-04,0.468,0.354,23479
361,4.39186,3.92595,5.956e-04,0.385,0.291,23428
362,3.98361,3.92595,5.956e-04,0.390,0.286,23504
363,3.75511,3.92595,5.955e-04,0.475,0.357,23420
364,3.75351,3.92595,5.954e-04,0.422,0.328,23443
365,4.37306,3.92595,5.954e-04,0.387,0.297,23497
366,4.30122,3.92595,5.953e-04,0.440,0.337,23415
367,3.88910,3.92595,5.953e-04,0.427,0.304,23494
368,3.91539,3.92595,5.952e-04,0.471,0.372,23437
369,3.78074,3.92595,5.952e-04,0.398,0.270,23429
370,4.41381,3.92595,5.951e-04,0.433,0.345,23564
371,3.66577,3.92595,5.950e-04,0.452,0.349,23406
372,3.66386,3.92595,5.950e-04,0.403,0.304,23472
373,4.18647,3.92595,5.949e-04,0.395,0.294,23387
374,3.70173,3.92595,5.949e-04,0.421,0.318,23520
375,4.20127,3.92595,5.948e-04,0.451,0.386,23522
376,3.69875,3.92595,5.948e-04,0.430,0.307,23448
377,3.64828,3.92595,5.947e-04,0.415,0.288,23505
378,3.74916,3.92595,5.946e-04,0.420,0.302,23376
379,3.85503,3.92595,5.946e-04,0.351,0.246,23466
380,3.27375,3.92595,5.945e-04,0.429,0.262,23506
381,4.17846,3.92595,5.945e-04,0.369,0.260,23439
382,4.28561,3.92595,5.944e-04,0.372,0.270,23458
383,3.85561,3.92595,5.943e-04,0.438,0.296,23481
384,4.28738,3.92595,5.943e-04,0.439,0.347,23439
385,4.24802,3.92595,5.942e-04,0.390,0.296,23551
386,4.05628,3.92595,5.941e-04,0.414,0.337,23396
387,4.19144,3.92595,5.941e-04,0.413,0.315,23465
388,4.00749,3.92595,5.940e-04,0.438,0.338,23143
389,3.62882,3.92595,5.940e-04,0.431,0.324,23718
390,4.09639,3.92595,5.939e-04,0.361,0.262,23527
391,3.94352,3.92595,5.938e-04,0.461,0.349,23428
392,4.03364,3.92595,5.938e-04,0.470,0.367,23486
393,4.06040,3.92595,5.937e-04,0.453,0.323,23480
394,4.29095,3.92595,5.936e-04,0.408,0.324,23386
395,4.22263,3.92595,5.936e-04,0.425,0.321,23492
396,3.89644,3.92595,5.935e-04,0.402,0.296,23435
397,3.85946,3.92595,5.934e-04,0.364,0.267,23483
398,4.25291,3.92595,5.934e-04,0.438,0.337,23475
399,4.18635,3.92595,5.933e-04,0.410,0.308,23418
400,3.76470,3.92595,5.932e-04,0.394,0.282,23520
401,4.34918,3.92595,5.932e-04,0.471,0.384,23416
402,4.11708,3.92595,5.931e-04,0.397,0.295,23482
403,3.97491,3.92595,5.930e-04,0.412,0.312,23530
404,3.79929,3.92595,5.930e-04,0.447,0.330,23428
405,3.62060,3.92595,5.929e-04,0.381,0.275,23493
406,3.88474,3.92595,5.928e-04,0.389,0.296,23433
407,3.96732,3.92595,5.928e-04,0.388,0.290,23474
408,3.88846,3.92595,5.927e-04,0.406,0.281,23505
409,4.34290,3.92595,5.926e-04,0.392,0.305,23466
410,3.87703,3.92595,5.925e-04,0.380,0.264,23535
411,4.17073,3.92595,5.925e-04,0.437,0.325,23432
412,3.77432,3.92595,5.924e-04,0.373,0.282,23488
413,3.57716,3.92595,5.923e-04,0.405,0.288,23509
414,4.28252,3.92595,5.923e-04,0.383,0.281,23457
415,4.18135,3.92595,5.922e-04,0.375,0.261,23534
416,3.79209,3.92595,5.921e-04,0.397,0.278,23451
417,3.78873,3.92595,5.920e-04,0.364,0.253,23412
418,3.85181,3.92595,5.920e-04,0.413,0.283,23485
419,3.74683,3.92595,5.919e-04,0.361,0.241,23327
420,3.96206,3.92595,5.918e-04,0.396,0.295,23632
421,3.94785,3.92595,5.917e-04,0.355,0.247,23422
422,3.84386,3.92595,5.917e-04,0.429,0.321,23169
423,3.84487,3.92595,5.916e-04,0.391,0.266,23801
424,3.85873,3.92595,5.915e-04,0.415,0.299,23412
425,3.96694,3.92595,5.914e-04,0.377,0.255,23469
426,4.26202,3.92595,5.914e-04,0.421,0.320,23450
427,3.99850,3.92595,5.913e-04,0.423,0.300,23432
428,3.97611,3.92595,5.912e-04,0.397,0.308,23523
429,3.95926,3.92595,5.911e-04,0.364,0.258,23445
430,4.17564,3.92595,5.911e-04,0.348,0.249,23491
431,3.93370,3.92595,5.910e-04,0.385,0.276,23431
432,4.13750,3.92595,5.909e-04,0.412,0.295,23409
433,4.47461,3.92595,5.908e-04,0.372,0.282,23508
434,3.46290,3.92595,5.907e-04,0.435,0.302,23136
435,4.24896,3.92595,5.907e-04,0.365,0.281,23763
436,3.70282,3.92595,5.906e-04,0.411,0.273,23459
437,3.78470,3.92595,5.905e-04,0.401,0.289,23417
438,4.62198,3.92595,5.904e-04,0.368,0.271,23518
439,3.96434,3.92595,5.904e-04,0.390,0.269,23428
440,3.75392,3.92595,5.903e-04,0.419,0.279,23485
441,3.84554,3.92595,5.902e-04,0.396,0.299,23404
442,3.89285,3.92595,5.901e-04,0.333,0.237,23490
443,3.75044,3.92595,5.900e-04,0.389,0.292,23539
444,4.33050,3.92595,5.899e-04,0.388,0.291,23432
445,4.16178,3.92595,5.899e-04,0.379,0.276,23484
446,3.78437,3.92595,5.898e-04,0.409,0.300,23460
447,3.81148,3.92595,5.897e-04,0.381,0.294,23423
448,3.94856,3.92595,5.896e-04,0.459,0.334,23551
449,4.35352,3.92595,5.895e-04,0.373,0.288,23425
450,3.81017,3.92595,5.894e-04,0.360,0.241,23472
451,3.68755,3.92595,5.894e-04,0.394,0.267,23462
452,4.16317,3.92595,5.893e-04,0.391,0.271,23277
453,4.06794,3.92595,5.892e-04,0.372,0.269,23667
454,4.27620,3.92595,5.891e-04,0.388,0.289,23413
455,4.12724,3.92595,5.890e-04,0.382,0.274,23481
456,4.07489,3.92595,5.889e-04,0.356,0.241,23502
457,4.15472,3.92595,5.889e-04,0.379,0.290,23406
458,4.35483,3.92595,5.888e-04,0.395,0.290,23469
459,3.82858,3.92595,5.887e-04,0.385,0.265,23422
460,3.89600,3.92595,5.886e-04,0.390,0.298,23176
461,4.09954,3.92595,5.885e-04,0.423,0.316,23798
462,3.63966,3.92595,5.884e-04,0.430,0.311,23435
463,4.10280,3.92595,5.883e-04,0.364,0.255,23517
464,3.71541,3.92595,5.882e-04,0.423,0.312,23401
465,4.12205,3.92595,5.882e-04,0.419,0.306,23464
466,4.14871,3.92595,5.881e-04,0.377,0.270,23511
467,3.66148,3.92595,5.880e-04,0.419,0.284,23458
468,4.23071,3.92595,5.879e-04,0.381,0.264,23500
469,3.93153,3.92595,5.878e-04,0.361,0.253,23408
470,3.97196,3.92595,5.877e-04,0.389,0.265,23461
471,3.86575,3.92595,5.876e-04,0.392,0.271,23488
472,4.08663,3.92595,5.875e-04,0.346,0.262,23400
473,3.97583,3.92595,5.874e-04,0.436,0.324,23529
474,3.69846,3.92595,5.873e-04,0.408,0.271,23398
475,3.68003,3.92595,5.872e-04,0.404,0.287,23439
476,3.79853,3.92595,5.872e-04,0.411,0.285,23534
477,4.18463,3.92595,5.871e-04,0.399,0.292,23417
478,3.90752,3.92595,5.870e-04,0.335,0.228,23493
479,4.55479,3.92595,5.869e-04,0.403,0.293,23452
480,3.94470,3.92595,5.868e-04,0.385,0.278,23434
481,3.83861,3.92595,5.867e-04,0.385,0.280,23476
482,3.65701,3.92595,5.866e-04,0.369,0.265,23469
483,3.42669,3.92595,5.865e-04,0.350,0.243,23510
484,3.94102,3.92595,5.864e-04,0.379,0.262,23414
485,4.59206,3.92595,5.863e-04,0.448,0.368,23439
486,3.94463,3.92595,5.862e-04,0.381,0.275,23501
487,4.06671,3.92595,5.861e-04,0.378,0.283,23414
488,4.04214,3.92595,5.860e-04,0.426,0.303,23467
489,3.94166,3.92595,5.859e-04,0.341,0.251,23436
490,3.84771,3.92595,5.858e-04,0.351,0.253,23148
491,4.15911,3.92595,5.857e-04,0.380,0.276,23863
492,3.57437,3.92595,5.856e-04,0.369,0.265,23420
493,4.01743,3.92595,5.855e-04,0.374,0.255,23523
494,3.69733,3.92595,5.854e-04,0.387,0.276,23430
495,3.91454,3.92595,5.853e-04,0.365,0.274,23396
496,4.03209,3.92595,5.852e-04,0.355,0.259,23499
497,3.61661,3.92595,5.851e-04,0.427,0.296,23413
498,4.34963,3.92595,5.850e-04,0.379,0.280,23514
499,3.89440,3.92595,5.849e-04,0.398,0.286,23440
500,3.51753,3.78108,5.848e-04,0.397,0.268,6675
501,4.24726,3.78108,5.847e-04,0.421,0.333,23693
502,4.31075,3.78108,5.846e-04,0.417,0.300,23518
503,3.98699,3.78108,5.845e-04,0.417,0.303,23480
504,3.88679,3.78108,5.844e-04,0.427,0.310,23436
505,3.62684,3.78108,5.843e-04,0.342,0.238,23506
506,4.17054,3.78108,5.842e-04,0.388,0.300,23445
507,3.98788,3.78108,5.841e-04,0.384,0.279,23511
508,3.77104,3.78108,5.840e-04,0.433,0.309,23419
509,3.88482,3.78108,5.839e-04,0.394,0.272,23399
510,3.79616,3.78108,5.838e-04,0.435,0.310,23501
511,4.04200,3.78108,5.837e-04,0.395,0.269,23213
512,4.14809,3.78108,5.836e-04,0.443,0.316,23495
513,3.96834,3.78108,5.835e-04,0.403,0.281,23421
514,3.88577,3.78108,5.834e-04,0.340,0.234,23360
515,3.71148,3.78108,5.833e-04,0.449,0.323,23565
516,3.75158,3.78108,5.832e-04,0.376,0.263,23475
517,3.71579,3.78108,5.831e-04,0.407,0.287,23514
518,4.32701,3.78108,5.830e-04,0.373,0.282,23453
519,4.26816,3.78108,5.829e-04,0.362,0.249,23394
520,3.66598,3.78108,5.828e-04,0.455,0.350,23483
521,4.12720,3.78108,5.827e-04,0.395,0.277,23422
522,4.12564,3.78108,5.826e-04,0.387,0.252,23516
523,3.45809,3.78108,5.825e-04,0.346,0.241,23380
524,4.06101,3.78108,5.824e-04,0.376,0.270,23434
525,4.49453,3.78108,5.822e-04,0.387,0.281,23494
526,3.54787,3.78108,5.821e-04,0.385,0.247,23385
527,3.80899,3.78108,5.820e-04,0.426,0.315,23515
528,3.90979,3.78108,5.819e-04,0.431,0.321,23459
529,3.74389,3.78108,5.818e-04,0.359,0.255,23389
530,3.84071,3.78108,5.817e-04,0.387,0.288,23520
531,4.15159,3.78108,5.816e-04,0.383,0.295,23467
532,3.65792,3.78108,5.815e-04,0.383,0.291,23487
533,4.00684,3.78108,5.814e-04,0.381,0.282,23473
534,4.70827,3.78108,5.813e-04,0.407,0.320,23416
535,4.20459,3.78108,5.812e-04,0.378,0.287,23496
536,4.00961,3.78108,5.810e-04,0.388,0.280,23452
537,3.60259,3.78108,5.809e-04,0.365,0.265,23481
538,3.89905,3.78108,5.808e-04,0.372,0.292,23471
539,3.75955,3.78108,5.807e-04,0.390,0.303,23439
540,3.95625,3.78108,5.806e-04,0.391,0.288,23499
541,4.00618,3.78108,5.805e-04,0.433,0.356,23416
542,3.57541,3.78108,5.804e-04,0.390,0.261,23473
543,3.81039,3.78108,5.803e-04,0.388,0.299,23473
544,4.09075,3.78108,5.801e-04,0.364,0.272,23285
545,4.13907,3.78108,5.800e-04,0.377,0.293,23653
546,3.83182,3.78108,5.799e-04,0.404,0.292,23428
547,3.98698,3.78108,5.798e-04,0.387,0.288,23465
548,3.96815,3.78108,5.797e-04,0.381,0.275,23489
549,4.03737,3.78108,5.796e-04,0.368,0.266,23421
550,3.92977,3.78108,5.794e-04,0.399,0.262,23553
551,3.91975,3.78108,5.793e-04,0.397,0.284,23439
552,4.17141,3.78108,5.792e-04,0.403,0.314,23430
553,4.01874,3.78108,5.791e-04,0.368,0.267,23477
554,4.03567,3.78108,5.790e-04,0.407,0.308,23402
555,3.90724,3.78108,5.789e-04,0.386,0.277,23396
556,3.73028,3.78108,5.787e-04,0.334,0.235,23604
557,4.11261,3.78108,5.786e-04,0.400,0.315,23437
558,3.69575,3.78108,5.785e-04,0.321,0.231,23506
559,4.12243,3.78108,5.784e-04,0.375,0.271,23405
560,4.06274,3.78108,5.783e-04,0.370,0.270,23460
561,4.04163,3.78108,5.782e-04,0.398,0.304,23407
562,3.98716,3.78108,5.780e-04,0.384,0.287,23454
563,3.97854,3.78108,5.779e-04,0.385,0.296,23517
564,4.19801,3.78108,5.778e-04,0.404,0.315,23422
565,3.87574,3.78108,5.777e-04,0.420,0.296,23458
566,4.54626,3.78108,5.776e-04,0.464,0.386,23428
567,4.17412,3.78108,5.774e-04,0.421,0.303,23457
568,4.06358,3.78108,5.773e-04,0.429,0.345,23516
569,3.93966,3.78108,5.772e-04,0.519,0.372,23395
570,4.11720,3.78108,5.771e-04,0.409,0.286,23508
571,4.12378,3.78108,5.769e-04,0.444,0.334,23256
572,4.24646,3.78108,5.768e-04,0.401,0.307,23593
573,4.13119,3.78108,5.767e-04,0.395,0.290,23464
574,4.20029,3.78108,5.766e-04,0.401,0.294,23424
575,3.74886,3.78108,5.765e-04,0.417,0.297,23533
576,4.12026,3.78108,5.763e-04,0.389,0.284,23393
577,4.00061,3.78108,5.762e-04,0.410,0.282,23409
578,3.87313,3.78108,5.761e-04,0.431,0.319,23482
579,3.67752,3.78108,5.760e-04,0.401,0.276,23427
580,3.90345,3.78108,5.758e-04,0.415,0.288,23505
581,4.05795,3.78108,5.757e-04,0.365,0.264,23377
582,3.99762,3.78108,5.756e-04,0.377,0.248,23422
583,3.78537,3.78108,5.755e-04,0.388,0.262,23540
584,3.84789,3.78108,5.753e-04,0.412,0.302,23437
585,3.63017,3.78108,5.752e-04,0.371,0.243,23490
586,4.02078,3.78108,5.751e-04,0.370,0.278,23437
587,3.86315,3.78108,5.749e-04,0.379,0.267,23457
588,4.19819,3.78108,5.748e-04,0.363,0.255,23489
589,4.62038,3.78108,5.747e-04,0.355,0.277,23452
590,3.92829,3.78108,5.746e-04,0.356,0.266,23495
591,3.49061,3.78108,5.744e-04,0.372,0.255,23485
592,3.63978,3.78108,5.743e-04,0.368,0.256,23395
593,3.88964,3.78108,5.742e-04,0.367,0.261,23461
594,3.77615,3.78108,5.740e-04,0.400,0.313,23415
595,4.36048,3.78108,5.739e-04,0.399,0.312,23144
596,3.86767,3.78108,5.738e-04,0.394,0.278,23717
597,3.61888,3.78108,5.737e-04,0.411,0.277,23277
598,3.83575,3.78108,5.735e-04,0.346,0.259,23654
599,3.53050,3.78108,5.734e-04,0.377,0.252,23447
600,3.79955,3.78108,5.733e-04,0.382,0.280,23449
601,4.43214,3.78108,5.731e-04,0.397,0.317,23456
602,4.11623,3.78108,5.730e-04,0.356,0.261,23410
603,3.82356,3.78108,5.729e-04,0.383,0.256,23471
604,3.97434,3.78108,5.727e-04,0.389,0.277,23411
605,3.89014,3.78108,5.726e-04,0.355,0.263,23443
606,3.73910,3.78108,5.725e-04,0.399,0.285,23403
607,3.63174,3.78108,5.723e-04,0.347,0.252,23443
608,3.65377,3.78108,5.722e-04,0.384,0.274,23490
609,4.26439,3.78108,5.721e-04,0.362,0.269,23411
610,4.35177,3.78108,5.719e-04,0.422,0.308,23458
611,3.58132,3.78108,5.718e-04,0.385,0.281,23517
612,3.81447,3.78108,5.717e-04,0.367,0.261,23384
613,4.37464,3.78108,5.715e-04,0.407,0.282,23507
614,4.07215,3.78108,5.714e-04,0.385,0.270,23424
615,4.19500,3.78108,5.713e-04,0.428,0.321,23451
616,3.42154,3.78108,5.711e-04,0.342,0.243,23496
617,4.00165,3.78108,5.710e-04,0.387,0.294,23389
618,4.40232,3.78108,5.708e-04,0.403,0.306,23484
619,4.15419,3.78108,5.707e-04,0.382,0.274,23421
620,3.92179,3.78108,5.706e-04,0.347,0.254,23434
621,4.07547,3.78108,5.704e-04,0.372,0.278,23445
622,4.32953,3.78108,5.703e-04,0.375,0.291,23447
623,3.84892,3.78108,5.702e-04,0.349,0.262,23502
624,3.82000,3.78108,5.700e-04,0.423,0.304,23123
625,3.66163,3.78108,5.699e-04,0.325,0.228,23768
626,3.87430,3.78108,5.697e-04,0.355,0.254,23481
627,4.10196,3.78108,5.696e-04,0.387,0.269,23424
628,4.38099,3.78108,5.695e-04,0.410,0.328,23548
629,3.77547,3.78108,5.693e-04,0.386,0.272,23433
630,3.63653,3.78108,5.692e-04,0.414,0.298,23435
631,3.57811,3.78108,5.690e-04,0.349,0.247,23503
632,4.14356,3.78108,5.689e-04,0.401,0.307,23421
633,3.89065,3.78108,5.688e-04,0.414,0.310,23533
634,4.26405,3.78108,5.686e-04,0.409,0.311,23162
635,3.86937,3.78108,5.685e-04,0.426,0.303,23752
636,4.19620,3.78108,5.683e-04,0.432,0.331,23485
637,3.72543,3.78108,5.682e-04,0.415,0.319,23420
638,4.04420,3.78108,5.680e-04,0.458,0.357,23542
639,4.47457,3.78108,5.679e-04,0.399,0.295,23409
640,4.48624,3.78108,5.678e-04,0.342,0.257,23429
641,3.91648,3.78108,5.676e-04,0.423,0.326,23543
642,3.49766,3.78108,5.675e-04,0.348,0.243,23416
643,3.76214,3.78108,5.673e-04,0.331,0.244,23499
644,3.81955,3.78108,5.672e-04,0.397,0.304,23433
645,3.89926,3.78108,5.670e-04,0.390,0.291,23275
646,3.62515,3.78108,5.669e-04,0.401,0.305,23694
647,3.65878,3.78108,5.667e-04,0.382,0.277,23421
648,4.05379,3.78108,5.666e-04,0.409,0.316,23501
649,3.91863,3.78108,5.665e-04,0.409,0.308,23439
650,3.57304,3.78108,5.663e-04,0.398,0.268,23430
651,3.60850,3.78108,5.662e-04,0.385,0.275,23499
652,4.10018,3.78108,5.660e-04,0.423,0.317,23416
653,3.32611,3.78108,5.659e-04,0.392,0.261,23513
654,3.82661,3.78108,5.657e-04,0.390,0.285,23435
655,4.00470,3.78108,5.656e-04,0.420,0.332,23412
656,4.27351,3.78108,5.654e-04,0.406,0.302,23526
657,4.20198,3.78108,5.653e-04,0.392,0.303,23396
658,3.87550,3.78108,5.651e-04,0.393,0.288,23491
659,3.69070,3.78108,5.650e-04,0.371,0.260,23457
660,4.32371,3.78108,5.648e-04,0.442,0.338,23415
661,4.05969,3.78108,5.647e-04,0.419,0.318,23512
662,4.10629,3.78108,5.645e-04,0.384,0.280,23412
663,3.56304,3.78108,5.644e-04,0.401,0.303,23488
664,4.15775,3.78108,5.642e-04,0.366,0.283,23482
665,3.57848,3.78108,5.641e-04,0.335,0.243,23415
666,3.98215,3.78108,5.639e-04,0.398,0.287,23564
667,3.36216,3.78108,5.638e-04,0.323,0.220,23415
668,3.86197,3.78108,5.636e-04,0.390,0.310,23490
669,3.61710,3.78108,5.635e-04,0.432,0.309,23433
670,3.67121,3.78108,5.633e-04,0.428,0.301,23412
671,3.76391,3.78108,5.632e-04,0.429,0.322,23281
672,3.88812,3.78108,5.630e-04,0.392,0.291,23325
673,4.23057,3.78108,5.629e-04,0.384,0.269,23754
674,3.42989,3.78108,5.627e-04,0.443,0.312,23468
675,3.86591,3.78108,5.626e-04,0.405,0.314,23393
676,3.76614,3.78108,5.624e-04,0.397,0.297,23539
677,3.95103,3.78108,5.622e-04,0.410,0.311,23101
678,3.88294,3.78108,5.621e-04,0.389,0.281,23741
679,4.08810,3.78108,5.619e-04,0.422,0.314,23486
680,3.71834,3.78108,5.618e-04,0.374,0.257,23438
681,3.56898,3.78108,5.616e-04,0.356,0.244,23503
682,4.48808,3.78108,5.615e-04,0.434,0.328,23411
683,4.05616,3.78108,5.613e-04,0.384,0.279,23463
684,3.83560,3.78108,5.612e-04,0.425,0.298,23409
685,4.10644,3.78108,5.610e-04,0.401,0.298,23490
686,3.79890,3.78108,5.608e-04,0.406,0.301,23506
687,4.05075,3.78108,5.607e-04,0.412,0.315,23420
688,3.95485,3.78108,5.605e-04,0.397,0.313,23441
689,4.20012,3.78108,5.604e-04,0.386,0.289,23498
690,4.24107,3.78108,5.602e-04,0.385,0.306,23414
691,3.90658,3.78108,5.601e-04,0.440,0.348,23522
692,4.19011,3.78108,5.599e-04,0.437,0.344,23468
693,3.59172,3.78108,5.597e-04,0.366,0.254,23475
694,3.92286,3.78108,5.596e-04,0.384,0.288,23467
695,4.01444,3.78108,5.594e-04,0.380,0.263,23387
696,3.48203,3.78108,5.593e-04,0.410,0.301,23525
697,3.75803,3.78108,5.591e-04,0.419,0.325,23425
698,3.80340,3.78108,5.589e-04,0.408,0.292,23444
699,4.07720,3.78108,5.588e-04,0.374,0.272,23452
700,3.83351,3.78108,5.586e-04,0.395,0.277,23492
701,3.57964,3.78108,5.585e-04,0.360,0.254,23463
702,4.06122,3.78108,5.583e-04,0.456,0.328,23419
703,3.95313,3.78108,5.581e-04,0.360,0.257,23436
704,3.81856,3.78108,5.580e-04,0.405,0.284,23521
705,4.13817,3.78108,5.578e-04,0.413,0.321,23414
706,3.78460,3.78108,5.576e-04,0.395,0.291,23504
707,3.34617,3.78108,5.575e-04,0.436,0.257,23379
708,3.92650,3.78108,5.573e-04,0.381,0.288,23215
709,3.93607,3.78108,5.572e-04,0.355,0.268,23773
710,3.99922,3.78108,5.570e-04,0.409,0.309,23437
711,3.95225,3.78108,5.568e-04,0.435,0.308,23435
712,3.76846,3.78108,5.567e-04,0.379,0.272,23520
713,3.82015,3.78108,5.565e-04,0.432,0.337,23433
714,3.92877,3.78108,5.563e-04,0.338,0.252,23536
715,3.66403,3.78108,5.562e-04,0.404,0.301,23424
716,3.55505,3.78108,5.560e-04,0.389,0.279,23476
717,3.82877,3.78108,5.558e-04,0.412,0.307,23440
718,3.98281,3.78108,5.557e-04,0.383,0.278,23418
719,3.90604,3.78108,5.555e-04,0.385,0.268,23540
720,3.89969,3.78108,5.553e-04,0.422,0.323,23441
721,3.56031,3.78108,5.552e-04,0.410,0.302,23343
722,3.82291,3.78108,5.550e-04,0.398,0.298,23615
723,3.83005,3.78108,5.548e-04,0.395,0.291,23421
724,4.21676,3.78108,5.547e-04,0.446,0.340,23484
725,3.84478,3.78108,5.545e-04,0.430,0.314,23435
726,4.42807,3.78108,5.543e-04,0.417,0.339,23490
727,3.57913,3.78108,5.542e-04,0.376,0.275,23465
728,3.56400,3.78108,5.540e-04,0.466,0.358,23432
729,4.03055,3.78108,5.538e-04,0.435,0.352,23511
730,4.07449,3.78108,5.537e-04,0.377,0.285,23391
731,3.97791,3.78108,5.535e-04,0.446,0.326,23463
732,3.79176,3.78108,5.533e-04,0.418,0.312,23444
733,4.15523,3.78108,5.531e-04,0.403,0.301,23416
734,3.82977,3.78108,5.530e-04,0.404,0.283,23561
735,4.09863,3.78108,5.528e-04,0.423,0.326,23403
736,3.67334,3.78108,5.526e-04,0.415,0.278,23488
737,4.00253,3.78108,5.525e-04,0.413,0.297,23474
738,3.35591,3.78108,5.523e-04,0.392,0.278,23449
739,3.78237,3.78108,5.521e-04,0.408,0.295,23533
740,4.23173,3.78108,5.519e-04,0.413,0.299,23459
741,3.57797,3.78108,5.518e-04,0.394,0.291,23451
742,3.89935,3.78108,5.516e-04,0.422,0.318,23456
743,3.90546,3.78108,5.514e-04,0.400,0.300,23419
744,3.79316,3.78108,5.512e-04,0.427,0.289,23522
745,3.87954,3.78108,5.511e-04,0.432,0.322,23433
746,3.83132,3.78108,5.509e-04,0.402,0.306,23454
747,3.73983,3.78108,5.507e-04,0.429,0.298,23478
748,4.09457,3.78108,5.506e-04,0.416,0.309,23452
749,4.15789,3.78108,5.504e-04,0.399,0.296,23476
750,3.56396,3.70127,5.502e-04,0.382,0.281,6677
751,3.77768,3.70127,5.500e-04,0.387,0.278,23704
752,4.35004,3.70127,5.499e-04,0.394,0.297,23393
753,3.99800,3.70127,5.497e-04,0.431,0.321,23258
754,4.11694,3.70127,5.495e-04,0.407,0.313,23740
755,3.73152,3.70127,5.493e-04,0.399,0.296,23468
756,3.66048,3.70127,5.491e-04,0.416,0.320,23427
757,3.57798,3.70127,5.490e-04,0.383,0.281,23415
758,3.85511,3.70127,5.488e-04,0.382,0.294,23526
759,3.84798,3.70127,5.486e-04,0.391,0.290,23427
760,3.59400,3.70127,5.484e-04,0.366,0.265,23456
761,4.31557,3.70127,5.483e-04,0.398,0.296,23432
762,4.03504,3.70127,5.481e-04,0.455,0.353,23429
763,3.68614,3.70127,5.479e-04,0.392,0.308,23546
764,3.38695,3.70127,5.477e-04,0.412,0.305,23403
765,3.81035,3.70127,5.475e-04,0.411,0.317,23211
766,3.95941,3.70127,5.474e-04,0.412,0.318,23435
767,3.54034,3.70127,5.472e-04,0.481,0.394,23669
768,3.81073,3.70127,5.470e-04,0.498,0.411,23487
769,3.81015,3.70127,5.468e-04,0.429,0.331,23481
770,3.57356,3.70127,5.466e-04,0.401,0.302,23483
771,3.70790,3.70127,5.465e-04,0.416,0.308,23442
772,3.80178,3.70127,5.463e-04,0.413,0.311,23415
773,4.06941,3.70127,5.461e-04,0.491,0.399,23491
774,4.13976,3.70127,5.459e-04,0.385,0.302,23432
775,4.27775,3.70127,5.457e-04,0.435,0.334,23473
776,4.05053,3.70127,5.456e-04,0.448,0.347,23448
777,4.23058,3.70127,5.454e-04,0.390,0.277,23421
778,4.07243,3.70127,5.452e-04,0.427,0.320,23537
779,3.67748,3.70127,5.450e-04,0.385,0.262,23397
780,3.73037,3.70127,5.448e-04,0.374,0.271,23456
781,4.06240,3.70127,5.446e-04,0.362,0.267,23444
782,3.80329,3.70127,5.445e-04,0.411,0.281,23390
783,3.93863,3.70127,5.443e-04,0.407,0.294,23532
784,3.81179,3.70127,5.441e-04,0.385,0.279,23398
785,3.92219,3.70127,5.439e-04,0.415,0.303,23440
786,3.83322,3.70127,5.437e-04,0.435,0.318,23399
787,3.47464,3.70127,5.435e-04,0.444,0.353,23581
788,3.72696,3.70127,5.433e-04,0.470,0.359,23508
789,3.44300,3.70127,5.432e-04,0.419,0.293,23397
790,3.94130,3.70127,5.430e-04,0.421,0.341,23444
791,4.26023,3.70127,5.428e-04,0.393,0.297,23490
792,4.47745,3.70127,5.426e-04,0.398,0.311,23403
793,4.07580,3.70127,5.424e-04,0.413,0.314,23508
794,3.81403,3.70127,5.422e-04,0.425,0.314,23422
795,3.82619,3.70127,5.420e-04,0.441,0.336,23463
796,3.36142,3.70127,5.418e-04,0.413,0.314,23472
797,3.81613,3.70127,5.417e-04,0.437,0.327,23392
798,4.21746,3.70127,5.415e-04,0.427,0.335,23501
799,3.92645,3.70127,5.413e-04,0.472,0.367,23442
800,3.97920,3.70127,5.411e-04,0.461,0.352,23432
801,3.59671,3.70127,5.409e-04,0.413,0.300,23454
802,3.40056,3.70127,5.407e-04,0.433,0.320,23463
803,4.07550,3.70127,5.405e-04,0.408,0.308,23534
804,3.79888,3.70127,5.403e-04,0.387,0.275,23418
805,3.62329,3.70127,5.401e-04,0.383,0.279,23427
806,3.92653,3.70127,5.400e-04,0.410,0.327,23474
807,3.83763,3.70127,5.398e-04,0.377,0.272,23479
808,3.93854,3.70127,5.396e-04,0.397,0.311,23515
809,3.89556,3.70127,5.394e-04,0.432,0.326,23452
810,3.51985,3.70127,5.392e-04,0.394,0.297,23466
811,3.73964,3.70127,5.390e-04,0.423,0.310,23493
812,4.05553,3.70127,5.388e-04,0.432,0.335,23421
813,3.61701,3.70127,5.386e-04,0.390,0.277,23462
814,3.57292,3.70127,5.384e-04,0.409,0.303,23468
815,3.93113,3.70127,5.382e-04,0.484,0.386,23448
816,3.89440,3.70127,5.380e-04,0.425,0.322,23509
817,3.64051,3.70127,5.378e-04,0.439,0.308,23446
818,3.56818,3.70127,5.377e-04,0.470,0.337,23490
819,4.06290,3.70127,5.375e-04,0.470,0.360,23439
820,3.66007,3.70127,5.373e-04,0.446,0.310,23406
821,3.61967,3.70127,5.371e-04,0.437,0.313,23508
822,3.49078,3.70127,5.369e-04,0.508,0.371,23392
823,3.92379,3.70127,5.367e-04,0.443,0.348,23480
824,3.53633,3.70127,5.365e-04,0.438,0.323,23489
825,3.73612,3.70127,5.363e-04,0.437,0.331,23266
826,4.00985,3.70127,5.361e-04,0.420,0.337,23679
827,3.68583,3.70127,5.359e-04,0.409,0.318,23404
828,3.74563,3.70127,5.357e-04,0.431,0.330,23484
829,3.54989,3.70127,5.355e-04,0.414,0.295,23463
830,4.03345,3.70127,5.353e-04,0.431,0.324,23432
831,3.91488,3.70127,5.351e-04,0.431,0.340,23501
832,4.41476,3.70127,5.349e-04,0.404,0.318,23404
833,3.60236,3.70127,5.347e-04,0.486,0.375,23475
834,3.66689,3.70127,5.345e-04,0.411,0.317,23474
835,3.70004,3.70127,5.343e-04,0.460,0.367,23393
836,3.72887,3.70127,5.341e-04,0.413,0.314,23483
837,4.12060,3.70127,5.339e-04,0.389,0.296,23470
838,4.04232,3.70127,5.337e-04,0.422,0.336,23501
839,3.42229,3.70127,5.335e-04,0.405,0.302,23507
840,3.49283,3.70127,5.333e-04,0.385,0.299,23239
841,3.66302,3.70127,5.331e-04,0.464,0.378,23689
842,3.67612,3.70127,5.329e-04,0.391,0.304,23390
843,3.60476,3.70127,5.327e-04,0.437,0.315,23421
844,3.48161,3.70127,5.325e-04,0.425,0.318,23326
845,3.75121,3.70127,5.323e-04,0.497,0.397,23600
846,3.54970,3.70127,5.321e-04,0.452,0.341,23513
847,3.77078,3.70127,5.319e-04,0.414,0.309,23420
848,3.88010,3.70127,5.317e-04,0.478,0.379,23161
849,3.39258,3.70127,5.315e-04,0.422,0.315,23790
850,4.04038,3.70127,5.313e-04,0.463,0.358,23398
851,4.10678,3.70127,5.311e-04,0.389,0.302,23528
852,4.17731,3.70127,5.309e-04,0.496,0.380,23459
853,3.61607,3.70127,5.307e-04,0.423,0.319,23424
854,3.62530,3.70127,5.305e-04,0.440,0.319,23464
855,3.57977,3.70127,5.303e-04,0.448,0.365,23417
856,3.75539,3.70127,5.301e-04,0.427,0.337,23442
857,3.74187,3.70127,5.299e-04,0.519,0.403,23437
858,3.74930,3.70127,5.297e-04,0.398,0.308,23440
859,3.38871,3.70127,5.295e-04,0.462,0.360,23474
860,4.00341,3.70127,5.293e-04,0.433,0.349,23425
861,3.80811,3.70127,5.291e-04,0.491,0.388,23479
862,3.87068,3.70127,5.289e-04,0.403,0.295,23443
863,3.81986,3.70127,5.287e-04,0.482,0.380,23450
864,3.92892,3.70127,5.285e-04,0.423,0.334,23463
865,4.05480,3.70127,5.283e-04,0.421,0.323,23413
866,3.94437,3.70127,5.281e-04,0.421,0.306,23474
867,3.51712,3.70127,5.279e-04,0.416,0.300,23404
868,4.19749,3.70127,5.276e-04,0.457,0.371,23449
869,4.11797,3.70127,5.274e-04,0.458,0.361,23504
870,3.73361,3.70127,5.272e-04,0.467,0.375,23457
871,3.84269,3.70127,5.270e-04,0.486,0.394,23508
872,3.69830,3.70127,5.268e-04,0.475,0.361,23415
873,3.85849,3.70127,5.266e-04,0.515,0.428,23421
874,3.82879,3.70127,5.264e-04,0.422,0.312,23460
875,3.99732,3.70127,5.262e-04,0.466,0.384,23413
876,3.63203,3.70127,5.260e-04,0.417,0.320,23486
877,3.96283,3.70127,5.258e-04,0.454,0.354,23408
878,4.26706,3.70127,5.256e-04,0.448,0.351,23416
879,4.21132,3.70127,5.254e-04,0.424,0.335,23515
880,3.70862,3.70127,5.252e-04,0.443,0.332,23395
881,3.80933,3.70127,5.249e-04,0.433,0.331,23476
882,4.11227,3.70127,5.247e-04,0.470,0.379,23383
883,3.55368,3.70127,5.245e-04,0.462,0.355,23457
884,3.92050,3.70127,5.243e-04,0.459,0.369,23531
885,3.43121,3.70127,5.241e-04,0.439,0.336,23417
886,3.69045,3.70127,5.239e-04,0.442,0.337,23496
887,3.71915,3.70127,5.237e-04,0.410,0.310,23487
888,3.77475,3.70127,5.235e-04,0.403,0.317,23430
889,3.87921,3.70127,5.233e-04,0.430,0.316,23513
890,3.62062,3.70127,5.230e-04,0.415,0.311,23399
891,4.18151,3.70127,5.228e-04,0.472,0.391,23514
892,3.44212,3.70127,5.226e-04,0.478,0.386,23456
893,3.98980,3.70127,5.224e-04,0.490,0.405,23385
894,3.41672,3.70127,5.222e-04,0.588,0.497,23528
895,3.78092,3.70127,5.220e-04,0.450,0.367,23427
896,4.05622,3.70127,5.218e-04,0.494,0.424,23471
897,3.91715,3.70127,5.216e-04,0.434,0.338,23455
898,3.94768,3.70127,5.213e-04,0.573,0.483,23414
899,3.67910,3.70127,5.211e-04,0.469,0.376,23491
900,4.01936,3.70127,5.209e-04,0.559,0.464,23405
901,3.96413,3.70127,5.207e-04,0.464,0.359,23460
902,4.15590,3.70127,5.205e-04,0.551,0.458,23470
903,4.16559,3.70127,5.203e-04,0.465,0.372,23489
904,3.69082,3.70127,5.201e-04,0.495,0.378,23504
905,3.48799,3.70127,5.198e-04,0.475,0.341,23402
906,3.58423,3.70127,5.196e-04,0.502,0.409,23198
907,3.91439,3.70127,5.194e-04,0.490,0.400,23709
908,4.31440,3.70127,5.192e-04,0.436,0.345,23423
909,3.68052,3.70127,5.190e-04,0.561,0.468,23526
910,4.00929,3.70127,5.188e-04,0.449,0.366,23154
911,3.86404,3.70127,5.185e-04,0.525,0.433,23793
912,3.68627,3.70127,5.183e-04,0.575,0.492,23467
913,3.96891,3.70127,5.181e-04,0.509,0.420,23438
914,3.86043,3.70127,5.179e-04,0.535,0.420,23531
915,4.19816,3.70127,5.177e-04,0.433,0.341,23398
916,4.00234,3.70127,5.175e-04,0.540,0.449,23448
917,3.87438,3.70127,5.172e-04,0.451,0.343,23529
918,3.75264,3.70127,5.170e-04,0.469,0.352,23410
919,3.44840,3.70127,5.168e-04,0.458,0.362,23499
920,3.75792,3.70127,5.166e-04,0.461,0.348,23414
921,3.77552,3.70127,5.164e-04,0.440,0.341,23415
922,3.67469,3.70127,5.161e-04,0.436,0.347,23490
923,3.56995,3.70127,5.159e-04,0.495,0.376,23440
924,4.16150,3.70127,5.157e-04,0.541,0.452,23480
925,3.67304,3.70127,5.155e-04,0.412,0.308,23430
926,3.71839,3.70127,5.153e-04,0.513,0.422,23432
927,3.51532,3.70127,5.150e-04,0.422,0.339,23495
928,3.60233,3.70127,5.148e-04,0.495,0.402,23409
929,3.96420,3.70127,5.146e-04,0.535,0.430,23350
930,4.61963,3.70127,5.144e-04,0.464,0.368,23606
931,4.27946,3.70127,5.142e-04,0.466,0.371,23450
932,3.80428,3.70127,5.139e-04,0.537,0.433,23510
933,3.55542,3.70127,5.137e-04,0.509,0.411,23422
934,3.53241,3.70127,5.135e-04,0.606,0.516,23515
935,4.23828,3.70127,5.133e-04,0.541,0.448,23395
936,3.63191,3.70127,5.131e-04,0.603,0.516,23446
937,3.76545,3.70127,5.128e-04,0.569,0.467,23511
938,4.00578,3.70127,5.126e-04,0.463,0.371,23433
939,3.76443,3.70127,5.124e-04,0.521,0.420,23527
940,4.20419,3.70127,5.122e-04,0.534,0.449,23415
941,3.37343,3.70127,5.119e-04,0.641,0.560,23394
942,3.68840,3.70127,5.117e-04,0.563,0.473,23523
943,3.98513,3.70127,5.115e-04,0.568,0.467,23436
944,3.89096,3.70127,5.113e-04,0.530,0.449,23504
945,3.40730,3.70127,5.110e-04,0.586,0.481,23458
946,3.66328,3.70127,5.108e-04,0.636,0.547,23431
947,3.48109,3.70127,5.106e-04,0.471,0.375,23520
948,3.82860,3.70127,5.104e-04,0.446,0.351,23433
949,4.06031,3.70127,5.101e-04,0.616,0.542,23504
950,4.19783,3.70127,5.099e-04,0.499,0.408,23419
951,3.61907,3.70127,5.097e-04,0.625,0.513,23439
952,4.01363,3.70127,5.095e-04,0.569,0.496,23549
953,3.94816,3.70127,5.092e-04,0.725,0.643,23458
954,3.61232,3.70127,5.090e-04,0.488,0.384,23492
955,3.59760,3.70127,5.088e-04,0.707,0.630,23463
956,3.77830,3.70127,5.086e-04,0.485,0.403,23428
957,3.69386,3.70127,5.083e-04,0.502,0.413,23493
958,4.13562,3.70127,5.081e-04,0.488,0.403,23198
959,3.42660,3.70127,5.079e-04,0.542,0.436,23762
960,3.98493,3.70127,5.076e-04,0.507,0.413,23489
961,4.14083,3.70127,5.074e-04,0.507,0.427,23408
962,3.84978,3.70127,5.072e-04,0.539,0.438,23538
963,3.53802,3.70127,5.070e-04,0.504,0.414,23444
964,3.84954,3.70127,5.067e-04,0.618,0.546,23456
965,3.79805,3.70127,5.065e-04,0.590,0.494,23147
966,3.71600,3.70127,5.063e-04,0.522,0.426,23794
967,3.91261,3.70127,5.060e-04,0.557,0.484,23505
968,4.11082,3.70127,5.058e-04,0.478,0.377,23411
969,4.09842,3.70127,5.056e-04,0.513,0.422,23464
970,4.36651,3.70127,5.054e-04,0.514,0.427,23465
971,3.78229,3.70127,5.051e-04,0.745,0.668,23392
972,3.83544,3.70127,5.049e-04,0.510,0.413,23455
973,3.95018,3.70127,5.047e-04,0.626,0.542,23535
974,3.30554,3.70127,5.044e-04,0.585,0.497,23436
975,3.73394,3.70127,5.042e-04,0.525,0.435,23487
976,3.65085,3.70127,5.040e-04,0.725,0.643,23391
977,3.40760,3.70127,5.037e-04,0.593,0.501,23529
978,3.75473,3.70127,5.035e-04,0.661,0.579,23416
979,3.65453,3.70127,5.033e-04,0.520,0.383,23467
980,3.34003,3.70127,5.030e-04,0.639,0.536,23335
981,3.41873,3.70127,5.028e-04,0.552,0.468,23576
982,3.73332,3.70127,5.026e-04,0.497,0.413,23484
983,3.97551,3.70127,5.023e-04,0.507,0.405,23457
984,4.06704,3.70127,5.021e-04,0.609,0.530,23447
985,3.57190,3.70127,5.019e-04,0.667,0.588,23469
986,3.95339,3.70127,5.016e-04,0.517,0.417,23420
987,4.16142,3.70127,5.014e-04,0.601,0.524,23530
988,3.62246,3.70127,5.012e-04,0.668,0.586,23458
989,3.69426,3.70127,5.009e-04,0.600,0.513,23444
990,3.81866,3.70127,5.007e-04,0.620,0.533,23473
991,3.81862,3.70127,5.005e-04,0.672,0.594,23459
992,3.85168,3.70127,5.002e-04,0.469,0.355,23564
993,3.82167,3.70127,5.000e-04,0.596,0.507,23453
994,3.29686,3.70127,4.998e-04,0.637,0.547,23413
995,3.75809,3.70127,4.995e-04,0.480,0.387,23493
996,3.50141,3.70127,4.993e-04,0.600,0.521,23417
997,3.93341,3.70127,4.991e-04,0.587,0.512,23531
998,3.79248,3.70127,4.988e-04,0.594,0.504,23457
999,3.79054,3.70127,4.986e-04,0.580,0.494,23453
1000,3.38292,3.60842,4.983e-04,0.854,0.762,6675
1001,3.66656,3.60842,4.981e-04,0.838,0.744,23772
1002,3.77838,3.60842,4.979e-04,0.633,0.536,23394
1003,3.52402,3.60842,4.976e-04,0.535,0.430,23423
1004,3.69481,3.60842,4.974e-04,0.688,0.595,23401
1005,3.47216,3.60842,4.972e-04,0.749,0.649,23518
1006,3.76984,3.60842,4.969e-04,0.557,0.459,23502
1007,4.35722,3.60842,4.967e-04,0.684,0.591,23417
1008,3.93815,3.60842,4.964e-04,0.576,0.443,23433
1009,3.63483,3.60842,4.962e-04,0.667,0.591,23493
1010,4.07024,3.60842,4.960e-04,0.641,0.557,23372
1011,3.63670,3.60842,4.957e-04,0.711,0.638,23205
1012,3.43120,3.60842,4.955e-04,0.812,0.720,23716
1013,3.67348,3.60842,4.952e-04,1.241,1.163,23425
1014,3.72141,3.60842,4.950e-04,0.604,0.518,23513
1015,4.01791,3.60842,4.948e-04,0.807,0.722,23443
1016,4.18492,3.60842,4.945e-04,0.642,0.565,23373
1017,3.86128,3.60842,4.943e-04,0.844,0.756,23571
1018,3.74542,3.60842,4.940e-04,0.685,0.603,23409
1019,4.03981,3.60842,4.938e-04,0.858,0.796,23190
1020,3.74622,3.60842,4.936e-04,0.764,0.670,23723
1021,3.81775,3.60842,4.933e-04,0.821,0.760,23519
1022,3.86404,3.60842,4.931e-04,0.710,0.636,23389
1023,3.94488,3.60842,4.928e-04,0.630,0.547,23457
1024,3.98586,3.60842,4.926e-04,0.765,0.657,23515
1025,3.15168,3.60842,4.924e-04,0.851,0.747,23414
1026,3.70528,3.60842,4.921e-04,1.087,1.006,23511
1027,4.47057,3.60842,4.919e-04,0.626,0.549,23428
1028,3.42213,3.60842,4.916e-04,0.628,0.511,23440
1029,3.44910,3.60842,4.914e-04,0.675,0.582,23514
1030,3.72390,3.60842,4.911e-04,0.694,0.619,23416
1031,3.03839,3.60842,4.909e-04,0.729,0.637,23494
1032,3.75195,3.60842,4.907e-04,0.692,0.600,23428
1033,3.79047,3.60842,4.904e-04,0.770,0.689,23381
1034,3.90685,3.60842,4.902e-04,0.709,0.628,23514
1035,3.68527,3.60842,4.899e-04,0.752,0.654,23445
1036,3.56862,3.60842,4.897e-04,0.855,0.782,23468
1037,3.61032,3.60842,4.894e-04,0.769,0.690,23423
1038,3.37518,3.60842,4.892e-04,0.730,0.644,23258
1039,3.33229,3.60842,4.889e-04,0.997,0.917,23662
1040,3.48866,3.60842,4.887e-04,0.971,0.891,23449
1041,3.63596,3.60842,4.885e-04,0.763,0.688,23482
1042,3.73788,3.60842,4.882e-04,0.788,0.698,23463
1043,3.62339,3.60842,4.880e-04,0.838,0.757,23429
1044,3.79772,3.60842,4.877e-04,0.624,0.540,23528
1045,3.66956,3.60842,4.875e-04,0.904,0.828,23375
1046,3.68796,3.60842,4.872e-04,0.946,0.878,23541
1047,3.97995,3.60842,4.870e-04,1.280,1.209,23439
1048,3.40275,3.60842,4.867e-04,1.431,1.362,23450
1049,3.72707,3.60842,4.865e-04,0.925,0.843,23497
1050,3.58374,3.60842,4.862e-04,1.213,1.112,23438
1051,3.74463,3.60842,4.860e-04,0.798,0.703,23454
1052,4.11919,3.60842,4.857e-04,0.777,0.696,23307
1053,4.31573,3.60842,4.855e-04,0.783,0.714,23622
1054,3.84648,3.60842,4.853e-04,0.686,0.594,23339
1055,3.54416,3.60842,4.850e-04,1.020,0.933,23551
1056,3.77102,3.60842,4.848e-04,0.825,0.744,23484
1057,3.91815,3.60842,4.845e-04,0.767,0.674,23472
1058,3.52819,3.60842,4.843e-04,0.968,0.871,23393
1059,3.89049,3.60842,4.840e-04,0.951,0.882,23534
1060,4.03107,3.60842,4.838e-04,0.800,0.720,23414
1061,3.84931,3.60842,4.835e-04,1.014,0.922,23478
1062,3.59208,3.60842,4.833e-04,0.869,0.784,23444
1063,4.24365,3.60842,4.830e-04,0.803,0.721,23411
1064,3.49138,3.60842,4.828e-04,0.883,0.805,23532
1065,3.59751,3.60842,4.825e-04,1.160,1.082,23423
1066,3.92749,3.60842,4.823e-04,0.905,0.819,23445
1067,3.74994,3.60842,4.820e-04,1.031,0.956,23521
1068,3.81001,3.60842,4.818e-04,1.156,1.082,23334
1069,3.42091,3.60842,4.815e-04,0.957,0.861,23602
1070,3.92151,3.60842,4.813e-04,1.077,0.993,23429
1071,4.25191,3.60842,4.810e-04,1.009,0.930,23456
1072,3.57298,3.60842,4.808e-04,1.984,1.911,23489
1073,4.08311,3.60842,4.805e-04,1.038,0.957,23404
1074,3.81479,3.60842,4.803e-04,1.369,1.299,23478
1075,3.77300,3.60842,4.800e-04,0.757,0.664,23441
1076,3.67460,3.60842,4.798e-04,1.035,0.964,23436
1077,3.64988,3.60842,4.795e-04,0.927,0.836,23475
1078,4.09486,3.60842,4.792e-04,0.757,0.678,23421
1079,3.56639,3.60842,4.790e-04,1.121,1.034,23450
1080,4.27285,3.60842,4.787e-04,0.906,0.826,23430
1081,3.91118,3.60842,4.785e-04,0.861,0.784,23460
1082,3.33677,3.60842,4.782e-04,0.993,0.901,23495
1083,3.47244,3.60842,4.780e-04,1.263,1.193,23438
1084,3.62696,3.60842,4.777e-04,0.759,0.674,23519
1085,4.05811,3.60842,4.775e-04,0.958,0.907,23402
1086,4.13307,3.60842,4.772e-04,0.899,0.829,23436
1087,3.21612,3.60842,4.770e-04,1.108,1.023,23489
1088,3.74666,3.60842,4.767e-04,1.163,1.100,23412
1089,3.85389,3.60842,4.765e-04,0.960,0.892,23535
1090,4.27321,3.60842,4.762e-04,1.096,1.024,23419
1091,3.28573,3.60842,4.759e-04,2.233,2.136,23438
1092,3.55571,3.60842,4.757e-04,1.104,1.033,23516
1093,3.74295,3.60842,4.754e-04,2.053,1.970,23393
1094,3.44722,3.60842,4.752e-04,1.823,1.747,23504
1095,3.42324,3.60842,4.749e-04,2.328,2.232,23380
1096,3.91702,3.60842,4.747e-04,1.343,1.273,23409
1097,3.72738,3.60842,4.744e-04,1.410,1.337,23507
1098,3.64702,3.60842,4.742e-04,1.312,1.244,23448
1099,3.54953,3.60842,4.739e-04,1.060,0.990,23529
1100,3.44920,3.60842,4.736e-04,1.033,0.954,23401
1101,3.47094,3.60842,4.734e-04,1.480,1.393,23363
1102,3.22659,3.60842,4.731e-04,1.593,1.520,23582
1103,3.91728,3.60842,4.729e-04,1.401,1.342,23386
1104,3.49655,3.60842,4.726e-04,1.178,1.104,23512
1105,3.49947,3.60842,4.724e-04,0.986,0.898,23455
1106,3.71511,3.60842,4.721e-04,1.077,1.007,23451
1107,3.34319,3.60842,4.718e-04,1.150,1.061,23495
1108,3.92165,3.60842,4.716e-04,0.974,0.889,23409
1109,3.08315,3.60842,4.713e-04,1.452,1.388,23495
1110,3.08026,3.60842,4.711e-04,1.781,1.697,23429
1111,3.40026,3.60842,4.708e-04,0.991,0.918,23402
1112,3.36519,3.60842,4.706e-04,2.069,1.988,23415
1113,3.85002,3.60842,4.703e-04,0.812,0.713,23554
1114,3.34636,3.60842,4.700e-04,0.987,0.896,23489
1115,3.33976,3.60842,4.698e-04,1.011,0.937,23458
1116,3.45545,3.60842,4.695e-04,1.170,1.106,23414
1117,3.97019,3.60842,4.693e-04,1.049,0.973,23484
1118,3.46725,3.60842,4.690e-04,1.021,0.928,23379
1119,3.47681,3.60842,4.687e-04,1.040,0.979,23451
1120,3.87953,3.60842,4.685e-04,1.437,1.365,23451
1121,4.05466,3.60842,4.682e-04,1.142,1.079,23408
1122,3.40113,3.60842,4.680e-04,1.237,1.171,23524
1123,3.42661,3.60842,4.677e-04,1.520,1.434,23429
1124,3.36739,3.60842,4.674e-04,0.913,0.812,23423
1125,4.17131,3.60842,4.672e-04,1.342,1.274,23466
1126,3.41122,3.60842,4.669e-04,2.043,1.946,23399
1127,3.54281,3.60842,4.667e-04,1.271,1.202,23508
1128,2.98318,3.60842,4.664e-04,2.087,2.001,23406
1129,3.28293,3.60842,4.661e-04,1.586,1.514,23504
1130,4.17092,3.60842,4.659e-04,1.164,1.099,23500
1131,3.63864,3.60842,4.656e-04,1.520,1.448,23411
1132,3.90813,3.60842,4.653e-04,0.839,0.760,23539
1133,4.11373,3.60842,4.651e-04,1.337,1.266,23469
1134,3.57836,3.60842,4.648e-04,1.427,1.357,23424
1135,3.80281,3.60842,4.646e-04,1.166,1.103,23477
1136,3.52812,3.60842,4.643e-04,0.905,0.824,23436
1137,3.84241,3.60842,4.640e-04,1.258,1.185,23345
1138,3.33475,3.60842,4.638e-04,1.744,1.660,23563
1139,3.52968,3.60842,4.635e-04,1.345,1.253,23480
1140,3.86552,3.60842,4.632e-04,0.948,0.871,23493
1141,3.91211,3.60842,4.630e-04,1.284,1.220,23340
1142,3.81248,3.60842,4.627e-04,1.133,1.052,23557
1143,3.79686,3.60842,4.625e-04,1.062,0.986,23444
1144,4.23143,3.60842,4.622e-04,1.051,0.974,23430
1145,3.48223,3.60842,4.619e-04,1.314,1.213,23522
1146,3.84788,3.60842,4.617e-04,1.068,1.003,23381
1147,3.81018,3.60842,4.614e-04,0.937,0.856,23490
1148,3.50158,3.60842,4.611e-04,1.609,1.536,23417
1149,3.74337,3.60842,4.609e-04,1.372,1.292,23449
1150,3.80270,3.60842,4.606e-04,0.829,0.752,23479
1151,3.43718,3.60842,4.603e-04,1.771,1.706,23409
1152,3.73932,3.60842,4.601e-04,1.307,1.222,23552
1153,3.48114,3.60842,4.598e-04,0.998,0.915,23456
1154,3.68227,3.60842,4.595e-04,1.615,1.546,23408
1155,4.03239,3.60842,4.593e-04,0.829,0.751,23511
1156,3.88472,3.60842,4.590e-04,1.774,1.710,23387
1157,3.42473,3.60842,4.587e-04,1.071,0.986,23509
1158,3.62809,3.60842,4.585e-04,1.260,1.200,23420
1159,3.24655,3.60842,4.582e-04,2.049,1.980,23398
1160,3.24521,3.60842,4.579e-04,1.199,1.093,23522
1161,3.54875,3.60842,4.577e-04,1.660,1.602,23296
1162,3.72044,3.60842,4.574e-04,0.973,0.900,23652
1163,3.60817,3.60842,4.571e-04,2.799,2.744,23426
1164,3.74589,3.60842,4.569e-04,1.623,1.553,23416
1165,3.35255,3.60842,4.566e-04,1.820,1.734,23508
1166,3.23932,3.60842,4.563e-04,1.633,1.560,23422
1167,3.10167,3.60842,4.561e-04,2.073,1.992,23474
1168,4.01958,3.60842,4.558e-04,1.854,1.792,23437
1169,3.87846,3.60842,4.555e-04,1.100,1.025,23432
1170,3.68399,3.60842,4.553e-04,1.772,1.697,23546
1171,3.76573,3.60842,4.550e-04,1.125,1.051,23410
1172,3.46728,3.60842,4.547e-04,1.169,1.091,23510
1173,4.09424,3.60842,4.545e-04,1.089,1.026,23467
1174,3.14017,3.60842,4.542e-04,1.601,1.522,23407
1175,3.80017,3.60842,4.539e-04,1.347,1.286,23393
1176,3.41753,3.60842,4.537e-04,1.292,1.218,23551
1177,3.65690,3.60842,4.534e-04,1.686,1.624,23496
1178,3.67100,3.60842,4.531e-04,1.056,0.981,23456
1179,3.45477,3.60842,4.528e-04,2.239,2.171,23370
1180,3.25911,3.60842,4.526e-04,1.844,1.785,23521
1181,3.56298,3.60842,4.523e-04,1.205,1.130,23396
1182,3.41067,3.60842,4.520e-04,1.774,1.705,23490
1183,3.82880,3.60842,4.518e-04,0.997,0.922,23461
1184,3.97031,3.60842,4.515e-04,1.708,1.639,23435
1185,3.53234,3.60842,4.512e-04,1.327,1.237,23507
1186,3.83981,3.60842,4.510e-04,1.074,1.000,23398
1187,3.88027,3.60842,4.507e-04,1.402,1.322,23463
1188,3.62679,3.60842,4.504e-04,1.679,1.616,23474
1189,3.90960,3.60842,4.501e-04,1.453,1.383,23451
1190,3.94029,3.60842,4.499e-04,1.126,1.048,23519
1191,3.54331,3.60842,4.496e-04,1.905,1.838,23422
1192,3.52215,3.60842,4.493e-04,1.713,1.639,23466
1193,3.47284,3.60842,4.491e-04,1.602,1.532,23443
1194,3.63524,3.60842,4.488e-04,1.986,1.911,23425
1195,3.66603,3.60842,4.485e-04,1.758,1.688,23495
1196,3.43775,3.60842,4.482e-04,1.822,1.754,23441
1197,3.78302,3.60842,4.480e-04,1.027,0.950,23495
1198,3.33604,3.60842,4.477e-04,2.044,1.963,23483
1199,3.68525,3.60842,4.474e-04,1.318,1.240,23404
1200,3.49033,3.60842,4.471e-04,1.363,1.280,23514
1201,3.84632,3.60842,4.469e-04,1.956,1.894,23427
1202,3.48897,3.60842,4.466e-04,1.185,1.095,23433
1203,3.88898,3.60842,4.463e-04,1.733,1.674,23264
1204,4.11883,3.60842,4.461e-04,1.312,1.244,23644
1205,3.67222,3.60842,4.458e-04,1.131,1.059,23514
1206,3.62268,3.60842,4.455e-04,0.844,0.760,23433
1207,3.13326,3.60842,4.452e-04,1.830,1.748,23177
1208,3.26804,3.60842,4.450e-04,1.657,1.571,23800
1209,3.83697,3.60842,4.447e-04,1.022,0.947,23441
1210,3.59725,3.60842,4.444e-04,1.233,1.154,23539
1211,3.73880,3.60842,4.441e-04,2.247,2.180,23434
1212,3.73248,3.60842,4.439e-04,1.597,1.515,23470
1213,3.56974,3.60842,4.436e-04,1.222,1.148,23462
1214,3.45902,3.60842,4.433e-04,1.366,1.301,23454
1215,3.42898,3.60842,4.430e-04,1.594,1.519,23520
1216,3.39623,3.60842,4.428e-04,1.754,1.685,23432
1217,3.86993,3.60842,4.425e-04,1.158,1.089,23466
1218,3.58222,3.60842,4.422e-04,3.419,3.346,23504
1219,3.74330,3.60842,4.419e-04,1.560,1.487,23433
1220,3.11327,3.60842,4.417e-04,2.955,2.865,23416
1221,3.44237,3.60842,4.414e-04,2.015,1.929,23497
1222,3.13022,3.60842,4.411e-04,2.427,2.343,23399
1223,3.42708,3.60842,4.408e-04,1.289,1.217,23460
1224,3.44833,3.60842,4.406e-04,1.254,1.168,23406
1225,3.60207,3.60842,4.403e-04,1.335,1.260,23522
1226,3.79400,3.60842,4.400e-04,1.875,1.809,23431
1227,3.45256,3.60842,4.397e-04,1.187,1.093,23440
1228,4.05373,3.60842,4.394e-04,1.813,1.755,23494
1229,3.38378,3.60842,4.392e-04,1.839,1.757,23406
1230,3.52546,3.60842,4.389e-04,1.958,1.892,23531
1231,3.79279,3.60842,4.386e-04,1.376,1.302,23394
1232,3.37737,3.60842,4.383e-04,1.848,1.772,23409
1233,3.35080,3.60842,4.381e-04,1.499,1.397,23567
1234,3.62680,3.60842,4.378e-04,1.272,1.200,23392
1235,3.59167,3.60842,4.375e-04,2.452,2.366,23513
1236,3.70747,3.60842,4.372e-04,1.525,1.461,23462
1237,3.17059,3.60842,4.370e-04,2.626,2.549,23272
1238,3.12817,3.60842,4.367e-04,1.433,1.356,23645
1239,3.75675,3.60842,4.364e-04,1.141,1.075,23402
1240,3.51473,3.60842,4.361e-04,1.112,1.039,23478
1241,3.47938,3.60842,4.358e-04,1.537,1.465,23328
1242,3.63240,3.60842,4.356e-04,1.937,1.875,23554
1243,3.09724,3.60842,4.353e-04,1.256,1.155,23508
1244,3.45598,3.60842,4.350e-04,1.067,0.995,23425
1245,3.19165,3.60842,4.347e-04,1.316,1.222,23512
1246,3.10479,3.60842,4.344e-04,1.331,1.244,23420
1247,3.66066,3.60842,4.342e-04,1.505,1.442,23404
1248,3.88205,3.60842,4.339e-04,0.978,0.890,23531
1249,3.54560,3.60842,4.336e-04,1.758,1.683,23442
1250,3.43060,3.34259,4.333e-04,2.389,2.320,6674
1251,3.23347,3.34259,4.330e-04,1.470,1.377,23681
1252,3.74532,3.34259,4.328e-04,1.261,1.197,23501
1253,3.57365,3.34259,4.325e-04,1.643,1.567,23381
1254,3.52350,3.34259,4.322e-04,1.521,1.452,23501
1255,3.31512,3.34259,4.319e-04,1.548,1.453,23429
1256,3.38927,3.34259,4.316e-04,2.807,2.742,23424
1257,3.55865,3.34259,4.314e-04,1.890,1.808,23530
1258,3.40469,3.34259,4.311e-04,3.583,3.522,23414
1259,3.49272,3.34259,4.308e-04,3.288,3.220,23502
1260,3.79273,3.34259,4.305e-04,2.332,2.269,23434
1261,3.52416,3.34259,4.302e-04,2.619,2.569,23412
1262,3.33183,3.34259,4.300e-04,2.347,2.266,23475
1263,3.80956,3.34259,4.297e-04,1.761,1.711,23421
1264,3.64128,3.34259,4.294e-04,1.737,1.688,23517
1265,3.60279,3.34259,4.291e-04,1.517,1.455,23387
1266,3.42451,3.34259,4.288e-04,1.808,1.736,23475
1267,3.44501,3.34259,4.285e-04,1.398,1.320,23497
1268,3.23749,3.34259,4.283e-04,1.616,1.543,23400
1269,3.13836,3.34259,4.280e-04,1.601,1.526,23526
1270,3.46650,3.34259,4.277e-04,1.571,1.491,23427
1271,3.53925,3.34259,4.274e-04,1.530,1.464,23410
1272,3.36584,3.34259,4.271e-04,1.763,1.692,23533
1273,3.89372,3.34259,4.269e-04,2.016,1.947,23453
1274,3.28950,3.34259,4.266e-04,1.568,1.478,23485
1275,3.20295,3.34259,4.263e-04,1.559,1.491,23432
1276,3.36978,3.34259,4.260e-04,2.657,2.594,23446
1277,3.57805,3.34259,4.257e-04,1.316,1.250,23464
1278,3.31975,3.34259,4.254e-04,2.196,2.132,23406
1279,3.83468,3.34259,4.252e-04,1.494,1.431,23473
1280,3.40798,3.34259,4.249e-04,2.618,2.551,23487
1281,3.44334,3.34259,4.246e-04,1.823,1.760,23427
1282,3.75875,3.34259,4.243e-04,1.391,1.307,23489
1283,3.67187,3.34259,4.240e-04,1.283,1.209,23405
1284,3.84581,3.34259,4.237e-04,1.552,1.484,23510
1285,3.49150,3.34259,4.235e-04,1.565,1.487,23454
1286,3.56850,3.34259,4.232e-04,1.279,1.211,23437
1287,3.51196,3.34259,4.229e-04,1.581,1.510,23544
1288,3.12690,3.34259,4.226e-04,1.977,1.896,23394
1289,3.32989,3.34259,4.223e-04,1.336,1.267,23437
1290,3.70111,3.34259,4.220e-04,1.209,1.139,23477
1291,3.51594,3.34259,4.217e-04,1.645,1.577,23412
1292,3.65623,3.34259,4.215e-04,1.287,1.213,23493
1293,3.45804,3.34259,4.212e-04,1.818,1.763,23266
1294,3.55287,3.34259,4.209e-04,1.985,1.919,23635
1295,3.18720,3.34259,4.206e-04,1.435,1.341,23487
1296,3.56823,3.34259,4.203e-04,1.575,1.500,23430
1297,3.41736,3.34259,4.200e-04,2.923,2.859,23495
1298,3.53941,3.34259,4.197e-04,1.375,1.281,23389
1299,3.33889,3.34259,4.195e-04,1.965,1.885,23464
1300,3.39052,3.34259,4.192e-04,1.415,1.336,23150
1301,3.44603,3.34259,4.189e-04,1.938,1.857,23714
1302,3.38404,3.34259,4.186e-04,1.729,1.650,23495
1303,3.11261,3.34259,4.183e-04,1.405,1.308,23401
1304,3.24497,3.34259,4.180e-04,1.202,1.124,23476
1305,3.67581,3.34259,4.177e-04,1.435,1.351,23483
1306,3.44810,3.34259,4.175e-04,1.149,1.051,23422
1307,3.57424,3.34259,4.172e-04,0.989,0.903,23477
1308,3.81378,3.34259,4.169e-04,1.819,1.760,23416
1309,3.35816,3.34259,4.166e-04,1.671,1.595,23434
1310,3.74757,3.34259,4.163e-04,1.993,1.936,23477
1311,3.52632,3.34259,4.160e-04,1.635,1.541,23368
1312,2.96007,3.34259,4.157e-04,2.053,1.955,23488
1313,3.45628,3.34259,4.154e-04,1.659,1.587,23439
1314,3.67846,3.34259,4.152e-04,1.260,1.171,23458
1315,3.96872,3.34259,4.149e-04,1.482,1.415,23499
1316,3.86009,3.34259,4.146e-04,1.670,1.593,23405
1317,3.09864,3.34259,4.143e-04,1.996,1.897,23518
1318,3.58903,3.34259,4.140e-04,1.483,1.404,23384
1319,3.05162,3.34259,4.137e-04,2.796,2.740,23481
1320,2.85445,3.34259,4.134e-04,1.818,1.708,23460
1321,3.12067,3.34259,4.131e-04,2.045,1.984,23430
1322,3.42668,3.34259,4.129e-04,1.842,1.773,23528
1323,3.46335,3.34259,4.126e-04,1.206,1.120,23421
1324,3.12233,3.34259,4.123e-04,2.312,2.256,23396
1325,3.47904,3.34259,4.120e-04,1.686,1.600,23500
1326,3.45969,3.34259,4.117e-04,1.660,1.600,23435
1327,3.80125,3.34259,4.114e-04,1.207,1.129,23502
1328,2.88477,3.34259,4.111e-04,2.116,2.022,23436
1329,3.51502,3.34259,4.108e-04,1.617,1.538,23418
1330,3.21003,3.34259,4.105e-04,2.036,1.946,23557
1331,3.42199,3.34259,4.103e-04,1.786,1.718,23368
1332,3.46881,3.34259,4.100e-04,1.573,1.498,23476
1333,3.46063,3.34259,4.097e-04,1.511,1.426,23443
1334,4.27265,3.34259,4.094e-04,1.719,1.657,23387
1335,3.23714,3.34259,4.091e-04,2.284,2.186,23542
1336,3.65772,3.34259,4.088e-04,1.042,0.954,23424
1337,3.23898,3.34259,4.085e-04,1.589,1.526,23486
1338,3.14770,3.34259,4.082e-04,1.883,1.796,23433
1339,3.50705,3.34259,4.079e-04,1.233,1.153,23141
1340,3.20597,3.34259,4.077e-04,1.374,1.297,23816
1341,3.22110,3.34259,4.074e-04,1.922,1.844,23411
1342,3.21670,3.34259,4.071e-04,1.605,1.518,23461
1343,3.26174,3.34259,4.068e-04,1.759,1.688,23266
1344,3.61469,3.34259,4.065e-04,1.186,1.091,23596
1345,3.01911,3.34259,4.062e-04,1.995,1.901,23502
1346,3.48417,3.34259,4.059e-04,1.638,1.545,23433
1347,3.60945,3.34259,4.056e-04,1.303,1.228,23395
1348,2.88317,3.34259,4.053e-04,2.049,1.957,23486
1349,4.19392,3.34259,4.050e-04,1.496,1.429,23436
1350,2.98278,3.34259,4.047e-04,1.440,1.355,23526
1351,3.89540,3.34259,4.045e-04,1.278,1.206,23404
1352,3.55471,3.34259,4.042e-04,1.584,1.512,23509
1353,4.07780,3.34259,4.039e-04,1.035,0.965,23421
1354,3.11457,3.34259,4.036e-04,1.865,1.774,23396
1355,3.40069,3.34259,4.033e-04,2.073,2.007,23561
1356,3.39459,3.34259,4.030e-04,1.143,1.051,23403
1357,3.43592,3.34259,4.027e-04,1.636,1.569,23459
1358,3.52356,3.34259,4.024e-04,1.397,1.326,23433
1359,3.62922,3.34259,4.021e-04,1.701,1.629,23421
1360,3.46034,3.34259,4.018e-04,1.371,1.286,23525
1361,3.67451,3.34259,4.015e-04,2.731,2.654,23367
1362,3.89607,3.34259,4.012e-04,1.101,0.985,23426
1363,3.06652,3.34259,4.010e-04,1.556,1.480,23465
1364,3.70386,3.34259,4.007e-04,1.818,1.755,23396
1365,3.43498,3.34259,4.004e-04,1.468,1.384,23519
1366,3.47844,3.34259,4.001e-04,2.669,2.586,23427
1367,3.54661,3.34259,3.998e-04,1.294,1.196,23449
1368,2.85217,3.34259,3.995e-04,2.793,2.703,23475
1369,3.56353,3.34259,3.992e-04,1.451,1.365,23415
1370,3.91111,3.34259,3.989e-04,1.022,0.934,23511
1371,3.41050,3.34259,3.986e-04,1.224,1.121,23393
1372,3.34748,3.34259,3.983e-04,1.455,1.377,23431
1373,3.35354,3.34259,3.980e-04,1.405,1.320,23472
1374,3.26842,3.34259,3.977e-04,1.891,1.812,23391
1375,3.55634,3.34259,3.974e-04,1.187,1.092,23518
1376,3.15402,3.34259,3.971e-04,1.085,0.970,23402
1377,3.88490,3.34259,3.969e-04,2.021,1.954,23413
1378,3.76485,3.34259,3.966e-04,1.631,1.518,23501
1379,3.33843,3.34259,3.963e-04,1.424,1.331,23394
1380,3.51379,3.34259,3.960e-04,1.549,1.468,23486
1381,2.85593,3.34259,3.957e-04,2.230,2.145,23395
1382,3.53000,3.34259,3.954e-04,1.433,1.359,23430
1383,3.38236,3.34259,3.951e-04,1.284,1.202,23508
1384,3.31607,3.34259,3.948e-04,3.419,3.353,23388
1385,3.00924,3.34259,3.945e-04,2.635,2.527,23508
1386,3.04735,3.34259,3.942e-04,3.959,3.880,23387
1387,3.35001,3.34259,3.939e-04,2.477,2.390,23412
1388,3.06220,3.34259,3.936e-04,3.089,3.004,23524
1389,3.46859,3.34259,3.933e-04,1.890,1.823,23393
1390,3.15193,3.34259,3.930e-04,4.401,4.316,23510
1391,3.77268,3.34259,3.927e-04,2.635,2.565,23454
1392,3.63815,3.34259,3.924e-04,1.883,1.811,23407
1393,3.41421,3.34259,3.921e-04,1.830,1.762,23339
1394,3.17230,3.34259,3.919e-04,2.335,2.272,23585
1395,3.37687,3.34259,3.916e-04,1.648,1.575,23504
1396,2.88887,3.34259,3.913e-04,2.024,1.947,23439
1397,4.05635,3.34259,3.910e-04,1.206,1.129,23441
1398,3.23972,3.34259,3.907e-04,2.615,2.544,23525
1399,3.67676,3.34259,3.904e-04,1.429,1.347,23405
1400,3.52873,3.34259,3.901e-04,1.620,1.540,23560
1401,3.41507,3.34259,3.898e-04,1.183,1.082,23385
1402,3.03722,3.34259,3.895e-04,1.230,1.118,23472
1403,3.24222,3.34259,3.892e-04,1.216,1.128,23477
1404,3.66431,3.34259,3.889e-04,1.156,1.053,23512
1405,3.40633,3.34259,3.886e-04,1.282,1.182,23532
1406,3.34512,3.34259,3.883e-04,1.344,1.251,23431
1407,3.39075,3.34259,3.880e-04,1.350,1.264,23481
1408,3.65450,3.34259,3.877e-04,1.306,1.217,23516
1409,3.01852,3.34259,3.874e-04,1.870,1.789,23428
1410,3.58715,3.34259,3.871e-04,1.623,1.544,23521
1411,2.89019,3.34259,3.868e-04,2.516,2.421,23454
1412,3.75873,3.34259,3.865e-04,1.676,1.609,23416
1413,3.20645,3.34259,3.862e-04,2.931,2.863,23533
1414,3.51509,3.34259,3.859e-04,1.143,1.046,23412
1415,3.40890,3.34259,3.856e-04,1.604,1.526,23492
1416,3.52550,3.34259,3.853e-04,1.310,1.229,23452
1417,3.37906,3.34259,3.850e-04,1.539,1.461,23431
1418,3.89944,3.34259,3.848e-04,1.497,1.432,23496
1419,3.52656,3.34259,3.845e-04,1.301,1.197,23412
1420,3.23259,3.34259,3.842e-04,2.273,2.214,23512
1421,3.18980,3.34259,3.839e-04,1.987,1.917,23430
1422,3.26178,3.34259,3.836e-04,1.705,1.615,23425
1423,2.89289,3.34259,3.833e-04,1.898,1.826,23550
1424,2.88326,3.34259,3.830e-04,1.154,1.043,23251
1425,3.22321,3.34259,3.827e-04,1.736,1.663,23625
1426,3.31631,3.34259,3.824e-04,2.244,2.161,23499
1427,3.39640,3.34259,3.821e-04,1.321,1.211,23442
1428,3.14059,3.34259,3.818e-04,1.444,1.348,23492
1429,3.34530,3.34259,3.815e-04,1.368,1.276,23434
1430,3.09513,3.34259,3.812e-04,1.156,1.049,23440
1431,3.21107,3.34259,3.809e-04,1.426,1.333,23477
1432,3.68852,3.34259,3.806e-04,2.210,2.136,23280
1433,3.34691,3.34259,3.803e-04,1.685,1.596,23665
1434,3.00785,3.34259,3.800e-04,2.677,2.608,23401
1435,3.03313,3.34259,3.797e-04,1.720,1.649,23458
1436,3.00266,3.34259,3.794e-04,1.652,1.562,23500
1437,3.76542,3.34259,3.791e-04,1.403,1.332,23382
1438,2.98500,3.34259,3.788e-04,1.559,1.454,23501
1439,2.97028,3.34259,3.785e-04,1.271,1.186,23442
1440,3.45565,3.34259,3.782e-04,1.056,0.964,23467
1441,3.43976,3.34259,3.779e-04,1.145,1.062,23467
1442,3.29221,3.34259,3.776e-04,2.223,2.148,23441
1443,3.77334,3.34259,3.773e-04,1.421,1.335,23513
1444,3.18804,3.34259,3.770e-04,1.313,1.213,23436
1445,3.03646,3.34259,3.767e-04,2.325,2.258,23435
1446,3.04363,3.34259,3.764e-04,1.299,1.176,23516
1447,2.96936,3.34259,3.761e-04,1.326,1.235,23396
1448,3.59434,3.34259,3.758e-04,2.292,2.231,23549
1449,3.39561,3.34259,3.755e-04,1.687,1.588,23416
1450,3.22813,3.34259,3.752e-04,3.328,3.264,23441
1451,3.09826,3.34259,3.749e-04,3.994,3.927,23470
1452,3.32711,3.34259,3.746e-04,1.881,1.782,23382
1453,3.17314,3.34259,3.743e-04,2.193,2.131,23487
1454,3.32477,3.34259,3.740e-04,1.170,1.076,23400
1455,3.23416,3.34259,3.737e-04,1.941,1.876,23456
1456,3.17200,3.34259,3.734e-04,1.161,1.055,23497
1457,3.24302,3.34259,3.731e-04,1.436,1.359,23410
1458,3.16025,3.34259,3.728e-04,2.317,2.248,23513
1459,3.57106,3.34259,3.725e-04,1.139,1.023,23433
1460,3.50628,3.34259,3.722e-04,1.603,1.523,23434
1461,3.22555,3.34259,3.719e-04,1.523,1.429,23462
1462,2.99002,3.34259,3.716e-04,1.460,1.372,23432
1463,3.56937,3.34259,3.713e-04,1.833,1.761,23327
1464,3.12892,3.34259,3.710e-04,1.383,1.276,23634
1465,3.39805,3.34259,3.707e-04,1.255,1.152,23453
1466,3.13967,3.34259,3.704e-04,1.286,1.190,23507
1467,3.09328,3.34259,3.701e-04,1.257,1.155,23400
1468,3.31816,3.34259,3.698e-04,1.503,1.422,23531
1469,3.55070,3.34259,3.695e-04,2.294,2.224,23403
1470,3.34571,3.34259,3.692e-04,1.260,1.165,23406
1471,3.51778,3.34259,3.689e-04,1.518,1.436,23547
1472,3.49527,3.34259,3.686e-04,1.862,1.783,23389
1473,3.07780,3.34259,3.683e-04,1.092,0.981,23501
1474,2.92437,3.34259,3.680e-04,1.500,1.410,23453
1475,3.30313,3.34259,3.677e-04,1.295,1.204,23411
1476,3.81524,3.34259,3.674e-04,1.471,1.402,23505
1477,3.52500,3.34259,3.671e-04,2.180,2.107,23415
1478,3.05123,3.34259,3.668e-04,1.994,1.924,23406
1479,3.14052,3.34259,3.665e-04,1.393,1.301,23570
1480,3.41494,3.34259,3.662e-04,1.391,1.317,23441
1481,3.17469,3.34259,3.659e-04,1.880,1.799,23471
1482,2.96844,3.34259,3.656e-04,1.458,1.360,23414
1483,3.37333,3.34259,3.653e-04,1.560,1.471,23528
1484,3.63555,3.34259,3.650e-04,1.133,1.050,23350
1485,3.53175,3.34259,3.647e-04,1.133,1.056,23499
1486,2.88572,3.34259,3.644e-04,1.900,1.820,23561
1487,3.33395,3.34259,3.641e-04,1.486,1.402,23391
1488,3.94418,3.34259,3.638e-04,2.312,2.251,23472
1489,3.75950,3.34259,3.635e-04,1.287,1.207,23446
1490,3.86782,3.34259,3.632e-04,1.804,1.731,23404
1491,3.05870,3.34259,3.629e-04,2.262,2.186,23546
1492,3.07219,3.34259,3.626e-04,1.190,1.080,23418
1493,3.26995,3.34259,3.623e-04,1.330,1.249,23452
1494,3.07954,3.34259,3.620e-04,1.965,1.890,23385
1495,3.24507,3.34259,3.617e-04,1.843,1.762,23320
1496,3.42532,3.34259,3.614e-04,1.022,0.919,23650
1497,3.05585,3.34259,3.611e-04,2.421,2.348,23413
1498,3.40130,3.34259,3.608e-04,1.728,1.643,23448
1499,3.57988,3.34259,3.605e-04,1.791,1.703,23503
1500,3.27013,3.14016,3.602e-04,1.745,1.677,6674
1501,3.60394,3.14016,3.599e-04,1.530,1.452,23707
1502,3.20517,3.14016,3.596e-04,1.044,0.951,23562
1503,3.57732,3.14016,3.593e-04,2.505,2.436,23408
1504,3.07451,3.14016,3.590e-04,1.740,1.636,23426
1505,3.64932,3.14016,3.587e-04,3.096,3.031,23503
1506,3.38057,3.14016,3.584e-04,3.116,3.036,23418
1507,3.53381,3.14016,3.581e-04,2.772,2.701,23472
1508,3.41942,3.14016,3.578e-04,1.998,1.923,23438
1509,3.20556,3.14016,3.575e-04,1.975,1.896,23424
1510,3.23865,3.14016,3.572e-04,1.399,1.309,23511
1511,3.21904,3.14016,3.569e-04,1.621,1.539,23412
1512,3.39386,3.14016,3.566e-04,1.381,1.293,23464
1513,3.37413,3.14016,3.563e-04,1.413,1.309,23447
1514,2.68981,3.14016,3.560e-04,1.379,1.284,23394
1515,3.52077,3.14016,3.557e-04,1.916,1.852,23527
1516,3.33531,3.14016,3.554e-04,1.416,1.314,23370
1517,3.43497,3.14016,3.551e-04,1.887,1.811,23471
1518,3.51146,3.14016,3.548e-04,1.357,1.255,23433
1519,3.22041,3.14016,3.545e-04,1.236,1.147,23385
1520,3.26871,3.14016,3.542e-04,2.044,1.964,23575
1521,2.95799,3.14016,3.539e-04,1.234,1.107,23408
1522,3.41584,3.14016,3.536e-04,2.275,2.211,23489
1523,3.13660,3.14016,3.533e-04,1.642,1.544,23478
1524,3.94223,3.14016,3.530e-04,2.297,2.224,23407
1525,3.16420,3.14016,3.527e-04,2.580,2.503,23490
1526,3.79760,3.14016,3.524e-04,2.544,2.471,23433
1527,3.56775,3.14016,3.521e-04,2.199,2.132,23481
1528,3.43936,3.14016,3.518e-04,1.553,1.476,23487
1529,3.41638,3.14016,3.515e-04,1.488,1.418,23422
1530,3.46633,3.14016,3.512e-04,2.600,2.537,23498
1531,3.52517,3.14016,3.509e-04,1.785,1.717,23388
1532,3.36029,3.14016,3.506e-04,1.948,1.855,23471
1533,3.18869,3.14016,3.503e-04,2.016,1.934,23455
1534,3.29073,3.14016,3.500e-04,1.588,1.500,23437
1535,3.03687,3.14016,3.497e-04,1.378,1.283,23521
1536,2.86288,3.14016,3.494e-04,2.496,2.398,23434
1537,3.21064,3.14016,3.491e-04,1.726,1.643,23454
1538,2.93984,3.14016,3.488e-04,2.367,2.273,23171
1539,3.22156,3.14016,3.485e-04,2.122,2.043,23726
1540,2.67831,3.14016,3.482e-04,2.684,2.603,23502
1541,3.62494,3.14016,3.479e-04,1.618,1.534,23410
1542,3.76145,3.14016,3.476e-04,1.800,1.729,23452
1543,3.08418,3.14016,3.473e-04,1.787,1.701,23511
1544,3.74988,3.14016,3.470e-04,1.860,1.783,23397
1545,3.46684,3.14016,3.467e-04,1.580,1.486,23499
1546,2.87343,3.14016,3.463e-04,2.230,2.163,23411
1547,3.90946,3.14016,3.460e-04,1.494,1.413,23431
1548,3.29617,3.14016,3.457e-04,2.397,2.318,23480
1549,3.26612,3.14016,3.454e-04,1.640,1.555,23383
1550,3.20758,3.14016,3.451e-04,1.846,1.750,23523
1551,3.00662,3.14016,3.448e-04,1.401,1.308,23411
1552,2.85416,3.14016,3.445e-04,1.848,1.761,23467
1553,2.89931,3.14016,3.442e-04,1.438,1.342,23501
1554,3.41952,3.14016,3.439e-04,1.664,1.594,23417
1555,3.61112,3.14016,3.436e-04,1.155,1.063,23495
1556,3.26671,3.14016,3.433e-04,1.565,1.471,23424
1557,3.56887,3.14016,3.430e-04,1.299,1.210,23435
1558,3.29445,3.14016,3.427e-04,1.320,1.234,23516
1559,3.25944,3.14016,3.424e-04,1.602,1.513,23347
1560,3.36198,3.14016,3.421e-04,1.416,1.335,23601
1561,3.45173,3.14016,3.418e-04,1.907,1.819,23389
1562,3.74146,3.14016,3.415e-04,1.185,1.092,23447
1563,3.38050,3.14016,3.412e-04,1.332,1.243,23374
1564,2.91951,3.14016,3.409e-04,1.502,1.394,23519
1565,3.01242,3.14016,3.406e-04,1.594,1.507,23488
1566,3.13930,3.14016,3.403e-04,1.690,1.592,23406
1567,3.06699,3.14016,3.400e-04,1.486,1.389,23410
1568,3.01724,3.14016,3.397e-04,1.338,1.232,23472
1569,3.25771,3.14016,3.394e-04,1.226,1.109,23451
1570,3.34704,3.14016,3.391e-04,1.291,1.191,23535
1571,3.30930,3.14016,3.388e-04,1.165,1.034,23402
1572,2.73010,3.14016,3.385e-04,1.760,1.677,23435
1573,3.07994,3.14016,3.382e-04,1.616,1.517,23498
1574,3.11185,3.14016,3.379e-04,1.441,1.342,23420
1575,3.58575,3.14016,3.376e-04,1.158,1.070,23481
1576,3.36096,3.14016,3.373e-04,1.337,1.241,23424
1577,3.28360,3.14016,3.370e-04,1.223,1.129,23465
1578,3.57104,3.14016,3.367e-04,1.061,0.948,23470
1579,3.20223,3.14016,3.364e-04,1.424,1.342,23406
1580,3.41132,3.14016,3.361e-04,1.293,1.205,23478
1581,3.33319,3.14016,3.358e-04,1.320,1.221,23445
1582,3.15171,3.14016,3.355e-04,1.241,1.152,23395
1583,3.05180,3.14016,3.351e-04,2.185,2.110,23464
1584,3.22396,3.14016,3.348e-04,1.292,1.200,23394
1585,3.17546,3.14016,3.345e-04,1.075,0.990,23509
1586,3.25169,3.14016,3.342e-04,1.059,0.967,23451
1587,3.38938,3.14016,3.339e-04,1.478,1.403,23455
1588,2.79343,3.14016,3.336e-04,1.336,1.209,23490
1589,2.84247,3.14016,3.333e-04,1.504,1.398,23377
1590,2.96985,3.14016,3.330e-04,1.876,1.785,23494
1591,3.91256,3.14016,3.327e-04,1.040,0.943,23469
1592,3.67410,3.14016,3.324e-04,1.293,1.198,23451
1593,3.74052,3.14016,3.321e-04,1.239,1.156,23562
1594,3.32481,3.14016,3.318e-04,1.962,1.876,23416
1595,3.02231,3.14016,3.315e-04,2.065,1.982,23441
1596,3.18873,3.14016,3.312e-04,1.864,1.768,23468
1597,3.35410,3.14016,3.309e-04,1.493,1.400,23411
1598,3.27715,3.14016,3.306e-04,1.345,1.251,23495
1599,3.51185,3.14016,3.303e-04,1.059,0.923,23430
1600,3.19087,3.14016,3.300e-04,2.137,2.063,23434
1601,3.29778,3.14016,3.297e-04,1.588,1.477,23422
1602,3.86694,3.14016,3.294e-04,0.950,0.834,23403
1603,2.80217,3.14016,3.291e-04,2.427,2.342,23528
1604,3.42562,3.14016,3.288e-04,1.718,1.637,23442
1605,3.32787,3.14016,3.285e-04,1.941,1.864,23461
1606,2.98853,3.14016,3.282e-04,1.735,1.637,23290
1607,3.30697,3.14016,3.279e-04,1.090,0.989,23567
1608,3.25700,3.14016,3.276e-04,1.275,1.175,23497
1609,3.22110,3.14016,3.273e-04,1.167,1.081,23421
1610,3.78040,3.14016,3.270e-04,1.475,1.387,23460
1611,3.69028,3.14016,3.267e-04,1.274,1.181,23450
1612,3.15742,3.14016,3.264e-04,1.740,1.633,23400
1613,2.85666,3.14016,3.261e-04,1.919,1.830,23487
1614,2.85347,3.14016,3.258e-04,2.155,2.059,23411
1615,2.76281,3.14016,3.255e-04,1.524,1.417,23466
1616,3.20602,3.14016,3.252e-04,1.246,1.153,23513
1617,2.95289,3.14016,3.249e-04,3.013,2.942,23427
1618,3.01449,3.14016,3.245e-04,1.516,1.396,23443
1619,3.11607,3.14016,3.242e-04,1.439,1.346,23181
1620,3.40366,3.14016,3.239e-04,1.561,1.474,23760
1621,2.98609,3.14016,3.236e-04,1.069,0.957,23427
1622,3.32319,3.14016,3.233e-04,1.615,1.539,23422
1623,3.67903,3.14016,3.230e-04,1.190,1.076,23475
1624,3.54935,3.14016,3.227e-04,2.516,2.451,23398
1625,3.47785,3.14016,3.224e-04,1.365,1.228,23459
1626,3.37734,3.14016,3.221e-04,1.589,1.501,23465
1627,3.52190,3.14016,3.218e-04,1.329,1.214,23398
1628,3.02273,3.14016,3.215e-04,1.929,1.840,23493
1629,2.91446,3.14016,3.212e-04,1.567,1.416,23412
1630,2.92768,3.14016,3.209e-04,1.550,1.454,23408
1631,2.92067,3.14016,3.206e-04,1.520,1.390,23537
1632,3.37238,3.14016,3.203e-04,1.483,1.387,23448
1633,3.22604,3.14016,3.200e-04,1.497,1.393,23494
1634,3.50809,3.14016,3.197e-04,1.200,1.113,23411
1635,3.02133,3.14016,3.194e-04,1.518,1.419,23426
1636,2.54160,3.14016,3.191e-04,1.435,1.314,23505
1637,2.88831,3.14016,3.188e-04,2.516,2.444,23376
1638,3.61429,3.14016,3.185e-04,1.699,1.614,23552
1639,2.80552,3.14016,3.182e-04,1.791,1.691,23431
1640,3.73475,3.14016,3.179e-04,1.620,1.545,23438
1641,3.43168,3.14016,3.176e-04,1.134,1.038,23269
1642,2.84747,3.14016,3.173e-04,2.251,2.179,23616
1643,3.54148,3.14016,3.170e-04,1.063,0.959,23489
1644,2.96227,3.14016,3.167e-04,3.166,3.086,23393
1645,2.65821,3.14016,3.164e-04,1.772,1.659,23398
1646,3.48236,3.14016,3.161e-04,1.965,1.895,23481
1647,2.94577,3.14016,3.158e-04,2.077,1.988,23460
1648,3.05669,3.14016,3.155e-04,2.471,2.392,23519
1649,3.66232,3.14016,3.152e-04,2.441,2.376,23428
1650,3.28744,3.14016,3.149e-04,1.200,1.100,23457
1651,3.37955,3.14016,3.146e-04,1.671,1.592,23518
1652,3.55460,3.14016,3.143e-04,1.872,1.800,23415
1653,3.20304,3.14016,3.140e-04,1.292,1.175,23504
1654,2.74521,3.14016,3.137e-04,1.383,1.295,23462
1655,3.09657,3.14016,3.133e-04,1.739,1.662,23438
1656,3.15698,3.14016,3.130e-04,1.139,1.020,23485
1657,2.66805,3.14016,3.127e-04,1.268,1.174,23424
1658,2.98691,3.14016,3.124e-04,1.146,1.041,23486
1659,3.21189,3.14016,3.121e-04,1.165,1.050,23465
1660,3.47033,3.14016,3.118e-04,1.308,1.218,23395
1661,3.29396,3.14016,3.115e-04,1.266,1.142,23515
1662,3.25762,3.14016,3.112e-04,1.322,1.229,23463
1663,2.85142,3.14016,3.109e-04,1.299,1.176,23457
1664,3.13354,3.14016,3.106e-04,1.269,1.162,23454
1665,3.02594,3.14016,3.103e-04,1.431,1.328,23127
1666,3.15986,3.14016,3.100e-04,1.038,0.923,23817
1667,3.68660,3.14016,3.097e-04,1.958,1.892,23415
1668,2.97616,3.14016,3.094e-04,1.449,1.309,23484
1669,3.10642,3.14016,3.091e-04,2.198,2.131,23491
1670,3.06414,3.14016,3.088e-04,1.401,1.274,23430
1671,2.65227,3.14016,3.085e-04,1.291,1.188,23473
1672,3.67539,3.14016,3.082e-04,0.985,0.875,23393
1673,3.42836,3.14016,3.079e-04,1.102,1.009,23468
1674,3.27074,3.14016,3.076e-04,1.225,1.123,23442
1675,3.12245,3.14016,3.073e-04,1.602,1.503,23403
1676,3.59005,3.14016,3.070e-04,1.055,0.940,23481
1677,3.08984,3.14016,3.067e-04,2.047,1.959,23400
1678,3.00727,3.14016,3.064e-04,1.300,1.180,23454
1679,3.16497,3.14016,3.061e-04,1.435,1.345,23486
1680,3.65410,3.14016,3.058e-04,1.800,1.721,23461
1681,3.14473,3.14016,3.055e-04,1.546,1.440,23455
1682,2.90386,3.14016,3.052e-04,1.271,1.159,23397
1683,3.21290,3.14016,3.049e-04,2.053,1.983,23467
1684,3.09852,3.14016,3.046e-04,1.410,1.294,23500
1685,3.22816,3.14016,3.043e-04,1.064,0.958,23436
1686,3.22088,3.14016,3.040e-04,1.496,1.396,23552
1687,2.66379,3.14016,3.037e-04,1.304,1.120,23449
1688,3.02810,3.14016,3.034e-04,1.621,1.540,23423
1689,3.26454,3.14016,3.031e-04,1.939,1.838,23503
1690,3.83850,3.14016,3.028e-04,1.206,1.097,23388
1691,3.41013,3.14016,3.025e-04,2.563,2.494,23488
1692,3.54289,3.14016,3.022e-04,1.627,1.529,23401
1693,3.52435,3.14016,3.019e-04,1.584,1.493,23426
1694,3.27531,3.14016,3.016e-04,1.295,1.212,23268
1695,3.24376,3.14016,3.013e-04,1.383,1.287,23627
1696,3.25467,3.14016,3.010e-04,1.190,1.098,23206
1697,2.76715,3.14016,3.007e-04,1.630,1.537,23697
1698,2.46596,3.14016,3.004e-04,3.031,2.957,23423
1699,3.20052,3.14016,3.001e-04,1.368,1.273,23496
1700,3.13857,3.14016,2.998e-04,2.254,2.186,23407
1701,3.24322,3.14016,2.995e-04,1.544,1.463,23506
1702,3.25018,3.14016,2.992e-04,2.148,2.075,23435
1703,3.05411,3.14016,2.989e-04,1.599,1.500,23441
1704,3.20429,3.14016,2.986e-04,3.160,3.077,23502
1705,3.58253,3.14016,2.983e-04,1.806,1.727,23400
1706,2.88722,3.14016,2.980e-04,4.616,4.541,23505
1707,3.12674,3.14016,2.977e-04,4.253,4.177,23443
1708,3.60782,3.14016,2.974e-04,1.616,1.527,23378
1709,2.73652,3.14016,2.971e-04,3.020,2.939,23503
1710,3.06477,3.14016,2.968e-04,2.132,2.066,23450
1711,3.86422,3.14016,2.965e-04,1.426,1.358,23547
1712,3.49577,3.14016,2.962e-04,1.970,1.909,23432
1713,3.12908,3.14016,2.959e-04,1.483,1.411,23423
1714,3.59626,3.14016,2.956e-04,1.356,1.286,23456
1715,3.13428,3.14016,2.953e-04,1.550,1.471,23414
1716,3.32072,3.14016,2.950e-04,1.725,1.649,23529
1717,2.98620,3.14016,2.947e-04,1.744,1.668,23413
1718,3.43092,3.14016,2.944e-04,1.417,1.329,23426
1719,2.85191,3.14016,2.941e-04,2.028,1.953,23526
1720,3.59739,3.14016,2.938e-04,1.692,1.623,23409
1721,3.46291,3.14016,2.935e-04,1.952,1.854,23481
1722,3.17216,3.14016,2.932e-04,1.616,1.533,23402
1723,2.88158,3.14016,2.929e-04,2.511,2.416,23420
1724,3.18139,3.14016,2.926e-04,1.387,1.292,23485
1725,3.29706,3.14016,2.923e-04,2.116,2.024,23413
1726,2.72919,3.14016,2.920e-04,1.969,1.859,23468
1727,3.07319,3.14016,2.917e-04,1.835,1.750,23445
1728,2.44938,3.14016,2.914e-04,1.989,1.892,23410
1729,3.71978,3.14016,2.911e-04,1.476,1.389,23509
1730,2.94499,3.14016,2.908e-04,2.290,2.207,23431
1731,2.99133,3.14016,2.905e-04,1.164,1.051,23479
1732,3.04050,3.14016,2.902e-04,2.113,2.047,23420
1733,3.17637,3.14016,2.899e-04,1.135,1.021,23408
1734,3.08837,3.14016,2.896e-04,1.804,1.712,23501
1735,3.79966,3.14016,2.893e-04,1.053,0.959,23423
1736,3.23520,3.14016,2.890e-04,1.711,1.628,23157
1737,2.98701,3.14016,2.887e-04,1.272,1.166,23707
1738,3.01320,3.14016,2.884e-04,1.870,1.786,23407
1739,3.37751,3.14016,2.881e-04,1.200,1.078,23554
1740,2.82888,3.14016,2.878e-04,1.842,1.763,23447
1741,3.63181,3.14016,2.875e-04,1.309,1.199,23483
1742,3.27249,3.14016,2.872e-04,1.333,1.232,23480
1743,2.99059,3.14016,2.869e-04,1.506,1.412,23410
1744,3.32381,3.14016,2.866e-04,1.196,1.087,23506
1745,2.77617,3.14016,2.863e-04,1.231,1.112,23411
1746,3.46117,3.14016,2.860e-04,1.286,1.192,23472
1747,3.44554,3.14016,2.857e-04,1.219,1.111,23509
1748,3.47490,3.14016,2.854e-04,1.820,1.733,23410
1749,3.49175,3.14016,2.851e-04,1.290,1.176,23522
1750,3.15942,3.00099,2.848e-04,2.359,2.252,6675
1751,2.98056,3.00099,2.845e-04,1.444,1.348,23596
1752,3.16007,3.00099,2.842e-04,1.609,1.518,23532
1753,2.92452,3.00099,2.839e-04,1.730,1.638,23527
1754,3.53559,3.00099,2.836e-04,1.263,1.157,23391
1755,2.82991,3.00099,2.833e-04,1.365,1.268,23491
1756,2.75805,3.00099,2.830e-04,1.589,1.508,23435
1757,3.28277,3.00099,2.827e-04,1.077,0.951,23372
1758,3.11056,3.00099,2.824e-04,1.308,1.217,23517
1759,2.85682,3.00099,2.821e-04,1.513,1.409,23378
1760,3.50575,3.00099,2.818e-04,0.944,0.835,23222
1761,2.52466,3.00099,2.815e-04,1.527,1.417,23702
1762,2.80813,3.00099,2.812e-04,1.721,1.626,23170
1763,3.18674,3.00099,2.809e-04,1.497,1.386,23774
1764,3.81357,3.00099,2.806e-04,1.264,1.188,23424
1765,3.28666,3.00099,2.803e-04,1.255,1.155,23463
1766,3.61318,3.00099,2.800e-04,1.026,0.943,23428
1767,3.45130,3.00099,2.797e-04,1.772,1.698,23394
1768,3.03765,3.00099,2.794e-04,1.514,1.415,23533
1769,3.27034,3.00099,2.791e-04,1.529,1.434,23368
1770,3.27678,3.00099,2.788e-04,1.344,1.262,23489
1771,3.13592,3.00099,2.785e-04,1.168,1.044,23437
1772,3.31635,3.00099,2.782e-04,1.271,1.178,23415
1773,3.22451,3.00099,2.779e-04,1.247,1.155,23514
1774,2.88429,3.00099,2.776e-04,1.362,1.241,23283
1775,3.06133,3.00099,2.773e-04,1.368,1.283,23646
1776,3.19492,3.00099,2.770e-04,1.200,1.098,23435
1777,2.83395,3.00099,2.767e-04,1.607,1.514,23391
1778,3.07531,3.00099,2.764e-04,1.244,1.133,23424
1779,3.61633,3.00099,2.761e-04,0.956,0.851,23516
1780,3.56966,3.00099,2.758e-04,1.066,0.972,23441
1781,3.01739,3.00099,2.755e-04,1.185,1.064,23421
1782,3.55263,3.00099,2.752e-04,1.062,0.973,23402
1783,3.40801,3.00099,2.750e-04,1.309,1.210,23561
1784,3.35370,3.00099,2.747e-04,1.364,1.257,23396
1785,2.94468,3.00099,2.744e-04,1.684,1.585,23431
1786,2.79845,3.00099,2.741e-04,1.377,1.267,23477
1787,3.22100,3.00099,2.738e-04,1.665,1.576,23404
1788,3.40696,3.00099,2.735e-04,1.049,0.925,23527
1789,3.12637,3.00099,2.732e-04,1.918,1.834,23400
1790,2.88756,3.00099,2.729e-04,1.293,1.155,23458
1791,3.31865,3.00099,2.726e-04,2.463,2.378,23418
1792,3.16756,3.00099,2.723e-04,1.604,1.488,23459
1793,3.12937,3.00099,2.720e-04,2.379,2.279,23528
1794,3.03971,3.00099,2.717e-04,1.826,1.724,23413
1795,2.51795,3.00099,2.714e-04,2.007,1.914,23416
1796,3.00433,3.00099,2.711e-04,1.120,1.000,23485
1797,3.17554,3.00099,2.708e-04,2.317,2.238,23448
1798,2.80772,3.00099,2.705e-04,1.541,1.419,23502
1799,2.88548,3.00099,2.702e-04,1.910,1.813,23386
1800,3.42478,3.00099,2.699e-04,1.349,1.249,23427
1801,3.47714,3.00099,2.696e-04,0.964,0.852,23485
1802,3.26721,3.00099,2.693e-04,1.361,1.269,23411
1803,2.90373,3.00099,2.690e-04,1.475,1.375,23510
1804,3.37538,3.00099,2.687e-04,1.456,1.369,23426
1805,3.14113,3.00099,2.684e-04,1.199,1.099,23382
1806,3.02919,3.00099,2.681e-04,2.697,2.621,23499
1807,2.74575,3.00099,2.679e-04,1.668,1.571,23379
1808,3.25255,3.00099,2.676e-04,2.928,2.855,23490
1809,2.99950,3.00099,2.673e-04,2.414,2.334,23422
1810,2.46302,3.00099,2.670e-04,2.160,2.056,23401
1811,2.91572,3.00099,2.667e-04,2.123,2.056,23487
1812,3.12719,3.00099,2.664e-04,1.499,1.414,23434
1813,3.08264,3.00099,2.661e-04,2.037,1.959,23496
1814,2.94755,3.00099,2.658e-04,1.690,1.599,23447
1815,3.49248,3.00099,2.655e-04,1.302,1.209,23398
1816,3.43495,3.00099,2.652e-04,1.213,1.119,23474
1817,3.03102,3.00099,2.649e-04,1.324,1.209,23426
1818,3.52081,3.00099,2.646e-04,1.068,0.963,23446
1819,3.21117,3.00099,2.643e-04,1.455,1.364,23430
1820,3.05956,3.00099,2.640e-04,1.535,1.409,23418
1821,3.26348,3.00099,2.637e-04,1.050,0.938,23466
1822,3.11548,3.00099,2.634e-04,1.176,1.062,23449
1823,2.84350,3.00099,2.631e-04,1.194,1.076,23500
1824,3.30606,3.00099,2.629e-04,1.313,1.213,23434
1825,3.40828,3.00099,2.626e-04,1.246,1.129,23162
1826,3.03455,3.00099,2.623e-04,1.189,1.064,23777
1827,3.18814,3.00099,2.620e-04,1.180,1.090,23395
1828,3.26065,3.00099,2.617e-04,1.106,0.976,23525
1829,3.05672,3.00099,2.614e-04,1.550,1.461,23439
1830,2.57574,3.00099,2.611e-04,1.211,1.077,23452
1831,3.49193,3.00099,2.608e-04,1.126,1.004,23517
1832,3.48665,3.00099,2.605e-04,1.134,1.043,23378
1833,2.83025,3.00099,2.602e-04,1.585,1.485,23510
1834,2.85929,3.00099,2.599e-04,2.329,2.257,23447
1835,3.12228,3.00099,2.596e-04,1.592,1.502,23441
1836,3.61916,3.00099,2.593e-04,2.073,2.001,23525
1837,3.16443,3.00099,2.590e-04,1.629,1.543,23385
1838,3.14468,3.00099,2.588e-04,2.543,2.441,23498
1839,2.67519,3.00099,2.585e-04,2.250,2.165,23445
1840,3.46279,3.00099,2.582e-04,1.829,1.752,23417
1841,2.83435,3.00099,2.579e-04,3.187,3.108,23499
1842,2.69748,3.00099,2.576e-04,1.257,1.139,23385
1843,2.83012,3.00099,2.573e-04,2.533,2.452,23477
1844,3.22158,3.00099,2.570e-04,1.752,1.664,23441
1845,3.18583,3.00099,2.567e-04,1.837,1.756,23367
1846,2.87503,3.00099,2.564e-04,1.854,1.774,23540
1847,3.58133,3.00099,2.561e-04,1.214,1.098,23404
1848,2.91808,3.00099,2.558e-04,1.009,0.898,23497
1849,3.03867,3.00099,2.555e-04,1.246,1.126,23426
1850,3.40661,3.00099,2.553e-04,1.093,0.978,23396
1851,3.22245,3.00099,2.550e-04,1.123,1.002,23192
1852,2.65008,3.00099,2.547e-04,1.616,1.512,23684
1853,3.57348,3.00099,2.544e-04,1.139,1.032,23458
1854,3.14371,3.00099,2.541e-04,1.068,0.966,23476
1855,3.11461,3.00099,2.538e-04,1.146,1.036,23437
1856,3.04939,3.00099,2.535e-04,1.159,1.040,23228
1857,3.26837,3.00099,2.532e-04,1.128,1.025,23710
1858,3.34761,3.00099,2.529e-04,1.015,0.883,23423
1859,2.75566,3.00099,2.526e-04,1.267,1.143,23483
1860,3.69384,3.00099,2.523e-04,0.980,0.877,23403
1861,2.53445,3.00099,2.521e-04,1.781,1.663,23517
1862,2.58845,3.00099,2.518e-04,1.336,1.183,23439
1863,3.34835,3.00099,2.515e-04,1.137,1.022,23460
1864,2.60988,3.00099,2.512e-04,2.102,1.999,23445
1865,3.34187,3.00099,2.509e-04,1.227,1.103,23422
1866,3.02485,3.00099,2.506e-04,1.604,1.512,23514
1867,3.16520,3.00099,2.503e-04,1.666,1.565,23449
1868,3.56521,3.00099,2.500e-04,1.212,1.117,23450
1869,3.47255,3.00099,2.497e-04,1.166,1.072,23470
1870,2.99741,3.00099,2.495e-04,1.305,1.207,23388
1871,2.57330,3.00099,2.492e-04,1.196,1.085,23484
1872,2.73292,3.00099,2.489e-04,1.478,1.371,23435
1873,2.91272,3.00099,2.486e-04,1.213,1.090,23444
1874,2.83206,3.00099,2.483e-04,1.160,1.053,23501
1875,3.08989,3.00099,2.480e-04,1.337,1.222,23440
1876,3.10244,3.00099,2.477e-04,1.520,1.434,23479
1877,2.94254,3.00099,2.474e-04,1.077,0.956,23425
1878,3.06063,3.00099,2.471e-04,1.329,1.238,23428
1879,3.17059,3.00099,2.469e-04,1.220,1.102,23459
1880,2.95352,3.00099,2.466e-04,1.501,1.425,23325
1881,2.64472,3.00099,2.463e-04,2.740,2.644,23606
1882,2.85503,3.00099,2.460e-04,1.249,1.122,23404
1883,3.13333,3.00099,2.457e-04,1.597,1.505,23467
1884,2.68850,3.00099,2.454e-04,1.513,1.405,23483
1885,3.10929,3.00099,2.451e-04,1.967,1.888,23375
1886,3.15976,3.00099,2.448e-04,1.300,1.191,23461
1887,2.90298,3.00099,2.446e-04,2.086,2.003,23406
1888,3.52464,3.00099,2.443e-04,1.367,1.285,23421
1889,3.32532,3.00099,2.440e-04,2.582,2.509,23471
1890,3.19937,3.00099,2.437e-04,1.992,1.912,23424
1891,3.12739,3.00099,2.434e-04,2.159,2.079,23512
1892,3.13123,3.00099,2.431e-04,1.535,1.452,23413
1893,3.36707,3.00099,2.428e-04,1.959,1.893,23415
1894,3.11122,3.00099,2.425e-04,1.922,1.841,23484
1895,3.10186,3.00099,2.423e-04,1.449,1.365,23434
1896,3.45470,3.00099,2.420e-04,1.289,1.204,23496
1897,3.26233,3.00099,2.417e-04,1.789,1.699,23399
1898,3.27711,3.00099,2.414e-04,1.530,1.443,23390
1899,2.73304,3.00099,2.411e-04,2.173,2.079,23506
1900,2.85719,3.00099,2.408e-04,1.992,1.914,23352
1901,2.92540,3.00099,2.405e-04,1.562,1.464,23491
1902,2.60388,3.00099,2.403e-04,2.005,1.915,23440
1903,3.19272,3.00099,2.400e-04,1.147,1.041,23450
1904,3.12493,3.00099,2.397e-04,1.260,1.160,23574
1905,2.56537,3.00099,2.394e-04,1.536,1.429,23417
1906,2.94942,3.00099,2.391e-04,1.383,1.283,23512
1907,2.95682,3.00099,2.388e-04,1.827,1.725,23402
1908,3.59993,3.00099,2.385e-04,1.352,1.258,23420
1909,3.00377,3.00099,2.383e-04,1.637,1.544,23511
1910,2.78493,3.00099,2.380e-04,2.122,2.028,23394
1911,3.44128,3.00099,2.377e-04,1.075,0.965,23503
1912,3.03411,3.00099,2.374e-04,1.907,1.820,23442
1913,3.27151,3.00099,2.371e-04,1.253,1.147,23402
1914,2.96301,3.00099,2.368e-04,1.510,1.404,23521
1915,2.99587,3.00099,2.365e-04,1.564,1.471,23406
1916,2.66972,3.00099,2.363e-04,1.365,1.254,23520
1917,3.17823,3.00099,2.360e-04,1.467,1.383,23462
1918,3.32507,3.00099,2.357e-04,1.137,1.053,23399
1919,3.14659,3.00099,2.354e-04,1.224,1.124,23532
1920,3.46391,3.00099,2.351e-04,1.017,0.896,23404
1921,3.09117,3.00099,2.348e-04,2.105,2.018,23477
1922,2.83557,3.00099,2.346e-04,1.388,1.266,23442
1923,3.07559,3.00099,2.343e-04,2.219,2.140,23410
1924,2.69365,3.00099,2.340e-04,1.518,1.399,23500
1925,2.95302,3.00099,2.337e-04,2.009,1.914,23385
1926,3.31236,3.00099,2.334e-04,1.078,0.967,23487
1927,3.27380,3.00099,2.331e-04,1.638,1.542,23497
1928,3.39741,3.00099,2.329e-04,1.479,1.380,23309
1929,3.85433,3.00099,2.326e-04,1.533,1.451,23618
1930,3.09532,3.00099,2.323e-04,1.665,1.582,23446
1931,2.89919,3.00099,2.320e-04,1.345,1.249,23472
1932,2.69430,3.00099,2.317e-04,1.650,1.553,23442
1933,3.54596,3.00099,2.315e-04,1.186,1.084,23426
1934,3.04778,3.00099,2.312e-04,1.153,1.034,23529
1935,3.53674,3.00099,2.309e-04,1.050,0.943,23364
1936,3.60665,3.00099,2.306e-04,1.018,0.898,23550
1937,3.31971,3.00099,2.303e-04,1.544,1.459,23453
1938,3.02201,3.00099,2.300e-04,1.367,1.255,23420
1939,3.22550,3.00099,2.298e-04,1.008,0.895,23304
1940,2.55885,3.00099,2.295e-04,3.024,2.918,23582
1941,3.14817,3.00099,2.292e-04,1.580,1.450,23459
1942,3.26942,3.00099,2.289e-04,1.603,1.512,23469
1943,3.67268,3.00099,2.286e-04,1.749,1.640,23426
1944,2.77622,3.00099,2.284e-04,1.694,1.582,23532
1945,2.96905,3.00099,2.281e-04,1.517,1.428,23113
1946,2.61142,3.00099,2.278e-04,1.825,1.704,23731
1947,2.87777,3.00099,2.275e-04,2.210,2.131,23473
1948,2.92753,3.00099,2.272e-04,1.375,1.264,23471
1949,3.15568,3.00099,2.270e-04,1.961,1.895,23514
1950,2.80157,3.00099,2.267e-04,1.407,1.314,23418
1951,3.03131,3.00099,2.264e-04,2.325,2.246,23434
1952,2.91724,3.00099,2.261e-04,1.643,1.559,23508
1953,3.40899,3.00099,2.258e-04,1.947,1.875,23420
1954,2.82739,3.00099,2.256e-04,1.336,1.227,23477
1955,3.04641,3.00099,2.253e-04,1.698,1.598,23405
1956,3.14619,3.00099,2.250e-04,1.366,1.281,23444
1957,2.52736,3.00099,2.247e-04,1.714,1.603,23474
1958,2.87534,3.00099,2.244e-04,1.161,1.068,23388
1959,3.05057,3.00099,2.242e-04,1.457,1.372,23529
1960,2.98847,3.00099,2.239e-04,1.254,1.151,23394
1961,2.87119,3.00099,2.236e-04,1.206,1.104,23429
1962,3.31947,3.00099,2.233e-04,0.979,0.886,23510
1963,2.84388,3.00099,2.230e-04,1.431,1.336,23381
1964,3.09975,3.00099,2.228e-04,1.347,1.249,23368
1965,3.32527,3.00099,2.225e-04,1.576,1.494,23564
1966,3.65628,3.00099,2.222e-04,1.320,1.224,23415
1967,3.34381,3.00099,2.219e-04,1.669,1.579,23503
1968,2.89039,3.00099,2.217e-04,1.318,1.206,23456
1969,3.31881,3.00099,2.214e-04,1.606,1.529,23535
1970,3.12602,3.00099,2.211e-04,1.194,1.068,23405
1971,3.22438,3.00099,2.208e-04,1.923,1.842,23438
1972,2.68112,3.00099,2.206e-04,1.542,1.433,23508
1973,3.29913,3.00099,2.203e-04,1.593,1.520,23452
1974,2.87103,3.00099,2.200e-04,1.449,1.352,23537
1975,2.69012,3.00099,2.197e-04,1.477,1.376,23403
1976,3.65573,3.00099,2.194e-04,0.938,0.845,23435
1977,3.04147,3.00099,2.192e-04,1.222,1.122,23471
1978,3.21866,3.00099,2.189e-04,1.154,1.046,23420
1979,3.18615,3.00099,2.186e-04,1.362,1.279,23500
1980,3.23644,3.00099,2.183e-04,1.636,1.541,23429
1981,3.26791,3.00099,2.181e-04,1.538,1.451,23408
1982,2.46299,3.00099,2.178e-04,1.375,1.263,23506
1983,3.16663,3.00099,2.175e-04,1.613,1.526,23436
1984,3.48590,3.00099,2.172e-04,1.173,1.070,23494
1985,2.76689,3.00099,2.170e-04,2.910,2.841,23434
1986,3.14514,3.00099,2.167e-04,2.022,1.943,23406
1987,3.46512,3.00099,2.164e-04,1.548,1.478,23493
1988,2.92260,3.00099,2.161e-04,2.193,2.120,23409
1989,3.15910,3.00099,2.159e-04,1.322,1.236,23477
1990,3.17920,3.00099,2.156e-04,1.547,1.473,23458
1991,3.65697,3.00099,2.153e-04,1.259,1.173,23419
1992,2.85209,3.00099,2.150e-04,2.091,2.013,23528
1993,3.02919,3.00099,2.148e-04,2.122,2.042,23412
1994,3.68001,3.00099,2.145e-04,1.274,1.183,23421
1995,2.73737,3.00099,2.142e-04,2.555,2.476,23466
1996,3.06312,3.00099,2.139e-04,1.345,1.237,23450
1997,2.81450,3.00099,2.137e-04,1.179,1.073,23533
1998,3.79418,3.00099,2.134e-04,0.965,0.848,23394
1999,3.21604,3.00099,2.131e-04,1.157,1.028,23457
2000,2.89102,2.89622,2.129e-04,1.485,1.385,6672
2001,3.29764,2.89622,2.126e-04,1.488,1.383,23740
2002,3.21994,2.89622,2.123e-04,1.454,1.350,23412
2003,3.35186,2.89622,2.120e-04,1.456,1.349,23199
2004,3.31476,2.89622,2.118e-04,1.284,1.179,23747
2005,3.04393,2.89622,2.115e-04,1.568,1.474,23392
2006,3.03555,2.89622,2.112e-04,1.344,1.225,23522
2007,3.52968,2.89622,2.109e-04,1.248,1.157,23428
2008,3.07130,2.89622,2.107e-04,1.794,1.711,23512
2009,3.17631,2.89622,2.104e-04,1.281,1.160,23435
2010,3.36784,2.89622,2.101e-04,1.083,0.981,23405
2011,3.28802,2.89622,2.099e-04,1.465,1.381,23488
2012,3.11082,2.89622,2.096e-04,1.338,1.212,23451
2013,2.80687,2.89622,2.093e-04,1.594,1.492,23224
2014,2.84621,2.89622,2.090e-04,1.255,1.131,23731
2015,3.71675,2.89622,2.088e-04,1.382,1.299,23425
2016,3.11344,2.89622,2.085e-04,1.356,1.225,23518
2017,3.35031,2.89622,2.082e-04,1.493,1.396,23390
2018,3.50870,2.89622,2.080e-04,1.039,0.938,23490
2019,3.13759,2.89622,2.077e-04,1.292,1.183,23337
2020,3.12724,2.89622,2.074e-04,1.147,1.034,23534
2021,3.19831,2.89622,2.072e-04,1.119,0.999,23477
2022,2.98195,2.89622,2.069e-04,1.422,1.301,23434
2023,3.09316,2.89622,2.066e-04,1.631,1.547,23538
2024,3.25088,2.89622,2.063e-04,1.206,1.089,23120
2025,2.80217,2.89622,2.061e-04,1.245,1.143,23682
2026,3.23717,2.89622,2.058e-04,1.383,1.292,23503
2027,3.02337,2.89622,2.055e-04,1.451,1.347,23414
2028,3.09501,2.89622,2.053e-04,1.399,1.293,23465
2029,2.95228,2.89622,2.050e-04,1.455,1.354,23429
2030,2.75814,2.89622,2.047e-04,1.608,1.515,23426
2031,3.32657,2.89622,2.045e-04,1.612,1.526,23492
2032,2.94412,2.89622,2.042e-04,1.236,1.112,23440
2033,2.98667,2.89622,2.039e-04,1.615,1.510,23489
2034,3.21694,2.89622,2.037e-04,1.075,0.964,23430
2035,3.69656,2.89622,2.034e-04,1.295,1.184,23403
2036,2.85886,2.89622,2.031e-04,1.104,0.988,23479
2037,3.47233,2.89622,2.029e-04,0.943,0.826,23408
2038,3.15647,2.89622,2.026e-04,1.064,0.945,23462
2039,3.15291,2.89622,2.023e-04,1.045,0.930,23468
2040,3.06644,2.89622,2.021e-04,1.195,1.040,23402
2041,3.66046,2.89622,2.018e-04,1.423,1.351,23494
2042,2.89333,2.89622,2.015e-04,1.453,1.355,23328
2043,2.73833,2.89622,2.013e-04,1.363,1.242,23609
2044,2.74172,2.89622,2.010e-04,1.805,1.716,23443
2045,3.13836,2.89622,2.007e-04,1.160,1.050,23398
2046,3.56574,2.89622,2.005e-04,1.510,1.406,23442
2047,3.08601,2.89622,2.002e-04,1.430,1.335,23407
2048,3.33175,2.89622,1.999e-04,1.056,0.937,23468
2049,2.85583,2.89622,1.997e-04,1.131,1.011,23479
2050,2.88603,2.89622,1.994e-04,1.183,1.073,23382
2051,2.78097,2.89622,1.991e-04,1.265,1.155,23489
2052,3.82625,2.89622,1.989e-04,1.219,1.135,23416
2053,3.13056,2.89622,1.986e-04,1.591,1.495,23205
2054,3.43989,2.89622,1.983e-04,0.982,0.865,23670
2055,2.83957,2.89622,1.981e-04,1.504,1.406,23455
2056,2.61332,2.89622,1.978e-04,1.277,1.164,23469
2057,3.01956,2.89622,1.975e-04,1.914,1.812,23378
2058,3.31523,2.89622,1.973e-04,1.455,1.337,23467
2059,3.09807,2.89622,1.970e-04,2.908,2.831,23478
2060,2.93147,2.89622,1.968e-04,2.842,2.741,23375
2061,2.53536,2.89622,1.965e-04,1.652,1.515,23495
2062,3.89889,2.89622,1.962e-04,1.548,1.471,23386
2063,3.23164,2.89622,1.960e-04,1.391,1.307,23425
2064,2.59306,2.89622,1.957e-04,1.410,1.295,23516
2065,3.48618,2.89622,1.954e-04,1.220,1.128,23407
2066,2.80602,2.89622,1.952e-04,1.293,1.190,23503
2067,3.12146,2.89622,1.949e-04,1.178,1.073,23130
2068,2.73075,2.89622,1.947e-04,1.375,1.280,23738
2069,3.21984,2.89622,1.944e-04,1.181,1.058,23495
2070,3.07964,2.89622,1.941e-04,1.330,1.229,23411
2071,2.71712,2.89622,1.939e-04,1.120,1.013,23517
2072,3.68878,2.89622,1.936e-04,1.317,1.234,23405
2073,2.78445,2.89622,1.933e-04,1.388,1.274,23381
2074,2.92293,2.89622,1.931e-04,1.576,1.480,23490
2075,3.02518,2.89622,1.928e-04,1.266,1.174,23428
2076,3.45616,2.89622,1.926e-04,1.252,1.168,23535
2077,3.63741,2.89622,1.923e-04,1.102,1.004,23406
2078,2.97585,2.89622,1.920e-04,1.206,1.105,23398
2079,2.94604,2.89622,1.918e-04,1.270,1.180,23488
2080,3.05343,2.89622,1.915e-04,1.175,1.073,23401
2081,3.44533,2.89622,1.913e-04,1.198,1.103,23466
2082,3.00343,2.89622,1.910e-04,1.409,1.319,23412
2083,2.96420,2.89622,1.907e-04,1.263,1.146,23379
2084,3.27876,2.89622,1.905e-04,1.179,1.083,23493
2085,2.89512,2.89622,1.902e-04,1.093,0.960,23415
2086,3.41775,2.89622,1.900e-04,1.010,0.907,23526
2087,3.35221,2.89622,1.897e-04,1.109,0.985,23364
2088,2.85803,2.89622,1.894e-04,1.580,1.453,23428
2089,3.26231,2.89622,1.892e-04,1.341,1.229,23501
2090,3.11526,2.89622,1.889e-04,1.237,1.118,23375
2091,2.97406,2.89622,1.887e-04,1.657,1.562,23497
2092,2.99625,2.89622,1.884e-04,1.089,0.972,23433
2093,3.29243,2.89622,1.882e-04,1.173,1.049,23419
2094,2.76391,2.89622,1.879e-04,1.344,1.230,23457
2095,3.39003,2.89622,1.876e-04,1.370,1.271,23407
2096,3.62169,2.89622,1.874e-04,1.678,1.602,23529
2097,2.94917,2.89622,1.871e-04,1.371,1.253,23426
2098,3.11784,2.89622,1.869e-04,1.281,1.171,23361
2099,3.19552,2.89622,1.866e-04,1.274,1.182,23510
2100,3.15282,2.89622,1.864e-04,1.527,1.441,23399
2101,2.63252,2.89622,1.861e-04,1.302,1.172,23487
2102,3.07415,2.89622,1.858e-04,1.378,1.281,23452
2103,3.30771,2.89622,1.856e-04,1.178,1.054,23403
2104,2.94598,2.89622,1.853e-04,1.195,1.063,23502
2105,3.42198,2.89622,1.851e-04,1.027,0.904,23360
2106,3.16518,2.89622,1.848e-04,1.235,1.119,23453
2107,2.97284,2.89622,1.846e-04,1.031,0.909,23440
2108,3.30561,2.89622,1.843e-04,1.150,1.030,23390
2109,3.12195,2.89622,1.841e-04,1.363,1.263,23518
2110,3.04574,2.89622,1.838e-04,1.180,1.056,23431
2111,2.81903,2.89622,1.835e-04,1.388,1.270,23517
2112,3.34312,2.89622,1.833e-04,1.007,0.874,23426
2113,3.14189,2.89622,1.830e-04,1.753,1.671,23435
2114,3.09367,2.89622,1.828e-04,1.112,1.000,23454
2115,3.01016,2.89622,1.825e-04,1.835,1.752,23423
2116,3.13461,2.89622,1.823e-04,1.351,1.261,23514
2117,2.89929,2.89622,1.820e-04,1.627,1.534,23487
2118,2.84469,2.89622,1.818e-04,1.552,1.465,23428
2119,2.75903,2.89622,1.815e-04,1.343,1.241,23543
2120,3.16898,2.89622,1.813e-04,1.084,0.973,23383
2121,2.95826,2.89622,1.810e-04,1.297,1.200,23429
2122,3.64851,2.89622,1.808e-04,0.964,0.850,23441
2123,2.85674,2.89622,1.805e-04,1.756,1.678,23391
2124,2.87809,2.89622,1.802e-04,1.173,1.055,23221
2125,2.62270,2.89622,1.800e-04,1.456,1.366,23713
2126,2.97021,2.89622,1.797e-04,0.998,0.871,23456
2127,2.52919,2.89622,1.795e-04,1.742,1.639,23441
2128,3.60306,2.89622,1.792e-04,1.006,0.912,23417
2129,2.72655,2.89622,1.790e-04,1.477,1.373,23535
2130,3.39007,2.89622,1.787e-04,0.999,0.894,23399
2131,3.01655,2.89622,1.785e-04,1.686,1.585,23443
2132,3.33967,2.89622,1.782e-04,1.366,1.274,23450
2133,2.90119,2.89622,1.780e-04,1.609,1.524,23416
2134,3.17363,2.89622,1.777e-04,1.502,1.406,23493
2135,3.16035,2.89622,1.775e-04,1.606,1.511,23394
2136,2.98731,2.89622,1.772e-04,1.248,1.130,23457
2137,2.73433,2.89622,1.770e-04,1.242,1.131,23469
2138,3.06563,2.89622,1.767e-04,1.096,0.968,23411
2139,3.10675,2.89622,1.765e-04,1.174,1.073,23521
2140,2.94471,2.89622,1.762e-04,1.300,1.187,23388
2141,3.20725,2.89622,1.760e-04,1.323,1.214,23440
2142,3.18855,2.89622,1.757e-04,1.111,1.003,23445
2143,3.35129,2.89622,1.755e-04,1.141,1.024,23431
2144,3.18026,2.89622,1.752e-04,1.214,1.101,23509
2145,2.80437,2.89622,1.750e-04,1.295,1.187,23422
2146,2.92932,2.89622,1.747e-04,1.201,1.091,23429
2147,3.01595,2.89622,1.745e-04,1.056,0.932,23518
2148,2.90889,2.89622,1.743e-04,1.193,1.088,23398
2149,3.52231,2.89622,1.740e-04,0.870,0.762,23505
2150,2.81308,2.89622,1.738e-04,0.989,0.866,23410
2151,3.14770,2.89622,1.735e-04,1.051,0.949,23427
2152,2.59539,2.89622,1.733e-04,1.237,1.126,23481
2153,3.20655,2.89622,1.730e-04,1.008,0.896,23116
2154,3.45228,2.89622,1.728e-04,1.002,0.903,23795
2155,2.96230,2.89622,1.725e-04,1.258,1.156,23409
2156,2.43581,2.89622,1.723e-04,1.438,1.347,23417
2157,2.70446,2.89622,1.720e-04,1.115,0.987,23517
2158,3.54934,2.89622,1.718e-04,1.244,1.141,23401
2159,3.04331,2.89622,1.715e-04,1.077,0.974,23508
2160,3.51222,2.89622,1.713e-04,1.109,0.998,23344
2161,2.64200,2.89622,1.711e-04,1.226,1.123,23512
2162,3.23975,2.89622,1.708e-04,1.132,1.037,23507
2163,3.37618,2.89622,1.706e-04,1.082,0.981,23437
2164,2.89724,2.89622,1.703e-04,1.236,1.118,23178
2165,3.41991,2.89622,1.701e-04,1.017,0.900,23736
2166,2.73329,2.89622,1.698e-04,1.116,1.009,23426
2167,2.82656,2.89622,1.696e-04,1.075,0.972,23495
2168,3.22408,2.89622,1.693e-04,1.075,0.978,23446
2169,2.92952,2.89622,1.691e-04,1.140,1.020,23518
2170,3.32621,2.89622,1.689e-04,1.108,0.994,23399
2171,3.04431,2.89622,1.686e-04,1.091,0.996,23419
2172,3.48149,2.89622,1.684e-04,1.105,0.999,23543
2173,3.35033,2.89622,1.681e-04,1.304,1.191,23429
2174,3.09263,2.89622,1.679e-04,1.110,1.002,23496
2175,3.32313,2.89622,1.676e-04,1.215,1.117,23435
2176,3.47910,2.89622,1.674e-04,1.072,0.965,23416
2177,2.67096,2.89622,1.672e-04,1.785,1.698,23485
2178,3.19587,2.89622,1.669e-04,1.252,1.138,23406
2179,3.18326,2.89622,1.667e-04,1.214,1.108,23460
2180,3.12981,2.89622,1.664e-04,1.138,1.043,23413
2181,2.66191,2.89622,1.662e-04,1.541,1.425,23417
2182,3.11818,2.89622,1.660e-04,1.214,1.088,23538
2183,2.99800,2.89622,1.657e-04,1.331,1.228,23415
2184,2.73588,2.89622,1.655e-04,1.578,1.464,23443
2185,3.31097,2.89622,1.652e-04,1.365,1.259,23433
2186,3.15052,2.89622,1.650e-04,1.182,1.071,23243
2187,3.64288,2.89622,1.648e-04,1.280,1.180,23691
2188,2.76153,2.89622,1.645e-04,1.198,1.100,23399
2189,2.87842,2.89622,1.643e-04,1.617,1.524,23489
2190,3.00796,2.89622,1.640e-04,1.472,1.368,23465
2191,2.88914,2.89622,1.638e-04,1.915,1.796,23428
2192,3.52777,2.89622,1.636e-04,1.561,1.462,23517
2193,2.35638,2.89622,1.633e-04,1.361,1.246,23420
2194,2.58884,2.89622,1.631e-04,1.830,1.725,23482
2195,3.05514,2.89622,1.628e-04,1.482,1.382,23440
2196,3.18713,2.89622,1.626e-04,1.221,1.126,23387
2197,3.26726,2.89622,1.624e-04,1.543,1.454,23504
2198,3.67541,2.89622,1.621e-04,1.210,1.104,23400
2199,3.19064,2.89622,1.619e-04,1.514,1.430,23474
2200,2.86200,2.89622,1.617e-04,1.304,1.198,23469
2201,3.45037,2.89622,1.614e-04,1.328,1.240,23408
2202,3.43599,2.89622,1.612e-04,1.441,1.345,23466
2203,2.64731,2.89622,1.609e-04,1.531,1.414,23402
2204,3.14859,2.89622,1.607e-04,1.561,1.465,23481
2205,3.39164,2.89622,1.605e-04,1.682,1.606,23469
2206,2.87498,2.89622,1.602e-04,1.272,1.129,23422
2207,3.05666,2.89622,1.600e-04,1.481,1.363,23516
2208,2.85411,2.89622,1.598e-04,1.580,1.489,23447
2209,3.00973,2.89622,1.595e-04,1.479,1.373,23452
2210,2.70495,2.89622,1.593e-04,1.620,1.513,23481
2211,2.89301,2.89622,1.591e-04,1.282,1.178,23418
2212,2.71583,2.89622,1.588e-04,1.190,1.090,23522
2213,2.90560,2.89622,1.586e-04,1.199,1.091,23406
2214,3.09735,2.89622,1.584e-04,1.702,1.622,23458
2215,2.92208,2.89622,1.581e-04,1.343,1.263,23492
2216,3.19361,2.89622,1.579e-04,1.133,1.018,23429
2217,2.91135,2.89622,1.577e-04,1.478,1.379,23511
2218,3.04361,2.89622,1.574e-04,1.113,0.997,23413
2219,3.37435,2.89622,1.572e-04,0.986,0.853,23463
2220,2.98115,2.89622,1.570e-04,1.064,0.962,23479
2221,3.07838,2.89622,1.567e-04,1.120,1.009,23392
2222,2.74830,2.89622,1.565e-04,1.166,1.058,23481
2223,3.26423,2.89622,1.563e-04,1.226,1.123,23438
2224,3.39076,2.89622,1.560e-04,1.279,1.187,23416
2225,3.17617,2.89622,1.558e-04,0.979,0.860,23486
2226,2.71041,2.89622,1.556e-04,1.551,1.459,23406
2227,2.45545,2.89622,1.553e-04,1.310,1.197,23327
2228,3.06467,2.89622,1.551e-04,1.401,1.303,23617
2229,3.42180,2.89622,1.549e-04,1.321,1.222,23295
2230,3.04507,2.89622,1.546e-04,1.126,1.015,23613
2231,2.95938,2.89622,1.544e-04,1.590,1.512,23437
2232,3.64246,2.89622,1.542e-04,1.216,1.117,23531
2233,3.30160,2.89622,1.540e-04,1.048,0.940,23421
2234,3.08991,2.89622,1.537e-04,1.172,1.051,23427
2235,2.66917,2.89622,1.535e-04,1.566,1.448,23481
2236,3.25935,2.89622,1.533e-04,1.250,1.136,23392
2237,2.57109,2.89622,1.530e-04,1.200,1.074,23497
2238,2.77913,2.89622,1.528e-04,1.566,1.483,23404
2239,2.54445,2.89622,1.526e-04,1.360,1.238,23429
2240,2.97055,2.89622,1.524e-04,1.476,1.370,23487
2241,3.36961,2.89622,1.521e-04,0.997,0.876,23336
2242,2.86419,2.89622,1.519e-04,1.340,1.229,23526
2243,2.82634,2.89622,1.517e-04,1.768,1.668,23429
2244,2.89957,2.89622,1.514e-04,1.243,1.114,23407
2245,3.43088,2.89622,1.512e-04,1.243,1.143,23548
2246,2.93868,2.89622,1.510e-04,1.147,1.034,23424
2247,2.79564,2.89622,1.508e-04,1.500,1.398,23475
2248,2.67398,2.89622,1.505e-04,1.179,1.029,23423
2249,3.00594,2.89622,1.503e-04,1.501,1.414,23425
2250,3.57536,2.83637,1.501e-04,1.019,0.895,6670
2251,2.87414,2.83637,1.499e-04,1.265,1.152,23756
2252,2.63890,2.83637,1.496e-04,1.079,0.964,23411
2253,3.04185,2.83637,1.494e-04,1.254,1.142,23439
2254,3.69510,2.83637,1.492e-04,0.957,0.831,23531
2255,2.70805,2.83637,1.490e-04,1.336,1.225,23429
2256,2.60528,2.83637,1.487e-04,1.036,0.900,23456
2257,2.77241,2.83637,1.485e-04,1.357,1.248,23414
2258,2.52810,2.83637,1.483e-04,1.501,1.363,23464
2259,2.54563,2.83637,1.481e-04,1.050,0.922,23457
2260,2.96675,2.83637,1.478e-04,1.262,1.153,23422
2261,2.90296,2.83637,1.476e-04,1.231,1.131,23517
2262,3.39206,2.83637,1.474e-04,0.961,0.841,23367
2263,3.26362,2.83637,1.472e-04,0.996,0.889,23467
2264,2.71076,2.83637,1.469e-04,1.077,0.967,23507
2265,3.93901,2.83637,1.467e-04,0.828,0.704,23391
2266,3.02924,2.83637,1.465e-04,1.003,0.875,23458
2267,3.19490,2.83637,1.463e-04,1.032,0.910,23250
2268,2.92456,2.83637,1.461e-04,1.297,1.176,23585
2269,2.89437,2.83637,1.458e-04,1.075,0.938,23475
2270,2.35942,2.83637,1.456e-04,1.573,1.474,23379
2271,3.72779,2.83637,1.454e-04,0.932,0.812,23500
2272,3.03208,2.83637,1.452e-04,1.810,1.720,23396
2273,3.15160,2.83637,1.450e-04,1.011,0.879,23438
2274,3.40255,2.83637,1.447e-04,1.143,1.034,23512
2275,2.87700,2.83637,1.445e-04,1.128,1.012,23418
2276,3.09438,2.83637,1.443e-04,1.172,1.061,23346
2277,2.99306,2.83637,1.441e-04,1.187,1.057,23539
2278,2.96703,2.83637,1.439e-04,1.279,1.195,23390
2279,2.30209,2.83637,1.436e-04,1.443,1.312,23481
2280,3.45136,2.83637,1.434e-04,1.181,1.079,23416
2281,2.78434,2.83637,1.432e-04,1.116,0.999,23489
2282,3.34600,2.83637,1.430e-04,1.517,1.432,23400
2283,2.95134,2.83637,1.428e-04,1.201,1.083,23442
2284,3.15119,2.83637,1.425e-04,1.066,0.938,23526
2285,2.88585,2.83637,1.423e-04,1.017,0.896,23413
2286,2.96052,2.83637,1.421e-04,1.038,0.911,23521
2287,2.58525,2.83637,1.419e-04,1.227,1.112,23391
2288,3.06849,2.83637,1.417e-04,1.026,0.907,23407
2289,2.97720,2.83637,1.415e-04,1.126,1.014,23495
2290,3.01559,2.83637,1.412e-04,1.041,0.911,23411
2291,2.39946,2.83637,1.410e-04,1.122,0.993,23524
2292,3.48605,2.83637,1.408e-04,1.008,0.906,23459
2293,3.04231,2.83637,1.406e-04,1.284,1.190,23438
2294,3.32221,2.83637,1.404e-04,1.034,0.907,23529
2295,2.68798,2.83637,1.402e-04,1.595,1.501,23382
2296,2.75893,2.83637,1.399e-04,1.566,1.466,23484
2297,3.09911,2.83637,1.397e-04,1.193,1.073,23442
2298,2.99892,2.83637,1.395e-04,1.206,1.106,23404
2299,3.09282,2.83637,1.393e-04,0.984,0.869,23538
2300,3.03391,2.83637,1.391e-04,1.300,1.192,23398
2301,2.94719,2.83637,1.389e-04,1.159,1.041,23453
2302,2.65731,2.83637,1.387e-04,1.107,0.971,23444
2303,2.66548,2.83637,1.384e-04,1.073,0.949,23409
2304,3.14324,2.83637,1.382e-04,0.975,0.844,23497
2305,2.94835,2.83637,1.380e-04,1.039,0.913,23395
2306,2.81875,2.83637,1.378e-04,1.408,1.300,23473
2307,3.23818,2.83637,1.376e-04,1.051,0.943,23413
2308,2.77851,2.83637,1.374e-04,1.081,0.939,23385
2309,3.00722,2.83637,1.372e-04,1.144,1.021,23484
2310,2.36476,2.83637,1.370e-04,1.251,1.102,23404
2311,3.14699,2.83637,1.367e-04,1.163,1.047,23484
2312,3.48117,2.83637,1.365e-04,1.296,1.186,23494
2313,2.83104,2.83637,1.363e-04,1.183,1.031,23410
2314,2.77388,2.83637,1.361e-04,1.240,1.112,23468
2315,3.82816,2.83637,1.359e-04,1.008,0.873,23374
2316,3.04637,2.83637,1.357e-04,1.336,1.206,23460
2317,2.95975,2.83637,1.355e-04,1.259,1.147,23462
2318,3.12585,2.83637,1.353e-04,1.345,1.248,23403
2319,3.15409,2.83637,1.351e-04,1.138,1.018,23507
2320,2.65003,2.83637,1.348e-04,1.933,1.838,23401
2321,2.64299,2.83637,1.346e-04,1.503,1.405,23427
2322,2.92090,2.83637,1.344e-04,1.738,1.652,23478
2323,2.94151,2.83637,1.342e-04,1.383,1.280,23360
2324,3.54701,2.83637,1.340e-04,1.306,1.213,23597
2325,2.74136,2.83637,1.338e-04,1.366,1.271,23409
2326,3.09942,2.83637,1.336e-04,1.407,1.300,23422
2327,2.99028,2.83637,1.334e-04,1.405,1.318,23437
2328,3.06544,2.83637,1.332e-04,1.068,0.954,23426
2329,2.34618,2.83637,1.330e-04,1.350,1.247,23502
2330,3.34406,2.83637,1.328e-04,1.083,0.983,23425
2331,3.03336,2.83637,1.326e-04,1.244,1.149,23438
2332,2.86571,2.83637,1.324e-04,1.180,1.067,23257
2333,2.98080,2.83637,1.321e-04,1.215,1.107,23657
2334,2.60818,2.83637,1.319e-04,1.134,1.019,23517
2335,2.80324,2.83637,1.317e-04,1.051,0.929,23370
2336,2.81158,2.83637,1.315e-04,1.214,1.117,23444
2337,2.24024,2.83637,1.313e-04,1.158,1.034,23199
2338,3.41560,2.83637,1.311e-04,1.542,1.450,23350
2339,2.91244,2.83637,1.309e-04,1.291,1.188,23766
2340,2.99170,2.83637,1.307e-04,1.673,1.572,23397
2341,2.90349,2.83637,1.305e-04,1.342,1.235,23418
2342,2.32199,2.83637,1.303e-04,1.493,1.374,23476
2343,3.00521,2.83637,1.301e-04,1.148,1.021,23417
2344,2.81540,2.83637,1.299e-04,1.022,0.913,23504
2345,3.02166,2.83637,1.297e-04,1.178,1.071,23399
2346,2.63906,2.83637,1.295e-04,1.120,0.981,23438
2347,2.28373,2.83637,1.293e-04,1.344,1.240,23487
2348,3.49030,2.83637,1.291e-04,1.036,0.908,23455
2349,3.05682,2.83637,1.289e-04,1.217,1.100,23483
2350,3.01078,2.83637,1.287e-04,1.060,0.943,23384
2351,2.73981,2.83637,1.285e-04,1.133,1.006,23465
2352,2.86055,2.83637,1.283e-04,1.541,1.448,23412
2353,3.24796,2.83637,1.281e-04,1.118,1.008,23402
2354,2.86474,2.83637,1.279e-04,1.183,1.067,23515
2355,3.17932,2.83637,1.277e-04,1.128,1.025,23408
2356,2.87062,2.83637,1.275e-04,1.639,1.541,23397
2357,2.58752,2.83637,1.273e-04,1.222,1.088,23516
2358,2.86681,2.83637,1.271e-04,1.036,0.915,23430
2359,3.38344,2.83637,1.269e-04,1.484,1.391,23502
2360,3.24556,2.83637,1.267e-04,1.189,1.083,23398
2361,2.94403,2.83637,1.265e-04,1.227,1.109,23402
2362,2.91270,2.83637,1.263e-04,1.044,0.933,23474
2363,3.04215,2.83637,1.261e-04,1.126,1.015,23394
2364,3.07643,2.83637,1.259e-04,1.058,0.940,23518
2365,2.80219,2.83637,1.257e-04,1.116,1.010,23436
2366,3.00834,2.83637,1.255e-04,0.926,0.799,23443
2367,3.25314,2.83637,1.253e-04,1.024,0.908,23513
2368,3.39153,2.83637,1.251e-04,1.190,1.088,23436
2369,2.97976,2.83637,1.249e-04,1.069,0.933,23484
2370,2.86592,2.83637,1.247e-04,1.326,1.222,23392
2371,2.45074,2.83637,1.245e-04,1.059,0.934,23393
2372,2.97618,2.83637,1.243e-04,1.015,0.909,23511
2373,3.21845,2.83637,1.241e-04,0.983,0.863,23403
2374,2.67379,2.83637,1.239e-04,0.965,0.841,23479
2375,3.06268,2.83637,1.237e-04,1.124,1.013,23438
2376,2.87757,2.83637,1.235e-04,1.123,1.000,23392
2377,2.59368,2.83637,1.233e-04,1.175,1.070,23532
2378,2.94746,2.83637,1.231e-04,1.441,1.330,23421
2379,3.17613,2.83637,1.229e-04,0.956,0.835,23478
2380,3.14557,2.83637,1.227e-04,0.980,0.863,23143
2381,2.45670,2.83637,1.225e-04,1.462,1.359,23555
2382,3.09246,2.83637,1.223e-04,1.175,1.069,23641
2383,2.63919,2.83637,1.222e-04,1.123,1.001,23359
2384,2.96585,2.83637,1.220e-04,1.893,1.814,23484
2385,3.76801,2.83637,1.218e-04,1.157,1.054,23396
2386,2.97378,2.83637,1.216e-04,1.139,0.997,23413
2387,2.95284,2.83637,1.214e-04,1.083,0.972,23509
2388,3.01453,2.83637,1.212e-04,1.222,1.104,23455
2389,3.13794,2.83637,1.210e-04,1.309,1.184,23517
2390,3.00238,2.83637,1.208e-04,1.051,0.925,23433
2391,3.20712,2.83637,1.206e-04,1.020,0.910,23429
2392,2.74898,2.83637,1.204e-04,1.227,1.095,23497
2393,2.55577,2.83637,1.202e-04,1.388,1.284,23400
2394,3.30006,2.83637,1.200e-04,1.046,0.937,23459
2395,3.01484,2.83637,1.199e-04,0.998,0.884,23466
2396,2.93679,2.83637,1.197e-04,1.010,0.899,23420
2397,2.83786,2.83637,1.195e-04,1.084,0.986,23518
2398,2.96183,2.83637,1.193e-04,0.982,0.858,23448
2399,2.93031,2.83637,1.191e-04,1.030,0.918,23472
2400,3.24956,2.83637,1.189e-04,0.987,0.890,23428
2401,2.84443,2.83637,1.187e-04,1.158,1.033,23364
2402,3.14497,2.83637,1.185e-04,0.943,0.827,23519
2403,2.75985,2.83637,1.183e-04,0.969,0.847,23461
2404,3.15105,2.83637,1.182e-04,1.108,0.996,23463
2405,3.42285,2.83637,1.180e-04,1.112,1.002,23463
2406,2.80523,2.83637,1.178e-04,1.337,1.231,23393
2407,2.60203,2.83637,1.176e-04,1.752,1.660,23505
2408,3.44559,2.83637,1.174e-04,0.861,0.744,23368
2409,2.86997,2.83637,1.172e-04,1.055,0.934,23423
2410,2.88132,2.83637,1.170e-04,1.215,1.105,23448
2411,2.35117,2.83637,1.168e-04,1.180,1.067,23385
2412,2.92147,2.83637,1.167e-04,1.106,0.997,23469
2413,2.53102,2.83637,1.165e-04,1.112,0.996,23471
2414,2.91164,2.83637,1.163e-04,1.042,0.921,23472
2415,3.03179,2.83637,1.161e-04,0.931,0.822,23479
2416,2.82308,2.83637,1.159e-04,1.141,1.002,23415
2417,3.07008,2.83637,1.157e-04,1.198,1.084,23517
2418,3.23648,2.83637,1.155e-04,0.943,0.824,23386
2419,3.07490,2.83637,1.154e-04,1.204,1.097,23154
2420,2.85496,2.83637,1.152e-04,1.069,0.951,23767
2421,2.78604,2.83637,1.150e-04,1.142,1.042,23420
2422,3.08416,2.83637,1.148e-04,1.173,1.057,23502
2423,3.24621,2.83637,1.146e-04,1.144,1.037,23413
2424,2.99871,2.83637,1.144e-04,1.058,0.946,23434
2425,3.15878,2.83637,1.143e-04,1.247,1.136,23203
2426,3.19190,2.83637,1.141e-04,1.082,0.951,23719
2427,3.00711,2.83637,1.139e-04,1.321,1.218,23471
2428,3.27702,2.83637,1.137e-04,1.270,1.167,23398
2429,3.33268,2.83637,1.135e-04,1.046,0.926,23424
2430,3.16309,2.83637,1.134e-04,1.178,1.067,23465
2431,3.11778,2.83637,1.132e-04,1.063,0.949,23138
2432,2.85432,2.83637,1.130e-04,1.042,0.927,23774
2433,2.81469,2.83637,1.128e-04,1.292,1.199,23402
2434,3.21487,2.83637,1.126e-04,1.146,1.038,23430
2435,3.30078,2.83637,1.125e-04,1.293,1.194,23467
2436,3.40590,2.83637,1.123e-04,1.153,1.051,23252
2437,2.82798,2.83637,1.121e-04,1.181,1.077,23693
2438,3.60405,2.83637,1.119e-04,1.000,0.874,23372
2439,3.18275,2.83637,1.117e-04,1.501,1.408,23445
2440,3.28244,2.83637,1.116e-04,1.126,1.001,23466
2441,2.85735,2.83637,1.114e-04,1.677,1.587,23379
2442,3.31924,2.83637,1.112e-04,1.136,1.028,23518
2443,2.72439,2.83637,1.110e-04,1.174,1.064,23409
2444,2.83674,2.83637,1.109e-04,1.371,1.250,23389
2445,2.90549,2.83637,1.107e-04,1.165,1.054,23464
2446,3.07989,2.83637,1.105e-04,1.297,1.204,23394
2447,3.46365,2.83637,1.103e-04,0.967,0.850,23515
2448,1.98436,2.83637,1.101e-04,1.227,1.103,23428
2449,2.83273,2.83637,1.100e-04,1.408,1.314,23431
2450,2.97915,2.83637,1.098e-04,1.266,1.164,23494
2451,3.49896,2.83637,1.096e-04,1.107,0.993,23291
2452,3.07674,2.83637,1.094e-04,1.273,1.157,23599
2453,2.84397,2.83637,1.093e-04,1.143,1.018,23412
2454,2.74007,2.83637,1.091e-04,1.665,1.570,23431
2455,3.01680,2.83637,1.089e-04,1.222,1.101,23513
2456,2.98389,2.83637,1.088e-04,1.198,1.075,23419
2457,3.10177,2.83637,1.086e-04,1.131,1.030,23516
2458,2.71614,2.83637,1.084e-04,1.259,1.160,23448
2459,2.94500,2.83637,1.082e-04,1.314,1.199,23450
2460,2.60462,2.83637,1.081e-04,1.193,1.077,23499
2461,2.74366,2.83637,1.079e-04,1.187,1.075,23444
2462,3.19495,2.83637,1.077e-04,1.146,1.042,23494
2463,3.10058,2.83637,1.075e-04,1.177,1.065,23411
2464,2.75431,2.83637,1.074e-04,1.178,1.083,23445
2465,2.53846,2.83637,1.072e-04,1.412,1.310,23519
2466,2.84356,2.83637,1.070e-04,1.298,1.187,23388
2467,2.61437,2.83637,1.069e-04,1.164,1.041,23485
2468,3.12440,2.83637,1.067e-04,1.325,1.211,23439
2469,2.78418,2.83637,1.065e-04,1.112,0.980,23401
2470,2.71913,2.83637,1.063e-04,1.218,1.091,23485
2471,3.14938,2.83637,1.062e-04,1.064,0.944,23453
2472,2.40772,2.83637,1.060e-04,1.119,0.979,23538
2473,2.74763,2.83637,1.058e-04,1.142,1.043,23418
2474,3.16758,2.83637,1.057e-04,0.906,0.782,23430
2475,2.98900,2.83637,1.055e-04,1.219,1.113,23516
2476,3.02692,2.83637,1.053e-04,1.037,0.915,23412
2477,3.19739,2.83637,1.052e-04,1.151,1.041,23499
2478,2.93076,2.83637,1.050e-04,1.128,1.005,23470
2479,3.13526,2.83637,1.048e-04,1.423,1.324,23430
2480,3.24017,2.83637,1.047e-04,1.128,1.012,23492
2481,2.88187,2.83637,1.045e-04,1.188,1.065,23403
2482,2.86998,2.83637,1.043e-04,1.209,1.088,23424
2483,2.32679,2.83637,1.042e-04,1.254,1.136,23462
2484,2.73012,2.83637,1.040e-04,1.511,1.408,23405
2485,2.53176,2.83637,1.038e-04,1.324,1.182,23503
2486,2.55561,2.83637,1.037e-04,1.366,1.246,23410
2487,2.88500,2.83637,1.035e-04,1.103,0.999,23509
2488,3.25416,2.83637,1.033e-04,1.058,0.947,23457
2489,2.83058,2.83637,1.032e-04,1.018,0.891,23410
2490,3.18957,2.83637,1.030e-04,1.228,1.109,23393
2491,2.80359,2.83637,1.028e-04,1.128,1.001,23536
2492,3.09527,2.83637,1.027e-04,1.400,1.306,23455
2493,2.78398,2.83637,1.025e-04,1.136,1.005,23496
2494,2.90664,2.83637,1.024e-04,1.199,1.087,23423
2495,2.99985,2.83637,1.022e-04,1.037,0.915,23212
2496,3.13482,2.83637,1.020e-04,1.289,1.178,23707
2497,3.15142,2.83637,1.019e-04,1.077,0.968,23459
2498,2.68253,2.83637,1.017e-04,1.261,1.160,23198
2499,3.12674,2.83637,1.015e-04,1.215,1.104,23720
2500,2.80822,2.79757,1.014e-04,1.514,1.415,6677
2501,3.16356,2.79757,1.012e-04,1.180,1.070,23806
2502,2.85543,2.79757,1.011e-04,1.973,1.890,23418
2503,3.19396,2.79757,1.009e-04,1.267,1.168,23402
2504,3.08344,2.79757,1.007e-04,1.483,1.395,23537
2505,2.86421,2.79757,1.006e-04,1.024,0.901,23399
2506,3.00409,2.79757,1.004e-04,1.073,0.972,23456
2507,2.88203,2.79757,1.003e-04,1.114,1.018,23466
2508,3.01014,2.79757,1.001e-04,1.105,0.998,23375
2509,3.10811,2.79757,9.995e-05,0.931,0.802,23548
2510,3.08585,2.79757,9.979e-05,0.971,0.847,23425
2511,3.00005,2.79757,9.963e-05,1.067,0.955,23450
2512,3.37403,2.79757,9.947e-05,1.345,1.260,23446
2513,3.80212,2.79757,9.931e-05,0.943,0.834,23392
2514,2.65121,2.79757,9.916e-05,1.748,1.646,23528
2515,3.00840,2.79757,9.900e-05,1.095,0.983,23408
2516,2.97928,2.79757,9.884e-05,1.140,1.033,23486
2517,2.71661,2.79757,9.869e-05,1.362,1.262,23484
2518,3.43797,2.79757,9.853e-05,0.908,0.789,23429
2519,3.10864,2.79757,9.837e-05,1.372,1.268,23494
2520,2.97140,2.79757,9.822e-05,1.037,0.919,23440
2521,2.73168,2.79757,9.806e-05,1.325,1.217,23454
2522,2.56838,2.79757,9.791e-05,1.507,1.391,23442
2523,3.36267,2.79757,9.775e-05,1.225,1.128,23419
2524,3.02437,2.79757,9.760e-05,1.993,1.912,23507
2525,2.96316,2.79757,9.745e-05,2.110,2.023,23438
2526,3.19309,2.79757,9.729e-05,1.119,1.014,23445
2527,3.01591,2.79757,9.714e-05,2.002,1.927,23469
2528,3.14162,2.79757,9.699e-05,1.828,1.748,23422
2529,2.95450,2.79757,9.683e-05,1.190,1.083,23493
2530,2.55924,2.79757,9.668e-05,2.017,1.935,23396
2531,3.61019,2.79757,9.653e-05,1.699,1.621,23452
2532,2.81915,2.79757,9.638e-05,1.584,1.507,23424
2533,2.72775,2.79757,9.622e-05,1.268,1.144,23562
2534,3.65665,2.79757,9.607e-05,1.173,1.061,23496
2535,2.86783,2.79757,9.592e-05,1.048,0.936,23402
2536,2.99772,2.79757,9.577e-05,1.218,1.100,23454
2537,2.60525,2.79757,9.562e-05,1.348,1.240,23488
2538,2.49910,2.79757,9.547e-05,1.073,0.942,23418
2539,2.50755,2.79757,9.532e-05,1.176,1.070,23505
2540,3.43058,2.79757,9.517e-05,0.976,0.861,23485
2541,3.19458,2.79757,9.502e-05,1.011,0.901,23432
2542,2.64915,2.79757,9.487e-05,1.055,0.920,23498
2543,2.63824,2.79757,9.472e-05,1.155,1.042,23397
2544,3.21118,2.79757,9.457e-05,0.975,0.864,23508
2545,3.07897,2.79757,9.443e-05,1.248,1.131,23433
2546,3.31003,2.79757,9.428e-05,1.201,1.084,23439
2547,3.56202,2.79757,9.413e-05,1.025,0.898,23491
2548,3.20722,2.79757,9.398e-05,1.131,1.010,23452
2549,3.03170,2.79757,9.384e-05,1.181,1.087,23494
2550,3.08212,2.79757,9.369e-05,1.116,1.007,23386
2551,3.03745,2.79757,9.354e-05,1.116,1.004,23445
2552,3.38162,2.79757,9.340e-05,1.104,0.987,23498
2553,3.00182,2.79757,9.325e-05,1.186,1.049,23401
2554,2.49455,2.79757,9.311e-05,1.101,0.970,23483
2555,2.50668,2.79757,9.296e-05,1.140,0.997,23433
2556,2.72275,2.79757,9.282e-05,0.993,0.867,23422
2557,2.84071,2.79757,9.267e-05,1.282,1.177,23529
2558,2.86128,2.79757,9.253e-05,1.039,0.917,23402
2559,2.78094,2.79757,9.238e-05,1.415,1.319,23464
2560,3.12525,2.79757,9.224e-05,1.194,1.083,23405
2561,2.92674,2.79757,9.210e-05,1.004,0.888,23400
2562,3.34273,2.79757,9.195e-05,1.042,0.923,23507
2563,3.19449,2.79757,9.181e-05,1.370,1.245,23409
2564,2.54996,2.79757,9.167e-05,1.152,1.023,23458
2565,3.02801,2.79757,9.153e-05,1.191,1.076,23427
2566,2.72357,2.79757,9.138e-05,1.212,1.093,23436
2567,3.17422,2.79757,9.124e-05,1.281,1.176,23547
2568,2.91226,2.79757,9.110e-05,1.186,1.072,23413
2569,2.93122,2.79757,9.096e-05,1.052,0.932,23475
2570,2.60287,2.79757,9.082e-05,1.116,1.009,23410
2571,2.59195,2.79757,9.068e-05,1.259,1.134,23114
2572,2.92555,2.79757,9.054e-05,1.129,0.997,23796
2573,2.81616,2.79757,9.040e-05,1.236,1.144,23395
2574,2.92828,2.79757,9.026e-05,1.194,1.068,23482
2575,2.33479,2.79757,9.012e-05,1.181,1.066,23489
2576,3.37852,2.79757,8.998e-05,1.008,0.899,23453
2577,3.32730,2.79757,8.984e-05,1.059,0.947,23473
2578,2.62719,2.79757,8.970e-05,1.436,1.332,23389
2579,2.70956,2.79757,8.957e-05,1.251,1.145,23438
2580,2.99341,2.79757,8.943e-05,1.094,0.970,23460
2581,2.91261,2.79757,8.929e-05,1.423,1.322,23204
2582,2.55331,2.79757,8.915e-05,1.542,1.449,23633
2583,2.58468,2.79757,8.902e-05,1.282,1.166,23411
2584,3.06013,2.79757,8.888e-05,1.119,1.018,23472
2585,2.44182,2.79757,8.874e-05,1.243,1.134,23462
2586,2.97395,2.79757,8.861e-05,1.099,0.994,23434
2587,3.23461,2.79757,8.847e-05,1.433,1.347,23181
2588,3.46792,2.79757,8.834e-05,1.124,1.019,23696
2589,2.72528,2.79757,8.820e-05,1.206,1.103,23456
2590,2.74657,2.79757,8.807e-05,1.051,0.933,23153
2591,3.13590,2.79757,8.793e-05,1.082,0.963,23702
2592,2.79460,2.79757,8.780e-05,1.239,1.133,23478
2593,2.73030,2.79757,8.767e-05,1.162,1.048,23416
2594,3.49374,2.79757,8.753e-05,1.342,1.238,23473
2595,3.08933,2.79757,8.740e-05,1.280,1.171,23484
2596,2.99206,2.79757,8.727e-05,1.073,0.961,23395
2597,3.36892,2.79757,8.713e-05,1.411,1.301,23528
2598,3.46602,2.79757,8.700e-05,1.566,1.470,23407
2599,2.72320,2.79757,8.687e-05,1.096,0.984,23459
2600,2.66073,2.79757,8.674e-05,1.756,1.668,23480
2601,2.73888,2.79757,8.661e-05,1.850,1.744,23376
2602,3.30225,2.79757,8.648e-05,1.252,1.143,23500
2603,3.06724,2.79757,8.635e-05,1.870,1.795,23410
2604,3.09119,2.79757,8.622e-05,1.273,1.180,23413
2605,3.14292,2.79757,8.609e-05,1.096,0.987,23464
2606,2.90530,2.79757,8.596e-05,1.060,0.948,23384
2607,2.80089,2.79757,8.583e-05,1.102,0.994,23465
2608,3.24137,2.79757,8.570e-05,1.118,1.018,23424
2609,3.30461,2.79757,8.557e-05,1.018,0.899,23435
2610,2.71496,2.79757,8.544e-05,1.053,0.936,23501
2611,2.61955,2.79757,8.531e-05,1.377,1.276,23423
2612,2.63512,2.79757,8.518e-05,1.062,0.951,23466
2613,2.61536,2.79757,8.506e-05,1.048,0.920,23426
2614,3.06172,2.79757,8.493e-05,1.097,0.984,23265
2615,3.04684,2.79757,8.480e-05,1.167,1.055,23650
2616,2.87619,2.79757,8.467e-05,1.103,0.986,23375
2617,2.76505,2.79757,8.455e-05,1.184,1.059,23502
2618,2.56507,2.79757,8.442e-05,1.721,1.625,23425
2619,2.97458,2.79757,8.430e-05,1.239,1.127,23439
2620,2.96337,2.79757,8.417e-05,1.278,1.147,23521
2621,2.96799,2.79757,8.405e-05,2.010,1.904,23396
2622,3.05333,2.79757,8.392e-05,1.223,1.115,23505
2623,2.57756,2.79757,8.380e-05,1.229,1.116,23376
2624,3.16398,2.79757,8.367e-05,1.117,0.992,23450
2625,3.31330,2.79757,8.355e-05,1.339,1.239,23473
2626,2.93813,2.79757,8.342e-05,1.381,1.279,23395
2627,3.11714,2.79757,8.330e-05,1.091,0.986,23457
2628,3.19680,2.79757,8.318e-05,1.121,1.009,23409
2629,3.21869,2.79757,8.306e-05,1.252,1.153,23429
2630,2.41089,2.79757,8.293e-05,1.458,1.345,23519
2631,2.99415,2.79757,8.281e-05,1.275,1.160,23393
2632,2.96620,2.79757,8.269e-05,1.325,1.219,23479
2633,2.34854,2.79757,8.257e-05,1.416,1.320,23423
2634,2.69700,2.79757,8.245e-05,1.051,0.938,23433
2635,2.74825,2.79757,8.233e-05,1.232,1.130,23503
2636,3.22441,2.79757,8.221e-05,1.472,1.379,23400
2637,2.75692,2.79757,8.209e-05,1.113,0.996,23563
2638,2.51970,2.79757,8.197e-05,1.000,0.872,23413
2639,2.47198,2.79757,8.185e-05,1.090,0.969,23394
2640,2.55797,2.79757,8.173e-05,1.259,1.142,23527
2641,2.71335,2.79757,8.161e-05,1.038,0.935,23409
2642,2.82117,2.79757,8.149e-05,0.986,0.859,23506
2643,3.03487,2.79757,8.137e-05,1.133,1.022,23427
2644,3.28032,2.79757,8.125e-05,0.995,0.877,23400
2645,2.91400,2.79757,8.114e-05,0.997,0.875,23503
2646,3.23700,2.79757,8.102e-05,0.968,0.843,23288
2647,3.07398,2.79757,8.090e-05,1.140,1.029,23637
2648,3.31457,2.79757,8.079e-05,0.954,0.831,23445
2649,3.00161,2.79757,8.067e-05,1.152,1.051,23390
2650,2.95643,2.79757,8.055e-05,1.178,1.074,23554
2651,3.08610,2.79757,8.044e-05,1.218,1.113,23376
2652,2.54553,2.79757,8.032e-05,1.200,1.075,23443
2653,2.82609,2.79757,8.021e-05,1.215,1.103,23396
2654,3.28419,2.79757,8.009e-05,1.035,0.922,23410
2655,2.93569,2.79757,7.998e-05,0.910,0.793,23505
2656,2.79568,2.79757,7.986e-05,1.145,1.032,23114
2657,3.00874,2.79757,7.975e-05,1.259,1.158,23757
2658,3.27170,2.79757,7.964e-05,0.937,0.821,23430
2659,3.40799,2.79757,7.952e-05,0.866,0.741,23404
2660,2.66062,2.79757,7.941e-05,1.011,0.876,23467
2661,3.59648,2.79757,7.930e-05,0.946,0.818,23405
2662,2.45550,2.79757,7.918e-05,1.249,1.155,23496
2663,2.73324,2.79757,7.907e-05,1.143,1.025,23396
2664,2.39225,2.79757,7.896e-05,1.304,1.182,23416
2665,3.55195,2.79757,7.885e-05,1.169,1.058,23485
2666,2.81525,2.79757,7.874e-05,1.157,1.030,23416
2667,3.39687,2.79757,7.863e-05,0.999,0.883,23483
2668,3.20897,2.79757,7.852e-05,1.185,1.082,23429
2669,2.98121,2.79757,7.841e-05,1.151,1.026,23388
2670,2.77408,2.79757,7.830e-05,1.314,1.194,23492
2671,2.77750,2.79757,7.819e-05,1.082,0.956,23425
2672,2.87327,2.79757,7.808e-05,1.098,0.968,23484
2673,2.71252,2.79757,7.797e-05,1.421,1.325,23489
2674,3.07237,2.79757,7.786e-05,1.156,1.044,23391
2675,2.79815,2.79757,7.775e-05,1.356,1.242,23207
2676,3.04135,2.79757,7.764e-05,1.578,1.489,23723
2677,3.55512,2.79757,7.754e-05,0.936,0.807,23441
2678,3.27910,2.79757,7.743e-05,1.173,1.072,23444
2679,3.05333,2.79757,7.732e-05,1.172,1.041,23429
2680,3.00521,2.79757,7.722e-05,1.152,1.017,23547
2681,3.07762,2.79757,7.711e-05,1.036,0.921,23422
2682,2.71406,2.79757,7.700e-05,1.427,1.336,23474
2683,3.09200,2.79757,7.690e-05,1.227,1.110,23492
2684,2.95041,2.79757,7.679e-05,1.380,1.237,23399
2685,3.02922,2.79757,7.669e-05,1.326,1.213,23507
2686,2.80118,2.79757,7.658e-05,1.588,1.494,23473
2687,3.10387,2.79757,7.648e-05,1.024,0.903,23464
2688,2.58862,2.79757,7.638e-05,1.777,1.684,23480
2689,2.80019,2.79757,7.627e-05,1.620,1.505,23394
2690,2.98673,2.79757,7.617e-05,1.228,1.124,23339
2691,2.91936,2.79757,7.606e-05,1.739,1.638,23596
2692,2.72206,2.79757,7.596e-05,1.258,1.147,23457
2693,2.40140,2.79757,7.586e-05,1.046,0.918,23507
2694,2.88185,2.79757,7.576e-05,1.045,0.928,23388
2695,3.11604,2.79757,7.566e-05,1.190,1.096,23496
2696,2.91618,2.79757,7.555e-05,1.068,0.948,23404
2697,2.97391,2.79757,7.545e-05,1.079,0.973,23391
2698,2.67316,2.79757,7.535e-05,1.357,1.266,23493
2699,3.09028,2.79757,7.525e-05,1.153,1.047,23396
2700,2.76212,2.79757,7.515e-05,1.099,0.981,23536
2701,3.06290,2.79757,7.505e-05,1.057,0.953,23398
2702,2.88138,2.79757,7.495e-05,1.545,1.443,23418
2703,2.52091,2.79757,7.485e-05,1.241,1.117,23476
2704,2.87329,2.79757,7.475e-05,1.350,1.249,23387
2705,2.93115,2.79757,7.466e-05,1.378,1.274,23566
2706,2.56733,2.79757,7.456e-05,1.154,1.045,23414
2707,2.97128,2.79757,7.446e-05,1.097,0.985,23414
2708,2.25643,2.79757,7.436e-05,1.169,1.048,23475
2709,3.22213,2.79757,7.426e-05,0.959,0.853,23358
2710,2.97321,2.79757,7.417e-05,1.191,1.092,23547
2711,3.04712,2.79757,7.407e-05,1.337,1.228,23381
2712,3.04150,2.79757,7.397e-05,1.213,1.094,23433
2713,2.67136,2.79757,7.388e-05,0.992,0.863,23553
2714,2.68555,2.79757,7.378e-05,1.172,1.052,23408
2715,2.93110,2.79757,7.369e-05,0.986,0.872,23512
2716,3.13161,2.79757,7.359e-05,1.124,1.014,23413
2717,3.48686,2.79757,7.350e-05,0.942,0.807,23185
2718,2.60744,2.79757,7.340e-05,1.019,0.905,23750
2719,3.12271,2.79757,7.331e-05,1.019,0.895,23400
2720,3.00831,2.79757,7.321e-05,1.193,1.093,23513
2721,3.39310,2.79757,7.312e-05,0.989,0.861,23406
2722,2.84270,2.79757,7.303e-05,1.054,0.920,23376
2723,2.67625,2.79757,7.294e-05,1.060,0.934,23514
2724,2.48229,2.79757,7.284e-05,1.157,1.046,23417
2725,2.66200,2.79757,7.275e-05,1.120,0.993,23475
2726,3.21093,2.79757,7.266e-05,1.099,0.988,23410
2727,2.82137,2.79757,7.257e-05,1.071,0.945,23406
2728,2.71220,2.79757,7.248e-05,1.289,1.186,23488
2729,3.39559,2.79757,7.239e-05,1.064,0.939,23379
2730,3.12948,2.79757,7.229e-05,1.135,1.020,23470
2731,2.83500,2.79757,7.220e-05,1.141,1.011,23409
2732,2.87683,2.79757,7.211e-05,1.053,0.919,23414
2733,2.99165,2.79757,7.203e-05,1.072,0.950,23486
2734,3.23955,2.79757,7.194e-05,0.936,0.820,23416
2735,2.99303,2.79757,7.185e-05,0.970,0.838,23512
2736,2.61895,2.79757,7.176e-05,1.132,1.009,23443
2737,3.25498,2.79757,7.167e-05,0.993,0.886,23129
2738,2.97818,2.79757,7.158e-05,1.135,1.025,23775
2739,3.15520,2.79757,7.149e-05,1.114,1.014,23403
2740,3.14694,2.79757,7.141e-05,0.999,0.878,23475
2741,3.35188,2.79757,7.132e-05,1.080,0.958,23436
2742,2.67543,2.79757,7.123e-05,1.209,1.102,23132
2743,2.85299,2.79757,7.115e-05,1.283,1.172,23798
2744,3.00984,2.79757,7.106e-05,0.998,0.883,23431
2745,2.69038,2.79757,7.098e-05,1.522,1.422,23434
2746,2.41797,2.79757,7.089e-05,1.416,1.310,23427
2747,3.21563,2.79757,7.081e-05,1.096,0.994,23404
2748,2.81849,2.79757,7.072e-05,1.240,1.136,23513
2749,2.89448,2.79757,7.064e-05,1.210,1.092,23412
2750,2.47452,2.77029,7.055e-05,1.094,0.949,6672
2751,3.15830,2.77029,7.047e-05,1.117,1.005,23696
2752,2.97048,2.77029,7.039e-05,1.162,1.058,23482
2753,2.78338,2.77029,7.030e-05,0.988,0.868,23406
2754,2.94634,2.77029,7.022e-05,1.062,0.955,23534
2755,2.84358,2.77029,7.014e-05,1.223,1.120,23424
2756,2.62353,2.77029,7.006e-05,1.213,1.115,23392
2757,2.75393,2.77029,6.997e-05,1.266,1.163,23485
2758,3.17094,2.77029,6.989e-05,1.000,0.883,23416
2759,2.88161,2.77029,6.981e-05,1.477,1.386,23525
2760,2.82976,2.77029,6.973e-05,1.216,1.112,23430
2761,3.21018,2.77029,6.965e-05,1.291,1.200,23382
2762,2.65278,2.77029,6.957e-05,1.374,1.268,23476
2763,3.12428,2.77029,6.949e-05,1.064,0.926,23393
2764,3.43796,2.77029,6.941e-05,1.077,0.967,23501
2765,2.95823,2.77029,6.933e-05,1.104,0.995,23419
2766,3.42891,2.77029,6.925e-05,1.015,0.880,23446
2767,2.69457,2.77029,6.917e-05,1.179,1.071,23524
2768,2.48005,2.77029,6.910e-05,1.217,1.097,23380
2769,2.89644,2.77029,6.902e-05,1.195,1.082,23487
2770,3.04635,2.77029,6.894e-05,1.019,0.890,23431
2771,2.66837,2.77029,6.886e-05,1.259,1.144,23425
2772,3.11088,2.77029,6.879e-05,1.058,0.941,23498
2773,3.15253,2.77029,6.871e-05,1.311,1.213,23460
2774,3.08348,2.77029,6.863e-05,1.172,1.038,23493
2775,2.67858,2.77029,6.856e-05,1.075,0.951,23429
2776,3.13827,2.77029,6.848e-05,1.072,0.950,23432
2777,2.78176,2.77029,6.841e-05,1.354,1.214,23532
2778,3.17917,2.77029,6.833e-05,1.065,0.949,23401
2779,2.60867,2.77029,6.826e-05,1.095,0.969,23492
2780,2.38708,2.77029,6.818e-05,1.370,1.267,23384
2781,3.21236,2.77029,6.811e-05,1.132,1.020,23412
2782,3.10135,2.77029,6.804e-05,1.071,0.956,23554
2783,3.29000,2.77029,6.796e-05,0.963,0.846,23414
2784,2.74808,2.77029,6.789e-05,1.257,1.126,23471
2785,3.14872,2.77029,6.782e-05,1.197,1.090,23442
2786,3.30422,2.77029,6.775e-05,0.954,0.839,23390
2787,3.24992,2.77029,6.767e-05,1.002,0.886,23479
2788,2.98026,2.77029,6.760e-05,1.095,0.967,23409
2789,3.10010,2.77029,6.753e-05,1.083,0.973,23471
2790,3.27906,2.77029,6.746e-05,1.084,0.980,23503
2791,3.31392,2.77029,6.739e-05,0.950,0.822,23430
2792,2.71459,2.77029,6.732e-05,1.175,1.038,23507
2793,2.93888,2.77029,6.725e-05,1.141,1.035,23439
2794,2.58856,2.77029,6.718e-05,0.967,0.849,23438
2795,2.38387,2.77029,6.711e-05,1.429,1.315,23457
2796,2.93537,2.77029,6.704e-05,1.070,0.944,23379
2797,2.74562,2.77029,6.697e-05,1.115,1.002,23227
2798,3.13854,2.77029,6.690e-05,1.220,1.101,23737
2799,2.96524,2.77029,6.684e-05,1.333,1.222,23429
2800,3.36049,2.77029,6.677e-05,1.550,1.448,23471
2801,2.46186,2.77029,6.670e-05,1.022,0.898,23387
2802,2.62992,2.77029,6.664e-05,1.087,0.967,23496
2803,2.76881,2.77029,6.657e-05,1.076,0.954,23403
2804,2.69289,2.77029,6.650e-05,1.174,1.048,23474
2805,3.22203,2.77029,6.644e-05,1.023,0.913,23429
2806,3.00018,2.77029,6.637e-05,1.149,1.034,23415
2807,3.14345,2.77029,6.631e-05,1.038,0.924,23496
2808,3.02511,2.77029,6.624e-05,1.058,0.940,23424
2809,2.39480,2.77029,6.618e-05,1.163,1.047,23431
2810,2.68711,2.77029,6.611e-05,1.031,0.900,23523
2811,2.52811,2.77029,6.605e-05,1.140,1.013,23352
2812,3.11193,2.77029,6.598e-05,1.096,0.981,23559
2813,2.85823,2.77029,6.592e-05,1.147,1.028,23426
2814,3.44306,2.77029,6.586e-05,0.976,0.853,23442
2815,3.65658,2.77029,6.580e-05,0.993,0.881,23491
2816,2.38087,2.77029,6.573e-05,1.117,0.991,23434
2817,2.40764,2.77029,6.567e-05,1.284,1.167,23520
2818,2.77411,2.77029,6.561e-05,1.195,1.065,23412
2819,2.56385,2.77029,6.555e-05,1.207,1.085,23379
2820,3.02082,2.77029,6.549e-05,1.036,0.917,23190
2821,2.57781,2.77029,6.543e-05,1.547,1.421,23664
2822,2.64011,2.77029,6.537e-05,1.391,1.250,23484
2823,3.20734,2.77029,6.531e-05,1.056,0.919,23406
2824,3.00901,2.77029,6.525e-05,1.180,1.066,23412
2825,2.39123,2.77029,6.519e-05,1.256,1.125,23502
2826,2.59349,2.77029,6.513e-05,1.092,0.965,23422
2827,2.76331,2.77029,6.507e-05,1.219,1.110,23493
2828,2.99522,2.77029,6.501e-05,1.213,1.088,23400
2829,3.04791,2.77029,6.495e-05,1.067,0.937,23424
2830,2.98668,2.77029,6.490e-05,1.197,1.077,23548
2831,3.30763,2.77029,6.484e-05,1.034,0.915,23414
2832,2.96929,2.77029,6.478e-05,1.201,1.076,23516
2833,2.80855,2.77029,6.473e-05,0.996,0.867,23118
2834,2.58464,2.77029,6.467e-05,1.108,0.979,23482
2835,2.88805,2.77029,6.461e-05,1.289,1.189,23706
2836,2.97237,2.77029,6.456e-05,1.028,0.917,23400
2837,2.90771,2.77029,6.450e-05,1.319,1.200,23478
2838,2.76738,2.77029,6.445e-05,1.053,0.932,23442
2839,3.18656,2.77029,6.439e-05,0.999,0.871,23456
2840,2.62082,2.77029,6.434e-05,1.025,0.905,23507
2841,2.80104,2.77029,6.429e-05,1.049,0.942,23369
2842,2.65035,2.77029,6.423e-05,0.962,0.849,23531
2843,3.45959,2.77029,6.418e-05,1.009,0.901,23444
2844,2.97492,2.77029,6.413e-05,1.161,1.037,23384
2845,2.40323,2.77029,6.407e-05,1.148,1.032,23496
2846,2.69843,2.77029,6.402e-05,1.007,0.870,23414
2847,2.71258,2.77029,6.397e-05,1.353,1.247,23519
2848,2.83215,2.77029,6.392e-05,1.269,1.139,23427
2849,3.15182,2.77029,6.387e-05,1.141,1.027,23414
2850,3.01506,2.77029,6.381e-05,1.081,0.970,23489
2851,2.55562,2.77029,6.376e-05,1.105,0.994,23184
2852,2.93901,2.77029,6.371e-05,1.100,0.993,23671
2853,3.04834,2.77029,6.366e-05,1.082,0.956,23424
2854,3.08060,2.77029,6.361e-05,1.355,1.238,23344
2855,3.00822,2.77029,6.357e-05,1.249,1.139,23498
2856,2.62984,2.77029,6.352e-05,1.187,1.065,23400
2857,3.23606,2.77029,6.347e-05,1.047,0.917,23285
2858,2.87719,2.77029,6.342e-05,1.797,1.718,23683
2859,3.03697,2.77029,6.337e-05,1.286,1.171,23396
2860,2.52783,2.77029,6.332e-05,1.021,0.891,23516
2861,3.06025,2.77029,6.328e-05,1.730,1.648,23386
2862,2.99431,2.77029,6.323e-05,1.840,1.748,23477
2863,3.00578,2.77029,6.318e-05,1.264,1.153,23437
2864,2.85213,2.77029,6.314e-05,1.377,1.275,23385
2865,3.30667,2.77029,6.309e-05,1.261,1.165,23202
2866,3.01365,2.77029,6.305e-05,1.304,1.195,23709
2867,3.09314,2.77029,6.300e-05,1.125,1.001,23495
2868,2.80681,2.77029,6.296e-05,1.462,1.369,23462
2869,2.53028,2.77029,6.291e-05,1.641,1.545,23433
2870,2.57410,2.77029,6.287e-05,1.258,1.149,23482
2871,3.10604,2.77029,6.282e-05,1.020,0.891,23387
2872,2.61947,2.77029,6.278e-05,1.338,1.239,23463
2873,2.71169,2.77029,6.274e-05,1.303,1.207,23461
2874,3.30598,2.77029,6.269e-05,1.025,0.916,23394
2875,3.02524,2.77029,6.265e-05,1.125,1.000,23514
2876,2.69342,2.77029,6.261e-05,1.289,1.188,23415
2877,3.22563,2.77029,6.257e-05,0.993,0.880,23480
2878,3.67101,2.77029,6.253e-05,1.171,1.071,23419
2879,2.92403,2.77029,6.248e-05,1.128,1.024,23402
2880,3.13005,2.77029,6.244e-05,1.074,0.952,23544
2881,2.64119,2.77029,6.240e-05,1.097,0.972,23369
2882,3.14775,2.77029,6.236e-05,0.985,0.852,23428
2883,3.09250,2.77029,6.232e-05,0.910,0.792,23459
2884,2.71563,2.77029,6.228e-05,0.987,0.865,23393
2885,2.81287,2.77029,6.224e-05,1.085,0.977,23466
2886,3.38217,2.77029,6.221e-05,0.933,0.806,23392
2887,3.21338,2.77029,6.217e-05,1.197,1.084,23440
2888,3.09253,2.77029,6.213e-05,1.106,0.995,23485
2889,2.77177,2.77029,6.209e-05,1.002,0.879,23143
2890,2.47562,2.77029,6.205e-05,1.529,1.429,23769
2891,3.30958,2.77029,6.202e-05,1.014,0.893,23449
2892,3.57919,2.77029,6.198e-05,0.972,0.857,23457
2893,3.02734,2.77029,6.194e-05,1.340,1.241,23475
2894,3.17075,2.77029,6.191e-05,0.933,0.810,23434
2895,3.25392,2.77029,6.187e-05,1.072,0.959,23483
2896,3.03142,2.77029,6.184e-05,1.053,0.939,23437
2897,2.85453,2.77029,6.180e-05,1.066,0.959,23417
2898,2.93454,2.77029,6.177e-05,1.050,0.934,23475
2899,2.64081,2.77029,6.173e-05,1.093,0.960,23414
2900,2.86557,2.77029,6.170e-05,1.227,1.128,23506
2901,2.50265,2.77029,6.166e-05,1.050,0.937,23401
2902,3.22174,2.77029,6.163e-05,0.931,0.813,23415
2903,2.78447,2.77029,6.160e-05,1.257,1.154,23443
2904,3.35014,2.77029,6.156e-05,1.128,1.001,23424
2905,2.55374,2.77029,6.153e-05,1.183,1.078,23463
2906,2.58063,2.77029,6.150e-05,1.146,1.043,23413
2907,2.97570,2.77029,6.147e-05,0.967,0.845,23424
2908,2.10912,2.77029,6.144e-05,1.230,1.115,23470
2909,3.34202,2.77029,6.141e-05,0.954,0.835,23396
2910,2.77417,2.77029,6.138e-05,1.018,0.890,23497
2911,3.16338,2.77029,6.135e-05,1.127,1.018,23431
2912,2.74672,2.77029,6.132e-05,1.307,1.207,23413
2913,2.76985,2.77029,6.129e-05,1.297,1.197,23525
2914,2.72682,2.77029,6.126e-05,1.244,1.135,23377
2915,2.91025,2.77029,6.123e-05,1.278,1.172,23487
2916,3.90757,2.77029,6.120e-05,0.991,0.867,23412
2917,2.96823,2.77029,6.117e-05,1.007,0.884,23417
2918,2.99624,2.77029,6.114e-05,1.092,0.974,23509
2919,2.61163,2.77029,6.111e-05,1.120,0.994,23427
2920,3.16099,2.77029,6.109e-05,1.104,0.986,23497
2921,2.98652,2.77029,6.106e-05,1.058,0.931,23437
2922,2.85743,2.77029,6.103e-05,1.145,1.020,23462
2923,3.39446,2.77029,6.101e-05,1.074,0.963,23496
2924,2.34151,2.77029,6.098e-05,1.257,1.137,23403
2925,2.74255,2.77029,6.096e-05,1.096,0.986,23521
2926,2.69604,2.77029,6.093e-05,1.019,0.900,23407
2927,2.70003,2.77029,6.091e-05,1.277,1.170,23421
2928,2.98077,2.77029,6.088e-05,1.308,1.202,23547
2929,2.58292,2.77029,6.086e-05,1.200,1.063,23396
2930,3.02069,2.77029,6.083e-05,1.390,1.293,23518
2931,2.94078,2.77029,6.081e-05,1.075,0.939,23420
2932,3.34050,2.77029,6.079e-05,1.411,1.309,23449
2933,2.69466,2.77029,6.076e-05,1.422,1.312,23489
2934,3.04538,2.77029,6.074e-05,1.156,1.047,23387
2935,2.87456,2.77029,6.072e-05,1.017,0.887,23526
2936,2.41410,2.77029,6.070e-05,1.700,1.596,23454
2937,3.07395,2.77029,6.067e-05,1.341,1.246,23410
2938,3.40408,2.77029,6.065e-05,0.934,0.812,23456
2939,3.10607,2.77029,6.063e-05,1.224,1.114,23463
2940,2.75238,2.77029,6.061e-05,1.511,1.413,23473
2941,2.79808,2.77029,6.059e-05,1.295,1.184,23396
2942,2.97523,2.77029,6.057e-05,1.026,0.915,23395
2943,2.78483,2.77029,6.055e-05,1.080,0.955,23496
2944,2.82449,2.77029,6.053e-05,1.279,1.178,23450
2945,3.07259,2.77029,6.051e-05,0.990,0.879,23461
2946,2.46531,2.77029,6.050e-05,1.023,0.899,23457
2947,2.56762,2.77029,6.048e-05,1.102,0.985,23445
2948,3.19471,2.77029,6.046e-05,0.982,0.858,23499
2949,2.68620,2.77029,6.044e-05,1.226,1.129,23404
2950,2.78827,2.77029,6.042e-05,1.465,1.372,23459
2951,2.70103,2.77029,6.041e-05,1.393,1.291,23427
2952,3.02940,2.77029,6.039e-05,0.949,0.825,23412
2953,2.67022,2.77029,6.038e-05,1.234,1.134,23526
2954,2.88373,2.77029,6.036e-05,1.094,0.985,23441
2955,3.25843,2.77029,6.034e-05,1.022,0.905,23485
2956,2.71025,2.77029,6.033e-05,1.320,1.221,23237
2957,2.95396,2.77029,6.031e-05,1.082,0.970,23639
2958,3.57195,2.77029,6.030e-05,0.919,0.784,23487
2959,3.02745,2.77029,6.029e-05,1.112,0.998,23414
2960,3.08087,2.77029,6.027e-05,0.959,0.837,23479
2961,3.03051,2.77029,6.026e-05,1.226,1.127,23429
2962,3.10284,2.77029,6.025e-05,1.261,1.164,23413
2963,2.69614,2.77029,6.023e-05,1.265,1.160,23490
2964,3.26244,2.77029,6.022e-05,0.995,0.872,23420
2965,3.28767,2.77029,6.021e-05,1.333,1.243,23452
2966,2.94827,2.77029,6.020e-05,1.224,1.119,23453
2967,3.02846,2.77029,6.019e-05,1.052,0.933,23410
2968,2.49747,2.77029,6.017e-05,1.237,1.134,23460
2969,3.04331,2.77029,6.016e-05,1.051,0.933,23418
2970,2.90751,2.77029,6.015e-05,1.176,1.055,23458
2971,3.43067,2.77029,6.014e-05,0.995,0.881,23481
2972,2.78479,2.77029,6.013e-05,1.395,1.307,23381
2973,3.26907,2.77029,6.012e-05,1.256,1.149,23507
2974,2.91247,2.77029,6.011e-05,1.277,1.175,23453
2975,3.15709,2.77029,6.011e-05,1.295,1.197,23454
2976,3.00958,2.77029,6.010e-05,1.426,1.323,23456
2977,2.51163,2.77029,6.009e-05,1.474,1.380,23416
2978,2.75813,2.77029,6.008e-05,1.128,1.017,23503
2979,2.48716,2.77029,6.007e-05,1.195,1.077,23458
2980,2.98871,2.77029,6.007e-05,1.442,1.347,23418
2981,2.75256,2.77029,6.006e-05,1.595,1.492,23416
2982,2.69983,2.77029,6.006e-05,1.169,1.056,23413
2983,2.59532,2.77029,6.005e-05,1.217,1.111,23465
2984,3.36642,2.77029,6.004e-05,1.146,1.020,23405
2985,2.63877,2.77029,6.004e-05,1.209,1.097,23440
2986,3.17572,2.77029,6.003e-05,1.008,0.891,23498
2987,2.85055,2.77029,6.003e-05,1.163,1.053,23438
2988,2.10875,2.77029,6.002e-05,1.185,1.068,23514
2989,2.77272,2.77029,6.002e-05,1.082,0.964,23430
2990,2.77992,2.77029,6.002e-05,1.109,1.005,23291
2991,3.00233,2.77029,6.001e-05,1.263,1.148,23653
2992,2.54149,2.77029,6.001e-05,1.288,1.150,23387
2993,2.55054,2.77029,6.001e-05,1.126,1.007,23511
2994,2.71576,2.77029,6.001e-05,1.149,1.048,23392
2995,2.45272,2.77029,6.000e-05,1.226,1.095,23429
2996,3.06906,2.77029,6.000e-05,1.159,1.053,23488
2997,2.52054,2.77029,6.000e-05,1.269,1.159,23141
2998,2.73007,2.77029,6.000e-05,1.341,1.236,23806
2999,3.02549,2.75195,6.000e-05,1.311,1.219,6668
