step,loss,val_loss,lr,grad_norm,proj_grad_norm,tokens_per_s
0,11.90353,11.83654,3.000e-06,9.983,0.645,5826
1,11.84403,11.83654,6.000e-06,7.341,0.496,19731
2,11.72514,11.83654,9.000e-06,6.992,0.424,19559
3,11.65946,11.83654,1.200e-05,4.116,0.240,19534
4,11.56637,11.83654,1.500e-05,3.305,0.165,19477
5,11.45612,11.83654,1.800e-05,3.052,0.147,19534
6,11.38768,11.83654,2.100e-05,2.579,0.124,19522
7,11.35199,11.83654,2.400e-05,2.134,0.109,19473
8,11.29342,11.83654,2.700e-05,1.970,0.097,19548
9,11.28483,11.83654,3.000e-05,1.720,0.105,19524
10,11.21529,11.83654,3.300e-05,1.937,0.086,19413
11,11.22237,11.83654,3.600e-05,1.877,0.077,19478
12,11.26007,11.83654,3.900e-05,1.724,0.096,19459
13,11.19805,11.83654,4.200e-05,1.876,0.161,19425
14,11.14502,11.83654,4.500e-05,1.465,0.082,19455
15,11.18473,11.83654,4.800e-05,1.690,0.175,19474
16,11.11096,11.83654,5.100e-05,1.711,0.174,19420
17,11.06703,11.83654,5.400e-05,1.284,0.068,19427
18,11.03400,11.83654,5.700e-05,1.937,0.217,19485
19,11.00520,11.83654,6.000e-05,1.320,0.101,19447
20,10.92199,11.83654,6.300e-05,1.295,0.063,19410
21,10.91633,11.83654,6.600e-05,1.561,0.154,19462
22,10.84511,11.83654,6.900e-05,1.431,0.119,19463
23,10.78133,11.83654,7.200e-05,1.333,0.067,19459
24,10.78968,11.83654,7.500e-05,1.425,0.123,19458
25,10.71471,11.83654,7.800e-05,1.368,0.099,19457
26,10.67323,11.83654,8.100e-05,1.197,0.054,19407
27,10.58344,11.83654,8.400e-05,1.374,0.080,19491
28,10.50169,11.83654,8.700e-05,1.464,0.107,19455
29,10.45642,11.83654,9.000e-05,1.284,0.065,19383
30,10.39583,11.83654,9.300e-05,1.396,0.127,19475
31,10.42029,11.83654,9.600e-05,1.209,0.116,19444
32,10.33684,11.83654,9.900e-05,1.114,0.078,19427
33,10.25378,11.83654,1.020e-04,1.173,0.076,19458
34,10.19775,11.83654,1.050e-04,1.295,0.122,19463
35,10.19443,11.83654,1.080e-04,1.082,0.081,19443
36,10.01349,11.83654,1.110e-04,1.577,0.156,19438
37,9.94682,11.83654,1.140e-04,1.366,0.106,19462
38,9.94759,11.83654,1.170e-04,1.472,0.186,19421
39,9.85610,11.83654,1.200e-04,1.278,0.116,19420
40,9.80170,11.83654,1.230e-04,1.154,0.095,19483
41,9.79428,11.83654,1.260e-04,0.988,0.066,19490
42,9.63642,11.83654,1.290e-04,1.249,0.088,19392
43,9.59391,11.83654,1.320e-04,1.095,0.084,19478
44,9.53811,11.83654,1.350e-04,1.165,0.087,19452
45,9.41617,11.83654,1.380e-04,1.109,0.059,19407
46,9.38093,11.83654,1.410e-04,1.036,0.075,19457
47,9.35276,11.83654,1.440e-04,1.079,0.082,19449
48,9.25813,11.83654,1.470e-04,1.002,0.063,19439
49,9.17006,11.83654,1.500e-04,1.190,0.147,19460
50,9.07892,11.83654,1.530e-04,1.044,0.075,19478
51,9.01681,11.83654,1.560e-04,1.087,0.116,19434
52,8.96756,11.83654,1.590e-04,1.007,0.068,19450
53,8.83935,11.83654,1.620e-04,1.076,0.101,19463
54,8.81459,11.83654,1.650e-04,1.100,0.068,19463
55,8.73955,11.83654,1.680e-04,1.015,0.116,19431
56,8.62930,11.83654,1.710e-04,1.097,0.104,19461
57,8.64342,11.83654,1.740e-04,0.944,0.079,19470
58,8.53306,11.83654,1.770e-04,1.011,0.137,19456
59,8.53051,11.83654,1.800e-04,1.000,0.149,19468
60,8.43688,11.83654,1.830e-04,0.935,0.141,19483
61,8.42367,11.83654,1.860e-04,0.914,0.114,19383
62,8.30763,11.83654,1.890e-04,0.863,0.098,19491
63,8.26495,11.83654,1.920e-04,0.942,0.098,19485
64,8.15575,11.83654,1.950e-04,0.748,0.091,19420
65,8.12965,11.83654,1.980e-04,0.826,0.101,19480
66,8.05557,11.83654,2.010e-04,0.791,0.084,19486
67,8.10703,11.83654,2.040e-04,0.755,0.103,19404
68,8.00978,11.83654,2.070e-04,0.668,0.078,19470
69,7.94681,11.83654,2.100e-04,0.815,0.154,19470
70,7.96714,11.83654,2.130e-04,0.997,0.170,19403
71,7.91480,11.83654,2.160e-04,0.921,0.186,19421
72,7.88096,11.83654,2.190e-04,0.790,0.117,19471
73,7.77763,11.83654,2.220e-04,1.120,0.220,19454
74,7.85593,11.83654,2.250e-04,0.742,0.155,19450
75,7.82452,11.83654,2.280e-04,0.739,0.175,19455
76,7.74888,11.83654,2.310e-04,0.601,0.106,19448
77,7.78629,11.83654,2.340e-04,0.664,0.132,19430
78,7.82280,11.83654,2.370e-04,0.731,0.147,19484
79,7.57844,11.83654,2.400e-04,0.759,0.137,19455
80,7.67228,11.83654,2.430e-04,0.665,0.147,19422
81,7.61671,11.83654,2.460e-04,0.556,0.117,19480
82,7.56653,11.83654,2.490e-04,0.843,0.212,19459
83,7.67485,11.83654,2.520e-04,0.712,0.144,19376
84,7.55344,11.83654,2.550e-04,0.544,0.108,19474
85,7.49001,11.83654,2.580e-04,0.853,0.214,19463
86,7.53764,11.83654,2.610e-04,0.635,0.141,19421
87,7.36263,11.83654,2.640e-04,0.704,0.165,19464
88,7.44313,11.83654,2.670e-04,0.602,0.191,19448
89,7.38160,11.83654,2.700e-04,0.509,0.108,19434
90,7.35401,11.83654,2.730e-04,0.539,0.180,19474
91,7.39315,11.83654,2.760e-04,0.498,0.144,19467
92,7.41847,11.83654,2.790e-04,0.666,0.224,19433
93,7.26661,11.83654,2.820e-04,0.550,0.188,19446
94,7.40125,11.83654,2.850e-04,0.537,0.162,19470
95,7.22905,11.83654,2.880e-04,0.735,0.224,19458
96,7.23097,11.83654,2.910e-04,0.486,0.163,19431
97,7.34687,11.83654,2.940e-04,0.657,0.204,19449
98,7.40918,11.83654,2.970e-04,0.963,0.307,19480
99,7.18357,11.83654,3.000e-04,0.614,0.234,19407
100,7.33655,11.83654,3.030e-04,0.651,0.171,19476
101,7.35505,11.83654,3.060e-04,0.637,0.212,19467
102,7.31487,11.83654,3.090e-04,0.723,0.172,19413
103,7.19877,11.83654,3.120e-04,1.180,0.394,19488
104,7.12358,11.83654,3.150e-04,0.677,0.226,19473
105,7.29986,11.83654,3.180e-04,0.641,0.210,19413
106,7.17778,11.83654,3.210e-04,0.986,0.421,19465
107,7.25147,11.83654,3.240e-04,0.843,0.313,19464
108,7.13169,11.83654,3.270e-04,1.485,0.520,19421
109,7.16440,11.83654,3.300e-04,0.749,0.232,19402
110,7.15547,11.83654,3.330e-04,0.607,0.191,19493
111,7.05318,11.83654,3.360e-04,0.675,0.206,19404
112,7.20793,11.83654,3.390e-04,0.728,0.254,19440
113,6.98270,11.83654,3.420e-04,0.595,0.234,19480
114,7.04679,11.83654,3.450e-04,0.594,0.196,19452
115,7.19100,11.83654,3.480e-04,0.675,0.225,19389
116,7.09648,11.83654,3.510e-04,0.627,0.269,19477
117,7.01490,11.83654,3.540e-04,0.625,0.255,19470
118,7.18370,11.83654,3.570e-04,0.641,0.223,19414
119,6.96930,11.83654,3.600e-04,0.727,0.370,19446
120,7.07874,11.83654,3.630e-04,0.817,0.408,19461
121,6.99921,11.83654,3.660e-04,0.740,0.294,19395
122,7.06533,11.83654,3.690e-04,0.667,0.284,19488
123,6.88123,11.83654,3.720e-04,0.524,0.202,19504
124,7.04490,11.83654,3.750e-04,0.634,0.263,19464
125,7.07414,11.83654,3.780e-04,0.615,0.238,19525
126,7.03873,11.83654,3.810e-04,0.680,0.275,19497
127,6.94327,11.83654,3.840e-04,0.832,0.356,19444
128,7.09622,11.83654,3.870e-04,0.654,0.276,19462
129,6.95245,11.83654,3.900e-04,0.498,0.189,19504
130,6.94796,11.83654,3.930e-04,0.727,0.354,19491
131,6.97956,11.83654,3.960e-04,0.608,0.281,19469
132,6.95557,11.83654,3.990e-04,0.574,0.276,19495
133,6.91501,11.83654,4.020e-04,0.677,0.221,19486
134,6.92858,11.83654,4.050e-04,0.761,0.366,19451
135,6.95077,11.83654,4.080e-04,0.595,0.253,19513
136,6.92578,11.83654,4.110e-04,0.572,0.207,19501
137,6.95174,11.83654,4.140e-04,0.548,0.217,19432
138,6.92265,11.83654,4.170e-04,0.709,0.350,19491
139,6.82921,11.83654,4.200e-04,0.913,0.507,19495
140,6.84172,11.83654,4.230e-04,0.912,0.490,19457
141,6.66384,11.83654,4.260e-04,0.807,0.432,19507
142,6.86286,11.83654,4.290e-04,0.847,0.412,19500
143,6.84215,11.83654,4.320e-04,1.122,0.660,19438
144,6.97886,11.83654,4.350e-04,1.001,0.489,19513
145,6.98699,11.83654,4.380e-04,0.709,0.301,19498
146,6.77564,11.83654,4.410e-04,0.655,0.277,19459
147,6.66885,11.83654,4.440e-04,0.568,0.220,19477
148,6.70365,11.83654,4.470e-04,0.911,0.465,19433
149,6.83140,11.83654,4.500e-04,0.757,0.290,19381
150,6.92487,11.83654,4.530e-04,0.722,0.289,19417
151,6.69365,11.83654,4.560e-04,0.618,0.273,19487
152,6.81661,11.83654,4.590e-04,0.859,0.480,19473
153,6.92064,11.83654,4.620e-04,1.919,1.321,19422
154,6.70123,11.83654,4.650e-04,0.912,0.472,19470
155,6.77530,11.83654,4.680e-04,0.787,0.394,19451
156,6.70627,11.83654,4.710e-04,0.713,0.344,19414
157,6.74386,11.83654,4.740e-04,0.749,0.367,19473
158,6.82258,11.83654,4.770e-04,0.789,0.365,19470
159,6.83836,11.83654,4.800e-04,0.471,0.195,19426
160,6.65406,11.83654,4.830e-04,0.938,0.501,19462
161,6.92119,11.83654,4.860e-04,0.672,0.310,19470
162,6.87253,11.83654,4.890e-04,0.857,0.401,19419
163,6.63624,11.83654,4.920e-04,0.647,0.300,19471
164,6.70823,11.83654,4.950e-04,1.091,0.592,19483
165,6.75674,11.83654,4.980e-04,0.770,0.403,19442
166,6.47028,11.83654,5.010e-04,0.684,0.331,19434
167,6.79965,11.83654,5.040e-04,0.579,0.253,19458
168,6.53533,11.83654,5.070e-04,0.627,0.291,19437
169,6.75394,11.83654,5.100e-04,0.659,0.340,19428
170,6.69346,11.83654,5.130e-04,0.654,0.341,19452
171,6.61704,11.83654,5.160e-04,0.666,0.333,19444
172,6.72780,11.83654,5.190e-04,0.804,0.463,19412
173,6.83023,11.83654,5.220e-04,0.613,0.258,19465
174,6.62669,11.83654,5.250e-04,1.025,0.538,19474
175,6.79453,11.83654,5.280e-04,0.795,0.362,19387
176,6.81925,11.83654,5.310e-04,0.541,0.254,19474
177,6.69301,11.83654,5.340e-04,0.842,0.391,19491
178,6.73294,11.83654,5.370e-04,0.688,0.284,19402
179,6.52189,11.83654,5.400e-04,0.637,0.328,19487
180,6.65186,11.83654,5.430e-04,0.832,0.441,19448
181,6.81113,11.83654,5.460e-04,0.683,0.346,19406
182,6.75922,11.83654,5.490e-04,0.763,0.360,19438
183,6.58912,11.83654,5.520e-04,0.491,0.229,19475
184,6.66563,11.83654,5.550e-04,0.731,0.357,19403
185,6.55432,11.83654,5.580e-04,0.577,0.290,19468
186,6.61734,11.83654,5.610e-04,0.654,0.361,19472
187,6.65333,11.83654,5.640e-04,0.653,0.349,19434
188,6.70827,11.83654,5.670e-04,0.599,0.273,19424
189,6.47690,11.83654,5.700e-04,0.715,0.400,19460
190,6.55766,11.83654,5.730e-04,0.915,0.559,19469
191,6.64817,11.83654,5.760e-04,0.631,0.355,19440
192,6.62881,11.83654,5.790e-04,0.554,0.266,19477
193,6.56351,11.83654,5.820e-04,0.578,0.297,19496
194,6.63723,11.83654,5.850e-04,0.465,0.224,19399
195,6.61391,11.83654,5.880e-04,0.593,0.307,19501
196,6.54943,11.83654,5.910e-04,0.562,0.272,19490
197,6.45615,11.83654,5.940e-04,0.521,0.248,19398
198,6.78361,11.83654,5.970e-04,0.475,0.194,19477
199,6.66739,11.83654,6.000e-04,0.644,0.339,19479
200,6.52768,11.83654,6.000e-04,0.792,0.461,19415
201,6.49955,11.83654,6.000e-04,0.986,0.621,19458
202,6.69555,11.83654,6.000e-04,0.784,0.418,19457
203,6.52860,11.83654,6.000e-04,0.660,0.344,19453
204,6.66166,11.83654,6.000e-04,0.580,0.281,19461
205,6.57069,11.83654,6.000e-04,0.510,0.246,19461
206,6.50707,11.83654,6.000e-04,0.547,0.249,19415
207,6.66231,11.83654,6.000e-04,0.518,0.251,19413
208,6.46027,11.83654,6.000e-04,0.734,0.404,19477
209,6.52365,11.83654,6.000e-04,0.804,0.458,19474
210,6.31217,11.83654,6.000e-04,0.788,0.439,19397
211,6.54941,11.83654,6.000e-04,0.751,0.382,19488
212,6.66247,11.83654,6.000e-04,0.751,0.382,19473
213,6.44193,11.83654,6.000e-04,0.535,0.266,19402
214,6.51802,11.83654,6.000e-04,0.610,0.333,19472
215,6.55809,11.83654,6.000e-04,0.596,0.309,19484
216,6.31186,11.83654,6.000e-04,0.764,0.432,19412
217,6.53368,11.83654,6.000e-04,0.598,0.334,19488
218,6.54093,11.83654,5.999e-04,0.843,0.474,19474
219,6.51262,11.83654,5.999e-04,0.619,0.339,19407
220,6.46997,11.83654,5.999e-04,0.636,0.339,19453
221,6.67252,11.83654,5.999e-04,0.595,0.315,19487
222,6.47243,11.83654,5.999e-04,0.588,0.302,19407
223,6.52872,11.83654,5.999e-04,0.541,0.255,19434
224,6.44667,11.83654,5.999e-04,0.657,0.331,19480
225,6.46772,11.83654,5.999e-04,0.741,0.458,19440
226,6.44519,11.83654,5.999e-04,0.586,0.332,19409
227,6.43166,11.83654,5.999e-04,0.603,0.319,19471
228,6.66481,11.83654,5.999e-04,0.608,0.303,19453
229,6.46226,11.83654,5.999e-04,0.718,0.401,19409
230,6.52471,11.83654,5.998e-04,0.586,0.299,19477
231,6.31767,11.83654,5.998e-04,0.743,0.431,19459
232,6.51872,11.83654,5.998e-04,0.597,0.330,19402
233,6.45791,11.83654,5.998e-04,0.742,0.372,19491
234,6.31405,11.83654,5.998e-04,0.680,0.396,19456
235,6.39445,11.83654,5.998e-04,0.656,0.358,19407
236,6.36853,11.83654,5.998e-04,0.615,0.322,19484
237,6.52682,11.83654,5.998e-04,0.630,0.318,19488
238,6.43614,11.83654,5.998e-04,0.560,0.264,19420
239,6.32019,11.83654,5.997e-04,0.595,0.314,19442
240,6.44616,11.83654,5.997e-04,0.607,0.305,19511
241,6.42553,11.83654,5.997e-04,0.795,0.405,19457
242,6.43255,11.83654,5.997e-04,0.751,0.383,19428
243,6.40358,11.83654,5.997e-04,0.748,0.438,19500
244,6.47621,11.83654,5.997e-04,0.655,0.332,19466
245,6.41600,11.83654,5.997e-04,0.717,0.424,19428
246,6.45730,11.83654,5.996e-04,0.518,0.255,19457
247,6.28172,11.83654,5.996e-04,0.638,0.363,19476
248,6.32203,11.83654,5.996e-04,0.542,0.280,19427
249,6.38586,11.83654,5.996e-04,0.692,0.393,19470
250,6.36179,6.33070,5.996e-04,0.492,0.233,6082
251,6.41330,6.33070,5.996e-04,0.692,0.296,19743
252,6.20538,6.33070,5.995e-04,0.588,0.302,19464
253,6.33157,6.33070,5.995e-04,0.621,0.297,19410
254,6.24943,6.33070,5.995e-04,0.650,0.351,19477
255,6.39221,6.33070,5.995e-04,0.599,0.305,19499
256,6.26084,6.33070,5.995e-04,0.691,0.408,19428
257,6.34575,6.33070,5.994e-04,0.624,0.348,19486
258,6.47519,6.33070,5.994e-04,0.526,0.270,19483
259,6.38153,6.33070,5.994e-04,0.724,0.451,19447
260,6.28591,6.33070,5.994e-04,0.711,0.386,19441
261,6.30398,6.33070,5.994e-04,0.538,0.267,19476
262,6.33695,6.33070,5.993e-04,0.539,0.262,19466
263,6.31744,6.33070,5.993e-04,0.579,0.318,19436
264,6.21842,6.33070,5.993e-04,0.732,0.439,19485
265,6.21300,6.33070,5.993e-04,0.743,0.478,19485
266,6.22023,6.33070,5.993e-04,0.546,0.292,19439
267,6.33072,6.33070,5.992e-04,0.609,0.359,19460
268,6.26943,6.33070,5.992e-04,0.592,0.299,19500
269,6.25838,6.33070,5.992e-04,0.573,0.286,19417
270,6.42753,6.33070,5.992e-04,0.583,0.279,19458
271,6.24454,6.33070,5.991e-04,0.498,0.238,19503
272,6.27492,6.33070,5.991e-04,0.618,0.307,19420
273,6.30100,6.33070,5.991e-04,0.907,0.547,19502
274,6.32594,6.33070,5.991e-04,0.659,0.310,19484
275,6.45233,6.33070,5.990e-04,0.574,0.273,19425
276,6.32669,6.33070,5.990e-04,0.686,0.370,19480
277,6.17373,6.33070,5.990e-04,0.634,0.352,19473
278,6.31901,6.33070,5.990e-04,0.552,0.271,19463
279,6.38028,6.33070,5.989e-04,0.696,0.398,19465
280,6.29748,6.33070,5.989e-04,0.697,0.405,19498
281,6.31160,6.33070,5.989e-04,0.617,0.343,19425
282,6.32163,6.33070,5.989e-04,0.615,0.347,19455
283,6.11065,6.33070,5.988e-04,0.607,0.336,19476
284,6.44261,6.33070,5.988e-04,0.958,0.329,19473
285,6.29690,6.33070,5.988e-04,0.751,0.442,19425
286,6.20933,6.33070,5.987e-04,0.573,0.323,19465
287,6.17458,6.33070,5.987e-04,0.695,0.415,19492
288,6.36745,6.33070,5.987e-04,1.494,1.117,19408
289,6.33093,6.33070,5.987e-04,0.768,0.480,19456
290,6.19544,6.33070,5.986e-04,0.671,0.373,19487
291,6.15940,6.33070,5.986e-04,0.536,0.285,19410
292,6.34776,6.33070,5.986e-04,0.562,0.290,19478
293,6.27614,6.33070,5.985e-04,0.614,0.325,19472
294,6.39474,6.33070,5.985e-04,0.521,0.286,19429
295,6.16621,6.33070,5.985e-04,0.578,0.319,19470
296,6.29405,6.33070,5.984e-04,0.562,0.290,19494
297,6.20374,6.33070,5.984e-04,0.551,0.263,19440
298,6.21826,6.33070,5.984e-04,0.505,0.251,19469
299,6.23070,6.33070,5.983e-04,0.535,0.260,19470
300,6.40828,6.33070,5.983e-04,0.478,0.220,19444
301,6.40600,6.33070,5.983e-04,0.505,0.239,19441
302,6.23641,6.33070,5.982e-04,0.502,0.263,19490
303,6.23494,6.33070,5.982e-04,0.562,0.281,19472
304,6.16760,6.33070,5.982e-04,0.518,0.273,19440
305,6.19581,6.33070,5.981e-04,0.617,0.317,19494
306,6.13205,6.33070,5.981e-04,0.715,0.422,19502
307,6.39860,6.33070,5.981e-04,0.574,0.299,19401
308,6.13228,6.33070,5.980e-04,0.535,0.280,19510
309,6.29024,6.33070,5.980e-04,0.578,0.297,19478
310,6.24881,6.33070,5.979e-04,0.538,0.257,19424
311,6.18097,6.33070,5.979e-04,0.515,0.269,19476
312,6.14031,6.33070,5.979e-04,0.604,0.302,19492
313,6.19243,6.33070,5.978e-04,0.612,0.346,19435
314,6.23499,6.33070,5.978e-04,0.509,0.249,19493
315,6.37433,6.33070,5.978e-04,0.524,0.257,19495
316,6.02062,6.33070,5.977e-04,0.593,0.329,19428
317,6.24267,6.33070,5.977e-04,0.644,0.344,19439
318,6.12416,6.33070,5.976e-04,0.578,0.311,19479
319,6.32939,6.33070,5.976e-04,0.569,0.304,19437
320,6.29649,6.33070,5.976e-04,0.760,0.346,19427
321,6.25657,6.33070,5.975e-04,0.570,0.308,19457
322,6.13609,6.33070,5.975e-04,0.650,0.365,19474
323,6.11156,6.33070,5.974e-04,0.695,0.402,19401
324,6.17424,6.33070,5.974e-04,0.833,0.482,19487
325,6.10820,6.33070,5.973e-04,0.587,0.338,19479
326,6.36408,6.33070,5.973e-04,0.674,0.384,19430
327,6.23236,6.33070,5.973e-04,0.613,0.283,19492
328,6.16064,6.33070,5.972e-04,0.579,0.309,19474
329,6.06810,6.33070,5.972e-04,0.585,0.292,19406
330,6.20063,6.33070,5.971e-04,0.521,0.264,19465
331,6.06177,6.33070,5.971e-04,0.609,0.332,19488
332,6.11845,6.33070,5.970e-04,0.577,0.306,19425
333,6.06927,6.33070,5.970e-04,0.689,0.396,19474
334,6.13552,6.33070,5.970e-04,0.501,0.254,19469
335,6.09190,6.33070,5.969e-04,0.549,0.282,19448
336,6.27229,6.33070,5.969e-04,0.658,0.307,19464
337,6.31225,6.33070,5.968e-04,0.617,0.295,19484
338,6.00963,6.33070,5.968e-04,0.623,0.358,19470
339,6.20740,6.33070,5.967e-04,0.641,0.355,19442
340,6.03838,6.33070,5.967e-04,0.592,0.303,19493
341,6.25166,6.33070,5.966e-04,0.663,0.378,19465
342,6.49763,6.33070,5.966e-04,0.584,0.264,19430
343,6.13512,6.33070,5.965e-04,0.486,0.237,19498
344,5.97956,6.33070,5.965e-04,0.567,0.306,19478
345,6.19362,6.33070,5.964e-04,0.543,0.284,19422
346,6.18748,6.33070,5.964e-04,0.522,0.255,19478
347,6.10885,6.33070,5.963e-04,0.587,0.293,19470
348,6.11767,6.33070,5.963e-04,0.532,0.234,19441
349,6.16814,6.33070,5.962e-04,0.545,0.267,19471
350,6.10820,6.33070,5.962e-04,0.503,0.227,19489
351,5.96693,6.33070,5.961e-04,0.563,0.286,19396
352,6.12423,6.33070,5.961e-04,0.509,0.247,19454
353,6.08734,6.33070,5.960e-04,0.541,0.270,19489
354,6.10449,6.33070,5.960e-04,0.485,0.244,19417
355,6.01067,6.33070,5.959e-04,0.511,0.256,19476
356,6.22323,6.33070,5.959e-04,0.456,0.206,19468
357,6.21851,6.33070,5.958e-04,0.635,0.334,19425
358,5.94107,6.33070,5.958e-04,0.605,0.331,19435
359,6.30007,6.33070,5.957e-04,0.546,0.260,19518
360,6.20216,6.33070,5.957e-04,0.501,0.264,19449
361,6.17291,6.33070,5.956e-04,0.594,0.257,19409
362,6.12757,6.33070,5.956e-04,0.517,0.238,19486
363,5.99326,6.33070,5.955e-04,0.487,0.236,19484
364,5.95948,6.33070,5.954e-04,0.570,0.283,19430
365,5.98093,6.33070,5.954e-04,0.582,0.305,19516
366,6.20181,6.33070,5.953e-04,0.596,0.326,19497
367,6.14740,6.33070,5.953e-04,0.656,0.371,19427
368,6.07370,6.33070,5.952e-04,0.517,0.262,19450
369,6.10555,6.33070,5.952e-04,0.521,0.262,19488
370,6.10788,6.33070,5.951e-04,0.587,0.304,19396
371,5.91243,6.33070,5.950e-04,0.514,0.275,19482
372,6.06483,6.33070,5.950e-04,0.539,0.271,19499
373,6.18903,6.33070,5.949e-04,0.455,0.205,19433
374,6.25528,6.33070,5.949e-04,0.525,0.261,19467
375,6.24213,6.33070,5.948e-04,0.469,0.201,19493
376,6.04363,6.33070,5.948e-04,0.551,0.282,19458
377,6.05369,6.33070,5.947e-04,0.591,0.290,19446
378,6.20365,6.33070,5.946e-04,0.546,0.284,19481
379,6.04412,6.33070,5.946e-04,0.558,0.287,19439
380,6.14140,6.33070,5.945e-04,0.581,0.306,19424
381,5.84158,6.33070,5.945e-04,0.672,0.372,19457
382,6.28665,6.33070,5.944e-04,0.528,0.244,19492
383,6.08174,6.33070,5.943e-04,0.592,0.314,19404
384,6.10330,6.33070,5.943e-04,0.638,0.285,19496
385,5.97527,6.33070,5.942e-04,0.594,0.312,19467
386,6.12073,6.33070,5.941e-04,0.522,0.252,19429
387,6.07897,6.33070,5.941e-04,0.582,0.292,19469
388,6.07028,6.33070,5.940e-04,0.621,0.328,19478
389,6.11524,6.33070,5.940e-04,0.493,0.246,19410
390,6.22715,6.33070,5.939e-04,0.543,0.250,19484
391,6.01411,6.33070,5.938e-04,0.593,0.318,19482
392,6.19732,6.33070,5.938e-04,0.504,0.245,19407
393,6.11603,6.33070,5.937e-04,0.651,0.319,19471
394,6.06594,6.33070,5.936e-04,0.577,0.275,19510
395,6.31166,6.33070,5.936e-04,0.506,0.234,19421
396,6.13327,6.33070,5.935e-04,0.617,0.328,19448
397,5.95932,6.33070,5.934e-04,0.975,0.373,19512
398,6.03253,6.33070,5.934e-04,0.575,0.289,19480
399,6.00320,6.33070,5.933e-04,0.503,0.240,19436
400,5.93620,6.33070,5.932e-04,0.578,0.317,19489
401,6.21197,6.33070,5.932e-04,0.568,0.270,19447
402,6.00416,6.33070,5.931e-04,0.623,0.293,19435
403,6.08740,6.33070,5.930e-04,0.566,0.307,19496
404,6.03010,6.33070,5.930e-04,0.681,0.333,19480
405,5.97441,6.33070,5.929e-04,0.525,0.247,19427
406,5.98047,6.33070,5.928e-04,0.504,0.251,19516
407,5.99507,6.33070,5.928e-04,0.610,0.317,19482
408,6.17021,6.33070,5.927e-04,0.494,0.239,19411
409,5.88012,6.33070,5.926e-04,0.704,0.410,19454
410,6.02402,6.33070,5.925e-04,0.524,0.267,19482
411,5.82693,6.33070,5.925e-04,0.636,0.347,19443
412,6.07452,6.33070,5.924e-04,0.514,0.263,19511
413,5.91023,6.33070,5.923e-04,0.506,0.253,19487
414,5.93966,6.33070,5.923e-04,0.547,0.279,19446
415,6.13844,6.33070,5.922e-04,0.469,0.229,19458
416,6.01233,6.33070,5.921e-04,0.478,0.222,19484
417,5.96399,6.33070,5.920e-04,0.493,0.242,19482
418,5.95592,6.33070,5.920e-04,0.468,0.218,19460
419,5.91081,6.33070,5.919e-04,0.465,0.222,19491
420,5.83711,6.33070,5.918e-04,0.496,0.223,19491
421,6.06118,6.33070,5.917e-04,0.454,0.199,19424
422,6.06395,6.33070,5.917e-04,0.572,0.278,19501
423,5.93522,6.33070,5.916e-04,0.568,0.264,19477
424,6.02373,6.33070,5.915e-04,0.554,0.286,19425
425,6.00057,6.33070,5.914e-04,0.573,0.289,19489
426,5.80794,6.33070,5.914e-04,0.540,0.285,19509
427,6.04251,6.33070,5.913e-04,0.549,0.281,19408
428,6.05785,6.33070,5.912e-04,0.578,0.304,19489
429,5.92722,6.33070,5.911e-04,0.539,0.275,19505
430,6.05608,6.33070,5.911e-04,0.565,0.260,19399
431,5.94377,6.33070,5.910e-04,0.675,0.372,19505
432,5.88241,6.33070,5.909e-04,0.650,0.361,19462
433,6.05798,6.33070,5.908e-04,0.555,0.245,19452
434,5.89873,6.33070,5.907e-04,0.578,0.312,19473
435,5.96016,6.33070,5.907e-04,0.642,0.347,19501
436,6.06533,6.33070,5.906e-04,0.553,0.277,19455
437,6.02720,6.33070,5.905e-04,0.531,0.246,19433
438,5.90429,6.33070,5.904e-04,0.565,0.283,19498
439,5.78886,6.33070,5.904e-04,0.501,0.246,19439
440,5.97122,6.33070,5.903e-04,0.541,0.234,19460
441,5.94769,6.33070,5.902e-04,0.513,0.263,19496
442,5.92164,6.33070,5.901e-04,0.468,0.202,19482
443,5.78589,6.33070,5.900e-04,0.567,0.298,19401
444,5.95329,6.33070,5.899e-04,0.502,0.209,19495
445,5.91758,6.33070,5.899e-04,0.472,0.227,19490
446,6.04492,6.33070,5.898e-04,0.509,0.225,19428
447,5.96105,6.33070,5.897e-04,0.502,0.248,19468
448,5.82577,6.33070,5.896e-04,0.475,0.225,19486
449,5.97368,6.33070,5.895e-04,0.488,0.235,19428
450,5.90230,6.33070,5.894e-04,0.503,0.242,19471
451,5.88577,6.33070,5.894e-04,0.514,0.254,19500
452,5.88136,6.33070,5.893e-04,0.513,0.250,19432
453,6.03099,6.33070,5.892e-04,0.486,0.223,19479
454,5.91367,6.33070,5.891e-04,0.518,0.260,19483
455,5.84944,6.33070,5.890e-04,0.499,0.242,19464
456,5.91450,6.33070,5.889e-04,0.507,0.231,19444
457,5.83898,6.33070,5.889e-04,0.534,0.275,19504
458,5.85916,6.33070,5.888e-04,0.500,0.254,19443
459,5.98998,6.33070,5.887e-04,0.561,0.279,19454
460,5.82408,6.33070,5.886e-04,0.474,0.222,19492
461,5.94488,6.33070,5.885e-04,0.508,0.236,19457
462,6.02063,6.33070,5.884e-04,0.489,0.227,19410
463,5.84623,6.33070,5.883e-04,0.467,0.214,19505
464,5.90602,6.33070,5.882e-04,0.456,0.207,19487
465,5.79485,6.33070,5.882e-04,0.478,0.217,19383
466,6.02780,6.33070,5.881e-04,0.552,0.245,19516
467,5.81541,6.33070,5.880e-04,0.610,0.285,19477
468,5.95564,6.33070,5.879e-04,0.506,0.244,19443
469,5.84697,6.33070,5.878e-04,0.531,0.250,19469
470,5.87781,6.33070,5.877e-04,0.486,0.216,19492
471,5.76252,6.33070,5.876e-04,0.494,0.246,19440
472,5.82633,6.33070,5.875e-04,0.522,0.250,19485
473,5.85551,6.33070,5.874e-04,0.545,0.269,19466
474,5.82016,6.33070,5.873e-04,0.481,0.231,19457
475,5.87206,6.33070,5.872e-04,0.504,0.240,19455
476,5.82814,6.33070,5.872e-04,0.496,0.240,19491
477,5.87799,6.33070,5.871e-04,0.470,0.226,19419
478,5.86953,6.33070,5.870e-04,0.449,0.197,19486
479,5.75030,6.33070,5.869e-04,0.499,0.229,19516
480,5.63610,6.33070,5.868e-04,0.498,0.242,19461
481,5.86813,6.33070,5.867e-04,0.530,0.251,19465
482,5.91674,6.33070,5.866e-04,0.490,0.222,19496
483,5.80147,6.33070,5.865e-04,0.560,0.270,19524
484,5.77459,6.33070,5.864e-04,0.504,0.225,19428
485,5.73422,6.33070,5.863e-04,0.517,0.225,19509
486,5.87643,6.33070,5.862e-04,0.482,0.211,19485
487,5.73326,6.33070,5.861e-04,0.500,0.208,19448
488,5.97022,6.33070,5.860e-04,0.538,0.238,19490
489,5.77246,6.33070,5.859e-04,0.523,0.248,19476
490,5.88483,6.33070,5.858e-04,0.533,0.259,19422
491,5.89931,6.33070,5.857e-04,0.527,0.235,19490
492,5.77860,6.33070,5.856e-04,0.481,0.209,19495
493,5.92298,6.33070,5.855e-04,0.535,0.241,19428
494,5.79350,6.33070,5.854e-04,0.540,0.257,19490
495,5.71027,6.33070,5.853e-04,0.536,0.228,19448
496,5.79126,6.33070,5.852e-04,0.680,0.350,19484
497,5.75177,6.33070,5.851e-04,0.537,0.266,19475
498,5.77139,6.33070,5.850e-04,0.589,0.312,19469
499,5.74849,6.33070,5.849e-04,0.630,0.373,19481
500,5.93476,5.74302,5.848e-04,0.474,0.206,6086
501,5.67786,5.74302,5.847e-04,0.605,0.337,19760
502,5.89449,5.74302,5.846e-04,0.513,0.236,19417
503,5.84905,5.74302,5.845e-04,0.486,0.248,19481
504,5.74856,5.74302,5.844e-04,0.511,0.259,19492
505,5.87311,5.74302,5.843e-04,0.482,0.224,19434
506,5.87881,5.74302,5.842e-04,0.470,0.216,19503
507,5.58075,5.74302,5.841e-04,0.490,0.233,19477
508,5.76782,5.74302,5.840e-04,0.481,0.210,19409
509,5.85278,5.74302,5.839e-04,0.477,0.220,19511
510,5.72034,5.74302,5.838e-04,0.511,0.257,19502
511,5.69995,5.74302,5.837e-04,0.496,0.242,19432
512,5.75442,5.74302,5.836e-04,0.565,0.292,19475
513,5.75977,5.74302,5.835e-04,0.628,0.317,19496
514,5.86948,5.74302,5.834e-04,0.525,0.252,19433
515,5.81026,5.74302,5.833e-04,0.547,0.260,19459
516,5.76667,5.74302,5.832e-04,0.496,0.246,19475
517,5.61209,5.74302,5.831e-04,0.483,0.246,19478
518,5.76387,5.74302,5.830e-04,0.460,0.218,19450
519,5.80384,5.74302,5.829e-04,0.467,0.209,19474
520,5.84823,5.74302,5.828e-04,0.475,0.197,19462
521,5.63696,5.74302,5.827e-04,0.517,0.254,19424
522,5.76116,5.74302,5.826e-04,0.507,0.227,19499
523,6.06446,5.74302,5.825e-04,0.507,0.217,19490
524,5.76321,5.74302,5.824e-04,0.481,0.212,19416
525,5.70538,5.74302,5.822e-04,0.523,0.249,19495
526,6.16393,5.74302,5.821e-04,0.482,0.192,19510
527,5.79377,5.74302,5.820e-04,0.543,0.258,19421
528,5.82995,5.74302,5.819e-04,0.466,0.205,19478
529,5.90018,5.74302,5.818e-04,0.571,0.279,19506
530,5.80018,5.74302,5.817e-04,0.519,0.246,19447
531,5.92877,5.74302,5.816e-04,0.518,0.241,19483
532,5.62114,5.74302,5.815e-04,0.596,0.282,19485
533,5.73853,5.74302,5.814e-04,0.493,0.241,19444
534,5.96498,5.74302,5.813e-04,0.471,0.209,19459
535,5.73306,5.74302,5.812e-04,0.498,0.233,19511
536,5.81179,5.74302,5.810e-04,0.473,0.213,19489
537,5.78182,5.74302,5.809e-04,0.537,0.236,19477
538,5.71084,5.74302,5.808e-04,0.467,0.215,19491
539,5.78406,5.74302,5.807e-04,0.522,0.246,19452
540,5.69676,5.74302,5.806e-04,0.482,0.229,19461
541,5.74101,5.74302,5.805e-04,0.436,0.191,19471
542,5.86930,5.74302,5.804e-04,0.471,0.208,19495
543,5.76268,5.74302,5.803e-04,0.495,0.220,19415
544,5.70213,5.74302,5.801e-04,0.465,0.205,19492
545,5.56386,5.74302,5.800e-04,0.474,0.213,19504
546,5.66688,5.74302,5.799e-04,0.452,0.201,19429
547,5.63282,5.74302,5.798e-04,0.445,0.190,19487
548,5.82249,5.74302,5.797e-04,0.529,0.258,19483
549,5.86680,5.74302,5.796e-04,0.447,0.193,19425
550,5.66959,5.74302,5.794e-04,0.475,0.216,19484
551,5.83607,5.74302,5.793e-04,0.538,0.253,19472
552,5.86657,5.74302,5.792e-04,0.528,0.226,19421
553,5.76559,5.74302,5.791e-04,0.511,0.238,19488
554,5.99229,5.74302,5.790e-04,0.450,0.199,19468
555,5.65643,5.74302,5.789e-04,0.544,0.254,19436
556,5.79153,5.74302,5.787e-04,0.520,0.239,19476
557,5.70930,5.74302,5.786e-04,0.527,0.242,19456
558,5.80094,5.74302,5.785e-04,0.506,0.222,19439
559,5.57847,5.74302,5.784e-04,0.472,0.217,19461
560,5.67695,5.74302,5.783e-04,0.527,0.254,19466
561,5.90070,5.74302,5.782e-04,0.507,0.251,19469
562,5.75997,5.74302,5.780e-04,0.498,0.236,19433
563,5.75644,5.74302,5.779e-04,0.448,0.213,19491
564,5.60809,5.74302,5.778e-04,0.496,0.241,19467
565,5.62631,5.74302,5.777e-04,0.496,0.204,19423
566,5.91431,5.74302,5.776e-04,0.537,0.263,19490
567,5.79199,5.74302,5.774e-04,0.513,0.238,19468
568,5.71118,5.74302,5.773e-04,0.553,0.261,19430
569,5.75898,5.74302,5.772e-04,0.534,0.277,19471
570,5.84604,5.74302,5.771e-04,0.481,0.224,19467
571,5.82676,5.74302,5.769e-04,0.493,0.221,19417
572,5.74991,5.74302,5.768e-04,0.468,0.212,19479
573,5.72940,5.74302,5.767e-04,0.516,0.192,19495
574,5.83487,5.74302,5.766e-04,0.450,0.192,19438
575,5.88150,5.74302,5.765e-04,0.459,0.198,19482
576,5.42657,5.74302,5.763e-04,0.480,0.231,19495
577,5.70684,5.74302,5.762e-04,0.430,0.176,19472
578,5.62325,5.74302,5.761e-04,0.453,0.204,19457
579,5.68394,5.74302,5.760e-04,0.456,0.203,19486
580,5.88002,5.74302,5.758e-04,0.536,0.239,19447
581,5.83318,5.74302,5.757e-04,0.461,0.201,19441
582,5.65792,5.74302,5.756e-04,0.497,0.210,19481
583,5.72759,5.74302,5.755e-04,0.497,0.209,19476
584,5.55511,5.74302,5.753e-04,0.437,0.180,19414
585,5.59377,5.74302,5.752e-04,0.508,0.206,19492
586,5.59962,5.74302,5.751e-04,0.441,0.189,19405
587,5.54237,5.74302,5.749e-04,0.464,0.216,19450
588,5.62953,5.74302,5.748e-04,0.530,0.236,19505
589,5.72595,5.74302,5.747e-04,0.476,0.217,19500
590,5.64532,5.74302,5.746e-04,0.511,0.225,19431
591,5.65746,5.74302,5.744e-04,0.551,0.270,19481
592,5.70506,5.74302,5.743e-04,0.479,0.208,19503
593,5.75710,5.74302,5.742e-04,0.501,0.242,19462
594,5.79824,5.74302,5.740e-04,0.569,0.262,19477
595,5.51036,5.74302,5.739e-04,0.453,0.207,19513
596,5.63755,5.74302,5.738e-04,0.512,0.237,19471
597,5.55609,5.74302,5.737e-04,0.504,0.230,19455
598,5.38845,5.74302,5.735e-04,0.480,0.222,19471
599,5.68366,5.74302,5.734e-04,0.486,0.203,19473
600,5.70360,5.74302,5.733e-04,0.456,0.196,19472
601,5.60803,5.74302,5.731e-04,0.470,0.204,19483
602,5.86892,5.74302,5.730e-04,0.436,0.183,19491
603,5.67387,5.74302,5.729e-04,0.478,0.206,19422
604,5.61448,5.74302,5.727e-04,0.428,0.173,19499
605,5.51082,5.74302,5.726e-04,0.462,0.216,19509
606,5.57934,5.74302,5.725e-04,0.442,0.185,19404
607,5.78458,5.74302,5.723e-04,0.451,0.179,19520
608,5.80674,5.74302,5.722e-04,0.441,0.180,19485
609,5.80577,5.74302,5.721e-04,0.483,0.191,19441
610,5.79855,5.74302,5.719e-04,0.568,0.216,19511
611,5.63245,5.74302,5.718e-04,0.469,0.207,19482
612,5.76121,5.74302,5.717e-04,0.524,0.220,19436
613,5.59075,5.74302,5.715e-04,0.465,0.206,19451
614,5.61562,5.74302,5.714e-04,0.493,0.230,19503
615,5.62137,5.74302,5.713e-04,0.497,0.201,19447
616,5.76925,5.74302,5.711e-04,0.522,0.245,19467
617,5.65099,5.74302,5.710e-04,0.442,0.208,19488
618,5.67146,5.74302,5.708e-04,0.487,0.221,19477
619,5.63716,5.74302,5.707e-04,0.453,0.175,19490
620,5.80406,5.74302,5.706e-04,0.519,0.228,19501
621,5.70336,5.74302,5.704e-04,0.520,0.225,19490
622,5.39889,5.74302,5.703e-04,0.505,0.229,19439
623,5.58244,5.74302,5.702e-04,0.466,0.217,19518
624,5.62797,5.74302,5.700e-04,0.447,0.188,19507
625,5.59413,5.74302,5.699e-04,0.436,0.189,19423
626,5.60297,5.74302,5.697e-04,0.460,0.197,19499
627,5.79903,5.74302,5.696e-04,0.429,0.181,19503
628,5.56661,5.74302,5.695e-04,0.552,0.292,19409
629,5.62329,5.74302,5.693e-04,0.468,0.209,19518
630,5.44217,5.74302,5.692e-04,0.492,0.228,19509
631,5.59637,5.74302,5.690e-04,0.468,0.196,19428
632,5.60741,5.74302,5.689e-04,0.473,0.212,19503
633,5.70205,5.74302,5.688e-04,0.477,0.195,19504
634,5.49095,5.74302,5.686e-04,0.454,0.200,19443
635,5.51318,5.74302,5.685e-04,0.433,0.183,19479
636,5.63380,5.74302,5.683e-04,0.466,0.198,19471
637,5.67496,5.74302,5.682e-04,0.446,0.172,19444
638,5.59013,5.74302,5.680e-04,0.499,0.214,19454
639,5.66603,5.74302,5.679e-04,0.483,0.210,19504
640,5.75964,5.74302,5.678e-04,0.520,0.243,19487
641,5.58526,5.74302,5.676e-04,0.455,0.185,19444
642,5.58059,5.74302,5.675e-04,0.500,0.228,19494
643,5.46975,5.74302,5.673e-04,0.501,0.213,19485
644,5.71712,5.74302,5.672e-04,0.485,0.206,19412
645,5.73972,5.74302,5.670e-04,0.569,0.228,19512
646,5.56198,5.74302,5.669e-04,0.464,0.192,19473
647,5.71679,5.74302,5.667e-04,0.569,0.252,19428
648,5.73631,5.74302,5.666e-04,0.523,0.237,19488
649,5.48802,5.74302,5.665e-04,0.514,0.231,19459
650,5.64850,5.74302,5.663e-04,0.517,0.226,19439
651,5.61390,5.74302,5.662e-04,0.523,0.238,19492
652,5.70039,5.74302,5.660e-04,0.497,0.211,19491
653,5.59717,5.74302,5.659e-04,0.501,0.227,19443
654,5.78868,5.74302,5.657e-04,0.577,0.239,19509
655,5.43677,5.74302,5.656e-04,0.711,0.370,19499
656,5.75224,5.74302,5.654e-04,0.806,0.448,19441
657,5.51900,5.74302,5.653e-04,0.504,0.239,19483
658,5.47957,5.74302,5.651e-04,0.514,0.242,19494
659,5.71764,5.74302,5.650e-04,0.483,0.195,19439
660,5.59698,5.74302,5.648e-04,0.517,0.225,19466
661,5.64213,5.74302,5.647e-04,0.497,0.224,19517
662,5.49797,5.74302,5.645e-04,0.468,0.195,19478
663,5.79410,5.74302,5.644e-04,0.468,0.200,19449
664,5.77195,5.74302,5.642e-04,0.508,0.224,19495
665,5.60487,5.74302,5.641e-04,0.508,0.222,19491
666,5.56688,5.74302,5.639e-04,0.495,0.227,19449
667,5.45799,5.74302,5.638e-04,0.449,0.199,19520
668,5.57087,5.74302,5.636e-04,0.470,0.198,19498
669,5.36374,5.74302,5.635e-04,0.473,0.193,19447
670,5.51608,5.74302,5.633e-04,0.485,0.194,19497
671,5.59120,5.74302,5.632e-04,0.473,0.199,19472
672,5.43916,5.74302,5.630e-04,0.468,0.197,19429
673,5.58528,5.74302,5.629e-04,0.544,0.263,19504
674,5.45003,5.74302,5.627e-04,0.457,0.204,19506
675,5.45806,5.74302,5.626e-04,0.460,0.187,19440
676,5.38417,5.74302,5.624e-04,0.485,0.240,19487
677,5.59555,5.74302,5.622e-04,0.515,0.216,19487
678,5.60958,5.74302,5.621e-04,0.436,0.181,19466
679,5.52754,5.74302,5.619e-04,0.470,0.209,19482
680,5.58061,5.74302,5.618e-04,0.453,0.174,19480
681,5.55966,5.74302,5.616e-04,0.436,0.184,19459
682,5.48572,5.74302,5.615e-04,0.471,0.190,19477
683,5.69994,5.74302,5.613e-04,0.442,0.185,19522
684,5.48355,5.74302,5.612e-04,0.419,0.169,19490
685,5.64339,5.74302,5.610e-04,0.467,0.187,19468
686,5.58376,5.74302,5.608e-04,0.441,0.181,19487
687,5.61013,5.74302,5.607e-04,0.443,0.186,19480
688,5.56214,5.74302,5.605e-04,0.419,0.168,19427
689,5.37830,5.74302,5.604e-04,0.455,0.190,19502
690,5.75094,5.74302,5.602e-04,0.427,0.158,19499
691,5.37207,5.74302,5.601e-04,0.458,0.201,19419
692,5.29105,5.74302,5.599e-04,0.430,0.175,19493
693,5.52282,5.74302,5.597e-04,0.520,0.232,19488
694,5.70084,5.74302,5.596e-04,0.468,0.197,19448
695,5.60965,5.74302,5.594e-04,0.463,0.194,19488
696,5.60995,5.74302,5.593e-04,0.481,0.207,19513
697,5.59375,5.74302,5.591e-04,0.435,0.171,19442
698,5.53759,5.74302,5.589e-04,0.419,0.157,19491
699,5.45541,5.74302,5.588e-04,0.461,0.190,19499
700,5.48701,5.74302,5.586e-04,0.435,0.181,19449
701,5.69707,5.74302,5.585e-04,0.486,0.190,19464
702,5.50869,5.74302,5.583e-04,0.434,0.170,19489
703,5.39250,5.74302,5.581e-04,0.436,0.183,19464
704,5.48706,5.74302,5.580e-04,0.434,0.169,19485
705,5.63239,5.74302,5.578e-04,0.437,0.176,19484
706,5.56573,5.74302,5.576e-04,0.456,0.193,19504
707,5.51390,5.74302,5.575e-04,0.428,0.160,19440
708,5.65090,5.74302,5.573e-04,0.547,0.238,19502
709,5.69481,5.74302,5.572e-04,0.469,0.200,19496
710,5.66347,5.74302,5.570e-04,0.518,0.209,19465
711,5.62466,5.74302,5.568e-04,0.427,0.165,19482
712,5.54215,5.74302,5.567e-04,0.463,0.185,19475
713,5.56527,5.74302,5.565e-04,0.470,0.196,19425
714,5.60109,5.74302,5.563e-04,0.473,0.202,19496
715,5.55363,5.74302,5.562e-04,0.455,0.187,19486
716,5.42493,5.74302,5.560e-04,0.472,0.197,19438
717,5.50351,5.74302,5.558e-04,0.436,0.177,19496
718,5.45988,5.74302,5.557e-04,0.451,0.176,19503
719,5.33785,5.74302,5.555e-04,0.454,0.194,19469
720,5.36367,5.74302,5.553e-04,0.436,0.186,19472
721,5.63748,5.74302,5.552e-04,0.514,0.202,19489
722,5.37277,5.74302,5.550e-04,0.434,0.173,19440
723,5.48591,5.74302,5.548e-04,0.456,0.197,19448
724,5.56726,5.74302,5.547e-04,0.458,0.178,19547
725,5.59956,5.74302,5.545e-04,0.474,0.192,19475
726,5.66833,5.74302,5.543e-04,0.533,0.193,19436
727,5.52320,5.74302,5.542e-04,0.533,0.211,19475
728,5.44250,5.74302,5.540e-04,0.477,0.196,19501
729,5.73123,5.74302,5.538e-04,0.521,0.202,19416
730,5.39647,5.74302,5.537e-04,0.510,0.214,19501
731,5.48148,5.74302,5.535e-04,0.452,0.170,19516
732,5.35941,5.74302,5.533e-04,0.434,0.180,19422
733,5.67881,5.74302,5.531e-04,0.453,0.165,19510
734,5.61364,5.74302,5.530e-04,0.443,0.186,19506
735,5.58368,5.74302,5.528e-04,0.460,0.180,19420
736,5.51173,5.74302,5.526e-04,0.502,0.201,19501
737,5.50077,5.74302,5.525e-04,0.446,0.180,19480
738,5.25682,5.74302,5.523e-04,0.467,0.199,19444
739,5.59847,5.74302,5.521e-04,0.486,0.191,19498
740,5.71858,5.74302,5.519e-04,0.461,0.176,19494
741,5.59214,5.74302,5.518e-04,0.545,0.223,19430
742,5.51301,5.74302,5.516e-04,0.428,0.174,19438
743,5.66829,5.74302,5.514e-04,0.455,0.170,19528
744,5.70737,5.74302,5.512e-04,0.464,0.200,19441
745,5.67302,5.74302,5.511e-04,0.499,0.213,19447
746,5.51180,5.74302,5.509e-04,0.436,0.162,19485
747,5.69911,5.74302,5.507e-04,0.532,0.211,19474
748,5.33296,5.74302,5.506e-04,0.456,0.183,19444
749,5.43150,5.74302,5.504e-04,0.427,0.164,19470
750,5.54643,5.41181,5.502e-04,0.480,0.203,6082
751,5.51411,5.41181,5.500e-04,0.439,0.165,19764
752,5.28072,5.41181,5.499e-04,0.430,0.167,19500
753,5.39914,5.41181,5.497e-04,0.453,0.191,19427
754,5.61980,5.41181,5.495e-04,0.495,0.199,19500
755,5.62969,5.41181,5.493e-04,0.508,0.225,19505
756,5.61255,5.41181,5.491e-04,0.449,0.159,19436
757,5.48683,5.41181,5.490e-04,0.499,0.223,19505
758,5.35812,5.41181,5.488e-04,0.438,0.174,19462
759,5.57022,5.41181,5.486e-04,0.474,0.199,19439
760,5.33490,5.41181,5.484e-04,0.426,0.169,19452
761,5.52334,5.41181,5.483e-04,0.464,0.190,19468
762,5.41026,5.41181,5.481e-04,0.438,0.177,19481
763,5.31111,5.41181,5.479e-04,0.452,0.196,19444
764,5.46767,5.41181,5.477e-04,0.414,0.154,19480
765,5.56754,5.41181,5.475e-04,0.486,0.193,19485
766,5.41919,5.41181,5.474e-04,0.483,0.205,19434
767,5.41922,5.41181,5.472e-04,0.442,0.171,19473
768,5.63994,5.41181,5.470e-04,0.408,0.154,19525
769,5.43174,5.41181,5.468e-04,0.516,0.206,19436
770,5.49675,5.41181,5.466e-04,0.439,0.164,19500
771,5.41601,5.41181,5.465e-04,0.427,0.161,19485
772,5.58595,5.41181,5.463e-04,0.436,0.156,19422
773,5.39651,5.41181,5.461e-04,0.470,0.188,19490
774,5.37174,5.41181,5.459e-04,0.462,0.186,19503
775,5.48083,5.41181,5.457e-04,0.479,0.187,19390
776,5.47789,5.41181,5.456e-04,0.412,0.158,19518
777,5.42575,5.41181,5.454e-04,0.406,0.157,19504
778,5.44689,5.41181,5.452e-04,0.468,0.175,19432
779,5.34530,5.41181,5.450e-04,0.432,0.166,19495
780,5.20414,5.41181,5.448e-04,0.461,0.184,19477
781,5.46164,5.41181,5.446e-04,0.472,0.183,19437
782,5.41302,5.41181,5.445e-04,0.415,0.167,19470
783,5.43746,5.41181,5.443e-04,0.498,0.182,19525
784,5.43760,5.41181,5.441e-04,0.457,0.178,19440
785,5.51951,5.41181,5.439e-04,0.475,0.203,19464
786,5.58419,5.41181,5.437e-04,0.440,0.154,19485
787,5.45578,5.41181,5.435e-04,0.447,0.172,19488
788,5.26621,5.41181,5.433e-04,0.463,0.184,19429
789,5.51583,5.41181,5.432e-04,0.415,0.141,19502
790,5.25896,5.41181,5.430e-04,0.427,0.184,19484
791,5.56380,5.41181,5.428e-04,0.436,0.157,19415
792,5.50735,5.41181,5.426e-04,0.424,0.173,19528
793,5.19485,5.41181,5.424e-04,0.435,0.170,19492
794,5.44032,5.41181,5.422e-04,0.410,0.154,19428
795,5.59732,5.41181,5.420e-04,0.424,0.152,19477
796,5.53046,5.41181,5.418e-04,0.461,0.171,19494
797,5.45592,5.41181,5.417e-04,0.447,0.173,19397
798,5.68037,5.41181,5.415e-04,0.491,0.184,19497
799,5.35433,5.41181,5.413e-04,0.434,0.171,19501
800,5.58449,5.41181,5.411e-04,0.515,0.185,19441
801,5.48413,5.41181,5.409e-04,0.584,0.231,19475
802,5.48353,5.41181,5.407e-04,0.432,0.176,19503
803,5.35835,5.41181,5.405e-04,0.442,0.167,19455
804,5.50749,5.41181,5.403e-04,0.457,0.180,19500
805,5.48801,5.41181,5.401e-04,0.462,0.173,19507
806,5.44015,5.41181,5.400e-04,0.433,0.162,19490
807,5.44719,5.41181,5.398e-04,0.434,0.173,19424
808,5.49765,5.41181,5.396e-04,0.471,0.193,19499
809,5.31870,5.41181,5.394e-04,0.535,0.246,19486
810,5.50484,5.41181,5.392e-04,0.489,0.200,19435
811,5.33882,5.41181,5.390e-04,0.428,0.163,19491
812,5.26299,5.41181,5.388e-04,0.445,0.170,19478
813,5.53820,5.41181,5.386e-04,0.435,0.155,19435
814,5.55074,5.41181,5.384e-04,0.503,0.177,19490
815,5.36130,5.41181,5.382e-04,0.440,0.175,19497
816,5.49437,5.41181,5.380e-04,0.472,0.190,19463
817,5.31809,5.41181,5.378e-04,0.439,0.183,19504
818,5.37691,5.41181,5.377e-04,0.477,0.185,19500
819,5.54316,5.41181,5.375e-04,0.473,0.197,19452
820,5.41901,5.41181,5.373e-04,0.465,0.174,19480
821,5.47559,5.41181,5.371e-04,0.489,0.183,19500
822,5.25535,5.41181,5.369e-04,0.453,0.175,19422
823,5.45290,5.41181,5.367e-04,0.497,0.186,19467
824,5.50609,5.41181,5.365e-04,0.447,0.175,19486
825,5.34686,5.41181,5.363e-04,0.570,0.261,19478
826,5.39991,5.41181,5.361e-04,0.476,0.180,19455
827,5.41765,5.41181,5.359e-04,0.458,0.185,19513
828,5.26047,5.41181,5.357e-04,0.411,0.168,19472
829,5.38388,5.41181,5.355e-04,0.452,0.166,19416
830,5.23182,5.41181,5.353e-04,0.414,0.162,19481
831,5.37774,5.41181,5.351e-04,0.479,0.175,19512
832,5.55454,5.41181,5.349e-04,0.423,0.148,19408
833,5.51579,5.41181,5.347e-04,0.447,0.168,19499
834,5.36840,5.41181,5.345e-04,0.463,0.181,19498
835,5.40902,5.41181,5.343e-04,0.507,0.194,19443
836,5.36095,5.41181,5.341e-04,0.473,0.187,19523
837,5.24397,5.41181,5.339e-04,0.478,0.197,19491
838,5.40314,5.41181,5.337e-04,0.451,0.169,19475
839,5.29343,5.41181,5.335e-04,0.496,0.199,19508
840,5.59481,5.41181,5.333e-04,0.430,0.144,19502
841,5.59088,5.41181,5.331e-04,0.464,0.164,19447
842,5.42035,5.41181,5.329e-04,0.425,0.153,19506
843,5.41366,5.41181,5.327e-04,0.472,0.183,19506
844,5.24204,5.41181,5.325e-04,0.469,0.178,19447
845,5.37852,5.41181,5.323e-04,0.500,0.211,19478
846,5.35461,5.41181,5.321e-04,0.439,0.170,19503
847,5.40599,5.41181,5.319e-04,0.570,0.228,19437
848,5.42298,5.41181,5.317e-04,0.433,0.159,19488
849,5.47424,5.41181,5.315e-04,0.503,0.199,19483
850,5.40845,5.41181,5.313e-04,0.493,0.187,19447
851,5.44416,5.41181,5.311e-04,0.468,0.193,19442
852,5.42943,5.41181,5.309e-04,0.442,0.170,19493
853,5.39836,5.41181,5.307e-04,0.459,0.180,19479
854,5.30535,5.41181,5.305e-04,0.458,0.189,19440
855,5.20797,5.41181,5.303e-04,0.507,0.221,19536
856,5.39378,5.41181,5.301e-04,0.431,0.166,19494
857,5.35291,5.41181,5.299e-04,0.488,0.191,19444
858,5.25489,5.41181,5.297e-04,0.481,0.171,19523
859,5.46725,5.41181,5.295e-04,0.464,0.164,19502
860,5.26567,5.41181,5.293e-04,0.464,0.179,19431
861,5.33385,5.41181,5.291e-04,0.434,0.151,19484
862,5.19420,5.41181,5.289e-04,0.462,0.167,19501
863,5.39571,5.41181,5.287e-04,0.443,0.165,19434
864,5.32855,5.41181,5.285e-04,0.454,0.175,19472
865,5.49964,5.41181,5.283e-04,0.420,0.150,19529
866,5.57913,5.41181,5.281e-04,0.565,0.222,19454
867,5.31585,5.41181,5.279e-04,0.437,0.151,19483
868,5.53339,5.41181,5.276e-04,0.535,0.187,19475
869,5.30759,5.41181,5.274e-04,0.533,0.233,19469
870,5.15827,5.41181,5.272e-04,0.439,0.173,19464
871,5.43374,5.41181,5.270e-04,0.526,0.233,19497
872,5.50378,5.41181,5.268e-04,0.461,0.173,19485
873,5.30426,5.41181,5.266e-04,0.458,0.180,19445
874,5.26878,5.41181,5.264e-04,0.479,0.188,19484
875,5.30952,5.41181,5.262e-04,0.436,0.167,19497
876,5.40938,5.41181,5.260e-04,0.478,0.173,19438
877,5.42581,5.41181,5.258e-04,0.475,0.182,19489
878,5.44468,5.41181,5.256e-04,0.478,0.160,19482
879,5.36689,5.41181,5.254e-04,0.467,0.171,19460
880,5.36869,5.41181,5.252e-04,0.420,0.148,19490
881,5.35078,5.41181,5.249e-04,0.437,0.163,19504
882,5.24301,5.41181,5.247e-04,0.504,0.212,19446
883,5.61636,5.41181,5.245e-04,0.486,0.174,19496
884,5.44255,5.41181,5.243e-04,0.558,0.214,19486
885,5.35114,5.41181,5.241e-04,0.549,0.228,19433
886,5.30068,5.41181,5.239e-04,0.444,0.165,19474
887,5.53488,5.41181,5.237e-04,0.494,0.190,19526
888,5.39878,5.41181,5.235e-04,0.450,0.159,19461
889,5.31267,5.41181,5.233e-04,0.468,0.187,19455
890,5.36230,5.41181,5.230e-04,0.486,0.174,19500
891,5.25244,5.41181,5.228e-04,0.466,0.174,19504
892,5.47305,5.41181,5.226e-04,0.457,0.160,19472
893,5.32038,5.41181,5.224e-04,0.451,0.169,19488
894,5.38768,5.41181,5.222e-04,0.487,0.171,19502
895,5.09145,5.41181,5.220e-04,0.529,0.223,19451
896,5.35689,5.41181,5.218e-04,0.441,0.152,19509
897,5.56481,5.41181,5.216e-04,0.428,0.149,19529
898,5.15638,5.41181,5.213e-04,0.495,0.198,19463
899,5.47291,5.41181,5.211e-04,0.449,0.163,19514
900,5.25507,5.41181,5.209e-04,0.464,0.162,19497
901,5.31490,5.41181,5.207e-04,0.485,0.164,19443
902,5.37011,5.41181,5.205e-04,0.468,0.181,19512
903,5.35058,5.41181,5.203e-04,0.508,0.189,19492
904,5.40093,5.41181,5.201e-04,0.469,0.174,19424
905,5.23873,5.41181,5.198e-04,0.428,0.163,19501
906,5.24220,5.41181,5.196e-04,0.413,0.135,19503
907,5.23986,5.41181,5.194e-04,0.454,0.160,19456
908,5.31521,5.41181,5.192e-04,0.466,0.156,19514
909,5.24096,5.41181,5.190e-04,0.423,0.144,19518
910,5.49749,5.41181,5.188e-04,0.416,0.136,19458
911,5.31413,5.41181,5.185e-04,0.451,0.158,19479
912,5.37951,5.41181,5.183e-04,0.433,0.146,19506
913,5.35363,5.41181,5.181e-04,0.502,0.192,19470
914,5.27037,5.41181,5.179e-04,0.454,0.161,19489
915,5.52609,5.41181,5.177e-04,0.502,0.196,19494
916,5.10304,5.41181,5.175e-04,0.471,0.191,19500
917,5.42037,5.41181,5.172e-04,0.466,0.169,19459
918,5.29376,5.41181,5.170e-04,0.498,0.203,19490
919,5.24814,5.41181,5.168e-04,0.519,0.161,19480
920,5.41961,5.41181,5.166e-04,0.502,0.179,19451
921,5.35558,5.41181,5.164e-04,0.481,0.175,19496
922,5.15905,5.41181,5.161e-04,0.454,0.171,19518
923,5.22930,5.41181,5.159e-04,0.499,0.200,19452
924,5.32953,5.41181,5.157e-04,0.451,0.169,19496
925,5.36186,5.41181,5.155e-04,0.438,0.153,19513
926,5.22517,5.41181,5.153e-04,0.431,0.146,19441
927,5.30873,5.41181,5.150e-04,0.474,0.176,19473
928,5.10914,5.41181,5.148e-04,0.480,0.159,19490
929,5.23387,5.41181,5.146e-04,0.457,0.159,19454
930,5.34990,5.41181,5.144e-04,0.488,0.192,19490
931,5.27760,5.41181,5.142e-04,0.443,0.157,19537
932,5.11840,5.41181,5.139e-04,0.496,0.192,19455
933,5.20396,5.41181,5.137e-04,0.448,0.164,19471
934,5.13853,5.41181,5.135e-04,0.439,0.151,19482
935,5.55571,5.41181,5.133e-04,0.524,0.193,19506
936,5.29739,5.41181,5.131e-04,0.508,0.177,19471
937,5.33666,5.41181,5.128e-04,0.474,0.165,19555
938,5.43251,5.41181,5.126e-04,0.480,0.165,19503
939,5.41503,5.41181,5.124e-04,0.460,0.146,19457
940,5.24129,5.41181,5.122e-04,0.468,0.158,19532
941,5.19187,5.41181,5.119e-04,0.464,0.168,19491
942,5.43014,5.41181,5.117e-04,0.439,0.145,19455
943,5.22948,5.41181,5.115e-04,0.442,0.162,19507
944,5.31941,5.41181,5.113e-04,0.461,0.154,19504
945,5.44947,5.41181,5.110e-04,0.482,0.164,19458
946,5.20631,5.41181,5.108e-04,0.471,0.169,19519
947,5.30180,5.41181,5.106e-04,0.438,0.151,19541
948,5.24156,5.41181,5.104e-04,0.464,0.170,19478
949,5.13577,5.41181,5.101e-04,0.482,0.198,19519
950,5.28742,5.41181,5.099e-04,0.460,0.156,19480
951,5.35112,5.41181,5.097e-04,0.445,0.153,19462
952,5.26477,5.41181,5.095e-04,0.475,0.170,19530
953,5.10288,5.41181,5.092e-04,0.441,0.158,19502
954,5.34169,5.41181,5.090e-04,0.444,0.143,19467
955,5.39568,5.41181,5.088e-04,0.470,0.172,19486
956,5.22062,5.41181,5.086e-04,0.492,0.183,19477
957,5.24499,5.41181,5.083e-04,0.488,0.178,19459
958,5.29749,5.41181,5.081e-04,0.477,0.161,19471
959,5.19943,5.41181,5.079e-04,0.504,0.176,19518
960,5.35911,5.41181,5.076e-04,0.518,0.187,19460
961,5.29521,5.41181,5.074e-04,0.549,0.220,19447
962,5.22448,5.41181,5.072e-04,0.551,0.162,19502
963,5.31617,5.41181,5.070e-04,0.464,0.172,19503
964,5.25662,5.41181,5.067e-04,0.517,0.185,19443
965,5.34344,5.41181,5.065e-04,0.469,0.187,19500
966,5.37094,5.41181,5.063e-04,0.499,0.172,19481
967,5.18655,5.41181,5.060e-04,0.514,0.199,19427
968,5.21533,5.41181,5.058e-04,0.476,0.179,19495
969,5.20773,5.41181,5.056e-04,0.483,0.164,19496
970,5.21802,5.41181,5.054e-04,0.439,0.147,19432
971,5.21205,5.41181,5.051e-04,0.435,0.150,19498
972,5.48235,5.41181,5.049e-04,0.497,0.169,19502
973,5.09620,5.41181,5.047e-04,0.438,0.154,19466
974,5.30848,5.41181,5.044e-04,0.524,0.205,19494
975,5.29824,5.41181,5.042e-04,0.439,0.140,19501
976,5.53492,5.41181,5.040e-04,0.534,0.185,19463
977,5.40430,5.41181,5.037e-04,0.468,0.141,19477
978,5.09422,5.41181,5.035e-04,0.553,0.221,19502
979,5.41444,5.41181,5.033e-04,0.480,0.160,19456
980,5.10111,5.41181,5.030e-04,0.472,0.186,19461
981,5.26631,5.41181,5.028e-04,0.462,0.167,19479
982,5.14606,5.41181,5.026e-04,0.472,0.162,19494
983,5.25368,5.41181,5.023e-04,0.444,0.144,19439
984,5.48336,5.41181,5.021e-04,0.511,0.165,19505
985,5.29324,5.41181,5.019e-04,0.504,0.187,19517
986,5.32631,5.41181,5.016e-04,0.494,0.158,19430
987,5.26090,5.41181,5.014e-04,0.529,0.190,19524
988,5.15999,5.41181,5.012e-04,0.525,0.193,19497
989,5.38824,5.41181,5.009e-04,0.486,0.189,19427
990,5.46218,5.41181,5.007e-04,0.479,0.157,19459
991,5.15424,5.41181,5.005e-04,0.506,0.207,19517
992,5.28968,5.41181,5.002e-04,0.510,0.187,19430
993,5.26247,5.41181,5.000e-04,0.508,0.172,19487
994,5.19636,5.41181,4.998e-04,0.470,0.166,19471
995,5.41497,5.41181,4.995e-04,0.467,0.148,19477
996,5.29436,5.41181,4.993e-04,0.459,0.146,19489
997,5.46771,5.41181,4.991e-04,0.445,0.139,19507
998,5.28593,5.41181,4.988e-04,0.453,0.140,19480
999,5.35606,5.41181,4.986e-04,0.491,0.160,19466
1000,5.33516,5.16645,4.983e-04,0.453,0.164,6094
1001,5.20185,5.16645,4.981e-04,0.427,0.135,19726
1002,5.43994,5.16645,4.979e-04,0.450,0.160,19513
1003,5.27801,5.16645,4.976e-04,0.435,0.154,19483
1004,5.19671,5.16645,4.974e-04,0.469,0.165,19444
1005,5.13918,5.16645,4.972e-04,0.441,0.145,19513
1006,5.29951,5.16645,4.969e-04,0.465,0.149,19486
1007,5.05787,5.16645,4.967e-04,0.461,0.178,19412
1008,5.17020,5.16645,4.964e-04,0.473,0.184,19536
1009,5.22571,5.16645,4.962e-04,0.452,0.148,19504
1010,5.15124,5.16645,4.960e-04,0.524,0.199,19439
1011,5.09098,5.16645,4.957e-04,0.438,0.149,19496
1012,5.09653,5.16645,4.955e-04,0.436,0.146,19487
1013,5.43853,5.16645,4.952e-04,0.476,0.162,19470
1014,5.31995,5.16645,4.950e-04,0.477,0.160,19522
1015,5.34806,5.16645,4.948e-04,0.461,0.153,19478
1016,5.32342,5.16645,4.945e-04,0.487,0.191,19423
1017,5.13960,5.16645,4.943e-04,0.505,0.192,19502
1018,5.14668,5.16645,4.940e-04,0.455,0.165,19491
1019,5.05366,5.16645,4.938e-04,0.486,0.160,19468
1020,5.19124,5.16645,4.936e-04,0.449,0.163,19458
1021,5.23096,5.16645,4.933e-04,0.464,0.154,19515
1022,5.18730,5.16645,4.931e-04,0.464,0.162,19470
1023,5.21384,5.16645,4.928e-04,0.445,0.139,19465
1024,5.48747,5.16645,4.926e-04,0.439,0.141,19509
1025,5.36371,5.16645,4.924e-04,0.479,0.146,19501
1026,5.06881,5.16645,4.921e-04,0.416,0.135,19438
1027,5.45593,5.16645,4.919e-04,0.486,0.176,19513
1028,5.39882,5.16645,4.916e-04,0.452,0.157,19518
1029,5.27565,5.16645,4.914e-04,0.446,0.138,19437
1030,5.32315,5.16645,4.911e-04,0.471,0.152,19486
1031,5.20288,5.16645,4.909e-04,0.469,0.168,19491
1032,5.10315,5.16645,4.907e-04,0.470,0.162,19478
1033,5.42062,5.16645,4.904e-04,0.501,0.165,19511
1034,5.31951,5.16645,4.902e-04,0.481,0.157,19490
1035,5.19890,5.16645,4.899e-04,0.500,0.169,19470
1036,5.29177,5.16645,4.897e-04,0.492,0.170,19513
1037,5.10677,5.16645,4.894e-04,0.504,0.183,19509
1038,5.16777,5.16645,4.892e-04,0.547,0.193,19472
1039,5.12457,5.16645,4.889e-04,0.516,0.182,19501
1040,4.96019,5.16645,4.887e-04,0.509,0.190,19549
1041,5.06394,5.16645,4.885e-04,0.460,0.149,19464
1042,5.20767,5.16645,4.882e-04,0.551,0.228,19489
1043,5.16805,5.16645,4.880e-04,0.472,0.161,19498
1044,5.07746,5.16645,4.877e-04,0.526,0.211,19474
1045,5.16026,5.16645,4.875e-04,0.443,0.134,19488
1046,5.34067,5.16645,4.872e-04,0.484,0.176,19495
1047,5.29437,5.16645,4.870e-04,0.476,0.166,19480
1048,5.12228,5.16645,4.867e-04,0.460,0.153,19434
1049,5.24604,5.16645,4.865e-04,0.506,0.180,19504
1050,5.30280,5.16645,4.862e-04,0.443,0.141,19547
1051,5.07188,5.16645,4.860e-04,0.495,0.167,19398
1052,5.46107,5.16645,4.857e-04,0.432,0.129,19523
1053,5.07994,5.16645,4.855e-04,0.477,0.161,19520
1054,5.16386,5.16645,4.853e-04,0.439,0.146,19462
1055,5.42878,5.16645,4.850e-04,0.459,0.132,19514
1056,5.05969,5.16645,4.848e-04,0.482,0.163,19495
1057,5.07526,5.16645,4.845e-04,0.462,0.151,19460
1058,5.28996,5.16645,4.843e-04,0.463,0.144,19508
1059,5.32217,5.16645,4.840e-04,0.460,0.145,19499
1060,5.13215,5.16645,4.838e-04,0.477,0.178,19445
1061,5.20575,5.16645,4.835e-04,0.544,0.205,19445
1062,5.08327,5.16645,4.833e-04,0.459,0.167,19515
1063,5.36894,5.16645,4.830e-04,0.526,0.173,19436
1064,5.18760,5.16645,4.828e-04,0.479,0.166,19464
1065,5.34067,5.16645,4.825e-04,0.492,0.158,19505
1066,5.09673,5.16645,4.823e-04,0.477,0.161,19484
1067,5.22835,5.16645,4.820e-04,0.489,0.152,19460
1068,5.13447,5.16645,4.818e-04,0.491,0.157,19500
1069,5.24055,5.16645,4.815e-04,0.510,0.170,19472
1070,5.14964,5.16645,4.813e-04,0.471,0.154,19438
1071,5.08341,5.16645,4.810e-04,0.456,0.153,19511
1072,5.10403,5.16645,4.808e-04,0.469,0.150,19479
1073,5.23539,5.16645,4.805e-04,0.456,0.136,19427
1074,5.14887,5.16645,4.803e-04,0.460,0.159,19514
1075,5.21414,5.16645,4.800e-04,0.440,0.145,19493
1076,5.17410,5.16645,4.798e-04,0.430,0.134,19439
1077,5.24336,5.16645,4.795e-04,0.453,0.133,19533
1078,5.13117,5.16645,4.792e-04,0.572,0.165,19528
1079,5.28027,5.16645,4.790e-04,0.507,0.157,19454
1080,5.34578,5.16645,4.787e-04,0.475,0.161,19503
1081,5.30467,5.16645,4.785e-04,0.495,0.168,19521
1082,5.29702,5.16645,4.782e-04,0.491,0.186,19450
1083,5.17657,5.16645,4.780e-04,0.443,0.142,19499
1084,5.14783,5.16645,4.777e-04,0.493,0.159,19490
1085,5.10615,5.16645,4.775e-04,0.457,0.165,19478
1086,4.97117,5.16645,4.772e-04,0.473,0.169,19480
1087,5.12508,5.16645,4.770e-04,0.440,0.130,19483
1088,5.11512,5.16645,4.767e-04,0.454,0.139,19500
1089,5.21043,5.16645,4.765e-04,0.501,0.158,19479
1090,5.28628,5.16645,4.762e-04,0.467,0.146,19502
1091,5.07776,5.16645,4.759e-04,0.441,0.140,19506
1092,5.02291,5.16645,4.757e-04,0.437,0.142,19485
1093,5.28141,5.16645,4.754e-04,0.480,0.144,19513
1094,5.13125,5.16645,4.752e-04,0.466,0.152,19525
1095,5.11722,5.16645,4.749e-04,0.431,0.138,19439
1096,5.10617,5.16645,4.747e-04,0.453,0.150,19499
1097,5.18833,5.16645,4.744e-04,0.454,0.143,19490
1098,5.21189,5.16645,4.742e-04,0.470,0.153,19458
1099,5.05737,5.16645,4.739e-04,0.514,0.178,19510
1100,5.11601,5.16645,4.736e-04,0.461,0.163,19520
1101,5.32165,5.16645,4.734e-04,0.500,0.188,19430
1102,4.95128,5.16645,4.731e-04,0.489,0.179,19476
1103,5.15631,5.16645,4.729e-04,0.473,0.152,19515
1104,5.19542,5.16645,4.726e-04,0.503,0.191,19450
1105,5.21809,5.16645,4.724e-04,0.447,0.142,19508
1106,5.14051,5.16645,4.721e-04,0.540,0.229,19490
1107,5.11286,5.16645,4.718e-04,0.508,0.176,19452
1108,5.07713,5.16645,4.716e-04,0.486,0.166,19481
1109,5.24690,5.16645,4.713e-04,0.488,0.149,19510
1110,5.08255,5.16645,4.711e-04,0.433,0.134,19442
1111,5.21293,5.16645,4.708e-04,0.461,0.147,19479
1112,5.19831,5.16645,4.706e-04,0.468,0.154,19526
1113,5.06548,5.16645,4.703e-04,0.455,0.146,19495
1114,4.88944,5.16645,4.700e-04,0.451,0.148,19461
1115,5.13326,5.16645,4.698e-04,0.502,0.145,19493
1116,5.26748,5.16645,4.695e-04,0.477,0.144,19491
1117,5.29976,5.16645,4.693e-04,0.476,0.135,19461
1118,5.20952,5.16645,4.690e-04,0.489,0.166,19561
1119,5.17958,5.16645,4.687e-04,0.492,0.162,19529
1120,5.11893,5.16645,4.685e-04,0.522,0.188,19435
1121,5.17026,5.16645,4.682e-04,0.471,0.146,19497
1122,5.06762,5.16645,4.680e-04,0.485,0.165,19546
1123,5.25097,5.16645,4.677e-04,0.438,0.135,19418
1124,5.36850,5.16645,4.674e-04,0.515,0.173,19538
1125,5.18067,5.16645,4.672e-04,0.464,0.144,19525
1126,4.99452,5.16645,4.669e-04,0.476,0.149,19452
1127,5.23850,5.16645,4.667e-04,0.502,0.162,19517
1128,5.15687,5.16645,4.664e-04,0.475,0.153,19485
1129,5.16489,5.16645,4.661e-04,0.457,0.143,19495
1130,5.08911,5.16645,4.659e-04,0.465,0.157,19505
1131,5.05033,5.16645,4.656e-04,0.450,0.139,19539
1132,5.03991,5.16645,4.653e-04,0.455,0.144,19444
1133,5.18277,5.16645,4.651e-04,0.462,0.151,19473
1134,5.11325,5.16645,4.648e-04,0.476,0.143,19503
1135,5.06405,5.16645,4.646e-04,0.464,0.138,19476
1136,5.07517,5.16645,4.643e-04,0.450,0.144,19467
1137,5.22051,5.16645,4.640e-04,0.460,0.139,19509
1138,5.09090,5.16645,4.638e-04,0.454,0.155,19499
1139,5.28130,5.16645,4.635e-04,0.465,0.137,19445
1140,5.29985,5.16645,4.632e-04,0.486,0.144,19521
1141,5.19340,5.16645,4.630e-04,0.437,0.126,19499
1142,5.19645,5.16645,4.627e-04,0.519,0.166,19466
1143,5.10156,5.16645,4.625e-04,0.486,0.158,19495
1144,5.40018,5.16645,4.622e-04,0.528,0.171,19495
1145,5.04788,5.16645,4.619e-04,0.678,0.284,19466
1146,5.20481,5.16645,4.617e-04,0.518,0.182,19517
1147,4.89291,5.16645,4.614e-04,0.533,0.200,19497
1148,5.26138,5.16645,4.611e-04,0.516,0.153,19443
1149,5.11382,5.16645,4.609e-04,0.460,0.148,19494
1150,5.18988,5.16645,4.606e-04,0.507,0.175,19503
1151,5.01690,5.16645,4.603e-04,0.467,0.150,19479
1152,5.10716,5.16645,4.601e-04,0.442,0.129,19481
1153,4.98722,5.16645,4.598e-04,0.481,0.165,19506
1154,5.10253,5.16645,4.595e-04,0.487,0.147,19459
1155,5.31351,5.16645,4.593e-04,0.457,0.128,19458
1156,5.13012,5.16645,4.590e-04,0.488,0.159,19533
1157,5.21464,5.16645,4.587e-04,0.479,0.142,19515
1158,5.20321,5.16645,4.585e-04,0.477,0.151,19464
1159,5.20662,5.16645,4.582e-04,0.466,0.147,19500
1160,4.93505,5.16645,4.579e-04,0.483,0.148,19519
1161,5.13256,5.16645,4.577e-04,0.496,0.171,19440
1162,5.10121,5.16645,4.574e-04,0.450,0.133,19528
1163,5.12598,5.16645,4.571e-04,0.471,0.143,19517
1164,5.16848,5.16645,4.569e-04,0.463,0.141,19434
1165,5.16288,5.16645,4.566e-04,0.469,0.140,19506
1166,5.21975,5.16645,4.563e-04,0.456,0.138,19496
1167,5.06267,5.16645,4.561e-04,0.489,0.155,19440
1168,5.17193,5.16645,4.558e-04,0.474,0.143,19487
1169,5.18416,5.16645,4.555e-04,0.459,0.139,19517
1170,5.24096,5.16645,4.553e-04,0.453,0.132,19440
1171,5.03165,5.16645,4.550e-04,0.464,0.150,19514
1172,5.36479,5.16645,4.547e-04,0.493,0.150,19520
1173,5.21981,5.16645,4.545e-04,0.497,0.161,19460
1174,5.19062,5.16645,4.542e-04,0.537,0.174,19493
1175,5.16018,5.16645,4.539e-04,0.469,0.140,19530
1176,5.03688,5.16645,4.537e-04,0.490,0.163,19501
1177,4.98575,5.16645,4.534e-04,0.486,0.168,19471
1178,5.12227,5.16645,4.531e-04,0.491,0.152,19530
1179,4.94378,5.16645,4.528e-04,0.500,0.164,19448
1180,5.00993,5.16645,4.526e-04,0.486,0.156,19487
1181,5.09917,5.16645,4.523e-04,0.470,0.153,19516
1182,4.86526,5.16645,4.520e-04,0.478,0.186,19494
1183,5.23694,5.16645,4.518e-04,0.474,0.158,19492
1184,4.86700,5.16645,4.515e-04,0.484,0.167,19494
1185,4.93784,5.16645,4.512e-04,0.450,0.143,19516
1186,5.29876,5.16645,4.510e-04,0.514,0.165,19438
1187,5.02113,5.16645,4.507e-04,0.473,0.142,19510
1188,4.97211,5.16645,4.504e-04,0.490,0.148,19516
1189,5.02486,5.16645,4.501e-04,0.507,0.172,19438
1190,4.95468,5.16645,4.499e-04,0.487,0.150,19519
1191,5.14867,5.16645,4.496e-04,0.470,0.145,19508
1192,5.13962,5.16645,4.493e-04,0.487,0.149,19465
1193,5.10509,5.16645,4.491e-04,0.532,0.183,19490
1194,4.99759,5.16645,4.488e-04,0.520,0.182,19509
1195,5.21985,5.16645,4.485e-04,0.446,0.123,19457
1196,5.09775,5.16645,4.482e-04,0.485,0.155,19503
1197,5.10769,5.16645,4.480e-04,0.564,0.202,19525
1198,4.91101,5.16645,4.477e-04,0.503,0.175,19435
1199,4.88220,5.16645,4.474e-04,0.470,0.139,19516
1200,5.01890,5.16645,4.471e-04,0.443,0.124,19489
1201,5.07966,5.16645,4.469e-04,0.460,0.149,19466
1202,5.12112,5.16645,4.466e-04,0.520,0.178,19475
1203,5.13259,5.16645,4.463e-04,0.494,0.137,19517
1204,5.11485,5.16645,4.461e-04,0.467,0.145,19496
1205,5.13802,5.16645,4.458e-04,0.492,0.135,19486
1206,5.10873,5.16645,4.455e-04,0.460,0.128,19519
1207,5.12485,5.16645,4.452e-04,0.475,0.142,19523
1208,5.19538,5.16645,4.450e-04,0.451,0.134,19450
1209,4.88775,5.16645,4.447e-04,0.461,0.142,19529
1210,5.32476,5.16645,4.444e-04,0.535,0.180,19527
1211,4.85287,5.16645,4.441e-04,0.464,0.137,19450
1212,5.06760,5.16645,4.439e-04,0.526,0.185,19496
1213,4.97102,5.16645,4.436e-04,0.510,0.159,19529
1214,5.04476,5.16645,4.433e-04,0.460,0.144,19428
1215,4.87874,5.16645,4.430e-04,0.535,0.183,19493
1216,4.98262,5.16645,4.428e-04,0.499,0.150,19514
1217,4.93425,5.16645,4.425e-04,0.574,0.213,19449
1218,5.33994,5.16645,4.422e-04,0.495,0.145,19515
1219,4.95110,5.16645,4.419e-04,0.552,0.225,19535
1220,5.12889,5.16645,4.417e-04,0.488,0.156,19440
1221,5.07642,5.16645,4.414e-04,0.451,0.134,19504
1222,4.88641,5.16645,4.411e-04,0.457,0.132,19487
1223,5.12948,5.16645,4.408e-04,0.470,0.143,19469
1224,4.94685,5.16645,4.406e-04,0.554,0.170,19448
1225,4.94077,5.16645,4.403e-04,0.498,0.167,19519
1226,5.24518,5.16645,4.400e-04,0.479,0.145,19486
1227,5.08925,5.16645,4.397e-04,0.455,0.141,19449
1228,4.84801,5.16645,4.394e-04,0.477,0.142,19515
1229,5.07472,5.16645,4.392e-04,0.462,0.140,19524
1230,4.88692,5.16645,4.389e-04,0.457,0.142,19455
1231,5.10020,5.16645,4.386e-04,0.481,0.153,19525
1232,5.15895,5.16645,4.383e-04,0.495,0.158,19500
1233,5.20148,5.16645,4.381e-04,0.453,0.135,19437
1234,4.93401,5.16645,4.378e-04,0.482,0.151,19501
1235,5.15323,5.16645,4.375e-04,0.495,0.144,19515
1236,5.13455,5.16645,4.372e-04,0.463,0.133,19470
1237,5.24867,5.16645,4.370e-04,0.512,0.147,19514
1238,5.20615,5.16645,4.367e-04,0.551,0.146,19517
1239,5.06580,5.16645,4.364e-04,0.522,0.166,19453
1240,4.78674,5.16645,4.361e-04,0.489,0.154,19533
1241,5.00964,5.16645,4.358e-04,0.508,0.161,19497
1242,5.10234,5.16645,4.356e-04,0.575,0.212,19449
1243,4.98044,5.16645,4.353e-04,0.476,0.153,19512
1244,5.02154,5.16645,4.350e-04,0.529,0.183,19525
1245,5.12978,5.16645,4.347e-04,0.528,0.174,19481
1246,5.15898,5.16645,4.344e-04,0.514,0.144,19467
1247,5.09391,5.16645,4.342e-04,0.497,0.158,19511
1248,4.69875,5.16645,4.339e-04,0.493,0.162,19470
1249,4.95408,5.16645,4.336e-04,0.500,0.174,19464
1250,5.02913,4.95232,4.333e-04,0.456,0.128,6091
1251,5.02345,4.95232,4.330e-04,0.514,0.160,19728
1252,4.98261,4.95232,4.328e-04,0.464,0.149,19513
1253,5.11394,4.95232,4.325e-04,0.528,0.155,19519
1254,4.93123,4.95232,4.322e-04,0.498,0.148,19449
1255,5.12879,4.95232,4.319e-04,0.496,0.162,19497
1256,5.02374,4.95232,4.316e-04,0.500,0.157,19538
1257,5.04879,4.95232,4.314e-04,0.557,0.200,19449
1258,4.72850,4.95232,4.311e-04,0.476,0.140,19529
1259,5.19984,4.95232,4.308e-04,0.576,0.192,19505
1260,5.01427,4.95232,4.305e-04,0.501,0.158,19457
1261,4.90498,4.95232,4.302e-04,0.501,0.162,19504
1262,5.01819,4.95232,4.300e-04,0.500,0.160,19515
1263,5.16923,4.95232,4.297e-04,0.494,0.140,19463
1264,5.08173,4.95232,4.294e-04,0.492,0.148,19508
1265,5.25685,4.95232,4.291e-04,0.533,0.186,19523
1266,5.14527,4.95232,4.288e-04,0.492,0.157,19463
1267,5.17167,4.95232,4.285e-04,0.544,0.176,19480
1268,4.99241,4.95232,4.283e-04,0.502,0.169,19525
1269,5.09225,4.95232,4.280e-04,0.563,0.175,19496
1270,5.10514,4.95232,4.277e-04,0.580,0.218,19479
1271,4.85052,4.95232,4.274e-04,0.523,0.170,19510
1272,4.95239,4.95232,4.271e-04,0.753,0.334,19499
1273,5.06726,4.95232,4.269e-04,0.509,0.162,19436
1274,4.90355,4.95232,4.266e-04,0.536,0.192,19522
1275,4.91954,4.95232,4.263e-04,0.508,0.147,19513
1276,4.99193,4.95232,4.260e-04,0.524,0.156,19473
1277,5.02969,4.95232,4.257e-04,0.498,0.162,19498
1278,4.98215,4.95232,4.254e-04,0.492,0.151,19502
1279,4.98598,4.95232,4.252e-04,0.493,0.148,19472
1280,4.93556,4.95232,4.249e-04,0.509,0.147,19492
1281,4.80880,4.95232,4.246e-04,0.506,0.157,19495
1282,5.03763,4.95232,4.243e-04,0.528,0.174,19435
1283,4.97086,4.95232,4.240e-04,0.511,0.155,19541
1284,5.25205,4.95232,4.237e-04,0.506,0.147,19505
1285,4.77803,4.95232,4.235e-04,0.559,0.203,19472
1286,5.01001,4.95232,4.232e-04,0.477,0.141,19516
1287,4.98998,4.95232,4.229e-04,0.540,0.194,19515
1288,4.97575,4.95232,4.226e-04,0.506,0.156,19473
1289,5.30680,4.95232,4.223e-04,0.525,0.142,19464
1290,5.02450,4.95232,4.220e-04,0.516,0.145,19511
1291,4.96662,4.95232,4.217e-04,0.497,0.153,19505
1292,4.95968,4.95232,4.215e-04,0.525,0.169,19473
1293,5.05554,4.95232,4.212e-04,0.488,0.136,19529
1294,5.04297,4.95232,4.209e-04,0.533,0.160,19499
1295,5.00934,4.95232,4.206e-04,0.477,0.139,19477
1296,4.83472,4.95232,4.203e-04,0.521,0.167,19539
1297,5.15469,4.95232,4.200e-04,0.521,0.157,19521
1298,5.11930,4.95232,4.197e-04,0.516,0.166,19453
1299,5.10749,4.95232,4.195e-04,0.555,0.162,19504
1300,5.00706,4.95232,4.192e-04,0.552,0.202,19503
1301,4.93691,4.95232,4.189e-04,0.512,0.147,19434
1302,5.14181,4.95232,4.186e-04,0.558,0.175,19535
1303,4.82052,4.95232,4.183e-04,0.489,0.149,19496
1304,4.93442,4.95232,4.180e-04,0.464,0.126,19418
1305,4.89578,4.95232,4.177e-04,0.536,0.165,19515
1306,4.97580,4.95232,4.175e-04,0.504,0.142,19506
1307,5.04136,4.95232,4.172e-04,0.477,0.130,19443
1308,4.94105,4.95232,4.169e-04,0.512,0.153,19516
1309,5.27160,4.95232,4.166e-04,0.616,0.198,19526
1310,5.05483,4.95232,4.163e-04,0.461,0.133,19459
1311,4.99309,4.95232,4.160e-04,0.601,0.233,19521
1312,4.93867,4.95232,4.157e-04,0.517,0.157,19508
1313,4.93006,4.95232,4.154e-04,0.502,0.163,19489
1314,4.98799,4.95232,4.152e-04,0.550,0.157,19491
1315,5.09238,4.95232,4.149e-04,0.496,0.139,19528
1316,4.96781,4.95232,4.146e-04,0.463,0.136,19468
1317,5.13428,4.95232,4.143e-04,0.534,0.177,19488
1318,4.95516,4.95232,4.140e-04,0.494,0.140,19514
1319,5.05336,4.95232,4.137e-04,0.748,0.226,19493
1320,5.04558,4.95232,4.134e-04,0.537,0.151,19465
1321,4.89680,4.95232,4.131e-04,0.510,0.144,19512
1322,5.12683,4.95232,4.129e-04,0.510,0.161,19502
1323,4.99192,4.95232,4.126e-04,0.512,0.134,19464
1324,5.21257,4.95232,4.123e-04,0.485,0.140,19497
1325,4.96919,4.95232,4.120e-04,0.481,0.132,19526
1326,4.71283,4.95232,4.117e-04,0.503,0.158,19441
1327,5.01805,4.95232,4.114e-04,0.500,0.138,19480
1328,4.97380,4.95232,4.111e-04,0.476,0.140,19544
1329,4.92142,4.95232,4.108e-04,0.516,0.149,19461
1330,5.06237,4.95232,4.105e-04,0.587,0.166,19484
1331,5.04411,4.95232,4.103e-04,0.498,0.156,19541
1332,5.00616,4.95232,4.100e-04,0.502,0.147,19457
1333,5.08757,4.95232,4.097e-04,0.478,0.145,19527
1334,5.08745,4.95232,4.094e-04,0.555,0.177,19522
1335,5.10610,4.95232,4.091e-04,0.572,0.194,19468
1336,4.80150,4.95232,4.088e-04,0.504,0.166,19496
1337,5.10645,4.95232,4.085e-04,0.497,0.146,19490
1338,5.12149,4.95232,4.082e-04,0.573,0.187,19508
1339,5.06611,4.95232,4.079e-04,0.555,0.156,19491
1340,4.95517,4.95232,4.077e-04,0.631,0.233,19535
1341,4.93967,4.95232,4.074e-04,0.499,0.137,19497
1342,4.99387,4.95232,4.071e-04,0.578,0.212,19429
1343,5.09392,4.95232,4.068e-04,0.535,0.165,19519
1344,4.90823,4.95232,4.065e-04,0.486,0.138,19509
1345,5.02922,4.95232,4.062e-04,0.535,0.170,19465
1346,4.93682,4.95232,4.059e-04,0.515,0.155,19515
1347,4.79642,4.95232,4.056e-04,0.501,0.157,19530
1348,5.02827,4.95232,4.053e-04,0.515,0.152,19459
1349,5.02181,4.95232,4.050e-04,0.489,0.134,19501
1350,5.14739,4.95232,4.047e-04,0.483,0.150,19525
1351,5.10122,4.95232,4.045e-04,0.495,0.134,19474
1352,5.20035,4.95232,4.042e-04,0.494,0.145,19536
1353,4.84010,4.95232,4.039e-04,0.505,0.152,19531
1354,5.00603,4.95232,4.036e-04,0.472,0.128,19445
1355,4.89046,4.95232,4.033e-04,0.521,0.150,19521
1356,5.03033,4.95232,4.030e-04,0.505,0.154,19513
1357,5.11720,4.95232,4.027e-04,0.509,0.165,19466
1358,5.00417,4.95232,4.024e-04,0.499,0.145,19501
1359,5.07310,4.95232,4.021e-04,0.554,0.173,19538
1360,5.11745,4.95232,4.018e-04,0.611,0.185,19454
1361,5.06759,4.95232,4.015e-04,0.528,0.167,19481
1362,5.03059,4.95232,4.012e-04,0.547,0.166,19529
1363,5.00546,4.95232,4.010e-04,0.498,0.131,19468
1364,4.83870,4.95232,4.007e-04,0.547,0.170,19466
1365,4.87882,4.95232,4.004e-04,0.472,0.135,19513
1366,4.67147,4.95232,4.001e-04,0.590,0.213,19488
1367,4.95907,4.95232,3.998e-04,0.546,0.148,19462
1368,5.12614,4.95232,3.995e-04,0.494,0.144,19514
1369,4.98320,4.95232,3.992e-04,0.538,0.182,19515
1370,4.99360,4.95232,3.989e-04,0.489,0.134,19468
1371,4.87513,4.95232,3.986e-04,0.562,0.198,19539
1372,5.12044,4.95232,3.983e-04,0.491,0.136,19521
1373,4.94728,4.95232,3.980e-04,0.512,0.146,19459
1374,4.85080,4.95232,3.977e-04,0.497,0.139,19519
1375,5.03768,4.95232,3.974e-04,0.495,0.143,19516
1376,4.82798,4.95232,3.971e-04,0.469,0.127,19448
1377,4.99335,4.95232,3.969e-04,0.489,0.132,19534
1378,4.95422,4.95232,3.966e-04,0.524,0.141,19489
1379,4.93182,4.95232,3.963e-04,0.538,0.145,19447
1380,5.04409,4.95232,3.960e-04,0.522,0.145,19505
1381,4.90751,4.95232,3.957e-04,0.475,0.123,19484
1382,5.06750,4.95232,3.954e-04,0.550,0.152,19463
1383,4.88496,4.95232,3.951e-04,0.472,0.131,19471
1384,4.85622,4.95232,3.948e-04,0.514,0.147,19509
1385,5.02091,4.95232,3.945e-04,0.494,0.149,19509
1386,4.75194,4.95232,3.942e-04,0.485,0.135,19468
1387,5.04992,4.95232,3.939e-04,0.504,0.148,19515
1388,4.86310,4.95232,3.936e-04,0.535,0.163,19476
1389,5.01289,4.95232,3.933e-04,0.516,0.153,19451
1390,4.75662,4.95232,3.930e-04,0.502,0.140,19542
1391,4.94463,4.95232,3.927e-04,0.552,0.187,19512
1392,4.87717,4.95232,3.924e-04,0.513,0.151,19432
1393,5.08835,4.95232,3.921e-04,0.535,0.143,19501
1394,5.02254,4.95232,3.919e-04,0.517,0.126,19531
1395,4.78865,4.95232,3.916e-04,0.502,0.141,19450
1396,5.19286,4.95232,3.913e-04,0.508,0.130,19502
1397,4.96057,4.95232,3.910e-04,0.518,0.150,19531
1398,4.80393,4.95232,3.907e-04,0.490,0.133,19417
1399,4.71539,4.95232,3.904e-04,0.510,0.145,19493
1400,5.10580,4.95232,3.901e-04,0.525,0.134,19532
1401,4.78677,4.95232,3.898e-04,0.552,0.173,19448
1402,4.79082,4.95232,3.895e-04,0.524,0.151,19507
1403,5.03254,4.95232,3.892e-04,0.487,0.135,19497
1404,4.79993,4.95232,3.889e-04,0.519,0.145,19473
1405,4.91403,4.95232,3.886e-04,0.501,0.131,19507
1406,5.04846,4.95232,3.883e-04,0.523,0.141,19514
1407,4.76626,4.95232,3.880e-04,0.557,0.156,19467
1408,4.95148,4.95232,3.877e-04,0.564,0.181,19499
1409,5.05997,4.95232,3.874e-04,0.541,0.166,19534
1410,4.95526,4.95232,3.871e-04,0.510,0.154,19480
1411,4.95945,4.95232,3.868e-04,0.545,0.145,19477
1412,5.01336,4.95232,3.865e-04,0.608,0.209,19516
1413,4.70692,4.95232,3.862e-04,0.538,0.187,19473
1414,4.80450,4.95232,3.859e-04,0.530,0.171,19473
1415,5.00138,4.95232,3.856e-04,0.504,0.156,19487
1416,4.91296,4.95232,3.853e-04,0.548,0.176,19514
1417,4.88793,4.95232,3.850e-04,0.517,0.135,19445
1418,4.72412,4.95232,3.848e-04,0.539,0.181,19505
1419,4.86393,4.95232,3.845e-04,0.498,0.126,19514
1420,4.89721,4.95232,3.842e-04,0.484,0.138,19413
1421,5.06414,4.95232,3.839e-04,0.489,0.129,19515
1422,4.95030,4.95232,3.836e-04,0.502,0.142,19542
1423,5.02081,4.95232,3.833e-04,0.506,0.135,19424
1424,4.84738,4.95232,3.830e-04,0.510,0.135,19513
1425,4.84104,4.95232,3.827e-04,0.482,0.129,19530
1426,4.96783,4.95232,3.824e-04,0.488,0.128,19470
1427,4.69922,4.95232,3.821e-04,0.542,0.171,19506
1428,4.84539,4.95232,3.818e-04,0.770,0.268,19514
1429,4.78407,4.95232,3.815e-04,0.477,0.133,19487
1430,4.85069,4.95232,3.812e-04,0.518,0.168,19486
1431,4.89280,4.95232,3.809e-04,0.510,0.147,19492
1432,4.85635,4.95232,3.806e-04,0.481,0.133,19486
1433,4.94221,4.95232,3.803e-04,0.504,0.140,19496
1434,4.98906,4.95232,3.800e-04,0.510,0.136,19541
1435,4.85895,4.95232,3.797e-04,0.481,0.127,19502
1436,4.97211,4.95232,3.794e-04,0.547,0.151,19452
1437,4.89438,4.95232,3.791e-04,0.521,0.134,19531
1438,4.76029,4.95232,3.788e-04,0.546,0.164,19531
1439,5.08628,4.95232,3.785e-04,0.481,0.122,19436
1440,4.84102,4.95232,3.782e-04,0.540,0.145,19557
1441,4.97125,4.95232,3.779e-04,0.496,0.151,19472
1442,4.63706,4.95232,3.776e-04,0.490,0.132,19444
1443,5.08665,4.95232,3.773e-04,0.583,0.160,19511
1444,4.80559,4.95232,3.770e-04,0.529,0.149,19504
1445,4.92583,4.95232,3.767e-04,0.527,0.132,19438
1446,4.85709,4.95232,3.764e-04,0.506,0.155,19520
1447,4.95723,4.95232,3.761e-04,0.477,0.124,19478
1448,4.79961,4.95232,3.758e-04,0.487,0.145,19473
1449,4.91421,4.95232,3.755e-04,0.481,0.125,19501
1450,4.96454,4.95232,3.752e-04,0.485,0.128,19474
1451,4.76115,4.95232,3.749e-04,0.470,0.126,19455
1452,4.83207,4.95232,3.746e-04,0.480,0.133,19477
1453,4.89659,4.95232,3.743e-04,0.548,0.170,19510
1454,4.62279,4.95232,3.740e-04,0.475,0.127,19476
1455,4.79374,4.95232,3.737e-04,0.508,0.147,19465
1456,4.78428,4.95232,3.734e-04,0.517,0.147,19504
1457,4.87010,4.95232,3.731e-04,0.507,0.128,19534
1458,4.84705,4.95232,3.728e-04,0.476,0.129,19459
1459,4.71271,4.95232,3.725e-04,0.532,0.143,19505
1460,4.92089,4.95232,3.722e-04,0.569,0.162,19493
1461,5.05802,4.95232,3.719e-04,0.500,0.132,19428
1462,4.81791,4.95232,3.716e-04,0.514,0.150,19531
1463,4.85180,4.95232,3.713e-04,0.526,0.145,19500
1464,4.86613,4.95232,3.710e-04,0.493,0.137,19466
1465,4.79395,4.95232,3.707e-04,0.521,0.153,19496
1466,4.89708,4.95232,3.704e-04,0.523,0.151,19525
1467,4.84278,4.95232,3.701e-04,0.495,0.138,19478
1468,4.96793,4.95232,3.698e-04,0.515,0.134,19544
1469,4.80657,4.95232,3.695e-04,0.499,0.139,19524
1470,4.71073,4.95232,3.692e-04,0.477,0.127,19446
1471,4.95350,4.95232,3.689e-04,0.520,0.140,19509
1472,4.82265,4.95232,3.686e-04,0.547,0.170,19514
1473,4.97495,4.95232,3.683e-04,0.501,0.134,19495
1474,4.78530,4.95232,3.680e-04,0.519,0.146,19503
1475,4.87595,4.95232,3.677e-04,0.516,0.134,19506
1476,4.88339,4.95232,3.674e-04,0.574,0.140,19486
1477,4.87579,4.95232,3.671e-04,0.509,0.157,19484
1478,4.87595,4.95232,3.668e-04,0.522,0.154,19493
1479,4.85529,4.95232,3.665e-04,0.512,0.133,19512
1480,4.73905,4.95232,3.662e-04,0.522,0.149,19468
1481,4.95977,4.95232,3.659e-04,0.475,0.122,19528
1482,4.64363,4.95232,3.656e-04,0.506,0.132,19501
1483,4.91259,4.95232,3.653e-04,0.515,0.141,19461
1484,4.95035,4.95232,3.650e-04,0.517,0.142,19541
1485,4.79919,4.95232,3.647e-04,0.504,0.150,19499
1486,5.01941,4.95232,3.644e-04,0.513,0.135,19459
1487,4.94601,4.95232,3.641e-04,0.514,0.147,19493
1488,5.01872,4.95232,3.638e-04,0.570,0.163,19540
1489,4.67048,4.95232,3.635e-04,0.590,0.208,19441
1490,4.80647,4.95232,3.632e-04,0.528,0.159,19501
1491,4.95585,4.95232,3.629e-04,0.689,0.291,19524
1492,5.03423,4.95232,3.626e-04,0.549,0.141,19419
1493,4.93740,4.95232,3.623e-04,0.544,0.166,19518
1494,4.92636,4.95232,3.620e-04,0.484,0.129,19519
1495,5.09161,4.95232,3.617e-04,0.503,0.143,19438
1496,4.67432,4.95232,3.614e-04,0.479,0.131,19531
1497,4.84091,4.95232,3.611e-04,0.499,0.129,19495
1498,5.01773,4.95232,3.608e-04,0.489,0.126,19467
1499,4.83560,4.95232,3.605e-04,0.483,0.125,19456
1500,4.80830,4.76007,3.602e-04,0.493,0.127,6089
1501,4.95290,4.76007,3.599e-04,0.500,0.135,19740
1502,4.93050,4.76007,3.596e-04,0.552,0.168,19538
1503,4.90680,4.76007,3.593e-04,0.514,0.132,19499
1504,4.80355,4.76007,3.590e-04,0.559,0.183,19459
1505,4.85085,4.76007,3.587e-04,0.528,0.149,19509
1506,4.73783,4.76007,3.584e-04,0.492,0.144,19522
1507,4.81559,4.76007,3.581e-04,0.467,0.125,19449
1508,4.82951,4.76007,3.578e-04,0.535,0.144,19494
1509,4.90722,4.76007,3.575e-04,0.528,0.147,19536
1510,4.92829,4.76007,3.572e-04,0.543,0.148,19454
1511,4.97112,4.76007,3.569e-04,0.501,0.126,19503
1512,4.83218,4.76007,3.566e-04,0.508,0.130,19512
1513,4.89253,4.76007,3.563e-04,0.531,0.139,19432
1514,4.91934,4.76007,3.560e-04,0.526,0.135,19527
1515,4.84025,4.76007,3.557e-04,0.480,0.114,19528
1516,4.87966,4.76007,3.554e-04,0.544,0.155,19445
1517,4.88976,4.76007,3.551e-04,0.592,0.182,19483
1518,4.75063,4.76007,3.548e-04,0.530,0.145,19542
1519,4.77118,4.76007,3.545e-04,0.533,0.154,19470
1520,4.79063,4.76007,3.542e-04,0.521,0.143,19496
1521,4.72057,4.76007,3.539e-04,0.512,0.151,19493
1522,4.76380,4.76007,3.536e-04,0.552,0.160,19484
1523,4.70155,4.76007,3.533e-04,0.520,0.131,19493
1524,4.84142,4.76007,3.530e-04,0.555,0.166,19517
1525,4.80689,4.76007,3.527e-04,0.534,0.144,19504
1526,5.03316,4.76007,3.524e-04,0.505,0.128,19501
1527,4.89870,4.76007,3.521e-04,0.514,0.138,19493
1528,4.91267,4.76007,3.518e-04,0.523,0.139,19502
1529,4.88034,4.76007,3.515e-04,0.510,0.145,19472
1530,5.15780,4.76007,3.512e-04,0.538,0.147,19524
1531,4.84841,4.76007,3.509e-04,0.522,0.141,19494
1532,4.62497,4.76007,3.506e-04,0.535,0.160,19469
1533,4.88552,4.76007,3.503e-04,0.505,0.130,19509
1534,4.85890,4.76007,3.500e-04,0.523,0.153,19483
1535,4.82684,4.76007,3.497e-04,0.517,0.135,19433
1536,4.63145,4.76007,3.494e-04,0.526,0.149,19508
1537,4.84871,4.76007,3.491e-04,0.540,0.146,19526
1538,4.63734,4.76007,3.488e-04,0.515,0.146,19450
1539,4.87157,4.76007,3.485e-04,0.524,0.151,19512
1540,4.73588,4.76007,3.482e-04,0.542,0.155,19531
1541,4.76701,4.76007,3.479e-04,0.537,0.137,19470
1542,4.78314,4.76007,3.476e-04,0.550,0.154,19529
1543,4.75732,4.76007,3.473e-04,0.555,0.161,19543
1544,4.70316,4.76007,3.470e-04,0.536,0.139,19501
1545,4.88316,4.76007,3.467e-04,0.504,0.138,19493
1546,4.95863,4.76007,3.463e-04,0.558,0.155,19526
1547,4.70923,4.76007,3.460e-04,0.477,0.121,19476
1548,4.75638,4.76007,3.457e-04,0.536,0.149,19478
1549,5.02999,4.76007,3.454e-04,0.508,0.126,19514
1550,4.66408,4.76007,3.451e-04,0.548,0.162,19511
1551,4.98069,4.76007,3.448e-04,0.549,0.138,19485
1552,4.94868,4.76007,3.445e-04,0.544,0.145,19512
1553,4.59928,4.76007,3.442e-04,0.500,0.126,19516
1554,4.89551,4.76007,3.439e-04,0.534,0.151,19463
1555,4.99754,4.76007,3.436e-04,0.566,0.139,19505
1556,4.95082,4.76007,3.433e-04,0.583,0.186,19531
1557,4.85273,4.76007,3.430e-04,0.522,0.127,19476
1558,5.17693,4.76007,3.427e-04,0.541,0.138,19535
1559,4.77527,4.76007,3.424e-04,0.543,0.164,19492
1560,4.89215,4.76007,3.421e-04,0.519,0.134,19446
1561,4.96708,4.76007,3.418e-04,0.537,0.145,19497
1562,4.81983,4.76007,3.415e-04,0.523,0.136,19556
1563,4.64410,4.76007,3.412e-04,0.564,0.145,19447
1564,4.54523,4.76007,3.409e-04,0.555,0.161,19521
1565,4.52384,4.76007,3.406e-04,0.509,0.139,19509
1566,4.82163,4.76007,3.403e-04,0.531,0.144,19433
1567,4.95301,4.76007,3.400e-04,0.522,0.129,19522
1568,4.77186,4.76007,3.397e-04,0.523,0.150,19527
1569,4.91555,4.76007,3.394e-04,0.520,0.143,19466
1570,4.79307,4.76007,3.391e-04,0.505,0.125,19514
1571,4.72915,4.76007,3.388e-04,0.556,0.156,19503
1572,4.71832,4.76007,3.385e-04,0.547,0.138,19510
1573,4.55925,4.76007,3.382e-04,0.493,0.127,19495
1574,4.73385,4.76007,3.379e-04,0.490,0.129,19515
1575,4.84930,4.76007,3.376e-04,0.512,0.131,19491
1576,4.77226,4.76007,3.373e-04,0.498,0.137,19484
1577,4.90079,4.76007,3.370e-04,0.492,0.122,19525
1578,4.89644,4.76007,3.367e-04,0.508,0.140,19510
1579,4.68562,4.76007,3.364e-04,0.513,0.139,19450
1580,4.74218,4.76007,3.361e-04,0.536,0.162,19505
1581,4.72439,4.76007,3.358e-04,0.571,0.164,19530
1582,4.79691,4.76007,3.355e-04,0.524,0.137,19458
1583,4.92350,4.76007,3.351e-04,0.529,0.152,19533
1584,4.72665,4.76007,3.348e-04,0.515,0.135,19509
1585,4.89815,4.76007,3.345e-04,0.569,0.162,19449
1586,4.85932,4.76007,3.342e-04,0.514,0.132,19543
1587,4.70592,4.76007,3.339e-04,0.543,0.143,19487
1588,5.12365,4.76007,3.336e-04,0.520,0.122,19484
1589,4.67088,4.76007,3.333e-04,0.518,0.130,19540
1590,4.72774,4.76007,3.330e-04,0.518,0.139,19505
1591,4.69983,4.76007,3.327e-04,0.492,0.121,19457
1592,4.73369,4.76007,3.324e-04,0.545,0.148,19506
1593,4.63781,4.76007,3.321e-04,0.520,0.120,19538
1594,4.88140,4.76007,3.318e-04,0.597,0.153,19492
1595,4.87068,4.76007,3.315e-04,0.538,0.134,19499
1596,4.85689,4.76007,3.312e-04,0.488,0.117,19536
1597,4.89592,4.76007,3.309e-04,0.516,0.140,19519
1598,4.78664,4.76007,3.306e-04,0.505,0.136,19487
1599,4.66105,4.76007,3.303e-04,0.531,0.152,19542
1600,4.73484,4.76007,3.300e-04,0.501,0.115,19507
1601,4.48779,4.76007,3.297e-04,0.507,0.140,19444
1602,4.70798,4.76007,3.294e-04,0.505,0.127,19506
1603,5.04417,4.76007,3.291e-04,0.513,0.128,19529
1604,4.99445,4.76007,3.288e-04,0.514,0.137,19469
1605,4.77175,4.76007,3.285e-04,0.591,0.154,19520
1606,4.95789,4.76007,3.282e-04,0.521,0.122,19512
1607,4.97068,4.76007,3.279e-04,0.524,0.145,19444
1608,4.78506,4.76007,3.276e-04,0.545,0.143,19516
1609,4.75638,4.76007,3.273e-04,0.515,0.122,19536
1610,4.80525,4.76007,3.270e-04,0.528,0.134,19448
1611,4.65041,4.76007,3.267e-04,0.505,0.128,19530
1612,4.66922,4.76007,3.264e-04,0.522,0.132,19502
1613,4.87127,4.76007,3.261e-04,0.494,0.132,19447
1614,4.62181,4.76007,3.258e-04,0.494,0.121,19513
1615,4.74267,4.76007,3.255e-04,0.533,0.141,19529
1616,4.54263,4.76007,3.252e-04,0.562,0.157,19470
1617,4.72499,4.76007,3.249e-04,0.573,0.158,19503
1618,4.72730,4.76007,3.245e-04,0.556,0.154,19513
1619,5.02218,4.76007,3.242e-04,0.488,0.124,19476
1620,4.73263,4.76007,3.239e-04,0.523,0.127,19486
1621,4.78967,4.76007,3.236e-04,0.513,0.137,19501
1622,4.39798,4.76007,3.233e-04,0.539,0.145,19519
1623,4.91718,4.76007,3.230e-04,0.528,0.123,19481
1624,4.64792,4.76007,3.227e-04,0.558,0.161,19552
1625,4.79175,4.76007,3.224e-04,0.513,0.128,19511
1626,5.02414,4.76007,3.221e-04,0.558,0.159,19461
1627,4.68837,4.76007,3.218e-04,0.558,0.150,19519
1628,4.69983,4.76007,3.215e-04,0.563,0.156,19501
1629,4.79599,4.76007,3.212e-04,0.553,0.151,19479
1630,4.69318,4.76007,3.209e-04,0.557,0.152,19525
1631,4.77388,4.76007,3.206e-04,0.529,0.138,19540
1632,4.65113,4.76007,3.203e-04,0.577,0.165,19450
1633,4.77878,4.76007,3.200e-04,0.563,0.148,19497
1634,4.80233,4.76007,3.197e-04,0.560,0.140,19525
1635,4.73296,4.76007,3.194e-04,0.580,0.173,19448
1636,4.49225,4.76007,3.191e-04,0.588,0.169,19538
1637,4.90670,4.76007,3.188e-04,0.567,0.151,19501
1638,4.64160,4.76007,3.185e-04,0.541,0.149,19505
1639,4.90617,4.76007,3.182e-04,0.670,0.225,19512
1640,4.85083,4.76007,3.179e-04,0.498,0.126,19520
1641,4.80624,4.76007,3.176e-04,0.698,0.240,19462
1642,4.61674,4.76007,3.173e-04,0.526,0.137,19512
1643,4.69058,4.76007,3.170e-04,0.585,0.187,19486
1644,4.74119,4.76007,3.167e-04,0.560,0.155,19503
1645,4.77696,4.76007,3.164e-04,0.536,0.122,19491
1646,4.66957,4.76007,3.161e-04,0.540,0.140,19538
1647,4.86559,4.76007,3.158e-04,0.598,0.146,19480
1648,4.75156,4.76007,3.155e-04,0.524,0.126,19470
1649,4.67747,4.76007,3.152e-04,0.502,0.124,19510
1650,4.88705,4.76007,3.149e-04,0.549,0.127,19530
1651,4.81488,4.76007,3.146e-04,0.505,0.128,19431
1652,4.63361,4.76007,3.143e-04,0.545,0.150,19511
1653,4.80111,4.76007,3.140e-04,0.526,0.129,19499
1654,4.78125,4.76007,3.137e-04,0.532,0.135,19471
1655,4.68894,4.76007,3.133e-04,0.540,0.132,19526
1656,4.72052,4.76007,3.130e-04,0.531,0.125,19506
1657,4.87601,4.76007,3.127e-04,0.538,0.131,19480
1658,4.66722,4.76007,3.124e-04,0.539,0.149,19524
1659,4.62680,4.76007,3.121e-04,0.518,0.127,19519
1660,4.77990,4.76007,3.118e-04,0.530,0.138,19447
1661,4.94962,4.76007,3.115e-04,0.532,0.134,19510
1662,4.72219,4.76007,3.112e-04,0.512,0.119,19532
1663,4.94283,4.76007,3.109e-04,0.548,0.130,19463
1664,4.78562,4.76007,3.106e-04,0.521,0.132,19502
1665,4.61987,4.76007,3.103e-04,0.508,0.123,19553
1666,4.87887,4.76007,3.100e-04,0.537,0.146,19516
1667,4.75436,4.76007,3.097e-04,0.521,0.134,19488
1668,4.88937,4.76007,3.094e-04,0.495,0.118,19550
1669,4.80804,4.76007,3.091e-04,0.535,0.123,19472
1670,4.79948,4.76007,3.088e-04,0.544,0.151,19499
1671,4.65786,4.76007,3.085e-04,0.541,0.138,19543
1672,4.85021,4.76007,3.082e-04,0.554,0.150,19514
1673,4.84530,4.76007,3.079e-04,0.505,0.130,19469
1674,4.79753,4.76007,3.076e-04,0.573,0.150,19527
1675,4.57552,4.76007,3.073e-04,0.485,0.115,19518
1676,4.75117,4.76007,3.070e-04,0.519,0.125,19444
1677,4.81050,4.76007,3.067e-04,0.508,0.129,19512
1678,4.69283,4.76007,3.064e-04,0.506,0.134,19508
1679,4.64296,4.76007,3.061e-04,0.553,0.145,19444
1680,4.76890,4.76007,3.058e-04,0.530,0.121,19538
1681,4.65426,4.76007,3.055e-04,0.543,0.130,19531
1682,4.67391,4.76007,3.052e-04,0.530,0.128,19468
1683,4.80397,4.76007,3.049e-04,0.568,0.142,19518
1684,4.74667,4.76007,3.046e-04,0.554,0.126,19524
1685,4.68438,4.76007,3.043e-04,0.508,0.120,19439
1686,4.86207,4.76007,3.040e-04,0.524,0.131,19497
1687,4.84107,4.76007,3.037e-04,0.498,0.121,19534
1688,4.69305,4.76007,3.034e-04,0.535,0.140,19479
1689,4.71703,4.76007,3.031e-04,0.504,0.115,19518
1690,4.72666,4.76007,3.028e-04,0.517,0.122,19561
1691,4.73542,4.76007,3.025e-04,0.536,0.140,19472
1692,4.77844,4.76007,3.022e-04,0.520,0.122,19484
1693,4.76701,4.76007,3.019e-04,0.520,0.130,19533
1694,4.61033,4.76007,3.016e-04,0.559,0.135,19494
1695,4.73254,4.76007,3.013e-04,0.516,0.124,19452
1696,4.68077,4.76007,3.010e-04,0.499,0.114,19495
1697,4.61477,4.76007,3.007e-04,0.524,0.126,19518
1698,4.91457,4.76007,3.004e-04,0.519,0.128,19446
1699,4.86233,4.76007,3.001e-04,0.522,0.120,19499
1700,4.75771,4.76007,2.998e-04,0.518,0.126,19514
1701,4.68323,4.76007,2.995e-04,0.518,0.127,19448
1702,4.82903,4.76007,2.992e-04,0.525,0.126,19505
1703,4.72492,4.76007,2.989e-04,0.527,0.131,19489
1704,4.73388,4.76007,2.986e-04,0.501,0.122,19455
1705,4.95166,4.76007,2.983e-04,0.557,0.151,19522
1706,4.62738,4.76007,2.980e-04,0.523,0.133,19510
1707,4.62514,4.76007,2.977e-04,0.605,0.195,19464
1708,4.94365,4.76007,2.974e-04,0.535,0.130,19515
1709,4.83326,4.76007,2.971e-04,0.531,0.126,19568
1710,4.73042,4.76007,2.968e-04,0.563,0.143,19425
1711,4.75251,4.76007,2.965e-04,0.527,0.120,19507
1712,4.95195,4.76007,2.962e-04,0.521,0.119,19517
1713,4.63617,4.76007,2.959e-04,0.563,0.146,19442
1714,4.58724,4.76007,2.956e-04,0.518,0.116,19477
1715,4.78507,4.76007,2.953e-04,0.554,0.138,19531
1716,4.63563,4.76007,2.950e-04,0.541,0.139,19491
1717,4.82749,4.76007,2.947e-04,0.518,0.123,19474
1718,4.54257,4.76007,2.944e-04,0.514,0.126,19528
1719,4.84544,4.76007,2.941e-04,0.595,0.148,19514
1720,4.72703,4.76007,2.938e-04,0.520,0.139,19486
1721,4.63874,4.76007,2.935e-04,0.547,0.129,19510
1722,4.88239,4.76007,2.932e-04,0.548,0.136,19528
1723,5.01320,4.76007,2.929e-04,0.541,0.133,19474
1724,4.70499,4.76007,2.926e-04,0.553,0.151,19541
1725,4.76708,4.76007,2.923e-04,0.535,0.132,19528
1726,4.72942,4.76007,2.920e-04,0.659,0.223,19447
1727,4.71780,4.76007,2.917e-04,0.517,0.133,19532
1728,4.75546,4.76007,2.914e-04,0.545,0.142,19508
1729,4.61217,4.76007,2.911e-04,0.520,0.130,19468
1730,4.61650,4.76007,2.908e-04,0.508,0.118,19516
1731,4.85689,4.76007,2.905e-04,0.498,0.123,19519
1732,4.76536,4.76007,2.902e-04,0.522,0.121,19479
1733,4.86542,4.76007,2.899e-04,0.547,0.138,19504
1734,4.70957,4.76007,2.896e-04,0.510,0.117,19520
1735,4.80005,4.76007,2.893e-04,0.556,0.132,19467
1736,4.53494,4.76007,2.890e-04,0.511,0.120,19520
1737,4.56065,4.76007,2.887e-04,0.527,0.124,19505
1738,4.67110,4.76007,2.884e-04,0.532,0.119,19477
1739,4.75042,4.76007,2.881e-04,0.518,0.127,19513
1740,4.70739,4.76007,2.878e-04,0.552,0.141,19529
1741,4.56495,4.76007,2.875e-04,0.499,0.125,19482
1742,4.61684,4.76007,2.872e-04,0.545,0.119,19503
1743,4.90089,4.76007,2.869e-04,0.490,0.118,19532
1744,4.93062,4.76007,2.866e-04,0.536,0.124,19489
1745,4.78255,4.76007,2.863e-04,0.528,0.130,19477
1746,4.75163,4.76007,2.860e-04,0.506,0.121,19521
1747,4.53130,4.76007,2.857e-04,0.539,0.132,19559
1748,4.94256,4.76007,2.854e-04,0.507,0.121,19478
1749,4.66001,4.76007,2.851e-04,0.523,0.128,19501
1750,4.51432,4.61026,2.848e-04,0.512,0.132,6085
1751,4.77802,4.61026,2.845e-04,0.499,0.117,19802
1752,4.55329,4.61026,2.842e-04,0.554,0.129,19536
1753,4.57474,4.61026,2.839e-04,0.516,0.126,19466
1754,4.55953,4.61026,2.836e-04,0.532,0.137,19519
1755,4.63109,4.61026,2.833e-04,0.514,0.126,19540
1756,4.47698,4.61026,2.830e-04,0.576,0.142,19456
1757,4.71044,4.61026,2.827e-04,0.517,0.127,19526
1758,4.84096,4.61026,2.824e-04,0.566,0.129,19544
1759,4.64661,4.61026,2.821e-04,0.565,0.148,19451
1760,4.63206,4.61026,2.818e-04,0.518,0.129,19504
1761,4.59251,4.61026,2.815e-04,0.523,0.122,19530
1762,4.78879,4.61026,2.812e-04,0.568,0.144,19472
1763,4.51240,4.61026,2.809e-04,0.581,0.130,19512
1764,4.54613,4.61026,2.806e-04,0.546,0.131,19531
1765,4.73315,4.61026,2.803e-04,0.599,0.182,19500
1766,4.58334,4.61026,2.800e-04,0.578,0.159,19460
1767,4.60241,4.61026,2.797e-04,0.539,0.130,19483
1768,4.62520,4.61026,2.794e-04,0.563,0.148,19486
1769,4.87812,4.61026,2.791e-04,0.545,0.140,19475
1770,4.92481,4.61026,2.788e-04,0.545,0.124,19544
1771,4.64695,4.61026,2.785e-04,0.530,0.123,19523
1772,4.59804,4.61026,2.782e-04,0.525,0.120,19457
1773,4.75300,4.61026,2.779e-04,0.510,0.126,19513
1774,4.56934,4.61026,2.776e-04,0.536,0.137,19557
1775,4.46301,4.61026,2.773e-04,0.570,0.138,19479
1776,4.81335,4.61026,2.770e-04,0.528,0.123,19539
1777,4.85911,4.61026,2.767e-04,0.553,0.137,19536
1778,4.91588,4.61026,2.764e-04,0.565,0.124,19470
1779,5.02750,4.61026,2.761e-04,0.539,0.120,19534
1780,4.80798,4.61026,2.758e-04,0.564,0.138,19554
1781,4.69784,4.61026,2.755e-04,0.575,0.143,19466
1782,4.66402,4.61026,2.752e-04,0.556,0.148,19542
1783,4.82702,4.61026,2.750e-04,0.528,0.140,19536
1784,4.71365,4.61026,2.747e-04,0.559,0.146,19477
1785,4.56413,4.61026,2.744e-04,0.571,0.139,19517
1786,4.68449,4.61026,2.741e-04,0.604,0.156,19556
1787,4.46996,4.61026,2.738e-04,0.543,0.140,19477
1788,4.59870,4.61026,2.735e-04,0.567,0.156,19516
1789,4.47496,4.61026,2.732e-04,0.533,0.127,19526
1790,4.67512,4.61026,2.729e-04,0.595,0.170,19501
1791,4.66234,4.61026,2.726e-04,0.511,0.122,19495
1792,4.81231,4.61026,2.723e-04,0.512,0.122,19529
1793,4.70448,4.61026,2.720e-04,0.538,0.134,19515
1794,4.69975,4.61026,2.717e-04,0.585,0.141,19478
1795,4.84616,4.61026,2.714e-04,0.555,0.139,19531
1796,4.79134,4.61026,2.711e-04,0.540,0.137,19527
1797,4.63807,4.61026,2.708e-04,0.520,0.125,19448
1798,4.64988,4.61026,2.705e-04,0.553,0.136,19536
1799,4.87482,4.61026,2.702e-04,0.500,0.115,19507
1800,4.68319,4.61026,2.699e-04,0.529,0.137,19457
1801,4.63174,4.61026,2.696e-04,0.532,0.129,19523
1802,4.83343,4.61026,2.693e-04,0.617,0.156,19510
1803,4.40038,4.61026,2.690e-04,0.529,0.124,19453
1804,4.76984,4.61026,2.687e-04,0.580,0.160,19497
1805,4.45585,4.61026,2.684e-04,0.524,0.127,19523
1806,4.69870,4.61026,2.681e-04,0.531,0.119,19456
1807,4.65027,4.61026,2.679e-04,0.551,0.141,19539
1808,4.82379,4.61026,2.676e-04,0.551,0.144,19497
1809,4.66720,4.61026,2.673e-04,0.522,0.123,19486
1810,4.57753,4.61026,2.670e-04,0.539,0.135,19494
1811,4.78242,4.61026,2.667e-04,0.549,0.135,19523
1812,4.71058,4.61026,2.664e-04,0.542,0.134,19471
1813,4.86935,4.61026,2.661e-04,0.544,0.136,19481
1814,4.50435,4.61026,2.658e-04,0.546,0.140,19537
1815,4.81374,4.61026,2.655e-04,0.531,0.123,19464
1816,4.64117,4.61026,2.652e-04,0.542,0.133,19494
1817,4.66327,4.61026,2.649e-04,0.525,0.133,19541
1818,4.68606,4.61026,2.646e-04,0.551,0.140,19514
1819,4.78798,4.61026,2.643e-04,0.528,0.114,19463
1820,4.56485,4.61026,2.640e-04,0.555,0.126,19517
1821,4.80300,4.61026,2.637e-04,0.569,0.138,19510
1822,4.55946,4.61026,2.634e-04,0.586,0.162,19446
1823,4.42621,4.61026,2.631e-04,0.527,0.125,19539
1824,4.83443,4.61026,2.629e-04,0.598,0.159,19514
1825,4.57215,4.61026,2.626e-04,0.525,0.128,19447
1826,4.58212,4.61026,2.623e-04,0.603,0.143,19506
1827,4.78249,4.61026,2.620e-04,0.572,0.137,19527
1828,4.71108,4.61026,2.617e-04,0.587,0.149,19427
1829,4.75690,4.61026,2.614e-04,0.571,0.128,19503
1830,4.26305,4.61026,2.611e-04,0.541,0.124,19485
1831,4.63952,4.61026,2.608e-04,0.552,0.130,19453
1832,4.44207,4.61026,2.605e-04,0.568,0.128,19527
1833,4.57456,4.61026,2.602e-04,0.523,0.134,19477
1834,4.69362,4.61026,2.599e-04,0.540,0.130,19482
1835,4.62032,4.61026,2.596e-04,0.528,0.121,19509
1836,4.61651,4.61026,2.593e-04,0.506,0.130,19525
1837,4.63855,4.61026,2.590e-04,0.545,0.137,19501
1838,4.51448,4.61026,2.588e-04,0.541,0.129,19489
1839,4.37104,4.61026,2.585e-04,0.519,0.120,19523
1840,4.71326,4.61026,2.582e-04,0.576,0.140,19489
1841,4.80342,4.61026,2.579e-04,0.518,0.118,19471
1842,4.62964,4.61026,2.576e-04,0.515,0.115,19509
1843,4.64512,4.61026,2.573e-04,0.579,0.135,19514
1844,4.91146,4.61026,2.570e-04,0.566,0.132,19463
1845,4.85346,4.61026,2.567e-04,0.508,0.114,19548
1846,4.58100,4.61026,2.564e-04,0.548,0.125,19504
1847,4.58988,4.61026,2.561e-04,0.557,0.131,19466
1848,4.84475,4.61026,2.558e-04,0.537,0.117,19555
1849,4.77971,4.61026,2.555e-04,0.523,0.123,19535
1850,4.77368,4.61026,2.553e-04,0.559,0.129,19478
1851,4.65885,4.61026,2.550e-04,0.567,0.123,19512
1852,4.58021,4.61026,2.547e-04,0.586,0.149,19511
1853,4.81434,4.61026,2.544e-04,0.555,0.141,19453
1854,4.51422,4.61026,2.541e-04,0.598,0.154,19505
1855,4.44547,4.61026,2.538e-04,0.501,0.111,19552
1856,4.84522,4.61026,2.535e-04,0.585,0.143,19464
1857,4.67401,4.61026,2.532e-04,0.537,0.122,19505
1858,4.75376,4.61026,2.529e-04,0.536,0.128,19543
1859,4.73172,4.61026,2.526e-04,0.608,0.136,19495
1860,4.79170,4.61026,2.523e-04,0.593,0.161,19492
1861,4.66536,4.61026,2.521e-04,0.538,0.130,19500
1862,4.61394,4.61026,2.518e-04,0.569,0.155,19509
1863,4.71784,4.61026,2.515e-04,0.553,0.119,19469
1864,4.72791,4.61026,2.512e-04,0.623,0.162,19504
1865,4.67861,4.61026,2.509e-04,0.533,0.121,19512
1866,4.59728,4.61026,2.506e-04,0.506,0.120,19474
1867,4.69476,4.61026,2.503e-04,0.525,0.131,19513
1868,4.75802,4.61026,2.500e-04,0.502,0.112,19500
1869,4.75611,4.61026,2.497e-04,0.617,0.157,19476
1870,4.58556,4.61026,2.495e-04,0.486,0.111,19549
1871,4.55748,4.61026,2.492e-04,0.592,0.154,19496
1872,4.61597,4.61026,2.489e-04,0.583,0.155,19468
1873,4.61479,4.61026,2.486e-04,0.616,0.157,19509
1874,4.65144,4.61026,2.483e-04,0.547,0.123,19513
1875,4.61667,4.61026,2.480e-04,0.570,0.142,19457
1876,4.82080,4.61026,2.477e-04,0.562,0.149,19513
1877,4.48725,4.61026,2.474e-04,0.552,0.133,19544
1878,4.34599,4.61026,2.471e-04,0.645,0.213,19423
1879,4.60991,4.61026,2.469e-04,0.562,0.130,19548
1880,4.91109,4.61026,2.466e-04,0.625,0.151,19508
1881,4.53586,4.61026,2.463e-04,0.571,0.138,19474
1882,4.73941,4.61026,2.460e-04,0.535,0.123,19511
1883,4.63658,4.61026,2.457e-04,0.544,0.144,19525
1884,4.48566,4.61026,2.454e-04,0.531,0.126,19475
1885,4.63002,4.61026,2.451e-04,0.607,0.141,19515
1886,4.57041,4.61026,2.448e-04,0.561,0.149,19516
1887,4.65294,4.61026,2.446e-04,0.543,0.137,19479
1888,4.66735,4.61026,2.443e-04,0.554,0.148,19470
1889,4.67497,4.61026,2.440e-04,0.531,0.121,19525
1890,4.71973,4.61026,2.437e-04,0.540,0.124,19495
1891,4.75843,4.61026,2.434e-04,0.786,0.172,19474
1892,4.65048,4.61026,2.431e-04,0.578,0.135,19532
1893,4.57229,4.61026,2.428e-04,0.515,0.112,19529
1894,4.60250,4.61026,2.425e-04,0.549,0.126,19460
1895,4.61997,4.61026,2.423e-04,0.557,0.126,19537
1896,4.43452,4.61026,2.420e-04,0.568,0.130,19501
1897,4.61745,4.61026,2.417e-04,0.562,0.135,19469
1898,4.63610,4.61026,2.414e-04,0.534,0.126,19440
1899,4.62528,4.61026,2.411e-04,0.602,0.163,19483
1900,4.64924,4.61026,2.408e-04,0.524,0.120,19458
1901,4.41091,4.61026,2.405e-04,0.624,0.185,19508
1902,4.85630,4.61026,2.403e-04,0.529,0.120,19531
1903,4.87538,4.61026,2.400e-04,0.585,0.165,19458
1904,4.79265,4.61026,2.397e-04,0.566,0.136,19508
1905,4.37091,4.61026,2.394e-04,0.614,0.149,19523
1906,4.80142,4.61026,2.391e-04,0.570,0.140,19486
1907,4.52610,4.61026,2.388e-04,0.545,0.123,19492
1908,4.64261,4.61026,2.385e-04,0.604,0.139,19522
1909,4.57767,4.61026,2.383e-04,0.544,0.120,19507
1910,4.66973,4.61026,2.380e-04,0.558,0.132,19483
1911,4.60188,4.61026,2.377e-04,0.546,0.116,19552
1912,4.58892,4.61026,2.374e-04,0.566,0.137,19480
1913,4.67731,4.61026,2.371e-04,0.531,0.124,19476
1914,4.35411,4.61026,2.368e-04,0.538,0.121,19519
1915,4.69154,4.61026,2.365e-04,0.511,0.125,19498
1916,4.59285,4.61026,2.363e-04,0.527,0.120,19463
1917,4.77251,4.61026,2.360e-04,0.539,0.126,19521
1918,4.74596,4.61026,2.357e-04,0.524,0.123,19542
1919,4.60396,4.61026,2.354e-04,0.533,0.128,19470
1920,4.52529,4.61026,2.351e-04,0.561,0.131,19529
1921,4.57691,4.61026,2.348e-04,0.505,0.126,19511
1922,4.49843,4.61026,2.346e-04,0.559,0.150,19446
1923,4.59813,4.61026,2.343e-04,0.579,0.142,19513
1924,4.41963,4.61026,2.340e-04,0.547,0.146,19537
1925,4.66878,4.61026,2.337e-04,0.555,0.136,19453
1926,4.64677,4.61026,2.334e-04,0.533,0.127,19528
1927,4.59711,4.61026,2.331e-04,0.605,0.142,19524
1928,4.70610,4.61026,2.329e-04,0.563,0.124,19486
1929,4.74527,4.61026,2.326e-04,0.562,0.131,19526
1930,4.58276,4.61026,2.323e-04,0.549,0.138,19555
1931,4.67353,4.61026,2.320e-04,0.548,0.127,19495
1932,4.64906,4.61026,2.317e-04,0.543,0.126,19512
1933,4.35122,4.61026,2.315e-04,0.594,0.154,19517
1934,4.62034,4.61026,2.312e-04,0.535,0.119,19490
1935,4.36494,4.61026,2.309e-04,0.567,0.139,19513
1936,4.81748,4.61026,2.306e-04,0.540,0.119,19491
1937,4.56581,4.61026,2.303e-04,0.589,0.155,19541
1938,4.59755,4.61026,2.300e-04,0.583,0.142,19498
1939,4.70898,4.61026,2.298e-04,0.615,0.177,19535
1940,4.70655,4.61026,2.295e-04,0.556,0.140,19542
1941,4.51450,4.61026,2.292e-04,0.607,0.145,19484
1942,4.58604,4.61026,2.289e-04,0.583,0.151,19537
1943,4.54428,4.61026,2.286e-04,0.538,0.129,19546
1944,4.80547,4.61026,2.284e-04,0.610,0.152,19465
1945,4.72411,4.61026,2.281e-04,0.530,0.124,19518
1946,4.50658,4.61026,2.278e-04,0.565,0.128,19540
1947,4.51939,4.61026,2.275e-04,0.579,0.141,19460
1948,4.43849,4.61026,2.272e-04,0.561,0.128,19532
1949,4.40457,4.61026,2.270e-04,0.621,0.170,19552
1950,4.83453,4.61026,2.267e-04,0.624,0.154,19479
1951,4.71122,4.61026,2.264e-04,0.578,0.132,19548
1952,4.40040,4.61026,2.261e-04,0.574,0.141,19526
1953,4.48231,4.61026,2.258e-04,0.591,0.152,19474
1954,4.62676,4.61026,2.256e-04,0.597,0.151,19533
1955,4.55279,4.61026,2.253e-04,0.580,0.150,19541
1956,4.56139,4.61026,2.250e-04,0.544,0.136,19487
1957,4.45455,4.61026,2.247e-04,0.521,0.125,19496
1958,4.67027,4.61026,2.244e-04,0.547,0.123,19558
1959,4.47782,4.61026,2.242e-04,0.509,0.116,19504
1960,4.72616,4.61026,2.239e-04,0.566,0.137,19493
1961,4.62352,4.61026,2.236e-04,0.530,0.124,19514
1962,4.72291,4.61026,2.233e-04,0.506,0.112,19483
1963,4.59774,4.61026,2.230e-04,0.549,0.128,19502
1964,4.47626,4.61026,2.228e-04,0.556,0.119,19526
1965,4.66404,4.61026,2.225e-04,0.541,0.117,19521
1966,4.62297,4.61026,2.222e-04,0.653,0.163,19488
1967,4.61543,4.61026,2.219e-04,0.529,0.119,19543
1968,4.53352,4.61026,2.217e-04,0.591,0.151,19513
1969,4.45911,4.61026,2.214e-04,0.552,0.123,19484
1970,4.58728,4.61026,2.211e-04,0.555,0.131,19542
1971,4.66430,4.61026,2.208e-04,0.519,0.119,19554
1972,4.51712,4.61026,2.206e-04,0.543,0.124,19448
1973,4.61950,4.61026,2.203e-04,0.594,0.152,19522
1974,4.61200,4.61026,2.200e-04,0.542,0.124,19551
1975,4.56870,4.61026,2.197e-04,0.553,0.131,19488
1976,4.68933,4.61026,2.194e-04,0.566,0.141,19565
1977,4.45644,4.61026,2.192e-04,0.542,0.128,19515
1978,4.60951,4.61026,2.189e-04,0.545,0.123,19471
1979,4.75214,4.61026,2.186e-04,0.558,0.131,19531
1980,4.60462,4.61026,2.183e-04,0.547,0.119,19550
1981,4.53203,4.61026,2.181e-04,0.570,0.128,19461
1982,4.55582,4.61026,2.178e-04,0.548,0.120,19542
1983,4.73879,4.61026,2.175e-04,0.716,0.169,19522
1984,4.39021,4.61026,2.172e-04,0.537,0.124,19480
1985,4.76276,4.61026,2.170e-04,0.553,0.125,19507
1986,4.52507,4.61026,2.167e-04,0.524,0.116,19536
1987,4.39660,4.61026,2.164e-04,0.528,0.117,19512
1988,4.47585,4.61026,2.161e-04,0.538,0.119,19502
1989,4.71435,4.61026,2.159e-04,0.638,0.155,19523
1990,4.39301,4.61026,2.156e-04,0.533,0.121,19518
1991,4.66481,4.61026,2.153e-04,0.536,0.116,19477
1992,4.49345,4.61026,2.150e-04,0.622,0.173,19540
1993,4.69703,4.61026,2.148e-04,0.558,0.122,19528
1994,4.57700,4.61026,2.145e-04,0.540,0.120,19487
1995,4.68631,4.61026,2.142e-04,0.521,0.113,19544
1996,4.55336,4.61026,2.139e-04,0.552,0.135,19517
1997,4.63467,4.61026,2.137e-04,0.538,0.120,19459
1998,4.73678,4.61026,2.134e-04,0.569,0.130,19531
1999,4.41166,4.61026,2.131e-04,0.554,0.128,19514
2000,4.52840,4.49273,2.129e-04,0.580,0.139,6088
2001,4.72670,4.49273,2.126e-04,0.567,0.124,19831
2002,4.49857,4.49273,2.123e-04,0.526,0.118,19478
2003,4.60799,4.49273,2.120e-04,0.558,0.121,19518
2004,4.54339,4.49273,2.118e-04,0.536,0.126,19525
2005,4.54899,4.49273,2.115e-04,0.545,0.125,19476
2006,4.52188,4.49273,2.112e-04,0.584,0.150,19564
2007,4.42243,4.49273,2.109e-04,0.559,0.143,19521
2008,4.56949,4.49273,2.107e-04,0.596,0.141,19471
2009,4.59342,4.49273,2.104e-04,0.563,0.130,19527
2010,4.62801,4.49273,2.101e-04,0.536,0.117,19541
2011,4.54411,4.49273,2.099e-04,0.531,0.125,19461
2012,4.83948,4.49273,2.096e-04,0.526,0.114,19484
2013,4.54221,4.49273,2.093e-04,0.529,0.128,19534
2014,4.51641,4.49273,2.090e-04,0.556,0.115,19512
2015,4.58479,4.49273,2.088e-04,0.536,0.116,19480
2016,4.27562,4.49273,2.085e-04,0.559,0.125,19540
2017,4.48274,4.49273,2.082e-04,0.559,0.132,19511
2018,4.21438,4.49273,2.080e-04,0.606,0.147,19472
2019,4.50962,4.49273,2.077e-04,0.541,0.119,19523
2020,4.48623,4.49273,2.074e-04,0.593,0.151,19546
2021,4.68489,4.49273,2.072e-04,0.525,0.117,19483
2022,4.47307,4.49273,2.069e-04,0.582,0.140,19571
2023,4.55958,4.49273,2.066e-04,0.527,0.118,19533
2024,4.53275,4.49273,2.063e-04,0.550,0.125,19451
2025,4.59190,4.49273,2.061e-04,0.555,0.125,19544
2026,4.57702,4.49273,2.058e-04,0.588,0.137,19536
2027,4.70199,4.49273,2.055e-04,0.539,0.135,19457
2028,4.67479,4.49273,2.053e-04,0.526,0.114,19543
2029,4.98554,4.49273,2.050e-04,0.574,0.134,19511
2030,4.66417,4.49273,2.047e-04,0.578,0.139,19451
2031,4.55607,4.49273,2.045e-04,0.540,0.122,19547
2032,4.70703,4.49273,2.042e-04,0.561,0.130,19521
2033,4.52611,4.49273,2.039e-04,0.526,0.111,19437
2034,4.70556,4.49273,2.037e-04,0.567,0.136,19481
2035,4.83520,4.49273,2.034e-04,0.559,0.130,19508
2036,4.34615,4.49273,2.031e-04,0.549,0.138,19479
2037,4.54947,4.49273,2.029e-04,0.561,0.128,19521
2038,4.36730,4.49273,2.026e-04,0.559,0.117,19524
2039,4.57708,4.49273,2.023e-04,0.567,0.138,19499
2040,4.66145,4.49273,2.021e-04,0.581,0.130,19499
2041,4.66022,4.49273,2.018e-04,0.587,0.124,19538
2042,4.47196,4.49273,2.015e-04,0.549,0.142,19472
2043,4.57825,4.49273,2.013e-04,0.533,0.116,19508
2044,4.48910,4.49273,2.010e-04,0.562,0.121,19530
2045,4.55156,4.49273,2.007e-04,0.526,0.125,19484
2046,4.61253,4.49273,2.005e-04,0.578,0.138,19462
2047,4.79086,4.49273,2.002e-04,0.541,0.124,19540
2048,4.24728,4.49273,1.999e-04,0.538,0.130,19516
2049,4.41587,4.49273,1.997e-04,0.550,0.132,19462
2050,4.55904,4.49273,1.994e-04,0.562,0.123,19518
2051,4.61214,4.49273,1.991e-04,0.548,0.119,19536
2052,4.80400,4.49273,1.989e-04,0.547,0.131,19465
2053,4.54225,4.49273,1.986e-04,0.599,0.142,19544
2054,4.55849,4.49273,1.983e-04,0.515,0.113,19541
2055,4.69225,4.49273,1.981e-04,0.525,0.117,19456
2056,4.65446,4.49273,1.978e-04,0.573,0.127,19514
2057,4.61013,4.49273,1.975e-04,0.547,0.124,19509
2058,4.58485,4.49273,1.973e-04,0.598,0.149,19466
2059,4.73250,4.49273,1.970e-04,0.567,0.141,19534
2060,4.58545,4.49273,1.968e-04,0.530,0.124,19539
2061,4.67967,4.49273,1.965e-04,0.558,0.120,19468
2062,4.59524,4.49273,1.962e-04,0.548,0.117,19474
2063,4.56486,4.49273,1.960e-04,0.563,0.136,19528
2064,4.92547,4.49273,1.957e-04,0.562,0.126,19512
2065,4.46698,4.49273,1.954e-04,0.570,0.130,19473
2066,4.41613,4.49273,1.952e-04,0.573,0.123,19518
2067,4.43834,4.49273,1.949e-04,0.520,0.115,19512
2068,4.70985,4.49273,1.947e-04,0.534,0.124,19484
2069,4.73450,4.49273,1.944e-04,0.573,0.125,19523
2070,4.52315,4.49273,1.941e-04,0.544,0.127,19497
2071,4.37424,4.49273,1.939e-04,0.599,0.151,19438
2072,4.25760,4.49273,1.936e-04,0.538,0.126,19532
2073,4.52502,4.49273,1.933e-04,0.567,0.125,19534
2074,4.64860,4.49273,1.931e-04,0.571,0.126,19449
2075,4.67024,4.49273,1.928e-04,0.541,0.118,19498
2076,4.45602,4.49273,1.926e-04,0.565,0.132,19564
2077,4.54697,4.49273,1.923e-04,0.569,0.136,19466
2078,4.51693,4.49273,1.920e-04,0.541,0.126,19526
2079,4.76247,4.49273,1.918e-04,0.552,0.121,19533
2080,4.38374,4.49273,1.915e-04,0.510,0.119,19465
2081,4.62280,4.49273,1.913e-04,0.544,0.124,19519
2082,4.56835,4.49273,1.910e-04,0.567,0.129,19538
2083,4.55837,4.49273,1.907e-04,0.517,0.115,19475
2084,4.64940,4.49273,1.905e-04,0.563,0.125,19505
2085,4.55034,4.49273,1.902e-04,0.588,0.143,19528
2086,4.65150,4.49273,1.900e-04,0.554,0.121,19509
2087,4.71452,4.49273,1.897e-04,0.590,0.148,19477
2088,4.47634,4.49273,1.894e-04,0.566,0.132,19510
2089,4.65469,4.49273,1.892e-04,0.602,0.136,19496
2090,4.61762,4.49273,1.889e-04,0.555,0.122,19514
2091,4.55639,4.49273,1.887e-04,0.524,0.117,19527
2092,4.32198,4.49273,1.884e-04,0.551,0.130,19518
2093,4.66454,4.49273,1.882e-04,0.566,0.137,19482
2094,4.67192,4.49273,1.879e-04,0.542,0.119,19512
2095,4.76277,4.49273,1.876e-04,0.653,0.126,19528
2096,4.48830,4.49273,1.874e-04,0.536,0.117,19484
2097,4.67651,4.49273,1.871e-04,0.575,0.142,19520
2098,4.63509,4.49273,1.869e-04,0.551,0.116,19530
2099,4.34328,4.49273,1.866e-04,0.563,0.119,19460
2100,4.57542,4.49273,1.864e-04,0.590,0.138,19527
2101,4.53181,4.49273,1.861e-04,0.545,0.113,19502
2102,4.46043,4.49273,1.858e-04,0.575,0.120,19470
2103,4.35726,4.49273,1.856e-04,0.598,0.131,19558
2104,4.34412,4.49273,1.853e-04,0.577,0.116,19558
2105,4.62264,4.49273,1.851e-04,0.558,0.120,19458
2106,4.67145,4.49273,1.848e-04,0.544,0.119,19535
2107,4.47415,4.49273,1.846e-04,0.602,0.134,19515
2108,4.57445,4.49273,1.843e-04,0.568,0.128,19474
2109,4.64272,4.49273,1.841e-04,0.546,0.120,19516
2110,4.75704,4.49273,1.838e-04,0.572,0.134,19542
2111,4.84420,4.49273,1.835e-04,0.526,0.115,19479
2112,4.30968,4.49273,1.833e-04,0.579,0.140,19502
2113,4.73186,4.49273,1.830e-04,0.544,0.110,19530
2114,4.50553,4.49273,1.828e-04,0.539,0.125,19509
2115,4.55430,4.49273,1.825e-04,0.526,0.117,19503
2116,4.52913,4.49273,1.823e-04,0.538,0.113,19548
2117,4.52443,4.49273,1.820e-04,0.532,0.115,19514
2118,4.53300,4.49273,1.818e-04,0.588,0.127,19464
2119,4.65497,4.49273,1.815e-04,0.573,0.120,19530
2120,4.48118,4.49273,1.813e-04,0.578,0.126,19505
2121,4.41721,4.49273,1.810e-04,0.563,0.122,19461
2122,4.45013,4.49273,1.808e-04,0.560,0.123,19527
2123,4.59205,4.49273,1.805e-04,0.549,0.124,19530
2124,4.49955,4.49273,1.802e-04,0.558,0.134,19460
2125,4.54278,4.49273,1.800e-04,0.542,0.117,19552
2126,4.63663,4.49273,1.797e-04,0.527,0.110,19515
2127,4.70920,4.49273,1.795e-04,0.573,0.123,19473
2128,4.67200,4.49273,1.792e-04,0.552,0.121,19544
2129,4.45218,4.49273,1.790e-04,0.582,0.123,19503
2130,4.52565,4.49273,1.787e-04,0.578,0.125,19476
2131,4.54831,4.49273,1.785e-04,0.550,0.115,19533
2132,4.38748,4.49273,1.782e-04,0.565,0.127,19543
2133,4.43835,4.49273,1.780e-04,0.606,0.149,19451
2134,4.51471,4.49273,1.777e-04,0.540,0.118,19508
2135,4.53131,4.49273,1.775e-04,0.558,0.134,19528
2136,4.49076,4.49273,1.772e-04,0.580,0.130,19480
2137,4.60444,4.49273,1.770e-04,0.630,0.146,19505
2138,4.73161,4.49273,1.767e-04,0.531,0.126,19509
2139,4.45247,4.49273,1.765e-04,0.571,0.133,19508
2140,4.39661,4.49273,1.762e-04,0.594,0.139,19507
2141,4.60265,4.49273,1.760e-04,0.575,0.129,19523
2142,4.48494,4.49273,1.757e-04,0.555,0.114,19497
2143,4.62031,4.49273,1.755e-04,0.558,0.121,19494
2144,4.20402,4.49273,1.752e-04,0.564,0.123,19538
2145,4.32530,4.49273,1.750e-04,0.601,0.140,19530
2146,4.48029,4.49273,1.747e-04,0.529,0.114,19458
2147,4.32963,4.49273,1.745e-04,0.615,0.172,19519
2148,4.43286,4.49273,1.743e-04,0.607,0.147,19493
2149,4.47652,4.49273,1.740e-04,0.577,0.144,19467
2150,4.23175,4.49273,1.738e-04,0.651,0.186,19530
2151,4.63593,4.49273,1.735e-04,0.594,0.128,19529
2152,4.43197,4.49273,1.733e-04,0.605,0.142,19479
2153,4.50092,4.49273,1.730e-04,0.586,0.124,19536
2154,4.63920,4.49273,1.728e-04,0.586,0.134,19518
2155,4.61114,4.49273,1.725e-04,0.595,0.138,19475
2156,4.50304,4.49273,1.723e-04,0.556,0.120,19513
2157,4.38820,4.49273,1.720e-04,0.612,0.156,19554
2158,4.48560,4.49273,1.718e-04,0.554,0.120,19473
2159,4.34997,4.49273,1.715e-04,0.602,0.156,19532
2160,4.57967,4.49273,1.713e-04,0.555,0.129,19545
2161,4.54018,4.49273,1.711e-04,0.613,0.133,19478
2162,4.40942,4.49273,1.708e-04,0.594,0.161,19518
2163,4.26824,4.49273,1.706e-04,0.544,0.115,19558
2164,4.76758,4.49273,1.703e-04,0.610,0.135,19490
2165,4.50669,4.49273,1.701e-04,0.578,0.122,19469
2166,4.42553,4.49273,1.698e-04,0.550,0.127,19520
2167,4.42805,4.49273,1.696e-04,0.582,0.147,19541
2168,4.38522,4.49273,1.693e-04,0.531,0.111,19503
2169,4.43371,4.49273,1.691e-04,0.562,0.132,19524
2170,4.45433,4.49273,1.689e-04,0.537,0.107,19508
2171,4.33627,4.49273,1.686e-04,0.516,0.111,19485
2172,4.66027,4.49273,1.684e-04,0.541,0.114,19551
2173,4.41947,4.49273,1.681e-04,0.553,0.125,19514
2174,4.40667,4.49273,1.679e-04,0.557,0.120,19484
2175,4.52059,4.49273,1.676e-04,0.530,0.110,19514
2176,4.36772,4.49273,1.674e-04,0.555,0.123,19521
2177,4.57095,4.49273,1.672e-04,0.542,0.114,19484
2178,4.50565,4.49273,1.669e-04,0.555,0.122,19556
2179,4.38381,4.49273,1.667e-04,0.548,0.127,19529
2180,4.42995,4.49273,1.664e-04,0.604,0.156,19453
2181,4.69888,4.49273,1.662e-04,0.554,0.114,19522
2182,4.53198,4.49273,1.660e-04,0.591,0.140,19525
2183,4.45302,4.49273,1.657e-04,0.563,0.131,19468
2184,4.63664,4.49273,1.655e-04,0.551,0.115,19545
2185,4.48211,4.49273,1.652e-04,0.537,0.114,19540
2186,4.36944,4.49273,1.650e-04,0.559,0.128,19472
2187,4.57846,4.49273,1.648e-04,0.562,0.120,19494
2188,4.38680,4.49273,1.645e-04,0.541,0.118,19541
2189,4.70112,4.49273,1.643e-04,0.628,0.158,19500
2190,4.64905,4.49273,1.640e-04,0.593,0.127,19506
2191,4.48111,4.49273,1.638e-04,0.565,0.124,19544
2192,4.32266,4.49273,1.636e-04,0.561,0.125,19526
2193,4.51904,4.49273,1.633e-04,0.536,0.111,19506
2194,4.54282,4.49273,1.631e-04,0.579,0.125,19522
2195,4.38335,4.49273,1.628e-04,0.608,0.133,19540
2196,4.66582,4.49273,1.626e-04,0.579,0.120,19478
2197,4.62024,4.49273,1.624e-04,0.577,0.125,19523
2198,4.60347,4.49273,1.621e-04,0.571,0.120,19522
2199,4.62322,4.49273,1.619e-04,0.579,0.131,19470
2200,4.49379,4.49273,1.617e-04,0.559,0.130,19536
2201,4.29366,4.49273,1.614e-04,0.585,0.134,19526
2202,4.56714,4.49273,1.612e-04,0.584,0.143,19466
2203,4.41845,4.49273,1.609e-04,0.548,0.118,19517
2204,4.64555,4.49273,1.607e-04,0.561,0.124,19536
2205,4.49061,4.49273,1.605e-04,0.596,0.136,19498
2206,4.57542,4.49273,1.602e-04,0.576,0.130,19501
2207,4.51546,4.49273,1.600e-04,0.602,0.154,19535
2208,4.50105,4.49273,1.598e-04,0.549,0.113,19492
2209,4.41346,4.49273,1.595e-04,0.681,0.187,19538
2210,4.41474,4.49273,1.593e-04,0.569,0.131,19561
2211,4.49297,4.49273,1.591e-04,0.585,0.130,19505
2212,4.53936,4.49273,1.588e-04,0.574,0.136,19502
2213,4.55679,4.49273,1.586e-04,0.530,0.118,19534
2214,4.67367,4.49273,1.584e-04,0.552,0.116,19473
2215,4.41892,4.49273,1.581e-04,0.577,0.128,19490
2216,4.12202,4.49273,1.579e-04,0.584,0.135,19512
2217,4.43255,4.49273,1.577e-04,0.563,0.120,19501
2218,4.35132,4.49273,1.574e-04,0.582,0.144,19478
2219,4.64238,4.49273,1.572e-04,0.549,0.112,19555
2220,4.36098,4.49273,1.570e-04,0.556,0.129,19488
2221,4.54538,4.49273,1.567e-04,0.565,0.131,19462
2222,4.43762,4.49273,1.565e-04,0.548,0.109,19541
2223,4.51509,4.49273,1.563e-04,0.593,0.127,19496
2224,4.51207,4.49273,1.560e-04,0.635,0.153,19446
2225,4.35820,4.49273,1.558e-04,0.552,0.126,19561
2226,4.38278,4.49273,1.556e-04,0.607,0.152,19544
2227,4.54917,4.49273,1.553e-04,0.597,0.130,19469
2228,4.49265,4.49273,1.551e-04,0.542,0.116,19517
2229,4.70388,4.49273,1.549e-04,0.657,0.157,19528
2230,4.61698,4.49273,1.546e-04,0.577,0.133,19465
2231,4.48015,4.49273,1.544e-04,0.561,0.123,19529
2232,4.63100,4.49273,1.542e-04,0.575,0.137,19538
2233,4.39742,4.49273,1.540e-04,0.579,0.137,19456
2234,4.57591,4.49273,1.537e-04,0.590,0.140,19539
2235,4.66235,4.49273,1.535e-04,0.576,0.140,19526
2236,4.61580,4.49273,1.533e-04,0.540,0.110,19473
2237,4.57548,4.49273,1.530e-04,0.568,0.133,19536
2238,4.41107,4.49273,1.528e-04,0.562,0.121,19512
2239,4.35920,4.49273,1.526e-04,0.600,0.133,19463
2240,4.26323,4.49273,1.524e-04,0.544,0.112,19510
2241,4.45159,4.49273,1.521e-04,0.571,0.128,19515
2242,4.76051,4.49273,1.519e-04,0.564,0.121,19510
2243,4.40712,4.49273,1.517e-04,0.545,0.116,19489
2244,4.40647,4.49273,1.514e-04,0.605,0.132,19527
2245,4.35371,4.49273,1.512e-04,0.532,0.110,19508
2246,4.58159,4.49273,1.510e-04,0.533,0.111,19466
2247,4.26879,4.49273,1.508e-04,0.569,0.121,19546
2248,4.74080,4.49273,1.505e-04,0.605,0.127,19533
2249,4.57647,4.49273,1.503e-04,0.576,0.127,19465
2250,4.75504,4.39309,1.501e-04,0.571,0.115,6094
2251,4.42135,4.39309,1.499e-04,0.591,0.130,19749
2252,4.43029,4.39309,1.496e-04,0.590,0.123,19535
2253,4.58636,4.39309,1.494e-04,0.566,0.126,19530
2254,4.35873,4.39309,1.492e-04,0.575,0.121,19437
2255,4.50902,4.39309,1.490e-04,0.604,0.145,19514
2256,4.53746,4.39309,1.487e-04,0.575,0.128,19522
2257,4.56319,4.39309,1.485e-04,0.566,0.124,19484
2258,4.71273,4.39309,1.483e-04,0.588,0.134,19531
2259,4.59924,4.39309,1.481e-04,0.595,0.132,19524
2260,4.50257,4.39309,1.478e-04,0.602,0.138,19482
2261,4.65229,4.39309,1.476e-04,0.598,0.147,19506
2262,4.40375,4.39309,1.474e-04,0.595,0.147,19518
2263,4.29622,4.39309,1.472e-04,0.586,0.142,19489
2264,4.64432,4.39309,1.469e-04,0.589,0.127,19528
2265,4.50842,4.39309,1.467e-04,0.592,0.130,19524
2266,4.48505,4.39309,1.465e-04,0.622,0.150,19500
2267,4.39871,4.39309,1.463e-04,0.588,0.134,19513
2268,4.44056,4.39309,1.461e-04,0.559,0.126,19535
2269,4.56683,4.39309,1.458e-04,0.580,0.123,19506
2270,4.52804,4.39309,1.456e-04,0.561,0.119,19473
2271,4.58257,4.39309,1.454e-04,0.562,0.125,19516
2272,4.40070,4.39309,1.452e-04,0.578,0.118,19533
2273,4.48381,4.39309,1.450e-04,0.545,0.119,19491
2274,4.40676,4.39309,1.447e-04,0.562,0.121,19534
2275,4.47101,4.39309,1.445e-04,0.542,0.110,19551
2276,4.46611,4.39309,1.443e-04,0.573,0.123,19465
2277,4.67435,4.39309,1.441e-04,0.561,0.125,19506
2278,4.22461,4.39309,1.439e-04,0.584,0.132,19501
2279,4.63280,4.39309,1.436e-04,0.542,0.118,19471
2280,4.63305,4.39309,1.434e-04,0.568,0.121,19551
2281,4.40588,4.39309,1.432e-04,0.550,0.118,19529
2282,4.67078,4.39309,1.430e-04,0.562,0.121,19463
2283,4.32415,4.39309,1.428e-04,0.559,0.122,19519
2284,4.53521,4.39309,1.425e-04,0.595,0.139,19513
2285,4.34507,4.39309,1.423e-04,0.562,0.117,19462
2286,4.59486,4.39309,1.421e-04,0.539,0.115,19536
2287,4.48243,4.39309,1.419e-04,0.560,0.128,19517
2288,4.49419,4.39309,1.417e-04,0.536,0.118,19501
2289,4.22763,4.39309,1.415e-04,0.555,0.118,19519
2290,4.46309,4.39309,1.412e-04,0.578,0.136,19519
2291,4.45077,4.39309,1.410e-04,0.541,0.110,19499
2292,4.54842,4.39309,1.408e-04,0.577,0.125,19499
2293,4.40612,4.39309,1.406e-04,0.562,0.133,19515
2294,4.38562,4.39309,1.404e-04,0.552,0.108,19503
2295,4.55099,4.39309,1.402e-04,0.594,0.133,19475
2296,4.41317,4.39309,1.399e-04,0.543,0.110,19543
2297,4.34645,4.39309,1.397e-04,0.560,0.121,19513
2298,4.53500,4.39309,1.395e-04,0.610,0.137,19505
2299,4.76539,4.39309,1.393e-04,0.535,0.111,19498
2300,4.44935,4.39309,1.391e-04,0.548,0.119,19553
2301,4.39596,4.39309,1.389e-04,0.615,0.144,19435
2302,4.66104,4.39309,1.387e-04,0.533,0.115,19530
2303,4.46080,4.39309,1.384e-04,0.566,0.143,19548
2304,4.78927,4.39309,1.382e-04,0.596,0.129,19466
2305,4.35291,4.39309,1.380e-04,0.549,0.122,19548
2306,4.31140,4.39309,1.378e-04,0.554,0.121,19535
2307,4.42601,4.39309,1.376e-04,0.550,0.122,19475
2308,4.43017,4.39309,1.374e-04,0.527,0.106,19563
2309,4.64057,4.39309,1.372e-04,0.554,0.118,19536
2310,4.27118,4.39309,1.370e-04,0.576,0.144,19474
2311,4.69800,4.39309,1.367e-04,0.568,0.118,19540
2312,4.45991,4.39309,1.365e-04,0.565,0.123,19539
2313,4.48925,4.39309,1.363e-04,0.551,0.114,19471
2314,4.47595,4.39309,1.361e-04,0.537,0.122,19505
2315,4.33649,4.39309,1.359e-04,0.630,0.145,19538
2316,4.46687,4.39309,1.357e-04,0.562,0.116,19490
2317,4.51568,4.39309,1.355e-04,0.535,0.111,19517
2318,4.69468,4.39309,1.353e-04,0.554,0.120,19527
2319,4.49670,4.39309,1.351e-04,0.609,0.131,19514
2320,4.56141,4.39309,1.348e-04,0.534,0.110,19500
2321,4.66761,4.39309,1.346e-04,0.608,0.163,19516
2322,4.51616,4.39309,1.344e-04,0.563,0.114,19521
2323,4.40085,4.39309,1.342e-04,0.561,0.126,19487
2324,4.51056,4.39309,1.340e-04,0.584,0.127,19559
2325,4.55019,4.39309,1.338e-04,0.573,0.124,19488
2326,4.39157,4.39309,1.336e-04,0.563,0.116,19487
2327,4.16099,4.39309,1.334e-04,0.600,0.126,19538
2328,4.68588,4.39309,1.332e-04,0.595,0.129,19529
2329,4.61546,4.39309,1.330e-04,0.551,0.109,19486
2330,4.58326,4.39309,1.328e-04,0.571,0.118,19554
2331,4.52883,4.39309,1.326e-04,0.573,0.118,19541
2332,4.63749,4.39309,1.324e-04,0.534,0.110,19459
2333,4.32820,4.39309,1.321e-04,0.572,0.117,19549
2334,4.51507,4.39309,1.319e-04,0.587,0.122,19522
2335,4.27382,4.39309,1.317e-04,0.548,0.120,19476
2336,4.53696,4.39309,1.315e-04,0.578,0.121,19534
2337,4.49415,4.39309,1.313e-04,0.580,0.118,19538
2338,4.73822,4.39309,1.311e-04,0.572,0.117,19446
2339,4.34130,4.39309,1.309e-04,0.571,0.118,19533
2340,4.55209,4.39309,1.307e-04,0.559,0.115,19505
2341,4.51639,4.39309,1.305e-04,0.561,0.122,19492
2342,4.56689,4.39309,1.303e-04,0.597,0.131,19518
2343,4.63696,4.39309,1.301e-04,0.561,0.123,19533
2344,4.54606,4.39309,1.299e-04,0.573,0.115,19480
2345,4.46622,4.39309,1.297e-04,0.572,0.124,19482
2346,4.36809,4.39309,1.295e-04,0.591,0.131,19560
2347,4.36742,4.39309,1.293e-04,0.616,0.149,19511
2348,4.61731,4.39309,1.291e-04,0.557,0.112,19467
2349,4.64218,4.39309,1.289e-04,0.550,0.109,19552
2350,4.42562,4.39309,1.287e-04,0.583,0.126,19524
2351,4.54798,4.39309,1.285e-04,0.589,0.133,19500
2352,4.46499,4.39309,1.283e-04,0.553,0.119,19533
2353,4.25149,4.39309,1.281e-04,0.633,0.162,19520
2354,4.35453,4.39309,1.279e-04,0.576,0.120,19466
2355,4.43561,4.39309,1.277e-04,0.584,0.132,19538
2356,4.30523,4.39309,1.275e-04,0.555,0.116,19523
2357,4.44948,4.39309,1.273e-04,0.543,0.113,19457
2358,4.50136,4.39309,1.271e-04,0.550,0.116,19533
2359,4.37784,4.39309,1.269e-04,0.588,0.129,19531
2360,4.33616,4.39309,1.267e-04,0.599,0.131,19446
2361,4.51291,4.39309,1.265e-04,0.549,0.112,19528
2362,4.49076,4.39309,1.263e-04,0.538,0.112,19534
2363,4.44974,4.39309,1.261e-04,0.534,0.105,19483
2364,4.34280,4.39309,1.259e-04,0.534,0.108,19539
2365,4.29359,4.39309,1.257e-04,0.563,0.117,19562
2366,4.31123,4.39309,1.255e-04,0.540,0.112,19486
2367,4.33813,4.39309,1.253e-04,0.538,0.108,19552
2368,4.49172,4.39309,1.251e-04,0.542,0.108,19561
2369,4.56569,4.39309,1.249e-04,0.556,0.131,19467
2370,4.48835,4.39309,1.247e-04,0.546,0.112,19516
2371,4.40256,4.39309,1.245e-04,0.550,0.121,19542
2372,4.34394,4.39309,1.243e-04,0.546,0.119,19513
2373,4.41371,4.39309,1.241e-04,0.555,0.126,19520
2374,4.45251,4.39309,1.239e-04,0.554,0.115,19528
2375,4.34382,4.39309,1.237e-04,0.679,0.138,19527
2376,4.30648,4.39309,1.235e-04,0.577,0.130,19467
2377,4.71740,4.39309,1.233e-04,0.554,0.125,19547
2378,4.86996,4.39309,1.231e-04,0.589,0.125,19511
2379,4.36536,4.39309,1.229e-04,0.564,0.125,19474
2380,4.65331,4.39309,1.227e-04,0.556,0.117,19556
2381,4.58199,4.39309,1.225e-04,0.557,0.118,19553
2382,4.51162,4.39309,1.223e-04,0.559,0.116,19454
2383,4.54456,4.39309,1.222e-04,0.558,0.116,19515
2384,4.26875,4.39309,1.220e-04,0.564,0.118,19519
2385,4.35287,4.39309,1.218e-04,0.539,0.108,19459
2386,4.44949,4.39309,1.216e-04,0.615,0.138,19525
2387,4.45366,4.39309,1.214e-04,0.571,0.123,19537
2388,4.53959,4.39309,1.212e-04,0.581,0.126,19476
2389,4.36623,4.39309,1.210e-04,0.612,0.131,19518
2390,4.53972,4.39309,1.208e-04,0.538,0.113,19546
2391,4.31392,4.39309,1.206e-04,0.677,0.161,19501
2392,4.40500,4.39309,1.204e-04,0.552,0.117,19527
2393,4.35606,4.39309,1.202e-04,0.659,0.171,19546
2394,4.47953,4.39309,1.200e-04,0.532,0.112,19481
2395,4.53962,4.39309,1.199e-04,0.611,0.131,19529
2396,4.32014,4.39309,1.197e-04,0.589,0.120,19539
2397,4.39317,4.39309,1.195e-04,0.593,0.121,19496
2398,4.31360,4.39309,1.193e-04,0.608,0.120,19491
2399,4.47487,4.39309,1.191e-04,0.532,0.109,19531
2400,4.53814,4.39309,1.189e-04,0.586,0.121,19525
2401,4.40790,4.39309,1.187e-04,0.571,0.117,19486
2402,4.58521,4.39309,1.185e-04,0.552,0.114,19527
2403,4.42942,4.39309,1.183e-04,0.577,0.124,19536
2404,4.34560,4.39309,1.182e-04,0.559,0.114,19479
2405,4.60885,4.39309,1.180e-04,0.581,0.116,19527
2406,4.37589,4.39309,1.178e-04,0.611,0.139,19530
2407,4.43483,4.39309,1.176e-04,0.558,0.112,19477
2408,4.44635,4.39309,1.174e-04,0.540,0.112,19559
2409,4.28647,4.39309,1.172e-04,0.581,0.153,19563
2410,4.50961,4.39309,1.170e-04,0.540,0.109,19479
2411,4.22926,4.39309,1.168e-04,0.607,0.137,19541
2412,4.46416,4.39309,1.167e-04,0.563,0.123,19555
2413,4.63809,4.39309,1.165e-04,0.538,0.112,19486
2414,4.35249,4.39309,1.163e-04,0.658,0.161,19523
2415,4.53778,4.39309,1.161e-04,0.541,0.114,19520
2416,4.31278,4.39309,1.159e-04,0.570,0.117,19468
2417,4.33835,4.39309,1.157e-04,0.589,0.130,19537
2418,4.31903,4.39309,1.155e-04,0.599,0.136,19546
2419,4.49766,4.39309,1.154e-04,0.609,0.140,19490
2420,4.30364,4.39309,1.152e-04,0.622,0.157,19515
2421,4.37470,4.39309,1.150e-04,0.574,0.125,19512
2422,4.51355,4.39309,1.148e-04,0.559,0.108,19515
2423,4.38734,4.39309,1.146e-04,0.562,0.125,19509
2424,4.40786,4.39309,1.144e-04,0.593,0.135,19541
2425,4.28073,4.39309,1.143e-04,0.589,0.129,19533
2426,4.53032,4.39309,1.141e-04,0.608,0.127,19473
2427,4.37744,4.39309,1.139e-04,0.535,0.111,19537
2428,4.39904,4.39309,1.137e-04,0.562,0.119,19512
2429,4.65011,4.39309,1.135e-04,0.606,0.130,19486
2430,4.34303,4.39309,1.134e-04,0.537,0.109,19540
2431,4.41119,4.39309,1.132e-04,0.610,0.146,19512
2432,4.52748,4.39309,1.130e-04,0.565,0.122,19472
2433,4.32747,4.39309,1.128e-04,0.564,0.115,19535
2434,4.40218,4.39309,1.126e-04,0.599,0.158,19545
2435,4.31998,4.39309,1.125e-04,0.607,0.132,19438
2436,4.29895,4.39309,1.123e-04,0.610,0.124,19542
2437,4.72590,4.39309,1.121e-04,0.599,0.135,19541
2438,4.68450,4.39309,1.119e-04,0.617,0.171,19479
2439,4.40351,4.39309,1.117e-04,0.583,0.130,19525
2440,4.60752,4.39309,1.116e-04,0.618,0.140,19505
2441,4.40341,4.39309,1.114e-04,0.602,0.135,19442
2442,4.47961,4.39309,1.112e-04,0.575,0.128,19526
2443,4.47712,4.39309,1.110e-04,0.588,0.127,19500
2444,4.38304,4.39309,1.109e-04,0.645,0.148,19496
2445,4.67707,4.39309,1.107e-04,0.585,0.112,19514
2446,4.52148,4.39309,1.105e-04,0.603,0.125,19524
2447,4.50398,4.39309,1.103e-04,0.564,0.127,19490
2448,4.50802,4.39309,1.101e-04,0.567,0.111,19497
2449,4.26649,4.39309,1.100e-04,0.576,0.116,19536
2450,4.37742,4.39309,1.098e-04,0.577,0.109,19487
2451,4.49211,4.39309,1.096e-04,0.555,0.120,19477
2452,4.27776,4.39309,1.094e-04,0.591,0.143,19533
2453,4.26054,4.39309,1.093e-04,0.621,0.131,19504
2454,4.60676,4.39309,1.091e-04,0.565,0.117,19501
2455,4.42565,4.39309,1.089e-04,0.583,0.126,19518
2456,4.10429,4.39309,1.088e-04,0.623,0.125,19532
2457,4.32021,4.39309,1.086e-04,0.569,0.127,19482
2458,4.25207,4.39309,1.084e-04,0.567,0.110,19538
2459,4.15950,4.39309,1.082e-04,0.541,0.110,19542
2460,4.43563,4.39309,1.081e-04,0.592,0.119,19463
2461,4.65242,4.39309,1.079e-04,0.573,0.124,19491
2462,4.53108,4.39309,1.077e-04,0.555,0.119,19533
2463,4.29966,4.39309,1.075e-04,0.580,0.123,19459
2464,4.38257,4.39309,1.074e-04,0.561,0.113,19523
2465,4.47768,4.39309,1.072e-04,0.630,0.130,19542
2466,4.21365,4.39309,1.070e-04,0.586,0.134,19461
2467,4.51021,4.39309,1.069e-04,0.581,0.131,19521
2468,4.44228,4.39309,1.067e-04,0.665,0.150,19526
2469,4.42762,4.39309,1.065e-04,0.570,0.114,19464
2470,4.41475,4.39309,1.063e-04,0.560,0.117,19520
2471,4.49792,4.39309,1.062e-04,0.587,0.127,19529
2472,4.48897,4.39309,1.060e-04,0.585,0.134,19493
2473,4.51955,4.39309,1.058e-04,0.573,0.118,19502
2474,4.55508,4.39309,1.057e-04,0.599,0.127,19550
2475,4.35635,4.39309,1.055e-04,0.556,0.107,19495
2476,4.33904,4.39309,1.053e-04,0.568,0.120,19508
2477,4.63946,4.39309,1.052e-04,0.574,0.117,19529
2478,4.31165,4.39309,1.050e-04,0.569,0.118,19499
2479,4.38242,4.39309,1.048e-04,0.549,0.116,19482
2480,4.58696,4.39309,1.047e-04,0.571,0.111,19526
2481,4.44360,4.39309,1.045e-04,0.547,0.109,19502
2482,4.49788,4.39309,1.043e-04,0.557,0.113,19479
2483,4.49231,4.39309,1.042e-04,0.536,0.106,19543
2484,4.36979,4.39309,1.040e-04,0.575,0.115,19496
2485,4.26532,4.39309,1.038e-04,0.546,0.114,19469
2486,4.16796,4.39309,1.037e-04,0.574,0.119,19538
2487,4.53973,4.39309,1.035e-04,0.554,0.114,19509
2488,4.62453,4.39309,1.033e-04,0.594,0.120,19467
2489,4.60962,4.39309,1.032e-04,0.599,0.117,19517
2490,4.53836,4.39309,1.030e-04,0.576,0.114,19518
2491,4.47184,4.39309,1.028e-04,0.570,0.115,19449
2492,4.46026,4.39309,1.027e-04,0.606,0.122,19518
2493,4.33673,4.39309,1.025e-04,0.560,0.111,19543
2494,4.38444,4.39309,1.024e-04,0.533,0.106,19464
2495,4.59623,4.39309,1.022e-04,0.608,0.135,19540
2496,4.38497,4.39309,1.020e-04,0.583,0.126,19537
2497,4.20365,4.39309,1.019e-04,0.623,0.127,19491
2498,4.55464,4.39309,1.017e-04,0.611,0.124,19498
2499,4.48025,4.39309,1.015e-04,0.611,0.131,19532
2500,4.50493,4.32198,1.014e-04,0.583,0.115,6089
2501,4.44644,4.32198,1.012e-04,0.575,0.122,19842
2502,4.53289,4.32198,1.011e-04,0.571,0.114,19525
2503,4.36614,4.32198,1.009e-04,0.569,0.122,19480
2504,4.37016,4.32198,1.007e-04,0.546,0.110,19566
2505,4.53090,4.32198,1.006e-04,0.587,0.134,19502
2506,4.40476,4.32198,1.004e-04,0.594,0.128,19503
2507,4.69587,4.32198,1.003e-04,0.599,0.131,19515
2508,4.38166,4.32198,1.001e-04,0.585,0.126,19529
2509,4.60598,4.32198,9.995e-05,0.562,0.115,19475
2510,4.21159,4.32198,9.979e-05,0.575,0.121,19515
2511,4.40934,4.32198,9.963e-05,0.608,0.125,19536
2512,4.31514,4.32198,9.947e-05,0.567,0.122,19426
2513,4.38459,4.32198,9.931e-05,0.568,0.114,19499
2514,4.59710,4.32198,9.916e-05,0.553,0.109,19535
2515,4.36568,4.32198,9.900e-05,0.583,0.115,19469
2516,4.40277,4.32198,9.884e-05,0.600,0.137,19537
2517,4.37254,4.32198,9.869e-05,0.564,0.122,19548
2518,4.48435,4.32198,9.853e-05,0.594,0.132,19454
2519,4.38991,4.32198,9.837e-05,0.598,0.127,19521
2520,4.60473,4.32198,9.822e-05,0.591,0.127,19559
2521,4.50775,4.32198,9.806e-05,0.564,0.122,19475
2522,4.25305,4.32198,9.791e-05,0.607,0.129,19498
2523,4.61467,4.32198,9.775e-05,0.584,0.114,19540
2524,4.32514,4.32198,9.760e-05,0.597,0.129,19487
2525,4.45772,4.32198,9.745e-05,0.542,0.108,19529
2526,4.24005,4.32198,9.729e-05,0.563,0.114,19518
2527,4.39628,4.32198,9.714e-05,0.569,0.111,19511
2528,4.27828,4.32198,9.699e-05,0.527,0.111,19504
2529,4.18395,4.32198,9.683e-05,0.554,0.112,19541
2530,4.16699,4.32198,9.668e-05,0.573,0.118,19534
2531,4.49285,4.32198,9.653e-05,0.610,0.124,19509
2532,4.39659,4.32198,9.638e-05,0.585,0.118,19533
2533,4.34323,4.32198,9.622e-05,0.571,0.120,19542
2534,4.70277,4.32198,9.607e-05,0.574,0.111,19468
2535,4.48701,4.32198,9.592e-05,0.564,0.108,19547
2536,4.54199,4.32198,9.577e-05,0.557,0.116,19545
2537,4.29659,4.32198,9.562e-05,0.573,0.114,19491
2538,4.61265,4.32198,9.547e-05,0.558,0.112,19527
2539,4.47541,4.32198,9.532e-05,0.572,0.120,19549
2540,4.36098,4.32198,9.517e-05,0.611,0.128,19482
2541,4.23664,4.32198,9.502e-05,0.553,0.109,19509
2542,4.53900,4.32198,9.487e-05,0.571,0.112,19567
2543,4.51152,4.32198,9.472e-05,0.568,0.109,19486
2544,4.33666,4.32198,9.457e-05,0.575,0.114,19540
2545,4.41364,4.32198,9.443e-05,0.554,0.114,19544
2546,4.37958,4.32198,9.428e-05,0.543,0.107,19461
2547,4.42012,4.32198,9.413e-05,0.593,0.123,19509
2548,4.34325,4.32198,9.398e-05,0.566,0.110,19543
2549,4.36885,4.32198,9.384e-05,0.569,0.114,19490
2550,4.60060,4.32198,9.369e-05,0.583,0.125,19537
2551,4.41458,4.32198,9.354e-05,0.586,0.114,19554
2552,4.32014,4.32198,9.340e-05,0.657,0.127,19478
2553,4.55469,4.32198,9.325e-05,0.574,0.119,19513
2554,4.29067,4.32198,9.311e-05,0.561,0.113,19528
2555,4.38816,4.32198,9.296e-05,0.604,0.117,19500
2556,4.57464,4.32198,9.282e-05,0.602,0.118,19512
2557,4.36601,4.32198,9.267e-05,0.581,0.120,19557
2558,4.53530,4.32198,9.253e-05,0.588,0.119,19530
2559,4.37427,4.32198,9.238e-05,0.609,0.128,19458
2560,4.73683,4.32198,9.224e-05,0.606,0.121,19559
2561,4.22093,4.32198,9.210e-05,0.578,0.120,19524
2562,4.24287,4.32198,9.195e-05,0.579,0.113,19441
2563,4.43358,4.32198,9.181e-05,0.575,0.117,19572
2564,4.31289,4.32198,9.167e-05,0.587,0.121,19553
2565,4.35892,4.32198,9.153e-05,0.564,0.110,19447
2566,4.22757,4.32198,9.138e-05,0.555,0.112,19560
2567,4.35713,4.32198,9.124e-05,0.552,0.113,19536
2568,4.37211,4.32198,9.110e-05,0.571,0.119,19449
2569,4.43099,4.32198,9.096e-05,0.580,0.113,19540
2570,4.42642,4.32198,9.082e-05,0.603,0.122,19542
2571,4.38343,4.32198,9.068e-05,0.578,0.122,19479
2572,4.23104,4.32198,9.054e-05,0.571,0.113,19547
2573,4.54009,4.32198,9.040e-05,0.580,0.114,19569
2574,4.45312,4.32198,9.026e-05,0.592,0.120,19489
2575,4.44485,4.32198,9.012e-05,0.579,0.119,19520
2576,4.65890,4.32198,8.998e-05,0.594,0.120,19531
2577,4.22035,4.32198,8.984e-05,0.605,0.120,19488
2578,4.68234,4.32198,8.970e-05,0.575,0.107,19527
2579,4.52636,4.32198,8.957e-05,0.606,0.140,19557
2580,4.50783,4.32198,8.943e-05,0.631,0.138,19478
2581,4.56445,4.32198,8.929e-05,0.568,0.115,19484
2582,4.19452,4.32198,8.915e-05,0.645,0.146,19540
2583,4.46816,4.32198,8.902e-05,0.578,0.129,19506
2584,4.46598,4.32198,8.888e-05,0.616,0.130,19479
2585,4.55278,4.32198,8.874e-05,0.571,0.114,19536
2586,4.20331,4.32198,8.861e-05,0.654,0.140,19521
2587,4.43227,4.32198,8.847e-05,0.581,0.123,19478
2588,4.29721,4.32198,8.834e-05,0.562,0.114,19523
2589,4.26172,4.32198,8.820e-05,0.631,0.142,19546
2590,4.62649,4.32198,8.807e-05,0.619,0.122,19475
2591,4.65704,4.32198,8.793e-05,0.559,0.114,19511
2592,4.50929,4.32198,8.780e-05,0.608,0.125,19547
2593,4.49076,4.32198,8.767e-05,0.593,0.129,19482
2594,4.30167,4.32198,8.753e-05,0.579,0.123,19541
2595,4.36351,4.32198,8.740e-05,0.565,0.108,19544
2596,4.51430,4.32198,8.727e-05,0.562,0.117,19466
2597,4.46808,4.32198,8.713e-05,0.543,0.114,19543
2598,4.42294,4.32198,8.700e-05,0.585,0.115,19548
2599,4.28044,4.32198,8.687e-05,0.592,0.131,19466
2600,4.50351,4.32198,8.674e-05,0.550,0.108,19532
2601,4.26886,4.32198,8.661e-05,0.569,0.121,19573
2602,4.48126,4.32198,8.648e-05,0.566,0.117,19482
2603,4.29541,4.32198,8.635e-05,0.560,0.115,19538
2604,4.38643,4.32198,8.622e-05,0.593,0.122,19535
2605,4.38402,4.32198,8.609e-05,0.594,0.129,19500
2606,4.48217,4.32198,8.596e-05,0.596,0.117,19524
2607,4.30492,4.32198,8.583e-05,0.583,0.125,19534
2608,4.69939,4.32198,8.570e-05,0.559,0.110,19490
2609,4.41862,4.32198,8.557e-05,0.612,0.144,19513
2610,4.47033,4.32198,8.544e-05,0.641,0.128,19518
2611,4.02919,4.32198,8.531e-05,0.579,0.115,19528
2612,4.21938,4.32198,8.518e-05,0.591,0.125,19479
2613,4.15317,4.32198,8.506e-05,0.633,0.135,19542
2614,4.36240,4.32198,8.493e-05,0.610,0.139,19531
2615,4.33468,4.32198,8.480e-05,0.598,0.129,19482
2616,4.39207,4.32198,8.467e-05,0.593,0.123,19550
2617,4.10849,4.32198,8.455e-05,0.599,0.127,19532
2618,4.25835,4.32198,8.442e-05,0.641,0.129,19478
2619,4.43686,4.32198,8.430e-05,0.573,0.111,19523
2620,4.51922,4.32198,8.417e-05,0.569,0.113,19555
2621,4.39033,4.32198,8.405e-05,0.621,0.137,19480
2622,4.52789,4.32198,8.392e-05,0.585,0.116,19521
2623,4.14380,4.32198,8.380e-05,0.578,0.126,19544
2624,4.42816,4.32198,8.367e-05,0.630,0.138,19476
2625,4.28727,4.32198,8.355e-05,0.588,0.124,19531
2626,4.56957,4.32198,8.342e-05,0.548,0.107,19544
2627,4.39391,4.32198,8.330e-05,0.576,0.112,19472
2628,4.41058,4.32198,8.318e-05,0.587,0.124,19539
2629,4.72770,4.32198,8.306e-05,0.598,0.130,19538
2630,4.37574,4.32198,8.293e-05,0.577,0.109,19508
2631,4.34675,4.32198,8.281e-05,0.593,0.125,19533
2632,4.14022,4.32198,8.269e-05,0.557,0.112,19546
2633,4.41496,4.32198,8.257e-05,0.563,0.109,19488
2634,4.30008,4.32198,8.245e-05,0.616,0.114,19536
2635,4.44078,4.32198,8.233e-05,0.579,0.115,19513
2636,4.45137,4.32198,8.221e-05,0.573,0.116,19492
2637,4.40401,4.32198,8.209e-05,0.585,0.132,19483
2638,4.23959,4.32198,8.197e-05,0.583,0.118,19526
2639,4.28229,4.32198,8.185e-05,0.545,0.108,19512
2640,4.13279,4.32198,8.173e-05,0.609,0.126,19465
2641,4.54543,4.32198,8.161e-05,0.593,0.114,19535
2642,4.69773,4.32198,8.149e-05,0.563,0.117,19515
2643,4.65980,4.32198,8.137e-05,0.584,0.121,19485
2644,4.21437,4.32198,8.125e-05,0.611,0.127,19520
2645,4.22340,4.32198,8.114e-05,0.591,0.116,19535
2646,4.31861,4.32198,8.102e-05,0.557,0.109,19479
2647,4.51016,4.32198,8.090e-05,0.571,0.115,19547
2648,4.46083,4.32198,8.079e-05,0.605,0.127,19537
2649,4.54608,4.32198,8.067e-05,0.546,0.116,19454
2650,4.23392,4.32198,8.055e-05,0.597,0.128,19538
2651,4.41745,4.32198,8.044e-05,0.607,0.123,19532
2652,4.44703,4.32198,8.032e-05,0.614,0.126,19466
2653,4.42602,4.32198,8.021e-05,0.561,0.115,19520
2654,4.18012,4.32198,8.009e-05,0.573,0.117,19534
2655,4.41531,4.32198,7.998e-05,0.564,0.120,19465
2656,4.32392,4.32198,7.986e-05,0.651,0.149,19538
2657,4.44005,4.32198,7.975e-05,0.573,0.121,19562
2658,4.32715,4.32198,7.964e-05,0.569,0.111,19520
2659,4.10390,4.32198,7.952e-05,0.580,0.126,19506
2660,4.40351,4.32198,7.941e-05,0.586,0.130,19535
2661,4.44734,4.32198,7.930e-05,0.568,0.113,19501
2662,4.46626,4.32198,7.918e-05,0.584,0.117,19518
2663,4.22445,4.32198,7.907e-05,0.603,0.117,19533
2664,4.29472,4.32198,7.896e-05,0.610,0.124,19499
2665,4.39257,4.32198,7.885e-05,0.594,0.128,19468
2666,4.35990,4.32198,7.874e-05,0.598,0.123,19525
2667,4.41735,4.32198,7.863e-05,0.568,0.118,19544
2668,4.44855,4.32198,7.852e-05,0.567,0.108,19479
2669,4.14993,4.32198,7.841e-05,0.591,0.127,19541
2670,4.61909,4.32198,7.830e-05,0.625,0.130,19516
2671,4.33831,4.32198,7.819e-05,0.594,0.126,19469
2672,4.40099,4.32198,7.808e-05,0.561,0.121,19520
2673,4.54244,4.32198,7.797e-05,0.623,0.136,19509
2674,4.42186,4.32198,7.786e-05,0.612,0.125,19485
2675,4.10020,4.32198,7.775e-05,0.555,0.109,19505
2676,4.54846,4.32198,7.764e-05,0.623,0.129,19561
2677,4.29627,4.32198,7.754e-05,0.601,0.138,19465
2678,4.02790,4.32198,7.743e-05,0.590,0.124,19552
2679,4.56836,4.32198,7.732e-05,0.581,0.123,19515
2680,4.45554,4.32198,7.722e-05,0.621,0.140,19453
2681,4.41964,4.32198,7.711e-05,0.619,0.134,19497
2682,4.30532,4.32198,7.700e-05,0.583,0.119,19544
2683,4.49130,4.32198,7.690e-05,0.603,0.120,19474
2684,4.44680,4.32198,7.679e-05,0.696,0.165,19508
2685,4.23791,4.32198,7.669e-05,0.569,0.118,19546
2686,4.48179,4.32198,7.658e-05,0.542,0.108,19509
2687,4.47268,4.32198,7.648e-05,0.640,0.137,19474
2688,4.46123,4.32198,7.638e-05,0.591,0.119,19542
2689,4.34279,4.32198,7.627e-05,0.589,0.127,19516
2690,4.50933,4.32198,7.617e-05,0.571,0.122,19482
2691,4.34444,4.32198,7.606e-05,0.634,0.146,19525
2692,4.49967,4.32198,7.596e-05,0.563,0.109,19521
2693,4.36618,4.32198,7.586e-05,0.584,0.117,19464
2694,4.30542,4.32198,7.576e-05,0.587,0.124,19535
2695,4.42844,4.32198,7.566e-05,0.571,0.116,19524
2696,4.26242,4.32198,7.555e-05,0.630,0.124,19462
2697,4.48230,4.32198,7.545e-05,0.602,0.118,19542
2698,4.42007,4.32198,7.535e-05,0.566,0.117,19550
2699,4.38322,4.32198,7.525e-05,0.596,0.118,19486
2700,4.44123,4.32198,7.515e-05,0.595,0.118,19541
2701,4.33387,4.32198,7.505e-05,0.617,0.115,19541
2702,4.56885,4.32198,7.495e-05,0.588,0.114,19441
2703,4.29016,4.32198,7.485e-05,0.565,0.114,19505
2704,4.28140,4.32198,7.475e-05,0.593,0.120,19528
2705,4.39780,4.32198,7.466e-05,0.638,0.122,19462
2706,4.31955,4.32198,7.456e-05,0.594,0.130,19542
2707,4.34135,4.32198,7.446e-05,0.566,0.114,19482
2708,4.18371,4.32198,7.436e-05,0.560,0.111,19492
2709,4.30679,4.32198,7.426e-05,0.615,0.118,19493
2710,4.17650,4.32198,7.417e-05,0.615,0.138,19546
2711,4.29223,4.32198,7.407e-05,0.571,0.118,19499
2712,4.38733,4.32198,7.397e-05,0.586,0.113,19486
2713,4.44840,4.32198,7.388e-05,0.595,0.119,19524
2714,4.19450,4.32198,7.378e-05,0.565,0.112,19507
2715,4.49735,4.32198,7.369e-05,0.589,0.123,19490
2716,4.33986,4.32198,7.359e-05,0.569,0.120,19541
2717,4.38589,4.32198,7.350e-05,0.582,0.111,19522
2718,4.30346,4.32198,7.340e-05,0.568,0.112,19517
2719,4.14418,4.32198,7.331e-05,0.570,0.115,19518
2720,4.59099,4.32198,7.321e-05,0.577,0.109,19535
2721,4.46852,4.32198,7.312e-05,0.690,0.143,19450
2722,4.41940,4.32198,7.303e-05,0.553,0.107,19539
2723,4.47595,4.32198,7.294e-05,0.559,0.111,19519
2724,4.36966,4.32198,7.284e-05,0.584,0.116,19462
2725,4.52928,4.32198,7.275e-05,0.606,0.118,19521
2726,4.36077,4.32198,7.266e-05,0.591,0.121,19528
2727,4.42006,4.32198,7.257e-05,0.556,0.112,19471
2728,4.55135,4.32198,7.248e-05,0.551,0.108,19531
2729,4.37576,4.32198,7.239e-05,0.614,0.125,19549
2730,4.32452,4.32198,7.229e-05,0.576,0.121,19465
2731,4.44928,4.32198,7.220e-05,0.585,0.117,19524
2732,4.23466,4.32198,7.211e-05,0.568,0.110,19557
2733,4.48534,4.32198,7.203e-05,0.609,0.124,19482
2734,4.28330,4.32198,7.194e-05,0.543,0.106,19502
2735,4.38602,4.32198,7.185e-05,0.573,0.122,19556
2736,4.31252,4.32198,7.176e-05,0.629,0.122,19505
2737,4.25065,4.32198,7.167e-05,0.580,0.111,19518
2738,4.54802,4.32198,7.158e-05,0.566,0.112,19529
2739,4.25090,4.32198,7.149e-05,0.561,0.112,19488
2740,4.24855,4.32198,7.141e-05,0.601,0.131,19514
2741,4.44756,4.32198,7.132e-05,0.576,0.107,19535
2742,4.40247,4.32198,7.123e-05,0.596,0.124,19519
2743,4.44075,4.32198,7.115e-05,0.568,0.106,19494
2744,4.35611,4.32198,7.106e-05,0.581,0.120,19513
2745,4.19604,4.32198,7.098e-05,0.619,0.120,19516
2746,4.16781,4.32198,7.089e-05,0.602,0.123,19458
2747,4.50066,4.32198,7.081e-05,0.569,0.114,19547
2748,4.43813,4.32198,7.072e-05,0.583,0.111,19531
2749,4.22750,4.32198,7.064e-05,0.628,0.130,19479
2750,4.63511,4.27087,7.055e-05,0.586,0.111,6095
2751,4.42324,4.27087,7.047e-05,0.567,0.112,19748
2752,4.36245,4.27087,7.039e-05,0.543,0.108,19508
2753,4.66887,4.27087,7.030e-05,0.595,0.116,19528
2754,4.36595,4.27087,7.022e-05,0.541,0.105,19485
2755,4.32419,4.27087,7.014e-05,0.578,0.120,19557
2756,4.36329,4.27087,7.006e-05,0.579,0.123,19520
2757,4.56584,4.27087,6.997e-05,0.570,0.116,19489
2758,4.65659,4.27087,6.989e-05,0.588,0.109,19526
2759,4.54276,4.27087,6.981e-05,0.567,0.115,19528
2760,4.53659,4.27087,6.973e-05,0.599,0.123,19514
2761,4.49705,4.27087,6.965e-05,0.619,0.133,19473
2762,4.36185,4.27087,6.957e-05,0.565,0.115,19543
2763,4.40281,4.27087,6.949e-05,0.608,0.124,19494
2764,4.33534,4.27087,6.941e-05,0.549,0.108,19503
2765,4.24468,4.27087,6.933e-05,0.606,0.131,19519
2766,4.30294,4.27087,6.925e-05,0.576,0.113,19510
2767,4.35539,4.27087,6.917e-05,0.573,0.117,19467
2768,4.37546,4.27087,6.910e-05,0.637,0.129,19510
2769,4.49659,4.27087,6.902e-05,0.599,0.122,19531
2770,4.22199,4.27087,6.894e-05,0.571,0.113,19489
2771,4.37944,4.27087,6.886e-05,0.549,0.108,19545
2772,4.42547,4.27087,6.879e-05,0.576,0.120,19517
2773,4.26435,4.27087,6.871e-05,0.573,0.114,19495
2774,4.60251,4.27087,6.863e-05,0.583,0.115,19550
2775,4.29854,4.27087,6.856e-05,0.626,0.126,19536
2776,4.32996,4.27087,6.848e-05,0.555,0.108,19452
2777,4.49141,4.27087,6.841e-05,0.601,0.125,19537
2778,4.49516,4.27087,6.833e-05,0.600,0.123,19558
2779,4.32776,4.27087,6.826e-05,0.581,0.117,19492
2780,4.38332,4.27087,6.818e-05,0.606,0.115,19547
2781,4.49731,4.27087,6.811e-05,0.589,0.121,19535
2782,4.43402,4.27087,6.804e-05,0.591,0.118,19494
2783,4.61495,4.27087,6.796e-05,0.593,0.121,19549
2784,4.36718,4.27087,6.789e-05,0.573,0.121,19538
2785,4.37743,4.27087,6.782e-05,0.640,0.136,19487
2786,4.32845,4.27087,6.775e-05,0.610,0.116,19533
2787,4.29544,4.27087,6.767e-05,0.555,0.112,19512
2788,4.54252,4.27087,6.760e-05,0.587,0.113,19481
2789,4.36317,4.27087,6.753e-05,0.586,0.110,19488
2790,4.35269,4.27087,6.746e-05,0.563,0.107,19547
2791,4.17220,4.27087,6.739e-05,0.601,0.124,19502
2792,4.39373,4.27087,6.732e-05,0.586,0.121,19500
2793,4.57330,4.27087,6.725e-05,0.605,0.121,19553
2794,4.17897,4.27087,6.718e-05,0.584,0.112,19505
2795,4.23822,4.27087,6.711e-05,0.594,0.114,19476
2796,4.50384,4.27087,6.704e-05,0.572,0.114,19569
2797,4.42834,4.27087,6.697e-05,0.593,0.120,19520
2798,4.42958,4.27087,6.690e-05,0.572,0.110,19470
2799,4.40190,4.27087,6.684e-05,0.581,0.115,19529
2800,4.24275,4.27087,6.677e-05,0.621,0.128,19526
2801,4.25519,4.27087,6.670e-05,0.622,0.121,19463
2802,4.25565,4.27087,6.664e-05,0.586,0.118,19529
2803,4.30360,4.27087,6.657e-05,0.557,0.111,19546
2804,4.36410,4.27087,6.650e-05,0.589,0.113,19464
2805,4.20111,4.27087,6.644e-05,0.618,0.130,19524
2806,4.32573,4.27087,6.637e-05,0.580,0.112,19523
2807,4.37416,4.27087,6.631e-05,0.578,0.113,19474
2808,4.40176,4.27087,6.624e-05,0.596,0.118,19531
2809,4.39068,4.27087,6.618e-05,0.587,0.114,19530
2810,4.52589,4.27087,6.611e-05,0.583,0.114,19472
2811,4.20719,4.27087,6.605e-05,0.550,0.109,19503
2812,4.77315,4.27087,6.598e-05,0.579,0.111,19551
2813,4.59577,4.27087,6.592e-05,0.587,0.110,19468
2814,4.58509,4.27087,6.586e-05,0.587,0.112,19519
2815,4.61433,4.27087,6.580e-05,0.594,0.115,19530
2816,4.20981,4.27087,6.573e-05,0.599,0.119,19520
2817,4.52932,4.27087,6.567e-05,0.660,0.126,19519
2818,4.28136,4.27087,6.561e-05,0.589,0.120,19538
2819,4.47230,4.27087,6.555e-05,0.593,0.125,19516
2820,4.18500,4.27087,6.549e-05,0.598,0.125,19514
2821,4.26220,4.27087,6.543e-05,0.572,0.110,19491
2822,4.66562,4.27087,6.537e-05,0.593,0.121,19546
2823,4.37595,4.27087,6.531e-05,0.651,0.146,19486
2824,4.46701,4.27087,6.525e-05,0.616,0.130,19540
2825,4.38298,4.27087,6.519e-05,0.589,0.113,19557
2826,4.28289,4.27087,6.513e-05,0.690,0.152,19469
2827,4.33084,4.27087,6.507e-05,0.610,0.130,19558
2828,4.56230,4.27087,6.501e-05,0.627,0.130,19562
2829,4.46678,4.27087,6.495e-05,0.576,0.117,19489
2830,4.53110,4.27087,6.490e-05,0.592,0.126,19518
2831,4.51783,4.27087,6.484e-05,0.584,0.120,19519
2832,4.31671,4.27087,6.478e-05,0.635,0.142,19463
2833,4.31359,4.27087,6.473e-05,0.587,0.113,19550
2834,4.23550,4.27087,6.467e-05,0.618,0.133,19549
2835,4.29701,4.27087,6.461e-05,0.628,0.131,19451
2836,4.30730,4.27087,6.456e-05,0.620,0.118,19553
2837,4.48426,4.27087,6.450e-05,0.685,0.143,19560
2838,4.19797,4.27087,6.445e-05,0.567,0.110,19483
2839,4.28457,4.27087,6.439e-05,0.600,0.116,19537
2840,4.17531,4.27087,6.434e-05,0.567,0.114,19527
2841,4.45348,4.27087,6.429e-05,0.589,0.113,19490
2842,4.35150,4.27087,6.423e-05,0.596,0.121,19513
2843,4.33074,4.27087,6.418e-05,0.580,0.112,19561
2844,4.34402,4.27087,6.413e-05,0.585,0.124,19501
2845,4.45640,4.27087,6.407e-05,0.570,0.107,19493
2846,4.37515,4.27087,6.402e-05,0.553,0.106,19539
2847,4.43070,4.27087,6.397e-05,0.590,0.115,19506
2848,4.38085,4.27087,6.392e-05,0.578,0.112,19460
2849,4.41134,4.27087,6.387e-05,0.589,0.114,19559
2850,4.21703,4.27087,6.381e-05,0.606,0.116,19526
2851,4.37318,4.27087,6.376e-05,0.600,0.110,19483
2852,4.52492,4.27087,6.371e-05,0.589,0.117,19547
2853,4.56910,4.27087,6.366e-05,0.604,0.129,19547
2854,4.16308,4.27087,6.361e-05,0.591,0.121,19476
2855,4.52287,4.27087,6.357e-05,0.618,0.119,19539
2856,4.38515,4.27087,6.352e-05,0.626,0.124,19530
2857,4.29254,4.27087,6.347e-05,0.578,0.113,19478
2858,4.30781,4.27087,6.342e-05,0.575,0.111,19540
2859,4.37632,4.27087,6.337e-05,0.608,0.141,19540
2860,4.21145,4.27087,6.332e-05,0.589,0.118,19474
2861,4.46885,4.27087,6.328e-05,0.649,0.128,19546
2862,4.43804,4.27087,6.323e-05,0.598,0.121,19530
2863,4.23132,4.27087,6.318e-05,0.636,0.139,19484
2864,4.41718,4.27087,6.314e-05,0.579,0.117,19545
2865,4.48744,4.27087,6.309e-05,0.584,0.118,19559
2866,4.45084,4.27087,6.305e-05,0.588,0.125,19473
2867,4.31586,4.27087,6.300e-05,0.605,0.129,19506
2868,4.20477,4.27087,6.296e-05,0.567,0.111,19531
2869,4.46013,4.27087,6.291e-05,0.572,0.120,19503
2870,4.20985,4.27087,6.287e-05,0.644,0.141,19497
2871,4.47918,4.27087,6.282e-05,0.569,0.110,19546
2872,4.50748,4.27087,6.278e-05,0.623,0.119,19503
2873,4.16857,4.27087,6.274e-05,0.588,0.113,19489
2874,4.39183,4.27087,6.269e-05,0.635,0.147,19538
2875,4.38749,4.27087,6.265e-05,0.579,0.116,19539
2876,4.51931,4.27087,6.261e-05,0.583,0.114,19491
2877,4.70419,4.27087,6.257e-05,0.646,0.142,19527
2878,4.34854,4.27087,6.253e-05,0.589,0.127,19546
2879,4.28247,4.27087,6.248e-05,0.580,0.114,19497
2880,4.34696,4.27087,6.244e-05,0.605,0.123,19534
2881,4.50699,4.27087,6.240e-05,0.633,0.137,19544
2882,4.59408,4.27087,6.236e-05,0.551,0.110,19459
2883,4.35788,4.27087,6.232e-05,0.633,0.133,19531
2884,4.39323,4.27087,6.228e-05,0.622,0.128,19524
2885,4.51264,4.27087,6.224e-05,0.565,0.111,19484
2886,4.42097,4.27087,6.221e-05,0.596,0.121,19531
2887,4.29862,4.27087,6.217e-05,0.580,0.113,19545
2888,4.44074,4.27087,6.213e-05,0.623,0.135,19465
2889,4.47591,4.27087,6.209e-05,0.576,0.119,19517
2890,4.38909,4.27087,6.205e-05,0.564,0.110,19553
2891,4.35957,4.27087,6.202e-05,0.612,0.125,19476
2892,4.32047,4.27087,6.198e-05,0.569,0.117,19489
2893,4.36788,4.27087,6.194e-05,0.570,0.111,19543
2894,4.44922,4.27087,6.191e-05,0.597,0.122,19480
2895,4.32066,4.27087,6.187e-05,0.600,0.119,19512
2896,4.42032,4.27087,6.184e-05,0.629,0.123,19545
2897,4.14062,4.27087,6.180e-05,0.605,0.111,19500
2898,4.38373,4.27087,6.177e-05,0.602,0.122,19501
2899,4.41170,4.27087,6.173e-05,0.630,0.133,19546
2900,4.04941,4.27087,6.170e-05,0.583,0.120,19505
2901,4.50238,4.27087,6.166e-05,0.599,0.116,19481
2902,4.43511,4.27087,6.163e-05,0.622,0.125,19518
2903,4.39228,4.27087,6.160e-05,0.616,0.125,19532
2904,4.68662,4.27087,6.156e-05,0.592,0.112,19446
2905,4.50038,4.27087,6.153e-05,0.617,0.114,19566
2906,4.20792,4.27087,6.150e-05,0.612,0.115,19565
2907,4.16805,4.27087,6.147e-05,0.622,0.121,19464
2908,4.49492,4.27087,6.144e-05,0.615,0.127,19552
2909,4.18894,4.27087,6.141e-05,0.586,0.119,19532
2910,4.41226,4.27087,6.138e-05,0.578,0.111,19464
2911,4.35678,4.27087,6.135e-05,0.600,0.120,19527
2912,4.32667,4.27087,6.132e-05,0.578,0.119,19541
2913,4.39016,4.27087,6.129e-05,0.575,0.110,19462
2914,4.09168,4.27087,6.126e-05,0.573,0.110,19544
2915,4.25150,4.27087,6.123e-05,0.588,0.112,19496
2916,4.39124,4.27087,6.120e-05,0.581,0.114,19475
2917,4.34934,4.27087,6.117e-05,0.581,0.114,19533
2918,4.28200,4.27087,6.114e-05,0.605,0.116,19576
2919,4.34305,4.27087,6.111e-05,0.587,0.117,19465
2920,4.15580,4.27087,6.109e-05,0.603,0.113,19529
2921,4.38356,4.27087,6.106e-05,0.583,0.107,19524
2922,4.66650,4.27087,6.103e-05,0.577,0.115,19498
2923,4.23983,4.27087,6.101e-05,0.587,0.117,19523
2924,4.29247,4.27087,6.098e-05,0.596,0.113,19530
2925,4.08337,4.27087,6.096e-05,0.656,0.143,19522
2926,4.58295,4.27087,6.093e-05,0.603,0.116,19493
2927,4.40729,4.27087,6.091e-05,0.598,0.118,19548
2928,4.38774,4.27087,6.088e-05,0.596,0.124,19501
2929,4.17000,4.27087,6.086e-05,0.629,0.122,19474
2930,4.35758,4.27087,6.083e-05,0.575,0.114,19542
2931,4.32188,4.27087,6.081e-05,0.577,0.112,19523
2932,4.36284,4.27087,6.079e-05,0.596,0.121,19485
2933,4.36544,4.27087,6.076e-05,0.604,0.122,19523
2934,4.10759,4.27087,6.074e-05,0.644,0.139,19533
2935,4.27990,4.27087,6.072e-05,0.628,0.132,19480
2936,4.46130,4.27087,6.070e-05,0.639,0.118,19509
2937,4.37857,4.27087,6.067e-05,0.631,0.133,19516
2938,4.34447,4.27087,6.065e-05,0.596,0.118,19481
2939,4.10447,4.27087,6.063e-05,0.570,0.107,19543
2940,4.10796,4.27087,6.061e-05,0.618,0.117,19526
2941,4.51942,4.27087,6.059e-05,0.635,0.130,19463
2942,4.33714,4.27087,6.057e-05,0.602,0.127,19557
2943,4.68341,4.27087,6.055e-05,0.654,0.132,19537
2944,4.12010,4.27087,6.053e-05,0.606,0.116,19472
2945,4.05831,4.27087,6.051e-05,0.579,0.116,19528
2946,4.32745,4.27087,6.050e-05,0.598,0.121,19579
2947,4.43839,4.27087,6.048e-05,0.689,0.147,19493
2948,4.34751,4.27087,6.046e-05,0.577,0.111,19508
2949,4.43032,4.27087,6.044e-05,0.592,0.119,19529
2950,4.01718,4.27087,6.042e-05,0.595,0.127,19527
2951,4.26467,4.27087,6.041e-05,0.631,0.117,19492
2952,4.29013,4.27087,6.039e-05,0.665,0.144,19551
2953,4.37763,4.27087,6.038e-05,0.590,0.114,19513
2954,4.25341,4.27087,6.036e-05,0.579,0.116,19488
2955,4.12220,4.27087,6.034e-05,0.625,0.124,19539
2956,4.24999,4.27087,6.033e-05,0.586,0.114,19510
2957,4.16685,4.27087,6.031e-05,0.598,0.116,19490
2958,4.26706,4.27087,6.030e-05,0.593,0.114,19567
2959,4.64102,4.27087,6.029e-05,0.600,0.116,19558
2960,4.25193,4.27087,6.027e-05,0.566,0.110,19458
2961,4.34240,4.27087,6.026e-05,0.634,0.128,19538
2962,4.16426,4.27087,6.025e-05,0.610,0.125,19511
2963,4.57950,4.27087,6.023e-05,0.607,0.112,19482
2964,4.28073,4.27087,6.022e-05,0.591,0.113,19562
2965,4.35640,4.27087,6.021e-05,0.585,0.113,19534
2966,3.99923,4.27087,6.020e-05,0.606,0.115,19462
2967,4.49549,4.27087,6.019e-05,0.591,0.119,19546
2968,4.29269,4.27087,6.017e-05,0.656,0.119,19533
2969,4.66417,4.27087,6.016e-05,0.589,0.115,19480
2970,4.39926,4.27087,6.015e-05,0.584,0.114,19547
2971,4.30327,4.27087,6.014e-05,0.578,0.114,19533
2972,4.13051,4.27087,6.013e-05,0.586,0.116,19471
2973,4.27578,4.27087,6.012e-05,0.596,0.121,19508
2974,4.38909,4.27087,6.011e-05,0.633,0.146,19518
2975,4.48202,4.27087,6.011e-05,0.579,0.108,19493
2976,4.28436,4.27087,6.010e-05,0.606,0.114,19534
2977,4.68239,4.27087,6.009e-05,0.594,0.116,19536
2978,4.19872,4.27087,6.008e-05,0.637,0.133,19527
2979,4.18533,4.27087,6.007e-05,0.612,0.120,19501
2980,4.27374,4.27087,6.007e-05,0.629,0.124,19517
2981,4.45481,4.27087,6.006e-05,0.634,0.127,19500
2982,4.29001,4.27087,6.006e-05,0.622,0.120,19480
2983,4.37033,4.27087,6.005e-05,0.606,0.114,19529
2984,4.37898,4.27087,6.004e-05,0.585,0.117,19544
2985,4.17702,4.27087,6.004e-05,0.608,0.119,19463
2986,4.27997,4.27087,6.003e-05,0.578,0.112,19523
2987,4.35482,4.27087,6.003e-05,0.590,0.117,19524
2988,4.16534,4.27087,6.002e-05,0.594,0.118,19501
2989,4.15751,4.27087,6.002e-05,0.603,0.119,19539
2990,4.31658,4.27087,6.002e-05,0.575,0.114,19530
2991,4.42464,4.27087,6.001e-05,0.607,0.116,19489
2992,4.29874,4.27087,6.001e-05,0.591,0.119,19534
2993,4.39208,4.27087,6.001e-05,0.588,0.119,19482
2994,4.37174,4.27087,6.001e-05,0.584,0.115,19471
2995,4.36963,4.27087,6.000e-05,0.583,0.115,19535
2996,4.19444,4.27087,6.000e-05,0.599,0.119,19553
2997,4.28200,4.27087,6.000e-05,0.598,0.120,19472
2998,4.38511,4.27087,6.000e-05,0.641,0.128,19557
2999,4.42046,4.24167,6.000e-05,0.595,0.117,6091
