step,loss,val_loss,lr,grad_norm,proj_grad_norm,tokens_per_s
0,11.85924,11.84723,3.000e-06,5.234,0.531,8240
1,11.83726,11.84723,6.000e-06,5.136,0.516,29346
2,11.80206,11.84723,9.000e-06,4.571,0.474,29006
3,11.74312,11.84723,1.200e-05,4.115,0.424,28999
4,11.66231,11.84723,1.500e-05,3.684,0.334,28979
5,11.63500,11.84723,1.800e-05,2.838,0.257,28961
6,11.53532,11.84723,2.100e-05,2.753,0.215,29159
7,11.49582,11.84723,2.400e-05,2.275,0.164,29376
8,11.45811,11.84723,2.700e-05,2.031,0.144,29352
9,11.48456,11.84723,3.000e-05,1.664,0.134,29358
10,11.40509,11.84723,3.300e-05,1.587,0.112,29403
11,11.39513,11.84723,3.600e-05,1.408,0.085,29384
12,11.31887,11.84723,3.900e-05,1.616,0.134,29379
13,11.29415,11.84723,4.200e-05,1.479,0.067,29357
14,11.25931,11.84723,4.500e-05,1.488,0.073,29392
15,11.30671,11.84723,4.800e-05,1.276,0.107,29379
16,11.27924,11.84723,5.100e-05,1.254,0.072,29386
17,11.22030,11.84723,5.400e-05,1.270,0.074,29377
18,11.18207,11.84723,5.700e-05,1.299,0.051,29373
19,11.17185,11.84723,6.000e-05,1.396,0.141,29400
20,11.10281,11.84723,6.300e-05,1.484,0.104,29383
21,11.17134,11.84723,6.600e-05,1.125,0.068,29323
22,11.06565,11.84723,6.900e-05,1.333,0.090,29371
23,11.02017,11.84723,7.200e-05,1.328,0.072,29381
24,11.04602,11.84723,7.500e-05,1.124,0.057,29400
25,10.96390,11.84723,7.800e-05,1.329,0.054,29355
26,10.93253,11.84723,8.100e-05,1.248,0.072,29384
27,10.89056,11.84723,8.400e-05,1.297,0.051,29385
28,10.87249,11.84723,8.700e-05,1.185,0.075,29377
29,10.80009,11.84723,9.000e-05,1.200,0.044,29388
30,10.82174,11.84723,9.300e-05,1.073,0.057,29362
31,10.76323,11.84723,9.600e-05,1.117,0.076,29375
32,10.71164,11.84723,9.900e-05,1.160,0.074,29385
33,10.60430,11.84723,1.020e-04,1.344,0.089,29385
34,10.57264,11.84723,1.050e-04,1.203,0.075,29396
35,10.52037,11.84723,1.080e-04,1.170,0.065,29378
36,10.47557,11.84723,1.110e-04,1.278,0.069,29379
37,10.41915,11.84723,1.140e-04,1.271,0.103,29391
38,10.34859,11.84723,1.170e-04,1.220,0.063,29389
39,10.31586,11.84723,1.200e-04,1.225,0.055,29375
40,10.25744,11.84723,1.230e-04,1.173,0.069,29404
41,10.21654,11.84723,1.260e-04,1.295,0.100,29337
42,10.14701,11.84723,1.290e-04,1.142,0.055,29359
43,10.06565,11.84723,1.320e-04,1.298,0.100,29391
44,10.03083,11.84723,1.350e-04,1.171,0.054,29381
45,9.96911,11.84723,1.380e-04,1.175,0.111,29392
46,9.91009,11.84723,1.410e-04,1.149,0.071,29384
47,9.83001,11.84723,1.440e-04,1.159,0.096,29386
48,9.74965,11.84723,1.470e-04,1.247,0.113,29370
49,9.70391,11.84723,1.500e-04,1.185,0.052,29392
50,9.64661,11.84723,1.530e-04,1.263,0.137,29382
51,9.56428,11.84723,1.560e-04,1.217,0.061,29401
52,9.50352,11.84723,1.590e-04,1.085,0.051,29348
53,9.46119,11.84723,1.620e-04,1.151,0.092,29401
54,9.38883,11.84723,1.650e-04,1.158,0.073,29377
55,9.35110,11.84723,1.680e-04,1.257,0.161,29393
56,9.25807,11.84723,1.710e-04,1.107,0.096,29377
57,9.22750,11.84723,1.740e-04,1.190,0.127,29333
58,9.18069,11.84723,1.770e-04,1.172,0.087,29397
59,9.16582,11.84723,1.800e-04,1.255,0.143,29410
60,9.06179,11.84723,1.830e-04,1.184,0.081,29374
61,9.03769,11.84723,1.860e-04,1.318,0.099,29346
62,8.91695,11.84723,1.890e-04,1.253,0.110,29396
63,8.84361,11.84723,1.920e-04,1.069,0.114,29377
64,8.85486,11.84723,1.950e-04,1.110,0.154,29372
65,8.68819,11.84723,1.980e-04,1.072,0.096,29404
66,8.68755,11.84723,2.010e-04,1.141,0.112,29386
67,8.67126,11.84723,2.040e-04,1.010,0.070,29398
68,8.54625,11.84723,2.070e-04,1.166,0.135,29395
69,8.52159,11.84723,2.100e-04,1.146,0.075,29375
70,8.43059,11.84723,2.130e-04,0.992,0.103,29400
71,8.46971,11.84723,2.160e-04,1.088,0.080,29375
72,8.38018,11.84723,2.190e-04,1.031,0.085,29392
73,8.30350,11.84723,2.220e-04,0.990,0.123,29378
74,8.29283,11.84723,2.250e-04,0.965,0.084,29399
75,8.13647,11.84723,2.280e-04,0.892,0.101,29395
76,8.14281,11.84723,2.310e-04,0.908,0.074,29397
77,8.18632,11.84723,2.340e-04,0.998,0.073,29376
78,8.15030,11.84723,2.370e-04,0.951,0.104,29369
79,8.06439,11.84723,2.400e-04,0.846,0.049,29354
80,8.08590,11.84723,2.430e-04,0.860,0.094,29396
81,7.97086,11.84723,2.460e-04,0.853,0.101,29324
82,7.92650,11.84723,2.490e-04,0.802,0.057,29394
83,7.94259,11.84723,2.520e-04,0.799,0.133,29386
84,7.87908,11.84723,2.550e-04,0.796,0.090,29371
85,7.77898,11.84723,2.580e-04,0.790,0.133,29399
86,7.92823,11.84723,2.610e-04,0.755,0.122,29361
87,7.85356,11.84723,2.640e-04,0.785,0.136,29374
88,7.75082,11.84723,2.670e-04,0.963,0.196,29392
89,7.80874,11.84723,2.700e-04,0.731,0.125,29391
90,7.61979,11.84723,2.730e-04,0.615,0.107,29392
91,7.63501,11.84723,2.760e-04,0.706,0.130,29364
92,7.62860,11.84723,2.790e-04,0.646,0.127,29388
93,7.59060,11.84723,2.820e-04,0.645,0.160,29394
94,7.59601,11.84723,2.850e-04,0.760,0.206,29407
95,7.59512,11.84723,2.880e-04,1.101,0.375,29373
96,7.56809,11.84723,2.910e-04,0.644,0.124,29412
97,7.52776,11.84723,2.940e-04,0.714,0.276,29373
98,7.38946,11.84723,2.970e-04,0.517,0.103,29394
99,7.55271,11.84723,3.000e-04,0.654,0.227,29385
100,7.42083,11.84723,3.030e-04,0.615,0.156,29373
101,7.51350,11.84723,3.060e-04,0.661,0.222,29344
102,7.43067,11.84723,3.090e-04,0.839,0.322,29368
103,7.48353,11.84723,3.120e-04,0.466,0.128,29391
104,7.45634,11.84723,3.150e-04,0.747,0.257,29379
105,7.46501,11.84723,3.180e-04,0.641,0.244,29398
106,7.36608,11.84723,3.210e-04,1.004,0.265,29384
107,7.47950,11.84723,3.240e-04,0.843,0.305,29384
108,7.31898,11.84723,3.270e-04,0.709,0.235,29375
109,7.33894,11.84723,3.300e-04,0.603,0.202,29415
110,7.38049,11.84723,3.330e-04,0.596,0.126,29388
111,7.36701,11.84723,3.360e-04,0.460,0.156,29364
112,7.38605,11.84723,3.390e-04,0.659,0.189,29379
113,7.35019,11.84723,3.420e-04,0.425,0.162,29353
114,7.34551,11.84723,3.450e-04,0.469,0.190,29394
115,7.39637,11.84723,3.480e-04,0.587,0.212,29372
116,7.21381,11.84723,3.510e-04,0.639,0.309,29383
117,7.29907,11.84723,3.540e-04,0.486,0.198,29382
118,7.31124,11.84723,3.570e-04,0.588,0.260,29383
119,7.27112,11.84723,3.600e-04,0.515,0.226,29381
120,7.29807,11.84723,3.630e-04,0.511,0.183,29393
121,7.29241,11.84723,3.660e-04,0.462,0.149,29322
122,7.17251,11.84723,3.690e-04,0.456,0.201,29403
123,7.15478,11.84723,3.720e-04,0.541,0.202,29381
124,7.14901,11.84723,3.750e-04,0.475,0.207,29373
125,7.11300,11.84723,3.780e-04,0.492,0.191,29375
126,7.22287,11.84723,3.810e-04,0.598,0.306,29364
127,7.19170,11.84723,3.840e-04,0.640,0.280,29391
128,7.20073,11.84723,3.870e-04,0.561,0.205,29369
129,7.24579,11.84723,3.900e-04,0.515,0.244,29393
130,7.20089,11.84723,3.930e-04,0.807,0.448,29397
131,7.11533,11.84723,3.960e-04,0.556,0.281,29359
132,7.01876,11.84723,3.990e-04,0.562,0.240,29357
133,7.17988,11.84723,4.020e-04,0.541,0.194,29381
134,7.10364,11.84723,4.050e-04,0.873,0.389,29388
135,7.10475,11.84723,4.080e-04,0.489,0.220,29387
136,7.07529,11.84723,4.110e-04,0.679,0.314,29383
137,6.95175,11.84723,4.140e-04,0.538,0.253,29368
138,7.05354,11.84723,4.170e-04,0.603,0.254,29389
139,6.98601,11.84723,4.200e-04,0.433,0.148,29363
140,6.93612,11.84723,4.230e-04,0.686,0.325,29399
141,7.12785,11.84723,4.260e-04,0.698,0.292,29325
142,7.04871,11.84723,4.290e-04,0.883,0.361,29381
143,6.98047,11.84723,4.320e-04,0.750,0.336,29395
144,6.97822,11.84723,4.350e-04,0.738,0.327,29392
145,7.06165,11.84723,4.380e-04,0.770,0.345,29357
146,7.06236,11.84723,4.410e-04,0.605,0.262,29396
147,6.91976,11.84723,4.440e-04,0.642,0.333,29389
148,7.03202,11.84723,4.470e-04,0.613,0.275,29366
149,6.96390,11.84723,4.500e-04,0.401,0.173,29384
150,7.06806,11.84723,4.530e-04,0.718,0.407,29374
151,6.92401,11.84723,4.560e-04,0.740,0.403,29383
152,7.01124,11.84723,4.590e-04,0.456,0.194,29346
153,6.87054,11.84723,4.620e-04,0.542,0.300,29393
154,6.87082,11.84723,4.650e-04,0.454,0.195,29375
155,6.92352,11.84723,4.680e-04,0.550,0.296,29356
156,7.00389,11.84723,4.710e-04,0.441,0.214,29389
157,6.91582,11.84723,4.740e-04,0.596,0.327,29397
158,6.93204,11.84723,4.770e-04,0.619,0.276,29341
159,6.93786,11.84723,4.800e-04,0.757,0.386,29387
160,6.94223,11.84723,4.830e-04,0.711,0.348,29374
161,6.93338,11.84723,4.860e-04,0.852,0.421,29348
162,7.03500,11.84723,4.890e-04,0.497,0.222,29388
163,6.71755,11.84723,4.920e-04,0.603,0.271,29383
164,6.93973,11.84723,4.950e-04,0.543,0.260,29388
165,6.98039,11.84723,4.980e-04,0.531,0.264,29377
166,6.82397,11.84723,5.010e-04,0.939,0.533,29383
167,6.96008,11.84723,5.040e-04,0.902,0.543,29375
168,6.85093,11.84723,5.070e-04,0.907,0.528,29396
169,6.88376,11.84723,5.100e-04,0.741,0.362,29390
170,6.76070,11.84723,5.130e-04,0.570,0.283,29404
171,6.80032,11.84723,5.160e-04,0.749,0.362,29381
172,6.84649,11.84723,5.190e-04,0.700,0.363,29394
173,6.84395,11.84723,5.220e-04,0.565,0.304,29360
174,6.82181,11.84723,5.250e-04,0.606,0.271,29379
175,6.76938,11.84723,5.280e-04,0.646,0.292,29368
176,6.81490,11.84723,5.310e-04,0.579,0.273,29395
177,7.01709,11.84723,5.340e-04,0.659,0.372,29394
178,6.89558,11.84723,5.370e-04,0.973,0.600,29374
179,6.84285,11.84723,5.400e-04,0.765,0.409,29376
180,6.72922,11.84723,5.430e-04,0.786,0.446,29391
181,6.77731,11.84723,5.460e-04,0.609,0.325,29333
182,6.97139,11.84723,5.490e-04,0.508,0.245,29368
183,6.81127,11.84723,5.520e-04,0.545,0.273,29391
184,6.79953,11.84723,5.550e-04,0.594,0.323,29375
185,6.65371,11.84723,5.580e-04,0.517,0.259,29393
186,6.79428,11.84723,5.610e-04,0.547,0.251,29361
187,6.86271,11.84723,5.640e-04,0.607,0.285,29381
188,6.79295,11.84723,5.670e-04,0.973,0.589,29384
189,6.82379,11.84723,5.700e-04,1.267,0.823,29383
190,6.71956,11.84723,5.730e-04,0.693,0.396,29388
191,6.79175,11.84723,5.760e-04,0.857,0.531,29372
192,6.60670,11.84723,5.790e-04,0.685,0.389,29397
193,6.71345,11.84723,5.820e-04,0.686,0.324,29397
194,6.73057,11.84723,5.850e-04,0.561,0.288,29374
195,6.76642,11.84723,5.880e-04,0.604,0.334,29382
196,6.79836,11.84723,5.910e-04,0.582,0.301,29387
197,6.68426,11.84723,5.940e-04,0.749,0.400,29372
198,6.68715,11.84723,5.970e-04,0.886,0.539,29371
199,6.68369,11.84723,6.000e-04,0.623,0.333,29399
200,6.58905,11.84723,6.000e-04,0.868,0.438,29393
201,6.72827,11.84723,6.000e-04,0.553,0.286,29315
202,6.70875,11.84723,6.000e-04,0.588,0.311,29401
203,6.64549,11.84723,6.000e-04,0.781,0.443,29372
204,6.62726,11.84723,6.000e-04,0.667,0.378,29378
205,6.49891,11.84723,6.000e-04,0.525,0.279,29392
206,6.79136,11.84723,6.000e-04,0.720,0.418,29389
207,6.67446,11.84723,6.000e-04,1.474,0.919,29366
208,6.70170,11.84723,6.000e-04,0.965,0.575,29384
209,6.52531,11.84723,6.000e-04,0.636,0.355,29376
210,6.67406,11.84723,6.000e-04,0.680,0.392,29385
211,6.65194,11.84723,6.000e-04,0.778,0.480,29388
212,6.58655,11.84723,6.000e-04,0.647,0.386,29381
213,6.66903,11.84723,6.000e-04,0.658,0.364,29410
214,6.58893,11.84723,6.000e-04,0.746,0.404,29373
215,6.60231,11.84723,6.000e-04,0.765,0.422,29388
216,6.64614,11.84723,6.000e-04,0.678,0.407,29380
217,6.54634,11.84723,6.000e-04,0.631,0.360,29390
218,6.68806,11.84723,5.999e-04,0.594,0.240,29387
219,6.58773,11.84723,5.999e-04,0.619,0.334,29353
220,6.71278,11.84723,5.999e-04,0.568,0.303,29366
221,6.65901,11.84723,5.999e-04,0.483,0.240,29347
222,6.54343,11.84723,5.999e-04,0.615,0.355,29399
223,6.60056,11.84723,5.999e-04,0.556,0.287,29376
224,6.66715,11.84723,5.999e-04,0.469,0.224,29356
225,6.68992,11.84723,5.999e-04,0.626,0.349,29373
226,6.45104,11.84723,5.999e-04,0.744,0.452,29357
227,6.61420,11.84723,5.999e-04,0.861,0.521,29390
228,6.61328,11.84723,5.999e-04,0.600,0.311,29398
229,6.64975,11.84723,5.999e-04,0.638,0.330,29393
230,6.63391,11.84723,5.998e-04,0.604,0.314,29374
231,6.62963,11.84723,5.998e-04,0.610,0.334,29362
232,6.55793,11.84723,5.998e-04,0.624,0.364,29390
233,6.59629,11.84723,5.998e-04,0.726,0.339,29371
234,6.56912,11.84723,5.998e-04,0.813,0.520,29383
235,6.72843,11.84723,5.998e-04,0.718,0.347,29378
236,6.63990,11.84723,5.998e-04,0.580,0.283,29372
237,6.60975,11.84723,5.998e-04,0.546,0.297,29382
238,6.70159,11.84723,5.998e-04,1.002,0.640,29380
239,6.64964,11.84723,5.997e-04,2.067,1.408,29406
240,6.67152,11.84723,5.997e-04,0.636,0.295,29349
241,6.70655,11.84723,5.997e-04,0.616,0.300,29330
242,6.66124,11.84723,5.997e-04,0.733,0.428,29409
243,6.56898,11.84723,5.997e-04,0.705,0.402,29386
244,6.52554,11.84723,5.997e-04,0.655,0.391,29363
245,6.57452,11.84723,5.997e-04,0.687,0.385,29377
246,6.52913,11.84723,5.996e-04,0.641,0.343,29401
247,6.48360,11.84723,5.996e-04,0.553,0.292,29373
248,6.57443,11.84723,5.996e-04,0.574,0.308,29378
249,6.49549,11.84723,5.996e-04,0.842,0.521,29404
250,6.38755,6.50725,5.996e-04,1.109,0.746,8942
251,6.61156,6.50725,5.996e-04,0.975,0.663,29721
252,6.57367,6.50725,5.995e-04,0.899,0.574,29402
253,6.62039,6.50725,5.995e-04,0.585,0.329,29359
254,6.51057,6.50725,5.995e-04,0.656,0.377,29403
255,6.51922,6.50725,5.995e-04,0.685,0.431,29358
256,6.58072,6.50725,5.995e-04,0.596,0.331,29396
257,6.53239,6.50725,5.994e-04,0.577,0.322,29381
258,6.48151,6.50725,5.994e-04,0.712,0.434,29389
259,6.54418,6.50725,5.994e-04,0.631,0.342,29401
260,6.42407,6.50725,5.994e-04,0.619,0.332,29376
261,6.42756,6.50725,5.994e-04,0.633,0.367,29322
262,6.49787,6.50725,5.993e-04,0.677,0.326,29375
263,6.40635,6.50725,5.993e-04,0.566,0.291,29371
264,6.42206,6.50725,5.993e-04,0.530,0.289,29379
265,6.41986,6.50725,5.993e-04,0.579,0.315,29368
266,6.53963,6.50725,5.993e-04,0.646,0.361,29376
267,6.48934,6.50725,5.992e-04,0.919,0.590,29369
268,6.44415,6.50725,5.992e-04,0.917,0.568,29401
269,6.47499,6.50725,5.992e-04,0.580,0.318,29395
270,6.38657,6.50725,5.992e-04,0.804,0.472,29393
271,6.47763,6.50725,5.991e-04,0.948,0.631,29387
272,6.53797,6.50725,5.991e-04,0.581,0.277,29379
273,6.39328,6.50725,5.991e-04,0.648,0.375,29397
274,6.52557,6.50725,5.991e-04,0.671,0.354,29394
275,6.64418,6.50725,5.990e-04,0.601,0.293,29383
276,6.50236,6.50725,5.990e-04,0.650,0.360,29366
277,6.30219,6.50725,5.990e-04,0.558,0.297,29380
278,6.47465,6.50725,5.990e-04,0.588,0.285,29376
279,6.50321,6.50725,5.989e-04,0.557,0.280,29380
280,6.44367,6.50725,5.989e-04,0.594,0.288,29408
281,6.40837,6.50725,5.989e-04,0.556,0.293,29339
282,6.45962,6.50725,5.989e-04,0.662,0.344,29383
283,6.40391,6.50725,5.988e-04,0.620,0.340,29381
284,6.62841,6.50725,5.988e-04,0.671,0.348,29374
285,6.29004,6.50725,5.988e-04,0.606,0.328,29356
286,6.43314,6.50725,5.987e-04,0.585,0.321,29395
287,6.47354,6.50725,5.987e-04,0.589,0.325,29385
288,6.63653,6.50725,5.987e-04,0.571,0.304,29365
289,6.37778,6.50725,5.987e-04,0.721,0.447,29383
290,6.37961,6.50725,5.986e-04,0.708,0.410,29395
291,6.49799,6.50725,5.986e-04,0.561,0.276,29390
292,6.36046,6.50725,5.986e-04,0.706,0.413,29349
293,6.44167,6.50725,5.985e-04,0.534,0.289,29367
294,6.48878,6.50725,5.985e-04,0.638,0.341,29379
295,6.43319,6.50725,5.985e-04,0.679,0.394,29401
296,6.40487,6.50725,5.984e-04,0.728,0.432,29364
297,6.48663,6.50725,5.984e-04,0.600,0.310,29400
298,6.34725,6.50725,5.984e-04,0.526,0.279,29368
299,6.46044,6.50725,5.983e-04,0.522,0.256,29389
300,6.29350,6.50725,5.983e-04,0.589,0.338,29376
301,6.37995,6.50725,5.983e-04,0.593,0.342,29331
302,6.39389,6.50725,5.982e-04,0.708,0.434,29375
303,6.37627,6.50725,5.982e-04,0.500,0.263,29389
304,6.43435,6.50725,5.982e-04,0.473,0.226,29397
305,6.34978,6.50725,5.981e-04,0.582,0.319,29366
306,6.19735,6.50725,5.981e-04,0.575,0.320,29381
307,6.43606,6.50725,5.981e-04,0.579,0.284,29368
308,6.29563,6.50725,5.980e-04,0.638,0.330,29381
309,6.49193,6.50725,5.980e-04,0.527,0.277,29377
310,6.40709,6.50725,5.979e-04,0.554,0.293,29387
311,6.53029,6.50725,5.979e-04,0.661,0.370,29389
312,6.34813,6.50725,5.979e-04,0.522,0.250,29358
313,6.32955,6.50725,5.978e-04,0.508,0.243,29387
314,6.25712,6.50725,5.978e-04,0.586,0.355,29393
315,6.40161,6.50725,5.978e-04,0.685,0.379,29388
316,6.50944,6.50725,5.977e-04,0.696,0.370,29360
317,6.34136,6.50725,5.977e-04,0.681,0.394,29370
318,6.31593,6.50725,5.976e-04,0.610,0.331,29398
319,6.27218,6.50725,5.976e-04,0.530,0.256,29399
320,6.33871,6.50725,5.976e-04,0.504,0.251,29372
321,6.27750,6.50725,5.975e-04,0.571,0.309,29330
322,6.16100,6.50725,5.975e-04,0.791,0.493,29406
323,6.46717,6.50725,5.974e-04,0.649,0.380,29377
324,6.37614,6.50725,5.974e-04,0.621,0.353,29361
325,6.38127,6.50725,5.973e-04,0.548,0.286,29388
326,6.45471,6.50725,5.973e-04,0.556,0.280,29392
327,6.26829,6.50725,5.973e-04,0.613,0.322,29390
328,6.23983,6.50725,5.972e-04,0.689,0.418,29386
329,6.36796,6.50725,5.972e-04,0.603,0.324,29375
330,6.33985,6.50725,5.971e-04,0.617,0.338,29401
331,6.30516,6.50725,5.971e-04,0.634,0.365,29380
332,6.25741,6.50725,5.970e-04,0.596,0.330,29379
333,6.39361,6.50725,5.970e-04,0.542,0.260,29386
334,6.31977,6.50725,5.970e-04,0.621,0.350,29411
335,6.37739,6.50725,5.969e-04,0.588,0.312,29367
336,6.48198,6.50725,5.969e-04,0.623,0.345,29372
337,6.36982,6.50725,5.968e-04,0.531,0.271,29378
338,6.33044,6.50725,5.968e-04,0.614,0.364,29367
339,6.37470,6.50725,5.967e-04,0.675,0.403,29372
340,6.15999,6.50725,5.967e-04,0.571,0.317,29382
341,6.18699,6.50725,5.966e-04,0.579,0.336,29323
342,6.39914,6.50725,5.966e-04,0.673,0.400,29396
343,6.11585,6.50725,5.965e-04,0.547,0.302,29372
344,6.32905,6.50725,5.965e-04,0.684,0.379,29386
345,6.45554,6.50725,5.964e-04,0.650,0.376,29361
346,6.25622,6.50725,5.964e-04,0.579,0.277,29379
347,6.36411,6.50725,5.963e-04,0.715,0.390,29362
348,6.24260,6.50725,5.963e-04,0.445,0.220,29397
349,6.19032,6.50725,5.962e-04,0.631,0.336,29395
350,6.21893,6.50725,5.962e-04,0.609,0.351,29367
351,6.38195,6.50725,5.961e-04,0.523,0.247,29373
352,6.26751,6.50725,5.961e-04,0.791,0.487,29393
353,6.29417,6.50725,5.960e-04,0.630,0.375,29379
354,6.23306,6.50725,5.960e-04,0.652,0.371,29387
355,6.35118,6.50725,5.959e-04,0.639,0.355,29370
356,6.32284,6.50725,5.959e-04,0.520,0.249,29412
357,6.37608,6.50725,5.958e-04,0.594,0.286,29369
358,6.30245,6.50725,5.958e-04,0.619,0.335,29370
359,6.31824,6.50725,5.957e-04,0.529,0.253,29374
360,6.22345,6.50725,5.957e-04,0.615,0.326,29385
361,6.39739,6.50725,5.956e-04,0.693,0.407,29327
362,6.27661,6.50725,5.956e-04,0.644,0.352,29385
363,6.24764,6.50725,5.955e-04,0.661,0.378,29351
364,6.25853,6.50725,5.954e-04,0.530,0.267,28970
365,6.47192,6.50725,5.954e-04,0.625,0.333,28979
366,6.21477,6.50725,5.953e-04,0.730,0.452,29008
367,6.25242,6.50725,5.953e-04,0.616,0.322,28970
368,6.31788,6.50725,5.952e-04,0.779,0.486,29006
369,6.29989,6.50725,5.952e-04,0.682,0.421,29005
370,6.15313,6.50725,5.951e-04,0.561,0.309,28973
371,6.09409,6.50725,5.950e-04,0.684,0.379,29376
372,6.18099,6.50725,5.950e-04,0.586,0.316,29356
373,6.24157,6.50725,5.949e-04,0.593,0.268,29014
374,6.20945,6.50725,5.949e-04,0.575,0.277,29007
375,6.18126,6.50725,5.948e-04,0.576,0.323,28995
376,6.28450,6.50725,5.948e-04,0.626,0.351,28968
377,6.26176,6.50725,5.947e-04,0.610,0.336,29059
378,6.21345,6.50725,5.946e-04,0.686,0.366,29380
379,6.21743,6.50725,5.946e-04,0.600,0.317,29341
380,6.23651,6.50725,5.945e-04,0.511,0.237,29383
381,6.12309,6.50725,5.945e-04,0.621,0.349,29330
382,6.12405,6.50725,5.944e-04,0.544,0.270,29373
383,6.25900,6.50725,5.943e-04,0.515,0.268,29397
384,6.05599,6.50725,5.943e-04,0.843,0.537,29375
385,6.33531,6.50725,5.942e-04,0.545,0.265,29372
386,6.31910,6.50725,5.941e-04,0.624,0.347,29398
387,6.30376,6.50725,5.941e-04,0.569,0.291,29396
388,6.18158,6.50725,5.940e-04,0.597,0.312,29371
389,6.17261,6.50725,5.940e-04,0.602,0.326,29374
390,6.06662,6.50725,5.939e-04,0.639,0.348,29369
391,6.20788,6.50725,5.938e-04,0.593,0.294,29395
392,6.15368,6.50725,5.938e-04,0.511,0.230,29383
393,6.15317,6.50725,5.937e-04,0.544,0.291,29397
394,6.27575,6.50725,5.936e-04,0.592,0.308,29385
395,6.16344,6.50725,5.936e-04,0.554,0.279,29389
396,6.10484,6.50725,5.935e-04,0.558,0.297,29382
397,6.13068,6.50725,5.934e-04,0.553,0.315,29366
398,6.14546,6.50725,5.934e-04,0.583,0.319,29398
399,6.25248,6.50725,5.933e-04,0.580,0.297,29371
400,6.25911,6.50725,5.932e-04,0.593,0.301,29366
401,6.14854,6.50725,5.932e-04,0.547,0.272,29345
402,6.13623,6.50725,5.931e-04,0.627,0.295,29401
403,6.06879,6.50725,5.930e-04,0.659,0.386,29409
404,6.19043,6.50725,5.930e-04,0.827,0.393,29387
405,6.14722,6.50725,5.929e-04,0.591,0.309,29374
406,6.18143,6.50725,5.928e-04,0.540,0.279,29375
407,6.18857,6.50725,5.928e-04,0.592,0.336,29404
408,6.06060,6.50725,5.927e-04,0.548,0.294,29391
409,6.15107,6.50725,5.926e-04,0.699,0.419,29366
410,6.25112,6.50725,5.925e-04,0.608,0.336,29391
411,6.08210,6.50725,5.925e-04,0.592,0.316,29382
412,6.20462,6.50725,5.924e-04,0.553,0.287,29373
413,6.22704,6.50725,5.923e-04,0.475,0.219,29373
414,6.15370,6.50725,5.923e-04,1.028,0.359,29396
415,6.19438,6.50725,5.922e-04,0.538,0.279,29392
416,6.06035,6.50725,5.921e-04,0.722,0.424,29375
417,6.17566,6.50725,5.920e-04,0.777,0.457,29394
418,6.19420,6.50725,5.920e-04,0.720,0.414,29361
419,6.19339,6.50725,5.919e-04,0.946,0.538,29408
420,6.25863,6.50725,5.918e-04,0.653,0.374,29377
421,6.04420,6.50725,5.917e-04,0.736,0.414,29307
422,6.07366,6.50725,5.917e-04,0.665,0.399,29407
423,6.17636,6.50725,5.916e-04,0.680,0.403,29364
424,6.15206,6.50725,5.915e-04,0.586,0.297,29374
425,6.01791,6.50725,5.914e-04,0.549,0.290,29394
426,6.11773,6.50725,5.914e-04,0.550,0.273,29369
427,6.24971,6.50725,5.913e-04,0.557,0.296,29387
428,6.15923,6.50725,5.912e-04,0.643,0.319,29396
429,6.26434,6.50725,5.911e-04,0.573,0.270,29378
430,6.18313,6.50725,5.911e-04,0.575,0.290,29371
431,6.18634,6.50725,5.910e-04,0.496,0.233,29369
432,6.19268,6.50725,5.909e-04,0.571,0.263,29377
433,6.25571,6.50725,5.908e-04,0.595,0.273,29379
434,6.06790,6.50725,5.907e-04,0.710,0.401,29395
435,6.10459,6.50725,5.907e-04,0.678,0.389,29380
436,6.05641,6.50725,5.906e-04,0.555,0.293,29380
437,6.13697,6.50725,5.905e-04,0.529,0.258,29389
438,5.98849,6.50725,5.904e-04,0.647,0.376,29385
439,6.05902,6.50725,5.904e-04,0.594,0.296,29399
440,5.99759,6.50725,5.903e-04,0.654,0.296,29366
441,6.17065,6.50725,5.902e-04,0.487,0.239,29347
442,6.09683,6.50725,5.901e-04,0.529,0.218,29401
443,5.96646,6.50725,5.900e-04,0.530,0.257,29397
444,6.21668,6.50725,5.899e-04,0.595,0.217,29374
445,5.94060,6.50725,5.899e-04,0.624,0.304,29374
446,6.17951,6.50725,5.898e-04,0.606,0.271,29401
447,6.10622,6.50725,5.897e-04,0.635,0.311,29367
448,6.07267,6.50725,5.896e-04,0.550,0.239,29401
449,6.02058,6.50725,5.895e-04,0.661,0.335,29370
450,6.05008,6.50725,5.894e-04,0.631,0.323,29408
451,6.18826,6.50725,5.894e-04,0.542,0.275,29387
452,6.00435,6.50725,5.893e-04,0.651,0.336,29405
453,6.21599,6.50725,5.892e-04,0.603,0.319,29355
454,6.06705,6.50725,5.891e-04,0.729,0.350,29387
455,5.96980,6.50725,5.890e-04,0.669,0.384,29336
456,6.19531,6.50725,5.889e-04,0.762,0.387,29361
457,6.04751,6.50725,5.889e-04,0.650,0.353,29389
458,6.17863,6.50725,5.888e-04,0.728,0.418,29399
459,6.16731,6.50725,5.887e-04,0.630,0.320,29382
460,6.04310,6.50725,5.886e-04,0.635,0.340,29364
461,6.09511,6.50725,5.885e-04,0.553,0.282,29348
462,5.97333,6.50725,5.884e-04,0.631,0.322,29377
463,6.17051,6.50725,5.883e-04,0.544,0.259,29372
464,6.12785,6.50725,5.882e-04,0.523,0.256,29416
465,6.24936,6.50725,5.882e-04,0.537,0.257,29372
466,5.92239,6.50725,5.881e-04,0.639,0.333,29391
467,6.14824,6.50725,5.880e-04,0.629,0.346,29367
468,5.94020,6.50725,5.879e-04,0.841,0.518,29380
469,6.18939,6.50725,5.878e-04,0.690,0.341,29384
470,6.02342,6.50725,5.877e-04,0.745,0.386,29376
471,6.14232,6.50725,5.876e-04,0.602,0.285,29380
472,6.05256,6.50725,5.875e-04,0.640,0.320,29389
473,6.07417,6.50725,5.874e-04,0.627,0.315,29376
474,6.12223,6.50725,5.873e-04,0.606,0.317,29369
475,6.09370,6.50725,5.872e-04,0.574,0.298,29381
476,6.09030,6.50725,5.872e-04,0.674,0.343,29378
477,5.95500,6.50725,5.871e-04,0.592,0.296,29360
478,5.91523,6.50725,5.870e-04,0.680,0.395,29400
479,5.99730,6.50725,5.869e-04,0.729,0.427,29376
480,6.20660,6.50725,5.868e-04,0.543,0.221,29392
481,5.94190,6.50725,5.867e-04,0.704,0.379,29337
482,6.01139,6.50725,5.866e-04,0.501,0.235,29398
483,6.20354,6.50725,5.865e-04,0.594,0.267,29390
484,6.23374,6.50725,5.864e-04,0.648,0.318,29375
485,6.10110,6.50725,5.863e-04,0.599,0.284,29350
486,5.96460,6.50725,5.862e-04,0.569,0.275,29399
487,5.99864,6.50725,5.861e-04,0.598,0.302,29375
488,6.11014,6.50725,5.860e-04,0.526,0.247,29412
489,6.21265,6.50725,5.859e-04,0.582,0.266,29376
490,6.06737,6.50725,5.858e-04,0.711,0.373,29364
491,6.21964,6.50725,5.857e-04,0.621,0.294,29380
492,6.04777,6.50725,5.856e-04,0.767,0.446,29377
493,6.07776,6.50725,5.855e-04,0.830,0.496,29402
494,6.07728,6.50725,5.854e-04,0.614,0.323,29378
495,6.40187,6.50725,5.853e-04,0.604,0.276,29372
496,6.08209,6.50725,5.852e-04,0.758,0.419,29402
497,6.08763,6.50725,5.851e-04,0.614,0.290,29398
498,6.01244,6.50725,5.850e-04,0.610,0.327,29378
499,5.97288,6.50725,5.849e-04,0.669,0.316,29372
500,6.12429,5.97107,5.848e-04,0.738,0.369,8935
501,6.10072,5.97107,5.847e-04,0.687,0.274,29716
502,5.88960,5.97107,5.846e-04,0.647,0.320,29388
503,5.97233,5.97107,5.845e-04,0.666,0.326,29390
504,5.95886,5.97107,5.844e-04,0.515,0.250,29370
505,5.91776,5.97107,5.843e-04,0.624,0.295,29383
506,6.06879,5.97107,5.842e-04,0.559,0.283,29364
507,6.07038,5.97107,5.841e-04,0.523,0.232,29383
508,6.03357,5.97107,5.840e-04,0.520,0.235,29386
509,5.99305,5.97107,5.839e-04,0.623,0.310,29408
510,6.10182,5.97107,5.838e-04,0.635,0.315,29386
511,5.81371,5.97107,5.837e-04,0.530,0.255,28379
512,5.90846,5.97107,5.836e-04,0.548,0.256,29354
513,5.83162,5.97107,5.835e-04,0.675,0.273,29408
514,6.02235,5.97107,5.834e-04,0.601,0.279,29381
515,5.95885,5.97107,5.833e-04,0.571,0.270,29383
516,5.96101,5.97107,5.832e-04,0.532,0.255,29377
517,5.95836,5.97107,5.831e-04,0.536,0.233,29379
518,5.91732,5.97107,5.830e-04,0.548,0.242,29391
519,5.96548,5.97107,5.829e-04,0.631,0.314,29400
520,5.98490,5.97107,5.828e-04,0.695,0.381,29367
521,6.09528,5.97107,5.827e-04,0.744,0.400,29315
522,5.81763,5.97107,5.826e-04,0.624,0.341,29385
523,5.92518,5.97107,5.825e-04,0.744,0.418,29401
524,6.07192,5.97107,5.824e-04,0.605,0.249,29353
525,5.96302,5.97107,5.822e-04,0.597,0.328,29376
526,5.86647,5.97107,5.821e-04,0.646,0.317,29391
527,5.91160,5.97107,5.820e-04,0.598,0.334,29392
528,5.91935,5.97107,5.819e-04,0.539,0.244,29357
529,5.96708,5.97107,5.818e-04,0.552,0.274,29398
530,5.93672,5.97107,5.817e-04,0.510,0.225,29366
531,5.89119,5.97107,5.816e-04,0.638,0.326,29383
532,5.95487,5.97107,5.815e-04,0.554,0.268,29380
533,5.96566,5.97107,5.814e-04,0.548,0.224,29400
534,6.04148,5.97107,5.813e-04,0.565,0.268,29355
535,5.80556,5.97107,5.812e-04,0.562,0.256,29396
536,6.00963,5.97107,5.810e-04,0.553,0.251,29372
537,6.01993,5.97107,5.809e-04,0.696,0.326,29388
538,5.82905,5.97107,5.808e-04,0.610,0.302,29371
539,6.05472,5.97107,5.807e-04,0.540,0.225,29393
540,5.91739,5.97107,5.806e-04,0.602,0.289,29397
541,5.94844,5.97107,5.805e-04,0.517,0.213,29319
542,5.89197,5.97107,5.804e-04,0.561,0.264,29387
543,5.89004,5.97107,5.803e-04,0.647,0.325,29358
544,5.95436,5.97107,5.801e-04,0.493,0.223,29413
545,5.95597,5.97107,5.800e-04,0.575,0.267,29351
546,6.13043,5.97107,5.799e-04,0.803,0.358,29395
547,6.13572,5.97107,5.798e-04,0.643,0.303,29375
548,6.02976,5.97107,5.797e-04,0.581,0.253,29378
549,5.87360,5.97107,5.796e-04,0.641,0.309,29395
550,5.91166,5.97107,5.794e-04,0.625,0.328,29360
551,5.90722,5.97107,5.793e-04,0.651,0.309,29401
552,5.85372,5.97107,5.792e-04,0.653,0.340,29364
553,5.73661,5.97107,5.791e-04,0.715,0.396,29408
554,6.02054,5.97107,5.790e-04,0.545,0.239,29383
555,5.94069,5.97107,5.789e-04,0.657,0.284,29376
556,6.00015,5.97107,5.787e-04,0.551,0.259,29365
557,5.89148,5.97107,5.786e-04,0.589,0.244,29379
558,5.81661,5.97107,5.785e-04,0.700,0.351,29384
559,5.93415,5.97107,5.784e-04,0.545,0.253,29410
560,5.84708,5.97107,5.783e-04,0.634,0.309,29369
561,5.96885,5.97107,5.782e-04,0.488,0.201,29346
562,5.80297,5.97107,5.780e-04,0.633,0.328,29377
563,5.88298,5.97107,5.779e-04,0.555,0.250,29367
564,6.01357,5.97107,5.778e-04,0.606,0.260,29402
565,5.77937,5.97107,5.777e-04,0.620,0.304,29368
566,5.87768,5.97107,5.776e-04,0.777,0.450,29398
567,5.91796,5.97107,5.774e-04,0.589,0.265,29401
568,5.78480,5.97107,5.773e-04,0.572,0.279,29374
569,5.98847,5.97107,5.772e-04,0.613,0.276,29372
570,5.85861,5.97107,5.771e-04,0.606,0.270,29381
571,5.85792,5.97107,5.769e-04,0.554,0.256,29378
572,5.94101,5.97107,5.768e-04,0.576,0.247,29388
573,6.01959,5.97107,5.767e-04,0.550,0.216,29374
574,5.97350,5.97107,5.766e-04,0.586,0.245,29377
575,5.74623,5.97107,5.765e-04,0.698,0.366,29384
576,5.96353,5.97107,5.763e-04,0.643,0.268,29388
577,5.74397,5.97107,5.762e-04,0.697,0.333,29365
578,5.87070,5.97107,5.761e-04,0.554,0.255,29395
579,5.91963,5.97107,5.760e-04,0.601,0.261,29372
580,5.94764,5.97107,5.758e-04,0.534,0.244,29391
581,5.88754,5.97107,5.757e-04,0.612,0.280,29332
582,5.68042,5.97107,5.756e-04,0.547,0.236,29390
583,6.01255,5.97107,5.755e-04,0.612,0.236,29377
584,5.72442,5.97107,5.753e-04,0.570,0.248,29401
585,5.86175,5.97107,5.752e-04,0.533,0.216,29386
586,5.88639,5.97107,5.751e-04,0.618,0.314,29384
587,5.81893,5.97107,5.749e-04,0.529,0.221,29388
588,5.93978,5.97107,5.748e-04,0.572,0.273,29379
589,5.92491,5.97107,5.747e-04,0.501,0.215,29396
590,6.08382,5.97107,5.746e-04,0.599,0.238,29374
591,5.93951,5.97107,5.744e-04,0.565,0.237,29366
592,6.05186,5.97107,5.743e-04,0.534,0.216,29385
593,5.99670,5.97107,5.742e-04,0.578,0.241,29372
594,5.88022,5.97107,5.740e-04,0.551,0.231,29395
595,5.76101,5.97107,5.739e-04,0.592,0.287,29374
596,5.89984,5.97107,5.738e-04,0.675,0.305,29378
597,5.81362,5.97107,5.737e-04,0.663,0.277,29382
598,5.90557,5.97107,5.735e-04,0.603,0.269,29403
599,5.92006,5.97107,5.734e-04,0.758,0.303,29374
600,5.82015,5.97107,5.733e-04,0.549,0.264,29395
601,5.80039,5.97107,5.731e-04,0.616,0.290,29328
602,6.00192,5.97107,5.730e-04,0.531,0.213,29411
603,6.04667,5.97107,5.729e-04,0.572,0.233,29394
604,5.90626,5.97107,5.727e-04,0.635,0.287,29384
605,5.86400,5.97107,5.726e-04,0.590,0.279,29405
606,5.95742,5.97107,5.725e-04,0.572,0.260,29379
607,5.95729,5.97107,5.723e-04,0.590,0.245,29382
608,5.83770,5.97107,5.722e-04,0.571,0.230,29388
609,5.95514,5.97107,5.721e-04,0.583,0.236,29388
610,5.87436,5.97107,5.719e-04,0.552,0.247,29389
611,5.87749,5.97107,5.718e-04,0.660,0.289,29385
612,5.89833,5.97107,5.717e-04,0.830,0.435,29362
613,6.11370,5.97107,5.715e-04,0.531,0.213,29373
614,5.95832,5.97107,5.714e-04,0.631,0.269,29379
615,5.92205,5.97107,5.713e-04,0.543,0.225,29407
616,5.96754,5.97107,5.711e-04,0.590,0.245,29390
617,5.94313,5.97107,5.710e-04,0.563,0.236,29377
618,5.82965,5.97107,5.708e-04,0.501,0.207,29374
619,5.81058,5.97107,5.707e-04,0.552,0.237,29353
620,5.85567,5.97107,5.706e-04,0.528,0.247,29407
621,5.78172,5.97107,5.704e-04,0.520,0.231,29335
622,5.69781,5.97107,5.703e-04,0.573,0.251,29381
623,5.97131,5.97107,5.702e-04,0.552,0.208,29383
624,5.71322,5.97107,5.700e-04,0.570,0.267,29388
625,5.82542,5.97107,5.699e-04,0.619,0.265,29390
626,5.58745,5.97107,5.697e-04,0.730,0.310,29368
627,5.79273,5.97107,5.696e-04,0.698,0.314,29377
628,5.72341,5.97107,5.695e-04,0.682,0.365,29400
629,5.93722,5.97107,5.693e-04,0.621,0.301,29382
630,5.87280,5.97107,5.692e-04,0.549,0.222,29391
631,5.85519,5.97107,5.690e-04,0.586,0.262,29393
632,5.67155,5.97107,5.689e-04,0.653,0.335,29392
633,5.71419,5.97107,5.688e-04,0.583,0.253,29387
634,5.69403,5.97107,5.686e-04,0.539,0.239,29387
635,5.75211,5.97107,5.685e-04,0.573,0.246,29369
636,5.90960,5.97107,5.683e-04,0.617,0.291,29404
637,5.69783,5.97107,5.682e-04,0.526,0.232,29390
638,5.74039,5.97107,5.680e-04,0.717,0.330,29393
639,5.91898,5.97107,5.679e-04,0.592,0.263,29370
640,5.84258,5.97107,5.678e-04,0.663,0.282,29386
641,5.90617,5.97107,5.676e-04,0.712,0.298,29305
642,5.65539,5.97107,5.675e-04,0.724,0.337,29396
643,5.82384,5.97107,5.673e-04,0.707,0.325,29377
644,5.82156,5.97107,5.672e-04,0.552,0.220,29394
645,5.80668,5.97107,5.670e-04,0.592,0.247,29369
646,5.81560,5.97107,5.669e-04,0.700,0.321,29394
647,5.58637,5.97107,5.667e-04,0.632,0.295,29387
648,5.79324,5.97107,5.666e-04,0.608,0.277,29379
649,5.86267,5.97107,5.665e-04,0.654,0.255,29374
650,5.84623,5.97107,5.663e-04,0.570,0.243,29404
651,5.78059,5.97107,5.662e-04,0.556,0.244,29390
652,6.02184,5.97107,5.660e-04,0.674,0.267,29397
653,5.75558,5.97107,5.659e-04,0.542,0.224,29372
654,5.66650,5.97107,5.657e-04,0.638,0.287,29358
655,5.64718,5.97107,5.656e-04,0.625,0.264,29397
656,5.81488,5.97107,5.654e-04,0.640,0.286,29388
657,5.86910,5.97107,5.653e-04,0.668,0.272,29358
658,5.80202,5.97107,5.651e-04,0.596,0.241,29398
659,5.94287,5.97107,5.650e-04,0.584,0.225,29380
660,5.71130,5.97107,5.648e-04,0.588,0.237,29387
661,5.72381,5.97107,5.647e-04,0.582,0.233,29332
662,5.89819,5.97107,5.645e-04,0.583,0.228,29381
663,5.85422,5.97107,5.644e-04,0.557,0.224,29389
664,5.93393,5.97107,5.642e-04,0.540,0.213,29380
665,5.93754,5.97107,5.641e-04,0.515,0.207,29360
666,5.67630,5.97107,5.639e-04,0.603,0.256,29357
667,5.86744,5.97107,5.638e-04,0.542,0.217,29402
668,5.74156,5.97107,5.636e-04,0.584,0.246,29380
669,5.87877,5.97107,5.635e-04,0.546,0.198,29375
670,5.67634,5.97107,5.633e-04,0.563,0.257,29371
671,5.77639,5.97107,5.632e-04,0.520,0.216,29387
672,5.88254,5.97107,5.630e-04,0.583,0.240,29399
673,5.88912,5.97107,5.629e-04,0.605,0.291,29374
674,5.82877,5.97107,5.627e-04,0.589,0.243,29397
675,5.78105,5.97107,5.626e-04,0.575,0.229,29378
676,5.70001,5.97107,5.624e-04,0.666,0.310,29399
677,5.88297,5.97107,5.622e-04,0.688,0.291,29379
678,5.83921,5.97107,5.621e-04,0.621,0.288,29385
679,5.75018,5.97107,5.619e-04,0.634,0.267,29389
680,5.81356,5.97107,5.618e-04,0.588,0.244,29373
681,5.70502,5.97107,5.616e-04,0.628,0.284,29353
682,5.81606,5.97107,5.615e-04,0.597,0.247,29402
683,5.72757,5.97107,5.613e-04,0.647,0.245,29383
684,5.84703,5.97107,5.612e-04,0.669,0.270,29375
685,5.74415,5.97107,5.610e-04,0.562,0.216,29393
686,5.76153,5.97107,5.608e-04,0.549,0.232,29380
687,5.55613,5.97107,5.607e-04,0.559,0.233,29396
688,5.78518,5.97107,5.605e-04,0.618,0.240,29353
689,5.72681,5.97107,5.604e-04,0.505,0.208,29393
690,5.91663,5.97107,5.602e-04,0.597,0.230,29362
691,5.57561,5.97107,5.601e-04,0.647,0.285,29387
692,6.02423,5.97107,5.599e-04,0.593,0.242,29391
693,5.64114,5.97107,5.597e-04,0.649,0.290,29358
694,5.78550,5.97107,5.596e-04,0.653,0.281,29404
695,5.96673,5.97107,5.594e-04,0.590,0.226,29383
696,5.67007,5.97107,5.593e-04,0.555,0.203,29400
697,5.77056,5.97107,5.591e-04,0.633,0.263,29366
698,5.88001,5.97107,5.589e-04,0.582,0.246,29367
699,5.79374,5.97107,5.588e-04,0.527,0.213,29384
700,5.87320,5.97107,5.586e-04,0.646,0.266,29396
701,5.68441,5.97107,5.585e-04,0.570,0.238,29320
702,5.56395,5.97107,5.583e-04,0.712,0.332,29396
703,5.74516,5.97107,5.581e-04,0.590,0.222,29370
704,5.71470,5.97107,5.580e-04,0.849,0.378,29394
705,5.78243,5.97107,5.578e-04,0.612,0.252,29377
706,5.80268,5.97107,5.576e-04,0.607,0.268,29386
707,5.76547,5.97107,5.575e-04,0.514,0.201,29371
708,5.86971,5.97107,5.573e-04,0.577,0.231,29387
709,5.71541,5.97107,5.572e-04,0.583,0.244,29394
710,5.58605,5.97107,5.570e-04,0.556,0.235,29387
711,5.71148,5.97107,5.568e-04,0.609,0.269,29376
712,5.60245,5.97107,5.567e-04,0.573,0.229,29376
713,5.68121,5.97107,5.565e-04,0.585,0.262,29374
714,5.62507,5.97107,5.563e-04,0.696,0.318,29372
715,5.53616,5.97107,5.562e-04,0.593,0.273,29392
716,5.54511,5.97107,5.560e-04,0.624,0.268,29379
717,5.80268,5.97107,5.558e-04,0.626,0.271,29412
718,5.58280,5.97107,5.557e-04,0.607,0.285,29381
719,5.83829,5.97107,5.555e-04,0.587,0.228,29382
720,5.70322,5.97107,5.553e-04,0.657,0.282,29360
721,5.61859,5.97107,5.552e-04,0.678,0.301,29351
722,5.65467,5.97107,5.550e-04,0.607,0.223,29366
723,5.79590,5.97107,5.548e-04,0.588,0.258,29408
724,5.72109,5.97107,5.547e-04,0.605,0.251,29393
725,5.76379,5.97107,5.545e-04,0.649,0.224,29390
726,5.64578,5.97107,5.543e-04,0.615,0.250,29382
727,5.79259,5.97107,5.542e-04,0.720,0.259,29400
728,6.01472,5.97107,5.540e-04,0.619,0.244,29412
729,5.76292,5.97107,5.538e-04,0.747,0.297,29371
730,5.57777,5.97107,5.537e-04,0.576,0.232,29400
731,5.68708,5.97107,5.535e-04,0.637,0.227,29394
732,5.75924,5.97107,5.533e-04,0.571,0.210,29387
733,5.67595,5.97107,5.531e-04,0.715,0.261,29387
734,5.84525,5.97107,5.530e-04,0.539,0.224,29381
735,5.81024,5.97107,5.528e-04,0.647,0.262,29365
736,5.74567,5.97107,5.526e-04,0.621,0.249,29375
737,5.49647,5.97107,5.525e-04,0.648,0.254,29395
738,5.73198,5.97107,5.523e-04,0.599,0.248,29388
739,5.73876,5.97107,5.521e-04,0.629,0.272,29377
740,5.68352,5.97107,5.519e-04,0.517,0.198,29398
741,5.72738,5.97107,5.518e-04,0.582,0.224,29333
742,5.72474,5.97107,5.516e-04,0.642,0.235,29362
743,5.71816,5.97107,5.514e-04,0.571,0.221,29406
744,5.56247,5.97107,5.512e-04,0.542,0.205,29406
745,5.62910,5.97107,5.511e-04,0.578,0.240,29385
746,5.73355,5.97107,5.509e-04,0.548,0.208,29404
747,5.87464,5.97107,5.507e-04,0.602,0.234,29378
748,5.70902,5.97107,5.506e-04,0.695,0.286,29385
749,5.70485,5.97107,5.504e-04,0.598,0.246,29381
750,5.93326,5.63541,5.502e-04,0.586,0.213,8939
751,5.72417,5.63541,5.500e-04,0.539,0.226,29725
752,5.72200,5.63541,5.499e-04,0.592,0.236,29385
753,5.73651,5.63541,5.497e-04,0.566,0.218,29388
754,5.60252,5.63541,5.495e-04,0.591,0.229,29417
755,5.52437,5.63541,5.493e-04,0.586,0.243,29350
756,5.69275,5.63541,5.491e-04,0.557,0.200,29393
757,5.56428,5.63541,5.490e-04,0.651,0.278,29384
758,5.75972,5.63541,5.488e-04,0.616,0.248,29376
759,5.68016,5.63541,5.486e-04,0.595,0.222,29392
760,5.68868,5.63541,5.484e-04,0.599,0.217,29404
761,5.67937,5.63541,5.483e-04,0.603,0.211,29304
762,5.96080,5.63541,5.481e-04,0.600,0.227,29382
763,5.50924,5.63541,5.479e-04,0.621,0.254,29405
764,5.47017,5.63541,5.477e-04,0.622,0.283,29369
765,5.68342,5.63541,5.475e-04,0.578,0.227,29384
766,5.64454,5.63541,5.474e-04,0.568,0.244,29406
767,5.74525,5.63541,5.472e-04,0.669,0.253,29407
768,5.68492,5.63541,5.470e-04,0.650,0.250,29387
769,5.49561,5.63541,5.468e-04,0.576,0.230,29377
770,5.54003,5.63541,5.466e-04,0.561,0.225,29382
771,5.80964,5.63541,5.465e-04,0.522,0.195,29376
772,5.71172,5.63541,5.463e-04,0.585,0.255,29365
773,5.71760,5.63541,5.461e-04,0.617,0.240,29386
774,5.52688,5.63541,5.459e-04,0.651,0.286,29397
775,5.69957,5.63541,5.457e-04,0.682,0.304,29365
776,5.76644,5.63541,5.456e-04,0.561,0.209,29381
777,5.56164,5.63541,5.454e-04,0.625,0.259,29364
778,5.58504,5.63541,5.452e-04,0.718,0.309,29388
779,5.72230,5.63541,5.450e-04,0.680,0.249,29381
780,5.73387,5.63541,5.448e-04,0.544,0.196,29362
781,5.66273,5.63541,5.446e-04,0.576,0.212,29330
782,5.53975,5.63541,5.445e-04,0.655,0.264,29381
783,5.61474,5.63541,5.443e-04,0.534,0.189,29373
784,5.74410,5.63541,5.441e-04,0.607,0.238,29381
785,5.46278,5.63541,5.439e-04,0.569,0.244,29387
786,5.64497,5.63541,5.437e-04,0.586,0.234,29367
787,5.72916,5.63541,5.435e-04,0.562,0.212,29383
788,5.61196,5.63541,5.433e-04,0.581,0.229,29378
789,5.78856,5.63541,5.432e-04,0.600,0.223,29401
790,5.65197,5.63541,5.430e-04,0.560,0.201,29391
791,5.78196,5.63541,5.428e-04,0.599,0.226,29387
792,5.51733,5.63541,5.426e-04,0.653,0.233,29391
793,5.75726,5.63541,5.424e-04,0.560,0.205,29360
794,5.59294,5.63541,5.422e-04,0.645,0.263,29397
795,5.93163,5.63541,5.420e-04,0.865,0.311,29368
796,5.83344,5.63541,5.418e-04,0.911,0.352,29366
797,5.60082,5.63541,5.417e-04,0.611,0.230,29395
798,5.62809,5.63541,5.415e-04,0.677,0.256,29370
799,5.75453,5.63541,5.413e-04,0.637,0.241,29396
800,5.66395,5.63541,5.411e-04,0.590,0.222,29393
801,5.67007,5.63541,5.409e-04,0.733,0.288,29320
802,5.78643,5.63541,5.407e-04,0.675,0.286,29401
803,5.61961,5.63541,5.405e-04,0.620,0.245,29363
804,5.43772,5.63541,5.403e-04,0.617,0.244,29378
805,5.68760,5.63541,5.401e-04,0.602,0.233,29404
806,5.71145,5.63541,5.400e-04,0.542,0.196,29364
807,5.58285,5.63541,5.398e-04,0.593,0.254,29388
808,5.56612,5.63541,5.396e-04,0.527,0.197,29371
809,5.59080,5.63541,5.394e-04,0.565,0.231,29395
810,5.56284,5.63541,5.392e-04,0.545,0.218,29402
811,5.67454,5.63541,5.390e-04,0.581,0.217,29380
812,5.67380,5.63541,5.388e-04,0.561,0.208,29382
813,5.56290,5.63541,5.386e-04,0.569,0.225,29399
814,5.71586,5.63541,5.384e-04,0.523,0.195,29372
815,5.79408,5.63541,5.382e-04,0.690,0.268,29400
816,5.71313,5.63541,5.380e-04,0.584,0.226,29356
817,5.51673,5.63541,5.378e-04,0.639,0.242,29388
818,5.55725,5.63541,5.377e-04,0.612,0.246,29390
819,5.66690,5.63541,5.375e-04,0.584,0.207,29394
820,5.75745,5.63541,5.373e-04,0.592,0.223,29361
821,5.65218,5.63541,5.371e-04,0.606,0.211,29335
822,5.65384,5.63541,5.369e-04,0.606,0.227,29364
823,5.69979,5.63541,5.367e-04,0.565,0.198,29394
824,5.53726,5.63541,5.365e-04,0.659,0.277,29383
825,5.67967,5.63541,5.363e-04,0.584,0.207,29366
826,5.62854,5.63541,5.361e-04,0.544,0.204,29375
827,5.78254,5.63541,5.359e-04,0.741,0.257,29394
828,5.62286,5.63541,5.357e-04,0.698,0.256,29374
829,5.65663,5.63541,5.355e-04,0.613,0.226,29384
830,5.69564,5.63541,5.353e-04,0.673,0.267,29385
831,5.68401,5.63541,5.351e-04,0.608,0.232,29390
832,5.73281,5.63541,5.349e-04,0.582,0.200,29371
833,5.64825,5.63541,5.347e-04,0.644,0.243,29387
834,5.72546,5.63541,5.345e-04,0.609,0.211,29382
835,5.64681,5.63541,5.343e-04,0.695,0.257,29409
836,5.69423,5.63541,5.341e-04,0.545,0.206,29374
837,5.60436,5.63541,5.339e-04,0.611,0.228,29379
838,5.54179,5.63541,5.337e-04,0.541,0.197,29373
839,5.79482,5.63541,5.335e-04,0.582,0.202,29385
840,5.37044,5.63541,5.333e-04,0.577,0.246,29387
841,5.54239,5.63541,5.331e-04,0.596,0.234,29339
842,5.66710,5.63541,5.329e-04,0.567,0.206,29399
843,5.63399,5.63541,5.327e-04,0.592,0.219,29368
844,5.65521,5.63541,5.325e-04,0.680,0.262,29400
845,5.44257,5.63541,5.323e-04,0.584,0.227,29376
846,5.57123,5.63541,5.321e-04,0.665,0.251,29370
847,5.61105,5.63541,5.319e-04,0.585,0.184,29403
848,5.74736,5.63541,5.317e-04,0.599,0.217,29400
849,5.60821,5.63541,5.315e-04,0.719,0.251,29374
850,5.57423,5.63541,5.313e-04,0.551,0.198,29388
851,5.52855,5.63541,5.311e-04,0.683,0.257,29393
852,5.68352,5.63541,5.309e-04,0.527,0.200,29373
853,5.58919,5.63541,5.307e-04,0.588,0.225,29379
854,5.63401,5.63541,5.305e-04,0.610,0.220,29389
855,5.54711,5.63541,5.303e-04,0.597,0.255,29397
856,5.50932,5.63541,5.301e-04,0.560,0.222,29360
857,5.70263,5.63541,5.299e-04,0.616,0.250,29381
858,5.66031,5.63541,5.297e-04,0.567,0.214,29395
859,5.61612,5.63541,5.295e-04,0.577,0.199,29395
860,5.61517,5.63541,5.293e-04,0.589,0.239,29379
861,5.65826,5.63541,5.291e-04,0.577,0.191,29356
862,5.46318,5.63541,5.289e-04,0.643,0.270,29409
863,5.28889,5.63541,5.287e-04,0.547,0.210,29370
864,5.37109,5.63541,5.285e-04,0.635,0.245,29385
865,5.47667,5.63541,5.283e-04,0.583,0.218,29325
866,5.57424,5.63541,5.281e-04,0.596,0.205,29396
867,5.54935,5.63541,5.279e-04,0.588,0.212,29396
868,5.53911,5.63541,5.276e-04,0.610,0.223,29384
869,5.57464,5.63541,5.274e-04,0.586,0.217,29363
870,5.67322,5.63541,5.272e-04,0.628,0.211,29391
871,5.57706,5.63541,5.270e-04,0.544,0.207,29397
872,5.64799,5.63541,5.268e-04,0.600,0.212,29393
873,5.75279,5.63541,5.266e-04,0.591,0.205,29373
874,5.47192,5.63541,5.264e-04,0.670,0.285,29368
875,5.57902,5.63541,5.262e-04,0.653,0.263,29386
876,5.63711,5.63541,5.260e-04,0.602,0.210,29396
877,5.42166,5.63541,5.258e-04,0.582,0.215,29366
878,5.48838,5.63541,5.256e-04,0.597,0.236,29405
879,5.72153,5.63541,5.254e-04,0.716,0.239,29348
880,5.44935,5.63541,5.252e-04,0.652,0.266,29379
881,5.85845,5.63541,5.249e-04,0.743,0.288,29328
882,5.43233,5.63541,5.247e-04,0.745,0.289,29408
883,5.46362,5.63541,5.245e-04,0.575,0.202,29371
884,5.38184,5.63541,5.243e-04,0.582,0.228,29402
885,5.68072,5.63541,5.241e-04,0.593,0.196,29382
886,5.65499,5.63541,5.239e-04,0.559,0.186,29382
887,5.53898,5.63541,5.237e-04,0.642,0.219,29391
888,5.65624,5.63541,5.235e-04,0.581,0.198,29372
889,5.49791,5.63541,5.233e-04,0.655,0.263,29360
890,5.63510,5.63541,5.230e-04,0.605,0.196,29372
891,5.66398,5.63541,5.228e-04,0.585,0.207,29386
892,5.72072,5.63541,5.226e-04,0.630,0.224,29383
893,5.59126,5.63541,5.224e-04,0.628,0.220,29393
894,5.43103,5.63541,5.222e-04,0.657,0.250,29401
895,5.60059,5.63541,5.220e-04,0.572,0.199,29380
896,5.47709,5.63541,5.218e-04,0.609,0.222,29400
897,5.54970,5.63541,5.216e-04,0.603,0.214,29370
898,5.34867,5.63541,5.213e-04,0.562,0.208,29391
899,5.48467,5.63541,5.211e-04,0.665,0.237,29393
900,5.60761,5.63541,5.209e-04,0.572,0.210,29381
901,5.63677,5.63541,5.207e-04,0.626,0.230,29343
902,5.60826,5.63541,5.205e-04,0.655,0.244,29371
903,5.60405,5.63541,5.203e-04,0.763,0.296,29402
904,5.65768,5.63541,5.201e-04,0.583,0.207,29356
905,5.43136,5.63541,5.198e-04,0.810,0.363,29394
906,5.44002,5.63541,5.196e-04,0.579,0.224,29378
907,5.52422,5.63541,5.194e-04,0.726,0.304,29398
908,5.44985,5.63541,5.192e-04,0.578,0.227,29375
909,5.57976,5.63541,5.190e-04,0.696,0.242,29377
910,5.49936,5.63541,5.188e-04,0.670,0.251,29381
911,5.53722,5.63541,5.185e-04,0.648,0.219,29362
912,5.52869,5.63541,5.183e-04,0.607,0.209,29376
913,5.58103,5.63541,5.181e-04,0.649,0.235,29409
914,5.64946,5.63541,5.179e-04,0.581,0.220,29386
915,5.69515,5.63541,5.177e-04,0.741,0.253,29372
916,5.48747,5.63541,5.175e-04,0.685,0.262,29389
917,5.50529,5.63541,5.172e-04,0.591,0.194,29374
918,5.46777,5.63541,5.170e-04,0.721,0.283,29366
919,5.55845,5.63541,5.168e-04,0.534,0.188,29390
920,5.52361,5.63541,5.166e-04,0.717,0.266,29379
921,5.50837,5.63541,5.164e-04,0.537,0.177,29345
922,5.57031,5.63541,5.161e-04,0.640,0.244,29373
923,5.36316,5.63541,5.159e-04,0.627,0.231,29400
924,5.61150,5.63541,5.157e-04,0.600,0.223,29354
925,5.46116,5.63541,5.155e-04,0.551,0.195,29380
926,5.47595,5.63541,5.153e-04,0.627,0.223,29371
927,5.50376,5.63541,5.150e-04,0.591,0.232,29388
928,5.52499,5.63541,5.148e-04,0.684,0.249,29372
929,5.45763,5.63541,5.146e-04,0.584,0.200,29390
930,5.49891,5.63541,5.144e-04,0.568,0.180,29402
931,5.48079,5.63541,5.142e-04,0.550,0.192,29377
932,5.50453,5.63541,5.139e-04,0.629,0.205,29354
933,5.57944,5.63541,5.137e-04,0.623,0.221,29368
934,5.61697,5.63541,5.135e-04,0.635,0.230,29389
935,5.36865,5.63541,5.133e-04,0.615,0.234,29383
936,5.32557,5.63541,5.131e-04,0.702,0.250,29366
937,5.56258,5.63541,5.128e-04,0.601,0.189,29407
938,5.57213,5.63541,5.126e-04,0.579,0.189,29368
939,5.55657,5.63541,5.124e-04,0.636,0.226,29387
940,5.53046,5.63541,5.122e-04,0.566,0.197,29372
941,5.48493,5.63541,5.119e-04,0.592,0.199,29339
942,5.52093,5.63541,5.117e-04,0.611,0.208,29388
943,5.54585,5.63541,5.115e-04,0.645,0.227,29399
944,5.74792,5.63541,5.113e-04,0.700,0.218,29388
945,5.51194,5.63541,5.110e-04,0.650,0.208,29367
946,5.59057,5.63541,5.108e-04,0.619,0.232,29376
947,5.57629,5.63541,5.106e-04,0.642,0.201,29383
948,5.60464,5.63541,5.104e-04,0.615,0.205,29368
949,5.40537,5.63541,5.101e-04,0.621,0.246,29387
950,5.53675,5.63541,5.099e-04,0.606,0.206,29382
951,5.61329,5.63541,5.097e-04,0.633,0.245,29385
952,5.61461,5.63541,5.095e-04,0.620,0.208,29382
953,5.59430,5.63541,5.092e-04,0.612,0.222,29399
954,5.61530,5.63541,5.090e-04,0.663,0.228,29372
955,5.68501,5.63541,5.088e-04,0.603,0.191,29396
956,5.58322,5.63541,5.086e-04,0.674,0.257,29382
957,5.48938,5.63541,5.083e-04,0.572,0.186,29378
958,5.53062,5.63541,5.081e-04,0.670,0.255,29387
959,5.50950,5.63541,5.079e-04,0.620,0.223,29380
960,5.41047,5.63541,5.076e-04,0.685,0.276,29387
961,5.82370,5.63541,5.074e-04,0.711,0.237,29335
962,5.47816,5.63541,5.072e-04,0.624,0.241,29382
963,5.56388,5.63541,5.070e-04,0.768,0.277,29369
964,5.51825,5.63541,5.067e-04,0.550,0.202,29399
965,5.59190,5.63541,5.065e-04,0.742,0.250,29366
966,5.47412,5.63541,5.063e-04,0.610,0.217,29389
967,5.54461,5.63541,5.060e-04,0.653,0.225,29383
968,5.45833,5.63541,5.058e-04,0.608,0.231,29373
969,5.49006,5.63541,5.056e-04,0.693,0.238,29385
970,5.40074,5.63541,5.054e-04,0.556,0.180,29377
971,5.58436,5.63541,5.051e-04,0.652,0.220,29369
972,5.69148,5.63541,5.049e-04,0.557,0.164,29402
973,5.40489,5.63541,5.047e-04,0.722,0.254,29394
974,5.43583,5.63541,5.044e-04,0.579,0.206,29380
975,5.53055,5.63541,5.042e-04,0.579,0.195,29365
976,5.63862,5.63541,5.040e-04,0.599,0.197,29376
977,5.55990,5.63541,5.037e-04,0.664,0.224,29397
978,5.38371,5.63541,5.035e-04,0.595,0.222,29378
979,5.60240,5.63541,5.033e-04,0.657,0.209,29383
980,5.41513,5.63541,5.030e-04,0.606,0.221,29385
981,5.37138,5.63541,5.028e-04,0.640,0.223,29347
982,5.32956,5.63541,5.026e-04,0.600,0.212,29378
983,5.60334,5.63541,5.023e-04,0.584,0.191,29372
984,5.46428,5.63541,5.021e-04,0.599,0.197,29367
985,5.49569,5.63541,5.019e-04,0.604,0.186,29381
986,5.42148,5.63541,5.016e-04,0.627,0.224,29361
987,5.39775,5.63541,5.014e-04,0.621,0.211,29405
988,5.48201,5.63541,5.012e-04,0.687,0.270,29417
989,5.50682,5.63541,5.009e-04,0.528,0.189,29371
990,5.67078,5.63541,5.007e-04,0.684,0.203,29400
991,5.48782,5.63541,5.005e-04,0.606,0.190,29390
992,5.46219,5.63541,5.002e-04,0.626,0.223,29387
993,5.33561,5.63541,5.000e-04,0.719,0.262,29358
994,5.42385,5.63541,4.998e-04,0.578,0.188,29400
995,5.58561,5.63541,4.995e-04,0.703,0.229,29377
996,5.35830,5.63541,4.993e-04,0.629,0.203,29401
997,5.38340,5.63541,4.991e-04,0.594,0.206,29359
998,5.38614,5.63541,4.988e-04,0.650,0.237,29379
999,5.41796,5.63541,4.986e-04,0.611,0.215,29370
1000,5.48154,5.43064,4.983e-04,0.635,0.232,8936
1001,5.43443,5.43064,4.981e-04,0.600,0.213,29708
1002,5.52536,5.43064,4.979e-04,0.610,0.184,29380
1003,5.53539,5.43064,4.976e-04,0.616,0.193,29389
1004,5.35972,5.43064,4.974e-04,0.590,0.185,29391
1005,5.53233,5.43064,4.972e-04,0.640,0.192,29384
1006,5.49531,5.43064,4.969e-04,0.572,0.186,29390
1007,5.34183,5.43064,4.967e-04,0.593,0.203,29374
1008,5.44378,5.43064,4.964e-04,0.661,0.203,29392
1009,5.23869,5.43064,4.962e-04,0.542,0.175,29358
1010,5.39606,5.43064,4.960e-04,0.667,0.223,29403
1011,5.54917,5.43064,4.957e-04,0.640,0.195,29396
1012,5.53437,5.43064,4.955e-04,0.600,0.197,29354
1013,5.48051,5.43064,4.952e-04,0.624,0.206,29378
1014,5.35984,5.43064,4.950e-04,0.610,0.209,29365
1015,5.26288,5.43064,4.948e-04,0.576,0.196,29370
1016,5.31397,5.43064,4.945e-04,0.673,0.259,29353
1017,5.48058,5.43064,4.943e-04,0.580,0.197,29377
1018,5.23448,5.43064,4.940e-04,0.622,0.236,29386
1019,5.42212,5.43064,4.938e-04,0.580,0.189,29378
1020,5.51535,5.43064,4.936e-04,0.590,0.204,29401
1021,5.44084,5.43064,4.933e-04,0.618,0.211,29338
1022,5.42192,5.43064,4.931e-04,0.590,0.202,29386
1023,5.35527,5.43064,4.928e-04,0.617,0.203,29387
1024,5.45557,5.43064,4.926e-04,0.566,0.198,29368
1025,5.33358,5.43064,4.924e-04,0.557,0.173,29408
1026,5.44997,5.43064,4.921e-04,0.628,0.193,29382
1027,5.43110,5.43064,4.919e-04,0.597,0.189,29394
1028,5.32637,5.43064,4.916e-04,0.561,0.181,29379
1029,5.51240,5.43064,4.914e-04,0.658,0.217,29389
1030,5.66746,5.43064,4.911e-04,0.586,0.174,29363
1031,5.53723,5.43064,4.909e-04,0.673,0.234,29409
1032,5.53417,5.43064,4.907e-04,0.613,0.218,29371
1033,5.48570,5.43064,4.904e-04,0.569,0.185,29387
1034,5.32648,5.43064,4.902e-04,0.621,0.202,29377
1035,5.47359,5.43064,4.899e-04,0.561,0.184,29394
1036,5.51590,5.43064,4.897e-04,0.581,0.180,29384
1037,5.37064,5.43064,4.894e-04,0.631,0.197,29375
1038,5.34400,5.43064,4.892e-04,0.646,0.220,29363
1039,5.33624,5.43064,4.889e-04,0.619,0.202,29387
1040,5.48680,5.43064,4.887e-04,0.599,0.177,29367
1041,5.27022,5.43064,4.885e-04,0.598,0.204,29343
1042,5.37056,5.43064,4.882e-04,0.656,0.226,29378
1043,5.31935,5.43064,4.880e-04,0.729,0.249,29389
1044,5.49000,5.43064,4.877e-04,0.639,0.201,29388
1045,5.47231,5.43064,4.875e-04,0.608,0.201,29391
1046,5.45383,5.43064,4.872e-04,0.670,0.222,29389
1047,5.31613,5.43064,4.870e-04,0.574,0.207,29392
1048,5.31108,5.43064,4.867e-04,0.666,0.209,29390
1049,5.37800,5.43064,4.865e-04,0.599,0.191,29393
1050,5.45543,5.43064,4.862e-04,0.620,0.217,29386
1051,5.41359,5.43064,4.860e-04,0.677,0.241,29404
1052,5.34916,5.43064,4.857e-04,0.561,0.183,29401
1053,5.38130,5.43064,4.855e-04,0.621,0.213,29391
1054,5.33938,5.43064,4.853e-04,0.604,0.186,29398
1055,5.36775,5.43064,4.850e-04,0.617,0.213,29372
1056,5.38088,5.43064,4.848e-04,0.611,0.199,29395
1057,5.12214,5.43064,4.845e-04,0.687,0.261,29367
1058,5.52907,5.43064,4.843e-04,0.620,0.186,29387
1059,5.32708,5.43064,4.840e-04,0.787,0.302,29395
1060,5.34764,5.43064,4.838e-04,0.643,0.213,29372
1061,5.46780,5.43064,4.835e-04,0.662,0.247,29355
1062,5.30231,5.43064,4.833e-04,0.602,0.194,29371
1063,5.49454,5.43064,4.830e-04,0.573,0.175,29401
1064,5.47355,5.43064,4.828e-04,0.596,0.197,29367
1065,5.53657,5.43064,4.825e-04,0.552,0.167,29382
1066,5.48531,5.43064,4.823e-04,0.615,0.192,29367
1067,5.44020,5.43064,4.820e-04,0.602,0.191,29389
1068,5.23080,5.43064,4.818e-04,0.613,0.204,29369
1069,5.45212,5.43064,4.815e-04,0.655,0.201,29385
1070,5.31672,5.43064,4.813e-04,0.630,0.212,29400
1071,5.41092,5.43064,4.810e-04,0.616,0.206,29381
1072,5.38913,5.43064,4.808e-04,0.563,0.196,29383
1073,5.45472,5.43064,4.805e-04,0.630,0.208,29369
1074,5.44021,5.43064,4.803e-04,0.749,0.213,29374
1075,5.33803,5.43064,4.800e-04,0.608,0.202,29411
1076,5.33397,5.43064,4.798e-04,0.621,0.203,29408
1077,5.47808,5.43064,4.795e-04,0.629,0.233,29384
1078,5.25365,5.43064,4.792e-04,0.674,0.236,29369
1079,5.49267,5.43064,4.790e-04,0.598,0.188,29392
1080,5.40793,5.43064,4.787e-04,0.767,0.275,29386
1081,5.66312,5.43064,4.785e-04,0.609,0.190,29344
1082,5.29949,5.43064,4.782e-04,0.835,0.319,29394
1083,5.49363,5.43064,4.780e-04,0.596,0.196,29383
1084,5.37257,5.43064,4.777e-04,0.611,0.213,29369
1085,5.34286,5.43064,4.775e-04,0.604,0.201,29383
1086,5.46150,5.43064,4.772e-04,0.585,0.175,29369
1087,5.44414,5.43064,4.770e-04,0.629,0.201,29375
1088,5.22953,5.43064,4.767e-04,0.620,0.201,29381
1089,5.47060,5.43064,4.765e-04,0.619,0.197,29397
1090,5.24894,5.43064,4.762e-04,0.698,0.229,29401
1091,5.31349,5.43064,4.759e-04,0.601,0.201,29368
1092,5.36802,5.43064,4.757e-04,0.635,0.191,29362
1093,5.38623,5.43064,4.754e-04,0.620,0.203,29386
1094,5.28394,5.43064,4.752e-04,0.602,0.184,29388
1095,5.49665,5.43064,4.749e-04,0.615,0.180,29378
1096,5.43313,5.43064,4.747e-04,0.697,0.262,29384
1097,5.61818,5.43064,4.744e-04,0.599,0.185,29400
1098,5.31834,5.43064,4.742e-04,0.602,0.192,29368
1099,5.15267,5.43064,4.739e-04,0.561,0.192,29372
1100,5.35383,5.43064,4.736e-04,0.616,0.212,29386
1101,5.40661,5.43064,4.734e-04,0.586,0.185,29345
1102,5.23458,5.43064,4.731e-04,0.581,0.192,29381
1103,5.24404,5.43064,4.729e-04,0.592,0.192,29373
1104,5.54063,5.43064,4.726e-04,0.625,0.191,29390
1105,5.43508,5.43064,4.724e-04,0.730,0.236,29396
1106,5.36608,5.43064,4.721e-04,0.625,0.205,29366
1107,5.44976,5.43064,4.718e-04,0.625,0.202,29385
1108,5.35305,5.43064,4.716e-04,0.632,0.201,29372
1109,5.32601,5.43064,4.713e-04,0.650,0.219,29378
1110,5.29046,5.43064,4.711e-04,0.636,0.215,29387
1111,5.35613,5.43064,4.708e-04,0.651,0.194,29366
1112,5.56255,5.43064,4.706e-04,0.711,0.222,29397
1113,5.33272,5.43064,4.703e-04,0.642,0.241,29378
1114,5.44625,5.43064,4.700e-04,0.640,0.194,29365
1115,5.29113,5.43064,4.698e-04,0.757,0.265,29392
1116,5.34256,5.43064,4.695e-04,0.645,0.206,29382
1117,5.30443,5.43064,4.693e-04,0.665,0.217,29382
1118,5.38966,5.43064,4.690e-04,0.681,0.241,29369
1119,5.30437,5.43064,4.687e-04,0.579,0.192,29405
1120,5.51003,5.43064,4.685e-04,0.706,0.199,29395
1121,5.43310,5.43064,4.682e-04,0.686,0.207,29333
1122,5.19497,5.43064,4.680e-04,0.660,0.226,29380
1123,5.41063,5.43064,4.677e-04,0.654,0.225,29380
1124,5.34440,5.43064,4.674e-04,0.754,0.255,29360
1125,5.40237,5.43064,4.672e-04,0.603,0.184,29380
1126,5.35288,5.43064,4.669e-04,0.624,0.179,29387
1127,5.44621,5.43064,4.667e-04,0.667,0.197,29398
1128,5.57076,5.43064,4.664e-04,0.588,0.178,29367
1129,5.32347,5.43064,4.661e-04,0.755,0.248,29401
1130,5.29101,5.43064,4.659e-04,0.651,0.217,29381
1131,5.41165,5.43064,4.656e-04,0.636,0.189,29380
1132,5.31294,5.43064,4.653e-04,0.663,0.212,29374
1133,5.49026,5.43064,4.651e-04,0.567,0.163,29383
1134,5.42881,5.43064,4.648e-04,0.610,0.187,29375
1135,5.29313,5.43064,4.646e-04,0.582,0.189,29377
1136,5.38821,5.43064,4.643e-04,0.685,0.196,29385
1137,5.43203,5.43064,4.640e-04,0.651,0.180,29365
1138,5.26365,5.43064,4.638e-04,0.586,0.188,29408
1139,5.29271,5.43064,4.635e-04,0.617,0.186,29357
1140,5.34322,5.43064,4.632e-04,0.597,0.182,29386
1141,5.31203,5.43064,4.630e-04,0.640,0.219,29333
1142,5.17502,5.43064,4.627e-04,0.613,0.206,29390
1143,5.32378,5.43064,4.625e-04,0.648,0.195,29403
1144,5.54899,5.43064,4.622e-04,0.641,0.202,29369
1145,5.33973,5.43064,4.619e-04,0.790,0.256,29359
1146,5.39996,5.43064,4.617e-04,0.606,0.185,29383
1147,5.37186,5.43064,4.614e-04,0.664,0.205,29396
1148,5.27730,5.43064,4.611e-04,0.637,0.199,29388
1149,5.44787,5.43064,4.609e-04,0.579,0.170,29397
1150,5.38141,5.43064,4.606e-04,0.606,0.174,29380
1151,5.32840,5.43064,4.603e-04,0.574,0.168,29375
1152,5.22768,5.43064,4.601e-04,0.616,0.180,29399
1153,5.58861,5.43064,4.598e-04,0.623,0.189,29387
1154,5.39798,5.43064,4.595e-04,0.639,0.187,29390
1155,5.45346,5.43064,4.593e-04,0.653,0.194,29373
1156,5.37269,5.43064,4.590e-04,0.674,0.215,29394
1157,5.56260,5.43064,4.587e-04,0.624,0.170,29384
1158,5.18971,5.43064,4.585e-04,0.678,0.230,29367
1159,5.41402,5.43064,4.582e-04,0.642,0.178,29373
1160,5.25471,5.43064,4.579e-04,0.733,0.241,29385
1161,5.64037,5.43064,4.577e-04,0.665,0.188,29329
1162,5.37858,5.43064,4.574e-04,0.678,0.225,29385
1163,5.24026,5.43064,4.571e-04,0.599,0.189,29392
1164,5.36646,5.43064,4.569e-04,0.673,0.220,29372
1165,5.33907,5.43064,4.566e-04,0.604,0.177,29399
1166,5.36026,5.43064,4.563e-04,0.702,0.209,29391
1167,5.32339,5.43064,4.561e-04,0.628,0.192,29402
1168,5.35520,5.43064,4.558e-04,0.602,0.182,29381
1169,5.24519,5.43064,4.555e-04,0.652,0.196,29389
1170,5.39523,5.43064,4.553e-04,0.618,0.198,29389
1171,5.44067,5.43064,4.550e-04,0.617,0.191,29397
1172,5.31496,5.43064,4.547e-04,0.568,0.173,29374
1173,5.17079,5.43064,4.545e-04,0.638,0.223,29400
1174,5.31386,5.43064,4.542e-04,0.597,0.172,29393
1175,5.49641,5.43064,4.539e-04,0.539,0.155,29397
1176,5.51472,5.43064,4.537e-04,0.638,0.188,29377
1177,5.36121,5.43064,4.534e-04,0.640,0.181,29384
1178,5.63818,5.43064,4.531e-04,0.686,0.201,29371
1179,5.17964,5.43064,4.528e-04,0.704,0.235,29373
1180,5.25216,5.43064,4.526e-04,0.697,0.214,29348
1181,5.30791,5.43064,4.523e-04,0.654,0.180,29331
1182,5.30352,5.43064,4.520e-04,0.626,0.198,29413
1183,5.53573,5.43064,4.518e-04,0.666,0.197,29386
1184,5.41896,5.43064,4.515e-04,0.694,0.216,29372
1185,5.48252,5.43064,4.512e-04,0.634,0.196,29388
1186,5.17623,5.43064,4.510e-04,0.615,0.201,29398
1187,5.15888,5.43064,4.507e-04,0.644,0.206,29375
1188,5.40016,5.43064,4.504e-04,0.610,0.185,29378
1189,5.25242,5.43064,4.501e-04,0.627,0.210,29405
1190,5.43791,5.43064,4.499e-04,0.707,0.191,29371
1191,5.25043,5.43064,4.496e-04,0.651,0.206,29380
1192,5.33558,5.43064,4.493e-04,0.632,0.188,29394
1193,5.28155,5.43064,4.491e-04,0.620,0.190,29389
1194,5.46925,5.43064,4.488e-04,0.649,0.194,29384
1195,5.39143,5.43064,4.485e-04,0.628,0.173,29362
1196,5.19225,5.43064,4.482e-04,0.636,0.214,29396
1197,5.44894,5.43064,4.480e-04,0.605,0.174,29381
1198,5.31041,5.43064,4.477e-04,0.611,0.200,29409
1199,5.44907,5.43064,4.474e-04,0.586,0.183,29345
1200,5.37801,5.43064,4.471e-04,0.643,0.183,29371
1201,5.39973,5.43064,4.469e-04,0.595,0.189,29345
1202,5.43435,5.43064,4.466e-04,0.592,0.166,29395
1203,5.32578,5.43064,4.463e-04,0.658,0.209,29365
1204,5.41353,5.43064,4.461e-04,0.649,0.190,29370
1205,5.41323,5.43064,4.458e-04,0.655,0.204,29397
1206,5.39103,5.43064,4.455e-04,0.581,0.172,29386
1207,5.44069,5.43064,4.452e-04,0.634,0.199,29375
1208,5.28974,5.43064,4.450e-04,0.727,0.241,29395
1209,5.34207,5.43064,4.447e-04,0.648,0.199,29357
1210,5.22970,5.43064,4.444e-04,0.642,0.219,29394
1211,5.38505,5.43064,4.441e-04,0.639,0.189,29375
1212,5.33792,5.43064,4.439e-04,0.627,0.194,29368
1213,5.37070,5.43064,4.436e-04,0.644,0.188,29395
1214,5.45470,5.43064,4.433e-04,0.619,0.173,29403
1215,5.20849,5.43064,4.430e-04,0.750,0.254,29363
1216,5.35952,5.43064,4.428e-04,0.640,0.191,29390
1217,5.41966,5.43064,4.425e-04,0.670,0.228,29375
1218,5.47685,5.43064,4.422e-04,0.665,0.202,29390
1219,5.11232,5.43064,4.419e-04,0.652,0.212,29389
1220,5.44093,5.43064,4.417e-04,0.625,0.185,29391
1221,5.45013,5.43064,4.414e-04,0.656,0.181,29329
1222,5.41647,5.43064,4.411e-04,0.593,0.160,29380
1223,5.16677,5.43064,4.408e-04,0.650,0.244,29389
1224,5.34103,5.43064,4.406e-04,0.697,0.209,29378
1225,5.31856,5.43064,4.403e-04,0.585,0.174,29369
1226,5.33844,5.43064,4.400e-04,0.604,0.189,29399
1227,5.37399,5.43064,4.397e-04,0.602,0.193,29371
1228,5.32756,5.43064,4.394e-04,0.638,0.196,29372
1229,5.48869,5.43064,4.392e-04,0.729,0.223,29395
1230,5.37907,5.43064,4.389e-04,0.648,0.178,29378
1231,5.41496,5.43064,4.386e-04,0.654,0.199,29369
1232,5.22204,5.43064,4.383e-04,0.654,0.206,29375
1233,5.21422,5.43064,4.381e-04,0.693,0.244,29389
1234,5.51986,5.43064,4.378e-04,0.744,0.194,29395
1235,5.40449,5.43064,4.375e-04,0.656,0.180,29337
1236,5.25349,5.43064,4.372e-04,0.656,0.218,29422
1237,5.29134,5.43064,4.370e-04,0.630,0.182,29382
1238,5.22051,5.43064,4.367e-04,0.677,0.196,29386
1239,5.33941,5.43064,4.364e-04,0.724,0.207,29386
1240,5.22001,5.43064,4.361e-04,0.672,0.201,29394
1241,5.33241,5.43064,4.358e-04,0.642,0.194,29347
1242,5.45713,5.43064,4.356e-04,0.601,0.167,29367
1243,5.24826,5.43064,4.353e-04,0.620,0.175,29393
1244,5.28531,5.43064,4.350e-04,0.570,0.171,29394
1245,5.27727,5.43064,4.347e-04,0.604,0.173,29375
1246,5.50859,5.43064,4.344e-04,0.616,0.158,29388
1247,5.33528,5.43064,4.342e-04,0.602,0.185,29366
1248,5.37821,5.43064,4.339e-04,0.597,0.164,29400
1249,5.31412,5.43064,4.336e-04,0.691,0.215,29369
1250,5.25397,5.27503,4.333e-04,0.570,0.158,8939
1251,5.26984,5.27503,4.330e-04,0.675,0.219,29697
1252,5.35651,5.27503,4.328e-04,0.625,0.179,29374
1253,5.36093,5.27503,4.325e-04,0.734,0.231,29370
1254,5.11307,5.27503,4.322e-04,0.615,0.185,29397
1255,5.12277,5.27503,4.319e-04,0.669,0.219,29367
1256,5.25514,5.27503,4.316e-04,0.611,0.180,29397
1257,5.27093,5.27503,4.314e-04,0.647,0.194,29355
1258,5.33763,5.27503,4.311e-04,0.694,0.227,29412
1259,5.23668,5.27503,4.308e-04,0.650,0.214,29365
1260,5.21405,5.27503,4.305e-04,0.679,0.218,29393
1261,5.29785,5.27503,4.302e-04,0.627,0.184,29341
1262,5.30790,5.27503,4.300e-04,0.679,0.221,29378
1263,5.27461,5.27503,4.297e-04,0.662,0.202,29410
1264,5.28084,5.27503,4.294e-04,0.680,0.210,29405
1265,5.37714,5.27503,4.291e-04,0.697,0.205,29403
1266,5.13635,5.27503,4.288e-04,0.661,0.194,29371
1267,5.47204,5.27503,4.285e-04,0.735,0.214,29397
1268,5.26291,5.27503,4.283e-04,0.678,0.197,29373
1269,5.23617,5.27503,4.280e-04,0.719,0.207,29385
1270,5.24148,5.27503,4.277e-04,0.703,0.211,29388
1271,5.11605,5.27503,4.274e-04,0.756,0.260,29382
1272,5.40412,5.27503,4.271e-04,0.657,0.210,29376
1273,5.30784,5.27503,4.269e-04,0.762,0.257,29379
1274,5.40025,5.27503,4.266e-04,0.699,0.196,29377
1275,5.32066,5.27503,4.263e-04,0.680,0.211,29404
1276,5.41799,5.27503,4.260e-04,0.624,0.202,29395
1277,5.25102,5.27503,4.257e-04,0.746,0.201,29392
1278,5.21507,5.27503,4.254e-04,0.668,0.205,29396
1279,5.53319,5.27503,4.252e-04,0.663,0.180,29394
1280,5.25271,5.27503,4.249e-04,0.689,0.200,29372
1281,5.23521,5.27503,4.246e-04,0.635,0.192,29354
1282,5.26613,5.27503,4.243e-04,0.691,0.180,29372
1283,5.30709,5.27503,4.240e-04,0.609,0.190,29359
1284,5.32892,5.27503,4.237e-04,0.611,0.159,29370
1285,5.33536,5.27503,4.235e-04,0.637,0.203,29402
1286,5.43174,5.27503,4.232e-04,0.614,0.183,29374
1287,5.15578,5.27503,4.229e-04,0.614,0.186,29391
1288,5.24545,5.27503,4.226e-04,0.730,0.254,29405
1289,5.26306,5.27503,4.223e-04,0.636,0.177,29371
1290,5.33494,5.27503,4.220e-04,0.659,0.232,29382
1291,5.32484,5.27503,4.217e-04,0.676,0.207,29384
1292,5.31322,5.27503,4.215e-04,0.718,0.228,29410
1293,5.43813,5.27503,4.212e-04,0.662,0.190,29391
1294,5.14175,5.27503,4.209e-04,0.664,0.210,29373
1295,5.33212,5.27503,4.206e-04,0.685,0.206,29353
1296,5.26526,5.27503,4.203e-04,0.636,0.196,29386
1297,5.28653,5.27503,4.200e-04,0.709,0.183,29382
1298,5.18653,5.27503,4.197e-04,0.621,0.184,29388
1299,4.90585,5.27503,4.195e-04,0.627,0.191,29384
1300,5.23226,5.27503,4.192e-04,0.661,0.179,29389
1301,5.18537,5.27503,4.189e-04,0.651,0.199,29323
1302,5.33827,5.27503,4.186e-04,0.647,0.186,29395
1303,5.25880,5.27503,4.183e-04,0.585,0.160,29363
1304,5.17145,5.27503,4.180e-04,0.614,0.182,29400
1305,5.25251,5.27503,4.177e-04,0.669,0.192,29356
1306,5.21581,5.27503,4.175e-04,0.803,0.278,29403
1307,5.31906,5.27503,4.172e-04,0.689,0.242,29415
1308,5.29366,5.27503,4.169e-04,0.680,0.190,29358
1309,5.24643,5.27503,4.166e-04,0.614,0.182,29392
1310,5.28438,5.27503,4.163e-04,0.660,0.215,29368
1311,5.28190,5.27503,4.160e-04,0.611,0.171,29380
1312,5.28942,5.27503,4.157e-04,0.631,0.179,29408
1313,5.18584,5.27503,4.154e-04,0.728,0.189,29400
1314,5.29250,5.27503,4.152e-04,0.615,0.176,29403
1315,5.29683,5.27503,4.149e-04,0.810,0.234,29369
1316,5.38778,5.27503,4.146e-04,0.694,0.207,29399
1317,5.27512,5.27503,4.143e-04,0.715,0.220,29368
1318,5.07838,5.27503,4.140e-04,0.735,0.213,29393
1319,5.26214,5.27503,4.137e-04,0.737,0.226,29363
1320,5.25223,5.27503,4.134e-04,0.693,0.213,29384
1321,5.28547,5.27503,4.131e-04,0.684,0.212,29342
1322,5.23737,5.27503,4.129e-04,0.680,0.190,29398
1323,5.16502,5.27503,4.126e-04,0.649,0.208,29378
1324,5.14606,5.27503,4.123e-04,0.657,0.198,29386
1325,5.34316,5.27503,4.120e-04,0.666,0.169,29373
1326,5.20827,5.27503,4.117e-04,0.608,0.174,29400
1327,5.16916,5.27503,4.114e-04,0.644,0.189,29388
1328,5.25577,5.27503,4.111e-04,0.688,0.191,29413
1329,5.54517,5.27503,4.108e-04,0.668,0.177,29365
1330,5.50790,5.27503,4.105e-04,0.771,0.215,29401
1331,5.26240,5.27503,4.103e-04,0.702,0.186,29375
1332,5.25765,5.27503,4.100e-04,0.732,0.226,29372
1333,5.28245,5.27503,4.097e-04,0.642,0.187,29396
1334,5.31086,5.27503,4.094e-04,0.698,0.207,29379
1335,5.36204,5.27503,4.091e-04,0.646,0.183,29401
1336,5.33218,5.27503,4.088e-04,0.720,0.198,29385
1337,5.08182,5.27503,4.085e-04,0.667,0.180,29360
1338,5.35312,5.27503,4.082e-04,0.682,0.177,29380
1339,5.34394,5.27503,4.079e-04,0.592,0.176,29382
1340,5.13675,5.27503,4.077e-04,0.726,0.211,29400
1341,5.20585,5.27503,4.074e-04,0.639,0.187,29336
1342,5.27185,5.27503,4.071e-04,0.648,0.158,29393
1343,5.22482,5.27503,4.068e-04,0.670,0.197,29365
1344,5.05015,5.27503,4.065e-04,0.639,0.197,29366
1345,5.25402,5.27503,4.062e-04,0.704,0.225,29392
1346,5.33020,5.27503,4.059e-04,0.740,0.213,29378
1347,5.33568,5.27503,4.056e-04,0.745,0.200,29368
1348,5.18494,5.27503,4.053e-04,0.662,0.206,29381
1349,5.13637,5.27503,4.050e-04,0.634,0.182,29385
1350,5.02866,5.27503,4.047e-04,0.616,0.176,29413
1351,5.35874,5.27503,4.045e-04,0.615,0.176,29357
1352,5.34350,5.27503,4.042e-04,0.645,0.196,29394
1353,5.38401,5.27503,4.039e-04,0.616,0.173,29392
1354,5.29593,5.27503,4.036e-04,0.666,0.195,29359
1355,5.18777,5.27503,4.033e-04,0.575,0.160,29400
1356,5.44794,5.27503,4.030e-04,0.693,0.190,29386
1357,5.27397,5.27503,4.027e-04,0.664,0.183,29384
1358,5.13030,5.27503,4.024e-04,0.656,0.189,29343
1359,4.95199,5.27503,4.021e-04,0.653,0.198,29366
1360,5.21744,5.27503,4.018e-04,0.744,0.202,29401
1361,5.41508,5.27503,4.015e-04,0.652,0.170,29336
1362,5.13553,5.27503,4.012e-04,0.671,0.196,29409
1363,5.19087,5.27503,4.010e-04,0.712,0.198,29386
1364,5.29414,5.27503,4.007e-04,0.674,0.200,29413
1365,5.22343,5.27503,4.004e-04,0.761,0.199,29371
1366,5.21873,5.27503,4.001e-04,0.648,0.181,29391
1367,5.12440,5.27503,3.998e-04,0.711,0.199,29397
1368,5.21990,5.27503,3.995e-04,0.678,0.198,29370
1369,5.14436,5.27503,3.992e-04,0.825,0.223,29387
1370,5.18843,5.27503,3.989e-04,0.680,0.182,29381
1371,5.40793,5.27503,3.986e-04,0.732,0.191,29382
1372,5.25431,5.27503,3.983e-04,0.699,0.194,29382
1373,5.36771,5.27503,3.980e-04,0.663,0.199,29385
1374,5.00279,5.27503,3.977e-04,0.661,0.193,29384
1375,5.37222,5.27503,3.974e-04,0.615,0.169,29397
1376,5.00094,5.27503,3.971e-04,0.715,0.238,29389
1377,5.24196,5.27503,3.969e-04,0.661,0.175,29393
1378,5.35618,5.27503,3.966e-04,0.667,0.178,29396
1379,5.15722,5.27503,3.963e-04,0.704,0.234,29360
1380,5.17118,5.27503,3.960e-04,0.604,0.175,29397
1381,5.30243,5.27503,3.957e-04,0.659,0.191,29331
1382,4.97144,5.27503,3.954e-04,0.623,0.170,29374
1383,5.09252,5.27503,3.951e-04,0.751,0.213,29405
1384,4.91077,5.27503,3.948e-04,0.697,0.231,29375
1385,5.23030,5.27503,3.945e-04,0.620,0.162,29382
1386,5.19824,5.27503,3.942e-04,0.646,0.187,29410
1387,5.43594,5.27503,3.939e-04,0.616,0.173,29376
1388,5.27022,5.27503,3.936e-04,0.635,0.178,29389
1389,5.04538,5.27503,3.933e-04,0.689,0.229,29367
1390,5.25919,5.27503,3.930e-04,0.660,0.185,29392
1391,5.28451,5.27503,3.927e-04,0.783,0.249,29372
1392,5.11486,5.27503,3.924e-04,0.702,0.201,29386
1393,5.21831,5.27503,3.921e-04,0.741,0.233,29409
1394,5.30760,5.27503,3.919e-04,0.664,0.184,29386
1395,5.19083,5.27503,3.916e-04,0.733,0.251,29386
1396,5.10368,5.27503,3.913e-04,0.773,0.215,29370
1397,5.11536,5.27503,3.910e-04,0.753,0.261,29390
1398,5.25598,5.27503,3.907e-04,0.771,0.215,29387
1399,5.17519,5.27503,3.904e-04,0.673,0.214,29392
1400,5.23955,5.27503,3.901e-04,0.800,0.236,29373
1401,5.20531,5.27503,3.898e-04,0.666,0.172,29344
1402,5.31959,5.27503,3.895e-04,0.654,0.192,29377
1403,5.29181,5.27503,3.892e-04,0.674,0.184,29379
1404,5.31759,5.27503,3.889e-04,0.654,0.177,29385
1405,5.18260,5.27503,3.886e-04,0.695,0.193,29386
1406,5.28720,5.27503,3.883e-04,0.732,0.184,29395
1407,5.16193,5.27503,3.880e-04,0.704,0.192,29382
1408,5.20261,5.27503,3.877e-04,0.655,0.185,29398
1409,5.15694,5.27503,3.874e-04,0.652,0.188,29371
1410,5.18155,5.27503,3.871e-04,0.701,0.222,29398
1411,5.29855,5.27503,3.868e-04,0.662,0.179,29382
1412,5.09866,5.27503,3.865e-04,0.655,0.207,29335
1413,5.23649,5.27503,3.862e-04,0.644,0.171,29403
1414,5.22681,5.27503,3.859e-04,0.681,0.189,29384
1415,5.19576,5.27503,3.856e-04,0.667,0.185,29359
1416,5.10527,5.27503,3.853e-04,0.621,0.163,29390
1417,5.28737,5.27503,3.850e-04,0.643,0.163,29384
1418,5.23565,5.27503,3.848e-04,0.614,0.156,29388
1419,5.12565,5.27503,3.845e-04,0.596,0.158,29382
1420,5.31214,5.27503,3.842e-04,0.627,0.153,29392
1421,5.20579,5.27503,3.839e-04,0.657,0.162,29346
1422,5.11946,5.27503,3.836e-04,0.685,0.190,29371
1423,5.08040,5.27503,3.833e-04,0.666,0.187,29377
1424,5.12637,5.27503,3.830e-04,0.700,0.188,29377
1425,5.27848,5.27503,3.827e-04,0.693,0.196,29396
1426,5.25191,5.27503,3.824e-04,0.632,0.169,29346
1427,5.23115,5.27503,3.821e-04,0.673,0.167,29401
1428,5.30516,5.27503,3.818e-04,0.674,0.181,29380
1429,5.20042,5.27503,3.815e-04,0.669,0.200,29400
1430,5.28788,5.27503,3.812e-04,0.726,0.208,29367
1431,4.85388,5.27503,3.809e-04,0.691,0.189,29393
1432,5.20603,5.27503,3.806e-04,0.714,0.202,29365
1433,5.34938,5.27503,3.803e-04,0.688,0.166,29399
1434,5.19332,5.27503,3.800e-04,0.734,0.189,29386
1435,5.24371,5.27503,3.797e-04,0.674,0.188,29389
1436,5.04423,5.27503,3.794e-04,0.644,0.176,29385
1437,5.37405,5.27503,3.791e-04,0.643,0.175,29368
1438,5.24237,5.27503,3.788e-04,0.662,0.188,29380
1439,5.07554,5.27503,3.785e-04,0.608,0.174,29363
1440,5.11085,5.27503,3.782e-04,0.705,0.203,29391
1441,5.18668,5.27503,3.779e-04,0.690,0.175,29339
1442,5.26657,5.27503,3.776e-04,0.698,0.191,29367
1443,4.98680,5.27503,3.773e-04,0.670,0.187,29397
1444,5.16333,5.27503,3.770e-04,0.687,0.210,29375
1445,5.16994,5.27503,3.767e-04,0.647,0.175,29364
1446,5.28527,5.27503,3.764e-04,0.829,0.229,29395
1447,5.25525,5.27503,3.761e-04,0.671,0.168,29388
1448,5.13274,5.27503,3.758e-04,0.711,0.196,29378
1449,5.10498,5.27503,3.755e-04,0.636,0.167,29369
1450,5.08343,5.27503,3.752e-04,0.687,0.237,29386
1451,5.20671,5.27503,3.749e-04,0.746,0.204,29375
1452,5.27404,5.27503,3.746e-04,0.791,0.213,29378
1453,5.09262,5.27503,3.743e-04,0.720,0.187,29390
1454,5.26964,5.27503,3.740e-04,0.678,0.190,29387
1455,5.16642,5.27503,3.737e-04,0.725,0.197,29369
1456,5.22871,5.27503,3.734e-04,0.695,0.190,29384
1457,5.27431,5.27503,3.731e-04,0.660,0.163,29375
1458,5.25101,5.27503,3.728e-04,0.718,0.211,29400
1459,5.25992,5.27503,3.725e-04,0.637,0.174,29363
1460,5.15009,5.27503,3.722e-04,0.694,0.218,29350
1461,5.19660,5.27503,3.719e-04,0.610,0.160,29351
1462,5.28845,5.27503,3.716e-04,0.679,0.187,29371
1463,5.32998,5.27503,3.713e-04,0.743,0.215,29378
1464,5.11900,5.27503,3.710e-04,0.676,0.188,29400
1465,5.17309,5.27503,3.707e-04,0.743,0.223,29361
1466,5.02619,5.27503,3.704e-04,0.619,0.155,29382
1467,5.27824,5.27503,3.701e-04,0.725,0.186,29307
1468,5.12632,5.27503,3.698e-04,0.670,0.184,29117
1469,5.17150,5.27503,3.695e-04,0.757,0.188,29371
1470,5.18024,5.27503,3.692e-04,0.686,0.179,29392
1471,5.16500,5.27503,3.689e-04,0.752,0.197,29368
1472,5.14061,5.27503,3.686e-04,0.652,0.179,29378
1473,5.04555,5.27503,3.683e-04,0.718,0.198,29375
1474,5.08607,5.27503,3.680e-04,0.702,0.162,29384
1475,5.32430,5.27503,3.677e-04,0.758,0.200,29377
1476,5.16209,5.27503,3.674e-04,0.690,0.181,29396
1477,5.24682,5.27503,3.671e-04,0.664,0.162,29367
1478,5.24463,5.27503,3.668e-04,0.700,0.167,29391
1479,5.17052,5.27503,3.665e-04,0.721,0.198,29393
1480,5.38038,5.27503,3.662e-04,0.719,0.170,29392
1481,5.38386,5.27503,3.659e-04,0.671,0.172,29343
1482,5.11172,5.27503,3.656e-04,0.737,0.186,29372
1483,5.00401,5.27503,3.653e-04,0.776,0.195,29370
1484,5.27689,5.27503,3.650e-04,0.830,0.200,29393
1485,5.04399,5.27503,3.647e-04,0.662,0.185,29381
1486,5.28711,5.27503,3.644e-04,0.809,0.259,29386
1487,5.19017,5.27503,3.641e-04,0.722,0.203,29372
1488,5.07680,5.27503,3.638e-04,0.751,0.251,29356
1489,5.26578,5.27503,3.635e-04,0.679,0.166,29393
1490,5.24877,5.27503,3.632e-04,0.652,0.175,29371
1491,5.13662,5.27503,3.629e-04,0.695,0.196,29357
1492,5.09269,5.27503,3.626e-04,0.627,0.171,29389
1493,5.28890,5.27503,3.623e-04,0.707,0.174,29397
1494,5.12906,5.27503,3.620e-04,0.675,0.171,29395
1495,5.20391,5.27503,3.617e-04,0.675,0.182,29376
1496,5.09908,5.27503,3.614e-04,0.688,0.192,29397
1497,5.34035,5.27503,3.611e-04,0.800,0.184,29366
1498,5.13892,5.27503,3.608e-04,0.682,0.188,29369
1499,5.28342,5.27503,3.605e-04,0.699,0.179,29392
1500,5.14714,5.14013,3.602e-04,0.763,0.200,8932
1501,5.17792,5.14013,3.599e-04,0.692,0.167,29747
1502,5.05518,5.14013,3.596e-04,0.685,0.207,29413
1503,5.24338,5.14013,3.593e-04,0.732,0.188,29399
1504,5.22642,5.14013,3.590e-04,0.714,0.178,29374
1505,5.33769,5.14013,3.587e-04,0.681,0.193,29370
1506,5.28695,5.14013,3.584e-04,0.673,0.157,29382
1507,5.12414,5.14013,3.581e-04,0.720,0.194,29359
1508,5.22917,5.14013,3.578e-04,0.706,0.194,29388
1509,5.08542,5.14013,3.575e-04,0.641,0.168,29391
1510,5.14275,5.14013,3.572e-04,0.662,0.194,29385
1511,4.94337,5.14013,3.569e-04,0.671,0.194,29370
1512,5.28859,5.14013,3.566e-04,0.679,0.182,29385
1513,5.29906,5.14013,3.563e-04,0.680,0.177,29376
1514,4.92012,5.14013,3.560e-04,0.667,0.193,29410
1515,5.37531,5.14013,3.557e-04,0.640,0.154,29368
1516,5.07190,5.14013,3.554e-04,0.647,0.183,29393
1517,5.30354,5.14013,3.551e-04,0.654,0.163,29384
1518,5.04720,5.14013,3.548e-04,0.649,0.180,29360
1519,5.16362,5.14013,3.545e-04,0.693,0.176,29392
1520,5.02942,5.14013,3.542e-04,0.643,0.181,29392
1521,5.23248,5.14013,3.539e-04,0.746,0.209,29337
1522,5.00115,5.14013,3.536e-04,0.662,0.177,29364
1523,4.97170,5.14013,3.533e-04,0.660,0.176,29396
1524,5.00609,5.14013,3.530e-04,0.679,0.194,29391
1525,5.07752,5.14013,3.527e-04,0.653,0.190,29392
1526,5.21555,5.14013,3.524e-04,0.628,0.167,29394
1527,5.00419,5.14013,3.521e-04,0.611,0.173,29384
1528,5.04716,5.14013,3.518e-04,0.641,0.161,29369
1529,4.96130,5.14013,3.515e-04,0.648,0.173,29374
1530,5.30725,5.14013,3.512e-04,0.769,0.220,29387
1531,5.23322,5.14013,3.509e-04,0.653,0.172,29374
1532,5.10292,5.14013,3.506e-04,0.705,0.195,29394
1533,5.22085,5.14013,3.503e-04,0.629,0.170,29407
1534,5.16267,5.14013,3.500e-04,0.714,0.181,29369
1535,5.12024,5.14013,3.497e-04,0.696,0.215,29367
1536,5.01517,5.14013,3.494e-04,0.671,0.187,29395
1537,5.29801,5.14013,3.491e-04,0.689,0.168,29372
1538,5.09994,5.14013,3.488e-04,0.694,0.214,29388
1539,5.12592,5.14013,3.485e-04,0.693,0.182,29409
1540,5.16208,5.14013,3.482e-04,0.637,0.156,29388
1541,5.26142,5.14013,3.479e-04,0.754,0.221,29335
1542,5.08993,5.14013,3.476e-04,0.745,0.228,29384
1543,5.20089,5.14013,3.473e-04,0.681,0.183,29380
1544,4.97784,5.14013,3.470e-04,0.713,0.205,29385
1545,5.11044,5.14013,3.467e-04,0.678,0.194,29383
1546,5.05379,5.14013,3.463e-04,0.667,0.178,29405
1547,5.04424,5.14013,3.460e-04,0.658,0.168,29391
1548,5.04870,5.14013,3.457e-04,0.715,0.197,29391
1549,5.23464,5.14013,3.454e-04,0.672,0.175,29384
1550,5.15636,5.14013,3.451e-04,0.709,0.184,29370
1551,5.21811,5.14013,3.448e-04,0.692,0.194,29383
1552,5.22074,5.14013,3.445e-04,0.674,0.175,29376
1553,5.10695,5.14013,3.442e-04,0.701,0.182,29407
1554,5.14169,5.14013,3.439e-04,0.726,0.196,29390
1555,5.08302,5.14013,3.436e-04,0.687,0.172,29373
1556,5.09991,5.14013,3.433e-04,0.700,0.169,29396
1557,5.16283,5.14013,3.430e-04,0.685,0.166,29385
1558,5.18433,5.14013,3.427e-04,0.731,0.178,29359
1559,5.17640,5.14013,3.424e-04,0.723,0.165,29406
1560,5.10445,5.14013,3.421e-04,0.724,0.188,29382
1561,5.04142,5.14013,3.418e-04,0.663,0.172,29335
1562,5.18613,5.14013,3.415e-04,0.650,0.159,29384
1563,5.11939,5.14013,3.412e-04,0.640,0.155,29354
1564,4.96169,5.14013,3.409e-04,0.700,0.210,29408
1565,5.09140,5.14013,3.406e-04,0.671,0.181,29368
1566,5.09965,5.14013,3.403e-04,0.709,0.190,29392
1567,5.10660,5.14013,3.400e-04,0.699,0.182,29400
1568,5.08181,5.14013,3.397e-04,0.711,0.177,29409
1569,5.11443,5.14013,3.394e-04,0.654,0.162,29367
1570,5.17982,5.14013,3.391e-04,0.748,0.197,29384
1571,5.04787,5.14013,3.388e-04,0.639,0.163,29381
1572,5.06667,5.14013,3.385e-04,0.774,0.188,29365
1573,5.16117,5.14013,3.382e-04,0.722,0.182,29384
1574,5.22094,5.14013,3.379e-04,0.755,0.195,29398
1575,5.19171,5.14013,3.376e-04,0.632,0.168,29395
1576,4.97265,5.14013,3.373e-04,0.774,0.217,29366
1577,5.19217,5.14013,3.370e-04,0.682,0.179,29376
1578,5.12384,5.14013,3.367e-04,0.754,0.195,29384
1579,5.10680,5.14013,3.364e-04,0.788,0.187,29381
1580,4.82870,5.14013,3.361e-04,0.719,0.220,29385
1581,5.05089,5.14013,3.358e-04,0.746,0.200,29361
1582,5.07269,5.14013,3.355e-04,0.755,0.209,29382
1583,4.98383,5.14013,3.351e-04,0.748,0.221,29379
1584,5.13961,5.14013,3.348e-04,0.675,0.174,29385
1585,5.12059,5.14013,3.345e-04,0.790,0.220,29384
1586,5.19109,5.14013,3.342e-04,0.742,0.188,29387
1587,5.02136,5.14013,3.339e-04,0.749,0.196,29399
1588,5.05833,5.14013,3.336e-04,0.725,0.194,29386
1589,5.07539,5.14013,3.333e-04,0.717,0.184,29367
1590,4.88156,5.14013,3.330e-04,0.688,0.175,29395
1591,5.21049,5.14013,3.327e-04,0.789,0.204,29375
1592,5.01745,5.14013,3.324e-04,0.727,0.186,29390
1593,5.22422,5.14013,3.321e-04,0.740,0.215,29381
1594,5.24240,5.14013,3.318e-04,0.731,0.182,29393
1595,5.07473,5.14013,3.315e-04,0.711,0.179,29402
1596,5.34859,5.14013,3.312e-04,0.689,0.172,29395
1597,5.04429,5.14013,3.309e-04,0.758,0.219,29403
1598,5.01524,5.14013,3.306e-04,0.719,0.182,29378
1599,5.16960,5.14013,3.303e-04,0.734,0.201,29394
1600,5.04692,5.14013,3.300e-04,0.751,0.218,29376
1601,5.05319,5.14013,3.297e-04,0.774,0.198,29330
1602,5.15181,5.14013,3.294e-04,0.723,0.198,29386
1603,5.20903,5.14013,3.291e-04,0.716,0.194,29400
1604,4.94532,5.14013,3.288e-04,0.709,0.224,29354
1605,4.98353,5.14013,3.285e-04,0.677,0.172,29402
1606,5.06568,5.14013,3.282e-04,0.749,0.200,29374
1607,5.28307,5.14013,3.279e-04,0.785,0.205,29387
1608,5.08247,5.14013,3.276e-04,0.877,0.285,29379
1609,5.21389,5.14013,3.273e-04,0.746,0.180,29387
1610,4.99505,5.14013,3.270e-04,0.799,0.233,29384
1611,5.07043,5.14013,3.267e-04,0.771,0.231,29392
1612,4.90906,5.14013,3.264e-04,0.704,0.190,29387
1613,5.22805,5.14013,3.261e-04,0.668,0.191,29398
1614,5.05340,5.14013,3.258e-04,0.664,0.164,29378
1615,4.96280,5.14013,3.255e-04,0.725,0.209,29375
1616,5.11514,5.14013,3.252e-04,0.724,0.188,29403
1617,5.08567,5.14013,3.249e-04,0.740,0.196,29383
1618,5.38095,5.14013,3.245e-04,0.659,0.156,29392
1619,4.87153,5.14013,3.242e-04,0.708,0.219,29388
1620,5.15134,5.14013,3.239e-04,0.720,0.189,29366
1621,5.16136,5.14013,3.236e-04,0.770,0.243,29327
1622,5.18673,5.14013,3.233e-04,0.704,0.169,29396
1623,5.20687,5.14013,3.230e-04,0.664,0.181,29365
1624,5.32236,5.14013,3.227e-04,0.701,0.170,29417
1625,5.09330,5.14013,3.224e-04,0.675,0.153,29352
1626,5.01976,5.14013,3.221e-04,0.654,0.160,29372
1627,5.07569,5.14013,3.218e-04,0.668,0.156,29404
1628,4.93830,5.14013,3.215e-04,0.612,0.156,29402
1629,5.18348,5.14013,3.212e-04,0.723,0.158,29387
1630,5.04242,5.14013,3.209e-04,0.634,0.151,29364
1631,5.05561,5.14013,3.206e-04,0.669,0.153,29383
1632,5.07406,5.14013,3.203e-04,0.683,0.168,29399
1633,5.22739,5.14013,3.200e-04,0.642,0.157,29394
1634,5.01292,5.14013,3.197e-04,0.753,0.197,29393
1635,5.17605,5.14013,3.194e-04,0.641,0.158,29394
1636,5.09406,5.14013,3.191e-04,0.750,0.215,29374
1637,5.16219,5.14013,3.188e-04,0.637,0.166,29375
1638,5.17712,5.14013,3.185e-04,0.656,0.172,29373
1639,5.14677,5.14013,3.182e-04,0.641,0.172,29402
1640,5.05065,5.14013,3.179e-04,0.675,0.162,29383
1641,5.28060,5.14013,3.176e-04,0.654,0.157,29333
1642,5.07057,5.14013,3.173e-04,0.699,0.167,29366
1643,5.03714,5.14013,3.170e-04,0.677,0.190,29370
1644,5.18306,5.14013,3.167e-04,0.709,0.189,29376
1645,5.21931,5.14013,3.164e-04,0.716,0.193,29391
1646,5.09888,5.14013,3.161e-04,0.850,0.222,29406
1647,4.98663,5.14013,3.158e-04,0.659,0.160,29384
1648,5.04927,5.14013,3.155e-04,0.704,0.181,29367
1649,4.87449,5.14013,3.152e-04,0.677,0.188,29372
1650,5.16009,5.14013,3.149e-04,0.772,0.198,29386
1651,5.08738,5.14013,3.146e-04,0.648,0.164,29380
1652,5.14971,5.14013,3.143e-04,0.680,0.184,29393
1653,5.18454,5.14013,3.140e-04,0.627,0.138,29387
1654,4.99490,5.14013,3.137e-04,0.690,0.171,29390
1655,4.98453,5.14013,3.133e-04,0.713,0.180,29380
1656,5.05774,5.14013,3.130e-04,0.663,0.160,29375
1657,5.20035,5.14013,3.127e-04,0.680,0.177,29392
1658,5.17799,5.14013,3.124e-04,0.662,0.158,29364
1659,5.21897,5.14013,3.121e-04,0.771,0.177,29399
1660,5.14798,5.14013,3.118e-04,0.733,0.185,29384
1661,5.07027,5.14013,3.115e-04,0.658,0.153,29330
1662,5.07715,5.14013,3.112e-04,0.704,0.170,29391
1663,5.22889,5.14013,3.109e-04,0.678,0.162,29379
1664,5.18439,5.14013,3.106e-04,0.763,0.182,29382
1665,5.06774,5.14013,3.103e-04,0.723,0.169,29381
1666,5.13023,5.14013,3.100e-04,0.725,0.179,29387
1667,5.28074,5.14013,3.097e-04,0.769,0.184,29424
1668,5.07087,5.14013,3.094e-04,0.729,0.202,29361
1669,5.14405,5.14013,3.091e-04,0.719,0.182,29394
1670,4.88674,5.14013,3.088e-04,0.780,0.245,29373
1671,5.16901,5.14013,3.085e-04,0.694,0.164,29375
1672,4.97687,5.14013,3.082e-04,0.792,0.254,29374
1673,5.04609,5.14013,3.079e-04,0.676,0.165,29374
1674,5.05911,5.14013,3.076e-04,0.746,0.212,29404
1675,5.30802,5.14013,3.073e-04,0.828,0.230,29369
1676,5.05606,5.14013,3.070e-04,0.741,0.214,29390
1677,5.07746,5.14013,3.067e-04,0.793,0.233,29374
1678,5.16698,5.14013,3.064e-04,0.735,0.180,29386
1679,5.25074,5.14013,3.061e-04,0.724,0.221,29368
1680,5.23015,5.14013,3.058e-04,0.730,0.174,29386
1681,5.15126,5.14013,3.055e-04,0.721,0.172,29335
1682,5.20915,5.14013,3.052e-04,0.665,0.167,29384
1683,5.04267,5.14013,3.049e-04,0.748,0.196,29398
1684,5.05080,5.14013,3.046e-04,0.706,0.169,29360
1685,4.91041,5.14013,3.043e-04,0.645,0.160,29400
1686,5.05283,5.14013,3.040e-04,0.653,0.165,29384
1687,4.85256,5.14013,3.037e-04,0.709,0.188,29384
1688,5.02757,5.14013,3.034e-04,0.690,0.169,29395
1689,5.12005,5.14013,3.031e-04,0.642,0.153,29413
1690,5.31571,5.14013,3.028e-04,0.755,0.163,29384
1691,4.95412,5.14013,3.025e-04,0.750,0.200,29375
1692,5.14776,5.14013,3.022e-04,0.686,0.177,29381
1693,5.14087,5.14013,3.019e-04,0.626,0.156,29388
1694,5.16983,5.14013,3.016e-04,0.722,0.182,29392
1695,5.20578,5.14013,3.013e-04,0.658,0.149,29389
1696,5.05112,5.14013,3.010e-04,0.738,0.185,29378
1697,5.03040,5.14013,3.007e-04,0.676,0.155,29381
1698,5.05039,5.14013,3.004e-04,0.703,0.202,29370
1699,5.20531,5.14013,3.001e-04,0.792,0.175,29370
1700,5.03984,5.14013,2.998e-04,0.827,0.221,29395
1701,5.20780,5.14013,2.995e-04,0.752,0.197,29344
1702,4.90040,5.14013,2.992e-04,0.794,0.239,29375
1703,5.19315,5.14013,2.989e-04,0.728,0.193,29414
1704,5.03121,5.14013,2.986e-04,0.738,0.202,29381
1705,5.12302,5.14013,2.983e-04,0.719,0.182,29387
1706,5.00815,5.14013,2.980e-04,0.686,0.182,29378
1707,5.24404,5.14013,2.977e-04,0.815,0.171,29383
1708,5.37062,5.14013,2.974e-04,0.700,0.155,29373
1709,5.01576,5.14013,2.971e-04,0.705,0.180,29387
1710,5.09410,5.14013,2.968e-04,0.703,0.164,29400
1711,5.08009,5.14013,2.965e-04,0.701,0.174,29365
1712,5.23880,5.14013,2.962e-04,0.777,0.210,29409
1713,5.17101,5.14013,2.959e-04,0.774,0.177,29388
1714,5.09713,5.14013,2.956e-04,0.760,0.242,29359
1715,4.97630,5.14013,2.953e-04,0.714,0.176,29380
1716,4.94489,5.14013,2.950e-04,0.750,0.223,29406
1717,5.13950,5.14013,2.947e-04,0.662,0.173,29376
1718,5.17264,5.14013,2.944e-04,0.704,0.167,29378
1719,5.10542,5.14013,2.941e-04,0.753,0.175,29382
1720,5.03480,5.14013,2.938e-04,0.668,0.159,29392
1721,5.08292,5.14013,2.935e-04,0.691,0.173,29340
1722,5.01186,5.14013,2.932e-04,0.761,0.176,29377
1723,5.15872,5.14013,2.929e-04,0.682,0.176,29383
1724,5.02643,5.14013,2.926e-04,0.742,0.175,29384
1725,5.07180,5.14013,2.923e-04,0.711,0.183,29380
1726,5.20201,5.14013,2.920e-04,0.636,0.147,29396
1727,5.11622,5.14013,2.917e-04,0.754,0.165,29371
1728,4.98931,5.14013,2.914e-04,0.676,0.168,29407
1729,5.04188,5.14013,2.911e-04,0.736,0.165,29371
1730,4.99577,5.14013,2.908e-04,0.648,0.154,29392
1731,4.99351,5.14013,2.905e-04,0.739,0.170,29402
1732,4.95312,5.14013,2.902e-04,0.740,0.216,29369
1733,5.08091,5.14013,2.899e-04,0.682,0.157,29367
1734,5.05641,5.14013,2.896e-04,0.785,0.192,29383
1735,5.09542,5.14013,2.893e-04,0.711,0.176,29376
1736,5.01803,5.14013,2.890e-04,0.688,0.165,29405
1737,5.12977,5.14013,2.887e-04,0.727,0.181,29398
1738,5.03909,5.14013,2.884e-04,0.729,0.188,29388
1739,5.03344,5.14013,2.881e-04,0.715,0.163,29387
1740,5.09519,5.14013,2.878e-04,0.721,0.179,29360
1741,4.99346,5.14013,2.875e-04,0.685,0.170,29347
1742,4.96922,5.14013,2.872e-04,0.681,0.163,29360
1743,5.07312,5.14013,2.869e-04,0.671,0.173,29392
1744,4.99945,5.14013,2.866e-04,0.669,0.167,29383
1745,4.97094,5.14013,2.863e-04,0.675,0.160,29374
1746,4.90408,5.14013,2.860e-04,0.709,0.174,29414
1747,4.96714,5.14013,2.857e-04,0.700,0.165,29367
1748,5.05886,5.14013,2.854e-04,0.711,0.174,29377
1749,5.26369,5.14013,2.851e-04,0.698,0.177,29395
1750,5.21510,5.03396,2.848e-04,0.721,0.181,8940
1751,5.12005,5.03396,2.845e-04,0.696,0.161,29716
1752,4.97525,5.03396,2.842e-04,0.738,0.190,29389
1753,5.25665,5.03396,2.839e-04,0.735,0.184,29376
1754,5.04955,5.03396,2.836e-04,0.745,0.178,29372
1755,5.00564,5.03396,2.833e-04,0.733,0.188,29391
1756,5.18190,5.03396,2.830e-04,0.788,0.177,29381
1757,4.95009,5.03396,2.827e-04,0.741,0.178,29367
1758,5.10043,5.03396,2.824e-04,0.728,0.175,29401
1759,5.04453,5.03396,2.821e-04,0.753,0.192,29379
1760,5.10089,5.03396,2.818e-04,0.759,0.191,29390
1761,5.01796,5.03396,2.815e-04,0.701,0.185,29336
1762,4.86977,5.03396,2.812e-04,0.787,0.237,29380
1763,4.98547,5.03396,2.809e-04,0.738,0.204,29355
1764,5.12950,5.03396,2.806e-04,0.774,0.233,29404
1765,5.04772,5.03396,2.803e-04,0.701,0.181,29377
1766,4.97037,5.03396,2.800e-04,0.726,0.183,29390
1767,5.08050,5.03396,2.797e-04,0.741,0.199,29395
1768,4.96994,5.03396,2.794e-04,0.779,0.188,29383
1769,5.04762,5.03396,2.791e-04,0.744,0.175,29404
1770,5.12331,5.03396,2.788e-04,0.745,0.180,29404
1771,4.97010,5.03396,2.785e-04,0.718,0.177,29393
1772,5.12280,5.03396,2.782e-04,0.796,0.175,29396
1773,4.89828,5.03396,2.779e-04,0.702,0.187,29389
1774,5.04584,5.03396,2.776e-04,0.758,0.197,29382
1775,5.12671,5.03396,2.773e-04,0.691,0.165,29385
1776,4.97843,5.03396,2.770e-04,0.723,0.183,29388
1777,5.00794,5.03396,2.767e-04,0.708,0.173,29395
1778,4.96544,5.03396,2.764e-04,0.707,0.184,29367
1779,5.17713,5.03396,2.761e-04,0.748,0.179,29401
1780,5.15394,5.03396,2.758e-04,0.781,0.179,29405
1781,5.02749,5.03396,2.755e-04,0.710,0.170,29326
1782,5.18326,5.03396,2.752e-04,0.773,0.182,29406
1783,5.01534,5.03396,2.750e-04,0.676,0.177,29401
1784,5.02805,5.03396,2.747e-04,0.720,0.173,29365
1785,5.11159,5.03396,2.744e-04,0.709,0.167,29366
1786,4.98599,5.03396,2.741e-04,0.710,0.172,29393
1787,4.98881,5.03396,2.738e-04,0.740,0.191,29376
1788,4.99088,5.03396,2.735e-04,0.690,0.164,29381
1789,5.13288,5.03396,2.732e-04,0.734,0.169,29384
1790,5.09745,5.03396,2.729e-04,0.728,0.177,29390
1791,5.15409,5.03396,2.726e-04,0.776,0.195,29385
1792,4.95031,5.03396,2.723e-04,0.763,0.171,29376
1793,5.13829,5.03396,2.720e-04,0.685,0.151,29378
1794,4.69315,5.03396,2.717e-04,0.723,0.199,29370
1795,5.06583,5.03396,2.714e-04,0.741,0.178,29393
1796,5.09220,5.03396,2.711e-04,0.684,0.180,29385
1797,4.94063,5.03396,2.708e-04,0.742,0.177,29377
1798,5.26457,5.03396,2.705e-04,0.690,0.152,29392
1799,5.03940,5.03396,2.702e-04,0.741,0.188,29393
1800,4.98083,5.03396,2.699e-04,0.707,0.172,29365
1801,4.85440,5.03396,2.696e-04,0.741,0.203,29338
1802,5.05298,5.03396,2.693e-04,0.676,0.156,29386
1803,5.11549,5.03396,2.690e-04,0.712,0.175,29403
1804,4.86412,5.03396,2.687e-04,0.767,0.200,29370
1805,5.25419,5.03396,2.684e-04,0.704,0.156,29374
1806,4.95909,5.03396,2.681e-04,0.750,0.198,29394
1807,5.06830,5.03396,2.679e-04,0.780,0.172,29385
1808,5.11205,5.03396,2.676e-04,0.746,0.166,29386
1809,4.90484,5.03396,2.673e-04,0.704,0.180,29368
1810,4.96776,5.03396,2.670e-04,0.729,0.164,29401
1811,4.97172,5.03396,2.667e-04,0.680,0.156,29375
1812,5.06809,5.03396,2.664e-04,0.883,0.194,29362
1813,5.16315,5.03396,2.661e-04,0.765,0.188,29381
1814,5.09061,5.03396,2.658e-04,0.839,0.231,29379
1815,5.08574,5.03396,2.655e-04,0.767,0.170,29369
1816,4.99077,5.03396,2.652e-04,0.746,0.223,29393
1817,5.00285,5.03396,2.649e-04,0.715,0.195,29390
1818,4.78438,5.03396,2.646e-04,0.815,0.221,29366
1819,5.07200,5.03396,2.643e-04,0.703,0.172,29391
1820,5.10438,5.03396,2.640e-04,0.652,0.150,29388
1821,5.02308,5.03396,2.637e-04,0.730,0.176,29337
1822,4.86727,5.03396,2.634e-04,0.717,0.181,29386
1823,5.02574,5.03396,2.631e-04,0.663,0.150,29369
1824,5.03308,5.03396,2.629e-04,0.747,0.169,29399
1825,5.02910,5.03396,2.626e-04,0.732,0.178,29392
1826,4.88528,5.03396,2.623e-04,0.725,0.170,29367
1827,4.94094,5.03396,2.620e-04,0.738,0.181,29391
1828,4.83570,5.03396,2.617e-04,0.688,0.162,29380
1829,5.09771,5.03396,2.614e-04,0.719,0.165,29396
1830,5.07368,5.03396,2.611e-04,0.748,0.166,29371
1831,5.08647,5.03396,2.608e-04,0.728,0.162,29383
1832,5.13029,5.03396,2.605e-04,0.757,0.178,29380
1833,5.05516,5.03396,2.602e-04,0.801,0.187,29370
1834,5.05345,5.03396,2.599e-04,0.695,0.163,29380
1835,5.01135,5.03396,2.596e-04,0.741,0.195,29385
1836,5.04390,5.03396,2.593e-04,0.788,0.175,29401
1837,5.18073,5.03396,2.590e-04,0.755,0.169,29366
1838,4.84409,5.03396,2.588e-04,0.723,0.182,29360
1839,5.06910,5.03396,2.585e-04,0.799,0.198,29399
1840,5.03536,5.03396,2.582e-04,0.752,0.188,29387
1841,4.96147,5.03396,2.579e-04,0.888,0.202,29348
1842,5.01541,5.03396,2.576e-04,0.736,0.193,29372
1843,5.17241,5.03396,2.573e-04,0.834,0.201,29393
1844,4.87080,5.03396,2.570e-04,0.736,0.195,29388
1845,4.97194,5.03396,2.567e-04,0.907,0.277,29383
1846,5.09984,5.03396,2.564e-04,0.719,0.168,29387
1847,5.01506,5.03396,2.561e-04,0.844,0.225,29383
1848,4.90392,5.03396,2.558e-04,0.736,0.199,29384
1849,4.82194,5.03396,2.555e-04,0.753,0.183,29408
1850,5.02495,5.03396,2.553e-04,0.808,0.218,29363
1851,4.94607,5.03396,2.550e-04,0.744,0.163,29393
1852,5.00164,5.03396,2.547e-04,0.711,0.178,29416
1853,5.05743,5.03396,2.544e-04,0.783,0.185,29369
1854,5.07528,5.03396,2.541e-04,0.699,0.174,29395
1855,4.95356,5.03396,2.538e-04,0.737,0.171,29390
1856,5.06335,5.03396,2.535e-04,0.729,0.168,29376
1857,5.17466,5.03396,2.532e-04,0.772,0.197,29371
1858,5.00201,5.03396,2.529e-04,0.755,0.169,29399
1859,4.87696,5.03396,2.526e-04,0.808,0.208,29380
1860,5.08889,5.03396,2.523e-04,0.741,0.173,29392
1861,4.94909,5.03396,2.521e-04,0.704,0.176,29348
1862,4.92514,5.03396,2.518e-04,0.746,0.208,29360
1863,4.82224,5.03396,2.515e-04,0.721,0.171,29398
1864,5.02798,5.03396,2.512e-04,0.710,0.170,29383
1865,5.07499,5.03396,2.509e-04,0.759,0.179,29355
1866,5.02525,5.03396,2.506e-04,0.719,0.173,29385
1867,4.97151,5.03396,2.503e-04,0.775,0.180,29415
1868,4.90523,5.03396,2.500e-04,0.763,0.184,29374
1869,4.96286,5.03396,2.497e-04,0.711,0.173,29388
1870,4.91668,5.03396,2.495e-04,0.768,0.202,29386
1871,5.10453,5.03396,2.492e-04,0.723,0.165,29384
1872,5.16427,5.03396,2.489e-04,0.745,0.183,29391
1873,4.80913,5.03396,2.486e-04,0.764,0.172,29375
1874,5.04081,5.03396,2.483e-04,0.698,0.156,29386
1875,5.05931,5.03396,2.480e-04,0.829,0.207,29396
1876,5.11221,5.03396,2.477e-04,0.713,0.160,29387
1877,4.97546,5.03396,2.474e-04,0.731,0.173,29385
1878,4.88468,5.03396,2.471e-04,0.737,0.176,29380
1879,5.01305,5.03396,2.469e-04,0.696,0.162,29360
1880,5.00036,5.03396,2.466e-04,0.714,0.148,29399
1881,4.84694,5.03396,2.463e-04,0.755,0.167,29334
1882,5.04499,5.03396,2.460e-04,0.764,0.181,29389
1883,5.18837,5.03396,2.457e-04,0.704,0.169,29378
1884,4.68833,5.03396,2.454e-04,0.802,0.203,29398
1885,5.10343,5.03396,2.451e-04,0.812,0.194,29366
1886,5.02418,5.03396,2.448e-04,0.747,0.183,29393
1887,5.13565,5.03396,2.446e-04,0.774,0.166,29385
1888,4.73338,5.03396,2.443e-04,0.772,0.192,29346
1889,4.79618,5.03396,2.440e-04,0.700,0.171,29402
1890,5.04558,5.03396,2.437e-04,0.719,0.157,29369
1891,4.68289,5.03396,2.434e-04,0.714,0.176,29385
1892,4.86960,5.03396,2.431e-04,0.709,0.158,29357
1893,5.00888,5.03396,2.428e-04,0.745,0.170,29396
1894,5.21353,5.03396,2.425e-04,0.745,0.161,29384
1895,4.96444,5.03396,2.423e-04,0.765,0.203,29376
1896,4.89266,5.03396,2.420e-04,0.726,0.175,29400
1897,4.87411,5.03396,2.417e-04,0.718,0.165,29365
1898,4.99156,5.03396,2.414e-04,0.791,0.172,29368
1899,5.05508,5.03396,2.411e-04,0.719,0.170,29377
1900,4.93399,5.03396,2.408e-04,0.691,0.158,29390
1901,4.88017,5.03396,2.405e-04,0.741,0.181,29344
1902,4.86615,5.03396,2.403e-04,0.710,0.179,29385
1903,4.81476,5.03396,2.400e-04,0.734,0.166,29381
1904,5.00030,5.03396,2.397e-04,0.764,0.176,29384
1905,4.92063,5.03396,2.394e-04,0.751,0.205,29364
1906,5.12403,5.03396,2.391e-04,0.777,0.171,29397
1907,4.96572,5.03396,2.388e-04,0.680,0.160,29369
1908,4.87098,5.03396,2.385e-04,0.749,0.185,29403
1909,5.10640,5.03396,2.383e-04,0.730,0.169,29387
1910,4.79420,5.03396,2.380e-04,0.702,0.162,29382
1911,4.97223,5.03396,2.377e-04,0.747,0.169,29354
1912,5.03818,5.03396,2.374e-04,0.780,0.179,29383
1913,5.17929,5.03396,2.371e-04,0.742,0.172,29389
1914,4.77414,5.03396,2.368e-04,0.758,0.201,29371
1915,5.00281,5.03396,2.365e-04,0.759,0.180,29395
1916,4.96284,5.03396,2.363e-04,0.733,0.181,29376
1917,5.12033,5.03396,2.360e-04,0.754,0.164,29396
1918,4.97658,5.03396,2.357e-04,0.788,0.170,29355
1919,4.88879,5.03396,2.354e-04,0.835,0.209,29391
1920,4.99174,5.03396,2.351e-04,0.726,0.169,29389
1921,4.92523,5.03396,2.348e-04,0.708,0.153,29333
1922,4.94998,5.03396,2.346e-04,0.784,0.201,29399
1923,5.08205,5.03396,2.343e-04,0.817,0.192,29381
1924,5.01338,5.03396,2.340e-04,0.738,0.173,29351
1925,5.04654,5.03396,2.337e-04,0.761,0.173,29419
1926,4.94693,5.03396,2.334e-04,0.737,0.183,29367
1927,4.94519,5.03396,2.331e-04,0.769,0.177,29382
1928,4.94743,5.03396,2.329e-04,0.683,0.154,29388
1929,5.06635,5.03396,2.326e-04,0.779,0.168,29392
1930,4.92354,5.03396,2.323e-04,0.693,0.160,29381
1931,4.98535,5.03396,2.320e-04,0.814,0.197,29403
1932,5.13507,5.03396,2.317e-04,0.731,0.158,29386
1933,5.03016,5.03396,2.315e-04,0.748,0.175,29388
1934,4.95696,5.03396,2.312e-04,0.737,0.177,29366
1935,5.00293,5.03396,2.309e-04,0.781,0.172,29385
1936,4.91153,5.03396,2.306e-04,0.740,0.192,29366
1937,5.12316,5.03396,2.303e-04,0.712,0.161,29365
1938,4.91319,5.03396,2.300e-04,0.709,0.174,29390
1939,5.02239,5.03396,2.298e-04,0.698,0.159,29388
1940,4.78732,5.03396,2.295e-04,0.729,0.181,29395
1941,4.83236,5.03396,2.292e-04,0.715,0.179,29332
1942,5.07271,5.03396,2.289e-04,0.768,0.195,29399
1943,5.00518,5.03396,2.286e-04,0.802,0.193,29368
1944,4.79999,5.03396,2.284e-04,0.720,0.181,29383
1945,5.01338,5.03396,2.281e-04,0.759,0.166,29384
1946,4.88492,5.03396,2.278e-04,0.775,0.190,29366
1947,5.16376,5.03396,2.275e-04,0.805,0.175,29414
1948,4.91458,5.03396,2.272e-04,0.689,0.171,29393
1949,5.06118,5.03396,2.270e-04,0.827,0.191,29386
1950,4.90093,5.03396,2.267e-04,0.744,0.170,29364
1951,4.93237,5.03396,2.264e-04,0.808,0.204,29397
1952,4.93588,5.03396,2.261e-04,0.754,0.171,29366
1953,5.12242,5.03396,2.258e-04,0.729,0.157,29411
1954,4.98527,5.03396,2.256e-04,0.727,0.189,29369
1955,4.98793,5.03396,2.253e-04,0.751,0.170,29377
1956,4.94363,5.03396,2.250e-04,0.802,0.193,29387
1957,4.87847,5.03396,2.247e-04,0.753,0.187,29385
1958,4.87817,5.03396,2.244e-04,0.751,0.156,29374
1959,5.01471,5.03396,2.242e-04,0.751,0.162,29393
1960,5.12947,5.03396,2.239e-04,0.759,0.180,29397
1961,4.82948,5.03396,2.236e-04,0.835,0.241,29341
1962,4.94983,5.03396,2.233e-04,0.733,0.148,29387
1963,5.00275,5.03396,2.230e-04,0.877,0.238,29388
1964,5.03997,5.03396,2.228e-04,0.782,0.190,29384
1965,4.94926,5.03396,2.225e-04,0.744,0.173,29378
1966,4.82110,5.03396,2.222e-04,0.798,0.207,29372
1967,5.06949,5.03396,2.219e-04,0.779,0.192,29409
1968,4.93519,5.03396,2.217e-04,0.730,0.179,29399
1969,4.80175,5.03396,2.214e-04,0.797,0.204,29403
1970,4.85576,5.03396,2.211e-04,0.756,0.181,29364
1971,4.87145,5.03396,2.208e-04,0.788,0.169,29387
1972,4.94446,5.03396,2.206e-04,0.715,0.163,29370
1973,4.89490,5.03396,2.203e-04,0.751,0.173,29366
1974,4.96257,5.03396,2.200e-04,0.746,0.165,29387
1975,5.12045,5.03396,2.197e-04,0.723,0.165,29393
1976,5.20652,5.03396,2.194e-04,0.757,0.168,29396
1977,4.79629,5.03396,2.192e-04,0.762,0.200,29389
1978,4.93331,5.03396,2.189e-04,0.804,0.195,29380
1979,4.84406,5.03396,2.186e-04,0.773,0.207,29369
1980,4.87725,5.03396,2.183e-04,0.819,0.233,29398
1981,4.97160,5.03396,2.181e-04,0.810,0.219,29338
1982,5.00290,5.03396,2.178e-04,0.813,0.196,29384
1983,4.90058,5.03396,2.175e-04,0.718,0.166,29393
1984,5.13810,5.03396,2.172e-04,0.784,0.201,29381
1985,4.98084,5.03396,2.170e-04,0.746,0.171,29381
1986,5.03259,5.03396,2.167e-04,0.736,0.170,29376
1987,4.94113,5.03396,2.164e-04,0.737,0.171,29403
1988,4.95150,5.03396,2.161e-04,0.687,0.167,29367
1989,4.99830,5.03396,2.159e-04,0.780,0.170,29400
1990,4.97332,5.03396,2.156e-04,0.731,0.167,29385
1991,4.85456,5.03396,2.153e-04,0.727,0.169,29387
1992,4.89430,5.03396,2.150e-04,0.734,0.160,29375
1993,4.89391,5.03396,2.148e-04,0.762,0.176,29385
1994,4.86500,5.03396,2.145e-04,0.746,0.161,29365
1995,4.89868,5.03396,2.142e-04,0.703,0.158,29395
1996,5.15774,5.03396,2.139e-04,0.757,0.170,29388
1997,4.92696,5.03396,2.137e-04,0.824,0.216,29383
1998,5.08530,5.03396,2.134e-04,0.712,0.170,29384
1999,4.98628,5.03396,2.131e-04,0.770,0.184,29356
2000,5.09628,4.94444,2.129e-04,0.720,0.168,8934
2001,4.94162,4.94444,2.126e-04,0.764,0.205,29704
2002,4.92301,4.94444,2.123e-04,0.714,0.171,29377
2003,4.84352,4.94444,2.120e-04,0.745,0.165,29396
2004,5.02603,4.94444,2.118e-04,0.754,0.173,29394
2005,5.03948,4.94444,2.115e-04,0.735,0.168,29387
2006,5.09737,4.94444,2.112e-04,0.828,0.186,29394
2007,5.04247,4.94444,2.109e-04,0.721,0.159,29397
2008,4.88178,4.94444,2.107e-04,0.787,0.178,29399
2009,4.82999,4.94444,2.104e-04,0.727,0.174,29369
2010,4.99645,4.94444,2.101e-04,0.788,0.177,29388
2011,4.95291,4.94444,2.099e-04,0.769,0.165,29393
2012,4.76050,4.94444,2.096e-04,0.751,0.183,29381
2013,4.92820,4.94444,2.093e-04,0.791,0.173,29372
2014,5.01468,4.94444,2.090e-04,0.861,0.186,29385
2015,4.95076,4.94444,2.088e-04,0.824,0.177,29383
2016,4.95435,4.94444,2.085e-04,0.770,0.169,29375
2017,4.92004,4.94444,2.082e-04,0.735,0.156,29399
2018,4.83844,4.94444,2.080e-04,0.749,0.167,29391
2019,4.99925,4.94444,2.077e-04,0.785,0.163,29401
2020,5.01698,4.94444,2.074e-04,0.735,0.158,29374
2021,4.87301,4.94444,2.072e-04,0.748,0.162,29323
2022,4.88233,4.94444,2.069e-04,0.745,0.168,29366
2023,4.98544,4.94444,2.066e-04,0.720,0.155,29394
2024,4.87924,4.94444,2.063e-04,0.763,0.170,29360
2025,4.67931,4.94444,2.061e-04,0.701,0.164,29381
2026,4.93737,4.94444,2.058e-04,0.754,0.164,29408
2027,5.05161,4.94444,2.055e-04,0.750,0.173,29379
2028,4.98822,4.94444,2.053e-04,0.739,0.165,29390
2029,4.74740,4.94444,2.050e-04,0.680,0.157,29379
2030,4.97223,4.94444,2.047e-04,0.793,0.174,29370
2031,5.01495,4.94444,2.045e-04,0.734,0.167,29382
2032,4.96015,4.94444,2.042e-04,0.770,0.170,29395
2033,4.86086,4.94444,2.039e-04,0.762,0.185,29366
2034,4.89348,4.94444,2.037e-04,0.733,0.168,29404
2035,4.92014,4.94444,2.034e-04,0.745,0.190,29385
2036,4.81689,4.94444,2.031e-04,0.768,0.179,29379
2037,4.96847,4.94444,2.029e-04,0.761,0.162,29401
2038,4.97803,4.94444,2.026e-04,0.721,0.171,29380
2039,4.90986,4.94444,2.023e-04,0.757,0.158,29399
2040,5.10818,4.94444,2.021e-04,0.766,0.180,29416
2041,4.66670,4.94444,2.018e-04,0.792,0.194,29316
2042,4.79564,4.94444,2.015e-04,0.714,0.154,29384
2043,5.01637,4.94444,2.013e-04,0.804,0.224,29384
2044,4.90678,4.94444,2.010e-04,0.821,0.177,29391
2045,5.07612,4.94444,2.007e-04,0.768,0.165,29384
2046,4.83252,4.94444,2.005e-04,0.761,0.175,29377
2047,4.90139,4.94444,2.002e-04,0.758,0.178,29386
2048,5.03814,4.94444,1.999e-04,0.800,0.167,29395
2049,4.88993,4.94444,1.997e-04,0.745,0.176,29369
2050,5.00146,4.94444,1.994e-04,0.790,0.164,29388
2051,4.92511,4.94444,1.991e-04,0.787,0.167,29340
2052,4.95971,4.94444,1.989e-04,0.766,0.165,29396
2053,4.90057,4.94444,1.986e-04,0.746,0.170,29397
2054,4.65061,4.94444,1.983e-04,0.774,0.183,29395
2055,4.97807,4.94444,1.981e-04,0.708,0.169,29370
2056,5.04281,4.94444,1.978e-04,0.794,0.183,29385
2057,4.90499,4.94444,1.975e-04,0.805,0.193,29381
2058,4.89152,4.94444,1.973e-04,0.793,0.207,29406
2059,5.06921,4.94444,1.970e-04,0.758,0.159,29372
2060,4.88565,4.94444,1.968e-04,0.845,0.227,29396
2061,5.00055,4.94444,1.965e-04,0.718,0.157,29345
2062,4.85146,4.94444,1.962e-04,0.739,0.166,29374
2063,4.89080,4.94444,1.960e-04,0.720,0.161,29380
2064,4.76608,4.94444,1.957e-04,0.776,0.175,29368
2065,4.98149,4.94444,1.954e-04,0.730,0.150,29387
2066,4.92431,4.94444,1.952e-04,0.722,0.153,29370
2067,5.08543,4.94444,1.949e-04,0.766,0.165,29373
2068,4.78240,4.94444,1.947e-04,0.731,0.161,29392
2069,4.87602,4.94444,1.944e-04,0.695,0.158,29389
2070,4.72552,4.94444,1.941e-04,0.734,0.188,29363
2071,4.75020,4.94444,1.939e-04,0.751,0.164,29367
2072,4.87860,4.94444,1.936e-04,0.738,0.163,29408
2073,4.93688,4.94444,1.933e-04,0.787,0.170,29389
2074,4.82980,4.94444,1.931e-04,0.792,0.179,29360
2075,4.97067,4.94444,1.928e-04,0.742,0.158,29400
2076,4.97405,4.94444,1.926e-04,0.759,0.161,29407
2077,4.92995,4.94444,1.923e-04,0.719,0.163,29379
2078,5.03989,4.94444,1.920e-04,0.771,0.159,29363
2079,5.06733,4.94444,1.918e-04,0.721,0.165,29399
2080,5.00139,4.94444,1.915e-04,0.836,0.182,29381
2081,4.89376,4.94444,1.913e-04,0.836,0.185,29327
2082,4.81855,4.94444,1.910e-04,0.779,0.176,29383
2083,4.82777,4.94444,1.907e-04,0.879,0.188,29383
2084,4.85995,4.94444,1.905e-04,0.720,0.151,29389
2085,4.85081,4.94444,1.902e-04,0.811,0.170,29356
2086,4.89392,4.94444,1.900e-04,0.829,0.194,29397
2087,5.13134,4.94444,1.897e-04,0.800,0.174,29375
2088,4.98489,4.94444,1.894e-04,0.787,0.193,29399
2089,4.91791,4.94444,1.892e-04,0.802,0.164,29376
2090,5.06191,4.94444,1.889e-04,0.741,0.153,29378
2091,4.92516,4.94444,1.887e-04,0.844,0.175,29386
2092,4.84409,4.94444,1.884e-04,0.743,0.190,29380
2093,4.95534,4.94444,1.882e-04,0.732,0.178,29385
2094,5.01434,4.94444,1.879e-04,0.759,0.174,29393
2095,4.89867,4.94444,1.876e-04,0.718,0.180,29392
2096,4.89932,4.94444,1.874e-04,0.770,0.168,29392
2097,5.01927,4.94444,1.871e-04,0.915,0.176,29398
2098,4.89365,4.94444,1.869e-04,0.835,0.201,29376
2099,4.96187,4.94444,1.866e-04,0.727,0.151,29391
2100,4.95839,4.94444,1.864e-04,0.805,0.175,29375
2101,4.97435,4.94444,1.861e-04,0.760,0.160,29345
2102,4.86814,4.94444,1.858e-04,0.733,0.163,29368
2103,4.93989,4.94444,1.856e-04,0.809,0.184,29410
2104,4.89495,4.94444,1.853e-04,0.719,0.158,29376
2105,4.94186,4.94444,1.851e-04,0.778,0.174,29353
2106,4.79038,4.94444,1.848e-04,0.749,0.175,29391
2107,4.93171,4.94444,1.846e-04,0.719,0.172,29390
2108,4.94713,4.94444,1.843e-04,0.773,0.168,29364
2109,4.70963,4.94444,1.841e-04,0.795,0.192,29393
2110,4.88250,4.94444,1.838e-04,0.752,0.162,29399
2111,4.84767,4.94444,1.835e-04,0.714,0.167,29383
2112,4.89240,4.94444,1.833e-04,0.748,0.157,29406
2113,4.77874,4.94444,1.830e-04,0.832,0.216,29382
2114,4.69588,4.94444,1.828e-04,0.700,0.157,29369
2115,4.98233,4.94444,1.825e-04,0.787,0.200,29370
2116,5.07348,4.94444,1.823e-04,0.766,0.189,29398
2117,5.00339,4.94444,1.820e-04,0.731,0.146,29363
2118,4.97298,4.94444,1.818e-04,0.734,0.181,29407
2119,4.91341,4.94444,1.815e-04,0.815,0.193,29365
2120,4.99962,4.94444,1.813e-04,0.785,0.162,29373
2121,4.97767,4.94444,1.810e-04,0.740,0.162,29348
2122,5.03458,4.94444,1.808e-04,0.749,0.152,29379
2123,5.07709,4.94444,1.805e-04,0.768,0.154,29387
2124,4.91764,4.94444,1.802e-04,0.752,0.156,29398
2125,5.00928,4.94444,1.800e-04,0.802,0.179,29395
2126,4.93362,4.94444,1.797e-04,0.763,0.171,29371
2127,4.88834,4.94444,1.795e-04,0.779,0.178,29398
2128,5.12050,4.94444,1.792e-04,0.742,0.161,29390
2129,4.78194,4.94444,1.790e-04,0.834,0.227,29374
2130,4.63366,4.94444,1.787e-04,0.834,0.185,29375
2131,4.85732,4.94444,1.785e-04,0.840,0.202,29383
2132,4.69290,4.94444,1.782e-04,0.744,0.173,29376
2133,4.75905,4.94444,1.780e-04,0.760,0.163,29420
2134,4.85768,4.94444,1.777e-04,0.865,0.230,29377
2135,4.91243,4.94444,1.775e-04,0.742,0.163,29391
2136,4.88646,4.94444,1.772e-04,0.750,0.168,29378
2137,4.86369,4.94444,1.770e-04,0.759,0.167,29395
2138,4.99309,4.94444,1.767e-04,0.721,0.164,29371
2139,5.08221,4.94444,1.765e-04,0.742,0.159,29391
2140,4.96322,4.94444,1.762e-04,0.755,0.160,29401
2141,5.02441,4.94444,1.760e-04,0.755,0.167,29331
2142,4.69831,4.94444,1.757e-04,0.738,0.178,29366
2143,5.05206,4.94444,1.755e-04,0.777,0.184,29395
2144,5.01140,4.94444,1.752e-04,0.767,0.180,29388
2145,4.75312,4.94444,1.750e-04,0.820,0.206,29380
2146,4.72392,4.94444,1.747e-04,0.722,0.157,29401
2147,4.82391,4.94444,1.745e-04,0.852,0.222,29395
2148,5.08049,4.94444,1.743e-04,0.767,0.172,29389
2149,4.78560,4.94444,1.740e-04,0.733,0.160,29380
2150,4.84377,4.94444,1.738e-04,0.816,0.198,29406
2151,4.98011,4.94444,1.735e-04,0.778,0.164,29363
2152,4.83957,4.94444,1.733e-04,0.766,0.162,29378
2153,4.86896,4.94444,1.730e-04,0.771,0.168,29385
2154,4.80322,4.94444,1.728e-04,0.728,0.165,29397
2155,4.84249,4.94444,1.725e-04,0.765,0.162,29372
2156,4.98986,4.94444,1.723e-04,0.711,0.155,29367
2157,4.91563,4.94444,1.720e-04,0.774,0.153,29397
2158,4.85574,4.94444,1.718e-04,0.738,0.154,29383
2159,4.87210,4.94444,1.715e-04,0.844,0.187,29356
2160,4.96208,4.94444,1.713e-04,0.785,0.169,29382
2161,4.94280,4.94444,1.711e-04,0.762,0.166,29326
2162,4.90104,4.94444,1.708e-04,0.754,0.178,29390
2163,4.72568,4.94444,1.706e-04,0.787,0.181,29363
2164,4.93788,4.94444,1.703e-04,0.738,0.156,29381
2165,4.91133,4.94444,1.701e-04,0.769,0.159,29397
2166,5.13447,4.94444,1.698e-04,0.726,0.173,29371
2167,4.90367,4.94444,1.696e-04,0.722,0.178,29379
2168,5.01602,4.94444,1.693e-04,0.774,0.166,29378
2169,4.89326,4.94444,1.691e-04,0.755,0.170,29410
2170,4.93876,4.94444,1.689e-04,0.776,0.170,29385
2171,4.99393,4.94444,1.686e-04,0.763,0.177,29391
2172,4.94280,4.94444,1.684e-04,0.760,0.158,29379
2173,4.71954,4.94444,1.681e-04,0.832,0.193,29400
2174,5.09596,4.94444,1.679e-04,0.728,0.161,29372
2175,4.88096,4.94444,1.676e-04,0.711,0.159,29375
2176,5.01402,4.94444,1.674e-04,0.745,0.154,29393
2177,4.80945,4.94444,1.672e-04,0.715,0.163,29398
2178,5.02276,4.94444,1.669e-04,0.782,0.176,29377
2179,5.04215,4.94444,1.667e-04,0.718,0.153,29364
2180,4.88424,4.94444,1.664e-04,0.844,0.190,29394
2181,4.95703,4.94444,1.662e-04,0.793,0.183,29356
2182,5.03175,4.94444,1.660e-04,0.703,0.160,29381
2183,4.96732,4.94444,1.657e-04,0.725,0.158,29388
2184,4.91583,4.94444,1.655e-04,0.795,0.208,29383
2185,4.63170,4.94444,1.652e-04,0.904,0.194,29369
2186,4.76979,4.94444,1.650e-04,0.732,0.162,29378
2187,4.89509,4.94444,1.648e-04,0.732,0.161,29413
2188,4.90933,4.94444,1.645e-04,0.793,0.190,29361
2189,5.01985,4.94444,1.643e-04,0.842,0.209,29415
2190,4.93707,4.94444,1.640e-04,0.703,0.146,29381
2191,4.91080,4.94444,1.638e-04,0.757,0.169,29354
2192,4.90888,4.94444,1.636e-04,0.802,0.184,29391
2193,4.92940,4.94444,1.633e-04,0.739,0.174,29388
2194,4.94732,4.94444,1.631e-04,0.762,0.146,29356
2195,4.87327,4.94444,1.628e-04,0.753,0.162,29415
2196,4.91741,4.94444,1.626e-04,0.806,0.173,29370
2197,4.91221,4.94444,1.624e-04,0.786,0.173,29395
2198,4.82590,4.94444,1.621e-04,0.798,0.174,29378
2199,4.86594,4.94444,1.619e-04,0.775,0.168,29373
2200,4.90496,4.94444,1.617e-04,0.767,0.173,29381
2201,5.16696,4.94444,1.614e-04,0.842,0.166,29327
2202,4.85838,4.94444,1.612e-04,0.764,0.163,29388
2203,4.79661,4.94444,1.609e-04,0.887,0.225,29400
2204,4.74335,4.94444,1.607e-04,0.754,0.170,29382
2205,4.99548,4.94444,1.605e-04,0.781,0.168,29386
2206,4.86602,4.94444,1.602e-04,0.801,0.177,29378
2207,4.99809,4.94444,1.600e-04,0.746,0.159,29369
2208,4.93330,4.94444,1.598e-04,0.782,0.165,29381
2209,5.04835,4.94444,1.595e-04,0.786,0.171,29386
2210,4.66125,4.94444,1.593e-04,0.746,0.165,29381
2211,4.88851,4.94444,1.591e-04,0.769,0.164,29381
2212,4.98523,4.94444,1.588e-04,0.751,0.159,29362
2213,4.66227,4.94444,1.586e-04,0.860,0.190,29383
2214,4.81896,4.94444,1.584e-04,0.782,0.157,29370
2215,4.76161,4.94444,1.581e-04,0.777,0.166,29385
2216,4.76307,4.94444,1.579e-04,0.754,0.164,29375
2217,4.78601,4.94444,1.577e-04,0.778,0.157,29397
2218,4.79726,4.94444,1.574e-04,0.743,0.160,29408
2219,4.69720,4.94444,1.572e-04,0.708,0.153,29396
2220,4.94309,4.94444,1.570e-04,0.751,0.168,29371
2221,4.87684,4.94444,1.567e-04,0.776,0.183,29334
2222,4.88369,4.94444,1.565e-04,0.733,0.156,29380
2223,4.79705,4.94444,1.563e-04,0.695,0.144,29388
2224,4.98518,4.94444,1.560e-04,0.740,0.152,29394
2225,4.69374,4.94444,1.558e-04,0.760,0.165,29388
2226,4.89401,4.94444,1.556e-04,0.765,0.162,29389
2227,4.92061,4.94444,1.553e-04,0.764,0.158,29379
2228,4.65359,4.94444,1.551e-04,0.750,0.169,29394
2229,4.87533,4.94444,1.549e-04,0.723,0.158,29384
2230,4.81284,4.94444,1.546e-04,0.816,0.189,29395
2231,4.83577,4.94444,1.544e-04,0.745,0.173,29370
2232,4.87183,4.94444,1.542e-04,0.775,0.172,29381
2233,5.00030,4.94444,1.540e-04,0.887,0.217,29416
2234,4.91650,4.94444,1.537e-04,0.816,0.174,29355
2235,4.94634,4.94444,1.535e-04,0.739,0.163,29374
2236,4.68947,4.94444,1.533e-04,0.749,0.168,29393
2237,4.80198,4.94444,1.530e-04,0.827,0.183,29372
2238,5.01355,4.94444,1.528e-04,0.836,0.171,29382
2239,4.95806,4.94444,1.526e-04,0.810,0.180,29393
2240,4.95885,4.94444,1.524e-04,0.793,0.167,29408
2241,4.88430,4.94444,1.521e-04,0.857,0.173,29328
2242,4.91176,4.94444,1.519e-04,0.799,0.171,29404
2243,5.07791,4.94444,1.517e-04,0.805,0.166,29405
2244,4.79464,4.94444,1.514e-04,0.754,0.164,29390
2245,4.70743,4.94444,1.512e-04,0.730,0.160,29365
2246,4.80948,4.94444,1.510e-04,0.775,0.163,29352
2247,4.88157,4.94444,1.508e-04,0.816,0.196,29385
2248,4.96107,4.94444,1.505e-04,0.813,0.167,29392
2249,5.00004,4.94444,1.503e-04,0.792,0.177,29381
2250,5.04684,4.87234,1.501e-04,0.791,0.169,8942
2251,4.99074,4.87234,1.499e-04,0.839,0.182,29728
2252,4.84810,4.87234,1.496e-04,0.808,0.175,29384
2253,5.01524,4.87234,1.494e-04,0.806,0.187,29382
2254,4.88398,4.87234,1.492e-04,0.755,0.154,29397
2255,4.86371,4.87234,1.490e-04,0.805,0.172,29420
2256,4.90931,4.87234,1.487e-04,0.829,0.207,29396
2257,4.90905,4.87234,1.485e-04,0.771,0.165,29365
2258,5.05916,4.87234,1.483e-04,0.809,0.169,29401
2259,4.68012,4.87234,1.481e-04,0.875,0.189,29359
2260,4.71884,4.87234,1.478e-04,0.799,0.172,29393
2261,4.96880,4.87234,1.476e-04,0.800,0.163,29348
2262,4.79054,4.87234,1.474e-04,0.785,0.181,29385
2263,4.87766,4.87234,1.472e-04,0.812,0.173,29373
2264,4.94686,4.87234,1.469e-04,0.903,0.199,29355
2265,4.88890,4.87234,1.467e-04,0.808,0.163,29398
2266,4.82915,4.87234,1.465e-04,0.778,0.189,29367
2267,4.83889,4.87234,1.463e-04,0.786,0.169,29372
2268,4.92645,4.87234,1.461e-04,0.860,0.180,29407
2269,4.80353,4.87234,1.458e-04,0.801,0.169,29381
2270,5.00885,4.87234,1.456e-04,0.728,0.154,29370
2271,5.03844,4.87234,1.454e-04,0.789,0.167,29391
2272,4.98250,4.87234,1.452e-04,0.769,0.171,29393
2273,4.85182,4.87234,1.450e-04,0.753,0.160,29372
2274,4.94937,4.87234,1.447e-04,0.788,0.155,29380
2275,4.87449,4.87234,1.445e-04,0.721,0.154,29407
2276,5.01663,4.87234,1.443e-04,0.759,0.159,29389
2277,4.90169,4.87234,1.441e-04,0.762,0.164,29388
2278,4.94927,4.87234,1.439e-04,0.790,0.184,29376
2279,4.96573,4.87234,1.436e-04,0.776,0.167,29387
2280,4.71841,4.87234,1.434e-04,0.827,0.195,29377
2281,4.78832,4.87234,1.432e-04,0.759,0.168,29319
2282,4.97446,4.87234,1.430e-04,0.796,0.189,29407
2283,4.84916,4.87234,1.428e-04,0.774,0.164,29370
2284,4.97936,4.87234,1.425e-04,0.771,0.166,29402
2285,4.81078,4.87234,1.423e-04,0.759,0.157,29365
2286,4.88209,4.87234,1.421e-04,0.734,0.159,29383
2287,4.86939,4.87234,1.419e-04,0.765,0.155,29376
2288,4.94099,4.87234,1.417e-04,0.813,0.169,29375
2289,4.87572,4.87234,1.415e-04,0.752,0.172,29372
2290,4.87828,4.87234,1.412e-04,0.814,0.172,29388
2291,4.91420,4.87234,1.410e-04,0.825,0.167,29388
2292,4.81978,4.87234,1.408e-04,0.820,0.175,29391
2293,4.65712,4.87234,1.406e-04,0.771,0.156,29366
2294,4.71453,4.87234,1.404e-04,0.844,0.187,29397
2295,4.78296,4.87234,1.402e-04,0.771,0.160,29374
2296,4.68938,4.87234,1.399e-04,0.766,0.160,29367
2297,4.94173,4.87234,1.397e-04,0.803,0.154,29386
2298,4.89764,4.87234,1.395e-04,0.803,0.164,29407
2299,4.95440,4.87234,1.393e-04,0.801,0.162,29365
2300,5.14955,4.87234,1.391e-04,0.772,0.156,29381
2301,4.78558,4.87234,1.389e-04,0.861,0.197,29344
2302,4.72194,4.87234,1.387e-04,0.791,0.168,29396
2303,4.86467,4.87234,1.384e-04,0.769,0.157,29364
2304,4.99499,4.87234,1.382e-04,0.745,0.159,29382
2305,4.92678,4.87234,1.380e-04,0.918,0.184,29403
2306,4.98918,4.87234,1.378e-04,0.735,0.152,29364
2307,4.73835,4.87234,1.376e-04,0.759,0.159,29387
2308,4.97827,4.87234,1.374e-04,0.791,0.167,29375
2309,4.89606,4.87234,1.372e-04,0.739,0.155,29391
2310,4.81049,4.87234,1.370e-04,0.786,0.173,29385
2311,4.83645,4.87234,1.367e-04,0.752,0.157,29391
2312,4.75716,4.87234,1.365e-04,0.837,0.167,29383
2313,4.91447,4.87234,1.363e-04,0.859,0.190,29390
2314,4.91760,4.87234,1.361e-04,0.828,0.182,29382
2315,4.95974,4.87234,1.359e-04,0.794,0.162,29379
2316,4.77566,4.87234,1.357e-04,0.780,0.164,29378
2317,4.93058,4.87234,1.355e-04,0.814,0.165,29415
2318,4.89674,4.87234,1.353e-04,0.744,0.165,29349
2319,4.81364,4.87234,1.351e-04,0.787,0.189,29396
2320,4.86319,4.87234,1.348e-04,0.796,0.164,29395
2321,4.77448,4.87234,1.346e-04,0.786,0.174,29326
2322,4.86359,4.87234,1.344e-04,0.819,0.158,29389
2323,4.80912,4.87234,1.342e-04,0.741,0.153,29400
2324,4.97484,4.87234,1.340e-04,0.792,0.182,29371
2325,4.86605,4.87234,1.338e-04,0.797,0.166,29392
2326,5.02154,4.87234,1.336e-04,0.751,0.157,29371
2327,4.95046,4.87234,1.334e-04,0.720,0.153,29405
2328,4.81581,4.87234,1.332e-04,0.805,0.176,29400
2329,4.88272,4.87234,1.330e-04,0.837,0.184,29377
2330,4.91929,4.87234,1.328e-04,0.799,0.184,29388
2331,4.82096,4.87234,1.326e-04,0.765,0.168,29388
2332,4.89645,4.87234,1.324e-04,0.824,0.187,29396
2333,4.76932,4.87234,1.321e-04,0.741,0.157,29404
2334,4.92471,4.87234,1.319e-04,0.773,0.176,29368
2335,4.91410,4.87234,1.317e-04,0.801,0.171,29394
2336,4.88772,4.87234,1.315e-04,0.767,0.146,29379
2337,4.89055,4.87234,1.313e-04,0.863,0.197,29406
2338,4.83950,4.87234,1.311e-04,0.756,0.163,29369
2339,4.86666,4.87234,1.309e-04,0.748,0.155,29410
2340,4.74054,4.87234,1.307e-04,0.821,0.171,29384
2341,4.86498,4.87234,1.305e-04,0.789,0.171,29336
2342,4.67704,4.87234,1.303e-04,0.809,0.172,29375
2343,4.87398,4.87234,1.301e-04,0.803,0.163,29420
2344,4.80444,4.87234,1.299e-04,0.791,0.158,29370
2345,4.86757,4.87234,1.297e-04,0.865,0.181,29402
2346,4.92171,4.87234,1.295e-04,0.821,0.156,29390
2347,5.03969,4.87234,1.293e-04,0.750,0.153,29368
2348,4.74022,4.87234,1.291e-04,0.776,0.167,29399
2349,4.75616,4.87234,1.289e-04,0.777,0.159,29355
2350,4.92876,4.87234,1.287e-04,0.764,0.154,29343
2351,4.83269,4.87234,1.285e-04,0.794,0.160,29389
2352,5.02378,4.87234,1.283e-04,0.827,0.163,29394
2353,4.80158,4.87234,1.281e-04,0.739,0.156,29361
2354,4.94698,4.87234,1.279e-04,0.791,0.163,29404
2355,4.75255,4.87234,1.277e-04,0.767,0.163,29375
2356,4.73844,4.87234,1.275e-04,0.871,0.177,29386
2357,4.81174,4.87234,1.273e-04,0.805,0.159,29390
2358,4.70321,4.87234,1.271e-04,0.900,0.190,29376
2359,4.82276,4.87234,1.269e-04,0.789,0.160,29386
2360,4.85124,4.87234,1.267e-04,0.841,0.168,29394
2361,4.79008,4.87234,1.265e-04,0.749,0.158,29338
2362,4.71122,4.87234,1.263e-04,0.816,0.200,29373
2363,4.88351,4.87234,1.261e-04,0.885,0.174,29371
2364,4.78830,4.87234,1.259e-04,0.801,0.168,29388
2365,4.92549,4.87234,1.257e-04,0.806,0.164,29384
2366,5.05797,4.87234,1.255e-04,0.823,0.189,29372
2367,4.77198,4.87234,1.253e-04,0.768,0.160,29393
2368,4.72501,4.87234,1.251e-04,0.750,0.167,29402
2369,4.85683,4.87234,1.249e-04,0.748,0.164,29392
2370,4.75218,4.87234,1.247e-04,0.771,0.170,29394
2371,5.08158,4.87234,1.245e-04,0.835,0.160,29342
2372,4.78352,4.87234,1.243e-04,0.847,0.215,29379
2373,4.98817,4.87234,1.241e-04,0.816,0.171,29375
2374,4.90326,4.87234,1.239e-04,0.812,0.179,29402
2375,4.91961,4.87234,1.237e-04,0.753,0.160,29372
2376,4.85443,4.87234,1.235e-04,0.748,0.150,29377
2377,4.91355,4.87234,1.233e-04,0.756,0.158,29392
2378,4.73299,4.87234,1.231e-04,0.800,0.170,29376
2379,4.82182,4.87234,1.229e-04,0.764,0.168,29375
2380,4.75271,4.87234,1.227e-04,0.755,0.160,29388
2381,4.74788,4.87234,1.225e-04,0.751,0.153,29354
2382,4.76125,4.87234,1.223e-04,0.867,0.193,29366
2383,4.82341,4.87234,1.222e-04,0.786,0.165,29404
2384,4.85868,4.87234,1.220e-04,0.815,0.169,29374
2385,4.99544,4.87234,1.218e-04,0.758,0.169,29380
2386,4.73319,4.87234,1.216e-04,0.773,0.167,29383
2387,5.00073,4.87234,1.214e-04,0.846,0.162,29394
2388,4.83332,4.87234,1.212e-04,0.793,0.163,29391
2389,4.92642,4.87234,1.210e-04,0.761,0.161,29376
2390,4.94913,4.87234,1.208e-04,0.735,0.158,29388
2391,4.82466,4.87234,1.206e-04,0.817,0.190,29377
2392,4.79669,4.87234,1.204e-04,0.885,0.190,29379
2393,4.96856,4.87234,1.202e-04,0.825,0.174,29371
2394,4.64660,4.87234,1.200e-04,0.772,0.168,29390
2395,4.89758,4.87234,1.199e-04,0.792,0.153,29368
2396,4.79892,4.87234,1.197e-04,0.789,0.167,29382
2397,4.84917,4.87234,1.195e-04,0.928,0.192,29393
2398,4.65525,4.87234,1.193e-04,0.739,0.152,29377
2399,4.87987,4.87234,1.191e-04,0.765,0.162,29361
2400,4.86168,4.87234,1.189e-04,0.741,0.166,29380
2401,4.83303,4.87234,1.187e-04,0.770,0.159,29336
2402,4.74706,4.87234,1.185e-04,0.772,0.157,29385
2403,4.85031,4.87234,1.183e-04,0.748,0.168,29391
2404,4.69105,4.87234,1.182e-04,0.828,0.173,29398
2405,4.97771,4.87234,1.180e-04,0.803,0.170,29411
2406,4.69810,4.87234,1.178e-04,0.749,0.158,29344
2407,4.90467,4.87234,1.176e-04,0.770,0.156,29406
2408,4.75652,4.87234,1.174e-04,0.845,0.197,29386
2409,4.81364,4.87234,1.172e-04,0.783,0.170,29382
2410,4.70637,4.87234,1.170e-04,0.823,0.166,29409
2411,4.83034,4.87234,1.168e-04,0.792,0.163,29382
2412,4.97233,4.87234,1.167e-04,0.793,0.168,29383
2413,4.96557,4.87234,1.165e-04,0.838,0.165,29384
2414,4.85699,4.87234,1.163e-04,0.779,0.169,29398
2415,4.73772,4.87234,1.161e-04,0.760,0.160,29376
2416,4.84469,4.87234,1.159e-04,0.829,0.191,29398
2417,4.89362,4.87234,1.157e-04,0.786,0.170,29389
2418,4.99582,4.87234,1.155e-04,0.740,0.157,29363
2419,4.86892,4.87234,1.154e-04,0.814,0.166,29389
2420,4.91552,4.87234,1.152e-04,0.842,0.182,29385
2421,4.82945,4.87234,1.150e-04,0.767,0.159,29323
2422,4.94313,4.87234,1.148e-04,0.793,0.160,29374
2423,4.78253,4.87234,1.146e-04,0.741,0.152,29383
2424,4.94304,4.87234,1.144e-04,0.783,0.175,29389
2425,4.82541,4.87234,1.143e-04,0.851,0.186,29355
2426,4.88501,4.87234,1.141e-04,0.736,0.145,29383
2427,4.67082,4.87234,1.139e-04,0.784,0.182,29385
2428,4.78319,4.87234,1.137e-04,0.752,0.164,29369
2429,4.93563,4.87234,1.135e-04,0.818,0.192,29394
2430,4.68938,4.87234,1.134e-04,0.774,0.157,29394
2431,4.97827,4.87234,1.132e-04,0.774,0.173,29403
2432,4.85945,4.87234,1.130e-04,0.767,0.164,29389
2433,4.73761,4.87234,1.128e-04,0.806,0.167,29382
2434,4.87873,4.87234,1.126e-04,0.814,0.179,29403
2435,5.05054,4.87234,1.125e-04,0.788,0.162,29390
2436,4.49763,4.87234,1.123e-04,0.795,0.178,29361
2437,4.99356,4.87234,1.121e-04,0.778,0.160,29395
2438,4.86666,4.87234,1.119e-04,0.766,0.173,29382
2439,4.96782,4.87234,1.117e-04,0.829,0.197,29375
2440,4.92626,4.87234,1.116e-04,0.793,0.175,29385
2441,4.80933,4.87234,1.114e-04,0.850,0.185,29326
2442,4.98553,4.87234,1.112e-04,0.876,0.177,29395
2443,4.70224,4.87234,1.110e-04,0.749,0.161,29378
2444,4.84775,4.87234,1.109e-04,0.826,0.166,29371
2445,4.82814,4.87234,1.107e-04,0.821,0.176,29364
2446,4.90546,4.87234,1.105e-04,0.855,0.173,29392
2447,4.88383,4.87234,1.103e-04,0.797,0.176,29382
2448,4.78608,4.87234,1.101e-04,0.756,0.146,29397
2449,4.75514,4.87234,1.100e-04,0.786,0.166,29384
2450,4.78730,4.87234,1.098e-04,0.871,0.219,29388
2451,4.95483,4.87234,1.096e-04,0.779,0.164,29364
2452,4.96429,4.87234,1.094e-04,0.804,0.170,29400
2453,4.87916,4.87234,1.093e-04,0.774,0.169,29371
2454,4.75174,4.87234,1.091e-04,0.774,0.162,29405
2455,5.01078,4.87234,1.089e-04,0.772,0.153,29388
2456,4.79961,4.87234,1.088e-04,0.757,0.161,29375
2457,4.90256,4.87234,1.086e-04,0.777,0.160,29361
2458,4.70507,4.87234,1.084e-04,0.843,0.172,29396
2459,4.83625,4.87234,1.082e-04,0.749,0.160,29372
2460,4.79446,4.87234,1.081e-04,0.775,0.155,29385
2461,4.83298,4.87234,1.079e-04,0.784,0.153,29340
2462,4.67254,4.87234,1.077e-04,0.769,0.189,29396
2463,4.80511,4.87234,1.075e-04,0.767,0.162,29367
2464,4.87069,4.87234,1.074e-04,0.789,0.157,29409
2465,4.78628,4.87234,1.072e-04,0.799,0.174,29393
2466,4.81411,4.87234,1.070e-04,0.773,0.151,29400
2467,4.72384,4.87234,1.069e-04,0.772,0.155,29384
2468,5.10761,4.87234,1.067e-04,0.782,0.145,29385
2469,4.94283,4.87234,1.065e-04,0.775,0.166,29379
2470,4.91295,4.87234,1.063e-04,0.818,0.173,29372
2471,4.61828,4.87234,1.062e-04,0.808,0.161,29379
2472,4.95324,4.87234,1.060e-04,0.795,0.159,29391
2473,4.89332,4.87234,1.058e-04,0.763,0.157,29374
2474,4.78847,4.87234,1.057e-04,0.828,0.176,29399
2475,4.76734,4.87234,1.055e-04,0.837,0.174,29392
2476,4.87705,4.87234,1.053e-04,0.832,0.172,29352
2477,4.69009,4.87234,1.052e-04,0.760,0.158,29385
2478,4.82218,4.87234,1.050e-04,0.789,0.168,29388
2479,4.68607,4.87234,1.048e-04,0.808,0.154,29355
2480,4.76105,4.87234,1.047e-04,0.846,0.163,29366
2481,4.80704,4.87234,1.045e-04,0.831,0.169,29337
2482,4.79670,4.87234,1.043e-04,0.847,0.171,29389
2483,4.70673,4.87234,1.042e-04,0.814,0.162,29383
2484,4.90024,4.87234,1.040e-04,0.790,0.156,29380
2485,4.85841,4.87234,1.038e-04,0.771,0.167,29410
2486,4.87974,4.87234,1.037e-04,0.854,0.181,29380
2487,4.79494,4.87234,1.035e-04,0.860,0.168,29387
2488,4.73444,4.87234,1.033e-04,0.760,0.160,29383
2489,4.99012,4.87234,1.032e-04,0.828,0.157,29362
2490,4.72953,4.87234,1.030e-04,0.913,0.191,29374
2491,4.75126,4.87234,1.028e-04,0.809,0.185,29403
2492,4.92928,4.87234,1.027e-04,0.756,0.154,29354
2493,4.77268,4.87234,1.025e-04,0.766,0.162,29396
2494,4.68493,4.87234,1.024e-04,0.779,0.166,29400
2495,4.77048,4.87234,1.022e-04,0.756,0.159,29383
2496,4.99545,4.87234,1.020e-04,0.803,0.163,29367
2497,4.85532,4.87234,1.019e-04,0.821,0.163,29381
2498,4.70971,4.87234,1.017e-04,0.764,0.155,29390
2499,4.87476,4.87234,1.015e-04,0.790,0.169,29407
2500,4.80638,4.81889,1.014e-04,0.772,0.176,8927
2501,4.83717,4.81889,1.012e-04,0.825,0.176,29746
2502,4.86182,4.81889,1.011e-04,0.891,0.197,29357
2503,4.69961,4.81889,1.009e-04,0.790,0.174,29381
2504,4.89661,4.81889,1.007e-04,0.884,0.179,29376
2505,4.79595,4.81889,1.006e-04,0.868,0.180,29387
2506,4.76788,4.81889,1.004e-04,0.884,0.204,29391
2507,4.81789,4.81889,1.003e-04,0.777,0.157,29396
2508,4.84271,4.81889,1.001e-04,0.762,0.153,29384
2509,4.67179,4.81889,9.995e-05,0.809,0.171,29380
2510,5.00393,4.81889,9.979e-05,0.832,0.166,29377
2511,4.78311,4.81889,9.963e-05,0.775,0.174,29374
2512,4.79210,4.81889,9.947e-05,0.797,0.170,29366
2513,4.56890,4.81889,9.931e-05,0.765,0.165,29396
2514,4.95690,4.81889,9.916e-05,0.763,0.164,29374
2515,4.88943,4.81889,9.900e-05,0.770,0.158,29372
2516,4.83625,4.81889,9.884e-05,0.802,0.166,29405
2517,4.93872,4.81889,9.869e-05,0.805,0.174,29373
2518,4.75322,4.81889,9.853e-05,0.790,0.155,29392
2519,4.82260,4.81889,9.837e-05,0.798,0.170,29361
2520,4.89126,4.81889,9.822e-05,0.836,0.175,29389
2521,4.69057,4.81889,9.806e-05,0.714,0.153,29318
2522,4.86163,4.81889,9.791e-05,0.769,0.155,29390
2523,4.88264,4.81889,9.775e-05,0.768,0.154,29384
2524,4.82261,4.81889,9.760e-05,0.754,0.151,29369
2525,4.74264,4.81889,9.745e-05,0.749,0.159,29382
2526,4.87567,4.81889,9.729e-05,0.783,0.169,29391
2527,4.79522,4.81889,9.714e-05,0.811,0.168,29380
2528,4.62179,4.81889,9.699e-05,0.769,0.152,29386
2529,4.73179,4.81889,9.683e-05,0.797,0.165,29378
2530,4.68332,4.81889,9.668e-05,0.855,0.179,29383
2531,4.87845,4.81889,9.653e-05,0.811,0.167,29359
2532,4.79028,4.81889,9.638e-05,0.855,0.175,29386
2533,4.84786,4.81889,9.622e-05,0.829,0.189,29377
2534,4.88976,4.81889,9.607e-05,0.766,0.158,29391
2535,4.70684,4.81889,9.592e-05,0.870,0.191,29403
2536,4.75920,4.81889,9.577e-05,0.845,0.183,29378
2537,4.89013,4.81889,9.562e-05,0.798,0.157,29368
2538,4.87638,4.81889,9.547e-05,0.754,0.144,29364
2539,4.82318,4.81889,9.532e-05,0.842,0.173,29384
2540,4.65186,4.81889,9.517e-05,0.812,0.173,29361
2541,4.96807,4.81889,9.502e-05,0.819,0.166,29321
2542,4.91453,4.81889,9.487e-05,0.823,0.193,29375
2543,4.76909,4.81889,9.472e-05,0.875,0.180,29410
2544,5.00350,4.81889,9.457e-05,0.820,0.178,29374
2545,4.78119,4.81889,9.443e-05,0.878,0.179,29399
2546,4.88111,4.81889,9.428e-05,0.812,0.160,29398
2547,4.88230,4.81889,9.413e-05,0.767,0.155,29370
2548,5.07569,4.81889,9.398e-05,0.859,0.184,29394
2549,4.77056,4.81889,9.384e-05,0.785,0.159,29388
2550,4.87970,4.81889,9.369e-05,0.765,0.155,29366
2551,4.87263,4.81889,9.354e-05,0.831,0.175,29399
2552,4.64625,4.81889,9.340e-05,0.852,0.201,29396
2553,4.93654,4.81889,9.325e-05,0.827,0.196,29345
2554,4.79135,4.81889,9.311e-05,0.888,0.184,29396
2555,4.89886,4.81889,9.296e-05,0.886,0.194,29384
2556,4.77552,4.81889,9.282e-05,0.811,0.168,29372
2557,5.04193,4.81889,9.267e-05,0.888,0.180,29377
2558,4.77142,4.81889,9.253e-05,0.807,0.156,29391
2559,4.81703,4.81889,9.238e-05,0.819,0.158,29384
2560,4.78931,4.81889,9.224e-05,0.800,0.160,29371
2561,4.79511,4.81889,9.210e-05,0.846,0.187,29357
2562,4.89012,4.81889,9.195e-05,0.781,0.153,29375
2563,4.76821,4.81889,9.181e-05,0.770,0.155,29355
2564,4.90982,4.81889,9.167e-05,0.820,0.175,29390
2565,4.63134,4.81889,9.153e-05,0.729,0.146,29369
2566,4.74091,4.81889,9.138e-05,0.806,0.155,29388
2567,5.00219,4.81889,9.124e-05,0.825,0.179,29403
2568,4.69806,4.81889,9.110e-05,0.902,0.243,29394
2569,4.89120,4.81889,9.096e-05,0.807,0.167,29376
2570,4.64311,4.81889,9.082e-05,0.798,0.167,29370
2571,4.90431,4.81889,9.068e-05,0.829,0.190,29398
2572,4.84166,4.81889,9.054e-05,0.765,0.173,29349
2573,4.88003,4.81889,9.040e-05,0.794,0.166,29402
2574,4.72639,4.81889,9.026e-05,0.794,0.167,29385
2575,4.79151,4.81889,9.012e-05,0.775,0.155,29380
2576,4.98073,4.81889,8.998e-05,0.836,0.164,29388
2577,4.77001,4.81889,8.984e-05,0.850,0.178,29397
2578,4.79011,4.81889,8.970e-05,0.837,0.176,29384
2579,4.79972,4.81889,8.957e-05,0.782,0.168,29375
2580,4.75947,4.81889,8.943e-05,0.759,0.166,29388
2581,4.68736,4.81889,8.929e-05,0.810,0.171,29347
2582,4.82689,4.81889,8.915e-05,0.814,0.168,29362
2583,4.85027,4.81889,8.902e-05,0.771,0.158,29410
2584,4.95888,4.81889,8.888e-05,0.823,0.161,29365
2585,4.79933,4.81889,8.874e-05,0.808,0.161,29365
2586,4.78635,4.81889,8.861e-05,0.777,0.158,29391
2587,4.74783,4.81889,8.847e-05,0.815,0.173,29373
2588,4.89689,4.81889,8.834e-05,0.783,0.156,29379
2589,4.88309,4.81889,8.820e-05,0.798,0.148,29400
2590,4.74629,4.81889,8.807e-05,0.844,0.169,29386
2591,4.73440,4.81889,8.793e-05,0.784,0.165,29355
2592,4.95047,4.81889,8.780e-05,0.817,0.151,29385
2593,4.55674,4.81889,8.767e-05,0.770,0.160,29379
2594,4.81686,4.81889,8.753e-05,0.764,0.152,29375
2595,4.84063,4.81889,8.740e-05,0.789,0.158,29404
2596,4.88757,4.81889,8.727e-05,0.821,0.181,29366
2597,5.06038,4.81889,8.713e-05,0.825,0.161,29410
2598,4.83859,4.81889,8.700e-05,0.852,0.164,29376
2599,4.87466,4.81889,8.687e-05,0.840,0.187,29385
2600,4.72689,4.81889,8.674e-05,0.825,0.193,29367
2601,4.84435,4.81889,8.661e-05,0.827,0.170,29327
2602,4.91422,4.81889,8.648e-05,0.858,0.162,29393
2603,4.67908,4.81889,8.635e-05,0.852,0.216,29383
2604,4.82873,4.81889,8.622e-05,0.774,0.164,29362
2605,4.54786,4.81889,8.609e-05,0.760,0.153,29384
2606,4.64583,4.81889,8.596e-05,0.832,0.176,29382
2607,4.73197,4.81889,8.583e-05,0.803,0.159,29393
2608,4.93548,4.81889,8.570e-05,0.849,0.171,29357
2609,4.95924,4.81889,8.557e-05,0.767,0.154,29391
2610,4.82857,4.81889,8.544e-05,0.843,0.167,29376
2611,4.75715,4.81889,8.531e-05,0.908,0.176,29380
2612,4.60195,4.81889,8.518e-05,0.788,0.158,29377
2613,4.63987,4.81889,8.506e-05,0.819,0.165,29401
2614,4.81735,4.81889,8.493e-05,0.877,0.177,29369
2615,4.68177,4.81889,8.480e-05,0.834,0.163,29395
2616,4.91376,4.81889,8.467e-05,0.787,0.155,29390
2617,4.82272,4.81889,8.455e-05,0.821,0.160,29359
2618,4.53564,4.81889,8.442e-05,0.880,0.181,29389
2619,4.76394,4.81889,8.430e-05,0.819,0.165,29405
2620,4.93428,4.81889,8.417e-05,0.823,0.159,29401
2621,4.82463,4.81889,8.405e-05,0.812,0.154,29313
2622,4.96097,4.81889,8.392e-05,0.827,0.157,29403
2623,4.97759,4.81889,8.380e-05,0.839,0.159,29361
2624,4.68545,4.81889,8.367e-05,0.798,0.161,29379
2625,4.82155,4.81889,8.355e-05,0.807,0.159,29405
2626,4.68009,4.81889,8.342e-05,0.745,0.166,29379
2627,4.64608,4.81889,8.330e-05,0.867,0.174,29391
2628,4.66212,4.81889,8.318e-05,0.826,0.164,29402
2629,4.75926,4.81889,8.306e-05,0.792,0.156,29364
2630,4.79606,4.81889,8.293e-05,0.812,0.169,29366
2631,4.88587,4.81889,8.281e-05,0.804,0.162,29388
2632,4.78333,4.81889,8.269e-05,0.826,0.182,29390
2633,4.74424,4.81889,8.257e-05,0.801,0.171,29395
2634,4.80383,4.81889,8.245e-05,0.805,0.166,29378
2635,4.79222,4.81889,8.233e-05,0.802,0.167,29382
2636,4.72888,4.81889,8.221e-05,0.832,0.168,29375
2637,4.81431,4.81889,8.209e-05,0.815,0.169,29394
2638,4.91012,4.81889,8.197e-05,0.818,0.172,29365
2639,4.72533,4.81889,8.185e-05,0.832,0.167,29380
2640,4.84523,4.81889,8.173e-05,0.794,0.163,29405
2641,4.91842,4.81889,8.161e-05,0.760,0.162,29353
2642,4.81406,4.81889,8.149e-05,0.805,0.157,29382
2643,4.67621,4.81889,8.137e-05,0.811,0.159,29352
2644,4.75575,4.81889,8.125e-05,0.849,0.181,29394
2645,4.77735,4.81889,8.114e-05,0.750,0.157,29400
2646,4.90917,4.81889,8.102e-05,0.789,0.157,29376
2647,4.80041,4.81889,8.090e-05,0.805,0.166,29372
2648,4.89532,4.81889,8.079e-05,0.763,0.143,29400
2649,4.86614,4.81889,8.067e-05,0.762,0.157,29392
2650,4.74593,4.81889,8.055e-05,0.785,0.163,29367
2651,4.83447,4.81889,8.044e-05,0.873,0.175,29382
2652,4.85419,4.81889,8.032e-05,0.812,0.166,29397
2653,4.78519,4.81889,8.021e-05,0.817,0.159,29379
2654,4.72539,4.81889,8.009e-05,0.782,0.170,29412
2655,4.90555,4.81889,7.998e-05,0.869,0.175,29385
2656,4.84367,4.81889,7.986e-05,0.814,0.173,29364
2657,4.79978,4.81889,7.975e-05,0.811,0.158,29356
2658,4.77847,4.81889,7.964e-05,0.794,0.167,29393
2659,4.85272,4.81889,7.952e-05,0.780,0.164,29376
2660,4.97186,4.81889,7.941e-05,0.788,0.163,29404
2661,4.69742,4.81889,7.930e-05,0.819,0.160,29337
2662,4.69510,4.81889,7.918e-05,0.808,0.175,29388
2663,4.75770,4.81889,7.907e-05,0.843,0.169,29390
2664,4.86460,4.81889,7.896e-05,0.815,0.156,29394
2665,4.73768,4.81889,7.885e-05,0.876,0.169,29389
2666,4.76371,4.81889,7.874e-05,0.811,0.163,29372
2667,4.75612,4.81889,7.863e-05,0.837,0.169,29397
2668,4.76973,4.81889,7.852e-05,0.806,0.162,29395
2669,4.74965,4.81889,7.841e-05,0.780,0.154,29389
2670,4.76103,4.81889,7.830e-05,0.806,0.167,29378
2671,4.78703,4.81889,7.819e-05,0.758,0.150,29409
2672,4.67532,4.81889,7.808e-05,0.783,0.158,29380
2673,5.00914,4.81889,7.797e-05,0.780,0.148,29394
2674,4.88077,4.81889,7.786e-05,0.817,0.165,29384
2675,4.78014,4.81889,7.775e-05,0.809,0.166,29394
2676,4.70524,4.81889,7.764e-05,0.751,0.149,29375
2677,4.56115,4.81889,7.754e-05,0.774,0.152,29377
2678,4.82141,4.81889,7.743e-05,0.808,0.164,29403
2679,4.73616,4.81889,7.732e-05,0.765,0.157,29380
2680,4.88952,4.81889,7.722e-05,0.793,0.158,29377
2681,4.79312,4.81889,7.711e-05,0.798,0.162,29345
2682,4.85497,4.81889,7.700e-05,0.849,0.163,29388
2683,4.64975,4.81889,7.690e-05,0.774,0.158,29382
2684,4.78588,4.81889,7.679e-05,0.827,0.164,29382
2685,4.77366,4.81889,7.669e-05,0.863,0.164,29399
2686,4.84128,4.81889,7.658e-05,0.816,0.166,29378
2687,4.95513,4.81889,7.648e-05,0.774,0.163,29385
2688,4.69395,4.81889,7.638e-05,0.806,0.163,29357
2689,4.83706,4.81889,7.627e-05,0.824,0.175,29399
2690,4.62378,4.81889,7.617e-05,0.838,0.178,29365
2691,4.60611,4.81889,7.606e-05,0.758,0.151,29395
2692,4.85230,4.81889,7.596e-05,0.791,0.157,29364
2693,4.82012,4.81889,7.586e-05,0.786,0.163,29368
2694,4.80815,4.81889,7.576e-05,0.771,0.156,29389
2695,4.76357,4.81889,7.566e-05,0.786,0.160,29374
2696,4.61419,4.81889,7.555e-05,0.773,0.159,29392
2697,4.83861,4.81889,7.545e-05,0.760,0.148,29403
2698,4.72659,4.81889,7.535e-05,0.772,0.167,29386
2699,4.81113,4.81889,7.525e-05,0.829,0.167,29374
2700,4.79134,4.81889,7.515e-05,0.763,0.151,29384
2701,4.82553,4.81889,7.505e-05,0.771,0.158,29345
2702,4.77317,4.81889,7.495e-05,0.822,0.168,29371
2703,4.66247,4.81889,7.485e-05,0.782,0.148,29382
2704,4.77815,4.81889,7.475e-05,0.804,0.155,29378
2705,4.87255,4.81889,7.466e-05,0.772,0.152,29389
2706,4.69178,4.81889,7.456e-05,0.785,0.167,29381
2707,4.69717,4.81889,7.446e-05,0.793,0.159,29373
2708,4.84025,4.81889,7.436e-05,0.800,0.154,29390
2709,4.72333,4.81889,7.426e-05,0.769,0.153,29398
2710,4.79449,4.81889,7.417e-05,0.791,0.161,29388
2711,4.65509,4.81889,7.407e-05,0.794,0.154,29366
2712,4.67190,4.81889,7.397e-05,0.752,0.152,29410
2713,4.73682,4.81889,7.388e-05,0.753,0.149,29392
2714,4.54856,4.81889,7.378e-05,0.791,0.169,29376
2715,4.79828,4.81889,7.369e-05,0.835,0.174,29386
2716,4.72928,4.81889,7.359e-05,0.828,0.161,29377
2717,4.79904,4.81889,7.350e-05,0.810,0.157,29369
2718,4.97924,4.81889,7.340e-05,0.854,0.167,29418
2719,4.77240,4.81889,7.331e-05,0.810,0.150,29361
2720,4.90320,4.81889,7.321e-05,0.794,0.162,29402
2721,4.86894,4.81889,7.312e-05,0.764,0.149,29339
2722,4.91418,4.81889,7.303e-05,0.847,0.168,29377
2723,4.76903,4.81889,7.294e-05,0.796,0.163,29393
2724,4.67118,4.81889,7.284e-05,0.783,0.159,29358
2725,5.03455,4.81889,7.275e-05,0.774,0.155,29398
2726,4.90915,4.81889,7.266e-05,0.787,0.166,29380
2727,4.79122,4.81889,7.257e-05,0.830,0.163,29383
2728,4.89767,4.81889,7.248e-05,0.800,0.163,29381
2729,4.77911,4.81889,7.239e-05,0.778,0.149,29376
2730,4.80670,4.81889,7.229e-05,0.782,0.161,29400
2731,4.85170,4.81889,7.220e-05,0.754,0.152,29384
2732,4.84865,4.81889,7.211e-05,0.784,0.155,29387
2733,4.78021,4.81889,7.203e-05,0.870,0.169,29399
2734,4.63313,4.81889,7.194e-05,0.812,0.159,29380
2735,4.74768,4.81889,7.185e-05,0.806,0.170,29374
2736,4.82370,4.81889,7.176e-05,0.763,0.164,29387
2737,4.80120,4.81889,7.167e-05,0.867,0.178,29375
2738,4.85954,4.81889,7.158e-05,0.768,0.152,29395
2739,4.67480,4.81889,7.149e-05,0.783,0.150,29392
2740,4.79061,4.81889,7.141e-05,0.841,0.179,29394
2741,4.93324,4.81889,7.132e-05,0.857,0.175,29334
2742,4.78916,4.81889,7.123e-05,0.778,0.152,29384
2743,4.82879,4.81889,7.115e-05,0.788,0.162,29361
2744,4.77563,4.81889,7.106e-05,0.885,0.169,29403
2745,4.84177,4.81889,7.098e-05,0.812,0.167,29378
2746,4.73392,4.81889,7.089e-05,0.803,0.162,29370
2747,4.73303,4.81889,7.081e-05,0.813,0.156,29385
2748,4.86266,4.81889,7.072e-05,0.824,0.161,29384
2749,4.94655,4.81889,7.064e-05,0.881,0.179,29342
2750,4.79946,4.78170,7.055e-05,0.820,0.179,8942
2751,4.83724,4.78170,7.047e-05,0.841,0.164,29674
2752,4.61393,4.78170,7.039e-05,0.860,0.204,29398
2753,4.67179,4.78170,7.030e-05,0.850,0.170,29398
2754,4.60087,4.78170,7.022e-05,0.830,0.179,29375
2755,4.88248,4.78170,7.014e-05,0.835,0.185,29410
2756,4.84175,4.78170,7.006e-05,0.844,0.169,29405
2757,4.67442,4.78170,6.997e-05,0.789,0.166,29390
2758,4.71138,4.78170,6.989e-05,0.838,0.190,29394
2759,4.78205,4.78170,6.981e-05,0.828,0.177,29363
2760,4.73780,4.78170,6.973e-05,0.800,0.169,29398
2761,4.89716,4.78170,6.965e-05,0.795,0.153,29347
2762,4.59100,4.78170,6.957e-05,0.796,0.167,29388
2763,4.87961,4.78170,6.949e-05,0.831,0.177,29387
2764,4.64588,4.78170,6.941e-05,0.836,0.163,29396
2765,4.74711,4.78170,6.933e-05,0.814,0.161,29389
2766,4.80154,4.78170,6.925e-05,0.792,0.166,29393
2767,4.72021,4.78170,6.917e-05,0.833,0.165,29374
2768,5.01921,4.78170,6.910e-05,0.828,0.157,29396
2769,4.75962,4.78170,6.902e-05,0.799,0.154,29376
2770,4.89287,4.78170,6.894e-05,0.825,0.160,29396
2771,4.89308,4.78170,6.886e-05,0.818,0.156,29347
2772,4.72310,4.78170,6.879e-05,0.787,0.164,29375
2773,4.71231,4.78170,6.871e-05,0.819,0.167,29376
2774,4.85751,4.78170,6.863e-05,0.874,0.166,29380
2775,4.76709,4.78170,6.856e-05,0.759,0.144,29382
2776,4.87468,4.78170,6.848e-05,0.769,0.150,29362
2777,4.65906,4.78170,6.841e-05,0.802,0.170,29404
2778,4.74759,4.78170,6.833e-05,0.831,0.160,29384
2779,4.90583,4.78170,6.826e-05,0.813,0.160,29386
2780,4.83532,4.78170,6.818e-05,0.769,0.151,29382
2781,4.73126,4.78170,6.811e-05,0.800,0.159,29319
2782,4.68918,4.78170,6.804e-05,0.764,0.170,29386
2783,4.75901,4.78170,6.796e-05,0.795,0.151,29378
2784,4.73276,4.78170,6.789e-05,0.811,0.158,29401
2785,4.71976,4.78170,6.782e-05,0.849,0.167,29355
2786,4.68103,4.78170,6.775e-05,0.863,0.175,29386
2787,4.81199,4.78170,6.767e-05,0.786,0.163,29366
2788,4.64741,4.78170,6.760e-05,0.780,0.155,29382
2789,4.79442,4.78170,6.753e-05,0.768,0.154,29384
2790,4.69653,4.78170,6.746e-05,0.799,0.158,29394
2791,4.77253,4.78170,6.739e-05,0.857,0.172,29409
2792,4.90088,4.78170,6.732e-05,0.757,0.150,29384
2793,4.84398,4.78170,6.725e-05,0.799,0.158,29375
2794,4.69900,4.78170,6.718e-05,0.824,0.174,29376
2795,4.98789,4.78170,6.711e-05,0.802,0.159,29375
2796,4.76531,4.78170,6.704e-05,0.784,0.154,29392
2797,4.98409,4.78170,6.697e-05,0.850,0.165,29360
2798,4.70140,4.78170,6.690e-05,0.787,0.168,29367
2799,4.84342,4.78170,6.684e-05,0.811,0.163,29390
2800,4.76453,4.78170,6.677e-05,0.848,0.163,29406
2801,4.78487,4.78170,6.670e-05,0.795,0.174,29327
2802,4.64931,4.78170,6.664e-05,0.920,0.202,29375
2803,4.80880,4.78170,6.657e-05,0.785,0.158,29400
2804,4.70688,4.78170,6.650e-05,0.795,0.163,29400
2805,4.81570,4.78170,6.644e-05,0.852,0.165,29399
2806,4.74178,4.78170,6.637e-05,0.830,0.169,29377
2807,4.60681,4.78170,6.631e-05,0.836,0.168,29389
2808,4.62006,4.78170,6.624e-05,0.823,0.157,29364
2809,4.86262,4.78170,6.618e-05,0.826,0.159,29387
2810,4.70183,4.78170,6.611e-05,0.854,0.180,29378
2811,4.66677,4.78170,6.605e-05,0.872,0.210,29401
2812,4.57046,4.78170,6.598e-05,0.821,0.166,29386
2813,4.57167,4.78170,6.592e-05,0.890,0.184,29362
2814,4.83106,4.78170,6.586e-05,0.850,0.167,29386
2815,4.74117,4.78170,6.580e-05,0.858,0.169,29376
2816,4.80954,4.78170,6.573e-05,0.805,0.154,29367
2817,4.85081,4.78170,6.567e-05,0.764,0.148,29407
2818,4.93923,4.78170,6.561e-05,0.847,0.159,29376
2819,4.71748,4.78170,6.555e-05,0.784,0.158,29378
2820,4.65663,4.78170,6.549e-05,0.751,0.155,29392
2821,4.71741,4.78170,6.543e-05,0.782,0.150,29343
2822,4.72101,4.78170,6.537e-05,0.770,0.155,29373
2823,4.80656,4.78170,6.531e-05,0.795,0.159,29390
2824,4.60164,4.78170,6.525e-05,0.751,0.155,29379
2825,4.76371,4.78170,6.519e-05,0.792,0.165,29382
2826,4.93624,4.78170,6.513e-05,0.782,0.163,29400
2827,4.72066,4.78170,6.507e-05,0.816,0.155,29376
2828,4.85042,4.78170,6.501e-05,0.821,0.168,29379
2829,4.61833,4.78170,6.495e-05,0.808,0.158,29387
2830,4.84370,4.78170,6.490e-05,0.839,0.168,29384
2831,4.72123,4.78170,6.484e-05,0.853,0.165,29363
2832,4.82051,4.78170,6.478e-05,0.891,0.172,29391
2833,4.77213,4.78170,6.473e-05,0.834,0.172,29394
2834,4.83843,4.78170,6.467e-05,0.858,0.180,29400
2835,4.74018,4.78170,6.461e-05,0.810,0.156,29395
2836,4.88252,4.78170,6.456e-05,0.817,0.157,29411
2837,4.75883,4.78170,6.450e-05,0.822,0.170,29399
2838,4.87608,4.78170,6.445e-05,0.826,0.177,29379
2839,4.67838,4.78170,6.439e-05,0.823,0.161,29389
2840,4.52709,4.78170,6.434e-05,0.814,0.172,29393
2841,4.86876,4.78170,6.429e-05,0.813,0.155,29334
2842,4.89249,4.78170,6.423e-05,0.868,0.167,29396
2843,4.75468,4.78170,6.418e-05,0.803,0.152,29370
2844,4.62642,4.78170,6.413e-05,0.851,0.170,29361
2845,4.82254,4.78170,6.407e-05,0.862,0.179,29385
2846,4.90096,4.78170,6.402e-05,0.829,0.159,29396
2847,4.56837,4.78170,6.397e-05,0.884,0.175,29373
2848,4.87262,4.78170,6.392e-05,0.914,0.180,29401
2849,4.59935,4.78170,6.387e-05,0.818,0.169,29383
2850,4.93044,4.78170,6.381e-05,0.837,0.169,29379
2851,4.74915,4.78170,6.376e-05,0.857,0.202,29363
2852,4.73263,4.78170,6.371e-05,0.852,0.194,29370
2853,4.81275,4.78170,6.366e-05,0.873,0.175,29380
2854,4.85563,4.78170,6.361e-05,0.823,0.169,29406
2855,4.78944,4.78170,6.357e-05,0.870,0.191,29371
2856,4.87781,4.78170,6.352e-05,0.898,0.187,29379
2857,4.63924,4.78170,6.347e-05,0.819,0.184,29415
2858,4.73471,4.78170,6.342e-05,0.838,0.169,29400
2859,4.75321,4.78170,6.337e-05,0.811,0.168,29372
2860,4.61138,4.78170,6.332e-05,0.819,0.166,29377
2861,4.90988,4.78170,6.328e-05,0.878,0.170,29349
2862,4.76427,4.78170,6.323e-05,0.759,0.150,29401
2863,4.85077,4.78170,6.318e-05,0.811,0.167,29380
2864,4.86568,4.78170,6.314e-05,0.841,0.162,29362
2865,4.75056,4.78170,6.309e-05,0.832,0.165,29382
2866,4.58736,4.78170,6.305e-05,0.834,0.157,29389
2867,4.79286,4.78170,6.300e-05,0.876,0.170,29380
2868,4.71360,4.78170,6.296e-05,0.838,0.168,29404
2869,4.77315,4.78170,6.291e-05,0.859,0.169,29386
2870,4.73882,4.78170,6.287e-05,0.857,0.173,29368
2871,4.86839,4.78170,6.282e-05,0.857,0.156,29399
2872,4.77688,4.78170,6.278e-05,0.867,0.170,29381
2873,4.82197,4.78170,6.274e-05,0.828,0.180,29380
2874,4.84061,4.78170,6.269e-05,0.872,0.189,29400
2875,4.74144,4.78170,6.265e-05,0.768,0.148,29387
2876,4.77015,4.78170,6.261e-05,0.808,0.162,29399
2877,4.85424,4.78170,6.257e-05,0.869,0.172,29366
2878,4.80651,4.78170,6.253e-05,0.820,0.181,29353
2879,4.71513,4.78170,6.248e-05,0.855,0.174,29402
2880,4.89407,4.78170,6.244e-05,0.822,0.158,29399
2881,4.71229,4.78170,6.240e-05,0.792,0.163,29331
2882,4.65050,4.78170,6.236e-05,0.802,0.162,29379
2883,4.77123,4.78170,6.232e-05,0.845,0.182,29387
2884,4.84472,4.78170,6.228e-05,0.841,0.173,29369
2885,4.69362,4.78170,6.224e-05,0.807,0.162,29402
2886,4.65105,4.78170,6.221e-05,0.794,0.163,29389
2887,4.77883,4.78170,6.217e-05,0.777,0.168,29372
2888,4.73071,4.78170,6.213e-05,0.832,0.173,29376
2889,4.74439,4.78170,6.209e-05,0.805,0.160,29363
2890,4.72033,4.78170,6.205e-05,0.795,0.156,29410
2891,4.73611,4.78170,6.202e-05,0.787,0.150,29412
2892,4.76852,4.78170,6.198e-05,0.819,0.164,29370
2893,4.71402,4.78170,6.194e-05,0.885,0.178,29387
2894,4.76187,4.78170,6.191e-05,0.831,0.157,29392
2895,4.75092,4.78170,6.187e-05,0.799,0.165,29366
2896,4.68294,4.78170,6.184e-05,0.834,0.168,29400
2897,4.79859,4.78170,6.180e-05,0.799,0.151,29400
2898,4.91233,4.78170,6.177e-05,0.795,0.158,29388
2899,4.76990,4.78170,6.173e-05,0.802,0.160,29375
2900,4.78650,4.78170,6.170e-05,0.785,0.158,29393
2901,4.82656,4.78170,6.166e-05,0.804,0.162,29321
2902,4.74986,4.78170,6.163e-05,0.819,0.162,29390
2903,4.89414,4.78170,6.160e-05,0.812,0.155,29361
2904,4.79001,4.78170,6.156e-05,0.818,0.168,29415
2905,4.70511,4.78170,6.153e-05,0.819,0.166,29346
2906,4.63924,4.78170,6.150e-05,0.814,0.163,29381
2907,4.71436,4.78170,6.147e-05,0.802,0.164,29383
2908,4.75068,4.78170,6.144e-05,0.829,0.163,29370
2909,4.81469,4.78170,6.141e-05,0.769,0.148,29391
2910,4.78279,4.78170,6.138e-05,0.816,0.169,29376
2911,4.62736,4.78170,6.135e-05,0.840,0.174,29382
2912,4.92834,4.78170,6.132e-05,0.773,0.156,29402
2913,4.50338,4.78170,6.129e-05,0.799,0.155,29372
2914,4.82759,4.78170,6.126e-05,0.918,0.188,29374
2915,4.87693,4.78170,6.123e-05,0.918,0.205,29373
2916,4.81634,4.78170,6.120e-05,0.893,0.179,29379
2917,4.91335,4.78170,6.117e-05,0.810,0.159,29395
2918,4.84569,4.78170,6.114e-05,0.840,0.173,29377
2919,4.69873,4.78170,6.111e-05,0.857,0.207,29393
2920,4.75749,4.78170,6.109e-05,0.849,0.185,29379
2921,4.81758,4.78170,6.106e-05,0.788,0.167,29339
2922,4.69532,4.78170,6.103e-05,0.827,0.172,29351
2923,4.74692,4.78170,6.101e-05,0.928,0.204,29405
2924,4.69428,4.78170,6.098e-05,0.781,0.158,29364
2925,4.67042,4.78170,6.096e-05,0.808,0.157,29390
2926,4.83833,4.78170,6.093e-05,0.894,0.194,29402
2927,4.88145,4.78170,6.091e-05,0.822,0.165,29383
2928,4.79811,4.78170,6.088e-05,0.834,0.176,29377
2929,4.63255,4.78170,6.086e-05,0.816,0.168,29379
2930,4.62596,4.78170,6.083e-05,0.842,0.171,29387
2931,4.81278,4.78170,6.081e-05,0.829,0.175,29393
2932,4.82953,4.78170,6.079e-05,0.826,0.156,29372
2933,4.71405,4.78170,6.076e-05,0.906,0.196,29389
2934,4.76946,4.78170,6.074e-05,0.846,0.174,29383
2935,4.71131,4.78170,6.072e-05,0.846,0.171,29392
2936,4.76052,4.78170,6.070e-05,0.852,0.179,29383
2937,4.68349,4.78170,6.067e-05,0.834,0.187,29410
2938,4.88732,4.78170,6.065e-05,0.812,0.160,29371
2939,4.81537,4.78170,6.063e-05,0.843,0.171,29400
2940,4.85107,4.78170,6.061e-05,0.822,0.164,29362
2941,5.01871,4.78170,6.059e-05,0.870,0.164,29353
2942,4.72499,4.78170,6.057e-05,0.849,0.180,29390
2943,4.65825,4.78170,6.055e-05,0.825,0.170,29363
2944,4.83182,4.78170,6.053e-05,0.822,0.162,29388
2945,4.62746,4.78170,6.051e-05,0.864,0.175,29390
2946,4.68032,4.78170,6.050e-05,0.813,0.172,29376
2947,4.84946,4.78170,6.048e-05,0.809,0.166,29395
2948,4.86769,4.78170,6.046e-05,0.888,0.166,29386
2949,4.85835,4.78170,6.044e-05,0.850,0.178,29376
2950,4.80953,4.78170,6.042e-05,0.812,0.170,29388
2951,4.62289,4.78170,6.041e-05,0.810,0.159,29381
2952,5.02253,4.78170,6.039e-05,0.818,0.160,29381
2953,4.94303,4.78170,6.038e-05,0.794,0.156,29405
2954,4.75758,4.78170,6.036e-05,0.783,0.163,29382
2955,4.84698,4.78170,6.034e-05,0.785,0.153,29371
2956,4.71319,4.78170,6.033e-05,0.838,0.167,29379
2957,4.64429,4.78170,6.031e-05,0.862,0.169,29381
2958,4.84501,4.78170,6.030e-05,0.821,0.164,29364
2959,4.68547,4.78170,6.029e-05,0.815,0.172,29371
2960,4.65595,4.78170,6.027e-05,0.849,0.180,29379
2961,4.88774,4.78170,6.026e-05,0.880,0.169,29318
2962,4.70559,4.78170,6.025e-05,0.784,0.150,29397
2963,4.74232,4.78170,6.023e-05,0.869,0.168,29401
2964,4.73835,4.78170,6.022e-05,0.794,0.160,29375
2965,4.66823,4.78170,6.021e-05,0.776,0.149,29364
2966,4.92595,4.78170,6.020e-05,0.905,0.178,29376
2967,4.87711,4.78170,6.019e-05,0.786,0.153,29413
2968,4.64498,4.78170,6.017e-05,0.857,0.159,29379
2969,4.61950,4.78170,6.016e-05,0.804,0.172,29389
2970,4.79117,4.78170,6.015e-05,0.814,0.158,29405
2971,4.77425,4.78170,6.014e-05,0.823,0.156,29376
2972,4.73008,4.78170,6.013e-05,0.825,0.160,29385
2973,4.85262,4.78170,6.012e-05,0.867,0.164,29381
2974,4.59749,4.78170,6.011e-05,0.839,0.170,29413
2975,4.77902,4.78170,6.011e-05,0.891,0.175,29412
2976,4.79021,4.78170,6.010e-05,0.813,0.158,29391
2977,4.75110,4.78170,6.009e-05,0.814,0.169,29384
2978,4.55991,4.78170,6.008e-05,0.833,0.157,29382
2979,4.81325,4.78170,6.007e-05,0.854,0.179,29382
2980,4.55759,4.78170,6.007e-05,0.858,0.172,29391
2981,4.65430,4.78170,6.006e-05,0.813,0.169,29324
2982,4.78557,4.78170,6.006e-05,0.896,0.181,29396
2983,4.89710,4.78170,6.005e-05,0.864,0.180,29372
2984,4.71448,4.78170,6.004e-05,1.039,0.240,29396
2985,4.75806,4.78170,6.004e-05,0.788,0.163,29377
2986,4.76274,4.78170,6.003e-05,0.857,0.176,29376
2987,4.88847,4.78170,6.003e-05,0.805,0.153,29394
2988,4.88165,4.78170,6.002e-05,0.870,0.184,29372
2989,4.75419,4.78170,6.002e-05,0.791,0.155,29402
2990,4.78311,4.78170,6.002e-05,0.809,0.163,29384
2991,4.65078,4.78170,6.001e-05,0.825,0.159,29387
2992,4.82027,4.78170,6.001e-05,0.836,0.172,29367
2993,4.62076,4.78170,6.001e-05,0.858,0.186,29406
2994,4.79476,4.78170,6.001e-05,0.808,0.164,29391
2995,4.74643,4.78170,6.000e-05,0.964,0.193,29378
2996,4.85191,4.78170,6.000e-05,0.822,0.168,29376
2997,4.85709,4.78170,6.000e-05,0.770,0.153,29389
2998,4.83214,4.78170,6.000e-05,0.819,0.173,29404
2999,4.69062,4.75522,6.000e-05,0.852,0.171,8933
