step,loss,val_loss,lr,grad_norm,proj_grad_norm,tokens_per_s
0,11.88277,11.82641,3.000e-06,7.247,0.020,5848
1,11.81804,11.82641,6.000e-06,7.412,0.020,19945
2,11.72802,11.82641,9.000e-06,5.920,0.016,19647
3,11.60526,11.82641,1.200e-05,4.812,0.013,19631
4,11.53354,11.82641,1.500e-05,3.603,0.010,19658
5,11.51925,11.82641,1.800e-05,2.655,0.007,19626
6,11.43164,11.82641,2.100e-05,2.256,0.006,19616
7,11.38056,11.82641,2.400e-05,1.849,0.004,19531
8,11.32832,11.82641,2.700e-05,1.712,0.004,19584
9,11.27659,11.82641,3.000e-05,1.691,0.004,19547
10,11.29376,11.82641,3.300e-05,1.394,0.003,19603
11,11.30081,11.82641,3.600e-05,1.345,0.002,19577
12,11.24061,11.82641,3.900e-05,1.400,0.003,19525
13,11.22659,11.82641,4.200e-05,1.337,0.002,19582
14,11.17761,11.82641,4.500e-05,1.358,0.003,19603
15,11.18958,11.82641,4.800e-05,1.225,0.002,19544
16,11.11002,11.82641,5.100e-05,1.343,0.003,19599
17,11.08012,11.82641,5.400e-05,1.275,0.002,19588
18,10.98301,11.82641,5.700e-05,1.521,0.003,19504
19,10.98143,11.82641,6.000e-05,1.327,0.002,19586
20,11.01659,11.82641,6.300e-05,1.269,0.003,19547
21,10.98019,11.82641,6.600e-05,1.133,0.002,19519
22,10.86160,11.82641,6.900e-05,1.292,0.003,19566
23,10.72429,11.82641,7.200e-05,1.506,0.005,19615
24,10.86410,11.82641,7.500e-05,1.118,0.006,19528
25,10.76547,11.82641,7.800e-05,1.179,0.004,19585
26,10.76490,11.82641,8.100e-05,1.050,0.006,19573
27,10.65601,11.82641,8.400e-05,1.166,0.003,19479
28,10.56381,11.82641,8.700e-05,1.244,0.004,19596
29,10.49441,11.82641,9.000e-05,1.275,0.004,19577
30,10.52591,11.82641,9.300e-05,1.046,0.004,19537
31,10.42963,11.82641,9.600e-05,1.201,0.006,19558
32,10.30279,11.82641,9.900e-05,1.323,0.006,19582
33,10.27066,11.82641,1.020e-04,1.175,0.005,19533
34,10.18989,11.82641,1.050e-04,1.218,0.004,19534
35,10.20173,11.82641,1.080e-04,1.077,0.006,19568
36,10.09291,11.82641,1.110e-04,1.095,0.003,19531
37,10.03442,11.82641,1.140e-04,1.169,0.004,19581
38,9.96156,11.82641,1.170e-04,1.136,0.005,19580
39,9.93130,11.82641,1.200e-04,1.073,0.004,19551
40,9.76623,11.82641,1.230e-04,1.235,0.004,19546
41,9.74997,11.82641,1.260e-04,1.196,0.010,19582
42,9.67447,11.82641,1.290e-04,0.998,0.003,19575
43,9.59234,11.82641,1.320e-04,1.230,0.007,19557
44,9.53998,11.82641,1.350e-04,1.087,0.005,19580
45,9.46791,11.82641,1.380e-04,1.068,0.003,19582
46,9.49237,11.82641,1.410e-04,1.043,0.003,19525
47,9.34406,11.82641,1.440e-04,1.066,0.002,19592
48,9.26559,11.82641,1.470e-04,1.075,0.004,19552
49,9.17943,11.82641,1.500e-04,0.984,0.003,19550
50,9.14149,11.82641,1.530e-04,0.902,0.002,19578
51,9.05890,11.82641,1.560e-04,0.974,0.003,19571
52,9.00048,11.82641,1.590e-04,0.934,0.002,19529
53,9.02964,11.82641,1.620e-04,0.896,0.003,19577
54,8.94038,11.82641,1.650e-04,0.883,0.002,19573
55,8.86424,11.82641,1.680e-04,1.042,0.004,19517
56,8.79758,11.82641,1.710e-04,0.874,0.005,19588
57,8.68993,11.82641,1.740e-04,1.022,0.005,19569
58,8.69295,11.82641,1.770e-04,0.827,0.002,19518
59,8.68093,11.82641,1.800e-04,0.889,0.004,19549
60,8.57968,11.82641,1.830e-04,0.755,0.004,19578
61,8.60803,11.82641,1.860e-04,0.926,0.010,19498
62,8.47867,11.82641,1.890e-04,0.785,0.006,19586
63,8.57025,11.82641,1.920e-04,0.906,0.010,19574
64,8.52376,11.82641,1.950e-04,0.663,0.004,19530
65,8.40379,11.82641,1.980e-04,0.697,0.006,19568
66,8.34322,11.82641,2.010e-04,0.680,0.005,19603
67,8.33200,11.82641,2.040e-04,0.742,0.007,19538
68,8.27502,11.82641,2.070e-04,0.688,0.009,19587
69,8.25624,11.82641,2.100e-04,0.575,0.006,19594
70,8.21168,11.82641,2.130e-04,0.729,0.011,19508
71,8.31685,11.82641,2.160e-04,0.763,0.013,19562
72,8.20421,11.82641,2.190e-04,0.524,0.006,19603
73,8.15576,11.82641,2.220e-04,0.959,0.017,19519
74,8.16331,11.82641,2.250e-04,0.526,0.007,19563
75,8.10180,11.82641,2.280e-04,0.527,0.005,19596
76,8.13984,11.82641,2.310e-04,0.579,0.006,19533
77,8.06221,11.82641,2.340e-04,0.563,0.009,19552
78,8.09232,11.82641,2.370e-04,0.518,0.006,19576
79,8.11886,11.82641,2.400e-04,0.759,0.012,19572
80,7.92514,11.82641,2.430e-04,0.602,0.008,19542
81,7.92414,11.82641,2.460e-04,0.504,0.007,19587
82,7.95008,11.82641,2.490e-04,0.672,0.011,19551
83,7.96164,11.82641,2.520e-04,0.625,0.009,19528
84,7.95002,11.82641,2.550e-04,0.589,0.010,19599
85,7.92157,11.82641,2.580e-04,0.672,0.012,19548
86,7.92227,11.82641,2.610e-04,0.551,0.008,19487
87,7.86359,11.82641,2.640e-04,0.633,0.011,19588
88,7.90108,11.82641,2.670e-04,0.768,0.014,19541
89,7.91666,11.82641,2.700e-04,0.749,0.015,19526
90,7.67692,11.82641,2.730e-04,0.796,0.014,19564
91,7.80334,11.82641,2.760e-04,0.599,0.010,19600
92,7.87721,11.82641,2.790e-04,0.682,0.012,19522
93,7.69667,11.82641,2.820e-04,0.575,0.011,19580
94,7.89456,11.82641,2.850e-04,0.680,0.011,19571
95,7.62261,11.82641,2.880e-04,0.667,0.012,19516
96,7.76425,11.82641,2.910e-04,0.656,0.012,19590
97,7.72453,11.82641,2.940e-04,0.696,0.014,19589
98,7.69935,11.82641,2.970e-04,1.111,0.027,19513
99,7.66449,11.82641,3.000e-04,0.614,0.010,19603
100,7.57667,11.82641,3.030e-04,0.673,0.014,19585
101,7.64743,11.82641,3.060e-04,0.595,0.015,19482
102,7.58862,11.82641,3.090e-04,1.110,0.025,19581
103,7.53090,11.82641,3.120e-04,1.002,0.021,19595
104,7.64655,11.82641,3.150e-04,0.789,0.019,19512
105,7.49341,11.82641,3.180e-04,0.717,0.014,19571
106,7.53688,11.82641,3.210e-04,0.860,0.024,19592
107,7.53500,11.82641,3.240e-04,1.002,0.021,19527
108,7.50675,11.82641,3.270e-04,1.086,0.025,19583
109,7.52134,11.82641,3.300e-04,0.847,0.018,19605
110,7.44979,11.82641,3.330e-04,0.812,0.017,19531
111,7.46378,11.82641,3.360e-04,1.025,0.023,19557
112,7.46995,11.82641,3.390e-04,0.670,0.014,19590
113,7.41493,11.82641,3.420e-04,1.193,0.024,19532
114,7.40866,11.82641,3.450e-04,0.864,0.023,19574
115,7.33994,11.82641,3.480e-04,0.804,0.020,19566
116,7.30928,11.82641,3.510e-04,0.623,0.015,19567
117,7.41786,11.82641,3.540e-04,0.615,0.014,19553
118,7.28127,11.82641,3.570e-04,0.717,0.016,19587
119,7.29954,11.82641,3.600e-04,1.932,0.063,19562
120,7.36001,11.82641,3.630e-04,0.858,0.017,19542
121,7.24513,11.82641,3.660e-04,1.099,0.025,19599
122,7.30348,11.82641,3.690e-04,0.900,0.020,19535
123,7.54919,11.82641,3.720e-04,0.924,0.022,19537
124,7.28992,11.82641,3.750e-04,1.036,0.028,19558
125,7.30578,11.82641,3.780e-04,1.059,0.025,19589
126,7.24881,11.82641,3.810e-04,0.750,0.016,19533
127,7.29861,11.82641,3.840e-04,0.999,0.028,19574
128,7.27857,11.82641,3.870e-04,0.802,0.018,19583
129,7.29412,11.82641,3.900e-04,0.617,0.012,19529
130,7.22004,11.82641,3.930e-04,0.958,0.024,19563
131,7.26101,11.82641,3.960e-04,0.863,0.023,19577
132,7.28657,11.82641,3.990e-04,0.804,0.021,19494
133,7.10170,11.82641,4.020e-04,1.043,0.029,19593
134,7.21054,11.82641,4.050e-04,0.725,0.017,19592
135,7.23902,11.82641,4.080e-04,1.088,0.029,19490
136,7.19630,11.82641,4.110e-04,1.041,0.024,19603
137,7.16349,11.82641,4.140e-04,1.078,0.026,19577
138,7.09583,11.82641,4.170e-04,0.892,0.024,19530
139,7.18907,11.82641,4.200e-04,1.436,0.045,19593
140,7.24047,11.82641,4.230e-04,1.862,0.050,19582
141,7.15689,11.82641,4.260e-04,0.823,0.020,19504
142,7.27798,11.82641,4.290e-04,1.072,0.028,19602
143,7.11727,11.82641,4.320e-04,0.607,0.013,19585
144,7.14125,11.82641,4.350e-04,0.837,0.022,19491
145,7.06826,11.82641,4.380e-04,1.273,0.030,19583
146,7.19228,11.82641,4.410e-04,0.660,0.017,19590
147,7.54040,11.82641,4.440e-04,0.856,0.019,19523
148,7.01807,11.82641,4.470e-04,0.765,0.020,19599
149,7.24019,11.82641,4.500e-04,0.858,0.026,19571
150,7.09754,11.82641,4.530e-04,1.080,0.024,19549
151,7.16964,11.82641,4.560e-04,0.698,0.019,19560
152,7.12407,11.82641,4.590e-04,0.662,0.016,19561
153,6.97321,11.82641,4.620e-04,0.699,0.019,19534
154,6.97188,11.82641,4.650e-04,0.722,0.021,19559
155,7.08610,11.82641,4.680e-04,0.565,0.012,19585
156,6.92117,11.82641,4.710e-04,0.686,0.016,19554
157,6.96035,11.82641,4.740e-04,0.621,0.016,19526
158,7.13496,11.82641,4.770e-04,0.793,0.021,19596
159,6.95799,11.82641,4.800e-04,1.055,0.029,19558
160,6.91522,11.82641,4.830e-04,0.804,0.019,19552
161,6.97187,11.82641,4.860e-04,0.699,0.017,19554
162,7.06480,11.82641,4.890e-04,0.672,0.015,19562
163,6.96219,11.82641,4.920e-04,1.039,0.030,19497
164,6.84189,11.82641,4.950e-04,0.879,0.027,19591
165,6.99340,11.82641,4.980e-04,0.695,0.020,19580
166,6.95825,11.82641,5.010e-04,0.913,0.030,19538
167,6.95752,11.82641,5.040e-04,0.853,0.024,19602
168,6.83049,11.82641,5.070e-04,0.882,0.029,19578
169,6.79361,11.82641,5.100e-04,0.586,0.016,19514
170,6.84997,11.82641,5.130e-04,0.858,0.025,19567
171,6.93620,11.82641,5.160e-04,0.748,0.021,19590
172,6.93649,11.82641,5.190e-04,0.684,0.019,19538
173,6.80456,11.82641,5.220e-04,0.753,0.023,19592
174,6.92754,11.82641,5.250e-04,0.725,0.020,19585
175,6.83494,11.82641,5.280e-04,0.618,0.021,19529
176,6.82265,11.82641,5.310e-04,0.613,0.018,19589
177,6.80396,11.82641,5.340e-04,0.587,0.016,19601
178,6.85945,11.82641,5.370e-04,0.615,0.015,19528
179,6.86924,11.82641,5.400e-04,0.610,0.017,19597
180,6.70973,11.82641,5.430e-04,0.519,0.013,19585
181,6.67721,11.82641,5.460e-04,0.647,0.018,19503
182,6.75612,11.82641,5.490e-04,0.664,0.016,19579
183,6.74592,11.82641,5.520e-04,0.739,0.015,19577
184,6.75122,11.82641,5.550e-04,0.568,0.013,19523
185,6.64301,11.82641,5.580e-04,0.521,0.013,19589
186,6.73897,11.82641,5.610e-04,0.735,0.019,19608
187,6.65363,11.82641,5.640e-04,0.581,0.015,19521
188,6.69427,11.82641,5.670e-04,0.698,0.022,19565
189,6.73487,11.82641,5.700e-04,0.622,0.018,19579
190,6.59105,11.82641,5.730e-04,0.851,0.030,19554
191,6.78848,11.82641,5.760e-04,0.982,0.019,19595
192,6.68282,11.82641,5.790e-04,0.620,0.015,19579
193,6.82895,11.82641,5.820e-04,0.705,0.021,19500
194,6.73861,11.82641,5.850e-04,0.645,0.019,19571
195,6.73313,11.82641,5.880e-04,0.754,0.019,19603
196,6.84170,11.82641,5.910e-04,1.025,0.023,19541
197,6.76783,11.82641,5.940e-04,0.655,0.017,19541
198,6.80687,11.82641,5.970e-04,0.687,0.019,19577
199,6.76024,11.82641,6.000e-04,0.567,0.015,19546
200,6.63077,11.82641,6.000e-04,0.549,0.017,19545
201,6.69599,11.82641,6.000e-04,0.533,0.014,19578
202,6.61243,11.82641,6.000e-04,0.606,0.018,19562
203,6.57007,11.82641,6.000e-04,0.477,0.012,19521
204,6.43677,11.82641,6.000e-04,0.587,0.017,19568
205,6.59653,11.82641,6.000e-04,0.609,0.017,19567
206,6.43326,11.82641,6.000e-04,0.534,0.014,19532
207,6.70445,11.82641,6.000e-04,0.560,0.016,19600
208,6.64784,11.82641,6.000e-04,0.631,0.021,19570
209,6.53365,11.82641,6.000e-04,0.525,0.014,19501
210,6.59228,11.82641,6.000e-04,0.586,0.015,19596
211,6.76070,11.82641,6.000e-04,0.651,0.016,19595
212,6.41936,11.82641,6.000e-04,0.805,0.026,19499
213,6.41555,11.82641,6.000e-04,0.554,0.017,19592
214,6.33281,11.82641,6.000e-04,0.581,0.016,19562
215,6.60266,11.82641,6.000e-04,0.610,0.018,19520
216,6.63746,11.82641,6.000e-04,1.657,0.038,19557
217,6.67573,11.82641,6.000e-04,0.700,0.020,19586
218,6.33596,11.82641,5.999e-04,0.592,0.016,19511
219,6.47839,11.82641,5.999e-04,0.560,0.016,19566
220,6.44097,11.82641,5.999e-04,0.579,0.017,19581
221,6.45201,11.82641,5.999e-04,0.537,0.014,19522
222,6.41755,11.82641,5.999e-04,0.580,0.019,19577
223,6.60588,11.82641,5.999e-04,0.636,0.017,19572
224,6.55813,11.82641,5.999e-04,0.583,0.019,19505
225,6.43350,11.82641,5.999e-04,0.582,0.015,19590
226,6.47553,11.82641,5.999e-04,0.512,0.015,19592
227,6.50230,11.82641,5.999e-04,0.568,0.014,19546
228,6.29902,11.82641,5.999e-04,0.637,0.018,19575
229,6.44828,11.82641,5.999e-04,0.616,0.017,19583
230,6.52185,11.82641,5.998e-04,0.703,0.022,19517
231,6.36166,11.82641,5.998e-04,0.655,0.021,19601
232,6.46234,11.82641,5.998e-04,0.639,0.020,19583
233,6.61016,11.82641,5.998e-04,0.606,0.019,19535
234,6.38016,11.82641,5.998e-04,0.573,0.015,19554
235,6.48983,11.82641,5.998e-04,0.699,0.021,19580
236,6.24945,11.82641,5.998e-04,0.605,0.018,19574
237,6.24913,11.82641,5.998e-04,0.539,0.016,19545
238,6.48279,11.82641,5.998e-04,0.532,0.014,19592
239,6.53867,11.82641,5.997e-04,0.548,0.016,19535
240,6.34154,11.82641,5.997e-04,0.557,0.015,19536
241,6.17215,11.82641,5.997e-04,0.542,0.016,19602
242,6.41015,11.82641,5.997e-04,0.565,0.016,19573
243,6.30101,11.82641,5.997e-04,0.555,0.015,19534
244,6.25989,11.82641,5.997e-04,0.637,0.022,19563
245,6.25617,11.82641,5.997e-04,0.518,0.013,19595
246,6.51470,11.82641,5.996e-04,0.546,0.016,19519
247,6.27944,11.82641,5.996e-04,0.538,0.014,19590
248,6.29946,11.82641,5.996e-04,0.651,0.017,19595
249,6.29077,11.82641,5.996e-04,0.696,0.024,19503
250,6.25786,6.27509,5.996e-04,0.640,0.019,6121
251,6.26152,6.27509,5.996e-04,0.811,0.022,19788
252,6.58905,6.27509,5.995e-04,0.955,0.020,19582
253,6.34601,6.27509,5.995e-04,0.701,0.023,19566
254,6.30105,6.27509,5.995e-04,0.608,0.018,19512
255,6.42684,6.27509,5.995e-04,0.615,0.021,19614
256,6.46605,6.27509,5.995e-04,0.639,0.020,19596
257,6.35673,6.27509,5.994e-04,0.746,0.026,19490
258,6.30190,6.27509,5.994e-04,0.780,0.026,19581
259,6.28101,6.27509,5.994e-04,0.646,0.024,19583
260,6.32127,6.27509,5.994e-04,0.556,0.018,19522
261,6.21833,6.27509,5.994e-04,0.590,0.019,19583
262,6.31083,6.27509,5.993e-04,0.536,0.014,19575
263,6.22928,6.27509,5.993e-04,0.656,0.019,19531
264,6.29449,6.27509,5.993e-04,0.661,0.021,19564
265,6.23525,6.27509,5.993e-04,0.564,0.016,19588
266,6.15286,6.27509,5.993e-04,0.686,0.025,19515
267,6.24365,6.27509,5.992e-04,0.598,0.017,19585
268,6.43822,6.27509,5.992e-04,0.644,0.019,19578
269,6.54538,6.27509,5.992e-04,0.749,0.027,19516
270,6.36787,6.27509,5.992e-04,0.709,0.021,19571
271,6.10762,6.27509,5.991e-04,0.647,0.021,19562
272,6.41347,6.27509,5.991e-04,0.638,0.021,19527
273,6.32755,6.27509,5.991e-04,0.569,0.018,19563
274,6.29469,6.27509,5.991e-04,0.542,0.015,19592
275,6.23329,6.27509,5.990e-04,0.541,0.017,19559
276,6.22630,6.27509,5.990e-04,0.543,0.014,19542
277,6.18485,6.27509,5.990e-04,0.511,0.013,19602
278,6.21845,6.27509,5.990e-04,0.514,0.015,19551
279,6.22737,6.27509,5.989e-04,0.506,0.014,19528
280,6.17026,6.27509,5.989e-04,0.517,0.015,19560
281,6.13721,6.27509,5.989e-04,0.549,0.017,19573
282,6.21488,6.27509,5.989e-04,0.737,0.022,19529
283,6.29796,6.27509,5.988e-04,0.549,0.014,19610
284,6.17613,6.27509,5.988e-04,0.568,0.018,19571
285,6.22452,6.27509,5.988e-04,0.633,0.018,19532
286,6.20195,6.27509,5.987e-04,0.592,0.015,19587
287,6.08127,6.27509,5.987e-04,0.609,0.016,19593
288,6.11710,6.27509,5.987e-04,0.628,0.017,19513
289,6.41832,6.27509,5.987e-04,0.656,0.021,19596
290,6.28739,6.27509,5.986e-04,0.659,0.021,19584
291,6.03254,6.27509,5.986e-04,0.741,0.024,19522
292,6.15230,6.27509,5.986e-04,0.619,0.016,19605
293,6.25462,6.27509,5.985e-04,0.615,0.021,19589
294,6.36951,6.27509,5.985e-04,0.579,0.016,19516
295,6.26259,6.27509,5.985e-04,0.602,0.017,19575
296,6.26726,6.27509,5.984e-04,0.704,0.018,19578
297,6.24300,6.27509,5.984e-04,0.567,0.017,19479
298,6.24096,6.27509,5.984e-04,0.615,0.018,19615
299,6.12950,6.27509,5.983e-04,0.548,0.018,19601
300,6.18364,6.27509,5.983e-04,0.550,0.016,19501
301,6.05943,6.27509,5.983e-04,0.615,0.017,19547
302,6.20529,6.27509,5.982e-04,0.578,0.017,19560
303,6.29035,6.27509,5.982e-04,0.570,0.016,19510
304,6.05392,6.27509,5.982e-04,0.583,0.015,19597
305,6.08465,6.27509,5.981e-04,0.602,0.018,19587
306,6.16942,6.27509,5.981e-04,0.574,0.018,19538
307,6.09954,6.27509,5.981e-04,0.584,0.016,19550
308,6.04283,6.27509,5.980e-04,0.587,0.016,19592
309,6.42693,6.27509,5.980e-04,0.692,0.020,19539
310,6.13611,6.27509,5.979e-04,0.667,0.019,19592
311,6.13169,6.27509,5.979e-04,0.870,0.022,19605
312,6.03043,6.27509,5.979e-04,0.580,0.019,19530
313,6.01297,6.27509,5.978e-04,0.803,0.025,19579
314,6.18512,6.27509,5.978e-04,0.524,0.014,19546
315,6.16038,6.27509,5.978e-04,0.599,0.018,19577
316,6.07754,6.27509,5.977e-04,0.506,0.013,19557
317,6.04541,6.27509,5.977e-04,0.689,0.020,19585
318,6.11769,6.27509,5.976e-04,0.517,0.013,19585
319,6.25172,6.27509,5.976e-04,0.535,0.014,19561
320,6.09097,6.27509,5.976e-04,0.571,0.016,19574
321,6.09179,6.27509,5.975e-04,0.563,0.015,19526
322,6.16632,6.27509,5.975e-04,0.602,0.018,19523
323,6.03456,6.27509,5.974e-04,0.524,0.015,19579
324,6.13633,6.27509,5.974e-04,0.562,0.017,19571
325,5.92792,6.27509,5.973e-04,0.538,0.016,19536
326,6.07302,6.27509,5.973e-04,0.588,0.017,19592
327,6.03869,6.27509,5.973e-04,0.575,0.020,19602
328,6.03915,6.27509,5.972e-04,0.619,0.019,19506
329,6.08065,6.27509,5.972e-04,0.547,0.014,19594
330,5.96914,6.27509,5.971e-04,0.561,0.018,19596
331,6.01509,6.27509,5.971e-04,0.635,0.022,19518
332,6.10472,6.27509,5.970e-04,0.587,0.018,19564
333,5.87741,6.27509,5.970e-04,0.615,0.019,19563
334,6.05515,6.27509,5.970e-04,0.596,0.018,19517
335,6.13526,6.27509,5.969e-04,0.536,0.014,19562
336,5.90717,6.27509,5.969e-04,0.759,0.023,19578
337,6.18772,6.27509,5.968e-04,0.559,0.017,19506
338,5.92822,6.27509,5.968e-04,0.601,0.019,19573
339,5.94470,6.27509,5.967e-04,0.616,0.021,19573
340,6.03798,6.27509,5.967e-04,0.597,0.018,19523
341,5.99516,6.27509,5.966e-04,0.580,0.017,19566
342,5.91617,6.27509,5.966e-04,0.574,0.020,19573
343,6.07768,6.27509,5.965e-04,0.564,0.018,19525
344,5.96163,6.27509,5.965e-04,0.569,0.017,19574
345,6.15159,6.27509,5.964e-04,0.889,0.020,19590
346,5.76442,6.27509,5.964e-04,0.593,0.019,19546
347,6.05117,6.27509,5.963e-04,0.542,0.017,19557
348,6.07434,6.27509,5.963e-04,0.584,0.017,19556
349,6.02781,6.27509,5.962e-04,0.523,0.015,19538
350,5.99766,6.27509,5.962e-04,0.604,0.019,19572
351,6.03207,6.27509,5.961e-04,0.566,0.019,19597
352,6.17482,6.27509,5.961e-04,0.721,0.020,19564
353,6.06376,6.27509,5.960e-04,0.682,0.024,19548
354,5.99537,6.27509,5.960e-04,0.591,0.018,19572
355,5.99773,6.27509,5.959e-04,0.683,0.026,19533
356,6.01153,6.27509,5.959e-04,0.587,0.016,19527
357,5.89593,6.27509,5.958e-04,0.605,0.019,19596
358,6.25047,6.27509,5.958e-04,0.608,0.015,19543
359,6.05496,6.27509,5.957e-04,0.584,0.016,19506
360,6.12908,6.27509,5.957e-04,0.568,0.016,19610
361,5.84122,6.27509,5.956e-04,0.577,0.018,19534
362,6.10605,6.27509,5.956e-04,0.663,0.020,19513
363,6.07733,6.27509,5.955e-04,0.784,0.025,19571
364,5.96103,6.27509,5.954e-04,0.640,0.021,19600
365,5.94372,6.27509,5.954e-04,0.619,0.020,19503
366,6.07897,6.27509,5.953e-04,0.582,0.019,19587
367,5.99264,6.27509,5.953e-04,0.640,0.017,19581
368,5.93462,6.27509,5.952e-04,0.565,0.015,19514
369,6.08478,6.27509,5.952e-04,0.650,0.020,19581
370,5.71525,6.27509,5.951e-04,0.609,0.017,19576
371,6.12372,6.27509,5.950e-04,0.571,0.016,19487
372,5.81429,6.27509,5.950e-04,0.551,0.016,19605
373,5.86283,6.27509,5.949e-04,0.560,0.014,19568
374,6.04124,6.27509,5.949e-04,0.549,0.017,19502
375,5.79755,6.27509,5.948e-04,0.569,0.017,19580
376,6.16317,6.27509,5.948e-04,0.603,0.017,19600
377,5.85843,6.27509,5.947e-04,0.637,0.020,19501
378,5.93670,6.27509,5.946e-04,0.590,0.015,19583
379,6.07971,6.27509,5.946e-04,0.578,0.016,19549
380,5.85862,6.27509,5.945e-04,0.616,0.020,19512
381,6.03833,6.27509,5.945e-04,0.519,0.015,19561
382,5.79625,6.27509,5.944e-04,0.573,0.016,19570
383,6.03617,6.27509,5.943e-04,0.565,0.018,19533
384,5.80166,6.27509,5.943e-04,0.557,0.016,19563
385,5.95041,6.27509,5.942e-04,0.598,0.018,19598
386,5.98298,6.27509,5.941e-04,0.615,0.020,19528
387,5.96205,6.27509,5.941e-04,0.585,0.017,19584
388,5.97313,6.27509,5.940e-04,0.581,0.019,19600
389,6.11708,6.27509,5.940e-04,0.565,0.017,19526
390,5.76983,6.27509,5.939e-04,0.581,0.017,19563
391,5.86524,6.27509,5.938e-04,0.603,0.020,19584
392,5.95775,6.27509,5.938e-04,0.529,0.017,19566
393,5.94237,6.27509,5.937e-04,0.594,0.020,19556
394,6.03450,6.27509,5.936e-04,0.594,0.018,19594
395,6.03899,6.27509,5.936e-04,0.575,0.018,19561
396,6.06797,6.27509,5.935e-04,0.542,0.019,19564
397,5.79977,6.27509,5.934e-04,0.567,0.015,19585
398,5.88650,6.27509,5.934e-04,0.554,0.017,19564
399,5.85272,6.27509,5.933e-04,0.559,0.015,19527
400,6.02984,6.27509,5.932e-04,0.591,0.017,19580
401,5.82017,6.27509,5.932e-04,0.524,0.013,19575
402,6.09384,6.27509,5.931e-04,1.150,0.025,19537
403,5.80001,6.27509,5.930e-04,0.564,0.017,19585
404,5.78811,6.27509,5.930e-04,0.571,0.017,19602
405,5.82969,6.27509,5.929e-04,0.637,0.018,19524
406,6.07134,6.27509,5.928e-04,0.549,0.016,19586
407,6.06773,6.27509,5.928e-04,0.560,0.017,19568
408,5.87665,6.27509,5.927e-04,0.606,0.019,19531
409,5.88402,6.27509,5.926e-04,0.608,0.016,19586
410,5.83940,6.27509,5.925e-04,0.593,0.017,19581
411,5.96321,6.27509,5.925e-04,0.561,0.016,19505
412,5.96973,6.27509,5.924e-04,0.602,0.017,19577
413,5.77778,6.27509,5.923e-04,0.599,0.022,19569
414,5.71571,6.27509,5.923e-04,0.646,0.021,19488
415,5.85822,6.27509,5.922e-04,0.624,0.019,19596
416,5.81852,6.27509,5.921e-04,0.576,0.017,19581
417,5.84599,6.27509,5.920e-04,0.622,0.017,19504
418,5.94204,6.27509,5.920e-04,0.642,0.018,19582
419,5.79854,6.27509,5.919e-04,0.607,0.018,19585
420,5.95385,6.27509,5.918e-04,0.603,0.019,19535
421,5.86495,6.27509,5.917e-04,0.573,0.017,19541
422,6.03942,6.27509,5.917e-04,0.677,0.022,19580
423,5.88566,6.27509,5.916e-04,0.604,0.017,19505
424,5.86672,6.27509,5.915e-04,0.687,0.019,19566
425,5.84553,6.27509,5.914e-04,0.646,0.019,19600
426,5.79180,6.27509,5.914e-04,0.676,0.020,19521
427,6.13520,6.27509,5.913e-04,0.692,0.017,19528
428,5.81543,6.27509,5.912e-04,0.566,0.019,19601
429,6.00659,6.27509,5.911e-04,0.578,0.016,19570
430,6.03310,6.27509,5.911e-04,0.547,0.013,19522
431,5.92582,6.27509,5.910e-04,0.592,0.019,19593
432,6.01318,6.27509,5.909e-04,0.636,0.017,19561
433,5.80487,6.27509,5.908e-04,0.512,0.016,19527
434,5.76422,6.27509,5.907e-04,0.630,0.016,19603
435,5.76010,6.27509,5.907e-04,0.539,0.015,19573
436,5.67613,6.27509,5.906e-04,0.551,0.016,19503
437,6.01808,6.27509,5.905e-04,0.559,0.016,19550
438,5.96141,6.27509,5.904e-04,0.570,0.017,19573
439,5.93172,6.27509,5.904e-04,0.663,0.019,19512
440,5.88248,6.27509,5.903e-04,0.578,0.018,19605
441,5.61765,6.27509,5.902e-04,0.612,0.020,19580
442,5.81362,6.27509,5.901e-04,0.532,0.013,19524
443,5.96892,6.27509,5.900e-04,0.614,0.017,19583
444,6.05562,6.27509,5.899e-04,0.544,0.013,19578
445,5.93919,6.27509,5.899e-04,0.612,0.018,19539
446,5.91929,6.27509,5.898e-04,0.582,0.016,19593
447,5.83215,6.27509,5.897e-04,0.656,0.020,19587
448,5.90126,6.27509,5.896e-04,0.583,0.017,19505
449,5.84684,6.27509,5.895e-04,0.708,0.023,19569
450,5.73658,6.27509,5.894e-04,0.589,0.017,19572
451,5.92193,6.27509,5.894e-04,0.617,0.018,19512
452,5.93106,6.27509,5.893e-04,0.639,0.019,19569
453,5.79040,6.27509,5.892e-04,0.628,0.017,19597
454,5.74352,6.27509,5.891e-04,0.614,0.020,19515
455,5.76858,6.27509,5.890e-04,0.567,0.016,19586
456,5.84353,6.27509,5.889e-04,0.645,0.019,19594
457,5.93609,6.27509,5.889e-04,0.584,0.016,19530
458,5.93977,6.27509,5.888e-04,0.628,0.016,19596
459,5.85664,6.27509,5.887e-04,0.582,0.016,19590
460,5.81832,6.27509,5.886e-04,0.640,0.020,19524
461,5.77869,6.27509,5.885e-04,0.538,0.015,19560
462,5.70520,6.27509,5.884e-04,0.593,0.017,19587
463,5.83955,6.27509,5.883e-04,0.514,0.013,19521
464,5.92297,6.27509,5.882e-04,0.587,0.017,19545
465,5.75545,6.27509,5.882e-04,0.547,0.016,19580
466,5.71856,6.27509,5.881e-04,0.707,0.018,19542
467,5.72181,6.27509,5.880e-04,0.592,0.020,19568
468,5.77419,6.27509,5.879e-04,0.555,0.014,19572
469,5.83496,6.27509,5.878e-04,0.542,0.013,19553
470,5.59615,6.27509,5.877e-04,0.521,0.012,19523
471,5.87949,6.27509,5.876e-04,0.526,0.016,19600
472,5.86291,6.27509,5.875e-04,0.598,0.017,19548
473,5.73724,6.27509,5.874e-04,0.639,0.018,19531
474,5.59784,6.27509,5.873e-04,0.568,0.015,19586
475,5.81835,6.27509,5.872e-04,0.590,0.016,19545
476,5.69652,6.27509,5.872e-04,0.550,0.014,19525
477,5.65665,6.27509,5.871e-04,0.606,0.015,19588
478,5.55215,6.27509,5.870e-04,0.585,0.015,19577
479,5.65026,6.27509,5.869e-04,0.627,0.016,19514
480,5.59920,6.27509,5.868e-04,0.594,0.017,19596
481,5.89130,6.27509,5.867e-04,0.617,0.017,19565
482,5.89096,6.27509,5.866e-04,0.595,0.018,19526
483,5.80996,6.27509,5.865e-04,0.588,0.020,19571
484,5.75085,6.27509,5.864e-04,0.569,0.018,19586
485,5.78183,6.27509,5.863e-04,0.614,0.020,19519
486,5.68808,6.27509,5.862e-04,0.543,0.014,19570
487,5.59903,6.27509,5.861e-04,0.586,0.019,19590
488,5.88058,6.27509,5.860e-04,0.667,0.019,19513
489,5.70525,6.27509,5.859e-04,0.591,0.018,19578
490,5.80593,6.27509,5.858e-04,0.627,0.019,19578
491,5.71087,6.27509,5.857e-04,0.563,0.016,19534
492,5.78133,6.27509,5.856e-04,0.599,0.020,19590
493,5.71873,6.27509,5.855e-04,0.571,0.016,19609
494,5.72974,6.27509,5.854e-04,0.573,0.016,19518
495,5.56182,6.27509,5.853e-04,0.556,0.015,19572
496,5.73919,6.27509,5.852e-04,0.590,0.016,19590
497,5.83928,6.27509,5.851e-04,0.714,0.017,19533
498,5.66127,6.27509,5.850e-04,0.599,0.019,19575
499,5.81173,6.27509,5.849e-04,0.590,0.017,19590
500,5.75697,5.64816,5.848e-04,0.647,0.021,6034
501,5.78027,5.64816,5.847e-04,0.628,0.017,19873
502,5.73009,5.64816,5.846e-04,0.555,0.017,19542
503,5.67621,5.64816,5.845e-04,0.586,0.017,19517
504,5.71787,5.64816,5.844e-04,0.593,0.020,19563
505,5.74899,5.64816,5.843e-04,0.576,0.018,19563
506,5.66405,5.64816,5.842e-04,0.590,0.016,19548
507,5.54144,5.64816,5.841e-04,0.558,0.017,19586
508,5.85838,5.64816,5.840e-04,0.620,0.017,19591
509,5.65539,5.64816,5.839e-04,0.557,0.015,19548
510,5.72661,5.64816,5.838e-04,0.578,0.017,19602
511,5.70945,5.64816,5.837e-04,0.603,0.019,19595
512,5.42431,5.64816,5.836e-04,0.580,0.017,19531
513,5.83820,5.64816,5.835e-04,0.611,0.018,19590
514,5.61312,5.64816,5.834e-04,0.584,0.019,19574
515,5.94962,5.64816,5.833e-04,0.595,0.017,19520
516,5.75754,5.64816,5.832e-04,0.732,0.018,19577
517,5.71340,5.64816,5.831e-04,0.614,0.019,19592
518,5.56580,5.64816,5.830e-04,0.619,0.022,19530
519,5.75880,5.64816,5.829e-04,0.562,0.015,19581
520,5.77082,5.64816,5.828e-04,0.601,0.017,19598
521,5.80660,5.64816,5.827e-04,0.579,0.017,19491
522,5.77295,5.64816,5.826e-04,0.737,0.020,19585
523,5.74720,5.64816,5.825e-04,0.607,0.017,19604
524,5.58823,5.64816,5.824e-04,0.570,0.016,19529
525,5.72526,5.64816,5.822e-04,0.579,0.018,19590
526,5.66352,5.64816,5.821e-04,0.580,0.016,19589
527,5.54189,5.64816,5.820e-04,0.559,0.016,19528
528,5.87923,5.64816,5.819e-04,0.572,0.016,19593
529,5.74194,5.64816,5.818e-04,0.586,0.019,19570
530,5.69388,5.64816,5.817e-04,0.591,0.017,19532
531,5.62865,5.64816,5.816e-04,0.591,0.017,19580
532,5.73140,5.64816,5.815e-04,0.545,0.017,19590
533,5.74208,5.64816,5.814e-04,0.606,0.016,19547
534,5.67072,5.64816,5.813e-04,0.588,0.019,19566
535,5.87448,5.64816,5.812e-04,0.676,0.019,19583
536,5.92213,5.64816,5.810e-04,0.562,0.013,19530
537,5.72336,5.64816,5.809e-04,0.599,0.018,19589
538,5.61201,5.64816,5.808e-04,0.548,0.013,19572
539,5.65185,5.64816,5.807e-04,0.580,0.015,19561
540,5.65369,5.64816,5.806e-04,0.593,0.017,19544
541,5.74656,5.64816,5.805e-04,0.637,0.016,19588
542,5.74698,5.64816,5.804e-04,0.566,0.015,19556
543,5.70789,5.64816,5.803e-04,0.607,0.015,19539
544,5.53590,5.64816,5.801e-04,0.560,0.015,19596
545,5.88478,5.64816,5.800e-04,0.610,0.018,19541
546,5.76227,5.64816,5.799e-04,0.635,0.023,19529
547,5.65066,5.64816,5.798e-04,0.626,0.018,19589
548,5.75803,5.64816,5.797e-04,0.711,0.021,19578
549,5.76159,5.64816,5.796e-04,0.625,0.020,19554
550,5.78723,5.64816,5.794e-04,0.644,0.019,19587
551,5.69921,5.64816,5.793e-04,0.563,0.016,19591
552,5.54935,5.64816,5.792e-04,0.582,0.017,19499
553,5.65072,5.64816,5.791e-04,0.595,0.017,19583
554,5.66110,5.64816,5.790e-04,0.602,0.016,19580
555,5.64724,5.64816,5.789e-04,0.585,0.017,19507
556,5.65074,5.64816,5.787e-04,0.631,0.017,19594
557,5.70145,5.64816,5.786e-04,0.578,0.017,19594
558,5.84223,5.64816,5.785e-04,0.590,0.016,19512
559,5.55381,5.64816,5.784e-04,0.568,0.016,19579
560,5.66503,5.64816,5.783e-04,0.570,0.017,19580
561,5.54966,5.64816,5.782e-04,0.591,0.016,19500
562,5.62093,5.64816,5.780e-04,0.557,0.017,19579
563,5.51639,5.64816,5.779e-04,0.574,0.017,19604
564,5.71260,5.64816,5.778e-04,0.551,0.014,19495
565,5.51033,5.64816,5.777e-04,0.565,0.017,19591
566,5.59355,5.64816,5.776e-04,0.545,0.017,19602
567,5.56732,5.64816,5.774e-04,0.537,0.014,19495
568,5.70505,5.64816,5.773e-04,0.628,0.016,19574
569,5.68123,5.64816,5.772e-04,0.606,0.017,19594
570,5.66881,5.64816,5.771e-04,0.589,0.016,19530
571,5.73609,5.64816,5.769e-04,0.610,0.018,19568
572,5.56604,5.64816,5.768e-04,0.611,0.019,19585
573,5.51335,5.64816,5.767e-04,0.584,0.017,19528
574,5.65563,5.64816,5.766e-04,0.549,0.015,19583
575,5.60739,5.64816,5.765e-04,0.580,0.017,19600
576,5.63130,5.64816,5.763e-04,0.559,0.015,19547
577,5.68429,5.64816,5.762e-04,0.562,0.016,19560
578,5.53376,5.64816,5.761e-04,0.545,0.015,19594
579,5.40871,5.64816,5.760e-04,0.544,0.015,19560
580,5.60462,5.64816,5.758e-04,0.509,0.013,19542
581,5.62205,5.64816,5.757e-04,0.556,0.015,19586
582,5.41928,5.64816,5.756e-04,0.551,0.014,19539
583,5.50722,5.64816,5.755e-04,0.618,0.015,19556
584,5.53462,5.64816,5.753e-04,0.595,0.018,19590
585,5.72358,5.64816,5.752e-04,0.568,0.016,19579
586,5.53440,5.64816,5.751e-04,0.613,0.017,19521
587,5.53106,5.64816,5.749e-04,0.562,0.017,19562
588,5.74729,5.64816,5.748e-04,0.595,0.018,19567
589,5.68873,5.64816,5.747e-04,0.704,0.023,19554
590,5.56837,5.64816,5.746e-04,0.549,0.015,19582
591,5.65753,5.64816,5.744e-04,0.548,0.015,19592
592,5.57634,5.64816,5.743e-04,0.619,0.016,19485
593,5.78351,5.64816,5.742e-04,0.537,0.012,19603
594,5.53427,5.64816,5.740e-04,0.619,0.018,19553
595,5.63871,5.64816,5.739e-04,0.555,0.014,19520
596,5.57143,5.64816,5.738e-04,0.596,0.016,19587
597,5.47768,5.64816,5.737e-04,0.603,0.017,19581
598,5.57836,5.64816,5.735e-04,0.638,0.016,19520
599,5.52564,5.64816,5.734e-04,0.592,0.017,19569
600,5.59278,5.64816,5.733e-04,0.592,0.017,19585
601,5.65147,5.64816,5.731e-04,0.718,0.019,19520
602,5.75860,5.64816,5.730e-04,0.608,0.019,19610
603,5.54521,5.64816,5.729e-04,0.607,0.017,19569
604,5.53380,5.64816,5.727e-04,0.582,0.016,19516
605,5.53691,5.64816,5.726e-04,0.629,0.019,19585
606,5.61197,5.64816,5.725e-04,0.600,0.015,19590
607,5.57040,5.64816,5.723e-04,0.582,0.016,19513
608,5.50948,5.64816,5.722e-04,0.586,0.018,19553
609,5.70268,5.64816,5.721e-04,0.567,0.017,19571
610,5.67734,5.64816,5.719e-04,0.563,0.014,19551
611,5.61651,5.64816,5.718e-04,0.573,0.015,19544
612,5.48900,5.64816,5.717e-04,0.600,0.018,19605
613,5.35145,5.64816,5.715e-04,0.642,0.021,19519
614,5.68545,5.64816,5.714e-04,0.525,0.013,19562
615,5.48706,5.64816,5.713e-04,0.587,0.020,19610
616,5.55657,5.64816,5.711e-04,0.558,0.015,19538
617,5.69763,5.64816,5.710e-04,0.568,0.016,19577
618,5.46219,5.64816,5.708e-04,0.626,0.016,19608
619,5.53199,5.64816,5.707e-04,0.584,0.016,19547
620,5.55127,5.64816,5.706e-04,0.626,0.018,19555
621,5.70122,5.64816,5.704e-04,0.614,0.018,19567
622,5.39628,5.64816,5.703e-04,0.580,0.018,19575
623,5.58319,5.64816,5.702e-04,0.670,0.019,19538
624,5.68702,5.64816,5.700e-04,0.599,0.016,19588
625,5.48538,5.64816,5.699e-04,0.588,0.017,19557
626,5.61048,5.64816,5.697e-04,0.647,0.020,19531
627,5.74508,5.64816,5.696e-04,0.554,0.016,19600
628,5.52513,5.64816,5.695e-04,0.615,0.018,19541
629,5.52449,5.64816,5.693e-04,0.575,0.018,19519
630,5.50592,5.64816,5.692e-04,0.601,0.018,19603
631,5.56391,5.64816,5.690e-04,0.550,0.015,19578
632,5.41676,5.64816,5.689e-04,0.589,0.018,19522
633,5.49162,5.64816,5.688e-04,0.589,0.015,19576
634,5.56879,5.64816,5.686e-04,0.591,0.016,19584
635,5.71730,5.64816,5.685e-04,0.555,0.014,19543
636,5.59513,5.64816,5.683e-04,0.589,0.015,19586
637,5.47261,5.64816,5.682e-04,0.628,0.019,19581
638,5.70189,5.64816,5.680e-04,0.600,0.016,19514
639,5.61868,5.64816,5.679e-04,0.613,0.019,19589
640,5.49947,5.64816,5.678e-04,0.541,0.013,19561
641,5.51524,5.64816,5.676e-04,0.584,0.017,19518
642,5.63530,5.64816,5.675e-04,0.567,0.015,19554
643,5.27741,5.64816,5.673e-04,0.587,0.017,19590
644,5.39219,5.64816,5.672e-04,0.546,0.014,19512
645,5.78344,5.64816,5.670e-04,0.666,0.020,19572
646,5.56736,5.64816,5.669e-04,0.570,0.015,19596
647,5.45083,5.64816,5.667e-04,0.631,0.020,19549
648,5.63893,5.64816,5.666e-04,0.595,0.019,19586
649,5.79184,5.64816,5.665e-04,0.810,0.033,19574
650,5.48120,5.64816,5.663e-04,0.612,0.018,19518
651,5.42076,5.64816,5.662e-04,0.611,0.020,19583
652,5.52567,5.64816,5.660e-04,0.580,0.015,19567
653,5.29416,5.64816,5.659e-04,0.633,0.023,19516
654,5.32910,5.64816,5.657e-04,0.586,0.018,19569
655,5.34295,5.64816,5.656e-04,0.554,0.017,19593
656,5.33225,5.64816,5.654e-04,0.594,0.018,19556
657,5.62035,5.64816,5.653e-04,0.631,0.018,19537
658,5.81202,5.64816,5.651e-04,0.581,0.019,19577
659,5.24982,5.64816,5.650e-04,0.634,0.017,19559
660,5.65997,5.64816,5.648e-04,0.571,0.016,19525
661,5.67401,5.64816,5.647e-04,0.586,0.017,19571
662,5.33660,5.64816,5.645e-04,0.569,0.015,19545
663,5.41176,5.64816,5.644e-04,0.582,0.016,19523
664,5.30239,5.64816,5.642e-04,0.598,0.018,19563
665,5.65406,5.64816,5.641e-04,0.644,0.015,19561
666,5.40048,5.64816,5.639e-04,0.576,0.018,19553
667,5.27064,5.64816,5.638e-04,0.576,0.019,19570
668,5.33745,5.64816,5.636e-04,0.530,0.013,19600
669,5.56495,5.64816,5.635e-04,0.627,0.018,19520
670,5.58872,5.64816,5.633e-04,0.590,0.017,19589
671,5.41888,5.64816,5.632e-04,0.573,0.016,19601
672,5.52063,5.64816,5.630e-04,0.650,0.018,19528
673,5.80276,5.64816,5.629e-04,0.726,0.020,19573
674,5.61999,5.64816,5.627e-04,0.562,0.016,19593
675,5.37949,5.64816,5.626e-04,0.598,0.018,19504
676,5.53601,5.64816,5.624e-04,0.614,0.019,19593
677,5.44280,5.64816,5.622e-04,0.560,0.016,19590
678,5.51963,5.64816,5.621e-04,0.647,0.024,19496
679,5.58978,5.64816,5.619e-04,0.620,0.020,19605
680,5.39836,5.64816,5.618e-04,0.633,0.019,19603
681,5.56106,5.64816,5.616e-04,0.624,0.023,19470
682,5.62967,5.64816,5.615e-04,0.609,0.018,19600
683,5.56795,5.64816,5.613e-04,0.644,0.019,19598
684,5.73027,5.64816,5.612e-04,0.608,0.019,19512
685,5.56406,5.64816,5.610e-04,0.656,0.019,19577
686,5.51037,5.64816,5.608e-04,0.587,0.017,19595
687,5.34116,5.64816,5.607e-04,0.580,0.016,19523
688,5.59429,5.64816,5.605e-04,0.581,0.017,19592
689,5.70049,5.64816,5.604e-04,0.591,0.015,19590
690,5.50936,5.64816,5.602e-04,0.543,0.015,19521
691,5.56344,5.64816,5.601e-04,0.652,0.023,19585
692,5.42407,5.64816,5.599e-04,0.587,0.016,19593
693,5.59525,5.64816,5.597e-04,0.628,0.019,19532
694,5.64416,5.64816,5.596e-04,0.618,0.021,19575
695,5.45295,5.64816,5.594e-04,0.586,0.017,19572
696,5.81445,5.64816,5.593e-04,0.668,0.020,19558
697,5.56744,5.64816,5.591e-04,0.575,0.015,19538
698,5.47216,5.64816,5.589e-04,0.583,0.019,19564
699,5.47468,5.64816,5.588e-04,0.554,0.015,19455
700,5.33322,5.64816,5.586e-04,0.612,0.017,19508
701,5.39510,5.64816,5.585e-04,0.549,0.014,19577
702,5.58372,5.64816,5.583e-04,0.591,0.016,19561
703,5.39858,5.64816,5.581e-04,0.572,0.018,19530
704,5.41102,5.64816,5.580e-04,0.593,0.018,19576
705,5.49437,5.64816,5.578e-04,0.531,0.014,19601
706,5.51326,5.64816,5.576e-04,0.568,0.016,19561
707,5.48128,5.64816,5.575e-04,0.541,0.015,19574
708,5.40184,5.64816,5.573e-04,0.539,0.012,19587
709,5.33500,5.64816,5.572e-04,0.582,0.018,19523
710,5.28021,5.64816,5.570e-04,0.558,0.015,19578
711,5.47020,5.64816,5.568e-04,0.592,0.015,19592
712,5.51405,5.64816,5.567e-04,0.573,0.015,19528
713,5.43432,5.64816,5.565e-04,0.577,0.015,19571
714,5.42015,5.64816,5.563e-04,0.585,0.016,19566
715,5.28497,5.64816,5.562e-04,0.603,0.018,19506
716,5.51648,5.64816,5.560e-04,0.622,0.017,19580
717,5.42093,5.64816,5.558e-04,0.557,0.015,19582
718,5.36385,5.64816,5.557e-04,0.552,0.015,19504
719,5.49158,5.64816,5.555e-04,0.570,0.015,19593
720,5.54869,5.64816,5.553e-04,0.598,0.018,19586
721,5.46505,5.64816,5.552e-04,0.647,0.019,19514
722,5.50323,5.64816,5.550e-04,0.591,0.017,19588
723,5.38577,5.64816,5.548e-04,0.584,0.017,19589
724,5.42799,5.64816,5.547e-04,0.542,0.014,19520
725,5.49339,5.64816,5.545e-04,0.568,0.015,19584
726,5.50633,5.64816,5.543e-04,0.569,0.017,19553
727,5.35628,5.64816,5.542e-04,0.529,0.014,19548
728,5.57767,5.64816,5.540e-04,0.581,0.016,19577
729,5.67034,5.64816,5.538e-04,0.571,0.017,19613
730,5.60682,5.64816,5.537e-04,0.578,0.016,19549
731,5.39056,5.64816,5.535e-04,0.678,0.027,19568
732,5.42175,5.64816,5.533e-04,0.599,0.017,19597
733,5.36267,5.64816,5.531e-04,0.596,0.018,19517
734,5.67976,5.64816,5.530e-04,0.589,0.019,19571
735,5.52519,5.64816,5.528e-04,0.592,0.019,19586
736,5.38877,5.64816,5.526e-04,0.581,0.015,19547
737,5.65101,5.64816,5.525e-04,0.612,0.017,19567
738,5.41698,5.64816,5.523e-04,0.610,0.016,19577
739,5.54868,5.64816,5.521e-04,0.626,0.019,19568
740,5.49834,5.64816,5.519e-04,0.568,0.017,19547
741,5.52542,5.64816,5.518e-04,0.575,0.015,19566
742,5.47573,5.64816,5.516e-04,0.613,0.020,19567
743,5.42234,5.64816,5.514e-04,0.584,0.018,19540
744,5.51782,5.64816,5.512e-04,0.590,0.016,19595
745,5.27134,5.64816,5.511e-04,0.565,0.017,19552
746,5.64798,5.64816,5.509e-04,0.569,0.016,19521
747,5.30058,5.64816,5.507e-04,0.593,0.014,19611
748,5.35983,5.64816,5.506e-04,0.603,0.018,19584
749,5.22830,5.64816,5.504e-04,0.583,0.016,19544
750,5.63634,5.31355,5.502e-04,0.669,0.017,6121
751,5.22020,5.31355,5.500e-04,0.556,0.016,19821
752,5.28891,5.31355,5.499e-04,0.598,0.019,19611
753,5.52202,5.31355,5.497e-04,0.596,0.019,19576
754,5.37822,5.31355,5.495e-04,0.607,0.017,19525
755,5.36792,5.31355,5.493e-04,0.578,0.017,19574
756,5.47488,5.31355,5.491e-04,0.589,0.018,19605
757,5.18195,5.31355,5.490e-04,0.600,0.017,19513
758,5.41218,5.31355,5.488e-04,0.546,0.014,19603
759,5.39204,5.31355,5.486e-04,0.589,0.016,19596
760,5.53559,5.31355,5.484e-04,0.613,0.018,19508
761,5.42128,5.31355,5.483e-04,0.636,0.020,19567
762,5.20573,5.31355,5.481e-04,0.593,0.018,19585
763,5.50910,5.31355,5.479e-04,0.579,0.017,19506
764,5.36952,5.31355,5.477e-04,0.572,0.019,19605
765,5.38663,5.31355,5.475e-04,0.614,0.018,19549
766,5.37071,5.31355,5.474e-04,0.566,0.017,19527
767,5.41857,5.31355,5.472e-04,0.564,0.016,19563
768,5.54044,5.31355,5.470e-04,0.575,0.016,19572
769,5.38460,5.31355,5.468e-04,0.609,0.017,19499
770,5.35553,5.31355,5.466e-04,0.607,0.018,19573
771,5.30658,5.31355,5.465e-04,0.699,0.022,19566
772,5.67433,5.31355,5.463e-04,0.606,0.017,19545
773,5.40996,5.31355,5.461e-04,0.626,0.021,19544
774,5.37766,5.31355,5.459e-04,0.600,0.020,19592
775,5.21113,5.31355,5.457e-04,0.609,0.018,19562
776,5.48784,5.31355,5.456e-04,0.620,0.024,19569
777,5.40431,5.31355,5.454e-04,0.612,0.018,19607
778,5.40826,5.31355,5.452e-04,0.609,0.021,19546
779,5.33284,5.31355,5.450e-04,0.561,0.015,19548
780,5.45305,5.31355,5.448e-04,0.619,0.016,19566
781,5.26422,5.31355,5.446e-04,0.587,0.015,19542
782,5.43825,5.31355,5.445e-04,0.595,0.017,19547
783,5.18505,5.31355,5.443e-04,0.602,0.016,19584
784,5.38202,5.31355,5.441e-04,0.574,0.014,19584
785,5.24842,5.31355,5.439e-04,0.618,0.016,19536
786,5.30875,5.31355,5.437e-04,0.581,0.017,19594
787,5.36073,5.31355,5.435e-04,0.570,0.014,19564
788,5.41600,5.31355,5.433e-04,0.618,0.017,19512
789,5.30293,5.31355,5.432e-04,0.599,0.017,19595
790,5.35863,5.31355,5.430e-04,0.621,0.016,19571
791,5.28712,5.31355,5.428e-04,0.586,0.020,19506
792,5.33550,5.31355,5.426e-04,0.615,0.019,19572
793,5.38166,5.31355,5.424e-04,0.558,0.015,19593
794,5.34315,5.31355,5.422e-04,0.577,0.017,19550
795,5.39676,5.31355,5.420e-04,0.611,0.016,19585
796,5.35786,5.31355,5.418e-04,0.575,0.017,19570
797,5.30307,5.31355,5.417e-04,0.566,0.015,19530
798,5.31439,5.31355,5.415e-04,0.609,0.018,19581
799,5.31619,5.31355,5.413e-04,0.578,0.018,19599
800,5.45898,5.31355,5.411e-04,0.670,0.018,19522
801,5.63138,5.31355,5.409e-04,0.681,0.025,19591
802,5.22988,5.31355,5.407e-04,0.622,0.018,19575
803,5.41681,5.31355,5.405e-04,0.591,0.019,19493
804,5.48652,5.31355,5.403e-04,0.616,0.016,19589
805,5.32992,5.31355,5.401e-04,0.582,0.017,19573
806,5.43534,5.31355,5.400e-04,0.647,0.019,19511
807,5.16611,5.31355,5.398e-04,0.542,0.015,19552
808,5.33899,5.31355,5.396e-04,0.607,0.018,19566
809,5.26185,5.31355,5.394e-04,0.525,0.015,19521
810,5.40003,5.31355,5.392e-04,0.589,0.018,19592
811,5.42652,5.31355,5.390e-04,0.593,0.016,19594
812,5.37917,5.31355,5.388e-04,0.592,0.018,19527
813,5.42139,5.31355,5.386e-04,0.578,0.016,19575
814,5.25261,5.31355,5.384e-04,0.592,0.015,19585
815,4.97236,5.31355,5.382e-04,0.698,0.018,19545
816,5.26383,5.31355,5.380e-04,0.610,0.016,19519
817,5.10960,5.31355,5.378e-04,0.568,0.016,19599
818,5.30053,5.31355,5.377e-04,0.656,0.018,19555
819,5.38111,5.31355,5.375e-04,0.613,0.019,19527
820,5.39372,5.31355,5.373e-04,0.637,0.019,19592
821,5.35147,5.31355,5.371e-04,0.606,0.018,19566
822,5.23339,5.31355,5.369e-04,0.609,0.019,19531
823,5.24088,5.31355,5.367e-04,0.566,0.018,19564
824,5.25956,5.31355,5.365e-04,0.686,0.020,19594
825,5.38461,5.31355,5.363e-04,0.561,0.014,19518
826,5.13280,5.31355,5.361e-04,0.667,0.021,19591
827,5.29736,5.31355,5.359e-04,0.572,0.015,19554
828,5.44597,5.31355,5.357e-04,0.629,0.020,19509
829,5.21036,5.31355,5.355e-04,0.601,0.019,19580
830,5.13657,5.31355,5.353e-04,0.629,0.016,19557
831,5.42124,5.31355,5.351e-04,0.676,0.018,19520
832,5.46767,5.31355,5.349e-04,0.580,0.016,19594
833,5.29409,5.31355,5.347e-04,0.570,0.017,19594
834,5.25480,5.31355,5.345e-04,0.590,0.015,19503
835,5.30622,5.31355,5.343e-04,0.560,0.015,19610
836,5.32776,5.31355,5.341e-04,0.572,0.016,19562
837,5.24288,5.31355,5.339e-04,0.570,0.016,19508
838,5.35453,5.31355,5.337e-04,0.590,0.015,19569
839,5.41542,5.31355,5.335e-04,0.588,0.015,19569
840,5.36834,5.31355,5.333e-04,0.574,0.014,19508
841,5.24868,5.31355,5.331e-04,0.619,0.017,19584
842,5.33480,5.31355,5.329e-04,0.608,0.017,19585
843,5.24473,5.31355,5.327e-04,0.603,0.018,19507
844,5.27701,5.31355,5.325e-04,0.613,0.018,19588
845,5.33855,5.31355,5.323e-04,0.612,0.017,19603
846,5.39612,5.31355,5.321e-04,0.614,0.017,19544
847,5.41885,5.31355,5.319e-04,0.596,0.018,19587
848,5.34144,5.31355,5.317e-04,0.626,0.017,19545
849,5.39844,5.31355,5.315e-04,0.589,0.017,19550
850,5.29994,5.31355,5.313e-04,0.646,0.018,19567
851,5.29107,5.31355,5.311e-04,0.564,0.016,19569
852,5.40171,5.31355,5.309e-04,0.653,0.019,19543
853,5.19383,5.31355,5.307e-04,0.613,0.017,19535
854,5.37462,5.31355,5.305e-04,0.627,0.016,19568
855,5.23772,5.31355,5.303e-04,0.607,0.017,19530
856,5.41789,5.31355,5.301e-04,0.649,0.017,19531
857,5.39984,5.31355,5.299e-04,0.623,0.017,19586
858,5.21740,5.31355,5.297e-04,0.594,0.016,19564
859,5.31601,5.31355,5.295e-04,0.613,0.017,19540
860,5.16222,5.31355,5.293e-04,0.588,0.015,19577
861,5.34608,5.31355,5.291e-04,0.649,0.019,19575
862,5.40949,5.31355,5.289e-04,0.605,0.016,19542
863,5.17186,5.31355,5.287e-04,0.616,0.017,19581
864,5.25302,5.31355,5.285e-04,0.617,0.017,19582
865,5.32101,5.31355,5.283e-04,0.616,0.017,19517
866,5.22326,5.31355,5.281e-04,0.646,0.019,19570
867,5.37226,5.31355,5.279e-04,0.586,0.015,19581
868,5.34765,5.31355,5.276e-04,0.656,0.017,19507
869,5.28759,5.31355,5.274e-04,0.589,0.014,19602
870,5.48250,5.31355,5.272e-04,0.630,0.017,19593
871,5.24554,5.31355,5.270e-04,0.613,0.017,19516
872,5.46196,5.31355,5.268e-04,0.689,0.021,19582
873,5.28512,5.31355,5.266e-04,0.628,0.018,19556
874,5.32416,5.31355,5.264e-04,0.605,0.019,19525
875,5.31866,5.31355,5.262e-04,0.639,0.020,19556
876,5.46945,5.31355,5.260e-04,0.624,0.021,19581
877,5.20811,5.31355,5.258e-04,0.641,0.021,19495
878,5.08962,5.31355,5.256e-04,0.619,0.018,19587
879,5.27641,5.31355,5.254e-04,0.601,0.017,19578
880,5.28783,5.31355,5.252e-04,0.634,0.016,19532
881,5.07475,5.31355,5.249e-04,0.606,0.016,19566
882,5.34883,5.31355,5.247e-04,0.625,0.016,19579
883,5.39159,5.31355,5.245e-04,0.580,0.016,19522
884,5.19540,5.31355,5.243e-04,0.614,0.018,19566
885,5.22547,5.31355,5.241e-04,0.601,0.017,19597
886,5.12557,5.31355,5.239e-04,0.778,0.022,19539
887,5.28200,5.31355,5.237e-04,0.616,0.017,19547
888,5.26410,5.31355,5.235e-04,0.633,0.019,19583
889,5.31513,5.31355,5.233e-04,0.600,0.017,19510
890,5.23449,5.31355,5.230e-04,0.626,0.017,19559
891,5.10410,5.31355,5.228e-04,0.627,0.017,19578
892,5.45570,5.31355,5.226e-04,0.642,0.018,19560
893,5.32483,5.31355,5.224e-04,0.608,0.018,19550
894,5.31518,5.31355,5.222e-04,0.613,0.018,19594
895,5.18264,5.31355,5.220e-04,0.632,0.019,19551
896,5.43140,5.31355,5.218e-04,0.615,0.017,19545
897,5.20992,5.31355,5.216e-04,0.584,0.015,19587
898,5.19139,5.31355,5.213e-04,0.607,0.019,19540
899,5.35452,5.31355,5.211e-04,0.638,0.017,19534
900,5.44111,5.31355,5.209e-04,0.678,0.022,19575
901,5.07035,5.31355,5.207e-04,0.611,0.019,19562
902,5.29619,5.31355,5.205e-04,0.609,0.019,19531
903,5.28505,5.31355,5.203e-04,0.684,0.019,19610
904,5.40073,5.31355,5.201e-04,0.632,0.021,19614
905,5.24396,5.31355,5.198e-04,0.672,0.023,19473
906,5.32861,5.31355,5.196e-04,0.708,0.022,19587
907,5.47213,5.31355,5.194e-04,0.973,0.029,19580
908,5.36331,5.31355,5.192e-04,0.657,0.021,19504
909,5.44087,5.31355,5.190e-04,0.631,0.019,19580
910,5.19057,5.31355,5.188e-04,0.676,0.022,19599
911,5.02825,5.31355,5.185e-04,0.637,0.021,19515
912,5.35429,5.31355,5.183e-04,0.649,0.020,19598
913,5.41469,5.31355,5.181e-04,0.660,0.021,19598
914,5.13785,5.31355,5.179e-04,0.689,0.025,19509
915,5.37115,5.31355,5.177e-04,0.641,0.018,19596
916,5.28251,5.31355,5.175e-04,0.673,0.021,19600
917,5.37068,5.31355,5.172e-04,0.621,0.016,19490
918,5.24781,5.31355,5.170e-04,0.657,0.019,19569
919,5.13283,5.31355,5.168e-04,0.640,0.020,19574
920,5.40410,5.31355,5.166e-04,0.618,0.018,19526
921,5.15916,5.31355,5.164e-04,0.601,0.017,19564
922,5.08390,5.31355,5.161e-04,0.581,0.018,19578
923,5.28315,5.31355,5.159e-04,0.619,0.021,19531
924,5.31218,5.31355,5.157e-04,0.578,0.016,19527
925,5.03488,5.31355,5.155e-04,0.575,0.016,19564
926,5.38405,5.31355,5.153e-04,0.633,0.017,19538
927,5.21906,5.31355,5.150e-04,0.657,0.018,19594
928,5.20594,5.31355,5.148e-04,0.699,0.024,19583
929,5.18582,5.31355,5.146e-04,0.649,0.018,19563
930,5.35655,5.31355,5.144e-04,0.645,0.019,19549
931,5.19737,5.31355,5.142e-04,0.701,0.023,19576
932,5.05796,5.31355,5.139e-04,0.641,0.020,19553
933,5.18147,5.31355,5.137e-04,0.674,0.021,19527
934,5.27520,5.31355,5.135e-04,0.593,0.017,19587
935,5.23171,5.31355,5.133e-04,0.643,0.018,19564
936,5.38546,5.31355,5.131e-04,0.594,0.018,19524
937,5.26921,5.31355,5.128e-04,0.593,0.016,19598
938,5.26008,5.31355,5.126e-04,0.632,0.020,19566
939,5.41247,5.31355,5.124e-04,0.614,0.019,19546
940,5.14552,5.31355,5.122e-04,0.622,0.018,19586
941,5.24080,5.31355,5.119e-04,0.645,0.020,19568
942,5.21061,5.31355,5.117e-04,0.584,0.017,19526
943,5.23979,5.31355,5.115e-04,0.662,0.022,19590
944,5.21057,5.31355,5.113e-04,0.571,0.016,19571
945,5.21960,5.31355,5.110e-04,0.556,0.016,19501
946,5.23458,5.31355,5.108e-04,0.595,0.016,19574
947,5.22514,5.31355,5.106e-04,0.630,0.018,19593
948,5.25045,5.31355,5.104e-04,0.576,0.018,19538
949,5.17715,5.31355,5.101e-04,0.549,0.016,19576
950,5.01649,5.31355,5.099e-04,0.639,0.021,19601
951,5.07981,5.31355,5.097e-04,0.583,0.020,19496
952,5.21827,5.31355,5.095e-04,0.593,0.016,19597
953,5.00332,5.31355,5.092e-04,0.665,0.022,19591
954,5.07782,5.31355,5.090e-04,0.601,0.018,19520
955,5.24214,5.31355,5.088e-04,0.565,0.014,19600
956,5.38432,5.31355,5.086e-04,0.661,0.020,19613
957,5.30432,5.31355,5.083e-04,0.658,0.017,19508
958,5.32601,5.31355,5.081e-04,0.582,0.016,19593
959,5.38555,5.31355,5.079e-04,0.570,0.015,19562
960,5.11750,5.31355,5.076e-04,0.558,0.014,19509
961,5.21895,5.31355,5.074e-04,0.642,0.023,19571
962,5.35028,5.31355,5.072e-04,0.588,0.017,19594
963,5.10188,5.31355,5.070e-04,0.597,0.017,19533
964,5.42942,5.31355,5.067e-04,0.606,0.019,19554
965,5.09904,5.31355,5.065e-04,0.622,0.021,19600
966,5.12001,5.31355,5.063e-04,0.566,0.018,19496
967,5.23754,5.31355,5.060e-04,0.620,0.017,19574
968,5.20254,5.31355,5.058e-04,0.591,0.020,19605
969,5.16956,5.31355,5.056e-04,0.590,0.020,19566
970,4.99893,5.31355,5.054e-04,0.578,0.017,19548
971,5.19697,5.31355,5.051e-04,0.584,0.018,19587
972,5.14138,5.31355,5.049e-04,0.579,0.017,19553
973,5.21977,5.31355,5.047e-04,0.591,0.016,19541
974,5.04820,5.31355,5.044e-04,0.577,0.017,19591
975,5.09844,5.31355,5.042e-04,0.594,0.017,19561
976,5.03211,5.31355,5.040e-04,0.606,0.017,19520
977,5.26626,5.31355,5.037e-04,0.581,0.014,19594
978,5.15616,5.31355,5.035e-04,0.597,0.016,19556
979,5.31276,5.31355,5.033e-04,0.665,0.018,19567
980,5.03537,5.31355,5.030e-04,0.631,0.019,19565
981,5.11231,5.31355,5.028e-04,0.620,0.018,19548
982,5.13544,5.31355,5.026e-04,0.592,0.017,19519
983,5.23684,5.31355,5.023e-04,0.597,0.018,19593
984,5.14505,5.31355,5.021e-04,0.575,0.016,19564
985,5.18364,5.31355,5.019e-04,0.637,0.017,19511
986,5.25147,5.31355,5.016e-04,0.562,0.016,19559
987,5.35668,5.31355,5.014e-04,0.651,0.022,19572
988,5.13473,5.31355,5.012e-04,0.570,0.017,19498
989,5.17760,5.31355,5.009e-04,0.676,0.021,19581
990,5.24432,5.31355,5.007e-04,0.641,0.019,19572
991,5.09667,5.31355,5.005e-04,0.615,0.018,19489
992,5.20719,5.31355,5.002e-04,0.600,0.016,19556
993,5.25907,5.31355,5.000e-04,0.595,0.017,19594
994,5.01302,5.31355,4.998e-04,0.593,0.016,19509
995,5.26599,5.31355,4.995e-04,0.606,0.016,19587
996,5.33364,5.31355,4.993e-04,0.648,0.018,19601
997,5.02094,5.31355,4.991e-04,0.686,0.019,19533
998,5.41707,5.31355,4.988e-04,0.630,0.019,19564
999,5.12978,5.31355,4.986e-04,0.683,0.021,19586
1000,5.45229,5.08972,4.983e-04,0.715,0.021,6112
1001,5.08811,5.08972,4.981e-04,0.634,0.019,19879
1002,5.05351,5.08972,4.979e-04,0.642,0.019,19548
1003,5.30564,5.08972,4.976e-04,0.646,0.020,19585
1004,5.30386,5.08972,4.974e-04,0.682,0.019,19603
1005,5.25869,5.08972,4.972e-04,0.651,0.020,19527
1006,5.01566,5.08972,4.969e-04,0.593,0.017,19548
1007,5.16597,5.08972,4.967e-04,0.579,0.016,19595
1008,5.11562,5.08972,4.964e-04,0.581,0.016,19520
1009,5.08791,5.08972,4.962e-04,0.605,0.022,19556
1010,4.97696,5.08972,4.960e-04,0.643,0.020,19594
1011,5.09978,5.08972,4.957e-04,0.572,0.015,19541
1012,5.29299,5.08972,4.955e-04,0.663,0.020,19553
1013,5.13980,5.08972,4.952e-04,0.609,0.018,19575
1014,5.09398,5.08972,4.950e-04,0.600,0.020,19575
1015,5.08870,5.08972,4.948e-04,0.660,0.020,19510
1016,5.14809,5.08972,4.945e-04,0.624,0.018,19578
1017,5.08791,5.08972,4.943e-04,0.627,0.017,19545
1018,5.17190,5.08972,4.940e-04,0.706,0.018,19508
1019,5.28423,5.08972,4.938e-04,0.621,0.019,19564
1020,4.74024,5.08972,4.936e-04,0.634,0.019,19592
1021,5.32504,5.08972,4.933e-04,0.737,0.022,19507
1022,5.24239,5.08972,4.931e-04,1.070,0.029,19571
1023,5.15053,5.08972,4.928e-04,0.622,0.017,19599
1024,5.40297,5.08972,4.926e-04,0.667,0.019,19522
1025,5.10365,5.08972,4.924e-04,0.648,0.016,19601
1026,4.95692,5.08972,4.921e-04,0.626,0.016,19591
1027,5.19606,5.08972,4.919e-04,0.594,0.016,19532
1028,4.99109,5.08972,4.916e-04,0.612,0.020,19598
1029,5.26263,5.08972,4.914e-04,0.639,0.018,19560
1030,5.09749,5.08972,4.911e-04,0.589,0.017,19521
1031,4.99314,5.08972,4.909e-04,0.667,0.019,19575
1032,5.11374,5.08972,4.907e-04,0.614,0.018,19599
1033,5.32149,5.08972,4.904e-04,0.640,0.016,19510
1034,5.24415,5.08972,4.902e-04,0.585,0.014,19605
1035,5.07097,5.08972,4.899e-04,0.593,0.015,19585
1036,5.03814,5.08972,4.897e-04,0.589,0.016,19503
1037,5.35442,5.08972,4.894e-04,0.619,0.018,19560
1038,5.12721,5.08972,4.892e-04,0.612,0.018,19571
1039,5.18000,5.08972,4.889e-04,0.652,0.018,19548
1040,5.12163,5.08972,4.887e-04,0.626,0.019,19580
1041,5.16774,5.08972,4.885e-04,0.608,0.017,19589
1042,4.81353,5.08972,4.882e-04,0.721,0.021,19515
1043,5.25619,5.08972,4.880e-04,0.657,0.018,19554
1044,4.91406,5.08972,4.877e-04,0.672,0.021,19566
1045,5.23096,5.08972,4.875e-04,0.661,0.018,19537
1046,5.15225,5.08972,4.872e-04,0.628,0.018,19572
1047,5.29420,5.08972,4.870e-04,0.638,0.020,19593
1048,5.23466,5.08972,4.867e-04,0.655,0.018,19549
1049,5.14896,5.08972,4.865e-04,0.641,0.020,19559
1050,5.08633,5.08972,4.862e-04,0.615,0.019,19592
1051,5.25959,5.08972,4.860e-04,0.620,0.018,19558
1052,5.04767,5.08972,4.857e-04,0.634,0.019,19515
1053,5.11927,5.08972,4.855e-04,0.618,0.017,19598
1054,5.18458,5.08972,4.853e-04,0.648,0.019,19571
1055,5.13188,5.08972,4.850e-04,0.652,0.019,19538
1056,5.03159,5.08972,4.848e-04,0.724,0.021,19583
1057,5.19114,5.08972,4.845e-04,0.615,0.018,19564
1058,5.34025,5.08972,4.843e-04,0.657,0.018,19511
1059,5.12970,5.08972,4.840e-04,0.629,0.017,19598
1060,5.16055,5.08972,4.838e-04,0.713,0.019,19562
1061,5.24916,5.08972,4.835e-04,0.728,0.018,19503
1062,5.25503,5.08972,4.833e-04,0.619,0.017,19588
1063,5.07830,5.08972,4.830e-04,0.642,0.017,19587
1064,5.12381,5.08972,4.828e-04,0.646,0.017,19529
1065,5.09008,5.08972,4.825e-04,0.611,0.017,19573
1066,5.19231,5.08972,4.823e-04,0.624,0.015,19583
1067,4.96484,5.08972,4.820e-04,0.634,0.018,19512
1068,5.14676,5.08972,4.818e-04,0.637,0.019,19611
1069,5.00842,5.08972,4.815e-04,0.593,0.016,19571
1070,4.91026,5.08972,4.813e-04,0.658,0.019,19502
1071,5.06954,5.08972,4.810e-04,0.592,0.015,19602
1072,5.11062,5.08972,4.808e-04,0.656,0.018,19569
1073,5.02602,5.08972,4.805e-04,0.600,0.018,19507
1074,4.96253,5.08972,4.803e-04,0.656,0.019,19575
1075,5.19350,5.08972,4.800e-04,0.595,0.016,19567
1076,5.05988,5.08972,4.798e-04,0.614,0.016,19530
1077,4.99662,5.08972,4.795e-04,0.629,0.019,19586
1078,5.24668,5.08972,4.792e-04,0.682,0.024,19564
1079,5.05998,5.08972,4.790e-04,0.611,0.016,19514
1080,5.09204,5.08972,4.787e-04,0.626,0.019,19557
1081,5.32886,5.08972,4.785e-04,0.673,0.020,19587
1082,5.17632,5.08972,4.782e-04,0.671,0.021,19551
1083,5.21996,5.08972,4.780e-04,0.564,0.014,19574
1084,5.13955,5.08972,4.777e-04,0.652,0.019,19587
1085,5.16415,5.08972,4.775e-04,0.627,0.017,19572
1086,4.85863,5.08972,4.772e-04,0.564,0.015,19527
1087,5.09502,5.08972,4.770e-04,0.621,0.020,19562
1088,4.96544,5.08972,4.767e-04,0.632,0.018,19544
1089,5.24947,5.08972,4.765e-04,0.595,0.016,19537
1090,4.87689,5.08972,4.762e-04,0.667,0.017,19597
1091,5.08270,5.08972,4.759e-04,0.609,0.015,19569
1092,5.09997,5.08972,4.757e-04,0.660,0.019,19551
1093,5.23455,5.08972,4.754e-04,0.646,0.018,19583
1094,5.06972,5.08972,4.752e-04,0.635,0.020,19570
1095,5.03562,5.08972,4.749e-04,0.629,0.022,19533
1096,5.08757,5.08972,4.747e-04,0.593,0.017,19569
1097,5.12317,5.08972,4.744e-04,0.645,0.018,19593
1098,5.01955,5.08972,4.742e-04,0.638,0.018,19523
1099,5.17778,5.08972,4.739e-04,0.657,0.019,19583
1100,4.99896,5.08972,4.736e-04,0.646,0.017,19578
1101,5.10773,5.08972,4.734e-04,0.635,0.016,19499
1102,5.07186,5.08972,4.731e-04,0.620,0.018,19606
1103,5.10809,5.08972,4.729e-04,0.641,0.019,19589
1104,5.04658,5.08972,4.726e-04,0.681,0.021,19536
1105,5.09736,5.08972,4.724e-04,0.617,0.016,19581
1106,5.04024,5.08972,4.721e-04,0.682,0.017,19583
1107,5.00485,5.08972,4.718e-04,0.686,0.019,19509
1108,5.11479,5.08972,4.716e-04,0.618,0.016,19602
1109,5.11027,5.08972,4.713e-04,0.698,0.023,19563
1110,5.14722,5.08972,4.711e-04,0.671,0.017,19486
1111,4.80831,5.08972,4.708e-04,0.627,0.018,19579
1112,5.09267,5.08972,4.706e-04,0.682,0.020,19576
1113,5.26913,5.08972,4.703e-04,0.642,0.020,19517
1114,4.85987,5.08972,4.700e-04,0.611,0.019,19581
1115,4.65593,5.08972,4.698e-04,0.621,0.016,19574
1116,5.01591,5.08972,4.695e-04,0.691,0.021,19520
1117,5.05509,5.08972,4.693e-04,0.629,0.018,19536
1118,5.15267,5.08972,4.690e-04,0.685,0.020,19574
1119,4.96805,5.08972,4.687e-04,0.605,0.017,19531
1120,5.26278,5.08972,4.685e-04,0.649,0.020,19565
1121,5.07331,5.08972,4.682e-04,0.620,0.018,19558
1122,5.20524,5.08972,4.680e-04,0.662,0.023,19537
1123,5.23168,5.08972,4.677e-04,0.783,0.023,19532
1124,4.92088,5.08972,4.674e-04,0.649,0.017,19575
1125,4.96146,5.08972,4.672e-04,0.737,0.021,19531
1126,5.02329,5.08972,4.669e-04,0.647,0.017,19554
1127,4.93651,5.08972,4.667e-04,0.626,0.020,19562
1128,5.05624,5.08972,4.664e-04,0.627,0.020,19569
1129,5.18671,5.08972,4.661e-04,0.625,0.018,19496
1130,5.04014,5.08972,4.659e-04,0.711,0.025,19568
1131,5.11669,5.08972,4.656e-04,0.641,0.019,19600
1132,5.01875,5.08972,4.653e-04,0.609,0.016,19534
1133,5.03286,5.08972,4.651e-04,0.678,0.023,19593
1134,5.14082,5.08972,4.648e-04,0.702,0.018,19586
1135,5.11876,5.08972,4.646e-04,0.770,0.022,19513
1136,5.13403,5.08972,4.643e-04,0.598,0.015,19583
1137,5.18678,5.08972,4.640e-04,0.700,0.020,19584
1138,5.05503,5.08972,4.638e-04,0.655,0.016,19524
1139,5.13845,5.08972,4.635e-04,0.684,0.018,19592
1140,5.10976,5.08972,4.632e-04,0.648,0.020,19587
1141,5.13903,5.08972,4.630e-04,0.662,0.021,19527
1142,5.11401,5.08972,4.627e-04,0.654,0.019,19572
1143,4.98138,5.08972,4.625e-04,0.646,0.019,19588
1144,5.02502,5.08972,4.622e-04,0.606,0.016,19524
1145,5.28634,5.08972,4.619e-04,0.661,0.017,19589
1146,5.11330,5.08972,4.617e-04,0.633,0.016,19606
1147,4.94813,5.08972,4.614e-04,0.659,0.019,19519
1148,5.05120,5.08972,4.611e-04,0.664,0.019,19545
1149,5.01620,5.08972,4.609e-04,0.648,0.017,19555
1150,5.18982,5.08972,4.606e-04,0.670,0.019,19499
1151,5.02462,5.08972,4.603e-04,0.672,0.020,19581
1152,5.04800,5.08972,4.601e-04,0.665,0.019,19607
1153,5.10868,5.08972,4.598e-04,0.593,0.017,19516
1154,5.00378,5.08972,4.595e-04,0.635,0.018,19564
1155,4.93502,5.08972,4.593e-04,0.648,0.017,19552
1156,5.08656,5.08972,4.590e-04,0.635,0.018,19552
1157,4.93422,5.08972,4.587e-04,0.609,0.014,19544
1158,5.09790,5.08972,4.585e-04,0.627,0.016,19614
1159,5.12416,5.08972,4.582e-04,0.634,0.016,19532
1160,5.12473,5.08972,4.579e-04,0.628,0.015,19584
1161,5.09575,5.08972,4.577e-04,0.574,0.015,19588
1162,5.01696,5.08972,4.574e-04,0.705,0.016,19556
1163,5.04020,5.08972,4.571e-04,0.611,0.015,19558
1164,5.20151,5.08972,4.569e-04,0.685,0.020,19585
1165,5.08787,5.08972,4.566e-04,0.622,0.018,19557
1166,5.06333,5.08972,4.563e-04,0.649,0.018,19552
1167,5.06615,5.08972,4.561e-04,0.688,0.018,19595
1168,5.05329,5.08972,4.558e-04,0.713,0.022,19596
1169,4.86882,5.08972,4.555e-04,0.702,0.023,19539
1170,5.31949,5.08972,4.553e-04,0.672,0.018,19580
1171,4.93719,5.08972,4.550e-04,0.636,0.019,19574
1172,5.14953,5.08972,4.547e-04,0.626,0.021,19541
1173,5.07281,5.08972,4.545e-04,0.621,0.017,19568
1174,5.27226,5.08972,4.542e-04,0.607,0.018,19595
1175,4.87527,5.08972,4.539e-04,0.669,0.023,19500
1176,4.97226,5.08972,4.537e-04,0.641,0.016,19604
1177,5.17411,5.08972,4.534e-04,0.600,0.016,19589
1178,5.04654,5.08972,4.531e-04,0.638,0.016,19506
1179,4.86776,5.08972,4.528e-04,0.652,0.021,19579
1180,4.86434,5.08972,4.526e-04,0.631,0.018,19600
1181,5.03476,5.08972,4.523e-04,0.621,0.016,19489
1182,5.00060,5.08972,4.520e-04,0.622,0.017,19579
1183,5.14617,5.08972,4.518e-04,0.667,0.020,19615
1184,5.05969,5.08972,4.515e-04,0.690,0.018,19514
1185,5.07868,5.08972,4.512e-04,0.649,0.017,19556
1186,5.09910,5.08972,4.510e-04,0.609,0.015,19600
1187,4.85746,5.08972,4.507e-04,0.673,0.021,19518
1188,5.04367,5.08972,4.504e-04,0.652,0.018,19597
1189,5.01808,5.08972,4.501e-04,0.670,0.022,19609
1190,5.19682,5.08972,4.499e-04,0.655,0.018,19532
1191,4.95520,5.08972,4.496e-04,0.660,0.018,19597
1192,4.97837,5.08972,4.493e-04,0.660,0.020,19562
1193,4.84789,5.08972,4.491e-04,0.658,0.018,19502
1194,5.07330,5.08972,4.488e-04,0.658,0.019,19582
1195,5.01603,5.08972,4.485e-04,0.615,0.016,19585
1196,4.79093,5.08972,4.482e-04,0.651,0.021,19528
1197,4.89908,5.08972,4.480e-04,0.667,0.019,19570
1198,4.83784,5.08972,4.477e-04,0.639,0.016,19595
1199,5.24592,5.08972,4.474e-04,0.628,0.018,19524
1200,4.99754,5.08972,4.471e-04,0.678,0.022,19552
1201,5.04066,5.08972,4.469e-04,0.608,0.017,19577
1202,5.07843,5.08972,4.466e-04,0.638,0.017,19541
1203,4.86543,5.08972,4.463e-04,0.664,0.017,19573
1204,5.13501,5.08972,4.461e-04,0.647,0.017,19577
1205,5.09597,5.08972,4.458e-04,0.604,0.016,19551
1206,5.00115,5.08972,4.455e-04,0.668,0.020,19526
1207,5.23055,5.08972,4.452e-04,0.716,0.017,19590
1208,4.90933,5.08972,4.450e-04,0.657,0.022,19560
1209,4.85613,5.08972,4.447e-04,0.654,0.017,19527
1210,4.90054,5.08972,4.444e-04,0.732,0.021,19600
1211,5.10046,5.08972,4.441e-04,0.694,0.023,19557
1212,4.89989,5.08972,4.439e-04,0.735,0.024,19535
1213,5.02147,5.08972,4.436e-04,0.653,0.021,19619
1214,4.96658,5.08972,4.433e-04,0.620,0.016,19574
1215,5.18818,5.08972,4.430e-04,0.650,0.019,19529
1216,4.86415,5.08972,4.428e-04,0.707,0.022,19582
1217,4.84144,5.08972,4.425e-04,0.650,0.016,19599
1218,5.11117,5.08972,4.422e-04,0.647,0.018,19496
1219,4.91113,5.08972,4.419e-04,0.667,0.018,19602
1220,5.14765,5.08972,4.417e-04,0.634,0.015,19598
1221,4.62315,5.08972,4.414e-04,0.754,0.020,19516
1222,5.03992,5.08972,4.411e-04,0.645,0.018,19604
1223,4.94931,5.08972,4.408e-04,0.619,0.016,19590
1224,5.16739,5.08972,4.406e-04,0.654,0.020,19528
1225,5.10689,5.08972,4.403e-04,0.623,0.019,19593
1226,4.92220,5.08972,4.400e-04,0.693,0.020,19595
1227,4.91226,5.08972,4.397e-04,0.652,0.020,19497
1228,5.03554,5.08972,4.394e-04,0.636,0.019,19551
1229,5.18140,5.08972,4.392e-04,0.650,0.018,19582
1230,4.98555,5.08972,4.389e-04,0.635,0.016,19510
1231,4.97243,5.08972,4.386e-04,0.641,0.016,19586
1232,4.88080,5.08972,4.383e-04,0.605,0.017,19576
1233,5.01677,5.08972,4.381e-04,0.642,0.017,19502
1234,5.17554,5.08972,4.378e-04,0.634,0.016,19559
1235,5.14351,5.08972,4.375e-04,0.688,0.021,19598
1236,4.99472,5.08972,4.372e-04,0.658,0.017,19538
1237,5.02517,5.08972,4.370e-04,0.628,0.022,19593
1238,4.74400,5.08972,4.367e-04,0.678,0.019,19582
1239,4.92735,5.08972,4.364e-04,0.646,0.017,19545
1240,5.01945,5.08972,4.361e-04,0.681,0.016,19571
1241,4.87510,5.08972,4.358e-04,0.678,0.019,19610
1242,5.29008,5.08972,4.356e-04,0.734,0.021,19526
1243,5.15756,5.08972,4.353e-04,0.620,0.015,19542
1244,4.92997,5.08972,4.350e-04,0.669,0.015,19579
1245,4.92247,5.08972,4.347e-04,0.654,0.017,19559
1246,5.06055,5.08972,4.344e-04,0.640,0.017,19536
1247,4.74909,5.08972,4.342e-04,0.671,0.021,19590
1248,4.85090,5.08972,4.339e-04,0.680,0.021,19557
1249,4.93429,5.08972,4.336e-04,0.635,0.016,19520
1250,4.90889,4.87906,4.333e-04,0.646,0.016,6121
1251,4.87749,4.87906,4.330e-04,0.618,0.015,19838
1252,5.08208,4.87906,4.328e-04,0.694,0.019,19572
1253,5.17228,4.87906,4.325e-04,0.644,0.016,19571
1254,4.86657,4.87906,4.322e-04,0.705,0.022,19516
1255,4.96574,4.87906,4.319e-04,0.686,0.019,19580
1256,5.04975,4.87906,4.316e-04,0.660,0.019,19554
1257,4.70999,4.87906,4.314e-04,0.686,0.018,19522
1258,5.07119,4.87906,4.311e-04,0.615,0.016,19586
1259,5.00695,4.87906,4.308e-04,0.748,0.021,19564
1260,4.88813,4.87906,4.305e-04,0.669,0.018,19513
1261,4.98997,4.87906,4.302e-04,0.679,0.023,19582
1262,4.80420,4.87906,4.300e-04,0.719,0.021,19578
1263,5.08007,4.87906,4.297e-04,0.624,0.017,19503
1264,4.90509,4.87906,4.294e-04,0.625,0.018,19555
1265,4.82370,4.87906,4.291e-04,0.642,0.018,19584
1266,5.09059,4.87906,4.288e-04,0.651,0.017,19531
1267,4.85790,4.87906,4.285e-04,0.595,0.015,19568
1268,4.86708,4.87906,4.283e-04,0.626,0.018,19600
1269,5.21181,4.87906,4.280e-04,0.669,0.017,19520
1270,5.01823,4.87906,4.277e-04,0.659,0.019,19604
1271,5.12214,4.87906,4.274e-04,0.658,0.017,19589
1272,4.93098,4.87906,4.271e-04,0.620,0.019,19515
1273,5.14373,4.87906,4.269e-04,0.620,0.017,19596
1274,5.00551,4.87906,4.266e-04,0.669,0.017,19616
1275,4.91579,4.87906,4.263e-04,0.623,0.018,19521
1276,5.22409,4.87906,4.260e-04,0.702,0.018,19575
1277,5.10037,4.87906,4.257e-04,0.636,0.018,19563
1278,5.09450,4.87906,4.254e-04,0.760,0.022,19525
1279,4.85564,4.87906,4.252e-04,0.627,0.015,19560
1280,5.25019,4.87906,4.249e-04,0.781,0.022,19602
1281,4.91121,4.87906,4.246e-04,0.657,0.015,19516
1282,4.82181,4.87906,4.243e-04,0.705,0.019,19545
1283,4.79388,4.87906,4.240e-04,0.640,0.023,19588
1284,5.17251,4.87906,4.237e-04,0.656,0.019,19570
1285,5.20394,4.87906,4.235e-04,0.641,0.018,19578
1286,4.96692,4.87906,4.232e-04,0.629,0.019,19577
1287,5.00985,4.87906,4.229e-04,0.703,0.026,19567
1288,4.81525,4.87906,4.226e-04,0.619,0.017,19561
1289,4.91533,4.87906,4.223e-04,0.671,0.016,19576
1290,4.94450,4.87906,4.220e-04,0.698,0.022,19559
1291,4.86528,4.87906,4.217e-04,0.752,0.020,19513
1292,5.05871,4.87906,4.215e-04,0.684,0.022,19592
1293,4.86307,4.87906,4.212e-04,0.726,0.032,19559
1294,5.00431,4.87906,4.209e-04,0.642,0.018,19514
1295,4.95711,4.87906,4.206e-04,0.656,0.021,19580
1296,4.60888,4.87906,4.203e-04,0.636,0.017,19568
1297,5.15784,4.87906,4.200e-04,0.735,0.023,19502
1298,4.85770,4.87906,4.197e-04,0.657,0.019,19594
1299,4.80910,4.87906,4.195e-04,0.705,0.019,19573
1300,4.60082,4.87906,4.192e-04,0.740,0.020,19500
1301,5.06165,4.87906,4.189e-04,0.713,0.017,19540
1302,4.83248,4.87906,4.186e-04,0.648,0.015,19569
1303,4.95947,4.87906,4.183e-04,0.718,0.020,19496
1304,5.07051,4.87906,4.180e-04,0.728,0.026,19572
1305,4.91757,4.87906,4.177e-04,0.680,0.018,19599
1306,5.03774,4.87906,4.175e-04,0.717,0.021,19491
1307,4.68395,4.87906,4.172e-04,0.656,0.018,19570
1308,4.99867,4.87906,4.169e-04,0.676,0.024,19602
1309,5.05806,4.87906,4.166e-04,0.731,0.018,19501
1310,4.85148,4.87906,4.163e-04,0.625,0.014,19578
1311,5.01450,4.87906,4.160e-04,0.692,0.020,19595
1312,4.99532,4.87906,4.157e-04,0.677,0.017,19519
1313,4.93586,4.87906,4.154e-04,0.667,0.017,19576
1314,4.98224,4.87906,4.152e-04,0.696,0.019,19590
1315,4.86541,4.87906,4.149e-04,0.632,0.015,19519
1316,5.29559,4.87906,4.146e-04,0.731,0.020,19530
1317,4.84069,4.87906,4.143e-04,0.630,0.017,19604
1318,5.26391,4.87906,4.140e-04,0.716,0.025,19542
1319,4.79719,4.87906,4.137e-04,0.598,0.014,19553
1320,5.07605,4.87906,4.134e-04,0.657,0.024,19577
1321,4.95571,4.87906,4.131e-04,0.690,0.016,19517
1322,4.70541,4.87906,4.129e-04,0.681,0.019,19565
1323,4.91075,4.87906,4.126e-04,0.616,0.017,19571
1324,4.75468,4.87906,4.123e-04,0.686,0.016,19543
1325,4.80831,4.87906,4.120e-04,0.647,0.017,19556
1326,4.93973,4.87906,4.117e-04,0.690,0.019,19591
1327,4.96484,4.87906,4.114e-04,0.638,0.015,19578
1328,5.06978,4.87906,4.111e-04,0.677,0.019,19542
1329,4.90252,4.87906,4.108e-04,0.624,0.016,19580
1330,4.87443,4.87906,4.105e-04,0.654,0.018,19558
1331,4.93551,4.87906,4.103e-04,0.631,0.016,19522
1332,4.93334,4.87906,4.100e-04,0.659,0.019,19580
1333,4.89117,4.87906,4.097e-04,0.661,0.020,19591
1334,4.91379,4.87906,4.094e-04,0.606,0.016,19526
1335,4.74472,4.87906,4.091e-04,0.597,0.016,19559
1336,4.94786,4.87906,4.088e-04,0.600,0.015,19620
1337,4.61846,4.87906,4.085e-04,0.630,0.016,19517
1338,4.73387,4.87906,4.082e-04,0.625,0.015,19580
1339,4.86999,4.87906,4.079e-04,0.671,0.017,19597
1340,4.92566,4.87906,4.077e-04,0.619,0.017,19512
1341,4.95821,4.87906,4.074e-04,0.630,0.014,19569
1342,4.79348,4.87906,4.071e-04,0.660,0.021,19584
1343,4.84341,4.87906,4.068e-04,0.637,0.016,19501
1344,4.82840,4.87906,4.065e-04,0.676,0.019,19580
1345,5.04616,4.87906,4.062e-04,0.639,0.015,19586
1346,4.87440,4.87906,4.059e-04,0.743,0.019,19502
1347,4.97553,4.87906,4.056e-04,0.674,0.019,19585
1348,4.92262,4.87906,4.053e-04,0.733,0.017,19591
1349,5.22600,4.87906,4.050e-04,0.624,0.016,19512
1350,5.17124,4.87906,4.047e-04,0.652,0.017,19565
1351,4.88325,4.87906,4.045e-04,0.718,0.016,19580
1352,5.00632,4.87906,4.042e-04,0.659,0.019,19553
1353,5.01051,4.87906,4.039e-04,0.718,0.018,19588
1354,5.10248,4.87906,4.036e-04,0.750,0.020,19592
1355,5.09511,4.87906,4.033e-04,0.717,0.018,19533
1356,4.99990,4.87906,4.030e-04,0.694,0.018,19560
1357,5.02054,4.87906,4.027e-04,0.729,0.020,19566
1358,4.96218,4.87906,4.024e-04,0.673,0.021,19543
1359,4.80565,4.87906,4.021e-04,0.693,0.019,19557
1360,4.90394,4.87906,4.018e-04,0.663,0.020,19595
1361,4.71509,4.87906,4.015e-04,0.640,0.017,19522
1362,5.01337,4.87906,4.012e-04,0.631,0.014,19537
1363,4.99815,4.87906,4.010e-04,0.643,0.018,19609
1364,4.96412,4.87906,4.007e-04,0.643,0.015,19567
1365,4.98370,4.87906,4.004e-04,0.641,0.015,19528
1366,4.93785,4.87906,4.001e-04,0.636,0.016,19576
1367,4.73512,4.87906,3.998e-04,0.671,0.016,19558
1368,4.81067,4.87906,3.995e-04,0.674,0.016,19546
1369,4.91605,4.87906,3.992e-04,0.617,0.015,19558
1370,5.05327,4.87906,3.989e-04,0.679,0.018,19590
1371,4.86765,4.87906,3.986e-04,0.701,0.018,19509
1372,4.86725,4.87906,3.983e-04,0.642,0.016,19593
1373,5.08339,4.87906,3.980e-04,0.693,0.019,19567
1374,4.66354,4.87906,3.977e-04,0.671,0.018,19539
1375,4.82505,4.87906,3.974e-04,0.648,0.020,19582
1376,4.77648,4.87906,3.971e-04,0.675,0.021,19585
1377,4.87404,4.87906,3.969e-04,0.665,0.019,19513
1378,4.91476,4.87906,3.966e-04,0.671,0.019,19602
1379,5.06702,4.87906,3.963e-04,0.665,0.024,19593
1380,4.83985,4.87906,3.960e-04,0.745,0.017,19510
1381,4.88160,4.87906,3.957e-04,0.676,0.018,19570
1382,4.97151,4.87906,3.954e-04,0.660,0.016,19563
1383,5.08422,4.87906,3.951e-04,0.671,0.017,19507
1384,5.07876,4.87906,3.948e-04,0.747,0.017,19589
1385,4.63631,4.87906,3.945e-04,0.639,0.016,19563
1386,4.95579,4.87906,3.942e-04,0.683,0.019,19525
1387,4.91182,4.87906,3.939e-04,0.649,0.015,19600
1388,4.83967,4.87906,3.936e-04,0.677,0.019,19575
1389,4.99472,4.87906,3.933e-04,0.710,0.018,19541
1390,4.90339,4.87906,3.930e-04,0.667,0.019,19551
1391,4.64762,4.87906,3.927e-04,0.674,0.018,19569
1392,4.91074,4.87906,3.924e-04,0.679,0.020,19546
1393,4.99940,4.87906,3.921e-04,0.703,0.017,19544
1394,4.79466,4.87906,3.919e-04,0.679,0.016,19585
1395,4.97008,4.87906,3.916e-04,0.685,0.021,19548
1396,4.89168,4.87906,3.913e-04,0.617,0.015,19549
1397,4.72081,4.87906,3.910e-04,0.678,0.016,19586
1398,4.83607,4.87906,3.907e-04,0.709,0.019,19529
1399,4.86934,4.87906,3.904e-04,0.690,0.016,19554
1400,4.91937,4.87906,3.901e-04,0.674,0.018,19579
1401,5.00945,4.87906,3.898e-04,0.673,0.018,19552
1402,4.77273,4.87906,3.895e-04,0.672,0.020,19535
1403,4.66506,4.87906,3.892e-04,0.664,0.015,19604
1404,4.81506,4.87906,3.889e-04,0.726,0.017,19568
1405,4.91930,4.87906,3.886e-04,0.646,0.015,19524
1406,4.87703,4.87906,3.883e-04,0.837,0.020,19592
1407,4.82685,4.87906,3.880e-04,0.662,0.016,19553
1408,4.74918,4.87906,3.877e-04,0.728,0.018,19525
1409,4.86447,4.87906,3.874e-04,0.650,0.017,19563
1410,4.78194,4.87906,3.871e-04,0.672,0.018,19586
1411,4.64086,4.87906,3.868e-04,0.682,0.018,19525
1412,5.02701,4.87906,3.865e-04,0.668,0.022,19583
1413,4.83265,4.87906,3.862e-04,0.645,0.017,19594
1414,4.77117,4.87906,3.859e-04,0.731,0.019,19537
1415,4.88325,4.87906,3.856e-04,0.671,0.018,19592
1416,4.84438,4.87906,3.853e-04,0.642,0.018,19578
1417,4.78178,4.87906,3.850e-04,0.678,0.019,19490
1418,5.01158,4.87906,3.848e-04,0.709,0.017,19598
1419,4.90596,4.87906,3.845e-04,0.732,0.018,19559
1420,4.78287,4.87906,3.842e-04,0.650,0.018,19535
1421,4.94457,4.87906,3.839e-04,0.694,0.021,19575
1422,4.81802,4.87906,3.836e-04,0.689,0.021,19578
1423,4.87986,4.87906,3.833e-04,0.668,0.021,19517
1424,5.00997,4.87906,3.830e-04,0.633,0.017,19574
1425,4.86228,4.87906,3.827e-04,0.739,0.022,19567
1426,4.65359,4.87906,3.824e-04,0.626,0.018,19503
1427,4.82916,4.87906,3.821e-04,0.660,0.019,19596
1428,4.80818,4.87906,3.818e-04,0.712,0.023,19581
1429,4.96683,4.87906,3.815e-04,0.699,0.018,19545
1430,4.97276,4.87906,3.812e-04,0.742,0.018,19553
1431,4.73280,4.87906,3.809e-04,0.701,0.019,19607
1432,4.76991,4.87906,3.806e-04,0.671,0.019,19546
1433,5.05723,4.87906,3.803e-04,0.660,0.017,19573
1434,4.74927,4.87906,3.800e-04,0.667,0.016,19573
1435,5.05774,4.87906,3.797e-04,0.647,0.021,19517
1436,4.76781,4.87906,3.794e-04,0.773,0.022,19535
1437,4.74853,4.87906,3.791e-04,0.698,0.020,19607
1438,4.72726,4.87906,3.788e-04,0.739,0.018,19549
1439,4.89671,4.87906,3.785e-04,0.712,0.022,19560
1440,4.70104,4.87906,3.782e-04,0.689,0.018,19555
1441,4.87739,4.87906,3.779e-04,0.691,0.019,19552
1442,4.78710,4.87906,3.776e-04,0.696,0.023,19542
1443,4.96233,4.87906,3.773e-04,0.751,0.019,19585
1444,4.73062,4.87906,3.770e-04,0.677,0.017,19567
1445,4.87204,4.87906,3.767e-04,0.694,0.020,19524
1446,4.68484,4.87906,3.764e-04,0.706,0.021,19605
1447,5.00142,4.87906,3.761e-04,0.652,0.016,19559
1448,4.92475,4.87906,3.758e-04,0.618,0.015,19545
1449,4.87621,4.87906,3.755e-04,0.665,0.016,19578
1450,4.84259,4.87906,3.752e-04,0.680,0.018,19584
1451,4.88007,4.87906,3.749e-04,0.671,0.018,19515
1452,5.03380,4.87906,3.746e-04,0.670,0.017,19573
1453,4.85524,4.87906,3.743e-04,0.671,0.016,19588
1454,4.75996,4.87906,3.740e-04,0.710,0.019,19501
1455,5.00910,4.87906,3.737e-04,0.694,0.021,19589
1456,4.73484,4.87906,3.734e-04,0.673,0.016,19602
1457,4.71403,4.87906,3.731e-04,0.683,0.019,19504
1458,5.00141,4.87906,3.728e-04,0.636,0.019,19578
1459,4.84076,4.87906,3.725e-04,0.688,0.016,19576
1460,4.69401,4.87906,3.722e-04,0.690,0.018,19524
1461,4.75917,4.87906,3.719e-04,0.700,0.019,19579
1462,4.78148,4.87906,3.716e-04,0.681,0.014,19573
1463,4.80079,4.87906,3.713e-04,0.697,0.016,19520
1464,4.86490,4.87906,3.710e-04,0.615,0.018,19578
1465,4.81535,4.87906,3.707e-04,0.678,0.015,19617
1466,4.99319,4.87906,3.704e-04,0.718,0.017,19523
1467,4.86445,4.87906,3.701e-04,0.666,0.019,19571
1468,4.95967,4.87906,3.698e-04,0.744,0.018,19546
1469,4.89344,4.87906,3.695e-04,0.604,0.013,19554
1470,4.89051,4.87906,3.692e-04,0.724,0.020,19572
1471,4.54521,4.87906,3.689e-04,0.665,0.019,19574
1472,4.65989,4.87906,3.686e-04,0.711,0.018,19541
1473,5.07312,4.87906,3.683e-04,0.678,0.016,19567
1474,4.88344,4.87906,3.680e-04,0.719,0.018,19589
1475,4.61918,4.87906,3.677e-04,0.716,0.020,19525
1476,4.87722,4.87906,3.674e-04,0.691,0.015,19538
1477,4.75777,4.87906,3.671e-04,0.665,0.016,19580
1478,4.65464,4.87906,3.668e-04,0.683,0.015,19577
1479,4.70187,4.87906,3.665e-04,0.629,0.015,19527
1480,4.80171,4.87906,3.662e-04,0.719,0.017,19597
1481,4.79950,4.87906,3.659e-04,0.686,0.017,19557
1482,4.78162,4.87906,3.656e-04,0.606,0.014,19525
1483,4.93476,4.87906,3.653e-04,0.641,0.015,19583
1484,4.79047,4.87906,3.650e-04,0.644,0.018,19573
1485,4.93860,4.87906,3.647e-04,0.950,0.026,19537
1486,4.98299,4.87906,3.644e-04,0.764,0.023,19564
1487,4.74578,4.87906,3.641e-04,0.724,0.021,19556
1488,4.75387,4.87906,3.638e-04,0.697,0.021,19511
1489,4.59366,4.87906,3.635e-04,0.711,0.021,19587
1490,4.62045,4.87906,3.632e-04,0.705,0.018,19601
1491,4.87446,4.87906,3.629e-04,0.681,0.019,19491
1492,4.93967,4.87906,3.626e-04,0.710,0.022,19583
1493,4.78691,4.87906,3.623e-04,0.758,0.020,19574
1494,4.83813,4.87906,3.620e-04,0.687,0.018,19532
1495,4.71037,4.87906,3.617e-04,0.691,0.019,19596
1496,4.82416,4.87906,3.614e-04,0.757,0.022,19569
1497,4.82511,4.87906,3.611e-04,0.712,0.019,19543
1498,4.77411,4.87906,3.608e-04,0.667,0.015,19571
1499,4.87109,4.87906,3.605e-04,0.698,0.019,19572
1500,4.72992,4.71207,3.602e-04,0.624,0.017,6115
1501,4.79898,4.71207,3.599e-04,0.660,0.017,19885
1502,4.94528,4.71207,3.596e-04,0.643,0.014,19505
1503,4.76472,4.71207,3.593e-04,0.687,0.017,19575
1504,4.89623,4.71207,3.590e-04,0.657,0.017,19558
1505,4.82746,4.71207,3.587e-04,0.666,0.017,19515
1506,4.78388,4.71207,3.584e-04,0.679,0.018,19574
1507,4.88032,4.71207,3.581e-04,0.616,0.013,19586
1508,4.90369,4.71207,3.578e-04,0.629,0.015,19554
1509,4.90550,4.71207,3.575e-04,0.680,0.019,19589
1510,4.80010,4.71207,3.572e-04,0.655,0.015,19562
1511,4.68354,4.71207,3.569e-04,0.677,0.019,19538
1512,4.80196,4.71207,3.566e-04,0.702,0.018,19544
1513,4.74679,4.71207,3.563e-04,0.682,0.017,19564
1514,4.51729,4.71207,3.560e-04,0.651,0.018,19534
1515,4.62674,4.71207,3.557e-04,0.704,0.019,19549
1516,4.82290,4.71207,3.554e-04,0.653,0.016,19591
1517,5.05494,4.71207,3.551e-04,0.726,0.018,19548
1518,4.70420,4.71207,3.548e-04,0.725,0.020,19531
1519,4.82505,4.71207,3.545e-04,0.717,0.016,19586
1520,4.86277,4.71207,3.542e-04,0.636,0.017,19573
1521,4.66330,4.71207,3.539e-04,0.715,0.018,19506
1522,5.03250,4.71207,3.536e-04,0.644,0.017,19561
1523,4.69961,4.71207,3.533e-04,0.660,0.018,19557
1524,4.63139,4.71207,3.530e-04,0.698,0.018,19526
1525,4.91885,4.71207,3.527e-04,0.715,0.017,19593
1526,4.70803,4.71207,3.524e-04,0.699,0.015,19598
1527,4.91164,4.71207,3.521e-04,0.670,0.018,19511
1528,4.84054,4.71207,3.518e-04,0.642,0.015,19570
1529,4.81438,4.71207,3.515e-04,0.659,0.014,19578
1530,4.82220,4.71207,3.512e-04,0.695,0.018,19532
1531,4.77756,4.71207,3.509e-04,0.641,0.017,19580
1532,4.60743,4.71207,3.506e-04,0.696,0.017,19591
1533,4.90888,4.71207,3.503e-04,0.636,0.015,19534
1534,4.62553,4.71207,3.500e-04,0.710,0.018,19566
1535,4.67230,4.71207,3.497e-04,0.631,0.013,19599
1536,4.81730,4.71207,3.494e-04,0.726,0.019,19501
1537,4.73910,4.71207,3.491e-04,0.682,0.017,19613
1538,5.07855,4.71207,3.488e-04,0.689,0.019,19571
1539,4.87739,4.71207,3.485e-04,0.680,0.018,19497
1540,4.48397,4.71207,3.482e-04,0.635,0.016,19559
1541,4.78187,4.71207,3.479e-04,0.638,0.016,19572
1542,4.87316,4.71207,3.476e-04,0.725,0.017,19517
1543,4.68433,4.71207,3.473e-04,0.648,0.014,19592
1544,4.77738,4.71207,3.470e-04,0.691,0.015,19592
1545,4.70162,4.71207,3.467e-04,0.661,0.016,19498
1546,4.65744,4.71207,3.463e-04,0.686,0.015,19586
1547,4.87186,4.71207,3.460e-04,0.746,0.017,19575
1548,4.79153,4.71207,3.457e-04,0.639,0.013,19543
1549,4.82338,4.71207,3.454e-04,0.664,0.015,19565
1550,4.60271,4.71207,3.451e-04,0.647,0.015,19573
1551,4.82591,4.71207,3.448e-04,0.726,0.016,19536
1552,4.83186,4.71207,3.445e-04,0.672,0.016,19557
1553,4.72893,4.71207,3.442e-04,0.712,0.016,19582
1554,4.84915,4.71207,3.439e-04,0.788,0.018,19548
1555,4.75480,4.71207,3.436e-04,0.692,0.018,19553
1556,4.74415,4.71207,3.433e-04,0.751,0.016,19586
1557,4.61933,4.71207,3.430e-04,0.720,0.018,19562
1558,4.62869,4.71207,3.427e-04,0.685,0.016,19531
1559,4.71070,4.71207,3.424e-04,0.720,0.017,19590
1560,4.80940,4.71207,3.421e-04,0.667,0.016,19579
1561,4.90712,4.71207,3.418e-04,0.660,0.017,19524
1562,4.76180,4.71207,3.415e-04,0.626,0.015,19592
1563,4.85221,4.71207,3.412e-04,0.683,0.016,19584
1564,4.81859,4.71207,3.409e-04,0.721,0.019,19545
1565,5.07617,4.71207,3.406e-04,0.682,0.019,19595
1566,5.11868,4.71207,3.403e-04,0.619,0.012,19600
1567,4.60572,4.71207,3.400e-04,0.763,0.019,19532
1568,5.19881,4.71207,3.397e-04,0.714,0.018,19583
1569,4.77880,4.71207,3.394e-04,0.650,0.014,19567
1570,4.55354,4.71207,3.391e-04,0.714,0.016,19523
1571,4.72856,4.71207,3.388e-04,0.715,0.016,19579
1572,4.91562,4.71207,3.385e-04,0.669,0.016,19581
1573,4.90631,4.71207,3.382e-04,0.706,0.019,19508
1574,4.99500,4.71207,3.379e-04,0.677,0.018,19587
1575,4.55977,4.71207,3.376e-04,0.693,0.018,19595
1576,4.72513,4.71207,3.373e-04,0.693,0.018,19497
1577,4.73075,4.71207,3.370e-04,0.677,0.015,19577
1578,4.72458,4.71207,3.367e-04,0.664,0.014,19612
1579,4.62271,4.71207,3.364e-04,0.646,0.015,19510
1580,4.51917,4.71207,3.361e-04,0.676,0.016,19582
1581,4.80974,4.71207,3.358e-04,0.748,0.018,19584
1582,5.09803,4.71207,3.355e-04,0.729,0.017,19512
1583,4.88988,4.71207,3.351e-04,0.824,0.019,19589
1584,4.60339,4.71207,3.348e-04,0.671,0.015,19583
1585,4.74034,4.71207,3.345e-04,0.775,0.020,19542
1586,4.74330,4.71207,3.342e-04,0.714,0.018,19595
1587,4.50524,4.71207,3.339e-04,0.765,0.018,19589
1588,4.99678,4.71207,3.336e-04,0.678,0.018,19565
1589,4.80858,4.71207,3.333e-04,0.742,0.020,19551
1590,4.82542,4.71207,3.330e-04,0.690,0.016,19603
1591,4.56908,4.71207,3.327e-04,0.656,0.019,19568
1592,4.66709,4.71207,3.324e-04,0.673,0.016,19547
1593,4.62862,4.71207,3.321e-04,0.685,0.017,19599
1594,4.63869,4.71207,3.318e-04,0.680,0.018,19557
1595,4.85206,4.71207,3.315e-04,0.687,0.018,19552
1596,4.60800,4.71207,3.312e-04,0.645,0.014,19576
1597,4.75549,4.71207,3.309e-04,0.681,0.016,19559
1598,4.87721,4.71207,3.306e-04,0.688,0.016,19547
1599,4.45895,4.71207,3.303e-04,0.725,0.018,19609
1600,4.76546,4.71207,3.300e-04,0.677,0.014,19571
1601,4.82129,4.71207,3.297e-04,0.751,0.020,19502
1602,4.95515,4.71207,3.294e-04,0.751,0.019,19579
1603,4.72331,4.71207,3.291e-04,0.726,0.021,19564
1604,4.84319,4.71207,3.288e-04,0.703,0.021,19530
1605,4.90908,4.71207,3.285e-04,0.702,0.021,19572
1606,4.75102,4.71207,3.282e-04,0.706,0.018,19600
1607,4.85310,4.71207,3.279e-04,0.681,0.017,19537
1608,4.63309,4.71207,3.276e-04,0.745,0.020,19587
1609,4.96251,4.71207,3.273e-04,0.781,0.021,19582
1610,4.79916,4.71207,3.270e-04,0.771,0.019,19531
1611,4.69787,4.71207,3.267e-04,0.687,0.017,19578
1612,4.72244,4.71207,3.264e-04,0.740,0.019,19609
1613,4.73209,4.71207,3.261e-04,0.741,0.017,19509
1614,4.89194,4.71207,3.258e-04,0.699,0.018,19590
1615,4.78654,4.71207,3.255e-04,0.702,0.017,19611
1616,4.59504,4.71207,3.252e-04,0.679,0.016,19519
1617,4.67741,4.71207,3.249e-04,0.679,0.017,19583
1618,4.90720,4.71207,3.245e-04,0.654,0.015,19580
1619,4.82741,4.71207,3.242e-04,0.673,0.018,19526
1620,4.77125,4.71207,3.239e-04,0.704,0.017,19578
1621,4.67672,4.71207,3.236e-04,0.676,0.016,19547
1622,4.59773,4.71207,3.233e-04,0.705,0.015,19509
1623,4.79273,4.71207,3.230e-04,0.684,0.014,19578
1624,4.85237,4.71207,3.227e-04,0.749,0.017,19568
1625,4.61750,4.71207,3.224e-04,0.651,0.018,19534
1626,4.76378,4.71207,3.221e-04,0.723,0.017,19577
1627,4.83268,4.71207,3.218e-04,0.682,0.016,19580
1628,4.54224,4.71207,3.215e-04,0.688,0.016,19548
1629,4.64398,4.71207,3.212e-04,0.654,0.015,19556
1630,4.61713,4.71207,3.209e-04,0.637,0.018,19609
1631,4.85231,4.71207,3.206e-04,0.722,0.020,19539
1632,4.82509,4.71207,3.203e-04,0.664,0.016,19563
1633,4.63533,4.71207,3.200e-04,0.660,0.013,19591
1634,4.88545,4.71207,3.197e-04,0.684,0.018,19557
1635,4.65866,4.71207,3.194e-04,0.695,0.019,19529
1636,4.71662,4.71207,3.191e-04,0.644,0.014,19588
1637,4.88153,4.71207,3.188e-04,0.727,0.019,19595
1638,4.74091,4.71207,3.185e-04,0.666,0.018,19541
1639,4.81539,4.71207,3.182e-04,0.697,0.014,19560
1640,4.75573,4.71207,3.179e-04,0.724,0.018,19578
1641,4.72553,4.71207,3.176e-04,0.674,0.017,19544
1642,4.65827,4.71207,3.173e-04,0.705,0.018,19577
1643,4.75134,4.71207,3.170e-04,0.741,0.017,19573
1644,4.59759,4.71207,3.167e-04,0.698,0.017,19524
1645,4.72816,4.71207,3.164e-04,0.771,0.026,19566
1646,4.64629,4.71207,3.161e-04,0.712,0.014,19576
1647,4.75962,4.71207,3.158e-04,0.699,0.024,19525
1648,4.82750,4.71207,3.155e-04,0.700,0.017,19581
1649,4.66997,4.71207,3.152e-04,0.703,0.017,19575
1650,4.63402,4.71207,3.149e-04,0.663,0.016,19514
1651,4.75411,4.71207,3.146e-04,0.657,0.017,19599
1652,4.97601,4.71207,3.143e-04,0.702,0.017,19564
1653,4.68386,4.71207,3.140e-04,0.759,0.018,19534
1654,4.61922,4.71207,3.137e-04,0.667,0.015,19575
1655,4.62620,4.71207,3.133e-04,0.716,0.016,19606
1656,4.96241,4.71207,3.130e-04,0.747,0.018,19530
1657,4.72340,4.71207,3.127e-04,0.694,0.017,19585
1658,4.59664,4.71207,3.124e-04,0.763,0.018,19595
1659,4.50495,4.71207,3.121e-04,0.707,0.017,19493
1660,4.74605,4.71207,3.118e-04,0.788,0.019,19600
1661,4.68364,4.71207,3.115e-04,0.720,0.018,19577
1662,4.65202,4.71207,3.112e-04,0.738,0.018,19535
1663,4.80277,4.71207,3.109e-04,0.754,0.015,19588
1664,4.74732,4.71207,3.106e-04,0.661,0.016,19610
1665,4.61103,4.71207,3.103e-04,0.750,0.017,19543
1666,4.61633,4.71207,3.100e-04,0.771,0.016,19585
1667,4.75000,4.71207,3.097e-04,0.701,0.016,19616
1668,4.85220,4.71207,3.094e-04,0.722,0.017,19524
1669,4.68279,4.71207,3.091e-04,0.679,0.015,19549
1670,4.75644,4.71207,3.088e-04,0.691,0.015,19608
1671,4.67869,4.71207,3.085e-04,0.664,0.018,19530
1672,4.79470,4.71207,3.082e-04,0.709,0.016,19529
1673,4.68891,4.71207,3.079e-04,0.683,0.016,19565
1674,4.81331,4.71207,3.076e-04,0.666,0.016,19563
1675,4.71053,4.71207,3.073e-04,0.723,0.019,19528
1676,4.57878,4.71207,3.070e-04,0.691,0.016,19605
1677,4.63812,4.71207,3.067e-04,0.701,0.017,19555
1678,4.88992,4.71207,3.064e-04,0.701,0.016,19536
1679,4.72207,4.71207,3.061e-04,0.666,0.014,19587
1680,4.52178,4.71207,3.058e-04,0.745,0.017,19560
1681,4.79816,4.71207,3.055e-04,0.718,0.018,19514
1682,4.89661,4.71207,3.052e-04,0.731,0.024,19574
1683,4.72798,4.71207,3.049e-04,0.828,0.020,19562
1684,4.65969,4.71207,3.046e-04,0.695,0.015,19503
1685,5.00528,4.71207,3.043e-04,0.664,0.015,19583
1686,4.71080,4.71207,3.040e-04,0.713,0.016,19594
1687,4.52369,4.71207,3.037e-04,0.652,0.017,19521
1688,4.76425,4.71207,3.034e-04,0.751,0.019,19584
1689,4.76555,4.71207,3.031e-04,0.696,0.015,19553
1690,4.86307,4.71207,3.028e-04,0.701,0.017,19517
1691,4.61585,4.71207,3.025e-04,0.762,0.017,19572
1692,4.80937,4.71207,3.022e-04,0.755,0.020,19591
1693,4.91893,4.71207,3.019e-04,0.748,0.017,19536
1694,4.86593,4.71207,3.016e-04,0.707,0.019,19575
1695,4.74521,4.71207,3.013e-04,0.787,0.021,19586
1696,4.91155,4.71207,3.010e-04,0.665,0.019,19507
1697,4.42751,4.71207,3.007e-04,0.777,0.024,19604
1698,4.67874,4.71207,3.004e-04,0.747,0.019,19602
1699,4.65922,4.71207,3.001e-04,0.715,0.018,19510
1700,4.73469,4.71207,2.998e-04,0.725,0.017,19593
1701,4.72843,4.71207,2.995e-04,0.736,0.019,19561
1702,4.81347,4.71207,2.992e-04,0.697,0.019,19532
1703,4.72849,4.71207,2.989e-04,0.664,0.014,19558
1704,4.65954,4.71207,2.986e-04,0.676,0.015,19580
1705,4.59839,4.71207,2.983e-04,0.739,0.017,19534
1706,4.61313,4.71207,2.980e-04,0.656,0.015,19549
1707,4.77155,4.71207,2.977e-04,0.682,0.015,19583
1708,4.91067,4.71207,2.974e-04,0.677,0.019,19533
1709,4.90745,4.71207,2.971e-04,0.662,0.017,19559
1710,4.45706,4.71207,2.968e-04,0.690,0.021,19583
1711,4.78001,4.71207,2.965e-04,0.671,0.015,19548
1712,4.91260,4.71207,2.962e-04,0.679,0.019,19554
1713,4.72541,4.71207,2.959e-04,0.717,0.022,19583
1714,4.89142,4.71207,2.956e-04,0.657,0.016,19559
1715,4.87621,4.71207,2.953e-04,0.716,0.016,19545
1716,4.82631,4.71207,2.950e-04,0.657,0.016,19594
1717,4.84719,4.71207,2.947e-04,0.671,0.018,19557
1718,4.56031,4.71207,2.944e-04,0.705,0.017,19544
1719,4.74996,4.71207,2.941e-04,0.712,0.017,19595
1720,4.63057,4.71207,2.938e-04,0.705,0.018,19576
1721,4.65981,4.71207,2.935e-04,0.746,0.016,19528
1722,4.79198,4.71207,2.932e-04,0.685,0.016,19583
1723,4.73949,4.71207,2.929e-04,0.685,0.014,19584
1724,4.73498,4.71207,2.926e-04,0.680,0.015,19519
1725,4.73982,4.71207,2.923e-04,0.735,0.016,19576
1726,4.31269,4.71207,2.920e-04,0.707,0.015,19594
1727,4.54211,4.71207,2.917e-04,0.732,0.022,19512
1728,4.61154,4.71207,2.914e-04,0.737,0.019,19572
1729,4.87012,4.71207,2.911e-04,0.693,0.016,19572
1730,4.73265,4.71207,2.908e-04,0.696,0.015,19521
1731,4.56866,4.71207,2.905e-04,0.689,0.016,19567
1732,4.76021,4.71207,2.902e-04,0.681,0.018,19594
1733,4.43327,4.71207,2.899e-04,0.691,0.015,19510
1734,4.77835,4.71207,2.896e-04,0.731,0.017,19572
1735,4.60576,4.71207,2.893e-04,0.691,0.015,19578
1736,4.49955,4.71207,2.890e-04,0.731,0.018,19513
1737,4.57793,4.71207,2.887e-04,0.662,0.017,19574
1738,4.66164,4.71207,2.884e-04,0.694,0.016,19571
1739,4.65091,4.71207,2.881e-04,0.719,0.016,19511
1740,4.95918,4.71207,2.878e-04,0.783,0.018,19576
1741,4.67549,4.71207,2.875e-04,0.687,0.017,19590
1742,4.92556,4.71207,2.872e-04,0.739,0.017,19539
1743,4.78823,4.71207,2.869e-04,0.722,0.018,19573
1744,4.76901,4.71207,2.866e-04,0.723,0.016,19590
1745,4.69373,4.71207,2.863e-04,0.671,0.016,19535
1746,4.63410,4.71207,2.860e-04,0.746,0.018,19573
1747,4.69094,4.71207,2.857e-04,0.690,0.018,19602
1748,4.67795,4.71207,2.854e-04,0.795,0.017,19530
1749,4.75394,4.71207,2.851e-04,0.700,0.017,19583
1750,4.87976,4.58039,2.848e-04,0.784,0.020,6126
1751,4.63456,4.58039,2.845e-04,0.789,0.019,19842
1752,4.44541,4.58039,2.842e-04,0.736,0.019,19606
1753,4.54834,4.58039,2.839e-04,0.853,0.023,19530
1754,4.83459,4.58039,2.836e-04,0.744,0.017,19551
1755,4.70690,4.58039,2.833e-04,0.794,0.027,19597
1756,4.78035,4.58039,2.830e-04,0.758,0.020,19552
1757,4.56455,4.58039,2.827e-04,0.701,0.016,19552
1758,4.90655,4.58039,2.824e-04,0.713,0.018,19588
1759,4.48480,4.58039,2.821e-04,0.741,0.017,19572
1760,4.49829,4.58039,2.818e-04,0.700,0.016,19516
1761,4.65492,4.58039,2.815e-04,0.709,0.016,19586
1762,4.53664,4.58039,2.812e-04,0.690,0.017,19571
1763,4.42353,4.58039,2.809e-04,0.692,0.019,19507
1764,4.53091,4.58039,2.806e-04,0.737,0.017,19590
1765,4.56491,4.58039,2.803e-04,0.675,0.015,19569
1766,4.61541,4.58039,2.800e-04,0.827,0.018,19512
1767,4.66447,4.58039,2.797e-04,0.665,0.015,19602
1768,4.58481,4.58039,2.794e-04,0.733,0.020,19567
1769,4.55690,4.58039,2.791e-04,0.687,0.015,19523
1770,4.65967,4.58039,2.788e-04,0.700,0.018,19586
1771,4.58553,4.58039,2.785e-04,0.751,0.019,19591
1772,4.73110,4.58039,2.782e-04,0.706,0.016,19484
1773,4.79234,4.58039,2.779e-04,0.642,0.019,19592
1774,4.72429,4.58039,2.776e-04,0.751,0.019,19563
1775,4.69160,4.58039,2.773e-04,0.731,0.018,19483
1776,4.35339,4.58039,2.770e-04,0.735,0.023,19572
1777,4.92284,4.58039,2.767e-04,0.730,0.019,19605
1778,4.61503,4.58039,2.764e-04,0.703,0.018,19520
1779,4.70033,4.58039,2.761e-04,0.733,0.017,19577
1780,4.83350,4.58039,2.758e-04,0.771,0.017,19602
1781,4.62734,4.58039,2.755e-04,0.738,0.017,19510
1782,4.45553,4.58039,2.752e-04,0.717,0.016,19575
1783,4.62420,4.58039,2.750e-04,0.664,0.014,19588
1784,4.80537,4.58039,2.747e-04,0.751,0.017,19530
1785,4.77115,4.58039,2.744e-04,0.682,0.015,19569
1786,4.67347,4.58039,2.741e-04,0.663,0.017,19580
1787,4.46737,4.58039,2.738e-04,0.777,0.023,19558
1788,4.73468,4.58039,2.735e-04,0.712,0.017,19542
1789,4.69159,4.58039,2.732e-04,0.759,0.018,19586
1790,4.74844,4.58039,2.729e-04,0.742,0.021,19517
1791,4.78622,4.58039,2.726e-04,0.704,0.018,19547
1792,4.52013,4.58039,2.723e-04,0.711,0.016,19609
1793,4.57142,4.58039,2.720e-04,0.706,0.016,19538
1794,4.73334,4.58039,2.717e-04,0.669,0.016,19555
1795,4.60328,4.58039,2.714e-04,0.710,0.018,19601
1796,4.88962,4.58039,2.711e-04,0.756,0.018,19589
1797,4.47346,4.58039,2.708e-04,0.821,0.021,19529
1798,4.79170,4.58039,2.705e-04,0.710,0.017,19611
1799,4.67099,4.58039,2.702e-04,0.710,0.018,19566
1800,4.61729,4.58039,2.699e-04,0.793,0.018,19546
1801,4.73819,4.58039,2.696e-04,0.757,0.015,19582
1802,4.79051,4.58039,2.693e-04,0.705,0.017,19575
1803,4.61173,4.58039,2.690e-04,0.760,0.018,19528
1804,5.03533,4.58039,2.687e-04,0.707,0.019,19591
1805,4.77920,4.58039,2.684e-04,0.697,0.017,19564
1806,4.79086,4.58039,2.681e-04,0.685,0.015,19529
1807,4.66740,4.58039,2.679e-04,0.732,0.016,19616
1808,4.76996,4.58039,2.676e-04,0.758,0.019,19564
1809,4.68716,4.58039,2.673e-04,0.718,0.019,19511
1810,4.58383,4.58039,2.670e-04,0.798,0.024,19587
1811,4.67274,4.58039,2.667e-04,0.715,0.017,19579
1812,4.89471,4.58039,2.664e-04,0.741,0.019,19519
1813,4.73230,4.58039,2.661e-04,0.690,0.018,19585
1814,4.56332,4.58039,2.658e-04,0.684,0.015,19551
1815,4.45717,4.58039,2.655e-04,0.727,0.016,19535
1816,4.70599,4.58039,2.652e-04,0.716,0.020,19569
1817,4.65104,4.58039,2.649e-04,0.677,0.023,19600
1818,4.73873,4.58039,2.646e-04,0.741,0.018,19540
1819,4.70033,4.58039,2.643e-04,0.696,0.018,19576
1820,4.81389,4.58039,2.640e-04,0.699,0.017,19589
1821,4.75076,4.58039,2.637e-04,0.675,0.016,19510
1822,4.46914,4.58039,2.634e-04,0.680,0.017,19560
1823,4.54862,4.58039,2.631e-04,0.670,0.015,19575
1824,4.59831,4.58039,2.629e-04,0.690,0.017,19548
1825,4.71347,4.58039,2.626e-04,0.641,0.017,19575
1826,4.80606,4.58039,2.623e-04,0.662,0.014,19584
1827,4.51110,4.58039,2.620e-04,0.684,0.015,19531
1828,4.80045,4.58039,2.617e-04,0.659,0.013,19580
1829,4.59240,4.58039,2.614e-04,0.701,0.017,19611
1830,4.66992,4.58039,2.611e-04,0.665,0.014,19559
1831,4.48725,4.58039,2.608e-04,0.718,0.015,19555
1832,4.55317,4.58039,2.605e-04,0.706,0.015,19605
1833,4.49693,4.58039,2.602e-04,0.746,0.018,19567
1834,4.77521,4.58039,2.599e-04,0.702,0.015,19547
1835,4.77039,4.58039,2.596e-04,0.751,0.016,19602
1836,4.86391,4.58039,2.593e-04,0.835,0.018,19571
1837,4.79916,4.58039,2.590e-04,0.750,0.017,19522
1838,4.54177,4.58039,2.588e-04,0.721,0.016,19605
1839,4.67262,4.58039,2.585e-04,0.743,0.015,19563
1840,4.89609,4.58039,2.582e-04,0.815,0.018,19561
1841,4.42311,4.58039,2.579e-04,0.676,0.016,19590
1842,4.66501,4.58039,2.576e-04,0.711,0.018,19571
1843,4.50042,4.58039,2.573e-04,0.727,0.020,19530
1844,4.59876,4.58039,2.570e-04,0.692,0.017,19618
1845,4.72170,4.58039,2.567e-04,0.735,0.017,19566
1846,4.66882,4.58039,2.564e-04,0.717,0.018,19523
1847,4.61371,4.58039,2.561e-04,0.683,0.015,19559
1848,4.80819,4.58039,2.558e-04,0.739,0.017,19612
1849,4.62887,4.58039,2.555e-04,0.737,0.017,19524
1850,4.58694,4.58039,2.553e-04,0.813,0.019,19617
1851,4.59218,4.58039,2.550e-04,0.679,0.017,19581
1852,4.49600,4.58039,2.547e-04,0.818,0.017,19526
1853,4.38606,4.58039,2.544e-04,0.732,0.015,19614
1854,4.56907,4.58039,2.541e-04,0.704,0.018,19595
1855,4.67451,4.58039,2.538e-04,0.810,0.016,19504
1856,4.76883,4.58039,2.535e-04,0.732,0.016,19587
1857,4.65818,4.58039,2.532e-04,0.709,0.017,19603
1858,4.75480,4.58039,2.529e-04,0.749,0.017,19519
1859,4.59064,4.58039,2.526e-04,0.693,0.014,19570
1860,4.70022,4.58039,2.523e-04,0.735,0.018,19596
1861,4.54359,4.58039,2.521e-04,0.835,0.019,19514
1862,4.67760,4.58039,2.518e-04,0.695,0.015,19593
1863,4.66073,4.58039,2.515e-04,0.752,0.018,19580
1864,4.52494,4.58039,2.512e-04,0.717,0.017,19505
1865,4.89606,4.58039,2.509e-04,0.711,0.018,19593
1866,4.69101,4.58039,2.506e-04,0.698,0.018,19596
1867,4.49277,4.58039,2.503e-04,0.687,0.017,19546
1868,4.68385,4.58039,2.500e-04,0.707,0.019,19575
1869,4.61916,4.58039,2.497e-04,0.758,0.018,19594
1870,4.60282,4.58039,2.495e-04,0.649,0.015,19540
1871,4.48215,4.58039,2.492e-04,0.715,0.018,19549
1872,4.53085,4.58039,2.489e-04,0.704,0.014,19604
1873,4.49084,4.58039,2.486e-04,0.672,0.016,19535
1874,4.55568,4.58039,2.483e-04,0.694,0.018,19521
1875,4.60624,4.58039,2.480e-04,0.676,0.015,19598
1876,4.61310,4.58039,2.477e-04,0.714,0.018,19561
1877,4.80129,4.58039,2.474e-04,0.655,0.013,19580
1878,4.43296,4.58039,2.471e-04,0.760,0.016,19566
1879,4.59419,4.58039,2.469e-04,0.663,0.018,19558
1880,4.51163,4.58039,2.466e-04,0.733,0.015,19521
1881,4.70989,4.58039,2.463e-04,0.678,0.015,19598
1882,4.72114,4.58039,2.460e-04,0.795,0.013,19566
1883,4.64698,4.58039,2.457e-04,0.650,0.014,19536
1884,4.61031,4.58039,2.454e-04,0.717,0.020,19602
1885,4.43049,4.58039,2.451e-04,0.780,0.017,19575
1886,4.66614,4.58039,2.448e-04,0.719,0.026,19529
1887,4.64555,4.58039,2.446e-04,0.738,0.014,19603
1888,4.52481,4.58039,2.443e-04,0.706,0.016,19575
1889,4.47479,4.58039,2.440e-04,0.803,0.021,19503
1890,4.84064,4.58039,2.437e-04,0.746,0.016,19601
1891,4.57362,4.58039,2.434e-04,0.774,0.016,19567
1892,4.57889,4.58039,2.431e-04,0.684,0.019,19504
1893,4.54789,4.58039,2.428e-04,0.706,0.018,19594
1894,4.77123,4.58039,2.425e-04,0.735,0.016,19556
1895,4.64776,4.58039,2.423e-04,0.696,0.017,19503
1896,4.53132,4.58039,2.420e-04,0.674,0.014,19601
1897,4.38238,4.58039,2.417e-04,0.711,0.015,19609
1898,4.64759,4.58039,2.414e-04,0.678,0.015,19530
1899,4.53092,4.58039,2.411e-04,0.634,0.014,19583
1900,4.43111,4.58039,2.408e-04,0.672,0.017,19586
1901,4.64714,4.58039,2.405e-04,0.701,0.014,19513
1902,4.70408,4.58039,2.403e-04,0.734,0.017,19560
1903,4.50619,4.58039,2.400e-04,0.672,0.014,19582
1904,4.54082,4.58039,2.397e-04,0.723,0.016,19527
1905,4.67020,4.58039,2.394e-04,0.752,0.016,19568
1906,4.51427,4.58039,2.391e-04,0.639,0.014,19557
1907,4.71698,4.58039,2.388e-04,0.656,0.013,19541
1908,4.69473,4.58039,2.385e-04,0.758,0.017,19573
1909,4.52376,4.58039,2.383e-04,0.738,0.017,19587
1910,4.63876,4.58039,2.380e-04,0.641,0.014,19526
1911,4.73104,4.58039,2.377e-04,0.679,0.016,19559
1912,4.60595,4.58039,2.374e-04,0.670,0.013,19571
1913,4.44680,4.58039,2.371e-04,0.674,0.017,19550
1914,4.73270,4.58039,2.368e-04,0.708,0.015,19546
1915,4.47208,4.58039,2.365e-04,0.713,0.017,19600
1916,4.68211,4.58039,2.363e-04,0.673,0.015,19576
1917,4.43605,4.58039,2.360e-04,0.717,0.017,19524
1918,4.43719,4.58039,2.357e-04,0.704,0.016,19583
1919,4.64420,4.58039,2.354e-04,0.675,0.016,19596
1920,4.65241,4.58039,2.351e-04,0.686,0.018,19549
1921,4.65759,4.58039,2.348e-04,0.692,0.016,19580
1922,4.64776,4.58039,2.346e-04,0.661,0.015,19559
1923,4.48507,4.58039,2.343e-04,0.696,0.015,19532
1924,4.54230,4.58039,2.340e-04,0.701,0.016,19593
1925,4.61488,4.58039,2.337e-04,0.650,0.014,19584
1926,4.45241,4.58039,2.334e-04,0.759,0.017,19535
1927,4.55072,4.58039,2.331e-04,0.676,0.013,19563
1928,4.47241,4.58039,2.329e-04,0.700,0.015,19578
1929,4.68489,4.58039,2.326e-04,0.732,0.017,19501
1930,4.67126,4.58039,2.323e-04,0.702,0.018,19575
1931,4.60601,4.58039,2.320e-04,0.750,0.020,19592
1932,4.85642,4.58039,2.317e-04,0.685,0.014,19518
1933,4.72096,4.58039,2.315e-04,0.722,0.020,19589
1934,4.73638,4.58039,2.312e-04,0.849,0.022,19566
1935,4.50634,4.58039,2.309e-04,0.714,0.016,19523
1936,4.64836,4.58039,2.306e-04,0.798,0.016,19573
1937,4.74395,4.58039,2.303e-04,0.718,0.016,19592
1938,4.35993,4.58039,2.300e-04,0.828,0.018,19500
1939,4.64746,4.58039,2.298e-04,0.729,0.015,19582
1940,4.35209,4.58039,2.295e-04,0.714,0.018,19575
1941,4.59665,4.58039,2.292e-04,0.726,0.016,19494
1942,4.76366,4.58039,2.289e-04,0.797,0.018,19573
1943,4.66641,4.58039,2.286e-04,0.652,0.014,19575
1944,4.75588,4.58039,2.284e-04,0.722,0.017,19523
1945,4.63829,4.58039,2.281e-04,0.786,0.019,19576
1946,4.46426,4.58039,2.278e-04,0.672,0.015,19572
1947,4.48117,4.58039,2.275e-04,0.688,0.016,19518
1948,4.70853,4.58039,2.272e-04,0.736,0.017,19571
1949,4.55368,4.58039,2.270e-04,0.762,0.017,19591
1950,4.64075,4.58039,2.267e-04,0.708,0.018,19537
1951,4.61825,4.58039,2.264e-04,0.718,0.017,19545
1952,4.53792,4.58039,2.261e-04,0.740,0.018,19583
1953,4.58578,4.58039,2.258e-04,0.713,0.016,19537
1954,4.56233,4.58039,2.256e-04,0.755,0.017,19558
1955,4.61410,4.58039,2.253e-04,0.669,0.015,19566
1956,4.50689,4.58039,2.250e-04,0.683,0.016,19547
1957,4.69579,4.58039,2.247e-04,0.733,0.016,19507
1958,4.48093,4.58039,2.244e-04,0.672,0.014,19574
1959,4.56777,4.58039,2.242e-04,0.719,0.019,19563
1960,4.64878,4.58039,2.239e-04,0.732,0.017,19512
1961,4.62938,4.58039,2.236e-04,0.689,0.015,19576
1962,4.48337,4.58039,2.233e-04,0.687,0.015,19557
1963,4.50371,4.58039,2.230e-04,0.721,0.018,19527
1964,4.61831,4.58039,2.228e-04,0.666,0.015,19582
1965,4.70601,4.58039,2.225e-04,0.735,0.017,19598
1966,4.69616,4.58039,2.222e-04,0.671,0.014,19523
1967,4.80531,4.58039,2.219e-04,0.699,0.018,19570
1968,4.64986,4.58039,2.217e-04,0.707,0.016,19566
1969,4.63966,4.58039,2.214e-04,0.708,0.015,19510
1970,4.55240,4.58039,2.211e-04,0.682,0.016,19575
1971,4.56953,4.58039,2.208e-04,0.697,0.017,19547
1972,4.79141,4.58039,2.206e-04,0.715,0.018,19527
1973,4.51146,4.58039,2.203e-04,0.741,0.017,19560
1974,4.58797,4.58039,2.200e-04,0.728,0.021,19578
1975,4.64955,4.58039,2.197e-04,0.734,0.016,19504
1976,4.42374,4.58039,2.194e-04,0.728,0.017,19606
1977,4.76329,4.58039,2.192e-04,0.753,0.016,19559
1978,4.77254,4.58039,2.189e-04,0.713,0.015,19542
1979,4.63739,4.58039,2.186e-04,0.784,0.014,19580
1980,4.59278,4.58039,2.183e-04,0.665,0.015,19559
1981,4.39544,4.58039,2.181e-04,0.742,0.017,19546
1982,4.60825,4.58039,2.178e-04,0.673,0.015,19569
1983,4.77985,4.58039,2.175e-04,0.701,0.014,19587
1984,4.68524,4.58039,2.172e-04,0.671,0.015,19522
1985,4.63282,4.58039,2.170e-04,0.702,0.016,19570
1986,4.79999,4.58039,2.167e-04,0.724,0.017,19595
1987,4.60772,4.58039,2.164e-04,0.709,0.016,19520
1988,4.67146,4.58039,2.161e-04,0.633,0.014,19536
1989,4.53357,4.58039,2.159e-04,0.719,0.016,19593
1990,4.58991,4.58039,2.156e-04,0.699,0.015,19535
1991,4.58662,4.58039,2.153e-04,0.711,0.017,19553
1992,4.35224,4.58039,2.150e-04,0.763,0.018,19582
1993,4.74393,4.58039,2.148e-04,0.723,0.015,19572
1994,4.49117,4.58039,2.145e-04,0.666,0.014,19545
1995,4.71911,4.58039,2.142e-04,0.743,0.018,19602
1996,4.59130,4.58039,2.139e-04,0.718,0.016,19550
1997,4.49867,4.58039,2.137e-04,0.735,0.017,19563
1998,4.50886,4.58039,2.134e-04,0.656,0.019,19566
1999,4.65474,4.58039,2.131e-04,0.744,0.016,19582
2000,4.58678,4.46733,2.129e-04,0.710,0.016,6122
2001,4.49620,4.46733,2.126e-04,0.714,0.021,19883
2002,4.48032,4.46733,2.123e-04,0.763,0.018,19523
2003,4.55914,4.46733,2.120e-04,0.697,0.015,19598
2004,4.45808,4.46733,2.118e-04,0.735,0.020,19592
2005,4.48562,4.46733,2.115e-04,0.667,0.017,19526
2006,4.49866,4.46733,2.112e-04,0.741,0.018,19595
2007,4.60710,4.46733,2.109e-04,0.700,0.015,19587
2008,4.45989,4.46733,2.107e-04,0.752,0.017,19512
2009,4.59360,4.46733,2.104e-04,0.697,0.016,19578
2010,4.41527,4.46733,2.101e-04,0.737,0.018,19574
2011,4.64945,4.46733,2.099e-04,0.731,0.015,19525
2012,4.27489,4.46733,2.096e-04,0.790,0.018,19587
2013,4.56122,4.46733,2.093e-04,0.671,0.019,19585
2014,4.70427,4.46733,2.090e-04,0.716,0.016,19525
2015,4.63542,4.46733,2.088e-04,0.693,0.017,19577
2016,4.39068,4.46733,2.085e-04,0.670,0.015,19586
2017,4.51749,4.46733,2.082e-04,0.685,0.014,19542
2018,4.40679,4.46733,2.080e-04,0.692,0.016,19596
2019,4.77313,4.46733,2.077e-04,0.728,0.015,19585
2020,4.32672,4.46733,2.074e-04,0.730,0.017,19520
2021,4.58657,4.46733,2.072e-04,0.751,0.016,19573
2022,4.44489,4.46733,2.069e-04,0.684,0.015,19593
2023,4.35722,4.46733,2.066e-04,0.699,0.015,19529
2024,4.67958,4.46733,2.063e-04,0.682,0.016,19572
2025,4.69695,4.46733,2.061e-04,0.692,0.016,19590
2026,4.64048,4.46733,2.058e-04,0.706,0.013,19538
2027,4.45957,4.46733,2.055e-04,0.710,0.015,19588
2028,4.56968,4.46733,2.053e-04,0.790,0.015,19586
2029,4.42689,4.46733,2.050e-04,0.708,0.015,19559
2030,4.65693,4.46733,2.047e-04,0.764,0.017,19538
2031,4.73082,4.46733,2.045e-04,0.781,0.016,19594
2032,4.60185,4.46733,2.042e-04,0.704,0.015,19559
2033,4.55523,4.46733,2.039e-04,0.757,0.014,19562
2034,4.42178,4.46733,2.037e-04,0.720,0.015,19577
2035,4.55802,4.46733,2.034e-04,0.773,0.019,19551
2036,4.68027,4.46733,2.031e-04,0.776,0.016,19531
2037,4.68501,4.46733,2.029e-04,0.737,0.015,19601
2038,4.42893,4.46733,2.026e-04,0.768,0.016,19586
2039,4.39076,4.46733,2.023e-04,0.676,0.013,19527
2040,4.59887,4.46733,2.021e-04,0.824,0.017,19583
2041,4.67423,4.46733,2.018e-04,0.744,0.017,19563
2042,4.48638,4.46733,2.015e-04,0.764,0.016,19529
2043,4.37077,4.46733,2.013e-04,0.704,0.016,19590
2044,4.45402,4.46733,2.010e-04,0.679,0.015,19585
2045,4.48772,4.46733,2.007e-04,0.795,0.016,19564
2046,4.41601,4.46733,2.005e-04,0.737,0.017,19585
2047,4.81618,4.46733,2.002e-04,0.705,0.016,19598
2048,4.59438,4.46733,1.999e-04,0.734,0.015,19526
2049,4.57800,4.46733,1.997e-04,0.753,0.017,19600
2050,4.61315,4.46733,1.994e-04,0.729,0.016,19590
2051,4.49360,4.46733,1.991e-04,0.726,0.014,19528
2052,4.81888,4.46733,1.989e-04,0.650,0.013,19581
2053,4.65330,4.46733,1.986e-04,0.697,0.013,19597
2054,4.52215,4.46733,1.983e-04,0.729,0.018,19530
2055,4.45958,4.46733,1.981e-04,0.714,0.018,19576
2056,4.59045,4.46733,1.978e-04,0.728,0.015,19600
2057,4.47619,4.46733,1.975e-04,0.773,0.015,19491
2058,4.68293,4.46733,1.973e-04,0.750,0.017,19578
2059,4.38991,4.46733,1.970e-04,0.697,0.014,19582
2060,4.50793,4.46733,1.968e-04,0.726,0.013,19513
2061,4.69215,4.46733,1.965e-04,0.827,0.018,19563
2062,4.61794,4.46733,1.962e-04,0.677,0.013,19582
2063,4.61759,4.46733,1.960e-04,0.728,0.015,19521
2064,4.79457,4.46733,1.957e-04,0.764,0.015,19559
2065,4.26687,4.46733,1.954e-04,0.736,0.015,19582
2066,4.27262,4.46733,1.952e-04,0.742,0.017,19519
2067,4.56089,4.46733,1.949e-04,0.707,0.017,19562
2068,4.71077,4.46733,1.947e-04,0.764,0.015,19564
2069,4.47396,4.46733,1.944e-04,0.727,0.018,19544
2070,4.62808,4.46733,1.941e-04,0.701,0.015,19561
2071,4.42188,4.46733,1.939e-04,0.706,0.014,19599
2072,4.52765,4.46733,1.936e-04,0.729,0.018,19547
2073,4.44258,4.46733,1.933e-04,0.693,0.015,19550
2074,4.31844,4.46733,1.931e-04,0.700,0.015,19575
2075,4.38051,4.46733,1.928e-04,0.712,0.015,19567
2076,4.62872,4.46733,1.926e-04,0.696,0.015,19561
2077,4.68447,4.46733,1.923e-04,0.649,0.014,19568
2078,4.51733,4.46733,1.920e-04,0.745,0.019,19548
2079,4.54166,4.46733,1.918e-04,0.773,0.015,19504
2080,4.50052,4.46733,1.915e-04,0.738,0.020,19591
2081,4.29410,4.46733,1.913e-04,0.697,0.015,19581
2082,4.56385,4.46733,1.910e-04,0.698,0.018,19530
2083,4.62651,4.46733,1.907e-04,0.728,0.019,19566
2084,4.37725,4.46733,1.905e-04,0.730,0.017,19581
2085,4.35054,4.46733,1.902e-04,0.777,0.015,19499
2086,4.39453,4.46733,1.900e-04,0.742,0.015,19564
2087,4.35933,4.46733,1.897e-04,0.689,0.015,19599
2088,4.55043,4.46733,1.894e-04,0.699,0.015,19497
2089,4.39531,4.46733,1.892e-04,0.693,0.015,19627
2090,4.68056,4.46733,1.889e-04,0.696,0.016,19580
2091,4.63931,4.46733,1.887e-04,0.679,0.016,19536
2092,4.41407,4.46733,1.884e-04,0.667,0.014,19591
2093,4.51239,4.46733,1.882e-04,0.657,0.014,19591
2094,4.61292,4.46733,1.879e-04,0.718,0.017,19492
2095,4.40725,4.46733,1.876e-04,0.751,0.014,19569
2096,4.64001,4.46733,1.874e-04,0.743,0.016,19572
2097,4.38284,4.46733,1.871e-04,0.704,0.014,19519
2098,4.56020,4.46733,1.869e-04,0.678,0.016,19582
2099,4.65242,4.46733,1.866e-04,0.732,0.019,19559
2100,4.52913,4.46733,1.864e-04,0.728,0.016,19535
2101,4.57845,4.46733,1.861e-04,0.677,0.015,19584
2102,4.45918,4.46733,1.858e-04,0.728,0.016,19583
2103,4.20280,4.46733,1.856e-04,0.750,0.018,19537
2104,4.68394,4.46733,1.853e-04,0.736,0.018,19581
2105,4.68071,4.46733,1.851e-04,0.751,0.020,19591
2106,4.53120,4.46733,1.848e-04,0.737,0.014,19544
2107,4.64310,4.46733,1.846e-04,0.695,0.014,19574
2108,4.66604,4.46733,1.843e-04,0.718,0.017,19585
2109,4.48023,4.46733,1.841e-04,0.828,0.018,19530
2110,4.73709,4.46733,1.838e-04,0.726,0.013,19546
2111,4.59610,4.46733,1.835e-04,0.786,0.019,19555
2112,4.48131,4.46733,1.833e-04,0.760,0.015,19557
2113,4.59279,4.46733,1.830e-04,0.759,0.017,19546
2114,4.33846,4.46733,1.828e-04,0.758,0.017,19560
2115,4.36541,4.46733,1.825e-04,0.746,0.016,19535
2116,4.44634,4.46733,1.823e-04,0.730,0.015,19528
2117,4.42111,4.46733,1.820e-04,0.742,0.014,19576
2118,4.46184,4.46733,1.818e-04,0.728,0.014,19575
2119,4.35594,4.46733,1.815e-04,0.716,0.015,19534
2120,4.57422,4.46733,1.813e-04,0.732,0.015,19579
2121,4.32539,4.46733,1.810e-04,0.710,0.017,19564
2122,4.40364,4.46733,1.808e-04,0.734,0.018,19552
2123,4.57965,4.46733,1.805e-04,0.722,0.015,19598
2124,4.38559,4.46733,1.802e-04,0.716,0.017,19568
2125,4.56744,4.46733,1.800e-04,0.722,0.020,19512
2126,4.70707,4.46733,1.797e-04,0.728,0.018,19592
2127,4.44059,4.46733,1.795e-04,0.745,0.017,19573
2128,4.36977,4.46733,1.792e-04,0.720,0.014,19516
2129,4.87210,4.46733,1.790e-04,0.748,0.016,19583
2130,4.48720,4.46733,1.787e-04,0.745,0.016,19552
2131,4.57548,4.46733,1.785e-04,0.747,0.014,19513
2132,4.49531,4.46733,1.782e-04,0.774,0.016,19568
2133,4.63706,4.46733,1.780e-04,0.739,0.016,19589
2134,4.49701,4.46733,1.777e-04,0.755,0.015,19507
2135,4.50245,4.46733,1.775e-04,0.692,0.016,19569
2136,4.44717,4.46733,1.772e-04,0.746,0.016,19571
2137,4.48880,4.46733,1.770e-04,0.753,0.017,19540
2138,4.47209,4.46733,1.767e-04,0.680,0.015,19594
2139,4.55309,4.46733,1.765e-04,0.773,0.018,19592
2140,4.55016,4.46733,1.762e-04,0.730,0.014,19520
2141,4.54806,4.46733,1.760e-04,0.717,0.015,19545
2142,4.39694,4.46733,1.757e-04,0.737,0.016,19603
2143,4.31563,4.46733,1.755e-04,0.683,0.013,19529
2144,4.39466,4.46733,1.752e-04,0.700,0.014,19582
2145,4.28299,4.46733,1.750e-04,0.711,0.013,19591
2146,4.38878,4.46733,1.747e-04,0.686,0.014,19517
2147,4.55805,4.46733,1.745e-04,0.675,0.015,19540
2148,4.50114,4.46733,1.743e-04,0.679,0.016,19604
2149,4.64310,4.46733,1.740e-04,0.739,0.014,19537
2150,4.66661,4.46733,1.738e-04,0.665,0.015,19538
2151,4.45758,4.46733,1.735e-04,0.716,0.014,19582
2152,4.40209,4.46733,1.733e-04,0.702,0.015,19570
2153,4.52075,4.46733,1.730e-04,0.682,0.015,19527
2154,4.63344,4.46733,1.728e-04,0.702,0.017,19553
2155,4.54181,4.46733,1.725e-04,0.798,0.017,19573
2156,4.50041,4.46733,1.723e-04,0.728,0.015,19507
2157,4.50218,4.46733,1.720e-04,0.695,0.016,19618
2158,4.61324,4.46733,1.718e-04,0.738,0.014,19606
2159,4.51938,4.46733,1.715e-04,0.740,0.013,19475
2160,4.60652,4.46733,1.713e-04,0.664,0.015,19605
2161,4.63007,4.46733,1.711e-04,0.770,0.016,19582
2162,4.58418,4.46733,1.708e-04,0.718,0.015,19509
2163,4.71367,4.46733,1.706e-04,0.698,0.016,19578
2164,4.57490,4.46733,1.703e-04,0.722,0.014,19578
2165,4.48253,4.46733,1.701e-04,0.712,0.016,19527
2166,4.45947,4.46733,1.698e-04,0.738,0.015,19593
2167,4.49315,4.46733,1.696e-04,0.786,0.016,19576
2168,4.31006,4.46733,1.693e-04,0.672,0.014,19500
2169,4.69580,4.46733,1.691e-04,0.713,0.016,19578
2170,4.34907,4.46733,1.689e-04,0.837,0.019,19571
2171,4.54884,4.46733,1.686e-04,0.723,0.015,19492
2172,4.28174,4.46733,1.684e-04,0.760,0.014,19559
2173,4.77476,4.46733,1.681e-04,0.743,0.018,19590
2174,4.58809,4.46733,1.679e-04,0.729,0.015,19506
2175,4.66031,4.46733,1.676e-04,0.718,0.018,19596
2176,4.44808,4.46733,1.674e-04,0.690,0.018,19587
2177,4.40664,4.46733,1.672e-04,0.773,0.018,19519
2178,4.50982,4.46733,1.669e-04,0.740,0.015,19583
2179,4.49005,4.46733,1.667e-04,0.769,0.018,19591
2180,4.67405,4.46733,1.664e-04,0.716,0.019,19519
2181,4.57220,4.46733,1.662e-04,0.754,0.019,19522
2182,4.73089,4.46733,1.660e-04,0.712,0.017,19575
2183,4.50346,4.46733,1.657e-04,0.720,0.013,19532
2184,4.52598,4.46733,1.655e-04,0.759,0.016,19556
2185,4.53588,4.46733,1.652e-04,0.717,0.017,19601
2186,4.61610,4.46733,1.650e-04,0.689,0.013,19550
2187,4.61219,4.46733,1.648e-04,0.759,0.017,19537
2188,4.43071,4.46733,1.645e-04,0.705,0.015,19589
2189,4.61917,4.46733,1.643e-04,0.746,0.016,19547
2190,4.44980,4.46733,1.640e-04,0.707,0.015,19503
2191,4.28789,4.46733,1.638e-04,0.694,0.014,19591
2192,4.62380,4.46733,1.636e-04,0.745,0.014,19561
2193,4.39882,4.46733,1.633e-04,0.738,0.017,19534
2194,4.68848,4.46733,1.631e-04,0.689,0.014,19595
2195,4.44583,4.46733,1.628e-04,0.693,0.014,19564
2196,4.62465,4.46733,1.626e-04,0.757,0.018,19502
2197,4.40825,4.46733,1.624e-04,0.714,0.015,19576
2198,4.43715,4.46733,1.621e-04,0.689,0.014,19605
2199,4.49693,4.46733,1.619e-04,0.691,0.016,19502
2200,4.66447,4.46733,1.617e-04,0.757,0.017,19588
2201,4.47690,4.46733,1.614e-04,0.730,0.015,19582
2202,4.65998,4.46733,1.612e-04,0.723,0.017,19519
2203,4.28049,4.46733,1.609e-04,0.753,0.017,19589
2204,4.58544,4.46733,1.607e-04,0.698,0.019,19549
2205,4.29155,4.46733,1.605e-04,0.729,0.015,19525
2206,4.35841,4.46733,1.602e-04,0.768,0.014,19558
2207,4.54376,4.46733,1.600e-04,0.712,0.014,19591
2208,4.63604,4.46733,1.598e-04,0.743,0.018,19522
2209,4.60313,4.46733,1.595e-04,0.698,0.015,19595
2210,4.51758,4.46733,1.593e-04,0.701,0.014,19604
2211,4.78587,4.46733,1.591e-04,0.740,0.015,19506
2212,4.51975,4.46733,1.588e-04,0.730,0.016,19598
2213,4.54617,4.46733,1.586e-04,0.697,0.016,19577
2214,4.56328,4.46733,1.584e-04,0.748,0.015,19528
2215,4.36824,4.46733,1.581e-04,0.754,0.018,19557
2216,4.27989,4.46733,1.579e-04,0.732,0.015,19594
2217,4.61680,4.46733,1.577e-04,0.691,0.015,19554
2218,4.51747,4.46733,1.574e-04,0.711,0.016,19581
2219,4.36857,4.46733,1.572e-04,0.704,0.014,19576
2220,4.48322,4.46733,1.570e-04,0.744,0.016,19527
2221,4.45053,4.46733,1.567e-04,0.798,0.019,19558
2222,4.18574,4.46733,1.565e-04,0.682,0.015,19586
2223,4.49523,4.46733,1.563e-04,0.709,0.018,19555
2224,4.61912,4.46733,1.560e-04,0.734,0.018,19556
2225,4.63028,4.46733,1.558e-04,0.736,0.015,19589
2226,4.51671,4.46733,1.556e-04,0.782,0.017,19527
2227,4.38218,4.46733,1.553e-04,0.745,0.014,19547
2228,4.32936,4.46733,1.551e-04,0.719,0.017,19583
2229,4.64072,4.46733,1.549e-04,0.762,0.015,19567
2230,4.63774,4.46733,1.546e-04,0.717,0.015,19523
2231,4.41039,4.46733,1.544e-04,0.765,0.017,19609
2232,4.56760,4.46733,1.542e-04,0.793,0.019,19584
2233,4.56823,4.46733,1.540e-04,0.686,0.015,19539
2234,4.43098,4.46733,1.537e-04,0.715,0.015,19593
2235,4.33877,4.46733,1.535e-04,0.702,0.013,19589
2236,4.28210,4.46733,1.533e-04,0.737,0.015,19510
2237,4.51109,4.46733,1.530e-04,0.769,0.017,19604
2238,4.45508,4.46733,1.528e-04,0.673,0.014,19575
2239,4.45290,4.46733,1.526e-04,0.752,0.016,19511
2240,4.44320,4.46733,1.524e-04,0.693,0.016,19605
2241,4.68792,4.46733,1.521e-04,0.682,0.015,19567
2242,4.37949,4.46733,1.519e-04,0.753,0.016,19505
2243,4.59236,4.46733,1.517e-04,0.688,0.014,19569
2244,4.48858,4.46733,1.514e-04,0.740,0.014,19606
2245,4.59485,4.46733,1.512e-04,0.688,0.014,19528
2246,4.53721,4.46733,1.510e-04,0.696,0.014,19615
2247,4.62403,4.46733,1.508e-04,0.700,0.013,19576
2248,4.63385,4.46733,1.505e-04,0.717,0.018,19519
2249,4.57822,4.46733,1.503e-04,0.697,0.014,19579
2250,4.44947,4.37318,1.501e-04,0.706,0.014,6117
2251,4.49543,4.37318,1.499e-04,0.689,0.016,19889
2252,4.47946,4.37318,1.496e-04,0.738,0.015,19604
2253,4.23844,4.37318,1.494e-04,0.740,0.014,19521
2254,4.52607,4.37318,1.492e-04,0.668,0.015,19595
2255,4.47415,4.37318,1.490e-04,0.748,0.017,19580
2256,4.65628,4.37318,1.487e-04,0.830,0.016,19525
2257,4.32154,4.37318,1.485e-04,0.728,0.016,19572
2258,4.44134,4.37318,1.483e-04,0.711,0.016,19561
2259,4.62533,4.37318,1.481e-04,0.774,0.015,19537
2260,4.41593,4.37318,1.478e-04,0.754,0.015,19554
2261,4.46600,4.37318,1.476e-04,0.736,0.016,19547
2262,4.41774,4.37318,1.474e-04,0.685,0.015,19560
2263,4.80748,4.37318,1.472e-04,0.731,0.015,19563
2264,4.62281,4.37318,1.469e-04,0.726,0.019,19599
2265,4.41914,4.37318,1.467e-04,0.669,0.014,19565
2266,4.51491,4.37318,1.465e-04,0.722,0.015,19576
2267,4.40227,4.37318,1.463e-04,0.727,0.015,19567
2268,4.44337,4.37318,1.461e-04,0.746,0.015,19540
2269,4.61298,4.37318,1.458e-04,0.713,0.018,19534
2270,4.47778,4.37318,1.456e-04,0.705,0.015,19567
2271,4.62740,4.37318,1.454e-04,0.763,0.015,19569
2272,4.48284,4.37318,1.452e-04,0.768,0.016,19533
2273,4.41293,4.37318,1.450e-04,0.747,0.015,19613
2274,4.43260,4.37318,1.447e-04,0.721,0.014,19593
2275,4.68046,4.37318,1.445e-04,0.789,0.015,19512
2276,4.30604,4.37318,1.443e-04,0.734,0.015,19579
2277,4.45954,4.37318,1.441e-04,0.710,0.014,19582
2278,4.51599,4.37318,1.439e-04,0.758,0.013,19496
2279,4.44426,4.37318,1.436e-04,0.742,0.019,19591
2280,4.61146,4.37318,1.434e-04,0.784,0.015,19593
2281,4.58580,4.37318,1.432e-04,0.756,0.015,19487
2282,4.54090,4.37318,1.430e-04,0.774,0.023,19574
2283,4.51350,4.37318,1.428e-04,0.820,0.018,19595
2284,4.50590,4.37318,1.425e-04,0.812,0.015,19512
2285,4.55532,4.37318,1.423e-04,0.740,0.015,19580
2286,4.39628,4.37318,1.421e-04,0.747,0.018,19586
2287,4.61551,4.37318,1.419e-04,0.761,0.021,19534
2288,4.43816,4.37318,1.417e-04,0.824,0.016,19594
2289,4.71211,4.37318,1.415e-04,0.715,0.013,19600
2290,4.44999,4.37318,1.412e-04,0.733,0.016,19507
2291,4.26463,4.37318,1.410e-04,0.759,0.017,19595
2292,4.40971,4.37318,1.408e-04,0.725,0.016,19567
2293,4.49737,4.37318,1.406e-04,0.785,0.019,19504
2294,4.44305,4.37318,1.404e-04,0.798,0.016,19584
2295,4.44175,4.37318,1.402e-04,0.739,0.015,19581
2296,4.25821,4.37318,1.399e-04,0.693,0.018,19510
2297,4.40446,4.37318,1.397e-04,0.711,0.020,19565
2298,4.58534,4.37318,1.395e-04,0.743,0.015,19573
2299,4.46314,4.37318,1.393e-04,0.720,0.015,19523
2300,4.55596,4.37318,1.391e-04,0.744,0.018,19576
2301,4.45420,4.37318,1.389e-04,0.773,0.018,19587
2302,4.33088,4.37318,1.387e-04,0.737,0.018,19515
2303,4.52195,4.37318,1.384e-04,0.683,0.014,19548
2304,4.50918,4.37318,1.382e-04,0.753,0.015,19594
2305,4.47929,4.37318,1.380e-04,0.692,0.013,19531
2306,4.53957,4.37318,1.378e-04,0.732,0.014,19545
2307,4.57277,4.37318,1.376e-04,0.703,0.014,19592
2308,4.42208,4.37318,1.374e-04,0.682,0.014,19547
2309,4.65999,4.37318,1.372e-04,0.716,0.014,19566
2310,4.34857,4.37318,1.370e-04,0.721,0.014,19588
2311,4.46009,4.37318,1.367e-04,0.805,0.016,19555
2312,4.55427,4.37318,1.365e-04,0.753,0.016,19541
2313,4.46241,4.37318,1.363e-04,0.766,0.014,19594
2314,4.24001,4.37318,1.361e-04,0.697,0.015,19566
2315,4.23894,4.37318,1.359e-04,0.672,0.015,19555
2316,4.51437,4.37318,1.357e-04,0.703,0.016,19568
2317,4.30062,4.37318,1.355e-04,0.788,0.019,19613
2318,4.39537,4.37318,1.353e-04,0.707,0.013,19523
2319,4.57017,4.37318,1.351e-04,0.674,0.014,19558
2320,4.71837,4.37318,1.348e-04,0.741,0.014,19595
2321,4.35356,4.37318,1.346e-04,0.700,0.016,19479
2322,4.48125,4.37318,1.344e-04,0.726,0.015,19600
2323,4.33396,4.37318,1.342e-04,0.701,0.015,19569
2324,4.20038,4.37318,1.340e-04,0.814,0.017,19538
2325,4.54114,4.37318,1.338e-04,0.777,0.016,19589
2326,4.20391,4.37318,1.336e-04,0.762,0.021,19597
2327,4.30032,4.37318,1.334e-04,0.723,0.018,19396
2328,4.41308,4.37318,1.332e-04,0.749,0.014,19566
2329,4.38243,4.37318,1.330e-04,0.715,0.014,19580
2330,4.23451,4.37318,1.328e-04,0.704,0.018,19476
2331,4.52463,4.37318,1.326e-04,0.702,0.012,19570
2332,4.46161,4.37318,1.324e-04,0.720,0.014,19591
2333,4.50943,4.37318,1.321e-04,0.683,0.015,19530
2334,4.42721,4.37318,1.319e-04,0.707,0.015,19578
2335,4.45091,4.37318,1.317e-04,0.717,0.013,19560
2336,4.33741,4.37318,1.315e-04,0.746,0.016,19518
2337,4.58397,4.37318,1.313e-04,0.707,0.017,19566
2338,4.50109,4.37318,1.311e-04,0.857,0.016,19589
2339,4.41079,4.37318,1.309e-04,0.693,0.014,19521
2340,4.62051,4.37318,1.307e-04,0.757,0.016,19547
2341,4.66110,4.37318,1.305e-04,0.749,0.016,19574
2342,4.56951,4.37318,1.303e-04,0.738,0.015,19551
2343,4.62014,4.37318,1.301e-04,0.760,0.014,19532
2344,4.58513,4.37318,1.299e-04,0.713,0.014,19564
2345,4.49088,4.37318,1.297e-04,0.687,0.015,19570
2346,4.58771,4.37318,1.295e-04,0.766,0.014,19552
2347,4.42046,4.37318,1.293e-04,0.710,0.014,19597
2348,4.33279,4.37318,1.291e-04,0.742,0.017,19565
2349,4.56798,4.37318,1.289e-04,0.794,0.018,19513
2350,4.50922,4.37318,1.287e-04,0.688,0.013,19576
2351,4.51477,4.37318,1.285e-04,0.752,0.017,19570
2352,4.49378,4.37318,1.283e-04,0.778,0.015,19531
2353,4.35052,4.37318,1.281e-04,0.690,0.014,19604
2354,4.64135,4.37318,1.279e-04,0.728,0.016,19569
2355,4.52632,4.37318,1.277e-04,0.747,0.014,19517
2356,4.60810,4.37318,1.275e-04,0.769,0.014,19574
2357,4.36399,4.37318,1.273e-04,0.712,0.015,19593
2358,4.14498,4.37318,1.271e-04,0.791,0.015,19507
2359,4.28115,4.37318,1.269e-04,0.869,0.015,19584
2360,4.50059,4.37318,1.267e-04,0.667,0.012,19589
2361,4.55410,4.37318,1.265e-04,0.714,0.014,19523
2362,4.38070,4.37318,1.263e-04,0.823,0.017,19593
2363,4.34912,4.37318,1.261e-04,0.732,0.014,19582
2364,4.36441,4.37318,1.259e-04,0.726,0.016,19504
2365,4.58222,4.37318,1.257e-04,0.736,0.017,19590
2366,4.74106,4.37318,1.255e-04,0.809,0.020,19612
2367,4.33421,4.37318,1.253e-04,0.719,0.016,19515
2368,4.41827,4.37318,1.251e-04,0.729,0.017,19581
2369,4.51094,4.37318,1.249e-04,0.806,0.014,19582
2370,4.59712,4.37318,1.247e-04,0.783,0.016,19511
2371,4.29380,4.37318,1.245e-04,0.762,0.016,19567
2372,4.47996,4.37318,1.243e-04,0.724,0.016,19567
2373,4.43856,4.37318,1.241e-04,0.727,0.015,19503
2374,4.36368,4.37318,1.239e-04,0.728,0.015,19563
2375,4.41649,4.37318,1.237e-04,0.796,0.017,19587
2376,4.37419,4.37318,1.235e-04,0.732,0.014,19537
2377,4.82722,4.37318,1.233e-04,0.771,0.017,19536
2378,4.39204,4.37318,1.231e-04,0.728,0.018,19582
2379,4.56914,4.37318,1.229e-04,0.836,0.019,19539
2380,4.44493,4.37318,1.227e-04,0.758,0.015,19532
2381,4.36263,4.37318,1.225e-04,0.745,0.014,19586
2382,4.40562,4.37318,1.223e-04,0.781,0.016,19539
2383,4.32673,4.37318,1.222e-04,0.740,0.015,19530
2384,4.28960,4.37318,1.220e-04,0.887,0.017,19604
2385,4.69829,4.37318,1.218e-04,0.734,0.016,19569
2386,4.24085,4.37318,1.216e-04,0.758,0.015,19540
2387,4.21764,4.37318,1.214e-04,0.718,0.015,19547
2388,4.41967,4.37318,1.212e-04,0.698,0.013,19572
2389,4.49304,4.37318,1.210e-04,0.727,0.014,19533
2390,4.58881,4.37318,1.208e-04,0.752,0.016,19571
2391,4.37126,4.37318,1.206e-04,0.695,0.016,19588
2392,4.52395,4.37318,1.204e-04,0.812,0.017,19502
2393,4.51962,4.37318,1.202e-04,0.707,0.015,19554
2394,4.42717,4.37318,1.200e-04,0.710,0.016,19604
2395,4.33189,4.37318,1.199e-04,0.850,0.019,19509
2396,4.44989,4.37318,1.197e-04,0.717,0.017,19593
2397,4.34733,4.37318,1.195e-04,0.703,0.014,19589
2398,4.37515,4.37318,1.193e-04,0.824,0.014,19503
2399,4.33849,4.37318,1.191e-04,0.703,0.014,19570
2400,4.45194,4.37318,1.189e-04,0.697,0.014,19589
2401,4.23377,4.37318,1.187e-04,0.692,0.016,19505
2402,4.70280,4.37318,1.185e-04,0.744,0.014,19553
2403,4.32499,4.37318,1.183e-04,0.702,0.012,19577
2404,4.50408,4.37318,1.182e-04,0.778,0.014,19520
2405,4.51085,4.37318,1.180e-04,0.732,0.016,19570
2406,4.45181,4.37318,1.178e-04,0.707,0.016,19579
2407,4.34220,4.37318,1.176e-04,0.792,0.017,19510
2408,4.37781,4.37318,1.174e-04,0.767,0.014,19550
2409,4.60116,4.37318,1.172e-04,0.715,0.013,19576
2410,4.28891,4.37318,1.170e-04,0.764,0.014,19540
2411,4.28599,4.37318,1.168e-04,0.725,0.014,19575
2412,4.36724,4.37318,1.167e-04,0.727,0.013,19579
2413,4.24560,4.37318,1.165e-04,0.814,0.017,19546
2414,4.37621,4.37318,1.163e-04,0.674,0.014,19563
2415,4.24508,4.37318,1.161e-04,0.709,0.016,19595
2416,4.62395,4.37318,1.159e-04,0.745,0.016,19548
2417,4.35905,4.37318,1.157e-04,0.715,0.013,19531
2418,4.36567,4.37318,1.155e-04,0.741,0.017,19573
2419,4.60138,4.37318,1.154e-04,0.713,0.014,19552
2420,4.30722,4.37318,1.152e-04,0.719,0.015,19548
2421,4.57811,4.37318,1.150e-04,0.753,0.016,19574
2422,4.20294,4.37318,1.148e-04,0.761,0.014,19538
2423,4.37495,4.37318,1.146e-04,0.773,0.015,19539
2424,4.41292,4.37318,1.144e-04,0.686,0.013,19576
2425,4.37146,4.37318,1.143e-04,0.720,0.015,19586
2426,4.77033,4.37318,1.141e-04,0.749,0.015,19549
2427,4.49916,4.37318,1.139e-04,0.738,0.015,19589
2428,4.27736,4.37318,1.137e-04,0.761,0.016,19567
2429,4.37161,4.37318,1.135e-04,0.735,0.016,19442
2430,4.38788,4.37318,1.134e-04,0.756,0.015,19509
2431,4.37977,4.37318,1.132e-04,0.714,0.014,19563
2432,4.54504,4.37318,1.130e-04,0.714,0.017,19515
2433,4.41606,4.37318,1.128e-04,0.726,0.017,19592
2434,4.34594,4.37318,1.126e-04,0.713,0.015,19593
2435,4.35565,4.37318,1.125e-04,0.732,0.015,19500
2436,4.37752,4.37318,1.123e-04,0.768,0.015,19602
2437,4.67989,4.37318,1.121e-04,0.771,0.016,19595
2438,4.40166,4.37318,1.119e-04,0.725,0.016,19501
2439,4.49812,4.37318,1.117e-04,0.743,0.015,19556
2440,4.54758,4.37318,1.116e-04,0.832,0.016,19568
2441,4.29546,4.37318,1.114e-04,0.701,0.015,19494
2442,4.60553,4.37318,1.112e-04,0.764,0.017,19585
2443,4.38073,4.37318,1.110e-04,0.734,0.016,19588
2444,4.33697,4.37318,1.109e-04,0.749,0.018,19512
2445,4.51558,4.37318,1.107e-04,0.706,0.014,19559
2446,4.38979,4.37318,1.105e-04,0.835,0.021,19529
2447,4.43305,4.37318,1.103e-04,0.764,0.018,19551
2448,4.31662,4.37318,1.101e-04,0.739,0.016,19565
2449,4.68440,4.37318,1.100e-04,0.710,0.013,19616
2450,4.43423,4.37318,1.098e-04,0.825,0.021,19568
2451,4.50339,4.37318,1.096e-04,0.704,0.014,19544
2452,4.36804,4.37318,1.094e-04,0.748,0.014,19570
2453,4.29774,4.37318,1.093e-04,0.747,0.012,19573
2454,4.48421,4.37318,1.091e-04,0.683,0.014,19564
2455,4.46882,4.37318,1.089e-04,0.743,0.017,19580
2456,4.43817,4.37318,1.088e-04,0.795,0.019,19575
2457,4.34882,4.37318,1.086e-04,0.739,0.013,19544
2458,4.34932,4.37318,1.084e-04,0.751,0.014,19557
2459,4.33124,4.37318,1.082e-04,0.760,0.018,19574
2460,4.48083,4.37318,1.081e-04,0.756,0.018,19524
2461,4.22537,4.37318,1.079e-04,0.829,0.016,19579
2462,4.42413,4.37318,1.077e-04,0.742,0.018,19568
2463,4.65711,4.37318,1.075e-04,0.801,0.018,19549
2464,4.31176,4.37318,1.074e-04,0.826,0.019,19600
2465,4.49610,4.37318,1.072e-04,0.774,0.018,19576
2466,4.19942,4.37318,1.070e-04,0.753,0.015,19533
2467,4.50212,4.37318,1.069e-04,0.718,0.015,19566
2468,4.69906,4.37318,1.067e-04,0.798,0.016,19600
2469,4.50870,4.37318,1.065e-04,0.718,0.015,19557
2470,4.55507,4.37318,1.063e-04,0.718,0.013,19607
2471,4.66189,4.37318,1.062e-04,0.721,0.014,19597
2472,4.58480,4.37318,1.060e-04,0.725,0.016,19519
2473,4.51051,4.37318,1.058e-04,0.695,0.015,19575
2474,4.26694,4.37318,1.057e-04,0.757,0.015,19587
2475,4.68835,4.37318,1.055e-04,0.759,0.017,19524
2476,4.32853,4.37318,1.053e-04,0.751,0.017,19586
2477,4.43877,4.37318,1.052e-04,0.787,0.014,19561
2478,4.43113,4.37318,1.050e-04,0.804,0.019,19501
2479,4.51143,4.37318,1.048e-04,0.748,0.014,19600
2480,4.46916,4.37318,1.047e-04,0.870,0.017,19561
2481,4.53533,4.37318,1.045e-04,0.765,0.018,19527
2482,4.22049,4.37318,1.043e-04,0.685,0.013,19572
2483,4.25217,4.37318,1.042e-04,0.731,0.013,19580
2484,4.31372,4.37318,1.040e-04,0.804,0.018,19530
2485,4.37016,4.37318,1.038e-04,0.713,0.016,19550
2486,4.24628,4.37318,1.037e-04,0.713,0.017,19607
2487,4.40232,4.37318,1.035e-04,0.751,0.014,19545
2488,4.44129,4.37318,1.033e-04,0.694,0.016,19577
2489,4.43029,4.37318,1.032e-04,0.752,0.015,19602
2490,4.56568,4.37318,1.030e-04,0.726,0.015,19536
2491,4.31168,4.37318,1.028e-04,0.750,0.017,19571
2492,4.41942,4.37318,1.027e-04,0.829,0.016,19569
2493,4.48416,4.37318,1.025e-04,0.729,0.015,19528
2494,4.38042,4.37318,1.024e-04,0.777,0.015,19563
2495,4.50013,4.37318,1.022e-04,0.707,0.012,19609
2496,4.21518,4.37318,1.020e-04,0.793,0.016,19549
2497,4.22005,4.37318,1.019e-04,0.730,0.018,19557
2498,4.39840,4.37318,1.017e-04,0.801,0.014,19589
2499,4.37157,4.37318,1.015e-04,0.735,0.014,19558
2500,4.38923,4.30921,1.014e-04,0.751,0.018,6119
2501,4.63358,4.30921,1.012e-04,0.748,0.014,19882
2502,4.00524,4.30921,1.011e-04,0.702,0.012,19518
2503,4.16835,4.30921,1.009e-04,0.756,0.014,19595
2504,4.28750,4.30921,1.007e-04,0.753,0.015,19572
2505,4.36508,4.30921,1.006e-04,0.739,0.016,19544
2506,4.29779,4.30921,1.004e-04,0.736,0.015,19582
2507,4.54552,4.30921,1.003e-04,0.775,0.013,19580
2508,4.38259,4.30921,1.001e-04,0.730,0.014,19491
2509,4.63322,4.30921,9.995e-05,0.748,0.014,19584
2510,4.36400,4.30921,9.979e-05,0.837,0.020,19563
2511,4.53835,4.30921,9.963e-05,0.745,0.018,19507
2512,4.25330,4.30921,9.947e-05,0.673,0.013,19591
2513,4.35815,4.30921,9.931e-05,0.768,0.019,19551
2514,4.39380,4.30921,9.916e-05,0.786,0.017,19533
2515,4.34588,4.30921,9.900e-05,0.763,0.016,19572
2516,4.38903,4.30921,9.884e-05,0.726,0.014,19583
2517,4.52184,4.30921,9.869e-05,0.684,0.013,19507
2518,4.08730,4.30921,9.853e-05,0.760,0.016,19599
2519,4.50282,4.30921,9.837e-05,0.793,0.017,19592
2520,4.65060,4.30921,9.822e-05,0.885,0.016,19510
2521,4.34614,4.30921,9.806e-05,0.732,0.014,19558
2522,4.49668,4.30921,9.791e-05,0.723,0.014,19563
2523,4.49558,4.30921,9.775e-05,0.749,0.014,19520
2524,4.01577,4.30921,9.760e-05,0.859,0.017,19584
2525,4.26151,4.30921,9.745e-05,0.779,0.016,19589
2526,4.37045,4.30921,9.729e-05,0.780,0.017,19512
2527,4.67468,4.30921,9.714e-05,0.740,0.015,19567
2528,4.43691,4.30921,9.699e-05,0.723,0.015,19565
2529,4.31467,4.30921,9.683e-05,0.761,0.016,19553
2530,4.46800,4.30921,9.668e-05,0.733,0.014,19588
2531,4.45271,4.30921,9.653e-05,0.815,0.019,19589
2532,4.22110,4.30921,9.638e-05,0.735,0.014,19537
2533,4.27284,4.30921,9.622e-05,0.717,0.015,19560
2534,4.39987,4.30921,9.607e-05,0.745,0.014,19588
2535,4.45942,4.30921,9.592e-05,0.719,0.015,19529
2536,4.30655,4.30921,9.577e-05,0.760,0.015,19542
2537,4.25989,4.30921,9.562e-05,0.778,0.016,19600
2538,4.52260,4.30921,9.547e-05,0.750,0.016,19566
2539,4.44786,4.30921,9.532e-05,0.756,0.017,19566
2540,4.54976,4.30921,9.517e-05,0.737,0.014,19585
2541,4.28192,4.30921,9.502e-05,0.784,0.015,19569
2542,4.43443,4.30921,9.487e-05,0.785,0.015,19517
2543,4.49820,4.30921,9.472e-05,0.709,0.015,19579
2544,4.30709,4.30921,9.457e-05,0.799,0.016,19574
2545,4.41133,4.30921,9.443e-05,0.717,0.013,19509
2546,4.49886,4.30921,9.428e-05,0.689,0.014,19586
2547,4.46573,4.30921,9.413e-05,0.729,0.019,19590
2548,4.57969,4.30921,9.398e-05,0.739,0.016,19508
2549,4.48532,4.30921,9.384e-05,0.787,0.017,19613
2550,4.45499,4.30921,9.369e-05,0.692,0.013,19581
2551,4.63622,4.30921,9.354e-05,0.760,0.017,19499
2552,4.64039,4.30921,9.340e-05,0.768,0.017,19577
2553,4.27405,4.30921,9.325e-05,0.853,0.017,19579
2554,4.30324,4.30921,9.311e-05,0.743,0.015,19511
2555,4.50156,4.30921,9.296e-05,0.708,0.016,19579
2556,4.49936,4.30921,9.282e-05,0.824,0.022,19584
2557,4.58943,4.30921,9.267e-05,0.798,0.016,19534
2558,4.44354,4.30921,9.253e-05,0.713,0.015,19560
2559,4.52032,4.30921,9.238e-05,0.732,0.013,19576
2560,4.28875,4.30921,9.224e-05,0.693,0.014,19519
2561,4.57509,4.30921,9.210e-05,0.801,0.017,19548
2562,4.47863,4.30921,9.195e-05,0.832,0.015,19607
2563,4.48535,4.30921,9.181e-05,0.681,0.013,19517
2564,4.10537,4.30921,9.167e-05,0.728,0.014,19576
2565,4.48566,4.30921,9.153e-05,0.740,0.014,19578
2566,4.44776,4.30921,9.138e-05,0.756,0.015,19559
2567,4.28526,4.30921,9.124e-05,0.744,0.015,19572
2568,4.15723,4.30921,9.110e-05,0.755,0.014,19588
2569,4.61138,4.30921,9.096e-05,0.783,0.015,19520
2570,4.41843,4.30921,9.082e-05,0.681,0.014,19544
2571,4.34926,4.30921,9.068e-05,0.701,0.014,19612
2572,4.16286,4.30921,9.054e-05,0.760,0.015,19554
2573,4.26605,4.30921,9.040e-05,0.748,0.013,19527
2574,4.25267,4.30921,9.026e-05,0.703,0.013,19581
2575,4.39074,4.30921,9.012e-05,0.721,0.014,19544
2576,4.12765,4.30921,8.998e-05,0.762,0.013,19539
2577,4.20149,4.30921,8.984e-05,0.739,0.016,19596
2578,4.43885,4.30921,8.970e-05,0.698,0.014,19524
2579,4.31384,4.30921,8.957e-05,0.698,0.013,19519
2580,4.50395,4.30921,8.943e-05,0.751,0.013,19581
2581,4.29801,4.30921,8.929e-05,0.729,0.013,19531
2582,4.20298,4.30921,8.915e-05,0.708,0.014,19528
2583,4.48611,4.30921,8.902e-05,0.753,0.017,19593
2584,4.43105,4.30921,8.888e-05,0.762,0.014,19584
2585,4.49268,4.30921,8.874e-05,0.716,0.014,19519
2586,4.57693,4.30921,8.861e-05,0.726,0.014,19562
2587,4.37732,4.30921,8.847e-05,0.786,0.015,19594
2588,4.53832,4.30921,8.834e-05,0.789,0.019,19515
2589,4.49087,4.30921,8.820e-05,0.777,0.017,19576
2590,4.29502,4.30921,8.807e-05,0.743,0.016,19548
2591,4.68120,4.30921,8.793e-05,0.745,0.017,19515
2592,4.30064,4.30921,8.780e-05,0.716,0.017,19564
2593,4.19960,4.30921,8.767e-05,0.781,0.014,19581
2594,4.42852,4.30921,8.753e-05,0.754,0.014,19503
2595,4.34926,4.30921,8.740e-05,0.704,0.015,19579
2596,4.42598,4.30921,8.727e-05,0.744,0.015,19609
2597,4.26542,4.30921,8.713e-05,0.756,0.015,19514
2598,4.45306,4.30921,8.700e-05,0.723,0.015,19591
2599,4.42678,4.30921,8.687e-05,0.768,0.015,19608
2600,4.23835,4.30921,8.674e-05,0.712,0.016,19538
2601,4.54705,4.30921,8.661e-05,0.820,0.016,19564
2602,4.40919,4.30921,8.648e-05,0.752,0.014,19575
2603,4.37038,4.30921,8.635e-05,0.768,0.015,19519
2604,4.40481,4.30921,8.622e-05,0.770,0.016,19572
2605,4.16565,4.30921,8.609e-05,0.735,0.017,19611
2606,4.32299,4.30921,8.596e-05,0.733,0.014,19527
2607,4.48280,4.30921,8.583e-05,0.728,0.013,19519
2608,4.60019,4.30921,8.570e-05,0.763,0.015,19601
2609,4.50756,4.30921,8.557e-05,0.692,0.015,19538
2610,4.38235,4.30921,8.544e-05,0.703,0.016,19534
2611,4.47983,4.30921,8.531e-05,0.715,0.014,19567
2612,4.34529,4.30921,8.518e-05,0.699,0.014,19543
2613,4.64104,4.30921,8.506e-05,0.706,0.013,19552
2614,4.55424,4.30921,8.493e-05,0.734,0.018,19586
2615,4.35187,4.30921,8.480e-05,0.734,0.018,19557
2616,4.36254,4.30921,8.467e-05,0.754,0.014,19537
2617,4.47608,4.30921,8.455e-05,0.719,0.015,19573
2618,4.49306,4.30921,8.442e-05,0.733,0.015,19566
2619,4.36396,4.30921,8.430e-05,0.849,0.016,19535
2620,4.15597,4.30921,8.417e-05,0.716,0.016,19569
2621,4.35697,4.30921,8.405e-05,0.795,0.013,19582
2622,4.44973,4.30921,8.392e-05,0.708,0.014,19507
2623,4.20739,4.30921,8.380e-05,0.763,0.013,19584
2624,4.28978,4.30921,8.367e-05,0.826,0.013,19560
2625,4.51884,4.30921,8.355e-05,0.765,0.014,19506
2626,4.50619,4.30921,8.342e-05,0.712,0.014,19588
2627,4.45208,4.30921,8.330e-05,0.743,0.014,19583
2628,4.52675,4.30921,8.318e-05,0.737,0.014,19489
2629,4.36156,4.30921,8.306e-05,0.731,0.013,19588
2630,4.46890,4.30921,8.293e-05,0.693,0.013,19571
2631,4.24317,4.30921,8.281e-05,0.703,0.015,19513
2632,4.53478,4.30921,8.269e-05,0.672,0.016,19599
2633,4.42086,4.30921,8.257e-05,0.719,0.013,19594
2634,4.31772,4.30921,8.245e-05,0.763,0.015,19521
2635,4.54141,4.30921,8.233e-05,0.736,0.015,19589
2636,4.51822,4.30921,8.221e-05,0.810,0.019,19578
2637,4.41351,4.30921,8.209e-05,0.713,0.016,19537
2638,4.44015,4.30921,8.197e-05,0.714,0.015,19561
2639,4.42694,4.30921,8.185e-05,0.748,0.015,19593
2640,4.44424,4.30921,8.173e-05,0.747,0.014,19516
2641,4.60532,4.30921,8.161e-05,0.697,0.016,19518
2642,4.19023,4.30921,8.149e-05,0.721,0.014,19591
2643,4.85059,4.30921,8.137e-05,0.762,0.018,19533
2644,4.24844,4.30921,8.125e-05,0.773,0.013,19559
2645,4.34514,4.30921,8.114e-05,0.763,0.014,19573
2646,4.35698,4.30921,8.102e-05,0.842,0.022,19565
2647,4.46607,4.30921,8.090e-05,0.718,0.013,19543
2648,4.26829,4.30921,8.079e-05,0.734,0.015,19584
2649,4.23469,4.30921,8.067e-05,0.754,0.015,19547
2650,4.41948,4.30921,8.055e-05,0.755,0.016,19560
2651,4.30183,4.30921,8.044e-05,0.730,0.013,19597
2652,4.33895,4.30921,8.032e-05,0.793,0.017,19545
2653,4.37760,4.30921,8.021e-05,0.762,0.016,19550
2654,4.41933,4.30921,8.009e-05,0.755,0.016,19590
2655,4.20786,4.30921,7.998e-05,0.761,0.016,19577
2656,4.61027,4.30921,7.986e-05,0.712,0.016,19563
2657,4.32157,4.30921,7.975e-05,0.779,0.017,19595
2658,4.27734,4.30921,7.964e-05,0.754,0.013,19581
2659,4.25640,4.30921,7.952e-05,0.713,0.015,19542
2660,4.43769,4.30921,7.941e-05,0.785,0.017,19569
2661,4.10774,4.30921,7.930e-05,0.849,0.018,19576
2662,4.23485,4.30921,7.918e-05,0.698,0.014,19524
2663,4.35045,4.30921,7.907e-05,0.764,0.015,19567
2664,4.45842,4.30921,7.896e-05,0.798,0.014,19595
2665,4.35541,4.30921,7.885e-05,0.715,0.013,19520
2666,4.53691,4.30921,7.874e-05,0.718,0.013,19600
2667,4.24714,4.30921,7.863e-05,0.765,0.016,19601
2668,4.39763,4.30921,7.852e-05,0.688,0.013,19527
2669,4.40026,4.30921,7.841e-05,0.770,0.018,19612
2670,4.34157,4.30921,7.830e-05,0.698,0.012,19570
2671,4.35720,4.30921,7.819e-05,0.757,0.015,19545
2672,4.26116,4.30921,7.808e-05,0.784,0.017,19595
2673,4.41563,4.30921,7.797e-05,0.710,0.014,19586
2674,4.19974,4.30921,7.786e-05,0.703,0.012,19548
2675,4.40110,4.30921,7.775e-05,0.764,0.016,19574
2676,4.29916,4.30921,7.764e-05,0.738,0.014,19582
2677,4.32165,4.30921,7.754e-05,0.750,0.014,19528
2678,4.33375,4.30921,7.743e-05,0.680,0.014,19588
2679,4.32982,4.30921,7.732e-05,0.804,0.016,19568
2680,4.31579,4.30921,7.722e-05,0.775,0.013,19534
2681,4.27876,4.30921,7.711e-05,0.778,0.014,19566
2682,4.41247,4.30921,7.700e-05,0.755,0.013,19593
2683,4.27889,4.30921,7.690e-05,0.696,0.013,19535
2684,4.32046,4.30921,7.679e-05,0.773,0.014,19576
2685,4.47417,4.30921,7.669e-05,0.759,0.014,19599
2686,4.35640,4.30921,7.658e-05,0.811,0.015,19553
2687,4.41349,4.30921,7.648e-05,0.719,0.015,19563
2688,4.39849,4.30921,7.638e-05,0.708,0.014,19600
2689,4.35468,4.30921,7.627e-05,0.769,0.014,19561
2690,4.49771,4.30921,7.617e-05,0.786,0.014,19566
2691,4.41095,4.30921,7.606e-05,0.708,0.013,19570
2692,4.49774,4.30921,7.596e-05,0.705,0.013,19563
2693,4.47463,4.30921,7.586e-05,0.694,0.013,19556
2694,4.50172,4.30921,7.576e-05,0.686,0.013,19581
2695,4.46042,4.30921,7.566e-05,0.751,0.013,19561
2696,4.47119,4.30921,7.555e-05,0.711,0.013,19545
2697,4.35502,4.30921,7.545e-05,0.693,0.012,19587
2698,4.60220,4.30921,7.535e-05,0.773,0.015,19569
2699,4.28595,4.30921,7.525e-05,0.736,0.013,19524
2700,4.50158,4.30921,7.515e-05,0.689,0.014,19613
2701,4.54438,4.30921,7.505e-05,0.698,0.013,19566
2702,4.25445,4.30921,7.495e-05,0.753,0.014,19524
2703,4.29730,4.30921,7.485e-05,0.757,0.015,19589
2704,4.48721,4.30921,7.475e-05,0.701,0.013,19573
2705,4.39002,4.30921,7.466e-05,0.728,0.012,19510
2706,4.43794,4.30921,7.456e-05,0.819,0.015,19592
2707,4.02266,4.30921,7.446e-05,0.822,0.015,19589
2708,4.07397,4.30921,7.436e-05,0.761,0.013,19515
2709,4.31592,4.30921,7.426e-05,0.705,0.013,19589
2710,4.29306,4.30921,7.417e-05,0.809,0.014,19568
2711,4.38227,4.30921,7.407e-05,0.764,0.016,19523
2712,4.38671,4.30921,7.397e-05,0.723,0.014,19573
2713,4.22730,4.30921,7.388e-05,0.750,0.015,19565
2714,4.29327,4.30921,7.378e-05,0.706,0.013,19525
2715,4.59325,4.30921,7.369e-05,0.691,0.012,19562
2716,4.40853,4.30921,7.359e-05,0.708,0.011,19598
2717,4.37107,4.30921,7.350e-05,0.704,0.012,19513
2718,4.54726,4.30921,7.340e-05,0.667,0.014,19592
2719,4.48334,4.30921,7.331e-05,0.712,0.013,19560
2720,4.56214,4.30921,7.321e-05,0.735,0.016,19533
2721,4.29407,4.30921,7.312e-05,0.734,0.015,19552
2722,4.29799,4.30921,7.303e-05,0.709,0.014,19589
2723,4.27641,4.30921,7.294e-05,0.738,0.015,19543
2724,4.42207,4.30921,7.284e-05,0.766,0.018,19573
2725,4.55467,4.30921,7.275e-05,0.725,0.015,19595
2726,4.22605,4.30921,7.266e-05,0.702,0.018,19552
2727,4.31684,4.30921,7.257e-05,0.710,0.017,19561
2728,4.37994,4.30921,7.248e-05,0.731,0.017,19609
2729,4.35668,4.30921,7.239e-05,0.720,0.013,19537
2730,4.50366,4.30921,7.229e-05,0.769,0.014,19561
2731,4.67536,4.30921,7.220e-05,0.718,0.015,19574
2732,4.52109,4.30921,7.211e-05,0.734,0.016,19561
2733,4.15459,4.30921,7.203e-05,0.762,0.019,19549
2734,4.26230,4.30921,7.194e-05,0.778,0.015,19607
2735,4.44446,4.30921,7.185e-05,0.752,0.016,19555
2736,4.22480,4.30921,7.176e-05,0.707,0.014,19534
2737,4.33985,4.30921,7.167e-05,0.729,0.015,19588
2738,4.28911,4.30921,7.158e-05,0.813,0.017,19551
2739,4.34315,4.30921,7.149e-05,0.760,0.015,19556
2740,4.33146,4.30921,7.141e-05,0.771,0.015,19592
2741,4.21936,4.30921,7.132e-05,0.759,0.014,19554
2742,4.41924,4.30921,7.123e-05,0.737,0.014,19524
2743,4.57705,4.30921,7.115e-05,0.740,0.016,19565
2744,4.37347,4.30921,7.106e-05,0.723,0.013,19590
2745,4.36644,4.30921,7.098e-05,0.752,0.013,19510
2746,4.21873,4.30921,7.089e-05,0.754,0.014,19590
2747,4.55435,4.30921,7.081e-05,0.769,0.016,19593
2748,4.24465,4.30921,7.072e-05,0.760,0.015,19507
2749,4.44149,4.30921,7.064e-05,0.739,0.013,19582
2750,4.46291,4.26505,7.055e-05,0.771,0.015,6120
2751,4.21721,4.26505,7.047e-05,0.804,0.016,19870
2752,4.43017,4.26505,7.039e-05,0.750,0.014,19611
2753,4.21941,4.26505,7.030e-05,0.668,0.012,19495
2754,4.26568,4.26505,7.022e-05,0.714,0.013,19590
2755,4.38031,4.26505,7.014e-05,0.739,0.014,19578
2756,4.18946,4.26505,7.006e-05,0.753,0.016,19488
2757,4.69265,4.26505,6.997e-05,0.728,0.014,19563
2758,4.37701,4.26505,6.989e-05,0.718,0.014,19589
2759,4.38908,4.26505,6.981e-05,0.725,0.014,19502
2760,4.23869,4.26505,6.973e-05,0.759,0.014,19601
2761,4.34323,4.26505,6.965e-05,0.714,0.013,19593
2762,4.38586,4.26505,6.957e-05,0.806,0.013,19535
2763,4.15679,4.26505,6.949e-05,0.775,0.014,19570
2764,4.34588,4.26505,6.941e-05,0.774,0.017,19566
2765,4.53210,4.26505,6.933e-05,0.788,0.012,19551
2766,4.42381,4.26505,6.925e-05,0.694,0.011,19571
2767,4.39724,4.26505,6.917e-05,0.737,0.014,19553
2768,4.35558,4.26505,6.910e-05,0.709,0.013,19552
2769,4.28136,4.26505,6.902e-05,0.797,0.014,19553
2770,4.22528,4.26505,6.894e-05,0.775,0.015,19572
2771,4.14726,4.26505,6.886e-05,0.714,0.012,19564
2772,4.41536,4.26505,6.879e-05,0.801,0.014,19536
2773,4.39239,4.26505,6.871e-05,0.732,0.013,19615
2774,4.21324,4.26505,6.863e-05,0.719,0.013,19557
2775,4.25065,4.26505,6.856e-05,0.694,0.012,19530
2776,4.42793,4.26505,6.848e-05,0.762,0.014,19582
2777,4.31992,4.26505,6.841e-05,0.739,0.016,19583
2778,4.21306,4.26505,6.833e-05,0.793,0.016,19501
2779,4.39468,4.26505,6.826e-05,0.717,0.012,19589
2780,4.34019,4.26505,6.818e-05,0.734,0.014,19591
2781,4.41411,4.26505,6.811e-05,0.786,0.016,19514
2782,4.33969,4.26505,6.804e-05,0.726,0.017,19598
2783,4.16506,4.26505,6.796e-05,0.741,0.015,19563
2784,4.34628,4.26505,6.789e-05,0.778,0.015,19508
2785,4.39109,4.26505,6.782e-05,0.733,0.016,19572
2786,4.29251,4.26505,6.775e-05,0.734,0.013,19594
2787,4.19349,4.26505,6.767e-05,0.682,0.013,19517
2788,4.35082,4.26505,6.760e-05,0.811,0.014,19565
2789,4.17387,4.26505,6.753e-05,0.772,0.016,19574
2790,4.34373,4.26505,6.746e-05,0.744,0.013,19511
2791,4.34906,4.26505,6.739e-05,0.725,0.012,19570
2792,4.33205,4.26505,6.732e-05,0.825,0.015,19578
2793,4.12494,4.26505,6.725e-05,0.711,0.014,19525
2794,4.48154,4.26505,6.718e-05,0.742,0.015,19568
2795,4.57466,4.26505,6.711e-05,0.743,0.015,19598
2796,4.38889,4.26505,6.704e-05,0.745,0.013,19515
2797,4.34489,4.26505,6.697e-05,0.772,0.017,19581
2798,4.39793,4.26505,6.690e-05,0.740,0.013,19599
2799,4.29584,4.26505,6.684e-05,0.743,0.012,19529
2800,4.36846,4.26505,6.677e-05,0.760,0.016,19593
2801,4.27319,4.26505,6.670e-05,0.733,0.017,19558
2802,4.25709,4.26505,6.664e-05,0.729,0.018,19536
2803,4.47001,4.26505,6.657e-05,0.735,0.013,19590
2804,4.58873,4.26505,6.650e-05,0.688,0.014,19571
2805,4.31607,4.26505,6.644e-05,0.734,0.013,19527
2806,4.27185,4.26505,6.637e-05,0.730,0.014,19585
2807,4.37877,4.26505,6.631e-05,0.700,0.013,19595
2808,4.07144,4.26505,6.624e-05,0.703,0.016,19543
2809,4.38967,4.26505,6.618e-05,0.767,0.014,19562
2810,4.20578,4.26505,6.611e-05,0.781,0.014,19568
2811,4.30341,4.26505,6.605e-05,0.732,0.015,19562
2812,4.29742,4.26505,6.598e-05,0.685,0.013,19563
2813,4.31150,4.26505,6.592e-05,0.713,0.014,19594
2814,4.44131,4.26505,6.586e-05,0.779,0.013,19559
2815,4.58441,4.26505,6.580e-05,0.787,0.017,19548
2816,4.41172,4.26505,6.573e-05,0.709,0.015,19575
2817,4.04831,4.26505,6.567e-05,0.692,0.013,19562
2818,4.52644,4.26505,6.561e-05,0.758,0.016,19548
2819,4.45901,4.26505,6.555e-05,0.740,0.016,19594
2820,4.31327,4.26505,6.549e-05,0.731,0.013,19577
2821,4.46449,4.26505,6.543e-05,0.743,0.017,19513
2822,4.24512,4.26505,6.537e-05,0.679,0.012,19580
2823,4.34054,4.26505,6.531e-05,0.743,0.014,19587
2824,4.22691,4.26505,6.525e-05,0.754,0.014,19526
2825,4.22685,4.26505,6.519e-05,0.691,0.015,19602
2826,4.29434,4.26505,6.513e-05,0.751,0.014,19570
2827,4.35650,4.26505,6.507e-05,0.724,0.015,19540
2828,4.32705,4.26505,6.501e-05,0.754,0.015,19591
2829,4.30089,4.26505,6.495e-05,0.748,0.014,19570
2830,4.28634,4.26505,6.490e-05,0.696,0.014,19514
2831,4.30321,4.26505,6.484e-05,0.761,0.014,19590
2832,4.44634,4.26505,6.478e-05,0.668,0.013,19599
2833,4.36749,4.26505,6.473e-05,0.732,0.014,19523
2834,4.40100,4.26505,6.467e-05,0.703,0.013,19617
2835,4.44821,4.26505,6.461e-05,0.721,0.015,19579
2836,4.22534,4.26505,6.456e-05,0.731,0.016,19522
2837,4.42842,4.26505,6.450e-05,0.700,0.016,19597
2838,4.35826,4.26505,6.445e-05,0.675,0.013,19591
2839,4.31003,4.26505,6.439e-05,0.696,0.013,19512
2840,4.25521,4.26505,6.434e-05,0.697,0.014,19584
2841,4.43005,4.26505,6.429e-05,0.694,0.013,19558
2842,4.44516,4.26505,6.423e-05,0.764,0.013,19531
2843,4.43770,4.26505,6.418e-05,0.755,0.013,19564
2844,4.29623,4.26505,6.413e-05,0.702,0.013,19577
2845,4.33329,4.26505,6.407e-05,0.697,0.012,19517
2846,4.31574,4.26505,6.402e-05,0.737,0.014,19582
2847,4.46582,4.26505,6.397e-05,0.770,0.015,19590
2848,4.20892,4.26505,6.392e-05,0.771,0.014,19552
2849,4.22462,4.26505,6.387e-05,0.714,0.012,19545
2850,4.40762,4.26505,6.381e-05,0.729,0.015,19585
2851,4.45192,4.26505,6.376e-05,0.740,0.015,19559
2852,4.52795,4.26505,6.371e-05,0.835,0.015,19539
2853,4.29863,4.26505,6.366e-05,0.725,0.013,19582
2854,4.32991,4.26505,6.361e-05,0.722,0.013,19569
2855,4.36841,4.26505,6.357e-05,0.725,0.016,19529
2856,4.61555,4.26505,6.352e-05,0.765,0.014,19587
2857,4.35533,4.26505,6.347e-05,0.786,0.015,19546
2858,4.06604,4.26505,6.342e-05,0.782,0.015,19552
2859,4.39801,4.26505,6.337e-05,0.739,0.014,19592
2860,4.22691,4.26505,6.332e-05,0.712,0.014,19581
2861,4.35890,4.26505,6.328e-05,0.720,0.016,19525
2862,4.33412,4.26505,6.323e-05,0.719,0.015,19560
2863,4.16379,4.26505,6.318e-05,0.764,0.014,19572
2864,4.20680,4.26505,6.314e-05,0.756,0.013,19487
2865,4.47893,4.26505,6.309e-05,0.745,0.014,19602
2866,4.41378,4.26505,6.305e-05,0.754,0.016,19573
2867,4.49130,4.26505,6.300e-05,0.783,0.016,19524
2868,4.40981,4.26505,6.296e-05,0.733,0.012,19593
2869,4.28839,4.26505,6.291e-05,0.835,0.021,19581
2870,4.47003,4.26505,6.287e-05,0.731,0.013,19501
2871,4.19120,4.26505,6.282e-05,0.782,0.012,19603
2872,4.13936,4.26505,6.278e-05,0.741,0.012,19564
2873,4.49355,4.26505,6.274e-05,0.765,0.014,19524
2874,4.37477,4.26505,6.269e-05,0.772,0.015,19607
2875,4.35645,4.26505,6.265e-05,0.709,0.014,19584
2876,4.31401,4.26505,6.261e-05,0.744,0.013,19516
2877,4.25490,4.26505,6.257e-05,0.794,0.016,19591
2878,4.18674,4.26505,6.253e-05,0.757,0.013,19592
2879,4.32019,4.26505,6.248e-05,0.673,0.013,19509
2880,4.29935,4.26505,6.244e-05,0.707,0.014,19559
2881,4.56451,4.26505,6.240e-05,0.806,0.015,19576
2882,4.49280,4.26505,6.236e-05,0.780,0.015,19568
2883,4.40513,4.26505,6.232e-05,0.705,0.016,19561
2884,4.43098,4.26505,6.228e-05,0.764,0.015,19593
2885,4.24941,4.26505,6.224e-05,0.783,0.016,19539
2886,4.11398,4.26505,6.221e-05,0.736,0.014,19566
2887,4.26030,4.26505,6.217e-05,0.751,0.016,19601
2888,4.13471,4.26505,6.213e-05,0.728,0.015,19555
2889,4.38494,4.26505,6.209e-05,0.714,0.015,19547
2890,4.43801,4.26505,6.205e-05,0.714,0.013,19606
2891,4.46639,4.26505,6.202e-05,0.665,0.012,19555
2892,4.14140,4.26505,6.198e-05,0.708,0.014,19571
2893,4.47362,4.26505,6.194e-05,0.790,0.017,19588
2894,4.42886,4.26505,6.191e-05,0.708,0.014,19561
2895,4.35839,4.26505,6.187e-05,0.669,0.013,19533
2896,4.44565,4.26505,6.184e-05,0.814,0.018,19597
2897,4.43659,4.26505,6.180e-05,0.691,0.012,19553
2898,4.39244,4.26505,6.177e-05,0.708,0.015,19542
2899,4.46285,4.26505,6.173e-05,0.708,0.016,19587
2900,4.66365,4.26505,6.170e-05,0.756,0.014,19578
2901,4.19902,4.26505,6.166e-05,0.781,0.015,19521
2902,4.33601,4.26505,6.163e-05,0.676,0.012,19576
2903,4.38693,4.26505,6.160e-05,0.787,0.015,19592
2904,4.30427,4.26505,6.156e-05,0.701,0.014,19535
2905,4.22911,4.26505,6.153e-05,0.774,0.014,19588
2906,4.32493,4.26505,6.150e-05,0.733,0.013,19577
2907,4.29103,4.26505,6.147e-05,0.699,0.012,19515
2908,4.40552,4.26505,6.144e-05,0.736,0.012,19599
2909,4.44516,4.26505,6.141e-05,0.695,0.014,19562
2910,4.56082,4.26505,6.138e-05,0.801,0.014,19515
2911,4.41926,4.26505,6.135e-05,0.771,0.014,19589
2912,4.30202,4.26505,6.132e-05,0.742,0.015,19598
2913,4.07192,4.26505,6.129e-05,0.762,0.014,19539
2914,4.55675,4.26505,6.126e-05,1.178,0.020,19575
2915,4.29729,4.26505,6.123e-05,0.759,0.013,19599
2916,4.29174,4.26505,6.120e-05,0.770,0.014,19506
2917,4.54006,4.26505,6.117e-05,0.759,0.015,19616
2918,4.26870,4.26505,6.114e-05,1.017,0.019,19580
2919,4.23732,4.26505,6.111e-05,0.695,0.012,19523
2920,4.29945,4.26505,6.109e-05,0.749,0.014,19606
2921,4.14858,4.26505,6.106e-05,0.743,0.014,19552
2922,4.48517,4.26505,6.103e-05,0.694,0.014,19540
2923,4.19038,4.26505,6.101e-05,0.696,0.012,19565
2924,4.52453,4.26505,6.098e-05,0.694,0.013,19589
2925,4.13611,4.26505,6.096e-05,0.707,0.013,19529
2926,4.29259,4.26505,6.093e-05,0.695,0.014,19557
2927,4.29874,4.26505,6.091e-05,0.800,0.015,19590
2928,4.32284,4.26505,6.088e-05,0.729,0.014,19545
2929,4.37588,4.26505,6.086e-05,0.771,0.014,19588
2930,4.28161,4.26505,6.083e-05,0.777,0.014,19568
2931,4.29308,4.26505,6.081e-05,0.816,0.014,19587
2932,4.50619,4.26505,6.079e-05,0.717,0.013,19551
2933,4.52174,4.26505,6.076e-05,0.782,0.014,19581
2934,4.63278,4.26505,6.074e-05,0.729,0.015,19561
2935,4.31767,4.26505,6.072e-05,0.756,0.016,19536
2936,4.59145,4.26505,6.070e-05,0.758,0.015,19574
2937,4.28265,4.26505,6.067e-05,0.768,0.013,19572
2938,4.29767,4.26505,6.065e-05,0.732,0.014,19535
2939,4.46133,4.26505,6.063e-05,0.771,0.016,19586
2940,4.27713,4.26505,6.061e-05,0.747,0.018,19581
2941,4.18216,4.26505,6.059e-05,0.775,0.015,19500
2942,4.55852,4.26505,6.057e-05,0.800,0.020,19568
2943,4.31909,4.26505,6.055e-05,0.726,0.015,19563
2944,4.34438,4.26505,6.053e-05,0.702,0.012,19515
2945,4.28412,4.26505,6.051e-05,0.765,0.014,19601
2946,4.28022,4.26505,6.050e-05,0.757,0.014,19578
2947,4.27912,4.26505,6.048e-05,0.706,0.012,19489
2948,4.35663,4.26505,6.046e-05,0.739,0.014,19570
2949,4.31275,4.26505,6.044e-05,0.732,0.015,19586
2950,4.47044,4.26505,6.042e-05,0.746,0.016,19506
2951,4.22778,4.26505,6.041e-05,0.739,0.013,19585
2952,4.45303,4.26505,6.039e-05,0.718,0.012,19590
2953,4.39639,4.26505,6.038e-05,0.742,0.015,19505
2954,4.39607,4.26505,6.036e-05,0.738,0.013,19595
2955,4.47823,4.26505,6.034e-05,0.788,0.014,19587
2956,3.96574,4.26505,6.033e-05,0.703,0.013,19553
2957,4.12563,4.26505,6.031e-05,0.772,0.016,19577
2958,4.21518,4.26505,6.030e-05,0.754,0.015,19559
2959,4.46414,4.26505,6.029e-05,0.751,0.014,19528
2960,4.53410,4.26505,6.027e-05,0.724,0.013,19602
2961,4.33204,4.26505,6.026e-05,0.757,0.015,19559
2962,4.72931,4.26505,6.025e-05,0.741,0.016,19543
2963,4.22310,4.26505,6.023e-05,0.740,0.013,19567
2964,4.38649,4.26505,6.022e-05,0.941,0.017,19604
2965,4.49990,4.26505,6.021e-05,0.736,0.013,19540
2966,4.39461,4.26505,6.020e-05,0.709,0.015,19554
2967,4.49258,4.26505,6.019e-05,0.715,0.015,19591
2968,4.23073,4.26505,6.017e-05,0.704,0.013,19542
2969,4.31616,4.26505,6.016e-05,0.748,0.014,19555
2970,4.36083,4.26505,6.015e-05,0.771,0.014,19596
2971,4.08801,4.26505,6.014e-05,0.785,0.015,19531
2972,4.48916,4.26505,6.013e-05,0.723,0.013,19553
2973,4.45760,4.26505,6.012e-05,0.788,0.016,19573
2974,4.44626,4.26505,6.011e-05,0.750,0.014,19548
2975,4.42592,4.26505,6.011e-05,0.712,0.015,19543
2976,4.30255,4.26505,6.010e-05,0.776,0.014,19593
2977,4.58501,4.26505,6.009e-05,0.721,0.014,19554
2978,4.37649,4.26505,6.008e-05,0.768,0.016,19514
2979,4.27382,4.26505,6.007e-05,0.670,0.014,19570
2980,4.40076,4.26505,6.007e-05,0.732,0.013,19605
2981,4.08773,4.26505,6.006e-05,0.739,0.016,19523
2982,4.37952,4.26505,6.006e-05,0.742,0.013,19553
2983,4.50494,4.26505,6.005e-05,0.728,0.012,19551
2984,4.28607,4.26505,6.004e-05,0.770,0.014,19509
2985,4.62973,4.26505,6.004e-05,0.739,0.013,19582
2986,4.20540,4.26505,6.003e-05,0.748,0.017,19556
2987,4.60179,4.26505,6.003e-05,0.707,0.015,19522
2988,4.29906,4.26505,6.002e-05,0.781,0.014,19568
2989,4.24157,4.26505,6.002e-05,0.765,0.014,19570
2990,4.29083,4.26505,6.002e-05,0.716,0.013,19516
2991,4.20749,4.26505,6.001e-05,0.775,0.014,19586
2992,4.44178,4.26505,6.001e-05,0.772,0.014,19582
2993,4.38338,4.26505,6.001e-05,0.740,0.014,19515
2994,4.06087,4.26505,6.001e-05,0.752,0.015,19574
2995,4.19294,4.26505,6.000e-05,0.759,0.013,19580
2996,4.41615,4.26505,6.000e-05,0.739,0.014,19526
2997,4.33551,4.26505,6.000e-05,0.726,0.013,19569
2998,4.37677,4.26505,6.000e-05,0.736,0.013,19593
2999,4.35942,4.23428,6.000e-05,0.807,0.017,6116
