step,loss,val_loss,lr,grad_norm,proj_grad_norm,tokens_per_s
0,11.85646,11.85786,3.000e-06,1.039,0.838,7891
1,11.85875,11.85786,6.000e-06,1.025,0.826,28119
2,11.85068,11.85786,9.000e-06,0.987,0.794,28081
3,11.84983,11.85786,1.200e-05,0.971,0.782,28182
4,11.83180,11.85786,1.500e-05,1.027,0.829,28126
5,11.83165,11.85786,1.800e-05,0.997,0.801,28043
6,11.81300,11.85786,2.100e-05,1.085,0.871,28040
7,11.79342,11.85786,2.400e-05,1.021,0.814,27964
8,11.77282,11.85786,2.700e-05,1.011,0.805,27850
9,11.76651,11.85786,3.000e-05,0.921,0.729,28032
10,11.73666,11.85786,3.300e-05,0.985,0.769,27909
11,11.71415,11.85786,3.600e-05,0.949,0.732,27858
12,11.67327,11.85786,3.900e-05,1.049,0.796,28003
13,11.64806,11.85786,4.200e-05,1.055,0.777,28071
14,11.61094,11.85786,4.500e-05,1.100,0.790,28098
15,11.59380,11.85786,4.800e-05,0.913,0.639,28227
16,11.55740,11.85786,5.100e-05,0.937,0.626,28000
17,11.50783,11.85786,5.400e-05,0.986,0.619,27926
18,11.46533,11.85786,5.700e-05,1.018,0.591,27837
19,11.42703,11.85786,6.000e-05,0.995,0.535,27880
20,11.37492,11.85786,6.300e-05,1.126,0.543,28089
21,11.38492,11.85786,6.600e-05,0.921,0.443,27792
22,11.27850,11.85786,6.900e-05,1.085,0.417,28101
23,11.22772,11.85786,7.200e-05,1.129,0.378,28028
24,11.23223,11.85786,7.500e-05,0.986,0.314,28041
25,11.14507,11.85786,7.800e-05,1.169,0.296,28093
26,11.11269,11.85786,8.100e-05,1.105,0.252,28080
27,11.05870,11.85786,8.400e-05,1.182,0.233,28214
28,11.03973,11.85786,8.700e-05,1.067,0.222,28055
29,10.96479,11.85786,9.000e-05,1.131,0.198,28048
30,10.97842,11.85786,9.300e-05,1.012,0.255,27995
31,10.91746,11.85786,9.600e-05,1.030,0.212,27918
32,10.86183,11.85786,9.900e-05,1.092,0.159,27987
33,10.76335,11.85786,1.020e-04,1.264,0.163,28070
34,10.72769,11.85786,1.050e-04,1.123,0.169,27962
35,10.67956,11.85786,1.080e-04,1.109,0.154,27945
36,10.63563,11.85786,1.110e-04,1.234,0.149,27929
37,10.58061,11.85786,1.140e-04,1.182,0.147,27920
38,10.51581,11.85786,1.170e-04,1.192,0.148,28032
39,10.47942,11.85786,1.200e-04,1.211,0.127,27956
40,10.41551,11.85786,1.230e-04,1.138,0.134,27734
41,10.37007,11.85786,1.260e-04,1.218,0.104,27472
42,10.30296,11.85786,1.290e-04,1.124,0.104,27700
43,10.22252,11.85786,1.320e-04,1.230,0.088,27741
44,10.19454,11.85786,1.350e-04,1.157,0.087,28033
45,10.11891,11.85786,1.380e-04,1.083,0.084,28062
46,10.06725,11.85786,1.410e-04,1.117,0.116,28002
47,9.98869,11.85786,1.440e-04,1.098,0.100,27939
48,9.91117,11.85786,1.470e-04,1.175,0.097,27972
49,9.85904,11.85786,1.500e-04,1.172,0.088,27941
50,9.79654,11.85786,1.530e-04,1.166,0.085,28069
51,9.72273,11.85786,1.560e-04,1.206,0.071,27949
52,9.65809,11.85786,1.590e-04,1.062,0.064,27948
53,9.61323,11.85786,1.620e-04,1.107,0.065,27965
54,9.54335,11.85786,1.650e-04,1.139,0.072,27938
55,9.49492,11.85786,1.680e-04,1.160,0.069,28024
56,9.40367,11.85786,1.710e-04,1.040,0.068,28110
57,9.37019,11.85786,1.740e-04,1.126,0.067,27939
58,9.32252,11.85786,1.770e-04,1.134,0.067,27962
59,9.30054,11.85786,1.800e-04,1.166,0.070,27918
60,9.20126,11.85786,1.830e-04,1.158,0.061,27956
61,9.17111,11.85786,1.860e-04,1.290,0.073,27712
62,9.04496,11.85786,1.890e-04,1.218,0.083,28003
63,8.97835,11.85786,1.920e-04,0.985,0.078,27976
64,8.97635,11.85786,1.950e-04,0.942,0.070,27945
65,8.81644,11.85786,1.980e-04,1.034,0.070,27909
66,8.80897,11.85786,2.010e-04,1.096,0.078,27967
67,8.78997,11.85786,2.040e-04,0.992,0.075,28118
68,8.66278,11.85786,2.070e-04,1.112,0.077,28083
69,8.63614,11.85786,2.100e-04,1.145,0.079,27976
70,8.55898,11.85786,2.130e-04,0.911,0.079,28016
71,8.57675,11.85786,2.160e-04,1.062,0.065,27925
72,8.49186,11.85786,2.190e-04,0.990,0.072,27932
73,8.41829,11.85786,2.220e-04,0.916,0.097,28118
74,8.40058,11.85786,2.250e-04,0.925,0.070,27985
75,8.25534,11.85786,2.280e-04,0.840,0.083,27947
76,8.25505,11.85786,2.310e-04,0.892,0.083,27939
77,8.28899,11.85786,2.340e-04,0.975,0.085,27951
78,8.25208,11.85786,2.370e-04,0.918,0.090,27977
79,8.17557,11.85786,2.400e-04,0.832,0.087,28109
80,8.19751,11.85786,2.430e-04,0.811,0.097,27999
81,8.07240,11.85786,2.460e-04,0.818,0.100,27632
82,8.03833,11.85786,2.490e-04,0.787,0.089,27945
83,8.04217,11.85786,2.520e-04,0.731,0.099,27953
84,7.98735,11.85786,2.550e-04,0.771,0.117,27968
85,7.88601,11.85786,2.580e-04,0.698,0.115,28094
86,8.02216,11.85786,2.610e-04,0.716,0.124,27970
87,7.95162,11.85786,2.640e-04,0.654,0.118,27916
88,7.84010,11.85786,2.670e-04,0.601,0.126,27923
89,7.90316,11.85786,2.700e-04,0.542,0.132,27936
90,7.72064,11.85786,2.730e-04,0.557,0.191,27981
91,7.73394,11.85786,2.760e-04,0.586,0.279,28093
92,7.72741,11.85786,2.790e-04,0.498,0.124,27971
93,7.68486,11.85786,2.820e-04,0.562,0.262,27925
94,7.68976,11.85786,2.850e-04,0.482,0.160,27937
95,7.66965,11.85786,2.880e-04,0.469,0.155,27914
96,7.65919,11.85786,2.910e-04,0.452,0.185,28054
97,7.60710,11.85786,2.940e-04,0.473,0.171,28105
98,7.47849,11.85786,2.970e-04,0.546,0.326,27959
99,7.62486,11.85786,3.000e-04,0.424,0.224,27940
100,7.50445,11.85786,3.030e-04,0.693,0.507,27939
101,7.58156,11.85786,3.060e-04,0.455,0.292,27736
102,7.49479,11.85786,3.090e-04,0.436,0.287,27937
103,7.55920,11.85786,3.120e-04,0.738,0.574,28049
104,7.51017,11.85786,3.150e-04,0.392,0.248,27926
105,7.52681,11.85786,3.180e-04,0.406,0.276,27945
106,7.41377,11.85786,3.210e-04,0.476,0.323,27944
107,7.53128,11.85786,3.240e-04,0.370,0.228,27949
108,7.37015,11.85786,3.270e-04,0.509,0.389,28103
109,7.38933,11.85786,3.300e-04,0.457,0.319,27994
110,7.43118,11.85786,3.330e-04,0.641,0.544,27978
111,7.41447,11.85786,3.360e-04,0.408,0.268,27923
112,7.42942,11.85786,3.390e-04,0.430,0.306,28015
113,7.40539,11.85786,3.420e-04,0.617,0.524,28045
114,7.39460,11.85786,3.450e-04,0.515,0.396,28087
115,7.43543,11.85786,3.480e-04,0.456,0.337,28002
116,7.25235,11.85786,3.510e-04,0.434,0.340,27962
117,7.33879,11.85786,3.540e-04,0.348,0.236,27944
118,7.35174,11.85786,3.570e-04,0.413,0.307,27933
119,7.30593,11.85786,3.600e-04,0.294,0.165,27998
120,7.34520,11.85786,3.630e-04,0.390,0.293,28098
121,7.33121,11.85786,3.660e-04,0.578,0.497,27634
122,7.22098,11.85786,3.690e-04,1.012,0.841,27963
123,7.21295,11.85786,3.720e-04,0.979,0.849,27955
124,7.18996,11.85786,3.750e-04,0.510,0.405,27956
125,7.16973,11.85786,3.780e-04,0.996,0.845,28016
126,7.25665,11.85786,3.810e-04,0.487,0.391,28157
127,7.22653,11.85786,3.840e-04,0.486,0.365,27942
128,7.24300,11.85786,3.870e-04,0.561,0.442,27966
129,7.27840,11.85786,3.900e-04,0.423,0.313,27922
130,7.22473,11.85786,3.930e-04,0.704,0.581,27909
131,7.14476,11.85786,3.960e-04,0.356,0.261,28047
132,7.04944,11.85786,3.990e-04,0.536,0.442,28083
133,7.20561,11.85786,4.020e-04,0.496,0.388,27934
134,7.11602,11.85786,4.050e-04,0.485,0.366,27894
135,7.14028,11.85786,4.080e-04,0.642,0.519,27970
136,7.10185,11.85786,4.110e-04,0.430,0.355,27974
137,6.97594,11.85786,4.140e-04,0.597,0.494,28185
138,7.07071,11.85786,4.170e-04,0.475,0.378,28046
139,7.00569,11.85786,4.200e-04,0.465,0.391,27952
140,6.94337,11.85786,4.230e-04,0.561,0.468,27959
141,7.13793,11.85786,4.260e-04,0.431,0.346,27655
142,7.04282,11.85786,4.290e-04,0.405,0.313,27904
143,6.97859,11.85786,4.320e-04,0.308,0.199,28127
144,6.97273,11.85786,4.350e-04,0.589,0.503,27997
145,7.05156,11.85786,4.380e-04,0.386,0.285,27941
146,7.06206,11.85786,4.410e-04,0.587,0.525,27972
147,6.91086,11.85786,4.440e-04,0.562,0.466,27928
148,7.02577,11.85786,4.470e-04,0.434,0.346,27954
149,6.97033,11.85786,4.500e-04,0.430,0.317,28103
150,7.06904,11.85786,4.530e-04,0.635,0.558,28000
151,6.91440,11.85786,4.560e-04,0.454,0.390,27951
152,7.00875,11.85786,4.590e-04,0.422,0.345,27924
153,6.86186,11.85786,4.620e-04,0.494,0.426,27968
154,6.85718,11.85786,4.650e-04,0.517,0.426,28007
155,6.90936,11.85786,4.680e-04,0.401,0.314,28073
156,6.99718,11.85786,4.710e-04,0.501,0.440,27992
157,6.89484,11.85786,4.740e-04,0.570,0.484,27952
158,6.91327,11.85786,4.770e-04,0.449,0.380,27934
159,6.91308,11.85786,4.800e-04,0.645,0.562,28005
160,6.91809,11.85786,4.830e-04,0.654,0.598,27997
161,6.90397,11.85786,4.860e-04,0.588,0.494,27693
162,7.03070,11.85786,4.890e-04,0.648,0.558,27960
163,6.67642,11.85786,4.920e-04,0.967,0.916,27919
164,6.92347,11.85786,4.950e-04,0.702,0.638,27998
165,6.96011,11.85786,4.980e-04,0.834,0.775,27985
166,6.78075,11.85786,5.010e-04,0.640,0.550,28016
167,6.93279,11.85786,5.040e-04,0.582,0.521,28109
168,6.80165,11.85786,5.070e-04,0.550,0.469,27935
169,6.83001,11.85786,5.100e-04,0.623,0.575,27936
170,6.71886,11.85786,5.130e-04,0.658,0.592,27935
171,6.74354,11.85786,5.160e-04,0.754,0.693,27913
172,6.80038,11.85786,5.190e-04,0.553,0.496,28072
173,6.81125,11.85786,5.220e-04,0.515,0.436,28025
174,6.77545,11.85786,5.250e-04,0.595,0.540,27957
175,6.72379,11.85786,5.280e-04,0.480,0.406,27948
176,6.76421,11.85786,5.310e-04,0.445,0.386,27940
177,6.97889,11.85786,5.340e-04,0.458,0.394,27940
178,6.83875,11.85786,5.370e-04,0.511,0.442,28088
179,6.77443,11.85786,5.400e-04,0.456,0.380,28036
180,6.66124,11.85786,5.430e-04,0.563,0.485,27925
181,6.71811,11.85786,5.460e-04,0.491,0.413,27572
182,6.93246,11.85786,5.490e-04,0.619,0.543,27890
183,6.74464,11.85786,5.520e-04,0.467,0.401,27975
184,6.72664,11.85786,5.550e-04,0.630,0.549,28077
185,6.58436,11.85786,5.580e-04,0.651,0.573,27974
186,6.72689,11.85786,5.610e-04,0.439,0.367,27945
187,6.81224,11.85786,5.640e-04,0.757,0.672,27949
188,6.71961,11.85786,5.670e-04,0.908,0.859,27942
189,6.73800,11.85786,5.700e-04,0.701,0.626,28003
190,6.64923,11.85786,5.730e-04,0.679,0.609,28083
191,6.71979,11.85786,5.760e-04,0.715,0.664,27959
192,6.51570,11.85786,5.790e-04,0.665,0.571,27933
193,6.63220,11.85786,5.820e-04,0.922,0.875,27961
194,6.64282,11.85786,5.850e-04,0.741,0.683,27950
195,6.67396,11.85786,5.880e-04,0.782,0.733,28024
196,6.72178,11.85786,5.910e-04,0.685,0.629,28085
197,6.59101,11.85786,5.940e-04,1.025,0.981,27946
198,6.58110,11.85786,5.970e-04,0.823,0.782,27945
199,6.58847,11.85786,6.000e-04,0.651,0.594,27930
200,6.47380,11.85786,6.000e-04,0.649,0.606,27915
201,6.62551,11.85786,6.000e-04,0.763,0.711,27706
202,6.60918,11.85786,6.000e-04,0.732,0.685,27997
203,6.52504,11.85786,6.000e-04,0.666,0.613,27957
204,6.53796,11.85786,6.000e-04,0.639,0.578,27990
205,6.38295,11.85786,6.000e-04,0.859,0.806,27933
206,6.70547,11.85786,6.000e-04,0.738,0.674,27931
207,6.53742,11.85786,6.000e-04,1.074,1.017,28081
208,6.58295,11.85786,6.000e-04,0.624,0.573,27995
209,6.38597,11.85786,6.000e-04,0.969,0.909,27966
210,6.55543,11.85786,6.000e-04,0.617,0.567,27914
211,6.52459,11.85786,6.000e-04,0.504,0.440,27927
212,6.45288,11.85786,6.000e-04,0.728,0.673,27964
213,6.52934,11.85786,6.000e-04,0.579,0.522,28069
214,6.46472,11.85786,6.000e-04,0.491,0.412,27999
215,6.47584,11.85786,6.000e-04,0.668,0.607,27899
216,6.52107,11.85786,6.000e-04,0.719,0.655,28001
217,6.42463,11.85786,6.000e-04,0.831,0.753,27922
218,6.55941,11.85786,5.999e-04,0.895,0.852,27950
219,6.42837,11.85786,5.999e-04,0.709,0.640,28089
220,6.59603,11.85786,5.999e-04,0.806,0.743,27895
221,6.55383,11.85786,5.999e-04,0.659,0.571,27555
222,6.40668,11.85786,5.999e-04,0.777,0.727,27893
223,6.47842,11.85786,5.999e-04,0.784,0.710,27940
224,6.54752,11.85786,5.999e-04,0.716,0.650,28007
225,6.56897,11.85786,5.999e-04,0.956,0.889,28034
226,6.28788,11.85786,5.999e-04,0.712,0.655,27929
227,6.46918,11.85786,5.999e-04,0.938,0.880,27978
228,6.48325,11.85786,5.999e-04,0.600,0.539,27949
229,6.52693,11.85786,5.999e-04,0.765,0.683,27933
230,6.50325,11.85786,5.998e-04,0.728,0.673,28036
231,6.47717,11.85786,5.998e-04,0.540,0.478,28055
232,6.41515,11.85786,5.998e-04,0.726,0.650,27921
233,6.46298,11.85786,5.998e-04,0.687,0.609,27937
234,6.38896,11.85786,5.998e-04,0.783,0.732,27942
235,6.58974,11.85786,5.998e-04,0.651,0.574,27910
236,6.50873,11.85786,5.998e-04,0.860,0.802,28108
237,6.48799,11.85786,5.998e-04,0.553,0.504,28005
238,6.54227,11.85786,5.998e-04,0.838,0.788,27932
239,6.48680,11.85786,5.997e-04,0.647,0.579,27909
240,6.52435,11.85786,5.997e-04,0.665,0.611,27945
241,6.55578,11.85786,5.997e-04,0.703,0.651,27752
242,6.51499,11.85786,5.997e-04,0.630,0.563,27952
243,6.41080,11.85786,5.997e-04,0.753,0.701,27933
244,6.35489,11.85786,5.997e-04,0.703,0.653,27937
245,6.40641,11.85786,5.997e-04,0.898,0.846,27911
246,6.39204,11.85786,5.996e-04,0.628,0.570,27953
247,6.33408,11.85786,5.996e-04,0.826,0.775,28041
248,6.42854,11.85786,5.996e-04,0.618,0.565,28102
249,6.31196,11.85786,5.996e-04,0.718,0.667,27966
250,6.18290,6.31622,5.996e-04,0.635,0.572,8435
251,6.44741,6.31622,5.996e-04,0.717,0.669,28008
252,6.41166,6.31622,5.995e-04,0.686,0.636,27909
253,6.48289,6.31622,5.995e-04,0.584,0.518,27958
254,6.34402,6.31622,5.995e-04,0.695,0.626,27921
255,6.34693,6.31622,5.995e-04,0.573,0.522,28073
256,6.45059,6.31622,5.995e-04,0.593,0.538,27975
257,6.38122,6.31622,5.994e-04,0.744,0.692,27927
258,6.28864,6.31622,5.994e-04,0.668,0.615,27936
259,6.36641,6.31622,5.994e-04,0.937,0.878,27924
260,6.23057,6.31622,5.994e-04,0.729,0.673,27936
261,6.26891,6.31622,5.994e-04,0.943,0.895,27661
262,6.31333,6.31622,5.993e-04,0.869,0.788,28027
263,6.22929,6.31622,5.993e-04,0.884,0.844,27950
264,6.24915,6.31622,5.993e-04,0.688,0.620,27954
265,6.23187,6.31622,5.993e-04,0.776,0.716,27946
266,6.38048,6.31622,5.993e-04,0.644,0.579,27964
267,6.35814,6.31622,5.992e-04,0.770,0.713,28105
268,6.24095,6.31622,5.992e-04,0.651,0.596,27967
269,6.33053,6.31622,5.992e-04,0.884,0.834,27945
270,6.16643,6.31622,5.992e-04,0.744,0.684,27977
271,6.30258,6.31622,5.991e-04,0.730,0.660,27959
272,6.37762,6.31622,5.991e-04,0.742,0.674,28015
273,6.20093,6.31622,5.991e-04,0.756,0.697,28111
274,6.33422,6.31622,5.991e-04,0.668,0.594,27986
275,6.48693,6.31622,5.990e-04,0.705,0.621,27884
276,6.28512,6.31622,5.990e-04,0.712,0.662,27954
277,6.07597,6.31622,5.990e-04,0.774,0.713,27910
278,6.26851,6.31622,5.990e-04,0.681,0.618,28008
279,6.35195,6.31622,5.989e-04,0.778,0.706,28042
280,6.26721,6.31622,5.989e-04,0.752,0.703,27922
281,6.20822,6.31622,5.989e-04,0.625,0.569,27613
282,6.27253,6.31622,5.989e-04,0.765,0.713,27887
283,6.16145,6.31622,5.988e-04,0.743,0.691,27908
284,6.46992,6.31622,5.988e-04,0.646,0.591,28067
285,6.08359,6.31622,5.988e-04,0.863,0.818,28033
286,6.23465,6.31622,5.987e-04,0.647,0.595,27926
287,6.28837,6.31622,5.987e-04,0.662,0.614,27917
288,6.48611,6.31622,5.987e-04,0.571,0.514,27945
289,6.16113,6.31622,5.987e-04,0.690,0.631,27969
290,6.17904,6.31622,5.986e-04,0.673,0.620,28072
291,6.33137,6.31622,5.986e-04,0.655,0.595,27973
292,6.12478,6.31622,5.986e-04,0.708,0.653,28010
293,6.25125,6.31622,5.985e-04,0.569,0.516,27943
294,6.32336,6.31622,5.985e-04,0.596,0.525,27935
295,6.26404,6.31622,5.985e-04,0.703,0.647,27949
296,6.20290,6.31622,5.984e-04,0.590,0.535,28088
297,6.32832,6.31622,5.984e-04,0.631,0.576,27969
298,6.16193,6.31622,5.984e-04,0.616,0.557,27927
299,6.29680,6.31622,5.983e-04,0.489,0.426,27963
300,6.07815,6.31622,5.983e-04,0.679,0.624,27951
301,6.19360,6.31622,5.983e-04,0.723,0.670,27710
302,6.19487,6.31622,5.982e-04,0.648,0.601,28083
303,6.19750,6.31622,5.982e-04,0.596,0.529,27914
304,6.24492,6.31622,5.982e-04,0.636,0.581,27965
305,6.15331,6.31622,5.981e-04,0.556,0.498,27915
306,5.97491,6.31622,5.981e-04,0.916,0.862,27957
307,6.22978,6.31622,5.981e-04,0.547,0.483,28014
308,6.08021,6.31622,5.980e-04,0.657,0.604,28082
309,6.33533,6.31622,5.980e-04,0.555,0.500,27921
310,6.21013,6.31622,5.979e-04,0.704,0.653,27909
311,6.34210,6.31622,5.979e-04,0.532,0.470,27941
312,6.13918,6.31622,5.979e-04,0.747,0.689,28069
313,6.12432,6.31622,5.978e-04,0.625,0.565,28071
314,6.04555,6.31622,5.978e-04,0.659,0.614,28069
315,6.24539,6.31622,5.978e-04,0.649,0.584,27935
316,6.33471,6.31622,5.977e-04,0.669,0.580,27995
317,6.13944,6.31622,5.977e-04,0.687,0.632,27931
318,6.12545,6.31622,5.976e-04,0.894,0.813,27938
319,6.08763,6.31622,5.976e-04,0.724,0.656,28067
320,6.13939,6.31622,5.976e-04,0.756,0.699,28019
321,6.07141,6.31622,5.975e-04,0.786,0.728,27666
322,5.92355,6.31622,5.975e-04,0.849,0.787,27961
323,6.27755,6.31622,5.974e-04,0.731,0.680,27886
324,6.15939,6.31622,5.974e-04,0.663,0.610,27972
325,6.19706,6.31622,5.973e-04,0.550,0.487,28076
326,6.30813,6.31622,5.973e-04,0.723,0.664,27989
327,6.06670,6.31622,5.973e-04,0.705,0.644,27954
328,6.02529,6.31622,5.972e-04,0.804,0.752,27918
329,6.16395,6.31622,5.972e-04,0.661,0.593,27950
330,6.14228,6.31622,5.971e-04,0.737,0.677,27945
331,6.10146,6.31622,5.971e-04,0.726,0.662,28113
332,6.05051,6.31622,5.970e-04,0.703,0.651,27950
333,6.19354,6.31622,5.970e-04,0.767,0.706,27917
334,6.08111,6.31622,5.970e-04,0.628,0.571,27993
335,6.21214,6.31622,5.969e-04,0.702,0.637,27964
336,6.32454,6.31622,5.969e-04,0.621,0.567,28002
337,6.19251,6.31622,5.968e-04,0.729,0.675,28117
338,6.13455,6.31622,5.968e-04,0.606,0.552,27925
339,6.19710,6.31622,5.967e-04,0.666,0.611,27900
340,5.93205,6.31622,5.967e-04,0.726,0.669,27938
341,5.97747,6.31622,5.966e-04,0.715,0.659,27705
342,6.20538,6.31622,5.966e-04,0.692,0.636,27940
343,5.87362,6.31622,5.965e-04,0.727,0.677,28052
344,6.11026,6.31622,5.965e-04,0.607,0.540,27950
345,6.26448,6.31622,5.964e-04,0.676,0.621,27943
346,6.07160,6.31622,5.964e-04,0.761,0.707,27939
347,6.14544,6.31622,5.963e-04,0.714,0.652,27899
348,6.05402,6.31622,5.963e-04,0.639,0.586,28072
349,5.93928,6.31622,5.962e-04,1.029,0.970,28013
350,6.00371,6.31622,5.962e-04,0.768,0.717,27933
351,6.21960,6.31622,5.961e-04,0.569,0.501,27904
352,6.04020,6.31622,5.961e-04,0.761,0.710,27939
353,6.11741,6.31622,5.960e-04,0.617,0.561,27903
354,6.00651,6.31622,5.960e-04,0.800,0.751,28116
355,6.15462,6.31622,5.959e-04,0.626,0.571,27991
356,6.16222,6.31622,5.959e-04,0.676,0.616,27944
357,6.18799,6.31622,5.958e-04,0.793,0.740,27950
358,6.11155,6.31622,5.958e-04,0.709,0.658,27928
359,6.14546,6.31622,5.957e-04,0.840,0.784,28060
360,5.99641,6.31622,5.957e-04,0.703,0.645,28107
361,6.19310,6.31622,5.956e-04,0.926,0.875,27632
362,6.07973,6.31622,5.956e-04,0.642,0.587,27971
363,6.05955,6.31622,5.955e-04,0.814,0.761,27966
364,6.08056,6.31622,5.954e-04,0.624,0.567,27964
365,6.31551,6.31622,5.954e-04,0.645,0.587,28007
366,5.99992,6.31622,5.953e-04,0.864,0.804,28118
367,6.04170,6.31622,5.953e-04,0.764,0.710,27986
368,6.09910,6.31622,5.952e-04,0.632,0.574,27953
369,6.10934,6.31622,5.952e-04,0.765,0.697,27937
370,5.92986,6.31622,5.951e-04,0.770,0.716,27956
371,5.88391,6.31622,5.950e-04,0.845,0.787,28028
372,5.97556,6.31622,5.950e-04,0.661,0.599,28066
373,6.03682,6.31622,5.949e-04,0.772,0.719,27925
374,6.01686,6.31622,5.949e-04,0.756,0.700,27954
375,5.98735,6.31622,5.948e-04,0.740,0.677,27968
376,6.10944,6.31622,5.948e-04,0.682,0.627,27893
377,6.06083,6.31622,5.947e-04,0.724,0.666,28061
378,6.02451,6.31622,5.946e-04,0.828,0.773,28051
379,6.02111,6.31622,5.946e-04,0.581,0.524,27953
380,6.05876,6.31622,5.945e-04,0.724,0.664,27976
381,5.89156,6.31622,5.945e-04,0.842,0.792,27637
382,5.90222,6.31622,5.944e-04,0.711,0.653,27878
383,6.08870,6.31622,5.943e-04,0.855,0.802,28130
384,5.82783,6.31622,5.943e-04,0.743,0.684,28015
385,6.20613,6.31622,5.942e-04,0.826,0.767,27957
386,6.14585,6.31622,5.941e-04,0.736,0.679,27961
387,6.12903,6.31622,5.941e-04,0.651,0.592,27928
388,5.98982,6.31622,5.940e-04,0.823,0.772,27944
389,5.99472,6.31622,5.940e-04,0.712,0.648,28094
390,5.84929,6.31622,5.939e-04,0.664,0.601,27967
391,6.00608,6.31622,5.938e-04,0.685,0.628,27936
392,5.94129,6.31622,5.938e-04,0.747,0.687,27904
393,5.96217,6.31622,5.937e-04,0.592,0.535,27939
394,6.10902,6.31622,5.936e-04,0.708,0.637,27939
395,5.96059,6.31622,5.936e-04,0.783,0.726,28114
396,5.90204,6.31622,5.935e-04,0.689,0.625,27946
397,5.93092,6.31622,5.934e-04,0.701,0.651,27922
398,5.94761,6.31622,5.934e-04,0.711,0.647,27927
399,6.07709,6.31622,5.933e-04,0.659,0.602,27927
400,6.07795,6.31622,5.932e-04,0.729,0.679,28019
401,5.95187,6.31622,5.932e-04,0.752,0.702,27687
402,5.93424,6.31622,5.931e-04,0.679,0.599,27967
403,5.87825,6.31622,5.930e-04,0.824,0.774,27960
404,5.97390,6.31622,5.930e-04,0.833,0.766,27915
405,5.95562,6.31622,5.929e-04,0.709,0.642,27953
406,5.99621,6.31622,5.928e-04,0.945,0.897,28049
407,6.00956,6.31622,5.928e-04,0.813,0.759,28065
408,5.85620,6.31622,5.927e-04,0.798,0.742,27930
409,5.96719,6.31622,5.926e-04,0.702,0.641,27930
410,6.07376,6.31622,5.925e-04,0.639,0.587,27931
411,5.87668,6.31622,5.925e-04,0.858,0.803,27942
412,6.02390,6.31622,5.924e-04,0.771,0.719,28074
413,6.08581,6.31622,5.923e-04,0.681,0.622,27982
414,5.90707,6.31622,5.923e-04,0.872,0.812,27935
415,6.01359,6.31622,5.922e-04,0.574,0.516,27924
416,5.87034,6.31622,5.921e-04,0.805,0.749,27961
417,5.97712,6.31622,5.920e-04,0.708,0.657,27951
418,6.03147,6.31622,5.920e-04,0.692,0.635,28143
419,5.99882,6.31622,5.919e-04,0.633,0.573,27992
420,6.07771,6.31622,5.918e-04,0.628,0.569,27954
421,5.80025,6.31622,5.917e-04,0.669,0.617,27617
422,5.86195,6.31622,5.917e-04,0.667,0.611,27947
423,5.99175,6.31622,5.916e-04,0.623,0.558,27972
424,5.97074,6.31622,5.915e-04,0.762,0.703,28165
425,5.81434,6.31622,5.914e-04,0.646,0.589,27967
426,5.92546,6.31622,5.914e-04,0.682,0.614,27974
427,6.05751,6.31622,5.913e-04,0.624,0.559,27995
428,5.97469,6.31622,5.912e-04,0.718,0.656,27968
429,6.09910,6.31622,5.911e-04,0.618,0.557,28020
430,6.00442,6.31622,5.911e-04,0.574,0.515,28107
431,6.00593,6.31622,5.910e-04,0.572,0.509,27965
432,6.02887,6.31622,5.909e-04,0.607,0.537,27939
433,6.05917,6.31622,5.908e-04,0.581,0.512,27946
434,5.83822,6.31622,5.907e-04,0.674,0.612,27938
435,5.90333,6.31622,5.907e-04,0.631,0.574,28025
436,5.84795,6.31622,5.906e-04,0.632,0.574,28086
437,5.96406,6.31622,5.905e-04,0.609,0.546,27956
438,5.78361,6.31622,5.904e-04,0.751,0.701,27924
439,5.88187,6.31622,5.904e-04,0.770,0.701,27952
440,5.77613,6.31622,5.903e-04,0.803,0.745,27964
441,6.02042,6.31622,5.902e-04,0.753,0.694,27680
442,5.91610,6.31622,5.901e-04,0.725,0.657,28027
443,5.79501,6.31622,5.900e-04,0.715,0.654,27923
444,6.07146,6.31622,5.899e-04,0.769,0.675,27932
445,5.72920,6.31622,5.899e-04,0.794,0.738,27985
446,6.01457,6.31622,5.898e-04,0.755,0.680,27929
447,5.95682,6.31622,5.897e-04,0.735,0.670,28055
448,5.90750,6.31622,5.896e-04,0.812,0.747,28011
449,5.84359,6.31622,5.895e-04,0.748,0.681,28014
450,5.87578,6.31622,5.894e-04,0.662,0.600,27955
451,6.03896,6.31622,5.894e-04,0.742,0.671,27937
452,5.80229,6.31622,5.893e-04,0.789,0.727,27952
453,6.04683,6.31622,5.892e-04,0.768,0.699,28103
454,5.86986,6.31622,5.891e-04,0.676,0.605,28044
455,5.76735,6.31622,5.890e-04,0.830,0.780,27967
456,6.01824,6.31622,5.889e-04,0.682,0.619,27955
457,5.86465,6.31622,5.889e-04,0.752,0.687,27964
458,6.00399,6.31622,5.888e-04,0.636,0.569,27963
459,6.01077,6.31622,5.887e-04,0.774,0.711,28111
460,5.86380,6.31622,5.886e-04,0.664,0.600,27969
461,5.92775,6.31622,5.885e-04,0.734,0.680,27625
462,5.77100,6.31622,5.884e-04,0.666,0.609,27920
463,6.00823,6.31622,5.883e-04,0.689,0.629,27933
464,5.96068,6.31622,5.882e-04,0.665,0.608,28028
465,6.11943,6.31622,5.882e-04,0.675,0.616,28089
466,5.72954,6.31622,5.881e-04,0.676,0.616,27944
467,5.96185,6.31622,5.880e-04,0.693,0.625,27947
468,5.74891,6.31622,5.879e-04,0.779,0.721,27940
469,6.02546,6.31622,5.878e-04,0.642,0.576,28020
470,5.81636,6.31622,5.877e-04,0.711,0.652,28065
471,5.98394,6.31622,5.876e-04,0.829,0.759,28181
472,5.88024,6.31622,5.875e-04,0.666,0.603,27936
473,5.89178,6.31622,5.874e-04,0.783,0.726,27970
474,5.95097,6.31622,5.873e-04,0.623,0.562,27942
475,5.94490,6.31622,5.872e-04,0.672,0.612,27939
476,5.92538,6.31622,5.872e-04,0.795,0.731,28044
477,5.78940,6.31622,5.871e-04,0.864,0.800,28060
478,5.73277,6.31622,5.870e-04,1.014,0.960,27958
479,5.82259,6.31622,5.869e-04,0.762,0.705,27962
480,6.06492,6.31622,5.868e-04,0.656,0.587,27944
481,5.76355,6.31622,5.867e-04,0.974,0.916,27717
482,5.84550,6.31622,5.866e-04,0.638,0.573,27958
483,6.06869,6.31622,5.865e-04,0.710,0.648,28020
484,6.08685,6.31622,5.864e-04,0.617,0.551,27938
485,5.93771,6.31622,5.863e-04,0.728,0.661,27935
486,5.78136,6.31622,5.862e-04,0.647,0.586,27967
487,5.82432,6.31622,5.861e-04,0.843,0.780,27951
488,5.96633,6.31622,5.860e-04,0.616,0.557,28122
489,6.07133,6.31622,5.859e-04,0.632,0.577,28004
490,5.89121,6.31622,5.858e-04,0.666,0.608,27918
491,6.03754,6.31622,5.857e-04,0.679,0.608,27968
492,5.87012,6.31622,5.856e-04,0.818,0.762,27966
493,5.91532,6.31622,5.855e-04,0.653,0.596,27977
494,5.92286,6.31622,5.854e-04,0.690,0.633,28078
495,6.29413,6.31622,5.853e-04,0.753,0.692,27987
496,5.90021,6.31622,5.852e-04,0.707,0.646,27957
497,5.92616,6.31622,5.851e-04,0.669,0.610,27928
498,5.84213,6.31622,5.850e-04,0.770,0.716,27924
499,5.79288,6.31622,5.849e-04,0.632,0.571,28019
500,5.95662,5.79746,5.848e-04,0.708,0.640,8409
501,5.92487,5.79746,5.847e-04,0.676,0.586,28009
502,5.71367,5.79746,5.846e-04,0.800,0.745,28036
503,5.78411,5.79746,5.845e-04,0.744,0.678,27926
504,5.81163,5.79746,5.844e-04,0.759,0.694,27970
505,5.74224,5.79746,5.843e-04,0.688,0.626,27897
506,5.91618,5.79746,5.842e-04,0.740,0.679,27939
507,5.92725,5.79746,5.841e-04,0.643,0.580,28073
508,5.89645,5.79746,5.840e-04,0.745,0.679,28019
509,5.83126,5.79746,5.839e-04,0.694,0.632,27908
510,5.95140,5.79746,5.838e-04,0.771,0.711,27961
511,5.65011,5.79746,5.837e-04,0.977,0.921,27659
512,5.73608,5.79746,5.836e-04,0.695,0.634,27990
513,5.63456,5.79746,5.835e-04,0.794,0.729,28102
514,5.87154,5.79746,5.834e-04,0.624,0.564,28028
515,5.80082,5.79746,5.833e-04,0.736,0.677,27920
516,5.79019,5.79746,5.832e-04,0.686,0.629,27926
517,5.80826,5.79746,5.831e-04,0.679,0.613,27918
518,5.75703,5.79746,5.830e-04,0.656,0.589,28029
519,5.80627,5.79746,5.829e-04,0.673,0.611,28100
520,5.82543,5.79746,5.828e-04,0.787,0.725,27932
521,5.95944,5.79746,5.827e-04,0.696,0.621,27644
522,5.63842,5.79746,5.826e-04,0.762,0.699,27894
523,5.76902,5.79746,5.825e-04,0.723,0.667,27946
524,5.93837,5.79746,5.824e-04,0.765,0.690,28010
525,5.81498,5.79746,5.822e-04,0.678,0.617,28101
526,5.69473,5.79746,5.821e-04,0.838,0.779,27959
527,5.74239,5.79746,5.820e-04,0.649,0.589,27922
528,5.78347,5.79746,5.819e-04,0.770,0.713,27943
529,5.81909,5.79746,5.818e-04,0.710,0.644,27931
530,5.76281,5.79746,5.817e-04,0.671,0.611,28068
531,5.73991,5.79746,5.816e-04,0.720,0.650,28019
532,5.80788,5.79746,5.815e-04,0.730,0.666,27932
533,5.83091,5.79746,5.814e-04,0.596,0.523,27941
534,5.90940,5.79746,5.813e-04,0.707,0.646,27993
535,5.65615,5.79746,5.812e-04,0.756,0.695,27948
536,5.86871,5.79746,5.810e-04,0.665,0.604,28137
537,5.86420,5.79746,5.809e-04,0.602,0.541,27981
538,5.65014,5.79746,5.808e-04,0.718,0.660,27940
539,5.94454,5.79746,5.807e-04,0.597,0.526,27908
540,5.76433,5.79746,5.806e-04,0.682,0.617,27895
541,5.82537,5.79746,5.805e-04,0.595,0.533,27672
542,5.73007,5.79746,5.804e-04,0.640,0.574,27964
543,5.73270,5.79746,5.803e-04,0.678,0.615,27966
544,5.81550,5.79746,5.801e-04,0.633,0.573,27899
545,5.81316,5.79746,5.800e-04,0.695,0.635,27949
546,5.99628,5.79746,5.799e-04,0.739,0.669,27906
547,5.97770,5.79746,5.798e-04,0.746,0.690,27990
548,5.90068,5.79746,5.797e-04,0.657,0.588,28123
549,5.71449,5.79746,5.796e-04,0.684,0.624,27921
550,5.75895,5.79746,5.794e-04,0.660,0.591,27936
551,5.76564,5.79746,5.793e-04,0.776,0.710,27922
552,5.71197,5.79746,5.792e-04,0.737,0.678,27872
553,5.56833,5.79746,5.791e-04,0.870,0.819,28000
554,5.89278,5.79746,5.790e-04,0.764,0.707,28029
555,5.80955,5.79746,5.789e-04,0.679,0.611,27912
556,5.88730,5.79746,5.787e-04,0.770,0.703,27955
557,5.75904,5.79746,5.786e-04,0.725,0.657,27968
558,5.65072,5.79746,5.785e-04,0.904,0.847,27940
559,5.79884,5.79746,5.784e-04,0.787,0.723,28130
560,5.70522,5.79746,5.783e-04,0.827,0.772,28070
561,5.84888,5.79746,5.782e-04,0.623,0.552,27540
562,5.65472,5.79746,5.780e-04,0.728,0.668,27954
563,5.74323,5.79746,5.779e-04,0.722,0.655,27893
564,5.90590,5.79746,5.778e-04,0.672,0.601,27925
565,5.62966,5.79746,5.777e-04,0.860,0.795,28113
566,5.72540,5.79746,5.776e-04,0.691,0.629,27995
567,5.77908,5.79746,5.774e-04,0.778,0.723,27940
568,5.65113,5.79746,5.773e-04,0.660,0.599,27894
569,5.85676,5.79746,5.772e-04,0.807,0.744,27969
570,5.71441,5.79746,5.771e-04,0.851,0.795,27970
571,5.71808,5.79746,5.769e-04,0.690,0.626,28124
572,5.81509,5.79746,5.768e-04,0.783,0.715,27982
573,5.88202,5.79746,5.767e-04,0.796,0.736,27951
574,5.83386,5.79746,5.766e-04,0.694,0.628,27952
575,5.59282,5.79746,5.765e-04,0.768,0.704,27930
576,5.84552,5.79746,5.763e-04,0.723,0.646,27963
577,5.60364,5.79746,5.762e-04,0.769,0.708,28157
578,5.75789,5.79746,5.761e-04,0.767,0.700,27928
579,5.79392,5.79746,5.760e-04,0.770,0.706,27889
580,5.81904,5.79746,5.758e-04,0.698,0.633,27972
581,5.75341,5.79746,5.757e-04,0.639,0.566,27716
582,5.53434,5.79746,5.756e-04,0.703,0.641,27924
583,5.90582,5.79746,5.755e-04,0.690,0.619,28081
584,5.59506,5.79746,5.753e-04,0.781,0.724,27951
585,5.72812,5.79746,5.752e-04,0.721,0.647,27907
586,5.75500,5.79746,5.751e-04,0.674,0.611,27968
587,5.68419,5.79746,5.749e-04,0.692,0.626,27930
588,5.81374,5.79746,5.748e-04,0.642,0.579,28020
589,5.81951,5.79746,5.747e-04,0.701,0.642,28043
590,5.98718,5.79746,5.746e-04,0.662,0.573,27934
591,5.83630,5.79746,5.744e-04,0.746,0.681,27955
592,5.94102,5.79746,5.743e-04,0.678,0.610,27934
593,5.89490,5.79746,5.742e-04,0.692,0.618,27957
594,5.78628,5.79746,5.740e-04,0.811,0.742,28064
595,5.63839,5.79746,5.739e-04,0.660,0.595,28051
596,5.76484,5.79746,5.738e-04,0.646,0.585,27981
597,5.68182,5.79746,5.737e-04,0.794,0.725,27943
598,5.79150,5.79746,5.735e-04,0.768,0.702,27924
599,5.77158,5.79746,5.734e-04,0.688,0.607,27919
600,5.70829,5.79746,5.733e-04,0.714,0.651,28090
601,5.66299,5.79746,5.731e-04,0.647,0.588,27658
602,5.91227,5.79746,5.730e-04,0.661,0.593,27916
603,5.93608,5.79746,5.729e-04,0.637,0.561,27929
604,5.78306,5.79746,5.727e-04,0.752,0.686,27945
605,5.73455,5.79746,5.726e-04,0.646,0.580,27967
606,5.84051,5.79746,5.725e-04,0.678,0.603,28094
607,5.84813,5.79746,5.723e-04,0.707,0.635,27984
608,5.70047,5.79746,5.722e-04,0.676,0.584,27931
609,5.84517,5.79746,5.721e-04,0.672,0.601,27944
610,5.76607,5.79746,5.719e-04,0.693,0.625,27948
611,5.76111,5.79746,5.718e-04,0.804,0.738,27985
612,5.76568,5.79746,5.717e-04,0.705,0.633,28091
613,6.03328,5.79746,5.715e-04,0.627,0.555,27912
614,5.84566,5.79746,5.714e-04,0.664,0.585,27941
615,5.81685,5.79746,5.713e-04,0.718,0.635,27933
616,5.86569,5.79746,5.711e-04,0.670,0.607,27934
617,5.84649,5.79746,5.710e-04,0.748,0.682,28037
618,5.70637,5.79746,5.708e-04,0.678,0.609,28075
619,5.69817,5.79746,5.707e-04,0.679,0.604,27929
620,5.75055,5.79746,5.706e-04,0.660,0.591,27944
621,5.68544,5.79746,5.704e-04,0.727,0.664,27674
622,5.56900,5.79746,5.703e-04,0.663,0.597,27845
623,5.87744,5.79746,5.702e-04,0.644,0.563,28080
624,5.58456,5.79746,5.700e-04,0.826,0.766,28070
625,5.69867,5.79746,5.699e-04,0.660,0.590,27917
626,5.45007,5.79746,5.697e-04,0.783,0.710,28004
627,5.67627,5.79746,5.696e-04,0.700,0.631,27963
628,5.60166,5.79746,5.695e-04,0.602,0.534,27926
629,5.82474,5.79746,5.693e-04,0.716,0.637,28091
630,5.79174,5.79746,5.692e-04,0.747,0.675,28010
631,5.74153,5.79746,5.690e-04,0.692,0.627,27936
632,5.55063,5.79746,5.689e-04,0.797,0.727,27905
633,5.61022,5.79746,5.688e-04,0.724,0.655,27934
634,5.58914,5.79746,5.686e-04,0.732,0.662,27949
635,5.65284,5.79746,5.685e-04,0.684,0.612,28101
636,5.80257,5.79746,5.683e-04,0.703,0.631,27991
637,5.59294,5.79746,5.682e-04,0.777,0.710,27904
638,5.61382,5.79746,5.680e-04,0.719,0.660,27956
639,5.82270,5.79746,5.679e-04,0.808,0.738,27961
640,5.73796,5.79746,5.678e-04,0.740,0.668,27983
641,5.81046,5.79746,5.676e-04,0.717,0.653,27650
642,5.50229,5.79746,5.675e-04,0.714,0.644,28008
643,5.70899,5.79746,5.673e-04,0.671,0.607,27930
644,5.73067,5.79746,5.672e-04,0.644,0.578,27903
645,5.69946,5.79746,5.670e-04,0.641,0.573,27933
646,5.70982,5.79746,5.669e-04,0.739,0.671,27981
647,5.46476,5.79746,5.667e-04,0.663,0.603,28050
648,5.68542,5.79746,5.666e-04,0.660,0.592,27905
649,5.75022,5.79746,5.665e-04,0.685,0.617,27959
650,5.76361,5.79746,5.663e-04,0.635,0.562,27942
651,5.66594,5.79746,5.662e-04,0.705,0.645,27896
652,5.92509,5.79746,5.660e-04,0.691,0.626,28073
653,5.65492,5.79746,5.659e-04,0.713,0.641,28020
654,5.54399,5.79746,5.657e-04,0.741,0.674,27937
655,5.52723,5.79746,5.656e-04,0.671,0.603,27931
656,5.71899,5.79746,5.654e-04,0.693,0.614,27948
657,5.77066,5.79746,5.653e-04,0.797,0.728,27933
658,5.71821,5.79746,5.651e-04,0.762,0.687,28073
659,5.85691,5.79746,5.650e-04,0.709,0.644,28010
660,5.60071,5.79746,5.648e-04,0.771,0.707,27951
661,5.60915,5.79746,5.647e-04,0.716,0.645,27587
662,5.78898,5.79746,5.645e-04,0.729,0.650,27894
663,5.76602,5.79746,5.644e-04,0.628,0.560,27968
664,5.85419,5.79746,5.642e-04,0.669,0.600,28119
665,5.85238,5.79746,5.641e-04,0.762,0.696,27939
666,5.56834,5.79746,5.639e-04,0.703,0.627,27935
667,5.78097,5.79746,5.638e-04,0.715,0.640,27937
668,5.64019,5.79746,5.636e-04,0.715,0.644,27930
669,5.80097,5.79746,5.635e-04,0.692,0.621,28036
670,5.58569,5.79746,5.633e-04,0.685,0.618,28130
671,5.69580,5.79746,5.632e-04,0.773,0.701,27949
672,5.78396,5.79746,5.630e-04,0.662,0.589,28016
673,5.79330,5.79746,5.629e-04,0.709,0.636,27930
674,5.72588,5.79746,5.627e-04,0.685,0.616,27976
675,5.68688,5.79746,5.626e-04,0.824,0.759,28014
676,5.59652,5.79746,5.624e-04,0.703,0.631,28098
677,5.79901,5.79746,5.622e-04,0.745,0.669,27912
678,5.74580,5.79746,5.621e-04,0.719,0.646,27963
679,5.64581,5.79746,5.619e-04,0.728,0.648,27943
680,5.72563,5.79746,5.618e-04,0.786,0.706,27940
681,5.59806,5.79746,5.616e-04,0.761,0.688,27735
682,5.71721,5.79746,5.615e-04,0.720,0.649,28059
683,5.63687,5.79746,5.613e-04,0.788,0.710,27931
684,5.75416,5.79746,5.612e-04,0.790,0.721,27950
685,5.65295,5.79746,5.610e-04,0.713,0.622,27959
686,5.65017,5.79746,5.608e-04,0.686,0.617,27926
687,5.44854,5.79746,5.607e-04,0.706,0.642,28083
688,5.68305,5.79746,5.605e-04,0.733,0.666,28032
689,5.64866,5.79746,5.604e-04,0.740,0.669,27962
690,5.82563,5.79746,5.602e-04,0.663,0.591,27935
691,5.47342,5.79746,5.601e-04,0.757,0.690,27955
692,5.95652,5.79746,5.599e-04,0.663,0.583,27966
693,5.55072,5.79746,5.597e-04,0.679,0.614,28087
694,5.68811,5.79746,5.596e-04,0.653,0.590,28106
695,5.89311,5.79746,5.594e-04,0.657,0.578,27947
696,5.58120,5.79746,5.593e-04,0.729,0.662,27940
697,5.67880,5.79746,5.591e-04,0.669,0.600,27956
698,5.79821,5.79746,5.589e-04,0.649,0.582,27942
699,5.70630,5.79746,5.588e-04,0.646,0.575,28104
700,5.78682,5.79746,5.586e-04,0.592,0.528,27954
701,5.59201,5.79746,5.585e-04,0.659,0.594,27675
702,5.45683,5.79746,5.583e-04,0.755,0.688,27912
703,5.67039,5.79746,5.581e-04,0.712,0.632,27954
704,5.61899,5.79746,5.580e-04,0.729,0.664,27986
705,5.69187,5.79746,5.578e-04,0.743,0.676,28122
706,5.72130,5.79746,5.576e-04,0.691,0.619,27936
707,5.68544,5.79746,5.575e-04,0.665,0.605,27937
708,5.79275,5.79746,5.573e-04,0.774,0.706,27933
709,5.62041,5.79746,5.572e-04,0.802,0.734,27920
710,5.50496,5.79746,5.570e-04,0.780,0.711,28050
711,5.63831,5.79746,5.568e-04,0.855,0.795,28108
712,5.51042,5.79746,5.567e-04,0.710,0.647,27922
713,5.60414,5.79746,5.565e-04,0.701,0.637,27912
714,5.52985,5.79746,5.563e-04,0.813,0.753,27927
715,5.42748,5.79746,5.562e-04,0.674,0.610,27958
716,5.44864,5.79746,5.560e-04,0.724,0.659,28104
717,5.71190,5.79746,5.558e-04,0.619,0.550,28050
718,5.49101,5.79746,5.557e-04,0.735,0.674,27955
719,5.75170,5.79746,5.555e-04,0.673,0.598,27918
720,5.59358,5.79746,5.553e-04,0.750,0.683,27938
721,5.53121,5.79746,5.552e-04,0.795,0.724,27717
722,5.57031,5.79746,5.550e-04,0.754,0.677,27933
723,5.69407,5.79746,5.548e-04,0.671,0.596,28068
724,5.64911,5.79746,5.547e-04,0.872,0.797,27921
725,5.68837,5.79746,5.545e-04,0.958,0.864,27940
726,5.56709,5.79746,5.543e-04,0.698,0.621,27948
727,5.71212,5.79746,5.542e-04,0.887,0.799,27948
728,5.93923,5.79746,5.540e-04,0.732,0.643,28117
729,5.68593,5.79746,5.538e-04,0.698,0.625,27981
730,5.49875,5.79746,5.537e-04,0.734,0.661,27925
731,5.59065,5.79746,5.535e-04,0.724,0.632,27946
732,5.70755,5.79746,5.533e-04,0.824,0.744,27979
733,5.57388,5.79746,5.531e-04,0.656,0.594,27971
734,5.76815,5.79746,5.530e-04,0.695,0.631,28125
735,5.74169,5.79746,5.528e-04,0.798,0.725,27996
736,5.65795,5.79746,5.526e-04,0.709,0.635,27950
737,5.39385,5.79746,5.525e-04,0.951,0.877,28020
738,5.65417,5.79746,5.523e-04,0.703,0.632,27981
739,5.64395,5.79746,5.521e-04,0.696,0.634,28015
740,5.61645,5.79746,5.519e-04,0.814,0.733,28104
741,5.64855,5.79746,5.518e-04,0.676,0.601,27687
742,5.64537,5.79746,5.516e-04,0.747,0.672,27944
743,5.64583,5.79746,5.514e-04,0.761,0.680,27934
744,5.48953,5.79746,5.512e-04,0.750,0.685,27947
745,5.55072,5.79746,5.511e-04,0.794,0.722,28055
746,5.65086,5.79746,5.509e-04,0.706,0.638,28057
747,5.80872,5.79746,5.507e-04,0.684,0.615,27932
748,5.64147,5.79746,5.506e-04,0.732,0.658,27935
749,5.62707,5.79746,5.504e-04,0.725,0.652,27940
750,5.85630,5.56473,5.502e-04,0.647,0.569,8450
751,5.64912,5.56473,5.500e-04,0.698,0.623,28054
752,5.65668,5.56473,5.499e-04,0.798,0.728,27860
753,5.65116,5.56473,5.497e-04,0.678,0.601,28115
754,5.51873,5.56473,5.495e-04,0.689,0.621,28017
755,5.41968,5.56473,5.493e-04,0.632,0.565,27926
756,5.64105,5.56473,5.491e-04,0.695,0.621,27968
757,5.48657,5.56473,5.490e-04,0.710,0.642,27954
758,5.68038,5.56473,5.488e-04,0.647,0.575,27927
759,5.61394,5.56473,5.486e-04,0.854,0.774,28213
760,5.62913,5.56473,5.484e-04,0.697,0.625,27961
761,5.61129,5.56473,5.483e-04,0.826,0.746,27597
762,5.90985,5.56473,5.481e-04,0.796,0.718,27959
763,5.41697,5.56473,5.479e-04,0.702,0.626,27952
764,5.37337,5.56473,5.477e-04,0.729,0.655,27984
765,5.62082,5.56473,5.475e-04,0.685,0.615,28079
766,5.58383,5.56473,5.474e-04,0.710,0.637,27964
767,5.69254,5.56473,5.472e-04,0.853,0.780,27948
768,5.62116,5.56473,5.470e-04,0.679,0.604,27925
769,5.42343,5.56473,5.468e-04,0.685,0.609,27951
770,5.45327,5.56473,5.466e-04,0.688,0.616,28025
771,5.72978,5.56473,5.465e-04,0.651,0.580,28099
772,5.65205,5.56473,5.463e-04,0.644,0.572,27972
773,5.63560,5.56473,5.461e-04,0.672,0.592,27958
774,5.45340,5.56473,5.459e-04,0.733,0.660,27954
775,5.61578,5.56473,5.457e-04,0.660,0.589,27935
776,5.70782,5.56473,5.456e-04,0.752,0.679,28043
777,5.49367,5.56473,5.454e-04,0.738,0.669,28037
778,5.49636,5.56473,5.452e-04,0.737,0.669,27932
779,5.64274,5.56473,5.450e-04,0.792,0.710,27968
780,5.67508,5.56473,5.448e-04,0.723,0.652,27947
781,5.59695,5.56473,5.446e-04,0.786,0.703,27751
782,5.46103,5.56473,5.445e-04,0.789,0.721,27959
783,5.53507,5.56473,5.443e-04,0.671,0.601,28017
784,5.66648,5.56473,5.441e-04,0.684,0.615,27921
785,5.38514,5.56473,5.439e-04,0.785,0.722,27954
786,5.57746,5.56473,5.437e-04,0.718,0.646,27942
787,5.66472,5.56473,5.435e-04,0.698,0.633,27965
788,5.52916,5.56473,5.433e-04,0.671,0.596,28111
789,5.71372,5.56473,5.432e-04,0.708,0.634,28012
790,5.60850,5.56473,5.430e-04,0.796,0.719,27946
791,5.73449,5.56473,5.428e-04,0.756,0.685,27921
792,5.43850,5.56473,5.426e-04,0.728,0.657,27916
793,5.69501,5.56473,5.424e-04,0.728,0.654,27971
794,5.53061,5.56473,5.422e-04,0.775,0.705,28083
795,5.84595,5.56473,5.420e-04,0.884,0.797,27962
796,5.75058,5.56473,5.418e-04,0.729,0.656,27931
797,5.52164,5.56473,5.417e-04,0.798,0.731,27945
798,5.56034,5.56473,5.415e-04,0.731,0.657,27954
799,5.67478,5.56473,5.413e-04,0.739,0.661,27994
800,5.57315,5.56473,5.411e-04,0.748,0.676,28113
801,5.59347,5.56473,5.409e-04,0.846,0.773,27658
802,5.68997,5.56473,5.407e-04,0.683,0.615,27922
803,5.54661,5.56473,5.405e-04,0.762,0.686,27927
804,5.36787,5.56473,5.403e-04,0.792,0.717,27966
805,5.61906,5.56473,5.401e-04,0.808,0.734,28037
806,5.64756,5.56473,5.400e-04,0.692,0.622,28064
807,5.51656,5.56473,5.398e-04,0.738,0.674,27907
808,5.49933,5.56473,5.396e-04,0.748,0.679,27932
809,5.51728,5.56473,5.394e-04,0.748,0.675,27989
810,5.49377,5.56473,5.392e-04,0.699,0.626,27899
811,5.60890,5.56473,5.390e-04,0.679,0.602,28100
812,5.62364,5.56473,5.388e-04,0.630,0.556,28021
813,5.50089,5.56473,5.386e-04,0.823,0.757,27920
814,5.67154,5.56473,5.384e-04,0.642,0.570,27945
815,5.73708,5.56473,5.382e-04,0.812,0.734,27913
816,5.66040,5.56473,5.380e-04,0.653,0.577,27941
817,5.45026,5.56473,5.378e-04,0.757,0.685,28077
818,5.50581,5.56473,5.377e-04,0.691,0.618,28017
819,5.60794,5.56473,5.375e-04,0.725,0.660,27932
820,5.70922,5.56473,5.373e-04,0.693,0.612,27928
821,5.59079,5.56473,5.371e-04,0.621,0.553,27675
822,5.59751,5.56473,5.369e-04,0.718,0.646,27923
823,5.63167,5.56473,5.367e-04,0.702,0.633,28151
824,5.47323,5.56473,5.365e-04,0.672,0.590,27988
825,5.62380,5.56473,5.363e-04,0.698,0.630,27940
826,5.57847,5.56473,5.361e-04,0.663,0.586,27995
827,5.70107,5.56473,5.359e-04,0.820,0.732,27997
828,5.54946,5.56473,5.357e-04,0.736,0.662,27969
829,5.59049,5.56473,5.355e-04,0.815,0.746,28063
830,5.63212,5.56473,5.353e-04,0.724,0.643,27962
831,5.61521,5.56473,5.351e-04,0.722,0.642,27918
832,5.67501,5.56473,5.349e-04,0.708,0.636,27907
833,5.60279,5.56473,5.347e-04,0.835,0.759,27891
834,5.67319,5.56473,5.345e-04,0.724,0.647,28003
835,5.58029,5.56473,5.343e-04,0.773,0.694,28066
836,5.63389,5.56473,5.341e-04,0.796,0.717,27897
837,5.53592,5.56473,5.339e-04,0.791,0.728,27965
838,5.48719,5.56473,5.337e-04,0.718,0.641,27931
839,5.74246,5.56473,5.335e-04,0.749,0.666,27905
840,5.31657,5.56473,5.333e-04,0.762,0.690,28047
841,5.48440,5.56473,5.331e-04,0.697,0.625,27676
842,5.60104,5.56473,5.329e-04,0.699,0.627,27999
843,5.58269,5.56473,5.327e-04,0.709,0.621,27936
844,5.58623,5.56473,5.325e-04,0.741,0.665,27935
845,5.38818,5.56473,5.323e-04,0.817,0.748,27914
846,5.51024,5.56473,5.321e-04,0.694,0.621,28107
847,5.54095,5.56473,5.319e-04,0.733,0.657,28067
848,5.69950,5.56473,5.317e-04,0.722,0.642,27927
849,5.54277,5.56473,5.315e-04,0.758,0.684,27947
850,5.52806,5.56473,5.313e-04,0.810,0.739,27919
851,5.45870,5.56473,5.311e-04,0.718,0.648,27961
852,5.63738,5.56473,5.309e-04,0.697,0.624,28087
853,5.54422,5.56473,5.307e-04,0.769,0.692,27972
854,5.57500,5.56473,5.305e-04,0.692,0.618,27918
855,5.49679,5.56473,5.303e-04,0.724,0.653,27905
856,5.44812,5.56473,5.301e-04,0.767,0.690,27965
857,5.65100,5.56473,5.299e-04,0.717,0.640,27939
858,5.61350,5.56473,5.297e-04,0.830,0.759,28068
859,5.57899,5.56473,5.295e-04,0.746,0.676,27956
860,5.56878,5.56473,5.293e-04,0.727,0.656,27908
861,5.60279,5.56473,5.291e-04,0.702,0.625,27649
862,5.41239,5.56473,5.289e-04,0.804,0.735,27906
863,5.22347,5.56473,5.287e-04,0.748,0.684,28018
864,5.31154,5.56473,5.285e-04,0.732,0.656,28039
865,5.42124,5.56473,5.283e-04,0.729,0.650,27926
866,5.52083,5.56473,5.281e-04,0.665,0.590,27929
867,5.50950,5.56473,5.279e-04,0.758,0.683,27875
868,5.48299,5.56473,5.276e-04,0.835,0.769,27962
869,5.52759,5.56473,5.274e-04,0.782,0.713,28105
870,5.61312,5.56473,5.272e-04,0.696,0.623,28047
871,5.53186,5.56473,5.270e-04,0.724,0.652,27929
872,5.57843,5.56473,5.268e-04,0.690,0.617,27920
873,5.70686,5.56473,5.266e-04,0.670,0.599,27953
874,5.41788,5.56473,5.264e-04,0.747,0.673,27983
875,5.51425,5.56473,5.262e-04,0.702,0.630,28074
876,5.60688,5.56473,5.260e-04,0.730,0.651,27984
877,5.37053,5.56473,5.258e-04,0.879,0.814,27893
878,5.43758,5.56473,5.256e-04,0.825,0.760,27942
879,5.68813,5.56473,5.254e-04,0.913,0.824,27921
880,5.40052,5.56473,5.252e-04,0.786,0.724,27979
881,5.81282,5.56473,5.249e-04,0.932,0.854,27662
882,5.37312,5.56473,5.247e-04,0.877,0.806,27963
883,5.39309,5.56473,5.245e-04,0.690,0.621,27949
884,5.34139,5.56473,5.243e-04,0.763,0.696,27920
885,5.65666,5.56473,5.241e-04,0.761,0.681,27966
886,5.61668,5.56473,5.239e-04,0.724,0.647,27988
887,5.48725,5.56473,5.237e-04,0.666,0.593,28105
888,5.61832,5.56473,5.235e-04,0.758,0.678,27945
889,5.44605,5.56473,5.233e-04,0.728,0.643,27904
890,5.57181,5.56473,5.230e-04,0.652,0.574,27955
891,5.61831,5.56473,5.228e-04,0.713,0.630,27936
892,5.68618,5.56473,5.226e-04,0.765,0.695,27984
893,5.55250,5.56473,5.224e-04,0.767,0.691,28123
894,5.38184,5.56473,5.222e-04,0.812,0.743,28012
895,5.56568,5.56473,5.220e-04,0.814,0.737,27918
896,5.43652,5.56473,5.218e-04,0.769,0.691,27947
897,5.51518,5.56473,5.216e-04,0.789,0.721,27908
898,5.29582,5.56473,5.213e-04,0.773,0.706,28042
899,5.43073,5.56473,5.211e-04,0.716,0.629,28078
900,5.57321,5.56473,5.209e-04,0.822,0.740,27936
901,5.57934,5.56473,5.207e-04,0.807,0.729,27611
902,5.57688,5.56473,5.205e-04,0.773,0.703,27936
903,5.55763,5.56473,5.203e-04,0.918,0.848,27926
904,5.62550,5.56473,5.201e-04,0.757,0.683,28102
905,5.37710,5.56473,5.198e-04,0.769,0.690,27989
906,5.40382,5.56473,5.196e-04,0.797,0.719,27931
907,5.46873,5.56473,5.194e-04,0.848,0.787,27928
908,5.41067,5.56473,5.192e-04,0.844,0.770,27919
909,5.52021,5.56473,5.190e-04,0.773,0.700,27985
910,5.46122,5.56473,5.188e-04,1.020,0.947,28094
911,5.49261,5.56473,5.185e-04,0.759,0.688,28000
912,5.48015,5.56473,5.183e-04,0.813,0.739,27938
913,5.51914,5.56473,5.181e-04,0.879,0.810,27946
914,5.61996,5.56473,5.179e-04,0.735,0.656,27920
915,5.66769,5.56473,5.177e-04,0.767,0.687,27937
916,5.43945,5.56473,5.175e-04,0.803,0.721,28146
917,5.47362,5.56473,5.172e-04,0.726,0.638,27983
918,5.40263,5.56473,5.170e-04,0.693,0.604,27924
919,5.50923,5.56473,5.168e-04,0.800,0.732,27945
920,5.46051,5.56473,5.166e-04,0.774,0.696,27948
921,5.47210,5.56473,5.164e-04,0.784,0.702,27685
922,5.51216,5.56473,5.161e-04,0.889,0.815,28077
923,5.31293,5.56473,5.159e-04,0.725,0.646,27923
924,5.56864,5.56473,5.157e-04,0.764,0.690,27956
925,5.42394,5.56473,5.155e-04,0.718,0.649,27944
926,5.43274,5.56473,5.153e-04,0.899,0.832,27995
927,5.46209,5.56473,5.150e-04,0.712,0.643,28028
928,5.47472,5.56473,5.148e-04,0.770,0.701,28043
929,5.41527,5.56473,5.146e-04,0.697,0.620,27927
930,5.47083,5.56473,5.144e-04,0.856,0.778,27933
931,5.44882,5.56473,5.142e-04,0.651,0.582,27949
932,5.46039,5.56473,5.139e-04,0.719,0.648,27934
933,5.54790,5.56473,5.137e-04,0.778,0.692,28032
934,5.56313,5.56473,5.135e-04,0.688,0.610,28042
935,5.32874,5.56473,5.133e-04,0.755,0.686,27935
936,5.26971,5.56473,5.131e-04,0.700,0.617,27969
937,5.52360,5.56473,5.128e-04,0.774,0.693,27952
938,5.53655,5.56473,5.126e-04,0.752,0.676,27932
939,5.51868,5.56473,5.124e-04,0.821,0.744,28084
940,5.50847,5.56473,5.122e-04,0.726,0.654,28001
941,5.44094,5.56473,5.119e-04,0.855,0.782,27643
942,5.48134,5.56473,5.117e-04,0.828,0.744,27935
943,5.51612,5.56473,5.115e-04,0.812,0.739,27963
944,5.72478,5.56473,5.113e-04,0.887,0.787,27975
945,5.46762,5.56473,5.110e-04,0.793,0.718,28063
946,5.54918,5.56473,5.108e-04,0.714,0.640,27989
947,5.55260,5.56473,5.106e-04,0.786,0.701,27926
948,5.57611,5.56473,5.104e-04,0.809,0.735,27933
949,5.35980,5.56473,5.101e-04,0.695,0.623,27958
950,5.50755,5.56473,5.099e-04,0.732,0.658,28003
951,5.58139,5.56473,5.097e-04,0.780,0.698,28088
952,5.57572,5.56473,5.095e-04,0.718,0.643,27956
953,5.55933,5.56473,5.092e-04,0.795,0.717,27938
954,5.58137,5.56473,5.090e-04,0.853,0.772,27931
955,5.64455,5.56473,5.088e-04,0.830,0.748,27898
956,5.54665,5.56473,5.086e-04,0.882,0.807,28005
957,5.46714,5.56473,5.083e-04,0.763,0.687,28083
958,5.47960,5.56473,5.081e-04,0.737,0.665,27925
959,5.46423,5.56473,5.079e-04,0.783,0.707,28020
960,5.36499,5.56473,5.076e-04,0.837,0.759,27912
961,5.79448,5.56473,5.074e-04,0.847,0.769,27727
962,5.44068,5.56473,5.072e-04,0.785,0.700,27937
963,5.51237,5.56473,5.070e-04,0.772,0.692,28034
964,5.47869,5.56473,5.067e-04,0.772,0.704,27956
965,5.55642,5.56473,5.065e-04,0.737,0.655,27899
966,5.42861,5.56473,5.063e-04,0.849,0.775,27890
967,5.52013,5.56473,5.060e-04,0.772,0.694,27956
968,5.43110,5.56473,5.058e-04,0.754,0.677,28092
969,5.45900,5.56473,5.056e-04,0.809,0.731,28014
970,5.36167,5.56473,5.054e-04,1.035,0.968,27948
971,5.54932,5.56473,5.051e-04,0.842,0.766,27969
972,5.67019,5.56473,5.049e-04,0.988,0.906,27936
973,5.36537,5.56473,5.047e-04,0.770,0.692,27978
974,5.38975,5.56473,5.044e-04,0.797,0.722,28105
975,5.50454,5.56473,5.042e-04,0.783,0.697,27997
976,5.61239,5.56473,5.040e-04,0.918,0.837,27928
977,5.53422,5.56473,5.037e-04,0.817,0.736,27975
978,5.36387,5.56473,5.035e-04,0.909,0.838,27977
979,5.57074,5.56473,5.033e-04,0.802,0.717,27970
980,5.37662,5.56473,5.030e-04,0.671,0.587,28107
981,5.34108,5.56473,5.028e-04,0.762,0.689,27647
982,5.29792,5.56473,5.026e-04,0.879,0.803,27946
983,5.57679,5.56473,5.023e-04,1.011,0.931,27981
984,5.43418,5.56473,5.021e-04,0.823,0.747,27967
985,5.46478,5.56473,5.019e-04,1.071,1.007,27984
986,5.39497,5.56473,5.016e-04,0.810,0.732,28097
987,5.36582,5.56473,5.014e-04,1.109,1.035,27913
988,5.44613,5.56473,5.012e-04,0.804,0.728,27895
989,5.49033,5.56473,5.009e-04,1.020,0.954,27947
990,5.64725,5.56473,5.007e-04,0.695,0.616,27916
991,5.45322,5.56473,5.005e-04,1.190,1.137,28060
992,5.42706,5.56473,5.002e-04,0.962,0.898,28101
993,5.29654,5.56473,5.000e-04,0.963,0.892,27928
994,5.39442,5.56473,4.998e-04,0.822,0.748,27927
995,5.54911,5.56473,4.995e-04,0.799,0.699,27957
996,5.32362,5.56473,4.993e-04,0.837,0.750,27928
997,5.34315,5.56473,4.991e-04,0.738,0.660,28054
998,5.34122,5.56473,4.988e-04,0.778,0.704,28048
999,5.38922,5.56473,4.986e-04,0.819,0.748,27945
1000,5.45619,5.41189,4.983e-04,0.892,0.826,8414
1001,5.39912,5.41189,4.981e-04,1.166,1.106,27969
1002,5.50549,5.41189,4.979e-04,0.801,0.704,27958
1003,5.51857,5.41189,4.976e-04,1.161,1.087,27904
1004,5.33307,5.41189,4.974e-04,0.827,0.756,27991
1005,5.49113,5.41189,4.972e-04,1.007,0.921,28097
1006,5.46869,5.41189,4.969e-04,0.712,0.634,27938
1007,5.30554,5.41189,4.967e-04,0.754,0.673,27931
1008,5.41696,5.41189,4.964e-04,0.899,0.822,27908
1009,5.21105,5.41189,4.962e-04,0.710,0.640,27930
1010,5.36946,5.41189,4.960e-04,0.799,0.713,28008
1011,5.51575,5.41189,4.957e-04,0.812,0.743,28078
1012,5.51316,5.41189,4.955e-04,0.701,0.617,27943
1013,5.46779,5.41189,4.952e-04,0.690,0.614,27912
1014,5.32891,5.41189,4.950e-04,0.760,0.688,27933
1015,5.23814,5.41189,4.948e-04,1.035,0.970,27897
1016,5.28412,5.41189,4.945e-04,0.788,0.716,28055
1017,5.44717,5.41189,4.943e-04,0.818,0.737,28053
1018,5.20524,5.41189,4.940e-04,0.869,0.802,27930
1019,5.38975,5.41189,4.938e-04,0.766,0.688,27965
1020,5.49811,5.41189,4.936e-04,0.948,0.876,27919
1021,5.40448,5.41189,4.933e-04,0.785,0.698,27733
1022,5.39966,5.41189,4.931e-04,0.802,0.727,27958
1023,5.33735,5.41189,4.928e-04,0.790,0.708,28014
1024,5.44118,5.41189,4.926e-04,0.859,0.787,27959
1025,5.31768,5.41189,4.924e-04,0.967,0.901,27957
1026,5.41810,5.41189,4.921e-04,0.800,0.716,28091
1027,5.41135,5.41189,4.919e-04,1.216,1.156,27934
1028,5.29924,5.41189,4.916e-04,0.827,0.750,28115
1029,5.48591,5.41189,4.914e-04,1.000,0.935,27978
1030,5.65044,5.41189,4.911e-04,0.785,0.690,27947
1031,5.51240,5.41189,4.909e-04,0.965,0.891,27939
1032,5.50236,5.41189,4.907e-04,0.806,0.727,27956
1033,5.47218,5.41189,4.904e-04,0.760,0.686,27969
1034,5.30273,5.41189,4.902e-04,0.869,0.791,28109
1035,5.44374,5.41189,4.899e-04,0.792,0.718,27976
1036,5.48342,5.41189,4.897e-04,0.809,0.732,27932
1037,5.34958,5.41189,4.894e-04,0.907,0.824,27904
1038,5.30779,5.41189,4.892e-04,0.951,0.892,27954
1039,5.31004,5.41189,4.889e-04,0.816,0.731,27961
1040,5.46596,5.41189,4.887e-04,0.851,0.771,28094
1041,5.23888,5.41189,4.885e-04,0.747,0.671,27629
1042,5.33246,5.41189,4.882e-04,0.832,0.746,27970
1043,5.28114,5.41189,4.880e-04,0.830,0.746,27934
1044,5.45003,5.41189,4.877e-04,0.742,0.662,27933
1045,5.43582,5.41189,4.875e-04,0.820,0.733,28042
1046,5.42341,5.41189,4.872e-04,0.708,0.632,28052
1047,5.29478,5.41189,4.870e-04,0.821,0.751,27964
1048,5.25788,5.41189,4.867e-04,0.813,0.731,27956
1049,5.35108,5.41189,4.865e-04,0.787,0.713,28001
1050,5.43369,5.41189,4.862e-04,0.870,0.795,27930
1051,5.37133,5.41189,4.860e-04,0.802,0.726,28041
1052,5.31500,5.41189,4.857e-04,0.788,0.714,28071
1053,5.35464,5.41189,4.855e-04,0.882,0.819,27920
1054,5.30915,5.41189,4.853e-04,0.909,0.830,27947
1055,5.33981,5.41189,4.850e-04,0.798,0.725,27956
1056,5.35842,5.41189,4.848e-04,0.876,0.805,27940
1057,5.08429,5.41189,4.845e-04,0.825,0.756,28069
1058,5.51665,5.41189,4.843e-04,0.912,0.837,27982
1059,5.28607,5.41189,4.840e-04,1.002,0.937,27974
1060,5.32007,5.41189,4.838e-04,0.857,0.782,27948
1061,5.43956,5.41189,4.835e-04,0.810,0.738,27743
1062,5.27705,5.41189,4.833e-04,0.869,0.798,27923
1063,5.47539,5.41189,4.830e-04,0.827,0.741,28102
1064,5.44782,5.41189,4.828e-04,0.791,0.705,28000
1065,5.51491,5.41189,4.825e-04,0.920,0.854,27916
1066,5.45874,5.41189,4.823e-04,0.941,0.880,27949
1067,5.40946,5.41189,4.820e-04,0.714,0.627,27933
1068,5.21213,5.41189,4.818e-04,0.788,0.709,27984
1069,5.43002,5.41189,4.815e-04,0.932,0.848,28197
1070,5.28776,5.41189,4.813e-04,1.073,1.017,27987
1071,5.39747,5.41189,4.810e-04,1.421,1.362,27960
1072,5.37232,5.41189,4.808e-04,0.868,0.790,27950
1073,5.44363,5.41189,4.805e-04,0.942,0.865,27925
1074,5.40886,5.41189,4.803e-04,0.901,0.821,28022
1075,5.31248,5.41189,4.800e-04,0.891,0.807,28121
1076,5.29700,5.41189,4.798e-04,0.759,0.686,27924
1077,5.45828,5.41189,4.795e-04,1.006,0.937,27975
1078,5.21528,5.41189,4.792e-04,0.741,0.669,27942
1079,5.46616,5.41189,4.790e-04,0.985,0.915,27920
1080,5.37410,5.41189,4.787e-04,1.334,1.281,28061
1081,5.65383,5.41189,4.785e-04,0.807,0.726,27615
1082,5.23841,5.41189,4.782e-04,1.319,1.267,27958
1083,5.46405,5.41189,4.780e-04,0.710,0.633,27930
1084,5.36090,5.41189,4.777e-04,1.250,1.195,27910
1085,5.31176,5.41189,4.775e-04,0.784,0.711,27926
1086,5.44861,5.41189,4.772e-04,1.489,1.423,28042
1087,5.42317,5.41189,4.770e-04,0.879,0.809,28065
1088,5.19538,5.41189,4.767e-04,1.451,1.391,27919
1089,5.45995,5.41189,4.765e-04,1.156,1.093,27963
1090,5.21958,5.41189,4.762e-04,1.549,1.500,27957
1091,5.29965,5.41189,4.759e-04,1.176,1.116,27988
1092,5.34222,5.41189,4.757e-04,1.241,1.176,28071
1093,5.36744,5.41189,4.754e-04,1.021,0.944,28002
1094,5.26217,5.41189,4.752e-04,1.057,0.992,28074
1095,5.46530,5.41189,4.749e-04,0.824,0.737,27931
1096,5.39551,5.41189,4.747e-04,0.844,0.771,27979
1097,5.59847,5.41189,4.744e-04,0.930,0.842,27973
1098,5.28785,5.41189,4.742e-04,0.755,0.675,28098
1099,5.11421,5.41189,4.739e-04,0.837,0.760,27975
1100,5.32464,5.41189,4.736e-04,0.913,0.842,27966
1101,5.37671,5.41189,4.734e-04,0.855,0.776,27603
1102,5.22090,5.41189,4.731e-04,0.924,0.856,27921
1103,5.22836,5.41189,4.729e-04,0.954,0.879,27992
1104,5.50774,5.41189,4.726e-04,0.806,0.728,28103
1105,5.41298,5.41189,4.724e-04,0.938,0.839,27983
1106,5.33680,5.41189,4.721e-04,1.002,0.936,27919
1107,5.42596,5.41189,4.718e-04,0.863,0.785,27940
1108,5.32615,5.41189,4.716e-04,0.944,0.861,27931
1109,5.29033,5.41189,4.713e-04,0.966,0.890,28042
1110,5.25887,5.41189,4.711e-04,0.843,0.757,28076
1111,5.32445,5.41189,4.708e-04,1.006,0.932,27935
1112,5.52947,5.41189,4.706e-04,0.810,0.720,27933
1113,5.31566,5.41189,4.703e-04,1.180,1.111,27940
1114,5.42240,5.41189,4.700e-04,0.815,0.723,27915
1115,5.26574,5.41189,4.698e-04,1.455,1.395,28082
1116,5.31958,5.41189,4.695e-04,0.853,0.773,28072
1117,5.27740,5.41189,4.693e-04,1.085,1.011,27916
1118,5.36835,5.41189,4.690e-04,0.974,0.896,27949
1119,5.28186,5.41189,4.687e-04,1.175,1.112,27935
1120,5.49052,5.41189,4.685e-04,0.798,0.718,27945
1121,5.41351,5.41189,4.682e-04,0.995,0.913,27659
1122,5.16502,5.41189,4.680e-04,0.961,0.892,28004
1123,5.39015,5.41189,4.677e-04,1.219,1.155,27937
1124,5.32337,5.41189,4.674e-04,0.852,0.771,27881
1125,5.38523,5.41189,4.672e-04,1.095,1.033,27962
1126,5.32292,5.41189,4.669e-04,1.167,1.100,27963
1127,5.45125,5.41189,4.667e-04,0.882,0.790,28092
1128,5.55292,5.41189,4.664e-04,0.758,0.665,27963
1129,5.30283,5.41189,4.661e-04,0.934,0.862,27924
1130,5.25262,5.41189,4.659e-04,1.068,0.999,27929
1131,5.38772,5.41189,4.656e-04,1.201,1.133,27918
1132,5.30663,5.41189,4.653e-04,1.023,0.951,27963
1133,5.48096,5.41189,4.651e-04,1.450,1.395,28108
1134,5.42605,5.41189,4.648e-04,1.204,1.131,27982
1135,5.27663,5.41189,4.646e-04,1.326,1.267,27921
1136,5.36891,5.41189,4.643e-04,1.070,0.975,27983
1137,5.41259,5.41189,4.640e-04,1.031,0.964,27960
1138,5.24169,5.41189,4.638e-04,0.853,0.775,28003
1139,5.27794,5.41189,4.635e-04,0.783,0.694,28126
1140,5.33113,5.41189,4.632e-04,0.981,0.917,27904
1141,5.29726,5.41189,4.630e-04,0.812,0.736,27618
1142,5.15504,5.41189,4.627e-04,1.123,1.057,27891
1143,5.30283,5.41189,4.625e-04,0.957,0.890,27939
1144,5.54396,5.41189,4.622e-04,0.853,0.764,28051
1145,5.31993,5.41189,4.619e-04,0.790,0.708,28019
1146,5.37551,5.41189,4.617e-04,0.795,0.718,27899
1147,5.33955,5.41189,4.614e-04,1.094,1.017,27952
1148,5.26425,5.41189,4.611e-04,1.088,1.020,27976
1149,5.43378,5.41189,4.609e-04,0.944,0.867,27915
1150,5.35906,5.41189,4.606e-04,0.872,0.791,28047
1151,5.31284,5.41189,4.603e-04,0.836,0.756,28029
1152,5.22062,5.41189,4.601e-04,0.986,0.901,27891
1153,5.57982,5.41189,4.598e-04,1.032,0.956,27933
1154,5.37761,5.41189,4.595e-04,0.823,0.739,27899
1155,5.42861,5.41189,4.593e-04,1.089,1.017,27935
1156,5.35683,5.41189,4.590e-04,0.811,0.719,28086
1157,5.56108,5.41189,4.587e-04,0.969,0.888,28002
1158,5.16820,5.41189,4.585e-04,0.836,0.761,27876
1159,5.40477,5.41189,4.582e-04,1.046,0.974,27938
1160,5.23068,5.41189,4.579e-04,1.926,1.878,27885
1161,5.63216,5.41189,4.577e-04,0.927,0.845,27659
1162,5.37038,5.41189,4.574e-04,1.412,1.353,27957
1163,5.21351,5.41189,4.571e-04,0.959,0.882,27897
1164,5.34989,5.41189,4.569e-04,0.952,0.876,27932
1165,5.31801,5.41189,4.566e-04,1.248,1.189,27881
1166,5.33777,5.41189,4.563e-04,0.868,0.780,27921
1167,5.31223,5.41189,4.561e-04,1.203,1.140,27992
1168,5.33781,5.41189,4.558e-04,0.903,0.827,28068
1169,5.23181,5.41189,4.555e-04,0.886,0.804,27939
1170,5.37425,5.41189,4.553e-04,1.058,0.986,27930
1171,5.41566,5.41189,4.550e-04,1.081,1.014,27941
1172,5.30512,5.41189,4.547e-04,1.646,1.588,27935
1173,5.15074,5.41189,4.545e-04,1.326,1.273,28027
1174,5.30703,5.41189,4.542e-04,1.993,1.942,28029
1175,5.50820,5.41189,4.539e-04,1.547,1.488,27939
1176,5.51315,5.41189,4.537e-04,1.678,1.615,27944
1177,5.37381,5.41189,4.534e-04,1.215,1.146,27898
1178,5.64414,5.41189,4.531e-04,1.277,1.202,27903
1179,5.16496,5.41189,4.528e-04,0.941,0.864,28148
1180,5.23191,5.41189,4.526e-04,0.886,0.810,27996
1181,5.28346,5.41189,4.523e-04,0.941,0.857,27640
1182,5.28136,5.41189,4.520e-04,1.153,1.078,27907
1183,5.51940,5.41189,4.518e-04,0.864,0.772,27988
1184,5.38987,5.41189,4.515e-04,0.879,0.796,27963
1185,5.46334,5.41189,4.512e-04,0.934,0.850,28071
1186,5.15270,5.41189,4.510e-04,1.164,1.097,27994
1187,5.13733,5.41189,4.507e-04,0.905,0.801,27942
1188,5.39229,5.41189,4.504e-04,0.953,0.872,27940
1189,5.23316,5.41189,4.501e-04,0.838,0.755,27928
1190,5.42706,5.41189,4.499e-04,0.924,0.820,28012
1191,5.22284,5.41189,4.496e-04,0.961,0.885,28087
1192,5.31888,5.41189,4.493e-04,1.125,1.058,27924
1193,5.27275,5.41189,4.491e-04,1.042,0.971,27940
1194,5.45064,5.41189,4.488e-04,1.000,0.917,27949
1195,5.38529,5.41189,4.485e-04,1.251,1.190,27930
1196,5.17820,5.41189,4.482e-04,1.201,1.135,28009
1197,5.44578,5.41189,4.480e-04,1.571,1.509,28055
1198,5.30123,5.41189,4.477e-04,1.356,1.297,27928
1199,5.43638,5.41189,4.474e-04,1.606,1.553,27947
1200,5.39316,5.41189,4.471e-04,1.771,1.710,27880
1201,5.39219,5.41189,4.469e-04,1.186,1.107,27733
1202,5.43649,5.41189,4.466e-04,1.058,0.989,27953
1203,5.30444,5.41189,4.463e-04,0.960,0.884,28058
1204,5.40419,5.41189,4.461e-04,1.024,0.946,28091
1205,5.40197,5.41189,4.458e-04,0.916,0.848,27985
1206,5.37501,5.41189,4.455e-04,0.982,0.916,27994
1207,5.42700,5.41189,4.452e-04,0.935,0.846,27912
1208,5.28379,5.41189,4.450e-04,0.998,0.911,28071
1209,5.33243,5.41189,4.447e-04,0.848,0.766,28010
1210,5.23327,5.41189,4.444e-04,0.772,0.675,27948
1211,5.37665,5.41189,4.441e-04,0.791,0.703,27961
1212,5.32416,5.41189,4.439e-04,0.961,0.880,27944
1213,5.35161,5.41189,4.436e-04,0.912,0.832,27946
1214,5.45142,5.41189,4.433e-04,1.412,1.356,28074
1215,5.20023,5.41189,4.430e-04,1.547,1.488,28002
1216,5.35295,5.41189,4.428e-04,1.109,1.034,27911
1217,5.41738,5.41189,4.425e-04,2.245,2.192,27959
1218,5.47218,5.41189,4.422e-04,1.527,1.471,27950
1219,5.10994,5.41189,4.419e-04,1.674,1.618,27950
1220,5.45653,5.41189,4.417e-04,1.283,1.202,28105
1221,5.45939,5.41189,4.414e-04,1.427,1.370,27595
1222,5.42065,5.41189,4.411e-04,0.924,0.835,27952
1223,5.15684,5.41189,4.408e-04,1.030,0.951,27939
1224,5.32910,5.41189,4.406e-04,0.851,0.759,27943
1225,5.31340,5.41189,4.403e-04,1.200,1.132,28013
1226,5.32674,5.41189,4.400e-04,0.908,0.835,28157
1227,5.37338,5.41189,4.397e-04,1.402,1.343,27930
1228,5.31598,5.41189,4.394e-04,0.865,0.775,27968
1229,5.49612,5.41189,4.392e-04,1.723,1.662,28015
1230,5.36648,5.41189,4.389e-04,0.977,0.896,27961
1231,5.39897,5.41189,4.386e-04,0.932,0.850,28033
1232,5.20724,5.41189,4.383e-04,0.872,0.788,28070
1233,5.20084,5.41189,4.381e-04,1.593,1.540,27922
1234,5.50531,5.41189,4.378e-04,0.901,0.790,27949
1235,5.39825,5.41189,4.375e-04,1.576,1.523,27964
1236,5.25196,5.41189,4.372e-04,0.997,0.911,27902
1237,5.27530,5.41189,4.370e-04,1.556,1.498,28081
1238,5.20576,5.41189,4.367e-04,0.912,0.824,28054
1239,5.32239,5.41189,4.364e-04,1.288,1.221,27941
1240,5.19802,5.41189,4.361e-04,0.813,0.720,27940
1241,5.31426,5.41189,4.358e-04,1.237,1.168,27623
1242,5.45027,5.41189,4.356e-04,0.847,0.759,27865
1243,5.23167,5.41189,4.353e-04,1.020,0.928,28108
1244,5.27850,5.41189,4.350e-04,0.845,0.756,28022
1245,5.26930,5.41189,4.347e-04,1.561,1.507,27922
1246,5.50038,5.41189,4.344e-04,0.817,0.728,27908
1247,5.33190,5.41189,4.342e-04,1.098,1.035,27961
1248,5.37206,5.41189,4.339e-04,0.707,0.610,27958
1249,5.30568,5.41189,4.336e-04,1.382,1.319,28093
1250,5.24975,5.26635,4.333e-04,1.242,1.167,8435
1251,5.28119,5.26635,4.330e-04,0.800,0.696,27970
1252,5.34373,5.26635,4.328e-04,1.345,1.283,27954
1253,5.33157,5.26635,4.325e-04,1.145,1.078,27928
1254,5.08814,5.26635,4.322e-04,0.784,0.702,27915
1255,5.11711,5.26635,4.319e-04,0.944,0.849,27921
1256,5.24389,5.26635,4.316e-04,0.901,0.818,28069
1257,5.25170,5.26635,4.314e-04,1.217,1.151,28023
1258,5.33827,5.26635,4.311e-04,1.195,1.106,27899
1259,5.23041,5.26635,4.308e-04,1.113,1.033,27960
1260,5.20974,5.26635,4.305e-04,1.052,0.968,27892
1261,5.30059,5.26635,4.302e-04,0.907,0.813,27699
1262,5.30198,5.26635,4.300e-04,1.307,1.230,27936
1263,5.26386,5.26635,4.297e-04,0.923,0.836,28010
1264,5.27533,5.26635,4.294e-04,1.049,0.961,27909
1265,5.39465,5.26635,4.291e-04,1.185,1.111,27954
1266,5.11709,5.26635,4.288e-04,0.998,0.909,27914
1267,5.45232,5.26635,4.285e-04,0.993,0.898,27967
1268,5.26123,5.26635,4.283e-04,1.843,1.791,28094
1269,5.24966,5.26635,4.280e-04,1.269,1.173,28088
1270,5.24411,5.26635,4.277e-04,1.329,1.266,27930
1271,5.10262,5.26635,4.274e-04,0.973,0.881,27909
1272,5.40903,5.26635,4.271e-04,1.861,1.805,27949
1273,5.30740,5.26635,4.269e-04,0.929,0.814,27949
1274,5.39542,5.26635,4.266e-04,1.001,0.910,28091
1275,5.31265,5.26635,4.263e-04,0.908,0.821,27956
1276,5.40668,5.26635,4.260e-04,1.239,1.173,27944
1277,5.24407,5.26635,4.257e-04,0.953,0.851,27938
1278,5.18854,5.26635,4.254e-04,0.911,0.831,27902
1279,5.53016,5.26635,4.252e-04,0.865,0.762,28008
1280,5.24981,5.26635,4.249e-04,1.007,0.919,28108
1281,5.21503,5.26635,4.246e-04,1.033,0.964,27604
1282,5.25532,5.26635,4.243e-04,1.151,1.072,27911
1283,5.30801,5.26635,4.240e-04,0.919,0.834,27917
1284,5.33022,5.26635,4.237e-04,0.872,0.790,27944
1285,5.33236,5.26635,4.235e-04,0.949,0.871,28062
1286,5.44820,5.26635,4.232e-04,0.927,0.844,28095
1287,5.15429,5.26635,4.229e-04,1.500,1.440,27924
1288,5.23864,5.26635,4.226e-04,1.045,0.969,27966
1289,5.27012,5.26635,4.223e-04,2.602,2.553,27928
1290,5.34371,5.26635,4.220e-04,1.110,1.019,27963
1291,5.32203,5.26635,4.217e-04,1.784,1.724,28141
1292,5.31225,5.26635,4.215e-04,1.016,0.927,28053
1293,5.45566,5.26635,4.212e-04,1.846,1.787,27951
1294,5.14229,5.26635,4.209e-04,1.776,1.721,27940
1295,5.35582,5.26635,4.206e-04,2.398,2.332,27917
1296,5.26954,5.26635,4.203e-04,1.686,1.628,27968
1297,5.29002,5.26635,4.200e-04,1.292,1.218,28082
1298,5.17777,5.26635,4.197e-04,1.333,1.277,28018
1299,4.89094,5.26635,4.195e-04,1.156,1.091,27966
1300,5.22994,5.26635,4.192e-04,1.138,1.059,27928
1301,5.17947,5.26635,4.189e-04,1.502,1.448,27697
1302,5.34536,5.26635,4.186e-04,1.146,1.072,27905
1303,5.24780,5.26635,4.183e-04,1.471,1.411,28089
1304,5.16481,5.26635,4.180e-04,1.221,1.155,28011
1305,5.24126,5.26635,4.177e-04,1.213,1.143,27952
1306,5.21128,5.26635,4.175e-04,0.817,0.724,27937
1307,5.29874,5.26635,4.172e-04,0.957,0.869,27943
1308,5.28019,5.26635,4.169e-04,0.837,0.744,28016
1309,5.23349,5.26635,4.166e-04,0.856,0.769,28096
1310,5.27415,5.26635,4.163e-04,1.452,1.399,27928
1311,5.28025,5.26635,4.160e-04,1.262,1.201,27954
1312,5.28323,5.26635,4.157e-04,0.889,0.806,27969
1313,5.18262,5.26635,4.154e-04,1.946,1.889,27969
1314,5.27561,5.26635,4.152e-04,1.059,0.978,27969
1315,5.29547,5.26635,4.149e-04,2.144,2.085,28104
1316,5.40040,5.26635,4.146e-04,1.459,1.394,28041
1317,5.26716,5.26635,4.143e-04,1.562,1.498,27921
1318,5.07465,5.26635,4.140e-04,1.558,1.496,27933
1319,5.26696,5.26635,4.137e-04,1.127,1.038,27948
1320,5.24224,5.26635,4.134e-04,1.190,1.125,28013
1321,5.28260,5.26635,4.131e-04,1.471,1.391,27609
1322,5.22278,5.26635,4.129e-04,0.963,0.858,27973
1323,5.16037,5.26635,4.126e-04,0.896,0.795,27911
1324,5.15118,5.26635,4.123e-04,1.152,1.066,27939
1325,5.33831,5.26635,4.120e-04,0.860,0.758,27943
1326,5.19265,5.26635,4.117e-04,0.888,0.803,28106
1327,5.16801,5.26635,4.114e-04,1.036,0.948,28036
1328,5.23811,5.26635,4.111e-04,0.920,0.833,27934
1329,5.54053,5.26635,4.108e-04,0.930,0.837,27934
1330,5.51177,5.26635,4.105e-04,1.265,1.179,27936
1331,5.25636,5.26635,4.103e-04,0.914,0.836,27981
1332,5.23915,5.26635,4.100e-04,0.826,0.727,28092
1333,5.27307,5.26635,4.097e-04,1.224,1.167,28009
1334,5.30389,5.26635,4.094e-04,1.559,1.495,27942
1335,5.36571,5.26635,4.091e-04,0.877,0.767,27970
1336,5.33240,5.26635,4.088e-04,1.039,0.939,28058
1337,5.08744,5.26635,4.085e-04,0.784,0.687,28014
1338,5.35041,5.26635,4.082e-04,1.038,0.963,28088
1339,5.33257,5.26635,4.079e-04,0.965,0.880,27994
1340,5.11904,5.26635,4.077e-04,0.915,0.833,27950
1341,5.19459,5.26635,4.074e-04,1.023,0.951,27612
1342,5.27352,5.26635,4.071e-04,0.855,0.757,27893
1343,5.21509,5.26635,4.068e-04,1.037,0.953,28010
1344,5.04211,5.26635,4.065e-04,1.066,0.981,28077
1345,5.25414,5.26635,4.062e-04,1.033,0.955,27916
1346,5.33078,5.26635,4.059e-04,0.996,0.915,27940
1347,5.33985,5.26635,4.056e-04,1.025,0.935,27922
1348,5.16398,5.26635,4.053e-04,1.015,0.935,27966
1349,5.13068,5.26635,4.050e-04,1.396,1.338,28010
1350,5.03883,5.26635,4.047e-04,1.087,1.006,28079
1351,5.36266,5.26635,4.045e-04,0.985,0.898,27946
1352,5.34756,5.26635,4.042e-04,1.001,0.917,27925
1353,5.39924,5.26635,4.039e-04,0.895,0.808,27932
1354,5.31493,5.26635,4.036e-04,1.541,1.482,27946
1355,5.19518,5.26635,4.033e-04,0.931,0.850,28075
1356,5.45636,5.26635,4.030e-04,0.924,0.825,28020
1357,5.28541,5.26635,4.027e-04,0.958,0.869,27952
1358,5.13641,5.26635,4.024e-04,1.004,0.924,27969
1359,4.95402,5.26635,4.021e-04,0.871,0.778,27996
1360,5.21120,5.26635,4.018e-04,1.098,1.019,27954
1361,5.44160,5.26635,4.015e-04,2.215,2.158,27642
1362,5.14407,5.26635,4.012e-04,1.021,0.946,28030
1363,5.20411,5.26635,4.010e-04,2.744,2.692,27961
1364,5.29281,5.26635,4.007e-04,1.655,1.587,27934
1365,5.24047,5.26635,4.004e-04,1.695,1.622,27920
1366,5.23490,5.26635,4.001e-04,1.344,1.265,27977
1367,5.13596,5.26635,3.998e-04,2.463,2.407,28139
1368,5.24223,5.26635,3.995e-04,1.828,1.753,27975
1369,5.15785,5.26635,3.992e-04,1.794,1.733,27950
1370,5.19816,5.26635,3.989e-04,1.561,1.497,27908
1371,5.40557,5.26635,3.986e-04,1.391,1.319,27899
1372,5.25325,5.26635,3.983e-04,1.685,1.625,27997
1373,5.37898,5.26635,3.980e-04,0.912,0.785,28102
1374,4.99917,5.26635,3.977e-04,1.186,1.119,27995
1375,5.38796,5.26635,3.974e-04,0.989,0.881,27935
1376,4.99090,5.26635,3.971e-04,1.691,1.632,27958
1377,5.24046,5.26635,3.969e-04,1.265,1.192,27935
1378,5.35537,5.26635,3.966e-04,1.603,1.537,28013
1379,5.15529,5.26635,3.963e-04,1.825,1.769,28107
1380,5.19967,5.26635,3.960e-04,1.450,1.373,27957
1381,5.30585,5.26635,3.957e-04,1.193,1.124,27622
1382,4.97947,5.26635,3.954e-04,0.942,0.866,27916
1383,5.09303,5.26635,3.951e-04,1.231,1.137,28009
1384,4.91473,5.26635,3.948e-04,1.469,1.405,28016
1385,5.23510,5.26635,3.945e-04,1.088,1.003,28073
1386,5.20623,5.26635,3.942e-04,1.569,1.514,27928
1387,5.45249,5.26635,3.939e-04,1.039,0.942,27960
1388,5.28058,5.26635,3.936e-04,2.048,1.995,27973
1389,5.04508,5.26635,3.933e-04,1.022,0.933,27923
1390,5.25352,5.26635,3.930e-04,1.174,1.107,28053
1391,5.27796,5.26635,3.927e-04,0.936,0.834,28058
1392,5.11391,5.26635,3.924e-04,1.217,1.148,27934
1393,5.19215,5.26635,3.921e-04,0.979,0.895,27950
1394,5.30883,5.26635,3.919e-04,0.860,0.762,27943
1395,5.18433,5.26635,3.916e-04,1.472,1.412,27929
1396,5.09012,5.26635,3.913e-04,0.990,0.898,28103
1397,5.10844,5.26635,3.910e-04,0.982,0.898,28022
1398,5.26113,5.26635,3.907e-04,1.434,1.350,27962
1399,5.17390,5.26635,3.904e-04,1.063,0.980,27948
1400,5.23207,5.26635,3.901e-04,0.946,0.854,27991
1401,5.20875,5.26635,3.898e-04,0.878,0.783,27630
1402,5.32590,5.26635,3.895e-04,1.848,1.787,27981
1403,5.30270,5.26635,3.892e-04,1.133,1.033,27955
1404,5.32918,5.26635,3.889e-04,0.900,0.801,27930
1405,5.19408,5.26635,3.886e-04,1.114,1.028,27932
1406,5.29485,5.26635,3.883e-04,1.156,1.061,27963
1407,5.15777,5.26635,3.880e-04,0.868,0.775,27984
1408,5.20902,5.26635,3.877e-04,0.886,0.783,28090
1409,5.14807,5.26635,3.874e-04,0.972,0.880,27920
1410,5.18135,5.26635,3.871e-04,1.030,0.956,27962
1411,5.29647,5.26635,3.868e-04,1.108,1.028,27965
1412,5.10789,5.26635,3.865e-04,0.916,0.830,27953
1413,5.23633,5.26635,3.862e-04,1.512,1.445,28003
1414,5.22315,5.26635,3.859e-04,1.012,0.913,28069
1415,5.20235,5.26635,3.856e-04,1.038,0.958,27915
1416,5.10334,5.26635,3.853e-04,0.846,0.748,27936
1417,5.29490,5.26635,3.850e-04,1.660,1.589,27972
1418,5.25291,5.26635,3.848e-04,0.895,0.795,27916
1419,5.12840,5.26635,3.845e-04,1.291,1.227,28071
1420,5.33519,5.26635,3.842e-04,0.870,0.748,28059
1421,5.22765,5.26635,3.839e-04,2.579,2.533,27629
1422,5.14309,5.26635,3.836e-04,1.208,1.126,27941
1423,5.08050,5.26635,3.833e-04,1.720,1.660,27952
1424,5.13597,5.26635,3.830e-04,1.135,1.048,27935
1425,5.29925,5.26635,3.827e-04,1.199,1.123,28134
1426,5.26674,5.26635,3.824e-04,0.915,0.807,28129
1427,5.24833,5.26635,3.821e-04,1.059,0.969,27904
1428,5.30931,5.26635,3.818e-04,1.249,1.183,27946
1429,5.19685,5.26635,3.815e-04,1.113,1.033,27909
1430,5.28374,5.26635,3.812e-04,0.914,0.825,27907
1431,4.84725,5.26635,3.809e-04,1.314,1.229,28078
1432,5.21156,5.26635,3.806e-04,0.968,0.864,27945
1433,5.34692,5.26635,3.803e-04,0.964,0.872,27929
1434,5.18780,5.26635,3.800e-04,1.645,1.583,27913
1435,5.23502,5.26635,3.797e-04,0.931,0.826,27948
1436,5.04690,5.26635,3.794e-04,0.863,0.758,27955
1437,5.37321,5.26635,3.791e-04,0.778,0.671,28087
1438,5.23839,5.26635,3.788e-04,1.004,0.919,27940
1439,5.08622,5.26635,3.785e-04,1.368,1.289,27914
1440,5.13166,5.26635,3.782e-04,0.998,0.898,27889
1441,5.20106,5.26635,3.779e-04,0.977,0.866,27735
1442,5.27050,5.26635,3.776e-04,0.975,0.880,27917
1443,4.98933,5.26635,3.773e-04,1.268,1.186,28068
1444,5.17965,5.26635,3.770e-04,1.199,1.102,27914
1445,5.17022,5.26635,3.767e-04,1.062,0.985,27927
1446,5.29525,5.26635,3.764e-04,2.696,2.643,27920
1447,5.27638,5.26635,3.761e-04,1.173,1.074,27923
1448,5.15847,5.26635,3.758e-04,1.902,1.833,28117
1449,5.11643,5.26635,3.755e-04,1.781,1.715,28049
1450,5.10082,5.26635,3.752e-04,1.306,1.233,27952
1451,5.21568,5.26635,3.749e-04,1.307,1.232,27992
1452,5.28041,5.26635,3.746e-04,1.077,0.991,27911
1453,5.09381,5.26635,3.743e-04,0.923,0.826,27909
1454,5.28423,5.26635,3.740e-04,1.145,1.049,28078
1455,5.15741,5.26635,3.737e-04,0.879,0.785,28032
1456,5.23848,5.26635,3.734e-04,1.074,0.961,27916
1457,5.28059,5.26635,3.731e-04,1.268,1.180,27934
1458,5.25877,5.26635,3.728e-04,0.897,0.799,27921
1459,5.26318,5.26635,3.725e-04,1.092,1.011,27909
1460,5.15838,5.26635,3.722e-04,1.071,0.968,28100
1461,5.20946,5.26635,3.719e-04,0.899,0.797,27629
1462,5.28960,5.26635,3.716e-04,1.264,1.200,27961
1463,5.32826,5.26635,3.713e-04,0.939,0.821,27940
1464,5.11209,5.26635,3.710e-04,1.099,1.016,27889
1465,5.18709,5.26635,3.707e-04,0.934,0.842,27964
1466,5.02947,5.26635,3.704e-04,1.256,1.195,28097
1467,5.28064,5.26635,3.701e-04,1.070,0.969,27933
1468,5.13193,5.26635,3.698e-04,1.169,1.104,27927
1469,5.19496,5.26635,3.695e-04,2.656,2.600,27934
1470,5.19762,5.26635,3.692e-04,1.604,1.528,27953
1471,5.17048,5.26635,3.689e-04,1.290,1.211,27980
1472,5.15745,5.26635,3.686e-04,1.164,1.086,28050
1473,5.05529,5.26635,3.683e-04,1.896,1.830,27890
1474,5.09770,5.26635,3.680e-04,1.187,1.087,27945
1475,5.33826,5.26635,3.677e-04,1.592,1.529,27913
1476,5.16653,5.26635,3.674e-04,1.279,1.188,27969
1477,5.26308,5.26635,3.671e-04,2.282,2.230,28043
1478,5.26378,5.26635,3.668e-04,2.194,2.124,27999
1479,5.17878,5.26635,3.665e-04,1.289,1.192,27917
1480,5.40159,5.26635,3.662e-04,1.431,1.348,27916
1481,5.39003,5.26635,3.659e-04,1.208,1.135,27715
1482,5.12833,5.26635,3.656e-04,1.074,0.980,27870
1483,5.01089,5.26635,3.653e-04,1.356,1.282,28079
1484,5.28663,5.26635,3.650e-04,1.029,0.943,28022
1485,5.05569,5.26635,3.647e-04,0.887,0.791,27910
1486,5.29506,5.26635,3.644e-04,1.160,1.074,27964
1487,5.19813,5.26635,3.641e-04,1.658,1.586,27930
1488,5.08785,5.26635,3.638e-04,0.981,0.868,27960
1489,5.28423,5.26635,3.635e-04,1.126,1.033,28072
1490,5.26377,5.26635,3.632e-04,1.035,0.931,27941
1491,5.14244,5.26635,3.629e-04,0.961,0.856,27922
1492,5.09613,5.26635,3.626e-04,0.989,0.893,27942
1493,5.29467,5.26635,3.623e-04,1.457,1.381,27961
1494,5.14188,5.26635,3.620e-04,0.912,0.810,27976
1495,5.21011,5.26635,3.617e-04,1.358,1.293,28126
1496,5.10383,5.26635,3.614e-04,0.952,0.860,27972
1497,5.34383,5.26635,3.611e-04,1.246,1.161,27933
1498,5.13498,5.26635,3.608e-04,1.105,1.033,27901
1499,5.27600,5.26635,3.605e-04,0.854,0.757,27913
1500,5.14646,5.15234,3.602e-04,0.900,0.786,8404
1501,5.16610,5.15234,3.599e-04,1.013,0.893,28060
1502,5.05314,5.15234,3.596e-04,0.884,0.780,27923
1503,5.24546,5.15234,3.593e-04,0.931,0.834,28042
1504,5.23413,5.15234,3.590e-04,1.166,1.075,27929
1505,5.33755,5.15234,3.587e-04,0.959,0.875,27908
1506,5.28887,5.15234,3.584e-04,0.879,0.772,27947
1507,5.12524,5.15234,3.581e-04,0.940,0.839,27902
1508,5.23368,5.15234,3.578e-04,0.871,0.761,28087
1509,5.09775,5.15234,3.575e-04,1.005,0.893,27986
1510,5.15206,5.15234,3.572e-04,1.063,0.976,27933
1511,4.95315,5.15234,3.569e-04,1.149,1.062,27946
1512,5.30312,5.15234,3.566e-04,1.032,0.933,27959
1513,5.32258,5.15234,3.563e-04,1.035,0.930,28010
1514,4.93435,5.15234,3.560e-04,1.033,0.953,28100
1515,5.39247,5.15234,3.557e-04,0.893,0.781,27990
1516,5.07047,5.15234,3.554e-04,1.010,0.920,27933
1517,5.32087,5.15234,3.551e-04,1.174,1.092,27954
1518,5.06040,5.15234,3.548e-04,1.076,0.997,27895
1519,5.17362,5.15234,3.545e-04,1.388,1.307,27979
1520,5.03949,5.15234,3.542e-04,1.337,1.270,28082
1521,5.25725,5.15234,3.539e-04,1.781,1.713,27634
1522,5.02203,5.15234,3.536e-04,1.237,1.152,27944
1523,4.98397,5.15234,3.533e-04,1.362,1.289,27936
1524,5.02230,5.15234,3.530e-04,1.602,1.539,28058
1525,5.09160,5.15234,3.527e-04,1.685,1.619,28023
1526,5.22854,5.15234,3.524e-04,1.240,1.166,28070
1527,5.01427,5.15234,3.521e-04,1.151,1.073,27911
1528,5.06098,5.15234,3.518e-04,1.093,1.003,27932
1529,4.98424,5.15234,3.515e-04,1.140,1.060,27903
1530,5.31578,5.15234,3.512e-04,0.933,0.812,27960
1531,5.25310,5.15234,3.509e-04,1.466,1.391,28045
1532,5.12021,5.15234,3.506e-04,0.975,0.869,28045
1533,5.22929,5.15234,3.503e-04,1.123,1.036,27959
1534,5.17048,5.15234,3.500e-04,1.055,0.972,27950
1535,5.12385,5.15234,3.497e-04,0.885,0.774,27928
1536,5.01534,5.15234,3.494e-04,1.015,0.921,27925
1537,5.30654,5.15234,3.491e-04,1.047,0.951,28008
1538,5.10688,5.15234,3.488e-04,1.636,1.576,28084
1539,5.12738,5.15234,3.485e-04,1.091,0.987,27927
1540,5.18106,5.15234,3.482e-04,1.076,0.984,27927
1541,5.27949,5.15234,3.479e-04,1.133,1.025,27677
1542,5.10293,5.15234,3.476e-04,1.343,1.263,27911
1543,5.21119,5.15234,3.473e-04,1.680,1.607,28109
1544,4.97735,5.15234,3.470e-04,1.000,0.909,27936
1545,5.12476,5.15234,3.467e-04,1.721,1.655,27915
1546,5.06435,5.15234,3.463e-04,0.956,0.858,27932
1547,5.06055,5.15234,3.460e-04,1.451,1.378,27923
1548,5.05818,5.15234,3.457e-04,1.068,0.985,27971
1549,5.24737,5.15234,3.454e-04,1.426,1.348,28064
1550,5.16038,5.15234,3.451e-04,0.962,0.853,27957
1551,5.22327,5.15234,3.448e-04,1.546,1.467,27961
1552,5.23273,5.15234,3.445e-04,1.273,1.180,27938
1553,5.12523,5.15234,3.442e-04,1.840,1.775,27936
1554,5.15310,5.15234,3.439e-04,1.404,1.320,28029
1555,5.10580,5.15234,3.436e-04,1.718,1.635,28088
1556,5.09944,5.15234,3.433e-04,1.271,1.181,27943
1557,5.17343,5.15234,3.430e-04,1.810,1.734,27926
1558,5.20322,5.15234,3.427e-04,1.143,1.029,28020
1559,5.18407,5.15234,3.424e-04,1.239,1.133,27975
1560,5.11516,5.15234,3.421e-04,0.879,0.768,27999
1561,5.06175,5.15234,3.418e-04,0.887,0.754,27712
1562,5.19645,5.15234,3.415e-04,0.860,0.756,27937
1563,5.11775,5.15234,3.412e-04,0.918,0.798,27942
1564,4.96153,5.15234,3.409e-04,0.886,0.788,27910
1565,5.10125,5.15234,3.406e-04,1.007,0.892,27956
1566,5.09916,5.15234,3.403e-04,1.208,1.096,28084
1567,5.10670,5.15234,3.400e-04,0.899,0.779,28024
1568,5.09124,5.15234,3.397e-04,1.434,1.350,27917
1569,5.13065,5.15234,3.394e-04,1.220,1.126,27970
1570,5.18535,5.15234,3.391e-04,0.941,0.839,27957
1571,5.05646,5.15234,3.388e-04,1.264,1.187,27939
1572,5.08451,5.15234,3.385e-04,1.075,0.945,28124
1573,5.16835,5.15234,3.382e-04,1.313,1.236,27961
1574,5.22123,5.15234,3.379e-04,0.914,0.803,27946
1575,5.20708,5.15234,3.376e-04,1.213,1.127,27976
1576,4.98361,5.15234,3.373e-04,1.083,0.992,27937
1577,5.19509,5.15234,3.370e-04,0.929,0.820,27967
1578,5.13103,5.15234,3.367e-04,1.992,1.932,27999
1579,5.11769,5.15234,3.364e-04,0.995,0.881,27956
1580,4.83415,5.15234,3.361e-04,1.365,1.287,27897
1581,5.06297,5.15234,3.358e-04,1.014,0.910,27603
1582,5.09134,5.15234,3.355e-04,1.655,1.587,27918
1583,4.99712,5.15234,3.351e-04,0.904,0.799,28052
1584,5.15065,5.15234,3.348e-04,1.278,1.196,28115
1585,5.11572,5.15234,3.345e-04,0.967,0.864,27958
1586,5.19385,5.15234,3.342e-04,0.807,0.697,27956
1587,5.01724,5.15234,3.339e-04,0.891,0.787,27960
1588,5.06415,5.15234,3.336e-04,1.022,0.913,27953
1589,5.08183,5.15234,3.333e-04,0.871,0.762,28024
1590,4.89522,5.15234,3.330e-04,1.809,1.746,28076
1591,5.23153,5.15234,3.327e-04,1.452,1.346,27903
1592,5.02391,5.15234,3.324e-04,0.873,0.767,27947
1593,5.23882,5.15234,3.321e-04,1.029,0.915,27930
1594,5.24371,5.15234,3.318e-04,0.947,0.857,27932
1595,5.09017,5.15234,3.315e-04,1.197,1.109,28084
1596,5.37814,5.15234,3.312e-04,0.983,0.876,28065
1597,5.05564,5.15234,3.309e-04,1.290,1.211,27899
1598,5.02806,5.15234,3.306e-04,2.749,2.700,27975
1599,5.17595,5.15234,3.303e-04,1.449,1.360,27946
1600,5.05691,5.15234,3.300e-04,1.616,1.542,27940
1601,5.07263,5.15234,3.297e-04,1.459,1.392,27712
1602,5.17445,5.15234,3.294e-04,1.062,0.946,27972
1603,5.21804,5.15234,3.291e-04,1.733,1.673,27970
1604,4.95615,5.15234,3.288e-04,1.002,0.883,28021
1605,5.00485,5.15234,3.285e-04,1.421,1.352,27930
1606,5.06526,5.15234,3.282e-04,0.999,0.893,27955
1607,5.31007,5.15234,3.279e-04,1.199,1.063,28111
1608,5.09262,5.15234,3.276e-04,1.052,0.950,27978
1609,5.21654,5.15234,3.273e-04,1.062,0.963,27924
1610,4.99350,5.15234,3.270e-04,1.097,1.000,27969
1611,5.06766,5.15234,3.267e-04,1.011,0.910,27951
1612,4.91163,5.15234,3.264e-04,0.955,0.855,27982
1613,5.25078,5.15234,3.261e-04,0.960,0.861,28121
1614,5.06856,5.15234,3.258e-04,1.036,0.948,27975
1615,4.96165,5.15234,3.255e-04,0.962,0.844,27944
1616,5.11832,5.15234,3.252e-04,0.933,0.828,27939
1617,5.09768,5.15234,3.249e-04,1.053,0.959,27936
1618,5.40456,5.15234,3.245e-04,1.414,1.324,28008
1619,4.88808,5.15234,3.242e-04,1.168,1.077,28085
1620,5.16630,5.15234,3.239e-04,1.023,0.926,27968
1621,5.17050,5.15234,3.236e-04,0.979,0.887,27654
1622,5.21573,5.15234,3.233e-04,1.063,0.958,27933
1623,5.21579,5.15234,3.230e-04,0.980,0.886,27909
1624,5.32549,5.15234,3.227e-04,1.203,1.112,28047
1625,5.10859,5.15234,3.224e-04,0.865,0.757,28015
1626,5.02556,5.15234,3.221e-04,1.589,1.519,27978
1627,5.08552,5.15234,3.218e-04,0.903,0.799,27910
1628,4.96616,5.15234,3.215e-04,2.181,2.122,28055
1629,5.20926,5.15234,3.212e-04,1.156,1.042,27950
1630,5.05221,5.15234,3.209e-04,1.193,1.115,28059
1631,5.06854,5.15234,3.206e-04,0.946,0.847,28040
1632,5.09033,5.15234,3.203e-04,1.054,0.949,27943
1633,5.24738,5.15234,3.200e-04,1.429,1.348,27958
1634,5.03243,5.15234,3.197e-04,1.160,1.074,27952
1635,5.21495,5.15234,3.194e-04,2.596,2.530,27974
1636,5.11308,5.15234,3.191e-04,1.989,1.925,28094
1637,5.19020,5.15234,3.188e-04,1.570,1.485,27996
1638,5.20527,5.15234,3.185e-04,1.931,1.858,27951
1639,5.16521,5.15234,3.182e-04,1.149,1.056,27943
1640,5.07782,5.15234,3.179e-04,1.283,1.199,27933
1641,5.29790,5.15234,3.176e-04,1.273,1.191,27734
1642,5.09322,5.15234,3.173e-04,1.319,1.213,27947
1643,5.05025,5.15234,3.170e-04,1.469,1.405,27954
1644,5.20330,5.15234,3.167e-04,1.779,1.715,27945
1645,5.23329,5.15234,3.164e-04,1.754,1.684,27928
1646,5.11303,5.15234,3.161e-04,1.461,1.385,27951
1647,5.00788,5.15234,3.158e-04,1.572,1.497,28000
1648,5.06641,5.15234,3.155e-04,1.366,1.277,28115
1649,4.89041,5.15234,3.152e-04,1.366,1.296,27944
1650,5.16851,5.15234,3.149e-04,1.357,1.266,27967
1651,5.10115,5.15234,3.146e-04,1.148,1.063,27997
1652,5.16107,5.15234,3.143e-04,1.194,1.114,27949
1653,5.21319,5.15234,3.140e-04,1.201,1.114,28042
1654,4.99251,5.15234,3.137e-04,1.035,0.928,28066
1655,4.98531,5.15234,3.133e-04,1.504,1.432,27949
1656,5.06796,5.15234,3.130e-04,0.889,0.791,27920
1657,5.22557,5.15234,3.127e-04,0.966,0.862,27947
1658,5.19818,5.15234,3.124e-04,1.181,1.094,27957
1659,5.23331,5.15234,3.121e-04,0.945,0.836,28034
1660,5.15464,5.15234,3.118e-04,1.302,1.221,28079
1661,5.08584,5.15234,3.115e-04,1.176,1.089,27633
1662,5.09141,5.15234,3.112e-04,1.318,1.239,27925
1663,5.25895,5.15234,3.109e-04,1.501,1.433,27959
1664,5.20483,5.15234,3.106e-04,1.587,1.504,27947
1665,5.08659,5.15234,3.103e-04,1.733,1.660,28104
1666,5.15439,5.15234,3.100e-04,1.885,1.821,28028
1667,5.30981,5.15234,3.097e-04,1.123,1.006,27942
1668,5.09301,5.15234,3.094e-04,1.531,1.462,27943
1669,5.16105,5.15234,3.091e-04,1.040,0.938,27928
1670,4.91102,5.15234,3.088e-04,1.514,1.430,27979
1671,5.18959,5.15234,3.085e-04,1.182,1.074,28174
1672,4.99895,5.15234,3.082e-04,1.025,0.933,27989
1673,5.05522,5.15234,3.079e-04,1.169,1.087,27929
1674,5.06285,5.15234,3.076e-04,1.280,1.191,27920
1675,5.33737,5.15234,3.073e-04,1.046,0.908,27933
1676,5.06440,5.15234,3.070e-04,1.196,1.101,27951
1677,5.08374,5.15234,3.067e-04,1.380,1.302,28124
1678,5.17737,5.15234,3.064e-04,1.007,0.861,27980
1679,5.27156,5.15234,3.061e-04,1.628,1.549,27967
1680,5.25005,5.15234,3.058e-04,1.053,0.929,27934
1681,5.17109,5.15234,3.055e-04,1.237,1.143,27743
1682,5.21793,5.15234,3.052e-04,0.865,0.750,27923
1683,5.05888,5.15234,3.049e-04,1.531,1.450,28120
1684,5.07056,5.15234,3.046e-04,1.131,1.013,27937
1685,4.93144,5.15234,3.043e-04,1.246,1.155,27919
1686,5.07802,5.15234,3.040e-04,1.275,1.201,27943
1687,4.87559,5.15234,3.037e-04,1.051,0.950,27974
1688,5.04396,5.15234,3.034e-04,1.772,1.695,28050
1689,5.15088,5.15234,3.031e-04,1.042,0.916,28090
1690,5.34105,5.15234,3.028e-04,1.396,1.306,27938
1691,4.96267,5.15234,3.025e-04,1.089,0.995,27912
1692,5.16443,5.15234,3.022e-04,2.256,2.193,27962
1693,5.16087,5.15234,3.019e-04,1.233,1.146,27967
1694,5.19809,5.15234,3.016e-04,1.939,1.872,28070
1695,5.22860,5.15234,3.013e-04,1.692,1.625,28032
1696,5.06254,5.15234,3.010e-04,1.172,1.090,28005
1697,5.05955,5.15234,3.007e-04,1.573,1.500,27949
1698,5.06829,5.15234,3.004e-04,1.020,0.893,27950
1699,5.22735,5.15234,3.001e-04,1.048,0.933,27914
1700,5.04648,5.15234,2.998e-04,1.057,0.947,28094
1701,5.23759,5.15234,2.995e-04,1.039,0.901,27644
1702,4.90643,5.15234,2.992e-04,1.038,0.926,27967
1703,5.22019,5.15234,2.989e-04,1.029,0.913,27937
1704,5.03830,5.15234,2.986e-04,1.017,0.920,27953
1705,5.11971,5.15234,2.983e-04,1.354,1.268,27956
1706,5.02464,5.15234,2.980e-04,1.071,0.956,28097
1707,5.25581,5.15234,2.977e-04,1.142,1.026,27983
1708,5.39739,5.15234,2.974e-04,1.397,1.292,27961
1709,5.02758,5.15234,2.971e-04,0.900,0.773,27940
1710,5.12274,5.15234,2.968e-04,1.290,1.200,27931
1711,5.10761,5.15234,2.965e-04,1.303,1.190,27990
1712,5.24713,5.15234,2.962e-04,0.987,0.871,28079
1713,5.19443,5.15234,2.959e-04,1.040,0.933,27968
1714,5.12214,5.15234,2.956e-04,0.929,0.807,27951
1715,4.99572,5.15234,2.953e-04,0.956,0.846,27930
1716,4.95032,5.15234,2.950e-04,1.068,0.974,27953
1717,5.15168,5.15234,2.947e-04,0.957,0.850,27992
1718,5.19159,5.15234,2.944e-04,0.980,0.867,28147
1719,5.13573,5.15234,2.941e-04,1.155,1.058,27962
1720,5.04233,5.15234,2.938e-04,0.992,0.883,27955
1721,5.09679,5.15234,2.935e-04,1.033,0.947,27649
1722,5.03235,5.15234,2.932e-04,1.951,1.883,27894
1723,5.18172,5.15234,2.929e-04,1.181,1.088,28021
1724,5.04836,5.15234,2.926e-04,1.130,1.011,28044
1725,5.09558,5.15234,2.923e-04,0.981,0.873,27948
1726,5.22906,5.15234,2.920e-04,1.789,1.721,27934
1727,5.13467,5.15234,2.917e-04,1.071,0.935,27916
1728,5.01912,5.15234,2.914e-04,1.190,1.108,27951
1729,5.05754,5.15234,2.911e-04,0.916,0.785,28078
1730,5.01197,5.15234,2.908e-04,1.114,1.028,28017
1731,5.02121,5.15234,2.905e-04,1.308,1.199,27927
1732,4.98349,5.15234,2.902e-04,1.047,0.926,27959
1733,5.08873,5.15234,2.899e-04,0.916,0.789,27951
1734,5.07583,5.15234,2.896e-04,1.015,0.881,27907
1735,5.12115,5.15234,2.893e-04,1.193,1.074,28095
1736,5.02942,5.15234,2.890e-04,1.000,0.885,27974
1737,5.15394,5.15234,2.887e-04,1.214,1.113,27962
1738,5.06329,5.15234,2.884e-04,1.086,0.961,27981
1739,5.06425,5.15234,2.881e-04,1.391,1.297,27957
1740,5.12837,5.15234,2.878e-04,1.300,1.209,28061
1741,5.01227,5.15234,2.875e-04,1.137,1.046,27704
1742,4.98625,5.15234,2.872e-04,0.986,0.877,27954
1743,5.09687,5.15234,2.869e-04,1.076,0.968,27958
1744,5.02418,5.15234,2.866e-04,1.278,1.201,27945
1745,4.99851,5.15234,2.863e-04,1.022,0.907,27936
1746,4.93504,5.15234,2.860e-04,1.018,0.908,28003
1747,4.98676,5.15234,2.857e-04,0.942,0.828,28068
1748,5.08624,5.15234,2.854e-04,1.206,1.095,27923
1749,5.28486,5.15234,2.851e-04,1.284,1.184,27900
1750,5.23969,5.05543,2.848e-04,1.090,0.972,8441
1751,5.14720,5.05543,2.845e-04,0.994,0.874,27938
1752,4.99371,5.05543,2.842e-04,1.029,0.924,27899
1753,5.28445,5.05543,2.839e-04,1.278,1.146,27896
1754,5.06357,5.05543,2.836e-04,0.967,0.854,28066
1755,5.02827,5.05543,2.833e-04,1.135,1.040,28007
1756,5.19924,5.05543,2.830e-04,1.179,1.073,27904
1757,4.96837,5.05543,2.827e-04,1.123,1.027,27947
1758,5.13120,5.05543,2.824e-04,1.459,1.383,27909
1759,5.05714,5.05543,2.821e-04,1.063,0.951,27979
1760,5.11585,5.05543,2.818e-04,1.208,1.116,28071
1761,5.03725,5.05543,2.815e-04,1.171,1.063,27655
1762,4.88118,5.05543,2.812e-04,1.355,1.275,27978
1763,4.99516,5.05543,2.809e-04,1.361,1.270,27935
1764,5.15347,5.05543,2.806e-04,2.096,2.030,27936
1765,5.07086,5.05543,2.803e-04,1.500,1.409,27966
1766,5.00069,5.05543,2.800e-04,1.417,1.342,28077
1767,5.09462,5.05543,2.797e-04,1.290,1.195,27946
1768,4.99164,5.05543,2.794e-04,0.944,0.824,27937
1769,5.06719,5.05543,2.791e-04,1.430,1.355,27926
1770,5.14128,5.05543,2.788e-04,1.094,0.983,27931
1771,5.00017,5.05543,2.785e-04,1.100,0.998,27996
1772,5.13600,5.05543,2.782e-04,0.932,0.814,28092
1773,4.91416,5.05543,2.779e-04,1.160,1.061,27903
1774,5.06554,5.05543,2.776e-04,1.454,1.357,27872
1775,5.15832,5.05543,2.773e-04,0.938,0.824,27893
1776,4.99412,5.05543,2.770e-04,1.139,1.041,27906
1777,5.03320,5.05543,2.767e-04,1.180,1.076,28013
1778,4.98781,5.05543,2.764e-04,1.390,1.302,28051
1779,5.19899,5.05543,2.761e-04,1.255,1.157,27879
1780,5.18726,5.05543,2.758e-04,2.123,2.055,27910
1781,5.04300,5.05543,2.755e-04,1.756,1.671,27713
1782,5.20329,5.05543,2.752e-04,1.116,0.983,27907
1783,5.03990,5.05543,2.750e-04,1.384,1.316,28135
1784,5.03916,5.05543,2.747e-04,1.041,0.936,28000
1785,5.12908,5.05543,2.744e-04,1.032,0.927,27933
1786,5.01022,5.05543,2.741e-04,1.176,1.095,27934
1787,5.00697,5.05543,2.738e-04,1.122,1.020,27980
1788,5.00462,5.05543,2.735e-04,1.259,1.155,27962
1789,5.15098,5.05543,2.732e-04,1.265,1.176,28096
1790,5.11583,5.05543,2.729e-04,1.435,1.350,27982
1791,5.17550,5.05543,2.726e-04,1.235,1.130,27921
1792,4.98027,5.05543,2.723e-04,1.581,1.490,27944
1793,5.16315,5.05543,2.720e-04,1.301,1.200,27905
1794,4.71833,5.05543,2.717e-04,1.658,1.579,27974
1795,5.08212,5.05543,2.714e-04,1.446,1.354,28129
1796,5.11668,5.05543,2.711e-04,1.175,1.067,27965
1797,4.95607,5.05543,2.708e-04,1.170,1.089,27926
1798,5.28841,5.05543,2.705e-04,1.082,0.973,27941
1799,5.05412,5.05543,2.702e-04,1.049,0.944,27904
1800,5.00084,5.05543,2.699e-04,0.970,0.856,28043
1801,4.87309,5.05543,2.696e-04,1.065,0.963,27659
1802,5.07679,5.05543,2.693e-04,0.946,0.839,27960
1803,5.13420,5.05543,2.690e-04,1.132,1.040,27957
1804,4.87715,5.05543,2.687e-04,1.959,1.894,27995
1805,5.26262,5.05543,2.684e-04,1.223,1.118,27917
1806,4.98267,5.05543,2.681e-04,1.359,1.274,28045
1807,5.09531,5.05543,2.679e-04,1.231,1.083,28028
1808,5.14094,5.05543,2.676e-04,1.449,1.360,27951
1809,4.93266,5.05543,2.673e-04,1.346,1.250,27918
1810,4.99879,5.05543,2.670e-04,1.329,1.230,27942
1811,4.99412,5.05543,2.667e-04,1.236,1.144,27946
1812,5.09215,5.05543,2.664e-04,1.300,1.172,28061
1813,5.18964,5.05543,2.661e-04,1.046,0.925,28022
1814,5.10161,5.05543,2.658e-04,0.915,0.788,27921
1815,5.10080,5.05543,2.655e-04,1.006,0.882,27926
1816,5.00882,5.05543,2.652e-04,1.081,0.960,27949
1817,5.02214,5.05543,2.649e-04,1.015,0.898,27933
1818,4.78929,5.05543,2.646e-04,0.909,0.803,28128
1819,5.09186,5.05543,2.643e-04,1.597,1.520,28022
1820,5.13118,5.05543,2.640e-04,1.133,1.001,27933
1821,5.04681,5.05543,2.637e-04,1.177,1.078,27581
1822,4.88656,5.05543,2.634e-04,1.149,1.062,27889
1823,5.05658,5.05543,2.631e-04,1.055,0.938,27975
1824,5.05593,5.05543,2.629e-04,1.114,1.004,28090
1825,5.06984,5.05543,2.626e-04,1.227,1.117,27962
1826,4.91578,5.05543,2.623e-04,0.990,0.871,27976
1827,4.96905,5.05543,2.620e-04,1.045,0.932,27923
1828,4.85596,5.05543,2.617e-04,1.220,1.127,28026
1829,5.11861,5.05543,2.614e-04,1.463,1.377,28018
1830,5.09628,5.05543,2.611e-04,1.200,1.096,28100
1831,5.11423,5.05543,2.608e-04,1.696,1.618,27943
1832,5.15425,5.05543,2.605e-04,0.961,0.846,27928
1833,5.08140,5.05543,2.602e-04,1.209,1.126,27928
1834,5.07858,5.05543,2.599e-04,0.978,0.863,27946
1835,5.03307,5.05543,2.596e-04,0.924,0.810,28062
1836,5.06907,5.05543,2.593e-04,1.292,1.204,28065
1837,5.21154,5.05543,2.590e-04,0.998,0.871,27965
1838,4.86948,5.05543,2.588e-04,1.508,1.424,27923
1839,5.08124,5.05543,2.585e-04,1.096,0.990,27912
1840,5.06230,5.05543,2.582e-04,1.235,1.126,27921
1841,4.98669,5.05543,2.579e-04,1.322,1.212,27732
1842,5.04168,5.05543,2.576e-04,1.466,1.384,28070
1843,5.19274,5.05543,2.573e-04,1.177,1.076,27953
1844,4.88914,5.05543,2.570e-04,1.183,1.086,27910
1845,5.01157,5.05543,2.567e-04,1.048,0.915,27963
1846,5.12490,5.05543,2.564e-04,1.228,1.143,27934
1847,5.03276,5.05543,2.561e-04,1.060,0.942,28091
1848,4.91589,5.05543,2.558e-04,1.064,0.966,27981
1849,4.84459,5.05543,2.555e-04,0.924,0.815,27938
1850,5.05357,5.05543,2.553e-04,2.049,1.985,27941
1851,4.98298,5.05543,2.550e-04,1.067,0.937,27984
1852,5.03582,5.05543,2.547e-04,1.077,0.960,27954
1853,5.07627,5.05543,2.544e-04,1.002,0.879,28111
1854,5.10631,5.05543,2.541e-04,1.140,1.045,27994
1855,4.97340,5.05543,2.538e-04,1.209,1.106,27931
1856,5.08731,5.05543,2.535e-04,1.525,1.430,27962
1857,5.20038,5.05543,2.532e-04,1.024,0.884,27937
1858,5.02626,5.05543,2.529e-04,1.105,1.000,27981
1859,4.89964,5.05543,2.526e-04,1.482,1.385,28099
1860,5.10425,5.05543,2.523e-04,1.330,1.221,27947
1861,4.96823,5.05543,2.521e-04,1.180,1.088,27623
1862,4.94356,5.05543,2.518e-04,1.637,1.563,27901
1863,4.85362,5.05543,2.515e-04,1.237,1.110,27914
1864,5.05711,5.05543,2.512e-04,1.278,1.179,27983
1865,5.09518,5.05543,2.509e-04,1.439,1.342,28049
1866,5.04428,5.05543,2.506e-04,1.536,1.453,27955
1867,4.98728,5.05543,2.503e-04,1.652,1.570,27924
1868,4.93295,5.05543,2.500e-04,1.493,1.397,27923
1869,4.99240,5.05543,2.497e-04,1.371,1.289,27920
1870,4.93478,5.05543,2.495e-04,1.126,1.006,28064
1871,5.12723,5.05543,2.492e-04,1.112,1.025,28135
1872,5.18379,5.05543,2.489e-04,0.938,0.830,27948
1873,4.82535,5.05543,2.486e-04,1.038,0.920,27925
1874,5.05399,5.05543,2.483e-04,0.973,0.868,27950
1875,5.09450,5.05543,2.480e-04,1.051,0.925,27932
1876,5.12818,5.05543,2.477e-04,1.228,1.129,28109
1877,5.00768,5.05543,2.474e-04,0.995,0.859,27984
1878,4.92126,5.05543,2.471e-04,1.154,1.066,27926
1879,5.04576,5.05543,2.469e-04,0.978,0.860,27934
1880,5.02869,5.05543,2.466e-04,1.177,1.083,27936
1881,4.86939,5.05543,2.463e-04,1.051,0.941,27696
1882,5.06288,5.05543,2.460e-04,1.362,1.284,27963
1883,5.20423,5.05543,2.457e-04,1.031,0.929,27970
1884,4.70775,5.05543,2.454e-04,1.018,0.905,27921
1885,5.12347,5.05543,2.451e-04,1.385,1.293,27933
1886,5.04290,5.05543,2.448e-04,1.087,0.979,27939
1887,5.15453,5.05543,2.446e-04,1.300,1.210,27978
1888,4.75985,5.05543,2.443e-04,1.115,1.014,28084
1889,4.83347,5.05543,2.440e-04,1.310,1.208,28002
1890,5.06630,5.05543,2.437e-04,1.015,0.903,27926
1891,4.70928,5.05543,2.434e-04,0.930,0.816,27950
1892,4.89282,5.05543,2.431e-04,1.083,0.962,27948
1893,5.02846,5.05543,2.428e-04,1.065,0.953,28057
1894,5.25057,5.05543,2.425e-04,1.084,0.945,28102
1895,4.99120,5.05543,2.423e-04,1.148,1.028,27935
1896,4.90364,5.05543,2.420e-04,0.961,0.845,28014
1897,4.91057,5.05543,2.417e-04,1.509,1.402,27966
1898,5.02711,5.05543,2.414e-04,1.200,1.078,27956
1899,5.09106,5.05543,2.411e-04,1.501,1.411,28066
1900,4.96561,5.05543,2.408e-04,1.340,1.241,28074
1901,4.91806,5.05543,2.405e-04,1.305,1.207,27629
1902,4.89389,5.05543,2.403e-04,1.154,1.062,27904
1903,4.83564,5.05543,2.400e-04,1.050,0.919,27941
1904,5.03653,5.05543,2.397e-04,1.503,1.413,27934
1905,4.95963,5.05543,2.394e-04,1.316,1.230,28074
1906,5.16395,5.05543,2.391e-04,1.152,1.038,28056
1907,4.99695,5.05543,2.388e-04,1.261,1.171,27931
1908,4.89220,5.05543,2.385e-04,1.016,0.911,27915
1909,5.12464,5.05543,2.383e-04,1.465,1.383,27971
1910,4.82763,5.05543,2.380e-04,1.283,1.185,27929
1911,5.00396,5.05543,2.377e-04,1.689,1.620,28101
1912,5.07290,5.05543,2.374e-04,1.793,1.712,28011
1913,5.22048,5.05543,2.371e-04,1.195,1.095,27981
1914,4.80599,5.05543,2.368e-04,1.505,1.425,27915
1915,5.02316,5.05543,2.365e-04,1.146,1.038,27934
1916,4.98820,5.05543,2.363e-04,1.284,1.188,28086
1917,5.14012,5.05543,2.360e-04,1.163,1.062,28111
1918,5.00642,5.05543,2.357e-04,1.355,1.257,28025
1919,4.90622,5.05543,2.354e-04,1.297,1.193,27950
1920,5.01319,5.05543,2.351e-04,1.274,1.185,27920
1921,4.95259,5.05543,2.348e-04,1.096,0.992,27707
1922,4.96426,5.05543,2.346e-04,1.199,1.072,27910
1923,5.09901,5.05543,2.343e-04,1.253,1.155,28112
1924,5.03717,5.05543,2.340e-04,1.154,1.037,27915
1925,5.06558,5.05543,2.337e-04,1.188,1.063,27948
1926,4.95924,5.05543,2.334e-04,0.954,0.832,27949
1927,4.96665,5.05543,2.331e-04,1.139,0.993,27943
1928,4.97525,5.05543,2.329e-04,1.041,0.912,28005
1929,5.09360,5.05543,2.326e-04,1.052,0.925,28106
1930,4.95459,5.05543,2.323e-04,1.182,1.086,27943
1931,5.01897,5.05543,2.320e-04,1.030,0.891,27936
1932,5.17260,5.05543,2.317e-04,1.187,1.083,27958
1933,5.06751,5.05543,2.315e-04,1.057,0.919,27911
1934,4.97937,5.05543,2.312e-04,1.063,0.958,28073
1935,5.02449,5.05543,2.309e-04,1.035,0.906,28040
1936,4.94206,5.05543,2.306e-04,1.061,0.945,27959
1937,5.14364,5.05543,2.303e-04,1.028,0.903,27918
1938,4.94541,5.05543,2.300e-04,1.085,0.965,27993
1939,5.04655,5.05543,2.298e-04,0.995,0.872,27966
1940,4.81177,5.05543,2.295e-04,1.065,0.960,28046
1941,4.86019,5.05543,2.292e-04,0.972,0.847,27696
1942,5.10841,5.05543,2.289e-04,0.949,0.829,27929
1943,5.04022,5.05543,2.286e-04,1.223,1.122,27916
1944,4.83378,5.05543,2.284e-04,1.118,1.011,27966
1945,5.04623,5.05543,2.281e-04,0.981,0.850,27977
1946,4.91767,5.05543,2.278e-04,1.220,1.116,28124
1947,5.19821,5.05543,2.275e-04,1.088,0.942,28000
1948,4.94438,5.05543,2.272e-04,1.183,1.095,27952
1949,5.07465,5.05543,2.270e-04,0.995,0.872,27925
1950,4.93875,5.05543,2.267e-04,1.140,1.017,27960
1951,4.95986,5.05543,2.264e-04,0.941,0.831,27954
1952,4.95242,5.05543,2.261e-04,0.904,0.796,28082
1953,5.15391,5.05543,2.258e-04,1.086,0.972,27995
1954,5.01755,5.05543,2.256e-04,1.046,0.933,27916
1955,5.01202,5.05543,2.253e-04,0.960,0.826,27962
1956,4.96361,5.05543,2.250e-04,1.057,0.933,27941
1957,4.89121,5.05543,2.247e-04,0.983,0.859,28015
1958,4.90289,5.05543,2.244e-04,1.082,0.974,28095
1959,5.04225,5.05543,2.242e-04,1.022,0.899,27946
1960,5.15473,5.05543,2.239e-04,1.050,0.911,27955
1961,4.84815,5.05543,2.236e-04,1.126,1.023,27606
1962,4.97339,5.05543,2.233e-04,1.284,1.176,27911
1963,5.03394,5.05543,2.230e-04,1.178,1.064,28108
1964,5.06371,5.05543,2.228e-04,1.556,1.449,28078
1965,4.96829,5.05543,2.225e-04,1.308,1.201,27924
1966,4.84903,5.05543,2.222e-04,1.902,1.812,27966
1967,5.10096,5.05543,2.219e-04,1.954,1.844,27977
1968,4.96018,5.05543,2.217e-04,1.168,1.069,27968
1969,4.83737,5.05543,2.214e-04,1.349,1.246,28057
1970,4.87567,5.05543,2.211e-04,0.979,0.834,28069
1971,4.90231,5.05543,2.208e-04,1.105,0.995,27944
1972,4.97324,5.05543,2.206e-04,1.024,0.891,27969
1973,4.90542,5.05543,2.203e-04,0.977,0.854,27913
1974,4.99596,5.05543,2.200e-04,0.985,0.863,27974
1975,5.15071,5.05543,2.197e-04,1.081,0.953,28092
1976,5.23417,5.05543,2.194e-04,1.413,1.323,28010
1977,4.82456,5.05543,2.192e-04,1.087,0.968,27983
1978,4.96481,5.05543,2.189e-04,1.137,0.988,27948
1979,4.87176,5.05543,2.186e-04,1.135,1.020,27958
1980,4.90482,5.05543,2.183e-04,0.976,0.836,27907
1981,5.00395,5.05543,2.181e-04,1.167,1.044,27707
1982,5.03785,5.05543,2.178e-04,1.057,0.905,27989
1983,4.92170,5.05543,2.175e-04,1.652,1.577,27938
1984,5.16165,5.05543,2.172e-04,1.021,0.898,27935
1985,5.00945,5.05543,2.170e-04,1.715,1.633,27982
1986,5.07492,5.05543,2.167e-04,1.050,0.894,28000
1987,4.97568,5.05543,2.164e-04,1.142,1.029,28119
1988,4.99793,5.05543,2.161e-04,1.034,0.900,27920
1989,5.02271,5.05543,2.159e-04,1.063,0.932,27936
1990,4.99921,5.05543,2.156e-04,0.975,0.857,27954
1991,4.88407,5.05543,2.153e-04,1.206,1.105,27947
1992,4.92343,5.05543,2.150e-04,1.109,1.000,27978
1993,4.91595,5.05543,2.148e-04,0.929,0.803,28117
1994,4.89871,5.05543,2.145e-04,0.990,0.856,27940
1995,4.93040,5.05543,2.142e-04,1.027,0.917,27925
1996,5.18834,5.05543,2.139e-04,1.076,0.955,27948
1997,4.94346,5.05543,2.137e-04,1.136,1.033,27970
1998,5.11024,5.05543,2.134e-04,1.138,1.015,28031
1999,5.00640,5.05543,2.131e-04,1.066,0.940,28057
2000,5.12251,4.97306,2.129e-04,0.887,0.759,8409
2001,4.96581,4.97306,2.126e-04,1.011,0.894,28001
2002,4.95374,4.97306,2.123e-04,1.098,0.980,27905
2003,4.87324,4.97306,2.120e-04,1.456,1.357,27977
2004,5.06889,4.97306,2.118e-04,1.106,0.947,27958
2005,5.06565,4.97306,2.115e-04,1.364,1.273,27960
2006,5.13103,4.97306,2.112e-04,1.250,1.136,28119
2007,5.08475,4.97306,2.109e-04,1.736,1.643,27999
2008,4.91719,4.97306,2.107e-04,1.482,1.392,27941
2009,4.86266,4.97306,2.104e-04,1.055,0.929,27950
2010,5.02699,4.97306,2.101e-04,1.283,1.179,27960
2011,4.98129,4.97306,2.099e-04,1.102,0.989,27997
2012,4.78463,4.97306,2.096e-04,1.499,1.413,28084
2013,4.96373,4.97306,2.093e-04,1.176,1.053,27968
2014,5.05493,4.97306,2.090e-04,1.744,1.662,27912
2015,4.98033,4.97306,2.088e-04,1.230,1.114,27953
2016,4.98178,4.97306,2.085e-04,1.875,1.808,27933
2017,4.95480,4.97306,2.082e-04,1.192,1.084,28004
2018,4.86068,4.97306,2.080e-04,1.071,0.945,28101
2019,5.03083,4.97306,2.077e-04,1.366,1.262,27923
2020,5.04525,4.97306,2.074e-04,1.124,1.004,27954
2021,4.90648,4.97306,2.072e-04,1.017,0.885,27656
2022,4.90646,4.97306,2.069e-04,1.041,0.906,27902
2023,5.01892,4.97306,2.066e-04,1.218,1.108,28044
2024,4.91159,4.97306,2.063e-04,1.039,0.910,28089
2025,4.71307,4.97306,2.061e-04,1.460,1.384,27932
2026,4.96507,4.97306,2.058e-04,1.106,0.993,27991
2027,5.07219,4.97306,2.055e-04,1.378,1.277,27949
2028,5.01877,4.97306,2.053e-04,1.188,1.099,28081
2029,4.78200,4.97306,2.050e-04,1.032,0.922,28063
2030,5.00331,4.97306,2.047e-04,1.176,1.063,28024
2031,5.04446,4.97306,2.045e-04,1.010,0.873,27944
2032,4.99482,4.97306,2.042e-04,1.200,1.077,27945
2033,4.89109,4.97306,2.039e-04,0.952,0.831,27959
2034,4.92717,4.97306,2.037e-04,1.051,0.943,27927
2035,4.94196,4.97306,2.034e-04,0.986,0.872,28099
2036,4.84608,4.97306,2.031e-04,1.581,1.496,27994
2037,4.99355,4.97306,2.029e-04,1.056,0.949,27906
2038,5.00753,4.97306,2.026e-04,1.004,0.900,27908
2039,4.94046,4.97306,2.023e-04,0.998,0.871,27932
2040,5.14031,4.97306,2.021e-04,0.972,0.856,27962
2041,4.69084,4.97306,2.018e-04,0.979,0.847,27679
2042,4.82983,4.97306,2.015e-04,1.108,1.003,28001
2043,5.03990,4.97306,2.013e-04,1.007,0.881,27889
2044,4.93954,4.97306,2.010e-04,1.039,0.903,27957
2045,5.09816,4.97306,2.007e-04,1.003,0.874,27941
2046,4.85875,4.97306,2.005e-04,0.973,0.847,28003
2047,4.93134,4.97306,2.002e-04,0.970,0.849,28110
2048,5.06757,4.97306,1.999e-04,1.057,0.936,27949
2049,4.91624,4.97306,1.997e-04,1.151,1.040,27911
2050,5.04022,4.97306,1.994e-04,1.050,0.916,27984
2051,4.95057,4.97306,1.991e-04,1.012,0.891,27963
2052,4.99210,4.97306,1.989e-04,1.178,1.076,28024
2053,4.92810,4.97306,1.986e-04,1.163,1.051,28056
2054,4.68065,4.97306,1.983e-04,1.295,1.193,27910
2055,5.00736,4.97306,1.981e-04,1.298,1.170,27924
2056,5.06901,4.97306,1.978e-04,0.976,0.860,27896
2057,4.92440,4.97306,1.975e-04,1.099,0.965,27902
2058,4.92567,4.97306,1.973e-04,1.010,0.877,28062
2059,5.10384,4.97306,1.970e-04,1.337,1.170,28028
2060,4.91199,4.97306,1.968e-04,1.236,1.106,27920
2061,5.03516,4.97306,1.965e-04,2.094,2.024,27623
2062,4.86559,4.97306,1.962e-04,1.097,0.971,27897
2063,4.93652,4.97306,1.960e-04,1.242,1.114,27920
2064,4.80248,4.97306,1.957e-04,1.395,1.298,28067
2065,5.01633,4.97306,1.954e-04,1.292,1.188,27979
2066,4.96152,4.97306,1.952e-04,1.120,1.001,27934
2067,5.12306,4.97306,1.949e-04,1.368,1.270,27900
2068,4.81985,4.97306,1.947e-04,1.175,1.046,27902
2069,4.90452,4.97306,1.944e-04,2.221,2.154,27956
2070,4.76845,4.97306,1.941e-04,1.680,1.602,28090
2071,4.79509,4.97306,1.939e-04,1.600,1.512,28065
2072,4.91126,4.97306,1.936e-04,1.528,1.434,27930
2073,4.97137,4.97306,1.933e-04,1.032,0.895,27975
2074,4.87767,4.97306,1.931e-04,1.745,1.658,27902
2075,5.00765,4.97306,1.928e-04,1.058,0.942,27941
2076,5.01175,4.97306,1.926e-04,1.127,0.999,28091
2077,4.96091,4.97306,1.923e-04,1.292,1.194,27893
2078,5.07522,4.97306,1.920e-04,1.198,1.081,27934
2079,5.08924,4.97306,1.918e-04,1.145,1.031,27924
2080,5.03613,4.97306,1.915e-04,1.035,0.888,27897
2081,4.91183,4.97306,1.913e-04,1.020,0.887,27692
2082,4.84804,4.97306,1.910e-04,1.035,0.901,28029
2083,4.85940,4.97306,1.907e-04,1.041,0.908,27907
2084,4.89119,4.97306,1.905e-04,1.234,1.126,27976
2085,4.87857,4.97306,1.902e-04,1.497,1.403,27914
2086,4.93508,4.97306,1.900e-04,1.338,1.242,27935
2087,5.16661,4.97306,1.897e-04,2.076,1.975,28058
2088,5.01074,4.97306,1.894e-04,1.234,1.099,28029
2089,4.94662,4.97306,1.892e-04,0.964,0.831,27954
2090,5.09165,4.97306,1.889e-04,1.372,1.288,27926
2091,4.95898,4.97306,1.887e-04,1.422,1.274,27930
2092,4.86991,4.97306,1.884e-04,1.497,1.421,27954
2093,4.98696,4.97306,1.882e-04,1.392,1.302,28155
2094,5.04316,4.97306,1.879e-04,1.091,0.974,28025
2095,4.92885,4.97306,1.876e-04,1.553,1.466,27911
2096,4.92921,4.97306,1.874e-04,1.271,1.168,27950
2097,5.04465,4.97306,1.871e-04,1.266,1.136,27926
2098,4.93047,4.97306,1.869e-04,1.871,1.787,27972
2099,4.99506,4.97306,1.866e-04,1.093,0.982,28107
2100,4.99283,4.97306,1.864e-04,1.607,1.522,27946
2101,5.00924,4.97306,1.861e-04,1.648,1.544,27578
2102,4.90434,4.97306,1.858e-04,1.082,0.963,27937
2103,4.97819,4.97306,1.856e-04,1.780,1.698,27975
2104,4.91776,4.97306,1.853e-04,1.379,1.279,27974
2105,4.96690,4.97306,1.851e-04,1.149,1.026,28069
2106,4.81726,4.97306,1.848e-04,1.564,1.476,27946
2107,4.96483,4.97306,1.846e-04,1.074,0.958,27939
2108,4.98759,4.97306,1.843e-04,1.473,1.374,27952
2109,4.73718,4.97306,1.841e-04,1.265,1.164,27913
2110,4.90641,4.97306,1.838e-04,1.104,0.996,28017
2111,4.88251,4.97306,1.835e-04,1.206,1.094,28078
2112,4.91935,4.97306,1.833e-04,1.056,0.932,27953
2113,4.80329,4.97306,1.830e-04,1.135,1.008,27944
2114,4.72860,4.97306,1.828e-04,0.963,0.846,27934
2115,5.02104,4.97306,1.825e-04,1.120,1.007,27922
2116,5.09243,4.97306,1.823e-04,1.008,0.865,28058
2117,5.04361,4.97306,1.820e-04,1.127,1.012,28035
2118,5.00798,4.97306,1.818e-04,0.982,0.858,28027
2119,4.94370,4.97306,1.815e-04,1.002,0.869,27898
2120,5.04324,4.97306,1.813e-04,1.090,0.969,27947
2121,5.00648,4.97306,1.810e-04,1.003,0.878,27759
2122,5.05579,4.97306,1.808e-04,1.103,0.984,27935
2123,5.12613,4.97306,1.805e-04,1.321,1.207,28039
2124,4.94573,4.97306,1.802e-04,1.137,1.007,27913
2125,5.05787,4.97306,1.800e-04,1.108,0.956,27911
2126,4.96114,4.97306,1.797e-04,1.118,0.995,27967
2127,4.92350,4.97306,1.795e-04,1.030,0.904,27930
2128,5.14916,4.97306,1.792e-04,1.011,0.874,28086
2129,4.82127,4.97306,1.790e-04,1.087,0.959,27994
2130,4.66078,4.97306,1.787e-04,1.015,0.889,27939
2131,4.89869,4.97306,1.785e-04,1.055,0.933,27959
2132,4.72355,4.97306,1.782e-04,1.010,0.898,27941
2133,4.79156,4.97306,1.780e-04,1.077,0.948,27983
2134,4.89450,4.97306,1.777e-04,1.171,1.049,28077
2135,4.94601,4.97306,1.775e-04,1.236,1.096,27959
2136,4.93092,4.97306,1.772e-04,1.107,0.982,27955
2137,4.89234,4.97306,1.770e-04,1.509,1.405,27917
2138,5.03187,4.97306,1.767e-04,1.265,1.132,27937
2139,5.13091,4.97306,1.765e-04,1.577,1.477,28029
2140,4.99827,4.97306,1.762e-04,1.285,1.175,28117
2141,5.07003,4.97306,1.760e-04,1.206,1.098,27678
2142,4.72916,4.97306,1.757e-04,1.173,1.067,27950
2143,5.08763,4.97306,1.755e-04,1.275,1.180,27932
2144,5.04631,4.97306,1.752e-04,1.429,1.333,27899
2145,4.79049,4.97306,1.750e-04,1.210,1.101,28069
2146,4.76004,4.97306,1.747e-04,1.111,1.001,28067
2147,4.84923,4.97306,1.745e-04,1.199,1.098,27949
2148,5.10971,4.97306,1.743e-04,1.355,1.250,27954
2149,4.81580,4.97306,1.740e-04,1.152,1.009,27897
2150,4.87903,4.97306,1.738e-04,1.223,1.097,27933
2151,5.00901,4.97306,1.735e-04,1.103,0.929,28063
2152,4.85989,4.97306,1.733e-04,1.060,0.941,28035
2153,4.89775,4.97306,1.730e-04,1.155,1.019,27945
2154,4.84683,4.97306,1.728e-04,0.999,0.867,27938
2155,4.88213,4.97306,1.725e-04,1.080,0.907,27961
2156,5.02194,4.97306,1.723e-04,1.040,0.909,27944
2157,4.94799,4.97306,1.720e-04,1.216,1.059,28089
2158,4.89690,4.97306,1.718e-04,1.190,1.050,28003
2159,4.91047,4.97306,1.715e-04,1.328,1.211,27925
2160,4.99658,4.97306,1.713e-04,1.468,1.374,27953
2161,4.98507,4.97306,1.711e-04,1.573,1.465,27696
2162,4.92546,4.97306,1.708e-04,1.181,1.078,27908
2163,4.76294,4.97306,1.706e-04,1.046,0.916,28221
2164,4.98205,4.97306,1.703e-04,1.134,1.009,27949
2165,4.95109,4.97306,1.701e-04,1.031,0.881,27950
2166,5.16845,4.97306,1.698e-04,1.037,0.909,27939
2167,4.93783,4.97306,1.696e-04,1.046,0.925,27929
2168,5.04493,4.97306,1.693e-04,1.077,0.924,28010
2169,4.92778,4.97306,1.691e-04,1.231,1.127,28089
2170,4.98464,4.97306,1.689e-04,1.689,1.602,27998
2171,5.02674,4.97306,1.686e-04,1.137,1.016,27920
2172,4.97960,4.97306,1.684e-04,1.034,0.901,27946
2173,4.73574,4.97306,1.681e-04,1.039,0.905,27942
2174,5.12929,4.97306,1.679e-04,1.061,0.941,27987
2175,4.92092,4.97306,1.676e-04,1.591,1.517,28103
2176,5.04152,4.97306,1.674e-04,1.141,1.009,27906
2177,4.83966,4.97306,1.672e-04,1.186,1.038,27966
2178,5.05681,4.97306,1.669e-04,1.439,1.340,27960
2179,5.07798,4.97306,1.667e-04,1.371,1.261,27901
2180,4.91443,4.97306,1.664e-04,1.236,1.136,28076
2181,4.99631,4.97306,1.662e-04,1.180,1.058,27641
2182,5.06625,4.97306,1.660e-04,1.207,1.082,27961
2183,4.99228,4.97306,1.657e-04,1.069,0.945,27948
2184,4.95376,4.97306,1.655e-04,1.146,1.036,27908
2185,4.67899,4.97306,1.652e-04,1.354,1.206,27993
2186,4.80385,4.97306,1.650e-04,1.078,0.912,28116
2187,4.92352,4.97306,1.648e-04,1.540,1.456,27980
2188,4.94938,4.97306,1.645e-04,1.407,1.301,27930
2189,5.05474,4.97306,1.643e-04,1.227,1.093,27937
2190,4.97966,4.97306,1.640e-04,1.605,1.510,27932
2191,4.94120,4.97306,1.638e-04,1.015,0.895,27954
2192,4.94459,4.97306,1.636e-04,1.699,1.616,28074
2193,4.97173,4.97306,1.633e-04,0.955,0.827,28027
2194,4.97293,4.97306,1.631e-04,1.155,1.051,27941
2195,4.91931,4.97306,1.628e-04,1.008,0.890,27951
2196,4.96063,4.97306,1.626e-04,0.971,0.838,27936
2197,4.93979,4.97306,1.624e-04,1.533,1.441,27999
2198,4.85709,4.97306,1.621e-04,1.057,0.911,28117
2199,4.89034,4.97306,1.619e-04,1.412,1.303,27984
2200,4.94111,4.97306,1.617e-04,1.118,0.990,27926
2201,5.20386,4.97306,1.614e-04,1.230,1.107,27587
2202,4.90381,4.97306,1.612e-04,1.149,1.028,27929
2203,4.84331,4.97306,1.609e-04,1.102,0.959,28012
2204,4.76904,4.97306,1.607e-04,1.024,0.907,28081
2205,5.02909,4.97306,1.605e-04,0.965,0.835,27993
2206,4.91009,4.97306,1.602e-04,1.097,0.962,28001
2207,5.02565,4.97306,1.600e-04,1.113,0.999,27946
2208,4.96763,4.97306,1.598e-04,1.031,0.897,27968
2209,5.07967,4.97306,1.595e-04,1.021,0.877,28033
2210,4.69738,4.97306,1.593e-04,1.028,0.903,28072
2211,4.91557,4.97306,1.591e-04,1.085,0.964,27985
2212,5.00382,4.97306,1.588e-04,1.064,0.925,27947
2213,4.71625,4.97306,1.586e-04,1.412,1.256,27942
2214,4.85201,4.97306,1.584e-04,1.168,1.054,27970
2215,4.79960,4.97306,1.581e-04,1.230,1.117,28051
2216,4.78680,4.97306,1.579e-04,1.123,0.995,28064
2217,4.81954,4.97306,1.577e-04,1.047,0.900,27953
2218,4.83407,4.97306,1.574e-04,1.049,0.931,27934
2219,4.73303,4.97306,1.572e-04,1.013,0.874,27948
2220,4.97949,4.97306,1.570e-04,1.237,1.131,27943
2221,4.91250,4.97306,1.567e-04,1.020,0.879,27685
2222,4.92266,4.97306,1.565e-04,1.233,1.093,27990
2223,4.84267,4.97306,1.563e-04,1.053,0.921,27943
2224,5.02976,4.97306,1.560e-04,1.119,0.999,27968
2225,4.73661,4.97306,1.558e-04,1.087,0.953,27955
2226,4.94917,4.97306,1.556e-04,1.626,1.508,27937
2227,4.96200,4.97306,1.553e-04,1.187,1.028,28106
2228,4.68821,4.97306,1.551e-04,1.496,1.402,28062
2229,4.90991,4.97306,1.549e-04,1.471,1.375,27964
2230,4.85191,4.97306,1.546e-04,1.191,1.075,27891
2231,4.87530,4.97306,1.544e-04,2.313,2.242,27951
2232,4.90259,4.97306,1.542e-04,1.262,1.164,27994
2233,5.03387,4.97306,1.540e-04,1.144,1.026,28092
2234,4.94702,4.97306,1.537e-04,1.243,1.130,27951
2235,4.97529,4.97306,1.535e-04,1.025,0.889,27960
2236,4.72649,4.97306,1.533e-04,1.172,1.077,27936
2237,4.83986,4.97306,1.530e-04,1.070,0.943,27969
2238,5.06295,4.97306,1.528e-04,1.205,1.059,27973
2239,4.99526,4.97306,1.526e-04,1.258,1.116,28085
2240,4.99738,4.97306,1.524e-04,1.140,1.013,27988
2241,4.92242,4.97306,1.521e-04,1.461,1.358,27627
2242,4.93555,4.97306,1.519e-04,1.317,1.206,27901
2243,5.10930,4.97306,1.517e-04,1.172,1.029,27941
2244,4.83106,4.97306,1.514e-04,1.412,1.309,28043
2245,4.73748,4.97306,1.512e-04,1.166,1.029,28070
2246,4.84591,4.97306,1.510e-04,1.379,1.268,27945
2247,4.90838,4.97306,1.508e-04,1.421,1.317,27932
2248,4.99341,4.97306,1.505e-04,0.996,0.867,27934
2249,5.03379,4.97306,1.503e-04,1.441,1.353,27960
2250,5.08374,4.91042,1.501e-04,1.749,1.659,8444
2251,5.02563,4.91042,1.499e-04,1.408,1.307,28072
2252,4.88129,4.91042,1.496e-04,1.377,1.278,27962
2253,5.05954,4.91042,1.494e-04,1.235,1.119,27982
2254,4.93356,4.91042,1.492e-04,1.503,1.395,27934
2255,4.89669,4.91042,1.490e-04,1.244,1.140,27948
2256,4.94833,4.91042,1.487e-04,1.166,1.050,27947
2257,4.94529,4.91042,1.485e-04,1.200,1.066,27965
2258,5.09658,4.91042,1.483e-04,1.099,0.961,28089
2259,4.70930,4.91042,1.481e-04,1.343,1.235,27948
2260,4.75274,4.91042,1.478e-04,1.127,1.005,27940
2261,5.00431,4.91042,1.476e-04,1.069,0.930,27645
2262,4.82260,4.91042,1.474e-04,1.142,1.004,27882
2263,4.91188,4.91042,1.472e-04,1.040,0.900,28041
2264,4.98458,4.91042,1.469e-04,1.105,0.946,28087
2265,4.92903,4.91042,1.467e-04,1.524,1.428,27980
2266,4.86575,4.91042,1.465e-04,1.108,0.988,27968
2267,4.87270,4.91042,1.463e-04,1.139,1.026,27961
2268,4.96169,4.91042,1.461e-04,1.817,1.727,27910
2269,4.84107,4.91042,1.458e-04,1.178,1.050,28059
2270,5.05811,4.91042,1.456e-04,1.575,1.467,28076
2271,5.07119,4.91042,1.454e-04,1.460,1.326,28012
2272,5.01492,4.91042,1.452e-04,1.163,1.013,27952
2273,4.88510,4.91042,1.450e-04,1.287,1.187,27977
2274,4.98296,4.91042,1.447e-04,1.280,1.148,27886
2275,4.92259,4.91042,1.445e-04,1.133,1.008,28094
2276,5.05487,4.91042,1.443e-04,1.329,1.234,28061
2277,4.93963,4.91042,1.441e-04,1.569,1.461,27961
2278,4.98022,4.91042,1.439e-04,1.070,0.912,27948
2279,4.99617,4.91042,1.436e-04,1.301,1.193,27959
2280,4.76831,4.91042,1.434e-04,1.301,1.189,27935
2281,4.82271,4.91042,1.432e-04,1.086,0.917,27692
2282,5.00639,4.91042,1.430e-04,1.350,1.239,27996
2283,4.90580,4.91042,1.428e-04,1.215,1.099,27919
2284,5.01902,4.91042,1.425e-04,1.256,1.102,27943
2285,4.84789,4.91042,1.423e-04,1.227,1.114,27963
2286,4.92708,4.91042,1.421e-04,1.019,0.892,27969
2287,4.91676,4.91042,1.419e-04,1.156,1.022,28085
2288,4.98241,4.91042,1.417e-04,1.058,0.915,27995
2289,4.90899,4.91042,1.415e-04,1.000,0.870,27933
2290,4.91017,4.91042,1.412e-04,1.109,0.967,27919
2291,4.95219,4.91042,1.410e-04,1.111,0.962,27947
2292,4.85155,4.91042,1.408e-04,1.183,1.050,27985
2293,4.69323,4.91042,1.406e-04,1.205,1.075,28150
2294,4.73628,4.91042,1.404e-04,1.019,0.873,27994
2295,4.81929,4.91042,1.402e-04,1.249,1.156,27960
2296,4.72735,4.91042,1.399e-04,1.218,1.083,27990
2297,4.98467,4.91042,1.397e-04,1.179,1.026,27916
2298,4.92989,4.91042,1.395e-04,1.350,1.238,27992
2299,5.00589,4.91042,1.393e-04,1.412,1.294,28092
2300,5.18280,4.91042,1.391e-04,1.162,1.009,27956
2301,4.81611,4.91042,1.389e-04,1.257,1.118,27650
2302,4.76919,4.91042,1.387e-04,1.226,1.076,27901
2303,4.91166,4.91042,1.384e-04,1.079,0.939,27979
2304,5.03706,4.91042,1.382e-04,1.115,0.974,28012
2305,4.96379,4.91042,1.380e-04,1.092,0.942,28021
2306,5.02874,4.91042,1.378e-04,1.004,0.864,27925
2307,4.77245,4.91042,1.376e-04,1.072,0.951,27950
2308,5.01474,4.91042,1.374e-04,1.155,1.023,27941
2309,4.93717,4.91042,1.372e-04,1.098,0.942,27901
2310,4.84206,4.91042,1.370e-04,1.077,0.961,28107
2311,4.87432,4.91042,1.367e-04,0.969,0.843,28013
2312,4.79220,4.91042,1.365e-04,1.161,1.034,27949
2313,4.94199,4.91042,1.363e-04,1.169,1.056,27944
2314,4.96025,4.91042,1.361e-04,1.106,0.966,27945
2315,5.00774,4.91042,1.359e-04,1.140,1.017,27950
2316,4.81780,4.91042,1.357e-04,1.071,0.945,28089
2317,4.97859,4.91042,1.355e-04,1.095,0.965,27994
2318,4.93246,4.91042,1.353e-04,1.023,0.878,27994
2319,4.85307,4.91042,1.351e-04,1.082,0.967,27953
2320,4.89439,4.91042,1.348e-04,1.090,0.924,27939
2321,4.81497,4.91042,1.346e-04,1.347,1.239,27717
2322,4.90854,4.91042,1.344e-04,1.404,1.280,27994
2323,4.85407,4.91042,1.342e-04,1.288,1.181,27961
2324,5.01157,4.91042,1.340e-04,1.446,1.339,27960
2325,4.90968,4.91042,1.338e-04,1.038,0.901,27935
2326,5.07458,4.91042,1.336e-04,1.138,1.005,27927
2327,4.99962,4.91042,1.334e-04,1.411,1.312,28000
2328,4.85876,4.91042,1.332e-04,1.051,0.917,28078
2329,4.93708,4.91042,1.330e-04,1.190,1.069,27941
2330,4.96651,4.91042,1.328e-04,1.357,1.246,27922
2331,4.86411,4.91042,1.326e-04,1.071,0.940,27956
2332,4.93026,4.91042,1.324e-04,1.315,1.188,27961
2333,4.81593,4.91042,1.321e-04,1.287,1.150,28010
2334,4.97004,4.91042,1.319e-04,1.291,1.172,28079
2335,4.95676,4.91042,1.317e-04,1.552,1.452,27891
2336,4.92690,4.91042,1.315e-04,1.205,1.044,27945
2337,4.91762,4.91042,1.313e-04,1.296,1.177,27938
2338,4.89116,4.91042,1.311e-04,1.622,1.535,28046
2339,4.90974,4.91042,1.309e-04,1.226,1.113,28079
2340,4.78324,4.91042,1.307e-04,1.177,1.042,28045
2341,4.91652,4.91042,1.305e-04,1.465,1.360,27616
2342,4.72322,4.91042,1.303e-04,1.521,1.433,27925
2343,4.91921,4.91042,1.301e-04,1.083,0.946,27955
2344,4.84848,4.91042,1.299e-04,1.562,1.459,27906
2345,4.90560,4.91042,1.297e-04,1.033,0.906,28076
2346,4.95479,4.91042,1.295e-04,1.018,0.882,28015
2347,5.06804,4.91042,1.293e-04,1.674,1.581,27940
2348,4.77720,4.91042,1.291e-04,1.261,1.146,27916
2349,4.79085,4.91042,1.289e-04,1.047,0.927,27940
2350,4.97699,4.91042,1.287e-04,1.709,1.624,27943
2351,4.87280,4.91042,1.285e-04,1.268,1.155,28066
2352,5.06360,4.91042,1.283e-04,1.101,0.953,27922
2353,4.84353,4.91042,1.281e-04,1.632,1.546,27912
2354,4.98840,4.91042,1.279e-04,1.180,1.061,27919
2355,4.79453,4.91042,1.277e-04,1.203,1.101,27910
2356,4.77515,4.91042,1.275e-04,1.394,1.265,27970
2357,4.85426,4.91042,1.273e-04,1.005,0.872,28075
2358,4.74493,4.91042,1.271e-04,1.193,1.058,27920
2359,4.86464,4.91042,1.269e-04,1.105,0.969,27950
2360,4.88441,4.91042,1.267e-04,1.064,0.943,27933
2361,4.83392,4.91042,1.265e-04,1.272,1.173,27674
2362,4.74366,4.91042,1.263e-04,1.133,1.002,27951
2363,4.91776,4.91042,1.261e-04,1.125,0.985,28016
2364,4.83213,4.91042,1.259e-04,1.254,1.137,27929
2365,4.95855,4.91042,1.257e-04,1.098,0.958,27917
2366,5.09872,4.91042,1.255e-04,1.210,1.089,27918
2367,4.80966,4.91042,1.253e-04,1.769,1.682,27876
2368,4.76713,4.91042,1.251e-04,1.143,1.012,28098
2369,4.90236,4.91042,1.249e-04,1.175,1.056,28022
2370,4.80387,4.91042,1.247e-04,1.304,1.199,27924
2371,5.11940,4.91042,1.245e-04,1.214,1.090,27946
2372,4.83696,4.91042,1.243e-04,1.461,1.358,27931
2373,5.02262,4.91042,1.241e-04,1.299,1.181,27903
2374,4.94248,4.91042,1.239e-04,1.071,0.937,28105
2375,4.95827,4.91042,1.237e-04,1.038,0.904,27956
2376,4.89487,4.91042,1.235e-04,1.050,0.934,27869
2377,4.94782,4.91042,1.233e-04,1.123,1.001,27922
2378,4.77125,4.91042,1.231e-04,1.225,1.115,27920
2379,4.85543,4.91042,1.229e-04,1.279,1.172,27971
2380,4.79588,4.91042,1.227e-04,1.091,0.966,28079
2381,4.77812,4.91042,1.225e-04,1.035,0.913,27614
2382,4.80687,4.91042,1.223e-04,1.180,1.049,27968
2383,4.86397,4.91042,1.222e-04,1.107,0.987,27916
2384,4.90017,4.91042,1.220e-04,1.208,1.096,27872
2385,5.02869,4.91042,1.218e-04,1.151,1.036,28116
2386,4.77269,4.91042,1.216e-04,1.044,0.923,28052
2387,5.05703,4.91042,1.214e-04,1.466,1.332,27926
2388,4.86824,4.91042,1.212e-04,1.377,1.264,27956
2389,4.96996,4.91042,1.210e-04,1.426,1.285,27885
2390,4.99266,4.91042,1.208e-04,1.613,1.510,27919
2391,4.85808,4.91042,1.206e-04,1.149,1.016,28033
2392,4.84127,4.91042,1.204e-04,1.091,0.932,28038
2393,5.00323,4.91042,1.202e-04,1.171,1.015,27913
2394,4.69487,4.91042,1.200e-04,1.298,1.188,27932
2395,4.94702,4.91042,1.199e-04,1.180,1.045,27943
2396,4.83584,4.91042,1.197e-04,1.009,0.865,27936
2397,4.89323,4.91042,1.195e-04,1.124,0.961,28044
2398,4.69754,4.91042,1.193e-04,1.076,0.952,27988
2399,4.91807,4.91042,1.191e-04,1.045,0.911,27981
2400,4.89958,4.91042,1.189e-04,1.025,0.893,27919
2401,4.86658,4.91042,1.187e-04,0.981,0.836,27710
2402,4.78621,4.91042,1.185e-04,1.170,1.027,27878
2403,4.88963,4.91042,1.183e-04,1.005,0.882,28095
2404,4.73318,4.91042,1.182e-04,1.153,1.031,27977
2405,5.01883,4.91042,1.180e-04,1.149,1.012,27951
2406,4.74980,4.91042,1.178e-04,1.046,0.917,27972
2407,4.94684,4.91042,1.176e-04,1.378,1.279,27931
2408,4.80381,4.91042,1.174e-04,1.188,1.061,27961
2409,4.86467,4.91042,1.172e-04,1.128,0.997,28086
2410,4.73702,4.91042,1.170e-04,1.285,1.170,27980
2411,4.87242,4.91042,1.168e-04,1.203,1.077,27888
2412,5.00741,4.91042,1.167e-04,1.430,1.309,27938
2413,5.00870,4.91042,1.165e-04,1.251,1.117,27913
2414,4.89843,4.91042,1.163e-04,1.078,0.950,27996
2415,4.78135,4.91042,1.161e-04,1.468,1.380,28074
2416,4.88583,4.91042,1.159e-04,1.278,1.172,27885
2417,4.92876,4.91042,1.157e-04,1.173,1.037,27925
2418,5.03429,4.91042,1.155e-04,1.518,1.419,27922
2419,4.90943,4.91042,1.154e-04,1.549,1.455,27954
2420,4.95390,4.91042,1.152e-04,1.100,0.974,28012
2421,4.87572,4.91042,1.150e-04,1.111,0.989,27675
2422,4.97778,4.91042,1.148e-04,1.256,1.135,27948
2423,4.82401,4.91042,1.146e-04,1.062,0.933,27915
2424,4.99195,4.91042,1.144e-04,1.014,0.871,27924
2425,4.86449,4.91042,1.143e-04,0.998,0.867,27933
2426,4.92702,4.91042,1.141e-04,1.025,0.878,28106
2427,4.71510,4.91042,1.139e-04,1.171,1.044,27963
2428,4.82149,4.91042,1.137e-04,1.108,0.977,27933
2429,4.97135,4.91042,1.135e-04,1.069,0.916,27949
2430,4.72673,4.91042,1.134e-04,1.078,0.958,28004
2431,5.02344,4.91042,1.132e-04,1.330,1.192,27957
2432,4.90015,4.91042,1.130e-04,1.045,0.900,28095
2433,4.78397,4.91042,1.128e-04,1.252,1.146,27955
2434,4.93008,4.91042,1.126e-04,1.043,0.917,27975
2435,5.09533,4.91042,1.125e-04,1.047,0.910,27935
2436,4.53501,4.91042,1.123e-04,1.385,1.293,27936
2437,5.02294,4.91042,1.121e-04,1.023,0.899,27976
2438,4.91506,4.91042,1.119e-04,1.179,1.066,28092
2439,5.00980,4.91042,1.117e-04,1.137,1.000,27960
2440,4.96543,4.91042,1.116e-04,1.044,0.899,27931
2441,4.84953,4.91042,1.114e-04,1.612,1.520,27609
2442,5.02135,4.91042,1.112e-04,1.400,1.278,27900
2443,4.75465,4.91042,1.110e-04,1.180,1.037,28011
2444,4.91354,4.91042,1.109e-04,1.407,1.278,28094
2445,4.87657,4.91042,1.107e-04,1.257,1.136,27945
2446,4.94135,4.91042,1.105e-04,1.180,1.029,27929
2447,4.92670,4.91042,1.103e-04,1.158,1.039,27944
2448,4.83439,4.91042,1.101e-04,1.062,0.912,27946
2449,4.79597,4.91042,1.100e-04,1.004,0.865,28026
2450,4.82727,4.91042,1.098e-04,1.096,0.957,28067
2451,4.99493,4.91042,1.096e-04,1.511,1.401,27901
2452,4.99955,4.91042,1.094e-04,1.125,0.983,27934
2453,4.91061,4.91042,1.093e-04,1.045,0.912,27947
2454,4.79855,4.91042,1.091e-04,1.252,1.135,27917
2455,5.06427,4.91042,1.089e-04,1.107,0.969,28062
2456,4.83592,4.91042,1.088e-04,1.098,0.976,28046
2457,4.92700,4.91042,1.086e-04,1.165,1.034,27970
2458,4.75709,4.91042,1.084e-04,1.089,0.926,27957
2459,4.88169,4.91042,1.082e-04,1.284,1.180,27912
2460,4.82800,4.91042,1.081e-04,1.089,0.950,27945
2461,4.87412,4.91042,1.079e-04,1.290,1.164,27673
2462,4.71651,4.91042,1.077e-04,1.174,1.057,27999
2463,4.84906,4.91042,1.075e-04,1.058,0.923,27930
2464,4.91407,4.91042,1.074e-04,1.467,1.369,27920
2465,4.83531,4.91042,1.072e-04,1.164,1.012,27923
2466,4.86482,4.91042,1.070e-04,1.026,0.885,27984
2467,4.76624,4.91042,1.069e-04,1.285,1.179,28102
2468,5.14329,4.91042,1.067e-04,1.399,1.298,27937
2469,4.99226,4.91042,1.065e-04,1.060,0.903,27923
2470,4.96219,4.91042,1.063e-04,1.441,1.303,27952
2471,4.66529,4.91042,1.062e-04,1.257,1.144,27923
2472,4.98984,4.91042,1.060e-04,1.081,0.938,27959
2473,4.93977,4.91042,1.058e-04,1.078,0.912,28205
2474,4.82376,4.91042,1.057e-04,1.021,0.895,27935
2475,4.81529,4.91042,1.055e-04,1.096,0.948,27911
2476,4.90654,4.91042,1.053e-04,1.126,0.951,27949
2477,4.72754,4.91042,1.052e-04,1.079,0.943,27922
2478,4.86847,4.91042,1.050e-04,1.077,0.930,28052
2479,4.72853,4.91042,1.048e-04,1.367,1.254,28010
2480,4.80948,4.91042,1.047e-04,1.069,0.910,27947
2481,4.83680,4.91042,1.045e-04,1.134,0.988,27576
2482,4.85370,4.91042,1.043e-04,1.211,1.074,27896
2483,4.75172,4.91042,1.042e-04,1.097,0.963,27948
2484,4.94210,4.91042,1.040e-04,1.055,0.888,28073
2485,4.90172,4.91042,1.038e-04,1.039,0.913,28025
2486,4.91192,4.91042,1.037e-04,1.082,0.942,27955
2487,4.83617,4.91042,1.035e-04,1.127,0.978,27882
2488,4.78127,4.91042,1.033e-04,1.126,0.979,27928
2489,5.03683,4.91042,1.032e-04,1.230,1.103,27928
2490,4.76827,4.91042,1.030e-04,1.060,0.921,28075
2491,4.78468,4.91042,1.028e-04,1.135,0.996,27995
2492,4.98193,4.91042,1.027e-04,1.089,0.966,27937
2493,4.81771,4.91042,1.025e-04,1.039,0.910,27934
2494,4.72599,4.91042,1.024e-04,1.227,1.122,27919
2495,4.82274,4.91042,1.022e-04,1.063,0.927,28012
2496,5.04164,4.91042,1.020e-04,1.100,0.951,28114
2497,4.90384,4.91042,1.019e-04,1.277,1.171,27980
2498,4.75362,4.91042,1.017e-04,1.084,0.963,28053
2499,4.92243,4.91042,1.015e-04,1.143,1.011,27929
2500,4.84528,4.86310,1.014e-04,1.096,0.958,8401
2501,4.87439,4.86310,1.012e-04,1.208,1.103,28021
2502,4.90021,4.86310,1.011e-04,1.200,1.071,27882
2503,4.75041,4.86310,1.009e-04,1.277,1.150,28066
2504,4.94808,4.86310,1.007e-04,1.274,1.129,28041
2505,4.84173,4.86310,1.006e-04,1.261,1.136,27944
2506,4.80869,4.86310,1.004e-04,1.199,1.055,27962
2507,4.86110,4.86310,1.003e-04,1.108,0.961,27883
2508,4.87995,4.86310,1.001e-04,1.278,1.158,27904
2509,4.71488,4.86310,9.995e-05,1.033,0.911,28090
2510,5.05621,4.86310,9.979e-05,1.171,1.021,28013
2511,4.82020,4.86310,9.963e-05,1.113,0.981,27947
2512,4.83228,4.86310,9.947e-05,1.479,1.385,27916
2513,4.61290,4.86310,9.931e-05,1.109,0.980,27941
2514,5.00202,4.86310,9.916e-05,1.241,1.116,27977
2515,4.93133,4.86310,9.900e-05,1.184,1.054,28111
2516,4.88707,4.86310,9.884e-05,1.086,0.921,28007
2517,4.99051,4.86310,9.869e-05,1.392,1.249,27926
2518,4.79469,4.86310,9.853e-05,1.151,1.020,28004
2519,4.87136,4.86310,9.837e-05,1.243,1.114,27935
2520,4.93115,4.86310,9.822e-05,1.161,0.985,27951
2521,4.74678,4.86310,9.806e-05,1.018,0.882,27690
2522,4.90369,4.86310,9.791e-05,1.081,0.953,28030
2523,4.92278,4.86310,9.775e-05,1.409,1.297,27933
2524,4.87125,4.86310,9.760e-05,1.215,1.086,27934
2525,4.78946,4.86310,9.745e-05,1.139,1.005,27910
2526,4.91680,4.86310,9.729e-05,1.256,1.137,28005
2527,4.83858,4.86310,9.714e-05,1.190,1.070,28089
2528,4.66096,4.86310,9.699e-05,1.072,0.919,27952
2529,4.78340,4.86310,9.683e-05,1.218,1.097,27948
2530,4.73046,4.86310,9.668e-05,1.127,1.006,27957
2531,4.92962,4.86310,9.653e-05,1.114,0.989,27927
2532,4.82140,4.86310,9.638e-05,1.152,1.024,28046
2533,4.89272,4.86310,9.622e-05,1.062,0.925,28076
2534,4.93641,4.86310,9.607e-05,1.119,0.980,27952
2535,4.74035,4.86310,9.592e-05,1.085,0.973,27957
2536,4.81159,4.86310,9.577e-05,1.181,1.052,27954
2537,4.93937,4.86310,9.562e-05,1.107,0.962,27937
2538,4.91471,4.86310,9.547e-05,1.098,0.986,28152
2539,4.86280,4.86310,9.532e-05,1.107,0.987,28047
2540,4.69707,4.86310,9.517e-05,1.119,0.991,28019
2541,5.01672,4.86310,9.502e-05,1.163,1.011,27660
2542,4.95087,4.86310,9.487e-05,1.067,0.937,27942
2543,4.80224,4.86310,9.472e-05,1.250,1.121,27952
2544,5.04357,4.86310,9.457e-05,1.224,1.096,28070
2545,4.82484,4.86310,9.443e-05,1.161,1.014,28020
2546,4.93515,4.86310,9.428e-05,1.184,1.048,27939
2547,4.93132,4.86310,9.413e-05,1.079,0.930,27963
2548,5.11008,4.86310,9.398e-05,1.164,1.015,27964
2549,4.82257,4.86310,9.384e-05,1.126,0.984,28001
2550,4.91339,4.86310,9.369e-05,1.176,1.070,28093
2551,4.91025,4.86310,9.354e-05,1.134,0.972,28005
2552,4.69758,4.86310,9.340e-05,1.240,1.109,27954
2553,4.98006,4.86310,9.325e-05,1.331,1.218,27959
2554,4.83790,4.86310,9.311e-05,1.061,0.931,27925
2555,4.94646,4.86310,9.296e-05,1.135,1.008,27958
2556,4.82686,4.86310,9.282e-05,1.109,0.943,28110
2557,5.07713,4.86310,9.267e-05,1.039,0.884,27961
2558,4.81231,4.86310,9.253e-05,1.064,0.925,27943
2559,4.86276,4.86310,9.238e-05,1.145,1.011,27929
2560,4.83611,4.86310,9.224e-05,1.118,0.949,27944
2561,4.84365,4.86310,9.210e-05,1.054,0.914,27690
2562,4.94619,4.86310,9.195e-05,1.039,0.905,28070
2563,4.82487,4.86310,9.181e-05,1.111,0.967,27981
2564,4.96090,4.86310,9.167e-05,1.199,1.038,27928
2565,4.68158,4.86310,9.153e-05,1.024,0.876,27933
2566,4.79221,4.86310,9.138e-05,0.997,0.855,27944
2567,5.03924,4.86310,9.124e-05,1.039,0.894,28033
2568,4.74882,4.86310,9.110e-05,1.521,1.409,28060
2569,4.93239,4.86310,9.096e-05,1.205,1.048,27969
2570,4.68731,4.86310,9.082e-05,1.167,1.041,27942
2571,4.94089,4.86310,9.068e-05,1.227,1.104,27948
2572,4.87564,4.86310,9.054e-05,0.984,0.828,27931
2573,4.91684,4.86310,9.040e-05,1.046,0.913,28082
2574,4.77337,4.86310,9.026e-05,1.213,1.103,28067
2575,4.83080,4.86310,9.012e-05,1.028,0.891,27944
2576,5.01981,4.86310,8.998e-05,1.121,0.983,27969
2577,4.81135,4.86310,8.984e-05,1.055,0.898,27962
2578,4.82431,4.86310,8.970e-05,1.154,1.017,27993
2579,4.84819,4.86310,8.957e-05,1.415,1.310,28081
2580,4.81339,4.86310,8.943e-05,0.997,0.875,28007
2581,4.73559,4.86310,8.929e-05,1.007,0.867,27636
2582,4.88391,4.86310,8.915e-05,1.282,1.145,27893
2583,4.89345,4.86310,8.902e-05,0.981,0.839,27968
2584,5.01429,4.86310,8.888e-05,1.116,0.984,27952
2585,4.85399,4.86310,8.874e-05,1.242,1.100,28132
2586,4.82817,4.86310,8.861e-05,1.043,0.896,27996
2587,4.80074,4.86310,8.847e-05,1.412,1.288,27919
2588,4.93573,4.86310,8.834e-05,1.223,1.108,27950
2589,4.93360,4.86310,8.820e-05,1.148,0.974,27971
2590,4.80065,4.86310,8.807e-05,1.396,1.271,27998
2591,4.78052,4.86310,8.793e-05,1.174,1.038,28087
2592,4.99585,4.86310,8.780e-05,1.217,1.047,27970
2593,4.60411,4.86310,8.767e-05,1.051,0.919,27907
2594,4.85622,4.86310,8.753e-05,1.176,1.043,27956
2595,4.89281,4.86310,8.740e-05,1.233,1.093,27937
2596,4.93809,4.86310,8.727e-05,1.158,1.001,27990
2597,5.09691,4.86310,8.713e-05,1.095,0.965,28101
2598,4.88718,4.86310,8.700e-05,1.203,1.058,27955
2599,4.92295,4.86310,8.687e-05,1.313,1.180,27954
2600,4.77158,4.86310,8.674e-05,1.071,0.936,27938
2601,4.88288,4.86310,8.661e-05,1.036,0.885,27707
2602,4.95565,4.86310,8.648e-05,1.141,0.975,27934
2603,4.71971,4.86310,8.635e-05,1.107,0.981,28057
2604,4.87269,4.86310,8.622e-05,1.108,0.961,27930
2605,4.58609,4.86310,8.609e-05,1.076,0.947,27997
2606,4.67660,4.86310,8.596e-05,1.069,0.933,27997
2607,4.78509,4.86310,8.583e-05,1.034,0.902,27921
2608,4.98283,4.86310,8.570e-05,1.031,0.900,28128
2609,5.00722,4.86310,8.557e-05,1.049,0.876,28019
2610,4.88094,4.86310,8.544e-05,1.187,1.053,27959
2611,4.79900,4.86310,8.531e-05,1.073,0.929,27919
2612,4.65211,4.86310,8.518e-05,1.207,1.087,27951
2613,4.68108,4.86310,8.506e-05,1.067,0.923,27941
2614,4.86788,4.86310,8.493e-05,1.157,0.988,28116
2615,4.72445,4.86310,8.480e-05,1.147,1.014,28008
2616,4.96548,4.86310,8.467e-05,1.080,0.942,27949
2617,4.86423,4.86310,8.455e-05,1.166,1.035,27944
2618,4.57937,4.86310,8.442e-05,1.081,0.944,27943
2619,4.80765,4.86310,8.430e-05,1.035,0.879,27950
2620,4.98502,4.86310,8.417e-05,1.192,1.065,28104
2621,4.87458,4.86310,8.405e-05,1.038,0.893,27678
2622,5.01556,4.86310,8.392e-05,1.036,0.880,27938
2623,5.01569,4.86310,8.380e-05,1.116,0.984,27948
2624,4.73549,4.86310,8.367e-05,1.045,0.900,27914
2625,4.87258,4.86310,8.355e-05,1.054,0.907,27981
2626,4.72543,4.86310,8.342e-05,1.004,0.879,28081
2627,4.68759,4.86310,8.330e-05,1.007,0.872,27977
2628,4.70927,4.86310,8.318e-05,1.115,0.985,28004
2629,4.80369,4.86310,8.306e-05,1.067,0.929,27924
2630,4.84865,4.86310,8.293e-05,1.158,1.012,28037
2631,4.93832,4.86310,8.281e-05,1.064,0.920,28009
2632,4.83112,4.86310,8.269e-05,1.020,0.871,28117
2633,4.79421,4.86310,8.257e-05,1.093,0.957,27946
2634,4.85598,4.86310,8.245e-05,1.192,1.057,27954
2635,4.84209,4.86310,8.233e-05,1.126,0.980,27925
2636,4.77510,4.86310,8.221e-05,1.261,1.139,27959
2637,4.86629,4.86310,8.209e-05,1.177,1.042,28022
2638,4.95366,4.86310,8.197e-05,1.027,0.884,28082
2639,4.77177,4.86310,8.185e-05,1.232,1.116,27979
2640,4.89581,4.86310,8.173e-05,1.141,1.014,27932
2641,4.97440,4.86310,8.161e-05,1.064,0.926,27682
2642,4.84508,4.86310,8.149e-05,1.143,1.014,27870
2643,4.72875,4.86310,8.137e-05,1.044,0.921,28073
2644,4.79471,4.86310,8.125e-05,1.117,0.966,28015
2645,4.83123,4.86310,8.114e-05,1.079,0.943,27940
2646,4.94267,4.86310,8.102e-05,1.077,0.943,27929
2647,4.84214,4.86310,8.090e-05,1.031,0.899,27941
2648,4.94432,4.86310,8.079e-05,1.156,1.045,27917
2649,4.90983,4.86310,8.067e-05,1.012,0.874,28087
2650,4.79772,4.86310,8.055e-05,1.028,0.892,27996
2651,4.88570,4.86310,8.044e-05,1.407,1.279,27922
2652,4.89781,4.86310,8.032e-05,1.077,0.937,27908
2653,4.83875,4.86310,8.021e-05,1.105,0.969,27988
2654,4.77894,4.86310,8.009e-05,1.071,0.953,27953
2655,4.95271,4.86310,7.998e-05,1.066,0.905,28088
2656,4.88522,4.86310,7.986e-05,1.080,0.938,27958
2657,4.84947,4.86310,7.975e-05,1.066,0.935,27958
2658,4.81799,4.86310,7.964e-05,1.023,0.885,27923
2659,4.90023,4.86310,7.952e-05,1.055,0.908,27891
2660,5.01351,4.86310,7.941e-05,1.126,0.972,27989
2661,4.73051,4.86310,7.930e-05,1.132,0.997,27638
2662,4.73246,4.86310,7.918e-05,1.041,0.901,27949
2663,4.79940,4.86310,7.907e-05,1.252,1.117,27926
2664,4.90962,4.86310,7.896e-05,1.094,0.966,27946
2665,4.78566,4.86310,7.885e-05,1.098,0.922,27920
2666,4.80532,4.86310,7.874e-05,0.961,0.822,28023
2667,4.80640,4.86310,7.863e-05,1.222,1.089,28011
2668,4.82294,4.86310,7.852e-05,1.088,0.927,27909
2669,4.79129,4.86310,7.841e-05,1.152,1.023,27933
2670,4.79848,4.86310,7.830e-05,1.229,1.118,27904
2671,4.83373,4.86310,7.819e-05,1.028,0.895,27934
2672,4.73001,4.86310,7.808e-05,1.340,1.223,28067
2673,5.05379,4.86310,7.797e-05,1.167,1.054,28120
2674,4.91494,4.86310,7.786e-05,1.129,0.964,27950
2675,4.81442,4.86310,7.775e-05,1.438,1.328,27925
2676,4.73799,4.86310,7.764e-05,1.036,0.902,27922
2677,4.60710,4.86310,7.754e-05,1.010,0.876,27920
2678,4.86394,4.86310,7.743e-05,1.189,1.064,28109
2679,4.78428,4.86310,7.732e-05,1.015,0.883,27988
2680,4.92633,4.86310,7.722e-05,1.011,0.864,27872
2681,4.83960,4.86310,7.711e-05,1.225,1.101,27636
2682,4.89701,4.86310,7.700e-05,1.154,1.030,27894
2683,4.70151,4.86310,7.690e-05,0.994,0.840,27962
2684,4.82473,4.86310,7.679e-05,1.072,0.932,28076
2685,4.82000,4.86310,7.669e-05,1.047,0.900,27908
2686,4.88861,4.86310,7.658e-05,1.202,1.060,27937
2687,4.99963,4.86310,7.648e-05,1.045,0.910,27949
2688,4.73157,4.86310,7.638e-05,1.061,0.920,27926
2689,4.88686,4.86310,7.627e-05,1.070,0.943,28002
2690,4.67188,4.86310,7.617e-05,1.049,0.924,28085
2691,4.66332,4.86310,7.606e-05,1.188,1.060,27949
2692,4.89492,4.86310,7.596e-05,1.281,1.166,27900
2693,4.86632,4.86310,7.586e-05,1.174,1.026,27909
2694,4.85116,4.86310,7.576e-05,1.377,1.264,27939
2695,4.80335,4.86310,7.566e-05,1.074,0.943,28108
2696,4.67013,4.86310,7.555e-05,1.145,1.026,28040
2697,4.87603,4.86310,7.545e-05,1.121,0.980,27952
2698,4.78088,4.86310,7.535e-05,1.260,1.150,27955
2699,4.85210,4.86310,7.525e-05,1.104,0.980,27930
2700,4.83768,4.86310,7.515e-05,1.050,0.919,27927
2701,4.87170,4.86310,7.505e-05,1.298,1.179,27714
2702,4.82015,4.86310,7.495e-05,1.138,1.006,28054
2703,4.71129,4.86310,7.485e-05,1.037,0.909,27926
2704,4.82213,4.86310,7.475e-05,1.266,1.148,27913
2705,4.92232,4.86310,7.466e-05,1.051,0.913,27943
2706,4.74459,4.86310,7.456e-05,1.037,0.904,27939
2707,4.73954,4.86310,7.446e-05,1.181,1.061,28121
2708,4.88987,4.86310,7.436e-05,1.074,0.934,27972
2709,4.76105,4.86310,7.426e-05,1.060,0.920,27934
2710,4.84712,4.86310,7.417e-05,1.091,0.957,27947
2711,4.71491,4.86310,7.407e-05,1.239,1.111,27878
2712,4.73425,4.86310,7.397e-05,1.089,0.952,27967
2713,4.78511,4.86310,7.388e-05,1.113,0.981,28104
2714,4.58536,4.86310,7.378e-05,1.032,0.905,27972
2715,4.84548,4.86310,7.369e-05,1.068,0.920,27931
2716,4.78420,4.86310,7.359e-05,1.182,1.044,27926
2717,4.84712,4.86310,7.350e-05,1.129,0.990,27922
2718,5.02106,4.86310,7.340e-05,1.039,0.891,28015
2719,4.81939,4.86310,7.331e-05,1.041,0.904,28110
2720,4.95572,4.86310,7.321e-05,1.039,0.891,28051
2721,4.92392,4.86310,7.312e-05,1.052,0.892,27653
2722,4.96242,4.86310,7.303e-05,1.097,0.935,27906
2723,4.81747,4.86310,7.294e-05,1.127,1.004,27974
2724,4.72555,4.86310,7.284e-05,1.164,1.026,28046
2725,5.07453,4.86310,7.275e-05,1.069,0.887,28079
2726,4.94689,4.86310,7.266e-05,1.072,0.913,27953
2727,4.84112,4.86310,7.257e-05,1.106,0.967,27920
2728,4.92560,4.86310,7.248e-05,1.134,1.002,27938
2729,4.83359,4.86310,7.239e-05,1.121,0.966,27952
2730,4.86254,4.86310,7.229e-05,1.164,1.035,28062
2731,4.90238,4.86310,7.220e-05,1.096,0.960,28060
2732,4.89569,4.86310,7.211e-05,1.113,0.988,27902
2733,4.82936,4.86310,7.203e-05,1.101,0.973,27915
2734,4.68003,4.86310,7.194e-05,1.130,1.017,27949
2735,4.79213,4.86310,7.185e-05,1.201,1.072,27922
2736,4.87563,4.86310,7.176e-05,1.053,0.918,28082
2737,4.84487,4.86310,7.167e-05,1.124,0.988,28002
2738,4.91668,4.86310,7.158e-05,1.132,0.991,27945
2739,4.72226,4.86310,7.149e-05,1.037,0.898,27955
2740,4.83402,4.86310,7.141e-05,1.027,0.887,27995
2741,4.98262,4.86310,7.132e-05,1.124,0.969,27710
2742,4.83889,4.86310,7.123e-05,1.086,0.943,27976
2743,4.87830,4.86310,7.115e-05,1.164,0.976,27947
2744,4.83143,4.86310,7.106e-05,1.201,1.044,27937
2745,4.89359,4.86310,7.098e-05,1.182,1.054,27900
2746,4.78079,4.86310,7.089e-05,1.143,1.010,27946
2747,4.77907,4.86310,7.081e-05,1.229,1.076,27972
2748,4.89619,4.86310,7.072e-05,1.117,0.952,28110
2749,4.99447,4.86310,7.064e-05,1.239,1.106,27918
2750,4.83725,4.83016,7.055e-05,1.316,1.206,8447
2751,4.89117,4.83016,7.047e-05,1.127,0.966,28016
2752,4.65739,4.83016,7.039e-05,1.096,0.970,27930
2753,4.71840,4.83016,7.030e-05,1.194,1.060,27934
2754,4.66128,4.83016,7.022e-05,1.168,1.015,27962
2755,4.92693,4.83016,7.014e-05,1.042,0.911,28034
2756,4.89928,4.83016,7.006e-05,1.192,1.043,28068
2757,4.73159,4.83016,6.997e-05,1.365,1.259,27948
2758,4.75151,4.83016,6.989e-05,1.366,1.230,27922
2759,4.83608,4.83016,6.981e-05,1.212,1.076,27908
2760,4.78879,4.83016,6.973e-05,0.979,0.849,28014
2761,4.95018,4.83016,6.965e-05,1.163,1.030,27673
2762,4.63889,4.83016,6.957e-05,1.177,1.057,27968
2763,4.93119,4.83016,6.949e-05,1.170,1.041,27937
2764,4.68536,4.83016,6.941e-05,1.095,0.926,27931
2765,4.79353,4.83016,6.933e-05,1.180,1.047,27958
2766,4.84558,4.83016,6.925e-05,1.086,0.942,27937
2767,4.77305,4.83016,6.917e-05,1.080,0.932,28109
2768,5.05372,4.83016,6.910e-05,1.077,0.895,27987
2769,4.80462,4.83016,6.902e-05,1.055,0.921,27958
2770,4.92814,4.83016,6.894e-05,1.054,0.916,27925
2771,4.94351,4.83016,6.886e-05,1.077,0.918,27905
2772,4.77477,4.83016,6.879e-05,1.060,0.911,28005
2773,4.74471,4.83016,6.871e-05,1.025,0.874,28104
2774,4.89418,4.83016,6.863e-05,1.147,0.951,27935
2775,4.82634,4.83016,6.856e-05,1.039,0.899,27934
2776,4.93237,4.83016,6.848e-05,1.122,0.985,27879
2777,4.70847,4.83016,6.841e-05,1.147,0.996,27923
2778,4.80448,4.83016,6.833e-05,1.068,0.924,28026
2779,4.94539,4.83016,6.826e-05,1.108,0.918,28082
2780,4.88861,4.83016,6.818e-05,1.091,0.970,27934
2781,4.77802,4.83016,6.811e-05,1.101,0.966,27607
2782,4.73782,4.83016,6.804e-05,1.027,0.890,27928
2783,4.81193,4.83016,6.796e-05,1.137,0.997,27888
2784,4.77557,4.83016,6.789e-05,1.123,0.988,28076
2785,4.77860,4.83016,6.782e-05,1.043,0.899,28135
2786,4.72243,4.83016,6.775e-05,1.147,1.005,27904
2787,4.85246,4.83016,6.767e-05,1.056,0.907,27926
2788,4.69251,4.83016,6.760e-05,1.304,1.186,27943
2789,4.84614,4.83016,6.753e-05,1.076,0.918,27936
2790,4.74002,4.83016,6.746e-05,1.116,0.954,28109
2791,4.82852,4.83016,6.739e-05,1.168,1.015,27954
2792,4.94784,4.83016,6.732e-05,1.052,0.880,27955
2793,4.90102,4.83016,6.725e-05,1.145,1.008,27925
2794,4.73299,4.83016,6.718e-05,1.076,0.901,27920
2795,5.04040,4.83016,6.711e-05,1.287,1.112,27933
2796,4.80434,4.83016,6.704e-05,1.039,0.902,28129
2797,5.03752,4.83016,6.697e-05,1.112,0.961,28007
2798,4.75285,4.83016,6.690e-05,1.397,1.282,27934
2799,4.89122,4.83016,6.684e-05,1.157,1.002,27939
2800,4.81263,4.83016,6.677e-05,1.301,1.181,27943
2801,4.83648,4.83016,6.670e-05,1.287,1.158,27705
2802,4.70142,4.83016,6.664e-05,1.224,1.081,27976
2803,4.85199,4.83016,6.657e-05,1.090,0.933,27941
2804,4.75736,4.83016,6.650e-05,1.334,1.207,27969
2805,4.87554,4.83016,6.644e-05,1.356,1.197,27962
2806,4.79553,4.83016,6.637e-05,1.083,0.939,27958
2807,4.65945,4.83016,6.631e-05,1.257,1.132,28046
2808,4.67312,4.83016,6.624e-05,1.336,1.212,28077
2809,4.91387,4.83016,6.618e-05,1.207,1.069,27951
2810,4.75115,4.83016,6.611e-05,1.254,1.100,27967
2811,4.72497,4.83016,6.605e-05,1.263,1.144,27927
2812,4.62295,4.83016,6.598e-05,1.119,0.979,27933
2813,4.62938,4.83016,6.592e-05,1.122,0.968,28087
2814,4.87252,4.83016,6.586e-05,1.170,1.021,28048
2815,4.79213,4.83016,6.580e-05,1.133,0.983,27976
2816,4.85821,4.83016,6.573e-05,1.106,0.972,27940
2817,4.89352,4.83016,6.567e-05,1.013,0.863,27916
2818,5.00063,4.83016,6.561e-05,1.253,1.106,27932
2819,4.77424,4.83016,6.555e-05,1.348,1.239,28081
2820,4.70662,4.83016,6.549e-05,1.174,1.044,28026
2821,4.76436,4.83016,6.543e-05,1.117,0.982,27620
2822,4.78322,4.83016,6.537e-05,1.170,1.033,27949
2823,4.84779,4.83016,6.531e-05,1.138,0.978,27949
2824,4.65556,4.83016,6.525e-05,1.057,0.920,27945
2825,4.82028,4.83016,6.519e-05,1.170,1.025,28119
2826,4.99018,4.83016,6.513e-05,1.343,1.203,27988
2827,4.77470,4.83016,6.507e-05,1.207,1.061,27962
2828,4.90267,4.83016,6.501e-05,1.122,0.992,27994
2829,4.67857,4.83016,6.495e-05,1.241,1.107,27919
2830,4.88776,4.83016,6.490e-05,1.131,0.997,28091
2831,4.76427,4.83016,6.484e-05,1.059,0.931,28134
2832,4.86449,4.83016,6.478e-05,1.167,1.012,27983
2833,4.81317,4.83016,6.473e-05,1.122,0.975,27936
2834,4.88176,4.83016,6.467e-05,1.062,0.904,27961
2835,4.78609,4.83016,6.461e-05,1.233,1.112,27918
2836,4.92913,4.83016,6.456e-05,1.147,0.998,27975
2837,4.80472,4.83016,6.450e-05,1.076,0.913,28102
2838,4.92257,4.83016,6.445e-05,1.279,1.164,27961
2839,4.72324,4.83016,6.439e-05,1.272,1.138,27973
2840,4.57818,4.83016,6.434e-05,1.164,1.022,27899
2841,4.91744,4.83016,6.429e-05,1.100,0.947,27753
2842,4.94816,4.83016,6.423e-05,1.182,1.032,27928
2843,4.80256,4.83016,6.418e-05,1.070,0.921,28110
2844,4.67556,4.83016,6.413e-05,1.153,1.020,27930
2845,4.87483,4.83016,6.407e-05,1.111,0.961,27943
2846,4.94924,4.83016,6.402e-05,1.109,0.974,27938
2847,4.61246,4.83016,6.397e-05,1.094,0.949,27922
2848,4.91043,4.83016,6.392e-05,1.074,0.921,28075
2849,4.64719,4.83016,6.387e-05,0.997,0.853,28046
2850,4.98092,4.83016,6.381e-05,1.124,0.972,27955
2851,4.79511,4.83016,6.376e-05,1.108,0.966,27890
2852,4.78273,4.83016,6.371e-05,1.051,0.914,27968
2853,4.84672,4.83016,6.366e-05,1.075,0.920,27967
2854,4.90979,4.83016,6.361e-05,1.232,1.120,28081
2855,4.84222,4.83016,6.357e-05,1.167,1.026,28033
2856,4.93347,4.83016,6.352e-05,1.210,1.053,27926
2857,4.68791,4.83016,6.347e-05,1.109,0.984,27943
2858,4.78597,4.83016,6.342e-05,1.376,1.257,27940
2859,4.81190,4.83016,6.337e-05,1.142,0.999,27926
2860,4.66564,4.83016,6.332e-05,1.084,0.946,28091
2861,4.95552,4.83016,6.328e-05,1.173,1.036,27646
2862,4.81685,4.83016,6.323e-05,1.424,1.322,27969
2863,4.89317,4.83016,6.318e-05,1.082,0.944,27933
2864,4.91450,4.83016,6.314e-05,1.352,1.227,27957
2865,4.79113,4.83016,6.309e-05,1.162,1.043,27986
2866,4.65337,4.83016,6.305e-05,1.115,0.971,28087
2867,4.84936,4.83016,6.300e-05,1.159,1.010,27939
2868,4.76396,4.83016,6.296e-05,1.137,0.985,27943
2869,4.82336,4.83016,6.291e-05,1.071,0.926,27962
2870,4.79579,4.83016,6.287e-05,1.266,1.127,27926
2871,4.91295,4.83016,6.282e-05,1.179,1.043,28027
2872,4.83135,4.83016,6.278e-05,1.113,0.965,28077
2873,4.87232,4.83016,6.274e-05,1.152,1.003,28051
2874,4.89419,4.83016,6.269e-05,1.082,0.928,27960
2875,4.78891,4.83016,6.265e-05,1.146,1.013,27961
2876,4.81386,4.83016,6.261e-05,1.054,0.899,27920
2877,4.90165,4.83016,6.257e-05,1.257,1.127,28038
2878,4.85383,4.83016,6.253e-05,1.134,0.986,28060
2879,4.76253,4.83016,6.248e-05,1.127,0.982,27943
2880,4.93773,4.83016,6.244e-05,1.133,0.996,27951
2881,4.76637,4.83016,6.240e-05,1.238,1.126,27662
2882,4.70509,4.83016,6.236e-05,1.194,1.059,27913
2883,4.82363,4.83016,6.232e-05,1.297,1.171,28059
2884,4.89907,4.83016,6.228e-05,1.263,1.124,28062
2885,4.73704,4.83016,6.224e-05,1.129,1.005,27926
2886,4.69574,4.83016,6.221e-05,1.105,0.968,27963
2887,4.83491,4.83016,6.217e-05,1.184,1.061,27974
2888,4.78319,4.83016,6.213e-05,1.124,0.982,27938
2889,4.78947,4.83016,6.209e-05,1.285,1.155,28125
2890,4.76671,4.83016,6.205e-05,1.111,0.980,28011
2891,4.79311,4.83016,6.202e-05,1.482,1.382,27961
2892,4.81978,4.83016,6.198e-05,1.165,1.042,27932
2893,4.75564,4.83016,6.194e-05,1.165,1.029,27947
2894,4.80642,4.83016,6.191e-05,1.361,1.226,27942
2895,4.78866,4.83016,6.187e-05,1.167,1.036,28121
2896,4.74727,4.83016,6.184e-05,1.122,0.983,27979
2897,4.84881,4.83016,6.180e-05,1.115,0.966,27959
2898,4.96266,4.83016,6.177e-05,1.072,0.926,28003
2899,4.82188,4.83016,6.173e-05,1.136,0.995,27950
2900,4.84735,4.83016,6.170e-05,1.136,0.992,27968
2901,4.87152,4.83016,6.166e-05,1.076,0.937,27694
2902,4.79469,4.83016,6.163e-05,1.133,0.997,27986
2903,4.92938,4.83016,6.160e-05,1.249,1.129,27914
2904,4.84112,4.83016,6.156e-05,1.150,1.006,27960
2905,4.75657,4.83016,6.153e-05,1.120,0.962,27931
2906,4.68496,4.83016,6.150e-05,1.123,0.983,28024
2907,4.75943,4.83016,6.147e-05,1.076,0.948,28089
2908,4.79703,4.83016,6.144e-05,1.124,0.977,27942
2909,4.85585,4.83016,6.141e-05,1.188,0.975,27944
2910,4.82993,4.83016,6.138e-05,1.146,0.999,27949
2911,4.67461,4.83016,6.135e-05,1.124,0.992,27954
2912,4.97169,4.83016,6.132e-05,1.102,0.954,28034
2913,4.55587,4.83016,6.129e-05,1.320,1.174,28078
2914,4.86645,4.83016,6.126e-05,1.346,1.189,27921
2915,4.92456,4.83016,6.123e-05,1.128,0.972,27962
2916,4.86406,4.83016,6.120e-05,1.195,1.070,27947
2917,4.96235,4.83016,6.117e-05,1.164,1.016,27941
2918,4.88190,4.83016,6.114e-05,1.105,0.962,28056
2919,4.73477,4.83016,6.111e-05,1.084,0.926,28033
2920,4.79460,4.83016,6.109e-05,1.167,1.030,27994
2921,4.86002,4.83016,6.106e-05,1.117,0.972,27640
2922,4.74367,4.83016,6.103e-05,1.262,1.121,27917
2923,4.78628,4.83016,6.101e-05,1.139,0.992,27979
2924,4.74319,4.83016,6.098e-05,1.123,0.987,28110
2925,4.72607,4.83016,6.096e-05,1.042,0.902,27961
2926,4.88698,4.83016,6.093e-05,1.282,1.155,27947
2927,4.92503,4.83016,6.091e-05,1.105,0.951,27880
2928,4.85190,4.83016,6.088e-05,1.152,1.009,27955
2929,4.68500,4.83016,6.086e-05,1.401,1.263,27970
2930,4.67764,4.83016,6.083e-05,1.092,0.950,28097
2931,4.85943,4.83016,6.081e-05,1.138,0.990,27975
2932,4.88961,4.83016,6.079e-05,1.149,0.988,27940
2933,4.76295,4.83016,6.076e-05,1.243,1.091,27916
2934,4.81302,4.83016,6.074e-05,1.134,0.994,27956
2935,4.75093,4.83016,6.072e-05,1.100,0.955,27964
2936,4.80739,4.83016,6.070e-05,1.065,0.922,28091
2937,4.73795,4.83016,6.067e-05,1.045,0.921,27964
2938,4.94939,4.83016,6.065e-05,1.110,0.937,27914
2939,4.85689,4.83016,6.063e-05,1.153,1.017,27973
2940,4.90241,4.83016,6.061e-05,1.145,1.000,28010
2941,5.06842,4.83016,6.059e-05,1.074,0.931,27669
2942,4.78539,4.83016,6.057e-05,1.186,1.054,28019
2943,4.69584,4.83016,6.055e-05,1.068,0.941,27955
2944,4.88989,4.83016,6.053e-05,1.103,0.954,27928
2945,4.68374,4.83016,6.051e-05,1.037,0.877,27927
2946,4.72233,4.83016,6.050e-05,1.064,0.924,27961
2947,4.90070,4.83016,6.048e-05,1.079,0.936,28058
2948,4.91710,4.83016,6.046e-05,1.104,0.953,28051
2949,4.89917,4.83016,6.044e-05,1.131,0.998,27914
2950,4.85706,4.83016,6.042e-05,1.090,0.917,27958
2951,4.67336,4.83016,6.041e-05,1.072,0.925,27913
2952,5.06544,4.83016,6.039e-05,1.209,1.043,27935
2953,4.99073,4.83016,6.038e-05,1.102,0.952,28037
2954,4.81262,4.83016,6.036e-05,1.094,0.940,28041
2955,4.88900,4.83016,6.034e-05,1.085,0.926,27925
2956,4.76921,4.83016,6.033e-05,1.158,1.004,27936
2957,4.70015,4.83016,6.031e-05,1.170,1.015,27913
2958,4.89744,4.83016,6.030e-05,1.156,1.005,27951
2959,4.73693,4.83016,6.029e-05,1.158,1.015,28076
2960,4.70351,4.83016,6.027e-05,1.161,1.011,27984
2961,4.94139,4.83016,6.026e-05,1.119,0.977,27618
2962,4.75549,4.83016,6.025e-05,1.036,0.898,27936
2963,4.79761,4.83016,6.023e-05,1.112,0.973,27959
2964,4.78611,4.83016,6.022e-05,1.175,1.042,27981
2965,4.72483,4.83016,6.021e-05,1.111,0.974,28145
2966,4.97855,4.83016,6.020e-05,1.140,0.963,27969
2967,4.93433,4.83016,6.019e-05,1.064,0.931,27921
2968,4.69399,4.83016,6.017e-05,1.140,1.009,27928
2969,4.67979,4.83016,6.016e-05,1.200,1.058,27934
2970,4.85043,4.83016,6.015e-05,1.134,0.979,27994
2971,4.82204,4.83016,6.014e-05,1.076,0.941,28083
2972,4.77497,4.83016,6.013e-05,1.013,0.861,27931
2973,4.89629,4.83016,6.012e-05,1.168,1.033,27893
2974,4.65058,4.83016,6.011e-05,1.430,1.297,27916
2975,4.83063,4.83016,6.011e-05,1.179,1.035,27944
2976,4.85371,4.83016,6.010e-05,1.131,0.942,28044
2977,4.78773,4.83016,6.009e-05,1.142,0.997,28050
2978,4.61690,4.83016,6.008e-05,1.082,0.923,27932
2979,4.86461,4.83016,6.007e-05,1.213,1.070,27903
2980,4.61162,4.83016,6.007e-05,1.148,0.995,27927
2981,4.70309,4.83016,6.006e-05,1.180,1.031,27692
2982,4.82643,4.83016,6.006e-05,1.107,0.949,27956
2983,4.95181,4.83016,6.005e-05,1.115,0.971,28005
2984,4.76293,4.83016,6.004e-05,1.283,1.087,27952
2985,4.81382,4.83016,6.004e-05,1.087,0.944,27910
2986,4.81132,4.83016,6.003e-05,1.155,1.014,27952
2987,4.93597,4.83016,6.003e-05,1.247,1.122,27956
2988,4.92700,4.83016,6.002e-05,1.219,1.054,28100
2989,4.80810,4.83016,6.002e-05,1.041,0.904,27986
2990,4.83102,4.83016,6.002e-05,1.163,1.017,27933
2991,4.70691,4.83016,6.001e-05,1.226,1.081,27930
2992,4.87396,4.83016,6.001e-05,1.149,1.015,27908
2993,4.66612,4.83016,6.001e-05,1.051,0.911,28003
2994,4.85160,4.83016,6.001e-05,1.299,1.178,28066
2995,4.78740,4.83016,6.000e-05,1.279,1.143,27979
2996,4.89214,4.83016,6.000e-05,1.157,1.020,27904
2997,4.90384,4.83016,6.000e-05,1.144,1.002,27940
2998,4.87828,4.83016,6.000e-05,1.233,1.096,27919
2999,4.74136,4.80737,6.000e-05,1.231,1.103,8405
